{"ID":15441,"SolrID":"/an-giang/huyen-thoai-son/cum-cong-nghiep-phu-hoa","Title":"Cụm Công Nghiệp Phú Hòa","TinhThanhTitle":"An Giang","QuanHuyenTitle":"Huyện Thoại Sơn","QuanHuyenID":207,"TinhThanhID":35,"Url":"https://thongtindoanhnghiep.co/api/company?l=/an-giang/huyen-thoai-son/cum-cong-nghiep-phu-hoa","Total":1,"List":[{"Type":11,"SolrID":"/1600903460-cong-ty-cp-xuat-nhap-khau-thuy-san-an-my","ID":0,"MaSoThue":"1600903460","NgayCap":"2007-09-06T00:00:00Z","Title":"Công Ty CP Xuất Nhập Khẩu Thủy Sản An Mỹ","DiaChiCongTy":"Lô A2-A3,cụm Công nghiệp Phú Hòa - Huyện Thoại Sơn - An Giang","Created":"2015-11-13T22:41:43Z","Updated":"2015-11-13T22:41:43Z","IsDelete":false,"RequestChanged":false,"ExitsInGDT":false,"SourceID":0,"TinhThanhID":0,"TinhThanhTitle":"An Giang","TinhThanhTitleAscii":"/an-giang","QuanHuyenID":0,"NganhNgheTitle":"Chế biến, bảo quản thuỷ sản và các sản phẩm từ thuỷ sản","NganhNgheTitleAscii":"/nganh-nghe/che-bien-bao-quan-thuy-san-va-cac-san-pham-tu-thuy-san","DSTags":["1600903460","An Giang",null]}]}