{"ID":3644,"SolrID":"/an-giang/huyen-thoai-son/xa-an-binh","Title":"Xã An Bình","TinhThanhTitle":"An Giang","QuanHuyenTitle":"Huyện Thoại Sơn","QuanHuyenID":207,"TinhThanhID":35,"Url":"https://thongtindoanhnghiep.co/api/company?l=/an-giang/huyen-thoai-son/xa-an-binh","Total":12,"List":[{"Type":11,"SolrID":"/1602071835-cong-ty-tnhh-vien-thong-khanh-dang","ID":0,"MaSoThue":"1602071835","NgayCap":"2018-05-14T00:00:00Z","Title":"Công Ty TNHH Viễn Thông Khánh Đăng","DiaChiCongTy":"Ấp Phú Bình, Xã An Bình, Huyện Thoại Sơn, Tỉnh An Giang","Created":"2018-05-31T09:29:50Z","Updated":"2018-05-31T09:29:50Z","IsDelete":false,"RequestChanged":false,"ExitsInGDT":false,"SourceID":0,"TinhThanhID":0,"TinhThanhTitle":"An Giang","TinhThanhTitleAscii":"/an-giang","QuanHuyenID":0,"NganhNgheTitle":"Bán buôn thiết bị và linh kiện điện tử, viễn thông","NganhNgheTitleAscii":"/nganh-nghe/ban-buon-thiet-bi-va-linh-kien-dien-tu-vien-thong","DSTags":["1602071835","An Giang",null]},{"Type":11,"SolrID":"/1602002736-hop-tac-xa-nong-nghiep-an-binh","ID":0,"MaSoThue":"1602002736","NgayCap":"2016-02-26T00:00:00Z","Title":"Hợp Tác Xã Nông Nghiệp An Bình","DiaChiCongTy":"Phú Hiệp - Xã An Bình - Huyện Thoại Sơn - An Giang","Created":"2016-02-28T19:34:55Z","Updated":"2016-02-28T19:34:55Z","IsDelete":false,"RequestChanged":false,"ExitsInGDT":false,"SourceID":0,"TinhThanhID":0,"TinhThanhTitle":"An Giang","TinhThanhTitleAscii":"/an-giang","QuanHuyenID":0,"NganhNgheTitle":"Bán buôn phân bón, thuốc trừ sâu và hóa chất khác sử dụng trong nông nghiệp","NganhNgheTitleAscii":"/nganh-nghe/ban-buon-phan-bon-thuoc-tru-sau-va-hoa-chat-khac-su-dung-trong-nong-nghiep","DSTags":["1602002736","An Giang",null]},{"Type":11,"SolrID":"/1601985522-cong-ty-tnhh-mot-thanh-vien-xay-dung-thuong-mai-loi-dong","ID":0,"MaSoThue":"1601985522","NgayCap":"2015-10-16T00:00:00Z","Title":"Công Ty TNHH Một Thành Viên Xây Dựng Thương Mại Lợi Đồng","DiaChiCongTy":"Tổ 4, ấp Phú Bình - Xã An Bình - Huyện Thoại Sơn - An Giang","Created":"2015-11-19T10:39:01Z","Updated":"2015-11-19T10:39:01Z","IsDelete":false,"RequestChanged":false,"ExitsInGDT":false,"SourceID":0,"TinhThanhID":0,"TinhThanhTitle":"An Giang","TinhThanhTitleAscii":"/an-giang","QuanHuyenID":0,"NganhNgheTitle":"Xây dựng công trình kỹ thuật dân dụng khác","NganhNgheTitleAscii":"/nganh-nghe/xay-dung-cong-trinh-ky-thuat-dan-dung-khac","DSTags":["1601985522","An Giang",null]},{"Type":11,"SolrID":"/1601916575-truong-tieu-hoc-an-binh","ID":0,"MaSoThue":"1601916575","NgayCap":"2014-03-25T00:00:00Z","Title":"Trường Tiểu Học An Bình","DiaChiCongTy":"Xã An Bình - Huyện Thoại Sơn - An Giang","Created":"2015-11-14T18:31:43Z","Updated":"2015-11-14T18:31:43Z","IsDelete":false,"RequestChanged":false,"ExitsInGDT":false,"SourceID":0,"TinhThanhID":0,"TinhThanhTitle":"An Giang","TinhThanhTitleAscii":"/an-giang","QuanHuyenID":0,"NganhNgheTitle":"Giáo dục tiểu học","NganhNgheTitleAscii":"/nganh-nghe/giao-duc-tieu-hoc","DSTags":["1601916575","An Giang",null]},{"Type":11,"SolrID":"/1601903897-doanh-nghiep-tn-nhan-phat","ID":0,"MaSoThue":"1601903897","NgayCap":"2014-01-04T00:00:00Z","Title":"Doanh Nghiệp TN Nhàn Phát","DiaChiCongTy":"ấp Phú Bình - Xã An Bình - Huyện Thoại Sơn - An Giang","Created":"2015-11-09T21:00:15Z","Updated":"2015-11-09T21:00:15Z","IsDelete":false,"RequestChanged":false,"ExitsInGDT":false,"SourceID":0,"TinhThanhID":0,"TinhThanhTitle":"An Giang","TinhThanhTitleAscii":"/an-giang","QuanHuyenID":0,"NganhNgheTitle":"Bán buôn nhiên liệu rắn, lỏng, khí và các sản phẩm liên quan","NganhNgheTitleAscii":"/nganh-nghe/ban-buon-nhien-lieu-ran-long-khi-va-cac-san-pham-lien-quan","DSTags":["1601903897","An Giang",null]},{"Type":11,"SolrID":"/1601885535-truong-trung-hoc-co-so-an-binh","ID":0,"MaSoThue":"1601885535","NgayCap":"2013-08-05T00:00:00Z","Title":"Trường Trung học cơ sở An Bình","DiaChiCongTy":"Sơn Hiệp - Xã An Bình - Huyện Thoại Sơn - An Giang","Created":"2015-11-17T08:04:50Z","Updated":"2015-11-17T08:04:50Z","IsDelete":false,"RequestChanged":false,"ExitsInGDT":false,"SourceID":0,"TinhThanhID":0,"TinhThanhTitle":"An Giang","TinhThanhTitleAscii":"/an-giang","QuanHuyenID":0,"NganhNgheTitle":"Giáo dục tiểu học","NganhNgheTitleAscii":"/nganh-nghe/giao-duc-tieu-hoc","DSTags":["1601885535","An Giang",null]},{"Type":11,"SolrID":"/1601884690-cong-ty-tnhh-mot-thanh-vien-thuong-mai-mai-tan-phat","ID":0,"MaSoThue":"1601884690","NgayCap":"2013-07-25T00:00:00Z","Title":"Công Ty TNHH Một Thành Viên Thương Mại Mai Tấn Phát","DiaChiCongTy":"Tổ 10, ấp Phú An - Xã An Bình - Huyện Thoại Sơn - An Giang","Created":"2015-11-09T18:03:56Z","Updated":"2015-11-09T18:03:56Z","IsDelete":false,"RequestChanged":false,"ExitsInGDT":false,"SourceID":0,"TinhThanhID":0,"TinhThanhTitle":"An Giang","TinhThanhTitleAscii":"/an-giang","QuanHuyenID":0,"NganhNgheTitle":"Bán buôn gạo","NganhNgheTitleAscii":"/nganh-nghe/ban-buon-gao","DSTags":["1601884690","An Giang",null]},{"Type":11,"SolrID":"/1600638237-010-chi-nhanh-cong-ty-tnhh-thuong-mai-dich-vu-my-hoa-10","ID":0,"MaSoThue":"1600638237-010","NgayCap":"2012-01-19T00:00:00Z","Title":"Chi Nhánh Công Ty TNHH Thương Mại - Dịch Vụ Mỹ Hòa 10","DiaChiCongTy":"ấp Phú Bình - Xã An Bình - Huyện Thoại Sơn - An Giang","Created":"2015-11-10T01:40:12Z","Updated":"2015-11-10T01:40:12Z","IsDelete":false,"RequestChanged":false,"ExitsInGDT":false,"SourceID":0,"TinhThanhID":0,"TinhThanhTitle":"An Giang","TinhThanhTitleAscii":"/an-giang","QuanHuyenID":0,"NganhNgheTitle":"Bán buôn nhiên liệu rắn, lỏng, khí và các sản phẩm liên quan","NganhNgheTitleAscii":"/nganh-nghe/ban-buon-nhien-lieu-ran-long-khi-va-cac-san-pham-lien-quan","DSTags":["1600638237-010","An Giang",null]},{"Type":11,"SolrID":"/1600782262-ubnd-xa-an-binh","ID":0,"MaSoThue":"1600782262","NgayCap":"2005-06-02T00:00:00Z","Title":"UBND xã An Bình","DiaChiCongTy":"ấp Sơn Hiệp, xã An Bình - Huyện Thoại Sơn - An Giang","Created":"2015-11-16T16:52:16Z","Updated":"2015-11-16T16:52:16Z","IsDelete":false,"RequestChanged":false,"ExitsInGDT":false,"SourceID":0,"TinhThanhID":0,"TinhThanhTitle":"An Giang","TinhThanhTitleAscii":"/an-giang","QuanHuyenID":0,"NganhNgheTitle":"Hoạt động của Đảng cộng sản, tổ chức chính trị - xã hội, hoạt động quản lý nhà nước nói chung và kinh tế tổng hợp","NganhNgheTitleAscii":"/nganh-nghe/hoat-dong-cua-dang-cong-san-to-chuc-chinh-tri-xa-hoi-hoat-dong-quan-ly-nha-nuoc-noi-chung-va-kinh-te-tong-hop","DSTags":["1600782262","An Giang",null]},{"Type":11,"SolrID":"/1600218627-doanh-nghiep-tn-lu-hoang-liet","ID":0,"MaSoThue":"1600218627","NgayCap":"2004-01-16T00:00:00Z","Title":"Doanh Nghiệp TN Lữ Hoàng Liệt","DiaChiCongTy":"ấp Phú Bình - Xã An Bình - Huyện Thoại Sơn - An Giang","Created":"2015-11-08T23:54:02Z","Updated":"2015-11-08T23:54:02Z","IsDelete":false,"RequestChanged":false,"ExitsInGDT":false,"SourceID":0,"TinhThanhID":0,"TinhThanhTitle":"An Giang","TinhThanhTitleAscii":"/an-giang","QuanHuyenID":0,"NganhNgheTitle":"Bán buôn nhiên liệu rắn, lỏng, khí và các sản phẩm liên quan","NganhNgheTitleAscii":"/nganh-nghe/ban-buon-nhien-lieu-ran-long-khi-va-cac-san-pham-lien-quan","DSTags":["1600218627","An Giang",null]},{"Type":11,"SolrID":"/1600373710-019-truong-tieu-hoc-b-an-binh","ID":0,"MaSoThue":"1600373710-019","NgayCap":"1999-02-23T00:00:00Z","Title":"Trường Tiểu học B An Bình","DiaChiCongTy":"Xã An Bình - Huyện Thoại Sơn - An Giang","Created":"2015-11-17T19:49:46Z","Updated":"2015-11-17T19:49:46Z","IsDelete":false,"RequestChanged":false,"ExitsInGDT":false,"SourceID":0,"TinhThanhID":0,"TinhThanhTitle":"An Giang","TinhThanhTitleAscii":"/an-giang","QuanHuyenID":0,"NganhNgheTitle":"Giáo dục tiểu học","NganhNgheTitleAscii":"/nganh-nghe/giao-duc-tieu-hoc","DSTags":["1600373710-019","An Giang",null]},{"Type":11,"SolrID":"/1600373710-042-truong-tieu-hoc-a-an-binh","ID":0,"MaSoThue":"1600373710-042","NgayCap":"1999-02-23T00:00:00Z","Title":"Trường Tiểu học A  An Bình","DiaChiCongTy":"ấp Sơn Hiệp, xã An Bình - Huyện Thoại Sơn - An Giang","Created":"2015-11-17T19:50:06Z","Updated":"2015-11-17T19:50:06Z","IsDelete":false,"RequestChanged":false,"ExitsInGDT":false,"SourceID":0,"TinhThanhID":0,"TinhThanhTitle":"An Giang","TinhThanhTitleAscii":"/an-giang","QuanHuyenID":0,"NganhNgheTitle":"Giáo dục tiểu học","NganhNgheTitleAscii":"/nganh-nghe/giao-duc-tieu-hoc","DSTags":["1600373710-042","An Giang",null]}]}