{"ID":9132,"SolrID":"/an-giang/huyen-thoai-son/xa-binh-thanh","Title":"Xã Bình Thành","TinhThanhTitle":"An Giang","QuanHuyenTitle":"Huyện Thoại Sơn","QuanHuyenID":207,"TinhThanhID":35,"Url":"https://thongtindoanhnghiep.co/api/company?l=/an-giang/huyen-thoai-son/xa-binh-thanh","Total":26,"List":[{"Type":11,"SolrID":"/1602148090-doanh-nghiep-tu-nhan-tiem-vang-binh-yen","ID":0,"MaSoThue":"1602148090","NgayCap":"2021-06-02T00:00:00Z","Title":"Doanh Nghiệp Tư Nhân Tiệm Vàng Bình Yên","DiaChiCongTy":"Số 252, Tổ 9, Ấp Nam Huề, Xã Bình Thành, Huyện Thoại Sơn, Tỉnh An Giang","Created":"2021-06-02T14:35:40Z","Updated":"2021-06-02T14:35:40Z","IsDelete":false,"RequestChanged":false,"ExitsInGDT":false,"SourceID":0,"TinhThanhID":0,"TinhThanhTitle":"An Giang","TinhThanhTitleAscii":"/an-giang","QuanHuyenID":0,"NganhNgheTitle":"Bán buôn kim loại và quặng kim loại","NganhNgheTitleAscii":"/nganh-nghe/ban-buon-kim-loai-va-quang-kim-loai","DSTags":["1602148090","An Giang",null]},{"Type":11,"SolrID":"/1602076135-doanh-nghiep-tn-di-doi-nha-quoc-linh","ID":0,"MaSoThue":"1602076135","NgayCap":"2018-07-06T00:00:00Z","Title":"Doanh Nghiệp Tn Di Dời Nhà Quốc Linh","DiaChiCongTy":"Số nhà 444, Tổ 13, Ấp Tây Huề, Xã Bình Thành, Huyện Thoại Sơn, Tỉnh An Giang","Created":"2018-07-06T10:12:39Z","Updated":"2018-07-06T10:12:39Z","IsDelete":false,"RequestChanged":false,"ExitsInGDT":false,"SourceID":0,"TinhThanhID":0,"TinhThanhTitle":"An Giang","TinhThanhTitleAscii":"/an-giang","QuanHuyenID":0,"NganhNgheTitle":"Hoạt động xây dựng chuyên dụng khác","NganhNgheTitleAscii":"/nganh-nghe/hoat-dong-xay-dung-chuyen-dung-khac","DSTags":["1602076135","An Giang",null]},{"Type":11,"SolrID":"/1602069402-cong-ty-tnhh-mot-thanh-vien-xang-dau-luong-long","ID":0,"MaSoThue":"1602069402","NgayCap":"2018-04-17T00:00:00Z","Title":"Công Ty TNHH Một Thành Viên Xăng Dầu Lượng Long","DiaChiCongTy":"Số 361, Ấp Bình Thành, Xã Bình Thành, Huyện Thoại Sơn, Tỉnh An Giang","Created":"2018-04-17T10:10:25Z","Updated":"2018-04-17T10:10:25Z","IsDelete":false,"RequestChanged":false,"ExitsInGDT":false,"SourceID":0,"TinhThanhID":0,"TinhThanhTitle":"An Giang","TinhThanhTitleAscii":"/an-giang","QuanHuyenID":0,"NganhNgheTitle":"Bán buôn nhiên liệu rắn, lỏng, khí và các sản phẩm liên quan","NganhNgheTitleAscii":"/nganh-nghe/ban-buon-nhien-lieu-ran-long-khi-va-cac-san-pham-lien-quan","DSTags":["1602069402","An Giang",null]},{"Type":11,"SolrID":"/1602046934-cong-ty-tnhh-mot-thanh-vien-dich-vu-vien-thong-nhu-y","ID":0,"MaSoThue":"1602046934","NgayCap":"2017-08-04T00:00:00Z","Title":"Công Ty TNHH Một Thành Viên Dịch Vụ Viễn Thông Như Ý","DiaChiCongTy":"568, Ấp Bình Thành, Xã Bình Thành, Huyện Thoại Sơn, Tỉnh An Giang","Created":"2017-08-04T09:18:43Z","Updated":"2017-08-04T09:18:43Z","IsDelete":false,"RequestChanged":false,"ExitsInGDT":false,"SourceID":0,"TinhThanhID":0,"TinhThanhTitle":"An Giang","TinhThanhTitleAscii":"/an-giang","QuanHuyenID":0,"NganhNgheTitle":"Bán buôn thiết bị và linh kiện điện tử, viễn thông","NganhNgheTitleAscii":"/nganh-nghe/ban-buon-thiet-bi-va-linh-kien-dien-tu-vien-thong","DSTags":["1602046934","An Giang",null]},{"Type":11,"SolrID":"/1600638237-015-chi-nhanh-cong-ty-tnhh-thuong-mai-dich-vu-my-hoa-7","ID":0,"MaSoThue":"1600638237-015","NgayCap":"2016-07-09T00:00:00Z","Title":"Chi Nhánh Công Ty TNHH Thương Mại - Dịch Vụ Mỹ Hòa 7","DiaChiCongTy":"ấp Nam Huề - Xã Bình Thành - Huyện Thoại Sơn - An Giang","Created":"2016-07-18T03:24:44Z","Updated":"2016-09-10T21:57:49Z","IsDelete":false,"RequestChanged":false,"ExitsInGDT":false,"SourceID":0,"TinhThanhID":0,"TinhThanhTitle":"An Giang","TinhThanhTitleAscii":"/an-giang","QuanHuyenID":0,"DSTags":["1600638237-015","An Giang",null]},{"Type":11,"SolrID":"/1602009160-cong-ty-tnhh-van-tam-long","ID":0,"MaSoThue":"1602009160","NgayCap":"2016-05-13T00:00:00Z","Title":"Công Ty TNHH Vạn Tâm Long","DiaChiCongTy":"ấp Nam Huề - Xã Bình Thành - Huyện Thoại Sơn - An Giang","Created":"2016-05-25T08:39:47Z","Updated":"2016-05-25T08:39:47Z","IsDelete":false,"RequestChanged":false,"ExitsInGDT":false,"SourceID":0,"TinhThanhID":0,"TinhThanhTitle":"An Giang","TinhThanhTitleAscii":"/an-giang","QuanHuyenID":0,"NganhNgheTitle":"Hoạt động cấp tín dụng khác","NganhNgheTitleAscii":"/nganh-nghe/hoat-dong-cap-tin-dung-khac","DSTags":["1602009160","An Giang",null]},{"Type":11,"SolrID":"/1602007540-cong-ty-tnhh-van-an-long-thoai-son","ID":0,"MaSoThue":"1602007540","NgayCap":"2016-04-21T00:00:00Z","Title":"Công Ty TNHH Vạn An Long - Thoại Sơn","DiaChiCongTy":"Số 150, ấp Nam huề - Xã Bình Thành - Huyện Thoại Sơn - An Giang","Created":"2016-04-23T07:54:55Z","Updated":"2016-04-23T07:54:55Z","IsDelete":false,"RequestChanged":false,"ExitsInGDT":false,"SourceID":0,"TinhThanhID":0,"TinhThanhTitle":"An Giang","TinhThanhTitleAscii":"/an-giang","QuanHuyenID":0,"NganhNgheTitle":"Hoạt động cấp tín dụng khác","NganhNgheTitleAscii":"/nganh-nghe/hoat-dong-cap-tin-dung-khac","DSTags":["1602007540","An Giang",null]},{"Type":11,"SolrID":"/1602002655-cong-ty-tnhh-mot-thanh-vien-thanh-truong-thinh","ID":0,"MaSoThue":"1602002655","NgayCap":"2016-02-25T00:00:00Z","Title":"Công Ty TNHH Một Thành Viên Thành Trường Thịnh","DiaChiCongTy":"264, ấp Bình Thành - Xã Bình Thành - Huyện Thoại Sơn - An Giang","Created":"2016-02-29T12:54:54Z","Updated":"2016-02-29T12:54:54Z","IsDelete":false,"RequestChanged":false,"ExitsInGDT":false,"SourceID":0,"TinhThanhID":0,"TinhThanhTitle":"An Giang","TinhThanhTitleAscii":"/an-giang","QuanHuyenID":0,"NganhNgheTitle":"Xây dựng nhà các loại","NganhNgheTitleAscii":"/nganh-nghe/xay-dung-nha-cac-loai","DSTags":["1602002655","An Giang",null]},{"Type":11,"SolrID":"/1601998803-truong-tieu-hoc-a-binh-thanh","ID":0,"MaSoThue":"1601998803","NgayCap":"2016-01-18T00:00:00Z","Title":"Trường Tiểu Học A Bình Thành","DiaChiCongTy":"Nam Huề - Xã Bình Thành - Huyện Thoại Sơn - An Giang","Created":"2016-01-19T08:04:51Z","Updated":"2016-01-19T08:04:51Z","IsDelete":false,"RequestChanged":false,"ExitsInGDT":false,"SourceID":0,"TinhThanhID":0,"TinhThanhTitle":"An Giang","TinhThanhTitleAscii":"/an-giang","QuanHuyenID":0,"NganhNgheTitle":"Giáo dục tiểu học","NganhNgheTitleAscii":"/nganh-nghe/giao-duc-tieu-hoc","DSTags":["1601998803","An Giang",null]},{"Type":11,"SolrID":"/1601974506-cong-ty-tnhh-mot-thanh-vien-xay-dung-dang-cong-thanh","ID":0,"MaSoThue":"1601974506","NgayCap":"2015-06-05T00:00:00Z","Title":"Công Ty TNHH Một Thành Viên Xây Dựng Đặng Công Thành","DiaChiCongTy":"153, ấp Bình Thành - Xã Bình Thành - Huyện Thoại Sơn - An Giang","Created":"2015-11-18T05:55:13Z","Updated":"2015-11-18T05:55:13Z","IsDelete":false,"RequestChanged":false,"ExitsInGDT":false,"SourceID":0,"TinhThanhID":0,"TinhThanhTitle":"An Giang","TinhThanhTitleAscii":"/an-giang","QuanHuyenID":0,"NganhNgheTitle":"Bán buôn vật liệu, thiết bị lắp đặt khác trong xây dựng","NganhNgheTitleAscii":"/nganh-nghe/ban-buon-vat-lieu-thiet-bi-lap-dat-khac-trong-xay-dung","DSTags":["1601974506","An Giang",null]},{"Type":11,"SolrID":"/1601876731-doanh-nghiep-tn-vang-quoc-toan","ID":0,"MaSoThue":"1601876731","NgayCap":"2013-05-29T00:00:00Z","Title":"Doanh Nghiệp TN Vàng Quốc Toản","DiaChiCongTy":"Số 277, ấp Nam Huề - Xã Bình Thành - Huyện Thoại Sơn - An Giang","Created":"2015-11-17T08:12:10Z","Updated":"2015-11-17T08:12:10Z","IsDelete":false,"RequestChanged":false,"ExitsInGDT":false,"SourceID":0,"TinhThanhID":0,"TinhThanhTitle":"An Giang","TinhThanhTitleAscii":"/an-giang","QuanHuyenID":0,"NganhNgheTitle":"Bán buôn kim loại và quặng kim loại","NganhNgheTitleAscii":"/nganh-nghe/ban-buon-kim-loai-va-quang-kim-loai","DSTags":["1601876731","An Giang",null]},{"Type":11,"SolrID":"/1601875086-doanh-nghiep-tn-vang-duc-huong","ID":0,"MaSoThue":"1601875086","NgayCap":"2013-05-18T00:00:00Z","Title":"Doanh Nghiệp TN Vàng Đức Hương","DiaChiCongTy":"Số 265, ấp Nam Huề - Xã Bình Thành - Huyện Thoại Sơn - An Giang","Created":"2015-11-16T11:07:39Z","Updated":"2015-11-16T11:07:39Z","IsDelete":false,"RequestChanged":false,"ExitsInGDT":false,"SourceID":0,"TinhThanhID":0,"TinhThanhTitle":"An Giang","TinhThanhTitleAscii":"/an-giang","QuanHuyenID":0,"NganhNgheTitle":"Bán buôn kim loại và quặng kim loại","NganhNgheTitleAscii":"/nganh-nghe/ban-buon-kim-loai-va-quang-kim-loai","DSTags":["1601875086","An Giang",null]},{"Type":11,"SolrID":"/1601874981-doanh-nghiep-tn-vang-phuong-trang","ID":0,"MaSoThue":"1601874981","NgayCap":"2013-05-18T00:00:00Z","Title":"Doanh Nghiệp TN Vàng Phương Trang","DiaChiCongTy":"Số 259, ấp Nam Huề - Xã Bình Thành - Huyện Thoại Sơn - An Giang","Created":"2015-11-16T11:07:46Z","Updated":"2015-11-16T11:07:46Z","IsDelete":false,"RequestChanged":false,"ExitsInGDT":false,"SourceID":0,"TinhThanhID":0,"TinhThanhTitle":"An Giang","TinhThanhTitleAscii":"/an-giang","QuanHuyenID":0,"NganhNgheTitle":"Bán buôn kim loại và quặng kim loại","NganhNgheTitleAscii":"/nganh-nghe/ban-buon-kim-loai-va-quang-kim-loai","DSTags":["1601874981","An Giang",null]},{"Type":11,"SolrID":"/1601873515-doanh-nghiep-tn-ngoc-dang-thoai-son","ID":0,"MaSoThue":"1601873515","NgayCap":"2013-05-09T00:00:00Z","Title":"Doanh Nghiệp TN Ngọc Đáng Thoại Sơn","DiaChiCongTy":"Số 252, ấp Nam Huề - Xã Bình Thành - Huyện Thoại Sơn - An Giang","Created":"2015-11-17T07:44:33Z","Updated":"2015-11-17T07:44:33Z","IsDelete":false,"RequestChanged":false,"ExitsInGDT":false,"SourceID":0,"TinhThanhID":0,"TinhThanhTitle":"An Giang","TinhThanhTitleAscii":"/an-giang","QuanHuyenID":0,"NganhNgheTitle":"Bán buôn kim loại và quặng kim loại","NganhNgheTitleAscii":"/nganh-nghe/ban-buon-kim-loai-va-quang-kim-loai","DSTags":["1601873515","An Giang",null]},{"Type":11,"SolrID":"/1600230737-054-cong-ty-cp-xuat-nhap-khau-an-giang-chi-nhanh-luong-thuc-angimex3","ID":0,"MaSoThue":"1600230737-054","NgayCap":"2012-02-09T00:00:00Z","Title":"Công Ty CP Xuất Nhập Khẩu An Giang - Chi Nhánh Lương Thực Angimex3","DiaChiCongTy":"Khu dân cư Xã Diễu, ấp Bình Thành - Xã Bình Thành - Huyện Thoại Sơn - An Giang","Created":"2015-11-10T01:42:07Z","Updated":"2015-11-10T01:42:07Z","IsDelete":false,"RequestChanged":false,"ExitsInGDT":false,"SourceID":0,"TinhThanhID":0,"TinhThanhTitle":"An Giang","TinhThanhTitleAscii":"/an-giang","QuanHuyenID":0,"NganhNgheTitle":"Khai khoáng khác chưa được phân vào đâu","NganhNgheTitleAscii":"/nganh-nghe/khai-khoang-khac-chua-duoc-phan-vao-dau-10612","DSTags":["1600230737-054","An Giang",null]},{"Type":11,"SolrID":"/1600230737-cong-ty-cp-xuat-nhap-khau-an-giang","ID":0,"MaSoThue":"1600230737","NgayCap":"2012-02-09T00:00:00Z","Title":"Công Ty CP Xuất Nhập Khẩu An Giang - Chi Nhánh Lương Thực Angimex3","DiaChiCongTy":"Khu dân cư Xã Diễu, Ấp Bình Thành, Xã Bình Thành, Huyện Thoại Sơn, Tỉnh An Giang","Created":"2015-11-12T06:21:58Z","Updated":"2020-02-17T16:18:48Z","IsDelete":false,"RequestChanged":false,"ExitsInGDT":false,"SourceID":0,"TinhThanhID":0,"TinhThanhTitle":"An Giang","TinhThanhTitleAscii":"/an-giang","QuanHuyenID":0,"NganhNgheTitle":"Khai khoáng khác chưa được phân vào đâu","NganhNgheTitleAscii":"/nganh-nghe/khai-khoang-khac-chua-duoc-phan-vao-dau-10612","DSTags":["1600230737","An Giang",null]},{"Type":11,"SolrID":"/1600638237-009-chi-nhanh-cong-ty-tnhh-thuong-mai-dich-vu-my-hoa-9","ID":0,"MaSoThue":"1600638237-009","NgayCap":"2012-01-19T00:00:00Z","Title":"Chi Nhánh Công Ty TNHH Thương Mại - Dịch Vụ Mỹ Hòa 9","DiaChiCongTy":"Số 456. ấp Nam Huề - Xã Bình Thành - Huyện Thoại Sơn - An Giang","Created":"2015-11-10T01:41:11Z","Updated":"2015-11-10T01:41:11Z","IsDelete":false,"RequestChanged":false,"ExitsInGDT":false,"SourceID":0,"TinhThanhID":0,"TinhThanhTitle":"An Giang","TinhThanhTitleAscii":"/an-giang","QuanHuyenID":0,"NganhNgheTitle":"Bán buôn nhiên liệu rắn, lỏng, khí và các sản phẩm liên quan","NganhNgheTitleAscii":"/nganh-nghe/ban-buon-nhien-lieu-ran-long-khi-va-cac-san-pham-lien-quan","DSTags":["1600638237-009","An Giang",null]},{"Type":11,"SolrID":"/1600230737-028-chi-nhanh-cong-ty-co-phan-xuat-nhap-khau-an-giang-chi-nhanh-luong-thuc-angimex-an-giang","ID":0,"MaSoThue":"1600230737-028","NgayCap":"2009-04-23T00:00:00Z","Title":"Chi Nhánh Công Ty Cổ Phần Xuất Nhập Khẩu An Giang - Chi Nhánh Lương Thực Angimex An Giang","DiaChiCongTy":"Khu dân cư xã Diễu, ấp Bình Thành - Xã Bình Thành - Huyện Thoại Sơn - An Giang","Created":"2015-11-17T19:47:18Z","Updated":"2015-11-17T19:47:18Z","IsDelete":false,"RequestChanged":false,"ExitsInGDT":false,"SourceID":0,"TinhThanhID":0,"TinhThanhTitle":"An Giang","TinhThanhTitleAscii":"/an-giang","QuanHuyenID":0,"NganhNgheTitle":"Khai khoáng khác chưa được phân vào đâu","NganhNgheTitleAscii":"/nganh-nghe/khai-khoang-khac-chua-duoc-phan-vao-dau-10612","DSTags":["1600230737-028","An Giang",null]},{"Type":11,"SolrID":"/1601003092-truong-tieu-hoc-b-binh-thanh","ID":0,"MaSoThue":"1601003092","NgayCap":"2008-12-15T00:00:00Z","Title":"Trường Tiểu Học \"B\" Bình Thành","DiaChiCongTy":"ấp Bình Thành, xã Bình Thành - Huyện Thoại Sơn - An Giang","Created":"2015-11-16T19:46:41Z","Updated":"2015-11-16T19:46:41Z","IsDelete":false,"RequestChanged":false,"ExitsInGDT":false,"SourceID":0,"TinhThanhID":0,"TinhThanhTitle":"An Giang","TinhThanhTitleAscii":"/an-giang","QuanHuyenID":0,"NganhNgheTitle":"Giáo dục tiểu học","NganhNgheTitleAscii":"/nganh-nghe/giao-duc-tieu-hoc","DSTags":["1601003092","An Giang",null]},{"Type":11,"SolrID":"/1600852720-dntn-ba-thi","ID":0,"MaSoThue":"1600852720","NgayCap":"2006-10-27T00:00:00Z","Title":"DNTN Ba Thi","DiaChiCongTy":"Số 11, tổ 02, ấp Bình Thành, xã Bình Thành - Huyện Thoại Sơn - An Giang","Created":"2015-11-08T22:29:17Z","Updated":"2015-11-08T22:29:17Z","IsDelete":false,"RequestChanged":false,"ExitsInGDT":false,"SourceID":0,"TinhThanhID":0,"TinhThanhTitle":"An Giang","TinhThanhTitleAscii":"/an-giang","QuanHuyenID":0,"NganhNgheTitle":"Bán lẻ nhiên liệu động cơ trong các cửa hàng chuyên doanh","NganhNgheTitleAscii":"/nganh-nghe/ban-le-nhien-lieu-dong-co-trong-cac-cua-hang-chuyen-doanh","DSTags":["1600852720","An Giang",null]},{"Type":11,"SolrID":"/1600809958-truong-mau-giao-binh-thanh","ID":0,"MaSoThue":"1600809958","NgayCap":"2005-10-14T00:00:00Z","Title":"Trường mẫu giáo Bình Thành","DiaChiCongTy":"ấp Nam Huề, xã Bình Thành - Huyện Thoại Sơn - An Giang","Created":"2015-11-16T17:12:12Z","Updated":"2015-11-16T17:12:12Z","IsDelete":false,"RequestChanged":false,"ExitsInGDT":false,"SourceID":0,"TinhThanhID":0,"TinhThanhTitle":"An Giang","TinhThanhTitleAscii":"/an-giang","QuanHuyenID":0,"NganhNgheTitle":"Giáo dục mầm non","NganhNgheTitleAscii":"/nganh-nghe/giao-duc-mam-non","DSTags":["1600809958","An Giang",null]},{"Type":11,"SolrID":"/1600721171-ubnd-xa-binh-thanh","ID":0,"MaSoThue":"1600721171","NgayCap":"2004-09-08T00:00:00Z","Title":"UBND xã Bình Thành","DiaChiCongTy":"ấp Bình Thành, xã Bình Thành - Huyện Thoại Sơn - An Giang","Created":"2015-11-16T05:10:11Z","Updated":"2015-11-16T05:10:11Z","IsDelete":false,"RequestChanged":false,"ExitsInGDT":false,"SourceID":0,"TinhThanhID":0,"TinhThanhTitle":"An Giang","TinhThanhTitleAscii":"/an-giang","QuanHuyenID":0,"NganhNgheTitle":"Hoạt động của Đảng cộng sản, tổ chức chính trị - xã hội, hoạt động quản lý nhà nước nói chung và kinh tế tổng hợp","NganhNgheTitleAscii":"/nganh-nghe/hoat-dong-cua-dang-cong-san-to-chuc-chinh-tri-xa-hoi-hoat-dong-quan-ly-nha-nuoc-noi-chung-va-kinh-te-tong-hop","DSTags":["1600721171","An Giang",null]},{"Type":11,"SolrID":"/1600265345-doanh-nghiep-tn-thanh-nha","ID":0,"MaSoThue":"1600265345","NgayCap":"2004-01-14T00:00:00Z","Title":"Doanh Nghiệp TN Thanh Nhã","DiaChiCongTy":"Số 456, ấp Nam Huề - Xã Bình Thành - Huyện Thoại Sơn - An Giang","Created":"2015-11-09T01:50:53Z","Updated":"2015-11-09T01:50:53Z","IsDelete":false,"RequestChanged":false,"ExitsInGDT":false,"SourceID":0,"TinhThanhID":0,"TinhThanhTitle":"An Giang","TinhThanhTitleAscii":"/an-giang","QuanHuyenID":0,"NganhNgheTitle":"Bán buôn nhiên liệu rắn, lỏng, khí và các sản phẩm liên quan","NganhNgheTitleAscii":"/nganh-nghe/ban-buon-nhien-lieu-ran-long-khi-va-cac-san-pham-lien-quan","DSTags":["1600265345","An Giang",null]},{"Type":11,"SolrID":"/1600373710-023-truong-tieu-hoc-b-binh-thanh","ID":0,"MaSoThue":"1600373710-023","NgayCap":"1999-02-23T00:00:00Z","Title":"Trường Tiểu học B Bình Thành","DiaChiCongTy":"ấp Bình Thành, xã Bình Thành - Huyện Thoại Sơn - An Giang","Created":"2015-11-17T19:49:49Z","Updated":"2015-11-17T19:49:49Z","IsDelete":false,"RequestChanged":false,"ExitsInGDT":false,"SourceID":0,"TinhThanhID":0,"TinhThanhTitle":"An Giang","TinhThanhTitleAscii":"/an-giang","QuanHuyenID":0,"NganhNgheTitle":"Giáo dục tiểu học","NganhNgheTitleAscii":"/nganh-nghe/giao-duc-tieu-hoc","DSTags":["1600373710-023","An Giang",null]},{"Type":11,"SolrID":"/1600373710-025-truong-tieu-hoc-a-binh-thanh","ID":0,"MaSoThue":"1600373710-025","NgayCap":"1999-02-23T00:00:00Z","Title":"Trường Tiểu học A Bình Thành","DiaChiCongTy":"ấp Nam Huề, xã Bình Thành - Huyện Thoại Sơn - An Giang","Created":"2015-11-17T19:49:51Z","Updated":"2015-11-17T19:49:51Z","IsDelete":false,"RequestChanged":false,"ExitsInGDT":false,"SourceID":0,"TinhThanhID":0,"TinhThanhTitle":"An Giang","TinhThanhTitleAscii":"/an-giang","QuanHuyenID":0,"NganhNgheTitle":"Giáo dục tiểu học","NganhNgheTitleAscii":"/nganh-nghe/giao-duc-tieu-hoc","DSTags":["1600373710-025","An Giang",null]},{"Type":11,"SolrID":"/1600373710-026-truong-tieu-hoc-c-binh-thanh","ID":0,"MaSoThue":"1600373710-026","NgayCap":"1999-02-23T00:00:00Z","Title":"Trường Tiểu học C Bình Thành","DiaChiCongTy":"ấp Bình Thành, xã Bình Thành - Huyện Thoại Sơn - An Giang","Created":"2015-11-17T19:49:52Z","Updated":"2015-11-17T19:49:52Z","IsDelete":false,"RequestChanged":false,"ExitsInGDT":false,"SourceID":0,"TinhThanhID":0,"TinhThanhTitle":"An Giang","TinhThanhTitleAscii":"/an-giang","QuanHuyenID":0,"NganhNgheTitle":"Giáo dục tiểu học","NganhNgheTitleAscii":"/nganh-nghe/giao-duc-tieu-hoc","DSTags":["1600373710-026","An Giang",null]}]}