{"ID":907,"SolrID":"/an-giang/huyen-thoai-son/xa-dinh-my","Title":"Xã Định Mỹ","TinhThanhTitle":"An Giang","QuanHuyenTitle":"Huyện Thoại Sơn","QuanHuyenID":207,"TinhThanhID":35,"Url":"https://thongtindoanhnghiep.co/api/company?l=/an-giang/huyen-thoai-son/xa-dinh-my","Total":28,"List":[{"Type":11,"SolrID":"/1602141867-cong-ty-tnhh-huu-co-sinh-hoc-boral","ID":0,"MaSoThue":"1602141867","NgayCap":"2021-03-01T00:00:00Z","Title":"Công Ty TNHH Hữu Cơ Sinh Học Boral","DiaChiCongTy":"Số 116, Ấp Mỹ Thành, Xã Định Mỹ, Huyện Thoại Sơn, Tỉnh An Giang","Created":"2021-03-01T10:36:07Z","Updated":"2021-04-16T19:20:27Z","IsDelete":false,"RequestChanged":false,"ExitsInGDT":false,"SourceID":0,"TinhThanhID":0,"TinhThanhTitle":"An Giang","TinhThanhTitleAscii":"/an-giang","QuanHuyenID":0,"NganhNgheTitle":"Bán buôn chuyên doanh khác chưa được phân vào đâu","NganhNgheTitleAscii":"/nganh-nghe/ban-buon-chuyen-doanh-khac-chua-duoc-phan-vao-dau","DSTags":["1602141867","An Giang",null]},{"Type":11,"SolrID":"/1602137388-cong-ty-tnhh-dien-bach-tai","ID":0,"MaSoThue":"1602137388","NgayCap":"2020-12-25T00:00:00Z","Title":"Công Ty TNHH Điện Bách Tài","DiaChiCongTy":"Tổ 7, Ấp Mỹ Phú, Xã Định Mỹ, Huyện Thoại Sơn, Tỉnh An Giang","Created":"2020-12-25T11:45:42Z","Updated":"2020-12-25T11:45:42Z","IsDelete":false,"RequestChanged":false,"ExitsInGDT":false,"SourceID":0,"TinhThanhID":0,"TinhThanhTitle":"An Giang","TinhThanhTitleAscii":"/an-giang","QuanHuyenID":0,"DSTags":["1602137388","An Giang",null]},{"Type":11,"SolrID":"/1602042584-cong-ty-tnhh-mot-thanh-vien-vien-thong-nguyen-van","ID":0,"MaSoThue":"1602042584","NgayCap":"2017-06-14T00:00:00Z","Title":"Công Ty TNHH Một Thành Viên Viễn Thông Nguyễn Văn","DiaChiCongTy":"Số 160, Ấp Mỹ Thành, Xã Định Mỹ, Huyện Thoại Sơn, Tỉnh An Giang","Created":"2017-06-14T16:02:32Z","Updated":"2017-06-14T16:02:32Z","IsDelete":false,"RequestChanged":false,"ExitsInGDT":false,"SourceID":0,"TinhThanhID":0,"TinhThanhTitle":"An Giang","TinhThanhTitleAscii":"/an-giang","QuanHuyenID":0,"NganhNgheTitle":"Bán buôn thiết bị và linh kiện điện tử, viễn thông","NganhNgheTitleAscii":"/nganh-nghe/ban-buon-thiet-bi-va-linh-kien-dien-tu-vien-thong","DSTags":["1602042584","An Giang",null]},{"Type":11,"SolrID":"/1602000094-truong-tieu-hoc-a-dinh-my","ID":0,"MaSoThue":"1602000094","NgayCap":"2016-01-26T00:00:00Z","Title":"Trường Tiểu Học A Định Mỹ","DiaChiCongTy":"Mỹ Thành - Xã Định Mỹ - Huyện Thoại Sơn - An Giang","Created":"2016-01-28T11:30:49Z","Updated":"2016-01-28T11:30:49Z","IsDelete":false,"RequestChanged":false,"ExitsInGDT":false,"SourceID":0,"TinhThanhID":0,"TinhThanhTitle":"An Giang","TinhThanhTitleAscii":"/an-giang","QuanHuyenID":0,"NganhNgheTitle":"Giáo dục tiểu học","NganhNgheTitleAscii":"/nganh-nghe/giao-duc-tieu-hoc","DSTags":["1602000094","An Giang",null]},{"Type":11,"SolrID":"/1601992784-truong-trung-hoc-co-so-dinh-my","ID":0,"MaSoThue":"1601992784","NgayCap":"2015-12-17T00:00:00Z","Title":"Trường Trung Học Cơ Sở Định Mỹ","DiaChiCongTy":"Mỹ Thành - Xã Định Mỹ - Huyện Thoại Sơn - An Giang","Created":"2015-12-19T03:54:57Z","Updated":"2015-12-19T03:54:57Z","IsDelete":false,"RequestChanged":false,"ExitsInGDT":false,"SourceID":0,"TinhThanhID":0,"TinhThanhTitle":"An Giang","TinhThanhTitleAscii":"/an-giang","QuanHuyenID":0,"NganhNgheTitle":"Giáo dục trung học cơ sở","NganhNgheTitleAscii":"/nganh-nghe/giao-duc-trung-hoc-co-so","DSTags":["1601992784","An Giang",null]},{"Type":11,"SolrID":"/1601987142-truong-tieu-hoc-b-dinh-my","ID":0,"MaSoThue":"1601987142","NgayCap":"2015-11-16T00:00:00Z","Title":"Trường Tiểu Học B Định Mỹ","DiaChiCongTy":"ấp Mỹ Thới - Xã Định Mỹ - Huyện Thoại Sơn - An Giang","Created":"2015-11-19T13:46:09Z","Updated":"2015-11-19T13:46:09Z","IsDelete":false,"RequestChanged":false,"ExitsInGDT":false,"SourceID":0,"TinhThanhID":0,"TinhThanhTitle":"An Giang","TinhThanhTitleAscii":"/an-giang","QuanHuyenID":0,"NganhNgheTitle":"Giáo dục tiểu học","NganhNgheTitleAscii":"/nganh-nghe/giao-duc-tieu-hoc","DSTags":["1601987142","An Giang",null]},{"Type":11,"SolrID":"/1601985547-doanh-nghiep-tn-tiem-vang-thuy-loan","ID":0,"MaSoThue":"1601985547","NgayCap":"2015-10-16T00:00:00Z","Title":"Doanh Nghiệp TN Tiệm Vàng Thúy Loan","DiaChiCongTy":"ấp Mỹ Thới - Xã Định Mỹ - Huyện Thoại Sơn - An Giang","Created":"2015-11-19T11:02:07Z","Updated":"2015-11-19T11:02:07Z","IsDelete":false,"RequestChanged":false,"ExitsInGDT":false,"SourceID":0,"TinhThanhID":0,"TinhThanhTitle":"An Giang","TinhThanhTitleAscii":"/an-giang","QuanHuyenID":0,"NganhNgheTitle":"Bán buôn kim loại và quặng kim loại","NganhNgheTitleAscii":"/nganh-nghe/ban-buon-kim-loai-va-quang-kim-loai","DSTags":["1601985547","An Giang",null]},{"Type":11,"SolrID":"/1601978349-doanh-nghiep-tn-xay-dung-phung-toan","ID":0,"MaSoThue":"1601978349","NgayCap":"2015-07-17T00:00:00Z","Title":"Doanh Nghiệp TN Xây Dựng Phụng Toàn","DiaChiCongTy":"ấp Mỹ Thới - Xã Định Mỹ - Huyện Thoại Sơn - An Giang","Created":"2015-11-18T20:14:32Z","Updated":"2015-11-18T20:14:32Z","IsDelete":false,"RequestChanged":false,"ExitsInGDT":false,"SourceID":0,"TinhThanhID":0,"TinhThanhTitle":"An Giang","TinhThanhTitleAscii":"/an-giang","QuanHuyenID":0,"NganhNgheTitle":"Lắp đặt hệ thống điện","NganhNgheTitleAscii":"/nganh-nghe/lap-dat-he-thong-dien","DSTags":["1601978349","An Giang",null]},{"Type":11,"SolrID":"/1601907997-cong-ty-tnhh-mot-thanh-vien-truong-an-thoai-son","ID":0,"MaSoThue":"1601907997","NgayCap":"2014-01-17T00:00:00Z","Title":"Công Ty TNHH Một Thành Viên Trường An Thoại Sơn","DiaChiCongTy":"Số 02, Tổ 2, ấp Mỹ Thành - Xã Định Mỹ - Huyện Thoại Sơn - An Giang","Created":"2015-11-09T20:22:44Z","Updated":"2015-11-09T20:22:44Z","IsDelete":false,"RequestChanged":false,"ExitsInGDT":false,"SourceID":0,"TinhThanhID":0,"TinhThanhTitle":"An Giang","TinhThanhTitleAscii":"/an-giang","QuanHuyenID":0,"NganhNgheTitle":"Xây dựng nhà các loại","NganhNgheTitleAscii":"/nganh-nghe/xay-dung-nha-cac-loai","DSTags":["1601907997","An Giang",null]},{"Type":11,"SolrID":"/1601889106-cong-ty-tnhh-mot-thanh-vien-thoi-thinh","ID":0,"MaSoThue":"1601889106","NgayCap":"2013-09-18T00:00:00Z","Title":"Công Ty TNHH Một Thành Viên Thời Thịnh","DiaChiCongTy":"Số 146, ấp Mỹ Phú - Xã Định Mỹ - Huyện Thoại Sơn - An Giang","Created":"2015-11-11T18:42:47Z","Updated":"2015-11-11T18:42:47Z","IsDelete":false,"RequestChanged":false,"ExitsInGDT":false,"SourceID":0,"TinhThanhID":0,"TinhThanhTitle":"An Giang","TinhThanhTitleAscii":"/an-giang","QuanHuyenID":0,"NganhNgheTitle":"Xây dựng nhà các loại","NganhNgheTitleAscii":"/nganh-nghe/xay-dung-nha-cac-loai","DSTags":["1601889106","An Giang",null]},{"Type":11,"SolrID":"/1601864165-doanh-nghiep-tn-di-doi-nha-chin-hien","ID":0,"MaSoThue":"1601864165","NgayCap":"2013-02-28T00:00:00Z","Title":"Doanh Nghiệp TN Di Dời Nhà Chín Hiền","DiaChiCongTy":"Số 051, ấp Mỹ Phú - Xã Định Mỹ - Huyện Thoại Sơn - An Giang","Created":"2015-11-17T00:15:30Z","Updated":"2015-11-17T00:15:30Z","IsDelete":false,"RequestChanged":false,"ExitsInGDT":false,"SourceID":0,"TinhThanhID":0,"TinhThanhTitle":"An Giang","TinhThanhTitleAscii":"/an-giang","QuanHuyenID":0,"NganhNgheTitle":"Hoạt động xây dựng chuyên dụng khác","NganhNgheTitleAscii":"/nganh-nghe/hoat-dong-xay-dung-chuyen-dung-khac","DSTags":["1601864165","An Giang",null]},{"Type":11,"SolrID":"/1601853526-cong-ty-tnhh-mot-thanh-vien-trinh-thanh-duan","ID":0,"MaSoThue":"1601853526","NgayCap":"2012-12-29T00:00:00Z","Title":"Công Ty TNHH Một Thành Viên Trịnh Thanh Duẩn","DiaChiCongTy":"ấp Mỹ Phú - Xã Định Mỹ - Huyện Thoại Sơn - An Giang","Created":"2015-11-12T00:59:53Z","Updated":"2015-11-12T00:59:53Z","IsDelete":false,"RequestChanged":false,"ExitsInGDT":false,"SourceID":0,"TinhThanhID":0,"TinhThanhTitle":"An Giang","TinhThanhTitleAscii":"/an-giang","QuanHuyenID":0,"NganhNgheTitle":"Bán buôn gạo","NganhNgheTitleAscii":"/nganh-nghe/ban-buon-gao","DSTags":["1601853526","An Giang",null]},{"Type":11,"SolrID":"/1601852716-cong-ty-tnhh-mot-thanh-vien-nguyen-van-khanh","ID":0,"MaSoThue":"1601852716","NgayCap":"2012-12-27T00:00:00Z","Title":"Công Ty TNHH Một Thành Viên Nguyễn Văn Khánh","DiaChiCongTy":"ấp Phú Hữu - Xã Định Mỹ - Huyện Thoại Sơn - An Giang","Created":"2015-11-12T01:00:24Z","Updated":"2016-09-11T04:33:08Z","IsDelete":false,"RequestChanged":false,"ExitsInGDT":false,"SourceID":0,"TinhThanhID":0,"TinhThanhTitle":"An Giang","TinhThanhTitleAscii":"/an-giang","QuanHuyenID":0,"DSTags":["1601852716","An Giang",null]},{"Type":11,"SolrID":"/1601848678-cong-ty-tnhh-mot-thanh-vien-le-ngoc-quang","ID":0,"MaSoThue":"1601848678","NgayCap":"2012-12-14T00:00:00Z","Title":"Công Ty TNHH Một Thành Viên Lê Ngọc Quang","DiaChiCongTy":"Số 117, ấp Mỹ Phú - Xã Định Mỹ - Huyện Thoại Sơn - An Giang","Created":"2015-11-12T01:00:15Z","Updated":"2015-11-12T01:00:15Z","IsDelete":false,"RequestChanged":false,"ExitsInGDT":false,"SourceID":0,"TinhThanhID":0,"TinhThanhTitle":"An Giang","TinhThanhTitleAscii":"/an-giang","QuanHuyenID":0,"NganhNgheTitle":"Bán buôn gạo","NganhNgheTitleAscii":"/nganh-nghe/ban-buon-gao","DSTags":["1601848678","An Giang",null]},{"Type":11,"SolrID":"/1601842997-cong-ty-tnhh-mot-thanh-vien-cuong-thanh-thoai-son","ID":0,"MaSoThue":"1601842997","NgayCap":"2012-11-19T00:00:00Z","Title":"Công Ty TNHH Một Thành Viên Cường Thành - Thoại Sơn","DiaChiCongTy":"Số 129, ấp Mỹ Phú - Xã Định Mỹ - Huyện Thoại Sơn - An Giang","Created":"2015-11-10T00:14:55Z","Updated":"2015-11-10T00:14:55Z","IsDelete":false,"RequestChanged":false,"ExitsInGDT":false,"SourceID":0,"TinhThanhID":0,"TinhThanhTitle":"An Giang","TinhThanhTitleAscii":"/an-giang","QuanHuyenID":0,"NganhNgheTitle":"Bán buôn đồ dùng khác cho gia đình","NganhNgheTitleAscii":"/nganh-nghe/ban-buon-do-dung-khac-cho-gia-dinh","DSTags":["1601842997","An Giang",null]},{"Type":11,"SolrID":"/1601762491-cong-ty-tnhh-mot-thanh-vien-dat-lanh","ID":0,"MaSoThue":"1601762491","NgayCap":"2012-06-11T00:00:00Z","Title":"Công Ty TNHH Một Thành Viên Đạt Lành","DiaChiCongTy":"Số 229, ấp Phú Hữu - Xã Định Mỹ - Huyện Thoại Sơn - An Giang","Created":"2015-11-18T04:48:01Z","Updated":"2015-11-18T04:48:01Z","IsDelete":false,"RequestChanged":false,"ExitsInGDT":false,"SourceID":0,"TinhThanhID":0,"TinhThanhTitle":"An Giang","TinhThanhTitleAscii":"/an-giang","QuanHuyenID":0,"NganhNgheTitle":"Xây dựng công trình đường sắt và đường bộ","NganhNgheTitleAscii":"/nganh-nghe/xay-dung-cong-trinh-duong-sat-va-duong-bo","DSTags":["1601762491","An Giang",null]},{"Type":11,"SolrID":"/1601653943-doanh-nghiep-tn-gio-viet","ID":0,"MaSoThue":"1601653943","NgayCap":"2012-02-11T00:00:00Z","Title":"Doanh Nghiệp TN Gió Việt","DiaChiCongTy":"ấp Mỹ Thành - Xã Định Mỹ - Huyện Thoại Sơn - An Giang","Created":"2015-11-10T01:43:52Z","Updated":"2015-11-10T01:43:52Z","IsDelete":false,"RequestChanged":false,"ExitsInGDT":false,"SourceID":0,"TinhThanhID":0,"TinhThanhTitle":"An Giang","TinhThanhTitleAscii":"/an-giang","QuanHuyenID":0,"NganhNgheTitle":"Bán buôn gạo","NganhNgheTitleAscii":"/nganh-nghe/ban-buon-gao","DSTags":["1601653943","An Giang",null]},{"Type":11,"SolrID":"/1601604600-doanh-nghiep-tn-quoc-giau","ID":0,"MaSoThue":"1601604600","NgayCap":"2011-11-24T00:00:00Z","Title":"Doanh Nghiệp TN Quốc Giàu","DiaChiCongTy":"ấp Mỹ Thành - Xã Định Mỹ - Huyện Thoại Sơn - An Giang","Created":"2015-11-10T01:37:36Z","Updated":"2015-11-10T01:37:36Z","IsDelete":false,"RequestChanged":false,"ExitsInGDT":false,"SourceID":0,"TinhThanhID":0,"TinhThanhTitle":"An Giang","TinhThanhTitleAscii":"/an-giang","QuanHuyenID":0,"NganhNgheTitle":"Bán buôn nông, lâm sản nguyên liệu (trừ gỗ, tre, nứa) và động vật sống","NganhNgheTitleAscii":"/nganh-nghe/ban-buon-nong-lam-san-nguyen-lieu-tru-go-tre-nua-va-dong-vat-song","DSTags":["1601604600","An Giang",null]},{"Type":11,"SolrID":"/1601594776-cong-ty-cp-vinh-an-khang","ID":0,"MaSoThue":"1601594776","NgayCap":"2011-11-11T00:00:00Z","Title":"Công Ty CP Vĩnh An Khang","DiaChiCongTy":"Số 156/2, ấp Mỹ Phú - Xã Định Mỹ - Huyện Thoại Sơn - An Giang","Created":"2015-11-10T01:43:49Z","Updated":"2015-11-10T01:43:49Z","IsDelete":false,"RequestChanged":false,"ExitsInGDT":false,"SourceID":0,"TinhThanhID":0,"TinhThanhTitle":"An Giang","TinhThanhTitleAscii":"/an-giang","QuanHuyenID":0,"NganhNgheTitle":"Sản xuất giường, tủ, bàn, ghế","NganhNgheTitleAscii":"/nganh-nghe/san-xuat-giuong-tu-ban-ghe","DSTags":["1601594776","An Giang",null]},{"Type":11,"SolrID":"/1601594737-doanh-nghiep-tn-van-huu-tam","ID":0,"MaSoThue":"1601594737","NgayCap":"2011-11-11T00:00:00Z","Title":"Doanh Nghiệp TN Vân-Hữu Tâm","DiaChiCongTy":"Số 103, ấp Phú Hữu - Xã Định Mỹ - Huyện Thoại Sơn - An Giang","Created":"2015-11-10T01:41:16Z","Updated":"2015-11-10T01:41:16Z","IsDelete":false,"RequestChanged":false,"ExitsInGDT":false,"SourceID":0,"TinhThanhID":0,"TinhThanhTitle":"An Giang","TinhThanhTitleAscii":"/an-giang","QuanHuyenID":0,"NganhNgheTitle":"Chuẩn bị mặt bằng","NganhNgheTitleAscii":"/nganh-nghe/chuan-bi-mat-bang","DSTags":["1601594737","An Giang",null]},{"Type":11,"SolrID":"/1601120896-cty-tnhh-mot-thanh-vien-ky-duyen","ID":0,"MaSoThue":"1601120896","NgayCap":"2009-05-12T00:00:00Z","Title":"Cty TNHH Một Thành Viên Kỳ Duyên","DiaChiCongTy":"117 ấp Mỹ Thành, xã Định Mỹ - Huyện Thoại Sơn - An Giang","Created":"2015-11-14T05:16:28Z","Updated":"2015-11-14T05:16:28Z","IsDelete":false,"RequestChanged":false,"ExitsInGDT":false,"SourceID":0,"TinhThanhID":0,"TinhThanhTitle":"An Giang","TinhThanhTitleAscii":"/an-giang","QuanHuyenID":0,"NganhNgheTitle":"Xây dựng công trình kỹ thuật dân dụng","NganhNgheTitleAscii":"/nganh-nghe/xay-dung-cong-trinh-ky-thuat-dan-dung","DSTags":["1601120896","An Giang",null]},{"Type":11,"SolrID":"/1600782495-doanh-nghiep-tn-thanh-ngon","ID":0,"MaSoThue":"1600782495","NgayCap":"2005-06-06T00:00:00Z","Title":"Doanh Nghiệp TN  Thành Ngon","DiaChiCongTy":"Số 578, ấp Phú Hữu - Xã Định Mỹ - Huyện Thoại Sơn - An Giang","Created":"2015-11-09T01:52:30Z","Updated":"2015-11-09T01:52:30Z","IsDelete":false,"RequestChanged":false,"ExitsInGDT":false,"SourceID":0,"TinhThanhID":0,"TinhThanhTitle":"An Giang","TinhThanhTitleAscii":"/an-giang","QuanHuyenID":0,"NganhNgheTitle":"Chuẩn bị mặt bằng","NganhNgheTitleAscii":"/nganh-nghe/chuan-bi-mat-bang","DSTags":["1600782495","An Giang",null]},{"Type":11,"SolrID":"/1600679427-doanh-nghiep-tn-khuu-minh-dien","ID":0,"MaSoThue":"1600679427","NgayCap":"2004-01-29T00:00:00Z","Title":"Doanh Nghiệp TN Khưu Minh Điền","DiaChiCongTy":"Xà lan AG-20087 tại Số 244 ấp Phú Hữu - Xã Định Mỹ - Huyện Thoại Sơn - An Giang","Created":"2015-11-17T04:52:39Z","Updated":"2015-11-17T04:52:39Z","IsDelete":false,"RequestChanged":false,"ExitsInGDT":false,"SourceID":0,"TinhThanhID":0,"TinhThanhTitle":"An Giang","TinhThanhTitleAscii":"/an-giang","QuanHuyenID":0,"NganhNgheTitle":"Bán buôn nhiên liệu rắn, lỏng, khí và các sản phẩm liên quan","NganhNgheTitleAscii":"/nganh-nghe/ban-buon-nhien-lieu-ran-long-khi-va-cac-san-pham-lien-quan","DSTags":["1600679427","An Giang",null]},{"Type":11,"SolrID":"/1600172965-doanh-nghiep-tn-nhan-minh-trang","ID":0,"MaSoThue":"1600172965","NgayCap":"2004-01-16T00:00:00Z","Title":"Doanh Nghiệp TN Nhan Minh Trang","DiaChiCongTy":"Xà lan AG-11099-H, ấp Mỹ Phú - Xã Định Mỹ - Huyện Thoại Sơn - An Giang","Created":"2015-11-09T05:27:52Z","Updated":"2015-11-09T05:27:52Z","IsDelete":false,"RequestChanged":false,"ExitsInGDT":false,"SourceID":0,"TinhThanhID":0,"TinhThanhTitle":"An Giang","TinhThanhTitleAscii":"/an-giang","QuanHuyenID":0,"NganhNgheTitle":"Bán buôn nhiên liệu rắn, lỏng, khí và các sản phẩm liên quan","NganhNgheTitleAscii":"/nganh-nghe/ban-buon-nhien-lieu-ran-long-khi-va-cac-san-pham-lien-quan","DSTags":["1600172965","An Giang",null]},{"Type":11,"SolrID":"/1600372883-008-truong-thcs-dinh-my-thoai-son","ID":0,"MaSoThue":"1600372883-008","NgayCap":"1999-04-05T00:00:00Z","Title":"Trường THCS Định Mỹ Thoại Sơn","DiaChiCongTy":"ấp Mỹ Thành Xã Định Mỹ - Huyện Thoại Sơn - An Giang","Created":"2015-11-17T19:49:30Z","Updated":"2015-11-17T19:49:30Z","IsDelete":false,"RequestChanged":false,"ExitsInGDT":false,"SourceID":0,"TinhThanhID":0,"TinhThanhTitle":"An Giang","TinhThanhTitleAscii":"/an-giang","QuanHuyenID":0,"NganhNgheTitle":"Giáo dục trung học cơ sở và trung học phổ thông","NganhNgheTitleAscii":"/nganh-nghe/giao-duc-trung-hoc-co-so-va-trung-hoc-pho-thong","DSTags":["1600372883-008","An Giang",null]},{"Type":11,"SolrID":"/1600373710-048-truong-trung-hoc-co-so-dinh-my","ID":0,"MaSoThue":"1600373710-048","NgayCap":"1999-02-24T00:00:00Z","Title":"Trường Trung học Cơ sở Định Mỹ","DiaChiCongTy":"ấp Mỹ Thành, xã Định Mỹ - Huyện Thoại Sơn - An Giang","Created":"2015-11-17T19:50:11Z","Updated":"2015-11-17T19:50:11Z","IsDelete":false,"RequestChanged":false,"ExitsInGDT":false,"SourceID":0,"TinhThanhID":0,"TinhThanhTitle":"An Giang","TinhThanhTitleAscii":"/an-giang","QuanHuyenID":0,"NganhNgheTitle":"Giáo dục trung học cơ sở và trung học phổ thông","NganhNgheTitleAscii":"/nganh-nghe/giao-duc-trung-hoc-co-so-va-trung-hoc-pho-thong","DSTags":["1600373710-048","An Giang",null]},{"Type":11,"SolrID":"/1600373710-002-truong-tieu-hoc-b-dinh-my","ID":0,"MaSoThue":"1600373710-002","NgayCap":"1999-02-23T00:00:00Z","Title":"Trường Tiểu học B Định Mỹ","DiaChiCongTy":"ấp Mỹ Thới, xã Định Mỹ - Huyện Thoại Sơn - An Giang","Created":"2015-11-17T19:49:32Z","Updated":"2015-11-17T19:49:32Z","IsDelete":false,"RequestChanged":false,"ExitsInGDT":false,"SourceID":0,"TinhThanhID":0,"TinhThanhTitle":"An Giang","TinhThanhTitleAscii":"/an-giang","QuanHuyenID":0,"NganhNgheTitle":"Giáo dục tiểu học","NganhNgheTitleAscii":"/nganh-nghe/giao-duc-tieu-hoc","DSTags":["1600373710-002","An Giang",null]},{"Type":11,"SolrID":"/1600376510-ubnd-xa-dinh-my","ID":0,"MaSoThue":"1600376510","NgayCap":"1998-12-18T00:00:00Z","Title":"UBND xã Định Mỹ","DiaChiCongTy":"ấp Phú Hữu, xã Định Mỹ - Huyện Thoại Sơn - An Giang","Created":"2015-11-14T17:00:21Z","Updated":"2015-11-14T17:00:21Z","IsDelete":false,"RequestChanged":false,"ExitsInGDT":false,"SourceID":0,"TinhThanhID":0,"TinhThanhTitle":"An Giang","TinhThanhTitleAscii":"/an-giang","QuanHuyenID":0,"NganhNgheTitle":"Hoạt động quản lý nhà nước nói chung và kinh tế tổng hợp","NganhNgheTitleAscii":"/nganh-nghe/hoat-dong-quan-ly-nha-nuoc-noi-chung-va-kinh-te-tong-hop","DSTags":["1600376510","An Giang",null]}]}