{"ID":497,"SolrID":"/an-giang/huyen-thoai-son/xa-dinh-thanh","Title":"Xã Định Thành","TinhThanhTitle":"An Giang","QuanHuyenTitle":"Huyện Thoại Sơn","QuanHuyenID":207,"TinhThanhID":35,"Url":"https://thongtindoanhnghiep.co/api/company?l=/an-giang/huyen-thoai-son/xa-dinh-thanh","Total":51,"List":[{"Type":11,"SolrID":"/1602147876-cong-ty-tnhh-mot-thanh-vien-trinh-dien","ID":0,"MaSoThue":"1602147876","NgayCap":"2021-05-27T00:00:00Z","Title":"Công Ty TNHH Một Thành Viên Trịnh Điền","DiaChiCongTy":"số 457, Tổ 14, Ấp Hòa Long, Xã Định Thành, Huyện Thoại Sơn, Tỉnh An Giang","Created":"2021-05-27T10:36:45Z","Updated":"2021-05-27T10:36:45Z","IsDelete":false,"RequestChanged":false,"ExitsInGDT":false,"SourceID":0,"TinhThanhID":0,"TinhThanhTitle":"An Giang","TinhThanhTitleAscii":"/an-giang","QuanHuyenID":0,"NganhNgheTitle":"Đại lý, môi giới, đấu giá","NganhNgheTitleAscii":"/nganh-nghe/dai-ly-moi-gioi-dau-gia","DSTags":["1602147876","An Giang",null]},{"Type":11,"SolrID":"/1602146921-cong-ty-tnhh-xuat-nhap-khau-dai-van","ID":0,"MaSoThue":"1602146921","NgayCap":"2021-05-07T00:00:00Z","Title":"Công Ty TNHH Xuất Nhập Khẩu Đại Vận","DiaChiCongTy":"Số 2015, Ấp Hòa Thành, Xã Định Thành, Huyện Thoại Sơn, Tỉnh An Giang","Created":"2021-05-07T16:35:46Z","Updated":"2021-05-07T16:35:46Z","IsDelete":false,"RequestChanged":false,"ExitsInGDT":false,"SourceID":0,"TinhThanhID":0,"TinhThanhTitle":"An Giang","TinhThanhTitleAscii":"/an-giang","QuanHuyenID":0,"NganhNgheTitle":"Chế biến, bảo quản thuỷ sản và các sản phẩm từ thuỷ sản","NganhNgheTitleAscii":"/nganh-nghe/che-bien-bao-quan-thuy-san-va-cac-san-pham-tu-thuy-san","DSTags":["1602146921","An Giang",null]},{"Type":11,"SolrID":"/1602144106-cong-ty-tnhh-mot-thanh-vien-thuan-vy-189","ID":0,"MaSoThue":"1602144106","NgayCap":"2021-03-24T00:00:00Z","Title":"Công Ty TNHH Một Thành Viên Thuấn Vy 189","DiaChiCongTy":"Ấp Hòa Tân, Xã Định Thành, Huyện Thoại Sơn, Tỉnh An Giang","Created":"2021-03-24T11:38:47Z","Updated":"2021-03-24T11:38:47Z","IsDelete":false,"RequestChanged":false,"ExitsInGDT":false,"SourceID":0,"TinhThanhID":0,"TinhThanhTitle":"An Giang","TinhThanhTitleAscii":"/an-giang","QuanHuyenID":0,"DSTags":["1602144106","An Giang",null]},{"Type":11,"SolrID":"/1602080477-cong-ty-tnhh-mot-thanh-vien-tiem-vang-xuan-vy","ID":0,"MaSoThue":"1602080477","NgayCap":"2018-09-11T00:00:00Z","Title":"Công Ty TNHH Một Thành Viên Tiệm Vàng Xuân Vy","DiaChiCongTy":"Số 290, Ấp Hòa Thành, Xã Định Thành, Huyện Thoại Sơn, Tỉnh An Giang","Created":"2018-09-11T09:04:21Z","Updated":"2018-09-11T09:04:21Z","IsDelete":false,"RequestChanged":false,"ExitsInGDT":false,"SourceID":0,"TinhThanhID":0,"TinhThanhTitle":"An Giang","TinhThanhTitleAscii":"/an-giang","QuanHuyenID":0,"NganhNgheTitle":"Bán buôn kim loại và quặng kim loại","NganhNgheTitleAscii":"/nganh-nghe/ban-buon-kim-loai-va-quang-kim-loai","DSTags":["1602080477","An Giang",null]},{"Type":11,"SolrID":"/1602077442-cong-ty-tnhh-mot-thanh-vien-vietnoni","ID":0,"MaSoThue":"1602077442","NgayCap":"2018-07-28T00:00:00Z","Title":"Công Ty TNHH Một Thành Viên Vietnoni","DiaChiCongTy":"Ấp Hòa Tân, Xã Định Thành, Huyện Thoại Sơn, Tỉnh An Giang","Created":"2018-07-28T11:04:58Z","Updated":"2018-07-28T11:04:58Z","IsDelete":false,"RequestChanged":false,"ExitsInGDT":false,"SourceID":0,"TinhThanhID":0,"TinhThanhTitle":"An Giang","TinhThanhTitleAscii":"/an-giang","QuanHuyenID":0,"NganhNgheTitle":"Bán buôn gạo","NganhNgheTitleAscii":"/nganh-nghe/ban-buon-gao","DSTags":["1602077442","An Giang",null]},{"Type":11,"SolrID":"/1602065020-cong-ty-tnhh-mtv-luong-thuc-louis-rice","ID":0,"MaSoThue":"1602065020","NgayCap":"2018-03-08T00:00:00Z","Title":"Công Ty TNHH Mtv Lương Thực Louis Rice","DiaChiCongTy":"Tổ 8, Ấp Hòa Thới, Xã Định Thành, Huyện Thoại Sơn, Tỉnh An Giang","Created":"2018-03-08T14:26:12Z","Updated":"2018-03-08T14:26:12Z","IsDelete":false,"RequestChanged":false,"ExitsInGDT":false,"SourceID":0,"TinhThanhID":0,"TinhThanhTitle":"An Giang","TinhThanhTitleAscii":"/an-giang","QuanHuyenID":0,"NganhNgheTitle":"Khai khoáng khác chưa được phân vào đâu","NganhNgheTitleAscii":"/nganh-nghe/khai-khoang-khac-chua-duoc-phan-vao-dau-10612","DSTags":["1602065020","An Giang",null]},{"Type":11,"SolrID":"/1602053723-cong-ty-tnhh-mot-thanh-vien-xay-dung-hoa-trung-thoai-son","ID":0,"MaSoThue":"1602053723","NgayCap":"2017-11-01T00:00:00Z","Title":"Công Ty TNHH Một Thành Viên Xây Dựng Hoa Trung-thoại Sơn","DiaChiCongTy":"Tổ 3, Ấp Hòa Thành, Xã Định Thành, Huyện Thoại Sơn, Tỉnh An Giang","Created":"2017-11-01T16:45:40Z","Updated":"2017-11-01T16:45:40Z","IsDelete":false,"RequestChanged":false,"ExitsInGDT":false,"SourceID":0,"TinhThanhID":0,"TinhThanhTitle":"An Giang","TinhThanhTitleAscii":"/an-giang","QuanHuyenID":0,"NganhNgheTitle":"Bán buôn vật liệu, thiết bị lắp đặt khác trong xây dựng","NganhNgheTitleAscii":"/nganh-nghe/ban-buon-vat-lieu-thiet-bi-lap-dat-khac-trong-xay-dung","DSTags":["1602053723","An Giang",null]},{"Type":11,"SolrID":"/1602053272-cong-ty-tnhh-mot-thanh-vien-vietnoni","ID":0,"MaSoThue":"1602053272","NgayCap":"2017-10-27T00:00:00Z","Title":"Công Ty TNHH Một Thành Viên Vietnoni","DiaChiCongTy":"Tổ 1, Hòa Tân, Xã Định Thành, Huyện Thoại Sơn, Tỉnh An Giang","Created":"2017-10-27T07:36:37Z","Updated":"2017-10-27T07:36:37Z","IsDelete":false,"RequestChanged":false,"ExitsInGDT":false,"SourceID":0,"TinhThanhID":0,"TinhThanhTitle":"An Giang","TinhThanhTitleAscii":"/an-giang","QuanHuyenID":0,"NganhNgheTitle":"Bán buôn gạo","NganhNgheTitleAscii":"/nganh-nghe/ban-buon-gao","DSTags":["1602053272","An Giang",null]},{"Type":11,"SolrID":"/1602031303-cong-ty-tnhh-dich-vu-xay-dung-vu-minh","ID":0,"MaSoThue":"1602031303","NgayCap":"2017-01-12T00:00:00Z","Title":"Công Ty TNHH Dịch Vụ Xây Dựng Vũ Minh","DiaChiCongTy":"Ấp Hòa Phú, Xã Định Thành, Huyện Thoại Sơn, Tỉnh An Giang","Created":"2017-01-12T08:08:11Z","Updated":"2017-01-12T08:08:11Z","IsDelete":false,"RequestChanged":false,"ExitsInGDT":false,"SourceID":0,"TinhThanhID":0,"TinhThanhTitle":"An Giang","TinhThanhTitleAscii":"/an-giang","QuanHuyenID":0,"NganhNgheTitle":"Bán buôn vật liệu, thiết bị lắp đặt khác trong xây dựng","NganhNgheTitleAscii":"/nganh-nghe/ban-buon-vat-lieu-thiet-bi-lap-dat-khac-trong-xay-dung","DSTags":["1602031303","An Giang",null]},{"Type":11,"SolrID":"/1602019063-cong-ty-tnhh-mot-thanh-vien-truong-phu-qui","ID":0,"MaSoThue":"1602019063","NgayCap":"2016-09-15T00:00:00Z","Title":"Công Ty TNHH Một Thành Viên Trương Phú Quí","DiaChiCongTy":"Số 127/01, ấp Hòa Tân - Xã Định Thành - Huyện Thoại Sơn - An Giang","Created":"2016-09-17T09:42:18Z","Updated":"2016-09-17T09:42:18Z","IsDelete":false,"RequestChanged":false,"ExitsInGDT":false,"SourceID":0,"TinhThanhID":0,"TinhThanhTitle":"An Giang","TinhThanhTitleAscii":"/an-giang","QuanHuyenID":0,"DSTags":["1602019063","An Giang",null]},{"Type":11,"SolrID":"/0310678677-003-chi-nhanh-cong-ty-tnhh-san-xuat-thuong-mai-dich-vu-bao-thinh-phat","ID":0,"MaSoThue":"0310678677-003","NgayCap":"2016-08-18T00:00:00Z","Title":"CHI NHáNH CôNG TY TNHH SảN XUấT THươNG MạI DịCH Vụ BảO THịNH PHáT","DiaChiCongTy":"468, ấp Hòa Phú - Xã Định Thành - Huyện Thoại Sơn - An Giang","Created":"2016-08-25T02:27:43Z","Updated":"2016-09-10T15:43:00Z","IsDelete":false,"RequestChanged":false,"ExitsInGDT":false,"SourceID":0,"TinhThanhID":0,"TinhThanhTitle":"An Giang","TinhThanhTitleAscii":"/an-giang","QuanHuyenID":0,"DSTags":["0310678677-003","An Giang",null]},{"Type":11,"SolrID":"/1602015950-hop-tac-xa-nong-nghiep-dinh-thanh","ID":0,"MaSoThue":"1602015950","NgayCap":"2016-08-05T00:00:00Z","Title":"Hợp Tác Xã Nông Nghiệp Định Thành","DiaChiCongTy":"ấp Hòa Long, - Xã Định Thành - Huyện Thoại Sơn - An Giang","Created":"2016-08-05T17:00:51Z","Updated":"2016-08-05T17:00:51Z","IsDelete":false,"RequestChanged":false,"ExitsInGDT":false,"SourceID":0,"TinhThanhID":0,"TinhThanhTitle":"An Giang","TinhThanhTitleAscii":"/an-giang","QuanHuyenID":0,"DSTags":["1602015950","An Giang",null]},{"Type":11,"SolrID":"/1602008590-cong-ty-tnhh-mot-thanh-vien-thanh-dat-ngan","ID":0,"MaSoThue":"1602008590","NgayCap":"2016-05-05T00:00:00Z","Title":"Công Ty TNHH Một Thành Viên Thành Đạt Ngân","DiaChiCongTy":"Tổ 11, ấp Hòa Phú - Xã Định Thành - Huyện Thoại Sơn - An Giang","Created":"2016-05-12T08:19:52Z","Updated":"2016-05-12T08:19:52Z","IsDelete":false,"RequestChanged":false,"ExitsInGDT":false,"SourceID":0,"TinhThanhID":0,"TinhThanhTitle":"An Giang","TinhThanhTitleAscii":"/an-giang","QuanHuyenID":0,"NganhNgheTitle":"Bán buôn vật liệu, thiết bị lắp đặt khác trong xây dựng","NganhNgheTitleAscii":"/nganh-nghe/ban-buon-vat-lieu-thiet-bi-lap-dat-khac-trong-xay-dung","DSTags":["1602008590","An Giang",null]},{"Type":11,"SolrID":"/1602007188-truong-tieu-hoc-b-dinh-thanh","ID":0,"MaSoThue":"1602007188","NgayCap":"2016-04-13T00:00:00Z","Title":"Trường Tiểu học B Định Thành","DiaChiCongTy":"ấp Hòa Tân - Xã Định Thành - Huyện Thoại Sơn - An Giang","Created":"2016-04-22T10:10:22Z","Updated":"2016-04-22T10:10:22Z","IsDelete":false,"RequestChanged":false,"ExitsInGDT":false,"SourceID":0,"TinhThanhID":0,"TinhThanhTitle":"An Giang","TinhThanhTitleAscii":"/an-giang","QuanHuyenID":0,"NganhNgheTitle":"Giáo dục tiểu học","NganhNgheTitleAscii":"/nganh-nghe/giao-duc-tieu-hoc","DSTags":["1602007188","An Giang",null]},{"Type":11,"SolrID":"/3800259342-005-chi-nhanh-5-cong-ty-co-phan-hoang-son-i","ID":0,"MaSoThue":"3800259342-005","NgayCap":"2015-11-24T00:00:00Z","Title":"Chi Nhánh 5 - Công Ty Cổ Phần Hoàng Sơn I","DiaChiCongTy":"ấp Hòa Tân - Xã Định Thành - Huyện Thoại Sơn - An Giang","Created":"2015-11-26T13:07:20Z","Updated":"2015-11-26T13:07:20Z","IsDelete":false,"RequestChanged":false,"ExitsInGDT":false,"SourceID":0,"TinhThanhID":0,"TinhThanhTitle":"An Giang","TinhThanhTitleAscii":"/an-giang","QuanHuyenID":0,"NganhNgheTitle":"Chế biến và bảo quản rau quả","NganhNgheTitleAscii":"/nganh-nghe/che-bien-va-bao-quan-rau-qua","DSTags":["3800259342-005","An Giang",null]},{"Type":11,"SolrID":"/1601987840-truong-tieu-hoc-a-dinh-thanh","ID":0,"MaSoThue":"1601987840","NgayCap":"2015-11-18T00:00:00Z","Title":"Trường Tiểu Học A Định Thành","DiaChiCongTy":"Hòa Thành - Xã Định Thành - Huyện Thoại Sơn - An Giang","Created":"2015-11-19T13:55:29Z","Updated":"2015-11-19T13:55:29Z","IsDelete":false,"RequestChanged":false,"ExitsInGDT":false,"SourceID":0,"TinhThanhID":0,"TinhThanhTitle":"An Giang","TinhThanhTitleAscii":"/an-giang","QuanHuyenID":0,"NganhNgheTitle":"Giáo dục tiểu học","NganhNgheTitleAscii":"/nganh-nghe/giao-duc-tieu-hoc","DSTags":["1601987840","An Giang",null]},{"Type":11,"SolrID":"/1601975796-doanh-nghiep-tn-xang-dau-kim-tien","ID":0,"MaSoThue":"1601975796","NgayCap":"2015-06-18T00:00:00Z","Title":"Doanh Nghiệp TN Xăng Dầu Kim Tiên","DiaChiCongTy":"Số 2674, ấp Hòa Thành - Xã Định Thành - Huyện Thoại Sơn - An Giang","Created":"2015-11-18T12:52:50Z","Updated":"2015-11-18T12:52:50Z","IsDelete":false,"RequestChanged":false,"ExitsInGDT":false,"SourceID":0,"TinhThanhID":0,"TinhThanhTitle":"An Giang","TinhThanhTitleAscii":"/an-giang","QuanHuyenID":0,"NganhNgheTitle":"Bán buôn nhiên liệu rắn, lỏng, khí và các sản phẩm liên quan","NganhNgheTitleAscii":"/nganh-nghe/ban-buon-nhien-lieu-ran-long-khi-va-cac-san-pham-lien-quan","DSTags":["1601975796","An Giang",null]},{"Type":11,"SolrID":"/1601971872-cong-ty-tnhh-mot-thanh-vien-xuat-nhap-khau-luong-thuc-van-phat-loi","ID":0,"MaSoThue":"1601971872","NgayCap":"2015-05-12T00:00:00Z","Title":"Công Ty TNHH Một Thành Viên Xuất Nhập Khẩu Lương Thực Vạn Phát Lợi","DiaChiCongTy":"Số 338, ấp Hòa Thành - Xã Định Thành - Huyện Thoại Sơn - An Giang","Created":"2015-11-17T13:14:30Z","Updated":"2015-11-17T13:14:30Z","IsDelete":false,"RequestChanged":false,"ExitsInGDT":false,"SourceID":0,"TinhThanhID":0,"TinhThanhTitle":"An Giang","TinhThanhTitleAscii":"/an-giang","QuanHuyenID":0,"NganhNgheTitle":"Bán buôn nông, lâm sản nguyên liệu (trừ gỗ, tre, nứa) và động vật sống","NganhNgheTitleAscii":"/nganh-nghe/ban-buon-nong-lam-san-nguyen-lieu-tru-go-tre-nua-va-dong-vat-song","DSTags":["1601971872","An Giang",null]},{"Type":11,"SolrID":"/1601969841-doanh-nghiep-tn-doan-nghe-thuat-tuong-co-kim-huong","ID":0,"MaSoThue":"1601969841","NgayCap":"2015-04-15T00:00:00Z","Title":"Doanh Nghiệp TN Đoàn Nghệ Thuật Tuồng Cổ Kim Hương","DiaChiCongTy":"Số 354, ấp Hòa Phú - Xã Định Thành - Huyện Thoại Sơn - An Giang","Created":"2015-11-17T08:42:01Z","Updated":"2015-11-17T08:42:01Z","IsDelete":false,"RequestChanged":false,"ExitsInGDT":false,"SourceID":0,"TinhThanhID":0,"TinhThanhTitle":"An Giang","TinhThanhTitleAscii":"/an-giang","QuanHuyenID":0,"NganhNgheTitle":"Hoạt động vui chơi giải trí khác chưa được phân vào đâu","NganhNgheTitleAscii":"/nganh-nghe/hoat-dong-vui-choi-giai-tri-khac-chua-duoc-phan-vao-dau","DSTags":["1601969841","An Giang",null]},{"Type":11,"SolrID":"/1601967668-cong-ty-tnhh-may-mac-phu-ninh","ID":0,"MaSoThue":"1601967668","NgayCap":"2015-03-24T00:00:00Z","Title":"Công Ty TNHH May Mặc Phú Ninh","DiaChiCongTy":"Số 468, ấp Hòa Phú - Xã Định Thành - Huyện Thoại Sơn - An Giang","Created":"2015-11-17T05:50:22Z","Updated":"2015-11-17T05:50:22Z","IsDelete":false,"RequestChanged":false,"ExitsInGDT":false,"SourceID":0,"TinhThanhID":0,"TinhThanhTitle":"An Giang","TinhThanhTitleAscii":"/an-giang","QuanHuyenID":0,"NganhNgheTitle":"May trang phục (trừ trang phục từ da lông thú)","NganhNgheTitleAscii":"/nganh-nghe/may-trang-phuc-tru-trang-phuc-tu-da-long-thu","DSTags":["1601967668","An Giang",null]},{"Type":11,"SolrID":"/1601966375-cong-ty-tnhh-mot-thanh-vien-san-xuat-thuong-mai-va-xuat-nhap-khau-tri-thien-an","ID":0,"MaSoThue":"1601966375","NgayCap":"2015-03-12T00:00:00Z","Title":"Công Ty TNHH Một Thành Viên Sản Xuất Thương Mại Và Xuất Nhập Khẩu Trí Thiên ân","DiaChiCongTy":"ấp Hòa Thành - Xã Định Thành - Huyện Thoại Sơn - An Giang","Created":"2015-11-17T03:14:35Z","Updated":"2015-11-17T03:14:35Z","IsDelete":false,"RequestChanged":false,"ExitsInGDT":false,"SourceID":0,"TinhThanhID":0,"TinhThanhTitle":"An Giang","TinhThanhTitleAscii":"/an-giang","QuanHuyenID":0,"NganhNgheTitle":"Bán buôn thực phẩm","NganhNgheTitleAscii":"/nganh-nghe/ban-buon-thuc-pham","DSTags":["1601966375","An Giang",null]},{"Type":11,"SolrID":"/1601942977-doanh-nghiep-tn-tiem-vang-ninh-thuy","ID":0,"MaSoThue":"1601942977","NgayCap":"2014-10-16T00:00:00Z","Title":"Doanh Nghiệp TN Tiệm Vàng Ninh Thủy","DiaChiCongTy":"Số 291, ấp Hòa Thành - Xã Định Thành - Huyện Thoại Sơn - An Giang","Created":"2015-11-11T04:34:11Z","Updated":"2015-11-11T04:34:11Z","IsDelete":false,"RequestChanged":false,"ExitsInGDT":false,"SourceID":0,"TinhThanhID":0,"TinhThanhTitle":"An Giang","TinhThanhTitleAscii":"/an-giang","QuanHuyenID":0,"NganhNgheTitle":"Bán buôn kim loại và quặng kim loại","NganhNgheTitleAscii":"/nganh-nghe/ban-buon-kim-loai-va-quang-kim-loai","DSTags":["1601942977","An Giang",null]},{"Type":11,"SolrID":"/1601923621-cong-ty-tnhh-mot-thanh-vien-trinh-dien","ID":0,"MaSoThue":"1601923621","NgayCap":"2014-05-22T00:00:00Z","Title":"Công Ty TNHH Một Thành Viên Trịnh Điền","DiaChiCongTy":"Số 457, Tổ 14, ấp Hòa Long - Xã Định Thành - Huyện Thoại Sơn - An Giang","Created":"2015-11-09T14:44:40Z","Updated":"2015-11-09T14:44:40Z","IsDelete":false,"RequestChanged":false,"ExitsInGDT":false,"SourceID":0,"TinhThanhID":0,"TinhThanhTitle":"An Giang","TinhThanhTitleAscii":"/an-giang","QuanHuyenID":0,"NganhNgheTitle":"Bán buôn chuyên doanh khác chưa được phân vào đâu","NganhNgheTitleAscii":"/nganh-nghe/ban-buon-chuyen-doanh-khac-chua-duoc-phan-vao-dau","DSTags":["1601923621","An Giang",null]},{"Type":11,"SolrID":"/1601897298-doanh-nghiep-tn-xang-dau-quoc-khanh","ID":0,"MaSoThue":"1601897298","NgayCap":"2013-12-10T00:00:00Z","Title":"Doanh Nghiệp TN Xăng Dầu Quốc Khánh","DiaChiCongTy":"Ponton số CT-07241, ấp Hòa Thành - Xã Định Thành - Huyện Thoại Sơn - An Giang","Created":"2015-11-09T23:43:42Z","Updated":"2015-11-09T23:43:42Z","IsDelete":false,"RequestChanged":false,"ExitsInGDT":false,"SourceID":0,"TinhThanhID":0,"TinhThanhTitle":"An Giang","TinhThanhTitleAscii":"/an-giang","QuanHuyenID":0,"NganhNgheTitle":"Bán buôn nhiên liệu rắn, lỏng, khí và các sản phẩm liên quan","NganhNgheTitleAscii":"/nganh-nghe/ban-buon-nhien-lieu-ran-long-khi-va-cac-san-pham-lien-quan","DSTags":["1601897298","An Giang",null]},{"Type":11,"SolrID":"/3701769952-003-chi-nhanh-an-giang-cong-ty-tnhh-mot-thanh-vien-thuong-mai-trong-sach","ID":0,"MaSoThue":"3701769952-003","NgayCap":"2013-07-04T00:00:00Z","Title":"Chi Nhánh An Giang - Công Ty TNHH Một Thành Viên Thương Mại Trong Sạch","DiaChiCongTy":"Số 172, ấp Hòa Tân - Xã Định Thành - Huyện Thoại Sơn - An Giang","Created":"2015-11-18T10:56:01Z","Updated":"2015-11-18T10:56:01Z","IsDelete":false,"RequestChanged":false,"ExitsInGDT":false,"SourceID":0,"TinhThanhID":0,"TinhThanhTitle":"An Giang","TinhThanhTitleAscii":"/an-giang","QuanHuyenID":0,"NganhNgheTitle":"Sản xuất sợi nhân tạo","NganhNgheTitleAscii":"/nganh-nghe/san-xuat-soi-nhan-tao","DSTags":["3701769952-003","An Giang",null]},{"Type":11,"SolrID":"/1601850758-cong-ty-tnhh-phan-bon-dau-bo","ID":0,"MaSoThue":"1601850758","NgayCap":"2012-12-21T00:00:00Z","Title":"Công Ty TNHH Phân Bón Đầu Bò","DiaChiCongTy":"ấp Hòa Tân - Xã Định Thành - Huyện Thoại Sơn - An Giang","Created":"2015-11-12T01:00:14Z","Updated":"2015-11-12T01:00:14Z","IsDelete":false,"RequestChanged":false,"ExitsInGDT":false,"SourceID":0,"TinhThanhID":0,"TinhThanhTitle":"An Giang","TinhThanhTitleAscii":"/an-giang","QuanHuyenID":0,"NganhNgheTitle":"Sản xuất phân bón và hợp chất ni tơ","NganhNgheTitleAscii":"/nganh-nghe/san-xuat-phan-bon-va-hop-chat-ni-to","DSTags":["1601850758","An Giang",null]},{"Type":11,"SolrID":"/1600192619-047-cong-ty-co-phan-tap-doan-loc-troi-chi-nhanh-trung-tam-nghien-cuu-nong-nghiep-dinh-thanh","ID":0,"MaSoThue":"1600192619-047","NgayCap":"2012-11-19T00:00:00Z","Title":"Công Ty Cổ Phần Tập Đoàn Lộc Trời-Chi Nhánh Trung Tâm Nghiên Cứu Nông Nghiệp Định Thành","DiaChiCongTy":"ấp Hòa Tân - Xã Định Thành - Huyện Thoại Sơn - An Giang","Created":"2015-11-17T19:46:33Z","Updated":"2015-11-17T19:46:33Z","IsDelete":false,"RequestChanged":false,"ExitsInGDT":false,"SourceID":0,"TinhThanhID":0,"TinhThanhTitle":"An Giang","TinhThanhTitleAscii":"/an-giang","QuanHuyenID":0,"NganhNgheTitle":"Hoạt động dịch vụ trồng trọt","NganhNgheTitleAscii":"/nganh-nghe/hoat-dong-dich-vu-trong-trot","DSTags":["1600192619-047","An Giang",null]},{"Type":11,"SolrID":"/1601840809-cong-ty-tnhh-mot-thanh-vien-thuong-mai-dang-minh-khoa","ID":0,"MaSoThue":"1601840809","NgayCap":"2012-11-06T00:00:00Z","Title":"Công Ty TNHH Một Thành Viên Thương Mại Đặng Minh Khoa","DiaChiCongTy":"Chợ Kinh F, ấp Hòa Phú - Xã Định Thành - Huyện Thoại Sơn - An Giang","Created":"2015-11-12T03:23:29Z","Updated":"2015-11-12T03:23:29Z","IsDelete":false,"RequestChanged":false,"ExitsInGDT":false,"SourceID":0,"TinhThanhID":0,"TinhThanhTitle":"An Giang","TinhThanhTitleAscii":"/an-giang","QuanHuyenID":0,"NganhNgheTitle":"Bán buôn gạo","NganhNgheTitleAscii":"/nganh-nghe/ban-buon-gao","DSTags":["1601840809","An Giang",null]},{"Type":11,"SolrID":"/1601805917-cong-ty-tnhh-mot-thanh-vien-sang-le","ID":0,"MaSoThue":"1601805917","NgayCap":"2012-08-03T00:00:00Z","Title":"Công Ty TNHH Một Thành Viên Sang Lê","DiaChiCongTy":"ấp Hòa Thới - Xã Định Thành - Huyện Thoại Sơn - An Giang","Created":"2015-11-12T06:22:54Z","Updated":"2015-11-12T06:22:54Z","IsDelete":false,"RequestChanged":false,"ExitsInGDT":false,"SourceID":0,"TinhThanhID":0,"TinhThanhTitle":"An Giang","TinhThanhTitleAscii":"/an-giang","QuanHuyenID":0,"NganhNgheTitle":"Bán buôn vật liệu, thiết bị lắp đặt khác trong xây dựng","NganhNgheTitleAscii":"/nganh-nghe/ban-buon-vat-lieu-thiet-bi-lap-dat-khac-trong-xay-dung","DSTags":["1601805917","An Giang",null]},{"Type":11,"SolrID":"/1601733564-doanh-nghiep-tn-xay-dung-dien-phuoc-xuan","ID":0,"MaSoThue":"1601733564","NgayCap":"2012-05-04T00:00:00Z","Title":"Doanh Nghiệp TN Xây Dựng Điện Phước Xuân","DiaChiCongTy":"ấp Hòa Thới - Xã Định Thành - Huyện Thoại Sơn - An Giang","Created":"2015-11-10T01:41:00Z","Updated":"2015-11-10T01:41:00Z","IsDelete":false,"RequestChanged":false,"ExitsInGDT":false,"SourceID":0,"TinhThanhID":0,"TinhThanhTitle":"An Giang","TinhThanhTitleAscii":"/an-giang","QuanHuyenID":0,"NganhNgheTitle":"Lắp đặt hệ thống điện","NganhNgheTitleAscii":"/nganh-nghe/lap-dat-he-thong-dien","DSTags":["1601733564","An Giang",null]},{"Type":11,"SolrID":"/1600638237-011-chi-nhanh-cong-ty-tnhh-thuong-mai-dich-vu-my-hoa-11","ID":0,"MaSoThue":"1600638237-011","NgayCap":"2012-04-18T00:00:00Z","Title":"Chi Nhánh Công Ty TNHH Thương Mại - Dịch Vụ Mỹ Hòa 11","DiaChiCongTy":"ấp Hòa Tân - Xã Định Thành - Huyện Thoại Sơn - An Giang","Created":"2015-11-18T14:42:54Z","Updated":"2015-11-18T14:42:54Z","IsDelete":false,"RequestChanged":false,"ExitsInGDT":false,"SourceID":0,"TinhThanhID":0,"TinhThanhTitle":"An Giang","TinhThanhTitleAscii":"/an-giang","QuanHuyenID":0,"NganhNgheTitle":"Bán buôn nhiên liệu rắn, lỏng, khí và các sản phẩm liên quan","NganhNgheTitleAscii":"/nganh-nghe/ban-buon-nhien-lieu-ran-long-khi-va-cac-san-pham-lien-quan","DSTags":["1600638237-011","An Giang",null]},{"Type":11,"SolrID":"/1601640415-doanh-nghiep-tn-nguyen-quoc-thanh","ID":0,"MaSoThue":"1601640415","NgayCap":"2012-01-09T00:00:00Z","Title":"Doanh Nghiệp TN Nguyễn Quốc Thanh","DiaChiCongTy":"ấp Hòa Long - Xã Định Thành - Huyện Thoại Sơn - An Giang","Created":"2015-11-10T01:39:06Z","Updated":"2015-11-10T01:39:06Z","IsDelete":false,"RequestChanged":false,"ExitsInGDT":false,"SourceID":0,"TinhThanhID":0,"TinhThanhTitle":"An Giang","TinhThanhTitleAscii":"/an-giang","QuanHuyenID":0,"NganhNgheTitle":"Bán buôn gạo","NganhNgheTitleAscii":"/nganh-nghe/ban-buon-gao","DSTags":["1601640415","An Giang",null]},{"Type":11,"SolrID":"/1601590820-cong-ty-tnhh-mot-thanh-vien-dat-thanh","ID":0,"MaSoThue":"1601590820","NgayCap":"2011-11-07T00:00:00Z","Title":"Công Ty TNHH Một Thành Viên Đạt Thạnh","DiaChiCongTy":"ấp Hòa Phú - Xã Định Thành - Huyện Thoại Sơn - An Giang","Created":"2015-11-10T01:37:25Z","Updated":"2015-11-10T01:37:25Z","IsDelete":false,"RequestChanged":false,"ExitsInGDT":false,"SourceID":0,"TinhThanhID":0,"TinhThanhTitle":"An Giang","TinhThanhTitleAscii":"/an-giang","QuanHuyenID":0,"NganhNgheTitle":"Sản xuất máy nông nghiệp và lâm nghiệp","NganhNgheTitleAscii":"/nganh-nghe/san-xuat-may-nong-nghiep-va-lam-nghiep","DSTags":["1601590820","An Giang",null]},{"Type":11,"SolrID":"/1600191767-036-chi-nhanh-cong-ty-cp-du-lich-an-giang-nha-may-che-bien-gao-xuat-khau-dinh-thanh","ID":0,"MaSoThue":"1600191767-036","NgayCap":"2010-12-17T00:00:00Z","Title":"Chi Nhánh Công Ty CP Du Lịch An Giang-Nhà Máy Chế Biến Gạo Xuất Khẩu Định Thành","DiaChiCongTy":"Tổ 8, ấp Hòa Thới - Xã Định Thành - Huyện Thoại Sơn - An Giang","Created":"2015-11-10T01:40:17Z","Updated":"2015-11-10T01:40:17Z","IsDelete":false,"RequestChanged":false,"ExitsInGDT":false,"SourceID":0,"TinhThanhID":0,"TinhThanhTitle":"An Giang","TinhThanhTitleAscii":"/an-giang","QuanHuyenID":0,"NganhNgheTitle":"Khai khoáng khác chưa được phân vào đâu","NganhNgheTitleAscii":"/nganh-nghe/khai-khoang-khac-chua-duoc-phan-vao-dau-10612","DSTags":["1600191767-036","An Giang",null]},{"Type":11,"SolrID":"/1600819138-004-chi-nhanh-cong-ty-tnhh-thuong-mai-an-phu-thinh-cua-hang-xang-dau-phuc-dat","ID":0,"MaSoThue":"1600819138-004","NgayCap":"2010-12-13T00:00:00Z","Title":"Chi Nhánh Công Ty TNHH Thương Mại An Phú Thịnh - Cửa Hàng Xăng Dầu Phúc Đạt","DiaChiCongTy":"Số 2674, tỉnh lộ 943, ấp Hòa Thành - Xã Định Thành - Huyện Thoại Sơn - An Giang","Created":"2015-11-10T01:40:02Z","Updated":"2015-11-10T01:40:02Z","IsDelete":false,"RequestChanged":false,"ExitsInGDT":false,"SourceID":0,"TinhThanhID":0,"TinhThanhTitle":"An Giang","TinhThanhTitleAscii":"/an-giang","QuanHuyenID":0,"NganhNgheTitle":"Bán buôn nhiên liệu rắn, lỏng, khí và các sản phẩm liên quan","NganhNgheTitleAscii":"/nganh-nghe/ban-buon-nhien-lieu-ran-long-khi-va-cac-san-pham-lien-quan","DSTags":["1600819138-004","An Giang",null]},{"Type":11,"SolrID":"/1601415554-doanh-nghiep-tn-huyen-linh","ID":0,"MaSoThue":"1601415554","NgayCap":"2010-11-24T00:00:00Z","Title":"Doanh Nghiệp Tn Huyền Linh","DiaChiCongTy":"Tổ 1, ấp Hòa Phú, Xã Định Thành, Huyện Thoại Sơn, Tỉnh An Giang","Created":"2018-07-03T15:20:54Z","Updated":"2018-07-03T15:20:54Z","IsDelete":false,"RequestChanged":false,"ExitsInGDT":false,"SourceID":0,"TinhThanhID":0,"TinhThanhTitle":"An Giang","TinhThanhTitleAscii":"/an-giang","QuanHuyenID":0,"DSTags":["1601415554","An Giang",null]},{"Type":11,"SolrID":"/1601210437-dntn-hoa-phu","ID":0,"MaSoThue":"1601210437","NgayCap":"2009-08-28T00:00:00Z","Title":"DNTN Hoà Phú","DiaChiCongTy":"035 ấp Hoà Phú, xã Định Thành - Huyện Thoại Sơn - An Giang","Created":"2015-11-09T09:43:22Z","Updated":"2015-11-09T09:43:22Z","IsDelete":false,"RequestChanged":false,"ExitsInGDT":false,"SourceID":0,"TinhThanhID":0,"TinhThanhTitle":"An Giang","TinhThanhTitleAscii":"/an-giang","QuanHuyenID":0,"NganhNgheTitle":"Xây dựng công trình kỹ thuật dân dụng","NganhNgheTitleAscii":"/nganh-nghe/xay-dung-cong-trinh-ky-thuat-dan-dung","DSTags":["1601210437","An Giang",null]},{"Type":11,"SolrID":"/1601185692-cong-ty-tnhh-sx-chan-nuoi-892","ID":0,"MaSoThue":"1601185692","NgayCap":"2009-07-03T00:00:00Z","Title":"Công ty TNHH Sx & Chăn Nuôi 892","DiaChiCongTy":"ấp Hoà Tân, xã Định Thành - Huyện Thoại Sơn - An Giang","Created":"2015-11-14T05:17:01Z","Updated":"2015-11-14T05:17:01Z","IsDelete":false,"RequestChanged":false,"ExitsInGDT":false,"SourceID":0,"TinhThanhID":0,"TinhThanhTitle":"An Giang","TinhThanhTitleAscii":"/an-giang","QuanHuyenID":0,"NganhNgheTitle":"Bán buôn (trừ ô tô, mô tô, xe máy và xe có động cơ khác)","NganhNgheTitleAscii":"/nganh-nghe/ban-buon-tru-o-to-mo-to-xe-may-va-xe-co-dong-co-khac","DSTags":["1601185692","An Giang",null]},{"Type":11,"SolrID":"/1601178303-cong-ty-tnhh-tm-hoa-phu","ID":0,"MaSoThue":"1601178303","NgayCap":"2009-06-19T00:00:00Z","Title":"Công ty TNHH TM Hoà Phú","DiaChiCongTy":"Lô 2, Khu Dân Cư chợ Kinh F, xã Định Thành - Huyện Thoại Sơn - An Giang","Created":"2015-11-13T22:29:07Z","Updated":"2015-11-13T22:29:07Z","IsDelete":false,"RequestChanged":false,"ExitsInGDT":false,"SourceID":0,"TinhThanhID":0,"TinhThanhTitle":"An Giang","TinhThanhTitleAscii":"/an-giang","QuanHuyenID":0,"NganhNgheTitle":"Sản xuất sản phẩm từ gỗ, tre, nứa (trừ giường, tủ, bàn, ghế); sản xuất sản phẩm từ rơm, rạ và vật liệu tết bện","NganhNgheTitleAscii":"/nganh-nghe/san-xuat-san-pham-tu-go-tre-nua-tru-giuong-tu-ban-ghe-san-xuat-san-pham-tu-rom-ra-va-vat-lieu-tet-ben","DSTags":["1601178303","An Giang",null]},{"Type":11,"SolrID":"/1600606877-002-cn-cty-tnhh-xd-kd-pt-dia-oc-vuong-thang-cn-thoai-son","ID":0,"MaSoThue":"1600606877-002","NgayCap":"2009-04-17T00:00:00Z","Title":"CN Cty TNHH XD-KD-PT Địa ốc Vương Thắng CN Thoại Sơn","DiaChiCongTy":"246 ấp Hoà Thạnh, xã Định Thành - Huyện Thoại Sơn - An Giang","Created":"2015-11-19T06:32:37Z","Updated":"2015-11-19T06:32:37Z","IsDelete":false,"RequestChanged":false,"ExitsInGDT":false,"SourceID":0,"TinhThanhID":0,"TinhThanhTitle":"An Giang","TinhThanhTitleAscii":"/an-giang","QuanHuyenID":0,"NganhNgheTitle":"Xây dựng công trình kỹ thuật dân dụng","NganhNgheTitleAscii":"/nganh-nghe/xay-dung-cong-trinh-ky-thuat-dan-dung","DSTags":["1600606877-002","An Giang",null]},{"Type":11,"SolrID":"/1600976405-001-chi-nhanh-cty-tnhh-la-via-ba-the","ID":0,"MaSoThue":"1600976405-001","NgayCap":"2009-02-19T00:00:00Z","Title":"Chi nhánh Cty TNHH LA VIA BA THÊ","DiaChiCongTy":"Lô 2, KDC Kênh F, Xã Định Thành - Huyện Thoại Sơn - An Giang","Created":"2015-11-15T11:12:25Z","Updated":"2015-11-15T11:12:25Z","IsDelete":false,"RequestChanged":false,"ExitsInGDT":false,"SourceID":0,"TinhThanhID":0,"TinhThanhTitle":"An Giang","TinhThanhTitleAscii":"/an-giang","QuanHuyenID":0,"NganhNgheTitle":"Khai thác, xử lý và cung cấp nước","NganhNgheTitleAscii":"/nganh-nghe/khai-thac-xu-ly-va-cung-cap-nuoc","DSTags":["1600976405-001","An Giang",null]},{"Type":11,"SolrID":"/1600911239-cong-ty-tnhh-mot-thanh-vien-dung-dat","ID":0,"MaSoThue":"1600911239","NgayCap":"2007-11-16T00:00:00Z","Title":"Công Ty TNHH Một Thành Viên Dũng Đạt","DiaChiCongTy":"ấp Hòa Phú - Xã Định Thành - Huyện Thoại Sơn - An Giang","Created":"2015-11-09T20:23:39Z","Updated":"2015-11-09T20:23:39Z","IsDelete":false,"RequestChanged":false,"ExitsInGDT":false,"SourceID":0,"TinhThanhID":0,"TinhThanhTitle":"An Giang","TinhThanhTitleAscii":"/an-giang","QuanHuyenID":0,"NganhNgheTitle":"Hoạt động xây dựng chuyên dụng khác","NganhNgheTitleAscii":"/nganh-nghe/hoat-dong-xay-dung-chuyen-dung-khac","DSTags":["1600911239","An Giang",null]},{"Type":11,"SolrID":"/1600191767-025-nha-may-che-bien-gao-xuat-khau-dinh-thanh","ID":0,"MaSoThue":"1600191767-025","NgayCap":"2007-05-18T00:00:00Z","Title":"Nhà máy Chế biến Gạo Xuất khẩu Định Thành","DiaChiCongTy":"Tổ 8, ấp Hòa Thới, xã Định Thành - Huyện Thoại Sơn - An Giang","Created":"2015-11-11T05:43:59Z","Updated":"2015-11-11T05:43:59Z","IsDelete":false,"RequestChanged":false,"ExitsInGDT":false,"SourceID":0,"TinhThanhID":0,"TinhThanhTitle":"An Giang","TinhThanhTitleAscii":"/an-giang","QuanHuyenID":0,"NganhNgheTitle":"Bán buôn (trừ ô tô, mô tô, xe máy và xe có động cơ khác)","NganhNgheTitleAscii":"/nganh-nghe/ban-buon-tru-o-to-mo-to-xe-may-va-xe-co-dong-co-khac","DSTags":["1600191767-025","An Giang",null]},{"Type":11,"SolrID":"/1600813746-cong-ty-tnhh-nhut-my","ID":0,"MaSoThue":"1600813746","NgayCap":"2005-11-11T00:00:00Z","Title":"Công ty TNHH Nhựt Mỹ","DiaChiCongTy":"ấp Tân Hòa, xã Định Thành - Huyện Thoại Sơn - An Giang","Created":"2015-11-14T05:04:05Z","Updated":"2015-11-14T05:04:05Z","IsDelete":false,"RequestChanged":false,"ExitsInGDT":false,"SourceID":0,"TinhThanhID":0,"TinhThanhTitle":"An Giang","TinhThanhTitleAscii":"/an-giang","QuanHuyenID":0,"NganhNgheTitle":"Cắt tạo dáng và hoàn thiện đá","NganhNgheTitleAscii":"/nganh-nghe/cat-tao-dang-va-hoan-thien-da","DSTags":["1600813746","An Giang",null]},{"Type":11,"SolrID":"/1600729879-truong-mau-giao-dinh-thanh","ID":0,"MaSoThue":"1600729879","NgayCap":"2004-09-27T00:00:00Z","Title":"Trường Mẫu giáo Định Thành","DiaChiCongTy":"ấp Hoà Thanh, xã Định Thành - Huyện Thoại Sơn - An Giang","Created":"2015-11-16T16:21:08Z","Updated":"2015-11-16T16:21:08Z","IsDelete":false,"RequestChanged":false,"ExitsInGDT":false,"SourceID":0,"TinhThanhID":0,"TinhThanhTitle":"An Giang","TinhThanhTitleAscii":"/an-giang","QuanHuyenID":0,"NganhNgheTitle":"Giáo dục mầm non","NganhNgheTitleAscii":"/nganh-nghe/giao-duc-mam-non","DSTags":["1600729879","An Giang",null]},{"Type":11,"SolrID":"/1600696158-truong-trung-hoc-co-so-dinh-thanh","ID":0,"MaSoThue":"1600696158","NgayCap":"2004-05-28T00:00:00Z","Title":"Trường Trung học Cơ sở Định Thành","DiaChiCongTy":"xã Định Thành - Huyện Thoại Sơn - An Giang","Created":"2015-11-16T16:12:01Z","Updated":"2015-11-16T16:12:01Z","IsDelete":false,"RequestChanged":false,"ExitsInGDT":false,"SourceID":0,"TinhThanhID":0,"TinhThanhTitle":"An Giang","TinhThanhTitleAscii":"/an-giang","QuanHuyenID":0,"NganhNgheTitle":"Giáo dục trung học cơ sở và trung học phổ thông","NganhNgheTitleAscii":"/nganh-nghe/giao-duc-trung-hoc-co-so-va-trung-hoc-pho-thong","DSTags":["1600696158","An Giang",null]},{"Type":11,"SolrID":"/1600573653-doanh-nghiep-tn-hoang-tuan","ID":0,"MaSoThue":"1600573653","NgayCap":"2004-02-03T00:00:00Z","Title":"Doanh Nghiệp TN Hoàng Tuấn","DiaChiCongTy":"ấp Hòa Thành - Xã Định Thành - Huyện Thoại Sơn - An Giang","Created":"2015-11-09T10:00:57Z","Updated":"2015-11-09T10:00:57Z","IsDelete":false,"RequestChanged":false,"ExitsInGDT":false,"SourceID":0,"TinhThanhID":0,"TinhThanhTitle":"An Giang","TinhThanhTitleAscii":"/an-giang","QuanHuyenID":0,"NganhNgheTitle":"Bán buôn nhiên liệu rắn, lỏng, khí và các sản phẩm liên quan","NganhNgheTitleAscii":"/nganh-nghe/ban-buon-nhien-lieu-ran-long-khi-va-cac-san-pham-lien-quan","DSTags":["1600573653","An Giang",null]},{"Type":11,"SolrID":"/1600575900-dntn-le-phuoc","ID":0,"MaSoThue":"1600575900","NgayCap":"2001-06-13T00:00:00Z","Title":"DNTN Lê Phước","DiaChiCongTy":"ấp Hòa Tân, xã Định Thành - Huyện Thoại Sơn - An Giang","Created":"2015-11-10T01:42:22Z","Updated":"2015-11-10T01:42:22Z","IsDelete":false,"RequestChanged":false,"ExitsInGDT":false,"SourceID":0,"TinhThanhID":0,"TinhThanhTitle":"An Giang","TinhThanhTitleAscii":"/an-giang","QuanHuyenID":0,"NganhNgheTitle":"Bán lẻ nhiên liệu động cơ trong các cửa hàng chuyên doanh","NganhNgheTitleAscii":"/nganh-nghe/ban-le-nhien-lieu-dong-co-trong-cac-cua-hang-chuyen-doanh","DSTags":["1600575900","An Giang",null]},{"Type":11,"SolrID":"/1700100989-009-xi-nghiep-che-bien-xuat-khau-kien-long","ID":0,"MaSoThue":"1700100989-009","NgayCap":"2001-06-13T00:00:00Z","Title":"Xí Nghiệp Chế Biến Xuất Khẩu Kiên Long","DiaChiCongTy":"ấp Hoà Thành Xã Định Thành - Huyện Thoại Sơn - An Giang","Created":"2015-11-18T14:19:13Z","Updated":"2015-11-18T14:19:13Z","IsDelete":false,"RequestChanged":false,"ExitsInGDT":false,"SourceID":0,"TinhThanhID":0,"TinhThanhTitle":"An Giang","TinhThanhTitleAscii":"/an-giang","QuanHuyenID":0,"NganhNgheTitle":"Bán buôn gạo, thực phẩm, đồ uống và sản phẩm thuốc lá, thuốc lào","NganhNgheTitleAscii":"/nganh-nghe/ban-buon-gao-thuc-pham-do-uong-va-san-pham-thuoc-la-thuoc-lao","DSTags":["1700100989-009","An Giang",null]},{"Type":11,"SolrID":"/1600127218-doanh-nghiep-tu-nhan-thanh-phuoc","ID":0,"MaSoThue":"1600127218","NgayCap":"2001-05-23T00:00:00Z","Title":"Doanh Nghiệp Tư Nhân Thành Phước","DiaChiCongTy":"Tổ 14,ấp Hòa Thành, Xã Định Thành, Huyện Thoại Sơn, Tỉnh An Giang","Created":"2018-05-08T08:54:17Z","Updated":"2018-05-08T08:54:17Z","IsDelete":false,"RequestChanged":false,"ExitsInGDT":false,"SourceID":0,"TinhThanhID":0,"TinhThanhTitle":"An Giang","TinhThanhTitleAscii":"/an-giang","QuanHuyenID":0,"DSTags":["1600127218","An Giang",null]},{"Type":11,"SolrID":"/1600373710-005-truong-tieu-hoc-c-dinh-thanh","ID":0,"MaSoThue":"1600373710-005","NgayCap":"1999-02-23T00:00:00Z","Title":"Trường Tiểu học C  Định Thành","DiaChiCongTy":"ấp Hòa Thới, xã Định Thành - Huyện Thoại Sơn - An Giang","Created":"2015-11-17T19:49:35Z","Updated":"2015-11-17T19:49:35Z","IsDelete":false,"RequestChanged":false,"ExitsInGDT":false,"SourceID":0,"TinhThanhID":0,"TinhThanhTitle":"An Giang","TinhThanhTitleAscii":"/an-giang","QuanHuyenID":0,"NganhNgheTitle":"Giáo dục tiểu học","NganhNgheTitleAscii":"/nganh-nghe/giao-duc-tieu-hoc","DSTags":["1600373710-005","An Giang",null]}]}