{"ID":1807,"SolrID":"/an-giang/huyen-thoai-son/xa-phu-thuan","Title":"Xã Phú Thuận","TinhThanhTitle":"An Giang","QuanHuyenTitle":"Huyện Thoại Sơn","QuanHuyenID":207,"TinhThanhID":35,"Url":"https://thongtindoanhnghiep.co/api/company?l=/an-giang/huyen-thoai-son/xa-phu-thuan","Total":25,"List":[{"Type":11,"SolrID":"/1602148446-cong-ty-tnhh-green-rice","ID":0,"MaSoThue":"1602148446","NgayCap":"2021-06-07T00:00:00Z","Title":"Công Ty TNHH Green Rice","DiaChiCongTy":"Thửa 166, Tờ bản đồ số 62, Ấp Kênh Đào, Xã Phú Thuận, Huyện Thoại Sơn, Tỉnh An Giang","Created":"2021-06-07T17:37:17Z","Updated":"2021-06-07T17:37:17Z","IsDelete":false,"RequestChanged":false,"ExitsInGDT":false,"SourceID":0,"TinhThanhID":0,"TinhThanhTitle":"An Giang","TinhThanhTitleAscii":"/an-giang","QuanHuyenID":0,"NganhNgheTitle":"Bán buôn gạo","NganhNgheTitleAscii":"/nganh-nghe/ban-buon-gao","DSTags":["1602148446","An Giang",null]},{"Type":11,"SolrID":"/1602067395-doanh-nghiep-tn-dich-vu-giai-tri-nguyen-kieu","ID":0,"MaSoThue":"1602067395","NgayCap":"2018-03-28T00:00:00Z","Title":"Doanh Nghiệp Tn Dịch Vụ Giải Trí Nguyễn Kiều","DiaChiCongTy":"Số 1629 Quốc lộ 80, Ấp Hòa Tây B, Xã Phú Thuận, Huyện Thoại Sơn, Tỉnh An Giang","Created":"2018-03-28T11:38:18Z","Updated":"2018-03-28T11:38:18Z","IsDelete":false,"RequestChanged":false,"ExitsInGDT":false,"SourceID":0,"TinhThanhID":0,"TinhThanhTitle":"An Giang","TinhThanhTitleAscii":"/an-giang","QuanHuyenID":0,"NganhNgheTitle":"Hoạt động vui chơi giải trí khác chưa được phân vào đâu","NganhNgheTitleAscii":"/nganh-nghe/hoat-dong-vui-choi-giai-tri-khac-chua-duoc-phan-vao-dau","DSTags":["1602067395","An Giang",null]},{"Type":11,"SolrID":"/1602061749-cong-ty-co-phan-dau-tu-nong-nghiep-cong-nghe-cao-vuong-dinh-an-giang","ID":0,"MaSoThue":"1602061749","NgayCap":"2018-01-11T00:00:00Z","Title":"Công Ty Cổ Phần Đầu Tư Nông Nghiệp Công Nghệ Cao Vương Đình An Giang","DiaChiCongTy":"Số 18, Ấp Hòa Tây B, Xã Phú Thuận, Huyện Thoại Sơn, Tỉnh An Giang","Created":"2018-01-11T11:31:28Z","Updated":"2018-01-11T11:31:28Z","IsDelete":false,"RequestChanged":false,"ExitsInGDT":false,"SourceID":0,"TinhThanhID":0,"TinhThanhTitle":"An Giang","TinhThanhTitleAscii":"/an-giang","QuanHuyenID":0,"NganhNgheTitle":"Khai khoáng khác chưa được phân vào đâu","NganhNgheTitleAscii":"/nganh-nghe/khai-khoang-khac-chua-duoc-phan-vao-dau-10612","DSTags":["1602061749","An Giang",null]},{"Type":11,"SolrID":"/1602059605-cong-ty-tnhh-mot-thanh-vien-nguyen-nguyen-binh","ID":0,"MaSoThue":"1602059605","NgayCap":"2017-12-22T00:00:00Z","Title":"Công Ty TNHH Một Thành Viên Nguyễn Nguyễn Bình","DiaChiCongTy":"Ấp Hòa Tây A, Xã Phú Thuận, Huyện Thoại Sơn, Tỉnh An Giang","Created":"2017-12-22T16:32:36Z","Updated":"2017-12-22T16:32:36Z","IsDelete":false,"RequestChanged":false,"ExitsInGDT":false,"SourceID":0,"TinhThanhID":0,"TinhThanhTitle":"An Giang","TinhThanhTitleAscii":"/an-giang","QuanHuyenID":0,"NganhNgheTitle":"Bán buôn nhiên liệu rắn, lỏng, khí và các sản phẩm liên quan","NganhNgheTitleAscii":"/nganh-nghe/ban-buon-nhien-lieu-ran-long-khi-va-cac-san-pham-lien-quan","DSTags":["1602059605","An Giang",null]},{"Type":11,"SolrID":"/1602016707-doanh-nghiep-tn-khanh-trang-an-giang","ID":0,"MaSoThue":"1602016707","NgayCap":"2016-08-13T00:00:00Z","Title":"DOANH NGHIệP TN KHáNH TRANG AN GIANG","DiaChiCongTy":"024, Tổ 1, ấp Hòa Tây A - Xã Phú Thuận - Huyện Thoại Sơn - An Giang","Created":"2016-08-16T09:20:03Z","Updated":"2016-09-10T16:41:14Z","IsDelete":false,"RequestChanged":false,"ExitsInGDT":false,"SourceID":0,"TinhThanhID":0,"TinhThanhTitle":"An Giang","TinhThanhTitleAscii":"/an-giang","QuanHuyenID":0,"DSTags":["1602016707","An Giang",null]},{"Type":11,"SolrID":"/1602013022-cong-ty-tnhh-mot-thanh-vien-dich-vu-xay-dung-chin-thang","ID":0,"MaSoThue":"1602013022","NgayCap":"2016-06-23T00:00:00Z","Title":"Công Ty TNHH Một Thành Viên Dịch Vụ Xây Dựng Chín Thắng","DiaChiCongTy":"Số 1713, Quốc lộ 80, Tổ 11, ấp Hòa Tây B - Xã Phú Thuận - Huyện Thoại Sơn - An Giang","Created":"2016-06-28T20:52:07Z","Updated":"2016-06-28T20:52:07Z","IsDelete":false,"RequestChanged":false,"ExitsInGDT":false,"SourceID":0,"TinhThanhID":0,"TinhThanhTitle":"An Giang","TinhThanhTitleAscii":"/an-giang","QuanHuyenID":0,"NganhNgheTitle":"Chuẩn bị mặt bằng","NganhNgheTitleAscii":"/nganh-nghe/chuan-bi-mat-bang","DSTags":["1602013022","An Giang",null]},{"Type":11,"SolrID":"/1601986822-cong-ty-tnhh-mot-thanh-vien-hung-thinh-national","ID":0,"MaSoThue":"1601986822","NgayCap":"2015-11-10T00:00:00Z","Title":"Công Ty TNHH Một Thành Viên Hưng Thịnh National","DiaChiCongTy":"Tổ 6, ấp Hòa Tây A - Xã Phú Thuận - Huyện Thoại Sơn - An Giang","Created":"2015-11-19T13:09:34Z","Updated":"2015-11-19T13:09:34Z","IsDelete":false,"RequestChanged":false,"ExitsInGDT":false,"SourceID":0,"TinhThanhID":0,"TinhThanhTitle":"An Giang","TinhThanhTitleAscii":"/an-giang","QuanHuyenID":0,"NganhNgheTitle":"Xây dựng công trình kỹ thuật dân dụng khác","NganhNgheTitleAscii":"/nganh-nghe/xay-dung-cong-trinh-ky-thuat-dan-dung-khac","DSTags":["1601986822","An Giang",null]},{"Type":11,"SolrID":"/1601986815-cong-ty-tnhh-thuong-mai-tay-nam-city","ID":0,"MaSoThue":"1601986815","NgayCap":"2015-11-10T00:00:00Z","Title":"Công Ty TNHH Thương Mại Tây Nam City","DiaChiCongTy":"Tổ 26, ấp Kênh Đào - Xã Phú Thuận - Huyện Thoại Sơn - An Giang","Created":"2015-11-19T13:10:27Z","Updated":"2015-11-19T13:10:27Z","IsDelete":false,"RequestChanged":false,"ExitsInGDT":false,"SourceID":0,"TinhThanhID":0,"TinhThanhTitle":"An Giang","TinhThanhTitleAscii":"/an-giang","QuanHuyenID":0,"NganhNgheTitle":"Hoạt động kiến trúc và tư vấn kỹ thuật có liên quan","NganhNgheTitleAscii":"/nganh-nghe/hoat-dong-kien-truc-va-tu-van-ky-thuat-co-lien-quan","DSTags":["1601986815","An Giang",null]},{"Type":11,"SolrID":"/1601970043-cong-ty-tnhh-san-xuat-thuong-mai-my-pham-sac-hong-khang-siu-siu","ID":0,"MaSoThue":"1601970043","NgayCap":"2015-04-20T00:00:00Z","Title":"Công Ty TNHH Sản Xuất Thương Mại Mỹ Phẩm Sắc Hồng Khang Siu Siu","DiaChiCongTy":"Khu dân cư Kênh Đào, ấp Kênh Đào - Xã Phú Thuận - Huyện Thoại Sơn - An Giang","Created":"2015-11-17T09:08:07Z","Updated":"2015-11-17T09:08:07Z","IsDelete":false,"RequestChanged":false,"ExitsInGDT":false,"SourceID":0,"TinhThanhID":0,"TinhThanhTitle":"An Giang","TinhThanhTitleAscii":"/an-giang","QuanHuyenID":0,"NganhNgheTitle":"Bán lẻ thuốc, dụng cụ y tế, mỹ phẩm và vật phẩm vệ sinh trong các cửa hàng chuyên doanh","NganhNgheTitleAscii":"/nganh-nghe/ban-le-thuoc-dung-cu-y-te-my-pham-va-vat-pham-ve-sinh-trong-cac-cua-hang-chuyen-doanh","DSTags":["1601970043","An Giang",null]},{"Type":11,"SolrID":"/1601967643-doanh-nghiep-tn-chi-tam","ID":0,"MaSoThue":"1601967643","NgayCap":"2015-03-24T00:00:00Z","Title":"Doanh Nghiệp TN Chí Tam","DiaChiCongTy":"Số 1273, Tổ 21, ấp Kinh Đào - Xã Phú Thuận - Huyện Thoại Sơn - An Giang","Created":"2015-11-17T05:50:05Z","Updated":"2015-11-17T05:50:05Z","IsDelete":false,"RequestChanged":false,"ExitsInGDT":false,"SourceID":0,"TinhThanhID":0,"TinhThanhTitle":"An Giang","TinhThanhTitleAscii":"/an-giang","QuanHuyenID":0,"NganhNgheTitle":"Xây dựng nhà các loại","NganhNgheTitleAscii":"/nganh-nghe/xay-dung-nha-cac-loai","DSTags":["1601967643","An Giang",null]},{"Type":11,"SolrID":"/1601916582-cong-ty-tnhh-mot-thanh-vien-my-pham-phuc-viet","ID":0,"MaSoThue":"1601916582","NgayCap":"2014-03-25T00:00:00Z","Title":"Công Ty TNHH Một Thành Viên Mỹ Phẩm Phúc Việt","DiaChiCongTy":"Khu Dân Cư ấp Kênh Đào - Xã Phú Thuận - Huyện Thoại Sơn - An Giang","Created":"2015-11-09T18:14:44Z","Updated":"2015-11-09T18:14:44Z","IsDelete":false,"RequestChanged":false,"ExitsInGDT":false,"SourceID":0,"TinhThanhID":0,"TinhThanhTitle":"An Giang","TinhThanhTitleAscii":"/an-giang","QuanHuyenID":0,"NganhNgheTitle":"Sản xuất mỹ phẩm, xà phòng, chất tẩy rửa, làm bóng và chế phẩm vệ sinh","NganhNgheTitleAscii":"/nganh-nghe/san-xuat-my-pham-xa-phong-chat-tay-rua-lam-bong-va-che-pham-ve-sinh","DSTags":["1601916582","An Giang",null]},{"Type":11,"SolrID":"/1601891320-cong-ty-tnhh-tm-dv-xd-thanh-phu-hoa","ID":0,"MaSoThue":"1601891320","NgayCap":"2013-10-10T00:00:00Z","Title":"Công Ty TNHH Tm - Dv - Xd Thành Phú Hòa","DiaChiCongTy":"Số 01, Lô A, ấp Kinh Đào - Xã Phú Thuận - Huyện Thoại Sơn - An Giang","Created":"2015-11-09T23:22:54Z","Updated":"2015-11-09T23:22:54Z","IsDelete":false,"RequestChanged":false,"ExitsInGDT":false,"SourceID":0,"TinhThanhID":0,"TinhThanhTitle":"An Giang","TinhThanhTitleAscii":"/an-giang","QuanHuyenID":0,"NganhNgheTitle":"Xây dựng nhà các loại","NganhNgheTitleAscii":"/nganh-nghe/xay-dung-nha-cac-loai","DSTags":["1601891320","An Giang",null]},{"Type":11,"SolrID":"/1601885863-truong-tieu-hoc-phu-thuan","ID":0,"MaSoThue":"1601885863","NgayCap":"2013-08-07T00:00:00Z","Title":"Trường Tiểu Học Phú Thuận","DiaChiCongTy":"Kinh Đào - Xã Phú Thuận - Huyện Thoại Sơn - An Giang","Created":"2015-11-16T20:47:50Z","Updated":"2015-11-16T20:47:50Z","IsDelete":false,"RequestChanged":false,"ExitsInGDT":false,"SourceID":0,"TinhThanhID":0,"TinhThanhTitle":"An Giang","TinhThanhTitleAscii":"/an-giang","QuanHuyenID":0,"NganhNgheTitle":"Giáo dục tiểu học","NganhNgheTitleAscii":"/nganh-nghe/giao-duc-tieu-hoc","DSTags":["1601885863","An Giang",null]},{"Type":11,"SolrID":"/1601879884-doanh-nghiep-tn-tiem-vang-hoang-vu-thoai-son","ID":0,"MaSoThue":"1601879884","NgayCap":"2013-06-13T00:00:00Z","Title":"Doanh Nghiệp TN Tiệm Vàng Hoàng Vũ Thoại Sơn","DiaChiCongTy":"Số 1550, ấp Hòa Tây B - Xã Phú Thuận - Huyện Thoại Sơn - An Giang","Created":"2015-11-16T21:37:46Z","Updated":"2015-11-16T21:37:46Z","IsDelete":false,"RequestChanged":false,"ExitsInGDT":false,"SourceID":0,"TinhThanhID":0,"TinhThanhTitle":"An Giang","TinhThanhTitleAscii":"/an-giang","QuanHuyenID":0,"NganhNgheTitle":"Bán buôn kim loại và quặng kim loại","NganhNgheTitleAscii":"/nganh-nghe/ban-buon-kim-loai-va-quang-kim-loai","DSTags":["1601879884","An Giang",null]},{"Type":11,"SolrID":"/1601702012-cong-ty-tnhh-mot-thanh-vien-van-tai-mai-yen","ID":0,"MaSoThue":"1601702012","NgayCap":"2012-03-30T00:00:00Z","Title":"Công Ty TNHH Một Thành Viên Vận Tải Mai Yến","DiaChiCongTy":"ấp Hòa Tây A - Xã Phú Thuận - Huyện Thoại Sơn - An Giang","Created":"2015-11-10T01:41:32Z","Updated":"2015-11-10T01:41:32Z","IsDelete":false,"RequestChanged":false,"ExitsInGDT":false,"SourceID":0,"TinhThanhID":0,"TinhThanhTitle":"An Giang","TinhThanhTitleAscii":"/an-giang","QuanHuyenID":0,"NganhNgheTitle":"Vận tải hàng hóa bằng đường bộ","NganhNgheTitleAscii":"/nganh-nghe/van-tai-hang-hoa-bang-duong-bo","DSTags":["1601702012","An Giang",null]},{"Type":11,"SolrID":"/1601546959-doanh-nghiep-tn-5-men","ID":0,"MaSoThue":"1601546959","NgayCap":"2011-09-15T00:00:00Z","Title":"Doanh Nghiệp TN 5 Mén","DiaChiCongTy":"ấp Hòa Tây A - Xã Phú Thuận - Huyện Thoại Sơn - An Giang","Created":"2015-11-10T01:45:26Z","Updated":"2015-11-10T01:45:26Z","IsDelete":false,"RequestChanged":false,"ExitsInGDT":false,"SourceID":0,"TinhThanhID":0,"TinhThanhTitle":"An Giang","TinhThanhTitleAscii":"/an-giang","QuanHuyenID":0,"NganhNgheTitle":"Bán buôn vật liệu, thiết bị lắp đặt khác trong xây dựng","NganhNgheTitleAscii":"/nganh-nghe/ban-buon-vat-lieu-thiet-bi-lap-dat-khac-trong-xay-dung","DSTags":["1601546959","An Giang",null]},{"Type":11,"SolrID":"/1800667281-doanh-nghiep-tn-xang-dau-loc-qui","ID":0,"MaSoThue":"1800667281","NgayCap":"2008-06-10T00:00:00Z","Title":"Doanh Nghiệp TN Xăng Dầu Lộc Quí","DiaChiCongTy":"Số 1615 QL 80, ấp Hòa Tây B - Xã Phú Thuận - Huyện Thoại Sơn - An Giang","Created":"2015-11-17T21:01:52Z","Updated":"2015-11-17T21:01:52Z","IsDelete":false,"RequestChanged":false,"ExitsInGDT":false,"SourceID":0,"TinhThanhID":0,"TinhThanhTitle":"An Giang","TinhThanhTitleAscii":"/an-giang","QuanHuyenID":0,"NganhNgheTitle":"Bán buôn nhiên liệu rắn, lỏng, khí và các sản phẩm liên quan","NganhNgheTitleAscii":"/nganh-nghe/ban-buon-nhien-lieu-ran-long-khi-va-cac-san-pham-lien-quan","DSTags":["1800667281","An Giang",null]},{"Type":11,"SolrID":"/1600903968-doanh-nghiep-tn-xang-dau-phu-thuan","ID":0,"MaSoThue":"1600903968","NgayCap":"2007-09-11T00:00:00Z","Title":"Doanh Nghiệp TN Xăng Dầu Phú Thuận","DiaChiCongTy":"Số 1027, ấp Kinh Đào - Xã Phú Thuận - Huyện Thoại Sơn - An Giang","Created":"2015-11-17T03:51:31Z","Updated":"2015-11-17T03:51:31Z","IsDelete":false,"RequestChanged":false,"ExitsInGDT":false,"SourceID":0,"TinhThanhID":0,"TinhThanhTitle":"An Giang","TinhThanhTitleAscii":"/an-giang","QuanHuyenID":0,"NganhNgheTitle":"Bán buôn nhiên liệu rắn, lỏng, khí và các sản phẩm liên quan","NganhNgheTitleAscii":"/nganh-nghe/ban-buon-nhien-lieu-ran-long-khi-va-cac-san-pham-lien-quan","DSTags":["1600903968","An Giang",null]},{"Type":11,"SolrID":"/1800655624-001-chi-nhanh-cong-ty-co-phan-thuy-san-nam-bo-tai-an-giang-trang-trai-thuy-san","ID":0,"MaSoThue":"1800655624-001","NgayCap":"2007-05-30T00:00:00Z","Title":"Chi nhánh Công ty Cổ phần Thủy sản Nam Bộ tại An Giang - Trang trại Thuỷ sản","DiaChiCongTy":"ấp Kênh Đào, xã Phú Thuận - Huyện Thoại Sơn - An Giang","Created":"2015-11-11T08:36:50Z","Updated":"2015-11-11T08:36:50Z","IsDelete":false,"RequestChanged":false,"ExitsInGDT":false,"SourceID":0,"TinhThanhID":0,"TinhThanhTitle":"An Giang","TinhThanhTitleAscii":"/an-giang","QuanHuyenID":0,"NganhNgheTitle":"Khai thác, nuôi trồng thuỷ sản","NganhNgheTitleAscii":"/nganh-nghe/khai-thac-nuoi-trong-thuy-san","DSTags":["1800655624-001","An Giang",null]},{"Type":11,"SolrID":"/1600851283-cong-ty-tnhh-thuong-mai-dich-vu-xuat-nhap-khau-phu-thuan","ID":0,"MaSoThue":"1600851283","NgayCap":"2006-10-10T00:00:00Z","Title":"Công ty TNHH Thương mại Dịch vụ Xuất nhập khẩu Phú Thuận","DiaChiCongTy":"ấp Hòa Tây A, xã Phú Thuận - Huyện Thoại Sơn - An Giang","Created":"2015-11-13T22:43:52Z","Updated":"2015-11-13T22:43:52Z","IsDelete":false,"RequestChanged":false,"ExitsInGDT":false,"SourceID":0,"TinhThanhID":0,"TinhThanhTitle":"An Giang","TinhThanhTitleAscii":"/an-giang","QuanHuyenID":0,"NganhNgheTitle":"Bán buôn (trừ ô tô, mô tô, xe máy và xe có động cơ khác)","NganhNgheTitleAscii":"/nganh-nghe/ban-buon-tru-o-to-mo-to-xe-may-va-xe-co-dong-co-khac","DSTags":["1600851283","An Giang",null]},{"Type":11,"SolrID":"/1600811562-truong-mau-giao-phu-thuan","ID":0,"MaSoThue":"1600811562","NgayCap":"2005-10-24T00:00:00Z","Title":"Trường Mẫu giáo Phú Thuận","DiaChiCongTy":"ấp Kinh Đào, xã Phú Thuận - Huyện Thoại Sơn - An Giang","Created":"2015-11-16T04:58:39Z","Updated":"2015-11-16T04:58:39Z","IsDelete":false,"RequestChanged":false,"ExitsInGDT":false,"SourceID":0,"TinhThanhID":0,"TinhThanhTitle":"An Giang","TinhThanhTitleAscii":"/an-giang","QuanHuyenID":0,"NganhNgheTitle":"Giáo dục mầm non","NganhNgheTitleAscii":"/nganh-nghe/giao-duc-mam-non","DSTags":["1600811562","An Giang",null]},{"Type":11,"SolrID":"/1600770612-ubnd-xa-phu-thuan","ID":0,"MaSoThue":"1600770612","NgayCap":"2005-03-23T00:00:00Z","Title":"UBND xã Phú Thuận","DiaChiCongTy":"ấp Kênh Đào, xã Phú Thuận - Huyện Thoại Sơn - An Giang","Created":"2015-11-16T16:40:44Z","Updated":"2015-11-16T16:40:44Z","IsDelete":false,"RequestChanged":false,"ExitsInGDT":false,"SourceID":0,"TinhThanhID":0,"TinhThanhTitle":"An Giang","TinhThanhTitleAscii":"/an-giang","QuanHuyenID":0,"NganhNgheTitle":"Hoạt động của Đảng cộng sản, tổ chức chính trị - xã hội, hoạt động quản lý nhà nước nói chung và kinh tế tổng hợp","NganhNgheTitleAscii":"/nganh-nghe/hoat-dong-cua-dang-cong-san-to-chuc-chinh-tri-xa-hoi-hoat-dong-quan-ly-nha-nuoc-noi-chung-va-kinh-te-tong-hop","DSTags":["1600770612","An Giang",null]},{"Type":11,"SolrID":"/1600729903-truong-trung-hoc-co-so-phu-thuan","ID":0,"MaSoThue":"1600729903","NgayCap":"2004-09-27T00:00:00Z","Title":"Trường Trung học Cơ sở Phú Thuận","DiaChiCongTy":"ấp Kinh Đào, xã Phú Thuận - Huyện Thoại Sơn - An Giang","Created":"2015-11-16T16:21:06Z","Updated":"2015-11-16T16:21:06Z","IsDelete":false,"RequestChanged":false,"ExitsInGDT":false,"SourceID":0,"TinhThanhID":0,"TinhThanhTitle":"An Giang","TinhThanhTitleAscii":"/an-giang","QuanHuyenID":0,"NganhNgheTitle":"Giáo dục trung học cơ sở và trung học phổ thông","NganhNgheTitleAscii":"/nganh-nghe/giao-duc-trung-hoc-co-so-va-trung-hoc-pho-thong","DSTags":["1600729903","An Giang",null]},{"Type":11,"SolrID":"/1600696126-truong-tieu-hoc-b-phu-thuan","ID":0,"MaSoThue":"1600696126","NgayCap":"2004-05-28T00:00:00Z","Title":"Trường Tiểu học B Phú Thuận","DiaChiCongTy":"ấp Hoà Tây B, xã Phú Thuận - Huyện Thoại Sơn - An Giang","Created":"2015-11-16T16:12:02Z","Updated":"2015-11-16T16:12:02Z","IsDelete":false,"RequestChanged":false,"ExitsInGDT":false,"SourceID":0,"TinhThanhID":0,"TinhThanhTitle":"An Giang","TinhThanhTitleAscii":"/an-giang","QuanHuyenID":0,"NganhNgheTitle":"Giáo dục tiểu học","NganhNgheTitleAscii":"/nganh-nghe/giao-duc-tieu-hoc","DSTags":["1600696126","An Giang",null]},{"Type":11,"SolrID":"/1600373710-017-truong-tieu-hoc-a-phu-thuan","ID":0,"MaSoThue":"1600373710-017","NgayCap":"1999-02-23T00:00:00Z","Title":"Trường Tiểu học A Phú Thuận","DiaChiCongTy":"ấp Kinh Đào, xã Phú Thuận - Huyện Thoại Sơn - An Giang","Created":"2015-11-17T19:49:44Z","Updated":"2015-11-17T19:49:44Z","IsDelete":false,"RequestChanged":false,"ExitsInGDT":false,"SourceID":0,"TinhThanhID":0,"TinhThanhTitle":"An Giang","TinhThanhTitleAscii":"/an-giang","QuanHuyenID":0,"NganhNgheTitle":"Giáo dục tiểu học","NganhNgheTitleAscii":"/nganh-nghe/giao-duc-tieu-hoc","DSTags":["1600373710-017","An Giang",null]}]}