{"ID":12227,"SolrID":"/an-giang/huyen-thoai-son/xa-phu-hoa","Title":"Xã Phú Hoà","TinhThanhTitle":"An Giang","QuanHuyenTitle":"Huyện Thoại Sơn","QuanHuyenID":207,"TinhThanhID":35,"Url":"https://thongtindoanhnghiep.co/api/company?l=/an-giang/huyen-thoai-son/xa-phu-hoa","Total":1,"List":[{"Type":11,"SolrID":"/1600488687-dntn-duc-minh","ID":0,"MaSoThue":"1600488687","NgayCap":"2000-04-04T00:00:00Z","Title":"DNTN Đức Minh","DiaChiCongTy":"ấp Phú Hữu Xã Phú Hoà - Huyện Thoại Sơn - An Giang","Created":"2015-11-17T00:29:55Z","Updated":"2015-11-17T00:29:55Z","IsDelete":false,"RequestChanged":false,"ExitsInGDT":false,"SourceID":0,"TinhThanhID":0,"TinhThanhTitle":"An Giang","TinhThanhTitleAscii":"/an-giang","QuanHuyenID":0,"NganhNgheTitle":"Bán lẻ nhiên liệu động cơ trong các cửa hàng chuyên doanh","NganhNgheTitleAscii":"/nganh-nghe/ban-le-nhien-lieu-dong-co-trong-cac-cua-hang-chuyen-doanh","DSTags":["1600488687","An Giang",null]}]}