{"ID":16316,"SolrID":"/an-giang/huyen-thoai-son/xa-phu-nhuan","Title":"Xã Phú Nhuận","TinhThanhTitle":"An Giang","QuanHuyenTitle":"Huyện Thoại Sơn","QuanHuyenID":207,"TinhThanhID":35,"Url":"https://thongtindoanhnghiep.co/api/company?l=/an-giang/huyen-thoai-son/xa-phu-nhuan","Total":1,"List":[{"Type":11,"SolrID":"/1601209079-cty-tnhh-mot-thanh-vien-d-t","ID":0,"MaSoThue":"1601209079","NgayCap":"2009-08-20T00:00:00Z","Title":"Cty TNHH Một Thành Viên Đ & T","DiaChiCongTy":"3 Lô A, ấp Kinh Đào, xã Phú Nhuận - Huyện Thoại Sơn - An Giang","Created":"2015-11-11T07:55:56Z","Updated":"2015-11-11T07:55:56Z","IsDelete":false,"RequestChanged":false,"ExitsInGDT":false,"SourceID":0,"TinhThanhID":0,"TinhThanhTitle":"An Giang","TinhThanhTitleAscii":"/an-giang","QuanHuyenID":0,"NganhNgheTitle":"Bán buôn (trừ ô tô, mô tô, xe máy và xe có động cơ khác)","NganhNgheTitleAscii":"/nganh-nghe/ban-buon-tru-o-to-mo-to-xe-may-va-xe-co-dong-co-khac","DSTags":["1601209079","An Giang",null]}]}