{"ID":7914,"SolrID":"/an-giang/huyen-thoai-son/xa-tay-phu","Title":"Xã Tây Phú","TinhThanhTitle":"An Giang","QuanHuyenTitle":"Huyện Thoại Sơn","QuanHuyenID":207,"TinhThanhID":35,"Url":"https://thongtindoanhnghiep.co/api/company?l=/an-giang/huyen-thoai-son/xa-tay-phu","Total":15,"List":[{"Type":11,"SolrID":"/1602143279-cong-ty-tnhh-san-xuat-va-thuong-mai-binh-minh-ag","ID":0,"MaSoThue":"1602143279","NgayCap":"2021-03-13T00:00:00Z","Title":"Công Ty TNHH Sản Xuất Và Thương Mại Bình Minh Ag","DiaChiCongTy":"Số 196, Ấp Phú Hoà, Xã Tây Phú, Huyện Thoại Sơn, Tỉnh An Giang","Created":"2021-03-13T11:36:32Z","Updated":"2021-03-13T11:36:32Z","IsDelete":false,"RequestChanged":false,"ExitsInGDT":false,"SourceID":0,"TinhThanhID":0,"TinhThanhTitle":"An Giang","TinhThanhTitleAscii":"/an-giang","QuanHuyenID":0,"NganhNgheTitle":"Sản xuất phân bón và hợp chất ni tơ","NganhNgheTitleAscii":"/nganh-nghe/san-xuat-phan-bon-va-hop-chat-ni-to","DSTags":["1602143279","An Giang",null]},{"Type":11,"SolrID":"/1602065038-cong-ty-tnhh-mtv-luong-thuc-tay-phu","ID":0,"MaSoThue":"1602065038","NgayCap":"2018-03-08T00:00:00Z","Title":"Công Ty TNHH Mtv Lương Thực Tây Phú","DiaChiCongTy":"Tổ 6, Ấp Phú Hòa, Xã Tây Phú, Huyện Thoại Sơn, Tỉnh An Giang","Created":"2018-03-08T14:26:15Z","Updated":"2018-03-08T14:26:15Z","IsDelete":false,"RequestChanged":false,"ExitsInGDT":false,"SourceID":0,"TinhThanhID":0,"TinhThanhTitle":"An Giang","TinhThanhTitleAscii":"/an-giang","QuanHuyenID":0,"NganhNgheTitle":"Bán buôn nông, lâm sản nguyên liệu (trừ gỗ, tre, nứa) và động vật sống","NganhNgheTitleAscii":"/nganh-nghe/ban-buon-nong-lam-san-nguyen-lieu-tru-go-tre-nua-va-dong-vat-song","DSTags":["1602065038","An Giang",null]},{"Type":11,"SolrID":"/1601990723-truong-trung-hoc-co-so-tay-phu","ID":0,"MaSoThue":"1601990723","NgayCap":"2015-12-08T00:00:00Z","Title":"Trường Trung Học Cơ Sở Tây Phú","DiaChiCongTy":"Phú Thuận - Xã Tây Phú - Huyện Thoại Sơn - An Giang","Created":"2015-12-08T16:50:05Z","Updated":"2015-12-08T16:50:05Z","IsDelete":false,"RequestChanged":false,"ExitsInGDT":false,"SourceID":0,"TinhThanhID":0,"TinhThanhTitle":"An Giang","TinhThanhTitleAscii":"/an-giang","QuanHuyenID":0,"NganhNgheTitle":"Giáo dục trung học cơ sở","NganhNgheTitleAscii":"/nganh-nghe/giao-duc-trung-hoc-co-so","DSTags":["1601990723","An Giang",null]},{"Type":11,"SolrID":"/1600184590-068-chi-nhanh-cong-ty-tnhh-mot-thanh-vien-xang-dau-an-giang-cua-hang-xang-dau-tay-phu","ID":0,"MaSoThue":"1600184590-068","NgayCap":"2015-05-22T00:00:00Z","Title":"Chi Nhánh Công Ty TNHH Một Thành Viên Xăng Dầu An Giang - Cửa Hàng Xăng Dầu Tây Phú","DiaChiCongTy":"ấp Phú Thuận - Xã Tây Phú - Huyện Thoại Sơn - An Giang","Created":"2015-11-18T17:00:35Z","Updated":"2015-11-18T17:00:35Z","IsDelete":false,"RequestChanged":false,"ExitsInGDT":false,"SourceID":0,"TinhThanhID":0,"TinhThanhTitle":"An Giang","TinhThanhTitleAscii":"/an-giang","QuanHuyenID":0,"NganhNgheTitle":"Bán buôn nhiên liệu rắn, lỏng, khí và các sản phẩm liên quan","NganhNgheTitleAscii":"/nganh-nghe/ban-buon-nhien-lieu-ran-long-khi-va-cac-san-pham-lien-quan","DSTags":["1600184590-068","An Giang",null]},{"Type":11,"SolrID":"/1601967428-hop-tac-xa-nong-nghiep-tay-phu","ID":0,"MaSoThue":"1601967428","NgayCap":"2015-03-20T00:00:00Z","Title":"Hợp Tác Xã Nông Nghiệp Tây Phú","DiaChiCongTy":"Số 272, Tổ 11, ấp Phú Thuận - Xã Tây Phú - Huyện Thoại Sơn - An Giang","Created":"2015-11-17T05:39:27Z","Updated":"2015-11-17T05:39:27Z","IsDelete":false,"RequestChanged":false,"ExitsInGDT":false,"SourceID":0,"TinhThanhID":0,"TinhThanhTitle":"An Giang","TinhThanhTitleAscii":"/an-giang","QuanHuyenID":0,"NganhNgheTitle":"Bán buôn phân bón, thuốc trừ sâu và hóa chất khác sử dụng trong nông nghiệp","NganhNgheTitleAscii":"/nganh-nghe/ban-buon-phan-bon-thuoc-tru-sau-va-hoa-chat-khac-su-dung-trong-nong-nghiep","DSTags":["1601967428","An Giang",null]},{"Type":11,"SolrID":"/1601881650-doanh-nghiep-tn-tiem-vang-tan-hue","ID":0,"MaSoThue":"1601881650","NgayCap":"2013-06-26T00:00:00Z","Title":"Doanh Nghiệp TN Tiệm Vàng Tân Huệ","DiaChiCongTy":"Số 149B, chợ ấp Phú Thuận - Xã Tây Phú - Huyện Thoại Sơn - An Giang","Created":"2015-11-09T20:53:26Z","Updated":"2015-11-09T20:53:26Z","IsDelete":false,"RequestChanged":false,"ExitsInGDT":false,"SourceID":0,"TinhThanhID":0,"TinhThanhTitle":"An Giang","TinhThanhTitleAscii":"/an-giang","QuanHuyenID":0,"NganhNgheTitle":"Bán buôn kim loại và quặng kim loại","NganhNgheTitleAscii":"/nganh-nghe/ban-buon-kim-loai-va-quang-kim-loai","DSTags":["1601881650","An Giang",null]},{"Type":11,"SolrID":"/1601877090-doanh-nghiep-tn-tiem-vang-di-phuc","ID":0,"MaSoThue":"1601877090","NgayCap":"2013-05-29T00:00:00Z","Title":"Doanh Nghiệp TN Tiệm Vàng Di Phúc","DiaChiCongTy":"Kios D1, Nhà lồng chợ Tây Phú - Xã Tây Phú - Huyện Thoại Sơn - An Giang","Created":"2015-11-17T08:11:54Z","Updated":"2015-11-17T08:11:54Z","IsDelete":false,"RequestChanged":false,"ExitsInGDT":false,"SourceID":0,"TinhThanhID":0,"TinhThanhTitle":"An Giang","TinhThanhTitleAscii":"/an-giang","QuanHuyenID":0,"NganhNgheTitle":"Bán buôn kim loại và quặng kim loại","NganhNgheTitleAscii":"/nganh-nghe/ban-buon-kim-loai-va-quang-kim-loai","DSTags":["1601877090","An Giang",null]},{"Type":11,"SolrID":"/1600191767-038-chi-nhanh-cong-ty-cp-du-lich-an-giang-nha-may-che-bien-gao-xuat-khau-tay-phu","ID":0,"MaSoThue":"1600191767-038","NgayCap":"2010-12-17T00:00:00Z","Title":"Chi Nhánh Công Ty CP Du Lịch An Giang-Nhà Máy Chế Biến Gạo Xuất Khẩu Tây Phú","DiaChiCongTy":"Tổ 6, ấp Phú Hòa - Xã Tây Phú - Huyện Thoại Sơn - An Giang","Created":"2015-11-10T01:40:17Z","Updated":"2015-11-10T01:40:17Z","IsDelete":false,"RequestChanged":false,"ExitsInGDT":false,"SourceID":0,"TinhThanhID":0,"TinhThanhTitle":"An Giang","TinhThanhTitleAscii":"/an-giang","QuanHuyenID":0,"NganhNgheTitle":"Khai khoáng khác chưa được phân vào đâu","NganhNgheTitleAscii":"/nganh-nghe/khai-khoang-khac-chua-duoc-phan-vao-dau-10612","DSTags":["1600191767-038","An Giang",null]},{"Type":11,"SolrID":"/1600912095-doanh-nghiep-tn-da-chi","ID":0,"MaSoThue":"1600912095","NgayCap":"2007-11-30T00:00:00Z","Title":"Doanh Nghiệp TN Đà Chi","DiaChiCongTy":"Số 178, tổ 8, ấp Phú Thuận - Xã Tây Phú - Huyện Thoại Sơn - An Giang","Created":"2015-11-17T03:44:10Z","Updated":"2015-11-17T03:44:10Z","IsDelete":false,"RequestChanged":false,"ExitsInGDT":false,"SourceID":0,"TinhThanhID":0,"TinhThanhTitle":"An Giang","TinhThanhTitleAscii":"/an-giang","QuanHuyenID":0,"NganhNgheTitle":"Bán buôn nhiên liệu rắn, lỏng, khí và các sản phẩm liên quan","NganhNgheTitleAscii":"/nganh-nghe/ban-buon-nhien-lieu-ran-long-khi-va-cac-san-pham-lien-quan","DSTags":["1600912095","An Giang",null]},{"Type":11,"SolrID":"/1600191767-024-nha-may-che-bien-gao-xuat-khau-tay-phu","ID":0,"MaSoThue":"1600191767-024","NgayCap":"2007-05-18T00:00:00Z","Title":"Nhà máy Chế biến Gạo Xuất khẩu Tây Phú","DiaChiCongTy":"Tổ 6, ấp Phú Hòa, xã Tây Phú - Huyện Thoại Sơn - An Giang","Created":"2015-11-11T05:43:59Z","Updated":"2015-11-11T05:43:59Z","IsDelete":false,"RequestChanged":false,"ExitsInGDT":false,"SourceID":0,"TinhThanhID":0,"TinhThanhTitle":"An Giang","TinhThanhTitleAscii":"/an-giang","QuanHuyenID":0,"NganhNgheTitle":"Bán buôn (trừ ô tô, mô tô, xe máy và xe có động cơ khác)","NganhNgheTitleAscii":"/nganh-nghe/ban-buon-tru-o-to-mo-to-xe-may-va-xe-co-dong-co-khac","DSTags":["1600191767-024","An Giang",null]},{"Type":11,"SolrID":"/1600849943-truong-mau-giao-tay-phu","ID":0,"MaSoThue":"1600849943","NgayCap":"2006-09-18T00:00:00Z","Title":"Trường Mẫu giáo Tây Phú","DiaChiCongTy":"ấp Phú Hòa, xã Tây Phú - Huyện Thoại Sơn - An Giang","Created":"2015-11-16T17:39:46Z","Updated":"2015-11-16T17:39:46Z","IsDelete":false,"RequestChanged":false,"ExitsInGDT":false,"SourceID":0,"TinhThanhID":0,"TinhThanhTitle":"An Giang","TinhThanhTitleAscii":"/an-giang","QuanHuyenID":0,"NganhNgheTitle":"Giáo dục mầm non","NganhNgheTitleAscii":"/nganh-nghe/giao-duc-mam-non","DSTags":["1600849943","An Giang",null]},{"Type":11,"SolrID":"/1600829834-cong-ty-tnhh-loi-nguyen","ID":0,"MaSoThue":"1600829834","NgayCap":"2006-03-01T00:00:00Z","Title":"Công ty TNHH Lợi Nguyên","DiaChiCongTy":"Tổ 12, ấp Phú Thuận, xã Tây Phú - Huyện Thoại Sơn - An Giang","Created":"2015-11-13T22:44:37Z","Updated":"2015-11-13T22:44:37Z","IsDelete":false,"RequestChanged":false,"ExitsInGDT":false,"SourceID":0,"TinhThanhID":0,"TinhThanhTitle":"An Giang","TinhThanhTitleAscii":"/an-giang","QuanHuyenID":0,"NganhNgheTitle":"Xây dựng công trình kỹ thuật dân dụng","NganhNgheTitleAscii":"/nganh-nghe/xay-dung-cong-trinh-ky-thuat-dan-dung","DSTags":["1600829834","An Giang",null]},{"Type":11,"SolrID":"/1600372883-005-truong-thcs-tay-phu-thoai-son","ID":0,"MaSoThue":"1600372883-005","NgayCap":"1999-04-05T00:00:00Z","Title":"Trường THCS Tây Phú Thoại Sơn","DiaChiCongTy":"Xã Tây Phú - Huyện Thoại Sơn - An Giang","Created":"2015-11-17T19:49:28Z","Updated":"2015-11-17T19:49:28Z","IsDelete":false,"RequestChanged":false,"ExitsInGDT":false,"SourceID":0,"TinhThanhID":0,"TinhThanhTitle":"An Giang","TinhThanhTitleAscii":"/an-giang","QuanHuyenID":0,"NganhNgheTitle":"Giáo dục trung học cơ sở và trung học phổ thông","NganhNgheTitleAscii":"/nganh-nghe/giao-duc-trung-hoc-co-so-va-trung-hoc-pho-thong","DSTags":["1600372883-005","An Giang",null]},{"Type":11,"SolrID":"/1600373710-021-truong-tieu-hoc-c-tay-phu","ID":0,"MaSoThue":"1600373710-021","NgayCap":"1999-02-23T00:00:00Z","Title":"Trường Tiểu học C Tây Phú","DiaChiCongTy":"ấp Phú An, xã Tây Phú - Huyện Thoại Sơn - An Giang","Created":"2015-11-18T15:49:52Z","Updated":"2015-11-18T15:49:52Z","IsDelete":false,"RequestChanged":false,"ExitsInGDT":false,"SourceID":0,"TinhThanhID":0,"TinhThanhTitle":"An Giang","TinhThanhTitleAscii":"/an-giang","QuanHuyenID":0,"NganhNgheTitle":"Giáo dục tiểu học","NganhNgheTitleAscii":"/nganh-nghe/giao-duc-tieu-hoc","DSTags":["1600373710-021","An Giang",null]},{"Type":11,"SolrID":"/1600373710-020-truong-tieu-hoc-tay-phu","ID":0,"MaSoThue":"1600373710-020","NgayCap":"1999-02-23T00:00:00Z","Title":"Trường Tiểu học  Tây Phú","DiaChiCongTy":"ấp Phú Bình, xã Tây Phú - Huyện Thoại Sơn - An Giang","Created":"2015-11-17T19:49:47Z","Updated":"2015-11-17T19:49:47Z","IsDelete":false,"RequestChanged":false,"ExitsInGDT":false,"SourceID":0,"TinhThanhID":0,"TinhThanhTitle":"An Giang","TinhThanhTitleAscii":"/an-giang","QuanHuyenID":0,"NganhNgheTitle":"Giáo dục tiểu học","NganhNgheTitleAscii":"/nganh-nghe/giao-duc-tieu-hoc","DSTags":["1600373710-020","An Giang",null]}]}