{"ID":1777,"SolrID":"/an-giang/huyen-thoai-son/xa-thoai-giang","Title":"Xã Thoại Giang","TinhThanhTitle":"An Giang","QuanHuyenTitle":"Huyện Thoại Sơn","QuanHuyenID":207,"TinhThanhID":35,"Url":"https://thongtindoanhnghiep.co/api/company?l=/an-giang/huyen-thoai-son/xa-thoai-giang","Total":43,"List":[{"Type":11,"SolrID":"/1602146431-cong-ty-tnhh-huu-xuan-nhi","ID":0,"MaSoThue":"1602146431","NgayCap":"2021-04-26T00:00:00Z","Title":"Công Ty TNHH Hữu Xuân Nhi","DiaChiCongTy":"Tổ 1, Ấp Trung Bình, Xã Thoại Giang, Huyện Thoại Sơn, Tỉnh An Giang","Created":"2021-04-26T11:37:28Z","Updated":"2021-04-26T11:37:28Z","IsDelete":false,"RequestChanged":false,"ExitsInGDT":false,"SourceID":0,"TinhThanhID":0,"TinhThanhTitle":"An Giang","TinhThanhTitleAscii":"/an-giang","QuanHuyenID":0,"NganhNgheTitle":"Bán buôn kim loại và quặng kim loại","NganhNgheTitleAscii":"/nganh-nghe/ban-buon-kim-loai-va-quang-kim-loai","DSTags":["1602146431","An Giang",null]},{"Type":11,"SolrID":"/1602076600-cong-ty-tnhh-phong-kham-da-khoa-tam-duc-thoai-son","ID":0,"MaSoThue":"1602076600","NgayCap":"2018-07-16T00:00:00Z","Title":"Công Ty TNHH Phòng Khám Đa Khoa Tâm Đức Thoại Sơn","DiaChiCongTy":"Số 26, Tổ 1, Ấp Trung Bình, Xã Thoại Giang, Huyện Thoại Sơn, Tỉnh An Giang","Created":"2018-07-16T07:53:51Z","Updated":"2019-12-24T13:00:51Z","IsDelete":false,"RequestChanged":false,"ExitsInGDT":false,"SourceID":0,"TinhThanhID":0,"TinhThanhTitle":"An Giang","TinhThanhTitleAscii":"/an-giang","QuanHuyenID":0,"NganhNgheTitle":"Hoạt động của các phòng khám đa khoa, chuyên khoa và nha khoa","NganhNgheTitleAscii":"/nganh-nghe/hoat-dong-cua-cac-phong-kham-da-khoa-chuyen-khoa-va-nha-khoa","DSTags":["1602076600","An Giang",null]},{"Type":11,"SolrID":"/1602063087-cong-ty-tnhh-xay-dung-phu-long-son","ID":0,"MaSoThue":"1602063087","NgayCap":"2018-01-27T00:00:00Z","Title":"Công Ty TNHH Xây Dựng Phú Long Sơn","DiaChiCongTy":"Số 448, Ấp Tây Bình, Xã Thoại Giang, Huyện Thoại Sơn, Tỉnh An Giang","Created":"2018-01-27T10:31:47Z","Updated":"2018-01-27T10:31:47Z","IsDelete":false,"RequestChanged":false,"ExitsInGDT":false,"SourceID":0,"TinhThanhID":0,"TinhThanhTitle":"An Giang","TinhThanhTitleAscii":"/an-giang","QuanHuyenID":0,"NganhNgheTitle":"Xây dựng nhà các loại","NganhNgheTitleAscii":"/nganh-nghe/xay-dung-nha-cac-loai","DSTags":["1602063087","An Giang",null]},{"Type":11,"SolrID":"/1602054621-cong-ty-tnhh-mot-thanh-vien-thuoc-bao-ve-thuc-vat-ngoc-diep","ID":0,"MaSoThue":"1602054621","NgayCap":"2017-11-09T00:00:00Z","Title":"Công Ty TNHH Một Thành Viên Thuốc Bảo Vệ Thực Vật Ngọc Diệp","DiaChiCongTy":"Số 340, Ấp Trung Bình, Xã Thoại Giang, Huyện Thoại Sơn, Tỉnh An Giang","Created":"2017-11-09T08:05:07Z","Updated":"2017-11-09T08:05:07Z","IsDelete":false,"RequestChanged":false,"ExitsInGDT":false,"SourceID":0,"TinhThanhID":0,"TinhThanhTitle":"An Giang","TinhThanhTitleAscii":"/an-giang","QuanHuyenID":0,"NganhNgheTitle":"Bán buôn chuyên doanh khác chưa được phân vào đâu","NganhNgheTitleAscii":"/nganh-nghe/ban-buon-chuyen-doanh-khac-chua-duoc-phan-vao-dau","DSTags":["1602054621","An Giang",null]},{"Type":11,"SolrID":"/1602047046-cong-ty-tnhh-nam-hung-dat","ID":0,"MaSoThue":"1602047046","NgayCap":"2017-08-05T00:00:00Z","Title":"Công Ty TNHH Năm Hưng Đạt","DiaChiCongTy":"Số 82, Tổ 3, Ấp Bắc Thạnh, Xã Thoại Giang, Huyện Thoại Sơn, Tỉnh An Giang","Created":"2017-08-05T09:11:32Z","Updated":"2017-08-05T09:11:32Z","IsDelete":false,"RequestChanged":false,"ExitsInGDT":false,"SourceID":0,"TinhThanhID":0,"TinhThanhTitle":"An Giang","TinhThanhTitleAscii":"/an-giang","QuanHuyenID":0,"NganhNgheTitle":"Cho thuê máy móc, thiết bị và đồ dùng hữu hình khác","NganhNgheTitleAscii":"/nganh-nghe/cho-thue-may-moc-thiet-bi-va-do-dung-huu-hinh-khac","DSTags":["1602047046","An Giang",null]},{"Type":11,"SolrID":"/1602034110-cong-ty-tnhh-luong-thuc-truong-giang","ID":0,"MaSoThue":"1602034110","NgayCap":"2017-02-23T00:00:00Z","Title":"Công Ty TNHH Lương Thực Trường Giang","DiaChiCongTy":"Ấp Bắc Thạnh, Xã Thoại Giang, Huyện Thoại Sơn, Tỉnh An Giang","Created":"2017-02-23T08:08:05Z","Updated":"2017-02-23T08:08:05Z","IsDelete":false,"RequestChanged":false,"ExitsInGDT":false,"SourceID":0,"TinhThanhID":0,"TinhThanhTitle":"An Giang","TinhThanhTitleAscii":"/an-giang","QuanHuyenID":0,"NganhNgheTitle":"Khai khoáng khác chưa được phân vào đâu","NganhNgheTitleAscii":"/nganh-nghe/khai-khoang-khac-chua-duoc-phan-vao-dau-10612","DSTags":["1602034110","An Giang",null]},{"Type":11,"SolrID":"/3700381324-230-chi-nhanh-cong-ty-co-phan-tap-doan-hoa-sen-tai-thoai-son-an-giang","ID":0,"MaSoThue":"3700381324-230","NgayCap":"2016-08-01T00:00:00Z","Title":"CHI NHáNH CôNG TY Cổ PHầN TậP ĐOàN HOA SEN TạI THOạI SơN - AN GIANG","DiaChiCongTy":"Đường tỉnh 943, ấp Trung Bình - Xã Thoại Giang - Huyện Thoại Sơn - An Giang","Created":"2016-08-05T17:33:58Z","Updated":"2016-09-10T18:02:24Z","IsDelete":false,"RequestChanged":false,"ExitsInGDT":false,"SourceID":0,"TinhThanhID":0,"TinhThanhTitle":"An Giang","TinhThanhTitleAscii":"/an-giang","QuanHuyenID":0,"DSTags":["3700381324-230","An Giang",null]},{"Type":11,"SolrID":"/1602012702-cong-ty-tnhh-mot-thanh-vien-duc-huy-thoai-giang","ID":0,"MaSoThue":"1602012702","NgayCap":"2016-06-20T00:00:00Z","Title":"Công Ty TNHH Một Thành Viên Đức Huy Thoại Giang","DiaChiCongTy":"ấp Tây Bình - Xã Thoại Giang - Huyện Thoại Sơn - An Giang","Created":"2016-06-22T16:48:43Z","Updated":"2016-06-22T16:48:43Z","IsDelete":false,"RequestChanged":false,"ExitsInGDT":false,"SourceID":0,"TinhThanhID":0,"TinhThanhTitle":"An Giang","TinhThanhTitleAscii":"/an-giang","QuanHuyenID":0,"NganhNgheTitle":"Chuẩn bị mặt bằng","NganhNgheTitleAscii":"/nganh-nghe/chuan-bi-mat-bang","DSTags":["1602012702","An Giang",null]},{"Type":11,"SolrID":"/1602009192-cong-ty-tnhh-ba-la-phong-an-giang","ID":0,"MaSoThue":"1602009192","NgayCap":"2016-05-13T00:00:00Z","Title":"Công Ty TNHH Ba Lá Phong An Giang","DiaChiCongTy":"Số 109, ấp Trung Bình - Xã Thoại Giang - Huyện Thoại Sơn - An Giang","Created":"2016-05-26T12:01:00Z","Updated":"2016-05-26T12:01:00Z","IsDelete":false,"RequestChanged":false,"ExitsInGDT":false,"SourceID":0,"TinhThanhID":0,"TinhThanhTitle":"An Giang","TinhThanhTitleAscii":"/an-giang","QuanHuyenID":0,"NganhNgheTitle":"Xử lý hạt giống để nhân giống","NganhNgheTitleAscii":"/nganh-nghe/xu-ly-hat-giong-de-nhan-giong","DSTags":["1602009192","An Giang",null]},{"Type":11,"SolrID":"/1602009033-cong-ty-tnhh-mot-thanh-vien-khai-thac-thuy-loi-nguyen-huong","ID":0,"MaSoThue":"1602009033","NgayCap":"2016-05-11T00:00:00Z","Title":"Công Ty TNHH Một Thành Viên Khai Thác Thủy Lợi Nguyễn Hưởng","DiaChiCongTy":"Số 368, ấp Tây Bình - Xã Thoại Giang - Huyện Thoại Sơn - An Giang","Created":"2016-05-13T04:55:10Z","Updated":"2016-05-13T04:55:10Z","IsDelete":false,"RequestChanged":false,"ExitsInGDT":false,"SourceID":0,"TinhThanhID":0,"TinhThanhTitle":"An Giang","TinhThanhTitleAscii":"/an-giang","QuanHuyenID":0,"NganhNgheTitle":"Chuẩn bị mặt bằng","NganhNgheTitleAscii":"/nganh-nghe/chuan-bi-mat-bang","DSTags":["1602009033","An Giang",null]},{"Type":11,"SolrID":"/1602000016-truong-tieu-hoc-a-thoai-giang","ID":0,"MaSoThue":"1602000016","NgayCap":"2016-01-25T00:00:00Z","Title":"Trường Tiểu Học A Thoại Giang","DiaChiCongTy":"Tây Bình - Xã Thoại Giang - Huyện Thoại Sơn - An Giang","Created":"2016-01-26T14:10:06Z","Updated":"2016-01-26T14:10:06Z","IsDelete":false,"RequestChanged":false,"ExitsInGDT":false,"SourceID":0,"TinhThanhID":0,"TinhThanhTitle":"An Giang","TinhThanhTitleAscii":"/an-giang","QuanHuyenID":0,"NganhNgheTitle":"Giáo dục tiểu học","NganhNgheTitleAscii":"/nganh-nghe/giao-duc-tieu-hoc","DSTags":["1602000016","An Giang",null]},{"Type":11,"SolrID":"/1601986678-truong-tieu-hoc-b-thoai-giang","ID":0,"MaSoThue":"1601986678","NgayCap":"2015-11-06T00:00:00Z","Title":"Trường Tiểu Học B Thoại Giang","DiaChiCongTy":"Trung Bình - Xã Thoại Giang - Huyện Thoại Sơn - An Giang","Created":"2015-11-19T13:11:59Z","Updated":"2015-11-19T13:11:59Z","IsDelete":false,"RequestChanged":false,"ExitsInGDT":false,"SourceID":0,"TinhThanhID":0,"TinhThanhTitle":"An Giang","TinhThanhTitleAscii":"/an-giang","QuanHuyenID":0,"NganhNgheTitle":"Giáo dục tiểu học","NganhNgheTitleAscii":"/nganh-nghe/giao-duc-tieu-hoc","DSTags":["1601986678","An Giang",null]},{"Type":11,"SolrID":"/1601972837-cong-ty-tnhh-mot-thanh-vien-xay-dung-thuong-mai-va-dich-vu-van-tai-trong-nhan","ID":0,"MaSoThue":"1601972837","NgayCap":"2015-05-20T00:00:00Z","Title":"Công Ty TNHH Một Thành Viên Xây Dựng Thương Mại Và Dịch Vụ Vận Tải Trọng Nhân","DiaChiCongTy":"ấp Trung Bình - Xã Thoại Giang - Huyện Thoại Sơn - An Giang","Created":"2015-11-18T02:41:49Z","Updated":"2015-11-18T02:41:49Z","IsDelete":false,"RequestChanged":false,"ExitsInGDT":false,"SourceID":0,"TinhThanhID":0,"TinhThanhTitle":"An Giang","TinhThanhTitleAscii":"/an-giang","QuanHuyenID":0,"NganhNgheTitle":"Xây dựng nhà các loại","NganhNgheTitleAscii":"/nganh-nghe/xay-dung-nha-cac-loai","DSTags":["1601972837","An Giang",null]},{"Type":11,"SolrID":"/1601969601-cong-ty-tnhh-mot-thanh-vien-phat-tien-thoai-son","ID":0,"MaSoThue":"1601969601","NgayCap":"2015-04-14T00:00:00Z","Title":"Công Ty TNHH Một Thành Viên Phát Tiến Thoại Sơn","DiaChiCongTy":"289, ấp Bắc Thạnh - Xã Thoại Giang - Huyện Thoại Sơn - An Giang","Created":"2015-11-17T08:55:29Z","Updated":"2015-11-17T08:55:29Z","IsDelete":false,"RequestChanged":false,"ExitsInGDT":false,"SourceID":0,"TinhThanhID":0,"TinhThanhTitle":"An Giang","TinhThanhTitleAscii":"/an-giang","QuanHuyenID":0,"NganhNgheTitle":"Bán buôn nông, lâm sản nguyên liệu (trừ gỗ, tre, nứa) và động vật sống","NganhNgheTitleAscii":"/nganh-nghe/ban-buon-nong-lam-san-nguyen-lieu-tru-go-tre-nua-va-dong-vat-song","DSTags":["1601969601","An Giang",null]},{"Type":11,"SolrID":"/1601934831-001-chi-nhanh-cong-ty-tnhh-mot-thanh-vien-giai-tri-bach-bao-tai-thoai-son","ID":0,"MaSoThue":"1601934831-001","NgayCap":"2014-11-26T00:00:00Z","Title":"Chi Nhánh Công Ty TNHH Một Thành Viên Giải Trí Bách Bảo Tại Thoại Sơn","DiaChiCongTy":"ấp Tây Bình - Xã Thoại Giang - Huyện Thoại Sơn - An Giang","Created":"2015-11-18T04:46:43Z","Updated":"2015-11-18T04:46:43Z","IsDelete":false,"RequestChanged":false,"ExitsInGDT":false,"SourceID":0,"TinhThanhID":0,"TinhThanhTitle":"An Giang","TinhThanhTitleAscii":"/an-giang","QuanHuyenID":0,"NganhNgheTitle":"Hoạt động vui chơi giải trí khác chưa được phân vào đâu","NganhNgheTitleAscii":"/nganh-nghe/hoat-dong-vui-choi-giai-tri-khac-chua-duoc-phan-vao-dau","DSTags":["1601934831-001","An Giang",null]},{"Type":11,"SolrID":"/1601910654-cong-ty-tnhh-thuong-mai-dich-vu-computer-t-t","ID":0,"MaSoThue":"1601910654","NgayCap":"2014-02-18T00:00:00Z","Title":"Công Ty TNHH Thương Mại Dịch Vụ Computer T&T","DiaChiCongTy":"ấp Tây Bình - Xã Thoại Giang - Huyện Thoại Sơn - An Giang","Created":"2015-11-09T16:17:02Z","Updated":"2015-11-09T16:17:02Z","IsDelete":false,"RequestChanged":false,"ExitsInGDT":false,"SourceID":0,"TinhThanhID":0,"TinhThanhTitle":"An Giang","TinhThanhTitleAscii":"/an-giang","QuanHuyenID":0,"NganhNgheTitle":"Bán buôn máy vi tính, thiết bị ngoại vi và phần mềm","NganhNgheTitleAscii":"/nganh-nghe/ban-buon-may-vi-tinh-thiet-bi-ngoai-vi-va-phan-mem","DSTags":["1601910654","An Giang",null]},{"Type":11,"SolrID":"/1601909200-cong-ty-tnhh-xay-dung-48","ID":0,"MaSoThue":"1601909200","NgayCap":"2014-02-07T00:00:00Z","Title":"Công Ty TNHH Xây Dựng 48","DiaChiCongTy":"ấp Trung Bình - Xã Thoại Giang - Huyện Thoại Sơn - An Giang","Created":"2015-11-09T14:33:59Z","Updated":"2015-11-09T14:33:59Z","IsDelete":false,"RequestChanged":false,"ExitsInGDT":false,"SourceID":0,"TinhThanhID":0,"TinhThanhTitle":"An Giang","TinhThanhTitleAscii":"/an-giang","QuanHuyenID":0,"NganhNgheTitle":"Chuẩn bị mặt bằng","NganhNgheTitleAscii":"/nganh-nghe/chuan-bi-mat-bang","DSTags":["1601909200","An Giang",null]},{"Type":11,"SolrID":"/1601906760-cong-ty-tnhh-mot-thanh-vien-kim-huong-thoai-son","ID":0,"MaSoThue":"1601906760","NgayCap":"2014-01-14T00:00:00Z","Title":"Công Ty TNHH Một Thành Viên Kim Hương Thoại Sơn","DiaChiCongTy":"ấp Bắc Thạnh - Xã Thoại Giang - Huyện Thoại Sơn - An Giang","Created":"2015-11-11T17:07:50Z","Updated":"2015-11-11T17:07:50Z","IsDelete":false,"RequestChanged":false,"ExitsInGDT":false,"SourceID":0,"TinhThanhID":0,"TinhThanhTitle":"An Giang","TinhThanhTitleAscii":"/an-giang","QuanHuyenID":0,"NganhNgheTitle":"Bán buôn gạo","NganhNgheTitleAscii":"/nganh-nghe/ban-buon-gao","DSTags":["1601906760","An Giang",null]},{"Type":11,"SolrID":"/1601906496-cong-ty-tnhh-tu-van-xay-dung-duc-an-thinh","ID":0,"MaSoThue":"1601906496","NgayCap":"2014-01-14T00:00:00Z","Title":"Công Ty TNHH Tư Vấn Xây Dựng Đức An Thịnh","DiaChiCongTy":"ấp Bắc Thạnh - Xã Thoại Giang - Huyện Thoại Sơn - An Giang","Created":"2015-11-11T17:07:59Z","Updated":"2015-11-11T17:07:59Z","IsDelete":false,"RequestChanged":false,"ExitsInGDT":false,"SourceID":0,"TinhThanhID":0,"TinhThanhTitle":"An Giang","TinhThanhTitleAscii":"/an-giang","QuanHuyenID":0,"NganhNgheTitle":"Hoạt động kiến trúc và tư vấn kỹ thuật có liên quan","NganhNgheTitleAscii":"/nganh-nghe/hoat-dong-kien-truc-va-tu-van-ky-thuat-co-lien-quan","DSTags":["1601906496","An Giang",null]},{"Type":11,"SolrID":"/1601887557-cong-ty-tnhh-mot-thanh-vien-ngoc-tien-thoai-son","ID":0,"MaSoThue":"1601887557","NgayCap":"2013-08-27T00:00:00Z","Title":"Công Ty TNHH Một Thành Viên Ngọc Tiến Thoại Sơn","DiaChiCongTy":"ấp Trung Bình - Xã Thoại Giang - Huyện Thoại Sơn - An Giang","Created":"2015-11-11T05:27:48Z","Updated":"2015-11-11T05:27:48Z","IsDelete":false,"RequestChanged":false,"ExitsInGDT":false,"SourceID":0,"TinhThanhID":0,"TinhThanhTitle":"An Giang","TinhThanhTitleAscii":"/an-giang","QuanHuyenID":0,"NganhNgheTitle":"Bán buôn vật liệu, thiết bị lắp đặt khác trong xây dựng","NganhNgheTitleAscii":"/nganh-nghe/ban-buon-vat-lieu-thiet-bi-lap-dat-khac-trong-xay-dung","DSTags":["1601887557","An Giang",null]},{"Type":11,"SolrID":"/1601844786-doanh-nghiep-tn-cui-trau-ut-hien","ID":0,"MaSoThue":"1601844786","NgayCap":"2012-11-28T00:00:00Z","Title":"Doanh Nghiệp TN Củi Trấu út Hiền","DiaChiCongTy":"ấp Mỹ Giang - Xã Thoại Giang - Huyện Thoại Sơn - An Giang","Created":"2015-11-17T07:50:21Z","Updated":"2015-11-17T07:50:21Z","IsDelete":false,"RequestChanged":false,"ExitsInGDT":false,"SourceID":0,"TinhThanhID":0,"TinhThanhTitle":"An Giang","TinhThanhTitleAscii":"/an-giang","QuanHuyenID":0,"NganhNgheTitle":"Bán buôn nhiên liệu rắn, lỏng, khí và các sản phẩm liên quan","NganhNgheTitleAscii":"/nganh-nghe/ban-buon-nhien-lieu-ran-long-khi-va-cac-san-pham-lien-quan","DSTags":["1601844786","An Giang",null]},{"Type":11,"SolrID":"/1601833833-trung-tam-dan-so-khhgd","ID":0,"MaSoThue":"1601833833","NgayCap":"2012-09-08T00:00:00Z","Title":"Trung tâm Dân Số - KHHGĐ","DiaChiCongTy":"ấp Trung Bình - Xã Thoại Giang - Huyện Thoại Sơn - An Giang","Created":"2015-11-16T10:18:37Z","Updated":"2015-11-16T10:18:37Z","IsDelete":false,"RequestChanged":false,"ExitsInGDT":false,"SourceID":0,"TinhThanhID":0,"TinhThanhTitle":"An Giang","TinhThanhTitleAscii":"/an-giang","QuanHuyenID":0,"NganhNgheTitle":"NÔNG NGHIỆP, LÂM NGHIỆP VÀ THUỶ SẢN","NganhNgheTitleAscii":"/nganh-nghe/nong-nghiep-lam-nghiep-va-thuy-san","DSTags":["1601833833","An Giang",null]},{"Type":11,"SolrID":"/0309588796-006-chi-nhanh-cong-ty-tnhh-nhien-lieu-va-phan-bon-hung-dien","ID":0,"MaSoThue":"0309588796-006","NgayCap":"2012-06-04T00:00:00Z","Title":"Chi Nhánh Công Ty TNHH Nhiên Liệu Và Phân Bón Hưng Điền","DiaChiCongTy":"ấp Mỹ Giang - Xã Thoại Giang - Huyện Thoại Sơn - An Giang","Created":"2015-11-18T13:14:47Z","Updated":"2015-11-18T13:14:47Z","IsDelete":false,"RequestChanged":false,"ExitsInGDT":false,"SourceID":0,"TinhThanhID":0,"TinhThanhTitle":"An Giang","TinhThanhTitleAscii":"/an-giang","QuanHuyenID":0,"NganhNgheTitle":"Hoạt động dịch vụ sau thu hoạch","NganhNgheTitleAscii":"/nganh-nghe/hoat-dong-dich-vu-sau-thu-hoach","DSTags":["0309588796-006","An Giang",null]},{"Type":11,"SolrID":"/1601732465-cong-ty-tnhh-mot-thanh-vien-nghien-cuu-va-san-xuat-lua-giong-hat-vang-vkt","ID":0,"MaSoThue":"1601732465","NgayCap":"2012-05-02T00:00:00Z","Title":"Công Ty TNHH Một Thành Viên Nghiên Cứu Và Sản Xuất Lúa Giống Hạt Vàng Vkt","DiaChiCongTy":"Tổ 10, ấp Tây Bình - Xã Thoại Giang - Huyện Thoại Sơn - An Giang","Created":"2015-11-13T08:15:17Z","Updated":"2015-11-13T08:15:17Z","IsDelete":false,"RequestChanged":false,"ExitsInGDT":false,"SourceID":0,"TinhThanhID":0,"TinhThanhTitle":"An Giang","TinhThanhTitleAscii":"/an-giang","QuanHuyenID":0,"NganhNgheTitle":"Hoạt động dịch vụ trồng trọt","NganhNgheTitleAscii":"/nganh-nghe/hoat-dong-dich-vu-trong-trot","DSTags":["1601732465","An Giang",null]},{"Type":11,"SolrID":"/1601669573-cong-ty-tnhh-mot-thanh-vien-truong-ngoc-le-trang","ID":0,"MaSoThue":"1601669573","NgayCap":"2012-03-10T00:00:00Z","Title":"Công Ty TNHH Một Thành Viên Trương Ngọc Lê Trang","DiaChiCongTy":"ấp Trung Bình - Xã Thoại Giang - Huyện Thoại Sơn - An Giang","Created":"2015-11-13T10:36:05Z","Updated":"2015-11-13T10:36:05Z","IsDelete":false,"RequestChanged":false,"ExitsInGDT":false,"SourceID":0,"TinhThanhID":0,"TinhThanhTitle":"An Giang","TinhThanhTitleAscii":"/an-giang","QuanHuyenID":0,"NganhNgheTitle":"Xử lý hạt giống để nhân giống","NganhNgheTitleAscii":"/nganh-nghe/xu-ly-hat-giong-de-nhan-giong","DSTags":["1601669573","An Giang",null]},{"Type":11,"SolrID":"/1601638952-cong-ty-cp-xuat-nhap-khau-tay-hoang-phu","ID":0,"MaSoThue":"1601638952","NgayCap":"2012-01-06T00:00:00Z","Title":"Công Ty CP Xuất Nhập Khẩu Tây Hoàng Phú","DiaChiCongTy":"ấp Tây Bình - Xã Thoại Giang - Huyện Thoại Sơn - An Giang","Created":"2015-11-10T01:41:09Z","Updated":"2015-11-10T01:41:09Z","IsDelete":false,"RequestChanged":false,"ExitsInGDT":false,"SourceID":0,"TinhThanhID":0,"TinhThanhTitle":"An Giang","TinhThanhTitleAscii":"/an-giang","QuanHuyenID":0,"NganhNgheTitle":"Bán buôn gạo","NganhNgheTitleAscii":"/nganh-nghe/ban-buon-gao","DSTags":["1601638952","An Giang",null]},{"Type":11,"SolrID":"/1601606372-cong-ty-tnhh-tu-van-xay-dung-nam-binh-son","ID":0,"MaSoThue":"1601606372","NgayCap":"2011-11-28T00:00:00Z","Title":"Công Ty TNHH Tư Vấn Xây Dựng Nam Bình Sơn","DiaChiCongTy":"ấp Trung Bình - Xã Thoại Giang - Huyện Thoại Sơn - An Giang","Created":"2015-11-10T01:44:07Z","Updated":"2015-11-10T01:44:07Z","IsDelete":false,"RequestChanged":false,"ExitsInGDT":false,"SourceID":0,"TinhThanhID":0,"TinhThanhTitle":"An Giang","TinhThanhTitleAscii":"/an-giang","QuanHuyenID":0,"NganhNgheTitle":"Xây dựng nhà các loại","NganhNgheTitleAscii":"/nganh-nghe/xay-dung-nha-cac-loai","DSTags":["1601606372","An Giang",null]},{"Type":11,"SolrID":"/1600230737-043-chi-nhanh-cong-ty-cp-xuat-nhap-khau-an-giang-phan-xuong-binh-thanh","ID":0,"MaSoThue":"1600230737-043","NgayCap":"2010-12-17T00:00:00Z","Title":"Chi Nhánh Công Ty CP Xuất Nhập Khẩu An Giang - Phân Xưởng Bình Thành","DiaChiCongTy":"ấp Bình Thành - Xã Thoại Giang - Huyện Thoại Sơn - An Giang","Created":"2015-11-10T01:40:51Z","Updated":"2015-11-10T01:40:51Z","IsDelete":false,"RequestChanged":false,"ExitsInGDT":false,"SourceID":0,"TinhThanhID":0,"TinhThanhTitle":"An Giang","TinhThanhTitleAscii":"/an-giang","QuanHuyenID":0,"NganhNgheTitle":"Khai khoáng khác chưa được phân vào đâu","NganhNgheTitleAscii":"/nganh-nghe/khai-khoang-khac-chua-duoc-phan-vao-dau-10612","DSTags":["1600230737-043","An Giang",null]},{"Type":11,"SolrID":"/1601430545-cong-ty-cp-do-thi-cong-nong-nghiep-tin-thanh","ID":0,"MaSoThue":"1601430545","NgayCap":"2010-12-11T00:00:00Z","Title":"Công Ty CP Đô Thị Công Nông Nghiệp Tín Thành","DiaChiCongTy":"ấp Mỹ Giang - Xã Thoại Giang - Huyện Thoại Sơn - An Giang","Created":"2015-11-10T01:40:35Z","Updated":"2015-11-10T01:40:35Z","IsDelete":false,"RequestChanged":false,"ExitsInGDT":false,"SourceID":0,"TinhThanhID":0,"TinhThanhTitle":"An Giang","TinhThanhTitleAscii":"/an-giang","QuanHuyenID":0,"NganhNgheTitle":"Khai khoáng khác chưa được phân vào đâu","NganhNgheTitleAscii":"/nganh-nghe/khai-khoang-khac-chua-duoc-phan-vao-dau-10612","DSTags":["1601430545","An Giang",null]},{"Type":11,"SolrID":"/1601427285-cong-ty-tnhh-mot-thanh-vien-huynh-nhu","ID":0,"MaSoThue":"1601427285","NgayCap":"2010-12-08T00:00:00Z","Title":"Công Ty TNHH Một Thành Viên Huỳnh Như","DiaChiCongTy":"Số 266, ấp Trung Bình - Xã Thoại Giang - Huyện Thoại Sơn - An Giang","Created":"2015-11-09T11:55:41Z","Updated":"2015-11-09T11:55:41Z","IsDelete":false,"RequestChanged":false,"ExitsInGDT":false,"SourceID":0,"TinhThanhID":0,"TinhThanhTitle":"An Giang","TinhThanhTitleAscii":"/an-giang","QuanHuyenID":0,"NganhNgheTitle":"Bán buôn nhiên liệu rắn, lỏng, khí và các sản phẩm liên quan","NganhNgheTitleAscii":"/nganh-nghe/ban-buon-nhien-lieu-ran-long-khi-va-cac-san-pham-lien-quan","DSTags":["1601427285","An Giang",null]},{"Type":11,"SolrID":"/1601387748-dntn-le-truong","ID":0,"MaSoThue":"1601387748","NgayCap":"2010-08-02T00:00:00Z","Title":"DNTN Lê Trường","DiaChiCongTy":"293 ấp bắc Thanh - Xã Thoại Giang - Huyện Thoại Sơn - An Giang","Created":"2015-11-17T02:25:17Z","Updated":"2015-11-17T02:25:17Z","IsDelete":false,"RequestChanged":false,"ExitsInGDT":false,"SourceID":0,"TinhThanhID":0,"TinhThanhTitle":"An Giang","TinhThanhTitleAscii":"/an-giang","QuanHuyenID":0,"NganhNgheTitle":"Xây dựng công trình kỹ thuật dân dụng","NganhNgheTitleAscii":"/nganh-nghe/xay-dung-cong-trinh-ky-thuat-dan-dung","DSTags":["1601387748","An Giang",null]},{"Type":11,"SolrID":"/1601215202-truong-thcs-binh-thanh","ID":0,"MaSoThue":"1601215202","NgayCap":"2009-09-08T00:00:00Z","Title":"Trường THCS Bình Thành","DiaChiCongTy":"ấp Tây Bình, xã Thoại Giang - Huyện Thoại Sơn - An Giang","Created":"2015-11-16T08:23:07Z","Updated":"2015-11-16T08:23:07Z","IsDelete":false,"RequestChanged":false,"ExitsInGDT":false,"SourceID":0,"TinhThanhID":0,"TinhThanhTitle":"An Giang","TinhThanhTitleAscii":"/an-giang","QuanHuyenID":0,"NganhNgheTitle":"Giáo dục trung học cơ sở và trung học phổ thông","NganhNgheTitleAscii":"/nganh-nghe/giao-duc-trung-hoc-co-so-va-trung-hoc-pho-thong","DSTags":["1601215202","An Giang",null]},{"Type":11,"SolrID":"/1601181465-cong-ty-tnhh-phat-trien-pro-tech","ID":0,"MaSoThue":"1601181465","NgayCap":"2009-06-24T00:00:00Z","Title":"Công Ty TNHH Phát Triển Pro.Tech","DiaChiCongTy":"ấp Tây Bình - Xã Thoại Giang - Huyện Thoại Sơn - An Giang","Created":"2015-11-09T20:46:42Z","Updated":"2015-11-09T20:46:42Z","IsDelete":false,"RequestChanged":false,"ExitsInGDT":false,"SourceID":0,"TinhThanhID":0,"TinhThanhTitle":"An Giang","TinhThanhTitleAscii":"/an-giang","QuanHuyenID":0,"NganhNgheTitle":"Bán buôn máy vi tính, thiết bị ngoại vi và phần mềm","NganhNgheTitleAscii":"/nganh-nghe/ban-buon-may-vi-tinh-thiet-bi-ngoai-vi-va-phan-mem","DSTags":["1601181465","An Giang",null]},{"Type":11,"SolrID":"/1600638237-003-chi-nhanh-cong-ty-tnhh-thuong-mai-dich-vu-my-hoa-3","ID":0,"MaSoThue":"1600638237-003","NgayCap":"2008-03-20T00:00:00Z","Title":"Chi Nhánh Công Ty TNHH Thương Mại- Dịch Vụ Mỹ Hòa 3","DiaChiCongTy":"ấp Trung Bình, tỉnh lộ 943 - Xã Thoại Giang - Huyện Thoại Sơn - An Giang","Created":"2015-11-10T01:46:21Z","Updated":"2015-11-10T01:46:21Z","IsDelete":false,"RequestChanged":false,"ExitsInGDT":false,"SourceID":0,"TinhThanhID":0,"TinhThanhTitle":"An Giang","TinhThanhTitleAscii":"/an-giang","QuanHuyenID":0,"NganhNgheTitle":"Bán buôn nhiên liệu rắn, lỏng, khí và các sản phẩm liên quan","NganhNgheTitleAscii":"/nganh-nghe/ban-buon-nhien-lieu-ran-long-khi-va-cac-san-pham-lien-quan","DSTags":["1600638237-003","An Giang",null]},{"Type":11,"SolrID":"/1800541497-001-chi-nhanh-cong-ty-tnhh-xuat-nhap-khau-quoc-hung","ID":0,"MaSoThue":"1800541497-001","NgayCap":"2006-04-26T00:00:00Z","Title":"Chi nhánh Công ty TNHH Xuất nhập khẩu Quốc Hùng","DiaChiCongTy":"ấp Tây Bình, xã Thoại Giang - Huyện Thoại Sơn - An Giang","Created":"2015-11-14T15:51:52Z","Updated":"2015-11-14T15:51:52Z","IsDelete":false,"RequestChanged":false,"ExitsInGDT":false,"SourceID":0,"TinhThanhID":0,"TinhThanhTitle":"An Giang","TinhThanhTitleAscii":"/an-giang","QuanHuyenID":0,"NganhNgheTitle":"Bán buôn (trừ ô tô, mô tô, xe máy và xe có động cơ khác)","NganhNgheTitleAscii":"/nganh-nghe/ban-buon-tru-o-to-mo-to-xe-may-va-xe-co-dong-co-khac","DSTags":["1800541497-001","An Giang",null]},{"Type":11,"SolrID":"/1600817726-doanh-nghiep-tn-anh-dung","ID":0,"MaSoThue":"1600817726","NgayCap":"2005-12-21T00:00:00Z","Title":"Doanh Nghiệp TN Anh Dũng","DiaChiCongTy":"Xà lan AG-09133, ấp Tây Bình - Xã Thoại Giang - Huyện Thoại Sơn - An Giang","Created":"2015-11-17T04:31:53Z","Updated":"2015-11-17T04:31:53Z","IsDelete":false,"RequestChanged":false,"ExitsInGDT":false,"SourceID":0,"TinhThanhID":0,"TinhThanhTitle":"An Giang","TinhThanhTitleAscii":"/an-giang","QuanHuyenID":0,"NganhNgheTitle":"Bán buôn nhiên liệu rắn, lỏng, khí và các sản phẩm liên quan","NganhNgheTitleAscii":"/nganh-nghe/ban-buon-nhien-lieu-ran-long-khi-va-cac-san-pham-lien-quan","DSTags":["1600817726","An Giang",null]},{"Type":11,"SolrID":"/1600698437-truong-tieu-hoc-b-thoai-giang","ID":0,"MaSoThue":"1600698437","NgayCap":"2004-06-07T00:00:00Z","Title":"Trường Tiểu học B Thoại Giang","DiaChiCongTy":"ấp Trung Bình, xã Thoại Giang - Huyện Thoại Sơn - An Giang","Created":"2015-11-16T16:13:37Z","Updated":"2015-11-16T16:13:37Z","IsDelete":false,"RequestChanged":false,"ExitsInGDT":false,"SourceID":0,"TinhThanhID":0,"TinhThanhTitle":"An Giang","TinhThanhTitleAscii":"/an-giang","QuanHuyenID":0,"NganhNgheTitle":"Giáo dục tiểu học","NganhNgheTitleAscii":"/nganh-nghe/giao-duc-tieu-hoc","DSTags":["1600698437","An Giang",null]},{"Type":11,"SolrID":"/1600696101-truong-trung-hoc-co-so-thoai-giang","ID":0,"MaSoThue":"1600696101","NgayCap":"2004-05-28T00:00:00Z","Title":"Trường Trung học Cơ sở Thoại Giang","DiaChiCongTy":"xã Thoại Giang - Huyện Thoại Sơn - An Giang","Created":"2015-11-16T16:12:04Z","Updated":"2015-11-16T16:12:04Z","IsDelete":false,"RequestChanged":false,"ExitsInGDT":false,"SourceID":0,"TinhThanhID":0,"TinhThanhTitle":"An Giang","TinhThanhTitleAscii":"/an-giang","QuanHuyenID":0,"NganhNgheTitle":"Giáo dục trung học cơ sở và trung học phổ thông","NganhNgheTitleAscii":"/nganh-nghe/giao-duc-trung-hoc-co-so-va-trung-hoc-pho-thong","DSTags":["1600696101","An Giang",null]},{"Type":11,"SolrID":"/1600676070-truong-mau-giao-thoai-giang","ID":0,"MaSoThue":"1600676070","NgayCap":"2004-01-07T00:00:00Z","Title":"Trường Mẫu giáo Thoại Giang","DiaChiCongTy":"ấp Tây Bình, xã Thoại Giang - Huyện Thoại Sơn - An Giang","Created":"2015-11-16T15:35:48Z","Updated":"2015-11-16T15:35:48Z","IsDelete":false,"RequestChanged":false,"ExitsInGDT":false,"SourceID":0,"TinhThanhID":0,"TinhThanhTitle":"An Giang","TinhThanhTitleAscii":"/an-giang","QuanHuyenID":0,"NganhNgheTitle":"Giáo dục mầm non","NganhNgheTitleAscii":"/nganh-nghe/giao-duc-mam-non","DSTags":["1600676070","An Giang",null]},{"Type":11,"SolrID":"/1600373710-022-truong-tieu-hoc-a-thoai-giang","ID":0,"MaSoThue":"1600373710-022","NgayCap":"1999-02-23T00:00:00Z","Title":"Trường Tiểu học A Thoại Giang","DiaChiCongTy":"ấp Tây Bình, xã Thoại Giang - Huyện Thoại Sơn - An Giang","Created":"2015-11-17T19:49:48Z","Updated":"2015-11-17T19:49:48Z","IsDelete":false,"RequestChanged":false,"ExitsInGDT":false,"SourceID":0,"TinhThanhID":0,"TinhThanhTitle":"An Giang","TinhThanhTitleAscii":"/an-giang","QuanHuyenID":0,"NganhNgheTitle":"Giáo dục tiểu học","NganhNgheTitleAscii":"/nganh-nghe/giao-duc-tieu-hoc","DSTags":["1600373710-022","An Giang",null]},{"Type":11,"SolrID":"/1600166785-005-nha-may-xay-xat-19-8","ID":0,"MaSoThue":"1600166785-005","NgayCap":"1999-01-14T00:00:00Z","Title":"Nhà Máy Xay Xát 19/8","DiaChiCongTy":"Xã Thoại Giang - Huyện Thoại Sơn - An Giang","Created":"2015-11-19T03:05:28Z","Updated":"2015-11-19T03:05:28Z","IsDelete":false,"RequestChanged":false,"ExitsInGDT":false,"SourceID":0,"TinhThanhID":0,"TinhThanhTitle":"An Giang","TinhThanhTitleAscii":"/an-giang","QuanHuyenID":0,"NganhNgheTitle":"Bán buôn gạo, thực phẩm, đồ uống và sản phẩm thuốc lá, thuốc lào","NganhNgheTitleAscii":"/nganh-nghe/ban-buon-gao-thuc-pham-do-uong-va-san-pham-thuoc-la-thuoc-lao","DSTags":["1600166785-005","An Giang",null]},{"Type":11,"SolrID":"/1600373943-benh-vien-da-khoa-thoai-son","ID":0,"MaSoThue":"1600373943","NgayCap":"1998-11-23T00:00:00Z","Title":"Bệnh Viện Đa Khoa Thoại Sơn","DiaChiCongTy":"ấp Trung Bình, xã Thoại Giang - Huyện Thoại Sơn - An Giang","Created":"2015-11-17T02:34:00Z","Updated":"2015-11-17T02:34:00Z","IsDelete":false,"RequestChanged":false,"ExitsInGDT":false,"SourceID":0,"TinhThanhID":0,"TinhThanhTitle":"An Giang","TinhThanhTitleAscii":"/an-giang","QuanHuyenID":0,"NganhNgheTitle":"Hoạt động của các bệnh viện, trạm xá","NganhNgheTitleAscii":"/nganh-nghe/hoat-dong-cua-cac-benh-vien-tram-xa","DSTags":["1600373943","An Giang",null]},{"Type":11,"SolrID":"/1600373693-ubnd-xa-thoai-giang","ID":0,"MaSoThue":"1600373693","NgayCap":"1998-11-18T00:00:00Z","Title":"UBND Xã Thoại Giang","DiaChiCongTy":"ấp Tây Bình Xã Thoại Giang - Huyện Thoại Sơn - An Giang","Created":"2015-11-14T17:16:24Z","Updated":"2015-11-14T17:16:24Z","IsDelete":false,"RequestChanged":false,"ExitsInGDT":false,"SourceID":0,"TinhThanhID":0,"TinhThanhTitle":"An Giang","TinhThanhTitleAscii":"/an-giang","QuanHuyenID":0,"NganhNgheTitle":"Hoạt động quản lý nhà nước nói chung và kinh tế tổng hợp","NganhNgheTitleAscii":"/nganh-nghe/hoat-dong-quan-ly-nha-nuoc-noi-chung-va-kinh-te-tong-hop","DSTags":["1600373693","An Giang",null]}]}