{"ID":908,"SolrID":"/an-giang/huyen-thoai-son/xa-vinh-chanh","Title":"Xã Vĩnh Chánh","TinhThanhTitle":"An Giang","QuanHuyenTitle":"Huyện Thoại Sơn","QuanHuyenID":207,"TinhThanhID":35,"Url":"https://thongtindoanhnghiep.co/api/company?l=/an-giang/huyen-thoai-son/xa-vinh-chanh","Total":19,"List":[{"Type":11,"SolrID":"/1602146209-cong-ty-tnhh-moi-truong-thien-phat","ID":0,"MaSoThue":"1602146209","NgayCap":"2021-04-20T00:00:00Z","Title":"Công Ty TNHH Môi Trường Thiện Phát","DiaChiCongTy":"Số 103, Ấp Đông An, Xã Vĩnh Chánh, Huyện Thoại Sơn, Tỉnh An Giang","Created":"2021-04-20T08:35:35Z","Updated":"2021-04-20T08:35:35Z","IsDelete":false,"RequestChanged":false,"ExitsInGDT":false,"SourceID":0,"TinhThanhID":0,"TinhThanhTitle":"An Giang","TinhThanhTitleAscii":"/an-giang","QuanHuyenID":0,"NganhNgheTitle":"Hoạt động chuyên môn, khoa học và công nghệ khác chưa được phân vào đâu","NganhNgheTitleAscii":"/nganh-nghe/hoat-dong-chuyen-mon-khoa-hoc-va-cong-nghe-khac-chua-duoc-phan-vao-dau","DSTags":["1602146209","An Giang",null]},{"Type":11,"SolrID":"/1602032882-cong-ty-tnhh-thuong-mai-va-dich-vu-xay-dung-tran-son","ID":0,"MaSoThue":"1602032882","NgayCap":"2017-02-07T00:00:00Z","Title":"Công Ty TNHH Thương Mại Và Dịch Vụ Xây Dựng Trần Sơn","DiaChiCongTy":"Ấp Tây Bình C, Xã Vĩnh Chánh, Huyện Thoại Sơn, Tỉnh An Giang","Created":"2017-02-07T12:07:34Z","Updated":"2017-02-07T12:07:34Z","IsDelete":false,"RequestChanged":false,"ExitsInGDT":false,"SourceID":0,"TinhThanhID":0,"TinhThanhTitle":"An Giang","TinhThanhTitleAscii":"/an-giang","QuanHuyenID":0,"NganhNgheTitle":"Chuẩn bị mặt bằng","NganhNgheTitleAscii":"/nganh-nghe/chuan-bi-mat-bang","DSTags":["1602032882","An Giang",null]},{"Type":11,"SolrID":"/1601998313-cong-ty-tnhh-my-lan-tam-loi","ID":0,"MaSoThue":"1601998313","NgayCap":"2016-01-13T00:00:00Z","Title":"Công Ty TNHH Mỹ Lan Tâm Lợi","DiaChiCongTy":"ấp Đông An - Xã Vĩnh Chánh - Huyện Thoại Sơn - An Giang","Created":"2016-01-15T12:41:14Z","Updated":"2016-01-15T12:41:14Z","IsDelete":false,"RequestChanged":false,"ExitsInGDT":false,"SourceID":0,"TinhThanhID":0,"TinhThanhTitle":"An Giang","TinhThanhTitleAscii":"/an-giang","QuanHuyenID":0,"NganhNgheTitle":"Bán buôn thực phẩm","NganhNgheTitleAscii":"/nganh-nghe/ban-buon-thuc-pham","DSTags":["1601998313","An Giang",null]},{"Type":11,"SolrID":"/1601987167-truong-mau-giao-vinh-chanh","ID":0,"MaSoThue":"1601987167","NgayCap":"2015-11-16T00:00:00Z","Title":"Trường Mẩu Giáo Vĩnh Chánh","DiaChiCongTy":"ấp Đông An - Xã Vĩnh Chánh - Huyện Thoại Sơn - An Giang","Created":"2015-11-19T13:46:08Z","Updated":"2015-11-19T13:46:08Z","IsDelete":false,"RequestChanged":false,"ExitsInGDT":false,"SourceID":0,"TinhThanhID":0,"TinhThanhTitle":"An Giang","TinhThanhTitleAscii":"/an-giang","QuanHuyenID":0,"NganhNgheTitle":"Giáo dục mầm non","NganhNgheTitleAscii":"/nganh-nghe/giao-duc-mam-non","DSTags":["1601987167","An Giang",null]},{"Type":11,"SolrID":"/1601987103-truong-tieu-hoc-a-vinh-chanh","ID":0,"MaSoThue":"1601987103","NgayCap":"2015-11-13T00:00:00Z","Title":"Trường Tiểu Học A Vĩnh Chánh","DiaChiCongTy":"ấp Đông An - Xã Vĩnh Chánh - Huyện Thoại Sơn - An Giang","Created":"2015-11-19T13:36:01Z","Updated":"2015-11-19T13:36:01Z","IsDelete":false,"RequestChanged":false,"ExitsInGDT":false,"SourceID":0,"TinhThanhID":0,"TinhThanhTitle":"An Giang","TinhThanhTitleAscii":"/an-giang","QuanHuyenID":0,"NganhNgheTitle":"Giáo dục tiểu học","NganhNgheTitleAscii":"/nganh-nghe/giao-duc-tieu-hoc","DSTags":["1601987103","An Giang",null]},{"Type":11,"SolrID":"/1601984127-cong-ty-tnhh-mot-thanh-vien-dau-tu-xay-dung-dien-huynh-tam","ID":0,"MaSoThue":"1601984127","NgayCap":"2015-09-25T00:00:00Z","Title":"Công Ty TNHH Một Thành Viên Đầu Tư Xây Dựng Điện Huỳnh Tâm","DiaChiCongTy":"ấp Tây Bình B - Xã Vĩnh Chánh - Huyện Thoại Sơn - An Giang","Created":"2015-11-19T05:09:30Z","Updated":"2015-11-19T05:09:30Z","IsDelete":false,"RequestChanged":false,"ExitsInGDT":false,"SourceID":0,"TinhThanhID":0,"TinhThanhTitle":"An Giang","TinhThanhTitleAscii":"/an-giang","QuanHuyenID":0,"NganhNgheTitle":"Lắp đặt hệ thống điện","NganhNgheTitleAscii":"/nganh-nghe/lap-dat-he-thong-dien","DSTags":["1601984127","An Giang",null]},{"Type":11,"SolrID":"/1601983645-cong-ty-tnhh-mot-thanh-vien-yellow","ID":0,"MaSoThue":"1601983645","NgayCap":"2015-09-21T00:00:00Z","Title":"Công Ty TNHH Một Thành Viên Yellow","DiaChiCongTy":"Số 59/04 Tây Bình B - Xã Vĩnh Chánh - Huyện Thoại Sơn - An Giang","Created":"2015-11-19T05:01:50Z","Updated":"2015-11-19T05:01:50Z","IsDelete":false,"RequestChanged":false,"ExitsInGDT":false,"SourceID":0,"TinhThanhID":0,"TinhThanhTitle":"An Giang","TinhThanhTitleAscii":"/an-giang","QuanHuyenID":0,"NganhNgheTitle":"Sản xuất mỹ phẩm, xà phòng, chất tẩy rửa, làm bóng và chế phẩm vệ sinh","NganhNgheTitleAscii":"/nganh-nghe/san-xuat-my-pham-xa-phong-chat-tay-rua-lam-bong-va-che-pham-ve-sinh","DSTags":["1601983645","An Giang",null]},{"Type":11,"SolrID":"/1601974457-cong-ty-tnhh-mot-thanh-vien-nuoi-trong-che-bien-thuy-san-xuat-khau-chau-minh-quang","ID":0,"MaSoThue":"1601974457","NgayCap":"2015-06-05T00:00:00Z","Title":"Công Ty TNHH Một Thành Viên Nuôi Trồng - Chế Biến Thủy Sản Xuất Khẩu Châu Minh Quang","DiaChiCongTy":"ấp Tây Bình C - Xã Vĩnh Chánh - Huyện Thoại Sơn - An Giang","Created":"2015-11-18T05:55:10Z","Updated":"2015-11-18T05:55:10Z","IsDelete":false,"RequestChanged":false,"ExitsInGDT":false,"SourceID":0,"TinhThanhID":0,"TinhThanhTitle":"An Giang","TinhThanhTitleAscii":"/an-giang","QuanHuyenID":0,"NganhNgheTitle":"Nuôi trồng thuỷ sản nội địa","NganhNgheTitleAscii":"/nganh-nghe/nuoi-trong-thuy-san-noi-dia","DSTags":["1601974457","An Giang",null]},{"Type":11,"SolrID":"/1601874621-doanh-nghiep-tn-dang-van-pho","ID":0,"MaSoThue":"1601874621","NgayCap":"2013-05-16T00:00:00Z","Title":"Doanh Nghiệp TN Đặng Văn Phố","DiaChiCongTy":"Số 39/3, ấp Đông An - Xã Vĩnh Chánh - Huyện Thoại Sơn - An Giang","Created":"2015-11-18T04:46:48Z","Updated":"2015-11-18T04:46:48Z","IsDelete":false,"RequestChanged":false,"ExitsInGDT":false,"SourceID":0,"TinhThanhID":0,"TinhThanhTitle":"An Giang","TinhThanhTitleAscii":"/an-giang","QuanHuyenID":0,"NganhNgheTitle":"Vận tải hàng hóa bằng đường bộ","NganhNgheTitleAscii":"/nganh-nghe/van-tai-hang-hoa-bang-duong-bo","DSTags":["1601874621","An Giang",null]},{"Type":11,"SolrID":"/1601850740-cong-ty-tnhh-phan-bon-con-co-viet","ID":0,"MaSoThue":"1601850740","NgayCap":"2012-12-21T00:00:00Z","Title":"Công Ty TNHH Phân Bón Con Cò Việt","DiaChiCongTy":"ấp Tây Bình C - Xã Vĩnh Chánh - Huyện Thoại Sơn - An Giang","Created":"2015-11-12T01:00:13Z","Updated":"2015-11-12T01:00:13Z","IsDelete":false,"RequestChanged":false,"ExitsInGDT":false,"SourceID":0,"TinhThanhID":0,"TinhThanhTitle":"An Giang","TinhThanhTitleAscii":"/an-giang","QuanHuyenID":0,"NganhNgheTitle":"Sản xuất phân bón và hợp chất ni tơ","NganhNgheTitleAscii":"/nganh-nghe/san-xuat-phan-bon-va-hop-chat-ni-to","DSTags":["1601850740","An Giang",null]},{"Type":11,"SolrID":"/1601594695-cong-ty-tnhh-tu-van-xay-dung-thuong-mai-va-dich-vu-hong-thuan","ID":0,"MaSoThue":"1601594695","NgayCap":"2011-11-11T00:00:00Z","Title":"Công Ty TNHH Tư Vấn Xây Dựng-Thương Mại Và Dịch Vụ Hồng Thuấn","DiaChiCongTy":"ấp Tây Bình A - Xã Vĩnh Chánh - Huyện Thoại Sơn - An Giang","Created":"2015-11-09T15:53:37Z","Updated":"2015-11-09T15:53:37Z","IsDelete":false,"RequestChanged":false,"ExitsInGDT":false,"SourceID":0,"TinhThanhID":0,"TinhThanhTitle":"An Giang","TinhThanhTitleAscii":"/an-giang","QuanHuyenID":0,"NganhNgheTitle":"Xây dựng nhà các loại","NganhNgheTitleAscii":"/nganh-nghe/xay-dung-nha-cac-loai","DSTags":["1601594695","An Giang",null]},{"Type":11,"SolrID":"/1601552800-doanh-nghiep-tn-pham-thanh-phong","ID":0,"MaSoThue":"1601552800","NgayCap":"2011-09-20T00:00:00Z","Title":"Doanh Nghiệp TN Phạm Thanh Phong","DiaChiCongTy":"ấp Tây Bình C - Xã Vĩnh Chánh - Huyện Thoại Sơn - An Giang","Created":"2015-11-10T01:45:15Z","Updated":"2015-11-10T01:45:15Z","IsDelete":false,"RequestChanged":false,"ExitsInGDT":false,"SourceID":0,"TinhThanhID":0,"TinhThanhTitle":"An Giang","TinhThanhTitleAscii":"/an-giang","QuanHuyenID":0,"NganhNgheTitle":"Hoạt động dịch vụ sau thu hoạch","NganhNgheTitleAscii":"/nganh-nghe/hoat-dong-dich-vu-sau-thu-hoach","DSTags":["1601552800","An Giang",null]},{"Type":11,"SolrID":"/1601391536-dntn-xay-dung-dien-ls","ID":0,"MaSoThue":"1601391536","NgayCap":"2010-08-16T00:00:00Z","Title":"DNTN Xây Dựng Điện LS","DiaChiCongTy":"ấp Tây Bình A - Xã Vĩnh Chánh - Huyện Thoại Sơn - An Giang","Created":"2015-11-11T12:49:01Z","Updated":"2015-11-11T12:49:01Z","IsDelete":false,"RequestChanged":false,"ExitsInGDT":false,"SourceID":0,"TinhThanhID":0,"TinhThanhTitle":"An Giang","TinhThanhTitleAscii":"/an-giang","QuanHuyenID":0,"NganhNgheTitle":"Sản xuất thiết bị điện","NganhNgheTitleAscii":"/nganh-nghe/san-xuat-thiet-bi-dien","DSTags":["1601391536","An Giang",null]},{"Type":11,"SolrID":"/1600991770-cty-tnhh-mot-thanh-vien-toan-ven","ID":0,"MaSoThue":"1600991770","NgayCap":"2008-11-29T00:00:00Z","Title":"Cty TNHH Một thành Viên Toàn Vẹn","DiaChiCongTy":"485/32, Tổ 32, Xã Vĩnh Chánh - Huyện Thoại Sơn - An Giang","Created":"2015-11-14T05:11:10Z","Updated":"2015-11-14T05:11:10Z","IsDelete":false,"RequestChanged":false,"ExitsInGDT":false,"SourceID":0,"TinhThanhID":0,"TinhThanhTitle":"An Giang","TinhThanhTitleAscii":"/an-giang","QuanHuyenID":0,"NganhNgheTitle":"Xây dựng công trình kỹ thuật dân dụng","NganhNgheTitleAscii":"/nganh-nghe/xay-dung-cong-trinh-ky-thuat-dan-dung","DSTags":["1600991770","An Giang",null]},{"Type":11,"SolrID":"/1600696165-truong-trung-hoc-co-so-vinh-chanh","ID":0,"MaSoThue":"1600696165","NgayCap":"2004-05-28T00:00:00Z","Title":"Trường Trung học Cơ sở Vĩnh Chánh","DiaChiCongTy":"ấp Đông An, xã Vĩnh Chánh - Huyện Thoại Sơn - An Giang","Created":"2015-11-16T16:11:59Z","Updated":"2015-11-16T16:11:59Z","IsDelete":false,"RequestChanged":false,"ExitsInGDT":false,"SourceID":0,"TinhThanhID":0,"TinhThanhTitle":"An Giang","TinhThanhTitleAscii":"/an-giang","QuanHuyenID":0,"NganhNgheTitle":"Giáo dục trung học cơ sở và trung học phổ thông","NganhNgheTitleAscii":"/nganh-nghe/giao-duc-trung-hoc-co-so-va-trung-hoc-pho-thong","DSTags":["1600696165","An Giang",null]},{"Type":11,"SolrID":"/1600373710-027-truong-mau-giao-vinh-chanh","ID":0,"MaSoThue":"1600373710-027","NgayCap":"1999-02-23T00:00:00Z","Title":"Trường Mẫu giáo Vĩnh Chánh","DiaChiCongTy":"ấp Đông An, xã Vĩnh Chánh - Huyện Thoại Sơn - An Giang","Created":"2015-11-17T19:49:53Z","Updated":"2015-11-17T19:49:53Z","IsDelete":false,"RequestChanged":false,"ExitsInGDT":false,"SourceID":0,"TinhThanhID":0,"TinhThanhTitle":"An Giang","TinhThanhTitleAscii":"/an-giang","QuanHuyenID":0,"NganhNgheTitle":"Giáo dục mầm non","NganhNgheTitleAscii":"/nganh-nghe/giao-duc-mam-non","DSTags":["1600373710-027","An Giang",null]},{"Type":11,"SolrID":"/1600373710-028-truong-tieu-hoc-a-vinh-chanh","ID":0,"MaSoThue":"1600373710-028","NgayCap":"1999-02-23T00:00:00Z","Title":"Trường Tiểu học A Vĩnh Chánh","DiaChiCongTy":"ấp Đông An, xã Vĩnh Chánh - Huyện Thoại Sơn - An Giang","Created":"2015-11-17T19:49:54Z","Updated":"2015-11-17T19:49:54Z","IsDelete":false,"RequestChanged":false,"ExitsInGDT":false,"SourceID":0,"TinhThanhID":0,"TinhThanhTitle":"An Giang","TinhThanhTitleAscii":"/an-giang","QuanHuyenID":0,"NganhNgheTitle":"Giáo dục tiểu học","NganhNgheTitleAscii":"/nganh-nghe/giao-duc-tieu-hoc","DSTags":["1600373710-028","An Giang",null]},{"Type":11,"SolrID":"/1600373728-qtd-nhan-dan-vinh-chanh","ID":0,"MaSoThue":"1600373728","NgayCap":"1998-11-18T00:00:00Z","Title":"QTD Nhân Dân Vĩnh Chánh","DiaChiCongTy":"ấp Đông An, Xã Vĩnh Chánh - Huyện Thoại Sơn - An Giang","Created":"2015-11-14T17:16:29Z","Updated":"2015-11-14T17:16:29Z","IsDelete":false,"RequestChanged":false,"ExitsInGDT":false,"SourceID":0,"TinhThanhID":0,"TinhThanhTitle":"An Giang","TinhThanhTitleAscii":"/an-giang","QuanHuyenID":0,"NganhNgheTitle":"Hoạt động trung gian tiền tệ khác","NganhNgheTitleAscii":"/nganh-nghe/hoat-dong-trung-gian-tien-te-khac","DSTags":["1600373728","An Giang",null]},{"Type":11,"SolrID":"/1600148666-dntn-kim-nhiem","ID":0,"MaSoThue":"1600148666","NgayCap":"1998-09-18T00:00:00Z","Title":"DNTN Kim Nhiệm","DiaChiCongTy":"Tổ 1 ấp Tây bình A, Xã Vĩnh Chánh - Huyện Thoại Sơn - An Giang","Created":"2015-11-14T18:02:48Z","Updated":"2015-11-14T18:02:48Z","IsDelete":false,"RequestChanged":false,"ExitsInGDT":false,"SourceID":0,"TinhThanhID":0,"TinhThanhTitle":"An Giang","TinhThanhTitleAscii":"/an-giang","QuanHuyenID":0,"NganhNgheTitle":"Bán lẻ nhiên liệu động cơ trong các cửa hàng chuyên doanh","NganhNgheTitleAscii":"/nganh-nghe/ban-le-nhien-lieu-dong-co-trong-cac-cua-hang-chuyen-doanh","DSTags":["1600148666","An Giang",null]}]}