{"ID":3805,"SolrID":"/an-giang/huyen-thoai-son/xa-vinh-khanh","Title":"Xã Vĩnh Khánh","TinhThanhTitle":"An Giang","QuanHuyenTitle":"Huyện Thoại Sơn","QuanHuyenID":207,"TinhThanhID":35,"Url":"https://thongtindoanhnghiep.co/api/company?l=/an-giang/huyen-thoai-son/xa-vinh-khanh","Total":30,"List":[{"Type":11,"SolrID":"/1602145928-cong-ty-tnhh-lien-duong-nd","ID":0,"MaSoThue":"1602145928","NgayCap":"2021-04-16T00:00:00Z","Title":"Công Ty TNHH Liên Dương Nd","DiaChiCongTy":"Tổ  13, ấp Vĩnh Hiệp, Xã Vĩnh Khánh, Huyện Thoại Sơn, Tỉnh An Giang","Created":"2021-04-16T08:38:28Z","Updated":"2021-04-16T08:38:28Z","IsDelete":false,"RequestChanged":false,"ExitsInGDT":false,"SourceID":0,"TinhThanhID":0,"TinhThanhTitle":"An Giang","TinhThanhTitleAscii":"/an-giang","QuanHuyenID":0,"NganhNgheTitle":"Bán buôn chuyên doanh khác chưa được phân vào đâu","NganhNgheTitleAscii":"/nganh-nghe/ban-buon-chuyen-doanh-khac-chua-duoc-phan-vao-dau","DSTags":["1602145928","An Giang",null]},{"Type":11,"SolrID":"/1602081287-cong-ty-tnhh-thuong-mai-dich-vu-xay-xat-luong-thuc-tai-loi","ID":0,"MaSoThue":"1602081287","NgayCap":"2018-09-22T00:00:00Z","Title":"Công Ty TNHH Thương Mại Dịch Vụ Xay Xát Lương Thực Tài Lợi","DiaChiCongTy":"Số 153, Ấp Vĩnh Hiệp, Xã Vĩnh Khánh, Huyện Thoại Sơn, Tỉnh An Giang","Created":"2018-09-22T11:02:39Z","Updated":"2018-09-22T11:02:39Z","IsDelete":false,"RequestChanged":false,"ExitsInGDT":false,"SourceID":0,"TinhThanhID":0,"TinhThanhTitle":"An Giang","TinhThanhTitleAscii":"/an-giang","QuanHuyenID":0,"NganhNgheTitle":"Khai khoáng khác chưa được phân vào đâu","NganhNgheTitleAscii":"/nganh-nghe/khai-khoang-khac-chua-duoc-phan-vao-dau-10612","DSTags":["1602081287","An Giang",null]},{"Type":11,"SolrID":"/1602078622-cong-ty-tnhh-xay-dung-thuong-mai-dich-vu-thiet-bi-phong-chay-chua-chay-hoang-diem","ID":0,"MaSoThue":"1602078622","NgayCap":"2018-08-14T00:00:00Z","Title":"Công Ty TNHH Xây Dựng Thương Mại Dịch Vụ Thiết Bị Phòng Cháy Chữa Cháy Hoàng Diễm","DiaChiCongTy":"Số 153, Ấp Vĩnh Hiệp, Xã Vĩnh Khánh, Huyện Thoại Sơn, Tỉnh An Giang","Created":"2018-08-14T13:16:54Z","Updated":"2018-08-14T13:16:54Z","IsDelete":false,"RequestChanged":false,"ExitsInGDT":false,"SourceID":0,"TinhThanhID":0,"TinhThanhTitle":"An Giang","TinhThanhTitleAscii":"/an-giang","QuanHuyenID":0,"NganhNgheTitle":"Lắp đặt hệ thống điện","NganhNgheTitleAscii":"/nganh-nghe/lap-dat-he-thong-dien","DSTags":["1602078622","An Giang",null]},{"Type":11,"SolrID":"/1602075389-cong-ty-tnhh-mot-thanh-vien-duong-hong-phuong","ID":0,"MaSoThue":"1602075389","NgayCap":"2018-06-27T00:00:00Z","Title":"Công Ty TNHH Một Thành Viên Dương Hồng Phượng","DiaChiCongTy":"Tổ 13, Ấp Vĩnh Hiệp, Xã Vĩnh Khánh, Huyện Thoại Sơn, Tỉnh An Giang","Created":"2018-06-27T15:04:47Z","Updated":"2018-06-27T15:04:47Z","IsDelete":false,"RequestChanged":false,"ExitsInGDT":false,"SourceID":0,"TinhThanhID":0,"TinhThanhTitle":"An Giang","TinhThanhTitleAscii":"/an-giang","QuanHuyenID":0,"NganhNgheTitle":"Bán buôn nông, lâm sản nguyên liệu (trừ gỗ, tre, nứa) và động vật sống","NganhNgheTitleAscii":"/nganh-nghe/ban-buon-nong-lam-san-nguyen-lieu-tru-go-tre-nua-va-dong-vat-song","DSTags":["1602075389","An Giang",null]},{"Type":11,"SolrID":"/1602068423-doanh-nghiep-tn-nuoc-da-ho-van-thuan","ID":0,"MaSoThue":"1602068423","NgayCap":"2018-04-04T00:00:00Z","Title":"Doanh Nghiệp Tn Nước Đá Hồ Văn Thuấn","DiaChiCongTy":"Số 7, Tổ 7, Ấp Vĩnh Thành, Xã Vĩnh Khánh, Huyện Thoại Sơn, Tỉnh An Giang","Created":"2018-04-04T10:47:55Z","Updated":"2018-04-04T10:47:55Z","IsDelete":false,"RequestChanged":false,"ExitsInGDT":false,"SourceID":0,"TinhThanhID":0,"TinhThanhTitle":"An Giang","TinhThanhTitleAscii":"/an-giang","QuanHuyenID":0,"NganhNgheTitle":"Sản xuất, phân phối hơi nước, nước nóng, điều hoà không khí và sản xuất nước đá","NganhNgheTitleAscii":"/nganh-nghe/san-xuat-phan-phoi-hoi-nuoc-nuoc-nong-dieu-hoa-khong-khi-va-san-xuat-nuoc-da","DSTags":["1602068423","An Giang",null]},{"Type":11,"SolrID":"/1602042577-cong-ty-tnhh-mot-thanh-vien-viet-hai-mobile","ID":0,"MaSoThue":"1602042577","NgayCap":"2017-06-14T00:00:00Z","Title":"Công Ty TNHH Một Thành Viên Viết Hai Mobile","DiaChiCongTy":"Số 650, Tổ 01, Ấp Vĩnh Thắng, Xã Vĩnh Khánh, Huyện Thoại Sơn, Tỉnh An Giang","Created":"2017-06-14T15:38:39Z","Updated":"2017-06-14T15:38:39Z","IsDelete":false,"RequestChanged":false,"ExitsInGDT":false,"SourceID":0,"TinhThanhID":0,"TinhThanhTitle":"An Giang","TinhThanhTitleAscii":"/an-giang","QuanHuyenID":0,"NganhNgheTitle":"Bán buôn thiết bị và linh kiện điện tử, viễn thông","NganhNgheTitleAscii":"/nganh-nghe/ban-buon-thiet-bi-va-linh-kien-dien-tu-vien-thong","DSTags":["1602042577","An Giang",null]},{"Type":11,"SolrID":"/1602033621-cong-ty-tnhh-xay-dung-thuong-mai-dich-vu-xuat-nhap-khau-hoang-viet-an-giang","ID":0,"MaSoThue":"1602033621","NgayCap":"2017-02-16T00:00:00Z","Title":"Công Ty TNHH Xây Dựng Thương Mại Dịch Vụ Xuất Nhập Khẩu Hoàng Việt An Giang","DiaChiCongTy":"Ấp Vĩnh Thành, Xã Vĩnh Khánh, Huyện Thoại Sơn, Tỉnh An Giang","Created":"2017-02-16T08:08:03Z","Updated":"2020-05-06T15:45:27Z","IsDelete":false,"RequestChanged":false,"ExitsInGDT":false,"SourceID":0,"TinhThanhID":0,"TinhThanhTitle":"An Giang","TinhThanhTitleAscii":"/an-giang","QuanHuyenID":0,"NganhNgheTitle":"Xây dựng công trình kỹ thuật dân dụng khác","NganhNgheTitleAscii":"/nganh-nghe/xay-dung-cong-trinh-ky-thuat-dan-dung-khac","DSTags":["1602033621","An Giang",null]},{"Type":11,"SolrID":"/1602024056-cong-ty-tnhh-hoang-tung-thang","ID":0,"MaSoThue":"1602024056","NgayCap":"2016-11-15T00:00:00Z","Title":"Công Ty TNHH Hoàng Tùng Thắng","DiaChiCongTy":"Số 153, ấp Vĩnh Hiệp - Xã Vĩnh Khánh - Huyện Thoại Sơn - An Giang","Created":"2016-11-19T18:38:50Z","Updated":"2016-11-19T18:38:50Z","IsDelete":false,"RequestChanged":false,"ExitsInGDT":false,"SourceID":0,"TinhThanhID":0,"TinhThanhTitle":"An Giang","TinhThanhTitleAscii":"/an-giang","QuanHuyenID":0,"NganhNgheTitle":"Hoạt động thiết kế chuyên dụng","NganhNgheTitleAscii":"/nganh-nghe/hoat-dong-thiet-ke-chuyen-dung","DSTags":["1602024056","An Giang",null]},{"Type":11,"SolrID":"/1602012149-cong-ty-tnhh-vat-lieu-xay-dung-nguyen-thai","ID":0,"MaSoThue":"1602012149","NgayCap":"2016-06-08T00:00:00Z","Title":"Công Ty TNHH Vật Liệu Xây Dựng Nguyễn Thái","DiaChiCongTy":"Số 112, ấp Vĩnh Hiệp - Xã Vĩnh Khánh - Huyện Thoại Sơn - An Giang","Created":"2016-06-15T09:06:57Z","Updated":"2016-06-15T09:06:57Z","IsDelete":false,"RequestChanged":false,"ExitsInGDT":false,"SourceID":0,"TinhThanhID":0,"TinhThanhTitle":"An Giang","TinhThanhTitleAscii":"/an-giang","QuanHuyenID":0,"NganhNgheTitle":"Bán buôn vật liệu, thiết bị lắp đặt khác trong xây dựng","NganhNgheTitleAscii":"/nganh-nghe/ban-buon-vat-lieu-thiet-bi-lap-dat-khac-trong-xay-dung","DSTags":["1602012149","An Giang",null]},{"Type":11,"SolrID":"/1601999317-truong-tieu-hoc-a-vinh-khanh","ID":0,"MaSoThue":"1601999317","NgayCap":"2016-01-20T00:00:00Z","Title":"Trường Tiểu Học A Vĩnh Khánh","DiaChiCongTy":"Vĩnh Lơi - Xã Vĩnh Khánh - Huyện Thoại Sơn - An Giang","Created":"2016-01-21T08:25:19Z","Updated":"2016-01-21T08:25:19Z","IsDelete":false,"RequestChanged":false,"ExitsInGDT":false,"SourceID":0,"TinhThanhID":0,"TinhThanhTitle":"An Giang","TinhThanhTitleAscii":"/an-giang","QuanHuyenID":0,"NganhNgheTitle":"Giáo dục tiểu học","NganhNgheTitleAscii":"/nganh-nghe/giao-duc-tieu-hoc","DSTags":["1601999317","An Giang",null]},{"Type":11,"SolrID":"/1601990096-truong-trung-hoc-co-so-vinh-khanh","ID":0,"MaSoThue":"1601990096","NgayCap":"2015-12-03T00:00:00Z","Title":"Trường Trung Học Cơ Sở Vĩnh Khánh","DiaChiCongTy":"Vĩnh Lợi - Xã Vĩnh Khánh - Huyện Thoại Sơn - An Giang","Created":"2015-12-05T12:02:02Z","Updated":"2015-12-05T12:02:02Z","IsDelete":false,"RequestChanged":false,"ExitsInGDT":false,"SourceID":0,"TinhThanhID":0,"TinhThanhTitle":"An Giang","TinhThanhTitleAscii":"/an-giang","QuanHuyenID":0,"NganhNgheTitle":"Giáo dục trung học cơ sở","NganhNgheTitleAscii":"/nganh-nghe/giao-duc-trung-hoc-co-so","DSTags":["1601990096","An Giang",null]},{"Type":11,"SolrID":"/1601985265-truong-tieu-hoc-b-vinh-khanh","ID":0,"MaSoThue":"1601985265","NgayCap":"2015-10-13T00:00:00Z","Title":"Trường Tiểu học B Vĩnh Khánh","DiaChiCongTy":"ấp Vĩnh Hiệp, - Xã Vĩnh Khánh - Huyện Thoại Sơn - An Giang","Created":"2015-11-19T10:17:11Z","Updated":"2015-11-19T10:17:11Z","IsDelete":false,"RequestChanged":false,"ExitsInGDT":false,"SourceID":0,"TinhThanhID":0,"TinhThanhTitle":"An Giang","TinhThanhTitleAscii":"/an-giang","QuanHuyenID":0,"NganhNgheTitle":"Giáo dục tiểu học","NganhNgheTitleAscii":"/nganh-nghe/giao-duc-tieu-hoc","DSTags":["1601985265","An Giang",null]},{"Type":11,"SolrID":"/1601984688-cong-ty-tnhh-mot-thanh-vien-thuong-mai-dich-vu-xay-xat-tai-loi","ID":0,"MaSoThue":"1601984688","NgayCap":"2015-10-06T00:00:00Z","Title":"Công Ty TNHH Một Thành Viên Thương Mại Dịch Vụ Xay Xát Tài Lợi","DiaChiCongTy":"153, ấp Vĩnh Hiệp - Xã Vĩnh Khánh - Huyện Thoại Sơn - An Giang","Created":"2015-11-19T03:27:20Z","Updated":"2015-11-19T03:27:20Z","IsDelete":false,"RequestChanged":false,"ExitsInGDT":false,"SourceID":0,"TinhThanhID":0,"TinhThanhTitle":"An Giang","TinhThanhTitleAscii":"/an-giang","QuanHuyenID":0,"NganhNgheTitle":"Khai khoáng khác chưa được phân vào đâu","NganhNgheTitleAscii":"/nganh-nghe/khai-khoang-khac-chua-duoc-phan-vao-dau-10612","DSTags":["1601984688","An Giang",null]},{"Type":11,"SolrID":"/1601977264-cong-ty-tnhh-xuat-nhap-khau-thuy-san-tien-thanh","ID":0,"MaSoThue":"1601977264","NgayCap":"2015-07-07T00:00:00Z","Title":"Công Ty TNHH Xuất Nhập Khẩu Thủy Sản Tiến Thành","DiaChiCongTy":"Số 155 Vĩnh Thành - Xã Vĩnh Khánh - Huyện Thoại Sơn - An Giang","Created":"2015-11-18T19:12:08Z","Updated":"2015-11-18T19:12:08Z","IsDelete":false,"RequestChanged":false,"ExitsInGDT":false,"SourceID":0,"TinhThanhID":0,"TinhThanhTitle":"An Giang","TinhThanhTitleAscii":"/an-giang","QuanHuyenID":0,"NganhNgheTitle":"Chế biến, bảo quản thuỷ sản và các sản phẩm từ thuỷ sản","NganhNgheTitleAscii":"/nganh-nghe/che-bien-bao-quan-thuy-san-va-cac-san-pham-tu-thuy-san","DSTags":["1601977264","An Giang",null]},{"Type":11,"SolrID":"/1601879877-doanh-nghiep-tn-tiem-vang-ngoc-dung-thoai-son","ID":0,"MaSoThue":"1601879877","NgayCap":"2013-06-13T00:00:00Z","Title":"Doanh Nghiệp TN Tiệm Vàng Ngọc Dũng Thoại Sơn","DiaChiCongTy":"Số 237, ấp Vĩnh Thành - Xã Vĩnh Khánh - Huyện Thoại Sơn - An Giang","Created":"2015-11-16T21:37:44Z","Updated":"2015-11-16T21:37:44Z","IsDelete":false,"RequestChanged":false,"ExitsInGDT":false,"SourceID":0,"TinhThanhID":0,"TinhThanhTitle":"An Giang","TinhThanhTitleAscii":"/an-giang","QuanHuyenID":0,"NganhNgheTitle":"Bán buôn kim loại và quặng kim loại","NganhNgheTitleAscii":"/nganh-nghe/ban-buon-kim-loai-va-quang-kim-loai","DSTags":["1601879877","An Giang",null]},{"Type":11,"SolrID":"/1601875696-cong-ty-tnhh-tiem-vang-tu-hieu","ID":0,"MaSoThue":"1601875696","NgayCap":"2013-05-22T00:00:00Z","Title":"Công Ty TNHH Tiệm Vàng Tư Hiếu","DiaChiCongTy":"Tổ 25, ấp Vĩnh Thành - Xã Vĩnh Khánh - Huyện Thoại Sơn - An Giang","Created":"2015-11-11T21:51:55Z","Updated":"2015-11-11T21:51:55Z","IsDelete":false,"RequestChanged":false,"ExitsInGDT":false,"SourceID":0,"TinhThanhID":0,"TinhThanhTitle":"An Giang","TinhThanhTitleAscii":"/an-giang","QuanHuyenID":0,"NganhNgheTitle":"Bán buôn kim loại và quặng kim loại","NganhNgheTitleAscii":"/nganh-nghe/ban-buon-kim-loai-va-quang-kim-loai","DSTags":["1601875696","An Giang",null]},{"Type":11,"SolrID":"/1601858059-cong-ty-tnhh-mot-thanh-vien-xay-dung-nguyen-minh-phat","ID":0,"MaSoThue":"1601858059","NgayCap":"2013-01-17T00:00:00Z","Title":"Công Ty TNHH Một Thành Viên Xây Dựng Nguyễn Minh Phát","DiaChiCongTy":"ấp Vĩnh Thành - Xã Vĩnh Khánh - Huyện Thoại Sơn - An Giang","Created":"2015-11-12T00:59:26Z","Updated":"2015-11-12T00:59:26Z","IsDelete":false,"RequestChanged":false,"ExitsInGDT":false,"SourceID":0,"TinhThanhID":0,"TinhThanhTitle":"An Giang","TinhThanhTitleAscii":"/an-giang","QuanHuyenID":0,"NganhNgheTitle":"Xây dựng nhà các loại","NganhNgheTitleAscii":"/nganh-nghe/xay-dung-nha-cac-loai","DSTags":["1601858059","An Giang",null]},{"Type":11,"SolrID":"/1601651840-cong-ty-tnhh-mot-thanh-vien-hai-phuc-long","ID":0,"MaSoThue":"1601651840","NgayCap":"2012-02-06T00:00:00Z","Title":"Công Ty TNHH Một Thành Viên Hải Phúc Long","DiaChiCongTy":"Số 481, Tổ 15, ấp Vĩnh Thành - Xã Vĩnh Khánh - Huyện Thoại Sơn - An Giang","Created":"2015-11-10T01:44:26Z","Updated":"2015-11-10T01:44:26Z","IsDelete":false,"RequestChanged":false,"ExitsInGDT":false,"SourceID":0,"TinhThanhID":0,"TinhThanhTitle":"An Giang","TinhThanhTitleAscii":"/an-giang","QuanHuyenID":0,"NganhNgheTitle":"Khai khoáng khác chưa được phân vào đâu","NganhNgheTitleAscii":"/nganh-nghe/khai-khoang-khac-chua-duoc-phan-vao-dau-10612","DSTags":["1601651840","An Giang",null]},{"Type":11,"SolrID":"/1601583005-cong-ty-tnhh-mot-thanh-vien-ca-sach","ID":0,"MaSoThue":"1601583005","NgayCap":"2011-10-28T00:00:00Z","Title":"Công Ty TNHH Một Thành Viên Cá Sạch","DiaChiCongTy":"Số 155, ấp Vĩnh Thành - Xã Vĩnh Khánh - Huyện Thoại Sơn - An Giang","Created":"2015-11-10T01:42:27Z","Updated":"2015-11-10T01:42:27Z","IsDelete":false,"RequestChanged":false,"ExitsInGDT":false,"SourceID":0,"TinhThanhID":0,"TinhThanhTitle":"An Giang","TinhThanhTitleAscii":"/an-giang","QuanHuyenID":0,"NganhNgheTitle":"Bán buôn thực phẩm","NganhNgheTitleAscii":"/nganh-nghe/ban-buon-thuc-pham","DSTags":["1601583005","An Giang",null]},{"Type":11,"SolrID":"/1601581664-cong-ty-cp-ngoc-thien-nam","ID":0,"MaSoThue":"1601581664","NgayCap":"2011-10-26T00:00:00Z","Title":"Công Ty CP Ngọc Thiên Nam","DiaChiCongTy":"ấp Vĩnh Thắng - Xã Vĩnh Khánh - Huyện Thoại Sơn - An Giang","Created":"2015-11-10T01:45:28Z","Updated":"2015-11-10T01:45:28Z","IsDelete":false,"RequestChanged":false,"ExitsInGDT":false,"SourceID":0,"TinhThanhID":0,"TinhThanhTitle":"An Giang","TinhThanhTitleAscii":"/an-giang","QuanHuyenID":0,"NganhNgheTitle":"Khai khoáng khác chưa được phân vào đâu","NganhNgheTitleAscii":"/nganh-nghe/khai-khoang-khac-chua-duoc-phan-vao-dau-10612","DSTags":["1601581664","An Giang",null]},{"Type":11,"SolrID":"/1601199737-cong-ty-tnhh-xay-dung-thuong-mai-dich-vu-thiet-bi-phong-chay-chua-chay-hoang-diem","ID":0,"MaSoThue":"1601199737","NgayCap":"2009-07-27T00:00:00Z","Title":"Công Ty TNHH Xây Dựng-Thương Mại-Dịch Vụ Thiết Bị Phòng Cháy Chữa Cháy Hoàng Diễm","DiaChiCongTy":"Số 153, ấp Vĩnh Hiệp - Xã Vĩnh Khánh - Huyện Thoại Sơn - An Giang","Created":"2015-11-11T05:26:52Z","Updated":"2015-11-11T05:26:52Z","IsDelete":false,"RequestChanged":false,"ExitsInGDT":false,"SourceID":0,"TinhThanhID":0,"TinhThanhTitle":"An Giang","TinhThanhTitleAscii":"/an-giang","QuanHuyenID":0,"NganhNgheTitle":"Lắp đặt hệ thống xây dựng khác","NganhNgheTitleAscii":"/nganh-nghe/lap-dat-he-thong-xay-dung-khac","DSTags":["1601199737","An Giang",null]},{"Type":11,"SolrID":"/1600729886-truong-mau-giao-vinh-khanh","ID":0,"MaSoThue":"1600729886","NgayCap":"2004-09-27T00:00:00Z","Title":"Trường Mẫu giáo Vĩnh Khánh","DiaChiCongTy":"ấp Vĩnh Hiệp, xã Vĩnh Khánh - Huyện Thoại Sơn - An Giang","Created":"2015-11-16T05:09:51Z","Updated":"2015-11-16T05:09:51Z","IsDelete":false,"RequestChanged":false,"ExitsInGDT":false,"SourceID":0,"TinhThanhID":0,"TinhThanhTitle":"An Giang","TinhThanhTitleAscii":"/an-giang","QuanHuyenID":0,"NganhNgheTitle":"Giáo dục mầm non","NganhNgheTitleAscii":"/nganh-nghe/giao-duc-mam-non","DSTags":["1600729886","An Giang",null]},{"Type":11,"SolrID":"/1600210970-doanh-nghiep-tn-nam-tong","ID":0,"MaSoThue":"1600210970","NgayCap":"2004-03-03T00:00:00Z","Title":"Doanh Nghiệp TN Năm Tòng","DiaChiCongTy":"Số 118, ấp Vĩnh Thành - Xã Vĩnh Khánh - Huyện Thoại Sơn - An Giang","Created":"2015-11-17T04:58:08Z","Updated":"2015-11-17T04:58:08Z","IsDelete":false,"RequestChanged":false,"ExitsInGDT":false,"SourceID":0,"TinhThanhID":0,"TinhThanhTitle":"An Giang","TinhThanhTitleAscii":"/an-giang","QuanHuyenID":0,"NganhNgheTitle":"Bán buôn nhiên liệu rắn, lỏng, khí và các sản phẩm liên quan","NganhNgheTitleAscii":"/nganh-nghe/ban-buon-nhien-lieu-ran-long-khi-va-cac-san-pham-lien-quan","DSTags":["1600210970","An Giang",null]},{"Type":11,"SolrID":"/1600210378-doanh-nghiep-tn-nguyen-thi-bo","ID":0,"MaSoThue":"1600210378","NgayCap":"2004-03-01T00:00:00Z","Title":"Doanh Nghiệp TN Nguyễn Thị Bo","DiaChiCongTy":"ấp Vĩnh Thắng - Xã Vĩnh Khánh - Huyện Thoại Sơn - An Giang","Created":"2015-11-17T04:57:32Z","Updated":"2015-11-17T04:57:32Z","IsDelete":false,"RequestChanged":false,"ExitsInGDT":false,"SourceID":0,"TinhThanhID":0,"TinhThanhTitle":"An Giang","TinhThanhTitleAscii":"/an-giang","QuanHuyenID":0,"NganhNgheTitle":"Bán buôn nhiên liệu rắn, lỏng, khí và các sản phẩm liên quan","NganhNgheTitleAscii":"/nganh-nghe/ban-buon-nhien-lieu-ran-long-khi-va-cac-san-pham-lien-quan","DSTags":["1600210378","An Giang",null]},{"Type":11,"SolrID":"/1600477420-doanh-nghiep-tn-sau-than","ID":0,"MaSoThue":"1600477420","NgayCap":"2004-01-28T00:00:00Z","Title":"Doanh Nghiệp TN Sáu Thẩn","DiaChiCongTy":"Số 01, Tổ 1, ấp Vĩnh Thắng - Xã Vĩnh Khánh - Huyện Thoại Sơn - An Giang","Created":"2015-11-08T23:32:53Z","Updated":"2015-11-08T23:32:53Z","IsDelete":false,"RequestChanged":false,"ExitsInGDT":false,"SourceID":0,"TinhThanhID":0,"TinhThanhTitle":"An Giang","TinhThanhTitleAscii":"/an-giang","QuanHuyenID":0,"NganhNgheTitle":"Bán buôn nhiên liệu rắn, lỏng, khí và các sản phẩm liên quan","NganhNgheTitleAscii":"/nganh-nghe/ban-buon-nhien-lieu-ran-long-khi-va-cac-san-pham-lien-quan","DSTags":["1600477420","An Giang",null]},{"Type":11,"SolrID":"/1600372883-002-truong-trung-hoc-co-so-vinh-khanh","ID":0,"MaSoThue":"1600372883-002","NgayCap":"1999-04-05T00:00:00Z","Title":"Trường Trung học Cơ sở Vĩnh Khánh","DiaChiCongTy":"ấp Vĩnh Lợi,  xã Vĩnh Khánh - Huyện Thoại Sơn - An Giang","Created":"2015-11-17T19:49:25Z","Updated":"2015-11-17T19:49:25Z","IsDelete":false,"RequestChanged":false,"ExitsInGDT":false,"SourceID":0,"TinhThanhID":0,"TinhThanhTitle":"An Giang","TinhThanhTitleAscii":"/an-giang","QuanHuyenID":0,"NganhNgheTitle":"Giáo dục trung học cơ sở và trung học phổ thông","NganhNgheTitleAscii":"/nganh-nghe/giao-duc-trung-hoc-co-so-va-trung-hoc-pho-thong","DSTags":["1600372883-002","An Giang",null]},{"Type":11,"SolrID":"/1600373710-031-truong-tieu-hoc-a-vinh-khanh","ID":0,"MaSoThue":"1600373710-031","NgayCap":"1999-02-23T00:00:00Z","Title":"Trường Tiểu học A Vĩnh Khánh","DiaChiCongTy":"ấp Vĩnh Lợi, xã Vĩnh Khánh - Huyện Thoại Sơn - An Giang","Created":"2015-11-17T19:49:56Z","Updated":"2015-11-17T19:49:56Z","IsDelete":false,"RequestChanged":false,"ExitsInGDT":false,"SourceID":0,"TinhThanhID":0,"TinhThanhTitle":"An Giang","TinhThanhTitleAscii":"/an-giang","QuanHuyenID":0,"NganhNgheTitle":"Giáo dục tiểu học","NganhNgheTitleAscii":"/nganh-nghe/giao-duc-tieu-hoc","DSTags":["1600373710-031","An Giang",null]},{"Type":11,"SolrID":"/1600373710-032-truong-tieu-hoc-b-vinh-khanh","ID":0,"MaSoThue":"1600373710-032","NgayCap":"1999-02-23T00:00:00Z","Title":"Trường Tiểu học B Vĩnh Khánh","DiaChiCongTy":"ấp Vĩnh Hiệp, xã Vĩnh Khánh - Huyện Thoại Sơn - An Giang","Created":"2015-11-17T19:49:57Z","Updated":"2015-11-17T19:49:57Z","IsDelete":false,"RequestChanged":false,"ExitsInGDT":false,"SourceID":0,"TinhThanhID":0,"TinhThanhTitle":"An Giang","TinhThanhTitleAscii":"/an-giang","QuanHuyenID":0,"NganhNgheTitle":"Giáo dục tiểu học","NganhNgheTitleAscii":"/nganh-nghe/giao-duc-tieu-hoc","DSTags":["1600373710-032","An Giang",null]},{"Type":11,"SolrID":"/1600373710-033-truong-tieu-hoc-c-vinh-khanh","ID":0,"MaSoThue":"1600373710-033","NgayCap":"1999-02-23T00:00:00Z","Title":"Trường Tiểu học C Vĩnh Khánh","DiaChiCongTy":"ấp Vĩnh Thắng, xã Vĩnh Khánh - Huyện Thoại Sơn - An Giang","Created":"2015-11-17T19:49:58Z","Updated":"2015-11-17T19:49:58Z","IsDelete":false,"RequestChanged":false,"ExitsInGDT":false,"SourceID":0,"TinhThanhID":0,"TinhThanhTitle":"An Giang","TinhThanhTitleAscii":"/an-giang","QuanHuyenID":0,"NganhNgheTitle":"Giáo dục tiểu học","NganhNgheTitleAscii":"/nganh-nghe/giao-duc-tieu-hoc","DSTags":["1600373710-033","An Giang",null]},{"Type":11,"SolrID":"/1600194461-028-trai-chan-nuoi-vinh-khanh","ID":0,"MaSoThue":"1600194461-028","NgayCap":"1998-10-24T00:00:00Z","Title":"Trại Chăn Nuôi  Vĩnh Khánh","DiaChiCongTy":"ấp Vĩnh Hiệp Xã Vĩnh Khánh - Huyện Thoại Sơn - An Giang","Created":"2015-11-11T01:35:32Z","Updated":"2015-11-11T01:35:32Z","IsDelete":false,"RequestChanged":false,"ExitsInGDT":false,"SourceID":0,"TinhThanhID":0,"TinhThanhTitle":"An Giang","TinhThanhTitleAscii":"/an-giang","QuanHuyenID":0,"NganhNgheTitle":"Chăn nuôi","NganhNgheTitleAscii":"/nganh-nghe/chan-nuoi","DSTags":["1600194461-028","An Giang",null]}]}