{"ID":1699,"SolrID":"/an-giang/huyen-thoai-son/xa-vong-dong","Title":"Xã Vọng Đông","TinhThanhTitle":"An Giang","QuanHuyenTitle":"Huyện Thoại Sơn","QuanHuyenID":207,"TinhThanhID":35,"Url":"https://thongtindoanhnghiep.co/api/company?l=/an-giang/huyen-thoai-son/xa-vong-dong","Total":34,"List":[{"Type":11,"SolrID":"/1602148076-cong-ty-tnhh-san-xuat-thuong-mai-va-dich-vu-phong-phu","ID":0,"MaSoThue":"1602148076","NgayCap":"2021-06-02T00:00:00Z","Title":"Công Ty TNHH Sản Xuất Thương Mại Và Dịch Vụ Phong Phú","DiaChiCongTy":"Tổ 15, Ấp Sơn Tân, Xã Vọng Đông, Huyện Thoại Sơn, Tỉnh An Giang","Created":"2021-06-02T12:35:32Z","Updated":"2021-06-02T12:35:32Z","IsDelete":false,"RequestChanged":false,"ExitsInGDT":false,"SourceID":0,"TinhThanhID":0,"TinhThanhTitle":"An Giang","TinhThanhTitleAscii":"/an-giang","QuanHuyenID":0,"NganhNgheTitle":"Sản xuất khác chưa được phân vào đâu","NganhNgheTitleAscii":"/nganh-nghe/san-xuat-khac-chua-duoc-phan-vao-dau","DSTags":["1602148076","An Giang",null]},{"Type":11,"SolrID":"/1602072444-cong-ty-tnhh-mot-thanh-vien-nguyen-thi-ly","ID":0,"MaSoThue":"1602072444","NgayCap":"2018-05-19T00:00:00Z","Title":"Công Ty TNHH Một Thành Viên Nguyễn Thị Lý","DiaChiCongTy":"Số 50, Tổ 2, Ấp Sơn Tân, Xã Vọng Đông, Huyện Thoại Sơn, Tỉnh An Giang","Created":"2018-05-19T13:43:54Z","Updated":"2018-05-19T13:43:54Z","IsDelete":false,"RequestChanged":false,"ExitsInGDT":false,"SourceID":0,"TinhThanhID":0,"TinhThanhTitle":"An Giang","TinhThanhTitleAscii":"/an-giang","QuanHuyenID":0,"NganhNgheTitle":"Bán buôn nông, lâm sản nguyên liệu (trừ gỗ, tre, nứa) và động vật sống","NganhNgheTitleAscii":"/nganh-nghe/ban-buon-nong-lam-san-nguyen-lieu-tru-go-tre-nua-va-dong-vat-song","DSTags":["1602072444","An Giang",null]},{"Type":11,"SolrID":"/1602064267-cong-ty-tnhh-mot-thanh-vien-quoc-huy-thoai-son","ID":0,"MaSoThue":"1602064267","NgayCap":"2018-02-26T00:00:00Z","Title":"Công Ty TNHH Một Thành Viên Quốc Huy Thoại Sơn","DiaChiCongTy":"Số 99, Ấp Sơn Tân, Xã Vọng Đông, Huyện Thoại Sơn, Tỉnh An Giang","Created":"2018-02-26T13:34:25Z","Updated":"2018-02-26T13:34:25Z","IsDelete":false,"RequestChanged":false,"ExitsInGDT":false,"SourceID":0,"TinhThanhID":0,"TinhThanhTitle":"An Giang","TinhThanhTitleAscii":"/an-giang","QuanHuyenID":0,"NganhNgheTitle":"Hoạt động kiến trúc và tư vấn kỹ thuật có liên quan","NganhNgheTitleAscii":"/nganh-nghe/hoat-dong-kien-truc-va-tu-van-ky-thuat-co-lien-quan","DSTags":["1602064267","An Giang",null]},{"Type":11,"SolrID":"/1602055777-cong-ty-tnhh-mot-thanh-vien-nhat-quang-mobile","ID":0,"MaSoThue":"1602055777","NgayCap":"2017-11-23T00:00:00Z","Title":"Công Ty TNHH Một Thành Viên Nhật Quang Mobile","DiaChiCongTy":"Số 49 Ấp Sơn Hoà, Xã Vọng Đông, Huyện Thoại Sơn, Tỉnh An Giang","Created":"2017-11-23T14:12:15Z","Updated":"2017-11-23T14:12:15Z","IsDelete":false,"RequestChanged":false,"ExitsInGDT":false,"SourceID":0,"TinhThanhID":0,"TinhThanhTitle":"An Giang","TinhThanhTitleAscii":"/an-giang","QuanHuyenID":0,"NganhNgheTitle":"Bán buôn thiết bị và linh kiện điện tử, viễn thông","NganhNgheTitleAscii":"/nganh-nghe/ban-buon-thiet-bi-va-linh-kien-dien-tu-vien-thong","DSTags":["1602055777","An Giang",null]},{"Type":11,"SolrID":"/1602031751-doanh-nghiep-tn-tiem-vang-nhat-quang","ID":0,"MaSoThue":"1602031751","NgayCap":"2017-01-14T00:00:00Z","Title":"Doanh Nghiệp Tn Tiệm Vàng Nhật Quang","DiaChiCongTy":"Số 125/VĐ, Ấp Sơn Tân, Xã Vọng Đông, Huyện Thoại Sơn, Tỉnh An Giang","Created":"2017-01-14T11:07:35Z","Updated":"2017-01-14T11:07:35Z","IsDelete":false,"RequestChanged":false,"ExitsInGDT":false,"SourceID":0,"TinhThanhID":0,"TinhThanhTitle":"An Giang","TinhThanhTitleAscii":"/an-giang","QuanHuyenID":0,"NganhNgheTitle":"Bán buôn kim loại và quặng kim loại","NganhNgheTitleAscii":"/nganh-nghe/ban-buon-kim-loai-va-quang-kim-loai","DSTags":["1602031751","An Giang",null]},{"Type":11,"SolrID":"/1602017820-cong-ty-tnhh-mot-thanh-vien-may-kim-phuong-thoai-son","ID":0,"MaSoThue":"1602017820","NgayCap":"2016-08-31T00:00:00Z","Title":"CôNG TY TNHH MộT THàNH VIêN MAY KIM PHượNG THOạI SơN","DiaChiCongTy":"Số 65A, ấp Sơn Tân - Xã Vọng Đông - Huyện Thoại Sơn - An Giang","Created":"2016-09-09T13:06:00Z","Updated":"2016-09-10T13:07:37Z","IsDelete":false,"RequestChanged":false,"ExitsInGDT":false,"SourceID":0,"TinhThanhID":0,"TinhThanhTitle":"An Giang","TinhThanhTitleAscii":"/an-giang","QuanHuyenID":0,"NganhNgheTitle":"Sản xuất hàng may sẵn (trừ trang phục)","NganhNgheTitleAscii":"/nganh-nghe/san-xuat-hang-may-san-tru-trang-phuc","DSTags":["1602017820","An Giang",null]},{"Type":11,"SolrID":"/1602014026-doanh-nghiep-tn-may-mac-tu-lan","ID":0,"MaSoThue":"1602014026","NgayCap":"2016-07-09T00:00:00Z","Title":"Doanh Nghiệp TN May Mặc Tú Lan","DiaChiCongTy":"Số 65, Tổ 3 - Xã Vọng Đông - Huyện Thoại Sơn - An Giang","Created":"2016-07-14T14:44:33Z","Updated":"2016-09-10T22:32:56Z","IsDelete":false,"RequestChanged":false,"ExitsInGDT":false,"SourceID":0,"TinhThanhID":0,"TinhThanhTitle":"An Giang","TinhThanhTitleAscii":"/an-giang","QuanHuyenID":0,"DSTags":["1602014026","An Giang",null]},{"Type":11,"SolrID":"/1602004973-doanh-nghiep-tn-phung-van-tien","ID":0,"MaSoThue":"1602004973","NgayCap":"2016-03-19T00:00:00Z","Title":"Doanh Nghiệp TN Phùng Văn Tiến","DiaChiCongTy":"ấp Sơn Thành - Xã Vọng Đông - Huyện Thoại Sơn - An Giang","Created":"2016-03-23T09:40:39Z","Updated":"2016-03-23T09:40:39Z","IsDelete":false,"RequestChanged":false,"ExitsInGDT":false,"SourceID":0,"TinhThanhID":0,"TinhThanhTitle":"An Giang","TinhThanhTitleAscii":"/an-giang","QuanHuyenID":0,"NganhNgheTitle":"Trồng lúa","NganhNgheTitleAscii":"/nganh-nghe/trong-lua","DSTags":["1602004973","An Giang",null]},{"Type":11,"SolrID":"/1601998553-truong-tieu-hoc-b-vong-dong","ID":0,"MaSoThue":"1601998553","NgayCap":"2016-01-15T00:00:00Z","Title":"Trường Tiểu Học B Vọng Đông","DiaChiCongTy":"Sơn Hòa - Xã Vọng Đông - Huyện Thoại Sơn - An Giang","Created":"2016-01-16T09:35:06Z","Updated":"2016-01-16T09:35:06Z","IsDelete":false,"RequestChanged":false,"ExitsInGDT":false,"SourceID":0,"TinhThanhID":0,"TinhThanhTitle":"An Giang","TinhThanhTitleAscii":"/an-giang","QuanHuyenID":0,"NganhNgheTitle":"Giáo dục tiểu học","NganhNgheTitleAscii":"/nganh-nghe/giao-duc-tieu-hoc","DSTags":["1601998553","An Giang",null]},{"Type":11,"SolrID":"/1601986773-truong-trung-hoc-co-so-vong-dong","ID":0,"MaSoThue":"1601986773","NgayCap":"2015-11-10T00:00:00Z","Title":"Trường Trung Học Cơ Sở Vọng Đông","DiaChiCongTy":"Sơn Thành - Xã Vọng Đông - Huyện Thoại Sơn - An Giang","Created":"2015-11-19T13:14:17Z","Updated":"2015-11-19T13:14:17Z","IsDelete":false,"RequestChanged":false,"ExitsInGDT":false,"SourceID":0,"TinhThanhID":0,"TinhThanhTitle":"An Giang","TinhThanhTitleAscii":"/an-giang","QuanHuyenID":0,"NganhNgheTitle":"Giáo dục trung học cơ sở và trung học phổ thông","NganhNgheTitleAscii":"/nganh-nghe/giao-duc-trung-hoc-co-so-va-trung-hoc-pho-thong","DSTags":["1601986773","An Giang",null]},{"Type":11,"SolrID":"/1700566610-006-chi-nhanh-cong-ty-co-phan-kinh-doanh-nong-san-kien-giang-phan-xuong-6","ID":0,"MaSoThue":"1700566610-006","NgayCap":"2014-11-26T00:00:00Z","Title":"Chi Nhánh Công Ty Cổ Phần Kinh Doanh Nông Sản Kiên Giang - Phân Xưởng 6","DiaChiCongTy":"ấp Sơn Thành - Xã Vọng Đông - Huyện Thoại Sơn - An Giang","Created":"2015-11-18T13:12:36Z","Updated":"2015-11-18T13:12:36Z","IsDelete":false,"RequestChanged":false,"ExitsInGDT":false,"SourceID":0,"TinhThanhID":0,"TinhThanhTitle":"An Giang","TinhThanhTitleAscii":"/an-giang","QuanHuyenID":0,"NganhNgheTitle":"Khai khoáng khác chưa được phân vào đâu","NganhNgheTitleAscii":"/nganh-nghe/khai-khoang-khac-chua-duoc-phan-vao-dau-10612","DSTags":["1700566610-006","An Giang",null]},{"Type":11,"SolrID":"/1601944942-cong-ty-tnhh-mot-thanh-vien-nhien-lieu-tai-phat","ID":0,"MaSoThue":"1601944942","NgayCap":"2014-11-06T00:00:00Z","Title":"Công Ty TNHH Một Thành Viên Nhiên Liệu Tài Phát","DiaChiCongTy":"Số 195, ấp Sơn Tân - Xã Vọng Đông - Huyện Thoại Sơn - An Giang","Created":"2015-11-11T05:57:43Z","Updated":"2015-11-11T05:57:43Z","IsDelete":false,"RequestChanged":false,"ExitsInGDT":false,"SourceID":0,"TinhThanhID":0,"TinhThanhTitle":"An Giang","TinhThanhTitleAscii":"/an-giang","QuanHuyenID":0,"NganhNgheTitle":"Bán buôn nhiên liệu rắn, lỏng, khí và các sản phẩm liên quan","NganhNgheTitleAscii":"/nganh-nghe/ban-buon-nhien-lieu-ran-long-khi-va-cac-san-pham-lien-quan","DSTags":["1601944942","An Giang",null]},{"Type":11,"SolrID":"/1601930322-cong-ty-tnhh-che-bien-va-kinh-doanh-luong-thuc-trong-an","ID":0,"MaSoThue":"1601930322","NgayCap":"2014-06-25T00:00:00Z","Title":"Công Ty TNHH Chế Biến Và Kinh Doanh Lương Thực Trọng An","DiaChiCongTy":"ấp Sơn Thành - Xã Vọng Đông - Huyện Thoại Sơn - An Giang","Created":"2015-11-09T13:53:57Z","Updated":"2015-11-09T13:53:57Z","IsDelete":false,"RequestChanged":false,"ExitsInGDT":false,"SourceID":0,"TinhThanhID":0,"TinhThanhTitle":"An Giang","TinhThanhTitleAscii":"/an-giang","QuanHuyenID":0,"NganhNgheTitle":"Bán buôn gạo","NganhNgheTitleAscii":"/nganh-nghe/ban-buon-gao","DSTags":["1601930322","An Giang",null]},{"Type":11,"SolrID":"/1601912940-hop-tac-xa-nong-nghiep-son-thanh","ID":0,"MaSoThue":"1601912940","NgayCap":"2014-03-03T00:00:00Z","Title":"Hợp Tác Xã Nông Nghiệp Sơn Thành","DiaChiCongTy":"ấp Sơn Tân - Xã Vọng Đông - Huyện Thoại Sơn - An Giang","Created":"2015-11-16T11:15:22Z","Updated":"2015-11-16T11:15:22Z","IsDelete":false,"RequestChanged":false,"ExitsInGDT":false,"SourceID":0,"TinhThanhID":0,"TinhThanhTitle":"An Giang","TinhThanhTitleAscii":"/an-giang","QuanHuyenID":0,"NganhNgheTitle":"Hoạt động dịch vụ trồng trọt","NganhNgheTitleAscii":"/nganh-nghe/hoat-dong-dich-vu-trong-trot","DSTags":["1601912940","An Giang",null]},{"Type":11,"SolrID":"/1601870088-cong-ty-tnhh-mot-thanh-vien-truong-tho-thoai-son","ID":0,"MaSoThue":"1601870088","NgayCap":"2013-04-10T00:00:00Z","Title":"Công Ty TNHH Một Thành Viên Trường Thọ Thoại Sơn","DiaChiCongTy":"ấp Sơn Thành - Xã Vọng Đông - Huyện Thoại Sơn - An Giang","Created":"2015-11-09T22:57:25Z","Updated":"2015-11-09T22:57:25Z","IsDelete":false,"RequestChanged":false,"ExitsInGDT":false,"SourceID":0,"TinhThanhID":0,"TinhThanhTitle":"An Giang","TinhThanhTitleAscii":"/an-giang","QuanHuyenID":0,"NganhNgheTitle":"Bán buôn nhiên liệu rắn, lỏng, khí và các sản phẩm liên quan","NganhNgheTitleAscii":"/nganh-nghe/ban-buon-nhien-lieu-ran-long-khi-va-cac-san-pham-lien-quan","DSTags":["1601870088","An Giang",null]},{"Type":11,"SolrID":"/1601862760-doanh-nghiep-tn-luong-thuc-truong-tho","ID":0,"MaSoThue":"1601862760","NgayCap":"2013-02-20T00:00:00Z","Title":"Doanh Nghiệp TN Lương Thực Trường Thọ","DiaChiCongTy":"Số 56B, ấp Sơn Thành - Xã Vọng Đông - Huyện Thoại Sơn - An Giang","Created":"2015-11-09T22:56:13Z","Updated":"2015-11-09T22:56:13Z","IsDelete":false,"RequestChanged":false,"ExitsInGDT":false,"SourceID":0,"TinhThanhID":0,"TinhThanhTitle":"An Giang","TinhThanhTitleAscii":"/an-giang","QuanHuyenID":0,"NganhNgheTitle":"Bán buôn gạo","NganhNgheTitleAscii":"/nganh-nghe/ban-buon-gao","DSTags":["1601862760","An Giang",null]},{"Type":11,"SolrID":"/1601847875-doanh-nghiep-tn-pham-thi-the","ID":0,"MaSoThue":"1601847875","NgayCap":"2012-12-12T00:00:00Z","Title":"Doanh Nghiệp TN Phạm Thị Thệ","DiaChiCongTy":"Số 81A, ấp Sơn Tân - Xã Vọng Đông - Huyện Thoại Sơn - An Giang","Created":"2015-11-16T22:24:15Z","Updated":"2015-11-16T22:24:15Z","IsDelete":false,"RequestChanged":false,"ExitsInGDT":false,"SourceID":0,"TinhThanhID":0,"TinhThanhTitle":"An Giang","TinhThanhTitleAscii":"/an-giang","QuanHuyenID":0,"NganhNgheTitle":"Bán buôn gạo","NganhNgheTitleAscii":"/nganh-nghe/ban-buon-gao","DSTags":["1601847875","An Giang",null]},{"Type":11,"SolrID":"/1701213946-005-chi-nhanh-cong-ty-tnhh-thuong-mai-kien-an-phu-nha-may-luong-thuc-kien-an-phu-2","ID":0,"MaSoThue":"1701213946-005","NgayCap":"2012-03-05T00:00:00Z","Title":"Chi Nhánh Công Ty TNHH Thương Mại Kiên An Phú - Nhà Máy Lương Thực Kiên An Phú 2","DiaChiCongTy":"ấp Sơn Thành - Xã Vọng Đông - Huyện Thoại Sơn - An Giang","Created":"2015-11-11T11:05:08Z","Updated":"2015-11-11T11:05:08Z","IsDelete":false,"RequestChanged":false,"ExitsInGDT":false,"SourceID":0,"TinhThanhID":0,"TinhThanhTitle":"An Giang","TinhThanhTitleAscii":"/an-giang","QuanHuyenID":0,"NganhNgheTitle":"Sản xuất thực phẩm khác chưa được phân vào đâu","NganhNgheTitleAscii":"/nganh-nghe/san-xuat-thuc-pham-khac-chua-duoc-phan-vao-dau","DSTags":["1701213946-005","An Giang",null]},{"Type":11,"SolrID":"/1601623071-cong-ty-tnhh-mot-thanh-vien-luong-thuc-thoai-son","ID":0,"MaSoThue":"1601623071","NgayCap":"2011-12-22T00:00:00Z","Title":"Công Ty TNHH Một Thành Viên Lương Thực Thoại Sơn","DiaChiCongTy":"ấp Sơn Lập - Xã Vọng Đông - Huyện Thoại Sơn - An Giang","Created":"2015-11-10T01:39:07Z","Updated":"2015-11-10T01:39:07Z","IsDelete":false,"RequestChanged":false,"ExitsInGDT":false,"SourceID":0,"TinhThanhID":0,"TinhThanhTitle":"An Giang","TinhThanhTitleAscii":"/an-giang","QuanHuyenID":0,"NganhNgheTitle":"Khai khoáng khác chưa được phân vào đâu","NganhNgheTitleAscii":"/nganh-nghe/khai-khoang-khac-chua-duoc-phan-vao-dau-10612","DSTags":["1601623071","An Giang",null]},{"Type":11,"SolrID":"/1701213946-003-chi-nhanh-cong-ty-tnhh-thuong-mai-kien-an-phu-xi-nghiep-luong-thuc-kien-an-phu-2","ID":0,"MaSoThue":"1701213946-003","NgayCap":"2010-12-27T00:00:00Z","Title":"Chi Nhánh Công Ty TNHH  Thương Mại Kiên An Phú - Xí Nghiệp Lương Thực Kiên An Phú 2","DiaChiCongTy":"ấp Sơn Thành - Xã Vọng Đông - Huyện Thoại Sơn - An Giang","Created":"2015-11-10T01:41:21Z","Updated":"2015-11-10T01:41:21Z","IsDelete":false,"RequestChanged":false,"ExitsInGDT":false,"SourceID":0,"TinhThanhID":0,"TinhThanhTitle":"An Giang","TinhThanhTitleAscii":"/an-giang","QuanHuyenID":0,"NganhNgheTitle":"Khai khoáng khác chưa được phân vào đâu","NganhNgheTitleAscii":"/nganh-nghe/khai-khoang-khac-chua-duoc-phan-vao-dau-10612","DSTags":["1701213946-003","An Giang",null]},{"Type":11,"SolrID":"/1600230737-042-chi-nhanh-cong-ty-cp-xuat-nhap-khau-an-giang-phan-xuong-ba-the","ID":0,"MaSoThue":"1600230737-042","NgayCap":"2010-12-17T00:00:00Z","Title":"Chi Nhánh Công Ty CP Xuất Nhập Khẩu An Giang - Phân Xưởng Ba Thê","DiaChiCongTy":"ấp Sơn Hòa - Xã Vọng Đông - Huyện Thoại Sơn - An Giang","Created":"2015-11-10T01:37:53Z","Updated":"2015-11-10T01:37:53Z","IsDelete":false,"RequestChanged":false,"ExitsInGDT":false,"SourceID":0,"TinhThanhID":0,"TinhThanhTitle":"An Giang","TinhThanhTitleAscii":"/an-giang","QuanHuyenID":0,"NganhNgheTitle":"Khai khoáng khác chưa được phân vào đâu","NganhNgheTitleAscii":"/nganh-nghe/khai-khoang-khac-chua-duoc-phan-vao-dau-10612","DSTags":["1600230737-042","An Giang",null]},{"Type":11,"SolrID":"/1601335348-dntn-ngoc-an","ID":0,"MaSoThue":"1601335348","NgayCap":"2010-04-29T00:00:00Z","Title":"DNTN Ngọc ẩn","DiaChiCongTy":"Sơn Tân - Xã Vọng Đông - Huyện Thoại Sơn - An Giang","Created":"2015-11-09T01:40:26Z","Updated":"2015-11-09T01:40:26Z","IsDelete":false,"RequestChanged":false,"ExitsInGDT":false,"SourceID":0,"TinhThanhID":0,"TinhThanhTitle":"An Giang","TinhThanhTitleAscii":"/an-giang","QuanHuyenID":0,"NganhNgheTitle":"Xây dựng công trình kỹ thuật dân dụng","NganhNgheTitleAscii":"/nganh-nghe/xay-dung-cong-trinh-ky-thuat-dan-dung","DSTags":["1601335348","An Giang",null]},{"Type":11,"SolrID":"/1600230737-029-cn-cty-cp-xnk-ag-xi-nghiep-phat-trien-vung-nguyen-lieu","ID":0,"MaSoThue":"1600230737-029","NgayCap":"2009-12-24T00:00:00Z","Title":"CN Cty CP XNK AG-Xí nghiệp Phát triển Vùng Nguyên Liệu","DiaChiCongTy":"ấp Sơn Hoà - Xã Vọng Đông - Huyện Thoại Sơn - An Giang","Created":"2015-11-17T19:47:19Z","Updated":"2015-11-17T19:47:19Z","IsDelete":false,"RequestChanged":false,"ExitsInGDT":false,"SourceID":0,"TinhThanhID":0,"TinhThanhTitle":"An Giang","TinhThanhTitleAscii":"/an-giang","QuanHuyenID":0,"NganhNgheTitle":"Bán buôn gạo, thực phẩm, đồ uống và sản phẩm thuốc lá, thuốc lào","NganhNgheTitleAscii":"/nganh-nghe/ban-buon-gao-thuc-pham-do-uong-va-san-pham-thuoc-la-thuoc-lao","DSTags":["1600230737-029","An Giang",null]},{"Type":11,"SolrID":"/1600872075-doanh-nghiep-tn-ut-moi","ID":0,"MaSoThue":"1600872075","NgayCap":"2007-01-26T00:00:00Z","Title":"Doanh Nghiệp TN út Mọi","DiaChiCongTy":"ấp Sơn Hòa - Xã Vọng Đông - Huyện Thoại Sơn - An Giang","Created":"2015-11-12T02:45:54Z","Updated":"2015-11-12T02:45:54Z","IsDelete":false,"RequestChanged":false,"ExitsInGDT":false,"SourceID":0,"TinhThanhID":0,"TinhThanhTitle":"An Giang","TinhThanhTitleAscii":"/an-giang","QuanHuyenID":0,"NganhNgheTitle":"Bán buôn nhiên liệu rắn, lỏng, khí và các sản phẩm liên quan","NganhNgheTitleAscii":"/nganh-nghe/ban-buon-nhien-lieu-ran-long-khi-va-cac-san-pham-lien-quan","DSTags":["1600872075","An Giang",null]},{"Type":11,"SolrID":"/1600707755-ubnd-xa-vong-dong","ID":0,"MaSoThue":"1600707755","NgayCap":"2004-07-30T00:00:00Z","Title":"UBND xã Vọng Đông","DiaChiCongTy":"ấp Sơn Tân, xã Vọng Đông - Huyện Thoại Sơn - An Giang","Created":"2015-11-16T05:11:21Z","Updated":"2015-11-16T05:11:21Z","IsDelete":false,"RequestChanged":false,"ExitsInGDT":false,"SourceID":0,"TinhThanhID":0,"TinhThanhTitle":"An Giang","TinhThanhTitleAscii":"/an-giang","QuanHuyenID":0,"NganhNgheTitle":"Hoạt động của Đảng cộng sản, tổ chức chính trị - xã hội, hoạt động quản lý nhà nước nói chung và kinh tế tổng hợp","NganhNgheTitleAscii":"/nganh-nghe/hoat-dong-cua-dang-cong-san-to-chuc-chinh-tri-xa-hoi-hoat-dong-quan-ly-nha-nuoc-noi-chung-va-kinh-te-tong-hop","DSTags":["1600707755","An Giang",null]},{"Type":11,"SolrID":"/1600696140-truong-mau-giao-vong-dong","ID":0,"MaSoThue":"1600696140","NgayCap":"2004-05-28T00:00:00Z","Title":"Trương Mẫu giáo Vọng Đông","DiaChiCongTy":"xã Vọng Đông - Huyện Thoại Sơn - An Giang","Created":"2015-11-16T16:12:02Z","Updated":"2015-11-16T16:12:02Z","IsDelete":false,"RequestChanged":false,"ExitsInGDT":false,"SourceID":0,"TinhThanhID":0,"TinhThanhTitle":"An Giang","TinhThanhTitleAscii":"/an-giang","QuanHuyenID":0,"NganhNgheTitle":"Giáo dục mầm non","NganhNgheTitleAscii":"/nganh-nghe/giao-duc-mam-non","DSTags":["1600696140","An Giang",null]},{"Type":11,"SolrID":"/1600372883-006-truong-thcs-vong-dong-thoai-son","ID":0,"MaSoThue":"1600372883-006","NgayCap":"1999-04-05T00:00:00Z","Title":"Trường THCS Vọng Đông Thoại Sơn","DiaChiCongTy":"Xã Vọng Đông - Huyện Thoại Sơn - An Giang","Created":"2015-11-17T19:49:28Z","Updated":"2015-11-17T19:49:28Z","IsDelete":false,"RequestChanged":false,"ExitsInGDT":false,"SourceID":0,"TinhThanhID":0,"TinhThanhTitle":"An Giang","TinhThanhTitleAscii":"/an-giang","QuanHuyenID":0,"NganhNgheTitle":"Giáo dục trung học cơ sở và trung học phổ thông","NganhNgheTitleAscii":"/nganh-nghe/giao-duc-trung-hoc-co-so-va-trung-hoc-pho-thong","DSTags":["1600372883-006","An Giang",null]},{"Type":11,"SolrID":"/1600373710-039-truong-tieu-hoc-a-vong-dong","ID":0,"MaSoThue":"1600373710-039","NgayCap":"1999-02-23T00:00:00Z","Title":"Trường Tiểu học A  Vọng Đông","DiaChiCongTy":"ấp Sơn Lập, xã Vọng Đông - Huyện Thoại Sơn - An Giang","Created":"2015-11-17T19:50:03Z","Updated":"2015-11-17T19:50:03Z","IsDelete":false,"RequestChanged":false,"ExitsInGDT":false,"SourceID":0,"TinhThanhID":0,"TinhThanhTitle":"An Giang","TinhThanhTitleAscii":"/an-giang","QuanHuyenID":0,"NganhNgheTitle":"Giáo dục tiểu học","NganhNgheTitleAscii":"/nganh-nghe/giao-duc-tieu-hoc","DSTags":["1600373710-039","An Giang",null]},{"Type":11,"SolrID":"/1600373710-040-truong-tieu-hoc-b-vong-dong","ID":0,"MaSoThue":"1600373710-040","NgayCap":"1999-02-23T00:00:00Z","Title":"Trường Tiểu học B Vọng Đông","DiaChiCongTy":"ấp Sơn Hòa, xã Vọng Đông - Huyện Thoại Sơn - An Giang","Created":"2015-11-17T19:50:04Z","Updated":"2015-11-17T19:50:04Z","IsDelete":false,"RequestChanged":false,"ExitsInGDT":false,"SourceID":0,"TinhThanhID":0,"TinhThanhTitle":"An Giang","TinhThanhTitleAscii":"/an-giang","QuanHuyenID":0,"NganhNgheTitle":"Giáo dục tiểu học","NganhNgheTitleAscii":"/nganh-nghe/giao-duc-tieu-hoc","DSTags":["1600373710-040","An Giang",null]},{"Type":11,"SolrID":"/1600373710-041-truong-tieu-hoc-c-vong-dong","ID":0,"MaSoThue":"1600373710-041","NgayCap":"1999-02-23T00:00:00Z","Title":"Trường Tiểu học C Vọng Đông","DiaChiCongTy":"ấp Sơn Thành, xã Vọng Đông - Huyện Thoại Sơn - An Giang","Created":"2015-11-17T19:50:05Z","Updated":"2015-11-17T19:50:05Z","IsDelete":false,"RequestChanged":false,"ExitsInGDT":false,"SourceID":0,"TinhThanhID":0,"TinhThanhTitle":"An Giang","TinhThanhTitleAscii":"/an-giang","QuanHuyenID":0,"NganhNgheTitle":"Giáo dục tiểu học","NganhNgheTitleAscii":"/nganh-nghe/giao-duc-tieu-hoc","DSTags":["1600373710-041","An Giang",null]},{"Type":11,"SolrID":"/1600373710-053-truong-trung-hoc-co-so-vong-dong","ID":0,"MaSoThue":"1600373710-053","NgayCap":"1999-02-23T00:00:00Z","Title":"Trường Trung học Cơ sở Vọng Đông","DiaChiCongTy":"xã Vọng Đông - Huyện Thoại Sơn - An Giang","Created":"2015-11-17T19:50:16Z","Updated":"2015-11-17T19:50:16Z","IsDelete":false,"RequestChanged":false,"ExitsInGDT":false,"SourceID":0,"TinhThanhID":0,"TinhThanhTitle":"An Giang","TinhThanhTitleAscii":"/an-giang","QuanHuyenID":0,"NganhNgheTitle":"Giáo dục trung học cơ sở và trung học phổ thông","NganhNgheTitleAscii":"/nganh-nghe/giao-duc-trung-hoc-co-so-va-trung-hoc-pho-thong","DSTags":["1600373710-053","An Giang",null]},{"Type":11,"SolrID":"/1600373799-qtd-nhan-dan-vong-dong","ID":0,"MaSoThue":"1600373799","NgayCap":"1998-11-18T00:00:00Z","Title":"QTD Nhân dân  Vọng Đông","DiaChiCongTy":"ấp Sơn Tân, xã Vọng Đông - Huyện Thoại Sơn - An Giang","Created":"2015-11-14T17:16:28Z","Updated":"2015-11-14T17:16:28Z","IsDelete":false,"RequestChanged":false,"ExitsInGDT":false,"SourceID":0,"TinhThanhID":0,"TinhThanhTitle":"An Giang","TinhThanhTitleAscii":"/an-giang","QuanHuyenID":0,"NganhNgheTitle":"Hoạt động trung gian tiền tệ khác","NganhNgheTitleAscii":"/nganh-nghe/hoat-dong-trung-gian-tien-te-khac","DSTags":["1600373799","An Giang",null]},{"Type":11,"SolrID":"/1600373319-ubnd-xa-vong-dong","ID":0,"MaSoThue":"1600373319","NgayCap":"1998-11-16T00:00:00Z","Title":"UBND Xã Vọng Đông","DiaChiCongTy":"ấp Sơn Tân Xã Vọng Đông - Huyện Thoại Sơn - An Giang","Created":"2015-11-16T06:32:31Z","Updated":"2015-11-16T06:32:31Z","IsDelete":false,"RequestChanged":false,"ExitsInGDT":false,"SourceID":0,"TinhThanhID":0,"TinhThanhTitle":"An Giang","TinhThanhTitleAscii":"/an-giang","QuanHuyenID":0,"NganhNgheTitle":"Hoạt động quản lý nhà nước nói chung và kinh tế tổng hợp","NganhNgheTitleAscii":"/nganh-nghe/hoat-dong-quan-ly-nha-nuoc-noi-chung-va-kinh-te-tong-hop","DSTags":["1600373319","An Giang",null]},{"Type":11,"SolrID":"/1600151193-dntn-xinh-thao","ID":0,"MaSoThue":"1600151193","NgayCap":"1998-09-18T00:00:00Z","Title":"DNTN Xinh Thảo","DiaChiCongTy":"ấp Sơn Tân, Xã Vọng Đông - Huyện Thoại Sơn - An Giang","Created":"2015-11-09T21:10:55Z","Updated":"2015-11-09T21:10:55Z","IsDelete":false,"RequestChanged":false,"ExitsInGDT":false,"SourceID":0,"TinhThanhID":0,"TinhThanhTitle":"An Giang","TinhThanhTitleAscii":"/an-giang","QuanHuyenID":0,"NganhNgheTitle":"Bán lẻ hàng hóa khác trong các cửa hàng chuyên doanh","NganhNgheTitleAscii":"/nganh-nghe/ban-le-hang-hoa-khac-trong-cac-cua-hang-chuyen-doanh","DSTags":["1600151193","An Giang",null]}]}