{"ID":1652,"SolrID":"/an-giang/huyen-thoai-son/xa-vinh-trach","Title":"Xã Vĩnh Trạch","TinhThanhTitle":"An Giang","QuanHuyenTitle":"Huyện Thoại Sơn","QuanHuyenID":207,"TinhThanhID":35,"Url":"https://thongtindoanhnghiep.co/api/company?l=/an-giang/huyen-thoai-son/xa-vinh-trach","Total":49,"List":[{"Type":11,"SolrID":"/1602148245-cong-ty-tnhh-xang-dau-phuong-anh-thoai-son","ID":0,"MaSoThue":"1602148245","NgayCap":"2021-06-04T00:00:00Z","Title":"Công Ty TNHH Xăng Dầu Phương Anh Thoại Sơn","DiaChiCongTy":"Tỗ 24, Ấp Vĩnh Trung, Xã Vĩnh Trạch, Huyện Thoại Sơn, Tỉnh An Giang","Created":"2021-06-04T08:36:37Z","Updated":"2021-06-04T08:36:37Z","IsDelete":false,"RequestChanged":false,"ExitsInGDT":false,"SourceID":0,"TinhThanhID":0,"TinhThanhTitle":"An Giang","TinhThanhTitleAscii":"/an-giang","QuanHuyenID":0,"NganhNgheTitle":"Bán buôn nhiên liệu rắn, lỏng, khí và các sản phẩm liên quan","NganhNgheTitleAscii":"/nganh-nghe/ban-buon-nhien-lieu-ran-long-khi-va-cac-san-pham-lien-quan","DSTags":["1602148245","An Giang",null]},{"Type":11,"SolrID":"/1602145847-cong-ty-co-phan-gas-sinh-phat","ID":0,"MaSoThue":"1602145847","NgayCap":"2021-04-15T00:00:00Z","Title":"Công Ty Cổ Phần Gas Sinh Phát","DiaChiCongTy":"Ấp Vĩnh Trung, Xã Vĩnh Trạch, Huyện Thoại Sơn, Tỉnh An Giang","Created":"2021-04-15T09:36:00Z","Updated":"2021-04-15T09:36:00Z","IsDelete":false,"RequestChanged":false,"ExitsInGDT":false,"SourceID":0,"TinhThanhID":0,"TinhThanhTitle":"An Giang","TinhThanhTitleAscii":"/an-giang","QuanHuyenID":0,"NganhNgheTitle":"Sản xuất khí đốt, phân phối nhiên liệu khí bằng đường ống","NganhNgheTitleAscii":"/nganh-nghe/san-xuat-khi-dot-phan-phoi-nhien-lieu-khi-bang-duong-ong","DSTags":["1602145847","An Giang",null]},{"Type":11,"SolrID":"/1602142758-cong-ty-tnhh-san-xuat-thuong-mai-dich-vu-vat-lieu-xay-dung-nam-day","ID":0,"MaSoThue":"1602142758","NgayCap":"2021-03-10T00:00:00Z","Title":"Công Ty TNHH Sản Xuất Thương Mại Dịch Vụ Vật Liệu Xây Dựng Năm Đậy","DiaChiCongTy":"Tổ 11, Ấp Trung Bình Tiến, Xã Vĩnh Trạch, Huyện Thoại Sơn, Tỉnh An Giang","Created":"2021-03-10T09:34:06Z","Updated":"2021-03-10T09:34:06Z","IsDelete":false,"RequestChanged":false,"ExitsInGDT":false,"SourceID":0,"TinhThanhID":0,"TinhThanhTitle":"An Giang","TinhThanhTitleAscii":"/an-giang","QuanHuyenID":0,"NganhNgheTitle":"Bán buôn vật liệu, thiết bị lắp đặt khác trong xây dựng","NganhNgheTitleAscii":"/nganh-nghe/ban-buon-vat-lieu-thiet-bi-lap-dat-khac-trong-xay-dung","DSTags":["1602142758","An Giang",null]},{"Type":11,"SolrID":"/1602071313-cong-ty-tnhh-tu-van-thiet-ke-xay-dung-truong-phu","ID":0,"MaSoThue":"1602071313","NgayCap":"2018-05-07T00:00:00Z","Title":"Công Ty TNHH Tư Vấn Thiết Kế Xây Dựng Trường Phú","DiaChiCongTy":"Số 427/16, Ấp Trung Bình Nhất, Xã Vĩnh Trạch, Huyện Thoại Sơn, Tỉnh An Giang","Created":"2018-05-07T16:51:03Z","Updated":"2018-05-07T16:51:03Z","IsDelete":false,"RequestChanged":false,"ExitsInGDT":false,"SourceID":0,"TinhThanhID":0,"TinhThanhTitle":"An Giang","TinhThanhTitleAscii":"/an-giang","QuanHuyenID":0,"NganhNgheTitle":"Hoạt động kiến trúc và tư vấn kỹ thuật có liên quan","NganhNgheTitleAscii":"/nganh-nghe/hoat-dong-kien-truc-va-tu-van-ky-thuat-co-lien-quan","DSTags":["1602071313","An Giang",null]},{"Type":11,"SolrID":"/1602066183-doanh-nghiep-tn-xang-dau-phu-hong","ID":0,"MaSoThue":"1602066183","NgayCap":"2018-03-20T00:00:00Z","Title":"Doanh Nghiệp Tn Xăng Dầu Phú Hồng","DiaChiCongTy":"Ấp Vĩnh Trung, Xã Vĩnh Trạch, Huyện Thoại Sơn, Tỉnh An Giang","Created":"2018-03-20T14:01:27Z","Updated":"2018-03-20T14:01:27Z","IsDelete":false,"RequestChanged":false,"ExitsInGDT":false,"SourceID":0,"TinhThanhID":0,"TinhThanhTitle":"An Giang","TinhThanhTitleAscii":"/an-giang","QuanHuyenID":0,"NganhNgheTitle":"Bán buôn nhiên liệu rắn, lỏng, khí và các sản phẩm liên quan","NganhNgheTitleAscii":"/nganh-nghe/ban-buon-nhien-lieu-ran-long-khi-va-cac-san-pham-lien-quan","DSTags":["1602066183","An Giang",null]},{"Type":11,"SolrID":"/1602063496-cong-ty-tnhh-xay-dung-nam-sang","ID":0,"MaSoThue":"1602063496","NgayCap":"2018-02-01T00:00:00Z","Title":"Công Ty TNHH Xây Dựng Năm Sang","DiaChiCongTy":"Số 270/14, Ấp Trung Bình Nhì, Xã Vĩnh Trạch, Huyện Thoại Sơn, Tỉnh An Giang","Created":"2018-02-01T10:08:14Z","Updated":"2018-02-01T10:08:14Z","IsDelete":false,"RequestChanged":false,"ExitsInGDT":false,"SourceID":0,"TinhThanhID":0,"TinhThanhTitle":"An Giang","TinhThanhTitleAscii":"/an-giang","QuanHuyenID":0,"NganhNgheTitle":"Xây dựng công trình kỹ thuật dân dụng khác","NganhNgheTitleAscii":"/nganh-nghe/xay-dung-cong-trinh-ky-thuat-dan-dung-khac","DSTags":["1602063496","An Giang",null]},{"Type":11,"SolrID":"/1602049727-cong-ty-tnhh-toyora","ID":0,"MaSoThue":"1602049727","NgayCap":"2017-09-11T00:00:00Z","Title":"Công Ty TNHH Toyora","DiaChiCongTy":"119/5 Ấp Trung Bình 1, Xã Vĩnh Trạch, Huyện Thoại Sơn, Tỉnh An Giang","Created":"2017-09-11T17:53:32Z","Updated":"2017-09-11T17:53:32Z","IsDelete":false,"RequestChanged":false,"ExitsInGDT":false,"SourceID":0,"TinhThanhID":0,"TinhThanhTitle":"An Giang","TinhThanhTitleAscii":"/an-giang","QuanHuyenID":0,"NganhNgheTitle":"Bán buôn chuyên doanh khác chưa được phân vào đâu","NganhNgheTitleAscii":"/nganh-nghe/ban-buon-chuyen-doanh-khac-chua-duoc-phan-vao-dau","DSTags":["1602049727","An Giang",null]},{"Type":11,"SolrID":"/1602047550-cong-ty-tnhh-mot-thanh-vien-xay-dung-dien-thuy-kieu","ID":0,"MaSoThue":"1602047550","NgayCap":"2017-08-16T00:00:00Z","Title":"Công Ty TNHH Một Thành Viên Xây Dựng Điện Thúy Kiều","DiaChiCongTy":"369/18 Ấp Trung Bình Nhì, Xã Vĩnh Trạch, Huyện Thoại Sơn, Tỉnh An Giang","Created":"2017-08-16T08:17:29Z","Updated":"2017-08-16T08:17:29Z","IsDelete":false,"RequestChanged":false,"ExitsInGDT":false,"SourceID":0,"TinhThanhID":0,"TinhThanhTitle":"An Giang","TinhThanhTitleAscii":"/an-giang","QuanHuyenID":0,"NganhNgheTitle":"Xây dựng công trình kỹ thuật dân dụng khác","NganhNgheTitleAscii":"/nganh-nghe/xay-dung-cong-trinh-ky-thuat-dan-dung-khac","DSTags":["1602047550","An Giang",null]},{"Type":11,"SolrID":"/1602046638-cong-ty-tnhh-xay-dung-va-xuat-nhap-khau-6869-thoai-son","ID":0,"MaSoThue":"1602046638","NgayCap":"2017-08-01T00:00:00Z","Title":"Công Ty TNHH Xây Dựng Và Xuất Nhập Khẩu 6869 Thoại Sơn","DiaChiCongTy":"Số 25/1 ấp Trung Bình Nhì, Xã Vĩnh Trạch, Huyện Thoại Sơn, Tỉnh An Giang","Created":"2017-08-01T09:37:55Z","Updated":"2017-08-01T09:37:55Z","IsDelete":false,"RequestChanged":false,"ExitsInGDT":false,"SourceID":0,"TinhThanhID":0,"TinhThanhTitle":"An Giang","TinhThanhTitleAscii":"/an-giang","QuanHuyenID":0,"NganhNgheTitle":"Bán buôn gạo","NganhNgheTitleAscii":"/nganh-nghe/ban-buon-gao","DSTags":["1602046638","An Giang",null]},{"Type":11,"SolrID":"/1602034872-cong-ty-tnhh-mot-thanh-vien-cao-phuong-binh","ID":0,"MaSoThue":"1602034872","NgayCap":"2017-03-02T00:00:00Z","Title":"Công Ty TNHH Một Thành Viên Cao Phương Bình","DiaChiCongTy":"Ấp Tây Bình, Xã Vĩnh Trạch, Huyện Thoại Sơn, Tỉnh An Giang","Created":"2017-03-02T17:38:04Z","Updated":"2017-03-02T17:38:04Z","IsDelete":false,"RequestChanged":false,"ExitsInGDT":false,"SourceID":0,"TinhThanhID":0,"TinhThanhTitle":"An Giang","TinhThanhTitleAscii":"/an-giang","QuanHuyenID":0,"NganhNgheTitle":"Bán buôn vật liệu, thiết bị lắp đặt khác trong xây dựng","NganhNgheTitleAscii":"/nganh-nghe/ban-buon-vat-lieu-thiet-bi-lap-dat-khac-trong-xay-dung","DSTags":["1602034872","An Giang",null]},{"Type":11,"SolrID":"/1602031310-cong-ty-tnhh-mot-thanh-vien-san-xuat-thuong-mai-xuat-nhap-khau-song-dinh-an-giang","ID":0,"MaSoThue":"1602031310","NgayCap":"2017-01-12T00:00:00Z","Title":"Công Ty TNHH Một Thành Viên Sản Xuất Thương Mại Xuất Nhập Khẩu Sông Dinh An Giang","DiaChiCongTy":"Ấp Vĩnh Trung, Xã Vĩnh Trạch, Huyện Thoại Sơn, Tỉnh An Giang","Created":"2017-01-12T08:07:33Z","Updated":"2017-01-12T08:07:33Z","IsDelete":false,"RequestChanged":false,"ExitsInGDT":false,"SourceID":0,"TinhThanhID":0,"TinhThanhTitle":"An Giang","TinhThanhTitleAscii":"/an-giang","QuanHuyenID":0,"NganhNgheTitle":"Bán buôn thực phẩm","NganhNgheTitleAscii":"/nganh-nghe/ban-buon-thuc-pham","DSTags":["1602031310","An Giang",null]},{"Type":11,"SolrID":"/1602009202-cong-ty-tnhh-mot-thanh-vien-khai-thac-lam-san-thanh-dat","ID":0,"MaSoThue":"1602009202","NgayCap":"2016-05-13T00:00:00Z","Title":"Công Ty TNHH Một Thành Viên Khai Thác Lâm Sản Thành Đạt","DiaChiCongTy":"ấp Tây Bình - Xã Vĩnh Trạch - Huyện Thoại Sơn - An Giang","Created":"2016-05-25T08:39:46Z","Updated":"2016-05-25T08:39:46Z","IsDelete":false,"RequestChanged":false,"ExitsInGDT":false,"SourceID":0,"TinhThanhID":0,"TinhThanhTitle":"An Giang","TinhThanhTitleAscii":"/an-giang","QuanHuyenID":0,"NganhNgheTitle":"Khai thác lâm sản khác trừ gỗ","NganhNgheTitleAscii":"/nganh-nghe/khai-thac-lam-san-khac-tru-go","DSTags":["1602009202","An Giang",null]},{"Type":11,"SolrID":"/1602004268-truong-tieu-hoc-b-vinh-trach","ID":0,"MaSoThue":"1602004268","NgayCap":"2016-03-14T00:00:00Z","Title":"Trường Tiểu Học B Vĩnh Trạch","DiaChiCongTy":"Tây Bình - Xã Vĩnh Trạch - Huyện Thoại Sơn - An Giang","Created":"2016-03-16T10:40:01Z","Updated":"2016-03-16T10:40:01Z","IsDelete":false,"RequestChanged":false,"ExitsInGDT":false,"SourceID":0,"TinhThanhID":0,"TinhThanhTitle":"An Giang","TinhThanhTitleAscii":"/an-giang","QuanHuyenID":0,"NganhNgheTitle":"Giáo dục tiểu học","NganhNgheTitleAscii":"/nganh-nghe/giao-duc-tieu-hoc","DSTags":["1602004268","An Giang",null]},{"Type":11,"SolrID":"/1601998320-truong-trung-hoc-co-so-vinh-trach","ID":0,"MaSoThue":"1601998320","NgayCap":"2016-01-12T00:00:00Z","Title":"Trường Trung Học Cơ Sở Vĩnh Trạch","DiaChiCongTy":"Tây Bình - Xã Vĩnh Trạch - Huyện Thoại Sơn - An Giang","Created":"2016-01-13T12:00:23Z","Updated":"2016-01-13T12:00:23Z","IsDelete":false,"RequestChanged":false,"ExitsInGDT":false,"SourceID":0,"TinhThanhID":0,"TinhThanhTitle":"An Giang","TinhThanhTitleAscii":"/an-giang","QuanHuyenID":0,"NganhNgheTitle":"Giáo dục trung học cơ sở","NganhNgheTitleAscii":"/nganh-nghe/giao-duc-trung-hoc-co-so","DSTags":["1601998320","An Giang",null]},{"Type":11,"SolrID":"/1601998257-cong-ty-tnhh-mot-thanh-vien-pham-van-nhan","ID":0,"MaSoThue":"1601998257","NgayCap":"2016-01-12T00:00:00Z","Title":"Công Ty TNHH Một Thành Viên Phạm Văn Nhàn","DiaChiCongTy":"Số 022/2, ấp Vĩnh Tây - Xã Vĩnh Trạch - Huyện Thoại Sơn - An Giang","Created":"2016-01-14T17:49:57Z","Updated":"2016-01-14T17:49:57Z","IsDelete":false,"RequestChanged":false,"ExitsInGDT":false,"SourceID":0,"TinhThanhID":0,"TinhThanhTitle":"An Giang","TinhThanhTitleAscii":"/an-giang","QuanHuyenID":0,"NganhNgheTitle":"Chuẩn bị mặt bằng","NganhNgheTitleAscii":"/nganh-nghe/chuan-bi-mat-bang","DSTags":["1601998257","An Giang",null]},{"Type":11,"SolrID":"/1601991244-htx-lua-giong-tu-minh","ID":0,"MaSoThue":"1601991244","NgayCap":"2015-12-10T00:00:00Z","Title":"HTX lúa giống Tư Minh","DiaChiCongTy":"691/29 Vĩnh Trung - Xã Vĩnh Trạch - Huyện Thoại Sơn - An Giang","Created":"2015-12-13T22:05:17Z","Updated":"2015-12-13T22:05:17Z","IsDelete":false,"RequestChanged":false,"ExitsInGDT":false,"SourceID":0,"TinhThanhID":0,"TinhThanhTitle":"An Giang","TinhThanhTitleAscii":"/an-giang","QuanHuyenID":0,"NganhNgheTitle":"Trồng lúa","NganhNgheTitleAscii":"/nganh-nghe/trong-lua","DSTags":["1601991244","An Giang",null]},{"Type":11,"SolrID":"/1601986734-truong-trung-hoc-pho-thong-vinh-trach","ID":0,"MaSoThue":"1601986734","NgayCap":"2015-11-09T00:00:00Z","Title":"Trường Trung Học Phổ Thông Vĩnh Trạch","DiaChiCongTy":"ấp Tây Bình - Xã Vĩnh Trạch - Huyện Thoại Sơn - An Giang","Created":"2015-11-19T13:16:28Z","Updated":"2015-11-19T13:16:28Z","IsDelete":false,"RequestChanged":false,"ExitsInGDT":false,"SourceID":0,"TinhThanhID":0,"TinhThanhTitle":"An Giang","TinhThanhTitleAscii":"/an-giang","QuanHuyenID":0,"NganhNgheTitle":"Giáo dục trung học cơ sở và trung học phổ thông","NganhNgheTitleAscii":"/nganh-nghe/giao-duc-trung-hoc-co-so-va-trung-hoc-pho-thong","DSTags":["1601986734","An Giang",null]},{"Type":11,"SolrID":"/1601973735-hop-tac-xa-dich-vu-van-tai-nong-nghiep-thoai-son","ID":0,"MaSoThue":"1601973735","NgayCap":"2015-05-28T00:00:00Z","Title":"Hợp tác xã Dịch vụ vận tải - Nông nghiệp Thoại Sơn","DiaChiCongTy":"Số 25/01, Trung Bình Nhì - Xã Vĩnh Trạch - Huyện Thoại Sơn - An Giang","Created":"2015-11-18T04:38:38Z","Updated":"2015-11-18T04:38:38Z","IsDelete":false,"RequestChanged":false,"ExitsInGDT":false,"SourceID":0,"TinhThanhID":0,"TinhThanhTitle":"An Giang","TinhThanhTitleAscii":"/an-giang","QuanHuyenID":0,"NganhNgheTitle":"Vận tải hàng hóa đường thuỷ nội địa","NganhNgheTitleAscii":"/nganh-nghe/van-tai-hang-hoa-duong-thuy-noi-dia","DSTags":["1601973735","An Giang",null]},{"Type":11,"SolrID":"/1601969577-doanh-nghiep-tn-phu-tung-nong-ngu-co-trung-tien","ID":0,"MaSoThue":"1601969577","NgayCap":"2015-04-14T00:00:00Z","Title":"Doanh Nghiệp TN Phụ Tùng Nông Ngư Cơ Trung Tiến","DiaChiCongTy":"Số 223/12, ấp Trung Bình Tiến - Xã Vĩnh Trạch - Huyện Thoại Sơn - An Giang","Created":"2015-11-17T08:55:27Z","Updated":"2015-11-17T08:55:27Z","IsDelete":false,"RequestChanged":false,"ExitsInGDT":false,"SourceID":0,"TinhThanhID":0,"TinhThanhTitle":"An Giang","TinhThanhTitleAscii":"/an-giang","QuanHuyenID":0,"NganhNgheTitle":"Bán buôn máy móc, thiết bị và phụ tùng máy nông nghiệp","NganhNgheTitleAscii":"/nganh-nghe/ban-buon-may-moc-thiet-bi-va-phu-tung-may-nong-nghiep","DSTags":["1601969577","An Giang",null]},{"Type":11,"SolrID":"/1601968943-cong-ty-tnhh-mot-thanh-vien-xay-dung-hoang-anh-sang","ID":0,"MaSoThue":"1601968943","NgayCap":"2015-04-07T00:00:00Z","Title":"Công Ty TNHH Một Thành Viên Xây Dựng Hoàng Anh Sang","DiaChiCongTy":"Tổ 23, ấp Vĩnh Trung - Xã Vĩnh Trạch - Huyện Thoại Sơn - An Giang","Created":"2015-11-17T07:10:49Z","Updated":"2015-11-17T07:10:49Z","IsDelete":false,"RequestChanged":false,"ExitsInGDT":false,"SourceID":0,"TinhThanhID":0,"TinhThanhTitle":"An Giang","TinhThanhTitleAscii":"/an-giang","QuanHuyenID":0,"NganhNgheTitle":"Xây dựng công trình kỹ thuật dân dụng khác","NganhNgheTitleAscii":"/nganh-nghe/xay-dung-cong-trinh-ky-thuat-dan-dung-khac","DSTags":["1601968943","An Giang",null]},{"Type":11,"SolrID":"/1601919255-cong-ty-tnhh-mot-thanh-vien-than-thi-nguyet-bieu","ID":0,"MaSoThue":"1601919255","NgayCap":"2014-04-23T00:00:00Z","Title":"Công Ty TNHH Một Thành Viên Thân Thị Nguyệt Biều","DiaChiCongTy":"ấp Vĩnh Trung - Xã Vĩnh Trạch - Huyện Thoại Sơn - An Giang","Created":"2015-11-09T16:11:04Z","Updated":"2015-11-09T16:11:04Z","IsDelete":false,"RequestChanged":false,"ExitsInGDT":false,"SourceID":0,"TinhThanhID":0,"TinhThanhTitle":"An Giang","TinhThanhTitleAscii":"/an-giang","QuanHuyenID":0,"NganhNgheTitle":"Bán buôn vật liệu, thiết bị lắp đặt khác trong xây dựng","NganhNgheTitleAscii":"/nganh-nghe/ban-buon-vat-lieu-thiet-bi-lap-dat-khac-trong-xay-dung","DSTags":["1601919255","An Giang",null]},{"Type":11,"SolrID":"/1601918445-cong-ty-tnhh-mot-thanh-vien-hat-ngoc-vang","ID":0,"MaSoThue":"1601918445","NgayCap":"2014-04-16T00:00:00Z","Title":"Công Ty TNHH Một Thành Viên Hạt Ngọc Vàng","DiaChiCongTy":"Số 59B/3, ấp Vĩnh Trung - Xã Vĩnh Trạch - Huyện Thoại Sơn - An Giang","Created":"2015-11-09T16:17:07Z","Updated":"2015-11-09T16:17:07Z","IsDelete":false,"RequestChanged":false,"ExitsInGDT":false,"SourceID":0,"TinhThanhID":0,"TinhThanhTitle":"An Giang","TinhThanhTitleAscii":"/an-giang","QuanHuyenID":0,"NganhNgheTitle":"Bán buôn chuyên doanh khác chưa được phân vào đâu","NganhNgheTitleAscii":"/nganh-nghe/ban-buon-chuyen-doanh-khac-chua-duoc-phan-vao-dau","DSTags":["1601918445","An Giang",null]},{"Type":11,"SolrID":"/1601878707-doanh-nghiep-tn-tiem-vang-hue","ID":0,"MaSoThue":"1601878707","NgayCap":"2013-06-06T00:00:00Z","Title":"Doanh Nghiệp TN Tiệm Vàng Huệ","DiaChiCongTy":"ấp Tây Bình - Xã Vĩnh Trạch - Huyện Thoại Sơn - An Giang","Created":"2015-11-16T11:49:03Z","Updated":"2015-11-16T11:49:03Z","IsDelete":false,"RequestChanged":false,"ExitsInGDT":false,"SourceID":0,"TinhThanhID":0,"TinhThanhTitle":"An Giang","TinhThanhTitleAscii":"/an-giang","QuanHuyenID":0,"NganhNgheTitle":"Bán buôn kim loại và quặng kim loại","NganhNgheTitleAscii":"/nganh-nghe/ban-buon-kim-loai-va-quang-kim-loai","DSTags":["1601878707","An Giang",null]},{"Type":11,"SolrID":"/1601872487-doanh-nghiep-tn-tiem-vang-nhut-huong","ID":0,"MaSoThue":"1601872487","NgayCap":"2013-05-02T00:00:00Z","Title":"Doanh Nghiệp TN Tiệm Vàng Nhựt Hương","DiaChiCongTy":"Số 271/13, ấp Vĩnh Trung - Xã Vĩnh Trạch - Huyện Thoại Sơn - An Giang","Created":"2015-11-16T10:41:54Z","Updated":"2015-11-16T10:41:54Z","IsDelete":false,"RequestChanged":false,"ExitsInGDT":false,"SourceID":0,"TinhThanhID":0,"TinhThanhTitle":"An Giang","TinhThanhTitleAscii":"/an-giang","QuanHuyenID":0,"NganhNgheTitle":"Bán buôn kim loại và quặng kim loại","NganhNgheTitleAscii":"/nganh-nghe/ban-buon-kim-loai-va-quang-kim-loai","DSTags":["1601872487","An Giang",null]},{"Type":11,"SolrID":"/1601870698-doanh-nghiep-tn-tiem-vang-phuoc-an","ID":0,"MaSoThue":"1601870698","NgayCap":"2013-04-15T00:00:00Z","Title":"Doanh Nghiệp TN Tiệm Vàng Phước An","DiaChiCongTy":"ấp Tây Bình - Xã Vĩnh Trạch - Huyện Thoại Sơn - An Giang","Created":"2015-11-10T01:29:22Z","Updated":"2015-11-10T01:29:22Z","IsDelete":false,"RequestChanged":false,"ExitsInGDT":false,"SourceID":0,"TinhThanhID":0,"TinhThanhTitle":"An Giang","TinhThanhTitleAscii":"/an-giang","QuanHuyenID":0,"NganhNgheTitle":"Sản xuất đồ kim hoàn và chi tiết liên quan","NganhNgheTitleAscii":"/nganh-nghe/san-xuat-do-kim-hoan-va-chi-tiet-lien-quan","DSTags":["1601870698","An Giang",null]},{"Type":11,"SolrID":"/1601866613-cong-ty-tnhh-mot-thanh-vien-nguyen-lieu-le-tran","ID":0,"MaSoThue":"1601866613","NgayCap":"2013-03-15T00:00:00Z","Title":"Công Ty TNHH Một Thành Viên Nguyên Liệu Lê Trần","DiaChiCongTy":"Số 259A/14, ấp Trung Bình Tiến - Xã Vĩnh Trạch - Huyện Thoại Sơn - An Giang","Created":"2015-11-12T00:01:21Z","Updated":"2015-11-12T00:01:21Z","IsDelete":false,"RequestChanged":false,"ExitsInGDT":false,"SourceID":0,"TinhThanhID":0,"TinhThanhTitle":"An Giang","TinhThanhTitleAscii":"/an-giang","QuanHuyenID":0,"NganhNgheTitle":"Bán buôn nông, lâm sản nguyên liệu (trừ gỗ, tre, nứa) và động vật sống","NganhNgheTitleAscii":"/nganh-nghe/ban-buon-nong-lam-san-nguyen-lieu-tru-go-tre-nua-va-dong-vat-song","DSTags":["1601866613","An Giang",null]},{"Type":11,"SolrID":"/1601865602-doanh-nghiep-tn-hoang-hung-phat","ID":0,"MaSoThue":"1601865602","NgayCap":"2013-03-09T00:00:00Z","Title":"Doanh Nghiệp TN Hoàng Hùng Phát","DiaChiCongTy":"ấp Vĩnh Trung - Xã Vĩnh Trạch - Huyện Thoại Sơn - An Giang","Created":"2015-11-16T22:17:15Z","Updated":"2015-11-16T22:17:15Z","IsDelete":false,"RequestChanged":false,"ExitsInGDT":false,"SourceID":0,"TinhThanhID":0,"TinhThanhTitle":"An Giang","TinhThanhTitleAscii":"/an-giang","QuanHuyenID":0,"NganhNgheTitle":"Bán buôn chuyên doanh khác chưa được phân vào đâu","NganhNgheTitleAscii":"/nganh-nghe/ban-buon-chuyen-doanh-khac-chua-duoc-phan-vao-dau","DSTags":["1601865602","An Giang",null]},{"Type":11,"SolrID":"/1601860379-hop-tac-xa-van-tai-duong-song-thien-loc","ID":0,"MaSoThue":"1601860379","NgayCap":"2013-01-28T00:00:00Z","Title":"Hợp tác xã Vận tải đường sông Thiên Lộc","DiaChiCongTy":"26/1, Trung Bình Nhì - Xã Vĩnh Trạch - Huyện Thoại Sơn - An Giang","Created":"2015-11-17T07:16:13Z","Updated":"2015-11-17T07:16:13Z","IsDelete":false,"RequestChanged":false,"ExitsInGDT":false,"SourceID":0,"TinhThanhID":0,"TinhThanhTitle":"An Giang","TinhThanhTitleAscii":"/an-giang","QuanHuyenID":0,"NganhNgheTitle":"Vận tải đường thuỷ nội địa","NganhNgheTitleAscii":"/nganh-nghe/van-tai-duong-thuy-noi-dia","DSTags":["1601860379","An Giang",null]},{"Type":11,"SolrID":"/1601858394-cong-ty-tnhh-xay-dung-dinh-trach","ID":0,"MaSoThue":"1601858394","NgayCap":"2013-01-18T00:00:00Z","Title":"Công Ty TNHH Xây Dựng Dinh Trạch","DiaChiCongTy":"ấp Trung Bình Tiến - Xã Vĩnh Trạch - Huyện Thoại Sơn - An Giang","Created":"2015-11-12T00:59:22Z","Updated":"2015-11-12T00:59:22Z","IsDelete":false,"RequestChanged":false,"ExitsInGDT":false,"SourceID":0,"TinhThanhID":0,"TinhThanhTitle":"An Giang","TinhThanhTitleAscii":"/an-giang","QuanHuyenID":0,"NganhNgheTitle":"Xây dựng nhà các loại","NganhNgheTitleAscii":"/nganh-nghe/xay-dung-nha-cac-loai","DSTags":["1601858394","An Giang",null]},{"Type":11,"SolrID":"/1601807417-doanh-nghiep-tn-van-tai-thuy-nam-nguyet","ID":0,"MaSoThue":"1601807417","NgayCap":"2012-08-08T00:00:00Z","Title":"Doanh Nghiệp TN Vận Tải Thủy Nam Nguyệt","DiaChiCongTy":"Số 25/1, ấp Trung Bình Nhì - Xã Vĩnh Trạch - Huyện Thoại Sơn - An Giang","Created":"2015-11-09T14:44:24Z","Updated":"2015-11-09T14:44:24Z","IsDelete":false,"RequestChanged":false,"ExitsInGDT":false,"SourceID":0,"TinhThanhID":0,"TinhThanhTitle":"An Giang","TinhThanhTitleAscii":"/an-giang","QuanHuyenID":0,"NganhNgheTitle":"Vận tải hàng hóa đường thuỷ nội địa","NganhNgheTitleAscii":"/nganh-nghe/van-tai-hang-hoa-duong-thuy-noi-dia","DSTags":["1601807417","An Giang",null]},{"Type":11,"SolrID":"/1601772570-cong-ty-tnhh-mot-thanh-vien-ngoc-sy","ID":0,"MaSoThue":"1601772570","NgayCap":"2012-06-20T00:00:00Z","Title":"Công Ty TNHH Một Thành Viên Ngọc Sỹ","DiaChiCongTy":"Số 090/4, ấp Trung Bình I - Xã Vĩnh Trạch - Huyện Thoại Sơn - An Giang","Created":"2015-11-12T13:21:52Z","Updated":"2015-11-12T13:21:52Z","IsDelete":false,"RequestChanged":false,"ExitsInGDT":false,"SourceID":0,"TinhThanhID":0,"TinhThanhTitle":"An Giang","TinhThanhTitleAscii":"/an-giang","QuanHuyenID":0,"NganhNgheTitle":"Chuẩn bị mặt bằng","NganhNgheTitleAscii":"/nganh-nghe/chuan-bi-mat-bang","DSTags":["1601772570","An Giang",null]},{"Type":11,"SolrID":"/1601757357-doanh-nghiep-tn-nguyen-tung-phat","ID":0,"MaSoThue":"1601757357","NgayCap":"2012-06-04T00:00:00Z","Title":"Doanh Nghiệp TN Nguyễn Tùng Phát","DiaChiCongTy":"ấp Trung Bình 1 - Xã Vĩnh Trạch - Huyện Thoại Sơn - An Giang","Created":"2015-11-16T10:59:30Z","Updated":"2015-11-16T10:59:30Z","IsDelete":false,"RequestChanged":false,"ExitsInGDT":false,"SourceID":0,"TinhThanhID":0,"TinhThanhTitle":"An Giang","TinhThanhTitleAscii":"/an-giang","QuanHuyenID":0,"NganhNgheTitle":"Chuẩn bị mặt bằng","NganhNgheTitleAscii":"/nganh-nghe/chuan-bi-mat-bang","DSTags":["1601757357","An Giang",null]},{"Type":11,"SolrID":"/1601613411-cong-ty-tnhh-mot-thanh-vien-ngo-hong-phuoc","ID":0,"MaSoThue":"1601613411","NgayCap":"2011-12-08T00:00:00Z","Title":"Công Ty TNHH Một Thành Viên Ngô Hồng Phước","DiaChiCongTy":"Số 283/14, ấp Vĩnh Trung - Xã Vĩnh Trạch - Huyện Thoại Sơn - An Giang","Created":"2015-11-10T01:38:00Z","Updated":"2015-11-10T01:38:00Z","IsDelete":false,"RequestChanged":false,"ExitsInGDT":false,"SourceID":0,"TinhThanhID":0,"TinhThanhTitle":"An Giang","TinhThanhTitleAscii":"/an-giang","QuanHuyenID":0,"NganhNgheTitle":"Lắp đặt hệ thống điện","NganhNgheTitleAscii":"/nganh-nghe/lap-dat-he-thong-dien","DSTags":["1601613411","An Giang",null]},{"Type":11,"SolrID":"/1601042045-001-chi-nhanh-1-cong-ty-tnhh-mot-thanh-vien-nguyen-van-thang","ID":0,"MaSoThue":"1601042045-001","NgayCap":"2011-11-04T00:00:00Z","Title":"Chi Nhánh 1 Công Ty TNHH Một Thành Viên Nguyễn Văn Thăng","DiaChiCongTy":"ấp Vĩnh Trung - Xã Vĩnh Trạch - Huyện Thoại Sơn - An Giang","Created":"2015-11-10T01:37:27Z","Updated":"2015-11-10T01:37:27Z","IsDelete":false,"RequestChanged":false,"ExitsInGDT":false,"SourceID":0,"TinhThanhID":0,"TinhThanhTitle":"An Giang","TinhThanhTitleAscii":"/an-giang","QuanHuyenID":0,"NganhNgheTitle":"Bán buôn thực phẩm","NganhNgheTitleAscii":"/nganh-nghe/ban-buon-thuc-pham","DSTags":["1601042045-001","An Giang",null]},{"Type":11,"SolrID":"/1601498536-doanh-nghiep-tn-tam-chuyen","ID":0,"MaSoThue":"1601498536","NgayCap":"2011-06-24T00:00:00Z","Title":"Doanh Nghiệp TN Tám Chuyền","DiaChiCongTy":"Số 193A/9, ấp Vĩnh An - Xã Vĩnh Trạch - Huyện Thoại Sơn - An Giang","Created":"2015-11-09T22:54:26Z","Updated":"2015-11-09T22:54:26Z","IsDelete":false,"RequestChanged":false,"ExitsInGDT":false,"SourceID":0,"TinhThanhID":0,"TinhThanhTitle":"An Giang","TinhThanhTitleAscii":"/an-giang","QuanHuyenID":0,"NganhNgheTitle":"Xây dựng công trình đường sắt và đường bộ","NganhNgheTitleAscii":"/nganh-nghe/xay-dung-cong-trinh-duong-sat-va-duong-bo","DSTags":["1601498536","An Giang",null]},{"Type":11,"SolrID":"/1600184590-059-chi-nhanh-cong-ty-tnhh-mot-thanh-vien-xang-dau-an-giang-cua-hang-xang-dau-binh-tien","ID":0,"MaSoThue":"1600184590-059","NgayCap":"2011-05-30T00:00:00Z","Title":"Chi Nhánh Công Ty TNHH Một Thành Viên Xăng Dầu An Giang-Cửa Hàng Xăng Dầu Bình Tiến","DiaChiCongTy":"Tỉnh lộ 943, ấp Trung Bình Tiến - Xã Vĩnh Trạch - Huyện Thoại Sơn - An Giang","Created":"2015-11-17T19:46:00Z","Updated":"2015-11-17T19:46:00Z","IsDelete":false,"RequestChanged":false,"ExitsInGDT":false,"SourceID":0,"TinhThanhID":0,"TinhThanhTitle":"An Giang","TinhThanhTitleAscii":"/an-giang","QuanHuyenID":0,"NganhNgheTitle":"Bán buôn nhiên liệu rắn, lỏng, khí và các sản phẩm liên quan","NganhNgheTitleAscii":"/nganh-nghe/ban-buon-nhien-lieu-ran-long-khi-va-cac-san-pham-lien-quan","DSTags":["1600184590-059","An Giang",null]},{"Type":11,"SolrID":"/1601459953-cong-ty-tnhh-san-xuat-thuong-mai-dich-vu-tin-viet","ID":0,"MaSoThue":"1601459953","NgayCap":"2011-03-03T00:00:00Z","Title":"Công Ty TNHH Sản Xuất - Thương Mại - Dịch Vụ Tín Việt","DiaChiCongTy":"ấp Vĩnh Tây - Xã Vĩnh Trạch - Huyện Thoại Sơn - An Giang","Created":"2015-11-10T01:41:40Z","Updated":"2015-11-10T01:41:40Z","IsDelete":false,"RequestChanged":false,"ExitsInGDT":false,"SourceID":0,"TinhThanhID":0,"TinhThanhTitle":"An Giang","TinhThanhTitleAscii":"/an-giang","QuanHuyenID":0,"NganhNgheTitle":"Chế biến, bảo quản thuỷ sản và các sản phẩm từ thuỷ sản","NganhNgheTitleAscii":"/nganh-nghe/che-bien-bao-quan-thuy-san-va-cac-san-pham-tu-thuy-san","DSTags":["1601459953","An Giang",null]},{"Type":11,"SolrID":"/1601399782-cong-ty-tnhh-mot-thanh-vien-thuong-mai-dich-vu-phuoc-hoa-duoc-chuyen-doi-tu-cong-ty-tnhh-thuong-mai","ID":0,"MaSoThue":"1601399782","NgayCap":"2010-09-29T00:00:00Z","Title":"Công Ty TNHH Một Thành Viên Thương Mại Dịch Vụ Phước Hòa (Được Chuyển Đổi Từ Công Ty TNHH Thương Mại","DiaChiCongTy":"ấp Vĩnh An - Xã Vĩnh Trạch - Huyện Thoại Sơn - An Giang","Created":"2015-11-09T10:25:15Z","Updated":"2015-11-09T10:25:15Z","IsDelete":false,"RequestChanged":false,"ExitsInGDT":false,"SourceID":0,"TinhThanhID":0,"TinhThanhTitle":"An Giang","TinhThanhTitleAscii":"/an-giang","QuanHuyenID":0,"NganhNgheTitle":"Xây dựng nhà các loại","NganhNgheTitleAscii":"/nganh-nghe/xay-dung-nha-cac-loai","DSTags":["1601399782","An Giang",null]},{"Type":11,"SolrID":"/1601350272-cong-ty-tnhh-mot-thanh-vien-nha-may-che-bien-thuy-san-ban-va-toi","ID":0,"MaSoThue":"1601350272","NgayCap":"2010-05-24T00:00:00Z","Title":"Công Ty TNHH Một Thành Viên Nhà Máy Chế Biến Thủy Sản Bạn Và Tôi","DiaChiCongTy":"ấp Vĩnh Trung - Xã Vĩnh Trạch - Huyện Thoại Sơn - An Giang","Created":"2015-11-09T04:54:43Z","Updated":"2015-11-09T04:54:43Z","IsDelete":false,"RequestChanged":false,"ExitsInGDT":false,"SourceID":0,"TinhThanhID":0,"TinhThanhTitle":"An Giang","TinhThanhTitleAscii":"/an-giang","QuanHuyenID":0,"NganhNgheTitle":"Chế biến, bảo quản thuỷ sản và các sản phẩm từ thuỷ sản","NganhNgheTitleAscii":"/nganh-nghe/che-bien-bao-quan-thuy-san-va-cac-san-pham-tu-thuy-san","DSTags":["1601350272","An Giang",null]},{"Type":11,"SolrID":"/1601296297-cong-ty-tnhh-mot-thanh-vien-che-bien-luong-thuc-vinh-trach","ID":0,"MaSoThue":"1601296297","NgayCap":"2010-02-04T00:00:00Z","Title":"Công Ty TNHH Một Thành Viên Chế Biến Lương Thực Vĩnh Trạch","DiaChiCongTy":"ấp Tây Bình - Xã Vĩnh Trạch - Huyện Thoại Sơn - An Giang","Created":"2015-11-09T23:51:13Z","Updated":"2015-11-09T23:51:13Z","IsDelete":false,"RequestChanged":false,"ExitsInGDT":false,"SourceID":0,"TinhThanhID":0,"TinhThanhTitle":"An Giang","TinhThanhTitleAscii":"/an-giang","QuanHuyenID":0,"NganhNgheTitle":"Khai khoáng khác chưa được phân vào đâu","NganhNgheTitleAscii":"/nganh-nghe/khai-khoang-khac-chua-duoc-phan-vao-dau-10612","DSTags":["1601296297","An Giang",null]},{"Type":11,"SolrID":"/1600963371-doanh-nghiep-tn-thuy-linh","ID":0,"MaSoThue":"1600963371","NgayCap":"2008-05-27T00:00:00Z","Title":"Doanh Nghiệp Tn Thùy Linh","DiaChiCongTy":"Ấp Trung Bình I, Xã Vĩnh Trạch, Huyện Thoại Sơn, Tỉnh An Giang","Created":"2018-07-03T16:04:32Z","Updated":"2018-07-03T16:04:32Z","IsDelete":false,"RequestChanged":false,"ExitsInGDT":false,"SourceID":0,"TinhThanhID":0,"TinhThanhTitle":"An Giang","TinhThanhTitleAscii":"/an-giang","QuanHuyenID":0,"NganhNgheTitle":"Bán buôn xăng dầu và các sản phẩm liên quan","NganhNgheTitleAscii":"/nganh-nghe/ban-buon-xang-dau-va-cac-san-pham-lien-quan","DSTags":["1600963371","An Giang",null]},{"Type":11,"SolrID":"/1600759601-ubnd-xa-vinh-trach","ID":0,"MaSoThue":"1600759601","NgayCap":"2005-01-19T00:00:00Z","Title":"UBND xã Vĩnh Trạch","DiaChiCongTy":"ấp Trung Bình Tiến, xã Vĩnh Trạch - Huyện Thoại Sơn - An Giang","Created":"2015-11-16T16:32:23Z","Updated":"2015-11-16T16:32:23Z","IsDelete":false,"RequestChanged":false,"ExitsInGDT":false,"SourceID":0,"TinhThanhID":0,"TinhThanhTitle":"An Giang","TinhThanhTitleAscii":"/an-giang","QuanHuyenID":0,"NganhNgheTitle":"Hoạt động của Đảng cộng sản, tổ chức chính trị - xã hội, hoạt động quản lý nhà nước nói chung và kinh tế tổng hợp","NganhNgheTitleAscii":"/nganh-nghe/hoat-dong-cua-dang-cong-san-to-chuc-chinh-tri-xa-hoi-hoat-dong-quan-ly-nha-nuoc-noi-chung-va-kinh-te-tong-hop","DSTags":["1600759601","An Giang",null]},{"Type":11,"SolrID":"/1600729893-truong-trung-hoc-co-so-vinh-trach","ID":0,"MaSoThue":"1600729893","NgayCap":"2004-09-27T00:00:00Z","Title":"Trường Trung học Cơ sở Vĩnh Trạch","DiaChiCongTy":"ấp Tây Bình, xã Vĩnh Trạch - Huyện Thoại Sơn - An Giang","Created":"2015-11-16T16:21:07Z","Updated":"2015-11-16T16:21:07Z","IsDelete":false,"RequestChanged":false,"ExitsInGDT":false,"SourceID":0,"TinhThanhID":0,"TinhThanhTitle":"An Giang","TinhThanhTitleAscii":"/an-giang","QuanHuyenID":0,"NganhNgheTitle":"Giáo dục trung học cơ sở và trung học phổ thông","NganhNgheTitleAscii":"/nganh-nghe/giao-duc-trung-hoc-co-so-va-trung-hoc-pho-thong","DSTags":["1600729893","An Giang",null]},{"Type":11,"SolrID":"/1600260844-doanh-nghiep-tn-duong-thien-tho","ID":0,"MaSoThue":"1600260844","NgayCap":"2004-04-12T00:00:00Z","Title":"Doanh Nghiệp TN Dương Thiện Thọ","DiaChiCongTy":"Số 652B/27, ấp Vĩnh Trung - Xã Vĩnh Trạch - Huyện Thoại Sơn - An Giang","Created":"2015-11-09T05:13:09Z","Updated":"2015-11-09T05:13:09Z","IsDelete":false,"RequestChanged":false,"ExitsInGDT":false,"SourceID":0,"TinhThanhID":0,"TinhThanhTitle":"An Giang","TinhThanhTitleAscii":"/an-giang","QuanHuyenID":0,"NganhNgheTitle":"Bán buôn nhiên liệu rắn, lỏng, khí và các sản phẩm liên quan","NganhNgheTitleAscii":"/nganh-nghe/ban-buon-nhien-lieu-ran-long-khi-va-cac-san-pham-lien-quan","DSTags":["1600260844","An Giang",null]},{"Type":11,"SolrID":"/1600555598-doanh-nghiep-tn-huynh-ket","ID":0,"MaSoThue":"1600555598","NgayCap":"2004-01-16T00:00:00Z","Title":"Doanh Nghiệp TN Huỳnh Kết","DiaChiCongTy":"Xà lan AG-10299-H, ấp Trung Bình II - Xã Vĩnh Trạch - Huyện Thoại Sơn - An Giang","Created":"2015-11-09T02:25:29Z","Updated":"2015-11-09T02:25:29Z","IsDelete":false,"RequestChanged":false,"ExitsInGDT":false,"SourceID":0,"TinhThanhID":0,"TinhThanhTitle":"An Giang","TinhThanhTitleAscii":"/an-giang","QuanHuyenID":0,"NganhNgheTitle":"Bán buôn nhiên liệu rắn, lỏng, khí và các sản phẩm liên quan","NganhNgheTitleAscii":"/nganh-nghe/ban-buon-nhien-lieu-ran-long-khi-va-cac-san-pham-lien-quan","DSTags":["1600555598","An Giang",null]},{"Type":11,"SolrID":"/1600259486-doanh-nghiep-tn-cong-minh-i","ID":0,"MaSoThue":"1600259486","NgayCap":"2004-01-16T00:00:00Z","Title":"Doanh Nghiệp TN Công Minh I","DiaChiCongTy":"Xà lan AG-8927-H, ấp Tây Bình - Xã Vĩnh Trạch - Huyện Thoại Sơn - An Giang","Created":"2015-11-17T01:36:58Z","Updated":"2015-11-17T01:36:58Z","IsDelete":false,"RequestChanged":false,"ExitsInGDT":false,"SourceID":0,"TinhThanhID":0,"TinhThanhTitle":"An Giang","TinhThanhTitleAscii":"/an-giang","QuanHuyenID":0,"NganhNgheTitle":"Bán buôn nhiên liệu rắn, lỏng, khí và các sản phẩm liên quan","NganhNgheTitleAscii":"/nganh-nghe/ban-buon-nhien-lieu-ran-long-khi-va-cac-san-pham-lien-quan","DSTags":["1600259486","An Giang",null]},{"Type":11,"SolrID":"/1600451655-dntn-kim-loi","ID":0,"MaSoThue":"1600451655","NgayCap":"1999-08-30T00:00:00Z","Title":"DNTN Kim Lợi","DiaChiCongTy":"ấp Trung Bình, xã Vĩnh Trạch - Huyện Thoại Sơn - An Giang","Created":"2015-11-19T05:31:22Z","Updated":"2015-11-19T05:31:22Z","IsDelete":false,"RequestChanged":false,"ExitsInGDT":false,"SourceID":0,"TinhThanhID":0,"TinhThanhTitle":"An Giang","TinhThanhTitleAscii":"/an-giang","QuanHuyenID":0,"NganhNgheTitle":"Bán lẻ nhiên liệu động cơ trong các cửa hàng chuyên doanh","NganhNgheTitleAscii":"/nganh-nghe/ban-le-nhien-lieu-dong-co-trong-cac-cua-hang-chuyen-doanh","DSTags":["1600451655","An Giang",null]},{"Type":11,"SolrID":"/1600372883-004-truong-trung-hoc-pho-thong-vinh-trach","ID":0,"MaSoThue":"1600372883-004","NgayCap":"1999-04-05T00:00:00Z","Title":"Trường Trung học Phổ thông Vĩnh Trạch","DiaChiCongTy":"ấp Tây Bình, xã Vĩnh Trạch - Huyện Thoại Sơn - An Giang","Created":"2015-11-17T19:49:27Z","Updated":"2015-11-17T19:49:27Z","IsDelete":false,"RequestChanged":false,"ExitsInGDT":false,"SourceID":0,"TinhThanhID":0,"TinhThanhTitle":"An Giang","TinhThanhTitleAscii":"/an-giang","QuanHuyenID":0,"NganhNgheTitle":"Giáo dục trung học cơ sở và trung học phổ thông","NganhNgheTitleAscii":"/nganh-nghe/giao-duc-trung-hoc-co-so-va-trung-hoc-pho-thong","DSTags":["1600372883-004","An Giang",null]},{"Type":11,"SolrID":"/1600373710-036-truong-tieu-hoc-a-vinh-trach","ID":0,"MaSoThue":"1600373710-036","NgayCap":"1999-02-23T00:00:00Z","Title":"Trường Tiểu học A Vĩnh Trạch","DiaChiCongTy":"ấp Tây Bình I, xã Vĩnh Trạch - Huyện Thoại Sơn - An Giang","Created":"2015-11-17T19:50:01Z","Updated":"2015-11-17T19:50:01Z","IsDelete":false,"RequestChanged":false,"ExitsInGDT":false,"SourceID":0,"TinhThanhID":0,"TinhThanhTitle":"An Giang","TinhThanhTitleAscii":"/an-giang","QuanHuyenID":0,"NganhNgheTitle":"Giáo dục tiểu học","NganhNgheTitleAscii":"/nganh-nghe/giao-duc-tieu-hoc","DSTags":["1600373710-036","An Giang",null]}]}