{"ID":3806,"SolrID":"/an-giang/huyen-thoai-son/xa-vinh-phu","Title":"Xã Vĩnh Phú","TinhThanhTitle":"An Giang","QuanHuyenTitle":"Huyện Thoại Sơn","QuanHuyenID":207,"TinhThanhID":35,"Url":"https://thongtindoanhnghiep.co/api/company?l=/an-giang/huyen-thoai-son/xa-vinh-phu","Total":27,"List":[{"Type":11,"SolrID":"/1602147058-cong-ty-tnhh-mot-thanh-vien-tu-van-dau-tu-luat-phuoc-hao","ID":0,"MaSoThue":"1602147058","NgayCap":"2021-05-12T00:00:00Z","Title":"Công Ty TNHH Một Thành Viên Tư Vấn Đầu Tư Luật Phước Hão","DiaChiCongTy":"Số 234, Ấp Trung Phú 4, Xã Vĩnh Phú, Huyện Thoại Sơn, Tỉnh An Giang","Created":"2021-05-12T17:37:40Z","Updated":"2021-05-12T17:37:40Z","IsDelete":false,"RequestChanged":false,"ExitsInGDT":false,"SourceID":0,"TinhThanhID":0,"TinhThanhTitle":"An Giang","TinhThanhTitleAscii":"/an-giang","QuanHuyenID":0,"NganhNgheTitle":"Hoạt động tư vấn quản lý","NganhNgheTitleAscii":"/nganh-nghe/hoat-dong-tu-van-quan-ly","DSTags":["1602147058","An Giang",null]},{"Type":11,"SolrID":"/1602141828-cong-ty-tnhh-xay-dung-ngoc-thanh-889","ID":0,"MaSoThue":"1602141828","NgayCap":"2021-02-26T00:00:00Z","Title":"Công Ty TNHH Xây Dựng Ngọc Thành 889","DiaChiCongTy":"Số 315, Tổ 8, Ấp Trung Phú 3, Xã Vĩnh Phú, Huyện Thoại Sơn, Tỉnh An Giang","Created":"2021-02-26T14:41:29Z","Updated":"2021-02-26T14:41:29Z","IsDelete":false,"RequestChanged":false,"ExitsInGDT":false,"SourceID":0,"TinhThanhID":0,"TinhThanhTitle":"An Giang","TinhThanhTitleAscii":"/an-giang","QuanHuyenID":0,"DSTags":["1602141828","An Giang",null]},{"Type":11,"SolrID":"/1602074272-cong-ty-tnhh-dau-tu-xay-dung-ngoc-thien","ID":0,"MaSoThue":"1602074272","NgayCap":"2018-06-14T00:00:00Z","Title":"Công Ty TNHH Đầu Tư Xây Dựng Ngọc Thiện","DiaChiCongTy":"Ấp Phú Trung 1, Xã Vĩnh Phú, Huyện Thoại Sơn, Tỉnh An Giang","Created":"2018-06-14T14:34:35Z","Updated":"2018-06-14T14:34:35Z","IsDelete":false,"RequestChanged":false,"ExitsInGDT":false,"SourceID":0,"TinhThanhID":0,"TinhThanhTitle":"An Giang","TinhThanhTitleAscii":"/an-giang","QuanHuyenID":0,"NganhNgheTitle":"Xây dựng công trình đường sắt và đường bộ","NganhNgheTitleAscii":"/nganh-nghe/xay-dung-cong-trinh-duong-sat-va-duong-bo","DSTags":["1602074272","An Giang",null]},{"Type":11,"SolrID":"/1602073173-doanh-nghiep-tn-le-huu-binh","ID":0,"MaSoThue":"1602073173","NgayCap":"2018-05-30T00:00:00Z","Title":"Doanh Nghiệp Tn Lê Hữu Bình","DiaChiCongTy":"Tổ 7, Ấp Trung Phú 6, Xã Vĩnh Phú, Huyện Thoại Sơn, Tỉnh An Giang","Created":"2018-05-30T15:09:47Z","Updated":"2018-05-30T15:09:47Z","IsDelete":false,"RequestChanged":false,"ExitsInGDT":false,"SourceID":0,"TinhThanhID":0,"TinhThanhTitle":"An Giang","TinhThanhTitleAscii":"/an-giang","QuanHuyenID":0,"NganhNgheTitle":"Hoạt động dịch vụ trồng trọt","NganhNgheTitleAscii":"/nganh-nghe/hoat-dong-dich-vu-trong-trot","DSTags":["1602073173","An Giang",null]},{"Type":11,"SolrID":"/1602064193-cong-ty-tnhh-xay-dung-68-thoai-son","ID":0,"MaSoThue":"1602064193","NgayCap":"2018-02-22T00:00:00Z","Title":"Công Ty TNHH Xây Dựng 68 Thoại Sơn","DiaChiCongTy":"Ấp Trung Phú 4, Xã Vĩnh Phú, Huyện Thoại Sơn, Tỉnh An Giang","Created":"2018-02-22T10:34:23Z","Updated":"2018-02-22T10:34:23Z","IsDelete":false,"RequestChanged":false,"ExitsInGDT":false,"SourceID":0,"TinhThanhID":0,"TinhThanhTitle":"An Giang","TinhThanhTitleAscii":"/an-giang","QuanHuyenID":0,"NganhNgheTitle":"Chuẩn bị mặt bằng","NganhNgheTitleAscii":"/nganh-nghe/chuan-bi-mat-bang","DSTags":["1602064193","An Giang",null]},{"Type":11,"SolrID":"/1602035435-doanh-nghiep-tn-xay-dung-thanh-doan-an-giang","ID":0,"MaSoThue":"1602035435","NgayCap":"2017-03-13T00:00:00Z","Title":"Doanh Nghiệp Tn Xây Dựng Thành Đoàn An Giang","DiaChiCongTy":"Tổ 6, Ấp Trung Phú 2, Xã Vĩnh Phú, Huyện Thoại Sơn, Tỉnh An Giang","Created":"2017-03-13T15:08:16Z","Updated":"2017-03-13T15:08:16Z","IsDelete":false,"RequestChanged":false,"ExitsInGDT":false,"SourceID":0,"TinhThanhID":0,"TinhThanhTitle":"An Giang","TinhThanhTitleAscii":"/an-giang","QuanHuyenID":0,"NganhNgheTitle":"Xây dựng nhà các loại","NganhNgheTitleAscii":"/nganh-nghe/xay-dung-nha-cac-loai","DSTags":["1602035435","An Giang",null]},{"Type":11,"SolrID":"/1602012935-doanh-nghiep-tn-tin-trung-vinh-phu","ID":0,"MaSoThue":"1602012935","NgayCap":"2016-06-23T00:00:00Z","Title":"Doanh Nghiệp TN Tín Trung Vĩnh Phú","DiaChiCongTy":"Số 230, Tổ 4, ấp Trung Phú 3 - Xã Vĩnh Phú - Huyện Thoại Sơn - An Giang","Created":"2016-06-24T09:19:03Z","Updated":"2016-06-24T09:19:03Z","IsDelete":false,"RequestChanged":false,"ExitsInGDT":false,"SourceID":0,"TinhThanhID":0,"TinhThanhTitle":"An Giang","TinhThanhTitleAscii":"/an-giang","QuanHuyenID":0,"NganhNgheTitle":"Hoạt động xây dựng chuyên dụng khác","NganhNgheTitleAscii":"/nganh-nghe/hoat-dong-xay-dung-chuyen-dung-khac","DSTags":["1602012935","An Giang",null]},{"Type":11,"SolrID":"/1602004282-truong-tieu-hoc-a-vinh-phu","ID":0,"MaSoThue":"1602004282","NgayCap":"2016-03-15T00:00:00Z","Title":"Trường Tiểu học A Vĩnh Phú","DiaChiCongTy":"ấp Trung Phú II - Xã Vĩnh Phú - Huyện Thoại Sơn - An Giang","Created":"2016-03-16T11:10:30Z","Updated":"2016-03-16T11:10:30Z","IsDelete":false,"RequestChanged":false,"ExitsInGDT":false,"SourceID":0,"TinhThanhID":0,"TinhThanhTitle":"An Giang","TinhThanhTitleAscii":"/an-giang","QuanHuyenID":0,"NganhNgheTitle":"Giáo dục tiểu học","NganhNgheTitleAscii":"/nganh-nghe/giao-duc-tieu-hoc","DSTags":["1602004282","An Giang",null]},{"Type":11,"SolrID":"/1600676232-002-chi-nhanh-doanh-nghiep-tn-nam-moi-2","ID":0,"MaSoThue":"1600676232-002","NgayCap":"2015-11-20T00:00:00Z","Title":"Chi Nhánh Doanh Nghiệp TN Năm Mới 2","DiaChiCongTy":"ấp Trung Phú 4 - Xã Vĩnh Phú - Huyện Thoại Sơn - An Giang","Created":"2015-12-13T22:56:16Z","Updated":"2015-12-13T22:56:16Z","IsDelete":false,"RequestChanged":false,"ExitsInGDT":false,"SourceID":0,"TinhThanhID":0,"TinhThanhTitle":"An Giang","TinhThanhTitleAscii":"/an-giang","QuanHuyenID":0,"NganhNgheTitle":"Bán buôn nhiên liệu rắn, lỏng, khí và các sản phẩm liên quan","NganhNgheTitleAscii":"/nganh-nghe/ban-buon-nhien-lieu-ran-long-khi-va-cac-san-pham-lien-quan","DSTags":["1600676232-002","An Giang",null]},{"Type":11,"SolrID":"/1601985272-truong-tieu-hoc-b-vinh-phu","ID":0,"MaSoThue":"1601985272","NgayCap":"2015-10-13T00:00:00Z","Title":"Trường Tiểu học B Vĩnh Phú","DiaChiCongTy":"Trung Phú III - Xã Vĩnh Phú - Huyện Thoại Sơn - An Giang","Created":"2015-11-19T10:16:22Z","Updated":"2015-11-19T10:16:22Z","IsDelete":false,"RequestChanged":false,"ExitsInGDT":false,"SourceID":0,"TinhThanhID":0,"TinhThanhTitle":"An Giang","TinhThanhTitleAscii":"/an-giang","QuanHuyenID":0,"NganhNgheTitle":"Giáo dục tiểu học","NganhNgheTitleAscii":"/nganh-nghe/giao-duc-tieu-hoc","DSTags":["1601985272","An Giang",null]},{"Type":11,"SolrID":"/1601962349-hop-tac-xa-nong-nghiep-vinh-phu","ID":0,"MaSoThue":"1601962349","NgayCap":"2015-01-27T00:00:00Z","Title":"Hợp Tác Xã Nông Nghiệp Vĩnh Phú","DiaChiCongTy":"Tổ 04, Trung Phú 3 - Xã Vĩnh Phú - Huyện Thoại Sơn - An Giang","Created":"2015-11-17T11:58:36Z","Updated":"2015-11-17T11:58:36Z","IsDelete":false,"RequestChanged":false,"ExitsInGDT":false,"SourceID":0,"TinhThanhID":0,"TinhThanhTitle":"An Giang","TinhThanhTitleAscii":"/an-giang","QuanHuyenID":0,"NganhNgheTitle":"Hoạt động dịch vụ nông nghiệp","NganhNgheTitleAscii":"/nganh-nghe/hoat-dong-dich-vu-nong-nghiep","DSTags":["1601962349","An Giang",null]},{"Type":11,"SolrID":"/1601877132-doanh-nghiep-tn-tiem-vang-quang-thoai-son","ID":0,"MaSoThue":"1601877132","NgayCap":"2013-05-29T00:00:00Z","Title":"Doanh Nghiệp TN Tiệm Vàng Quang Thoại Sơn","DiaChiCongTy":"Số 538, tổ 14, ấp Trung Phú 2 - Xã Vĩnh Phú - Huyện Thoại Sơn - An Giang","Created":"2015-11-09T22:39:06Z","Updated":"2015-11-09T22:39:06Z","IsDelete":false,"RequestChanged":false,"ExitsInGDT":false,"SourceID":0,"TinhThanhID":0,"TinhThanhTitle":"An Giang","TinhThanhTitleAscii":"/an-giang","QuanHuyenID":0,"NganhNgheTitle":"Bán buôn kim loại và quặng kim loại","NganhNgheTitleAscii":"/nganh-nghe/ban-buon-kim-loai-va-quang-kim-loai","DSTags":["1601877132","An Giang",null]},{"Type":11,"SolrID":"/1601875657-doanh-nghiep-tn-tiem-vang-tan-dai","ID":0,"MaSoThue":"1601875657","NgayCap":"2013-05-22T00:00:00Z","Title":"Doanh Nghiệp TN Tiệm Vàng Tân Đại","DiaChiCongTy":"Số 478, ấp Trung Phú 2 - Xã Vĩnh Phú - Huyện Thoại Sơn - An Giang","Created":"2015-11-16T20:55:41Z","Updated":"2015-11-16T20:55:41Z","IsDelete":false,"RequestChanged":false,"ExitsInGDT":false,"SourceID":0,"TinhThanhID":0,"TinhThanhTitle":"An Giang","TinhThanhTitleAscii":"/an-giang","QuanHuyenID":0,"NganhNgheTitle":"Bán buôn kim loại và quặng kim loại","NganhNgheTitleAscii":"/nganh-nghe/ban-buon-kim-loai-va-quang-kim-loai","DSTags":["1601875657","An Giang",null]},{"Type":11,"SolrID":"/1601875664-cong-ty-tnhh-mot-thanh-vien-xay-dung-0578","ID":0,"MaSoThue":"1601875664","NgayCap":"2013-05-22T00:00:00Z","Title":"Công Ty TNHH Một Thành Viên Xây Dựng 0578","DiaChiCongTy":"ấp Trung Phú 4 - Xã Vĩnh Phú - Huyện Thoại Sơn - An Giang","Created":"2015-11-11T21:51:54Z","Updated":"2016-09-11T04:36:55Z","IsDelete":false,"RequestChanged":false,"ExitsInGDT":false,"SourceID":0,"TinhThanhID":0,"TinhThanhTitle":"An Giang","TinhThanhTitleAscii":"/an-giang","QuanHuyenID":0,"DSTags":["1601875664","An Giang",null]},{"Type":11,"SolrID":"/1601874318-doanh-nghiep-tn-tiem-vang-bich-ly","ID":0,"MaSoThue":"1601874318","NgayCap":"2013-05-14T00:00:00Z","Title":"Doanh Nghiệp TN Tiệm Vàng Bích Ly","DiaChiCongTy":"Tổ 14, ấp Trung Phú 2 - Xã Vĩnh Phú - Huyện Thoại Sơn - An Giang","Created":"2015-11-16T10:56:58Z","Updated":"2015-11-16T10:56:58Z","IsDelete":false,"RequestChanged":false,"ExitsInGDT":false,"SourceID":0,"TinhThanhID":0,"TinhThanhTitle":"An Giang","TinhThanhTitleAscii":"/an-giang","QuanHuyenID":0,"NganhNgheTitle":"Bán buôn kim loại và quặng kim loại","NganhNgheTitleAscii":"/nganh-nghe/ban-buon-kim-loai-va-quang-kim-loai","DSTags":["1601874318","An Giang",null]},{"Type":11,"SolrID":"/1601711803-cong-ty-tnhh-san-xuat-thuong-mai-va-dich-vu-tam-tan-phat","ID":0,"MaSoThue":"1601711803","NgayCap":"2012-04-11T00:00:00Z","Title":"Công Ty TNHH Sản Xuất Thương Mại Và Dịch Vụ Tâm Tân Phát","DiaChiCongTy":"Số 228, ấp Trung Phú 2 - Xã Vĩnh Phú - Huyện Thoại Sơn - An Giang","Created":"2015-11-10T01:42:33Z","Updated":"2015-11-10T01:42:33Z","IsDelete":false,"RequestChanged":false,"ExitsInGDT":false,"SourceID":0,"TinhThanhID":0,"TinhThanhTitle":"An Giang","TinhThanhTitleAscii":"/an-giang","QuanHuyenID":0,"NganhNgheTitle":"Bán buôn gạo","NganhNgheTitleAscii":"/nganh-nghe/ban-buon-gao","DSTags":["1601711803","An Giang",null]},{"Type":11,"SolrID":"/1601640447-doanh-nghiep-tn-le-han","ID":0,"MaSoThue":"1601640447","NgayCap":"2012-01-09T00:00:00Z","Title":"Doanh Nghiệp TN Lê Hận","DiaChiCongTy":"Số 120, ấp Trung Phú - Xã Vĩnh Phú - Huyện Thoại Sơn - An Giang","Created":"2015-11-10T01:43:51Z","Updated":"2015-11-10T01:43:51Z","IsDelete":false,"RequestChanged":false,"ExitsInGDT":false,"SourceID":0,"TinhThanhID":0,"TinhThanhTitle":"An Giang","TinhThanhTitleAscii":"/an-giang","QuanHuyenID":0,"NganhNgheTitle":"Bán buôn nông, lâm sản nguyên liệu (trừ gỗ, tre, nứa) và động vật sống","NganhNgheTitleAscii":"/nganh-nghe/ban-buon-nong-lam-san-nguyen-lieu-tru-go-tre-nua-va-dong-vat-song","DSTags":["1601640447","An Giang",null]},{"Type":11,"SolrID":"/1601608274-cong-ty-tnhh-mot-thanh-vien-qbc","ID":0,"MaSoThue":"1601608274","NgayCap":"2011-11-29T00:00:00Z","Title":"Công Ty TNHH Một Thành Viên Qbc","DiaChiCongTy":"ấp Trung Phú 4 - Xã Vĩnh Phú - Huyện Thoại Sơn - An Giang","Created":"2015-11-09T13:53:49Z","Updated":"2015-11-09T13:53:49Z","IsDelete":false,"RequestChanged":false,"ExitsInGDT":false,"SourceID":0,"TinhThanhID":0,"TinhThanhTitle":"An Giang","TinhThanhTitleAscii":"/an-giang","QuanHuyenID":0,"NganhNgheTitle":"Bán buôn nông, lâm sản nguyên liệu (trừ gỗ, tre, nứa) và động vật sống","NganhNgheTitleAscii":"/nganh-nghe/ban-buon-nong-lam-san-nguyen-lieu-tru-go-tre-nua-va-dong-vat-song","DSTags":["1601608274","An Giang",null]},{"Type":11,"SolrID":"/1601299971-doanh-nghiep-tn-tin-gia","ID":0,"MaSoThue":"1601299971","NgayCap":"2010-02-23T00:00:00Z","Title":"Doanh Nghiệp TN Tín Gia","DiaChiCongTy":"Số 271, ấp Trung Phú 2 - Xã Vĩnh Phú - Huyện Thoại Sơn - An Giang","Created":"2015-11-16T21:59:46Z","Updated":"2015-11-16T21:59:46Z","IsDelete":false,"RequestChanged":false,"ExitsInGDT":false,"SourceID":0,"TinhThanhID":0,"TinhThanhTitle":"An Giang","TinhThanhTitleAscii":"/an-giang","QuanHuyenID":0,"NganhNgheTitle":"Xây dựng công trình kỹ thuật dân dụng khác","NganhNgheTitleAscii":"/nganh-nghe/xay-dung-cong-trinh-ky-thuat-dan-dung-khac","DSTags":["1601299971","An Giang",null]},{"Type":11,"SolrID":"/1600942967-cong-ty-tnhh-san-xuat-va-thuong-mai-tien-dung","ID":0,"MaSoThue":"1600942967","NgayCap":"2008-02-18T00:00:00Z","Title":"Công Ty TNHH Sản Xuất Và Thương Mại Tiến Dũng","DiaChiCongTy":"ấp Trung Phú 2 - Xã Vĩnh Phú - Huyện Thoại Sơn - An Giang","Created":"2015-11-10T01:44:57Z","Updated":"2015-11-10T01:44:57Z","IsDelete":false,"RequestChanged":false,"ExitsInGDT":false,"SourceID":0,"TinhThanhID":0,"TinhThanhTitle":"An Giang","TinhThanhTitleAscii":"/an-giang","QuanHuyenID":0,"NganhNgheTitle":"Bán buôn nông, lâm sản nguyên liệu (trừ gỗ, tre, nứa) và động vật sống","NganhNgheTitleAscii":"/nganh-nghe/ban-buon-nong-lam-san-nguyen-lieu-tru-go-tre-nua-va-dong-vat-song","DSTags":["1600942967","An Giang",null]},{"Type":11,"SolrID":"/1600909825-doanh-nghiep-tn-thien-nhan","ID":0,"MaSoThue":"1600909825","NgayCap":"2007-11-05T00:00:00Z","Title":"Doanh Nghiệp TN Thiện Nhân","DiaChiCongTy":"ấp Trung Phú I - Xã Vĩnh Phú - Huyện Thoại Sơn - An Giang","Created":"2015-11-09T05:32:35Z","Updated":"2015-11-09T05:32:35Z","IsDelete":false,"RequestChanged":false,"ExitsInGDT":false,"SourceID":0,"TinhThanhID":0,"TinhThanhTitle":"An Giang","TinhThanhTitleAscii":"/an-giang","QuanHuyenID":0,"NganhNgheTitle":"Xây dựng công trình đường sắt và đường bộ","NganhNgheTitleAscii":"/nganh-nghe/xay-dung-cong-trinh-duong-sat-va-duong-bo","DSTags":["1600909825","An Giang",null]},{"Type":11,"SolrID":"/1600809972-truong-mau-giao-vinh-phu","ID":0,"MaSoThue":"1600809972","NgayCap":"2005-10-14T00:00:00Z","Title":"Trường Mẫu giáo Vĩnh Phú","DiaChiCongTy":"ấp Trung Phú 2, xã Vĩnh Phú - Huyện Thoại Sơn - An Giang","Created":"2015-11-16T17:12:11Z","Updated":"2015-11-16T17:12:11Z","IsDelete":false,"RequestChanged":false,"ExitsInGDT":false,"SourceID":0,"TinhThanhID":0,"TinhThanhTitle":"An Giang","TinhThanhTitleAscii":"/an-giang","QuanHuyenID":0,"NganhNgheTitle":"Giáo dục mầm non","NganhNgheTitleAscii":"/nganh-nghe/giao-duc-mam-non","DSTags":["1600809972","An Giang",null]},{"Type":11,"SolrID":"/1600782248-truong-trung-hoc-co-so-vinh-phu","ID":0,"MaSoThue":"1600782248","NgayCap":"2005-06-02T00:00:00Z","Title":"Trường Trung học Cơ sở Vĩnh Phú","DiaChiCongTy":"ấp Trung II, xã Vĩnh Phú - Huyện Thoại Sơn - An Giang","Created":"2015-11-16T16:52:19Z","Updated":"2015-11-16T16:52:19Z","IsDelete":false,"RequestChanged":false,"ExitsInGDT":false,"SourceID":0,"TinhThanhID":0,"TinhThanhTitle":"An Giang","TinhThanhTitleAscii":"/an-giang","QuanHuyenID":0,"NganhNgheTitle":"Giáo dục trung học cơ sở và trung học phổ thông","NganhNgheTitleAscii":"/nganh-nghe/giao-duc-trung-hoc-co-so-va-trung-hoc-pho-thong","DSTags":["1600782248","An Giang",null]},{"Type":11,"SolrID":"/1600159957-doanh-nghiep-tn-ly-sa","ID":0,"MaSoThue":"1600159957","NgayCap":"2004-01-27T00:00:00Z","Title":"Doanh Nghiệp TN Lý Sa","DiaChiCongTy":"Số 122, ấp Trung Phú 2 - Xã Vĩnh Phú - Huyện Thoại Sơn - An Giang","Created":"2015-11-11T06:24:45Z","Updated":"2015-11-11T06:24:45Z","IsDelete":false,"RequestChanged":false,"ExitsInGDT":false,"SourceID":0,"TinhThanhID":0,"TinhThanhTitle":"An Giang","TinhThanhTitleAscii":"/an-giang","QuanHuyenID":0,"NganhNgheTitle":"Bán buôn nhiên liệu rắn, lỏng, khí và các sản phẩm liên quan","NganhNgheTitleAscii":"/nganh-nghe/ban-buon-nhien-lieu-ran-long-khi-va-cac-san-pham-lien-quan","DSTags":["1600159957","An Giang",null]},{"Type":11,"SolrID":"/1600373710-034-truong-tieu-hoc-a-vinh-phu","ID":0,"MaSoThue":"1600373710-034","NgayCap":"1999-02-23T00:00:00Z","Title":"Trường Tiểu học A Vĩnh Phú","DiaChiCongTy":"ấp Trung Phú II, xã Vĩnh Phú - Huyện Thoại Sơn - An Giang","Created":"2015-11-17T19:49:59Z","Updated":"2015-11-17T19:49:59Z","IsDelete":false,"RequestChanged":false,"ExitsInGDT":false,"SourceID":0,"TinhThanhID":0,"TinhThanhTitle":"An Giang","TinhThanhTitleAscii":"/an-giang","QuanHuyenID":0,"NganhNgheTitle":"Giáo dục tiểu học","NganhNgheTitleAscii":"/nganh-nghe/giao-duc-tieu-hoc","DSTags":["1600373710-034","An Giang",null]},{"Type":11,"SolrID":"/1600373710-035-truong-tieu-hoc-b-vinh-phu","ID":0,"MaSoThue":"1600373710-035","NgayCap":"1999-02-23T00:00:00Z","Title":"Trường Tiểu học B Vĩnh Phú","DiaChiCongTy":"Trung Phú III, xã Vĩnh Phú - Huyện Thoại Sơn - An Giang","Created":"2015-11-17T19:50:00Z","Updated":"2015-11-17T19:50:00Z","IsDelete":false,"RequestChanged":false,"ExitsInGDT":false,"SourceID":0,"TinhThanhID":0,"TinhThanhTitle":"An Giang","TinhThanhTitleAscii":"/an-giang","QuanHuyenID":0,"NganhNgheTitle":"Giáo dục tiểu học","NganhNgheTitleAscii":"/nganh-nghe/giao-duc-tieu-hoc","DSTags":["1600373710-035","An Giang",null]},{"Type":11,"SolrID":"/1600373809-ubnd-xa-vinh-phu","ID":0,"MaSoThue":"1600373809","NgayCap":"1998-11-18T00:00:00Z","Title":"UBND xã Vĩnh Phú","DiaChiCongTy":"ấp Trung Phú II, xã Vĩnh Phú - Huyện Thoại Sơn - An Giang","Created":"2015-11-14T17:16:27Z","Updated":"2015-11-14T17:16:27Z","IsDelete":false,"RequestChanged":false,"ExitsInGDT":false,"SourceID":0,"TinhThanhID":0,"TinhThanhTitle":"An Giang","TinhThanhTitleAscii":"/an-giang","QuanHuyenID":0,"NganhNgheTitle":"Hoạt động quản lý nhà nước nói chung và kinh tế tổng hợp","NganhNgheTitleAscii":"/nganh-nghe/hoat-dong-quan-ly-nha-nuoc-noi-chung-va-kinh-te-tong-hop","DSTags":["1600373809","An Giang",null]}]}