{"ID":10412,"SolrID":"/an-giang/huyen-thoai-son/xa-vong-the","Title":"Xã Vọng Thê","TinhThanhTitle":"An Giang","QuanHuyenTitle":"Huyện Thoại Sơn","QuanHuyenID":207,"TinhThanhID":35,"Url":"https://thongtindoanhnghiep.co/api/company?l=/an-giang/huyen-thoai-son/xa-vong-the","Total":14,"List":[{"Type":11,"SolrID":"/1602143624-cong-ty-tnhh-mot-thanh-vien-van-dai-thanh-oc-eo","ID":0,"MaSoThue":"1602143624","NgayCap":"2021-03-17T00:00:00Z","Title":"Công Ty TNHH Một Thành Viên Vạn Đại Thành Óc Eo","DiaChiCongTy":"Tỉnh lộ 943, ấp Tân Vọng, Xã Vọng Thê, Huyện Thoại Sơn, Tỉnh An Giang","Created":"2021-03-17T11:38:53Z","Updated":"2021-03-17T11:38:53Z","IsDelete":false,"RequestChanged":false,"ExitsInGDT":false,"SourceID":0,"TinhThanhID":0,"TinhThanhTitle":"An Giang","TinhThanhTitleAscii":"/an-giang","QuanHuyenID":0,"NganhNgheTitle":"Rèn, dập, ép và cán kim loại; luyện bột kim loại","NganhNgheTitleAscii":"/nganh-nghe/ren-dap-ep-va-can-kim-loai-luyen-bot-kim-loai","DSTags":["1602143624","An Giang",null]},{"Type":11,"SolrID":"/1602083541-cong-ty-tnhh-duoc-lieu-gamyn","ID":0,"MaSoThue":"1602083541","NgayCap":"2018-10-20T00:00:00Z","Title":"Công Ty TNHH Dược Liệu Gamyn","DiaChiCongTy":"Ấp Tân Vọng, Xã Vọng Thê, Huyện Thoại Sơn, Tỉnh An Giang","Created":"2018-10-20T10:36:49Z","Updated":"2018-10-20T10:36:49Z","IsDelete":false,"RequestChanged":false,"ExitsInGDT":false,"SourceID":0,"TinhThanhID":0,"TinhThanhTitle":"An Giang","TinhThanhTitleAscii":"/an-giang","QuanHuyenID":0,"NganhNgheTitle":"Sản xuất mỹ phẩm, xà phòng, chất tẩy rửa, làm bóng và chế phẩm vệ sinh","NganhNgheTitleAscii":"/nganh-nghe/san-xuat-my-pham-xa-phong-chat-tay-rua-lam-bong-va-che-pham-ve-sinh","DSTags":["1602083541","An Giang",null]},{"Type":11,"SolrID":"/1602071465-cong-ty-tnhh-xang-dau-xuan-nguyen","ID":0,"MaSoThue":"1602071465","NgayCap":"2018-05-09T00:00:00Z","Title":"Công Ty TNHH Xăng Dầu Xuân Nguyền","DiaChiCongTy":"Số 472, Tổ 6, Ấp Tân Thành , Xã Vọng Thê, Huyện Thoại Sơn, Tỉnh An Giang","Created":"2018-05-09T17:05:35Z","Updated":"2018-05-09T17:05:35Z","IsDelete":false,"RequestChanged":false,"ExitsInGDT":false,"SourceID":0,"TinhThanhID":0,"TinhThanhTitle":"An Giang","TinhThanhTitleAscii":"/an-giang","QuanHuyenID":0,"NganhNgheTitle":"Bán buôn nhiên liệu rắn, lỏng, khí và các sản phẩm liên quan","NganhNgheTitleAscii":"/nganh-nghe/ban-buon-nhien-lieu-ran-long-khi-va-cac-san-pham-lien-quan","DSTags":["1602071465","An Giang",null]},{"Type":11,"SolrID":"/1601997542-cong-ty-tnhh-mot-thanh-vien-van-tai-tan-phat-loi","ID":0,"MaSoThue":"1601997542","NgayCap":"2016-01-08T00:00:00Z","Title":"Công Ty TNHH Một Thành Viên Vận Tải Tấn Phát Lợi","DiaChiCongTy":"Số 104, Tổ 4, ấp Tân Vọng - Xã Vọng Thê - Huyện Thoại Sơn - An Giang","Created":"2016-01-15T14:15:47Z","Updated":"2016-01-15T14:15:47Z","IsDelete":false,"RequestChanged":false,"ExitsInGDT":false,"SourceID":0,"TinhThanhID":0,"TinhThanhTitle":"An Giang","TinhThanhTitleAscii":"/an-giang","QuanHuyenID":0,"NganhNgheTitle":"Vận tải hàng hóa bằng đường bộ","NganhNgheTitleAscii":"/nganh-nghe/van-tai-hang-hoa-bang-duong-bo","DSTags":["1601997542","An Giang",null]},{"Type":11,"SolrID":"/1601992907-truong-tieu-hoc-vong-the","ID":0,"MaSoThue":"1601992907","NgayCap":"2015-12-17T00:00:00Z","Title":"Trường Tiểu Học Vọng Thê","DiaChiCongTy":"Tân Vọng - Xã Vọng Thê - Huyện Thoại Sơn - An Giang","Created":"2015-12-19T03:54:56Z","Updated":"2015-12-19T03:54:56Z","IsDelete":false,"RequestChanged":false,"ExitsInGDT":false,"SourceID":0,"TinhThanhID":0,"TinhThanhTitle":"An Giang","TinhThanhTitleAscii":"/an-giang","QuanHuyenID":0,"NganhNgheTitle":"Giáo dục tiểu học","NganhNgheTitleAscii":"/nganh-nghe/giao-duc-tieu-hoc","DSTags":["1601992907","An Giang",null]},{"Type":11,"SolrID":"/1600218401-001-chi-nhanh-doanh-nghiep-tn-xang-dau-le-nam","ID":0,"MaSoThue":"1600218401-001","NgayCap":"2014-04-05T00:00:00Z","Title":"Chi Nhánh Doanh Nghiệp TN Xăng Dầu Lê Nam","DiaChiCongTy":"ấp Tân Vọng - Xã Vọng Thê - Huyện Thoại Sơn - An Giang","Created":"2015-11-17T19:46:58Z","Updated":"2015-11-17T19:46:58Z","IsDelete":false,"RequestChanged":false,"ExitsInGDT":false,"SourceID":0,"TinhThanhID":0,"TinhThanhTitle":"An Giang","TinhThanhTitleAscii":"/an-giang","QuanHuyenID":0,"NganhNgheTitle":"Bán buôn nhiên liệu rắn, lỏng, khí và các sản phẩm liên quan","NganhNgheTitleAscii":"/nganh-nghe/ban-buon-nhien-lieu-ran-long-khi-va-cac-san-pham-lien-quan","DSTags":["1600218401-001","An Giang",null]},{"Type":11,"SolrID":"/1601731045-cong-ty-tnhh-mot-thanh-vien-che-bien-nong-san-cpap","ID":0,"MaSoThue":"1601731045","NgayCap":"2012-04-28T00:00:00Z","Title":"Công Ty TNHH Một Thành Viên Chế Biến Nông Sản CPap","DiaChiCongTy":"ấp Tân Thành - Xã Vọng Thê - Huyện Thoại Sơn - An Giang","Created":"2015-11-10T01:41:40Z","Updated":"2015-11-10T01:41:40Z","IsDelete":false,"RequestChanged":false,"ExitsInGDT":false,"SourceID":0,"TinhThanhID":0,"TinhThanhTitle":"An Giang","TinhThanhTitleAscii":"/an-giang","QuanHuyenID":0,"NganhNgheTitle":"Khai khoáng khác chưa được phân vào đâu","NganhNgheTitleAscii":"/nganh-nghe/khai-khoang-khac-chua-duoc-phan-vao-dau-10612","DSTags":["1601731045","An Giang",null]},{"Type":11,"SolrID":"/1601708889-cong-ty-tnhh-mot-thanh-vien-phat-thinh-hung","ID":0,"MaSoThue":"1601708889","NgayCap":"2012-04-06T00:00:00Z","Title":"Công Ty TNHH Một Thành Viên Phát Thịnh Hùng","DiaChiCongTy":"ấp Tân Hiệp - Xã Vọng Thê - Huyện Thoại Sơn - An Giang","Created":"2015-11-10T01:43:40Z","Updated":"2015-11-10T01:43:40Z","IsDelete":false,"RequestChanged":false,"ExitsInGDT":false,"SourceID":0,"TinhThanhID":0,"TinhThanhTitle":"An Giang","TinhThanhTitleAscii":"/an-giang","QuanHuyenID":0,"NganhNgheTitle":"Bán buôn gạo","NganhNgheTitleAscii":"/nganh-nghe/ban-buon-gao","DSTags":["1601708889","An Giang",null]},{"Type":11,"SolrID":"/1600849710-truong-trung-hoc-co-so-vong-the","ID":0,"MaSoThue":"1600849710","NgayCap":"2006-09-13T00:00:00Z","Title":"Trường Trung học cơ sở Vọng Thê","DiaChiCongTy":"ấp Tân Vọng, xã Vọng Thê - Huyện Thoại Sơn - An Giang","Created":"2015-11-16T17:39:29Z","Updated":"2015-11-16T17:39:29Z","IsDelete":false,"RequestChanged":false,"ExitsInGDT":false,"SourceID":0,"TinhThanhID":0,"TinhThanhTitle":"An Giang","TinhThanhTitleAscii":"/an-giang","QuanHuyenID":0,"NganhNgheTitle":"Giáo dục trung học cơ sở và trung học phổ thông","NganhNgheTitleAscii":"/nganh-nghe/giao-duc-trung-hoc-co-so-va-trung-hoc-pho-thong","DSTags":["1600849710","An Giang",null]},{"Type":11,"SolrID":"/1600849693-truong-mau-giao-vong-the","ID":0,"MaSoThue":"1600849693","NgayCap":"2006-09-13T00:00:00Z","Title":"Trường Mẫu giáo Vọng Thê","DiaChiCongTy":"ấp Tân Thành, xã Vọng Thê - Huyện Thoại Sơn - An Giang","Created":"2015-11-16T17:39:30Z","Updated":"2015-11-16T17:39:30Z","IsDelete":false,"RequestChanged":false,"ExitsInGDT":false,"SourceID":0,"TinhThanhID":0,"TinhThanhTitle":"An Giang","TinhThanhTitleAscii":"/an-giang","QuanHuyenID":0,"NganhNgheTitle":"Giáo dục mầm non","NganhNgheTitleAscii":"/nganh-nghe/giao-duc-mam-non","DSTags":["1600849693","An Giang",null]},{"Type":11,"SolrID":"/1600692386-dntn-doan-thanh","ID":0,"MaSoThue":"1600692386","NgayCap":"2005-09-14T00:00:00Z","Title":"DNTN Đoan Thành","DiaChiCongTy":"ấp Tân Thành, xã Vọng Thê - Huyện Thoại Sơn - An Giang","Created":"2015-11-17T01:09:18Z","Updated":"2015-11-17T01:09:18Z","IsDelete":false,"RequestChanged":false,"ExitsInGDT":false,"SourceID":0,"TinhThanhID":0,"TinhThanhTitle":"An Giang","TinhThanhTitleAscii":"/an-giang","QuanHuyenID":0,"NganhNgheTitle":"Bán lẻ nhiên liệu động cơ trong các cửa hàng chuyên doanh","NganhNgheTitleAscii":"/nganh-nghe/ban-le-nhien-lieu-dong-co-trong-cac-cua-hang-chuyen-doanh","DSTags":["1600692386","An Giang",null]},{"Type":11,"SolrID":"/1600777569-ubnd-xa-vong-the","ID":0,"MaSoThue":"1600777569","NgayCap":"2005-04-21T00:00:00Z","Title":"UBND xã Vọng Thê","DiaChiCongTy":"ấp Tân Vọng, xã Vọng Thê - Huyện Thoại Sơn - An Giang","Created":"2015-11-16T16:46:47Z","Updated":"2015-11-16T16:46:47Z","IsDelete":false,"RequestChanged":false,"ExitsInGDT":false,"SourceID":0,"TinhThanhID":0,"TinhThanhTitle":"An Giang","TinhThanhTitleAscii":"/an-giang","QuanHuyenID":0,"NganhNgheTitle":"Hoạt động quản lý nhà nước nói chung và kinh tế tổng hợp","NganhNgheTitleAscii":"/nganh-nghe/hoat-dong-quan-ly-nha-nuoc-noi-chung-va-kinh-te-tong-hop","DSTags":["1600777569","An Giang",null]},{"Type":11,"SolrID":"/1600207248-doanh-nghiep-tn-hoang-nhi","ID":0,"MaSoThue":"1600207248","NgayCap":"2004-01-27T00:00:00Z","Title":"Doanh Nghiệp TN Hoàng Nhí","DiaChiCongTy":"Xà lan AG-9341-H, đặt tại tổ 8, ấp Tân Thành - Xã Vọng Thê - Huyện Thoại Sơn - An Giang","Created":"2015-11-17T19:46:54Z","Updated":"2015-11-17T19:46:54Z","IsDelete":false,"RequestChanged":false,"ExitsInGDT":false,"SourceID":0,"TinhThanhID":0,"TinhThanhTitle":"An Giang","TinhThanhTitleAscii":"/an-giang","QuanHuyenID":0,"NganhNgheTitle":"Bán buôn nhiên liệu rắn, lỏng, khí và các sản phẩm liên quan","NganhNgheTitleAscii":"/nganh-nghe/ban-buon-nhien-lieu-ran-long-khi-va-cac-san-pham-lien-quan","DSTags":["1600207248","An Giang",null]},{"Type":11,"SolrID":"/1600218401-doanh-nghiep-tn-xang-dau-le-nam","ID":0,"MaSoThue":"1600218401","NgayCap":"2004-01-16T00:00:00Z","Title":"Doanh Nghiệp TN Xăng Dầu Lê Nam","DiaChiCongTy":"Số 354, ấp Tân Thành - Xã Vọng Thê - Huyện Thoại Sơn - An Giang","Created":"2015-11-17T00:21:24Z","Updated":"2015-11-17T00:21:24Z","IsDelete":false,"RequestChanged":false,"ExitsInGDT":false,"SourceID":0,"TinhThanhID":0,"TinhThanhTitle":"An Giang","TinhThanhTitleAscii":"/an-giang","QuanHuyenID":0,"NganhNgheTitle":"Bán buôn nhiên liệu rắn, lỏng, khí và các sản phẩm liên quan","NganhNgheTitleAscii":"/nganh-nghe/ban-buon-nhien-lieu-ran-long-khi-va-cac-san-pham-lien-quan","DSTags":["1600218401","An Giang",null]}]}