{"ID":20209,"SolrID":"/bac-giang/so-104-2-duong-le-lai/chua-ro","Title":"Chưa rõ","TinhThanhTitle":"Bắc Giang","QuanHuyenTitle":"Số 104/2 Đường Lê Lai","QuanHuyenID":848,"TinhThanhID":54,"Url":"https://thongtindoanhnghiep.co/api/company?l=/bac-giang/so-104-2-duong-le-lai/chua-ro","Total":1,"List":[{"Type":11,"SolrID":"/2400429929-cong-ty-tnhh-thuy-san-va-du-lich-an-loi","ID":0,"MaSoThue":"2400429929","NgayCap":"2009-02-24T00:00:00Z","Title":"Công Ty TNHH Thuỷ Sản Và Du Lịch An Lợi","DiaChiCongTy":"Số 104/2 đường Lê Lai, Tỉnh Bắc Giang","Created":"2018-07-12T16:54:28Z","Updated":"2018-07-12T16:54:28Z","IsDelete":false,"RequestChanged":false,"ExitsInGDT":false,"SourceID":0,"TinhThanhID":0,"TinhThanhTitle":"Bắc Giang","TinhThanhTitleAscii":"/bac-giang","QuanHuyenID":0,"DSTags":["2400429929","Bắc Giang",null]}]}