{"ID":15276,"SolrID":"/an-giang/huyen-an-phu/phuong-binh-khanh","Title":"Phường Bình Khánh","TinhThanhTitle":"An Giang","QuanHuyenTitle":"Huyện An Phú","QuanHuyenID":274,"TinhThanhID":35,"Url":"https://thongtindoanhnghiep.co/api/company?l=/an-giang/huyen-an-phu/phuong-binh-khanh","Total":1,"List":[{"Type":11,"SolrID":"/1600957152-cty-tnhh-mot-thanh-vien-phuc-thuan","ID":0,"MaSoThue":"1600957152","NgayCap":"2008-04-19T00:00:00Z","Title":"Cty TNHH Một Thành Viên Phúc Thuận","DiaChiCongTy":"Số 1A Ngô Lợi, Phường Bình Khánh - Huyện An Phú - An Giang","Created":"2015-11-14T05:09:19Z","Updated":"2015-11-14T05:09:19Z","IsDelete":false,"RequestChanged":false,"ExitsInGDT":false,"SourceID":0,"TinhThanhID":0,"TinhThanhTitle":"An Giang","TinhThanhTitleAscii":"/an-giang","QuanHuyenID":0,"NganhNgheTitle":"Bán buôn chuyên doanh khác","NganhNgheTitleAscii":"/nganh-nghe/ban-buon-chuyen-doanh-khac","DSTags":["1600957152","An Giang",null]}]}