{"ID":7402,"SolrID":"/an-giang/huyen-an-phu/thi-tran-long-binh","Title":"Thị Trấn Long Bình","TinhThanhTitle":"An Giang","QuanHuyenTitle":"Huyện An Phú","QuanHuyenID":274,"TinhThanhID":35,"Url":"https://thongtindoanhnghiep.co/api/company?l=/an-giang/huyen-an-phu/thi-tran-long-binh","Total":96,"List":[{"Type":11,"SolrID":"/1602146488-cong-ty-tnhh-nong-lam-thuy-san-kim-giang","ID":0,"MaSoThue":"1602146488","NgayCap":"2021-04-27T00:00:00Z","Title":"Công Ty TNHH Nông Lâm Thủy Sản Kim Giang","DiaChiCongTy":"Ấp Tân Khánh, Thị Trấn Long Bình, Huyện An Phú, Tỉnh An Giang","Created":"2021-04-27T08:37:10Z","Updated":"2021-04-27T08:37:10Z","IsDelete":false,"RequestChanged":false,"ExitsInGDT":false,"SourceID":0,"TinhThanhID":0,"TinhThanhTitle":"An Giang","TinhThanhTitleAscii":"/an-giang","QuanHuyenID":0,"NganhNgheTitle":"Bán buôn thực phẩm","NganhNgheTitleAscii":"/nganh-nghe/ban-buon-thuc-pham","DSTags":["1602146488","An Giang",null]},{"Type":11,"SolrID":"/1602140020-cong-ty-tnhh-mot-thanh-vien-van-xuan-ag","ID":0,"MaSoThue":"1602140020","NgayCap":"2021-01-28T00:00:00Z","Title":"Công Ty TNHH Một Thành Viên Vạn Xuân Ag","DiaChiCongTy":"Tổ 09, Ấp Tân Bình, Thị Trấn Long Bình, Huyện An Phú, Tỉnh An Giang","Created":"2021-01-28T17:36:51Z","Updated":"2021-01-28T17:36:51Z","IsDelete":false,"RequestChanged":false,"ExitsInGDT":false,"SourceID":0,"TinhThanhID":0,"TinhThanhTitle":"An Giang","TinhThanhTitleAscii":"/an-giang","QuanHuyenID":0,"NganhNgheTitle":"Bán buôn thực phẩm","NganhNgheTitleAscii":"/nganh-nghe/ban-buon-thuc-pham","DSTags":["1602140020","An Giang",null]},{"Type":11,"SolrID":"/1602048177-cong-ty-tnhh-mot-thanh-vien-ngoc-yen-han","ID":0,"MaSoThue":"1602048177","NgayCap":"2017-08-24T00:00:00Z","Title":"Công Ty TNHH Một Thành Viên Ngọc Yến Hân","DiaChiCongTy":"Ấp Tân Thạnh, Thị Trấn Long Bình, Huyện An Phú, Tỉnh An Giang","Created":"2017-08-24T07:41:02Z","Updated":"2017-08-24T07:41:02Z","IsDelete":false,"RequestChanged":false,"ExitsInGDT":false,"SourceID":0,"TinhThanhID":0,"TinhThanhTitle":"An Giang","TinhThanhTitleAscii":"/an-giang","QuanHuyenID":0,"NganhNgheTitle":"Bán buôn chuyên doanh khác chưa được phân vào đâu","NganhNgheTitleAscii":"/nganh-nghe/ban-buon-chuyen-doanh-khac-chua-duoc-phan-vao-dau","DSTags":["1602048177","An Giang",null]},{"Type":11,"SolrID":"/1602024401-cong-ty-tnhh-mot-thanh-vien-hai-linh-an-phu","ID":0,"MaSoThue":"1602024401","NgayCap":"2016-11-21T00:00:00Z","Title":"Công Ty TNHH Một Thành Viên Hải Linh An Phú","DiaChiCongTy":"ấp Tân Khánh - Thị trấn Long Bình - Huyện An Phú - An Giang","Created":"2016-11-22T23:05:39Z","Updated":"2016-11-22T23:05:39Z","IsDelete":false,"RequestChanged":false,"ExitsInGDT":false,"SourceID":0,"TinhThanhID":0,"TinhThanhTitle":"An Giang","TinhThanhTitleAscii":"/an-giang","QuanHuyenID":0,"DSTags":["1602024401","An Giang",null]},{"Type":11,"SolrID":"/1601996443-cong-ty-tnhh-mot-thanh-vien-kim-loc-mai","ID":0,"MaSoThue":"1601996443","NgayCap":"2015-12-30T00:00:00Z","Title":"Công Ty TNHH Một Thành Viên  Kim Lộc Mai","DiaChiCongTy":"Số 126, Tổ 14, ấp Tân Thạnh - Thị trấn Long Bình - Huyện An Phú - An Giang","Created":"2016-01-04T18:50:01Z","Updated":"2016-01-04T18:50:01Z","IsDelete":false,"RequestChanged":false,"ExitsInGDT":false,"SourceID":0,"TinhThanhID":0,"TinhThanhTitle":"An Giang","TinhThanhTitleAscii":"/an-giang","QuanHuyenID":0,"NganhNgheTitle":"Bán buôn chuyên doanh khác chưa được phân vào đâu","NganhNgheTitleAscii":"/nganh-nghe/ban-buon-chuyen-doanh-khac-chua-duoc-phan-vao-dau","DSTags":["1601996443","An Giang",null]},{"Type":11,"SolrID":"/1601996450-cong-ty-tnhh-mot-thanh-vien-phan-bon-chinh-phuong","ID":0,"MaSoThue":"1601996450","NgayCap":"2015-12-30T00:00:00Z","Title":"Công Ty TNHH Một Thành Viên Phân Bón Chính Phượng","DiaChiCongTy":"Tổ 6, ấp Tân Thạnh - Thị trấn Long Bình - Huyện An Phú - An Giang","Created":"2016-01-04T19:20:04Z","Updated":"2016-01-04T19:20:04Z","IsDelete":false,"RequestChanged":false,"ExitsInGDT":false,"SourceID":0,"TinhThanhID":0,"TinhThanhTitle":"An Giang","TinhThanhTitleAscii":"/an-giang","QuanHuyenID":0,"NganhNgheTitle":"Bán buôn chuyên doanh khác chưa được phân vào đâu","NganhNgheTitleAscii":"/nganh-nghe/ban-buon-chuyen-doanh-khac-chua-duoc-phan-vao-dau","DSTags":["1601996450","An Giang",null]},{"Type":11,"SolrID":"/1601979769-doanh-nghiep-tn-nhung-kim-loi","ID":0,"MaSoThue":"1601979769","NgayCap":"2015-08-04T00:00:00Z","Title":"Doanh Nghiệp TN Nhung Kim Lợi","DiaChiCongTy":"ấp Tân Bình - Thị trấn Long Bình - Huyện An Phú - An Giang","Created":"2015-11-18T22:11:47Z","Updated":"2015-11-18T22:11:47Z","IsDelete":false,"RequestChanged":false,"ExitsInGDT":false,"SourceID":0,"TinhThanhID":0,"TinhThanhTitle":"An Giang","TinhThanhTitleAscii":"/an-giang","QuanHuyenID":0,"NganhNgheTitle":"Bán buôn kim loại và quặng kim loại","NganhNgheTitleAscii":"/nganh-nghe/ban-buon-kim-loai-va-quang-kim-loai","DSTags":["1601979769","An Giang",null]},{"Type":11,"SolrID":"/1801337832-002-chi-nhanh-4-cong-ty-tnhh-mot-thanh-vien-xang-dau-hong-hao","ID":0,"MaSoThue":"1801337832-002","NgayCap":"2014-11-07T00:00:00Z","Title":"Chi Nhánh 4 Công Ty TNHH Một Thành Viên Xăng Dầu Hồng Hào","DiaChiCongTy":"ấp Tân Thạnh - Thị trấn Long Bình - Huyện An Phú - An Giang","Created":"2015-11-18T10:11:51Z","Updated":"2015-11-18T10:11:51Z","IsDelete":false,"RequestChanged":false,"ExitsInGDT":false,"SourceID":0,"TinhThanhID":0,"TinhThanhTitle":"An Giang","TinhThanhTitleAscii":"/an-giang","QuanHuyenID":0,"NganhNgheTitle":"Bán buôn nhiên liệu rắn, lỏng, khí và các sản phẩm liên quan","NganhNgheTitleAscii":"/nganh-nghe/ban-buon-nhien-lieu-ran-long-khi-va-cac-san-pham-lien-quan","DSTags":["1801337832-002","An Giang",null]},{"Type":11,"SolrID":"/1601940874-doanh-nghiep-tn-tiem-vang-nguyen-loi","ID":0,"MaSoThue":"1601940874","NgayCap":"2014-09-29T00:00:00Z","Title":"Doanh Nghiệp TN Tiệm Vàng Nguyên Lợi","DiaChiCongTy":"Số 15, Tổ 3, ấp Tân Bình - Thị trấn Long Bình - Huyện An Phú - An Giang","Created":"2015-11-11T01:49:43Z","Updated":"2015-11-11T01:49:43Z","IsDelete":false,"RequestChanged":false,"ExitsInGDT":false,"SourceID":0,"TinhThanhID":0,"TinhThanhTitle":"An Giang","TinhThanhTitleAscii":"/an-giang","QuanHuyenID":0,"NganhNgheTitle":"Bán buôn kim loại và quặng kim loại","NganhNgheTitleAscii":"/nganh-nghe/ban-buon-kim-loai-va-quang-kim-loai","DSTags":["1601940874","An Giang",null]},{"Type":11,"SolrID":"/1601940190-cong-ty-tnhh-mot-thanh-vien-xuat-nhap-khau-thuy-san-long-binh","ID":0,"MaSoThue":"1601940190","NgayCap":"2014-09-23T00:00:00Z","Title":"Công Ty TNHH Một Thành Viên Xuất Nhập Khẩu Thủy Sản Long Bình","DiaChiCongTy":"Tổ 9, ấp Tân Khánh - Thị trấn Long Bình - Huyện An Phú - An Giang","Created":"2015-11-10T05:49:06Z","Updated":"2015-11-10T05:49:06Z","IsDelete":false,"RequestChanged":false,"ExitsInGDT":false,"SourceID":0,"TinhThanhID":0,"TinhThanhTitle":"An Giang","TinhThanhTitleAscii":"/an-giang","QuanHuyenID":0,"NganhNgheTitle":"Bán buôn thực phẩm","NganhNgheTitleAscii":"/nganh-nghe/ban-buon-thuc-pham","DSTags":["1601940190","An Giang",null]},{"Type":11,"SolrID":"/1601935899-cong-ty-tnhh-mot-thanh-vien-thuong-mai-xuat-nhap-khau-phan-bon-thanh-dat","ID":0,"MaSoThue":"1601935899","NgayCap":"2014-08-21T00:00:00Z","Title":"Công Ty TNHH Một Thành Viên Thương Mại Xuất Nhập Khẩu Phân Bón Thành Đạt","DiaChiCongTy":"ấp Tân Thạnh - Thị trấn Long Bình - Huyện An Phú - An Giang","Created":"2015-11-11T04:20:06Z","Updated":"2015-11-11T04:20:06Z","IsDelete":false,"RequestChanged":false,"ExitsInGDT":false,"SourceID":0,"TinhThanhID":0,"TinhThanhTitle":"An Giang","TinhThanhTitleAscii":"/an-giang","QuanHuyenID":0,"NganhNgheTitle":"Bán buôn chuyên doanh khác chưa được phân vào đâu","NganhNgheTitleAscii":"/nganh-nghe/ban-buon-chuyen-doanh-khac-chua-duoc-phan-vao-dau","DSTags":["1601935899","An Giang",null]},{"Type":11,"SolrID":"/1601931044-duong-van-the","ID":0,"MaSoThue":"1601931044","NgayCap":"2014-06-30T00:00:00Z","Title":"Dương Văn Thế","DiaChiCongTy":"ấp Tân Thạnh, Thị Trấn Long Bình - Huyện An Phú - An Giang","Created":"2015-11-14T19:00:45Z","Updated":"2015-11-14T19:00:45Z","IsDelete":false,"RequestChanged":false,"ExitsInGDT":false,"SourceID":0,"TinhThanhID":0,"TinhThanhTitle":"An Giang","TinhThanhTitleAscii":"/an-giang","QuanHuyenID":0,"NganhNgheTitle":"Bán lẻ xi măng, gạch xây, ngói, đá, cát sỏi và vật liệu xây dựng khác trong các cửa hàng chuyên doanh","NganhNgheTitleAscii":"/nganh-nghe/ban-le-xi-mang-gach-xay-ngoi-da-cat-soi-va-vat-lieu-xay-dung-khac-trong-cac-cua-hang-chuyen-doanh","DSTags":["1601931044","An Giang",null]},{"Type":11,"SolrID":"/1601929140-ho-thi-kim-thuy","ID":0,"MaSoThue":"1601929140","NgayCap":"2014-06-20T00:00:00Z","Title":"Hồ Thị Kim Thúy","DiaChiCongTy":"ấp Tân Khánh, Thị Trấn Long Bình - Huyện An Phú - An Giang","Created":"2015-11-14T18:57:35Z","Updated":"2015-11-14T18:57:35Z","IsDelete":false,"RequestChanged":false,"ExitsInGDT":false,"SourceID":0,"TinhThanhID":0,"TinhThanhTitle":"An Giang","TinhThanhTitleAscii":"/an-giang","QuanHuyenID":0,"NganhNgheTitle":"Vận tải hàng hóa bằng ô tô chuyên dụng","NganhNgheTitleAscii":"/nganh-nghe/van-tai-hang-hoa-bang-o-to-chuyen-dung","DSTags":["1601929140","An Giang",null]},{"Type":11,"SolrID":"/1601928732-doanh-nghiep-tn-van-van-anh","ID":0,"MaSoThue":"1601928732","NgayCap":"2014-06-18T00:00:00Z","Title":"Doanh Nghiệp TN Vạn Vạn ánh","DiaChiCongTy":"ấp Tân Khánh - Thị trấn Long Bình - Huyện An Phú - An Giang","Created":"2015-11-09T13:53:58Z","Updated":"2015-11-09T13:53:58Z","IsDelete":false,"RequestChanged":false,"ExitsInGDT":false,"SourceID":0,"TinhThanhID":0,"TinhThanhTitle":"An Giang","TinhThanhTitleAscii":"/an-giang","QuanHuyenID":0,"NganhNgheTitle":"Chuẩn bị mặt bằng","NganhNgheTitleAscii":"/nganh-nghe/chuan-bi-mat-bang","DSTags":["1601928732","An Giang",null]},{"Type":11,"SolrID":"/1601917466-cong-ty-tnhh-mot-thanh-vien-xuat-nhap-khau-trang-ngoc-yen","ID":0,"MaSoThue":"1601917466","NgayCap":"2014-04-05T00:00:00Z","Title":"Công Ty TNHH Một Thành Viên Xuất Nhập Khẩu Trang Ngọc Yến","DiaChiCongTy":"ấp Tân Thạnh - Thị trấn Long Bình - Huyện An Phú - An Giang","Created":"2015-11-09T16:10:31Z","Updated":"2015-11-09T16:10:31Z","IsDelete":false,"RequestChanged":false,"ExitsInGDT":false,"SourceID":0,"TinhThanhID":0,"TinhThanhTitle":"An Giang","TinhThanhTitleAscii":"/an-giang","QuanHuyenID":0,"NganhNgheTitle":"Bán buôn chuyên doanh khác chưa được phân vào đâu","NganhNgheTitleAscii":"/nganh-nghe/ban-buon-chuyen-doanh-khac-chua-duoc-phan-vao-dau","DSTags":["1601917466","An Giang",null]},{"Type":11,"SolrID":"/1601916783-doanh-nghiep-tn-my-kim-loi","ID":0,"MaSoThue":"1601916783","NgayCap":"2014-03-27T00:00:00Z","Title":"Doanh Nghiệp TN Mỹ Kim Lợi","DiaChiCongTy":"ấp Tân Bình - Thị trấn Long Bình - Huyện An Phú - An Giang","Created":"2015-11-09T18:14:43Z","Updated":"2015-11-09T18:14:43Z","IsDelete":false,"RequestChanged":false,"ExitsInGDT":false,"SourceID":0,"TinhThanhID":0,"TinhThanhTitle":"An Giang","TinhThanhTitleAscii":"/an-giang","QuanHuyenID":0,"NganhNgheTitle":"Bán buôn kim loại và quặng kim loại","NganhNgheTitleAscii":"/nganh-nghe/ban-buon-kim-loai-va-quang-kim-loai","DSTags":["1601916783","An Giang",null]},{"Type":11,"SolrID":"/1601916430-doanh-nghiep-tn-huynh-van-con","ID":0,"MaSoThue":"1601916430","NgayCap":"2014-03-25T00:00:00Z","Title":"Doanh Nghiệp TN Huỳnh Văn Cón","DiaChiCongTy":"Tổ 5, ấp Tân Khánh - Thị trấn Long Bình - Huyện An Phú - An Giang","Created":"2015-11-09T18:35:02Z","Updated":"2015-11-09T18:35:02Z","IsDelete":false,"RequestChanged":false,"ExitsInGDT":false,"SourceID":0,"TinhThanhID":0,"TinhThanhTitle":"An Giang","TinhThanhTitleAscii":"/an-giang","QuanHuyenID":0,"NganhNgheTitle":"Bán buôn nông, lâm sản nguyên liệu (trừ gỗ, tre, nứa) và động vật sống","NganhNgheTitleAscii":"/nganh-nghe/ban-buon-nong-lam-san-nguyen-lieu-tru-go-tre-nua-va-dong-vat-song","DSTags":["1601916430","An Giang",null]},{"Type":11,"SolrID":"/1601911619-cong-ty-tnhh-mot-thanh-vien-san-xuat-thuong-mai-khanh-an","ID":0,"MaSoThue":"1601911619","NgayCap":"2014-02-21T00:00:00Z","Title":"Công Ty TNHH Một Thành Viên Sản Xuất Thương Mại Khánh An","DiaChiCongTy":"Số 316, Tổ 8, ấp Tân Bình - Thị trấn Long Bình - Huyện An Phú - An Giang","Created":"2015-11-09T21:12:46Z","Updated":"2015-11-09T21:12:46Z","IsDelete":false,"RequestChanged":false,"ExitsInGDT":false,"SourceID":0,"TinhThanhID":0,"TinhThanhTitle":"An Giang","TinhThanhTitleAscii":"/an-giang","QuanHuyenID":0,"NganhNgheTitle":"Bán buôn thực phẩm","NganhNgheTitleAscii":"/nganh-nghe/ban-buon-thuc-pham","DSTags":["1601911619","An Giang",null]},{"Type":11,"SolrID":"/1601906513-cong-ty-tnhh-mot-thanh-vien-xuat-nhap-khau-nguyen-thi-sang","ID":0,"MaSoThue":"1601906513","NgayCap":"2014-01-14T00:00:00Z","Title":"Công Ty TNHH Một Thành Viên Xuất Nhập Khẩu Nguyễn Thị Sang","DiaChiCongTy":"ấp Tân Khánh - Thị trấn Long Bình - Huyện An Phú - An Giang","Created":"2015-11-09T20:22:52Z","Updated":"2015-11-09T20:22:52Z","IsDelete":false,"RequestChanged":false,"ExitsInGDT":false,"SourceID":0,"TinhThanhID":0,"TinhThanhTitle":"An Giang","TinhThanhTitleAscii":"/an-giang","QuanHuyenID":0,"NganhNgheTitle":"Bán buôn vải, hàng may sẵn, giày dép","NganhNgheTitleAscii":"/nganh-nghe/ban-buon-vai-hang-may-san-giay-dep","DSTags":["1601906513","An Giang",null]},{"Type":11,"SolrID":"/1601890126-cong-ty-tnhh-mot-thanh-vien-thanh-phat-an-phu","ID":0,"MaSoThue":"1601890126","NgayCap":"2013-10-01T00:00:00Z","Title":"Công Ty TNHH Một Thành Viên Thạnh Phát An Phú","DiaChiCongTy":"ấp Tân Khánh - Thị trấn Long Bình - Huyện An Phú - An Giang","Created":"2015-11-09T23:43:58Z","Updated":"2015-11-09T23:43:58Z","IsDelete":false,"RequestChanged":false,"ExitsInGDT":false,"SourceID":0,"TinhThanhID":0,"TinhThanhTitle":"An Giang","TinhThanhTitleAscii":"/an-giang","QuanHuyenID":0,"NganhNgheTitle":"Bán buôn thực phẩm","NganhNgheTitleAscii":"/nganh-nghe/ban-buon-thuc-pham","DSTags":["1601890126","An Giang",null]},{"Type":11,"SolrID":"/1601885447-truong-tieu-hoc-b-long-binh","ID":0,"MaSoThue":"1601885447","NgayCap":"2013-08-05T00:00:00Z","Title":"Trường tiểu học B Long bình","DiaChiCongTy":"Tân Bình - Thị trấn Long Bình - Huyện An Phú - An Giang","Created":"2015-11-17T08:04:48Z","Updated":"2015-11-17T08:04:48Z","IsDelete":false,"RequestChanged":false,"ExitsInGDT":false,"SourceID":0,"TinhThanhID":0,"TinhThanhTitle":"An Giang","TinhThanhTitleAscii":"/an-giang","QuanHuyenID":0,"NganhNgheTitle":"Giáo dục tiểu học","NganhNgheTitleAscii":"/nganh-nghe/giao-duc-tieu-hoc","DSTags":["1601885447","An Giang",null]},{"Type":11,"SolrID":"/1601884926-cong-ty-tnhh-du-lich-viet-nam-khac-biet","ID":0,"MaSoThue":"1601884926","NgayCap":"2013-07-29T00:00:00Z","Title":"Công Ty TNHH Du Lịch Việt Nam Khác Biệt","DiaChiCongTy":"Số 58, ấp Tân Khánh - Thị trấn Long Bình - Huyện An Phú - An Giang","Created":"2015-11-11T19:58:44Z","Updated":"2015-11-11T19:58:44Z","IsDelete":false,"RequestChanged":false,"ExitsInGDT":false,"SourceID":0,"TinhThanhID":0,"TinhThanhTitle":"An Giang","TinhThanhTitleAscii":"/an-giang","QuanHuyenID":0,"NganhNgheTitle":"Điều hành tua du lịch","NganhNgheTitleAscii":"/nganh-nghe/dieu-hanh-tua-du-lich","DSTags":["1601884926","An Giang",null]},{"Type":11,"SolrID":"/1601878778-doanh-nghiep-tn-van-tai-thanh-hien","ID":0,"MaSoThue":"1601878778","NgayCap":"2013-06-06T00:00:00Z","Title":"Doanh Nghiệp TN Vận Tải Thanh Hiền","DiaChiCongTy":"ấp Tân Thạnh - Thị trấn Long Bình - Huyện An Phú - An Giang","Created":"2015-11-17T00:15:05Z","Updated":"2015-11-17T00:15:05Z","IsDelete":false,"RequestChanged":false,"ExitsInGDT":false,"SourceID":0,"TinhThanhID":0,"TinhThanhTitle":"An Giang","TinhThanhTitleAscii":"/an-giang","QuanHuyenID":0,"NganhNgheTitle":"Vận tải hàng hóa bằng đường bộ","NganhNgheTitleAscii":"/nganh-nghe/van-tai-hang-hoa-bang-duong-bo","DSTags":["1601878778","An Giang",null]},{"Type":11,"SolrID":"/1601877460-cong-ty-tnhh-mot-thanh-vien-y-binh-an","ID":0,"MaSoThue":"1601877460","NgayCap":"2013-05-30T00:00:00Z","Title":"Công Ty TNHH Một Thành Viên ý Bình An","DiaChiCongTy":"ấp Tân Khánh - Thị trấn Long Bình - Huyện An Phú - An Giang","Created":"2015-11-11T21:38:59Z","Updated":"2015-11-11T21:38:59Z","IsDelete":false,"RequestChanged":false,"ExitsInGDT":false,"SourceID":0,"TinhThanhID":0,"TinhThanhTitle":"An Giang","TinhThanhTitleAscii":"/an-giang","QuanHuyenID":0,"NganhNgheTitle":"Bán buôn thực phẩm","NganhNgheTitleAscii":"/nganh-nghe/ban-buon-thuc-pham","DSTags":["1601877460","An Giang",null]},{"Type":11,"SolrID":"/1601876234-cong-ty-tnhh-mot-thanh-vien-thuong-mai-ha-viet","ID":0,"MaSoThue":"1601876234","NgayCap":"2013-05-28T00:00:00Z","Title":"Công Ty TNHH Một Thành Viên Thương Mại Hà Việt","DiaChiCongTy":"ấp Tân Thạnh - Thị trấn Long Bình - Huyện An Phú - An Giang","Created":"2015-11-11T21:44:04Z","Updated":"2015-11-11T21:44:04Z","IsDelete":false,"RequestChanged":false,"ExitsInGDT":false,"SourceID":0,"TinhThanhID":0,"TinhThanhTitle":"An Giang","TinhThanhTitleAscii":"/an-giang","QuanHuyenID":0,"NganhNgheTitle":"Bán buôn thiết bị và linh kiện điện tử, viễn thông","NganhNgheTitleAscii":"/nganh-nghe/ban-buon-thiet-bi-va-linh-kien-dien-tu-vien-thong","DSTags":["1601876234","An Giang",null]},{"Type":11,"SolrID":"/1601867776-cong-ty-tnhh-mot-thanh-vien-thuong-mai-dich-vu-xuat-nhap-khau-van-nguyen-phat","ID":0,"MaSoThue":"1601867776","NgayCap":"2013-03-25T00:00:00Z","Title":"Công Ty TNHH Một Thành Viên Thương Mại - Dịch Vụ - Xuất Nhập Khẩu Vạn Nguyên Phát","DiaChiCongTy":"ấp Tân Thạnh - Thị trấn Long Bình - Huyện An Phú - An Giang","Created":"2015-11-11T23:53:59Z","Updated":"2015-11-11T23:53:59Z","IsDelete":false,"RequestChanged":false,"ExitsInGDT":false,"SourceID":0,"TinhThanhID":0,"TinhThanhTitle":"An Giang","TinhThanhTitleAscii":"/an-giang","QuanHuyenID":0,"NganhNgheTitle":"Bán buôn vật liệu, thiết bị lắp đặt khác trong xây dựng","NganhNgheTitleAscii":"/nganh-nghe/ban-buon-vat-lieu-thiet-bi-lap-dat-khac-trong-xay-dung","DSTags":["1601867776","An Giang",null]},{"Type":11,"SolrID":"/1601865514-doanh-nghiep-tn-minh-minh-kha","ID":0,"MaSoThue":"1601865514","NgayCap":"2013-03-08T00:00:00Z","Title":"Doanh Nghiệp TN Minh Minh Kha","DiaChiCongTy":"ấp Tân Khánh - Thị trấn Long Bình - Huyện An Phú - An Giang","Created":"2015-11-17T00:15:00Z","Updated":"2015-11-17T00:15:00Z","IsDelete":false,"RequestChanged":false,"ExitsInGDT":false,"SourceID":0,"TinhThanhID":0,"TinhThanhTitle":"An Giang","TinhThanhTitleAscii":"/an-giang","QuanHuyenID":0,"NganhNgheTitle":"Bán buôn thực phẩm","NganhNgheTitleAscii":"/nganh-nghe/ban-buon-thuc-pham","DSTags":["1601865514","An Giang",null]},{"Type":11,"SolrID":"/1601864133-cong-ty-tnhh-tm-dv-xnk-mai-quoc-tinh","ID":0,"MaSoThue":"1601864133","NgayCap":"2013-02-28T00:00:00Z","Title":"Công Ty TNHH Tm-Dv-Xnk Mai Quốc Tính","DiaChiCongTy":"ấp Tân Bình - Thị trấn Long Bình - Huyện An Phú - An Giang","Created":"2015-11-12T00:21:28Z","Updated":"2015-11-12T00:21:28Z","IsDelete":false,"RequestChanged":false,"ExitsInGDT":false,"SourceID":0,"TinhThanhID":0,"TinhThanhTitle":"An Giang","TinhThanhTitleAscii":"/an-giang","QuanHuyenID":0,"NganhNgheTitle":"Bán buôn đồ uống","NganhNgheTitleAscii":"/nganh-nghe/ban-buon-do-uong","DSTags":["1601864133","An Giang",null]},{"Type":11,"SolrID":"/1601861929-cong-ty-tnhh-mot-thanh-vien-gia-gia-man","ID":0,"MaSoThue":"1601861929","NgayCap":"2013-02-05T00:00:00Z","Title":"Công Ty TNHH Một Thành Viên Gia Gia Mẫn","DiaChiCongTy":"Số 17, Lô 10 Khu Dân cư ấp Tân Khánh - Thị trấn Long Bình - Huyện An Phú - An Giang","Created":"2015-11-12T00:26:14Z","Updated":"2015-11-12T00:26:14Z","IsDelete":false,"RequestChanged":false,"ExitsInGDT":false,"SourceID":0,"TinhThanhID":0,"TinhThanhTitle":"An Giang","TinhThanhTitleAscii":"/an-giang","QuanHuyenID":0,"NganhNgheTitle":"Bán buôn chuyên doanh khác chưa được phân vào đâu","NganhNgheTitleAscii":"/nganh-nghe/ban-buon-chuyen-doanh-khac-chua-duoc-phan-vao-dau","DSTags":["1601861929","An Giang",null]},{"Type":11,"SolrID":"/1601856936-cong-ty-tnhh-mot-thanh-vien-xuat-nhap-khau-toan-duc-tai","ID":0,"MaSoThue":"1601856936","NgayCap":"2013-01-11T00:00:00Z","Title":"Công Ty TNHH Một Thành Viên Xuất Nhập Khẩu Toàn Đức Tài","DiaChiCongTy":"ấp Tân Bình - Thị trấn Long Bình - Huyện An Phú - An Giang","Created":"2015-11-12T00:59:48Z","Updated":"2015-11-12T00:59:48Z","IsDelete":false,"RequestChanged":false,"ExitsInGDT":false,"SourceID":0,"TinhThanhID":0,"TinhThanhTitle":"An Giang","TinhThanhTitleAscii":"/an-giang","QuanHuyenID":0,"NganhNgheTitle":"Bán buôn thực phẩm","NganhNgheTitleAscii":"/nganh-nghe/ban-buon-thuc-pham","DSTags":["1601856936","An Giang",null]},{"Type":11,"SolrID":"/1601855636-cong-ty-tnhh-mot-thanh-vien-ha-khanh-ngoc","ID":0,"MaSoThue":"1601855636","NgayCap":"2013-01-07T00:00:00Z","Title":"Công Ty TNHH Một Thành Viên Hà Khánh Ngọc","DiaChiCongTy":"ấp Tân Khánh - Thị trấn Long Bình - Huyện An Phú - An Giang","Created":"2015-11-12T00:59:45Z","Updated":"2015-11-12T00:59:45Z","IsDelete":false,"RequestChanged":false,"ExitsInGDT":false,"SourceID":0,"TinhThanhID":0,"TinhThanhTitle":"An Giang","TinhThanhTitleAscii":"/an-giang","QuanHuyenID":0,"NganhNgheTitle":"Bán buôn vải, hàng may sẵn, giày dép","NganhNgheTitleAscii":"/nganh-nghe/ban-buon-vai-hang-may-san-giay-dep","DSTags":["1601855636","An Giang",null]},{"Type":11,"SolrID":"/1601850797-cong-ty-tnhh-mot-thanh-vien-xuat-nhap-khau-le-minh-dao","ID":0,"MaSoThue":"1601850797","NgayCap":"2012-12-21T00:00:00Z","Title":"Công Ty TNHH Một Thành Viên Xuất Nhập Khẩu Lê Minh Đào","DiaChiCongTy":"Số 346, ấp Tân Khánh - Thị trấn Long Bình - Huyện An Phú - An Giang","Created":"2015-11-12T01:00:19Z","Updated":"2015-11-12T01:00:19Z","IsDelete":false,"RequestChanged":false,"ExitsInGDT":false,"SourceID":0,"TinhThanhID":0,"TinhThanhTitle":"An Giang","TinhThanhTitleAscii":"/an-giang","QuanHuyenID":0,"NganhNgheTitle":"Bán buôn thực phẩm","NganhNgheTitleAscii":"/nganh-nghe/ban-buon-thuc-pham","DSTags":["1601850797","An Giang",null]},{"Type":11,"SolrID":"/1601847850-cong-ty-tnhh-mot-thanh-vien-thuong-mai-dich-vu-thanh-loi-phat","ID":0,"MaSoThue":"1601847850","NgayCap":"2012-12-12T00:00:00Z","Title":"Công Ty TNHH Một Thành Viên Thương Mại Dịch Vụ Thành Lợi Phát","DiaChiCongTy":"ấp Tân Thạnh - Thị trấn Long Bình - Huyện An Phú - An Giang","Created":"2015-11-12T01:00:05Z","Updated":"2015-11-12T01:00:05Z","IsDelete":false,"RequestChanged":false,"ExitsInGDT":false,"SourceID":0,"TinhThanhID":0,"TinhThanhTitle":"An Giang","TinhThanhTitleAscii":"/an-giang","QuanHuyenID":0,"NganhNgheTitle":"Bán buôn thiết bị và linh kiện điện tử, viễn thông","NganhNgheTitleAscii":"/nganh-nghe/ban-buon-thiet-bi-va-linh-kien-dien-tu-vien-thong","DSTags":["1601847850","An Giang",null]},{"Type":11,"SolrID":"/1601847593-cong-ty-tnhh-mot-thanh-vien-xuat-nhap-khau-ngan-duyen","ID":0,"MaSoThue":"1601847593","NgayCap":"2012-12-10T00:00:00Z","Title":"Công Ty TNHH Một Thành Viên Xuất Nhập Khẩu Ngân Duyên","DiaChiCongTy":"ấp Tân Khánh - Thị trấn Long Bình - Huyện An Phú - An Giang","Created":"2015-11-12T01:00:09Z","Updated":"2015-11-12T01:00:09Z","IsDelete":false,"RequestChanged":false,"ExitsInGDT":false,"SourceID":0,"TinhThanhID":0,"TinhThanhTitle":"An Giang","TinhThanhTitleAscii":"/an-giang","QuanHuyenID":0,"NganhNgheTitle":"Bán buôn thực phẩm","NganhNgheTitleAscii":"/nganh-nghe/ban-buon-thuc-pham","DSTags":["1601847593","An Giang",null]},{"Type":11,"SolrID":"/1601846920-cong-ty-tnhh-mot-thanh-vien-xuat-nhap-khau-phuong-phuong-thuy","ID":0,"MaSoThue":"1601846920","NgayCap":"2012-12-07T00:00:00Z","Title":"Công Ty TNHH Một Thành Viên Xuất Nhập Khẩu Phương Phương Thuý","DiaChiCongTy":"ấp Tân Khánh - Thị trấn Long Bình - Huyện An Phú - An Giang","Created":"2015-11-12T01:00:27Z","Updated":"2015-11-12T01:00:27Z","IsDelete":false,"RequestChanged":false,"ExitsInGDT":false,"SourceID":0,"TinhThanhID":0,"TinhThanhTitle":"An Giang","TinhThanhTitleAscii":"/an-giang","QuanHuyenID":0,"NganhNgheTitle":"Bán buôn thực phẩm","NganhNgheTitleAscii":"/nganh-nghe/ban-buon-thuc-pham","DSTags":["1601846920","An Giang",null]},{"Type":11,"SolrID":"/1601841697-cong-ty-tnhh-mot-thanh-vien-thuong-mai-dich-vu-xuat-nhap-khau-mai-phuc-nguyen","ID":0,"MaSoThue":"1601841697","NgayCap":"2012-11-14T00:00:00Z","Title":"Công Ty TNHH Một Thành Viên Thương Mại Dịch Vụ Xuất Nhập Khẩu Mai Phúc Nguyên","DiaChiCongTy":"Tổ 19, ấp Tân Khánh - Thị trấn Long Bình - Huyện An Phú - An Giang","Created":"2015-11-09T22:57:14Z","Updated":"2015-11-09T22:57:14Z","IsDelete":false,"RequestChanged":false,"ExitsInGDT":false,"SourceID":0,"TinhThanhID":0,"TinhThanhTitle":"An Giang","TinhThanhTitleAscii":"/an-giang","QuanHuyenID":0,"NganhNgheTitle":"Bán buôn thực phẩm","NganhNgheTitleAscii":"/nganh-nghe/ban-buon-thuc-pham","DSTags":["1601841697","An Giang",null]},{"Type":11,"SolrID":"/1601841707-cong-ty-tnhh-mot-thanh-vien-khang-vy","ID":0,"MaSoThue":"1601841707","NgayCap":"2012-11-14T00:00:00Z","Title":"Công Ty TNHH Một Thành Viên Khang Vy","DiaChiCongTy":"Tổ 11, ấp Tân Khánh - Thị trấn Long Bình - Huyện An Phú - An Giang","Created":"2015-11-12T02:05:37Z","Updated":"2015-11-12T02:05:37Z","IsDelete":false,"RequestChanged":false,"ExitsInGDT":false,"SourceID":0,"TinhThanhID":0,"TinhThanhTitle":"An Giang","TinhThanhTitleAscii":"/an-giang","QuanHuyenID":0,"NganhNgheTitle":"Bán buôn thực phẩm","NganhNgheTitleAscii":"/nganh-nghe/ban-buon-thuc-pham","DSTags":["1601841707","An Giang",null]},{"Type":11,"SolrID":"/1601840735-cong-ty-tnhh-mot-thanh-vien-xuat-nhap-khau-sang-hen","ID":0,"MaSoThue":"1601840735","NgayCap":"2012-11-02T00:00:00Z","Title":"Công Ty TNHH Một Thành Viên Xuất Nhập Khẩu Sang Hên","DiaChiCongTy":"ấp Tân Khánh - Thị trấn Long Bình - Huyện An Phú - An Giang","Created":"2015-11-12T03:23:33Z","Updated":"2015-11-12T03:23:33Z","IsDelete":false,"RequestChanged":false,"ExitsInGDT":false,"SourceID":0,"TinhThanhID":0,"TinhThanhTitle":"An Giang","TinhThanhTitleAscii":"/an-giang","QuanHuyenID":0,"NganhNgheTitle":"Bán buôn vải, hàng may sẵn, giày dép","NganhNgheTitleAscii":"/nganh-nghe/ban-buon-vai-hang-may-san-giay-dep","DSTags":["1601840735","An Giang",null]},{"Type":11,"SolrID":"/1601837965-cong-ty-tnhh-mot-thanh-vien-sx-tm-dv-xnk-duy-chau","ID":0,"MaSoThue":"1601837965","NgayCap":"2012-10-16T00:00:00Z","Title":"Công Ty TNHH Một Thành Viên Sx-Tm-Dv-Xnk Duy Châu","DiaChiCongTy":"Tổ 23, ấp Tân Thạnh - Thị trấn Long Bình - Huyện An Phú - An Giang","Created":"2015-11-12T03:25:25Z","Updated":"2015-11-12T03:25:25Z","IsDelete":false,"RequestChanged":false,"ExitsInGDT":false,"SourceID":0,"TinhThanhID":0,"TinhThanhTitle":"An Giang","TinhThanhTitleAscii":"/an-giang","QuanHuyenID":0,"NganhNgheTitle":"Bán buôn vật liệu, thiết bị lắp đặt khác trong xây dựng","NganhNgheTitleAscii":"/nganh-nghe/ban-buon-vat-lieu-thiet-bi-lap-dat-khac-trong-xay-dung","DSTags":["1601837965","An Giang",null]},{"Type":11,"SolrID":"/1601834643-cong-ty-tnhh-thuong-mai-dich-vu-xuat-nhap-khau-viet-nhat-khoa","ID":0,"MaSoThue":"1601834643","NgayCap":"2012-09-25T00:00:00Z","Title":"Công Ty TNHH Thương Mại - Dịch Vụ - Xuất Nhập Khẩu Việt Nhật Khoa","DiaChiCongTy":"ấp Tân Khánh - Thị trấn Long Bình - Huyện An Phú - An Giang","Created":"2015-11-12T05:26:02Z","Updated":"2015-11-12T05:26:02Z","IsDelete":false,"RequestChanged":false,"ExitsInGDT":false,"SourceID":0,"TinhThanhID":0,"TinhThanhTitle":"An Giang","TinhThanhTitleAscii":"/an-giang","QuanHuyenID":0,"NganhNgheTitle":"Bán buôn đồ uống","NganhNgheTitleAscii":"/nganh-nghe/ban-buon-do-uong","DSTags":["1601834643","An Giang",null]},{"Type":11,"SolrID":"/1601834065-cong-ty-tnhh-mot-thanh-vien-thuong-mai-xuat-nhap-khau-chinh-phuong","ID":0,"MaSoThue":"1601834065","NgayCap":"2012-09-11T00:00:00Z","Title":"Công Ty TNHH Một Thành Viên Thương Mại Xuất Nhập Khẩu Chính Phượng","DiaChiCongTy":"ấp Tân Thạnh - Thị trấn Long Bình - Huyện An Phú - An Giang","Created":"2015-11-12T05:26:27Z","Updated":"2015-11-12T05:26:27Z","IsDelete":false,"RequestChanged":false,"ExitsInGDT":false,"SourceID":0,"TinhThanhID":0,"TinhThanhTitle":"An Giang","TinhThanhTitleAscii":"/an-giang","QuanHuyenID":0,"NganhNgheTitle":"Bán buôn gạo","NganhNgheTitleAscii":"/nganh-nghe/ban-buon-gao","DSTags":["1601834065","An Giang",null]},{"Type":11,"SolrID":"/1601834033-cong-ty-tnhh-mot-thanh-vien-phuong-phuong-tung","ID":0,"MaSoThue":"1601834033","NgayCap":"2012-09-11T00:00:00Z","Title":"Công Ty TNHH Một Thành Viên Phương Phương Tùng","DiaChiCongTy":"ấp Tân Khánh - Thị trấn Long Bình - Huyện An Phú - An Giang","Created":"2015-11-18T05:44:22Z","Updated":"2015-11-18T05:44:22Z","IsDelete":false,"RequestChanged":false,"ExitsInGDT":false,"SourceID":0,"TinhThanhID":0,"TinhThanhTitle":"An Giang","TinhThanhTitleAscii":"/an-giang","QuanHuyenID":0,"NganhNgheTitle":"Bán buôn thực phẩm","NganhNgheTitleAscii":"/nganh-nghe/ban-buon-thuc-pham","DSTags":["1601834033","An Giang",null]},{"Type":11,"SolrID":"/1601818786-cong-ty-tnhh-thuong-mai-dich-vu-xuat-nhap-khau-viet-kim-nguyen","ID":0,"MaSoThue":"1601818786","NgayCap":"2012-08-29T00:00:00Z","Title":"Công Ty TNHH Thương Mại - Dịch Vụ - Xuất Nhập Khẩu Việt Kim Nguyên","DiaChiCongTy":"ấp Tân Khánh - Thị trấn Long Bình - Huyện An Phú - An Giang","Created":"2015-11-12T06:16:51Z","Updated":"2015-11-12T06:16:51Z","IsDelete":false,"RequestChanged":false,"ExitsInGDT":false,"SourceID":0,"TinhThanhID":0,"TinhThanhTitle":"An Giang","TinhThanhTitleAscii":"/an-giang","QuanHuyenID":0,"NganhNgheTitle":"Bán buôn đồ uống","NganhNgheTitleAscii":"/nganh-nghe/ban-buon-do-uong","DSTags":["1601818786","An Giang",null]},{"Type":11,"SolrID":"/1601815383-cong-ty-tnhh-mot-thanh-vien-xuat-nhap-khau-loi-loc-phat","ID":0,"MaSoThue":"1601815383","NgayCap":"2012-08-22T00:00:00Z","Title":"Công Ty TNHH Một Thành Viên Xuất Nhập Khẩu Lợi Lộc Phát","DiaChiCongTy":"ấp Tân Bình - Thị trấn Long Bình - Huyện An Phú - An Giang","Created":"2015-11-12T06:21:34Z","Updated":"2015-11-12T06:21:34Z","IsDelete":false,"RequestChanged":false,"ExitsInGDT":false,"SourceID":0,"TinhThanhID":0,"TinhThanhTitle":"An Giang","TinhThanhTitleAscii":"/an-giang","QuanHuyenID":0,"NganhNgheTitle":"Bán buôn thực phẩm","NganhNgheTitleAscii":"/nganh-nghe/ban-buon-thuc-pham","DSTags":["1601815383","An Giang",null]},{"Type":11,"SolrID":"/1601809358-cong-ty-tnhh-mot-thanh-vien-trieu-kha","ID":0,"MaSoThue":"1601809358","NgayCap":"2012-08-10T00:00:00Z","Title":"Công Ty TNHH Một Thành Viên Triệu Kha","DiaChiCongTy":"ấp Tân Khánh - Thị trấn Long Bình - Huyện An Phú - An Giang","Created":"2015-11-12T06:22:24Z","Updated":"2015-11-12T06:22:24Z","IsDelete":false,"RequestChanged":false,"ExitsInGDT":false,"SourceID":0,"TinhThanhID":0,"TinhThanhTitle":"An Giang","TinhThanhTitleAscii":"/an-giang","QuanHuyenID":0,"NganhNgheTitle":"Bán buôn thực phẩm","NganhNgheTitleAscii":"/nganh-nghe/ban-buon-thuc-pham","DSTags":["1601809358","An Giang",null]},{"Type":11,"SolrID":"/1601807368-doanh-nghiep-tn-tu-tu-quyen","ID":0,"MaSoThue":"1601807368","NgayCap":"2012-08-08T00:00:00Z","Title":"Doanh Nghiệp TN Tú Tú Quyên","DiaChiCongTy":"ấp Tân Khánh - Thị trấn Long Bình - Huyện An Phú - An Giang","Created":"2015-11-18T05:44:08Z","Updated":"2015-11-18T05:44:08Z","IsDelete":false,"RequestChanged":false,"ExitsInGDT":false,"SourceID":0,"TinhThanhID":0,"TinhThanhTitle":"An Giang","TinhThanhTitleAscii":"/an-giang","QuanHuyenID":0,"NganhNgheTitle":"Bán buôn thực phẩm","NganhNgheTitleAscii":"/nganh-nghe/ban-buon-thuc-pham","DSTags":["1601807368","An Giang",null]},{"Type":11,"SolrID":"/1601805297-doanh-nghiep-tn-thien-thien-phuc","ID":0,"MaSoThue":"1601805297","NgayCap":"2012-08-02T00:00:00Z","Title":"Doanh Nghiệp TN Thiên Thiên Phúc","DiaChiCongTy":"ấp Tân Thạnh - Thị trấn Long Bình - Huyện An Phú - An Giang","Created":"2015-11-16T23:43:33Z","Updated":"2015-11-16T23:43:33Z","IsDelete":false,"RequestChanged":false,"ExitsInGDT":false,"SourceID":0,"TinhThanhID":0,"TinhThanhTitle":"An Giang","TinhThanhTitleAscii":"/an-giang","QuanHuyenID":0,"NganhNgheTitle":"Bán buôn chuyên doanh khác chưa được phân vào đâu","NganhNgheTitleAscii":"/nganh-nghe/ban-buon-chuyen-doanh-khac-chua-duoc-phan-vao-dau","DSTags":["1601805297","An Giang",null]},{"Type":11,"SolrID":"/1601794599-doanh-nghiep-tn-dan-thanh-do","ID":0,"MaSoThue":"1601794599","NgayCap":"2012-07-18T00:00:00Z","Title":"Doanh Nghiệp TN Dân Thành Đô","DiaChiCongTy":"ấp Tân Khánh - Thị trấn Long Bình - Huyện An Phú - An Giang","Created":"2015-11-17T00:15:03Z","Updated":"2015-11-17T00:15:03Z","IsDelete":false,"RequestChanged":false,"ExitsInGDT":false,"SourceID":0,"TinhThanhID":0,"TinhThanhTitle":"An Giang","TinhThanhTitleAscii":"/an-giang","QuanHuyenID":0,"NganhNgheTitle":"Bán buôn đồ dùng khác cho gia đình","NganhNgheTitleAscii":"/nganh-nghe/ban-buon-do-dung-khac-cho-gia-dinh","DSTags":["1601794599","An Giang",null]},{"Type":11,"SolrID":"/1601781920-cong-ty-tnhh-mot-thanh-vien-viet-diem","ID":0,"MaSoThue":"1601781920","NgayCap":"2012-06-29T00:00:00Z","Title":"Công Ty TNHH Một Thành Viên Việt Diễm","DiaChiCongTy":"ấp Tân Bình - Thị trấn Long Bình - Huyện An Phú - An Giang","Created":"2015-11-12T06:41:16Z","Updated":"2015-11-12T06:41:16Z","IsDelete":false,"RequestChanged":false,"ExitsInGDT":false,"SourceID":0,"TinhThanhID":0,"TinhThanhTitle":"An Giang","TinhThanhTitleAscii":"/an-giang","QuanHuyenID":0,"NganhNgheTitle":"Bán buôn vật liệu, thiết bị lắp đặt khác trong xây dựng","NganhNgheTitleAscii":"/nganh-nghe/ban-buon-vat-lieu-thiet-bi-lap-dat-khac-trong-xay-dung","DSTags":["1601781920","An Giang",null]},{"Type":11,"SolrID":"/1601747856-cong-ty-tnhh-phu-phu-an","ID":0,"MaSoThue":"1601747856","NgayCap":"2012-05-23T00:00:00Z","Title":"Công Ty TNHH Phú Phú An","DiaChiCongTy":"ấp Tân Khánh - Thị trấn Long Bình - Huyện An Phú - An Giang","Created":"2015-11-16T11:05:55Z","Updated":"2015-11-16T11:05:55Z","IsDelete":false,"RequestChanged":false,"ExitsInGDT":false,"SourceID":0,"TinhThanhID":0,"TinhThanhTitle":"An Giang","TinhThanhTitleAscii":"/an-giang","QuanHuyenID":0,"NganhNgheTitle":"Bán buôn máy vi tính, thiết bị ngoại vi và phần mềm","NganhNgheTitleAscii":"/nganh-nghe/ban-buon-may-vi-tinh-thiet-bi-ngoai-vi-va-phan-mem","DSTags":["1601747856","An Giang",null]},{"Type":11,"SolrID":"/1601741678-doanh-nghiep-tn-lam-phuong-anh","ID":0,"MaSoThue":"1601741678","NgayCap":"2012-05-21T00:00:00Z","Title":"Doanh Nghiệp TN Lâm Phương Anh","DiaChiCongTy":"ấp Tân Bình - Thị trấn Long Bình - Huyện An Phú - An Giang","Created":"2015-11-17T00:14:59Z","Updated":"2015-11-17T00:14:59Z","IsDelete":false,"RequestChanged":false,"ExitsInGDT":false,"SourceID":0,"TinhThanhID":0,"TinhThanhTitle":"An Giang","TinhThanhTitleAscii":"/an-giang","QuanHuyenID":0,"NganhNgheTitle":"Bán buôn chuyên doanh khác chưa được phân vào đâu","NganhNgheTitleAscii":"/nganh-nghe/ban-buon-chuyen-doanh-khac-chua-duoc-phan-vao-dau","DSTags":["1601741678","An Giang",null]},{"Type":11,"SolrID":"/1601735378-cong-ty-tnhh-mot-thanh-vien-tam-tam-nhu","ID":0,"MaSoThue":"1601735378","NgayCap":"2012-05-07T00:00:00Z","Title":"Công Ty TNHH Một Thành Viên Tâm Tâm Như","DiaChiCongTy":"Tổ 23, ấp Tân Khánh - Thị trấn Long Bình - Huyện An Phú - An Giang","Created":"2015-11-13T08:14:11Z","Updated":"2015-11-13T08:14:11Z","IsDelete":false,"RequestChanged":false,"ExitsInGDT":false,"SourceID":0,"TinhThanhID":0,"TinhThanhTitle":"An Giang","TinhThanhTitleAscii":"/an-giang","QuanHuyenID":0,"NganhNgheTitle":"Bán buôn nông, lâm sản nguyên liệu (trừ gỗ, tre, nứa) và động vật sống","NganhNgheTitleAscii":"/nganh-nghe/ban-buon-nong-lam-san-nguyen-lieu-tru-go-tre-nua-va-dong-vat-song","DSTags":["1601735378","An Giang",null]},{"Type":11,"SolrID":"/1601724961-cong-ty-tnhh-mot-thanh-vien-thuong-mai-xuat-nhap-khau-dang-huynh-lam","ID":0,"MaSoThue":"1601724961","NgayCap":"2012-04-24T00:00:00Z","Title":"Công Ty TNHH Một Thành Viên Thương Mại-Xuất Nhập Khẩu Đặng Huỳnh Lâm","DiaChiCongTy":"Số 33, ấp Tân Khánh - Thị trấn Long Bình - Huyện An Phú - An Giang","Created":"2015-11-10T01:38:06Z","Updated":"2015-11-10T01:38:06Z","IsDelete":false,"RequestChanged":false,"ExitsInGDT":false,"SourceID":0,"TinhThanhID":0,"TinhThanhTitle":"An Giang","TinhThanhTitleAscii":"/an-giang","QuanHuyenID":0,"NganhNgheTitle":"Bán buôn chuyên doanh khác chưa được phân vào đâu","NganhNgheTitleAscii":"/nganh-nghe/ban-buon-chuyen-doanh-khac-chua-duoc-phan-vao-dau","DSTags":["1601724961","An Giang",null]},{"Type":11,"SolrID":"/1601714787-cong-ty-tnhh-tm-dv-xnk-an-binh-phuc","ID":0,"MaSoThue":"1601714787","NgayCap":"2012-04-16T00:00:00Z","Title":"Công Ty TNHH Tm-Dv-Xnk An Bình Phúc","DiaChiCongTy":"Tổ 23, ấp Tân Thạnh - Thị trấn Long Bình - Huyện An Phú - An Giang","Created":"2015-11-10T01:38:08Z","Updated":"2015-11-10T01:38:08Z","IsDelete":false,"RequestChanged":false,"ExitsInGDT":false,"SourceID":0,"TinhThanhID":0,"TinhThanhTitle":"An Giang","TinhThanhTitleAscii":"/an-giang","QuanHuyenID":0,"NganhNgheTitle":"Bán buôn nông, lâm sản nguyên liệu (trừ gỗ, tre, nứa) và động vật sống","NganhNgheTitleAscii":"/nganh-nghe/ban-buon-nong-lam-san-nguyen-lieu-tru-go-tre-nua-va-dong-vat-song","DSTags":["1601714787","An Giang",null]},{"Type":11,"SolrID":"/1601709272-cong-ty-tnhh-xuat-nhap-khau-dv-tm-tong-hop-ha-vu-phat","ID":0,"MaSoThue":"1601709272","NgayCap":"2012-04-09T00:00:00Z","Title":"Công Ty TNHH Xuất Nhập Khẩu Dv Tm Tổng Hợp Hà Vũ Phát","DiaChiCongTy":"Số 138, Tổ 9, ấp Tân Khánh - Thị trấn Long Bình - Huyện An Phú - An Giang","Created":"2015-11-10T01:42:33Z","Updated":"2015-11-10T01:42:33Z","IsDelete":false,"RequestChanged":false,"ExitsInGDT":false,"SourceID":0,"TinhThanhID":0,"TinhThanhTitle":"An Giang","TinhThanhTitleAscii":"/an-giang","QuanHuyenID":0,"NganhNgheTitle":"Bán buôn thiết bị và linh kiện điện tử, viễn thông","NganhNgheTitleAscii":"/nganh-nghe/ban-buon-thiet-bi-va-linh-kien-dien-tu-vien-thong","DSTags":["1601709272","An Giang",null]},{"Type":11,"SolrID":"/1601675016-cong-ty-tnhh-mot-thanh-vien-thuong-mai-vien-thong-kim-kim-loi","ID":0,"MaSoThue":"1601675016","NgayCap":"2012-03-13T00:00:00Z","Title":"Công Ty TNHH Một Thành Viên Thương Mại Viễn Thông Kim Kim Lợi","DiaChiCongTy":"ấp Tân Bình - Thị trấn Long Bình - Huyện An Phú - An Giang","Created":"2015-11-10T01:41:33Z","Updated":"2015-11-10T01:41:33Z","IsDelete":false,"RequestChanged":false,"ExitsInGDT":false,"SourceID":0,"TinhThanhID":0,"TinhThanhTitle":"An Giang","TinhThanhTitleAscii":"/an-giang","QuanHuyenID":0,"NganhNgheTitle":"Bán buôn thiết bị và linh kiện điện tử, viễn thông","NganhNgheTitleAscii":"/nganh-nghe/ban-buon-thiet-bi-va-linh-kien-dien-tu-vien-thong","DSTags":["1601675016","An Giang",null]},{"Type":11,"SolrID":"/1601675009-cong-ty-tnhh-mot-thanh-vien-thuong-mai-dich-vu-nhu-kim","ID":0,"MaSoThue":"1601675009","NgayCap":"2012-03-13T00:00:00Z","Title":"Công Ty TNHH Một Thành Viên Thương Mại Dịch Vụ Như Kim","DiaChiCongTy":"ấp Tân Khánh - Thị trấn Long Bình - Huyện An Phú - An Giang","Created":"2015-11-13T10:36:07Z","Updated":"2015-11-13T10:36:07Z","IsDelete":false,"RequestChanged":false,"ExitsInGDT":false,"SourceID":0,"TinhThanhID":0,"TinhThanhTitle":"An Giang","TinhThanhTitleAscii":"/an-giang","QuanHuyenID":0,"NganhNgheTitle":"Bán buôn thiết bị và linh kiện điện tử, viễn thông","NganhNgheTitleAscii":"/nganh-nghe/ban-buon-thiet-bi-va-linh-kien-dien-tu-vien-thong","DSTags":["1601675009","An Giang",null]},{"Type":11,"SolrID":"/1601670579-doanh-nghiep-tn-hai-lam-lan","ID":0,"MaSoThue":"1601670579","NgayCap":"2012-03-12T00:00:00Z","Title":"Doanh Nghiệp TN Hải Lam Lân","DiaChiCongTy":"ấp Tân Khánh - Thị trấn Long Bình - Huyện An Phú - An Giang","Created":"2015-11-17T00:15:01Z","Updated":"2015-11-17T00:15:01Z","IsDelete":false,"RequestChanged":false,"ExitsInGDT":false,"SourceID":0,"TinhThanhID":0,"TinhThanhTitle":"An Giang","TinhThanhTitleAscii":"/an-giang","QuanHuyenID":0,"NganhNgheTitle":"Bán buôn thực phẩm","NganhNgheTitleAscii":"/nganh-nghe/ban-buon-thuc-pham","DSTags":["1601670579","An Giang",null]},{"Type":11,"SolrID":"/1601654464-cong-ty-tnhh-le-nhat-anh","ID":0,"MaSoThue":"1601654464","NgayCap":"2012-02-13T00:00:00Z","Title":"Công Ty TNHH Lê Nhật Anh","DiaChiCongTy":"ấp Tân Thạnh - Thị trấn Long Bình - Huyện An Phú - An Giang","Created":"2015-11-10T01:40:21Z","Updated":"2015-11-10T01:40:21Z","IsDelete":false,"RequestChanged":false,"ExitsInGDT":false,"SourceID":0,"TinhThanhID":0,"TinhThanhTitle":"An Giang","TinhThanhTitleAscii":"/an-giang","QuanHuyenID":0,"NganhNgheTitle":"Bán buôn máy móc, thiết bị và phụ tùng máy nông nghiệp","NganhNgheTitleAscii":"/nganh-nghe/ban-buon-may-moc-thiet-bi-va-phu-tung-may-nong-nghiep","DSTags":["1601654464","An Giang",null]},{"Type":11,"SolrID":"/1600626471-007-cong-ty-tnhh-hung-cuong-chi-nhanh-4","ID":0,"MaSoThue":"1600626471-007","NgayCap":"2012-01-16T00:00:00Z","Title":"Công Ty TNHH Hùng Cường - Chi Nhánh 4","DiaChiCongTy":"ấp 1 - Thị trấn Long Bình - Huyện An Phú - An Giang","Created":"2015-11-10T01:38:56Z","Updated":"2015-11-10T01:38:56Z","IsDelete":false,"RequestChanged":false,"ExitsInGDT":false,"SourceID":0,"TinhThanhID":0,"TinhThanhTitle":"An Giang","TinhThanhTitleAscii":"/an-giang","QuanHuyenID":0,"NganhNgheTitle":"Vận tải hành khách đường bộ trong nội thành, ngoại thành (trừ vận tải bằng xe buýt)","NganhNgheTitleAscii":"/nganh-nghe/van-tai-hanh-khach-duong-bo-trong-noi-thanh-ngoai-thanh-tru-van-tai-bang-xe-buyt","DSTags":["1600626471-007","An Giang",null]},{"Type":11,"SolrID":"/1601613362-cong-ty-tnhh-thuong-mai-xuat-nhap-khau-thanh-tuan-phat","ID":0,"MaSoThue":"1601613362","NgayCap":"2011-12-07T00:00:00Z","Title":"Công Ty TNHH Thương Mại - Xuất Nhập Khẩu Thành Tuấn Phát","DiaChiCongTy":"Tổ 8, ấp Tân Thạnh - Thị trấn Long Bình - Huyện An Phú - An Giang","Created":"2015-11-10T01:38:53Z","Updated":"2015-11-10T01:38:53Z","IsDelete":false,"RequestChanged":false,"ExitsInGDT":false,"SourceID":0,"TinhThanhID":0,"TinhThanhTitle":"An Giang","TinhThanhTitleAscii":"/an-giang","QuanHuyenID":0,"NganhNgheTitle":"Bán buôn chuyên doanh khác chưa được phân vào đâu","NganhNgheTitleAscii":"/nganh-nghe/ban-buon-chuyen-doanh-khac-chua-duoc-phan-vao-dau","DSTags":["1601613362","An Giang",null]},{"Type":11,"SolrID":"/1601586599-cong-ty-tnhh-mot-thanh-vien-thuong-mai-dich-vu-xuat-nhap-khau-van-hung-loi","ID":0,"MaSoThue":"1601586599","NgayCap":"2011-11-03T00:00:00Z","Title":"Công Ty TNHH Một Thành Viên Thương Mại Dịch Vụ Xuất Nhập Khẩu Vạn Hưng Lợi","DiaChiCongTy":"ấp Tân Thạnh - Thị trấn Long Bình - Huyện An Phú - An Giang","Created":"2015-11-10T01:44:04Z","Updated":"2015-11-10T01:44:04Z","IsDelete":false,"RequestChanged":false,"ExitsInGDT":false,"SourceID":0,"TinhThanhID":0,"TinhThanhTitle":"An Giang","TinhThanhTitleAscii":"/an-giang","QuanHuyenID":0,"NganhNgheTitle":"Bán buôn chuyên doanh khác chưa được phân vào đâu","NganhNgheTitleAscii":"/nganh-nghe/ban-buon-chuyen-doanh-khac-chua-duoc-phan-vao-dau","DSTags":["1601586599","An Giang",null]},{"Type":11,"SolrID":"/1601570567-cong-ty-tnhh-mot-thanh-vien-xnk-ba-chi","ID":0,"MaSoThue":"1601570567","NgayCap":"2011-10-10T00:00:00Z","Title":"Công Ty TNHH Một Thành Viên Xnk Ba Chí","DiaChiCongTy":"ấp Tân Thạnh - Thị trấn Long Bình - Huyện An Phú - An Giang","Created":"2015-11-10T01:40:24Z","Updated":"2015-11-10T01:40:24Z","IsDelete":false,"RequestChanged":false,"ExitsInGDT":false,"SourceID":0,"TinhThanhID":0,"TinhThanhTitle":"An Giang","TinhThanhTitleAscii":"/an-giang","QuanHuyenID":0,"NganhNgheTitle":"Bán buôn thực phẩm","NganhNgheTitleAscii":"/nganh-nghe/ban-buon-thuc-pham","DSTags":["1601570567","An Giang",null]},{"Type":11,"SolrID":"/1601566835-doanh-nghiep-tn-van-thien-phuc","ID":0,"MaSoThue":"1601566835","NgayCap":"2011-10-05T00:00:00Z","Title":"Doanh Nghiệp TN Vạn Thiên Phúc","DiaChiCongTy":"ấp Tân Thạnh - Thị trấn Long Bình - Huyện An Phú - An Giang","Created":"2015-11-10T01:40:28Z","Updated":"2015-11-10T01:40:28Z","IsDelete":false,"RequestChanged":false,"ExitsInGDT":false,"SourceID":0,"TinhThanhID":0,"TinhThanhTitle":"An Giang","TinhThanhTitleAscii":"/an-giang","QuanHuyenID":0,"NganhNgheTitle":"Bán buôn chuyên doanh khác chưa được phân vào đâu","NganhNgheTitleAscii":"/nganh-nghe/ban-buon-chuyen-doanh-khac-chua-duoc-phan-vao-dau","DSTags":["1601566835","An Giang",null]},{"Type":11,"SolrID":"/1601562534-cong-ty-tnhh-mot-thanh-vien-dinh-cuong","ID":0,"MaSoThue":"1601562534","NgayCap":"2011-09-30T00:00:00Z","Title":"Công Ty TNHH Một Thành Viên Đình Cương","DiaChiCongTy":"ấp Tân Thạnh - Thị trấn Long Bình - Huyện An Phú - An Giang","Created":"2015-11-10T01:40:24Z","Updated":"2015-11-10T01:40:24Z","IsDelete":false,"RequestChanged":false,"ExitsInGDT":false,"SourceID":0,"TinhThanhID":0,"TinhThanhTitle":"An Giang","TinhThanhTitleAscii":"/an-giang","QuanHuyenID":0,"NganhNgheTitle":"In ấn","NganhNgheTitleAscii":"/nganh-nghe/in-an","DSTags":["1601562534","An Giang",null]},{"Type":11,"SolrID":"/1601544165-cong-ty-tnhh-mot-thanh-vien-thuong-mai-dich-vu-xuat-nhap-khau-d-t-k","ID":0,"MaSoThue":"1601544165","NgayCap":"2011-09-22T00:00:00Z","Title":"Công Ty TNHH Một Thành Viên Thương Mại Dịch Vụ Xuất Nhập Khẩu D T K","DiaChiCongTy":"ấp Tân Bình - Thị trấn Long Bình - Huyện An Phú - An Giang","Created":"2015-11-10T01:45:14Z","Updated":"2015-11-10T01:45:14Z","IsDelete":false,"RequestChanged":false,"ExitsInGDT":false,"SourceID":0,"TinhThanhID":0,"TinhThanhTitle":"An Giang","TinhThanhTitleAscii":"/an-giang","QuanHuyenID":0,"NganhNgheTitle":"Bán buôn vật liệu, thiết bị lắp đặt khác trong xây dựng","NganhNgheTitleAscii":"/nganh-nghe/ban-buon-vat-lieu-thiet-bi-lap-dat-khac-trong-xay-dung","DSTags":["1601544165","An Giang",null]},{"Type":11,"SolrID":"/1601532674-cong-ty-tnhh-mot-thanh-vien-xuat-nhap-khau-luc-khien","ID":0,"MaSoThue":"1601532674","NgayCap":"2011-08-24T00:00:00Z","Title":"Công Ty TNHH Một Thành Viên Xuất Nhập Khẩu Lực Khiền","DiaChiCongTy":"Kios số 4, Chợ Long Bình - Thị trấn Long Bình - Huyện An Phú - An Giang","Created":"2015-11-10T01:43:50Z","Updated":"2015-11-10T01:43:50Z","IsDelete":false,"RequestChanged":false,"ExitsInGDT":false,"SourceID":0,"TinhThanhID":0,"TinhThanhTitle":"An Giang","TinhThanhTitleAscii":"/an-giang","QuanHuyenID":0,"NganhNgheTitle":"Bán buôn chuyên doanh khác chưa được phân vào đâu","NganhNgheTitleAscii":"/nganh-nghe/ban-buon-chuyen-doanh-khac-chua-duoc-phan-vao-dau","DSTags":["1601532674","An Giang",null]},{"Type":11,"SolrID":"/1601503955-ho-thi-ral","ID":0,"MaSoThue":"1601503955","NgayCap":"2011-07-07T00:00:00Z","Title":"Hồ Thị Ral","DiaChiCongTy":"ấp Tân Bình, Thị trấn Long Bình - Huyện An Phú - An Giang","Created":"2015-11-16T00:48:55Z","Updated":"2015-11-16T00:48:55Z","IsDelete":false,"RequestChanged":false,"ExitsInGDT":false,"SourceID":0,"TinhThanhID":0,"TinhThanhTitle":"An Giang","TinhThanhTitleAscii":"/an-giang","QuanHuyenID":0,"NganhNgheTitle":"Dịch vụ phục vụ đồ uống khác","NganhNgheTitleAscii":"/nganh-nghe/dich-vu-phuc-vu-do-uong-khac","DSTags":["1601503955","An Giang",null]},{"Type":11,"SolrID":"/1601502567-doanh-nghiep-tn-van-phat-nguyen","ID":0,"MaSoThue":"1601502567","NgayCap":"2011-07-05T00:00:00Z","Title":"Doanh Nghiệp TN Vạn Phát Nguyên","DiaChiCongTy":"ấp Tân Bình - Thị trấn Long Bình - Huyện An Phú - An Giang","Created":"2015-11-17T00:15:01Z","Updated":"2015-11-17T00:15:01Z","IsDelete":false,"RequestChanged":false,"ExitsInGDT":false,"SourceID":0,"TinhThanhID":0,"TinhThanhTitle":"An Giang","TinhThanhTitleAscii":"/an-giang","QuanHuyenID":0,"NganhNgheTitle":"Bán buôn thực phẩm","NganhNgheTitleAscii":"/nganh-nghe/ban-buon-thuc-pham","DSTags":["1601502567","An Giang",null]},{"Type":11,"SolrID":"/1601495944-doanh-nghiep-tn-sau-thuy","ID":0,"MaSoThue":"1601495944","NgayCap":"2011-06-10T00:00:00Z","Title":"Doanh Nghiệp TN Sáu Thủy","DiaChiCongTy":"Tổ 11, ấp Tân Bình - Thị trấn Long Bình - Huyện An Phú - An Giang","Created":"2015-11-17T05:00:20Z","Updated":"2015-11-17T05:00:20Z","IsDelete":false,"RequestChanged":false,"ExitsInGDT":false,"SourceID":0,"TinhThanhID":0,"TinhThanhTitle":"An Giang","TinhThanhTitleAscii":"/an-giang","QuanHuyenID":0,"NganhNgheTitle":"Bán buôn thực phẩm","NganhNgheTitleAscii":"/nganh-nghe/ban-buon-thuc-pham","DSTags":["1601495944","An Giang",null]},{"Type":11,"SolrID":"/1601439280-doanh-nghiep-tn-phuong-khanh","ID":0,"MaSoThue":"1601439280","NgayCap":"2010-12-28T00:00:00Z","Title":"Doanh Nghiệp TN Phương Khánh","DiaChiCongTy":"ấp Tân Thạnh - Thị trấn Long Bình - Huyện An Phú - An Giang","Created":"2015-11-17T00:14:57Z","Updated":"2015-11-17T00:14:57Z","IsDelete":false,"RequestChanged":false,"ExitsInGDT":false,"SourceID":0,"TinhThanhID":0,"TinhThanhTitle":"An Giang","TinhThanhTitleAscii":"/an-giang","QuanHuyenID":0,"NganhNgheTitle":"Bán buôn nhiên liệu rắn, lỏng, khí và các sản phẩm liên quan","NganhNgheTitleAscii":"/nganh-nghe/ban-buon-nhien-lieu-ran-long-khi-va-cac-san-pham-lien-quan","DSTags":["1601439280","An Giang",null]},{"Type":11,"SolrID":"/1601408282-le-thi-ngoc-hue","ID":0,"MaSoThue":"1601408282","NgayCap":"2010-11-04T00:00:00Z","Title":"Lê Thị Ngọc Huệ","DiaChiCongTy":"ấp Tân Khánh, Thị trấn Long Bình - Huyện An Phú - An Giang","Created":"2015-11-16T05:23:41Z","Updated":"2015-11-16T05:23:41Z","IsDelete":false,"RequestChanged":false,"ExitsInGDT":false,"SourceID":0,"TinhThanhID":0,"TinhThanhTitle":"An Giang","TinhThanhTitleAscii":"/an-giang","QuanHuyenID":0,"NganhNgheTitle":"Bán lẻ sản phẩm thuốc lá, thuốc lào trong các cửa hàng chuyên doanh","NganhNgheTitleAscii":"/nganh-nghe/ban-le-san-pham-thuoc-la-thuoc-lao-trong-cac-cua-hang-chuyen-doanh","DSTags":["1601408282","An Giang",null]},{"Type":11,"SolrID":"/1601402996-cong-ty-tnhh-nghia-tham","ID":0,"MaSoThue":"1601402996","NgayCap":"2010-10-11T00:00:00Z","Title":"Công Ty TNHH Nghĩa Thắm","DiaChiCongTy":"ấp Tân Thạnh - Thị trấn Long Bình - Huyện An Phú - An Giang","Created":"2015-11-11T03:29:58Z","Updated":"2015-11-11T03:29:58Z","IsDelete":false,"RequestChanged":false,"ExitsInGDT":false,"SourceID":0,"TinhThanhID":0,"TinhThanhTitle":"An Giang","TinhThanhTitleAscii":"/an-giang","QuanHuyenID":0,"NganhNgheTitle":"Bán buôn chuyên doanh khác chưa được phân vào đâu","NganhNgheTitleAscii":"/nganh-nghe/ban-buon-chuyen-doanh-khac-chua-duoc-phan-vao-dau","DSTags":["1601402996","An Giang",null]},{"Type":11,"SolrID":"/1601401752-cong-ty-tnhh-xuat-nhap-khau-hoang-long","ID":0,"MaSoThue":"1601401752","NgayCap":"2010-10-04T00:00:00Z","Title":"Công Ty TNHH Xuất Nhập Khẩu Hoàng Long","DiaChiCongTy":"ấp Tân Bình - Thị trấn Long Bình - Huyện An Phú - An Giang","Created":"2015-11-09T01:24:35Z","Updated":"2015-11-09T01:24:35Z","IsDelete":false,"RequestChanged":false,"ExitsInGDT":false,"SourceID":0,"TinhThanhID":0,"TinhThanhTitle":"An Giang","TinhThanhTitleAscii":"/an-giang","QuanHuyenID":0,"NganhNgheTitle":"Bán lẻ máy vi tính, thiết bị ngoại vi, phần mềm và thiết bị viễn thông trong các cửa hàng chuyên doanh","NganhNgheTitleAscii":"/nganh-nghe/ban-le-may-vi-tinh-thiet-bi-ngoai-vi-phan-mem-va-thiet-bi-vien-thong-trong-cac-cua-hang-chuyen-doanh","DSTags":["1601401752","An Giang",null]},{"Type":11,"SolrID":"/1601375573-doanh-nghiep-tn-thai-xuan","ID":0,"MaSoThue":"1601375573","NgayCap":"2010-07-19T00:00:00Z","Title":"Doanh Nghiệp TN Thái Xuân","DiaChiCongTy":"ấp Tân Thạnh - Thị trấn Long Bình - Huyện An Phú - An Giang","Created":"2015-11-17T00:15:06Z","Updated":"2015-11-17T00:15:06Z","IsDelete":false,"RequestChanged":false,"ExitsInGDT":false,"SourceID":0,"TinhThanhID":0,"TinhThanhTitle":"An Giang","TinhThanhTitleAscii":"/an-giang","QuanHuyenID":0,"NganhNgheTitle":"Vận tải hàng hóa bằng đường bộ","NganhNgheTitleAscii":"/nganh-nghe/van-tai-hang-hoa-bang-duong-bo","DSTags":["1601375573","An Giang",null]},{"Type":11,"SolrID":"/1601348932-dntn-xnk-ba-ngong","ID":0,"MaSoThue":"1601348932","NgayCap":"2010-05-20T00:00:00Z","Title":"DNTN XNK Ba Ngỗng","DiaChiCongTy":"383 Tổ 12 ấp Tân Bình - Thị trấn Long Bình - Huyện An Phú - An Giang","Created":"2015-11-11T10:16:19Z","Updated":"2015-11-11T10:16:19Z","IsDelete":false,"RequestChanged":false,"ExitsInGDT":false,"SourceID":0,"TinhThanhID":0,"TinhThanhTitle":"An Giang","TinhThanhTitleAscii":"/an-giang","QuanHuyenID":0,"NganhNgheTitle":"Sản xuất thực phẩm khác","NganhNgheTitleAscii":"/nganh-nghe/san-xuat-thuc-pham-khac","DSTags":["1601348932","An Giang",null]},{"Type":11,"SolrID":"/1601300232-nguyen-van-vang","ID":0,"MaSoThue":"1601300232","NgayCap":"2010-02-23T00:00:00Z","Title":"Nguyễn Văn Vàng","DiaChiCongTy":"ấp Tân Khánh, Thị trấn Long Bình - Huyện An Phú - An Giang","Created":"2015-11-16T06:43:00Z","Updated":"2015-11-16T06:43:00Z","IsDelete":false,"RequestChanged":false,"ExitsInGDT":false,"SourceID":0,"TinhThanhID":0,"TinhThanhTitle":"An Giang","TinhThanhTitleAscii":"/an-giang","QuanHuyenID":0,"NganhNgheTitle":"Bán buôn nông, lâm sản nguyên liệu khác (trừ gỗ, tre, nứa)","NganhNgheTitleAscii":"/nganh-nghe/ban-buon-nong-lam-san-nguyen-lieu-khac-tru-go-tre-nua","DSTags":["1601300232","An Giang",null]},{"Type":11,"SolrID":"/1601283121-cong-ty-tnhh-mot-thanh-vien-thuong-mai-dich-vu-van-tai-xuat-nhap-khau-kim-chi","ID":0,"MaSoThue":"1601283121","NgayCap":"2010-01-05T00:00:00Z","Title":"Công Ty TNHH Một Thành Viên Thương Mại Dịch Vụ Vận Tải Xuất Nhập Khẩu Kim Chi","DiaChiCongTy":"ấp Tân Bình - Thị trấn Long Bình - Huyện An Phú - An Giang","Created":"2015-11-09T02:11:07Z","Updated":"2015-11-09T02:11:07Z","IsDelete":false,"RequestChanged":false,"ExitsInGDT":false,"SourceID":0,"TinhThanhID":0,"TinhThanhTitle":"An Giang","TinhThanhTitleAscii":"/an-giang","QuanHuyenID":0,"NganhNgheTitle":"Bán buôn vật liệu, thiết bị lắp đặt khác trong xây dựng","NganhNgheTitleAscii":"/nganh-nghe/ban-buon-vat-lieu-thiet-bi-lap-dat-khac-trong-xay-dung","DSTags":["1601283121","An Giang",null]},{"Type":11,"SolrID":"/1601282897-thoi-minh-cuong","ID":0,"MaSoThue":"1601282897","NgayCap":"2010-01-05T00:00:00Z","Title":"Thời Minh Cường","DiaChiCongTy":"ấp Tân Bình, Thị trấn Long Bình - Huyện An Phú - An Giang","Created":"2015-11-16T06:52:42Z","Updated":"2015-11-16T06:52:42Z","IsDelete":false,"RequestChanged":false,"ExitsInGDT":false,"SourceID":0,"TinhThanhID":0,"TinhThanhTitle":"An Giang","TinhThanhTitleAscii":"/an-giang","QuanHuyenID":0,"NganhNgheTitle":"Bán lẻ đường, sữa và các sản phẩm sữa, bánh, mứt, kẹo và các sản phẩm chế biến từ ngũ cốc, bột, tinh bột trong các cửa hàng chuyên doanh","NganhNgheTitleAscii":"/nganh-nghe/ban-le-duong-sua-va-cac-san-pham-sua-banh-mut-keo-va-cac-san-pham-che-bien-tu-ngu-coc-bot-tinh-bot-trong-cac-cua-hang-chuyen-doanh","DSTags":["1601282897","An Giang",null]},{"Type":11,"SolrID":"/1601238496-doanh-nghiep-tn-thanh-vo-hieu-ngan","ID":0,"MaSoThue":"1601238496","NgayCap":"2009-11-26T00:00:00Z","Title":"Doanh Nghiệp TN Thành Vô - Hiếu Ngân","DiaChiCongTy":"ấp Tân Khánh - Thị trấn Long Bình - Huyện An Phú - An Giang","Created":"2015-11-11T06:47:29Z","Updated":"2015-11-11T06:47:29Z","IsDelete":false,"RequestChanged":false,"ExitsInGDT":false,"SourceID":0,"TinhThanhID":0,"TinhThanhTitle":"An Giang","TinhThanhTitleAscii":"/an-giang","QuanHuyenID":0,"NganhNgheTitle":"Bán buôn nhiên liệu rắn, lỏng, khí và các sản phẩm liên quan","NganhNgheTitleAscii":"/nganh-nghe/ban-buon-nhien-lieu-ran-long-khi-va-cac-san-pham-lien-quan","DSTags":["1601238496","An Giang",null]},{"Type":11,"SolrID":"/1600156459-001-chi-nhanh-doanh-nghiep-tu-nhan-ngoc-thuy","ID":0,"MaSoThue":"1600156459-001","NgayCap":"2009-11-20T00:00:00Z","Title":"Chi Nhánh Doanh Nghiệp Tư Nhân Ngọc Thủy","DiaChiCongTy":"ấp Tân Bình - Thị trấn Long Bình - Huyện An Phú - An Giang","Created":"2015-11-10T01:46:17Z","Updated":"2015-11-10T01:46:17Z","IsDelete":false,"RequestChanged":false,"ExitsInGDT":false,"SourceID":0,"TinhThanhID":0,"TinhThanhTitle":"An Giang","TinhThanhTitleAscii":"/an-giang","QuanHuyenID":0,"NganhNgheTitle":"Bán buôn kim loại và quặng kim loại","NganhNgheTitleAscii":"/nganh-nghe/ban-buon-kim-loai-va-quang-kim-loai","DSTags":["1600156459-001","An Giang",null]},{"Type":11,"SolrID":"/1601207427-dntn-dai-quang","ID":0,"MaSoThue":"1601207427","NgayCap":"2009-08-17T00:00:00Z","Title":"DNTN Đại Quang","DiaChiCongTy":"ấp Tân Khánh, Thị Trấn Long Bình - Huyện An Phú - An Giang","Created":"2015-11-08T23:58:24Z","Updated":"2015-11-08T23:58:24Z","IsDelete":false,"RequestChanged":false,"ExitsInGDT":false,"SourceID":0,"TinhThanhID":0,"TinhThanhTitle":"An Giang","TinhThanhTitleAscii":"/an-giang","QuanHuyenID":0,"NganhNgheTitle":"Bán lẻ nhiên liệu động cơ trong các cửa hàng chuyên doanh","NganhNgheTitleAscii":"/nganh-nghe/ban-le-nhien-lieu-dong-co-trong-cac-cua-hang-chuyen-doanh","DSTags":["1601207427","An Giang",null]},{"Type":11,"SolrID":"/1601130975-cong-ty-tnhh-thuong-mai-dich-vu-xuat-nhap-khau-viet-vinh-nguyen","ID":0,"MaSoThue":"1601130975","NgayCap":"2009-05-21T00:00:00Z","Title":"Công Ty TNHH Thương Mại - Dịch Vụ Xuất Nhập Khẩu Việt Vĩnh Nguyên","DiaChiCongTy":"ấp Tân Bình - Thị trấn Long Bình - Huyện An Phú - An Giang","Created":"2015-11-09T02:34:41Z","Updated":"2015-11-09T02:34:41Z","IsDelete":false,"RequestChanged":false,"ExitsInGDT":false,"SourceID":0,"TinhThanhID":0,"TinhThanhTitle":"An Giang","TinhThanhTitleAscii":"/an-giang","QuanHuyenID":0,"NganhNgheTitle":"Bán buôn vật liệu, thiết bị lắp đặt khác trong xây dựng","NganhNgheTitleAscii":"/nganh-nghe/ban-buon-vat-lieu-thiet-bi-lap-dat-khac-trong-xay-dung","DSTags":["1601130975","An Giang",null]},{"Type":11,"SolrID":"/1600378691-dntn-an-khanh","ID":0,"MaSoThue":"1600378691","NgayCap":"2009-03-18T00:00:00Z","Title":"DNTN An Khánh","DiaChiCongTy":"ấp Tân Khánh, Thị Trấn Long Bình - Huyện An Phú - An Giang","Created":"2015-11-17T01:56:22Z","Updated":"2015-11-17T01:56:22Z","IsDelete":false,"RequestChanged":false,"ExitsInGDT":false,"SourceID":0,"TinhThanhID":0,"TinhThanhTitle":"An Giang","TinhThanhTitleAscii":"/an-giang","QuanHuyenID":0,"NganhNgheTitle":"Bán buôn chuyên doanh khác","NganhNgheTitleAscii":"/nganh-nghe/ban-buon-chuyen-doanh-khac","DSTags":["1600378691","An Giang",null]},{"Type":11,"SolrID":"/1601011826-cty-tnhh-huu-han-mot-thanh-vien-duc-minh","ID":0,"MaSoThue":"1601011826","NgayCap":"2008-12-31T00:00:00Z","Title":"Cty TNHH Hữu Hạn Một Thành Viên Đức Minh","DiaChiCongTy":"ấp Tân Thạnh, Thị Trấn Long Bình - Huyện An Phú - An Giang","Created":"2015-11-14T05:11:55Z","Updated":"2015-11-14T05:11:55Z","IsDelete":false,"RequestChanged":false,"ExitsInGDT":false,"SourceID":0,"TinhThanhID":0,"TinhThanhTitle":"An Giang","TinhThanhTitleAscii":"/an-giang","QuanHuyenID":0,"NganhNgheTitle":"Xây dựng công trình kỹ thuật dân dụng","NganhNgheTitleAscii":"/nganh-nghe/xay-dung-cong-trinh-ky-thuat-dan-dung","DSTags":["1601011826","An Giang",null]},{"Type":11,"SolrID":"/1600975578-nguyen-hiep-phuc","ID":0,"MaSoThue":"1600975578","NgayCap":"2008-09-03T00:00:00Z","Title":"Nguyễn Hiệp Phúc","DiaChiCongTy":"ấp Tân Thạnh, Thị trấn Long Bình - Thị trấn Long Bình - Huyện An Phú - An Giang","Created":"2015-11-16T19:06:50Z","Updated":"2015-11-16T19:06:50Z","IsDelete":false,"RequestChanged":false,"ExitsInGDT":false,"SourceID":0,"TinhThanhID":0,"TinhThanhTitle":"An Giang","TinhThanhTitleAscii":"/an-giang","QuanHuyenID":0,"NganhNgheTitle":"Bán buôn phế liệu, phế thải kim loại, phi kim loại","NganhNgheTitleAscii":"/nganh-nghe/ban-buon-phe-lieu-phe-thai-kim-loai-phi-kim-loai","DSTags":["1600975578","An Giang",null]},{"Type":11,"SolrID":"/1600964826-cty-tnhh-mot-thanh-vien-toan-phat","ID":0,"MaSoThue":"1600964826","NgayCap":"2008-06-10T00:00:00Z","Title":"Cty TNHH Một Thành Viên Toàn Phát","DiaChiCongTy":"ấp Tân Thạnh, thị trấn Long Bình - Huyện An Phú - An Giang","Created":"2015-11-14T05:09:37Z","Updated":"2015-11-14T05:09:37Z","IsDelete":false,"RequestChanged":false,"ExitsInGDT":false,"SourceID":0,"TinhThanhID":0,"TinhThanhTitle":"An Giang","TinhThanhTitleAscii":"/an-giang","QuanHuyenID":0,"NganhNgheTitle":"Bán buôn (trừ ô tô, mô tô, xe máy và xe có động cơ khác)","NganhNgheTitleAscii":"/nganh-nghe/ban-buon-tru-o-to-mo-to-xe-may-va-xe-co-dong-co-khac","DSTags":["1600964826","An Giang",null]},{"Type":11,"SolrID":"/1600893942-tan-oanh-kieu","ID":0,"MaSoThue":"1600893942","NgayCap":"2007-06-08T00:00:00Z","Title":"Tân Oanh Kiều","DiaChiCongTy":"ấp Tân Bình, Thị trấn Long Bình - Huyện An Phú - An Giang","Created":"2015-11-16T00:52:15Z","Updated":"2015-11-16T00:52:15Z","IsDelete":false,"RequestChanged":false,"ExitsInGDT":false,"SourceID":0,"TinhThanhID":0,"TinhThanhTitle":"An Giang","TinhThanhTitleAscii":"/an-giang","QuanHuyenID":0,"NganhNgheTitle":"Bán lẻ mô tô, xe máy","NganhNgheTitleAscii":"/nganh-nghe/ban-le-mo-to-xe-may","DSTags":["1600893942","An Giang",null]},{"Type":11,"SolrID":"/1600813249-truong-tieu-hoc-a-long-binh","ID":0,"MaSoThue":"1600813249","NgayCap":"2005-11-07T00:00:00Z","Title":"Trường Tiểu học A Long Bình","DiaChiCongTy":"Thị trấn Long Bình - Thị trấn Long Bình - Huyện An Phú - An Giang","Created":"2015-11-16T17:14:32Z","Updated":"2015-11-16T17:14:32Z","IsDelete":false,"RequestChanged":false,"ExitsInGDT":false,"SourceID":0,"TinhThanhID":0,"TinhThanhTitle":"An Giang","TinhThanhTitleAscii":"/an-giang","QuanHuyenID":0,"NganhNgheTitle":"Giáo dục tiểu học","NganhNgheTitleAscii":"/nganh-nghe/giao-duc-tieu-hoc","DSTags":["1600813249","An Giang",null]},{"Type":11,"SolrID":"/1600156233-doanh-nghiep-tn-le-thanh-do","ID":0,"MaSoThue":"1600156233","NgayCap":"2005-03-14T00:00:00Z","Title":"Doanh Nghiệp TN Lê Thành Đô","DiaChiCongTy":"ấp Tân Khánh - Thị trấn Long Bình - Huyện An Phú - An Giang","Created":"2015-11-17T19:45:26Z","Updated":"2015-11-17T19:45:26Z","IsDelete":false,"RequestChanged":false,"ExitsInGDT":false,"SourceID":0,"TinhThanhID":0,"TinhThanhTitle":"An Giang","TinhThanhTitleAscii":"/an-giang","QuanHuyenID":0,"NganhNgheTitle":"Bán buôn thực phẩm","NganhNgheTitleAscii":"/nganh-nghe/ban-buon-thuc-pham","DSTags":["1600156233","An Giang",null]},{"Type":11,"SolrID":"/1600681680-doanh-nghiep-tn-buu-tien","ID":0,"MaSoThue":"1600681680","NgayCap":"2004-02-17T00:00:00Z","Title":"Doanh Nghiệp TN Bửu Tiền","DiaChiCongTy":"Xà Lan AG-13603-H, tổ 9, ấp Tân Thạnh - Thị trấn Long Bình - Huyện An Phú - An Giang","Created":"2015-11-17T01:08:39Z","Updated":"2015-11-17T01:08:39Z","IsDelete":false,"RequestChanged":false,"ExitsInGDT":false,"SourceID":0,"TinhThanhID":0,"TinhThanhTitle":"An Giang","TinhThanhTitleAscii":"/an-giang","QuanHuyenID":0,"NganhNgheTitle":"Bán buôn nhiên liệu rắn, lỏng, khí và các sản phẩm liên quan","NganhNgheTitleAscii":"/nganh-nghe/ban-buon-nhien-lieu-ran-long-khi-va-cac-san-pham-lien-quan","DSTags":["1600681680","An Giang",null]},{"Type":11,"SolrID":"/1600607119-doanh-nghiep-tn-dai-minh","ID":0,"MaSoThue":"1600607119","NgayCap":"2002-04-23T00:00:00Z","Title":"Doanh Nghiệp TN Đại Minh","DiaChiCongTy":"ấp Tân Bình - Thị trấn Long Bình - Huyện An Phú - An Giang","Created":"2015-11-09T20:21:18Z","Updated":"2015-11-09T20:21:18Z","IsDelete":false,"RequestChanged":false,"ExitsInGDT":false,"SourceID":0,"TinhThanhID":0,"TinhThanhTitle":"An Giang","TinhThanhTitleAscii":"/an-giang","QuanHuyenID":0,"NganhNgheTitle":"Sản xuất sản phẩm từ plastic","NganhNgheTitleAscii":"/nganh-nghe/san-xuat-san-pham-tu-plastic","DSTags":["1600607119","An Giang",null]},{"Type":11,"SolrID":"/1600461050-doanh-nghiep-tn-vinh-hoa","ID":0,"MaSoThue":"1600461050","NgayCap":"1999-11-08T00:00:00Z","Title":"Doanh Nghiệp TN Vĩnh Hòa","DiaChiCongTy":"ấp Tân Bình - Thị trấn Long Bình - Huyện An Phú - An Giang","Created":"2015-11-09T13:00:56Z","Updated":"2015-11-09T13:00:56Z","IsDelete":false,"RequestChanged":false,"ExitsInGDT":false,"SourceID":0,"TinhThanhID":0,"TinhThanhTitle":"An Giang","TinhThanhTitleAscii":"/an-giang","QuanHuyenID":0,"NganhNgheTitle":"Bán buôn kim loại và quặng kim loại","NganhNgheTitleAscii":"/nganh-nghe/ban-buon-kim-loai-va-quang-kim-loai","DSTags":["1600461050","An Giang",null]},{"Type":11,"SolrID":"/1600373950-doanh-nghiep-tn-thong-nhat","ID":0,"MaSoThue":"1600373950","NgayCap":"1998-11-23T00:00:00Z","Title":"Doanh Nghiệp TN Thống Nhất","DiaChiCongTy":"Tổ 8, ấp I - Thị trấn Long Bình - Huyện An Phú - An Giang","Created":"2015-11-11T08:54:30Z","Updated":"2015-11-11T08:54:30Z","IsDelete":false,"RequestChanged":false,"ExitsInGDT":false,"SourceID":0,"TinhThanhID":0,"TinhThanhTitle":"An Giang","TinhThanhTitleAscii":"/an-giang","QuanHuyenID":0,"NganhNgheTitle":"Bán buôn nhiên liệu rắn, lỏng, khí và các sản phẩm liên quan","NganhNgheTitleAscii":"/nganh-nghe/ban-buon-nhien-lieu-ran-long-khi-va-cac-san-pham-lien-quan","DSTags":["1600373950","An Giang",null]},{"Type":11,"SolrID":"/1600156459-doanh-nghiep-tn-ngoc-thuy","ID":0,"MaSoThue":"1600156459","NgayCap":"1998-09-18T00:00:00Z","Title":"Doanh Nghiệp TN Ngọc Thuỷ","DiaChiCongTy":"ấp Tân Bình - Thị trấn Long Bình - Huyện An Phú - An Giang","Created":"2015-11-10T01:44:17Z","Updated":"2015-11-10T01:44:17Z","IsDelete":false,"RequestChanged":false,"ExitsInGDT":false,"SourceID":0,"TinhThanhID":0,"TinhThanhTitle":"An Giang","TinhThanhTitleAscii":"/an-giang","QuanHuyenID":0,"NganhNgheTitle":"Bán buôn kim loại và quặng kim loại","NganhNgheTitleAscii":"/nganh-nghe/ban-buon-kim-loai-va-quang-kim-loai","DSTags":["1600156459","An Giang",null]},{"Type":11,"SolrID":"/1600141798-dntn-huu-du","ID":0,"MaSoThue":"1600141798","NgayCap":"1998-09-15T00:00:00Z","Title":"DNTN Hữu Dư","DiaChiCongTy":"ấp I, thị trấn Long Bình - Huyện An Phú - An Giang","Created":"2015-11-14T18:11:35Z","Updated":"2015-11-14T18:11:35Z","IsDelete":false,"RequestChanged":false,"ExitsInGDT":false,"SourceID":0,"TinhThanhID":0,"TinhThanhTitle":"An Giang","TinhThanhTitleAscii":"/an-giang","QuanHuyenID":0,"NganhNgheTitle":"Bán buôn (trừ ô tô, mô tô, xe máy và xe có động cơ khác)","NganhNgheTitleAscii":"/nganh-nghe/ban-buon-tru-o-to-mo-to-xe-may-va-xe-co-dong-co-khac","DSTags":["1600141798","An Giang",null]}]}