{"ID":5682,"SolrID":"/an-giang/huyen-an-phu/xa-nhon-hoi","Title":"Xã Nhơn Hội","TinhThanhTitle":"An Giang","QuanHuyenTitle":"Huyện An Phú","QuanHuyenID":274,"TinhThanhID":35,"Url":"https://thongtindoanhnghiep.co/api/company?l=/an-giang/huyen-an-phu/xa-nhon-hoi","Total":26,"List":[{"Type":11,"SolrID":"/1602089617-doanh-nghiep-tu-nhan-van-chuyen-hung-anh","ID":0,"MaSoThue":"1602089617","NgayCap":"2018-12-24T00:00:00Z","Title":"Doanh Nghiệp Tư Nhân Vận Chuyển Hùng Anh","DiaChiCongTy":"Ấp Tắc Trúc, Xã Nhơn Hội, Huyện An Phú, Tỉnh An Giang","Created":"2018-12-24T10:33:58Z","Updated":"2018-12-24T10:33:58Z","IsDelete":false,"RequestChanged":false,"ExitsInGDT":false,"SourceID":0,"TinhThanhID":0,"TinhThanhTitle":"An Giang","TinhThanhTitleAscii":"/an-giang","QuanHuyenID":0,"NganhNgheTitle":"Vận tải hàng hóa đường thuỷ nội địa","NganhNgheTitleAscii":"/nganh-nghe/van-tai-hang-hoa-duong-thuy-noi-dia","DSTags":["1602089617","An Giang",null]},{"Type":11,"SolrID":"/1601983652-cong-ty-cp-moi-truong-xanh-nguy-cong","ID":0,"MaSoThue":"1601983652","NgayCap":"2015-09-21T00:00:00Z","Title":"Công Ty CP Môi Trường Xanh Ngụy Cộng","DiaChiCongTy":"Tổ 26, ấp 1 Bắc Đại - Xã Nhơn Hội - Huyện An Phú - An Giang","Created":"2015-11-19T05:01:49Z","Updated":"2015-11-19T05:01:49Z","IsDelete":false,"RequestChanged":false,"ExitsInGDT":false,"SourceID":0,"TinhThanhID":0,"TinhThanhTitle":"An Giang","TinhThanhTitleAscii":"/an-giang","QuanHuyenID":0,"NganhNgheTitle":"Trồng rừng và chăm sóc rừng","NganhNgheTitleAscii":"/nganh-nghe/trong-rung-va-cham-soc-rung","DSTags":["1601983652","An Giang",null]},{"Type":11,"SolrID":"/1601925587-le-van-tu","ID":0,"MaSoThue":"1601925587","NgayCap":"2014-06-10T00:00:00Z","Title":"Lê Văn Tú","DiaChiCongTy":"ấp Búng Lớn, Xã Nhơn Hội - Huyện An Phú - An Giang","Created":"2015-11-14T18:54:17Z","Updated":"2015-11-14T18:54:17Z","IsDelete":false,"RequestChanged":false,"ExitsInGDT":false,"SourceID":0,"TinhThanhID":0,"TinhThanhTitle":"An Giang","TinhThanhTitleAscii":"/an-giang","QuanHuyenID":0,"NganhNgheTitle":"Bán buôn phân bón, thuốc trừ sâu và hóa chất khác sử dụng trong nông nghiệp","NganhNgheTitleAscii":"/nganh-nghe/ban-buon-phan-bon-thuoc-tru-sau-va-hoa-chat-khac-su-dung-trong-nong-nghiep","DSTags":["1601925587","An Giang",null]},{"Type":11,"SolrID":"/1601925097-nguyen-huynh-nui","ID":0,"MaSoThue":"1601925097","NgayCap":"2014-06-05T00:00:00Z","Title":"Nguyễn Huỳnh Núi","DiaChiCongTy":"ấp Búng Lớn, Xã Nhơn Hội - Huyện An Phú - An Giang","Created":"2015-11-14T18:53:07Z","Updated":"2015-11-14T18:53:07Z","IsDelete":false,"RequestChanged":false,"ExitsInGDT":false,"SourceID":0,"TinhThanhID":0,"TinhThanhTitle":"An Giang","TinhThanhTitleAscii":"/an-giang","QuanHuyenID":0,"NganhNgheTitle":"Bán lẻ thiết bị viễn thông trong các cửa hàng chuyên doanh","NganhNgheTitleAscii":"/nganh-nghe/ban-le-thiet-bi-vien-thong-trong-cac-cua-hang-chuyen-doanh","DSTags":["1601925097","An Giang",null]},{"Type":11,"SolrID":"/1601888367-cong-ty-tnhh-mot-thanh-vien-thuong-mai-dich-vu-luong-thuc-ha-dai-phat","ID":0,"MaSoThue":"1601888367","NgayCap":"2013-09-06T00:00:00Z","Title":"Công Ty TNHH Một Thành Viên Thương Mại Dịch Vụ Lương Thực Hà Đại Phát","DiaChiCongTy":"Số 499, Tổ 16, ấp Tắt Trúc - Xã Nhơn Hội - Huyện An Phú - An Giang","Created":"2015-11-11T18:49:04Z","Updated":"2015-11-11T18:49:04Z","IsDelete":false,"RequestChanged":false,"ExitsInGDT":false,"SourceID":0,"TinhThanhID":0,"TinhThanhTitle":"An Giang","TinhThanhTitleAscii":"/an-giang","QuanHuyenID":0,"NganhNgheTitle":"Bán buôn nông, lâm sản nguyên liệu (trừ gỗ, tre, nứa) và động vật sống","NganhNgheTitleAscii":"/nganh-nghe/ban-buon-nong-lam-san-nguyen-lieu-tru-go-tre-nua-va-dong-vat-song","DSTags":["1601888367","An Giang",null]},{"Type":11,"SolrID":"/1601880590-doanh-nghiep-tn-vang-van-khiem","ID":0,"MaSoThue":"1601880590","NgayCap":"2013-06-18T00:00:00Z","Title":"Doanh Nghiệp TN Vàng Văn Khiêm","DiaChiCongTy":"ấp Tắc Trúc - Xã Nhơn Hội - Huyện An Phú - An Giang","Created":"2015-11-16T11:56:42Z","Updated":"2015-11-16T11:56:42Z","IsDelete":false,"RequestChanged":false,"ExitsInGDT":false,"SourceID":0,"TinhThanhID":0,"TinhThanhTitle":"An Giang","TinhThanhTitleAscii":"/an-giang","QuanHuyenID":0,"NganhNgheTitle":"Bán buôn kim loại và quặng kim loại","NganhNgheTitleAscii":"/nganh-nghe/ban-buon-kim-loai-va-quang-kim-loai","DSTags":["1601880590","An Giang",null]},{"Type":11,"SolrID":"/1601852635-cong-ty-tnhh-tm-dv-xnk-nguyen-phat-loi","ID":0,"MaSoThue":"1601852635","NgayCap":"2012-12-27T00:00:00Z","Title":"Công Ty TNHH Tm-Dv-Xnk Nguyên Phát Lợi","DiaChiCongTy":"Số 783, Tổ 28, ấp Tắc Trúc - Xã Nhơn Hội - Huyện An Phú - An Giang","Created":"2015-11-12T01:00:21Z","Updated":"2015-11-12T01:00:21Z","IsDelete":false,"RequestChanged":false,"ExitsInGDT":false,"SourceID":0,"TinhThanhID":0,"TinhThanhTitle":"An Giang","TinhThanhTitleAscii":"/an-giang","QuanHuyenID":0,"NganhNgheTitle":"Bán buôn thực phẩm","NganhNgheTitleAscii":"/nganh-nghe/ban-buon-thuc-pham","DSTags":["1601852635","An Giang",null]},{"Type":11,"SolrID":"/1601841471-cong-ty-tnhh-mot-thanh-vien-thuong-mai-dich-vu-tuyet-nam","ID":0,"MaSoThue":"1601841471","NgayCap":"2012-11-13T00:00:00Z","Title":"Công Ty TNHH Một Thành Viên Thương Mại - Dịch Vụ Tuyết Nam","DiaChiCongTy":"Số 855, ấp Tắc Trúc - Xã Nhơn Hội - Huyện An Phú - An Giang","Created":"2015-11-12T02:05:36Z","Updated":"2015-11-12T02:05:36Z","IsDelete":false,"RequestChanged":false,"ExitsInGDT":false,"SourceID":0,"TinhThanhID":0,"TinhThanhTitle":"An Giang","TinhThanhTitleAscii":"/an-giang","QuanHuyenID":0,"NganhNgheTitle":"Bán buôn đồ dùng khác cho gia đình","NganhNgheTitleAscii":"/nganh-nghe/ban-buon-do-dung-khac-cho-gia-dinh","DSTags":["1601841471","An Giang",null]},{"Type":11,"SolrID":"/1601837789-cong-ty-tnhh-mot-thanh-vien-thuong-mai-dich-vu-nong-phat-nguyen","ID":0,"MaSoThue":"1601837789","NgayCap":"2012-10-12T00:00:00Z","Title":"Công Ty TNHH Một Thành Viên Thương Mại & Dịch Vụ Nông Phát Nguyên","DiaChiCongTy":"Tổ 34, ấp Tắc Trúc - Xã Nhơn Hội - Huyện An Phú - An Giang","Created":"2015-11-12T03:25:22Z","Updated":"2015-11-12T03:25:22Z","IsDelete":false,"RequestChanged":false,"ExitsInGDT":false,"SourceID":0,"TinhThanhID":0,"TinhThanhTitle":"An Giang","TinhThanhTitleAscii":"/an-giang","QuanHuyenID":0,"NganhNgheTitle":"Bán buôn chuyên doanh khác chưa được phân vào đâu","NganhNgheTitleAscii":"/nganh-nghe/ban-buon-chuyen-doanh-khac-chua-duoc-phan-vao-dau","DSTags":["1601837789","An Giang",null]},{"Type":11,"SolrID":"/1601837570-cong-ty-tnhh-mot-thanh-vien-dai-tan-phat","ID":0,"MaSoThue":"1601837570","NgayCap":"2012-10-11T00:00:00Z","Title":"Công Ty TNHH Một Thành Viên Đại Tân Phát","DiaChiCongTy":"Số 256, ấp Tắc Trúc - Xã Nhơn Hội - Huyện An Phú - An Giang","Created":"2015-11-12T03:25:45Z","Updated":"2015-11-12T03:25:45Z","IsDelete":false,"RequestChanged":false,"ExitsInGDT":false,"SourceID":0,"TinhThanhID":0,"TinhThanhTitle":"An Giang","TinhThanhTitleAscii":"/an-giang","QuanHuyenID":0,"NganhNgheTitle":"Bán buôn chuyên doanh khác chưa được phân vào đâu","NganhNgheTitleAscii":"/nganh-nghe/ban-buon-chuyen-doanh-khac-chua-duoc-phan-vao-dau","DSTags":["1601837570","An Giang",null]},{"Type":11,"SolrID":"/1601702132-cong-ty-tnhh-mot-thanh-vien-dau-bien","ID":0,"MaSoThue":"1601702132","NgayCap":"2012-04-02T00:00:00Z","Title":"Công Ty TNHH Một Thành Viên Dậu Biên","DiaChiCongTy":"Tổ 4, ấp Búng Lớn - Xã Nhơn Hội - Huyện An Phú - An Giang","Created":"2015-11-13T08:29:50Z","Updated":"2015-11-13T08:29:50Z","IsDelete":false,"RequestChanged":false,"ExitsInGDT":false,"SourceID":0,"TinhThanhID":0,"TinhThanhTitle":"An Giang","TinhThanhTitleAscii":"/an-giang","QuanHuyenID":0,"NganhNgheTitle":"Bán buôn gạo","NganhNgheTitleAscii":"/nganh-nghe/ban-buon-gao","DSTags":["1601702132","An Giang",null]},{"Type":11,"SolrID":"/1601688294-cong-ty-tnhh-mot-thanh-vien-xuat-nhap-khau-cao-hoa","ID":0,"MaSoThue":"1601688294","NgayCap":"2012-03-22T00:00:00Z","Title":"Công Ty TNHH Một Thành Viên Xuất Nhập Khẩu Cao Hóa","DiaChiCongTy":"ấp Tắc Trúc - Xã Nhơn Hội - Huyện An Phú - An Giang","Created":"2015-11-10T01:38:58Z","Updated":"2015-11-10T01:38:58Z","IsDelete":false,"RequestChanged":false,"ExitsInGDT":false,"SourceID":0,"TinhThanhID":0,"TinhThanhTitle":"An Giang","TinhThanhTitleAscii":"/an-giang","QuanHuyenID":0,"NganhNgheTitle":"Bán buôn chuyên doanh khác chưa được phân vào đâu","NganhNgheTitleAscii":"/nganh-nghe/ban-buon-chuyen-doanh-khac-chua-duoc-phan-vao-dau","DSTags":["1601688294","An Giang",null]},{"Type":11,"SolrID":"/1601335556-cao-van-hoa","ID":0,"MaSoThue":"1601335556","NgayCap":"2010-05-04T00:00:00Z","Title":"Cao Văn Hóa","DiaChiCongTy":"ấp Tắc Trúc, Xã Nhơn Hội - Huyện An Phú - An Giang","Created":"2015-11-15T20:11:44Z","Updated":"2015-11-15T20:11:44Z","IsDelete":false,"RequestChanged":false,"ExitsInGDT":false,"SourceID":0,"TinhThanhID":0,"TinhThanhTitle":"An Giang","TinhThanhTitleAscii":"/an-giang","QuanHuyenID":0,"NganhNgheTitle":"Sản xuất nước khoáng, nước tinh khiết đóng chai","NganhNgheTitleAscii":"/nganh-nghe/san-xuat-nuoc-khoang-nuoc-tinh-khiet-dong-chai","DSTags":["1601335556","An Giang",null]},{"Type":11,"SolrID":"/1601272810-nguyen-thi-dep","ID":0,"MaSoThue":"1601272810","NgayCap":"2009-12-25T00:00:00Z","Title":"Nguyễn Thị Đẹp","DiaChiCongTy":"ấp Tắc Trúc, Xã Nhơn Hội - Huyện An Phú - An Giang","Created":"2015-11-16T06:55:35Z","Updated":"2015-11-16T06:55:35Z","IsDelete":false,"RequestChanged":false,"ExitsInGDT":false,"SourceID":0,"TinhThanhID":0,"TinhThanhTitle":"An Giang","TinhThanhTitleAscii":"/an-giang","QuanHuyenID":0,"NganhNgheTitle":"Bán lẻ vàng, bạc, đá quí và đá bán quí, đồ trang sức trong các cửa hàng chuyên doanh","NganhNgheTitleAscii":"/nganh-nghe/ban-le-vang-bac-da-qui-va-da-ban-qui-do-trang-suc-trong-cac-cua-hang-chuyen-doanh","DSTags":["1601272810","An Giang",null]},{"Type":11,"SolrID":"/1400239764-006-chi-nhanh-dntn-nguyen-van-thep-ch-thanh-danh","ID":0,"MaSoThue":"1400239764-006","NgayCap":"2009-09-19T00:00:00Z","Title":"Chi nhánh DNTN Nguyễn Văn Thép - CH Thành Danh","DiaChiCongTy":"ấp Tắc Trúc, xã Nhơn Hội - Huyện An Phú - An Giang","Created":"2015-11-18T13:09:04Z","Updated":"2015-11-18T13:09:04Z","IsDelete":false,"RequestChanged":false,"ExitsInGDT":false,"SourceID":0,"TinhThanhID":0,"TinhThanhTitle":"An Giang","TinhThanhTitleAscii":"/an-giang","QuanHuyenID":0,"NganhNgheTitle":"Sản xuất xe có động cơ","NganhNgheTitleAscii":"/nganh-nghe/san-xuat-xe-co-dong-co-29100","DSTags":["1400239764-006","An Giang",null]},{"Type":11,"SolrID":"/1601186375-dang-ngoc-dung","ID":0,"MaSoThue":"1601186375","NgayCap":"2009-07-07T00:00:00Z","Title":"Đặng Ngọc Dũng","DiaChiCongTy":"ấp Búng Lớn, Xã Nhơn Hội - Xã Nhơn Hội - Huyện An Phú - An Giang","Created":"2015-11-16T12:10:47Z","Updated":"2015-11-16T12:10:47Z","IsDelete":false,"RequestChanged":false,"ExitsInGDT":false,"SourceID":0,"TinhThanhID":0,"TinhThanhTitle":"An Giang","TinhThanhTitleAscii":"/an-giang","QuanHuyenID":0,"NganhNgheTitle":"Hoạt động của các điểm truy cập internet","NganhNgheTitleAscii":"/nganh-nghe/hoat-dong-cua-cac-diem-truy-cap-internet","DSTags":["1601186375","An Giang",null]},{"Type":11,"SolrID":"/1601182194-tran-bach-tuyet","ID":0,"MaSoThue":"1601182194","NgayCap":"2009-06-26T00:00:00Z","Title":"Trần Bạch tuyết","DiaChiCongTy":"ấp Tắc Trúc, Xã Nhơn Hội - Xã Nhơn Hội - Huyện An Phú - An Giang","Created":"2015-11-16T12:44:51Z","Updated":"2015-11-16T12:44:51Z","IsDelete":false,"RequestChanged":false,"ExitsInGDT":false,"SourceID":0,"TinhThanhID":0,"TinhThanhTitle":"An Giang","TinhThanhTitleAscii":"/an-giang","QuanHuyenID":0,"NganhNgheTitle":"Sản xuất nước đá","NganhNgheTitleAscii":"/nganh-nghe/san-xuat-nuoc-da","DSTags":["1601182194","An Giang",null]},{"Type":11,"SolrID":"/1600903485-htx-nong-nghiep-nhon-hoa","ID":0,"MaSoThue":"1600903485","NgayCap":"2007-09-06T00:00:00Z","Title":"HTX  Nông Nghiệp Nhơn Hoà","DiaChiCongTy":"ấp 3, xã Nhơn Hội - Xã Nhơn Hội - Huyện An Phú - An Giang","Created":"2015-11-16T18:40:27Z","Updated":"2015-11-16T18:40:27Z","IsDelete":false,"RequestChanged":false,"ExitsInGDT":false,"SourceID":0,"TinhThanhID":0,"TinhThanhTitle":"An Giang","TinhThanhTitleAscii":"/an-giang","QuanHuyenID":0,"NganhNgheTitle":"Sản xuất máy bơm, máy nén, vòi và van khác","NganhNgheTitleAscii":"/nganh-nghe/san-xuat-may-bom-may-nen-voi-va-van-khac","DSTags":["1600903485","An Giang",null]},{"Type":11,"SolrID":"/1600835115-truong-trung-hoc-co-so-nhon-hoi","ID":0,"MaSoThue":"1600835115","NgayCap":"2006-04-10T00:00:00Z","Title":"Trường Trung học cơ sở Nhơn Hội","DiaChiCongTy":"ấp 2, xã Nhơn Hội - Huyện An Phú - An Giang","Created":"2015-11-16T17:29:51Z","Updated":"2015-11-16T17:29:51Z","IsDelete":false,"RequestChanged":false,"ExitsInGDT":false,"SourceID":0,"TinhThanhID":0,"TinhThanhTitle":"An Giang","TinhThanhTitleAscii":"/an-giang","QuanHuyenID":0,"NganhNgheTitle":"Giáo dục trung học cơ sở và trung học phổ thông","NganhNgheTitleAscii":"/nganh-nghe/giao-duc-trung-hoc-co-so-va-trung-hoc-pho-thong","DSTags":["1600835115","An Giang",null]},{"Type":11,"SolrID":"/1600813961-doanh-nghiep-tn-thai-ha","ID":0,"MaSoThue":"1600813961","NgayCap":"2005-11-14T00:00:00Z","Title":"Doanh Nghiệp TN Thái Hà","DiaChiCongTy":"ấp Tắc Trúc - Xã Nhơn Hội - Huyện An Phú - An Giang","Created":"2015-11-11T12:29:04Z","Updated":"2015-11-11T12:29:04Z","IsDelete":false,"RequestChanged":false,"ExitsInGDT":false,"SourceID":0,"TinhThanhID":0,"TinhThanhTitle":"An Giang","TinhThanhTitleAscii":"/an-giang","QuanHuyenID":0,"NganhNgheTitle":"Bán buôn chuyên doanh khác chưa được phân vào đâu","NganhNgheTitleAscii":"/nganh-nghe/ban-buon-chuyen-doanh-khac-chua-duoc-phan-vao-dau","DSTags":["1600813961","An Giang",null]},{"Type":11,"SolrID":"/1600709590-ubnd-xa-nhon-hoi","ID":0,"MaSoThue":"1600709590","NgayCap":"2004-08-06T00:00:00Z","Title":"UBND xã Nhơn Hội","DiaChiCongTy":"ấp 2, xã Nhơn Hội - Huyện An Phú - An Giang","Created":"2015-11-16T16:18:00Z","Updated":"2015-11-16T16:18:00Z","IsDelete":false,"RequestChanged":false,"ExitsInGDT":false,"SourceID":0,"TinhThanhID":0,"TinhThanhTitle":"An Giang","TinhThanhTitleAscii":"/an-giang","QuanHuyenID":0,"NganhNgheTitle":"Hoạt động của Đảng cộng sản, tổ chức chính trị - xã hội, hoạt động quản lý nhà nước nói chung và kinh tế tổng hợp","NganhNgheTitleAscii":"/nganh-nghe/hoat-dong-cua-dang-cong-san-to-chuc-chinh-tri-xa-hoi-hoat-dong-quan-ly-nha-nuoc-noi-chung-va-kinh-te-tong-hop","DSTags":["1600709590","An Giang",null]},{"Type":11,"SolrID":"/1600684392-truong-tieu-hoc-a-nhon-hoi","ID":0,"MaSoThue":"1600684392","NgayCap":"2004-03-02T00:00:00Z","Title":"Trường Tiểu học A Nhơn Hội","DiaChiCongTy":"ấp 2, xã Nhơn Hội - Huyện An Phú - An Giang","Created":"2015-11-16T15:51:01Z","Updated":"2015-11-16T15:51:01Z","IsDelete":false,"RequestChanged":false,"ExitsInGDT":false,"SourceID":0,"TinhThanhID":0,"TinhThanhTitle":"An Giang","TinhThanhTitleAscii":"/an-giang","QuanHuyenID":0,"NganhNgheTitle":"Giáo dục tiểu học","NganhNgheTitleAscii":"/nganh-nghe/giao-duc-tieu-hoc","DSTags":["1600684392","An Giang",null]},{"Type":11,"SolrID":"/1600683568-truong-tieu-hoc-b-nhon-hoi","ID":0,"MaSoThue":"1600683568","NgayCap":"2004-02-26T00:00:00Z","Title":"Trường Tiểu học B Nhơn Hội","DiaChiCongTy":"ấp 3. xã Nhơn Hội - Huyện An Phú - An Giang","Created":"2015-11-16T15:47:08Z","Updated":"2015-11-16T15:47:08Z","IsDelete":false,"RequestChanged":false,"ExitsInGDT":false,"SourceID":0,"TinhThanhID":0,"TinhThanhTitle":"An Giang","TinhThanhTitleAscii":"/an-giang","QuanHuyenID":0,"NganhNgheTitle":"Giáo dục tiểu học","NganhNgheTitleAscii":"/nganh-nghe/giao-duc-tieu-hoc","DSTags":["1600683568","An Giang",null]},{"Type":11,"SolrID":"/1600679392-doanh-nghiep-tn-thu-ba","ID":0,"MaSoThue":"1600679392","NgayCap":"2004-01-29T00:00:00Z","Title":"Doanh Nghiệp TN Thu Ba","DiaChiCongTy":"Xà lan AG-11000-H, ấp Tắc Trúc - Xã Nhơn Hội - Huyện An Phú - An Giang","Created":"2015-11-17T01:02:59Z","Updated":"2015-11-17T01:02:59Z","IsDelete":false,"RequestChanged":false,"ExitsInGDT":false,"SourceID":0,"TinhThanhID":0,"TinhThanhTitle":"An Giang","TinhThanhTitleAscii":"/an-giang","QuanHuyenID":0,"NganhNgheTitle":"Bán buôn nhiên liệu rắn, lỏng, khí và các sản phẩm liên quan","NganhNgheTitleAscii":"/nganh-nghe/ban-buon-nhien-lieu-ran-long-khi-va-cac-san-pham-lien-quan","DSTags":["1600679392","An Giang",null]},{"Type":11,"SolrID":"/1600163199-doanh-nghiep-tn-hong-xinh","ID":0,"MaSoThue":"1600163199","NgayCap":"2004-01-16T00:00:00Z","Title":"Doanh Nghiệp TN Hồng Xinh","DiaChiCongTy":"Xà Lan AG-12793-H, ấp Tắc Trúc - Xã Nhơn Hội - Huyện An Phú - An Giang","Created":"2015-11-17T04:52:01Z","Updated":"2015-11-17T04:52:01Z","IsDelete":false,"RequestChanged":false,"ExitsInGDT":false,"SourceID":0,"TinhThanhID":0,"TinhThanhTitle":"An Giang","TinhThanhTitleAscii":"/an-giang","QuanHuyenID":0,"NganhNgheTitle":"Bán buôn nhiên liệu rắn, lỏng, khí và các sản phẩm liên quan","NganhNgheTitleAscii":"/nganh-nghe/ban-buon-nhien-lieu-ran-long-khi-va-cac-san-pham-lien-quan","DSTags":["1600163199","An Giang",null]},{"Type":11,"SolrID":"/1600163488-van-khiem","ID":0,"MaSoThue":"1600163488","NgayCap":"1998-09-18T00:00:00Z","Title":"Văn Khiêm","DiaChiCongTy":"ấp Tắc Trúc, Xã Nhơn Hội - Huyện An Phú - An Giang","Created":"2015-11-14T18:01:43Z","Updated":"2015-11-14T18:01:43Z","IsDelete":false,"RequestChanged":false,"ExitsInGDT":false,"SourceID":0,"TinhThanhID":0,"TinhThanhTitle":"An Giang","TinhThanhTitleAscii":"/an-giang","QuanHuyenID":0,"NganhNgheTitle":"Bán lẻ hàng hóa khác trong các cửa hàng chuyên doanh","NganhNgheTitleAscii":"/nganh-nghe/ban-le-hang-hoa-khac-trong-cac-cua-hang-chuyen-doanh","DSTags":["1600163488","An Giang",null]}]}