{"ID":8432,"SolrID":"/an-giang/huyen-an-phu/xa-phuoc-hung","Title":"Xã Phước Hưng","TinhThanhTitle":"An Giang","QuanHuyenTitle":"Huyện An Phú","QuanHuyenID":274,"TinhThanhID":35,"Url":"https://thongtindoanhnghiep.co/api/company?l=/an-giang/huyen-an-phu/xa-phuoc-hung","Total":31,"List":[{"Type":11,"SolrID":"/1602146600-cong-ty-tnhh-mot-thanh-vien-xay-dung-huu-phuoc-an-phu","ID":0,"MaSoThue":"1602146600","NgayCap":"2021-04-28T00:00:00Z","Title":"Công Ty TNHH Một Thành Viên Xây Dựng Hữu Phước An Phú","DiaChiCongTy":"Số 3770, Tổ 10, Ấp Phước Mỹ, Xã Phước Hưng, Huyện An Phú, Tỉnh An Giang","Created":"2021-04-28T11:39:19Z","Updated":"2021-04-28T11:39:19Z","IsDelete":false,"RequestChanged":false,"ExitsInGDT":false,"SourceID":0,"TinhThanhID":0,"TinhThanhTitle":"An Giang","TinhThanhTitleAscii":"/an-giang","QuanHuyenID":0,"DSTags":["1602146600","An Giang",null]},{"Type":11,"SolrID":"/1602079263-cong-ty-tnhh-ngoc-quang-an-phu","ID":0,"MaSoThue":"1602079263","NgayCap":"2018-08-22T00:00:00Z","Title":"Công Ty TNHH Ngọc Quang An Phú","DiaChiCongTy":"Tổ 2, Ấp Phước Thạnh, Xã Phước Hưng, Huyện An Phú, Tỉnh An Giang","Created":"2018-08-23T12:34:26Z","Updated":"2018-08-23T12:34:26Z","IsDelete":false,"RequestChanged":false,"ExitsInGDT":false,"SourceID":0,"TinhThanhID":0,"TinhThanhTitle":"An Giang","TinhThanhTitleAscii":"/an-giang","QuanHuyenID":0,"NganhNgheTitle":"Bán buôn vật liệu, thiết bị lắp đặt khác trong xây dựng","NganhNgheTitleAscii":"/nganh-nghe/ban-buon-vat-lieu-thiet-bi-lap-dat-khac-trong-xay-dung","DSTags":["1602079263","An Giang",null]},{"Type":11,"SolrID":"/1602077058-cong-ty-tnhh-xay-du-ng-ton-ta-n","ID":0,"MaSoThue":"1602077058","NgayCap":"2018-07-25T00:00:00Z","Title":"Công Ty TNHH Xây Dựng Tôn Tấn","DiaChiCongTy":"Số 3952, Ấp Phước Mỹ, Xã Phước Hưng, Huyện An Phú, Tỉnh An Giang","Created":"2018-07-25T08:41:04Z","Updated":"2018-07-25T08:41:04Z","IsDelete":false,"RequestChanged":false,"ExitsInGDT":false,"SourceID":0,"TinhThanhID":0,"TinhThanhTitle":"An Giang","TinhThanhTitleAscii":"/an-giang","QuanHuyenID":0,"NganhNgheTitle":"Xây dựng công trình kỹ thuật dân dụng khác","NganhNgheTitleAscii":"/nganh-nghe/xay-dung-cong-trinh-ky-thuat-dan-dung-khac","DSTags":["1602077058","An Giang",null]},{"Type":11,"SolrID":"/1602063390-cong-ty-tnhh-mot-thanh-vien-vien-thong-ta-huu-phuoc","ID":0,"MaSoThue":"1602063390","NgayCap":"2018-01-31T00:00:00Z","Title":"Công Ty TNHH Một Thành Viên Viễn Thông Tạ Hữu Phước","DiaChiCongTy":"369, Ấp Phước Hòa, Xã Phước Hưng, Huyện An Phú, Tỉnh An Giang","Created":"2018-01-31T15:05:22Z","Updated":"2018-01-31T15:05:22Z","IsDelete":false,"RequestChanged":false,"ExitsInGDT":false,"SourceID":0,"TinhThanhID":0,"TinhThanhTitle":"An Giang","TinhThanhTitleAscii":"/an-giang","QuanHuyenID":0,"NganhNgheTitle":"Bán buôn thiết bị và linh kiện điện tử, viễn thông","NganhNgheTitleAscii":"/nganh-nghe/ban-buon-thiet-bi-va-linh-kien-dien-tu-vien-thong","DSTags":["1602063390","An Giang",null]},{"Type":11,"SolrID":"/1602051532-cong-ty-tnhh-mot-thanh-vien-vien-thong-thai-hien","ID":0,"MaSoThue":"1602051532","NgayCap":"2017-10-02T00:00:00Z","Title":"Công Ty TNHH Một Thành Viên Viễn Thông Thái Hiền","DiaChiCongTy":"Ấp Phước Hòa, Xã Phước Hưng, Huyện An Phú, Tỉnh An Giang","Created":"2017-10-02T14:57:03Z","Updated":"2017-10-02T14:57:03Z","IsDelete":false,"RequestChanged":false,"ExitsInGDT":false,"SourceID":0,"TinhThanhID":0,"TinhThanhTitle":"An Giang","TinhThanhTitleAscii":"/an-giang","QuanHuyenID":0,"NganhNgheTitle":"Bán buôn thiết bị và linh kiện điện tử, viễn thông","NganhNgheTitleAscii":"/nganh-nghe/ban-buon-thiet-bi-va-linh-kien-dien-tu-vien-thong","DSTags":["1602051532","An Giang",null]},{"Type":11,"SolrID":"/1602039895-cong-ty-tnhh-mot-thanh-vien-san-xuat-thuong-mai-om-5451","ID":0,"MaSoThue":"1602039895","NgayCap":"2017-05-09T00:00:00Z","Title":"Công Ty TNHH Một Thành Viên Sản Xuất Thương Mại Om 5451","DiaChiCongTy":"Ấp Phước Khánh, Xã Phước Hưng, Huyện An Phú, Tỉnh An Giang","Created":"2017-05-09T14:44:14Z","Updated":"2017-05-09T14:44:14Z","IsDelete":false,"RequestChanged":false,"ExitsInGDT":false,"SourceID":0,"TinhThanhID":0,"TinhThanhTitle":"An Giang","TinhThanhTitleAscii":"/an-giang","QuanHuyenID":0,"NganhNgheTitle":"Bán buôn nông, lâm sản nguyên liệu (trừ gỗ, tre, nứa) và động vật sống","NganhNgheTitleAscii":"/nganh-nghe/ban-buon-nong-lam-san-nguyen-lieu-tru-go-tre-nua-va-dong-vat-song","DSTags":["1602039895","An Giang",null]},{"Type":11,"SolrID":"/1601976140-ngo-van-truong","ID":0,"MaSoThue":"1601976140","NgayCap":"2015-06-24T00:00:00Z","Title":"Ngô Văn Trường","DiaChiCongTy":"ấp Phước Mỹ, Xã Phước Hưng - Xã Phước Hưng - Huyện An Phú - An Giang","Created":"2015-11-18T13:43:51Z","Updated":"2015-11-18T13:43:51Z","IsDelete":false,"RequestChanged":false,"ExitsInGDT":false,"SourceID":0,"TinhThanhID":0,"TinhThanhTitle":"An Giang","TinhThanhTitleAscii":"/an-giang","QuanHuyenID":0,"NganhNgheTitle":"Kinh doanh bất động sản, quyền sử dụng đất thuộc chủ sở hữu, chủ sử dụng hoặc đi thuê","NganhNgheTitleAscii":"/nganh-nghe/kinh-doanh-bat-dong-san-quyen-su-dung-dat-thuoc-chu-so-huu-chu-su-dung-hoac-di-thue","DSTags":["1601976140","An Giang",null]},{"Type":11,"SolrID":"/1601969619-cong-ty-tnhh-mot-thanh-vien-ba-quang-an-phu","ID":0,"MaSoThue":"1601969619","NgayCap":"2015-04-14T00:00:00Z","Title":"Công Ty TNHH Một Thành Viên Ba Quang An Phú","DiaChiCongTy":"ấp Phước Thạnh - Xã Phước Hưng - Huyện An Phú - An Giang","Created":"2015-11-17T08:55:29Z","Updated":"2015-11-17T08:55:29Z","IsDelete":false,"RequestChanged":false,"ExitsInGDT":false,"SourceID":0,"TinhThanhID":0,"TinhThanhTitle":"An Giang","TinhThanhTitleAscii":"/an-giang","QuanHuyenID":0,"NganhNgheTitle":"Bán buôn ô tô và xe có động cơ khác","NganhNgheTitleAscii":"/nganh-nghe/ban-buon-o-to-va-xe-co-dong-co-khac","DSTags":["1601969619","An Giang",null]},{"Type":11,"SolrID":"/1601967650-cong-ty-tnhh-mot-thanh-vien-giong-cay-trong-khai-dat","ID":0,"MaSoThue":"1601967650","NgayCap":"2015-03-24T00:00:00Z","Title":"Công Ty TNHH Một Thành Viên Giống Cây Trồng Khải Đạt","DiaChiCongTy":"Số 2483, ấp Phước Mỹ - Xã Phước Hưng - Huyện An Phú - An Giang","Created":"2015-11-17T05:50:12Z","Updated":"2015-11-17T05:50:12Z","IsDelete":false,"RequestChanged":false,"ExitsInGDT":false,"SourceID":0,"TinhThanhID":0,"TinhThanhTitle":"An Giang","TinhThanhTitleAscii":"/an-giang","QuanHuyenID":0,"NganhNgheTitle":"Xử lý hạt giống để nhân giống","NganhNgheTitleAscii":"/nganh-nghe/xu-ly-hat-giong-de-nhan-giong","DSTags":["1601967650","An Giang",null]},{"Type":11,"SolrID":"/1601966858-doanh-nghiep-tn-tan-tue-an-phu","ID":0,"MaSoThue":"1601966858","NgayCap":"2015-03-16T00:00:00Z","Title":"Doanh Nghiệp TN Tân Tuệ An Phú","DiaChiCongTy":"2285, Quốc lộ 91C, ấp Phước Mỹ - Xã Phước Hưng - Huyện An Phú - An Giang","Created":"2015-11-17T03:25:43Z","Updated":"2015-11-17T03:25:43Z","IsDelete":false,"RequestChanged":false,"ExitsInGDT":false,"SourceID":0,"TinhThanhID":0,"TinhThanhTitle":"An Giang","TinhThanhTitleAscii":"/an-giang","QuanHuyenID":0,"NganhNgheTitle":"Bán buôn vật liệu, thiết bị lắp đặt khác trong xây dựng","NganhNgheTitleAscii":"/nganh-nghe/ban-buon-vat-lieu-thiet-bi-lap-dat-khac-trong-xay-dung","DSTags":["1601966858","An Giang",null]},{"Type":11,"SolrID":"/1601923163-cong-ty-tnhh-mot-thanh-vien-tu-van-xay-dung-akt","ID":0,"MaSoThue":"1601923163","NgayCap":"2014-05-19T00:00:00Z","Title":"Công Ty TNHH Một Thành Viên Tư Vấn Xây Dựng Akt","DiaChiCongTy":"Số 2562, Tổ 17, ấp Phước Mỹ - Xã Phước Hưng - Huyện An Phú - An Giang","Created":"2015-11-09T14:34:00Z","Updated":"2015-11-09T14:34:00Z","IsDelete":false,"RequestChanged":false,"ExitsInGDT":false,"SourceID":0,"TinhThanhID":0,"TinhThanhTitle":"An Giang","TinhThanhTitleAscii":"/an-giang","QuanHuyenID":0,"NganhNgheTitle":"Xây dựng nhà các loại","NganhNgheTitleAscii":"/nganh-nghe/xay-dung-nha-cac-loai","DSTags":["1601923163","An Giang",null]},{"Type":11,"SolrID":"/1601903872-002-chi-nhanh-cong-ty-tnhh-mot-thanh-vien-giang-ngoc-nam-cua-hang-vat-lieu-xay-dung-tam-binh","ID":0,"MaSoThue":"1601903872-002","NgayCap":"2014-01-14T00:00:00Z","Title":"Chi Nhánh Công Ty TNHH Một Thành Viên Giang Ngọc Nam - Cửa Hàng Vật Liệu Xây Dựng Tám Bình","DiaChiCongTy":"Tổ 14, ấp Phước Thạnh - Xã Phước Hưng - Huyện An Phú - An Giang","Created":"2015-11-11T01:33:39Z","Updated":"2015-11-11T01:33:39Z","IsDelete":false,"RequestChanged":false,"ExitsInGDT":false,"SourceID":0,"TinhThanhID":0,"TinhThanhTitle":"An Giang","TinhThanhTitleAscii":"/an-giang","QuanHuyenID":0,"NganhNgheTitle":"Bán buôn vật liệu, thiết bị lắp đặt khác trong xây dựng","NganhNgheTitleAscii":"/nganh-nghe/ban-buon-vat-lieu-thiet-bi-lap-dat-khac-trong-xay-dung","DSTags":["1601903872-002","An Giang",null]},{"Type":11,"SolrID":"/1601879972-doanh-nghiep-tn-tiem-vang-duy-duc","ID":0,"MaSoThue":"1601879972","NgayCap":"2013-06-13T00:00:00Z","Title":"Doanh Nghiệp TN Tiệm Vàng Duy Đức","DiaChiCongTy":"Số 12, ấp Phước Hòa - Xã Phước Hưng - Huyện An Phú - An Giang","Created":"2015-11-16T21:37:28Z","Updated":"2015-11-16T21:37:28Z","IsDelete":false,"RequestChanged":false,"ExitsInGDT":false,"SourceID":0,"TinhThanhID":0,"TinhThanhTitle":"An Giang","TinhThanhTitleAscii":"/an-giang","QuanHuyenID":0,"NganhNgheTitle":"Bán buôn kim loại và quặng kim loại","NganhNgheTitleAscii":"/nganh-nghe/ban-buon-kim-loai-va-quang-kim-loai","DSTags":["1601879972","An Giang",null]},{"Type":11,"SolrID":"/1601867293-cong-ty-tnhh-mot-thanh-vien-thuong-mai-dich-vu-kim-thanh-ngoc","ID":0,"MaSoThue":"1601867293","NgayCap":"2013-03-22T00:00:00Z","Title":"Công Ty TNHH Một Thành Viên Thương Mại Dịch Vụ Kim Thành Ngọc","DiaChiCongTy":"ấp Phước Khánh - Xã Phước Hưng - Huyện An Phú - An Giang","Created":"2015-11-10T00:53:43Z","Updated":"2015-11-10T00:53:43Z","IsDelete":false,"RequestChanged":false,"ExitsInGDT":false,"SourceID":0,"TinhThanhID":0,"TinhThanhTitle":"An Giang","TinhThanhTitleAscii":"/an-giang","QuanHuyenID":0,"NganhNgheTitle":"Bán buôn vật liệu, thiết bị lắp đặt khác trong xây dựng","NganhNgheTitleAscii":"/nganh-nghe/ban-buon-vat-lieu-thiet-bi-lap-dat-khac-trong-xay-dung","DSTags":["1601867293","An Giang",null]},{"Type":11,"SolrID":"/1601865345-trieu-hung-nam","ID":0,"MaSoThue":"1601865345","NgayCap":"2013-03-07T00:00:00Z","Title":"Triệu Hưng Nam","DiaChiCongTy":"ấp Phước Hòa, Xã Phước Hưng - Huyện An Phú - An Giang","Created":"2015-11-15T21:45:04Z","Updated":"2015-11-15T21:45:04Z","IsDelete":false,"RequestChanged":false,"ExitsInGDT":false,"SourceID":0,"TinhThanhID":0,"TinhThanhTitle":"An Giang","TinhThanhTitleAscii":"/an-giang","QuanHuyenID":0,"NganhNgheTitle":"Bán buôn gạo","NganhNgheTitleAscii":"/nganh-nghe/ban-buon-gao","DSTags":["1601865345","An Giang",null]},{"Type":11,"SolrID":"/1601847882-doanh-nghiep-tn-xay-dung-thuan-an-cu","ID":0,"MaSoThue":"1601847882","NgayCap":"2012-12-12T00:00:00Z","Title":"Doanh Nghiệp TN Xây Dựng Thuận An Cư","DiaChiCongTy":"Số 2611, ấp Phuớc Mỹ - Xã Phước Hưng - Huyện An Phú - An Giang","Created":"2015-11-09T13:20:18Z","Updated":"2015-11-09T13:20:18Z","IsDelete":false,"RequestChanged":false,"ExitsInGDT":false,"SourceID":0,"TinhThanhID":0,"TinhThanhTitle":"An Giang","TinhThanhTitleAscii":"/an-giang","QuanHuyenID":0,"NganhNgheTitle":"Xây dựng nhà các loại","NganhNgheTitleAscii":"/nganh-nghe/xay-dung-nha-cac-loai","DSTags":["1601847882","An Giang",null]},{"Type":11,"SolrID":"/1600824508-002-chi-nhanh-doanh-nghiep-tu-nhan-truong-vu-2","ID":0,"MaSoThue":"1600824508-002","NgayCap":"2011-08-09T00:00:00Z","Title":"Chi Nhánh Doanh Nghiệp Tư Nhân Trương Vũ 2","DiaChiCongTy":"âp Phước Thạnh - Xã Phước Hưng - Huyện An Phú - An Giang","Created":"2015-11-11T07:07:34Z","Updated":"2015-11-11T07:07:34Z","IsDelete":false,"RequestChanged":false,"ExitsInGDT":false,"SourceID":0,"TinhThanhID":0,"TinhThanhTitle":"An Giang","TinhThanhTitleAscii":"/an-giang","QuanHuyenID":0,"NganhNgheTitle":"Bán buôn nhiên liệu rắn, lỏng, khí và các sản phẩm liên quan","NganhNgheTitleAscii":"/nganh-nghe/ban-buon-nhien-lieu-ran-long-khi-va-cac-san-pham-lien-quan","DSTags":["1600824508-002","An Giang",null]},{"Type":11,"SolrID":"/1601316930-doanh-nghiep-tn-thanh-tuu","ID":0,"MaSoThue":"1601316930","NgayCap":"2010-03-26T00:00:00Z","Title":"Doanh Nghiệp TN Thành Tựu","DiaChiCongTy":"ấP Phước Hòa - Xã Phước Hưng - Huyện An Phú - An Giang","Created":"2015-11-09T03:04:17Z","Updated":"2015-11-09T03:04:17Z","IsDelete":false,"RequestChanged":false,"ExitsInGDT":false,"SourceID":0,"TinhThanhID":0,"TinhThanhTitle":"An Giang","TinhThanhTitleAscii":"/an-giang","QuanHuyenID":0,"NganhNgheTitle":"Bán buôn nhiên liệu rắn, lỏng, khí và các sản phẩm liên quan","NganhNgheTitleAscii":"/nganh-nghe/ban-buon-nhien-lieu-ran-long-khi-va-cac-san-pham-lien-quan","DSTags":["1601316930","An Giang",null]},{"Type":11,"SolrID":"/1601209086-cty-tnhh-mot-thanh-vien-phuoc-hiep-hung","ID":0,"MaSoThue":"1601209086","NgayCap":"2009-08-20T00:00:00Z","Title":"Cty TNHH Một Thành Viên Phước Hiệp Hưng","DiaChiCongTy":"ấp Phước Thạnh - Xã Phước Hưng - Huyện An Phú - An Giang","Created":"2015-11-11T09:53:43Z","Updated":"2015-11-11T09:53:43Z","IsDelete":false,"RequestChanged":false,"ExitsInGDT":false,"SourceID":0,"TinhThanhID":0,"TinhThanhTitle":"An Giang","TinhThanhTitleAscii":"/an-giang","QuanHuyenID":0,"NganhNgheTitle":"Bán buôn (trừ ô tô, mô tô, xe máy và xe có động cơ khác)","NganhNgheTitleAscii":"/nganh-nghe/ban-buon-tru-o-to-mo-to-xe-may-va-xe-co-dong-co-khac","DSTags":["1601209086","An Giang",null]},{"Type":11,"SolrID":"/1601193213-cty-tnhh-mot-thanh-vien-tm-thai-ngoc","ID":0,"MaSoThue":"1601193213","NgayCap":"2009-07-17T00:00:00Z","Title":"Cty TNHH Một Thành Viên TM Thái Ngọc","DiaChiCongTy":"ấp Phước Thạnh, xã Phước Hưng - Huyện An Phú - An Giang","Created":"2015-11-09T02:43:12Z","Updated":"2015-11-09T02:43:12Z","IsDelete":false,"RequestChanged":false,"ExitsInGDT":false,"SourceID":0,"TinhThanhID":0,"TinhThanhTitle":"An Giang","TinhThanhTitleAscii":"/an-giang","QuanHuyenID":0,"NganhNgheTitle":"Bán buôn (trừ ô tô, mô tô, xe máy và xe có động cơ khác)","NganhNgheTitleAscii":"/nganh-nghe/ban-buon-tru-o-to-mo-to-xe-may-va-xe-co-dong-co-khac","DSTags":["1601193213","An Giang",null]},{"Type":11,"SolrID":"/1601117188-cty-tnhh-mot-thanh-vien-huy-hung","ID":0,"MaSoThue":"1601117188","NgayCap":"2009-05-06T00:00:00Z","Title":"Cty TNHH Một Thành Viên Huy Hùng","DiaChiCongTy":"ấp Phước Thạnh, xã Phước Hưng - Huyện An Phú - An Giang","Created":"2015-11-11T07:13:18Z","Updated":"2015-11-11T07:13:18Z","IsDelete":false,"RequestChanged":false,"ExitsInGDT":false,"SourceID":0,"TinhThanhID":0,"TinhThanhTitle":"An Giang","TinhThanhTitleAscii":"/an-giang","QuanHuyenID":0,"NganhNgheTitle":"Bán buôn (trừ ô tô, mô tô, xe máy và xe có động cơ khác)","NganhNgheTitleAscii":"/nganh-nghe/ban-buon-tru-o-to-mo-to-xe-may-va-xe-co-dong-co-khac","DSTags":["1601117188","An Giang",null]},{"Type":11,"SolrID":"/1600824508-001-chi-nhanh-dntn-truong-vu-2","ID":0,"MaSoThue":"1600824508-001","NgayCap":"2008-09-17T00:00:00Z","Title":"Chi Nhánh DNTN Trương Vũ 2","DiaChiCongTy":"ấp Phước Thạnh, xã Phước Hưng - Huyện An Phú - An Giang","Created":"2015-11-18T09:19:43Z","Updated":"2015-11-18T09:19:43Z","IsDelete":false,"RequestChanged":false,"ExitsInGDT":false,"SourceID":0,"TinhThanhID":0,"TinhThanhTitle":"An Giang","TinhThanhTitleAscii":"/an-giang","QuanHuyenID":0,"NganhNgheTitle":"Bán lẻ nhiên liệu động cơ trong các cửa hàng chuyên doanh","NganhNgheTitleAscii":"/nganh-nghe/ban-le-nhien-lieu-dong-co-trong-cac-cua-hang-chuyen-doanh","DSTags":["1600824508-001","An Giang",null]},{"Type":11,"SolrID":"/1600958910-cty-tnhh-mot-thanh-vien-tm-thuan-dien","ID":0,"MaSoThue":"1600958910","NgayCap":"2008-05-02T00:00:00Z","Title":"Cty TNHH Một Thành Viên TM Thuận Điền","DiaChiCongTy":"ấp Phước Thạnh, xã Phước Hưng - Huyện An Phú - An Giang","Created":"2015-11-13T22:39:04Z","Updated":"2015-11-13T22:39:04Z","IsDelete":false,"RequestChanged":false,"ExitsInGDT":false,"SourceID":0,"TinhThanhID":0,"TinhThanhTitle":"An Giang","TinhThanhTitleAscii":"/an-giang","QuanHuyenID":0,"NganhNgheTitle":"Bán buôn (trừ ô tô, mô tô, xe máy và xe có động cơ khác)","NganhNgheTitleAscii":"/nganh-nghe/ban-buon-tru-o-to-mo-to-xe-may-va-xe-co-dong-co-khac","DSTags":["1600958910","An Giang",null]},{"Type":11,"SolrID":"/1600896397-dntn-mai-tam","ID":0,"MaSoThue":"1600896397","NgayCap":"2007-07-10T00:00:00Z","Title":"DNTN Mai Tâm","DiaChiCongTy":"ấp 2, xã Phước Hưng - Huyện An Phú - An Giang","Created":"2015-11-11T11:55:56Z","Updated":"2015-11-11T11:55:56Z","IsDelete":false,"RequestChanged":false,"ExitsInGDT":false,"SourceID":0,"TinhThanhID":0,"TinhThanhTitle":"An Giang","TinhThanhTitleAscii":"/an-giang","QuanHuyenID":0,"NganhNgheTitle":"Bán buôn (trừ ô tô, mô tô, xe máy và xe có động cơ khác)","NganhNgheTitleAscii":"/nganh-nghe/ban-buon-tru-o-to-mo-to-xe-may-va-xe-co-dong-co-khac","DSTags":["1600896397","An Giang",null]},{"Type":11,"SolrID":"/1600894720-hop-tac-xa-nong-nghiep-hung-thinh","ID":0,"MaSoThue":"1600894720","NgayCap":"2007-06-19T00:00:00Z","Title":"Hợp tác xã Nông nghiệp Hưng Thịnh","DiaChiCongTy":"Tổ 7, ấp 1, xã Phước Hưng - Xã Phước Hưng - Huyện An Phú - An Giang","Created":"2015-11-17T03:58:53Z","Updated":"2015-11-17T03:58:53Z","IsDelete":false,"RequestChanged":false,"ExitsInGDT":false,"SourceID":0,"TinhThanhID":0,"TinhThanhTitle":"An Giang","TinhThanhTitleAscii":"/an-giang","QuanHuyenID":0,"NganhNgheTitle":"Hoạt động dịch vụ nông nghiệp","NganhNgheTitleAscii":"/nganh-nghe/hoat-dong-dich-vu-nong-nghiep","DSTags":["1600894720","An Giang",null]},{"Type":11,"SolrID":"/1600886889-cong-ty-tnhh-hoang-nam","ID":0,"MaSoThue":"1600886889","NgayCap":"2007-03-27T00:00:00Z","Title":"Công ty TNHH Hoàng Nam","DiaChiCongTy":"ấp 3, xã Phước Hưng - Huyện An Phú - An Giang","Created":"2015-11-14T05:06:15Z","Updated":"2015-11-14T05:06:15Z","IsDelete":false,"RequestChanged":false,"ExitsInGDT":false,"SourceID":0,"TinhThanhID":0,"TinhThanhTitle":"An Giang","TinhThanhTitleAscii":"/an-giang","QuanHuyenID":0,"NganhNgheTitle":"Tái chế phế liệu phi kim loại","NganhNgheTitleAscii":"/nganh-nghe/tai-che-phe-lieu-phi-kim-loai","DSTags":["1600886889","An Giang",null]},{"Type":11,"SolrID":"/1600753014-truong-mau-giao-phuoc-hung","ID":0,"MaSoThue":"1600753014","NgayCap":"2004-12-07T00:00:00Z","Title":"Trường Mẫu giáo Phước Hưng","DiaChiCongTy":"ấp 2, xã Phước Hưng - Huyện An Phú - An Giang","Created":"2015-11-16T05:08:16Z","Updated":"2015-11-16T05:08:16Z","IsDelete":false,"RequestChanged":false,"ExitsInGDT":false,"SourceID":0,"TinhThanhID":0,"TinhThanhTitle":"An Giang","TinhThanhTitleAscii":"/an-giang","QuanHuyenID":0,"NganhNgheTitle":"Giáo dục mầm non","NganhNgheTitleAscii":"/nganh-nghe/giao-duc-mam-non","DSTags":["1600753014","An Giang",null]},{"Type":11,"SolrID":"/1600749177-truong-tieu-hoc-a-phuoc-hung","ID":0,"MaSoThue":"1600749177","NgayCap":"2004-11-23T00:00:00Z","Title":"Trường Tiểu học A Phước Hưng","DiaChiCongTy":"ấp 1, xã Phước Hưng - Huyện An Phú - An Giang","Created":"2015-11-16T16:23:38Z","Updated":"2015-11-16T16:23:38Z","IsDelete":false,"RequestChanged":false,"ExitsInGDT":false,"SourceID":0,"TinhThanhID":0,"TinhThanhTitle":"An Giang","TinhThanhTitleAscii":"/an-giang","QuanHuyenID":0,"NganhNgheTitle":"Giáo dục tiểu học","NganhNgheTitleAscii":"/nganh-nghe/giao-duc-tieu-hoc","DSTags":["1600749177","An Giang",null]},{"Type":11,"SolrID":"/1600749184-truong-tieu-hoc-b-phuoc-hung","ID":0,"MaSoThue":"1600749184","NgayCap":"2004-11-23T00:00:00Z","Title":"Trường Tiểu học B Phước Hưng","DiaChiCongTy":"ấp 2, xã Phước Hưng - Huyện An Phú - An Giang","Created":"2015-11-16T05:08:36Z","Updated":"2015-11-16T05:08:36Z","IsDelete":false,"RequestChanged":false,"ExitsInGDT":false,"SourceID":0,"TinhThanhID":0,"TinhThanhTitle":"An Giang","TinhThanhTitleAscii":"/an-giang","QuanHuyenID":0,"NganhNgheTitle":"Giáo dục tiểu học","NganhNgheTitleAscii":"/nganh-nghe/giao-duc-tieu-hoc","DSTags":["1600749184","An Giang",null]},{"Type":11,"SolrID":"/1600685653-truong-thcs-phuoc-hung","ID":0,"MaSoThue":"1600685653","NgayCap":"2004-03-12T00:00:00Z","Title":"Trường THCS Phước Hưng","DiaChiCongTy":"ấp II - xã Phước Hưng - Huyện An Phú - An Giang","Created":"2015-11-16T15:57:07Z","Updated":"2015-11-16T15:57:07Z","IsDelete":false,"RequestChanged":false,"ExitsInGDT":false,"SourceID":0,"TinhThanhID":0,"TinhThanhTitle":"An Giang","TinhThanhTitleAscii":"/an-giang","QuanHuyenID":0,"NganhNgheTitle":"Giáo dục trung học cơ sở và trung học phổ thông","NganhNgheTitleAscii":"/nganh-nghe/giao-duc-trung-hoc-co-so-va-trung-hoc-pho-thong","DSTags":["1600685653","An Giang",null]},{"Type":11,"SolrID":"/1600386759-ubnd-xa-phuoc-hung","ID":0,"MaSoThue":"1600386759","NgayCap":"1999-02-23T00:00:00Z","Title":"UBND Xã Phước Hưng","DiaChiCongTy":"Xã Phước Hưng - Huyện An Phú - An Giang","Created":"2015-11-14T16:38:37Z","Updated":"2015-11-14T16:38:37Z","IsDelete":false,"RequestChanged":false,"ExitsInGDT":false,"SourceID":0,"TinhThanhID":0,"TinhThanhTitle":"An Giang","TinhThanhTitleAscii":"/an-giang","QuanHuyenID":0,"NganhNgheTitle":"Hoạt động quản lý nhà nước nói chung và kinh tế tổng hợp","NganhNgheTitleAscii":"/nganh-nghe/hoat-dong-quan-ly-nha-nuoc-noi-chung-va-kinh-te-tong-hop","DSTags":["1600386759","An Giang",null]}]}