{"ID":9169,"SolrID":"/an-giang/huyen-an-phu/xa-phu-hoi","Title":"Xã Phú Hội","TinhThanhTitle":"An Giang","QuanHuyenTitle":"Huyện An Phú","QuanHuyenID":274,"TinhThanhID":35,"Url":"https://thongtindoanhnghiep.co/api/company?l=/an-giang/huyen-an-phu/xa-phu-hoi","Total":28,"List":[{"Type":11,"SolrID":"/1602146255-cong-ty-tnhh-chan-nuoi-thanh-tam","ID":0,"MaSoThue":"1602146255","NgayCap":"2021-04-22T00:00:00Z","Title":"Công Ty TNHH Chăn Nuôi Thành Tâm","DiaChiCongTy":"Tổ 14, Ấp Phú Mỹ, Xã Phú Hội, Huyện An Phú, Tỉnh An Giang","Created":"2021-04-22T08:36:28Z","Updated":"2021-04-22T08:36:28Z","IsDelete":false,"RequestChanged":false,"ExitsInGDT":false,"SourceID":0,"TinhThanhID":0,"TinhThanhTitle":"An Giang","TinhThanhTitleAscii":"/an-giang","QuanHuyenID":0,"NganhNgheTitle":"Chế biến, bảo quản thịt và các sản phẩm từ thịt","NganhNgheTitleAscii":"/nganh-nghe/che-bien-bao-quan-thit-va-cac-san-pham-tu-thit","DSTags":["1602146255","An Giang",null]},{"Type":11,"SolrID":"/1602074811-cong-ty-tnhh-xay-dung-va-dich-vu-thuan-tien","ID":0,"MaSoThue":"1602074811","NgayCap":"2018-06-19T00:00:00Z","Title":"Công Ty TNHH Xây Dựng Và Dịch Vụ Thuận Tiến","DiaChiCongTy":"Ấp Phú Mỹ, Xã Phú Hội, Huyện An Phú, Tỉnh An Giang","Created":"2018-06-19T11:34:30Z","Updated":"2018-06-19T11:34:30Z","IsDelete":false,"RequestChanged":false,"ExitsInGDT":false,"SourceID":0,"TinhThanhID":0,"TinhThanhTitle":"An Giang","TinhThanhTitleAscii":"/an-giang","QuanHuyenID":0,"NganhNgheTitle":"Hoạt động kiến trúc và tư vấn kỹ thuật có liên quan","NganhNgheTitleAscii":"/nganh-nghe/hoat-dong-kien-truc-va-tu-van-ky-thuat-co-lien-quan","DSTags":["1602074811","An Giang",null]},{"Type":11,"SolrID":"/1602064299-cong-ty-tnhh-mot-thanh-vien-hoang-minh-nguyen-an-phu","ID":0,"MaSoThue":"1602064299","NgayCap":"2018-02-27T00:00:00Z","Title":"Công Ty TNHH Một Thành Viên Hoàng Minh Nguyễn An Phú","DiaChiCongTy":"Số nhà 2910, Tổ 28, Ấp Phú Mỹ, Xã Phú Hội, Huyện An Phú, Tỉnh An Giang","Created":"2018-02-27T09:34:34Z","Updated":"2018-02-27T09:34:34Z","IsDelete":false,"RequestChanged":false,"ExitsInGDT":false,"SourceID":0,"TinhThanhID":0,"TinhThanhTitle":"An Giang","TinhThanhTitleAscii":"/an-giang","QuanHuyenID":0,"NganhNgheTitle":"Bán buôn vật liệu, thiết bị lắp đặt khác trong xây dựng","NganhNgheTitleAscii":"/nganh-nghe/ban-buon-vat-lieu-thiet-bi-lap-dat-khac-trong-xay-dung","DSTags":["1602064299","An Giang",null]},{"Type":11,"SolrID":"/1602054195-cong-ty-tnhh-mot-thanh-vien-xay-dung-hong-phan","ID":0,"MaSoThue":"1602054195","NgayCap":"2017-11-04T00:00:00Z","Title":"Công Ty TNHH Một Thành Viên Xây Dựng Hồng Phấn","DiaChiCongTy":"Số 2307, Tổ 30, Ấp Phú Mỹ, Xã Phú Hội, Huyện An Phú, Tỉnh An Giang","Created":"2017-11-04T09:06:14Z","Updated":"2017-11-04T09:06:14Z","IsDelete":false,"RequestChanged":false,"ExitsInGDT":false,"SourceID":0,"TinhThanhID":0,"TinhThanhTitle":"An Giang","TinhThanhTitleAscii":"/an-giang","QuanHuyenID":0,"NganhNgheTitle":"Xây dựng nhà các loại","NganhNgheTitleAscii":"/nganh-nghe/xay-dung-nha-cac-loai","DSTags":["1602054195","An Giang",null]},{"Type":11,"SolrID":"/1602043281-cong-ty-tnhh-mot-thanh-vien-vien-thong-nguyen-van-duc","ID":0,"MaSoThue":"1602043281","NgayCap":"2017-06-21T00:00:00Z","Title":"Công Ty TNHH Một Thành Viên Viễn Thông Nguyễn Văn Đức","DiaChiCongTy":"Ấp Phú Trung, Xã Phú Hội, Huyện An Phú, Tỉnh An Giang","Created":"2017-06-21T11:32:00Z","Updated":"2017-06-21T11:32:00Z","IsDelete":false,"RequestChanged":false,"ExitsInGDT":false,"SourceID":0,"TinhThanhID":0,"TinhThanhTitle":"An Giang","TinhThanhTitleAscii":"/an-giang","QuanHuyenID":0,"NganhNgheTitle":"Bán buôn thiết bị và linh kiện điện tử, viễn thông","NganhNgheTitleAscii":"/nganh-nghe/ban-buon-thiet-bi-va-linh-kien-dien-tu-vien-thong","DSTags":["1602043281","An Giang",null]},{"Type":11,"SolrID":"/1602038676-cong-ty-tnhh-mot-thanh-vien-xay-dung-cao-nho","ID":0,"MaSoThue":"1602038676","NgayCap":"2017-04-24T00:00:00Z","Title":"Công Ty TNHH Một Thành Viên Xây Dựng Cao Nhỏ","DiaChiCongTy":"Ấp Phú Nhơn, Xã Phú Hội, Huyện An Phú, Tỉnh An Giang","Created":"2017-04-24T12:40:44Z","Updated":"2017-04-24T12:40:44Z","IsDelete":false,"RequestChanged":false,"ExitsInGDT":false,"SourceID":0,"TinhThanhID":0,"TinhThanhTitle":"An Giang","TinhThanhTitleAscii":"/an-giang","QuanHuyenID":0,"NganhNgheTitle":"Bán buôn vật liệu, thiết bị lắp đặt khác trong xây dựng","NganhNgheTitleAscii":"/nganh-nghe/ban-buon-vat-lieu-thiet-bi-lap-dat-khac-trong-xay-dung","DSTags":["1602038676","An Giang",null]},{"Type":11,"SolrID":"/1602014040-cong-ty-tnhh-mot-thanh-vien-anh-huy-an-phu","ID":0,"MaSoThue":"1602014040","NgayCap":"2016-07-09T00:00:00Z","Title":"Công Ty TNHH Một Thành Viên Anh Huy An Phú","DiaChiCongTy":"ấp Phú Mỹ - Xã Phú Hội - Huyện An Phú - An Giang","Created":"2016-07-14T14:44:16Z","Updated":"2016-09-10T22:32:59Z","IsDelete":false,"RequestChanged":false,"ExitsInGDT":false,"SourceID":0,"TinhThanhID":0,"TinhThanhTitle":"An Giang","TinhThanhTitleAscii":"/an-giang","QuanHuyenID":0,"DSTags":["1602014040","An Giang",null]},{"Type":11,"SolrID":"/1601604590-005-chi-nhanh-cong-ty-tnhh-mot-thanh-vien-moi-truong-do-thi-an-giang-xi-nghiep-moi-truong-do-thi-an-ph","ID":0,"MaSoThue":"1601604590-005","NgayCap":"2015-12-28T00:00:00Z","Title":"Chi Nhánh Công Ty Cổ Phần Môi Trường Đô Thị An Giang - Xí Nghiệp Môi Trường Đô Thị An Phú","DiaChiCongTy":"Số 2729, Tổ 30, Ấp Phú Mỹ, Xã Phú Hội, Huyện An Phú, Tỉnh An Giang","Created":"2016-01-06T22:15:29Z","Updated":"2020-02-04T16:51:48Z","IsDelete":false,"RequestChanged":false,"ExitsInGDT":false,"SourceID":0,"TinhThanhID":0,"TinhThanhTitle":"An Giang","TinhThanhTitleAscii":"/an-giang","QuanHuyenID":0,"NganhNgheTitle":"Vệ sinh nhà cửa và các công trình khác","NganhNgheTitleAscii":"/nganh-nghe/ve-sinh-nha-cua-va-cac-cong-trinh-khac","DSTags":["1601604590-005","An Giang",null]},{"Type":11,"SolrID":"/1601933644-doanh-nghiep-tn-dai-phat-an-phu","ID":0,"MaSoThue":"1601933644","NgayCap":"2014-07-30T00:00:00Z","Title":"Doanh Nghiệp TN Đại Phát An Phú","DiaChiCongTy":"ấp Phú Trung - Xã Phú Hội - Huyện An Phú - An Giang","Created":"2015-11-09T11:44:36Z","Updated":"2015-11-09T11:44:36Z","IsDelete":false,"RequestChanged":false,"ExitsInGDT":false,"SourceID":0,"TinhThanhID":0,"TinhThanhTitle":"An Giang","TinhThanhTitleAscii":"/an-giang","QuanHuyenID":0,"NganhNgheTitle":"Bán buôn nhiên liệu rắn, lỏng, khí và các sản phẩm liên quan","NganhNgheTitleAscii":"/nganh-nghe/ban-buon-nhien-lieu-ran-long-khi-va-cac-san-pham-lien-quan","DSTags":["1601933644","An Giang",null]},{"Type":11,"SolrID":"/1601929888-cua-hang-vat-lieu-anh-nho","ID":0,"MaSoThue":"1601929888","NgayCap":"2014-06-24T00:00:00Z","Title":"Cửa hàng vật liệu Anh Nhỏ","DiaChiCongTy":"ấp Phú Nhơn, Xã Phú Hội - Huyện An Phú - An Giang","Created":"2015-11-14T18:58:41Z","Updated":"2015-11-14T18:58:41Z","IsDelete":false,"RequestChanged":false,"ExitsInGDT":false,"SourceID":0,"TinhThanhID":0,"TinhThanhTitle":"An Giang","TinhThanhTitleAscii":"/an-giang","QuanHuyenID":0,"NganhNgheTitle":"Bán lẻ xi măng, gạch xây, ngói, đá, cát sỏi và vật liệu xây dựng khác trong các cửa hàng chuyên doanh","NganhNgheTitleAscii":"/nganh-nghe/ban-le-xi-mang-gach-xay-ngoi-da-cat-soi-va-vat-lieu-xay-dung-khac-trong-cac-cua-hang-chuyen-doanh","DSTags":["1601929888","An Giang",null]},{"Type":11,"SolrID":"/1601865095-cong-ty-tnhh-mot-thanh-vien-thuong-mai-dich-vu-phuong-anh-bao","ID":0,"MaSoThue":"1601865095","NgayCap":"2013-03-06T00:00:00Z","Title":"Công Ty TNHH Một Thành Viên Thương Mại - Dịch Vụ Phương Anh Bảo","DiaChiCongTy":"Số 1385, ấp Phú Nhơn - Xã Phú Hội - Huyện An Phú - An Giang","Created":"2015-11-12T00:02:28Z","Updated":"2015-11-12T00:02:28Z","IsDelete":false,"RequestChanged":false,"ExitsInGDT":false,"SourceID":0,"TinhThanhID":0,"TinhThanhTitle":"An Giang","TinhThanhTitleAscii":"/an-giang","QuanHuyenID":0,"NganhNgheTitle":"Bán buôn gạo","NganhNgheTitleAscii":"/nganh-nghe/ban-buon-gao","DSTags":["1601865095","An Giang",null]},{"Type":11,"SolrID":"/1601710694-cong-ty-tnhh-mot-thanh-vien-thuong-mai-xuat-nhap-khau-le-thi-hong","ID":0,"MaSoThue":"1601710694","NgayCap":"2012-04-11T00:00:00Z","Title":"Công Ty TNHH Một Thành Viên Thương Mại Xuất Nhập Khẩu Lê Thị Hồng","DiaChiCongTy":"ấp Phú Mỹ - Xã Phú Hội - Huyện An Phú - An Giang","Created":"2015-11-10T01:40:43Z","Updated":"2015-11-10T01:40:43Z","IsDelete":false,"RequestChanged":false,"ExitsInGDT":false,"SourceID":0,"TinhThanhID":0,"TinhThanhTitle":"An Giang","TinhThanhTitleAscii":"/an-giang","QuanHuyenID":0,"NganhNgheTitle":"Bán buôn chuyên doanh khác chưa được phân vào đâu","NganhNgheTitleAscii":"/nganh-nghe/ban-buon-chuyen-doanh-khac-chua-duoc-phan-vao-dau","DSTags":["1601710694","An Giang",null]},{"Type":11,"SolrID":"/1601496867-doanh-nghiep-tn-hoa-nhi","ID":0,"MaSoThue":"1601496867","NgayCap":"2011-06-15T00:00:00Z","Title":"Doanh Nghiệp TN Hoa Nhi","DiaChiCongTy":"Tổ 11, ấp Phú Mỹ - Xã Phú Hội - Huyện An Phú - An Giang","Created":"2015-11-18T05:43:30Z","Updated":"2015-11-18T05:43:30Z","IsDelete":false,"RequestChanged":false,"ExitsInGDT":false,"SourceID":0,"TinhThanhID":0,"TinhThanhTitle":"An Giang","TinhThanhTitleAscii":"/an-giang","QuanHuyenID":0,"NganhNgheTitle":"Bán buôn chuyên doanh khác chưa được phân vào đâu","NganhNgheTitleAscii":"/nganh-nghe/ban-buon-chuyen-doanh-khac-chua-duoc-phan-vao-dau","DSTags":["1601496867","An Giang",null]},{"Type":11,"SolrID":"/1601222707-phong-lao-dong-thuong-binh-va-xa-hoi","ID":0,"MaSoThue":"1601222707","NgayCap":"2009-10-01T00:00:00Z","Title":"Phòng Lao Động-Thương Binh và Xã Hội","DiaChiCongTy":"Xã Phú Hội - Huyện An Phú - An Giang","Created":"2015-11-16T07:49:01Z","Updated":"2015-11-16T07:49:01Z","IsDelete":false,"RequestChanged":false,"ExitsInGDT":false,"SourceID":0,"TinhThanhID":0,"TinhThanhTitle":"An Giang","TinhThanhTitleAscii":"/an-giang","QuanHuyenID":0,"NganhNgheTitle":"Hoạt động của Đảng cộng sản, tổ chức chính trị - xã hội, quản lý nhà nước, an ninh quốc phòng và bảo đảm xã hội bắt buộc","NganhNgheTitleAscii":"/nganh-nghe/hoat-dong-cua-dang-cong-san-to-chuc-chinh-tri-xa-hoi-quan-ly-nha-nuoc-an-ninh-quoc-phong-va-bao-dam-xa-hoi-bat-buoc","DSTags":["1601222707","An Giang",null]},{"Type":11,"SolrID":"/1600514979-dntn-tram-loc","ID":0,"MaSoThue":"1600514979","NgayCap":"2008-10-20T00:00:00Z","Title":"DNTN Trâm Lộc","DiaChiCongTy":"Tổ 11, ấp Phú Nhơn, xã Phú Hội - Xã Phú Hội - Huyện An Phú - An Giang","Created":"2015-11-17T02:09:19Z","Updated":"2015-11-17T02:09:19Z","IsDelete":false,"RequestChanged":false,"ExitsInGDT":false,"SourceID":0,"TinhThanhID":0,"TinhThanhTitle":"An Giang","TinhThanhTitleAscii":"/an-giang","QuanHuyenID":0,"NganhNgheTitle":"Bán lẻ nhiên liệu động cơ trong các cửa hàng chuyên doanh","NganhNgheTitleAscii":"/nganh-nghe/ban-le-nhien-lieu-dong-co-trong-cac-cua-hang-chuyen-doanh","DSTags":["1600514979","An Giang",null]},{"Type":11,"SolrID":"/1600938544-dntn-dung-linh","ID":0,"MaSoThue":"1600938544","NgayCap":"2008-08-29T00:00:00Z","Title":"DNTN Dũng Linh","DiaChiCongTy":"ấp Phú Mỹ, xã Phú Hội - Huyện An Phú - An Giang","Created":"2015-11-11T12:25:16Z","Updated":"2015-11-11T12:25:16Z","IsDelete":false,"RequestChanged":false,"ExitsInGDT":false,"SourceID":0,"TinhThanhID":0,"TinhThanhTitle":"An Giang","TinhThanhTitleAscii":"/an-giang","QuanHuyenID":0,"NganhNgheTitle":"Bán buôn chuyên doanh khác","NganhNgheTitleAscii":"/nganh-nghe/ban-buon-chuyen-doanh-khac","DSTags":["1600938544","An Giang",null]},{"Type":11,"SolrID":"/1600939971-doanh-nghiep-tn-chi-hai","ID":0,"MaSoThue":"1600939971","NgayCap":"2008-01-31T00:00:00Z","Title":"Doanh Nghiệp TN Chí Hải","DiaChiCongTy":"ấp 3 - Xã Phú Hội - Huyện An Phú - An Giang","Created":"2015-11-11T10:52:52Z","Updated":"2015-11-11T10:52:52Z","IsDelete":false,"RequestChanged":false,"ExitsInGDT":false,"SourceID":0,"TinhThanhID":0,"TinhThanhTitle":"An Giang","TinhThanhTitleAscii":"/an-giang","QuanHuyenID":0,"NganhNgheTitle":"Xây dựng công trình kỹ thuật dân dụng khác","NganhNgheTitleAscii":"/nganh-nghe/xay-dung-cong-trinh-ky-thuat-dan-dung-khac","DSTags":["1600939971","An Giang",null]},{"Type":11,"SolrID":"/1600909857-cong-ty-co-phan-che-bien-xuat-nhap-khau-huong-que","ID":0,"MaSoThue":"1600909857","NgayCap":"2007-11-05T00:00:00Z","Title":"Công ty Cổ Phần Chế Biến - Xuất Nhập Khẩu Hương Quê","DiaChiCongTy":"Tổ 17, ấp 3, xã Phú Hội - Huyện An Phú - An Giang","Created":"2015-11-14T05:07:29Z","Updated":"2015-11-14T05:07:29Z","IsDelete":false,"RequestChanged":false,"ExitsInGDT":false,"SourceID":0,"TinhThanhID":0,"TinhThanhTitle":"An Giang","TinhThanhTitleAscii":"/an-giang","QuanHuyenID":0,"NganhNgheTitle":"Sản xuất đồ uống","NganhNgheTitleAscii":"/nganh-nghe/san-xuat-do-uong","DSTags":["1600909857","An Giang",null]},{"Type":11,"SolrID":"/1600852664-truong-mau-giao-phu-hoi","ID":0,"MaSoThue":"1600852664","NgayCap":"2006-10-25T00:00:00Z","Title":"Trường Mẫu giáo Phú Hội","DiaChiCongTy":"ấp 2, xã Phú Hội - Huyện An Phú - An Giang","Created":"2015-11-16T17:50:25Z","Updated":"2015-11-16T17:50:25Z","IsDelete":false,"RequestChanged":false,"ExitsInGDT":false,"SourceID":0,"TinhThanhID":0,"TinhThanhTitle":"An Giang","TinhThanhTitleAscii":"/an-giang","QuanHuyenID":0,"NganhNgheTitle":"Giáo dục mầm non","NganhNgheTitleAscii":"/nganh-nghe/giao-duc-mam-non","DSTags":["1600852664","An Giang",null]},{"Type":11,"SolrID":"/1600834619-nguyen-thi-hong","ID":0,"MaSoThue":"1600834619","NgayCap":"2006-03-31T00:00:00Z","Title":"Nguyễn Thị Hồng","DiaChiCongTy":"ấp Phú Nhơn, Xã Phú Hội - Xã Phú Hội - Huyện An Phú - An Giang","Created":"2015-11-16T17:29:20Z","Updated":"2015-11-16T17:29:20Z","IsDelete":false,"RequestChanged":false,"ExitsInGDT":false,"SourceID":0,"TinhThanhID":0,"TinhThanhTitle":"An Giang","TinhThanhTitleAscii":"/an-giang","QuanHuyenID":0,"NganhNgheTitle":"Nhà trọ, phòng trọ và các cơ sở lưu trú tương tự","NganhNgheTitleAscii":"/nganh-nghe/nha-tro-phong-tro-va-cac-co-so-luu-tru-tuong-tu","DSTags":["1600834619","An Giang",null]},{"Type":11,"SolrID":"/1600515002-doanh-nghiep-tn-xang-dau-thu-van","ID":0,"MaSoThue":"1600515002","NgayCap":"2005-06-20T00:00:00Z","Title":"Doanh Nghiệp TN Xăng Dầu Thu Vân","DiaChiCongTy":"Tổ 18, ấp Phú Mỹ - Xã Phú Hội - Huyện An Phú - An Giang","Created":"2015-11-11T10:59:35Z","Updated":"2015-11-11T10:59:35Z","IsDelete":false,"RequestChanged":false,"ExitsInGDT":false,"SourceID":0,"TinhThanhID":0,"TinhThanhTitle":"An Giang","TinhThanhTitleAscii":"/an-giang","QuanHuyenID":0,"NganhNgheTitle":"Bán buôn nhiên liệu rắn, lỏng, khí và các sản phẩm liên quan","NganhNgheTitleAscii":"/nganh-nghe/ban-buon-nhien-lieu-ran-long-khi-va-cac-san-pham-lien-quan","DSTags":["1600515002","An Giang",null]},{"Type":11,"SolrID":"/1600690886-truong-tieu-hoc-b-phu-hoi","ID":0,"MaSoThue":"1600690886","NgayCap":"2004-04-06T00:00:00Z","Title":"Trường Tiểu học B Phú Hội","DiaChiCongTy":"ấp 2, xã Phú Hội - Huyện An Phú - An Giang","Created":"2015-11-16T16:01:58Z","Updated":"2015-11-16T16:01:58Z","IsDelete":false,"RequestChanged":false,"ExitsInGDT":false,"SourceID":0,"TinhThanhID":0,"TinhThanhTitle":"An Giang","TinhThanhTitleAscii":"/an-giang","QuanHuyenID":0,"NganhNgheTitle":"Giáo dục tiểu học","NganhNgheTitleAscii":"/nganh-nghe/giao-duc-tieu-hoc","DSTags":["1600690886","An Giang",null]},{"Type":11,"SolrID":"/1600688774-ubnd-xa-phu-hoi","ID":0,"MaSoThue":"1600688774","NgayCap":"2004-03-29T00:00:00Z","Title":"UBND xã Phú Hội","DiaChiCongTy":"ấp 2, xã Phú Hội - Huyện An Phú - An Giang","Created":"2015-11-16T16:00:32Z","Updated":"2015-11-16T16:00:32Z","IsDelete":false,"RequestChanged":false,"ExitsInGDT":false,"SourceID":0,"TinhThanhID":0,"TinhThanhTitle":"An Giang","TinhThanhTitleAscii":"/an-giang","QuanHuyenID":0,"NganhNgheTitle":"Hoạt động quản lý nhà nước nói chung và kinh tế tổng hợp","NganhNgheTitleAscii":"/nganh-nghe/hoat-dong-quan-ly-nha-nuoc-noi-chung-va-kinh-te-tong-hop","DSTags":["1600688774","An Giang",null]},{"Type":11,"SolrID":"/1600684378-truong-trung-hoc-co-so-phu-hoi","ID":0,"MaSoThue":"1600684378","NgayCap":"2004-03-02T00:00:00Z","Title":"Trường Trung học cơ sở Phú Hội","DiaChiCongTy":"ấp 2, xã Phú Hội - Huyện An Phú - An Giang","Created":"2015-11-16T15:51:29Z","Updated":"2015-11-16T15:51:29Z","IsDelete":false,"RequestChanged":false,"ExitsInGDT":false,"SourceID":0,"TinhThanhID":0,"TinhThanhTitle":"An Giang","TinhThanhTitleAscii":"/an-giang","QuanHuyenID":0,"NganhNgheTitle":"Giáo dục trung học cơ sở và trung học phổ thông","NganhNgheTitleAscii":"/nganh-nghe/giao-duc-trung-hoc-co-so-va-trung-hoc-pho-thong","DSTags":["1600684378","An Giang",null]},{"Type":11,"SolrID":"/1600683582-truong-tieu-hoc-a-phu-hoi","ID":0,"MaSoThue":"1600683582","NgayCap":"2004-02-26T00:00:00Z","Title":"Trường Tiểu học A Phú Hội","DiaChiCongTy":"ấp 2, xã Phú Hội - Huyện An Phú - An Giang","Created":"2015-11-16T15:47:06Z","Updated":"2015-11-16T15:47:06Z","IsDelete":false,"RequestChanged":false,"ExitsInGDT":false,"SourceID":0,"TinhThanhID":0,"TinhThanhTitle":"An Giang","TinhThanhTitleAscii":"/an-giang","QuanHuyenID":0,"NganhNgheTitle":"Giáo dục tiểu học","NganhNgheTitleAscii":"/nganh-nghe/giao-duc-tieu-hoc","DSTags":["1600683582","An Giang",null]},{"Type":11,"SolrID":"/1600683575-truong-tieu-hoc-c-phu-hoi","ID":0,"MaSoThue":"1600683575","NgayCap":"2004-02-26T00:00:00Z","Title":"Trường Tiểu học C Phú Hội","DiaChiCongTy":"ấp 3, xã Phú Hội - Huyện An Phú - An Giang","Created":"2015-11-16T15:47:07Z","Updated":"2015-11-16T15:47:07Z","IsDelete":false,"RequestChanged":false,"ExitsInGDT":false,"SourceID":0,"TinhThanhID":0,"TinhThanhTitle":"An Giang","TinhThanhTitleAscii":"/an-giang","QuanHuyenID":0,"NganhNgheTitle":"Giáo dục tiểu học","NganhNgheTitleAscii":"/nganh-nghe/giao-duc-tieu-hoc","DSTags":["1600683575","An Giang",null]},{"Type":11,"SolrID":"/1600560284-doanh-nghiep-tn-cong-minh","ID":0,"MaSoThue":"1600560284","NgayCap":"2004-02-03T00:00:00Z","Title":"Doanh Nghiệp TN Công Minh","DiaChiCongTy":"Xà Lan AG-10573-H, ấp Phú Mỹ - Xã Phú Hội - Huyện An Phú - An Giang","Created":"2015-11-11T08:06:00Z","Updated":"2015-11-11T08:06:00Z","IsDelete":false,"RequestChanged":false,"ExitsInGDT":false,"SourceID":0,"TinhThanhID":0,"TinhThanhTitle":"An Giang","TinhThanhTitleAscii":"/an-giang","QuanHuyenID":0,"NganhNgheTitle":"Bán buôn nhiên liệu rắn, lỏng, khí và các sản phẩm liên quan","NganhNgheTitleAscii":"/nganh-nghe/ban-buon-nhien-lieu-ran-long-khi-va-cac-san-pham-lien-quan","DSTags":["1600560284","An Giang",null]},{"Type":11,"SolrID":"/1600530434-nguyen-van-lang","ID":0,"MaSoThue":"1600530434","NgayCap":"2000-10-09T00:00:00Z","Title":"Nguyễn Văn Láng","DiaChiCongTy":"ấp Phú Nhơn, Xã Phú Hội - Huyện An Phú - An Giang","Created":"2015-11-14T15:10:10Z","Updated":"2015-11-14T15:10:10Z","IsDelete":false,"RequestChanged":false,"ExitsInGDT":false,"SourceID":0,"TinhThanhID":0,"TinhThanhTitle":"An Giang","TinhThanhTitleAscii":"/an-giang","QuanHuyenID":0,"NganhNgheTitle":"Bán lẻ xi măng, gạch xây, ngói, đá, cát sỏi và vật liệu xây dựng khác trong các cửa hàng chuyên doanh","NganhNgheTitleAscii":"/nganh-nghe/ban-le-xi-mang-gach-xay-ngoi-da-cat-soi-va-vat-lieu-xay-dung-khac-trong-cac-cua-hang-chuyen-doanh","DSTags":["1600530434","An Giang",null]}]}