{"ID":9165,"SolrID":"/an-giang/huyen-an-phu/xa-phu-huu","Title":"Xã Phú Hữu","TinhThanhTitle":"An Giang","QuanHuyenTitle":"Huyện An Phú","QuanHuyenID":274,"TinhThanhID":35,"Url":"https://thongtindoanhnghiep.co/api/company?l=/an-giang/huyen-an-phu/xa-phu-huu","Total":23,"List":[{"Type":11,"SolrID":"/1602148453-cong-ty-tnhh-san-lap-nam-phuc-hung","ID":0,"MaSoThue":"1602148453","NgayCap":"2021-06-07T00:00:00Z","Title":"Công Ty TNHH San Lấp Nam Phúc Hưng","DiaChiCongTy":"Số 806, Tổ 8, Ấp Phú Hòa, Xã Phú Hữu, Huyện An Phú, Tỉnh An Giang","Created":"2021-06-07T17:37:15Z","Updated":"2021-06-07T17:37:15Z","IsDelete":false,"RequestChanged":false,"ExitsInGDT":false,"SourceID":0,"TinhThanhID":0,"TinhThanhTitle":"An Giang","TinhThanhTitleAscii":"/an-giang","QuanHuyenID":0,"NganhNgheTitle":"Chuẩn bị mặt bằng","NganhNgheTitleAscii":"/nganh-nghe/chuan-bi-mat-bang","DSTags":["1602148453","An Giang",null]},{"Type":11,"SolrID":"/1602073342-cong-ty-tnhh-mot-thanh-vien-bao-ve-thuc-vat-tan-nong","ID":0,"MaSoThue":"1602073342","NgayCap":"2018-06-02T00:00:00Z","Title":"Công Ty TNHH Một Thành Viên Bảo Vệ Thực Vật Tân Nông","DiaChiCongTy":"Số 305 tổ 20, ấp Phú Hòa, Xã Phú Hữu, Huyện An Phú, Tỉnh An Giang","Created":"2018-06-02T08:04:28Z","Updated":"2018-06-02T08:04:28Z","IsDelete":false,"RequestChanged":false,"ExitsInGDT":false,"SourceID":0,"TinhThanhID":0,"TinhThanhTitle":"An Giang","TinhThanhTitleAscii":"/an-giang","QuanHuyenID":0,"NganhNgheTitle":"Bán buôn chuyên doanh khác chưa được phân vào đâu","NganhNgheTitleAscii":"/nganh-nghe/ban-buon-chuyen-doanh-khac-chua-duoc-phan-vao-dau","DSTags":["1602073342","An Giang",null]},{"Type":11,"SolrID":"/1602052374-cong-ty-tnhh-thuong-mai-xay-dung-thanh-hien","ID":0,"MaSoThue":"1602052374","NgayCap":"2017-10-16T00:00:00Z","Title":"Công Ty TNHH Thương Mại Xây Dựng Thanh Hiển","DiaChiCongTy":"Bắc dân cư cổ lao, Ấp Phú Hiệp, Xã Phú Hữu, Huyện An Phú, Tỉnh An Giang","Created":"2017-10-16T13:35:44Z","Updated":"2017-10-16T13:35:44Z","IsDelete":false,"RequestChanged":false,"ExitsInGDT":false,"SourceID":0,"TinhThanhID":0,"TinhThanhTitle":"An Giang","TinhThanhTitleAscii":"/an-giang","QuanHuyenID":0,"NganhNgheTitle":"Xây dựng nhà các loại","NganhNgheTitleAscii":"/nganh-nghe/xay-dung-nha-cac-loai","DSTags":["1602052374","An Giang",null]},{"Type":11,"SolrID":"/1602034304-doanh-nghiep-tn-xay-dung-phung-toan","ID":0,"MaSoThue":"1602034304","NgayCap":"2017-02-24T00:00:00Z","Title":"Doanh Nghiệp Tn Xây Dựng Phùng Toàn","DiaChiCongTy":"Phú Thạnh, Xã Phú Hữu, Huyện An Phú, Tỉnh An Giang","Created":"2017-02-24T12:37:53Z","Updated":"2017-02-24T12:37:53Z","IsDelete":false,"RequestChanged":false,"ExitsInGDT":false,"SourceID":0,"TinhThanhID":0,"TinhThanhTitle":"An Giang","TinhThanhTitleAscii":"/an-giang","QuanHuyenID":0,"NganhNgheTitle":"Xây dựng công trình kỹ thuật dân dụng khác","NganhNgheTitleAscii":"/nganh-nghe/xay-dung-cong-trinh-ky-thuat-dan-dung-khac","DSTags":["1602034304","An Giang",null]},{"Type":11,"SolrID":"/1602032730-cong-ty-tnhh-mot-thanh-vien-hoa-binh-my-duyen","ID":0,"MaSoThue":"1602032730","NgayCap":"2017-01-24T00:00:00Z","Title":"Công Ty TNHH Một Thành Viên Hòa Bình Mỹ Duyên","DiaChiCongTy":"Ấp Phú Thành, Xã Phú Hữu, Huyện An Phú, Tỉnh An Giang","Created":"2017-01-24T08:07:42Z","Updated":"2017-01-24T08:07:42Z","IsDelete":false,"RequestChanged":false,"ExitsInGDT":false,"SourceID":0,"TinhThanhID":0,"TinhThanhTitle":"An Giang","TinhThanhTitleAscii":"/an-giang","QuanHuyenID":0,"NganhNgheTitle":"Bán buôn nhiên liệu rắn, lỏng, khí và các sản phẩm liên quan","NganhNgheTitleAscii":"/nganh-nghe/ban-buon-nhien-lieu-ran-long-khi-va-cac-san-pham-lien-quan","DSTags":["1602032730","An Giang",null]},{"Type":11,"SolrID":"/1601912563-pham-chien-thang","ID":0,"MaSoThue":"1601912563","NgayCap":"2014-02-27T00:00:00Z","Title":"Phạm Chiến Thắng","DiaChiCongTy":"ấp Phú Hiệp, Xã Phú Hữu - Huyện An Phú - An Giang","Created":"2015-11-15T20:10:44Z","Updated":"2015-11-15T20:10:44Z","IsDelete":false,"RequestChanged":false,"ExitsInGDT":false,"SourceID":0,"TinhThanhID":0,"TinhThanhTitle":"An Giang","TinhThanhTitleAscii":"/an-giang","QuanHuyenID":0,"NganhNgheTitle":"Bán buôn phân bón, thuốc trừ sâu và hóa chất khác sử dụng trong nông nghiệp","NganhNgheTitleAscii":"/nganh-nghe/ban-buon-phan-bon-thuoc-tru-sau-va-hoa-chat-khac-su-dung-trong-nong-nghiep","DSTags":["1601912563","An Giang",null]},{"Type":11,"SolrID":"/1601881636-doanh-nghiep-tn-vuong-quoc-thai","ID":0,"MaSoThue":"1601881636","NgayCap":"2013-06-26T00:00:00Z","Title":"Doanh Nghiệp TN Vương Quốc Thái","DiaChiCongTy":"Tổ 33, ấp Phú Thành - Xã Phú Hữu - Huyện An Phú - An Giang","Created":"2015-11-18T05:44:43Z","Updated":"2015-11-18T05:44:43Z","IsDelete":false,"RequestChanged":false,"ExitsInGDT":false,"SourceID":0,"TinhThanhID":0,"TinhThanhTitle":"An Giang","TinhThanhTitleAscii":"/an-giang","QuanHuyenID":0,"NganhNgheTitle":"Bán buôn gạo","NganhNgheTitleAscii":"/nganh-nghe/ban-buon-gao","DSTags":["1601881636","An Giang",null]},{"Type":11,"SolrID":"/1601881428-doanh-nghiep-tn-cao-toan-thang-loi","ID":0,"MaSoThue":"1601881428","NgayCap":"2013-06-21T00:00:00Z","Title":"Doanh Nghiệp TN Cao Toàn Thắng Lợi","DiaChiCongTy":"Số 322, tổ 12, ấp Phú Thành - Xã Phú Hữu - Huyện An Phú - An Giang","Created":"2015-11-18T04:41:17Z","Updated":"2015-11-18T04:41:17Z","IsDelete":false,"RequestChanged":false,"ExitsInGDT":false,"SourceID":0,"TinhThanhID":0,"TinhThanhTitle":"An Giang","TinhThanhTitleAscii":"/an-giang","QuanHuyenID":0,"NganhNgheTitle":"Bán buôn gạo","NganhNgheTitleAscii":"/nganh-nghe/ban-buon-gao","DSTags":["1601881428","An Giang",null]},{"Type":11,"SolrID":"/1601881058-doanh-nghiep-tn-binh-thanh-phat","ID":0,"MaSoThue":"1601881058","NgayCap":"2013-06-20T00:00:00Z","Title":"Doanh Nghiệp TN Bình Thạnh Phát","DiaChiCongTy":"Số 130, tổ 5, ấp Phú Hòa - Xã Phú Hữu - Huyện An Phú - An Giang","Created":"2015-11-18T04:41:17Z","Updated":"2016-09-11T02:07:49Z","IsDelete":false,"RequestChanged":false,"ExitsInGDT":false,"SourceID":0,"TinhThanhID":0,"TinhThanhTitle":"An Giang","TinhThanhTitleAscii":"/an-giang","QuanHuyenID":0,"DSTags":["1601881058","An Giang",null]},{"Type":11,"SolrID":"/1601861527-doanh-nghiep-tn-tiem-vang-hong-be","ID":0,"MaSoThue":"1601861527","NgayCap":"2013-02-04T00:00:00Z","Title":"Doanh Nghiệp TN Tiệm Vàng Hồng Bề","DiaChiCongTy":"Số 531, Tổ 22, ấp Phú Thạnh - Xã Phú Hữu - Huyện An Phú - An Giang","Created":"2015-11-09T12:47:28Z","Updated":"2015-11-09T12:47:28Z","IsDelete":false,"RequestChanged":false,"ExitsInGDT":false,"SourceID":0,"TinhThanhID":0,"TinhThanhTitle":"An Giang","TinhThanhTitleAscii":"/an-giang","QuanHuyenID":0,"NganhNgheTitle":"Bán buôn kim loại và quặng kim loại","NganhNgheTitleAscii":"/nganh-nghe/ban-buon-kim-loai-va-quang-kim-loai","DSTags":["1601861527","An Giang",null]},{"Type":11,"SolrID":"/1601857721-doanh-nghiep-tn-chau-phat-huy","ID":0,"MaSoThue":"1601857721","NgayCap":"2013-01-16T00:00:00Z","Title":"Doanh Nghiệp TN Châu Phát Huy","DiaChiCongTy":"Số 525, tổ 21, ấp Phú Thạnh - Xã Phú Hữu - Huyện An Phú - An Giang","Created":"2015-11-16T21:55:09Z","Updated":"2015-11-16T21:55:09Z","IsDelete":false,"RequestChanged":false,"ExitsInGDT":false,"SourceID":0,"TinhThanhID":0,"TinhThanhTitle":"An Giang","TinhThanhTitleAscii":"/an-giang","QuanHuyenID":0,"NganhNgheTitle":"Bán buôn kim loại và quặng kim loại","NganhNgheTitleAscii":"/nganh-nghe/ban-buon-kim-loai-va-quang-kim-loai","DSTags":["1601857721","An Giang",null]},{"Type":11,"SolrID":"/1601368713-cong-ty-tnhh-thuong-mai-dich-vu-van-tai-xuat-nhap-khau-mai-chau","ID":0,"MaSoThue":"1601368713","NgayCap":"2010-07-07T00:00:00Z","Title":"Công Ty TNHH Thương Mại - Dịch Vụ Vận Tải - Xuất Nhập Khẩu Mai Châu","DiaChiCongTy":"ấp Phú Thạnh - Xã Phú Hữu - Huyện An Phú - An Giang","Created":"2015-11-09T23:00:05Z","Updated":"2015-11-09T23:00:05Z","IsDelete":false,"RequestChanged":false,"ExitsInGDT":false,"SourceID":0,"TinhThanhID":0,"TinhThanhTitle":"An Giang","TinhThanhTitleAscii":"/an-giang","QuanHuyenID":0,"NganhNgheTitle":"Vận tải hàng hóa đường thuỷ nội địa","NganhNgheTitleAscii":"/nganh-nghe/van-tai-hang-hoa-duong-thuy-noi-dia","DSTags":["1601368713","An Giang",null]},{"Type":11,"SolrID":"/1601293546-dntn-loi-hiep","ID":0,"MaSoThue":"1601293546","NgayCap":"2010-02-01T00:00:00Z","Title":"DNTN Lợi Hiệp","DiaChiCongTy":"ấp Phú Hiệp - Xã Phú Hữu - Huyện An Phú - An Giang","Created":"2015-11-11T08:38:17Z","Updated":"2015-11-11T08:38:17Z","IsDelete":false,"RequestChanged":false,"ExitsInGDT":false,"SourceID":0,"TinhThanhID":0,"TinhThanhTitle":"An Giang","TinhThanhTitleAscii":"/an-giang","QuanHuyenID":0,"NganhNgheTitle":"Bán lẻ nhiên liệu động cơ trong các cửa hàng chuyên doanh","NganhNgheTitleAscii":"/nganh-nghe/ban-le-nhien-lieu-dong-co-trong-cac-cua-hang-chuyen-doanh","DSTags":["1601293546","An Giang",null]},{"Type":11,"SolrID":"/1601291972-dntn-xay-dung-tan-thuan-tai","ID":0,"MaSoThue":"1601291972","NgayCap":"2010-01-27T00:00:00Z","Title":"DNTN Xây Dựng Tân Thuận Tài","DiaChiCongTy":"Tổ 29 ấp Phú Thạnh - Xã Phú Hữu - Huyện An Phú - An Giang","Created":"2015-11-09T01:05:03Z","Updated":"2015-11-09T01:05:03Z","IsDelete":false,"RequestChanged":false,"ExitsInGDT":false,"SourceID":0,"TinhThanhID":0,"TinhThanhTitle":"An Giang","TinhThanhTitleAscii":"/an-giang","QuanHuyenID":0,"NganhNgheTitle":"Xây dựng công trình kỹ thuật dân dụng","NganhNgheTitleAscii":"/nganh-nghe/xay-dung-cong-trinh-ky-thuat-dan-dung","DSTags":["1601291972","An Giang",null]},{"Type":11,"SolrID":"/1601044518-cty-tnhh-minh-duong","ID":0,"MaSoThue":"1601044518","NgayCap":"2009-02-27T00:00:00Z","Title":"Cty TNHH Minh Dương","DiaChiCongTy":"ấp Phú Thuận, xã Phú Hữu - Huyện An Phú - An Giang","Created":"2015-11-09T00:25:04Z","Updated":"2015-11-09T00:25:04Z","IsDelete":false,"RequestChanged":false,"ExitsInGDT":false,"SourceID":0,"TinhThanhID":0,"TinhThanhTitle":"An Giang","TinhThanhTitleAscii":"/an-giang","QuanHuyenID":0,"NganhNgheTitle":"Xây dựng công trình kỹ thuật dân dụng","NganhNgheTitleAscii":"/nganh-nghe/xay-dung-cong-trinh-ky-thuat-dan-dung","DSTags":["1601044518","An Giang",null]},{"Type":11,"SolrID":"/1600945252-cty-tnhh-mot-thanh-vien-dv-tm-hoang-khai","ID":0,"MaSoThue":"1600945252","NgayCap":"2008-03-05T00:00:00Z","Title":"Cty TNHH Một Thành Viên DV - TM Hoàng Khải","DiaChiCongTy":"ấp Phú Thành, xã Phú Hữu - Huyện An Phú - An Giang","Created":"2015-11-14T05:08:28Z","Updated":"2015-11-14T05:08:28Z","IsDelete":false,"RequestChanged":false,"ExitsInGDT":false,"SourceID":0,"TinhThanhID":0,"TinhThanhTitle":"An Giang","TinhThanhTitleAscii":"/an-giang","QuanHuyenID":0,"NganhNgheTitle":"Bán buôn (trừ ô tô, mô tô, xe máy và xe có động cơ khác)","NganhNgheTitleAscii":"/nganh-nghe/ban-buon-tru-o-to-mo-to-xe-may-va-xe-co-dong-co-khac","DSTags":["1600945252","An Giang",null]},{"Type":11,"SolrID":"/1600753039-truong-mau-giao-phu-huu","ID":0,"MaSoThue":"1600753039","NgayCap":"2004-12-07T00:00:00Z","Title":"Trường Mẫu giáo Phú Hữu","DiaChiCongTy":"ấp Phú Thạnh, xã Phú Hữu - Huyện An Phú - An Giang","Created":"2015-11-16T16:24:16Z","Updated":"2015-11-16T16:24:16Z","IsDelete":false,"RequestChanged":false,"ExitsInGDT":false,"SourceID":0,"TinhThanhID":0,"TinhThanhTitle":"An Giang","TinhThanhTitleAscii":"/an-giang","QuanHuyenID":0,"NganhNgheTitle":"Giáo dục mầm non","NganhNgheTitleAscii":"/nganh-nghe/giao-duc-mam-non","DSTags":["1600753039","An Giang",null]},{"Type":11,"SolrID":"/1600684385-truong-tieu-hoc-c-phu-huu","ID":0,"MaSoThue":"1600684385","NgayCap":"2004-03-02T00:00:00Z","Title":"Trường Tiểu học C  Phú Hữu","DiaChiCongTy":"ấp Phú Lợi, xã Phú Hữu - Huyện An Phú - An Giang","Created":"2015-11-16T15:51:28Z","Updated":"2015-11-16T15:51:28Z","IsDelete":false,"RequestChanged":false,"ExitsInGDT":false,"SourceID":0,"TinhThanhID":0,"TinhThanhTitle":"An Giang","TinhThanhTitleAscii":"/an-giang","QuanHuyenID":0,"NganhNgheTitle":"Giáo dục tiểu học","NganhNgheTitleAscii":"/nganh-nghe/giao-duc-tieu-hoc","DSTags":["1600684385","An Giang",null]},{"Type":11,"SolrID":"/1600684360-truong-tieu-hoc-a-phu-huu","ID":0,"MaSoThue":"1600684360","NgayCap":"2004-03-02T00:00:00Z","Title":"Trường Tiểu học A Phú Hữu","DiaChiCongTy":"ấp Phú Hoà, xã Phú Hữu - Huyện An Phú - An Giang","Created":"2015-11-16T15:51:30Z","Updated":"2015-11-16T15:51:30Z","IsDelete":false,"RequestChanged":false,"ExitsInGDT":false,"SourceID":0,"TinhThanhID":0,"TinhThanhTitle":"An Giang","TinhThanhTitleAscii":"/an-giang","QuanHuyenID":0,"NganhNgheTitle":"Giáo dục tiểu học","NganhNgheTitleAscii":"/nganh-nghe/giao-duc-tieu-hoc","DSTags":["1600684360","An Giang",null]},{"Type":11,"SolrID":"/1600684402-truong-tieu-hoc-d-phu-huu","ID":0,"MaSoThue":"1600684402","NgayCap":"2004-03-02T00:00:00Z","Title":"Trường Tiểu học D Phú Hữu","DiaChiCongTy":"xã Phú Hữu - Huyện An Phú - An Giang","Created":"2015-11-16T05:17:31Z","Updated":"2015-11-16T05:17:31Z","IsDelete":false,"RequestChanged":false,"ExitsInGDT":false,"SourceID":0,"TinhThanhID":0,"TinhThanhTitle":"An Giang","TinhThanhTitleAscii":"/an-giang","QuanHuyenID":0,"NganhNgheTitle":"Giáo dục tiểu học","NganhNgheTitleAscii":"/nganh-nghe/giao-duc-tieu-hoc","DSTags":["1600684402","An Giang",null]},{"Type":11,"SolrID":"/1600683617-truong-tieu-hoc-b-phu-huu","ID":0,"MaSoThue":"1600683617","NgayCap":"2004-02-26T00:00:00Z","Title":"Trường Tiểu học B Phú Hữu","DiaChiCongTy":"ấp Phú Hiệp, xã Phú Hữu - Huyện An Phú - An Giang","Created":"2015-11-16T15:47:05Z","Updated":"2015-11-16T15:47:05Z","IsDelete":false,"RequestChanged":false,"ExitsInGDT":false,"SourceID":0,"TinhThanhID":0,"TinhThanhTitle":"An Giang","TinhThanhTitleAscii":"/an-giang","QuanHuyenID":0,"NganhNgheTitle":"Giáo dục tiểu học","NganhNgheTitleAscii":"/nganh-nghe/giao-duc-tieu-hoc","DSTags":["1600683617","An Giang",null]},{"Type":11,"SolrID":"/1600681546-truong-trung-hoc-co-so-phu-huu","ID":0,"MaSoThue":"1600681546","NgayCap":"2004-02-17T00:00:00Z","Title":"Trường Trung học cơ sở Phú Hữu","DiaChiCongTy":"xã Phú Hữu - Huyện An Phú - An Giang","Created":"2015-11-16T05:18:11Z","Updated":"2015-11-16T05:18:11Z","IsDelete":false,"RequestChanged":false,"ExitsInGDT":false,"SourceID":0,"TinhThanhID":0,"TinhThanhTitle":"An Giang","TinhThanhTitleAscii":"/an-giang","QuanHuyenID":0,"NganhNgheTitle":"Giáo dục trung học cơ sở và trung học phổ thông","NganhNgheTitleAscii":"/nganh-nghe/giao-duc-trung-hoc-co-so-va-trung-hoc-pho-thong","DSTags":["1600681546","An Giang",null]},{"Type":11,"SolrID":"/1600551272-thanh-nam","ID":0,"MaSoThue":"1600551272","NgayCap":"2001-01-04T00:00:00Z","Title":"Thành Nam","DiaChiCongTy":"ấp Phú  Thạnh   Xã Phú Hữu - Huyện An Phú - An Giang","Created":"2015-11-14T15:05:41Z","Updated":"2015-11-14T15:05:41Z","IsDelete":false,"RequestChanged":false,"ExitsInGDT":false,"SourceID":0,"TinhThanhID":0,"TinhThanhTitle":"An Giang","TinhThanhTitleAscii":"/an-giang","QuanHuyenID":0,"NganhNgheTitle":"Bán lẻ hàng hóa khác trong các cửa hàng chuyên doanh","NganhNgheTitleAscii":"/nganh-nghe/ban-le-hang-hoa-khac-trong-cac-cua-hang-chuyen-doanh","DSTags":["1600551272","An Giang",null]}]}