{"ID":9166,"SolrID":"/an-giang/huyen-an-phu/xa-vinh-loc","Title":"Xã Vĩnh Lộc","TinhThanhTitle":"An Giang","QuanHuyenTitle":"Huyện An Phú","QuanHuyenID":274,"TinhThanhID":35,"Url":"https://thongtindoanhnghiep.co/api/company?l=/an-giang/huyen-an-phu/xa-vinh-loc","Total":25,"List":[{"Type":11,"SolrID":"/1602146142-doanh-nghiep-tn-thuong-mai-dich-vu-khai-thac-cho-kim-nguyet","ID":0,"MaSoThue":"1602146142","NgayCap":"2021-04-19T00:00:00Z","Title":"Doanh Nghiệp Tn Thương Mại Dịch Vụ Khai Thác Chợ Kim Nguyệt","DiaChiCongTy":"Ấp Vĩnh Hưng, Xã Vĩnh Lộc, Huyện An Phú, Tỉnh An Giang","Created":"2021-04-19T14:38:47Z","Updated":"2021-04-19T14:38:47Z","IsDelete":false,"RequestChanged":false,"ExitsInGDT":false,"SourceID":0,"TinhThanhID":0,"TinhThanhTitle":"An Giang","TinhThanhTitleAscii":"/an-giang","QuanHuyenID":0,"NganhNgheTitle":"Hoạt động dịch vụ hỗ trợ kinh doanh khác còn lại chưa được phân vào đâu","NganhNgheTitleAscii":"/nganh-nghe/hoat-dong-dich-vu-ho-tro-kinh-doanh-khac-con-lai-chua-duoc-phan-vao-dau","DSTags":["1602146142","An Giang",null]},{"Type":11,"SolrID":"/1602081858-cong-ty-tnhh-mot-thanh-vien-may-xuat-nhap-khau-van-quy","ID":0,"MaSoThue":"1602081858","NgayCap":"2018-09-27T00:00:00Z","Title":"Công Ty TNHH Một Thành Viên May Xuất Nhập Khẩu Vạn Quý","DiaChiCongTy":"Số nhà 1659, Ấp Vĩnh Hưng, Xã Vĩnh Lộc, Huyện An Phú, Tỉnh An Giang","Created":"2018-09-27T17:04:36Z","Updated":"2018-09-27T17:04:36Z","IsDelete":false,"RequestChanged":false,"ExitsInGDT":false,"SourceID":0,"TinhThanhID":0,"TinhThanhTitle":"An Giang","TinhThanhTitleAscii":"/an-giang","QuanHuyenID":0,"NganhNgheTitle":"May trang phục (trừ trang phục từ da lông thú)","NganhNgheTitleAscii":"/nganh-nghe/may-trang-phuc-tru-trang-phuc-tu-da-long-thu","DSTags":["1602081858","An Giang",null]},{"Type":11,"SolrID":"/1602079898-cong-ty-tnhh-mot-thanh-vien-san-xuat-thuong-mai-dich-vu-go-hoa-tung","ID":0,"MaSoThue":"1602079898","NgayCap":"2018-08-30T00:00:00Z","Title":"Công Ty TNHH Một Thành Viên Sản Xuất Thương Mại Dịch Vụ Gỗ Hoa Tùng","DiaChiCongTy":"Số 939, Tổ 31, Ấp Vĩnh Phước, Xã Vĩnh Lộc, Huyện An Phú, Tỉnh An Giang","Created":"2018-08-30T10:04:19Z","Updated":"2018-08-30T10:04:19Z","IsDelete":false,"RequestChanged":false,"ExitsInGDT":false,"SourceID":0,"TinhThanhID":0,"TinhThanhTitle":"An Giang","TinhThanhTitleAscii":"/an-giang","QuanHuyenID":0,"NganhNgheTitle":"Cưa, xẻ, bào gỗ và bảo quản gỗ","NganhNgheTitleAscii":"/nganh-nghe/cua-xe-bao-go-va-bao-quan-go","DSTags":["1602079898","An Giang",null]},{"Type":11,"SolrID":"/1602074025-cong-ty-tnhh-kim-long-an-phu","ID":0,"MaSoThue":"1602074025","NgayCap":"2018-06-11T00:00:00Z","Title":"Công Ty TNHH Kim Long An Phú","DiaChiCongTy":"ấp Vĩnh Lợi, Xã Vĩnh Lộc, Huyện An Phú, Tỉnh An Giang","Created":"2018-06-11T13:44:40Z","Updated":"2018-06-11T13:44:40Z","IsDelete":false,"RequestChanged":false,"ExitsInGDT":false,"SourceID":0,"TinhThanhID":0,"TinhThanhTitle":"An Giang","TinhThanhTitleAscii":"/an-giang","QuanHuyenID":0,"NganhNgheTitle":"Bán lẻ hàng hóa khác mới trong các cửa hàng chuyên doanh","NganhNgheTitleAscii":"/nganh-nghe/ban-le-hang-hoa-khac-moi-trong-cac-cua-hang-chuyen-doanh","DSTags":["1602074025","An Giang",null]},{"Type":11,"SolrID":"/1602008872-cong-ty-tnhh-mot-thanh-vien-trang-thiet-bi-van-phong-my-duyen","ID":0,"MaSoThue":"1602008872","NgayCap":"2016-05-10T00:00:00Z","Title":"Công Ty TNHH Một Thành Viên Trang Thiết Bị Văn Phòng Mỹ Duyên","DiaChiCongTy":"Tổ 15, ấp Vĩnh Lợi - Xã Vĩnh Lộc - Huyện An Phú - An Giang","Created":"2016-05-12T11:35:01Z","Updated":"2016-05-12T11:35:01Z","IsDelete":false,"RequestChanged":false,"ExitsInGDT":false,"SourceID":0,"TinhThanhID":0,"TinhThanhTitle":"An Giang","TinhThanhTitleAscii":"/an-giang","QuanHuyenID":0,"NganhNgheTitle":"Bán buôn máy móc, thiết bị và phụ tùng máy khác","NganhNgheTitleAscii":"/nganh-nghe/ban-buon-may-moc-thiet-bi-va-phu-tung-may-khac","DSTags":["1602008872","An Giang",null]},{"Type":11,"SolrID":"/1601990057-cong-ty-cp-moi-truong-xanh-nguyen-oanh","ID":0,"MaSoThue":"1601990057","NgayCap":"2015-12-02T00:00:00Z","Title":"Công Ty CP Môi Trường Xanh Nguyễn Oanh","DiaChiCongTy":"Tổ 1, ấp 3 - Xã Vĩnh Lộc - Huyện An Phú - An Giang","Created":"2015-12-03T23:05:18Z","Updated":"2015-12-03T23:05:18Z","IsDelete":false,"RequestChanged":false,"ExitsInGDT":false,"SourceID":0,"TinhThanhID":0,"TinhThanhTitle":"An Giang","TinhThanhTitleAscii":"/an-giang","QuanHuyenID":0,"NganhNgheTitle":"Trồng lúa","NganhNgheTitleAscii":"/nganh-nghe/trong-lua","DSTags":["1601990057","An Giang",null]},{"Type":11,"SolrID":"/1601950343-hop-tac-xa-nong-nghiep-phu-binh","ID":0,"MaSoThue":"1601950343","NgayCap":"2014-12-12T00:00:00Z","Title":"Hợp Tác Xã Nông Nghiệp Phú Bình","DiaChiCongTy":"ấp Vĩnh Phát, xã Vĩnh Lộc - Huyện An Phú - An Giang","Created":"2015-11-15T09:17:33Z","Updated":"2015-11-15T09:17:33Z","IsDelete":false,"RequestChanged":false,"ExitsInGDT":false,"SourceID":0,"TinhThanhID":0,"TinhThanhTitle":"An Giang","TinhThanhTitleAscii":"/an-giang","QuanHuyenID":0,"NganhNgheTitle":"Hoạt động dịch vụ nông nghiệp","NganhNgheTitleAscii":"/nganh-nghe/hoat-dong-dich-vu-nong-nghiep","DSTags":["1601950343","An Giang",null]},{"Type":11,"SolrID":"/1601929197-cong-ty-tnhh-mot-thanh-vien-thuong-mai-triet-phat-huy","ID":0,"MaSoThue":"1601929197","NgayCap":"2014-06-20T00:00:00Z","Title":"Công Ty TNHH Một Thành Viên Thương Mại Triết Phát Huy","DiaChiCongTy":"ấp II - Xã Vĩnh Lộc - Huyện An Phú - An Giang","Created":"2015-11-09T13:53:58Z","Updated":"2015-11-09T13:53:58Z","IsDelete":false,"RequestChanged":false,"ExitsInGDT":false,"SourceID":0,"TinhThanhID":0,"TinhThanhTitle":"An Giang","TinhThanhTitleAscii":"/an-giang","QuanHuyenID":0,"NganhNgheTitle":"Vận tải hàng hóa đường thuỷ nội địa","NganhNgheTitleAscii":"/nganh-nghe/van-tai-hang-hoa-duong-thuy-noi-dia","DSTags":["1601929197","An Giang",null]},{"Type":11,"SolrID":"/1601884147-doanh-nghiep-tn-an-phu-vinh","ID":0,"MaSoThue":"1601884147","NgayCap":"2013-07-17T00:00:00Z","Title":"Doanh Nghiệp TN An Phú Vinh","DiaChiCongTy":"Tổ 31, ấp Vĩnh Hưng - Xã Vĩnh Lộc - Huyện An Phú - An Giang","Created":"2015-11-18T05:44:30Z","Updated":"2015-11-18T05:44:30Z","IsDelete":false,"RequestChanged":false,"ExitsInGDT":false,"SourceID":0,"TinhThanhID":0,"TinhThanhTitle":"An Giang","TinhThanhTitleAscii":"/an-giang","QuanHuyenID":0,"NganhNgheTitle":"Bán buôn gạo","NganhNgheTitleAscii":"/nganh-nghe/ban-buon-gao","DSTags":["1601884147","An Giang",null]},{"Type":11,"SolrID":"/1601865585-cong-ty-tnhh-mot-thanh-vien-thuong-mai-dich-vu-nguyen-trieu","ID":0,"MaSoThue":"1601865585","NgayCap":"2013-03-09T00:00:00Z","Title":"Công Ty TNHH Một Thành Viên Thương Mại - Dịch Vụ Nguyễn Triều","DiaChiCongTy":"Số 21, ấp 1 - Xã Vĩnh Lộc - Huyện An Phú - An Giang","Created":"2015-11-12T00:01:50Z","Updated":"2015-11-12T00:01:50Z","IsDelete":false,"RequestChanged":false,"ExitsInGDT":false,"SourceID":0,"TinhThanhID":0,"TinhThanhTitle":"An Giang","TinhThanhTitleAscii":"/an-giang","QuanHuyenID":0,"NganhNgheTitle":"Bán buôn gạo","NganhNgheTitleAscii":"/nganh-nghe/ban-buon-gao","DSTags":["1601865585","An Giang",null]},{"Type":11,"SolrID":"/1601780035-cong-ty-tnhh-mot-thanh-vien-tmdv-phuong-hong-hanh","ID":0,"MaSoThue":"1601780035","NgayCap":"2012-06-28T00:00:00Z","Title":"Công Ty TNHH Một Thành Viên Tmdv Phương Hồng Hạnh","DiaChiCongTy":"ấp Vĩnh Lợi - Xã Vĩnh Lộc - Huyện An Phú - An Giang","Created":"2015-11-10T01:12:54Z","Updated":"2015-11-10T01:12:54Z","IsDelete":false,"RequestChanged":false,"ExitsInGDT":false,"SourceID":0,"TinhThanhID":0,"TinhThanhTitle":"An Giang","TinhThanhTitleAscii":"/an-giang","QuanHuyenID":0,"NganhNgheTitle":"Chuẩn bị mặt bằng","NganhNgheTitleAscii":"/nganh-nghe/chuan-bi-mat-bang","DSTags":["1601780035","An Giang",null]},{"Type":11,"SolrID":"/1601715533-doanh-nghiep-tn-tran-cong-lap","ID":0,"MaSoThue":"1601715533","NgayCap":"2012-04-16T00:00:00Z","Title":"Doanh Nghiệp TN Trần Công Lập","DiaChiCongTy":"ấp Vĩnh Lợi - Xã Vĩnh Lộc - Huyện An Phú - An Giang","Created":"2015-11-16T11:27:34Z","Updated":"2015-11-16T11:27:34Z","IsDelete":false,"RequestChanged":false,"ExitsInGDT":false,"SourceID":0,"TinhThanhID":0,"TinhThanhTitle":"An Giang","TinhThanhTitleAscii":"/an-giang","QuanHuyenID":0,"NganhNgheTitle":"Bán buôn nhiên liệu rắn, lỏng, khí và các sản phẩm liên quan","NganhNgheTitleAscii":"/nganh-nghe/ban-buon-nhien-lieu-ran-long-khi-va-cac-san-pham-lien-quan","DSTags":["1601715533","An Giang",null]},{"Type":11,"SolrID":"/1600376976-002-chi-nhanh-dntn-ty-nho-cua-hang-xang-dau-ty-nho","ID":0,"MaSoThue":"1600376976-002","NgayCap":"2010-11-22T00:00:00Z","Title":"Chi nhánh DNTN Tỷ Nhỏ Cửa hàng xăng dầu Tỷ Nhỏ","DiaChiCongTy":"ấp 3 - Xã Vĩnh Lộc - Huyện An Phú - An Giang","Created":"2015-11-17T19:51:15Z","Updated":"2015-11-17T19:51:15Z","IsDelete":false,"RequestChanged":false,"ExitsInGDT":false,"SourceID":0,"TinhThanhID":0,"TinhThanhTitle":"An Giang","TinhThanhTitleAscii":"/an-giang","QuanHuyenID":0,"NganhNgheTitle":"Bán buôn xăng dầu và các sản phẩm liên quan","NganhNgheTitleAscii":"/nganh-nghe/ban-buon-xang-dau-va-cac-san-pham-lien-quan","DSTags":["1600376976-002","An Giang",null]},{"Type":11,"SolrID":"/1601300264-phan-thi-ngoc-chau","ID":0,"MaSoThue":"1601300264","NgayCap":"2010-02-23T00:00:00Z","Title":"Phan Thị Ngọc Châu","DiaChiCongTy":"ấp Vĩnh Lợi, Xã Vĩnh Lộc - Huyện An Phú - An Giang","Created":"2015-11-16T06:43:01Z","Updated":"2015-11-16T06:43:01Z","IsDelete":false,"RequestChanged":false,"ExitsInGDT":false,"SourceID":0,"TinhThanhID":0,"TinhThanhTitle":"An Giang","TinhThanhTitleAscii":"/an-giang","QuanHuyenID":0,"NganhNgheTitle":"Bán lẻ sách, báo, tạp chí văn phòng phẩm trong các cửa hàng chuyên doanh","NganhNgheTitleAscii":"/nganh-nghe/ban-le-sach-bao-tap-chi-van-phong-pham-trong-cac-cua-hang-chuyen-doanh","DSTags":["1601300264","An Giang",null]},{"Type":11,"SolrID":"/1601042990-doanh-nghiep-tn-tung-phat","ID":0,"MaSoThue":"1601042990","NgayCap":"2009-02-24T00:00:00Z","Title":"Doanh Nghiệp TN Tùng Phát","DiaChiCongTy":"ấp  Vĩnh Hưng - Xã Vĩnh Lộc - Huyện An Phú - An Giang","Created":"2015-11-11T12:47:38Z","Updated":"2015-11-11T12:47:38Z","IsDelete":false,"RequestChanged":false,"ExitsInGDT":false,"SourceID":0,"TinhThanhID":0,"TinhThanhTitle":"An Giang","TinhThanhTitleAscii":"/an-giang","QuanHuyenID":0,"NganhNgheTitle":"Xây dựng công trình đường sắt và đường bộ","NganhNgheTitleAscii":"/nganh-nghe/xay-dung-cong-trinh-duong-sat-va-duong-bo","DSTags":["1601042990","An Giang",null]},{"Type":11,"SolrID":"/1600892755-htx-nong-nghiep-vinh-hung","ID":0,"MaSoThue":"1600892755","NgayCap":"2007-05-22T00:00:00Z","Title":"HTX Nông nghiệp Vĩnh Hưng","DiaChiCongTy":"Tổ 1, ấp 4, xã Vĩnh Lộc - Xã Vĩnh Lộc - Huyện An Phú - An Giang","Created":"2015-11-16T18:31:32Z","Updated":"2015-11-16T18:31:32Z","IsDelete":false,"RequestChanged":false,"ExitsInGDT":false,"SourceID":0,"TinhThanhID":0,"TinhThanhTitle":"An Giang","TinhThanhTitleAscii":"/an-giang","QuanHuyenID":0,"NganhNgheTitle":"Hoạt động dịch vụ nông nghiệp","NganhNgheTitleAscii":"/nganh-nghe/hoat-dong-dich-vu-nong-nghiep","DSTags":["1600892755","An Giang",null]},{"Type":11,"SolrID":"/1600852960-doanh-nghiep-tn-xay-dung-an-bien","ID":0,"MaSoThue":"1600852960","NgayCap":"2006-11-03T00:00:00Z","Title":"Doanh Nghiệp TN Xây Dựng An Biên","DiaChiCongTy":"Tổ 4, ấp 3 - Xã Vĩnh Lộc - Huyện An Phú - An Giang","Created":"2015-11-11T09:27:22Z","Updated":"2015-11-11T09:27:22Z","IsDelete":false,"RequestChanged":false,"ExitsInGDT":false,"SourceID":0,"TinhThanhID":0,"TinhThanhTitle":"An Giang","TinhThanhTitleAscii":"/an-giang","QuanHuyenID":0,"NganhNgheTitle":"Chuẩn bị mặt bằng","NganhNgheTitleAscii":"/nganh-nghe/chuan-bi-mat-bang","DSTags":["1600852960","An Giang",null]},{"Type":11,"SolrID":"/1600852689-truong-trung-hoc-pho-thong-vinh-loc","ID":0,"MaSoThue":"1600852689","NgayCap":"2006-10-25T00:00:00Z","Title":"Trường Trung học Phổ thông Vĩnh Lộc","DiaChiCongTy":"ấp I, xã Vĩnh Lộc - Huyện An Phú - An Giang","Created":"2015-11-16T17:50:27Z","Updated":"2015-11-16T17:50:27Z","IsDelete":false,"RequestChanged":false,"ExitsInGDT":false,"SourceID":0,"TinhThanhID":0,"TinhThanhTitle":"An Giang","TinhThanhTitleAscii":"/an-giang","QuanHuyenID":0,"NganhNgheTitle":"Giáo dục trung học cơ sở và trung học phổ thông","NganhNgheTitleAscii":"/nganh-nghe/giao-duc-trung-hoc-co-so-va-trung-hoc-pho-thong","DSTags":["1600852689","An Giang",null]},{"Type":11,"SolrID":"/1600790513-truong-tieu-hoc-c-vinh-loc","ID":0,"MaSoThue":"1600790513","NgayCap":"2005-07-14T00:00:00Z","Title":"Trường Tiểu học C Vĩnh Lộc","DiaChiCongTy":"ấp I, xã Vĩnh Lộc - Huyện An Phú - An Giang","Created":"2015-11-16T16:57:26Z","Updated":"2015-11-16T16:57:26Z","IsDelete":false,"RequestChanged":false,"ExitsInGDT":false,"SourceID":0,"TinhThanhID":0,"TinhThanhTitle":"An Giang","TinhThanhTitleAscii":"/an-giang","QuanHuyenID":0,"NganhNgheTitle":"Giáo dục tiểu học","NganhNgheTitleAscii":"/nganh-nghe/giao-duc-tieu-hoc","DSTags":["1600790513","An Giang",null]},{"Type":11,"SolrID":"/1600206332-doanh-nghiep-tn-duc-thien","ID":0,"MaSoThue":"1600206332","NgayCap":"2005-01-06T00:00:00Z","Title":"Doanh Nghiệp TN Đức Thiện","DiaChiCongTy":"ấp Vĩnh Phước - Xã Vĩnh Lộc - Huyện An Phú - An Giang","Created":"2015-11-17T19:46:53Z","Updated":"2015-11-17T19:46:53Z","IsDelete":false,"RequestChanged":false,"ExitsInGDT":false,"SourceID":0,"TinhThanhID":0,"TinhThanhTitle":"An Giang","TinhThanhTitleAscii":"/an-giang","QuanHuyenID":0,"NganhNgheTitle":"Khai khoáng khác chưa được phân vào đâu","NganhNgheTitleAscii":"/nganh-nghe/khai-khoang-khac-chua-duoc-phan-vao-dau-10612","DSTags":["1600206332","An Giang",null]},{"Type":11,"SolrID":"/1600684353-truong-tieu-hoc-b-vinh-loc","ID":0,"MaSoThue":"1600684353","NgayCap":"2004-03-02T00:00:00Z","Title":"Trường Tiểu học B Vĩnh Lộc","DiaChiCongTy":"xã Vĩnh Lộc - Huyện An Phú - An Giang","Created":"2015-11-16T15:51:32Z","Updated":"2015-11-16T15:51:32Z","IsDelete":false,"RequestChanged":false,"ExitsInGDT":false,"SourceID":0,"TinhThanhID":0,"TinhThanhTitle":"An Giang","TinhThanhTitleAscii":"/an-giang","QuanHuyenID":0,"NganhNgheTitle":"Giáo dục tiểu học","NganhNgheTitleAscii":"/nganh-nghe/giao-duc-tieu-hoc","DSTags":["1600684353","An Giang",null]},{"Type":11,"SolrID":"/1600683543-truong-tieu-hoc-a-vinh-loc","ID":0,"MaSoThue":"1600683543","NgayCap":"2004-02-26T00:00:00Z","Title":"Trường Tiểu học A Vĩnh Lộc","DiaChiCongTy":"xã Vĩnh Lộc - Huyện An Phú - An Giang","Created":"2015-11-16T15:47:09Z","Updated":"2015-11-16T15:47:09Z","IsDelete":false,"RequestChanged":false,"ExitsInGDT":false,"SourceID":0,"TinhThanhID":0,"TinhThanhTitle":"An Giang","TinhThanhTitleAscii":"/an-giang","QuanHuyenID":0,"NganhNgheTitle":"Giáo dục tiểu học","NganhNgheTitleAscii":"/nganh-nghe/giao-duc-tieu-hoc","DSTags":["1600683543","An Giang",null]},{"Type":11,"SolrID":"/1600681560-truong-mau-giao-vinh-loc","ID":0,"MaSoThue":"1600681560","NgayCap":"2004-02-17T00:00:00Z","Title":"Trường Mẫu Giáo Vĩnh Lộc","DiaChiCongTy":"Xã Vĩnh Lộc - Huyện An Phú - An Giang","Created":"2015-11-16T15:44:07Z","Updated":"2015-11-16T15:44:07Z","IsDelete":false,"RequestChanged":false,"ExitsInGDT":false,"SourceID":0,"TinhThanhID":0,"TinhThanhTitle":"An Giang","TinhThanhTitleAscii":"/an-giang","QuanHuyenID":0,"NganhNgheTitle":"Giáo dục mầm non","NganhNgheTitleAscii":"/nganh-nghe/giao-duc-mam-non","DSTags":["1600681560","An Giang",null]},{"Type":11,"SolrID":"/1600681539-truong-trung-hoc-co-so-vinh-loc","ID":0,"MaSoThue":"1600681539","NgayCap":"2004-02-17T00:00:00Z","Title":"Trường Trung học cơ sở Vĩnh Lộc","DiaChiCongTy":"ấp 1, xã Vĩnh Lộc - Huyện An Phú - An Giang","Created":"2015-11-16T15:44:30Z","Updated":"2015-11-16T15:44:30Z","IsDelete":false,"RequestChanged":false,"ExitsInGDT":false,"SourceID":0,"TinhThanhID":0,"TinhThanhTitle":"An Giang","TinhThanhTitleAscii":"/an-giang","QuanHuyenID":0,"NganhNgheTitle":"Giáo dục trung học cơ sở và trung học phổ thông","NganhNgheTitleAscii":"/nganh-nghe/giao-duc-trung-hoc-co-so-va-trung-hoc-pho-thong","DSTags":["1600681539","An Giang",null]},{"Type":11,"SolrID":"/1600557080-dntn-hoang-thao","ID":0,"MaSoThue":"1600557080","NgayCap":"2004-01-28T00:00:00Z","Title":"DNTN Hoàng Thao","DiaChiCongTy":"BTQ 3,  Xã Vĩnh Lộc - Huyện An Phú - An Giang","Created":"2015-11-11T10:14:53Z","Updated":"2015-11-11T10:14:53Z","IsDelete":false,"RequestChanged":false,"ExitsInGDT":false,"SourceID":0,"TinhThanhID":0,"TinhThanhTitle":"An Giang","TinhThanhTitleAscii":"/an-giang","QuanHuyenID":0,"NganhNgheTitle":"Bán lẻ nhiên liệu động cơ trong các cửa hàng chuyên doanh","NganhNgheTitleAscii":"/nganh-nghe/ban-le-nhien-lieu-dong-co-trong-cac-cua-hang-chuyen-doanh","DSTags":["1600557080","An Giang",null]}]}