{"ID":12048,"SolrID":"/an-giang/huyen-an-phu/xa-vinh-hau","Title":"Xã Vĩnh Hậu","TinhThanhTitle":"An Giang","QuanHuyenTitle":"Huyện An Phú","QuanHuyenID":274,"TinhThanhID":35,"Url":"https://thongtindoanhnghiep.co/api/company?l=/an-giang/huyen-an-phu/xa-vinh-hau","Total":14,"List":[{"Type":11,"SolrID":"/1602146248-cong-ty-tnhh-dau-tu-xay-dung-truong-an-thinh-phat","ID":0,"MaSoThue":"1602146248","NgayCap":"2021-04-22T00:00:00Z","Title":"Công Ty TNHH Đầu Tư Xây Dựng Trường An Thịnh Phát","DiaChiCongTy":"Tổ 28, Ấp Vĩnh bảo, Xã Vĩnh Hậu, Huyện An Phú, Tỉnh An Giang","Created":"2021-04-22T08:36:21Z","Updated":"2021-04-22T08:36:21Z","IsDelete":false,"RequestChanged":false,"ExitsInGDT":false,"SourceID":0,"TinhThanhID":0,"TinhThanhTitle":"An Giang","TinhThanhTitleAscii":"/an-giang","QuanHuyenID":0,"DSTags":["1602146248","An Giang",null]},{"Type":11,"SolrID":"/1602036742-cong-ty-tnhh-du-lich-lang-cham","ID":0,"MaSoThue":"1602036742","NgayCap":"2017-03-29T00:00:00Z","Title":"Công Ty TNHH Du Lịch Làng Chăm","DiaChiCongTy":"Ấp Vĩnh Ngữ, Xã Vĩnh Hậu, Huyện An Phú, Tỉnh An Giang","Created":"2017-03-29T15:11:14Z","Updated":"2017-03-29T15:11:14Z","IsDelete":false,"RequestChanged":false,"ExitsInGDT":false,"SourceID":0,"TinhThanhID":0,"TinhThanhTitle":"An Giang","TinhThanhTitleAscii":"/an-giang","QuanHuyenID":0,"NganhNgheTitle":"Dịch vụ lưu trú ngắn ngày","NganhNgheTitleAscii":"/nganh-nghe/dich-vu-luu-tru-ngan-ngay","DSTags":["1602036742","An Giang",null]},{"Type":11,"SolrID":"/1601948055-doanh-nghiep-tn-tran-huu-tai","ID":0,"MaSoThue":"1601948055","NgayCap":"2014-12-01T00:00:00Z","Title":"Doanh Nghiệp TN Trần Hữu Tài","DiaChiCongTy":"ấp Vĩnh Bảo - Xã Vĩnh Hậu - Huyện An Phú - An Giang","Created":"2015-11-11T18:55:23Z","Updated":"2015-11-11T18:55:23Z","IsDelete":false,"RequestChanged":false,"ExitsInGDT":false,"SourceID":0,"TinhThanhID":0,"TinhThanhTitle":"An Giang","TinhThanhTitleAscii":"/an-giang","QuanHuyenID":0,"NganhNgheTitle":"Xây dựng công trình đường sắt và đường bộ","NganhNgheTitleAscii":"/nganh-nghe/xay-dung-cong-trinh-duong-sat-va-duong-bo","DSTags":["1601948055","An Giang",null]},{"Type":11,"SolrID":"/1601866772-cong-ty-tnhh-xay-dung-hung-kien","ID":0,"MaSoThue":"1601866772","NgayCap":"2013-03-19T00:00:00Z","Title":"Công Ty TNHH Xây Dựng Hưng Kiên","DiaChiCongTy":"ấp Vĩnh Lịnh - Xã Vĩnh Hậu - Huyện An Phú - An Giang","Created":"2015-11-11T23:56:25Z","Updated":"2015-11-11T23:56:25Z","IsDelete":false,"RequestChanged":false,"ExitsInGDT":false,"SourceID":0,"TinhThanhID":0,"TinhThanhTitle":"An Giang","TinhThanhTitleAscii":"/an-giang","QuanHuyenID":0,"NganhNgheTitle":"Xây dựng công trình kỹ thuật dân dụng khác","NganhNgheTitleAscii":"/nganh-nghe/xay-dung-cong-trinh-ky-thuat-dan-dung-khac","DSTags":["1601866772","An Giang",null]},{"Type":11,"SolrID":"/1601413067-vo-quoc-dung","ID":0,"MaSoThue":"1601413067","NgayCap":"2010-11-19T00:00:00Z","Title":"Võ Quốc Dũng","DiaChiCongTy":"ấp Vĩnh Bảo, Xã Vĩnh Hậu - Huyện An Phú - An Giang","Created":"2015-11-16T05:19:04Z","Updated":"2015-11-16T05:19:04Z","IsDelete":false,"RequestChanged":false,"ExitsInGDT":false,"SourceID":0,"TinhThanhID":0,"TinhThanhTitle":"An Giang","TinhThanhTitleAscii":"/an-giang","QuanHuyenID":0,"NganhNgheTitle":"Bán buôn phân bón, thuốc trừ sâu và hóa chất khác sử dụng trong nông nghiệp","NganhNgheTitleAscii":"/nganh-nghe/ban-buon-phan-bon-thuoc-tru-sau-va-hoa-chat-khac-su-dung-trong-nong-nghiep","DSTags":["1601413067","An Giang",null]},{"Type":11,"SolrID":"/1601335193-cao-van-hieu","ID":0,"MaSoThue":"1601335193","NgayCap":"2010-04-29T00:00:00Z","Title":"Cao Văn Hiếu","DiaChiCongTy":"ấp Vĩnh Thuấn, Xã Vĩnh Hậu - Huyện An Phú - An Giang","Created":"2015-11-16T06:16:12Z","Updated":"2015-11-16T06:16:12Z","IsDelete":false,"RequestChanged":false,"ExitsInGDT":false,"SourceID":0,"TinhThanhID":0,"TinhThanhTitle":"An Giang","TinhThanhTitleAscii":"/an-giang","QuanHuyenID":0,"NganhNgheTitle":"Bán buôn phân bón, thuốc trừ sâu và hóa chất khác sử dụng trong nông nghiệp","NganhNgheTitleAscii":"/nganh-nghe/ban-buon-phan-bon-thuoc-tru-sau-va-hoa-chat-khac-su-dung-trong-nong-nghiep","DSTags":["1601335193","An Giang",null]},{"Type":11,"SolrID":"/1600970280-tran-thi-loan","ID":0,"MaSoThue":"1600970280","NgayCap":"2008-07-30T00:00:00Z","Title":"Trần Thị Loan","DiaChiCongTy":"ấp Vĩnh Thuấn, Xã Vĩnh Hậu - Xã Vĩnh Hậu - Huyện An Phú - An Giang","Created":"2015-11-16T19:04:28Z","Updated":"2015-11-16T19:04:28Z","IsDelete":false,"RequestChanged":false,"ExitsInGDT":false,"SourceID":0,"TinhThanhID":0,"TinhThanhTitle":"An Giang","TinhThanhTitleAscii":"/an-giang","QuanHuyenID":0,"NganhNgheTitle":"Hoạt động dịch vụ phục vụ cá nhân khác còn lại chưa được phân vào đâu","NganhNgheTitleAscii":"/nganh-nghe/hoat-dong-dich-vu-phuc-vu-ca-nhan-khac-con-lai-chua-duoc-phan-vao-dau","DSTags":["1600970280","An Giang",null]},{"Type":11,"SolrID":"/1600856958-truong-mau-giao-vinh-hau","ID":0,"MaSoThue":"1600856958","NgayCap":"2007-01-02T00:00:00Z","Title":"Trường Mẫu giáo Vĩnh Hậu","DiaChiCongTy":"ấp 2, xã Vĩnh Hậu - Huyện An Phú - An Giang","Created":"2015-11-16T00:58:23Z","Updated":"2015-11-16T00:58:23Z","IsDelete":false,"RequestChanged":false,"ExitsInGDT":false,"SourceID":0,"TinhThanhID":0,"TinhThanhTitle":"An Giang","TinhThanhTitleAscii":"/an-giang","QuanHuyenID":0,"NganhNgheTitle":"Giáo dục mầm non","NganhNgheTitleAscii":"/nganh-nghe/giao-duc-mam-non","DSTags":["1600856958","An Giang",null]},{"Type":11,"SolrID":"/1600690893-truong-tieu-hoc-c-vinh-hau","ID":0,"MaSoThue":"1600690893","NgayCap":"2004-04-06T00:00:00Z","Title":"Trường Tiểu Học C Vĩnh Hậu","DiaChiCongTy":"ấp 1, xã Vĩnh Hậu - Huyện An Phú - An Giang","Created":"2015-11-16T16:01:57Z","Updated":"2015-11-16T16:01:57Z","IsDelete":false,"RequestChanged":false,"ExitsInGDT":false,"SourceID":0,"TinhThanhID":0,"TinhThanhTitle":"An Giang","TinhThanhTitleAscii":"/an-giang","QuanHuyenID":0,"NganhNgheTitle":"Giáo dục tiểu học","NganhNgheTitleAscii":"/nganh-nghe/giao-duc-tieu-hoc","DSTags":["1600690893","An Giang",null]},{"Type":11,"SolrID":"/1600688799-truong-tieu-hoc-a-vinh-hau","ID":0,"MaSoThue":"1600688799","NgayCap":"2004-03-29T00:00:00Z","Title":"Trường Tiểu học A Vĩnh Hậu","DiaChiCongTy":"xã Vĩnh Hậu - Huyện An Phú - An Giang","Created":"2015-11-16T16:00:30Z","Updated":"2015-11-16T16:00:30Z","IsDelete":false,"RequestChanged":false,"ExitsInGDT":false,"SourceID":0,"TinhThanhID":0,"TinhThanhTitle":"An Giang","TinhThanhTitleAscii":"/an-giang","QuanHuyenID":0,"NganhNgheTitle":"Giáo dục tiểu học","NganhNgheTitleAscii":"/nganh-nghe/giao-duc-tieu-hoc","DSTags":["1600688799","An Giang",null]},{"Type":11,"SolrID":"/1600688767-truong-tieu-hoc-b-vinh-hau","ID":0,"MaSoThue":"1600688767","NgayCap":"2004-03-29T00:00:00Z","Title":"Trường Tiểu học B Vĩnh Hậu","DiaChiCongTy":"xã Vĩnh Hậu - Huyện An Phú - An Giang","Created":"2015-11-16T16:00:34Z","Updated":"2015-11-16T16:00:34Z","IsDelete":false,"RequestChanged":false,"ExitsInGDT":false,"SourceID":0,"TinhThanhID":0,"TinhThanhTitle":"An Giang","TinhThanhTitleAscii":"/an-giang","QuanHuyenID":0,"NganhNgheTitle":"Giáo dục tiểu học","NganhNgheTitleAscii":"/nganh-nghe/giao-duc-tieu-hoc","DSTags":["1600688767","An Giang",null]},{"Type":11,"SolrID":"/1600685533-ubnd-xa-vinh-hau","ID":0,"MaSoThue":"1600685533","NgayCap":"2004-03-12T00:00:00Z","Title":"UBND Xã Vĩnh Hậu","DiaChiCongTy":"ấp 2 xã Vĩnh Hậu - Huyện An Phú - An Giang","Created":"2015-11-16T05:16:43Z","Updated":"2015-11-16T05:16:43Z","IsDelete":false,"RequestChanged":false,"ExitsInGDT":false,"SourceID":0,"TinhThanhID":0,"TinhThanhTitle":"An Giang","TinhThanhTitleAscii":"/an-giang","QuanHuyenID":0,"NganhNgheTitle":"Hoạt động của Đảng cộng sản, tổ chức chính trị - xã hội, hoạt động quản lý nhà nước nói chung và kinh tế tổng hợp","NganhNgheTitleAscii":"/nganh-nghe/hoat-dong-cua-dang-cong-san-to-chuc-chinh-tri-xa-hoi-hoat-dong-quan-ly-nha-nuoc-noi-chung-va-kinh-te-tong-hop","DSTags":["1600685533","An Giang",null]},{"Type":11,"SolrID":"/1600681553-truong-trung-hoc-co-so-vinh-hau","ID":0,"MaSoThue":"1600681553","NgayCap":"2004-02-17T00:00:00Z","Title":"Trường Trung học cơ sở Vĩnh Hậu","DiaChiCongTy":"xã Vĩnh Hậu - Huyện An Phú - An Giang","Created":"2015-11-16T15:44:23Z","Updated":"2015-11-16T15:44:23Z","IsDelete":false,"RequestChanged":false,"ExitsInGDT":false,"SourceID":0,"TinhThanhID":0,"TinhThanhTitle":"An Giang","TinhThanhTitleAscii":"/an-giang","QuanHuyenID":0,"NganhNgheTitle":"Giáo dục trung học cơ sở và trung học phổ thông","NganhNgheTitleAscii":"/nganh-nghe/giao-duc-trung-hoc-co-so-va-trung-hoc-pho-thong","DSTags":["1600681553","An Giang",null]},{"Type":11,"SolrID":"/1600373855-doanh-nghiep-tn-nguyen-thanh-hong","ID":0,"MaSoThue":"1600373855","NgayCap":"1998-11-23T00:00:00Z","Title":"Doanh Nghiệp TN Nguyễn Thanh Hồng","DiaChiCongTy":"Xà lan AG-10412-H, ấp Vĩnh Lịnh - Xã Vĩnh Hậu - Huyện An Phú - An Giang","Created":"2015-11-17T02:34:01Z","Updated":"2015-11-17T02:34:01Z","IsDelete":false,"RequestChanged":false,"ExitsInGDT":false,"SourceID":0,"TinhThanhID":0,"TinhThanhTitle":"An Giang","TinhThanhTitleAscii":"/an-giang","QuanHuyenID":0,"NganhNgheTitle":"Bán buôn nhiên liệu rắn, lỏng, khí và các sản phẩm liên quan","NganhNgheTitleAscii":"/nganh-nghe/ban-buon-nhien-lieu-ran-long-khi-va-cac-san-pham-lien-quan","DSTags":["1600373855","An Giang",null]}]}