{"ID":16281,"SolrID":"/bac-can/thanh-pho-bac-can/phuong-duc-xuan-thi-xa-bac-kan","Title":"Phường Đức Xuân Thị Xã Bắc Kạn","TinhThanhTitle":"Bắc Cạn","QuanHuyenTitle":"Thành Phố Bắc Cạn","QuanHuyenID":145,"TinhThanhID":47,"Url":"https://thongtindoanhnghiep.co/api/company?l=/bac-can/thanh-pho-bac-can/phuong-duc-xuan-thi-xa-bac-kan","Total":1,"List":[{"Type":11,"SolrID":"/0100365685-006-chi-nhanh-cong-ty-tnhh-tien-thanh","ID":0,"MaSoThue":"0100365685-006","NgayCap":"2003-08-21T00:00:00Z","Title":"Chi nhánh công ty TNHH Tiến Thành","DiaChiCongTy":"Tổ 11c Phường Đức Xuân Thị Xã Bắc Kạn - Thành Phố Bắc Cạn - Bắc Cạn","Created":"2015-11-11T09:51:36Z","Updated":"2015-11-11T09:51:36Z","IsDelete":false,"RequestChanged":false,"ExitsInGDT":false,"SourceID":0,"TinhThanhID":0,"TinhThanhTitle":"Bắc Cạn","TinhThanhTitleAscii":"/bac-can","QuanHuyenID":0,"NganhNgheTitle":"Xây dựng công trình kỹ thuật dân dụng","NganhNgheTitleAscii":"/nganh-nghe/xay-dung-cong-trinh-ky-thuat-dan-dung","DSTags":["0100365685-006","Bắc Cạn",null]}]}