{"ID":16337,"SolrID":"/bac-can/thanh-pho-bac-can/phuong-phung-chi-kien-thi-xa-bac-kan","Title":"Phường Phùng Chí Kiên Thị Xã Bắc Kạn","TinhThanhTitle":"Bắc Cạn","QuanHuyenTitle":"Thành Phố Bắc Cạn","QuanHuyenID":145,"TinhThanhID":47,"Url":"https://thongtindoanhnghiep.co/api/company?l=/bac-can/thanh-pho-bac-can/phuong-phung-chi-kien-thi-xa-bac-kan","Total":1,"List":[{"Type":11,"SolrID":"/4600334192-002-chi-nhanh-cong-ty-co-phan-van-tai-gang-thep-thai-nguyen","ID":0,"MaSoThue":"4600334192-002","NgayCap":"2003-08-21T00:00:00Z","Title":"Chi nhánh công ty cổ phần vận tải gang thép Thái Nguyên","DiaChiCongTy":"Tổ 8 Phường Phùng Chí Kiên Thị Xã Bắc Kạn - Thành Phố Bắc Cạn - Bắc Cạn","Created":"2015-11-11T06:07:00Z","Updated":"2015-11-11T06:07:00Z","IsDelete":false,"RequestChanged":false,"ExitsInGDT":false,"SourceID":0,"TinhThanhID":0,"TinhThanhTitle":"Bắc Cạn","TinhThanhTitleAscii":"/bac-can","QuanHuyenID":0,"NganhNgheTitle":"Bán buôn chuyên doanh khác","NganhNgheTitleAscii":"/nganh-nghe/ban-buon-chuyen-doanh-khac","DSTags":["4600334192-002","Bắc Cạn",null]}]}