{"ID":3235,"SolrID":"/bac-can/thanh-pho-bac-can/phuong-nguyen-thi-minh-khai","Title":"Phường Nguyễn Thị Minh Khai","TinhThanhTitle":"Bắc Cạn","QuanHuyenTitle":"Thành Phố Bắc Cạn","QuanHuyenID":145,"TinhThanhID":47,"Url":"https://thongtindoanhnghiep.co/api/company?l=/bac-can/thanh-pho-bac-can/phuong-nguyen-thi-minh-khai","Total":92,"List":[{"Type":11,"SolrID":"/4700263869-cong-ty-tnhh-tu-van-thue-va-ke-toan-vinatax","ID":0,"MaSoThue":"4700263869","NgayCap":"2016-09-01T00:00:00Z","Title":"CôNG TY TNHH Tư VấN THUế Và Kế TOáN VINATAX","DiaChiCongTy":"Tổ 16 - Phường  Nguyễn Thị Minh Khai - Thành Phố Bắc Cạn - Bắc Cạn","Created":"2016-09-09T13:11:28Z","Updated":"2016-09-10T13:01:53Z","IsDelete":false,"RequestChanged":false,"ExitsInGDT":false,"SourceID":0,"TinhThanhID":0,"TinhThanhTitle":"Bắc Cạn","TinhThanhTitleAscii":"/bac-can","QuanHuyenID":0,"NganhNgheTitle":"Hoạt động liên quan đến kế toán, kiểm toán và tư vấn về thuế","NganhNgheTitleAscii":"/nganh-nghe/hoat-dong-lien-quan-den-ke-toan-kiem-toan-va-tu-van-ve-thue","DSTags":["4700263869","Bắc Cạn",null]},{"Type":11,"SolrID":"/4700262689-cong-ty-tnhh-mot-thanh-vien-quan-ly-khai-thac-cong-trinh-thuy-loi-bac-kan","ID":0,"MaSoThue":"4700262689","NgayCap":"2016-05-18T00:00:00Z","Title":"Công Ty TNHH Một Thành Viên Quản Lý Khai Thác Công Trình Thủy Lợi Bắc Kạn","DiaChiCongTy":"Tổ 17 - Phường  Nguyễn Thị Minh Khai - Thành Phố Bắc Cạn - Bắc Cạn","Created":"2016-05-21T09:57:58Z","Updated":"2016-05-21T09:57:58Z","IsDelete":false,"RequestChanged":false,"ExitsInGDT":false,"SourceID":0,"TinhThanhID":0,"TinhThanhTitle":"Bắc Cạn","TinhThanhTitleAscii":"/bac-can","QuanHuyenID":0,"NganhNgheTitle":"Khai thác, xử lý và cung cấp nước","NganhNgheTitleAscii":"/nganh-nghe/khai-thac-xu-ly-va-cung-cap-nuoc","DSTags":["4700262689","Bắc Cạn",null]},{"Type":11,"SolrID":"/4700262135-cong-ty-tnhh-xuat-nhap-khau-y-te-hoang-anh","ID":0,"MaSoThue":"4700262135","NgayCap":"2016-04-25T00:00:00Z","Title":"Công Ty TNHH Xuất Nhập Khẩu Y Tế Hoàng Anh","DiaChiCongTy":"Tổ 3 - Phường  Nguyễn Thị Minh Khai - Thành Phố Bắc Cạn - Bắc Cạn","Created":"2016-04-29T11:49:44Z","Updated":"2016-04-29T11:49:44Z","IsDelete":false,"RequestChanged":false,"ExitsInGDT":false,"SourceID":0,"TinhThanhID":0,"TinhThanhTitle":"Bắc Cạn","TinhThanhTitleAscii":"/bac-can","QuanHuyenID":0,"NganhNgheTitle":"Bán buôn tổng hợp","NganhNgheTitleAscii":"/nganh-nghe/ban-buon-tong-hop","DSTags":["4700262135","Bắc Cạn",null]},{"Type":11,"SolrID":"/0600335216-002-chi-nhanh-cong-ty-tnhh-thuong-mai-thanh-thanh-tai-bac-kan","ID":0,"MaSoThue":"0600335216-002","NgayCap":"2015-12-02T00:00:00Z","Title":"Chi Nhánh Công Ty TNHH Thương Mại Thanh Thanh Tại Bắc Kạn","DiaChiCongTy":"Số 109, tổ 10 - Phường  Nguyễn Thị Minh Khai - Thành Phố Bắc Cạn - Bắc Cạn","Created":"2015-12-05T12:10:23Z","Updated":"2015-12-05T12:10:23Z","IsDelete":false,"RequestChanged":false,"ExitsInGDT":false,"SourceID":0,"TinhThanhID":0,"TinhThanhTitle":"Bắc Cạn","TinhThanhTitleAscii":"/bac-can","QuanHuyenID":0,"NganhNgheTitle":"Hoạt động chăm sóc sức khoẻ người có công, người già và người tàn tật không có khả năng tự chăm sóc","NganhNgheTitleAscii":"/nganh-nghe/hoat-dong-cham-soc-suc-khoe-nguoi-co-cong-nguoi-gia-va-nguoi-tan-tat-khong-co-kha-nang-tu-cham-soc","DSTags":["0600335216-002","Bắc Cạn",null]},{"Type":11,"SolrID":"/4700258851-cong-ty-tnhh-mtv-xuan-doan","ID":0,"MaSoThue":"4700258851","NgayCap":"2015-10-22T00:00:00Z","Title":"Công Ty TNHH Mtv Xuân Đoàn","DiaChiCongTy":"Tổ 16 - Phường  Nguyễn Thị Minh Khai - Thành Phố Bắc Cạn - Bắc Cạn","Created":"2015-11-19T11:11:51Z","Updated":"2015-11-19T11:11:51Z","IsDelete":false,"RequestChanged":false,"ExitsInGDT":false,"SourceID":0,"TinhThanhID":0,"TinhThanhTitle":"Bắc Cạn","TinhThanhTitleAscii":"/bac-can","QuanHuyenID":0,"NganhNgheTitle":"Bán lẻ thiết bị nghe nhìn trong các cửa hàng chuyên doanh","NganhNgheTitleAscii":"/nganh-nghe/ban-le-thiet-bi-nghe-nhin-trong-cac-cua-hang-chuyen-doanh","DSTags":["4700258851","Bắc Cạn",null]},{"Type":11,"SolrID":"/0106926506-001-chi-nhanh-cong-ty-co-phan-dau-tu-va-phat-trien-tham-my-thang-long","ID":0,"MaSoThue":"0106926506-001","NgayCap":"2015-09-25T00:00:00Z","Title":"Chi Nhánh Công Ty Cổ Phần Đầu Tư Và Phát Triển Thẩm Mỹ Thăng Long","DiaChiCongTy":"Số 161, đường Nguyễn Thị Minh Khai - Phường  Nguyễn Thị Minh Khai - Thành Phố Bắc Cạn - Bắc Cạn","Created":"2015-11-19T05:08:53Z","Updated":"2015-11-19T05:08:53Z","IsDelete":false,"RequestChanged":false,"ExitsInGDT":false,"SourceID":0,"TinhThanhID":0,"TinhThanhTitle":"Bắc Cạn","TinhThanhTitleAscii":"/bac-can","QuanHuyenID":0,"NganhNgheTitle":"Giáo dục nghề nghiệp","NganhNgheTitleAscii":"/nganh-nghe/giao-duc-nghe-nghiep","DSTags":["0106926506-001","Bắc Cạn",null]},{"Type":11,"SolrID":"/4700256727-cong-ty-tnhh-mtv-du-lich-va-dich-vu-hai-hong-phat-bac-kan","ID":0,"MaSoThue":"4700256727","NgayCap":"2015-04-02T00:00:00Z","Title":"Công Ty TNHH Mtv Du Lịch Và Dịch Vụ Hải Hồng Phát Bắc Kạn","DiaChiCongTy":"Số 343, đường Nguyễn Thị Minh Khai - Phường  Nguyễn Thị Minh Khai - Thành Phố Bắc Cạn - Bắc Cạn","Created":"2015-11-17T06:40:24Z","Updated":"2015-11-17T06:40:24Z","IsDelete":false,"RequestChanged":false,"ExitsInGDT":false,"SourceID":0,"TinhThanhID":0,"TinhThanhTitle":"Bắc Cạn","TinhThanhTitleAscii":"/bac-can","QuanHuyenID":0,"NganhNgheTitle":"Điều hành tua du lịch","NganhNgheTitleAscii":"/nganh-nghe/dieu-hanh-tua-du-lich","DSTags":["4700256727","Bắc Cạn",null]},{"Type":11,"SolrID":"/5701695084-001-cong-ty-tnhh-dau-gia-dong-bac-chi-nhanh-bac-kan","ID":0,"MaSoThue":"5701695084-001","NgayCap":"2014-06-20T00:00:00Z","Title":"Công Ty TNHH Đấu Giá Đông Bắc - Chi Nhánh Bắc Kạn","DiaChiCongTy":"Số 411, tổ 4 - Phường  Nguyễn Thị Minh Khai - Thành Phố Bắc Cạn - Bắc Cạn","Created":"2015-11-10T22:32:54Z","Updated":"2015-11-10T22:32:54Z","IsDelete":false,"RequestChanged":false,"ExitsInGDT":false,"SourceID":0,"TinhThanhID":0,"TinhThanhTitle":"Bắc Cạn","TinhThanhTitleAscii":"/bac-can","QuanHuyenID":0,"NganhNgheTitle":"Đại lý, môi giới, đấu giá","NganhNgheTitleAscii":"/nganh-nghe/dai-ly-moi-gioi-dau-gia","DSTags":["5701695084-001","Bắc Cạn",null]},{"Type":11,"SolrID":"/4700119671-010-trung-tam-giam-dinh-y-khoa-tinh-bac-kan","ID":0,"MaSoThue":"4700119671-010","NgayCap":"2014-03-17T00:00:00Z","Title":"Trung tâm Giám định Y khoa tỉnh Bắc Kạn","DiaChiCongTy":"Tổ 10 - Phường  Nguyễn Thị Minh Khai - Thành Phố Bắc Cạn - Bắc Cạn","Created":"2015-11-19T08:48:26Z","Updated":"2015-11-19T08:48:26Z","IsDelete":false,"RequestChanged":false,"ExitsInGDT":false,"SourceID":0,"TinhThanhID":0,"TinhThanhTitle":"Bắc Cạn","TinhThanhTitleAscii":"/bac-can","QuanHuyenID":0,"NganhNgheTitle":"Hoạt động y tế","NganhNgheTitleAscii":"/nganh-nghe/hoat-dong-y-te","DSTags":["4700119671-010","Bắc Cạn",null]},{"Type":11,"SolrID":"/4700248282-cong-ty-cp-dau-tu-xay-dung-cong-trinh-giao-thong-giang-nam-98","ID":0,"MaSoThue":"4700248282","NgayCap":"2014-03-04T00:00:00Z","Title":"Công Ty CP Đầu Tư Xây Dựng Công Trình Giao Thông Giang Nam 98","DiaChiCongTy":"Tổ 3 - Phường  Nguyễn Thị Minh Khai - Thành Phố Bắc Cạn - Bắc Cạn","Created":"2015-11-09T12:56:36Z","Updated":"2015-11-09T12:56:36Z","IsDelete":false,"RequestChanged":false,"ExitsInGDT":false,"SourceID":0,"TinhThanhID":0,"TinhThanhTitle":"Bắc Cạn","TinhThanhTitleAscii":"/bac-can","QuanHuyenID":0,"NganhNgheTitle":"Xây dựng nhà các loại","NganhNgheTitleAscii":"/nganh-nghe/xay-dung-nha-cac-loai","DSTags":["4700248282","Bắc Cạn",null]},{"Type":11,"SolrID":"/4700246415-ban-bao-ve-cham-soc-suc-khoe-can-bo-tinh-bac-kan","ID":0,"MaSoThue":"4700246415","NgayCap":"2013-11-26T00:00:00Z","Title":"Ban bảo vệ, chăm sóc sức khỏe cán bộ tỉnh Bắc Kạn","DiaChiCongTy":"Số nhà 94, tổ 10 - Phường  Nguyễn Thị Minh Khai - Thành Phố Bắc Cạn - Bắc Cạn","Created":"2015-11-16T13:37:54Z","Updated":"2015-11-16T13:37:54Z","IsDelete":false,"RequestChanged":false,"ExitsInGDT":false,"SourceID":0,"TinhThanhID":0,"TinhThanhTitle":"Bắc Cạn","TinhThanhTitleAscii":"/bac-can","QuanHuyenID":0,"NganhNgheTitle":"Hoạt động y tế","NganhNgheTitleAscii":"/nganh-nghe/hoat-dong-y-te","DSTags":["4700246415","Bắc Cạn",null]},{"Type":11,"SolrID":"/4700219683-002-ban-quan-ly-du-an-vnen-tinh-bac-kan","ID":0,"MaSoThue":"4700219683-002","NgayCap":"2013-10-29T00:00:00Z","Title":"Ban quản lý Dự án VNEN tỉnh Bắc Kạn","DiaChiCongTy":"Tổ 4 - Phường  Nguyễn Thị Minh Khai - Thành Phố Bắc Cạn - Bắc Cạn","Created":"2015-11-19T08:49:05Z","Updated":"2015-11-19T08:49:05Z","IsDelete":false,"RequestChanged":false,"ExitsInGDT":false,"SourceID":0,"TinhThanhID":0,"TinhThanhTitle":"Bắc Cạn","TinhThanhTitleAscii":"/bac-can","QuanHuyenID":0,"NganhNgheTitle":"Giáo dục và đào tạo","NganhNgheTitleAscii":"/nganh-nghe/giao-duc-va-dao-tao-85","DSTags":["4700219683-002","Bắc Cạn",null]},{"Type":11,"SolrID":"/4700244760-cong-ty-cp-minh-thuy","ID":0,"MaSoThue":"4700244760","NgayCap":"2013-09-18T00:00:00Z","Title":"Công Ty CP Minh Thùy","DiaChiCongTy":"Số nhà 74, tổ 11 - Phường  Nguyễn Thị Minh Khai - Thành Phố Bắc Cạn - Bắc Cạn","Created":"2015-11-11T05:28:35Z","Updated":"2015-11-11T05:28:35Z","IsDelete":false,"RequestChanged":false,"ExitsInGDT":false,"SourceID":0,"TinhThanhID":0,"TinhThanhTitle":"Bắc Cạn","TinhThanhTitleAscii":"/bac-can","QuanHuyenID":0,"NganhNgheTitle":"Hoạt động dịch vụ trồng trọt","NganhNgheTitleAscii":"/nganh-nghe/hoat-dong-dich-vu-trong-trot","DSTags":["4700244760","Bắc Cạn",null]},{"Type":11,"SolrID":"/4700242516-cong-ty-cp-xay-dung-giao-thong-le-duong","ID":0,"MaSoThue":"4700242516","NgayCap":"2013-07-02T00:00:00Z","Title":"Công Ty CP Xây Dựng Giao Thông Lê Dương","DiaChiCongTy":"Tổ 17 - Phường  Nguyễn Thị Minh Khai - Thành Phố Bắc Cạn - Bắc Cạn","Created":"2015-11-11T19:40:30Z","Updated":"2015-11-11T19:40:30Z","IsDelete":false,"RequestChanged":false,"ExitsInGDT":false,"SourceID":0,"TinhThanhID":0,"TinhThanhTitle":"Bắc Cạn","TinhThanhTitleAscii":"/bac-can","QuanHuyenID":0,"NganhNgheTitle":"Xây dựng nhà các loại","NganhNgheTitleAscii":"/nganh-nghe/xay-dung-nha-cac-loai","DSTags":["4700242516","Bắc Cạn",null]},{"Type":11,"SolrID":"/4700241791-cong-ty-tnhh-quoc-te-9999-bac-kan","ID":0,"MaSoThue":"4700241791","NgayCap":"2013-04-26T00:00:00Z","Title":"Công Ty TNHH Quốc Tế 9999 Bắc Kạn","DiaChiCongTy":"Tổ 16 - Phường  Nguyễn Thị Minh Khai - Thành Phố Bắc Cạn - Bắc Cạn","Created":"2015-11-11T22:41:31Z","Updated":"2015-11-11T22:41:31Z","IsDelete":false,"RequestChanged":false,"ExitsInGDT":false,"SourceID":0,"TinhThanhID":0,"TinhThanhTitle":"Bắc Cạn","TinhThanhTitleAscii":"/bac-can","QuanHuyenID":0,"NganhNgheTitle":"Bán buôn vật liệu, thiết bị lắp đặt khác trong xây dựng","NganhNgheTitleAscii":"/nganh-nghe/ban-buon-vat-lieu-thiet-bi-lap-dat-khac-trong-xay-dung","DSTags":["4700241791","Bắc Cạn",null]},{"Type":11,"SolrID":"/4700241287-cong-ty-tnhh-mot-thanh-vien-viet-hoang-bac-kan","ID":0,"MaSoThue":"4700241287","NgayCap":"2013-03-21T00:00:00Z","Title":"Công Ty TNHH Một Thành Viên Việt Hoàng Bắc Kạn","DiaChiCongTy":"Tổ 4 - Phường  Nguyễn Thị Minh Khai - Thành Phố Bắc Cạn - Bắc Cạn","Created":"2015-11-11T22:41:26Z","Updated":"2015-11-11T22:41:26Z","IsDelete":false,"RequestChanged":false,"ExitsInGDT":false,"SourceID":0,"TinhThanhID":0,"TinhThanhTitle":"Bắc Cạn","TinhThanhTitleAscii":"/bac-can","QuanHuyenID":0,"NganhNgheTitle":"Xây dựng nhà các loại","NganhNgheTitleAscii":"/nganh-nghe/xay-dung-nha-cac-loai","DSTags":["4700241287","Bắc Cạn",null]},{"Type":11,"SolrID":"/4700236505-doi-thue-phuong-minh-khai","ID":0,"MaSoThue":"4700236505","NgayCap":"2012-10-09T00:00:00Z","Title":"Đội thuế phường Minh Khai","DiaChiCongTy":"Phường Nguyễn Thị Minh Khai - Thành Phố Bắc Cạn - Bắc Cạn","Created":"2015-11-15T21:55:35Z","Updated":"2015-11-15T21:55:35Z","IsDelete":false,"RequestChanged":false,"ExitsInGDT":false,"SourceID":0,"TinhThanhID":0,"TinhThanhTitle":"Bắc Cạn","TinhThanhTitleAscii":"/bac-can","QuanHuyenID":0,"NganhNgheTitle":"NÔNG NGHIỆP, LÂM NGHIỆP VÀ THUỶ SẢN","NganhNgheTitleAscii":"/nganh-nghe/nong-nghiep-lam-nghiep-va-thuy-san","DSTags":["4700236505","Bắc Cạn",null]},{"Type":11,"SolrID":"/4700234297-cong-ty-tnhh-nhung-nguyen-bac-kan","ID":0,"MaSoThue":"4700234297","NgayCap":"2012-07-17T00:00:00Z","Title":"Công Ty TNHH Nhung Nguyên Bắc Kạn","DiaChiCongTy":"Tổ 2 - Phường  Nguyễn Thị Minh Khai - Thành Phố Bắc Cạn - Bắc Cạn","Created":"2015-11-12T06:50:11Z","Updated":"2015-11-12T06:50:11Z","IsDelete":false,"RequestChanged":false,"ExitsInGDT":false,"SourceID":0,"TinhThanhID":0,"TinhThanhTitle":"Bắc Cạn","TinhThanhTitleAscii":"/bac-can","QuanHuyenID":0,"NganhNgheTitle":"Xây dựng công trình công ích","NganhNgheTitleAscii":"/nganh-nghe/xay-dung-cong-trinh-cong-ich","DSTags":["4700234297","Bắc Cạn",null]},{"Type":11,"SolrID":"/4700232469-cong-ty-cp-duoc-pham-xuan-canh","ID":0,"MaSoThue":"4700232469","NgayCap":"2012-05-22T00:00:00Z","Title":"Công Ty CP Dược Phẩm Xuân Canh","DiaChiCongTy":"Số 288, tổ 4 - Phường  Nguyễn Thị Minh Khai - Thành Phố Bắc Cạn - Bắc Cạn","Created":"2015-11-12T12:22:33Z","Updated":"2015-11-12T12:22:33Z","IsDelete":false,"RequestChanged":false,"ExitsInGDT":false,"SourceID":0,"TinhThanhID":0,"TinhThanhTitle":"Bắc Cạn","TinhThanhTitleAscii":"/bac-can","QuanHuyenID":0,"NganhNgheTitle":"Bán lẻ thuốc, dụng cụ y tế, mỹ phẩm và vật phẩm vệ sinh trong các cửa hàng chuyên doanh","NganhNgheTitleAscii":"/nganh-nghe/ban-le-thuoc-dung-cu-y-te-my-pham-va-vat-pham-ve-sinh-trong-cac-cua-hang-chuyen-doanh","DSTags":["4700232469","Bắc Cạn",null]},{"Type":11,"SolrID":"/4600445417-001-chi-nhanh-cong-ty-tnhh-thuong-mai-va-du-lich-viet-long","ID":0,"MaSoThue":"4600445417-001","NgayCap":"2012-03-26T00:00:00Z","Title":"Chi Nhánh Công Ty TNHH Thương Mại Và Du Lịch Việt Long","DiaChiCongTy":"Số 449 tổ 16 - Phường  Nguyễn Thị Minh Khai - Thành Phố Bắc Cạn - Bắc Cạn","Created":"2015-11-10T02:05:22Z","Updated":"2015-11-10T02:05:22Z","IsDelete":false,"RequestChanged":false,"ExitsInGDT":false,"SourceID":0,"TinhThanhID":0,"TinhThanhTitle":"Bắc Cạn","TinhThanhTitleAscii":"/bac-can","QuanHuyenID":0,"NganhNgheTitle":"Dịch vụ hỗ trợ liên quan đến quảng bá và tổ chức tua du lịch","NganhNgheTitleAscii":"/nganh-nghe/dich-vu-ho-tro-lien-quan-den-quang-ba-va-to-chuc-tua-du-lich","DSTags":["4600445417-001","Bắc Cạn",null]},{"Type":11,"SolrID":"/4700226641-cong-ty-tnhh-mot-thanh-vien-dai-nam-bac-kan","ID":0,"MaSoThue":"4700226641","NgayCap":"2012-03-14T00:00:00Z","Title":"Công Ty TNHH Một Thành Viên Đại Nam Bắc Kạn","DiaChiCongTy":"Tổ 3 - Phường  Nguyễn Thị Minh Khai - Thành Phố Bắc Cạn - Bắc Cạn","Created":"2015-11-12T12:24:18Z","Updated":"2015-11-12T12:24:18Z","IsDelete":false,"RequestChanged":false,"ExitsInGDT":false,"SourceID":0,"TinhThanhID":0,"TinhThanhTitle":"Bắc Cạn","TinhThanhTitleAscii":"/bac-can","QuanHuyenID":0,"NganhNgheTitle":"Xây dựng công trình công ích","NganhNgheTitleAscii":"/nganh-nghe/xay-dung-cong-trinh-cong-ich","DSTags":["4700226641","Bắc Cạn",null]},{"Type":11,"SolrID":"/4700225207-cong-ty-cp-tu-van-tai-nguyen-va-moi-truong-htkt","ID":0,"MaSoThue":"4700225207","NgayCap":"2012-01-18T00:00:00Z","Title":"Công Ty CP Tư Vấn Tài Nguyên Và Môi Trường Htkt","DiaChiCongTy":"Tổ 17 - Phường  Nguyễn Thị Minh Khai - Thành Phố Bắc Cạn - Bắc Cạn","Created":"2015-11-09T20:34:30Z","Updated":"2015-11-09T20:34:30Z","IsDelete":false,"RequestChanged":false,"ExitsInGDT":false,"SourceID":0,"TinhThanhID":0,"TinhThanhTitle":"Bắc Cạn","TinhThanhTitleAscii":"/bac-can","QuanHuyenID":0,"NganhNgheTitle":"Hoạt động dịch vụ hỗ trợ khai thác mỏ và quặng khác","NganhNgheTitleAscii":"/nganh-nghe/hoat-dong-dich-vu-ho-tro-khai-thac-mo-va-quang-khac","DSTags":["4700225207","Bắc Cạn",null]},{"Type":11,"SolrID":"/0104924221-001-van-phong-dai-dien-cong-ty-co-phan-tu-van-dau-tu-m-m","ID":0,"MaSoThue":"0104924221-001","NgayCap":"2011-11-02T00:00:00Z","Title":"Văn Phòng Đại Diện Công Ty Cổ Phần Tư Vấn Đầu Tư M&M","DiaChiCongTy":"Tổ 1 - Phường  Nguyễn Thị Minh Khai - Thành Phố Bắc Cạn - Bắc Cạn","Created":"2015-11-10T02:04:31Z","Updated":"2015-11-10T02:04:31Z","IsDelete":false,"RequestChanged":false,"ExitsInGDT":false,"SourceID":0,"TinhThanhID":0,"TinhThanhTitle":"Bắc Cạn","TinhThanhTitleAscii":"/bac-can","QuanHuyenID":0,"DSTags":["0104924221-001","Bắc Cạn",null]},{"Type":11,"SolrID":"/4700213963-trung-tam-day-nghe-va-ho-tro-nong-dan-tinh-bac-kan","ID":0,"MaSoThue":"4700213963","NgayCap":"2011-11-01T00:00:00Z","Title":"Trung tâm dạy nghề và Hỗ trợ Nông dân tỉnh Bắc Kạn","DiaChiCongTy":"Tổ 9 - Phường  Nguyễn Thị Minh Khai - Thành Phố Bắc Cạn - Bắc Cạn","Created":"2015-11-17T04:19:26Z","Updated":"2015-11-17T04:19:26Z","IsDelete":false,"RequestChanged":false,"ExitsInGDT":false,"SourceID":0,"TinhThanhID":0,"TinhThanhTitle":"Bắc Cạn","TinhThanhTitleAscii":"/bac-can","QuanHuyenID":0,"NganhNgheTitle":"Hoạt động của các tổ chức khác","NganhNgheTitleAscii":"/nganh-nghe/hoat-dong-cua-cac-to-chuc-khac","DSTags":["4700213963","Bắc Cạn",null]},{"Type":11,"SolrID":"/0104001632-016-chi-nhanh-cong-ty-co-phan-duc-tu-thien-tai-bac-kan","ID":0,"MaSoThue":"0104001632-016","NgayCap":"2011-01-10T00:00:00Z","Title":"Chi Nhánh Công Ty Cổ Phần Đức Từ Thiện Tại Bắc Kạn","DiaChiCongTy":"Số 102 - Phường  Nguyễn Thị Minh Khai - Thành Phố Bắc Cạn - Bắc Cạn","Created":"2015-11-10T02:04:54Z","Updated":"2015-11-10T02:04:54Z","IsDelete":false,"RequestChanged":false,"ExitsInGDT":false,"SourceID":0,"TinhThanhID":0,"TinhThanhTitle":"Bắc Cạn","TinhThanhTitleAscii":"/bac-can","QuanHuyenID":0,"NganhNgheTitle":"Tổ chức giới thiệu và xúc tiến thương mại","NganhNgheTitleAscii":"/nganh-nghe/to-chuc-gioi-thieu-va-xuc-tien-thuong-mai","DSTags":["0104001632-016","Bắc Cạn",null]},{"Type":11,"SolrID":"/4700119671-018-truong-trung-cap-y-te-bac-kan","ID":0,"MaSoThue":"4700119671-018","NgayCap":"2010-12-21T00:00:00Z","Title":"Trường Trung cấp Y tế Bắc Kạn","DiaChiCongTy":"Tổ 9 - Phường  Nguyễn Thị Minh Khai - Thành Phố Bắc Cạn - Bắc Cạn","Created":"2015-11-19T08:48:34Z","Updated":"2015-11-19T08:48:34Z","IsDelete":false,"RequestChanged":false,"ExitsInGDT":false,"SourceID":0,"TinhThanhID":0,"TinhThanhTitle":"Bắc Cạn","TinhThanhTitleAscii":"/bac-can","QuanHuyenID":0,"NganhNgheTitle":"Hoạt động y tế khác chưa được phân vào đâu","NganhNgheTitleAscii":"/nganh-nghe/hoat-dong-y-te-khac-chua-duoc-phan-vao-dau","DSTags":["4700119671-018","Bắc Cạn",null]},{"Type":11,"SolrID":"/5300244253-011-van-phong-dai-dien-cong-ty-tnhh-dich-vu-bao-ve-phuong-dong-stc-tai-bac-kan","ID":0,"MaSoThue":"5300244253-011","NgayCap":"2010-12-03T00:00:00Z","Title":"Văn Phòng Đại Diện Công Ty TNHH Dịch Vụ Bảo Vệ Phương Đông  Stc Tại Bắc Kạn","DiaChiCongTy":"Số nhà 367, tổ 4 - Phường  Nguyễn Thị Minh Khai - Thành Phố Bắc Cạn - Bắc Cạn","Created":"2015-11-18T14:49:07Z","Updated":"2015-11-18T14:49:07Z","IsDelete":false,"RequestChanged":false,"ExitsInGDT":false,"SourceID":0,"TinhThanhID":0,"TinhThanhTitle":"Bắc Cạn","TinhThanhTitleAscii":"/bac-can","QuanHuyenID":0,"NganhNgheTitle":"Hoạt động bảo vệ cá nhân","NganhNgheTitleAscii":"/nganh-nghe/hoat-dong-bao-ve-ca-nhan","DSTags":["5300244253-011","Bắc Cạn",null]},{"Type":11,"SolrID":"/0104831030-002-chi-nhanh-cong-ty-tnhh-nha-nuoc-mot-thanh-vien-thuong-mai-va-xuat-nhap-khau-viettel-tai-bac-kan","ID":0,"MaSoThue":"0104831030-002","NgayCap":"2010-08-25T00:00:00Z","Title":"Chi Nhánh Công Ty TNHH Nhà Nước Một Thành Viên Thương Mại Và Xuất Nhập Khẩu Viettel Tại Bắc Kạn","DiaChiCongTy":"Tổ 8 - Phường  Nguyễn Thị Minh Khai - Thành Phố Bắc Cạn - Bắc Cạn","Created":"2015-11-18T05:11:20Z","Updated":"2015-11-18T05:11:20Z","IsDelete":false,"RequestChanged":false,"ExitsInGDT":false,"SourceID":0,"TinhThanhID":0,"TinhThanhTitle":"Bắc Cạn","TinhThanhTitleAscii":"/bac-can","QuanHuyenID":0,"NganhNgheTitle":"Bán lẻ máy vi tính, thiết bị ngoại vi, phần mềm và thiết bị viễn thông trong các cửa hàng chuyên doanh","NganhNgheTitleAscii":"/nganh-nghe/ban-le-may-vi-tinh-thiet-bi-ngoai-vi-phan-mem-va-thiet-bi-vien-thong-trong-cac-cua-hang-chuyen-doanh","DSTags":["0104831030-002","Bắc Cạn",null]},{"Type":11,"SolrID":"/4700119671-017-ban-quan-ly-du-an-phong-chong-hiv-aids-khu-vuc-chau-a-tai-viet-nam-tinh-bac-kan","ID":0,"MaSoThue":"4700119671-017","NgayCap":"2010-08-24T00:00:00Z","Title":"Ban quản lý Dự án phòng, chống HIV/AIDS khu vực Châu á tại Việt Nam tỉnh Bắc Kạn","DiaChiCongTy":"Tổ 9, phường Nguyễn Thị Minh Khai - Thành Phố Bắc Cạn - Bắc Cạn","Created":"2015-11-19T05:57:21Z","Updated":"2015-11-19T05:57:21Z","IsDelete":false,"RequestChanged":false,"ExitsInGDT":false,"SourceID":0,"TinhThanhID":0,"TinhThanhTitle":"Bắc Cạn","TinhThanhTitleAscii":"/bac-can","QuanHuyenID":0,"NganhNgheTitle":"Hoạt động y tế khác","NganhNgheTitleAscii":"/nganh-nghe/hoat-dong-y-te-khac","DSTags":["4700119671-017","Bắc Cạn",null]},{"Type":11,"SolrID":"/4700195760-cong-ty-tnhh-mot-thanh-vien-thuong-mai-va-du-lich-nhat-truong","ID":0,"MaSoThue":"4700195760","NgayCap":"2010-07-06T00:00:00Z","Title":"Công ty TNHH một thành viên thương mại và du lịch Nhật Trường","DiaChiCongTy":"Tổ 15, phường Nguyễn Thị Minh Khai - Thành Phố Bắc Cạn - Bắc Cạn","Created":"2015-11-13T23:44:20Z","Updated":"2015-11-13T23:44:20Z","IsDelete":false,"RequestChanged":false,"ExitsInGDT":false,"SourceID":0,"TinhThanhID":0,"TinhThanhTitle":"Bắc Cạn","TinhThanhTitleAscii":"/bac-can","QuanHuyenID":0,"NganhNgheTitle":"Hoạt động của các đại lý du lịch, kinh doanh tua du lịch và các dịch vụ hỗ trợ, liên quan đến quảng bá và tổ chức tua du lịch","NganhNgheTitleAscii":"/nganh-nghe/hoat-dong-cua-cac-dai-ly-du-lich-kinh-doanh-tua-du-lich-va-cac-dich-vu-ho-tro-lien-quan-den-quang-ba-va-to-chuc-tua-du-lich","DSTags":["4700195760","Bắc Cạn",null]},{"Type":11,"SolrID":"/4700195714-cong-ty-tnhh-thanh-nhon","ID":0,"MaSoThue":"4700195714","NgayCap":"2010-07-05T00:00:00Z","Title":"Công Ty TNHH Thành Nhơn","DiaChiCongTy":"số 353, Tổ 4 - Phường  Nguyễn Thị Minh Khai - Thành Phố Bắc Cạn - Bắc Cạn","Created":"2015-11-10T02:04:53Z","Updated":"2015-11-10T02:04:53Z","IsDelete":false,"RequestChanged":false,"ExitsInGDT":false,"SourceID":0,"TinhThanhID":0,"TinhThanhTitle":"Bắc Cạn","TinhThanhTitleAscii":"/bac-can","QuanHuyenID":0,"NganhNgheTitle":"Xây dựng nhà các loại","NganhNgheTitleAscii":"/nganh-nghe/xay-dung-nha-cac-loai","DSTags":["4700195714","Bắc Cạn",null]},{"Type":11,"SolrID":"/4700195175-cong-ty-cp-tu-van-dau-tu-xay-dung-dai-thinh","ID":0,"MaSoThue":"4700195175","NgayCap":"2010-06-09T00:00:00Z","Title":"Công Ty CP Tư Vấn & Đầu Tư Xây Dựng Đại Thịnh","DiaChiCongTy":"Tổ 14 - Phường  Nguyễn Thị Minh Khai - Thành Phố Bắc Cạn - Bắc Cạn","Created":"2015-11-10T02:05:29Z","Updated":"2015-11-10T02:05:29Z","IsDelete":false,"RequestChanged":false,"ExitsInGDT":false,"SourceID":0,"TinhThanhID":0,"TinhThanhTitle":"Bắc Cạn","TinhThanhTitleAscii":"/bac-can","QuanHuyenID":0,"NganhNgheTitle":"Xây dựng nhà các loại","NganhNgheTitleAscii":"/nganh-nghe/xay-dung-nha-cac-loai","DSTags":["4700195175","Bắc Cạn",null]},{"Type":11,"SolrID":"/4700193530-cong-ty-tnhh-mot-thanh-vien-quang-trung-bac-kan","ID":0,"MaSoThue":"4700193530","NgayCap":"2010-04-05T00:00:00Z","Title":"Công ty TNHH một thành viên Quang Trung Bắc Kạn","DiaChiCongTy":"Tổ 7, phường Nguyễn Thị Minh Khai - Thành Phố Bắc Cạn - Bắc Cạn","Created":"2015-11-14T02:49:17Z","Updated":"2015-11-14T02:49:17Z","IsDelete":false,"RequestChanged":false,"ExitsInGDT":false,"SourceID":0,"TinhThanhID":0,"TinhThanhTitle":"Bắc Cạn","TinhThanhTitleAscii":"/bac-can","QuanHuyenID":0,"NganhNgheTitle":"Khai thác quặng kim loại","NganhNgheTitleAscii":"/nganh-nghe/khai-thac-quang-kim-loai","DSTags":["4700193530","Bắc Cạn",null]},{"Type":11,"SolrID":"/4700191438-cong-ty-tnhh-son-hoa-duc-xuan","ID":0,"MaSoThue":"4700191438","NgayCap":"2010-01-05T00:00:00Z","Title":"Công Ty TNHH Sơn Hoà Đức Xuân","DiaChiCongTy":"Tổ 15 - Phường  Nguyễn Thị Minh Khai - Thành Phố Bắc Cạn - Bắc Cạn","Created":"2015-11-11T03:25:15Z","Updated":"2015-11-11T03:25:15Z","IsDelete":false,"RequestChanged":false,"ExitsInGDT":false,"SourceID":0,"TinhThanhID":0,"TinhThanhTitle":"Bắc Cạn","TinhThanhTitleAscii":"/bac-can","QuanHuyenID":0,"NganhNgheTitle":"Khai thác quặng sắt","NganhNgheTitleAscii":"/nganh-nghe/khai-thac-quang-sat","DSTags":["4700191438","Bắc Cạn",null]},{"Type":11,"SolrID":"/4700191004-vpdd-cong-ty-huu-han-dau-tu-kinh-binh-van-nam-trung-quoc-tai-bac-kan-viet-nam","ID":0,"MaSoThue":"4700191004","NgayCap":"2009-11-18T00:00:00Z","Title":"VPĐD công ty hữu hạn đầu tư Kinh Bình Vân Nam Trung Quốc tại Bắc Kạn - Việt Nam","DiaChiCongTy":"Số 1, tổ 11, phường Nguyễn Thị Minh Khai - Thành Phố Bắc Cạn - Bắc Cạn","Created":"2015-11-13T23:44:12Z","Updated":"2015-11-13T23:44:12Z","IsDelete":false,"RequestChanged":false,"ExitsInGDT":false,"SourceID":0,"TinhThanhID":0,"TinhThanhTitle":"Bắc Cạn","TinhThanhTitleAscii":"/bac-can","QuanHuyenID":0,"NganhNgheTitle":"Bán lẻ hình thức khác (trừ bán lẻ tại cửa hàng, lưu động hoặc tại chợ)","NganhNgheTitleAscii":"/nganh-nghe/ban-le-hinh-thuc-khac-tru-ban-le-tai-cua-hang-luu-dong-hoac-tai-cho","DSTags":["4700191004","Bắc Cạn",null]},{"Type":11,"SolrID":"/4700190579-cong-ty-tnhh-long-thinh","ID":0,"MaSoThue":"4700190579","NgayCap":"2009-10-23T00:00:00Z","Title":"Công Ty TNHH Long Thịnh","DiaChiCongTy":"Tổ 16 - Phường  Nguyễn Thị Minh Khai - Thành Phố Bắc Cạn - Bắc Cạn","Created":"2015-11-10T02:04:26Z","Updated":"2015-11-10T02:04:26Z","IsDelete":false,"RequestChanged":false,"ExitsInGDT":false,"SourceID":0,"TinhThanhID":0,"TinhThanhTitle":"Bắc Cạn","TinhThanhTitleAscii":"/bac-can","QuanHuyenID":0,"NganhNgheTitle":"Xây dựng nhà các loại","NganhNgheTitleAscii":"/nganh-nghe/xay-dung-nha-cac-loai","DSTags":["4700190579","Bắc Cạn",null]},{"Type":11,"SolrID":"/4700190480-chi-cuc-dan-so-ke-hoach-hoa-gia-dinh-tinh-bac-kan","ID":0,"MaSoThue":"4700190480","NgayCap":"2009-10-19T00:00:00Z","Title":"Chi cục Dân số - Kế hoạch hóa gia đình tỉnh Bắc kạn","DiaChiCongTy":"Tổ 7, phường Nguyễn Thị Minh Khai - Thành Phố Bắc Cạn - Bắc Cạn","Created":"2015-11-15T20:24:14Z","Updated":"2015-11-15T20:24:14Z","IsDelete":false,"RequestChanged":false,"ExitsInGDT":false,"SourceID":0,"TinhThanhID":0,"TinhThanhTitle":"Bắc Cạn","TinhThanhTitleAscii":"/bac-can","QuanHuyenID":0,"NganhNgheTitle":"Hoạt động quản lý nhà nước nói chung và kinh tế tổng hợp","NganhNgheTitleAscii":"/nganh-nghe/hoat-dong-quan-ly-nha-nuoc-noi-chung-va-kinh-te-tong-hop","DSTags":["4700190480","Bắc Cạn",null]},{"Type":11,"SolrID":"/4700190402-cong-ty-tnhh-thuong-mai-va-du-lich-thanh-xuan","ID":0,"MaSoThue":"4700190402","NgayCap":"2009-10-14T00:00:00Z","Title":"Công Ty TNHH Thương Mại Và Du Lịch Thanh Xuân","DiaChiCongTy":"Số nhà 395, tổ 4 - Phường  Nguyễn Thị Minh Khai - Thành Phố Bắc Cạn - Bắc Cạn","Created":"2015-11-11T05:31:19Z","Updated":"2015-11-11T05:31:19Z","IsDelete":false,"RequestChanged":false,"ExitsInGDT":false,"SourceID":0,"TinhThanhID":0,"TinhThanhTitle":"Bắc Cạn","TinhThanhTitleAscii":"/bac-can","QuanHuyenID":0,"NganhNgheTitle":"Hoạt động của các đại lý du lịch, kinh doanh tua du lịch","NganhNgheTitleAscii":"/nganh-nghe/hoat-dong-cua-cac-dai-ly-du-lich-kinh-doanh-tua-du-lich","DSTags":["4700190402","Bắc Cạn",null]},{"Type":11,"SolrID":"/4700187745-truong-chinh-tri-tinh-bac-kan","ID":0,"MaSoThue":"4700187745","NgayCap":"2009-07-22T00:00:00Z","Title":"Trường chính trị tỉnh Bắc Kạn","DiaChiCongTy":"Tổ 4, phường Nguyễn Thị Minh Khai - Thành Phố Bắc Cạn - Bắc Cạn","Created":"2015-11-16T10:44:49Z","Updated":"2015-11-16T10:44:49Z","IsDelete":false,"RequestChanged":false,"ExitsInGDT":false,"SourceID":0,"TinhThanhID":0,"TinhThanhTitle":"Bắc Cạn","TinhThanhTitleAscii":"/bac-can","QuanHuyenID":0,"NganhNgheTitle":"Hoạt động quản lý nhà nước nói chung và kinh tế tổng hợp","NganhNgheTitleAscii":"/nganh-nghe/hoat-dong-quan-ly-nha-nuoc-noi-chung-va-kinh-te-tong-hop","DSTags":["4700187745","Bắc Cạn",null]},{"Type":11,"SolrID":"/4700187488-cong-ty-co-phan-cap-nuoc-thanh-binh","ID":0,"MaSoThue":"4700187488","NgayCap":"2009-07-06T00:00:00Z","Title":"Công ty cổ phần cấp nước Thanh Bình","DiaChiCongTy":"Tổ 1, phường Nguyễn Thị Minh Khai - Thành Phố Bắc Cạn - Bắc Cạn","Created":"2015-11-14T02:49:36Z","Updated":"2015-11-14T02:49:36Z","IsDelete":false,"RequestChanged":false,"ExitsInGDT":false,"SourceID":0,"TinhThanhID":0,"TinhThanhTitle":"Bắc Cạn","TinhThanhTitleAscii":"/bac-can","QuanHuyenID":0,"NganhNgheTitle":"Xây dựng công trình kỹ thuật dân dụng","NganhNgheTitleAscii":"/nganh-nghe/xay-dung-cong-trinh-ky-thuat-dan-dung","DSTags":["4700187488","Bắc Cạn",null]},{"Type":11,"SolrID":"/4700184695-ban-boi-thuong-gpmb-thi-xa-bac-kan","ID":0,"MaSoThue":"4700184695","NgayCap":"2009-06-29T00:00:00Z","Title":"Ban bồi thường GPMB Thị xã Bắc Kạn","DiaChiCongTy":"Tổ 8, Phường Nguyễn Thị Minh Khai - Thành Phố Bắc Cạn - Bắc Cạn","Created":"2015-11-16T12:36:39Z","Updated":"2015-11-16T12:36:39Z","IsDelete":false,"RequestChanged":false,"ExitsInGDT":false,"SourceID":0,"TinhThanhID":0,"TinhThanhTitle":"Bắc Cạn","TinhThanhTitleAscii":"/bac-can","QuanHuyenID":0,"NganhNgheTitle":"Hoạt động quản lý nhà nước nói chung và kinh tế tổng hợp","NganhNgheTitleAscii":"/nganh-nghe/hoat-dong-quan-ly-nha-nuoc-noi-chung-va-kinh-te-tong-hop","DSTags":["4700184695","Bắc Cạn",null]},{"Type":11,"SolrID":"/4700174785-cong-ty-co-phan-xay-dung-cong-trinh-bac-kan","ID":0,"MaSoThue":"4700174785","NgayCap":"2009-05-04T00:00:00Z","Title":"Công ty cổ phần xây dựng công trình Bắc Kạn","DiaChiCongTy":"Tổ 17, Phường Nguyễn Thị Minh Khai - Thành Phố Bắc Cạn - Bắc Cạn","Created":"2015-11-11T11:58:13Z","Updated":"2015-11-11T11:58:13Z","IsDelete":false,"RequestChanged":false,"ExitsInGDT":false,"SourceID":0,"TinhThanhID":0,"TinhThanhTitle":"Bắc Cạn","TinhThanhTitleAscii":"/bac-can","QuanHuyenID":0,"NganhNgheTitle":"Xây dựng công trình kỹ thuật dân dụng","NganhNgheTitleAscii":"/nganh-nghe/xay-dung-cong-trinh-ky-thuat-dan-dung","DSTags":["4700174785","Bắc Cạn",null]},{"Type":11,"SolrID":"/4700174182-cong-ty-tnhh-xay-lap-hai-tung","ID":0,"MaSoThue":"4700174182","NgayCap":"2009-04-19T00:00:00Z","Title":"Công ty TNHH xây lắp Hải Tùng","DiaChiCongTy":"Tổ 7, Phường Nguyễn Thị Minh Khai - Thành Phố Bắc Cạn - Bắc Cạn","Created":"2015-11-13T23:43:07Z","Updated":"2015-11-13T23:43:07Z","IsDelete":false,"RequestChanged":false,"ExitsInGDT":false,"SourceID":0,"TinhThanhID":0,"TinhThanhTitle":"Bắc Cạn","TinhThanhTitleAscii":"/bac-can","QuanHuyenID":0,"NganhNgheTitle":"Xây dựng công trình kỹ thuật dân dụng","NganhNgheTitleAscii":"/nganh-nghe/xay-dung-cong-trinh-ky-thuat-dan-dung","DSTags":["4700174182","Bắc Cạn",null]},{"Type":11,"SolrID":"/4700168083-cong-ty-tnhh-mot-thanh-vien-thuy-nong-bac-kan","ID":0,"MaSoThue":"4700168083","NgayCap":"2009-03-12T00:00:00Z","Title":"Công Ty TNHH Một Thành Viên Thuỷ Nông  Bắc Kạn","DiaChiCongTy":"Tổ 17 - Phường  Nguyễn Thị Minh Khai - Thành Phố Bắc Cạn - Bắc Cạn","Created":"2015-11-11T10:59:08Z","Updated":"2015-11-11T10:59:08Z","IsDelete":false,"RequestChanged":false,"ExitsInGDT":false,"SourceID":0,"TinhThanhID":0,"TinhThanhTitle":"Bắc Cạn","TinhThanhTitleAscii":"/bac-can","QuanHuyenID":0,"NganhNgheTitle":"Xây dựng công trình công ích","NganhNgheTitleAscii":"/nganh-nghe/xay-dung-cong-trinh-cong-ich","DSTags":["4700168083","Bắc Cạn",null]},{"Type":11,"SolrID":"/4700164240-ban-quan-ly-du-an-ho-tro-phat-trien-he-thong-y-te-du-phong-tinh-bac-kan","ID":0,"MaSoThue":"4700164240","NgayCap":"2008-12-31T00:00:00Z","Title":"Ban quản lý dự án Hỗ trợ phát triển hệ thống y tế dự phòng tỉnh Bắc Kạn","DiaChiCongTy":"96, Phường Nguyễn Thị Minh Khai - Thành Phố Bắc Cạn - Bắc Cạn","Created":"2015-11-16T23:41:30Z","Updated":"2015-11-16T23:41:30Z","IsDelete":false,"RequestChanged":false,"ExitsInGDT":false,"SourceID":0,"TinhThanhID":0,"TinhThanhTitle":"Bắc Cạn","TinhThanhTitleAscii":"/bac-can","QuanHuyenID":0,"NganhNgheTitle":"Hoạt động y tế khác chưa được phân vào đâu","NganhNgheTitleAscii":"/nganh-nghe/hoat-dong-y-te-khac-chua-duoc-phan-vao-dau","DSTags":["4700164240","Bắc Cạn",null]},{"Type":11,"SolrID":"/4700164201-cong-ty-tnhh-mot-thanh-vien-quoc-te-bach-thong","ID":0,"MaSoThue":"4700164201","NgayCap":"2008-12-25T00:00:00Z","Title":"Công Ty TNHH Một Thành Viên Quốc Tê Bạch Thông","DiaChiCongTy":"Tổ 16 - Phường  Nguyễn Thị Minh Khai - Thành Phố Bắc Cạn - Bắc Cạn","Created":"2015-11-11T06:33:54Z","Updated":"2015-11-11T06:33:54Z","IsDelete":false,"RequestChanged":false,"ExitsInGDT":false,"SourceID":0,"TinhThanhID":0,"TinhThanhTitle":"Bắc Cạn","TinhThanhTitleAscii":"/bac-can","QuanHuyenID":0,"NganhNgheTitle":"Bán buôn nông, lâm sản nguyên liệu (trừ gỗ, tre, nứa) và động vật sống","NganhNgheTitleAscii":"/nganh-nghe/ban-buon-nong-lam-san-nguyen-lieu-tru-go-tre-nua-va-dong-vat-song","DSTags":["4700164201","Bắc Cạn",null]},{"Type":11,"SolrID":"/4700162902-cong-ty-trach-nhiem-huu-han-hoang-linh","ID":0,"MaSoThue":"4700162902","NgayCap":"2008-11-05T00:00:00Z","Title":"Công ty trách nhiệm hữu hạn Hoàng Linh","DiaChiCongTy":"Số nhà 269, Tổ 6, Phường Nguyễn Thị Minh Khai - Thành Phố Bắc Cạn - Bắc Cạn","Created":"2015-11-11T08:08:34Z","Updated":"2015-11-11T08:08:34Z","IsDelete":false,"RequestChanged":false,"ExitsInGDT":false,"SourceID":0,"TinhThanhID":0,"TinhThanhTitle":"Bắc Cạn","TinhThanhTitleAscii":"/bac-can","QuanHuyenID":0,"NganhNgheTitle":"Sản xuất sản phẩm khác từ gỗ; sản xuất sản phẩm từ tre, nứa, rơm, rạ và vật liệu tết bện","NganhNgheTitleAscii":"/nganh-nghe/san-xuat-san-pham-khac-tu-go-san-xuat-san-pham-tu-tre-nua-rom-ra-va-vat-lieu-tet-ben","DSTags":["4700162902","Bắc Cạn",null]},{"Type":11,"SolrID":"/4700162620-cong-ty-co-phan-hoang-pho","ID":0,"MaSoThue":"4700162620","NgayCap":"2008-10-03T00:00:00Z","Title":"Công ty cổ phần Hoàng Phố","DiaChiCongTy":"Số 15, Tổ 11, Phường Nguyễn Thị Minh Khai - Thành Phố Bắc Cạn - Bắc Cạn","Created":"2015-11-13T23:42:17Z","Updated":"2015-11-13T23:42:17Z","IsDelete":false,"RequestChanged":false,"ExitsInGDT":false,"SourceID":0,"TinhThanhID":0,"TinhThanhTitle":"Bắc Cạn","TinhThanhTitleAscii":"/bac-can","QuanHuyenID":0,"NganhNgheTitle":"Trồng cây hàng năm","NganhNgheTitleAscii":"/nganh-nghe/trong-cay-hang-nam","DSTags":["4700162620","Bắc Cạn",null]},{"Type":11,"SolrID":"/4700162525-cong-ty-co-phan-bac-son-lam","ID":0,"MaSoThue":"4700162525","NgayCap":"2008-09-29T00:00:00Z","Title":"Công ty cổ phần Bắc Sơn Lâm","DiaChiCongTy":"Nhà số 361, Phường Nguyễn Thị Minh Khai - Thành Phố Bắc Cạn - Bắc Cạn","Created":"2015-11-13T23:42:18Z","Updated":"2015-11-13T23:42:18Z","IsDelete":false,"RequestChanged":false,"ExitsInGDT":false,"SourceID":0,"TinhThanhID":0,"TinhThanhTitle":"Bắc Cạn","TinhThanhTitleAscii":"/bac-can","QuanHuyenID":0,"NganhNgheTitle":"Lâm nghiệp và hoạt động dịch vụ có liên quan","NganhNgheTitleAscii":"/nganh-nghe/lam-nghiep-va-hoat-dong-dich-vu-co-lien-quan","DSTags":["4700162525","Bắc Cạn",null]},{"Type":11,"SolrID":"/4700162405-doanh-nghiep-tu-nhan-mai-anh","ID":0,"MaSoThue":"4700162405","NgayCap":"2008-09-16T00:00:00Z","Title":"Doanh nghiệp tư nhân Mai Anh","DiaChiCongTy":"Tổ 15, Phường Nguyễn Thị Minh Khai - Thành Phố Bắc Cạn - Bắc Cạn","Created":"2015-11-09T02:00:30Z","Updated":"2015-11-09T02:00:30Z","IsDelete":false,"RequestChanged":false,"ExitsInGDT":false,"SourceID":0,"TinhThanhID":0,"TinhThanhTitle":"Bắc Cạn","TinhThanhTitleAscii":"/bac-can","QuanHuyenID":0,"NganhNgheTitle":"Bán lẻ hàng hóa khác trong các cửa hàng chuyên doanh","NganhNgheTitleAscii":"/nganh-nghe/ban-le-hang-hoa-khac-trong-cac-cua-hang-chuyen-doanh","DSTags":["4700162405","Bắc Cạn",null]},{"Type":11,"SolrID":"/4700162099-cong-ty-trach-nhiem-huu-han-mot-thanh-vien-tran-hoang","ID":0,"MaSoThue":"4700162099","NgayCap":"2008-08-13T00:00:00Z","Title":"Công ty Trách nhiệm hữu hạn một thành viên Trần Hoàng","DiaChiCongTy":"Tổ 1, Phường Nguyễn Thị Minh Khai - Thành Phố Bắc Cạn - Bắc Cạn","Created":"2015-11-14T02:51:50Z","Updated":"2015-11-14T02:51:50Z","IsDelete":false,"RequestChanged":false,"ExitsInGDT":false,"SourceID":0,"TinhThanhID":0,"TinhThanhTitle":"Bắc Cạn","TinhThanhTitleAscii":"/bac-can","QuanHuyenID":0,"NganhNgheTitle":"Bán lẻ hàng hóa khác trong các cửa hàng chuyên doanh","NganhNgheTitleAscii":"/nganh-nghe/ban-le-hang-hoa-khac-trong-cac-cua-hang-chuyen-doanh","DSTags":["4700162099","Bắc Cạn",null]},{"Type":11,"SolrID":"/4700160736-cong-ty-cp-luyen-kim-dong-bac","ID":0,"MaSoThue":"4700160736","NgayCap":"2008-04-21T00:00:00Z","Title":"Công Ty CP Luyện Kim Đông Bắc","DiaChiCongTy":"Tổ 12 - Phường  Nguyễn Thị Minh Khai - Thành Phố Bắc Cạn - Bắc Cạn","Created":"2015-11-08T22:38:59Z","Updated":"2015-11-08T22:38:59Z","IsDelete":false,"RequestChanged":false,"ExitsInGDT":false,"SourceID":0,"TinhThanhID":0,"TinhThanhTitle":"Bắc Cạn","TinhThanhTitleAscii":"/bac-can","QuanHuyenID":0,"NganhNgheTitle":"Sản xuất vật liệu xây dựng từ đất sét","NganhNgheTitleAscii":"/nganh-nghe/san-xuat-vat-lieu-xay-dung-tu-dat-set","DSTags":["4700160736","Bắc Cạn",null]},{"Type":11,"SolrID":"/4700160581-cong-ty-trach-nhiem-huu-han-tu-van-va-thuong-mai-nong-nghiep-bac-kan","ID":0,"MaSoThue":"4700160581","NgayCap":"2008-04-11T00:00:00Z","Title":"Công Ty Trách Nhiệm Hữu Hạn Tư Vấn Và Thương Mại Nông Nghiệp Bắc Kạn","DiaChiCongTy":"Số nhà 16 tổ 11 phường Nguyễn Thị Minh Khai - Thành Phố Bắc Cạn - Bắc Cạn","Created":"2015-11-13T23:41:52Z","Updated":"2015-11-13T23:41:52Z","IsDelete":false,"RequestChanged":false,"ExitsInGDT":false,"SourceID":0,"TinhThanhID":0,"TinhThanhTitle":"Bắc Cạn","TinhThanhTitleAscii":"/bac-can","QuanHuyenID":0,"NganhNgheTitle":"Xây dựng công trình kỹ thuật dân dụng","NganhNgheTitleAscii":"/nganh-nghe/xay-dung-cong-trinh-ky-thuat-dan-dung","DSTags":["4700160581","Bắc Cạn",null]},{"Type":11,"SolrID":"/4700159730-ban-quan-ly-du-an-cap-tinh-ho-tro-nang-cao-nang-luc-quan-ly-giao-duc-srem","ID":0,"MaSoThue":"4700159730","NgayCap":"2008-02-26T00:00:00Z","Title":"Ban quản lý dự án cấp tỉnh hỗ trợ nâng cao năng lực quản lý Giáo dục (SREM)","DiaChiCongTy":"Tầng 2, Sở GD&ĐT Bắc Kạn, Tổ 4 phường Nguyễn Thị Minh Khai - Thành Phố Bắc Cạn - Bắc Cạn","Created":"2015-11-17T03:35:12Z","Updated":"2015-11-17T03:35:12Z","IsDelete":false,"RequestChanged":false,"ExitsInGDT":false,"SourceID":0,"TinhThanhID":0,"TinhThanhTitle":"Bắc Cạn","TinhThanhTitleAscii":"/bac-can","QuanHuyenID":0,"NganhNgheTitle":"Hoạt động dịch vụ tài chính khác chưa được phân vào đâu (trừ bảo hiểm và bảo hiểm xã hội)","NganhNgheTitleAscii":"/nganh-nghe/hoat-dong-dich-vu-tai-chinh-khac-chua-duoc-phan-vao-dau-tru-bao-hiem-va-bao-hiem-xa-hoi","DSTags":["4700159730","Bắc Cạn",null]},{"Type":11,"SolrID":"/4600285731-002-trung-tam-day-nghe-cong-nong-nghiep-bac-kan","ID":0,"MaSoThue":"4600285731-002","NgayCap":"2007-11-28T00:00:00Z","Title":"Trung tâm dạy nghề công nông nghiệp Bắc Kạn","DiaChiCongTy":"Tổ 13 phường Nguyễn Thị Minh Khai - Phường  Nguyễn Thị Minh Khai - Thành Phố Bắc Cạn - Bắc Cạn","Created":"2015-11-19T08:46:39Z","Updated":"2015-11-19T08:46:39Z","IsDelete":false,"RequestChanged":false,"ExitsInGDT":false,"SourceID":0,"TinhThanhID":0,"TinhThanhTitle":"Bắc Cạn","TinhThanhTitleAscii":"/bac-can","QuanHuyenID":0,"NganhNgheTitle":"Giáo dục nghề nghiệp","NganhNgheTitleAscii":"/nganh-nghe/giao-duc-nghe-nghiep","DSTags":["4600285731-002","Bắc Cạn",null]},{"Type":11,"SolrID":"/4700149122-cong-ty-cp-khoang-san-va-luyen-kim-bac-a","ID":0,"MaSoThue":"4700149122","NgayCap":"2007-11-09T00:00:00Z","Title":"Công Ty CP Khoáng Sản Và Luyện Kim Bắc á","DiaChiCongTy":"Tổ 12 - Phường  Nguyễn Thị Minh Khai - Thành Phố Bắc Cạn - Bắc Cạn","Created":"2015-11-11T08:09:15Z","Updated":"2015-11-11T08:09:15Z","IsDelete":false,"RequestChanged":false,"ExitsInGDT":false,"SourceID":0,"TinhThanhID":0,"TinhThanhTitle":"Bắc Cạn","TinhThanhTitleAscii":"/bac-can","QuanHuyenID":0,"NganhNgheTitle":"Xây dựng nhà các loại","NganhNgheTitleAscii":"/nganh-nghe/xay-dung-nha-cac-loai","DSTags":["4700149122","Bắc Cạn",null]},{"Type":11,"SolrID":"/4700119671-013-trung-tam-phong-chong-hiv-aids-tinh-bac-kan","ID":0,"MaSoThue":"4700119671-013","NgayCap":"2007-07-13T00:00:00Z","Title":"Trung tâm phòng chống HIV/AIDS tỉnh Bắc Kạn","DiaChiCongTy":"Tổ 9, Phường Nguyễn Thị Minh Khai - Thành Phố Bắc Cạn - Bắc Cạn","Created":"2015-11-19T09:49:05Z","Updated":"2015-11-19T09:49:05Z","IsDelete":false,"RequestChanged":false,"ExitsInGDT":false,"SourceID":0,"TinhThanhID":0,"TinhThanhTitle":"Bắc Cạn","TinhThanhTitleAscii":"/bac-can","QuanHuyenID":0,"NganhNgheTitle":"Hoạt động y tế khác chưa được phân vào đâu","NganhNgheTitleAscii":"/nganh-nghe/hoat-dong-y-te-khac-chua-duoc-phan-vao-dau","DSTags":["4700119671-013","Bắc Cạn",null]},{"Type":11,"SolrID":"/4600362915-001-chi-nhanh-cong-ty-co-phan-duoc-pham-va-thiet-bi-y-te-a-chau-tai-bac-kan","ID":0,"MaSoThue":"4600362915-001","NgayCap":"2006-07-25T00:00:00Z","Title":"Chi nhánh công ty cổ phần dược phẩm và thiết bị y tế á châu tại Bắc Kạn","DiaChiCongTy":"Tổ 10- Phường Nguyễn Thị Minh Khai - Thành Phố Bắc Cạn - Bắc Cạn","Created":"2015-11-19T05:39:11Z","Updated":"2015-11-19T05:39:11Z","IsDelete":false,"RequestChanged":false,"ExitsInGDT":false,"SourceID":0,"TinhThanhID":0,"TinhThanhTitle":"Bắc Cạn","TinhThanhTitleAscii":"/bac-can","QuanHuyenID":0,"NganhNgheTitle":"Bán lẻ thuốc, dụng cụ y tế, mỹ phẩm và vật phẩm vệ sinh trong các cửa hàng chuyên doanh","NganhNgheTitleAscii":"/nganh-nghe/ban-le-thuoc-dung-cu-y-te-my-pham-va-vat-pham-ve-sinh-trong-cac-cua-hang-chuyen-doanh","DSTags":["4600362915-001","Bắc Cạn",null]},{"Type":11,"SolrID":"/4700149852-doanh-nghiep-tu-nhan-hoang-quy","ID":0,"MaSoThue":"4700149852","NgayCap":"2006-07-19T00:00:00Z","Title":"Doanh Nghiệp Tư Nhân Hoàng Quý","DiaChiCongTy":"Tổ 5 - Phường  Nguyễn Thị Minh Khai - Thành Phố Bắc Cạn - Bắc Cạn","Created":"2015-11-11T08:03:02Z","Updated":"2015-11-11T08:03:02Z","IsDelete":false,"RequestChanged":false,"ExitsInGDT":false,"SourceID":0,"TinhThanhID":0,"TinhThanhTitle":"Bắc Cạn","TinhThanhTitleAscii":"/bac-can","QuanHuyenID":0,"NganhNgheTitle":"Chuẩn bị mặt bằng","NganhNgheTitleAscii":"/nganh-nghe/chuan-bi-mat-bang","DSTags":["4700149852","Bắc Cạn",null]},{"Type":11,"SolrID":"/4700149563-cong-ty-cp-tu-van-dau-tu-phat-trien-ha-tang","ID":0,"MaSoThue":"4700149563","NgayCap":"2006-06-07T00:00:00Z","Title":"Công Ty CP Tư Vấn Đầu Tư Phát Triển Hạ Tầng","DiaChiCongTy":"Tổ 1 - Phường  Nguyễn Thị Minh Khai - Thành Phố Bắc Cạn - Bắc Cạn","Created":"2015-11-09T17:54:47Z","Updated":"2015-11-09T17:54:47Z","IsDelete":false,"RequestChanged":false,"ExitsInGDT":false,"SourceID":0,"TinhThanhID":0,"TinhThanhTitle":"Bắc Cạn","TinhThanhTitleAscii":"/bac-can","QuanHuyenID":0,"NganhNgheTitle":"Khai thác đá, cát, sỏi, đất sét","NganhNgheTitleAscii":"/nganh-nghe/khai-thac-da-cat-soi-dat-set","DSTags":["4700149563","Bắc Cạn",null]},{"Type":11,"SolrID":"/4700143730-006-lam-truong-bach-thong","ID":0,"MaSoThue":"4700143730-006","NgayCap":"2006-04-21T00:00:00Z","Title":"Lâm trường Bạch Thông","DiaChiCongTy":"Tổ 13 phường Nguyễn Thị Minh Khai - Thành Phố Bắc Cạn - Bắc Cạn","Created":"2015-11-18T13:17:11Z","Updated":"2015-11-18T13:17:11Z","IsDelete":false,"RequestChanged":false,"ExitsInGDT":false,"SourceID":0,"TinhThanhID":0,"TinhThanhTitle":"Bắc Cạn","TinhThanhTitleAscii":"/bac-can","QuanHuyenID":0,"NganhNgheTitle":"Lâm nghiệp và hoạt động dịch vụ có liên quan","NganhNgheTitleAscii":"/nganh-nghe/lam-nghiep-va-hoat-dong-dich-vu-co-lien-quan","DSTags":["4700143730-006","Bắc Cạn",null]},{"Type":11,"SolrID":"/4700149242-cong-ty-trach-nhiem-huu-han-tin-hoc-minh-khai","ID":0,"MaSoThue":"4700149242","NgayCap":"2006-03-30T00:00:00Z","Title":"Công ty trách nhiệm hữu hạn tin học Minh Khai","DiaChiCongTy":"Tổ 4- Phường Nguyễn Thị Minh Khai - Phường  Nguyễn Thị Minh Khai - Thành Phố Bắc Cạn - Bắc Cạn","Created":"2015-11-11T08:47:30Z","Updated":"2015-11-11T08:47:30Z","IsDelete":false,"RequestChanged":false,"ExitsInGDT":false,"SourceID":0,"TinhThanhID":0,"TinhThanhTitle":"Bắc Cạn","TinhThanhTitleAscii":"/bac-can","QuanHuyenID":0,"NganhNgheTitle":"Lập trình máy vi tính, dịch vụ tư vấn và các hoạt động khác liên quan đến máy vi tính","NganhNgheTitleAscii":"/nganh-nghe/lap-trinh-may-vi-tinh-dich-vu-tu-van-va-cac-hoat-dong-khac-lien-quan-den-may-vi-tinh","DSTags":["4700149242","Bắc Cạn",null]},{"Type":11,"SolrID":"/0100109106-027-chi-nhanh-viettel-bac-kan-tap-doan-vien-thong-quan-doi","ID":0,"MaSoThue":"0100109106-027","NgayCap":"2006-03-23T00:00:00Z","Title":"Chi Nhánh Viettel Bắc Kạn - Tập Đoàn Viễn Thông Quân Đội","DiaChiCongTy":"Tổ 8 - Phường  Nguyễn Thị Minh Khai - Thành Phố Bắc Cạn - Bắc Cạn","Created":"2015-11-10T02:04:22Z","Updated":"2015-11-10T02:04:22Z","IsDelete":false,"RequestChanged":false,"ExitsInGDT":false,"SourceID":0,"TinhThanhID":0,"TinhThanhTitle":"Bắc Cạn","TinhThanhTitleAscii":"/bac-can","QuanHuyenID":0,"NganhNgheTitle":"Hoạt động viễn thông có dây","NganhNgheTitleAscii":"/nganh-nghe/hoat-dong-vien-thong-co-day","DSTags":["0100109106-027","Bắc Cạn",null]},{"Type":11,"SolrID":"/4700119671-012-trung-tam-kiem-nghiem-thuoc-my-pham-thuc-pham-bac-kan","ID":0,"MaSoThue":"4700119671-012","NgayCap":"2005-06-02T00:00:00Z","Title":"Trung tâm kiểm nghiệm Thuốc, Mỹ phẩm, Thực phẩm Bắc Kạn","DiaChiCongTy":"Tổ 9 - Phường  Nguyễn Thị Minh Khai - Thành Phố Bắc Cạn - Bắc Cạn","Created":"2015-11-19T08:48:34Z","Updated":"2015-11-19T08:48:34Z","IsDelete":false,"RequestChanged":false,"ExitsInGDT":false,"SourceID":0,"TinhThanhID":0,"TinhThanhTitle":"Bắc Cạn","TinhThanhTitleAscii":"/bac-can","QuanHuyenID":0,"NganhNgheTitle":"Hoạt động y tế","NganhNgheTitleAscii":"/nganh-nghe/hoat-dong-y-te","DSTags":["4700119671-012","Bắc Cạn",null]},{"Type":11,"SolrID":"/4700146097-ban-quan-ly-du-an-phong-chong-sot-ret-quy-toan-cau-tinh-bac-kan","ID":0,"MaSoThue":"4700146097","NgayCap":"2004-11-12T00:00:00Z","Title":"Ban quản lý dự án phòng chống sốt rét quỹ toàn cầu tỉnh Bắc Kạn","DiaChiCongTy":"Tổ 10- Phường Nguyễn Thị Minh Khai - Thành Phố Bắc Cạn - Bắc Cạn","Created":"2015-11-17T05:05:52Z","Updated":"2015-11-17T05:05:52Z","IsDelete":false,"RequestChanged":false,"ExitsInGDT":false,"SourceID":0,"TinhThanhID":0,"TinhThanhTitle":"Bắc Cạn","TinhThanhTitleAscii":"/bac-can","QuanHuyenID":0,"NganhNgheTitle":"Hoạt động y tế dự phòng","NganhNgheTitleAscii":"/nganh-nghe/hoat-dong-y-te-du-phong","DSTags":["4700146097","Bắc Cạn",null]},{"Type":11,"SolrID":"/4700145671-doanh-nghiep-tu-nhan-tan-thinh","ID":0,"MaSoThue":"4700145671","NgayCap":"2004-08-06T00:00:00Z","Title":"Doanh nghiệp tư nhân Tân Thịnh","DiaChiCongTy":"Tổ 5 - Phường Nguyễn Thị Minh Khai - Thành Phố Bắc Cạn - Bắc Cạn","Created":"2015-11-11T10:51:57Z","Updated":"2015-11-11T10:51:57Z","IsDelete":false,"RequestChanged":false,"ExitsInGDT":false,"SourceID":0,"TinhThanhID":0,"TinhThanhTitle":"Bắc Cạn","TinhThanhTitleAscii":"/bac-can","QuanHuyenID":0,"NganhNgheTitle":"Xây dựng công trình kỹ thuật dân dụng","NganhNgheTitleAscii":"/nganh-nghe/xay-dung-cong-trinh-ky-thuat-dan-dung","DSTags":["4700145671","Bắc Cạn",null]},{"Type":11,"SolrID":"/4700145632-doanh-nghiep-tu-nhan-manh-tien","ID":0,"MaSoThue":"4700145632","NgayCap":"2004-07-29T00:00:00Z","Title":"Doanh Nghiệp Tư Nhân Mạnh Tiến","DiaChiCongTy":"số 222, tổ 7 - Phường  Nguyễn Thị Minh Khai - Thành Phố Bắc Cạn - Bắc Cạn","Created":"2015-11-09T05:04:47Z","Updated":"2015-11-09T05:04:47Z","IsDelete":false,"RequestChanged":false,"ExitsInGDT":false,"SourceID":0,"TinhThanhID":0,"TinhThanhTitle":"Bắc Cạn","TinhThanhTitleAscii":"/bac-can","QuanHuyenID":0,"NganhNgheTitle":"Xây dựng nhà các loại","NganhNgheTitleAscii":"/nganh-nghe/xay-dung-nha-cac-loai","DSTags":["4700145632","Bắc Cạn",null]},{"Type":11,"SolrID":"/4700145199-doanh-nghiep-tu-nhan-son-hoa","ID":0,"MaSoThue":"4700145199","NgayCap":"2004-06-24T00:00:00Z","Title":"Doanh Nghiệp Tư Nhân Sơn Hoà","DiaChiCongTy":"Tổ 16 - Phường  Nguyễn Thị Minh Khai - Thành Phố Bắc Cạn - Bắc Cạn","Created":"2015-11-17T02:33:10Z","Updated":"2015-11-17T02:33:10Z","IsDelete":false,"RequestChanged":false,"ExitsInGDT":false,"SourceID":0,"TinhThanhID":0,"TinhThanhTitle":"Bắc Cạn","TinhThanhTitleAscii":"/bac-can","QuanHuyenID":0,"NganhNgheTitle":"Xây dựng nhà các loại","NganhNgheTitleAscii":"/nganh-nghe/xay-dung-nha-cac-loai","DSTags":["4700145199","Bắc Cạn",null]},{"Type":11,"SolrID":"/4700145015-cong-ty-cp-dau-tu-va-xay-dung-tuan-tu","ID":0,"MaSoThue":"4700145015","NgayCap":"2004-05-11T00:00:00Z","Title":"Công Ty CP Đầu Tư Và Xây Dựng Tuấn Tú","DiaChiCongTy":"Tổ 3 - Phường  Nguyễn Thị Minh Khai - Thành Phố Bắc Cạn - Bắc Cạn","Created":"2015-11-08T23:37:24Z","Updated":"2015-11-08T23:37:24Z","IsDelete":false,"RequestChanged":false,"ExitsInGDT":false,"SourceID":0,"TinhThanhID":0,"TinhThanhTitle":"Bắc Cạn","TinhThanhTitleAscii":"/bac-can","QuanHuyenID":0,"NganhNgheTitle":"Xây dựng công trình kỹ thuật dân dụng","NganhNgheTitleAscii":"/nganh-nghe/xay-dung-cong-trinh-ky-thuat-dan-dung","DSTags":["4700145015","Bắc Cạn",null]},{"Type":11,"SolrID":"/4700144540-cong-ty-cp-van-tai-dich-vu-va-xay-dung-bac-kan","ID":0,"MaSoThue":"4700144540","NgayCap":"2004-02-05T00:00:00Z","Title":"Công Ty CP Vận Tải, Dịch Vụ Và Xây Dựng Bắc Kạn","DiaChiCongTy":"Tổ 11 - Phường  Nguyễn Thị Minh Khai - Thành Phố Bắc Cạn - Bắc Cạn","Created":"2015-11-11T08:41:21Z","Updated":"2015-11-11T08:41:21Z","IsDelete":false,"RequestChanged":false,"ExitsInGDT":false,"SourceID":0,"TinhThanhID":0,"TinhThanhTitle":"Bắc Cạn","TinhThanhTitleAscii":"/bac-can","QuanHuyenID":0,"NganhNgheTitle":"Vận tải đường bộ khác","NganhNgheTitleAscii":"/nganh-nghe/van-tai-duong-bo-khac","DSTags":["4700144540","Bắc Cạn",null]},{"Type":11,"SolrID":"/4700144406-doanh-nghiep-tu-nhan-anh-duc","ID":0,"MaSoThue":"4700144406","NgayCap":"2004-01-14T00:00:00Z","Title":"Doanh nghiệp tư nhân Anh Đức","DiaChiCongTy":"Tổ 3- Phường Nguyễn Thị Minh Khai - Thành Phố Bắc Cạn - Bắc Cạn","Created":"2015-11-09T00:08:27Z","Updated":"2015-11-09T00:08:27Z","IsDelete":false,"RequestChanged":false,"ExitsInGDT":false,"SourceID":0,"TinhThanhID":0,"TinhThanhTitle":"Bắc Cạn","TinhThanhTitleAscii":"/bac-can","QuanHuyenID":0,"NganhNgheTitle":"Xây dựng công trình kỹ thuật dân dụng","NganhNgheTitleAscii":"/nganh-nghe/xay-dung-cong-trinh-ky-thuat-dan-dung","DSTags":["4700144406","Bắc Cạn",null]},{"Type":11,"SolrID":"/4700143988-cong-ty-tnhh-xay-dung-va-thuong-mai-minh-duc","ID":0,"MaSoThue":"4700143988","NgayCap":"2003-11-07T00:00:00Z","Title":"Công Ty TNHH Xây Dựng Và Thương Mại Minh Đức","DiaChiCongTy":"Tổ 16 - Phường  Nguyễn Thị Minh Khai - Thành Phố Bắc Cạn - Bắc Cạn","Created":"2015-11-11T09:23:25Z","Updated":"2015-11-11T09:23:25Z","IsDelete":false,"RequestChanged":false,"ExitsInGDT":false,"SourceID":0,"TinhThanhID":0,"TinhThanhTitle":"Bắc Cạn","TinhThanhTitleAscii":"/bac-can","QuanHuyenID":0,"NganhNgheTitle":"Xây dựng nhà các loại","NganhNgheTitleAscii":"/nganh-nghe/xay-dung-nha-cac-loai","DSTags":["4700143988","Bắc Cạn",null]},{"Type":11,"SolrID":"/4700143794-cong-ty-cp-xay-lap-bac-kan","ID":0,"MaSoThue":"4700143794","NgayCap":"2003-10-21T00:00:00Z","Title":"Công Ty CP Xây Lắp Bắc Kạn","DiaChiCongTy":"Số nhà 409, tổ 4 - Phường  Nguyễn Thị Minh Khai - Thành Phố Bắc Cạn - Bắc Cạn","Created":"2015-11-11T07:20:52Z","Updated":"2015-11-11T07:20:52Z","IsDelete":false,"RequestChanged":false,"ExitsInGDT":false,"SourceID":0,"TinhThanhID":0,"TinhThanhTitle":"Bắc Cạn","TinhThanhTitleAscii":"/bac-can","QuanHuyenID":0,"NganhNgheTitle":"Xây dựng nhà các loại","NganhNgheTitleAscii":"/nganh-nghe/xay-dung-nha-cac-loai","DSTags":["4700143794","Bắc Cạn",null]},{"Type":11,"SolrID":"/4600215526-001-cong-ty-song-cau","ID":0,"MaSoThue":"4600215526-001","NgayCap":"2003-06-20T00:00:00Z","Title":"Công ty Sông Cầu","DiaChiCongTy":"Tổ 11 phường Nguyễn Thị Minh Khai - Thành Phố Bắc Cạn - Bắc Cạn","Created":"2015-11-18T09:20:12Z","Updated":"2015-11-18T09:20:12Z","IsDelete":false,"RequestChanged":false,"ExitsInGDT":false,"SourceID":0,"TinhThanhID":0,"TinhThanhTitle":"Bắc Cạn","TinhThanhTitleAscii":"/bac-can","QuanHuyenID":0,"NganhNgheTitle":"Xây dựng công trình kỹ thuật dân dụng","NganhNgheTitleAscii":"/nganh-nghe/xay-dung-cong-trinh-ky-thuat-dan-dung","DSTags":["4600215526-001","Bắc Cạn",null]},{"Type":11,"SolrID":"/4700141878-cong-ty-tnhh-xay-dung-hoa-binh","ID":0,"MaSoThue":"4700141878","NgayCap":"2003-04-16T00:00:00Z","Title":"Công Ty TNHH Xây Dựng   Hoà Bình","DiaChiCongTy":"Tổ 12 - Phường  Nguyễn Thị Minh Khai - Thành Phố Bắc Cạn - Bắc Cạn","Created":"2015-11-09T00:44:09Z","Updated":"2015-11-09T00:44:09Z","IsDelete":false,"RequestChanged":false,"ExitsInGDT":false,"SourceID":0,"TinhThanhID":0,"TinhThanhTitle":"Bắc Cạn","TinhThanhTitleAscii":"/bac-can","QuanHuyenID":0,"NganhNgheTitle":"Xây dựng nhà các loại","NganhNgheTitleAscii":"/nganh-nghe/xay-dung-nha-cac-loai","DSTags":["4700141878","Bắc Cạn",null]},{"Type":11,"SolrID":"/4700113408-001-xi-nghiep-vat-lieu-pa-danh","ID":0,"MaSoThue":"4700113408-001","NgayCap":"2003-04-16T00:00:00Z","Title":"Xí nghiệp vật liệu Pá Danh","DiaChiCongTy":"Tổ 12 phường Nguyễn Thị Minh Khai - Thành Phố Bắc Cạn - Bắc Cạn","Created":"2015-11-19T05:39:02Z","Updated":"2015-11-19T05:39:02Z","IsDelete":false,"RequestChanged":false,"ExitsInGDT":false,"SourceID":0,"TinhThanhID":0,"TinhThanhTitle":"Bắc Cạn","TinhThanhTitleAscii":"/bac-can","QuanHuyenID":0,"NganhNgheTitle":"Sản xuất vật liệu xây dựng từ đất sét","NganhNgheTitleAscii":"/nganh-nghe/san-xuat-vat-lieu-xay-dung-tu-dat-set","DSTags":["4700113408-001","Bắc Cạn",null]},{"Type":11,"SolrID":"/4700141684-doanh-nghiep-tu-nhan-xay-dung-manh-linh","ID":0,"MaSoThue":"4700141684","NgayCap":"2003-03-06T00:00:00Z","Title":"Doanh Nghiệp Tư Nhân Xây Dựng Mạnh Linh","DiaChiCongTy":"Tổ 11 - Phường  Nguyễn Thị Minh Khai - Thành Phố Bắc Cạn - Bắc Cạn","Created":"2015-11-09T05:25:34Z","Updated":"2015-11-09T05:25:34Z","IsDelete":false,"RequestChanged":false,"ExitsInGDT":false,"SourceID":0,"TinhThanhID":0,"TinhThanhTitle":"Bắc Cạn","TinhThanhTitleAscii":"/bac-can","QuanHuyenID":0,"NganhNgheTitle":"Xây dựng nhà các loại","NganhNgheTitleAscii":"/nganh-nghe/xay-dung-nha-cac-loai","DSTags":["4700141684","Bắc Cạn",null]},{"Type":11,"SolrID":"/4700140049-cong-ty-trach-nhiem-huu-han-hop-tien","ID":0,"MaSoThue":"4700140049","NgayCap":"2002-09-16T00:00:00Z","Title":"Công ty trách nhiệm hữu hạn Hợp Tiến","DiaChiCongTy":"Tổ 10 Phường Nguyễn Thị Minh Khai - Thành Phố Bắc Cạn - Bắc Cạn","Created":"2015-11-12T12:13:19Z","Updated":"2015-11-12T12:13:19Z","IsDelete":false,"RequestChanged":false,"ExitsInGDT":false,"SourceID":0,"TinhThanhID":0,"TinhThanhTitle":"Bắc Cạn","TinhThanhTitleAscii":"/bac-can","QuanHuyenID":0,"NganhNgheTitle":"Xây dựng công trình kỹ thuật dân dụng","NganhNgheTitleAscii":"/nganh-nghe/xay-dung-cong-trinh-ky-thuat-dan-dung","DSTags":["4700140049","Bắc Cạn",null]},{"Type":11,"SolrID":"/4700138321-cong-ty-tnhh-cuong-thinh-bac-kan","ID":0,"MaSoThue":"4700138321","NgayCap":"2002-05-29T00:00:00Z","Title":"Công Ty TNHH Cường Thịnh Bắc Kạn","DiaChiCongTy":"Tổ 7 - Phường  Nguyễn Thị Minh Khai - Thành Phố Bắc Cạn - Bắc Cạn","Created":"2015-11-12T12:13:58Z","Updated":"2015-11-12T12:13:58Z","IsDelete":false,"RequestChanged":false,"ExitsInGDT":false,"SourceID":0,"TinhThanhID":0,"TinhThanhTitle":"Bắc Cạn","TinhThanhTitleAscii":"/bac-can","QuanHuyenID":0,"NganhNgheTitle":"Xây dựng nhà các loại","NganhNgheTitleAscii":"/nganh-nghe/xay-dung-nha-cac-loai","DSTags":["4700138321","Bắc Cạn",null]},{"Type":11,"SolrID":"/4600253673-001-chi-nhanh-doanh-nghiep-bao-thang","ID":0,"MaSoThue":"4600253673-001","NgayCap":"2001-10-10T00:00:00Z","Title":"Chi nhánh Doanh nghiệp Bảo Thắng","DiaChiCongTy":"Tổ 1 phường Nguyễn Thị Minh Khai - Thành Phố Bắc Cạn - Bắc Cạn","Created":"2015-11-19T05:57:42Z","Updated":"2015-11-19T05:57:42Z","IsDelete":false,"RequestChanged":false,"ExitsInGDT":false,"SourceID":0,"TinhThanhID":0,"TinhThanhTitle":"Bắc Cạn","TinhThanhTitleAscii":"/bac-can","QuanHuyenID":0,"NganhNgheTitle":"Xây dựng công trình kỹ thuật dân dụng","NganhNgheTitleAscii":"/nganh-nghe/xay-dung-cong-trinh-ky-thuat-dan-dung","DSTags":["4600253673-001","Bắc Cạn",null]},{"Type":11,"SolrID":"/4700135546-cong-an-thi-xa-bac-kan","ID":0,"MaSoThue":"4700135546","NgayCap":"2001-10-08T00:00:00Z","Title":"Công an thị xã Bắc Kạn","DiaChiCongTy":"Tổ 15- Phường Nguyễn Thị Minh Khai - Thành Phố Bắc Cạn - Bắc Cạn","Created":"2015-11-16T05:33:14Z","Updated":"2015-11-16T05:33:14Z","IsDelete":false,"RequestChanged":false,"ExitsInGDT":false,"SourceID":0,"TinhThanhID":0,"TinhThanhTitle":"Bắc Cạn","TinhThanhTitleAscii":"/bac-can","QuanHuyenID":0,"NganhNgheTitle":"Hoạt động dịch vụ tài chính khác chưa được phân vào đâu (trừ bảo hiểm và bảo hiểm xã hội)","NganhNgheTitleAscii":"/nganh-nghe/hoat-dong-dich-vu-tai-chinh-khac-chua-duoc-phan-vao-dau-tru-bao-hiem-va-bao-hiem-xa-hoi","DSTags":["4700135546","Bắc Cạn",null]},{"Type":11,"SolrID":"/4700133186-cong-ty-tnhh-hoa-phat","ID":0,"MaSoThue":"4700133186","NgayCap":"2001-07-03T00:00:00Z","Title":"Công ty TNHH Hoà Phát","DiaChiCongTy":"Hoàng Văn Rược tổ 1 Phường Nguyễn Thị Minh Khai - Thành Phố Bắc Cạn - Bắc Cạn","Created":"2015-11-12T12:15:57Z","Updated":"2015-11-12T12:15:57Z","IsDelete":false,"RequestChanged":false,"ExitsInGDT":false,"SourceID":0,"TinhThanhID":0,"TinhThanhTitle":"Bắc Cạn","TinhThanhTitleAscii":"/bac-can","QuanHuyenID":0,"NganhNgheTitle":"Xây dựng công trình kỹ thuật dân dụng","NganhNgheTitleAscii":"/nganh-nghe/xay-dung-cong-trinh-ky-thuat-dan-dung","DSTags":["4700133186","Bắc Cạn",null]},{"Type":11,"SolrID":"/4700129454-cong-ty-tnhh-thang-long","ID":0,"MaSoThue":"4700129454","NgayCap":"2001-03-12T00:00:00Z","Title":"Công ty TNHH Thăng Long","DiaChiCongTy":"Tổ 4- Phường Nguyễn Thị Minh Khai - Thành Phố Bắc Cạn - Bắc Cạn","Created":"2015-11-12T12:17:14Z","Updated":"2015-11-12T12:17:14Z","IsDelete":false,"RequestChanged":false,"ExitsInGDT":false,"SourceID":0,"TinhThanhID":0,"TinhThanhTitle":"Bắc Cạn","TinhThanhTitleAscii":"/bac-can","QuanHuyenID":0,"NganhNgheTitle":"Xây dựng công trình kỹ thuật dân dụng","NganhNgheTitleAscii":"/nganh-nghe/xay-dung-cong-trinh-ky-thuat-dan-dung","DSTags":["4700129454","Bắc Cạn",null]},{"Type":11,"SolrID":"/1000259879-001-chi-nhanh-cong-ty-xay-dung-1-5","ID":0,"MaSoThue":"1000259879-001","NgayCap":"2001-03-12T00:00:00Z","Title":"Chi nhánh Công ty xây dựng 1-5","DiaChiCongTy":"Tổ 6- Phường Nguyễn Thị Minh Khai - Thành Phố Bắc Cạn - Bắc Cạn","Created":"2015-11-19T05:48:12Z","Updated":"2015-11-19T05:48:12Z","IsDelete":false,"RequestChanged":false,"ExitsInGDT":false,"SourceID":0,"TinhThanhID":0,"TinhThanhTitle":"Bắc Cạn","TinhThanhTitleAscii":"/bac-can","QuanHuyenID":0,"NganhNgheTitle":"Xây dựng công trình kỹ thuật dân dụng","NganhNgheTitleAscii":"/nganh-nghe/xay-dung-cong-trinh-ky-thuat-dan-dung","DSTags":["1000259879-001","Bắc Cạn",null]},{"Type":11,"SolrID":"/0100103369-002-chi-nhanh-cong-ty-co-phan-xd-va-san-xuat-vat-lieu-ha-noi","ID":0,"MaSoThue":"0100103369-002","NgayCap":"2000-11-20T00:00:00Z","Title":"Chi nhánh Công ty cổ phần XD và sản xuất vật liệu - Hà Nội","DiaChiCongTy":"Tổ 4- Phường Nguyễn Thị Minh Khai - Thành Phố Bắc Cạn - Bắc Cạn","Created":"2015-11-18T10:38:51Z","Updated":"2015-11-18T10:38:51Z","IsDelete":false,"RequestChanged":false,"ExitsInGDT":false,"SourceID":0,"TinhThanhID":0,"TinhThanhTitle":"Bắc Cạn","TinhThanhTitleAscii":"/bac-can","QuanHuyenID":0,"NganhNgheTitle":"Xây dựng công trình kỹ thuật dân dụng","NganhNgheTitleAscii":"/nganh-nghe/xay-dung-cong-trinh-ky-thuat-dan-dung","DSTags":["0100103369-002","Bắc Cạn",null]},{"Type":11,"SolrID":"/4700127739-ubnd-phuong-nguyen-thi-minh-khai","ID":0,"MaSoThue":"4700127739","NgayCap":"2000-08-20T00:00:00Z","Title":"UBND phường Nguyễn Thị Minh Khai","DiaChiCongTy":"Phường Nguyễn Thị Minh Khai - Thành Phố Bắc Cạn - Bắc Cạn","Created":"2015-11-16T05:38:09Z","Updated":"2015-11-16T05:38:09Z","IsDelete":false,"RequestChanged":false,"ExitsInGDT":false,"SourceID":0,"TinhThanhID":0,"TinhThanhTitle":"Bắc Cạn","TinhThanhTitleAscii":"/bac-can","QuanHuyenID":0,"NganhNgheTitle":"Hoạt động dịch vụ tài chính khác chưa được phân vào đâu (trừ bảo hiểm và bảo hiểm xã hội)","NganhNgheTitleAscii":"/nganh-nghe/hoat-dong-dich-vu-tai-chinh-khac-chua-duoc-phan-vao-dau-tru-bao-hiem-va-bao-hiem-xa-hoi","DSTags":["4700127739","Bắc Cạn",null]},{"Type":11,"SolrID":"/4700127545-cong-ty-tnhh-son-hai","ID":0,"MaSoThue":"4700127545","NgayCap":"2000-07-27T00:00:00Z","Title":"Công Ty TNHH Sơn Hải","DiaChiCongTy":"Tổ 2 - Phường  Nguyễn Thị Minh Khai - Thành Phố Bắc Cạn - Bắc Cạn","Created":"2015-11-09T03:33:10Z","Updated":"2015-11-09T03:33:10Z","IsDelete":false,"RequestChanged":false,"ExitsInGDT":false,"SourceID":0,"TinhThanhID":0,"TinhThanhTitle":"Bắc Cạn","TinhThanhTitleAscii":"/bac-can","QuanHuyenID":0,"NganhNgheTitle":"Xây dựng nhà các loại","NganhNgheTitleAscii":"/nganh-nghe/xay-dung-nha-cac-loai","DSTags":["4700127545","Bắc Cạn",null]},{"Type":11,"SolrID":"/4700119671-001-benh-vien-da-khoa-bac-kan","ID":0,"MaSoThue":"4700119671-001","NgayCap":"2000-04-18T00:00:00Z","Title":"Bệnh viện đa khoa Bắc Kạn","DiaChiCongTy":"Tổ 10 - Phường  Nguyễn Thị Minh Khai - Thành Phố Bắc Cạn - Bắc Cạn","Created":"2015-11-19T08:48:32Z","Updated":"2015-11-19T08:48:32Z","IsDelete":false,"RequestChanged":false,"ExitsInGDT":false,"SourceID":0,"TinhThanhID":0,"TinhThanhTitle":"Bắc Cạn","TinhThanhTitleAscii":"/bac-can","QuanHuyenID":0,"NganhNgheTitle":"Hoạt động của các bệnh viện, trạm xá","NganhNgheTitleAscii":"/nganh-nghe/hoat-dong-cua-cac-benh-vien-tram-xa","DSTags":["4700119671-001","Bắc Cạn",null]},{"Type":11,"SolrID":"/4800115631-001-chi-nhanh-cong-ty-tnhh-xay-dung-hoa-lu","ID":0,"MaSoThue":"4800115631-001","NgayCap":"1999-09-17T00:00:00Z","Title":"Chi nhánh Công ty TNHH xây dựng Hoa Lư","DiaChiCongTy":"Phường Nguyễn Thị Minh Khai - Thành Phố Bắc Cạn - Bắc Cạn","Created":"2015-11-18T09:45:07Z","Updated":"2015-11-18T09:45:07Z","IsDelete":false,"RequestChanged":false,"ExitsInGDT":false,"SourceID":0,"TinhThanhID":0,"TinhThanhTitle":"Bắc Cạn","TinhThanhTitleAscii":"/bac-can","QuanHuyenID":0,"NganhNgheTitle":"Xây dựng công trình kỹ thuật dân dụng","NganhNgheTitleAscii":"/nganh-nghe/xay-dung-cong-trinh-ky-thuat-dan-dung","DSTags":["4800115631-001","Bắc Cạn",null]},{"Type":11,"SolrID":"/4600123498-014-chi-nhanh-cong-ty-cp-luong-thuc-ha-tuyen-thai-tai-bac-kan","ID":0,"MaSoThue":"4600123498-014","NgayCap":"1999-09-17T00:00:00Z","Title":"Chi nhánh Công ty CP lương thực Hà Tuyên Thái tại Bắc Kạn","DiaChiCongTy":"Phường Nguyễn Thị Minh Khai - Thành Phố Bắc Cạn - Bắc Cạn","Created":"2015-11-19T05:54:35Z","Updated":"2015-11-19T05:54:35Z","IsDelete":false,"RequestChanged":false,"ExitsInGDT":false,"SourceID":0,"TinhThanhID":0,"TinhThanhTitle":"Bắc Cạn","TinhThanhTitleAscii":"/bac-can","QuanHuyenID":0,"NganhNgheTitle":"Bán lẻ lương thực trong các cửa hàng chuyên doanh","NganhNgheTitleAscii":"/nganh-nghe/ban-le-luong-thuc-trong-cac-cua-hang-chuyen-doanh","DSTags":["4600123498-014","Bắc Cạn",null]},{"Type":11,"SolrID":"/4700103311-doanh-nghiep-tu-nhan-xay-dung-bac-lan","ID":0,"MaSoThue":"4700103311","NgayCap":"1998-10-09T00:00:00Z","Title":"Doanh Nghiệp Tư Nhân Xây Dựng Bắc Lân","DiaChiCongTy":"Tổ 8 - Phường  Nguyễn Thị Minh Khai - Thành Phố Bắc Cạn - Bắc Cạn","Created":"2015-11-17T02:35:19Z","Updated":"2015-11-17T02:35:19Z","IsDelete":false,"RequestChanged":false,"ExitsInGDT":false,"SourceID":0,"TinhThanhID":0,"TinhThanhTitle":"Bắc Cạn","TinhThanhTitleAscii":"/bac-can","QuanHuyenID":0,"NganhNgheTitle":"Xây dựng nhà các loại","NganhNgheTitleAscii":"/nganh-nghe/xay-dung-nha-cac-loai","DSTags":["4700103311","Bắc Cạn",null]},{"Type":11,"SolrID":"/4700103304-cong-ty-tnhh-ngan-son","ID":0,"MaSoThue":"4700103304","NgayCap":"1998-10-09T00:00:00Z","Title":"Công ty TNHH Ngân Sơn","DiaChiCongTy":"Tổ 1- Phường Nguyễn Thị Minh Khai - Thành Phố Bắc Cạn - Bắc Cạn","Created":"2015-11-12T12:21:19Z","Updated":"2015-11-12T12:21:19Z","IsDelete":false,"RequestChanged":false,"ExitsInGDT":false,"SourceID":0,"TinhThanhID":0,"TinhThanhTitle":"Bắc Cạn","TinhThanhTitleAscii":"/bac-can","QuanHuyenID":0,"NganhNgheTitle":"Xây dựng công trình kỹ thuật dân dụng","NganhNgheTitleAscii":"/nganh-nghe/xay-dung-cong-trinh-ky-thuat-dan-dung","DSTags":["4700103304","Bắc Cạn",null]}]}