{"ID":5843,"SolrID":"/bac-can/thanh-pho-bac-can/phuong-chi-kien","Title":"Phường Chí Kiên","TinhThanhTitle":"Bắc Cạn","QuanHuyenTitle":"Thành Phố Bắc Cạn","QuanHuyenID":145,"TinhThanhID":47,"Url":"https://thongtindoanhnghiep.co/api/company?l=/bac-can/thanh-pho-bac-can/phuong-chi-kien","Total":3,"List":[{"Type":11,"SolrID":"/0101126778-005-xi-nghiep-xay-dung-so-i-cong-ty-dau-tu-va-xd-phuong-bac","ID":0,"MaSoThue":"0101126778-005","NgayCap":"2001-10-10T00:00:00Z","Title":"Xí nghiệp xây dựng số I - Công ty đầu tư và XD Phương Bắc","DiaChiCongTy":"Tổ 9- Phường Chí Kiên - Thành Phố Bắc Cạn - Bắc Cạn","Created":"2015-11-18T12:38:32Z","Updated":"2015-11-18T12:38:32Z","IsDelete":false,"RequestChanged":false,"ExitsInGDT":false,"SourceID":0,"TinhThanhID":0,"TinhThanhTitle":"Bắc Cạn","TinhThanhTitleAscii":"/bac-can","QuanHuyenID":0,"NganhNgheTitle":"Xây dựng công trình kỹ thuật dân dụng","NganhNgheTitleAscii":"/nganh-nghe/xay-dung-cong-trinh-ky-thuat-dan-dung","DSTags":["0101126778-005","Bắc Cạn",null]},{"Type":11,"SolrID":"/4700119664-003-phong-thi-hanh-an-bac-kan","ID":0,"MaSoThue":"4700119664-003","NgayCap":"2000-04-18T00:00:00Z","Title":"Phòng thi hành án Bắc Kạn","DiaChiCongTy":"Phường Chí Kiên - Thành Phố Bắc Cạn - Bắc Cạn","Created":"2015-11-19T04:14:57Z","Updated":"2015-11-19T04:14:57Z","IsDelete":false,"RequestChanged":false,"ExitsInGDT":false,"SourceID":0,"TinhThanhID":0,"TinhThanhTitle":"Bắc Cạn","TinhThanhTitleAscii":"/bac-can","QuanHuyenID":0,"NganhNgheTitle":"Hoạt động quản lý nhà nước nói chung và kinh tế tổng hợp","NganhNgheTitleAscii":"/nganh-nghe/hoat-dong-quan-ly-nha-nuoc-noi-chung-va-kinh-te-tong-hop","DSTags":["4700119664-003","Bắc Cạn",null]},{"Type":11,"SolrID":"/4700119696-002-chi-cuc-thu-y-bac-kan","ID":0,"MaSoThue":"4700119696-002","NgayCap":"2000-04-18T00:00:00Z","Title":"Chi cục thú y Bắc Kạn","DiaChiCongTy":"Phường Chí Kiên - Thành Phố Bắc Cạn - Bắc Cạn","Created":"2015-11-19T04:13:24Z","Updated":"2015-11-19T04:13:24Z","IsDelete":false,"RequestChanged":false,"ExitsInGDT":false,"SourceID":0,"TinhThanhID":0,"TinhThanhTitle":"Bắc Cạn","TinhThanhTitleAscii":"/bac-can","QuanHuyenID":0,"NganhNgheTitle":"Hoạt động thú y","NganhNgheTitleAscii":"/nganh-nghe/hoat-dong-thu-y","DSTags":["4700119696-002","Bắc Cạn",null]}]}