{"ID":4521,"SolrID":"/bac-can/thanh-pho-bac-can/phuong-xuat-hoa","Title":"Phường Xuất Hoá","TinhThanhTitle":"Bắc Cạn","QuanHuyenTitle":"Thành Phố Bắc Cạn","QuanHuyenID":145,"TinhThanhID":47,"Url":"https://thongtindoanhnghiep.co/api/company?l=/bac-can/thanh-pho-bac-can/phuong-xuat-hoa","Total":3,"List":[{"Type":11,"SolrID":"/4700198803-002-chi-nhanh-cong-ty-cp-khoang-san-viet-thang","ID":0,"MaSoThue":"4700198803-002","NgayCap":"2015-01-29T00:00:00Z","Title":"Chi Nhánh Công Ty CP Khoáng Sản Việt Thắng","DiaChiCongTy":"Thôn Bản pyạt - Phường Xuất Hoá - Thành Phố Bắc Cạn - Bắc Cạn","Created":"2015-11-19T08:49:02Z","Updated":"2015-11-19T08:49:02Z","IsDelete":false,"RequestChanged":false,"ExitsInGDT":false,"SourceID":0,"TinhThanhID":0,"TinhThanhTitle":"Bắc Cạn","TinhThanhTitleAscii":"/bac-can","QuanHuyenID":0,"NganhNgheTitle":"Khai thác đá, cát, sỏi, đất sét","NganhNgheTitleAscii":"/nganh-nghe/khai-thac-da-cat-soi-dat-set","DSTags":["4700198803-002","Bắc Cạn",null]},{"Type":11,"SolrID":"/4700206324-doanh-nghiep-tn-xuat-khau-va-che-bien-nong-san-minh-be","ID":0,"MaSoThue":"4700206324","NgayCap":"2011-08-03T00:00:00Z","Title":"Doanh Nghiệp TN Xuất Khẩu Và Chế Biến Nông Sản Minh Bê","DiaChiCongTy":"Tổ Thác Giềng - Phường Xuất Hoá - Thành Phố Bắc Cạn - Bắc Cạn","Created":"2015-11-17T07:30:44Z","Updated":"2015-11-17T07:30:44Z","IsDelete":false,"RequestChanged":false,"ExitsInGDT":false,"SourceID":0,"TinhThanhID":0,"TinhThanhTitle":"Bắc Cạn","TinhThanhTitleAscii":"/bac-can","QuanHuyenID":0,"NganhNgheTitle":"Bán buôn nông, lâm sản nguyên liệu khác (trừ gỗ, tre, nứa)","NganhNgheTitleAscii":"/nganh-nghe/ban-buon-nong-lam-san-nguyen-lieu-khac-tru-go-tre-nua","DSTags":["4700206324","Bắc Cạn",null]},{"Type":11,"SolrID":"/4700197542-hop-tac-xa-phuc-hung","ID":0,"MaSoThue":"4700197542","NgayCap":"2010-10-05T00:00:00Z","Title":"Hợp tác xã Phúc Hưng","DiaChiCongTy":"Thôn Thác Giềng, xã Xuất Hóa - Phường Xuất Hoá - Thành Phố Bắc Cạn - Bắc Cạn","Created":"2015-11-17T02:33:56Z","Updated":"2015-11-17T02:33:56Z","IsDelete":false,"RequestChanged":false,"ExitsInGDT":false,"SourceID":0,"TinhThanhID":0,"TinhThanhTitle":"Bắc Cạn","TinhThanhTitleAscii":"/bac-can","QuanHuyenID":0,"NganhNgheTitle":"Sản xuất sản phẩm khác từ gỗ; sản xuất sản phẩm từ tre, nứa, rơm, rạ và vật liệu tết bện","NganhNgheTitleAscii":"/nganh-nghe/san-xuat-san-pham-khac-tu-go-san-xuat-san-pham-tu-tre-nua-rom-ra-va-vat-lieu-tet-ben","DSTags":["4700197542","Bắc Cạn",null]}]}