{"ID":5423,"SolrID":"/bac-can/thanh-pho-bac-can/thi-tran-cho-moi","Title":"Thị Trấn Chợ Mới","TinhThanhTitle":"Bắc Cạn","QuanHuyenTitle":"Thành Phố Bắc Cạn","QuanHuyenID":145,"TinhThanhID":47,"Url":"https://thongtindoanhnghiep.co/api/company?l=/bac-can/thanh-pho-bac-can/thi-tran-cho-moi","Total":1,"List":[{"Type":11,"SolrID":"/4600266834-001-chi-nhanh-doanh-nghiep-xe-may-bo-oanh","ID":0,"MaSoThue":"4600266834-001","NgayCap":"2001-04-12T00:00:00Z","Title":"Chi nhánh Doanh nghiệp xe máy Bộ Oanh","DiaChiCongTy":"Tổ 5- Thị trấn Chợ Mới - Thành Phố Bắc Cạn - Bắc Cạn","Created":"2015-11-19T05:57:39Z","Updated":"2015-11-19T05:57:39Z","IsDelete":false,"RequestChanged":false,"ExitsInGDT":false,"SourceID":0,"TinhThanhID":0,"TinhThanhTitle":"Bắc Cạn","TinhThanhTitleAscii":"/bac-can","QuanHuyenID":0,"NganhNgheTitle":"Bán mô tô, xe máy","NganhNgheTitleAscii":"/nganh-nghe/ban-mo-to-xe-may","DSTags":["4600266834-001","Bắc Cạn",null]}]}