{"ID":13460,"SolrID":"/bac-can/thanh-pho-bac-can/xa-huyen-tung","Title":"Xã Huyền Tụng","TinhThanhTitle":"Bắc Cạn","QuanHuyenTitle":"Thành Phố Bắc Cạn","QuanHuyenID":145,"TinhThanhID":47,"Url":"https://thongtindoanhnghiep.co/api/company?l=/bac-can/thanh-pho-bac-can/xa-huyen-tung","Total":14,"List":[{"Type":11,"SolrID":"/4700263844-cong-ty-tnhh-co-khi-phuong-hung","ID":0,"MaSoThue":"4700263844","NgayCap":"2016-08-31T00:00:00Z","Title":"CôNG TY TNHH Cơ KHí PHượNG HưNG","DiaChiCongTy":"Tổ Khuổi Thuổm - Xã Huyền Tụng - Thành Phố Bắc Cạn - Bắc Cạn","Created":"2016-09-09T13:07:36Z","Updated":"2016-09-10T13:06:32Z","IsDelete":false,"RequestChanged":false,"ExitsInGDT":false,"SourceID":0,"TinhThanhID":0,"TinhThanhTitle":"Bắc Cạn","TinhThanhTitleAscii":"/bac-can","QuanHuyenID":0,"NganhNgheTitle":"Gia công cơ khí; xử lý và tráng phủ kim loại","NganhNgheTitleAscii":"/nganh-nghe/gia-cong-co-khi-xu-ly-va-trang-phu-kim-loai","DSTags":["4700263844","Bắc Cạn",null]},{"Type":11,"SolrID":"/4700248726-cong-ty-tnhh-mot-thanh-vien-thuong-mai-xay-dung-hoang-son","ID":0,"MaSoThue":"4700248726","NgayCap":"2014-04-04T00:00:00Z","Title":"Công Ty TNHH Một Thành Viên Thương Mại & Xây Dựng Hoàng Sơn","DiaChiCongTy":"Đường Hoàng Văn Thụ, Thôn Khuổi Thuổm - Xã Huyền Tụng - Thành Phố Bắc Cạn - Bắc Cạn","Created":"2015-11-09T18:07:21Z","Updated":"2015-11-09T18:07:21Z","IsDelete":false,"RequestChanged":false,"ExitsInGDT":false,"SourceID":0,"TinhThanhID":0,"TinhThanhTitle":"Bắc Cạn","TinhThanhTitleAscii":"/bac-can","QuanHuyenID":0,"NganhNgheTitle":"Xây dựng nhà các loại","NganhNgheTitleAscii":"/nganh-nghe/xay-dung-nha-cac-loai","DSTags":["4700248726","Bắc Cạn",null]},{"Type":11,"SolrID":"/4700244496-cong-ty-cp-dau-tu-cuong-thinh-bac-kan","ID":0,"MaSoThue":"4700244496","NgayCap":"2013-08-20T00:00:00Z","Title":"Công Ty CP Đầu Tư Cường Thịnh Bắc Kạn","DiaChiCongTy":"Thôn Khuổi Lặng - Xã Huyền Tụng - Thành Phố Bắc Cạn - Bắc Cạn","Created":"2015-11-11T18:27:03Z","Updated":"2015-11-11T18:27:03Z","IsDelete":false,"RequestChanged":false,"ExitsInGDT":false,"SourceID":0,"TinhThanhID":0,"TinhThanhTitle":"Bắc Cạn","TinhThanhTitleAscii":"/bac-can","QuanHuyenID":0,"NganhNgheTitle":"Cưa, xẻ, bào gỗ và bảo quản gỗ","NganhNgheTitleAscii":"/nganh-nghe/cua-xe-bao-go-va-bao-quan-go","DSTags":["4700244496","Bắc Cạn",null]},{"Type":11,"SolrID":"/4700242146-cong-ty-cp-xay-dung-lien-viet-bk","ID":0,"MaSoThue":"4700242146","NgayCap":"2013-06-06T00:00:00Z","Title":"Công Ty CP Xây Dựng Liên Việt Bk","DiaChiCongTy":"Tổ Khuổi Thuổm - Xã Huyền Tụng - Thành Phố Bắc Cạn - Bắc Cạn","Created":"2015-11-11T19:40:43Z","Updated":"2015-11-11T19:40:43Z","IsDelete":false,"RequestChanged":false,"ExitsInGDT":false,"SourceID":0,"TinhThanhID":0,"TinhThanhTitle":"Bắc Cạn","TinhThanhTitleAscii":"/bac-can","QuanHuyenID":0,"NganhNgheTitle":"Xây dựng nhà các loại","NganhNgheTitleAscii":"/nganh-nghe/xay-dung-nha-cac-loai","DSTags":["4700242146","Bắc Cạn",null]},{"Type":11,"SolrID":"/4700241294-cong-ty-tnhh-mot-thanh-vien-nam-binh-bac-kan","ID":0,"MaSoThue":"4700241294","NgayCap":"2013-03-21T00:00:00Z","Title":"Công Ty TNHH Một Thành Viên Nam Bình Bắc Kạn","DiaChiCongTy":"Thôn Khuổi Thuổm - Xã Huyền Tụng - Thành Phố Bắc Cạn - Bắc Cạn","Created":"2015-11-11T22:41:27Z","Updated":"2015-11-11T22:41:27Z","IsDelete":false,"RequestChanged":false,"ExitsInGDT":false,"SourceID":0,"TinhThanhID":0,"TinhThanhTitle":"Bắc Cạn","TinhThanhTitleAscii":"/bac-can","QuanHuyenID":0,"NganhNgheTitle":"Xây dựng nhà các loại","NganhNgheTitleAscii":"/nganh-nghe/xay-dung-nha-cac-loai","DSTags":["4700241294","Bắc Cạn",null]},{"Type":11,"SolrID":"/4700236512-doi-thue-xa-huyen-tung","ID":0,"MaSoThue":"4700236512","NgayCap":"2012-10-09T00:00:00Z","Title":"Đội thuế xã Huyền Tụng","DiaChiCongTy":"Xã Huyền Tụng - Thành Phố Bắc Cạn - Bắc Cạn","Created":"2015-11-16T09:51:11Z","Updated":"2015-11-16T09:51:11Z","IsDelete":false,"RequestChanged":false,"ExitsInGDT":false,"SourceID":0,"TinhThanhID":0,"TinhThanhTitle":"Bắc Cạn","TinhThanhTitleAscii":"/bac-can","QuanHuyenID":0,"NganhNgheTitle":"NÔNG NGHIỆP, LÂM NGHIỆP VÀ THUỶ SẢN","NganhNgheTitleAscii":"/nganh-nghe/nong-nghiep-lam-nghiep-va-thuy-san","DSTags":["4700236512","Bắc Cạn",null]},{"Type":11,"SolrID":"/0101720082-001-chi-nhanh-cong-ty-co-phan-dau-tu-vvv-tai-bac-kan","ID":0,"MaSoThue":"0101720082-001","NgayCap":"2010-06-22T00:00:00Z","Title":"Chi Nhánh Công Ty Cổ Phần Đầu Tư Vvv Tại Bắc Kạn.","DiaChiCongTy":"Thôn Khuổi Thuổm - Xã Huyền Tụng - Thành Phố Bắc Cạn - Bắc Cạn","Created":"2015-11-11T04:51:53Z","Updated":"2015-11-11T04:51:53Z","IsDelete":false,"RequestChanged":false,"ExitsInGDT":false,"SourceID":0,"TinhThanhID":0,"TinhThanhTitle":"Bắc Cạn","TinhThanhTitleAscii":"/bac-can","QuanHuyenID":0,"NganhNgheTitle":"Xây dựng nhà các loại","NganhNgheTitleAscii":"/nganh-nghe/xay-dung-nha-cac-loai","DSTags":["0101720082-001","Bắc Cạn",null]},{"Type":11,"SolrID":"/4700195129-cong-ty-tnhh-duc-hoang","ID":0,"MaSoThue":"4700195129","NgayCap":"2010-06-08T00:00:00Z","Title":"Công ty TNHH Đức Hoàng","DiaChiCongTy":"Thôn Bản Cạu, xã Huyền Tụng - Thành Phố Bắc Cạn - Bắc Cạn","Created":"2015-11-11T09:35:01Z","Updated":"2015-11-11T09:35:01Z","IsDelete":false,"RequestChanged":false,"ExitsInGDT":false,"SourceID":0,"TinhThanhID":0,"TinhThanhTitle":"Bắc Cạn","TinhThanhTitleAscii":"/bac-can","QuanHuyenID":0,"NganhNgheTitle":"Xây dựng công trình kỹ thuật dân dụng","NganhNgheTitleAscii":"/nganh-nghe/xay-dung-cong-trinh-ky-thuat-dan-dung","DSTags":["4700195129","Bắc Cạn",null]},{"Type":11,"SolrID":"/0104112759-001-chi-nhanh-cong-ty-co-phan-phuc-tien-loi-tai-bac-kan","ID":0,"MaSoThue":"0104112759-001","NgayCap":"2009-10-14T00:00:00Z","Title":"Chi nhánh công ty cổ phần Phúc Tiến Lợi tại Bắc Kạn","DiaChiCongTy":"Thôn Giao Lâm - Xã Huyền Tụng - Thành Phố Bắc Cạn - Bắc Cạn","Created":"2015-11-11T05:02:21Z","Updated":"2015-11-11T05:02:21Z","IsDelete":false,"RequestChanged":false,"ExitsInGDT":false,"SourceID":0,"TinhThanhID":0,"TinhThanhTitle":"Bắc Cạn","TinhThanhTitleAscii":"/bac-can","QuanHuyenID":0,"NganhNgheTitle":"Xây dựng công trình kỹ thuật dân dụng","NganhNgheTitleAscii":"/nganh-nghe/xay-dung-cong-trinh-ky-thuat-dan-dung","DSTags":["0104112759-001","Bắc Cạn",null]},{"Type":11,"SolrID":"/4700168767-cong-ty-tnhh-tai-che-nhua-tien-dung","ID":0,"MaSoThue":"4700168767","NgayCap":"2009-03-17T00:00:00Z","Title":"Công ty TNHH tái chế nhựa Tiến Dũng","DiaChiCongTy":"Thôn Khuổi Mật, xã Huyền Tụng - Thành Phố Bắc Cạn - Bắc Cạn","Created":"2015-11-14T02:51:06Z","Updated":"2015-11-14T02:51:06Z","IsDelete":false,"RequestChanged":false,"ExitsInGDT":false,"SourceID":0,"TinhThanhID":0,"TinhThanhTitle":"Bắc Cạn","TinhThanhTitleAscii":"/bac-can","QuanHuyenID":0,"NganhNgheTitle":"Sản xuất sản phẩm từ plastic","NganhNgheTitleAscii":"/nganh-nghe/san-xuat-san-pham-tu-plastic","DSTags":["4700168767","Bắc Cạn",null]},{"Type":11,"SolrID":"/4700162645-cong-ty-tnhh-hoang-tien","ID":0,"MaSoThue":"4700162645","NgayCap":"2008-10-06T00:00:00Z","Title":"Công Ty TNHH  Hoàng Tiến","DiaChiCongTy":"Tổ Khuổi Lặng - Xã Huyền Tụng - Thành Phố Bắc Cạn - Bắc Cạn","Created":"2015-11-09T18:53:46Z","Updated":"2015-11-09T18:53:46Z","IsDelete":false,"RequestChanged":false,"ExitsInGDT":false,"SourceID":0,"TinhThanhID":0,"TinhThanhTitle":"Bắc Cạn","TinhThanhTitleAscii":"/bac-can","QuanHuyenID":0,"NganhNgheTitle":"Bán buôn nhiên liệu rắn, lỏng, khí và các sản phẩm liên quan","NganhNgheTitleAscii":"/nganh-nghe/ban-buon-nhien-lieu-ran-long-khi-va-cac-san-pham-lien-quan","DSTags":["4700162645","Bắc Cạn",null]},{"Type":11,"SolrID":"/4700150801-cong-ty-co-phan-kim-phuong","ID":0,"MaSoThue":"4700150801","NgayCap":"2007-02-07T00:00:00Z","Title":"Công ty cổ phần Kim Phương","DiaChiCongTy":"Thôn Khuổi Thuổm, Xã Huyền Tụng - Thành Phố Bắc Cạn - Bắc Cạn","Created":"2015-11-14T03:09:22Z","Updated":"2015-11-14T03:09:22Z","IsDelete":false,"RequestChanged":false,"ExitsInGDT":false,"SourceID":0,"TinhThanhID":0,"TinhThanhTitle":"Bắc Cạn","TinhThanhTitleAscii":"/bac-can","QuanHuyenID":0,"NganhNgheTitle":"Khai thác quặng sắt","NganhNgheTitleAscii":"/nganh-nghe/khai-thac-quang-sat","DSTags":["4700150801","Bắc Cạn",null]},{"Type":11,"SolrID":"/4700150375-cong-ty-cp-xay-dung-thuy-loi-bac-kan","ID":0,"MaSoThue":"4700150375","NgayCap":"2006-09-27T00:00:00Z","Title":"Công Ty CP Xây Dựng Thuỷ Lợi Bắc Kạn","DiaChiCongTy":"Tổ Khuổi Thuổm - Xã Huyền Tụng - Thành Phố Bắc Cạn - Bắc Cạn","Created":"2015-11-10T00:24:10Z","Updated":"2015-11-10T00:24:10Z","IsDelete":false,"RequestChanged":false,"ExitsInGDT":false,"SourceID":0,"TinhThanhID":0,"TinhThanhTitle":"Bắc Cạn","TinhThanhTitleAscii":"/bac-can","QuanHuyenID":0,"NganhNgheTitle":"Xây dựng công trình kỹ thuật dân dụng","NganhNgheTitleAscii":"/nganh-nghe/xay-dung-cong-trinh-ky-thuat-dan-dung","DSTags":["4700150375","Bắc Cạn",null]},{"Type":11,"SolrID":"/4700130788-ubnd-xa-huyen-tung","ID":0,"MaSoThue":"4700130788","NgayCap":"2001-05-17T00:00:00Z","Title":"UBND xã Huyền Tụng","DiaChiCongTy":"Xã Huyền Tụng - Thành Phố Bắc Cạn - Bắc Cạn","Created":"2015-11-16T14:43:28Z","Updated":"2015-11-16T14:43:28Z","IsDelete":false,"RequestChanged":false,"ExitsInGDT":false,"SourceID":0,"TinhThanhID":0,"TinhThanhTitle":"Bắc Cạn","TinhThanhTitleAscii":"/bac-can","QuanHuyenID":0,"NganhNgheTitle":"Hoạt động dịch vụ tài chính khác chưa được phân vào đâu (trừ bảo hiểm và bảo hiểm xã hội)","NganhNgheTitleAscii":"/nganh-nghe/hoat-dong-dich-vu-tai-chinh-khac-chua-duoc-phan-vao-dau-tru-bao-hiem-va-bao-hiem-xa-hoi","DSTags":["4700130788","Bắc Cạn",null]}]}