{"ID":5852,"SolrID":"/bac-can/thanh-pho-bac-can/xa-xuat-hoa","Title":"Xã Xuất Hoá","TinhThanhTitle":"Bắc Cạn","QuanHuyenTitle":"Thành Phố Bắc Cạn","QuanHuyenID":145,"TinhThanhID":47,"Url":"https://thongtindoanhnghiep.co/api/company?l=/bac-can/thanh-pho-bac-can/xa-xuat-hoa","Total":29,"List":[{"Type":11,"SolrID":"/0900223288-028-chi-nhanh-cong-ty-tnhh-san-xuat-va-thuong-mai-tan-a-hung-yen-tai-tinh-bac-kan","ID":0,"MaSoThue":"0900223288-028","NgayCap":"2016-08-25T00:00:00Z","Title":"CHI NHáNH CôNG TY TNHH SảN XUấT Và THươNG MạI TâN á HưNG YêN TạI TỉNH BắC KạN","DiaChiCongTy":"Tổ Đoàn Kết - Xã Xuất Hoá - Thành Phố Bắc Cạn - Bắc Cạn","Created":"2016-08-29T14:37:03Z","Updated":"2016-09-10T14:59:47Z","IsDelete":false,"RequestChanged":false,"ExitsInGDT":false,"SourceID":0,"TinhThanhID":0,"TinhThanhTitle":"Bắc Cạn","TinhThanhTitleAscii":"/bac-can","QuanHuyenID":0,"DSTags":["0900223288-028","Bắc Cạn",null]},{"Type":11,"SolrID":"/4700262897-cong-ty-tnhh-tran-toan","ID":0,"MaSoThue":"4700262897","NgayCap":"2016-06-07T00:00:00Z","Title":"Công Ty TNHH Trần Toản","DiaChiCongTy":"Tổ Đoàn Kết - Xã Xuất Hoá - Thành Phố Bắc Cạn - Bắc Cạn","Created":"2016-06-13T12:39:54Z","Updated":"2016-06-13T12:39:54Z","IsDelete":false,"RequestChanged":false,"ExitsInGDT":false,"SourceID":0,"TinhThanhID":0,"TinhThanhTitle":"Bắc Cạn","TinhThanhTitleAscii":"/bac-can","QuanHuyenID":0,"NganhNgheTitle":"Rèn, dập, ép và cán kim loại; luyện bột kim loại","NganhNgheTitleAscii":"/nganh-nghe/ren-dap-ep-va-can-kim-loai-luyen-bot-kim-loai","DSTags":["4700262897","Bắc Cạn",null]},{"Type":11,"SolrID":"/4700249092-cong-ty-cp-san-xuat-che-bien-va-xuat-khau-lam-san-tracimexco","ID":0,"MaSoThue":"4700249092","NgayCap":"2014-05-15T00:00:00Z","Title":"Công Ty CP Sản Xuất, Chế Biến Và Xuất Khẩu Lâm Sản Tracimexco","DiaChiCongTy":"Km9 - Xã Xuất Hoá - Thành Phố Bắc Cạn - Bắc Cạn","Created":"2015-11-09T15:52:42Z","Updated":"2015-11-09T15:52:42Z","IsDelete":false,"RequestChanged":false,"ExitsInGDT":false,"SourceID":0,"TinhThanhID":0,"TinhThanhTitle":"Bắc Cạn","TinhThanhTitleAscii":"/bac-can","QuanHuyenID":0,"NganhNgheTitle":"Sản xuất sản phẩm khác từ gỗ; sản xuất sản phẩm từ tre, nứa, rơm, rạ và vật liệu tết bện","NganhNgheTitleAscii":"/nganh-nghe/san-xuat-san-pham-khac-tu-go-san-xuat-san-pham-tu-tre-nua-rom-ra-va-vat-lieu-tet-ben","DSTags":["4700249092","Bắc Cạn",null]},{"Type":11,"SolrID":"/2600224950-001-chi-nhanh-cong-ty-tnhh-dai-viet","ID":0,"MaSoThue":"2600224950-001","NgayCap":"2012-10-17T00:00:00Z","Title":"Chi Nhánh Công Ty TNHH Đài Việt","DiaChiCongTy":"Tổ Lủng Hoàn - Xã Xuất Hoá - Thành Phố Bắc Cạn - Bắc Cạn","Created":"2015-11-11T05:45:46Z","Updated":"2015-11-11T05:45:46Z","IsDelete":false,"RequestChanged":false,"ExitsInGDT":false,"SourceID":0,"TinhThanhID":0,"TinhThanhTitle":"Bắc Cạn","TinhThanhTitleAscii":"/bac-can","QuanHuyenID":0,"NganhNgheTitle":"Sản xuất sản phẩm khác từ gỗ; sản xuất sản phẩm từ tre, nứa, rơm, rạ và vật liệu tết bện","NganhNgheTitleAscii":"/nganh-nghe/san-xuat-san-pham-khac-tu-go-san-xuat-san-pham-tu-tre-nua-rom-ra-va-vat-lieu-tet-ben","DSTags":["2600224950-001","Bắc Cạn",null]},{"Type":11,"SolrID":"/4700236544-doi-thue-xa-xuat-hoa","ID":0,"MaSoThue":"4700236544","NgayCap":"2012-10-09T00:00:00Z","Title":"Đội thuế xã Xuất Hóa","DiaChiCongTy":"Xã Xuất Hóa - Thành Phố Bắc Cạn - Bắc Cạn","Created":"2015-11-16T09:50:24Z","Updated":"2015-11-16T09:50:24Z","IsDelete":false,"RequestChanged":false,"ExitsInGDT":false,"SourceID":0,"TinhThanhID":0,"TinhThanhTitle":"Bắc Cạn","TinhThanhTitleAscii":"/bac-can","QuanHuyenID":0,"NganhNgheTitle":"NÔNG NGHIỆP, LÂM NGHIỆP VÀ THUỶ SẢN","NganhNgheTitleAscii":"/nganh-nghe/nong-nghiep-lam-nghiep-va-thuy-san","DSTags":["4700236544","Bắc Cạn",null]},{"Type":11,"SolrID":"/4700233423-cong-ty-cp-quang-minh-finance","ID":0,"MaSoThue":"4700233423","NgayCap":"2012-06-26T00:00:00Z","Title":"Công Ty CP Quang Minh Finance","DiaChiCongTy":"Thôn Thác Giềng - Xã Xuất Hoá - Thành Phố Bắc Cạn - Bắc Cạn","Created":"2015-11-09T15:52:41Z","Updated":"2015-11-09T15:52:41Z","IsDelete":false,"RequestChanged":false,"ExitsInGDT":false,"SourceID":0,"TinhThanhID":0,"TinhThanhTitle":"Bắc Cạn","TinhThanhTitleAscii":"/bac-can","QuanHuyenID":0,"NganhNgheTitle":"Sản xuất tinh bột và các sản phẩm từ tinh bột","NganhNgheTitleAscii":"/nganh-nghe/san-xuat-tinh-bot-va-cac-san-pham-tu-tinh-bot","DSTags":["4700233423","Bắc Cạn",null]},{"Type":11,"SolrID":"/4700216259-cong-ty-tnhh-mot-thanh-vien-xnk-thanh-dat-bac-kan","ID":0,"MaSoThue":"4700216259","NgayCap":"2011-11-30T00:00:00Z","Title":"Công Ty TNHH Một Thành Viên Xnk Thành Đạt Bắc Kạn","DiaChiCongTy":"Tổ nhân dânTân Cư - Xã Xuất Hoá - Thành Phố Bắc Cạn - Bắc Cạn","Created":"2015-11-10T02:04:43Z","Updated":"2015-11-10T02:04:43Z","IsDelete":false,"RequestChanged":false,"ExitsInGDT":false,"SourceID":0,"TinhThanhID":0,"TinhThanhTitle":"Bắc Cạn","TinhThanhTitleAscii":"/bac-can","QuanHuyenID":0,"NganhNgheTitle":"Trồng rừng và chăm sóc rừng","NganhNgheTitleAscii":"/nganh-nghe/trong-rung-va-cham-soc-rung","DSTags":["4700216259","Bắc Cạn",null]},{"Type":11,"SolrID":"/0105029292-009-chi-nhanh-cong-ty-co-phan-xang-dau-dau-khi-ha-noi-tai-bac-kan","ID":0,"MaSoThue":"0105029292-009","NgayCap":"2011-01-12T00:00:00Z","Title":"Chi Nhánh Công Ty Cổ Phần Xăng Dầu Dầu Khí Hà Nội Tại Bắc Kạn","DiaChiCongTy":"Thôn Đoàn Kết - Xã Xuất Hoá - Thành Phố Bắc Cạn - Bắc Cạn","Created":"2015-11-10T02:05:27Z","Updated":"2015-11-10T02:05:27Z","IsDelete":false,"RequestChanged":false,"ExitsInGDT":false,"SourceID":0,"TinhThanhID":0,"TinhThanhTitle":"Bắc Cạn","TinhThanhTitleAscii":"/bac-can","QuanHuyenID":0,"NganhNgheTitle":"Bán buôn nhiên liệu rắn, lỏng, khí và các sản phẩm liên quan","NganhNgheTitleAscii":"/nganh-nghe/ban-buon-nhien-lieu-ran-long-khi-va-cac-san-pham-lien-quan","DSTags":["0105029292-009","Bắc Cạn",null]},{"Type":11,"SolrID":"/4700195457-cong-ty-cp-tu-van-xay-dung-11-5","ID":0,"MaSoThue":"4700195457","NgayCap":"2010-06-21T00:00:00Z","Title":"Công Ty CP Tư Vấn & Xây Dựng 11-5","DiaChiCongTy":"Thôn Thác Giềng - Xã Xuất Hoá - Thành Phố Bắc Cạn - Bắc Cạn","Created":"2015-11-09T23:57:10Z","Updated":"2015-11-09T23:57:10Z","IsDelete":false,"RequestChanged":false,"ExitsInGDT":false,"SourceID":0,"TinhThanhID":0,"TinhThanhTitle":"Bắc Cạn","TinhThanhTitleAscii":"/bac-can","QuanHuyenID":0,"NganhNgheTitle":"Xây dựng công trình kỹ thuật dân dụng khác","NganhNgheTitleAscii":"/nganh-nghe/xay-dung-cong-trinh-ky-thuat-dan-dung-khac","DSTags":["4700195457","Bắc Cạn",null]},{"Type":11,"SolrID":"/0305795054-038-chi-nhanh-tong-cong-ty-dau-viet-nam-cong-ty-tnhh-mot-thanh-vien-tai-bac-kan","ID":0,"MaSoThue":"0305795054-038","NgayCap":"2010-06-17T00:00:00Z","Title":"Chi nhánh Tổng Công ty dầu Việt Nam - Công ty TNHH một thành viên tại Bắc Kạn","DiaChiCongTy":"Thôn Đoàn Kết, xã Xuất Hóa - Thành Phố Bắc Cạn - Bắc Cạn","Created":"2015-11-18T16:24:56Z","Updated":"2015-11-18T16:24:56Z","IsDelete":false,"RequestChanged":false,"ExitsInGDT":false,"SourceID":0,"TinhThanhID":0,"TinhThanhTitle":"Bắc Cạn","TinhThanhTitleAscii":"/bac-can","QuanHuyenID":0,"NganhNgheTitle":"Bán buôn xăng dầu và các sản phẩm liên quan","NganhNgheTitleAscii":"/nganh-nghe/ban-buon-xang-dau-va-cac-san-pham-lien-quan","DSTags":["0305795054-038","Bắc Cạn",null]},{"Type":11,"SolrID":"/4700189189-cong-ty-co-phan-xi-mang-bac-kan-datc","ID":0,"MaSoThue":"4700189189","NgayCap":"2009-08-19T00:00:00Z","Title":"Công ty cổ phần xi măng Bắc Kạn - DATC","DiaChiCongTy":"Suối Viền, xã Xuất Hóa - Thành Phố Bắc Cạn - Bắc Cạn","Created":"2015-11-09T02:10:21Z","Updated":"2015-11-09T02:10:21Z","IsDelete":false,"RequestChanged":false,"ExitsInGDT":false,"SourceID":0,"TinhThanhID":0,"TinhThanhTitle":"Bắc Cạn","TinhThanhTitleAscii":"/bac-can","QuanHuyenID":0,"NganhNgheTitle":"Sản xuất xi măng, vôi và thạch cao","NganhNgheTitleAscii":"/nganh-nghe/san-xuat-xi-mang-voi-va-thach-cao","DSTags":["4700189189","Bắc Cạn",null]},{"Type":11,"SolrID":"/4700174217-doanh-nghiep-tu-nhan-tien-manh","ID":0,"MaSoThue":"4700174217","NgayCap":"2009-04-19T00:00:00Z","Title":"Doanh nghiệp tư nhân Tiến Mạnh","DiaChiCongTy":"Thôn Thác Giềng, xã Xuất Hoá - Thành Phố Bắc Cạn - Bắc Cạn","Created":"2015-11-17T01:59:25Z","Updated":"2015-11-17T01:59:25Z","IsDelete":false,"RequestChanged":false,"ExitsInGDT":false,"SourceID":0,"TinhThanhID":0,"TinhThanhTitle":"Bắc Cạn","TinhThanhTitleAscii":"/bac-can","QuanHuyenID":0,"NganhNgheTitle":"Bán lẻ hàng hóa khác trong các cửa hàng chuyên doanh","NganhNgheTitleAscii":"/nganh-nghe/ban-le-hang-hoa-khac-trong-cac-cua-hang-chuyen-doanh","DSTags":["4700174217","Bắc Cạn",null]},{"Type":11,"SolrID":"/4700174094-cong-ty-co-phan-bac-hoa","ID":0,"MaSoThue":"4700174094","NgayCap":"2009-04-15T00:00:00Z","Title":"Công ty cổ phần Bắc Hoà","DiaChiCongTy":"Thôn Tân Cư, Xã Xuất Hoá - Thành Phố Bắc Cạn - Bắc Cạn","Created":"2015-11-13T23:43:06Z","Updated":"2015-11-13T23:43:06Z","IsDelete":false,"RequestChanged":false,"ExitsInGDT":false,"SourceID":0,"TinhThanhID":0,"TinhThanhTitle":"Bắc Cạn","TinhThanhTitleAscii":"/bac-can","QuanHuyenID":0,"NganhNgheTitle":"Khai thác than cứng và than non","NganhNgheTitleAscii":"/nganh-nghe/khai-thac-than-cung-va-than-non","DSTags":["4700174094","Bắc Cạn",null]},{"Type":11,"SolrID":"/4700169030-trung-tam-chua-benh-gdldxh-bac-kan","ID":0,"MaSoThue":"4700169030","NgayCap":"2009-03-24T00:00:00Z","Title":"Trung tâm chữa bệnh- GDLĐXH Bắc Kạn","DiaChiCongTy":"Xã Xuất Hoá - Thành Phố Bắc Cạn - Bắc Cạn","Created":"2015-11-16T23:41:48Z","Updated":"2015-11-16T23:41:48Z","IsDelete":false,"RequestChanged":false,"ExitsInGDT":false,"SourceID":0,"TinhThanhID":0,"TinhThanhTitle":"Bắc Cạn","TinhThanhTitleAscii":"/bac-can","QuanHuyenID":0,"NganhNgheTitle":"Hoạt động quản lý nhà nước nói chung và kinh tế tổng hợp","NganhNgheTitleAscii":"/nganh-nghe/hoat-dong-quan-ly-nha-nuoc-noi-chung-va-kinh-te-tong-hop","DSTags":["4700169030","Bắc Cạn",null]},{"Type":11,"SolrID":"/4700164868-cong-ty-cp-an-hong-phuong","ID":0,"MaSoThue":"4700164868","NgayCap":"2009-02-14T00:00:00Z","Title":"Công Ty CP  An Hồng Phương","DiaChiCongTy":"Thôn Lũng Hoàn - Xã Xuất Hoá - Thành Phố Bắc Cạn - Bắc Cạn","Created":"2015-11-09T03:12:38Z","Updated":"2015-11-09T03:12:38Z","IsDelete":false,"RequestChanged":false,"ExitsInGDT":false,"SourceID":0,"TinhThanhID":0,"TinhThanhTitle":"Bắc Cạn","TinhThanhTitleAscii":"/bac-can","QuanHuyenID":0,"NganhNgheTitle":"Xây dựng nhà các loại","NganhNgheTitleAscii":"/nganh-nghe/xay-dung-nha-cac-loai","DSTags":["4700164868","Bắc Cạn",null]},{"Type":11,"SolrID":"/4700162532-cong-ty-trach-nhiem-huu-han-kinh-bac","ID":0,"MaSoThue":"4700162532","NgayCap":"2008-09-30T00:00:00Z","Title":"Công ty trách nhiệm hữu hạn Kinh Bắc","DiaChiCongTy":"Thôn Tân Cư, xã Xuất Hoá - Thành Phố Bắc Cạn - Bắc Cạn","Created":"2015-11-13T23:42:20Z","Updated":"2015-11-13T23:42:20Z","IsDelete":false,"RequestChanged":false,"ExitsInGDT":false,"SourceID":0,"TinhThanhID":0,"TinhThanhTitle":"Bắc Cạn","TinhThanhTitleAscii":"/bac-can","QuanHuyenID":0,"NganhNgheTitle":"Khai thác than cứng và than non","NganhNgheTitleAscii":"/nganh-nghe/khai-thac-than-cung-va-than-non","DSTags":["4700162532","Bắc Cạn",null]},{"Type":11,"SolrID":"/4700162518-cong-ty-tnhh-kinh-bac","ID":0,"MaSoThue":"4700162518","NgayCap":"2008-09-29T00:00:00Z","Title":"Công ty TNHH Kinh Bắc","DiaChiCongTy":"Thôn Tân Cư, Xã Xuất Hoá - Thành Phố Bắc Cạn - Bắc Cạn","Created":"2015-11-13T23:42:19Z","Updated":"2015-11-13T23:42:19Z","IsDelete":false,"RequestChanged":false,"ExitsInGDT":false,"SourceID":0,"TinhThanhID":0,"TinhThanhTitle":"Bắc Cạn","TinhThanhTitleAscii":"/bac-can","QuanHuyenID":0,"NganhNgheTitle":"Khai thác và thu gom than cứng","NganhNgheTitleAscii":"/nganh-nghe/khai-thac-va-thu-gom-than-cung","DSTags":["4700162518","Bắc Cạn",null]},{"Type":11,"SolrID":"/4800166805-001-chi-nhanh-hop-tac-xa-trong-rung-nguyen-lieu-va-che-bien-lam-san-cao-bang-tai-bac-kan","ID":0,"MaSoThue":"4800166805-001","NgayCap":"2008-08-04T00:00:00Z","Title":"Chi nhánh Hợp tác xã trồng rừng nguyên liệu và chế biến lâm sản Cao Bằng tại Bắc Kạn","DiaChiCongTy":"Thôn Đoàn Kết, xã Xuất Hoá - Thành Phố Bắc Cạn - Bắc Cạn","Created":"2015-11-19T03:23:05Z","Updated":"2015-11-19T03:23:05Z","IsDelete":false,"RequestChanged":false,"ExitsInGDT":false,"SourceID":0,"TinhThanhID":0,"TinhThanhTitle":"Bắc Cạn","TinhThanhTitleAscii":"/bac-can","QuanHuyenID":0,"NganhNgheTitle":"Sản xuất sản phẩm khác từ gỗ; sản xuất sản phẩm từ tre, nứa, rơm, rạ và vật liệu tết bện","NganhNgheTitleAscii":"/nganh-nghe/san-xuat-san-pham-khac-tu-go-san-xuat-san-pham-tu-tre-nua-rom-ra-va-vat-lieu-tet-ben","DSTags":["4800166805-001","Bắc Cạn",null]},{"Type":11,"SolrID":"/4700160510-cong-ty-trach-nhiem-huu-han-lam-tho-san-bac-kan","ID":0,"MaSoThue":"4700160510","NgayCap":"2008-04-04T00:00:00Z","Title":"Công Ty Trách Nhiệm Hữu Hạn Lâm Thổ Sản Bắc Kạn","DiaChiCongTy":"Thôn Tân Cư - Xã Xuất Hoá - Thành Phố Bắc Cạn - Bắc Cạn","Created":"2015-11-14T02:52:14Z","Updated":"2015-11-14T02:52:14Z","IsDelete":false,"RequestChanged":false,"ExitsInGDT":false,"SourceID":0,"TinhThanhID":0,"TinhThanhTitle":"Bắc Cạn","TinhThanhTitleAscii":"/bac-can","QuanHuyenID":0,"NganhNgheTitle":"Trồng cây hàng năm","NganhNgheTitleAscii":"/nganh-nghe/trong-cay-hang-nam","DSTags":["4700160510","Bắc Cạn",null]},{"Type":11,"SolrID":"/4700160292-cong-ty-tnhh-lam-son","ID":0,"MaSoThue":"4700160292","NgayCap":"2008-03-24T00:00:00Z","Title":"Công Ty TNHH Lâm Sơn","DiaChiCongTy":"Tổ Tân Cư - Xã Xuất Hoá - Thành Phố Bắc Cạn - Bắc Cạn","Created":"2015-11-09T03:11:17Z","Updated":"2015-11-09T03:11:17Z","IsDelete":false,"RequestChanged":false,"ExitsInGDT":false,"SourceID":0,"TinhThanhID":0,"TinhThanhTitle":"Bắc Cạn","TinhThanhTitleAscii":"/bac-can","QuanHuyenID":0,"NganhNgheTitle":"Cưa, xẻ và bào gỗ","NganhNgheTitleAscii":"/nganh-nghe/cua-xe-va-bao-go","DSTags":["4700160292","Bắc Cạn",null]},{"Type":11,"SolrID":"/4700146964-doanh-nghiep-tu-nhan-hoang-thanh","ID":0,"MaSoThue":"4700146964","NgayCap":"2005-03-22T00:00:00Z","Title":"Doanh Nghiệp Tư Nhân Hoàng Thành","DiaChiCongTy":"Bản Đồn II - Xã Xuất Hoá - Thành Phố Bắc Cạn - Bắc Cạn","Created":"2015-11-11T10:27:51Z","Updated":"2015-11-11T10:27:51Z","IsDelete":false,"RequestChanged":false,"ExitsInGDT":false,"SourceID":0,"TinhThanhID":0,"TinhThanhTitle":"Bắc Cạn","TinhThanhTitleAscii":"/bac-can","QuanHuyenID":0,"NganhNgheTitle":"Bán buôn nhiên liệu rắn, lỏng, khí và các sản phẩm liên quan","NganhNgheTitleAscii":"/nganh-nghe/ban-buon-nhien-lieu-ran-long-khi-va-cac-san-pham-lien-quan","DSTags":["4700146964","Bắc Cạn",null]},{"Type":11,"SolrID":"/4700144572-cong-ty-cp-khoang-san-na-ri-hamico","ID":0,"MaSoThue":"4700144572","NgayCap":"2004-03-10T00:00:00Z","Title":"Công Ty CP Khoáng Sản Na Rì Hamico","DiaChiCongTy":"Tổ Lũng Hoàn - Xã Xuất Hoá - Thành Phố Bắc Cạn - Bắc Cạn","Created":"2015-11-09T18:38:30Z","Updated":"2015-11-09T18:38:30Z","IsDelete":false,"RequestChanged":false,"ExitsInGDT":false,"SourceID":0,"TinhThanhID":0,"TinhThanhTitle":"Bắc Cạn","TinhThanhTitleAscii":"/bac-can","QuanHuyenID":0,"NganhNgheTitle":"Khai thác quặng sắt","NganhNgheTitleAscii":"/nganh-nghe/khai-thac-quang-sat","DSTags":["4700144572","Bắc Cạn",null]},{"Type":11,"SolrID":"/0300450289-022-nha-may-san-xuat-lap-rap-va-dong-moi-o-to-tra-las","ID":0,"MaSoThue":"0300450289-022","NgayCap":"2004-01-08T00:00:00Z","Title":"Nhà máy sản xuất lắp ráp và đóng mới ô tô  Tra - Las","DiaChiCongTy":"Km 9 Xã Xuất Hoá - Thành Phố Bắc Cạn - Bắc Cạn","Created":"2015-11-18T15:52:28Z","Updated":"2015-11-18T15:52:28Z","IsDelete":false,"RequestChanged":false,"ExitsInGDT":false,"SourceID":0,"TinhThanhID":0,"TinhThanhTitle":"Bắc Cạn","TinhThanhTitleAscii":"/bac-can","QuanHuyenID":0,"NganhNgheTitle":"Sản xuất thân xe có động cơ, rơ moóc và bán rơ moóc","NganhNgheTitleAscii":"/nganh-nghe/san-xuat-than-xe-co-dong-co-ro-mooc-va-ban-ro-mooc","DSTags":["0300450289-022","Bắc Cạn",null]},{"Type":11,"SolrID":"/4600338944-001-nha-may-xi-mang-bac-kan","ID":0,"MaSoThue":"4600338944-001","NgayCap":"2003-08-13T00:00:00Z","Title":"Nhà máy xi măng Bắc Kạn","DiaChiCongTy":"Xã Xuất Hoá - Thành Phố Bắc Cạn - Bắc Cạn","Created":"2015-11-19T03:50:57Z","Updated":"2015-11-19T03:50:57Z","IsDelete":false,"RequestChanged":false,"ExitsInGDT":false,"SourceID":0,"TinhThanhID":0,"TinhThanhTitle":"Bắc Cạn","TinhThanhTitleAscii":"/bac-can","QuanHuyenID":0,"NganhNgheTitle":"Xây dựng công trình kỹ thuật dân dụng","NganhNgheTitleAscii":"/nganh-nghe/xay-dung-cong-trinh-ky-thuat-dan-dung","DSTags":["4600338944-001","Bắc Cạn",null]},{"Type":11,"SolrID":"/4600307142-001-chi-nhanh-cong-ty-co-phan-lam-sinh","ID":0,"MaSoThue":"4600307142-001","NgayCap":"2003-06-20T00:00:00Z","Title":"Chi nhánh công ty cổ phần Lâm Sinh","DiaChiCongTy":"Km 9 xã Xuất Hoá - Thành Phố Bắc Cạn - Bắc Cạn","Created":"2015-11-19T03:50:54Z","Updated":"2015-11-19T03:50:54Z","IsDelete":false,"RequestChanged":false,"ExitsInGDT":false,"SourceID":0,"TinhThanhID":0,"TinhThanhTitle":"Bắc Cạn","TinhThanhTitleAscii":"/bac-can","QuanHuyenID":0,"NganhNgheTitle":"Xây dựng công trình kỹ thuật dân dụng","NganhNgheTitleAscii":"/nganh-nghe/xay-dung-cong-trinh-ky-thuat-dan-dung","DSTags":["4600307142-001","Bắc Cạn",null]},{"Type":11,"SolrID":"/4600275204-002-nha-may-xi-mang-bac-kan","ID":0,"MaSoThue":"4600275204-002","NgayCap":"2003-04-16T00:00:00Z","Title":"Nhà máy xi măng Bắc Kạn","DiaChiCongTy":"Suối viền xã Xuất Hoá - Thành Phố Bắc Cạn - Bắc Cạn","Created":"2015-11-19T04:13:21Z","Updated":"2015-11-19T04:13:21Z","IsDelete":false,"RequestChanged":false,"ExitsInGDT":false,"SourceID":0,"TinhThanhID":0,"TinhThanhTitle":"Bắc Cạn","TinhThanhTitleAscii":"/bac-can","QuanHuyenID":0,"NganhNgheTitle":"Sản xuất xi măng, vôi và thạch cao","NganhNgheTitleAscii":"/nganh-nghe/san-xuat-xi-mang-voi-va-thach-cao","DSTags":["4600275204-002","Bắc Cạn",null]},{"Type":11,"SolrID":"/0101207272-001-nha-may-che-bien-tinh-bot-san-bac-kan","ID":0,"MaSoThue":"0101207272-001","NgayCap":"2003-03-06T00:00:00Z","Title":"Nhà máy chế  biến tinh bột sắn Bắc Kạn","DiaChiCongTy":"Thôn thác giềng xã Xuất Hoá - Thành Phố Bắc Cạn - Bắc Cạn","Created":"2015-11-19T00:17:23Z","Updated":"2015-11-19T00:17:23Z","IsDelete":false,"RequestChanged":false,"ExitsInGDT":false,"SourceID":0,"TinhThanhID":0,"TinhThanhTitle":"Bắc Cạn","TinhThanhTitleAscii":"/bac-can","QuanHuyenID":0,"NganhNgheTitle":"Sản xuất tinh bột và các sản phẩm từ tinh bột","NganhNgheTitleAscii":"/nganh-nghe/san-xuat-tinh-bot-va-cac-san-pham-tu-tinh-bot","DSTags":["0101207272-001","Bắc Cạn",null]},{"Type":11,"SolrID":"/4600307142-cong-ty-tnhh-phuc-luan","ID":0,"MaSoThue":"4600307142","NgayCap":"2003-01-24T00:00:00Z","Title":"Công Ty TNHH Phúc Luân","DiaChiCongTy":"Km 9 - Xã Xuất Hoá - Thành Phố Bắc Cạn - Bắc Cạn","Created":"2015-11-10T02:04:37Z","Updated":"2015-11-10T02:04:37Z","IsDelete":false,"RequestChanged":false,"ExitsInGDT":false,"SourceID":0,"TinhThanhID":0,"TinhThanhTitle":"Bắc Cạn","TinhThanhTitleAscii":"/bac-can","QuanHuyenID":0,"NganhNgheTitle":"Xây dựng công trình kỹ thuật dân dụng","NganhNgheTitleAscii":"/nganh-nghe/xay-dung-cong-trinh-ky-thuat-dan-dung","DSTags":["4600307142","Bắc Cạn",null]},{"Type":11,"SolrID":"/4700127746-ubnd-xa-xuat-hoa","ID":0,"MaSoThue":"4700127746","NgayCap":"2000-08-20T00:00:00Z","Title":"UBND Xã Xuất Hoá","DiaChiCongTy":"Xã Xuất Hoá - Thành Phố Bắc Cạn - Bắc Cạn","Created":"2015-11-16T05:38:15Z","Updated":"2015-11-16T05:38:15Z","IsDelete":false,"RequestChanged":false,"ExitsInGDT":false,"SourceID":0,"TinhThanhID":0,"TinhThanhTitle":"Bắc Cạn","TinhThanhTitleAscii":"/bac-can","QuanHuyenID":0,"NganhNgheTitle":"Hoạt động dịch vụ tài chính khác chưa được phân vào đâu (trừ bảo hiểm và bảo hiểm xã hội)","NganhNgheTitleAscii":"/nganh-nghe/hoat-dong-dich-vu-tai-chinh-khac-chua-duoc-phan-vao-dau-tru-bao-hiem-va-bao-hiem-xa-hoi","DSTags":["4700127746","Bắc Cạn",null]}]}