{"ID":12174,"SolrID":"/bac-can/huyen-cho-don/chua-ro","Title":"Chưa rõ","TinhThanhTitle":"Bắc Cạn","QuanHuyenTitle":"Huyện Chợ Đồn","QuanHuyenID":708,"TinhThanhID":47,"Url":"https://thongtindoanhnghiep.co/api/company?l=/bac-can/huyen-cho-don/chua-ro","Total":50,"List":[{"Type":11,"SolrID":"/4700256276-doi-thue-dong-nam","ID":0,"MaSoThue":"4700256276","NgayCap":"2015-01-28T00:00:00Z","Title":"Đội Thuế Đông Nam","DiaChiCongTy":"Tổ 2A - Huyện Chợ Đồn - Bắc Cạn","Created":"2015-11-15T19:26:03Z","Updated":"2015-11-15T19:26:03Z","IsDelete":false,"RequestChanged":false,"ExitsInGDT":false,"SourceID":0,"TinhThanhID":0,"TinhThanhTitle":"Bắc Cạn","TinhThanhTitleAscii":"/bac-can","QuanHuyenID":0,"NganhNgheTitle":"Nông nghiệp và hoạt động dịch vụ có liên quan","NganhNgheTitleAscii":"/nganh-nghe/nong-nghiep-va-hoat-dong-dich-vu-co-lien-quan","DSTags":["4700256276","Bắc Cạn",null]},{"Type":11,"SolrID":"/4700256029-cong-ty-tnhh-mot-thanh-vien-nga-thanh","ID":0,"MaSoThue":"4700256029","NgayCap":"2015-01-26T00:00:00Z","Title":"Công Ty TNHH Một Thành Viên Nga Thành","DiaChiCongTy":"Tổ 11B - Huyện Chợ Đồn - Bắc Cạn","Created":"2015-11-15T19:55:37Z","Updated":"2015-11-15T19:55:37Z","IsDelete":false,"RequestChanged":false,"ExitsInGDT":false,"SourceID":0,"TinhThanhID":0,"TinhThanhTitle":"Bắc Cạn","TinhThanhTitleAscii":"/bac-can","QuanHuyenID":0,"NganhNgheTitle":"Bán mô tô, xe máy","NganhNgheTitleAscii":"/nganh-nghe/ban-mo-to-xe-may","DSTags":["4700256029","Bắc Cạn",null]},{"Type":11,"SolrID":"/4700255963-doanh-nghiep-tu-nhan-hoa-kim-bac-kan","ID":0,"MaSoThue":"4700255963","NgayCap":"2015-01-23T00:00:00Z","Title":"Doanh Nghiệp Tư Nhân  Hoa Kim Bắc Kạn","DiaChiCongTy":"Thôn Nà Đao - Huyện Chợ Đồn - Bắc Cạn","Created":"2015-11-15T19:54:47Z","Updated":"2015-11-15T19:54:47Z","IsDelete":false,"RequestChanged":false,"ExitsInGDT":false,"SourceID":0,"TinhThanhID":0,"TinhThanhTitle":"Bắc Cạn","TinhThanhTitleAscii":"/bac-can","QuanHuyenID":0,"NganhNgheTitle":"Vận tải hành khách đường bộ trong nội thành, ngoại thành (trừ vận tải bằng xe buýt)","NganhNgheTitleAscii":"/nganh-nghe/van-tai-hanh-khach-duong-bo-trong-noi-thanh-ngoai-thanh-tru-van-tai-bang-xe-buyt","DSTags":["4700255963","Bắc Cạn",null]},{"Type":11,"SolrID":"/4700254536-co-so-huong-sinh-3","ID":0,"MaSoThue":"4700254536","NgayCap":"2014-12-15T00:00:00Z","Title":"Cơ Sở HươNG SìNH 3","DiaChiCongTy":"Tổ 14B - Huyện Chợ Đồn - Bắc Cạn","Created":"2015-11-14T16:21:00Z","Updated":"2015-11-14T16:21:00Z","IsDelete":false,"RequestChanged":false,"ExitsInGDT":false,"SourceID":0,"TinhThanhID":0,"TinhThanhTitle":"Bắc Cạn","TinhThanhTitleAscii":"/bac-can","QuanHuyenID":0,"NganhNgheTitle":"Bán lẻ trong các cửa hàng kinh doanh tổng hợp","NganhNgheTitleAscii":"/nganh-nghe/ban-le-trong-cac-cua-hang-kinh-doanh-tong-hop","DSTags":["4700254536","Bắc Cạn",null]},{"Type":11,"SolrID":"/4700253821-phong-noi-vu-huyen-cho-don","ID":0,"MaSoThue":"4700253821","NgayCap":"2014-10-17T00:00:00Z","Title":"PHòNG NộI Vụ HUYệN CHợ ĐồN","DiaChiCongTy":"Tổ 2B - Huyện Chợ Đồn - Bắc Cạn","Created":"2015-11-15T09:46:18Z","Updated":"2015-11-15T09:46:18Z","IsDelete":false,"RequestChanged":false,"ExitsInGDT":false,"SourceID":0,"TinhThanhID":0,"TinhThanhTitle":"Bắc Cạn","TinhThanhTitleAscii":"/bac-can","QuanHuyenID":0,"NganhNgheTitle":"Hoạt động của các tổ chức khác","NganhNgheTitleAscii":"/nganh-nghe/hoat-dong-cua-cac-to-chuc-khac","DSTags":["4700253821","Bắc Cạn",null]},{"Type":11,"SolrID":"/4700252930-uy-ban-mttq-huyen-cho-don","ID":0,"MaSoThue":"4700252930","NgayCap":"2014-07-14T00:00:00Z","Title":"ủY BAN MTTQ HUYệN CHợ ĐồN","DiaChiCongTy":"Tổ 2B - Huyện Chợ Đồn - Bắc Cạn","Created":"2015-11-15T10:14:40Z","Updated":"2015-11-15T10:14:40Z","IsDelete":false,"RequestChanged":false,"ExitsInGDT":false,"SourceID":0,"TinhThanhID":0,"TinhThanhTitle":"Bắc Cạn","TinhThanhTitleAscii":"/bac-can","QuanHuyenID":0,"NganhNgheTitle":"NÔNG NGHIỆP, LÂM NGHIỆP VÀ THUỶ SẢN","NganhNgheTitleAscii":"/nganh-nghe/nong-nghiep-lam-nghiep-va-thuy-san","DSTags":["4700252930","Bắc Cạn",null]},{"Type":11,"SolrID":"/4700252987-hoi-nong-dan-huyen-cho-don","ID":0,"MaSoThue":"4700252987","NgayCap":"2014-07-14T00:00:00Z","Title":"HộI NôNG DâN HUYệN CHợ ĐồN","DiaChiCongTy":"Tổ 2B - Huyện Chợ Đồn - Bắc Cạn","Created":"2015-11-15T10:14:47Z","Updated":"2015-11-15T10:14:47Z","IsDelete":false,"RequestChanged":false,"ExitsInGDT":false,"SourceID":0,"TinhThanhID":0,"TinhThanhTitle":"Bắc Cạn","TinhThanhTitleAscii":"/bac-can","QuanHuyenID":0,"NganhNgheTitle":"NÔNG NGHIỆP, LÂM NGHIỆP VÀ THUỶ SẢN","NganhNgheTitleAscii":"/nganh-nghe/nong-nghiep-lam-nghiep-va-thuy-san","DSTags":["4700252987","Bắc Cạn",null]},{"Type":11,"SolrID":"/4700252955-hoi-cuu-chien-binh-huyen-cho-don","ID":0,"MaSoThue":"4700252955","NgayCap":"2014-07-14T00:00:00Z","Title":"HộI CựU CHIếN BINH HUYệN CHợ ĐồN","DiaChiCongTy":"Tổ 2B - Huyện Chợ Đồn - Bắc Cạn","Created":"2015-11-15T10:14:48Z","Updated":"2015-11-15T10:14:48Z","IsDelete":false,"RequestChanged":false,"ExitsInGDT":false,"SourceID":0,"TinhThanhID":0,"TinhThanhTitle":"Bắc Cạn","TinhThanhTitleAscii":"/bac-can","QuanHuyenID":0,"NganhNgheTitle":"NÔNG NGHIỆP, LÂM NGHIỆP VÀ THUỶ SẢN","NganhNgheTitleAscii":"/nganh-nghe/nong-nghiep-lam-nghiep-va-thuy-san","DSTags":["4700252955","Bắc Cạn",null]},{"Type":11,"SolrID":"/4700252948-hoi-lien-hiep-phu-nu-huyen-cho-don","ID":0,"MaSoThue":"4700252948","NgayCap":"2014-07-14T00:00:00Z","Title":"HộI LIêN HIệP PHụ Nữ HUYệN CHợ ĐồN","DiaChiCongTy":"Tổ 2B - Huyện Chợ Đồn - Bắc Cạn","Created":"2015-11-15T10:14:50Z","Updated":"2015-11-15T10:14:50Z","IsDelete":false,"RequestChanged":false,"ExitsInGDT":false,"SourceID":0,"TinhThanhID":0,"TinhThanhTitle":"Bắc Cạn","TinhThanhTitleAscii":"/bac-can","QuanHuyenID":0,"NganhNgheTitle":"NÔNG NGHIỆP, LÂM NGHIỆP VÀ THUỶ SẢN","NganhNgheTitleAscii":"/nganh-nghe/nong-nghiep-lam-nghiep-va-thuy-san","DSTags":["4700252948","Bắc Cạn",null]},{"Type":11,"SolrID":"/4700252962-huyen-doan-huyen-cho-don","ID":0,"MaSoThue":"4700252962","NgayCap":"2014-07-14T00:00:00Z","Title":"HUYệN ĐOàN HUYệN CHợ ĐồN","DiaChiCongTy":"Tổ 2B - Huyện Chợ Đồn - Bắc Cạn","Created":"2015-11-15T10:14:51Z","Updated":"2015-11-15T10:14:51Z","IsDelete":false,"RequestChanged":false,"ExitsInGDT":false,"SourceID":0,"TinhThanhID":0,"TinhThanhTitle":"Bắc Cạn","TinhThanhTitleAscii":"/bac-can","QuanHuyenID":0,"NganhNgheTitle":"NÔNG NGHIỆP, LÂM NGHIỆP VÀ THUỶ SẢN","NganhNgheTitleAscii":"/nganh-nghe/nong-nghiep-lam-nghiep-va-thuy-san","DSTags":["4700252962","Bắc Cạn",null]},{"Type":11,"SolrID":"/4700252923-lien-doan-lao-dong-huyen-cho-don","ID":0,"MaSoThue":"4700252923","NgayCap":"2014-07-14T00:00:00Z","Title":"LIêN ĐOàN LAO ĐộNG HUYệN CHợ ĐồN","DiaChiCongTy":"Tổ 2b - Huyện Chợ Đồn - Bắc Cạn","Created":"2015-11-15T10:14:52Z","Updated":"2015-11-15T10:14:52Z","IsDelete":false,"RequestChanged":false,"ExitsInGDT":false,"SourceID":0,"TinhThanhID":0,"TinhThanhTitle":"Bắc Cạn","TinhThanhTitleAscii":"/bac-can","QuanHuyenID":0,"NganhNgheTitle":"NÔNG NGHIỆP, LÂM NGHIỆP VÀ THUỶ SẢN","NganhNgheTitleAscii":"/nganh-nghe/nong-nghiep-lam-nghiep-va-thuy-san","DSTags":["4700252923","Bắc Cạn",null]},{"Type":11,"SolrID":"/4700250757-truong-tieu-hoc-phong-huan","ID":0,"MaSoThue":"4700250757","NgayCap":"2014-06-09T00:00:00Z","Title":"TRườNG TIểU HọC PHONG HUâN","DiaChiCongTy":"Pác Cộp - Huyện Chợ Đồn - Bắc Cạn","Created":"2015-11-15T10:18:42Z","Updated":"2015-11-15T10:18:42Z","IsDelete":false,"RequestChanged":false,"ExitsInGDT":false,"SourceID":0,"TinhThanhID":0,"TinhThanhTitle":"Bắc Cạn","TinhThanhTitleAscii":"/bac-can","QuanHuyenID":0,"NganhNgheTitle":"NÔNG NGHIỆP, LÂM NGHIỆP VÀ THUỶ SẢN","NganhNgheTitleAscii":"/nganh-nghe/nong-nghiep-lam-nghiep-va-thuy-san","DSTags":["4700250757","Bắc Cạn",null]},{"Type":11,"SolrID":"/4700250725-truong-mam-non-bang-lang","ID":0,"MaSoThue":"4700250725","NgayCap":"2014-06-09T00:00:00Z","Title":"TRườNG MầM NON BằNG LãNG","DiaChiCongTy":"Tủm Tó - Huyện Chợ Đồn - Bắc Cạn","Created":"2015-11-15T10:18:43Z","Updated":"2015-11-15T10:18:43Z","IsDelete":false,"RequestChanged":false,"ExitsInGDT":false,"SourceID":0,"TinhThanhID":0,"TinhThanhTitle":"Bắc Cạn","TinhThanhTitleAscii":"/bac-can","QuanHuyenID":0,"NganhNgheTitle":"NÔNG NGHIỆP, LÂM NGHIỆP VÀ THUỶ SẢN","NganhNgheTitleAscii":"/nganh-nghe/nong-nghiep-lam-nghiep-va-thuy-san","DSTags":["4700250725","Bắc Cạn",null]},{"Type":11,"SolrID":"/4700250732-truong-mam-non-phong-huan","ID":0,"MaSoThue":"4700250732","NgayCap":"2014-06-09T00:00:00Z","Title":"TRườNG MầM NON PHONG HUâN","DiaChiCongTy":"Pắc Cộp - Huyện Chợ Đồn - Bắc Cạn","Created":"2015-11-15T10:18:44Z","Updated":"2015-11-15T10:18:44Z","IsDelete":false,"RequestChanged":false,"ExitsInGDT":false,"SourceID":0,"TinhThanhID":0,"TinhThanhTitle":"Bắc Cạn","TinhThanhTitleAscii":"/bac-can","QuanHuyenID":0,"NganhNgheTitle":"NÔNG NGHIỆP, LÂM NGHIỆP VÀ THUỶ SẢN","NganhNgheTitleAscii":"/nganh-nghe/nong-nghiep-lam-nghiep-va-thuy-san","DSTags":["4700250732","Bắc Cạn",null]},{"Type":11,"SolrID":"/4700250764-truong-tieu-hoc-bang-lang","ID":0,"MaSoThue":"4700250764","NgayCap":"2014-06-09T00:00:00Z","Title":"TRườNG TIểU HọC BằNG LãNG","DiaChiCongTy":"Tủm Tó - Huyện Chợ Đồn - Bắc Cạn","Created":"2015-11-15T10:18:44Z","Updated":"2015-11-15T10:18:44Z","IsDelete":false,"RequestChanged":false,"ExitsInGDT":false,"SourceID":0,"TinhThanhID":0,"TinhThanhTitle":"Bắc Cạn","TinhThanhTitleAscii":"/bac-can","QuanHuyenID":0,"NganhNgheTitle":"NÔNG NGHIỆP, LÂM NGHIỆP VÀ THUỶ SẢN","NganhNgheTitleAscii":"/nganh-nghe/nong-nghiep-lam-nghiep-va-thuy-san","DSTags":["4700250764","Bắc Cạn",null]},{"Type":11,"SolrID":"/4700249141-truong-trung-hoc-co-so-xuan-lac","ID":0,"MaSoThue":"4700249141","NgayCap":"2014-05-19T00:00:00Z","Title":"TRườNG TRUNG HọC Cơ Sở XUâN LạC","DiaChiCongTy":"Bản ó - Huyện Chợ Đồn - Bắc Cạn","Created":"2015-11-15T10:20:19Z","Updated":"2015-11-15T10:20:19Z","IsDelete":false,"RequestChanged":false,"ExitsInGDT":false,"SourceID":0,"TinhThanhID":0,"TinhThanhTitle":"Bắc Cạn","TinhThanhTitleAscii":"/bac-can","QuanHuyenID":0,"NganhNgheTitle":"NÔNG NGHIỆP, LÂM NGHIỆP VÀ THUỶ SẢN","NganhNgheTitleAscii":"/nganh-nghe/nong-nghiep-lam-nghiep-va-thuy-san","DSTags":["4700249141","Bắc Cạn",null]},{"Type":11,"SolrID":"/4700249127-truong-mam-non-xuan-lac","ID":0,"MaSoThue":"4700249127","NgayCap":"2014-05-19T00:00:00Z","Title":"TRườNG MầM NON XUâN LạC","DiaChiCongTy":"Bản ó - Huyện Chợ Đồn - Bắc Cạn","Created":"2015-11-15T10:20:20Z","Updated":"2015-11-15T10:20:20Z","IsDelete":false,"RequestChanged":false,"ExitsInGDT":false,"SourceID":0,"TinhThanhID":0,"TinhThanhTitle":"Bắc Cạn","TinhThanhTitleAscii":"/bac-can","QuanHuyenID":0,"NganhNgheTitle":"NÔNG NGHIỆP, LÂM NGHIỆP VÀ THUỶ SẢN","NganhNgheTitleAscii":"/nganh-nghe/nong-nghiep-lam-nghiep-va-thuy-san","DSTags":["4700249127","Bắc Cạn",null]},{"Type":11,"SolrID":"/4700249134-truong-tieu-hoc-xuan-lac","ID":0,"MaSoThue":"4700249134","NgayCap":"2014-05-19T00:00:00Z","Title":"TRườNG TIểU HọC XUâN LạC","DiaChiCongTy":"Bản ó - Huyện Chợ Đồn - Bắc Cạn","Created":"2015-11-15T10:20:20Z","Updated":"2015-11-15T10:20:20Z","IsDelete":false,"RequestChanged":false,"ExitsInGDT":false,"SourceID":0,"TinhThanhID":0,"TinhThanhTitle":"Bắc Cạn","TinhThanhTitleAscii":"/bac-can","QuanHuyenID":0,"NganhNgheTitle":"NÔNG NGHIỆP, LÂM NGHIỆP VÀ THUỶ SẢN","NganhNgheTitleAscii":"/nganh-nghe/nong-nghiep-lam-nghiep-va-thuy-san","DSTags":["4700249134","Bắc Cạn",null]},{"Type":11,"SolrID":"/4700248596-truong-mam-non-ra-ban","ID":0,"MaSoThue":"4700248596","NgayCap":"2014-03-24T00:00:00Z","Title":"TRườNG MầM NON Rã BảN","DiaChiCongTy":"Nà Tải - Huyện Chợ Đồn - Bắc Cạn","Created":"2015-11-15T10:26:13Z","Updated":"2015-11-15T10:26:13Z","IsDelete":false,"RequestChanged":false,"ExitsInGDT":false,"SourceID":0,"TinhThanhID":0,"TinhThanhTitle":"Bắc Cạn","TinhThanhTitleAscii":"/bac-can","QuanHuyenID":0,"NganhNgheTitle":"NÔNG NGHIỆP, LÂM NGHIỆP VÀ THUỶ SẢN","NganhNgheTitleAscii":"/nganh-nghe/nong-nghiep-lam-nghiep-va-thuy-san","DSTags":["4700248596","Bắc Cạn",null]},{"Type":11,"SolrID":"/4700248606-truong-tieu-hoc-ra-ban","ID":0,"MaSoThue":"4700248606","NgayCap":"2014-03-24T00:00:00Z","Title":"TRườNG TIểU HọC Rã BảN","DiaChiCongTy":"Nà Tải - Huyện Chợ Đồn - Bắc Cạn","Created":"2015-11-15T10:26:15Z","Updated":"2015-11-15T10:26:15Z","IsDelete":false,"RequestChanged":false,"ExitsInGDT":false,"SourceID":0,"TinhThanhID":0,"TinhThanhTitle":"Bắc Cạn","TinhThanhTitleAscii":"/bac-can","QuanHuyenID":0,"NganhNgheTitle":"NÔNG NGHIỆP, LÂM NGHIỆP VÀ THUỶ SẢN","NganhNgheTitleAscii":"/nganh-nghe/nong-nghiep-lam-nghiep-va-thuy-san","DSTags":["4700248606","Bắc Cạn",null]},{"Type":11,"SolrID":"/4700248437-truong-trung-hoc-co-so-nam-cuong","ID":0,"MaSoThue":"4700248437","NgayCap":"2014-03-13T00:00:00Z","Title":"TRườNG TRUNG HọC Cơ Sở NAM CườNG","DiaChiCongTy":"Bản Mới - Huyện Chợ Đồn - Bắc Cạn","Created":"2015-11-15T10:27:19Z","Updated":"2015-11-15T10:27:19Z","IsDelete":false,"RequestChanged":false,"ExitsInGDT":false,"SourceID":0,"TinhThanhID":0,"TinhThanhTitle":"Bắc Cạn","TinhThanhTitleAscii":"/bac-can","QuanHuyenID":0,"NganhNgheTitle":"NÔNG NGHIỆP, LÂM NGHIỆP VÀ THUỶ SẢN","NganhNgheTitleAscii":"/nganh-nghe/nong-nghiep-lam-nghiep-va-thuy-san","DSTags":["4700248437","Bắc Cạn",null]},{"Type":11,"SolrID":"/4700248412-truong-tieu-hoc-ban-thi","ID":0,"MaSoThue":"4700248412","NgayCap":"2014-03-13T00:00:00Z","Title":"TRườNG TIểU HọC BảN THI","DiaChiCongTy":"Hợp Tiến - Huyện Chợ Đồn - Bắc Cạn","Created":"2015-11-15T10:27:21Z","Updated":"2015-11-15T10:27:21Z","IsDelete":false,"RequestChanged":false,"ExitsInGDT":false,"SourceID":0,"TinhThanhID":0,"TinhThanhTitle":"Bắc Cạn","TinhThanhTitleAscii":"/bac-can","QuanHuyenID":0,"NganhNgheTitle":"NÔNG NGHIỆP, LÂM NGHIỆP VÀ THUỶ SẢN","NganhNgheTitleAscii":"/nganh-nghe/nong-nghiep-lam-nghiep-va-thuy-san","DSTags":["4700248412","Bắc Cạn",null]},{"Type":11,"SolrID":"/4700248405-truong-trung-hoc-co-so-dong-lac","ID":0,"MaSoThue":"4700248405","NgayCap":"2014-03-13T00:00:00Z","Title":"TRườNG TRUNG HọC Cơ Sở ĐồNG LạC","DiaChiCongTy":"Nà Pha - Huyện Chợ Đồn - Bắc Cạn","Created":"2015-11-15T10:27:25Z","Updated":"2015-11-15T10:27:25Z","IsDelete":false,"RequestChanged":false,"ExitsInGDT":false,"SourceID":0,"TinhThanhID":0,"TinhThanhTitle":"Bắc Cạn","TinhThanhTitleAscii":"/bac-can","QuanHuyenID":0,"NganhNgheTitle":"NÔNG NGHIỆP, LÂM NGHIỆP VÀ THUỶ SẢN","NganhNgheTitleAscii":"/nganh-nghe/nong-nghiep-lam-nghiep-va-thuy-san","DSTags":["4700248405","Bắc Cạn",null]},{"Type":11,"SolrID":"/4700248395-truong-tieu-hoc-dong-lac","ID":0,"MaSoThue":"4700248395","NgayCap":"2014-03-13T00:00:00Z","Title":"TRườNG TIểU HọC ĐồNG LạC","DiaChiCongTy":"Nà Pha - Huyện Chợ Đồn - Bắc Cạn","Created":"2015-11-15T10:27:26Z","Updated":"2015-11-15T10:27:26Z","IsDelete":false,"RequestChanged":false,"ExitsInGDT":false,"SourceID":0,"TinhThanhID":0,"TinhThanhTitle":"Bắc Cạn","TinhThanhTitleAscii":"/bac-can","QuanHuyenID":0,"NganhNgheTitle":"NÔNG NGHIỆP, LÂM NGHIỆP VÀ THUỶ SẢN","NganhNgheTitleAscii":"/nganh-nghe/nong-nghiep-lam-nghiep-va-thuy-san","DSTags":["4700248395","Bắc Cạn",null]},{"Type":11,"SolrID":"/4700248444-truong-mam-non-nam-cuong","ID":0,"MaSoThue":"4700248444","NgayCap":"2014-03-13T00:00:00Z","Title":"TRườNG MầM NON NAM CườNG","DiaChiCongTy":"Bản Mới - Huyện Chợ Đồn - Bắc Cạn","Created":"2015-11-15T10:27:26Z","Updated":"2015-11-15T10:27:26Z","IsDelete":false,"RequestChanged":false,"ExitsInGDT":false,"SourceID":0,"TinhThanhID":0,"TinhThanhTitle":"Bắc Cạn","TinhThanhTitleAscii":"/bac-can","QuanHuyenID":0,"NganhNgheTitle":"NÔNG NGHIỆP, LÂM NGHIỆP VÀ THUỶ SẢN","NganhNgheTitleAscii":"/nganh-nghe/nong-nghiep-lam-nghiep-va-thuy-san","DSTags":["4700248444","Bắc Cạn",null]},{"Type":11,"SolrID":"/4700248451-truong-tieu-hoc-nam-cuong","ID":0,"MaSoThue":"4700248451","NgayCap":"2014-03-13T00:00:00Z","Title":"TRườNG TIểU HọC NAM CườNG","DiaChiCongTy":"Bản Mới - Huyện Chợ Đồn - Bắc Cạn","Created":"2015-11-15T10:27:27Z","Updated":"2015-11-15T10:27:27Z","IsDelete":false,"RequestChanged":false,"ExitsInGDT":false,"SourceID":0,"TinhThanhID":0,"TinhThanhTitle":"Bắc Cạn","TinhThanhTitleAscii":"/bac-can","QuanHuyenID":0,"NganhNgheTitle":"NÔNG NGHIỆP, LÂM NGHIỆP VÀ THUỶ SẢN","NganhNgheTitleAscii":"/nganh-nghe/nong-nghiep-lam-nghiep-va-thuy-san","DSTags":["4700248451","Bắc Cạn",null]},{"Type":11,"SolrID":"/4700248317-truong-mam-non-yen-thuong","ID":0,"MaSoThue":"4700248317","NgayCap":"2014-03-04T00:00:00Z","Title":"TRườNG MầM NON YêN THượNG","DiaChiCongTy":"Che Ngù - Huyện Chợ Đồn - Bắc Cạn","Created":"2015-11-15T10:28:48Z","Updated":"2015-11-15T10:28:48Z","IsDelete":false,"RequestChanged":false,"ExitsInGDT":false,"SourceID":0,"TinhThanhID":0,"TinhThanhTitle":"Bắc Cạn","TinhThanhTitleAscii":"/bac-can","QuanHuyenID":0,"NganhNgheTitle":"NÔNG NGHIỆP, LÂM NGHIỆP VÀ THUỶ SẢN","NganhNgheTitleAscii":"/nganh-nghe/nong-nghiep-lam-nghiep-va-thuy-san","DSTags":["4700248317","Bắc Cạn",null]},{"Type":11,"SolrID":"/4700248324-truong-tieu-hoc-yen-thuong","ID":0,"MaSoThue":"4700248324","NgayCap":"2014-03-04T00:00:00Z","Title":"TRườNG TIểU HọC YêN THượNG","DiaChiCongTy":"Che Ngù - Huyện Chợ Đồn - Bắc Cạn","Created":"2015-11-15T10:28:50Z","Updated":"2015-11-15T10:28:50Z","IsDelete":false,"RequestChanged":false,"ExitsInGDT":false,"SourceID":0,"TinhThanhID":0,"TinhThanhTitle":"Bắc Cạn","TinhThanhTitleAscii":"/bac-can","QuanHuyenID":0,"NganhNgheTitle":"NÔNG NGHIỆP, LÂM NGHIỆP VÀ THUỶ SẢN","NganhNgheTitleAscii":"/nganh-nghe/nong-nghiep-lam-nghiep-va-thuy-san","DSTags":["4700248324","Bắc Cạn",null]},{"Type":11,"SolrID":"/4700241417-trung-tam-gdtx-day-nghe-huyen-cho-don","ID":0,"MaSoThue":"4700241417","NgayCap":"2013-03-29T00:00:00Z","Title":"TRUNG TâM GDTX - DạY NGHề HUYệN CHợ ĐồN","DiaChiCongTy":"Tổ 12 - Huyện Chợ Đồn - Bắc Cạn","Created":"2015-11-16T09:17:46Z","Updated":"2015-11-16T09:17:46Z","IsDelete":false,"RequestChanged":false,"ExitsInGDT":false,"SourceID":0,"TinhThanhID":0,"TinhThanhTitle":"Bắc Cạn","TinhThanhTitleAscii":"/bac-can","QuanHuyenID":0,"NganhNgheTitle":"NÔNG NGHIỆP, LÂM NGHIỆP VÀ THUỶ SẢN","NganhNgheTitleAscii":"/nganh-nghe/nong-nghiep-lam-nghiep-va-thuy-san","DSTags":["4700241417","Bắc Cạn",null]},{"Type":11,"SolrID":"/4700241368-hop-tac-xa-hung-dao","ID":0,"MaSoThue":"4700241368","NgayCap":"2013-03-25T00:00:00Z","Title":"HợP TáC Xã HưNG ĐạO","DiaChiCongTy":"Thôn Nà Dầu - Huyện Chợ Đồn - Bắc Cạn","Created":"2015-11-16T09:03:24Z","Updated":"2015-11-16T09:03:24Z","IsDelete":false,"RequestChanged":false,"ExitsInGDT":false,"SourceID":0,"TinhThanhID":0,"TinhThanhTitle":"Bắc Cạn","TinhThanhTitleAscii":"/bac-can","QuanHuyenID":0,"NganhNgheTitle":"Khai thác đá, cát, sỏi, đất sét","NganhNgheTitleAscii":"/nganh-nghe/khai-thac-da-cat-soi-dat-set","DSTags":["4700241368","Bắc Cạn",null]},{"Type":11,"SolrID":"/4700219002-cong-ty-tnhh-tap-doan-xay-dung-luyen-kim-so-11","ID":0,"MaSoThue":"4700219002","NgayCap":"2011-12-15T00:00:00Z","Title":"Công ty TNHH tập đoàn xây dựng Luyện Kim số 11","DiaChiCongTy":"Nhà máy nấu chảy KL màu Khau Thăm - Huyện Chợ Đồn - Bắc Cạn","Created":"2015-11-14T03:53:04Z","Updated":"2015-11-14T03:53:04Z","IsDelete":false,"RequestChanged":false,"ExitsInGDT":false,"SourceID":0,"TinhThanhID":0,"TinhThanhTitle":"Bắc Cạn","TinhThanhTitleAscii":"/bac-can","QuanHuyenID":0,"NganhNgheTitle":"Hoạt động xây dựng chuyên dụng khác","NganhNgheTitleAscii":"/nganh-nghe/hoat-dong-xay-dung-chuyen-dung-khac","DSTags":["4700219002","Bắc Cạn",null]},{"Type":11,"SolrID":"/4700206155-cong-ty-tnhh-vien-thong-quang-anh-bac-kan","ID":0,"MaSoThue":"4700206155","NgayCap":"2011-07-26T00:00:00Z","Title":"Công Ty TNHH Viễn Thông Quang Anh Bắc Kạn","DiaChiCongTy":"Tổ 2A - Huyện Chợ Đồn - Bắc Cạn","Created":"2015-11-14T04:02:36Z","Updated":"2015-11-14T04:02:36Z","IsDelete":false,"RequestChanged":false,"ExitsInGDT":false,"SourceID":0,"TinhThanhID":0,"TinhThanhTitle":"Bắc Cạn","TinhThanhTitleAscii":"/bac-can","QuanHuyenID":0,"NganhNgheTitle":"Bán lẻ thiết bị viễn thông trong các cửa hàng chuyên doanh","NganhNgheTitleAscii":"/nganh-nghe/ban-le-thiet-bi-vien-thong-trong-cac-cua-hang-chuyen-doanh","DSTags":["4700206155","Bắc Cạn",null]},{"Type":11,"SolrID":"/4700203845-cong-ty-tnhh-mot-thanh-vien-ha-minh-bac-kan","ID":0,"MaSoThue":"4700203845","NgayCap":"2011-06-03T00:00:00Z","Title":"Công Ty TNHH Một Thành Viên Hà Minh Bắc Kạn","DiaChiCongTy":"Thôn 2A - Huyện Chợ Đồn - Bắc Cạn","Created":"2015-11-14T04:03:25Z","Updated":"2015-11-14T04:03:25Z","IsDelete":false,"RequestChanged":false,"ExitsInGDT":false,"SourceID":0,"TinhThanhID":0,"TinhThanhTitle":"Bắc Cạn","TinhThanhTitleAscii":"/bac-can","QuanHuyenID":0,"NganhNgheTitle":"Xây dựng công trình công ích","NganhNgheTitleAscii":"/nganh-nghe/xay-dung-cong-trinh-cong-ich","DSTags":["4700203845","Bắc Cạn",null]},{"Type":11,"SolrID":"/4700202880-cong-ty-tnhh-hung-hung-999","ID":0,"MaSoThue":"4700202880","NgayCap":"2011-05-18T00:00:00Z","Title":"Công Ty TNHH Hùng Hưng 999","DiaChiCongTy":"Thôn 7 - Huyện Chợ Đồn - Bắc Cạn","Created":"2015-11-14T04:03:44Z","Updated":"2015-11-14T04:03:44Z","IsDelete":false,"RequestChanged":false,"ExitsInGDT":false,"SourceID":0,"TinhThanhID":0,"TinhThanhTitle":"Bắc Cạn","TinhThanhTitleAscii":"/bac-can","QuanHuyenID":0,"NganhNgheTitle":"Sản xuất sản phẩm khác từ gỗ","NganhNgheTitleAscii":"/nganh-nghe/san-xuat-san-pham-khac-tu-go","DSTags":["4700202880","Bắc Cạn",null]},{"Type":11,"SolrID":"/4700202168-cong-ty-cp-duc-hung-bac-kan","ID":0,"MaSoThue":"4700202168","NgayCap":"2011-04-21T00:00:00Z","Title":"Công Ty CP Đức Hùng Bắc Kạn","DiaChiCongTy":"Thôn Nà Nhàm - Huyện Chợ Đồn - Bắc Cạn","Created":"2015-11-14T04:03:47Z","Updated":"2015-11-14T04:03:47Z","IsDelete":false,"RequestChanged":false,"ExitsInGDT":false,"SourceID":0,"TinhThanhID":0,"TinhThanhTitle":"Bắc Cạn","TinhThanhTitleAscii":"/bac-can","QuanHuyenID":0,"NganhNgheTitle":"Xây dựng công trình đường bộ","NganhNgheTitleAscii":"/nganh-nghe/xay-dung-cong-trinh-duong-bo","DSTags":["4700202168","Bắc Cạn",null]},{"Type":11,"SolrID":"/4700201855-cong-ty-tnhh-mot-thanh-vien-hue-huong-bac-kan","ID":0,"MaSoThue":"4700201855","NgayCap":"2011-04-13T00:00:00Z","Title":"Công Ty TNHH Một Thành Viên Huệ Hương Bắc Kạn","DiaChiCongTy":"Thôn Nà Tải - Huyện Chợ Đồn - Bắc Cạn","Created":"2015-11-14T04:03:46Z","Updated":"2015-11-14T04:03:46Z","IsDelete":false,"RequestChanged":false,"ExitsInGDT":false,"SourceID":0,"TinhThanhID":0,"TinhThanhTitle":"Bắc Cạn","TinhThanhTitleAscii":"/bac-can","QuanHuyenID":0,"NganhNgheTitle":"Sản xuất gỗ dán, gỗ lạng, ván ép và ván mỏng khác","NganhNgheTitleAscii":"/nganh-nghe/san-xuat-go-dan-go-lang-van-ep-va-van-mong-khac","DSTags":["4700201855","Bắc Cạn",null]},{"Type":11,"SolrID":"/4700199490-cong-ty-tnhh-mot-thanh-vien-kim-loai-mau-bac-kan-tmc","ID":0,"MaSoThue":"4700199490","NgayCap":"2011-01-19T00:00:00Z","Title":"Công Ty TNHH Một Thành Viên Kim Loại Màu Bắc Kạn - Tmc","DiaChiCongTy":"Thôn Hợp Tiến - Huyện Chợ Đồn - Bắc Cạn","Created":"2015-11-13T23:44:38Z","Updated":"2015-11-13T23:44:38Z","IsDelete":false,"RequestChanged":false,"ExitsInGDT":false,"SourceID":0,"TinhThanhID":0,"TinhThanhTitle":"Bắc Cạn","TinhThanhTitleAscii":"/bac-can","QuanHuyenID":0,"NganhNgheTitle":"Hoạt động kiến trúc và tư vấn kỹ thuật có liên quan","NganhNgheTitleAscii":"/nganh-nghe/hoat-dong-kien-truc-va-tu-van-ky-thuat-co-lien-quan","DSTags":["4700199490","Bắc Cạn",null]},{"Type":11,"SolrID":"/4700194686-cong-ty-tnhh-hop-thanh","ID":0,"MaSoThue":"4700194686","NgayCap":"2010-05-24T00:00:00Z","Title":"Công ty TNHH Hợp Thành","DiaChiCongTy":"Tổ 1B - Huyện Chợ Đồn - Bắc Cạn","Created":"2015-11-14T02:48:46Z","Updated":"2015-11-14T02:48:46Z","IsDelete":false,"RequestChanged":false,"ExitsInGDT":false,"SourceID":0,"TinhThanhID":0,"TinhThanhTitle":"Bắc Cạn","TinhThanhTitleAscii":"/bac-can","QuanHuyenID":0,"NganhNgheTitle":"Xây dựng công trình kỹ thuật dân dụng khác","NganhNgheTitleAscii":"/nganh-nghe/xay-dung-cong-trinh-ky-thuat-dan-dung-khac","DSTags":["4700194686","Bắc Cạn",null]},{"Type":11,"SolrID":"/4700192382-cong-ty-tnhh-son-anh","ID":0,"MaSoThue":"4700192382","NgayCap":"2010-02-01T00:00:00Z","Title":"Công Ty TNHH Sơn Anh","DiaChiCongTy":"Thôn Nà Tải - Huyện Chợ Đồn - Bắc Cạn","Created":"2015-11-14T02:49:11Z","Updated":"2015-11-14T02:49:11Z","IsDelete":false,"RequestChanged":false,"ExitsInGDT":false,"SourceID":0,"TinhThanhID":0,"TinhThanhTitle":"Bắc Cạn","TinhThanhTitleAscii":"/bac-can","QuanHuyenID":0,"NganhNgheTitle":"Xây dựng công trình kỹ thuật dân dụng","NganhNgheTitleAscii":"/nganh-nghe/xay-dung-cong-trinh-ky-thuat-dan-dung","DSTags":["4700192382","Bắc Cạn",null]},{"Type":11,"SolrID":"/4700189855-truong-thpt-binh-trung","ID":0,"MaSoThue":"4700189855","NgayCap":"2009-09-15T00:00:00Z","Title":"Trường THPT Bình Trung","DiaChiCongTy":"Bình Trung - Huyện Chợ Đồn - Bắc Cạn","Created":"2015-11-16T07:59:42Z","Updated":"2015-11-16T07:59:42Z","IsDelete":false,"RequestChanged":false,"ExitsInGDT":false,"SourceID":0,"TinhThanhID":0,"TinhThanhTitle":"Bắc Cạn","TinhThanhTitleAscii":"/bac-can","QuanHuyenID":0,"NganhNgheTitle":"Giáo dục trung học cơ sở và trung học phổ thông","NganhNgheTitleAscii":"/nganh-nghe/giao-duc-trung-hoc-co-so-va-trung-hoc-pho-thong","DSTags":["4700189855","Bắc Cạn",null]},{"Type":11,"SolrID":"/4700189809-phong-thong-ke-cho-don","ID":0,"MaSoThue":"4700189809","NgayCap":"2009-09-14T00:00:00Z","Title":"Phòng Thống kê Chợ Đồn","DiaChiCongTy":"Tổ 2B, Đồng Sơn - Huyện Chợ Đồn - Bắc Cạn","Created":"2015-11-15T20:37:07Z","Updated":"2015-11-15T20:37:07Z","IsDelete":false,"RequestChanged":false,"ExitsInGDT":false,"SourceID":0,"TinhThanhID":0,"TinhThanhTitle":"Bắc Cạn","TinhThanhTitleAscii":"/bac-can","QuanHuyenID":0,"NganhNgheTitle":"Hoạt động quản lý nhà nước nói chung và kinh tế tổng hợp","NganhNgheTitleAscii":"/nganh-nghe/hoat-dong-quan-ly-nha-nuoc-noi-chung-va-kinh-te-tong-hop","DSTags":["4700189809","Bắc Cạn",null]},{"Type":11,"SolrID":"/4700188756-phong-y-te-huyen-cho-don","ID":0,"MaSoThue":"4700188756","NgayCap":"2009-08-07T00:00:00Z","Title":"Phòng Y tế huyện Chợ Đồn","DiaChiCongTy":"Tổ 3, Đồng Sơn - Huyện Chợ Đồn - Bắc Cạn","Created":"2015-11-16T09:53:13Z","Updated":"2015-11-16T09:53:13Z","IsDelete":false,"RequestChanged":false,"ExitsInGDT":false,"SourceID":0,"TinhThanhID":0,"TinhThanhTitle":"Bắc Cạn","TinhThanhTitleAscii":"/bac-can","QuanHuyenID":0,"NganhNgheTitle":"Hoạt động của các bệnh viện, trạm xá","NganhNgheTitleAscii":"/nganh-nghe/hoat-dong-cua-cac-benh-vien-tram-xa","DSTags":["4700188756","Bắc Cạn",null]},{"Type":11,"SolrID":"/4700187625-cong-ty-tnhh-lam-viet","ID":0,"MaSoThue":"4700187625","NgayCap":"2009-07-13T00:00:00Z","Title":"Công ty TNHH Lâm Việt","DiaChiCongTy":"Thôn Nà Pài, thi trấn Bằng Lũng - Huyện Chợ Đồn - Bắc Cạn","Created":"2015-11-14T02:49:31Z","Updated":"2015-11-14T02:49:31Z","IsDelete":false,"RequestChanged":false,"ExitsInGDT":false,"SourceID":0,"TinhThanhID":0,"TinhThanhTitle":"Bắc Cạn","TinhThanhTitleAscii":"/bac-can","QuanHuyenID":0,"NganhNgheTitle":"Xây dựng công trình kỹ thuật dân dụng","NganhNgheTitleAscii":"/nganh-nghe/xay-dung-cong-trinh-ky-thuat-dan-dung","DSTags":["4700187625","Bắc Cạn",null]},{"Type":11,"SolrID":"/4700181863-doanh-nghiep-tn-duc-hiep-bac-kan","ID":0,"MaSoThue":"4700181863","NgayCap":"2009-05-27T00:00:00Z","Title":"Doanh Nghiệp TN Đức Hiệp Bắc Kạn","DiaChiCongTy":"Thôn Bản Mạ - Huyện Chợ Đồn - Bắc Cạn","Created":"2015-11-15T19:34:24Z","Updated":"2015-11-15T19:34:24Z","IsDelete":false,"RequestChanged":false,"ExitsInGDT":false,"SourceID":0,"TinhThanhID":0,"TinhThanhTitle":"Bắc Cạn","TinhThanhTitleAscii":"/bac-can","QuanHuyenID":0,"NganhNgheTitle":"Khai thác đá, cát, sỏi, đất sét","NganhNgheTitleAscii":"/nganh-nghe/khai-thac-da-cat-soi-dat-set","DSTags":["4700181863","Bắc Cạn",null]},{"Type":11,"SolrID":"/4700161112-cong-ty-tnhh-mot-thanh-vien-khanh-linh","ID":0,"MaSoThue":"4700161112","NgayCap":"2008-05-16T00:00:00Z","Title":"Công Ty TNHH Một Thành Viên Khánh Linh","DiaChiCongTy":"Tổ 11A - Huyện Chợ Đồn - Bắc Cạn","Created":"2015-11-14T02:52:10Z","Updated":"2015-11-14T02:52:10Z","IsDelete":false,"RequestChanged":false,"ExitsInGDT":false,"SourceID":0,"TinhThanhID":0,"TinhThanhTitle":"Bắc Cạn","TinhThanhTitleAscii":"/bac-can","QuanHuyenID":0,"NganhNgheTitle":"Xây dựng công trình kỹ thuật dân dụng","NganhNgheTitleAscii":"/nganh-nghe/xay-dung-cong-trinh-ky-thuat-dan-dung","DSTags":["4700161112","Bắc Cạn",null]},{"Type":11,"SolrID":"/4700158864-cong-ty-cp-dau-tu-phat-trien-cong-thuong-thuan-phat","ID":0,"MaSoThue":"4700158864","NgayCap":"2008-01-03T00:00:00Z","Title":"Công Ty CP  Đầu Tư Phát Triển Công Thương Thuận Phát","DiaChiCongTy":"Tổ 2 - Huyện Chợ Đồn - Bắc Cạn","Created":"2015-11-14T02:52:21Z","Updated":"2015-11-14T02:52:21Z","IsDelete":false,"RequestChanged":false,"ExitsInGDT":false,"SourceID":0,"TinhThanhID":0,"TinhThanhTitle":"Bắc Cạn","TinhThanhTitleAscii":"/bac-can","QuanHuyenID":0,"NganhNgheTitle":"Vận tải đường bộ khác","NganhNgheTitleAscii":"/nganh-nghe/van-tai-duong-bo-khac","DSTags":["4700158864","Bắc Cạn",null]},{"Type":11,"SolrID":"/4700158550-cong-ty-tnhh-giay-va-go-binh-trung","ID":0,"MaSoThue":"4700158550","NgayCap":"2007-11-28T00:00:00Z","Title":"Công Ty TNHH Giấy Và Gỗ Bình Trung","DiaChiCongTy":"Thôn Pắc Pạu - Huyện Chợ Đồn - Bắc Cạn","Created":"2015-11-14T02:52:22Z","Updated":"2015-11-14T02:52:22Z","IsDelete":false,"RequestChanged":false,"ExitsInGDT":false,"SourceID":0,"TinhThanhID":0,"TinhThanhTitle":"Bắc Cạn","TinhThanhTitleAscii":"/bac-can","QuanHuyenID":0,"NganhNgheTitle":"Sản xuất giấy và sản phẩm từ giấy","NganhNgheTitleAscii":"/nganh-nghe/san-xuat-giay-va-san-pham-tu-giay-170","DSTags":["4700158550","Bắc Cạn",null]},{"Type":11,"SolrID":"/4700144935-doanh-nghiep-tu-nhan-yen-ha","ID":0,"MaSoThue":"4700144935","NgayCap":"2004-05-07T00:00:00Z","Title":"Doanh nghiệp tư nhân Yên Hà","DiaChiCongTy":"Yên Nhuận - Huyện Chợ Đồn - Bắc Cạn","Created":"2015-11-17T01:30:28Z","Updated":"2015-11-17T01:30:28Z","IsDelete":false,"RequestChanged":false,"ExitsInGDT":false,"SourceID":0,"TinhThanhID":0,"TinhThanhTitle":"Bắc Cạn","TinhThanhTitleAscii":"/bac-can","QuanHuyenID":0,"NganhNgheTitle":"Sản xuất sản phẩm khác từ gỗ; sản xuất sản phẩm từ tre, nứa, rơm, rạ và vật liệu tết bện","NganhNgheTitleAscii":"/nganh-nghe/san-xuat-san-pham-khac-tu-go-san-xuat-san-pham-tu-tre-nua-rom-ra-va-vat-lieu-tet-ben","DSTags":["4700144935","Bắc Cạn",null]},{"Type":11,"SolrID":"/4700127030-chi-cuc-thi-hanh-an-dan-su-huyen-cho-don","ID":0,"MaSoThue":"4700127030","NgayCap":"2000-06-15T00:00:00Z","Title":"Chi cục Thi hành án dân sự huyện Chợ Đồn","DiaChiCongTy":"- Huyện Chợ Đồn - Bắc Cạn","Created":"2015-11-16T05:39:00Z","Updated":"2015-11-16T05:39:00Z","IsDelete":false,"RequestChanged":false,"ExitsInGDT":false,"SourceID":0,"TinhThanhID":0,"TinhThanhTitle":"Bắc Cạn","TinhThanhTitleAscii":"/bac-can","QuanHuyenID":0,"NganhNgheTitle":"Hoạt động dịch vụ tài chính khác chưa được phân vào đâu (trừ bảo hiểm và bảo hiểm xã hội)","NganhNgheTitleAscii":"/nganh-nghe/hoat-dong-dich-vu-tai-chinh-khac-chua-duoc-phan-vao-dau-tru-bao-hiem-va-bao-hiem-xa-hoi","DSTags":["4700127030","Bắc Cạn",null]},{"Type":11,"SolrID":"/4700123276-cong-ty-tnhh-dong-tam-cho-don","ID":0,"MaSoThue":"4700123276","NgayCap":"1999-07-03T00:00:00Z","Title":"Công ty TNHH Đồng Tâm - Chợ Đồn","DiaChiCongTy":"Tổ 11 B tiểu khu Đồng Nam Thị Trấn Bằng Lũng- Chợ Đồn - Huyện Chợ Đồn - Bắc Cạn","Created":"2015-11-09T11:54:56Z","Updated":"2015-11-09T11:54:56Z","IsDelete":false,"RequestChanged":false,"ExitsInGDT":false,"SourceID":0,"TinhThanhID":0,"TinhThanhTitle":"Bắc Cạn","TinhThanhTitleAscii":"/bac-can","QuanHuyenID":0,"NganhNgheTitle":"Khai thác quặng kim loại","NganhNgheTitleAscii":"/nganh-nghe/khai-thac-quang-kim-loai","DSTags":["4700123276","Bắc Cạn",null]}]}