{"ID":16419,"SolrID":"/bac-can/huyen-cho-don/thi-tran-cho-don","Title":"Thị Trấn Chợ Đồn","TinhThanhTitle":"Bắc Cạn","QuanHuyenTitle":"Huyện Chợ Đồn","QuanHuyenID":708,"TinhThanhID":47,"Url":"https://thongtindoanhnghiep.co/api/company?l=/bac-can/huyen-cho-don/thi-tran-cho-don","Total":1,"List":[{"Type":11,"SolrID":"/4700197126-cong-ty-tnhh-thuong-mai-va-xay-dung-duc-giang","ID":0,"MaSoThue":"4700197126","NgayCap":"2010-08-20T00:00:00Z","Title":"Công ty TNHH thương mại và xây dựng Đức Giang","DiaChiCongTy":"Tổ 1, tiểu khu Đồng Sơn, thị trấn Chợ Đồn - Huyện Chợ Đồn - Bắc Cạn","Created":"2015-11-10T02:04:47Z","Updated":"2015-11-10T02:04:47Z","IsDelete":false,"RequestChanged":false,"ExitsInGDT":false,"SourceID":0,"TinhThanhID":0,"TinhThanhTitle":"Bắc Cạn","TinhThanhTitleAscii":"/bac-can","QuanHuyenID":0,"NganhNgheTitle":"Bán lẻ (trừ ô tô, mô tô, xe máy và xe có động cơ khác)","NganhNgheTitleAscii":"/nganh-nghe/ban-le-tru-o-to-mo-to-xe-may-va-xe-co-dong-co-khac","DSTags":["4700197126","Bắc Cạn",null]}]}