{"ID":8424,"SolrID":"/bac-can/huyen-cho-don/xa-ban-thi","Title":"Xã Bản Thi","TinhThanhTitle":"Bắc Cạn","QuanHuyenTitle":"Huyện Chợ Đồn","QuanHuyenID":708,"TinhThanhID":47,"Url":"https://thongtindoanhnghiep.co/api/company?l=/bac-can/huyen-cho-don/xa-ban-thi","Total":9,"List":[{"Type":11,"SolrID":"/4700242347-truong-mam-non-ban-thi","ID":0,"MaSoThue":"4700242347","NgayCap":"2013-06-20T00:00:00Z","Title":"TRườNG MầM NON BảN THI","DiaChiCongTy":"Hợp Tiến - Xã Bản Thi - Huyện Chợ Đồn - Bắc Cạn","Created":"2015-11-16T12:00:02Z","Updated":"2015-11-16T12:00:02Z","IsDelete":false,"RequestChanged":false,"ExitsInGDT":false,"SourceID":0,"TinhThanhID":0,"TinhThanhTitle":"Bắc Cạn","TinhThanhTitleAscii":"/bac-can","QuanHuyenID":0,"NganhNgheTitle":"NÔNG NGHIỆP, LÂM NGHIỆP VÀ THUỶ SẢN","NganhNgheTitleAscii":"/nganh-nghe/nong-nghiep-lam-nghiep-va-thuy-san","DSTags":["4700242347","Bắc Cạn",null]},{"Type":11,"SolrID":"/4700149965-doanh-nghiep-tu-nhan-truong-anh","ID":0,"MaSoThue":"4700149965","NgayCap":"2006-08-03T00:00:00Z","Title":"Doanh nghiệp tư nhân Trường Anh","DiaChiCongTy":"Thôn Hợp Tiến - Xã Bản Thi - Huyện Chợ Đồn - Bắc Cạn","Created":"2015-11-17T02:01:16Z","Updated":"2015-11-17T02:01:16Z","IsDelete":false,"RequestChanged":false,"ExitsInGDT":false,"SourceID":0,"TinhThanhID":0,"TinhThanhTitle":"Bắc Cạn","TinhThanhTitleAscii":"/bac-can","QuanHuyenID":0,"NganhNgheTitle":"Sản xuất sản phẩm từ gỗ, tre, nứa (trừ giường, tủ, bàn, ghế); sản xuất sản phẩm từ rơm, rạ và vật liệu tết bện","NganhNgheTitleAscii":"/nganh-nghe/san-xuat-san-pham-tu-go-tre-nua-tru-giuong-tu-ban-ghe-san-xuat-san-pham-tu-rom-ra-va-vat-lieu-tet-ben","DSTags":["4700149965","Bắc Cạn",null]},{"Type":11,"SolrID":"/4700149764-doanh-nghiep-tu-nhan-thang-hien","ID":0,"MaSoThue":"4700149764","NgayCap":"2006-07-10T00:00:00Z","Title":"Doanh nghiệp tư nhân Thắng Hiền","DiaChiCongTy":"Thôn Hợp Tiến, xã Bản Thi - Huyện Chợ Đồn - Bắc Cạn","Created":"2015-11-11T08:42:12Z","Updated":"2015-11-11T08:42:12Z","IsDelete":false,"RequestChanged":false,"ExitsInGDT":false,"SourceID":0,"TinhThanhID":0,"TinhThanhTitle":"Bắc Cạn","TinhThanhTitleAscii":"/bac-can","QuanHuyenID":0,"NganhNgheTitle":"Vận tải đường bộ khác","NganhNgheTitleAscii":"/nganh-nghe/van-tai-duong-bo-khac","DSTags":["4700149764","Bắc Cạn",null]},{"Type":11,"SolrID":"/4700140257-cong-ty-lien-doanh-emc-tmucb-blaster","ID":0,"MaSoThue":"4700140257","NgayCap":"2002-10-09T00:00:00Z","Title":"Công ty liên doanh EMC & TMUCB & BLASTER","DiaChiCongTy":"Xã Bản Thi - Huyện Chợ Đồn - Bắc Cạn","Created":"2015-11-12T12:13:21Z","Updated":"2015-11-12T12:13:21Z","IsDelete":false,"RequestChanged":false,"ExitsInGDT":false,"SourceID":0,"TinhThanhID":0,"TinhThanhTitle":"Bắc Cạn","TinhThanhTitleAscii":"/bac-can","QuanHuyenID":0,"NganhNgheTitle":"Xây dựng công trình kỹ thuật dân dụng","NganhNgheTitleAscii":"/nganh-nghe/xay-dung-cong-trinh-ky-thuat-dan-dung","DSTags":["4700140257","Bắc Cạn",null]},{"Type":11,"SolrID":"/4700136571-cong-ty-lien-doanh-cong-nghiep-kem-viet-thai","ID":0,"MaSoThue":"4700136571","NgayCap":"2001-12-26T00:00:00Z","Title":"Công ty liên doanh công nghiệp kẽm Việt Thái","DiaChiCongTy":"Xã Bản Thi - Huyện Chợ Đồn - Bắc Cạn","Created":"2015-11-12T12:14:36Z","Updated":"2015-11-12T12:14:36Z","IsDelete":false,"RequestChanged":false,"ExitsInGDT":false,"SourceID":0,"TinhThanhID":0,"TinhThanhTitle":"Bắc Cạn","TinhThanhTitleAscii":"/bac-can","QuanHuyenID":0,"NganhNgheTitle":"Sản xuất kim loại màu và kim loại quý","NganhNgheTitleAscii":"/nganh-nghe/san-xuat-kim-loai-mau-va-kim-loai-quy","DSTags":["4700136571","Bắc Cạn",null]},{"Type":11,"SolrID":"/4700132009-doanh-nghiep-tu-nhan-thai-binh","ID":0,"MaSoThue":"4700132009","NgayCap":"2001-05-17T00:00:00Z","Title":"Doanh nghiệp tư nhân Thái Bình","DiaChiCongTy":"Bản Nhượng- Xã Bản Thi - Huyện Chợ Đồn - Bắc Cạn","Created":"2015-11-09T03:54:51Z","Updated":"2015-11-09T03:54:51Z","IsDelete":false,"RequestChanged":false,"ExitsInGDT":false,"SourceID":0,"TinhThanhID":0,"TinhThanhTitle":"Bắc Cạn","TinhThanhTitleAscii":"/bac-can","QuanHuyenID":0,"NganhNgheTitle":"Sản xuất sản phẩm từ gỗ, tre, nứa (trừ giường, tủ, bàn, ghế); sản xuất sản phẩm từ rơm, rạ và vật liệu tết bện","NganhNgheTitleAscii":"/nganh-nghe/san-xuat-san-pham-tu-go-tre-nua-tru-giuong-tu-ban-ghe-san-xuat-san-pham-tu-rom-ra-va-vat-lieu-tet-ben","DSTags":["4700132009","Bắc Cạn",null]},{"Type":11,"SolrID":"/4700128517-cong-ty-tnhh-bac-son","ID":0,"MaSoThue":"4700128517","NgayCap":"2000-10-06T00:00:00Z","Title":"Công ty TNHH Bắc Sơn","DiaChiCongTy":"Xã Bản Thi - Huyện Chợ Đồn - Bắc Cạn","Created":"2015-11-08T22:30:35Z","Updated":"2015-11-08T22:30:35Z","IsDelete":false,"RequestChanged":false,"ExitsInGDT":false,"SourceID":0,"TinhThanhID":0,"TinhThanhTitle":"Bắc Cạn","TinhThanhTitleAscii":"/bac-can","QuanHuyenID":0,"NganhNgheTitle":"Khai khoáng khác chưa được phân vào đâu","NganhNgheTitleAscii":"/nganh-nghe/khai-khoang-khac-chua-duoc-phan-vao-dau","DSTags":["4700128517","Bắc Cạn",null]},{"Type":11,"SolrID":"/4700127150-ubnd-xa-ban-thi","ID":0,"MaSoThue":"4700127150","NgayCap":"2000-06-15T00:00:00Z","Title":"UBND xã Bản Thi","DiaChiCongTy":"Xã Bản Thi - Huyện Chợ Đồn - Bắc Cạn","Created":"2015-11-16T14:37:42Z","Updated":"2015-11-16T14:37:42Z","IsDelete":false,"RequestChanged":false,"ExitsInGDT":false,"SourceID":0,"TinhThanhID":0,"TinhThanhTitle":"Bắc Cạn","TinhThanhTitleAscii":"/bac-can","QuanHuyenID":0,"NganhNgheTitle":"Hoạt động dịch vụ tài chính khác chưa được phân vào đâu (trừ bảo hiểm và bảo hiểm xã hội)","NganhNgheTitleAscii":"/nganh-nghe/hoat-dong-dich-vu-tai-chinh-khac-chua-duoc-phan-vao-dau-tru-bao-hiem-va-bao-hiem-xa-hoi","DSTags":["4700127150","Bắc Cạn",null]},{"Type":11,"SolrID":"/4600100003-007-xi-nghiep-kem-chi-cho-dien","ID":0,"MaSoThue":"4600100003-007","NgayCap":"1998-10-30T00:00:00Z","Title":"Xí nghiệp kẽm chì Chợ Điền","DiaChiCongTy":"Xã Bản Thi - Huyện Chợ Đồn - Bắc Cạn","Created":"2015-11-18T13:47:23Z","Updated":"2015-11-18T13:47:23Z","IsDelete":false,"RequestChanged":false,"ExitsInGDT":false,"SourceID":0,"TinhThanhID":0,"TinhThanhTitle":"Bắc Cạn","TinhThanhTitleAscii":"/bac-can","QuanHuyenID":0,"NganhNgheTitle":"Khai thác quặng kim loại","NganhNgheTitleAscii":"/nganh-nghe/khai-thac-quang-kim-loai","DSTags":["4600100003-007","Bắc Cạn",null]}]}