{"ID":13510,"SolrID":"/bac-can/huyen-cho-don/xa-bang-phuc","Title":"Xã Bằng Phúc","TinhThanhTitle":"Bắc Cạn","QuanHuyenTitle":"Huyện Chợ Đồn","QuanHuyenID":708,"TinhThanhID":47,"Url":"https://thongtindoanhnghiep.co/api/company?l=/bac-can/huyen-cho-don/xa-bang-phuc","Total":6,"List":[{"Type":11,"SolrID":"/4700243703-truong-mam-non-bang-phuc","ID":0,"MaSoThue":"4700243703","NgayCap":"2013-07-19T00:00:00Z","Title":"TRườNG MầM NON BằNG PHúC","DiaChiCongTy":"Bản Quân - Xã Bằng Phúc - Huyện Chợ Đồn - Bắc Cạn","Created":"2015-11-16T13:56:36Z","Updated":"2015-11-16T13:56:36Z","IsDelete":false,"RequestChanged":false,"ExitsInGDT":false,"SourceID":0,"TinhThanhID":0,"TinhThanhTitle":"Bắc Cạn","TinhThanhTitleAscii":"/bac-can","QuanHuyenID":0,"NganhNgheTitle":"NÔNG NGHIỆP, LÂM NGHIỆP VÀ THUỶ SẢN","NganhNgheTitleAscii":"/nganh-nghe/nong-nghiep-lam-nghiep-va-thuy-san","DSTags":["4700243703","Bắc Cạn",null]},{"Type":11,"SolrID":"/4700243358-truong-tieu-hoc-bang-phuc","ID":0,"MaSoThue":"4700243358","NgayCap":"2013-07-15T00:00:00Z","Title":"TRườNG TIểU HọC BằNG PHúC","DiaChiCongTy":"Bản Quân - Xã Bằng Phúc - Huyện Chợ Đồn - Bắc Cạn","Created":"2015-11-16T13:53:35Z","Updated":"2015-11-16T13:53:35Z","IsDelete":false,"RequestChanged":false,"ExitsInGDT":false,"SourceID":0,"TinhThanhID":0,"TinhThanhTitle":"Bắc Cạn","TinhThanhTitleAscii":"/bac-can","QuanHuyenID":0,"NganhNgheTitle":"NÔNG NGHIỆP, LÂM NGHIỆP VÀ THUỶ SẢN","NganhNgheTitleAscii":"/nganh-nghe/nong-nghiep-lam-nghiep-va-thuy-san","DSTags":["4700243358","Bắc Cạn",null]},{"Type":11,"SolrID":"/4700243340-truong-trung-hoc-co-so-bang-phuc","ID":0,"MaSoThue":"4700243340","NgayCap":"2013-07-15T00:00:00Z","Title":"TRườNG TRUNG HọC Cơ Sở BằNG PHúC","DiaChiCongTy":"Bản Quân - Xã Bằng Phúc - Huyện Chợ Đồn - Bắc Cạn","Created":"2015-11-16T13:53:36Z","Updated":"2015-11-16T13:53:36Z","IsDelete":false,"RequestChanged":false,"ExitsInGDT":false,"SourceID":0,"TinhThanhID":0,"TinhThanhTitle":"Bắc Cạn","TinhThanhTitleAscii":"/bac-can","QuanHuyenID":0,"NganhNgheTitle":"NÔNG NGHIỆP, LÂM NGHIỆP VÀ THUỶ SẢN","NganhNgheTitleAscii":"/nganh-nghe/nong-nghiep-lam-nghiep-va-thuy-san","DSTags":["4700243340","Bắc Cạn",null]},{"Type":11,"SolrID":"/4700188315-doanh-nghiep-tu-nhan-thanh-nhan","ID":0,"MaSoThue":"4700188315","NgayCap":"2009-08-03T00:00:00Z","Title":"Doanh Nghiệp Tư Nhân Thành Nhân","DiaChiCongTy":"Thôn Nà Pài - Xã Bằng Phúc - Huyện Chợ Đồn - Bắc Cạn","Created":"2015-11-11T10:00:52Z","Updated":"2015-11-11T10:00:52Z","IsDelete":false,"RequestChanged":false,"ExitsInGDT":false,"SourceID":0,"TinhThanhID":0,"TinhThanhTitle":"Bắc Cạn","TinhThanhTitleAscii":"/bac-can","QuanHuyenID":0,"NganhNgheTitle":"Bán lẻ nhiên liệu động cơ trong các cửa hàng chuyên doanh","NganhNgheTitleAscii":"/nganh-nghe/ban-le-nhien-lieu-dong-co-trong-cac-cua-hang-chuyen-doanh","DSTags":["4700188315","Bắc Cạn",null]},{"Type":11,"SolrID":"/4700148753-cong-ty-trach-nhiem-huu-han-che-pe-lo-yen","ID":0,"MaSoThue":"4700148753","NgayCap":"2006-01-10T00:00:00Z","Title":"Công ty trách nhiệm hữu hạn chè PE LO YEN","DiaChiCongTy":"Xã Bằng Phúc - Huyện Chợ Đồn - Bắc Cạn","Created":"2015-11-11T18:49:49Z","Updated":"2015-11-11T18:49:49Z","IsDelete":false,"RequestChanged":false,"ExitsInGDT":false,"SourceID":0,"TinhThanhID":0,"TinhThanhTitle":"Bắc Cạn","TinhThanhTitleAscii":"/bac-can","QuanHuyenID":0,"NganhNgheTitle":"Trồng cây hàng năm","NganhNgheTitleAscii":"/nganh-nghe/trong-cay-hang-nam","DSTags":["4700148753","Bắc Cạn",null]},{"Type":11,"SolrID":"/4700127432-ubnd-xa-bang-phuc","ID":0,"MaSoThue":"4700127432","NgayCap":"2000-06-19T00:00:00Z","Title":"UBND xã Bằng Phúc","DiaChiCongTy":"Xã Bằng Phúc - Huyện Chợ Đồn - Bắc Cạn","Created":"2015-11-16T14:37:49Z","Updated":"2015-11-16T14:37:49Z","IsDelete":false,"RequestChanged":false,"ExitsInGDT":false,"SourceID":0,"TinhThanhID":0,"TinhThanhTitle":"Bắc Cạn","TinhThanhTitleAscii":"/bac-can","QuanHuyenID":0,"NganhNgheTitle":"Hoạt động dịch vụ tài chính khác chưa được phân vào đâu (trừ bảo hiểm và bảo hiểm xã hội)","NganhNgheTitleAscii":"/nganh-nghe/hoat-dong-dich-vu-tai-chinh-khac-chua-duoc-phan-vao-dau-tru-bao-hiem-va-bao-hiem-xa-hoi","DSTags":["4700127432","Bắc Cạn",null]}]}