{"ID":8264,"SolrID":"/bac-can/huyen-cho-don/xa-bang-lang","Title":"Xã Bằng Lãng","TinhThanhTitle":"Bắc Cạn","QuanHuyenTitle":"Huyện Chợ Đồn","QuanHuyenID":708,"TinhThanhID":47,"Url":"https://thongtindoanhnghiep.co/api/company?l=/bac-can/huyen-cho-don/xa-bang-lang","Total":9,"List":[{"Type":11,"SolrID":"/4700149595-010-chi-nhanh-cong-ty-cp-khoang-san-bac-kan-xi-nghiep-khai-thac-mo-pu-sap","ID":0,"MaSoThue":"4700149595-010","NgayCap":"2014-12-10T00:00:00Z","Title":"Chi Nhánh Công Ty CP Khoáng Sản Bắc Kạn - Xí Nghiệp Khai Thác Mỏ Pù Sáp","DiaChiCongTy":"Thôn Bản Lắc - Xã Bằng Lãng - Huyện Chợ Đồn - Bắc Cạn","Created":"2015-11-18T14:31:01Z","Updated":"2015-11-18T14:31:01Z","IsDelete":false,"RequestChanged":false,"ExitsInGDT":false,"SourceID":0,"TinhThanhID":0,"TinhThanhTitle":"Bắc Cạn","TinhThanhTitleAscii":"/bac-can","QuanHuyenID":0,"NganhNgheTitle":"Khai thác quặng sắt","NganhNgheTitleAscii":"/nganh-nghe/khai-thac-quang-sat","DSTags":["4700149595-010","Bắc Cạn",null]},{"Type":11,"SolrID":"/4700149595-011-chi-nhanh-cong-ty-cp-khoang-san-bac-kan-xi-nghiep-khai-thac-mo-na-duong","ID":0,"MaSoThue":"4700149595-011","NgayCap":"2014-12-10T00:00:00Z","Title":"Chi Nhánh Công Ty CP Khoáng Sản Bắc Kạn - Xí Nghiệp Khai Thác Mỏ Nà Duồng","DiaChiCongTy":"Thôn Nà Duồng - Xã Bằng Lãng - Huyện Chợ Đồn - Bắc Cạn","Created":"2015-11-18T14:45:00Z","Updated":"2015-11-18T14:45:00Z","IsDelete":false,"RequestChanged":false,"ExitsInGDT":false,"SourceID":0,"TinhThanhID":0,"TinhThanhTitle":"Bắc Cạn","TinhThanhTitleAscii":"/bac-can","QuanHuyenID":0,"NganhNgheTitle":"Khai thác quặng sắt","NganhNgheTitleAscii":"/nganh-nghe/khai-thac-quang-sat","DSTags":["4700149595-011","Bắc Cạn",null]},{"Type":11,"SolrID":"/4700247955-cong-ty-tnhh-tap-doan-thien-ma","ID":0,"MaSoThue":"4700247955","NgayCap":"2014-01-21T00:00:00Z","Title":"Công Ty TNHH Tập Đoàn Thiên Mã","DiaChiCongTy":"Lũng Váng, thôn Bản Lắc - Xã Bằng Lãng - Huyện Chợ Đồn - Bắc Cạn","Created":"2015-11-09T20:41:49Z","Updated":"2015-11-09T20:41:49Z","IsDelete":false,"RequestChanged":false,"ExitsInGDT":false,"SourceID":0,"TinhThanhID":0,"TinhThanhTitle":"Bắc Cạn","TinhThanhTitleAscii":"/bac-can","QuanHuyenID":0,"NganhNgheTitle":"Khai thác quặng kim loại khác không chứa sắt","NganhNgheTitleAscii":"/nganh-nghe/khai-thac-quang-kim-loai-khac-khong-chua-sat","DSTags":["4700247955","Bắc Cạn",null]},{"Type":11,"SolrID":"/4700149595-009-chi-nhanh-cong-ty-cp-khoang-san-bac-kan-xi-nghiep-khai-thac-va-che-bien-khoang-san-cho-don","ID":0,"MaSoThue":"4700149595-009","NgayCap":"2012-09-17T00:00:00Z","Title":"Chi Nhánh Công Ty CP Khoáng Sản Bắc Kạn - Xí Nghiệp Khai Thác Và Chế Biến Khoáng Sản Chợ Đồn","DiaChiCongTy":"Thôn Lũng Vãng - Xã Bằng Lãng - Huyện Chợ Đồn - Bắc Cạn","Created":"2015-11-11T01:45:00Z","Updated":"2015-11-11T01:45:00Z","IsDelete":false,"RequestChanged":false,"ExitsInGDT":false,"SourceID":0,"TinhThanhID":0,"TinhThanhTitle":"Bắc Cạn","TinhThanhTitleAscii":"/bac-can","QuanHuyenID":0,"NganhNgheTitle":"Bán buôn kim loại và quặng kim loại","NganhNgheTitleAscii":"/nganh-nghe/ban-buon-kim-loai-va-quang-kim-loai","DSTags":["4700149595-009","Bắc Cạn",null]},{"Type":11,"SolrID":"/4700225905-doanh-nghiep-tn-lien-minh-bang-lang","ID":0,"MaSoThue":"4700225905","NgayCap":"2012-02-24T00:00:00Z","Title":"Doanh Nghiệp TN Liên Minh Bằng Lãng","DiaChiCongTy":"Thôn Bản Nhì - Xã Bằng Lãng - Huyện Chợ Đồn - Bắc Cạn","Created":"2015-11-10T02:05:04Z","Updated":"2015-11-10T02:05:04Z","IsDelete":false,"RequestChanged":false,"ExitsInGDT":false,"SourceID":0,"TinhThanhID":0,"TinhThanhTitle":"Bắc Cạn","TinhThanhTitleAscii":"/bac-can","QuanHuyenID":0,"NganhNgheTitle":"Sản xuất gỗ dán, gỗ lạng, ván ép và ván mỏng khác","NganhNgheTitleAscii":"/nganh-nghe/san-xuat-go-dan-go-lang-van-ep-va-van-mong-khac","DSTags":["4700225905","Bắc Cạn",null]},{"Type":11,"SolrID":"/4700199324-cong-ty-tnhh-ha-hoang-phat","ID":0,"MaSoThue":"4700199324","NgayCap":"2011-01-04T00:00:00Z","Title":"Công Ty TNHH Hà Hoàng  Phát","DiaChiCongTy":"Thôn Bản Lắc - Xã Bằng Lãng - Huyện Chợ Đồn - Bắc Cạn","Created":"2015-11-10T02:04:38Z","Updated":"2015-11-10T02:04:38Z","IsDelete":false,"RequestChanged":false,"ExitsInGDT":false,"SourceID":0,"TinhThanhID":0,"TinhThanhTitle":"Bắc Cạn","TinhThanhTitleAscii":"/bac-can","QuanHuyenID":0,"NganhNgheTitle":"Cưa, xẻ và bào gỗ","NganhNgheTitleAscii":"/nganh-nghe/cua-xe-va-bao-go","DSTags":["4700199324","Bắc Cạn",null]},{"Type":11,"SolrID":"/4700178726-doanh-nghiep-tu-nhan-manh-quan","ID":0,"MaSoThue":"4700178726","NgayCap":"2009-05-15T00:00:00Z","Title":"Doanh nghiệp tư nhân Mạnh Quân","DiaChiCongTy":"Thôn Tổng Mụ, xã Bằng Lãng - Huyện Chợ Đồn - Bắc Cạn","Created":"2015-11-11T09:34:54Z","Updated":"2015-11-11T09:34:54Z","IsDelete":false,"RequestChanged":false,"ExitsInGDT":false,"SourceID":0,"TinhThanhID":0,"TinhThanhTitle":"Bắc Cạn","TinhThanhTitleAscii":"/bac-can","QuanHuyenID":0,"NganhNgheTitle":"Bán lẻ nhiên liệu động cơ trong các cửa hàng chuyên doanh","NganhNgheTitleAscii":"/nganh-nghe/ban-le-nhien-lieu-dong-co-trong-cac-cua-hang-chuyen-doanh","DSTags":["4700178726","Bắc Cạn",null]},{"Type":11,"SolrID":"/4700143804-doanh-nghiep-tu-nhan-duc-manh","ID":0,"MaSoThue":"4700143804","NgayCap":"2003-10-21T00:00:00Z","Title":"Doanh Nghiệp Tư Nhân Đức Mạnh","DiaChiCongTy":"Thôn Nà Duồng - Xã Bằng Lãng - Huyện Chợ Đồn - Bắc Cạn","Created":"2015-11-09T04:04:30Z","Updated":"2015-11-09T04:04:30Z","IsDelete":false,"RequestChanged":false,"ExitsInGDT":false,"SourceID":0,"TinhThanhID":0,"TinhThanhTitle":"Bắc Cạn","TinhThanhTitleAscii":"/bac-can","QuanHuyenID":0,"NganhNgheTitle":"Bán buôn nhiên liệu rắn, lỏng, khí và các sản phẩm liên quan","NganhNgheTitleAscii":"/nganh-nghe/ban-buon-nhien-lieu-ran-long-khi-va-cac-san-pham-lien-quan","DSTags":["4700143804","Bắc Cạn",null]},{"Type":11,"SolrID":"/4700127383-ubnd-xa-bang-lang","ID":0,"MaSoThue":"4700127383","NgayCap":"2000-06-19T00:00:00Z","Title":"UBND xã Bằng Lãng","DiaChiCongTy":"Xã Bằng Lãng - Huyện Chợ Đồn - Bắc Cạn","Created":"2015-11-16T05:38:49Z","Updated":"2015-11-16T05:38:49Z","IsDelete":false,"RequestChanged":false,"ExitsInGDT":false,"SourceID":0,"TinhThanhID":0,"TinhThanhTitle":"Bắc Cạn","TinhThanhTitleAscii":"/bac-can","QuanHuyenID":0,"NganhNgheTitle":"Hoạt động dịch vụ tài chính khác chưa được phân vào đâu (trừ bảo hiểm và bảo hiểm xã hội)","NganhNgheTitleAscii":"/nganh-nghe/hoat-dong-dich-vu-tai-chinh-khac-chua-duoc-phan-vao-dau-tru-bao-hiem-va-bao-hiem-xa-hoi","DSTags":["4700127383","Bắc Cạn",null]}]}