{"ID":10972,"SolrID":"/bac-can/huyen-cho-don/xa-dongvien","Title":"Xã ĐôngViên","TinhThanhTitle":"Bắc Cạn","QuanHuyenTitle":"Huyện Chợ Đồn","QuanHuyenID":708,"TinhThanhID":47,"Url":"https://thongtindoanhnghiep.co/api/company?l=/bac-can/huyen-cho-don/xa-dongvien","Total":6,"List":[{"Type":11,"SolrID":"/4700256283-doi-thue-tay-bac","ID":0,"MaSoThue":"4700256283","NgayCap":"2015-01-28T00:00:00Z","Title":"Đội Thuế Tây Bắc","DiaChiCongTy":"Tổ 2A - Xã ĐôngViên - Huyện Chợ Đồn - Bắc Cạn","Created":"2015-11-17T11:58:59Z","Updated":"2015-11-17T11:58:59Z","IsDelete":false,"RequestChanged":false,"ExitsInGDT":false,"SourceID":0,"TinhThanhID":0,"TinhThanhTitle":"Bắc Cạn","TinhThanhTitleAscii":"/bac-can","QuanHuyenID":0,"NganhNgheTitle":"NÔNG NGHIỆP, LÂM NGHIỆP VÀ THUỶ SẢN","NganhNgheTitleAscii":"/nganh-nghe/nong-nghiep-lam-nghiep-va-thuy-san","DSTags":["4700256283","Bắc Cạn",null]},{"Type":11,"SolrID":"/4700243090-truong-trung-hoc-co-so-dong-vien","ID":0,"MaSoThue":"4700243090","NgayCap":"2013-07-10T00:00:00Z","Title":"TRườNG TRUNG HọC Cơ Sở ĐôNG VIêN","DiaChiCongTy":"Làng Sen - Xã ĐôngViên - Huyện Chợ Đồn - Bắc Cạn","Created":"2015-11-16T12:18:56Z","Updated":"2015-11-16T12:18:56Z","IsDelete":false,"RequestChanged":false,"ExitsInGDT":false,"SourceID":0,"TinhThanhID":0,"TinhThanhTitle":"Bắc Cạn","TinhThanhTitleAscii":"/bac-can","QuanHuyenID":0,"NganhNgheTitle":"NÔNG NGHIỆP, LÂM NGHIỆP VÀ THUỶ SẢN","NganhNgheTitleAscii":"/nganh-nghe/nong-nghiep-lam-nghiep-va-thuy-san","DSTags":["4700243090","Bắc Cạn",null]},{"Type":11,"SolrID":"/4700243083-truong-tieu-hoc-dong-vien","ID":0,"MaSoThue":"4700243083","NgayCap":"2013-07-10T00:00:00Z","Title":"TRườNG TIểU HọC ĐôNG VIêN","DiaChiCongTy":"Làng Sen - Xã ĐôngViên - Huyện Chợ Đồn - Bắc Cạn","Created":"2015-11-16T12:18:57Z","Updated":"2015-11-16T12:18:57Z","IsDelete":false,"RequestChanged":false,"ExitsInGDT":false,"SourceID":0,"TinhThanhID":0,"TinhThanhTitle":"Bắc Cạn","TinhThanhTitleAscii":"/bac-can","QuanHuyenID":0,"NganhNgheTitle":"NÔNG NGHIỆP, LÂM NGHIỆP VÀ THUỶ SẢN","NganhNgheTitleAscii":"/nganh-nghe/nong-nghiep-lam-nghiep-va-thuy-san","DSTags":["4700243083","Bắc Cạn",null]},{"Type":11,"SolrID":"/4700243076-truong-mam-non-dong-vien","ID":0,"MaSoThue":"4700243076","NgayCap":"2013-07-10T00:00:00Z","Title":"TRườNG MầM NON ĐôNG VIêN","DiaChiCongTy":"Thôn Làng Sen - Xã ĐôngViên - Huyện Chợ Đồn - Bắc Cạn","Created":"2015-11-16T12:18:58Z","Updated":"2015-11-16T12:18:58Z","IsDelete":false,"RequestChanged":false,"ExitsInGDT":false,"SourceID":0,"TinhThanhID":0,"TinhThanhTitle":"Bắc Cạn","TinhThanhTitleAscii":"/bac-can","QuanHuyenID":0,"NganhNgheTitle":"NÔNG NGHIỆP, LÂM NGHIỆP VÀ THUỶ SẢN","NganhNgheTitleAscii":"/nganh-nghe/nong-nghiep-lam-nghiep-va-thuy-san","DSTags":["4700243076","Bắc Cạn",null]},{"Type":11,"SolrID":"/4700189929-doanh-nghiep-tu-nhan-ngoc-thoa","ID":0,"MaSoThue":"4700189929","NgayCap":"2009-09-15T00:00:00Z","Title":"Doanh Nghiệp Tư Nhân Ngọc Thoa","DiaChiCongTy":"Thôn Làng Sen - Xã ĐôngViên - Huyện Chợ Đồn - Bắc Cạn","Created":"2015-11-17T07:25:58Z","Updated":"2015-11-17T07:25:58Z","IsDelete":false,"RequestChanged":false,"ExitsInGDT":false,"SourceID":0,"TinhThanhID":0,"TinhThanhTitle":"Bắc Cạn","TinhThanhTitleAscii":"/bac-can","QuanHuyenID":0,"NganhNgheTitle":"Sản xuất gỗ dán, gỗ lạng, ván ép và ván mỏng khác","NganhNgheTitleAscii":"/nganh-nghe/san-xuat-go-dan-go-lang-van-ep-va-van-mong-khac","DSTags":["4700189929","Bắc Cạn",null]},{"Type":11,"SolrID":"/4700146139-doanh-nghiep-tu-nhan-tien-tran","ID":0,"MaSoThue":"4700146139","NgayCap":"2004-11-30T00:00:00Z","Title":"Doanh Nghiệp Tư Nhân Tiến Trần","DiaChiCongTy":"Thôn Nà Cọ - Xã ĐôngViên - Huyện Chợ Đồn - Bắc Cạn","Created":"2015-11-09T10:03:38Z","Updated":"2015-11-09T10:03:38Z","IsDelete":false,"RequestChanged":false,"ExitsInGDT":false,"SourceID":0,"TinhThanhID":0,"TinhThanhTitle":"Bắc Cạn","TinhThanhTitleAscii":"/bac-can","QuanHuyenID":0,"NganhNgheTitle":"Sản xuất vật liệu xây dựng từ đất sét","NganhNgheTitleAscii":"/nganh-nghe/san-xuat-vat-lieu-xay-dung-tu-dat-set","DSTags":["4700146139","Bắc Cạn",null]}]}