{"ID":12454,"SolrID":"/bac-can/huyen-cho-don/xa-nghia-ta","Title":"Xã Nghĩa Tá","TinhThanhTitle":"Bắc Cạn","QuanHuyenTitle":"Huyện Chợ Đồn","QuanHuyenID":708,"TinhThanhID":47,"Url":"https://thongtindoanhnghiep.co/api/company?l=/bac-can/huyen-cho-don/xa-nghia-ta","Total":6,"List":[{"Type":11,"SolrID":"/4601077565-001-chi-nhanh-doanh-nghiep-tu-nhan-oanh-huong-van-tai-cho-don","ID":0,"MaSoThue":"4601077565-001","NgayCap":"2014-03-18T00:00:00Z","Title":"Chi Nhánh Doanh Nghiệp Tư Nhân Oanh Hương Vân Tại Chợ Đồn","DiaChiCongTy":"Thôn Nà Khằn - Xã Nghĩa Tá - Huyện Chợ Đồn - Bắc Cạn","Created":"2015-11-10T12:34:44Z","Updated":"2015-11-10T12:34:44Z","IsDelete":false,"RequestChanged":false,"ExitsInGDT":false,"SourceID":0,"TinhThanhID":0,"TinhThanhTitle":"Bắc Cạn","TinhThanhTitleAscii":"/bac-can","QuanHuyenID":0,"NganhNgheTitle":"Cưa, xẻ, bào gỗ và bảo quản gỗ","NganhNgheTitleAscii":"/nganh-nghe/cua-xe-bao-go-va-bao-quan-go","DSTags":["4601077565-001","Bắc Cạn",null]},{"Type":11,"SolrID":"/4700242467-truong-tieu-hoc-xa-nghia-ta","ID":0,"MaSoThue":"4700242467","NgayCap":"2013-06-25T00:00:00Z","Title":"TRườNG TIểU HọC Xã NGHĩA Tá","DiaChiCongTy":"Thôn Nà Đẩy - Xã Nghĩa Tá - Huyện Chợ Đồn - Bắc Cạn","Created":"2015-11-16T12:01:51Z","Updated":"2015-11-16T12:01:51Z","IsDelete":false,"RequestChanged":false,"ExitsInGDT":false,"SourceID":0,"TinhThanhID":0,"TinhThanhTitle":"Bắc Cạn","TinhThanhTitleAscii":"/bac-can","QuanHuyenID":0,"NganhNgheTitle":"NÔNG NGHIỆP, LÂM NGHIỆP VÀ THUỶ SẢN","NganhNgheTitleAscii":"/nganh-nghe/nong-nghiep-lam-nghiep-va-thuy-san","DSTags":["4700242467","Bắc Cạn",null]},{"Type":11,"SolrID":"/4700242442-truong-mam-non-xa-nghia-ta","ID":0,"MaSoThue":"4700242442","NgayCap":"2013-06-25T00:00:00Z","Title":"TRườNG MầM NON Xã NGHĩA Tá","DiaChiCongTy":"Thôn Nà Đẩy - Xã Nghĩa Tá - Huyện Chợ Đồn - Bắc Cạn","Created":"2015-11-16T12:01:53Z","Updated":"2015-11-16T12:01:53Z","IsDelete":false,"RequestChanged":false,"ExitsInGDT":false,"SourceID":0,"TinhThanhID":0,"TinhThanhTitle":"Bắc Cạn","TinhThanhTitleAscii":"/bac-can","QuanHuyenID":0,"NganhNgheTitle":"NÔNG NGHIỆP, LÂM NGHIỆP VÀ THUỶ SẢN","NganhNgheTitleAscii":"/nganh-nghe/nong-nghiep-lam-nghiep-va-thuy-san","DSTags":["4700242442","Bắc Cạn",null]},{"Type":11,"SolrID":"/4700242435-truong-trung-hoc-co-so-xa-nghiata","ID":0,"MaSoThue":"4700242435","NgayCap":"2013-06-25T00:00:00Z","Title":"TRườNG TRUNG HọC Cơ Sở Xã NGHĩATá","DiaChiCongTy":"Thôn Nà Đẩy - Xã Nghĩa Tá - Huyện Chợ Đồn - Bắc Cạn","Created":"2015-11-16T12:01:54Z","Updated":"2015-11-16T12:01:54Z","IsDelete":false,"RequestChanged":false,"ExitsInGDT":false,"SourceID":0,"TinhThanhID":0,"TinhThanhTitle":"Bắc Cạn","TinhThanhTitleAscii":"/bac-can","QuanHuyenID":0,"NganhNgheTitle":"NÔNG NGHIỆP, LÂM NGHIỆP VÀ THUỶ SẢN","NganhNgheTitleAscii":"/nganh-nghe/nong-nghiep-lam-nghiep-va-thuy-san","DSTags":["4700242435","Bắc Cạn",null]},{"Type":11,"SolrID":"/4700193139-doanh-nghiep-tn-duong-phong","ID":0,"MaSoThue":"4700193139","NgayCap":"2010-03-16T00:00:00Z","Title":"Doanh Nghiệp TN Dương Phong","DiaChiCongTy":"Thôn Bản Lạp - Xã Nghĩa Tá - Huyện Chợ Đồn - Bắc Cạn","Created":"2015-11-16T21:46:24Z","Updated":"2015-11-16T21:46:24Z","IsDelete":false,"RequestChanged":false,"ExitsInGDT":false,"SourceID":0,"TinhThanhID":0,"TinhThanhTitle":"Bắc Cạn","TinhThanhTitleAscii":"/bac-can","QuanHuyenID":0,"NganhNgheTitle":"Xây dựng công trình kỹ thuật dân dụng","NganhNgheTitleAscii":"/nganh-nghe/xay-dung-cong-trinh-ky-thuat-dan-dung","DSTags":["4700193139","Bắc Cạn",null]},{"Type":11,"SolrID":"/4700127418-ubnd-xa-nghia-ta","ID":0,"MaSoThue":"4700127418","NgayCap":"2000-06-19T00:00:00Z","Title":"UBND xã Nghĩa Tá","DiaChiCongTy":"Xã Nghĩa Tá - Huyện Chợ Đồn - Bắc Cạn","Created":"2015-11-16T14:37:51Z","Updated":"2015-11-16T14:37:51Z","IsDelete":false,"RequestChanged":false,"ExitsInGDT":false,"SourceID":0,"TinhThanhID":0,"TinhThanhTitle":"Bắc Cạn","TinhThanhTitleAscii":"/bac-can","QuanHuyenID":0,"NganhNgheTitle":"Hoạt động dịch vụ tài chính khác chưa được phân vào đâu (trừ bảo hiểm và bảo hiểm xã hội)","NganhNgheTitleAscii":"/nganh-nghe/hoat-dong-dich-vu-tai-chinh-khac-chua-duoc-phan-vao-dau-tru-bao-hiem-va-bao-hiem-xa-hoi","DSTags":["4700127418","Bắc Cạn",null]}]}