{"ID":8733,"SolrID":"/bac-can/huyen-cho-don/xa-ngoc-phai","Title":"Xã Ngọc Phái","TinhThanhTitle":"Bắc Cạn","QuanHuyenTitle":"Huyện Chợ Đồn","QuanHuyenID":708,"TinhThanhID":47,"Url":"https://thongtindoanhnghiep.co/api/company?l=/bac-can/huyen-cho-don/xa-ngoc-phai","Total":15,"List":[{"Type":11,"SolrID":"/4700263315-cong-ty-tnhh-khai-thac-khoang-san-ngoc-linh-bac-kan","ID":0,"MaSoThue":"4700263315","NgayCap":"2016-07-19T00:00:00Z","Title":"Công Ty TNHH Khai Thác Khoáng Sản Ngọc Linh Bắc Kạn","DiaChiCongTy":"Thôn Bản Cuôn II - Xã Ngọc Phái - Huyện Chợ Đồn - Bắc Cạn","Created":"2016-07-21T14:22:02Z","Updated":"2016-09-10T21:10:39Z","IsDelete":false,"RequestChanged":false,"ExitsInGDT":false,"SourceID":0,"TinhThanhID":0,"TinhThanhTitle":"Bắc Cạn","TinhThanhTitleAscii":"/bac-can","QuanHuyenID":0,"DSTags":["4700263315","Bắc Cạn",null]},{"Type":11,"SolrID":"/4700243284-truong-mam-non-ngoc-phai","ID":0,"MaSoThue":"4700243284","NgayCap":"2013-07-12T00:00:00Z","Title":"TRườNG MầM NON NGọC PHáI","DiaChiCongTy":"Phiêng Liềng 1 - Xã Ngọc Phái - Huyện Chợ Đồn - Bắc Cạn","Created":"2015-11-17T08:01:45Z","Updated":"2015-11-17T08:01:45Z","IsDelete":false,"RequestChanged":false,"ExitsInGDT":false,"SourceID":0,"TinhThanhID":0,"TinhThanhTitle":"Bắc Cạn","TinhThanhTitleAscii":"/bac-can","QuanHuyenID":0,"NganhNgheTitle":"NÔNG NGHIỆP, LÂM NGHIỆP VÀ THUỶ SẢN","NganhNgheTitleAscii":"/nganh-nghe/nong-nghiep-lam-nghiep-va-thuy-san","DSTags":["4700243284","Bắc Cạn",null]},{"Type":11,"SolrID":"/4700243291-truong-tieu-hoc-ngoc-phai","ID":0,"MaSoThue":"4700243291","NgayCap":"2013-07-12T00:00:00Z","Title":"TRườNG TIểU HọC NGọC PHáI","DiaChiCongTy":"Phiêng Liềng 1 - Xã Ngọc Phái - Huyện Chợ Đồn - Bắc Cạn","Created":"2015-11-17T08:01:46Z","Updated":"2015-11-17T08:01:46Z","IsDelete":false,"RequestChanged":false,"ExitsInGDT":false,"SourceID":0,"TinhThanhID":0,"TinhThanhTitle":"Bắc Cạn","TinhThanhTitleAscii":"/bac-can","QuanHuyenID":0,"NganhNgheTitle":"NÔNG NGHIỆP, LÂM NGHIỆP VÀ THUỶ SẢN","NganhNgheTitleAscii":"/nganh-nghe/nong-nghiep-lam-nghiep-va-thuy-san","DSTags":["4700243291","Bắc Cạn",null]},{"Type":11,"SolrID":"/4700242259-doanh-nghiep-tn-ngoc-phai","ID":0,"MaSoThue":"4700242259","NgayCap":"2013-06-13T00:00:00Z","Title":"Doanh Nghiệp TN Ngọc Phái","DiaChiCongTy":"Thôn Phiêng Liềng - Xã Ngọc Phái - Huyện Chợ Đồn - Bắc Cạn","Created":"2015-11-17T07:49:07Z","Updated":"2015-11-17T07:49:07Z","IsDelete":false,"RequestChanged":false,"ExitsInGDT":false,"SourceID":0,"TinhThanhID":0,"TinhThanhTitle":"Bắc Cạn","TinhThanhTitleAscii":"/bac-can","QuanHuyenID":0,"NganhNgheTitle":"Sản xuất bê tông và các sản phẩm từ xi măng và thạch cao","NganhNgheTitleAscii":"/nganh-nghe/san-xuat-be-tong-va-cac-san-pham-tu-xi-mang-va-thach-cao","DSTags":["4700242259","Bắc Cạn",null]},{"Type":11,"SolrID":"/4700197398-doanh-nghiep-tu-nhan-tien-hoang","ID":0,"MaSoThue":"4700197398","NgayCap":"2010-09-17T00:00:00Z","Title":"Doanh Nghiệp Tư Nhân Tiến Hoàng","DiaChiCongTy":"Thôn Bản Cuôn I - Xã Ngọc Phái - Huyện Chợ Đồn - Bắc Cạn","Created":"2015-11-10T02:04:30Z","Updated":"2015-11-10T02:04:30Z","IsDelete":false,"RequestChanged":false,"ExitsInGDT":false,"SourceID":0,"TinhThanhID":0,"TinhThanhTitle":"Bắc Cạn","TinhThanhTitleAscii":"/bac-can","QuanHuyenID":0,"NganhNgheTitle":"Sản xuất gỗ dán, gỗ lạng, ván ép và ván mỏng khác","NganhNgheTitleAscii":"/nganh-nghe/san-xuat-go-dan-go-lang-van-ep-va-van-mong-khac","DSTags":["4700197398","Bắc Cạn",null]},{"Type":11,"SolrID":"/4700194703-doanh-nghiep-tu-nhan-trung-thanh","ID":0,"MaSoThue":"4700194703","NgayCap":"2010-05-24T00:00:00Z","Title":"Doanh Nghiệp Tư Nhân  Trung Thành","DiaChiCongTy":"Thôn Nà Tùm - Xã Ngọc Phái - Huyện Chợ Đồn - Bắc Cạn","Created":"2015-11-16T20:28:17Z","Updated":"2015-11-16T20:28:17Z","IsDelete":false,"RequestChanged":false,"ExitsInGDT":false,"SourceID":0,"TinhThanhID":0,"TinhThanhTitle":"Bắc Cạn","TinhThanhTitleAscii":"/bac-can","QuanHuyenID":0,"NganhNgheTitle":"Xây dựng nhà các loại","NganhNgheTitleAscii":"/nganh-nghe/xay-dung-nha-cac-loai","DSTags":["4700194703","Bắc Cạn",null]},{"Type":11,"SolrID":"/4700193072-doanh-nghiep-tu-nhan-hoan-chi","ID":0,"MaSoThue":"4700193072","NgayCap":"2010-03-12T00:00:00Z","Title":"Doanh Nghiệp Tư Nhân  Hoàn Chi","DiaChiCongTy":"Thôn Nà Tùm - Xã Ngọc Phái - Huyện Chợ Đồn - Bắc Cạn","Created":"2015-11-11T06:48:42Z","Updated":"2015-11-11T06:48:42Z","IsDelete":false,"RequestChanged":false,"ExitsInGDT":false,"SourceID":0,"TinhThanhID":0,"TinhThanhTitle":"Bắc Cạn","TinhThanhTitleAscii":"/bac-can","QuanHuyenID":0,"NganhNgheTitle":"Sản xuất sản phẩm khác từ gỗ; sản xuất sản phẩm từ tre, nứa, rơm, rạ và vật liệu tết bện","NganhNgheTitleAscii":"/nganh-nghe/san-xuat-san-pham-khac-tu-go-san-xuat-san-pham-tu-tre-nua-rom-ra-va-vat-lieu-tet-ben","DSTags":["4700193072","Bắc Cạn",null]},{"Type":11,"SolrID":"/4700164378-cong-ty-tnhh-kim-loai-mau-ngoc-linh","ID":0,"MaSoThue":"4700164378","NgayCap":"2009-01-14T00:00:00Z","Title":"Công ty TNHH kim loại màu Ngọc Linh","DiaChiCongTy":"Xã Ngọc Phái - Huyện Chợ Đồn - Bắc Cạn","Created":"2015-11-11T08:06:25Z","Updated":"2015-11-11T08:06:25Z","IsDelete":false,"RequestChanged":false,"ExitsInGDT":false,"SourceID":0,"TinhThanhID":0,"TinhThanhTitle":"Bắc Cạn","TinhThanhTitleAscii":"/bac-can","QuanHuyenID":0,"NganhNgheTitle":"Khai thác quặng sắt","NganhNgheTitleAscii":"/nganh-nghe/khai-thac-quang-sat","DSTags":["4700164378","Bắc Cạn",null]},{"Type":11,"SolrID":"/5700438454-001-chi-nhanh-cong-ty-tnhh-thuong-mai-dich-vu-hoang-nam","ID":0,"MaSoThue":"5700438454-001","NgayCap":"2007-05-18T00:00:00Z","Title":"Chi Nhánh Công Ty TNHH Thương Mại Dịch Vụ Hoàng Nam","DiaChiCongTy":"Thôn Cốc Thử - Xã Ngọc Phái - Huyện Chợ Đồn - Bắc Cạn","Created":"2015-11-11T10:59:16Z","Updated":"2015-11-11T10:59:16Z","IsDelete":false,"RequestChanged":false,"ExitsInGDT":false,"SourceID":0,"TinhThanhID":0,"TinhThanhTitle":"Bắc Cạn","TinhThanhTitleAscii":"/bac-can","QuanHuyenID":0,"NganhNgheTitle":"Khai thác quặng kim loại quí hiếm","NganhNgheTitleAscii":"/nganh-nghe/khai-thac-quang-kim-loai-qui-hiem","DSTags":["5700438454-001","Bắc Cạn",null]},{"Type":11,"SolrID":"/4700149524-hop-tac-xa-thanh-dat","ID":0,"MaSoThue":"4700149524","NgayCap":"2006-06-02T00:00:00Z","Title":"Hợp tác xã Thành Đạt","DiaChiCongTy":"UBND xã Ngọc Phái - Huyện Chợ Đồn - Bắc Cạn","Created":"2015-11-17T04:12:39Z","Updated":"2015-11-17T04:12:39Z","IsDelete":false,"RequestChanged":false,"ExitsInGDT":false,"SourceID":0,"TinhThanhID":0,"TinhThanhTitle":"Bắc Cạn","TinhThanhTitleAscii":"/bac-can","QuanHuyenID":0,"NganhNgheTitle":"Sản xuất, truyền tải và phân phối điện","NganhNgheTitleAscii":"/nganh-nghe/san-xuat-truyen-tai-va-phan-phoi-dien","DSTags":["4700149524","Bắc Cạn",null]},{"Type":11,"SolrID":"/4700149531-hop-tac-xa-chung-kien","ID":0,"MaSoThue":"4700149531","NgayCap":"2006-06-02T00:00:00Z","Title":"Hợp tác xã Chung kiên","DiaChiCongTy":"Thôn Bản Cuôn, xã Ngọc Phái - Xã Ngọc Phái - Huyện Chợ Đồn - Bắc Cạn","Created":"2015-11-17T04:12:40Z","Updated":"2015-11-17T04:12:40Z","IsDelete":false,"RequestChanged":false,"ExitsInGDT":false,"SourceID":0,"TinhThanhID":0,"TinhThanhTitle":"Bắc Cạn","TinhThanhTitleAscii":"/bac-can","QuanHuyenID":0,"NganhNgheTitle":"Sản xuất sản phẩm từ gỗ, tre, nứa (trừ giường, tủ, bàn, ghế); sản xuất sản phẩm từ rơm, rạ và vật liệu tết bện","NganhNgheTitleAscii":"/nganh-nghe/san-xuat-san-pham-tu-go-tre-nua-tru-giuong-tu-ban-ghe-san-xuat-san-pham-tu-rom-ra-va-vat-lieu-tet-ben","DSTags":["4700149531","Bắc Cạn",null]},{"Type":11,"SolrID":"/0100100336-012-chi-nhanh-matexim-bac-kan","ID":0,"MaSoThue":"0100100336-012","NgayCap":"2006-04-13T00:00:00Z","Title":"Chi nhánh MATEXIM Bắc Kạn","DiaChiCongTy":"Thôn Bản Cuôn 1, Xã Ngọc Phái - Huyện Chợ Đồn - Bắc Cạn","Created":"2015-11-18T04:22:02Z","Updated":"2015-11-18T04:22:02Z","IsDelete":false,"RequestChanged":false,"ExitsInGDT":false,"SourceID":0,"TinhThanhID":0,"TinhThanhTitle":"Bắc Cạn","TinhThanhTitleAscii":"/bac-can","QuanHuyenID":0,"NganhNgheTitle":"Khai thác quặng sắt","NganhNgheTitleAscii":"/nganh-nghe/khai-thac-quang-sat","DSTags":["0100100336-012","Bắc Cạn",null]},{"Type":11,"SolrID":"/0101228392-003-chi-nhanh-cong-ty-co-phan-thep-viet-nhat-tai-bac-kan","ID":0,"MaSoThue":"0101228392-003","NgayCap":"2005-12-13T00:00:00Z","Title":"Chi nhánh công ty cổ phần Thép Việt Nhật tại Bắc Kạn","DiaChiCongTy":"Thôn Bản Cuôn 1, Xã Ngọc Phái - Huyện Chợ Đồn - Bắc Cạn","Created":"2015-11-18T11:37:01Z","Updated":"2015-11-18T11:37:01Z","IsDelete":false,"RequestChanged":false,"ExitsInGDT":false,"SourceID":0,"TinhThanhID":0,"TinhThanhTitle":"Bắc Cạn","TinhThanhTitleAscii":"/bac-can","QuanHuyenID":0,"NganhNgheTitle":"Bán buôn chuyên doanh khác","NganhNgheTitleAscii":"/nganh-nghe/ban-buon-chuyen-doanh-khac","DSTags":["0101228392-003","Bắc Cạn",null]},{"Type":11,"SolrID":"/4700135627-cong-ty-tnhh-thanh-ngan","ID":0,"MaSoThue":"4700135627","NgayCap":"2001-10-10T00:00:00Z","Title":"Công ty TNHH Thành Ngân","DiaChiCongTy":"Xã Ngọc Phái - Huyện Chợ Đồn - Bắc Cạn","Created":"2015-11-12T12:15:06Z","Updated":"2015-11-12T12:15:06Z","IsDelete":false,"RequestChanged":false,"ExitsInGDT":false,"SourceID":0,"TinhThanhID":0,"TinhThanhTitle":"Bắc Cạn","TinhThanhTitleAscii":"/bac-can","QuanHuyenID":0,"NganhNgheTitle":"Khai khoáng khác chưa được phân vào đâu","NganhNgheTitleAscii":"/nganh-nghe/khai-khoang-khac-chua-duoc-phan-vao-dau","DSTags":["4700135627","Bắc Cạn",null]},{"Type":11,"SolrID":"/4700127168-ubnd-xa-ngoc-phai","ID":0,"MaSoThue":"4700127168","NgayCap":"2000-06-15T00:00:00Z","Title":"UBND xã Ngọc Phái","DiaChiCongTy":"Xã Ngọc Phái - Huyện Chợ Đồn - Bắc Cạn","Created":"2015-11-16T05:38:52Z","Updated":"2015-11-16T05:38:52Z","IsDelete":false,"RequestChanged":false,"ExitsInGDT":false,"SourceID":0,"TinhThanhID":0,"TinhThanhTitle":"Bắc Cạn","TinhThanhTitleAscii":"/bac-can","QuanHuyenID":0,"NganhNgheTitle":"Hoạt động dịch vụ tài chính khác chưa được phân vào đâu (trừ bảo hiểm và bảo hiểm xã hội)","NganhNgheTitleAscii":"/nganh-nghe/hoat-dong-dich-vu-tai-chinh-khac-chua-duoc-phan-vao-dau-tru-bao-hiem-va-bao-hiem-xa-hoi","DSTags":["4700127168","Bắc Cạn",null]}]}