{"ID":12032,"SolrID":"/bac-can/huyen-cho-don/xa-nam-cuong","Title":"Xã Nam Cường","TinhThanhTitle":"Bắc Cạn","QuanHuyenTitle":"Huyện Chợ Đồn","QuanHuyenID":708,"TinhThanhID":47,"Url":"https://thongtindoanhnghiep.co/api/company?l=/bac-can/huyen-cho-don/xa-nam-cuong","Total":8,"List":[{"Type":11,"SolrID":"/4700248028-cong-ty-tnhh-thinh-an-bac-kan","ID":0,"MaSoThue":"4700248028","NgayCap":"2014-02-14T00:00:00Z","Title":"Công Ty TNHH Thịnh An Bắc Kạn","DiaChiCongTy":"Thôn Nà Lình - Xã Nam Cường - Huyện Chợ Đồn - Bắc Cạn","Created":"2015-11-11T17:07:07Z","Updated":"2015-11-11T17:07:07Z","IsDelete":false,"RequestChanged":false,"ExitsInGDT":false,"SourceID":0,"TinhThanhID":0,"TinhThanhTitle":"Bắc Cạn","TinhThanhTitleAscii":"/bac-can","QuanHuyenID":0,"NganhNgheTitle":"Xây dựng nhà các loại","NganhNgheTitleAscii":"/nganh-nghe/xay-dung-nha-cac-loai","DSTags":["4700248028","Bắc Cạn",null]},{"Type":11,"SolrID":"/4700225694-cong-ty-tnhh-chien-chinh","ID":0,"MaSoThue":"4700225694","NgayCap":"2012-02-15T00:00:00Z","Title":"Công Ty TNHH Chiến Chinh","DiaChiCongTy":"Bản Mới - Xã Nam Cường - Huyện Chợ Đồn - Bắc Cạn","Created":"2015-11-10T02:04:27Z","Updated":"2015-11-10T02:04:27Z","IsDelete":false,"RequestChanged":false,"ExitsInGDT":false,"SourceID":0,"TinhThanhID":0,"TinhThanhTitle":"Bắc Cạn","TinhThanhTitleAscii":"/bac-can","QuanHuyenID":0,"NganhNgheTitle":"Sản xuất sản phẩm khác từ gỗ","NganhNgheTitleAscii":"/nganh-nghe/san-xuat-san-pham-khac-tu-go","DSTags":["4700225694","Bắc Cạn",null]},{"Type":11,"SolrID":"/4700197253-doanh-nghiep-tu-nhan-huynh-quy","ID":0,"MaSoThue":"4700197253","NgayCap":"2010-08-31T00:00:00Z","Title":"Doanh nghiệp tư nhân Huỳnh Quý","DiaChiCongTy":"Thôn Nà Mèo, xã Nam Cường - Huyện Chợ Đồn - Bắc Cạn","Created":"2015-11-17T02:38:35Z","Updated":"2015-11-17T02:38:35Z","IsDelete":false,"RequestChanged":false,"ExitsInGDT":false,"SourceID":0,"TinhThanhID":0,"TinhThanhTitle":"Bắc Cạn","TinhThanhTitleAscii":"/bac-can","QuanHuyenID":0,"NganhNgheTitle":"Lâm nghiệp và hoạt động dịch vụ có liên quan","NganhNgheTitleAscii":"/nganh-nghe/lam-nghiep-va-hoat-dong-dich-vu-co-lien-quan","DSTags":["4700197253","Bắc Cạn",null]},{"Type":11,"SolrID":"/4700195182-doanh-nghiep-tu-nhan-manh-khanh","ID":0,"MaSoThue":"4700195182","NgayCap":"2010-06-09T00:00:00Z","Title":"Doanh nghiệp tư nhân Mạnh Khanh","DiaChiCongTy":"Thôn 7, xã Nam Cường - Huyện Chợ Đồn - Bắc Cạn","Created":"2015-11-16T20:38:20Z","Updated":"2015-11-16T20:38:20Z","IsDelete":false,"RequestChanged":false,"ExitsInGDT":false,"SourceID":0,"TinhThanhID":0,"TinhThanhTitle":"Bắc Cạn","TinhThanhTitleAscii":"/bac-can","QuanHuyenID":0,"NganhNgheTitle":"Chế biến gỗ và sản xuất sản phẩm từ gỗ, tre, nứa (trừ giường, tủ, bàn, ghế); sản xuất sản phẩm từ rơm, rạ và vật liệu tết bện","NganhNgheTitleAscii":"/nganh-nghe/che-bien-go-va-san-xuat-san-pham-tu-go-tre-nua-tru-giuong-tu-ban-ghe-san-xuat-san-pham-tu-rom-ra-va-vat-lieu-tet-ben","DSTags":["4700195182","Bắc Cạn",null]},{"Type":11,"SolrID":"/4700159113-doanh-nghiep-tu-nhan-dong-thanh","ID":0,"MaSoThue":"4700159113","NgayCap":"2008-01-04T00:00:00Z","Title":"Doanh nghiệp tư nhân Đồng Thành","DiaChiCongTy":"Xóm Bản Mới, Xã Nam Cường - Huyện Chợ Đồn - Bắc Cạn","Created":"2015-11-09T10:10:54Z","Updated":"2015-11-09T10:10:54Z","IsDelete":false,"RequestChanged":false,"ExitsInGDT":false,"SourceID":0,"TinhThanhID":0,"TinhThanhTitle":"Bắc Cạn","TinhThanhTitleAscii":"/bac-can","QuanHuyenID":0,"NganhNgheTitle":"Sản xuất sản phẩm từ gỗ, tre, nứa (trừ giường, tủ, bàn, ghế); sản xuất sản phẩm từ rơm, rạ và vật liệu tết bện","NganhNgheTitleAscii":"/nganh-nghe/san-xuat-san-pham-tu-go-tre-nua-tru-giuong-tu-ban-ghe-san-xuat-san-pham-tu-rom-ra-va-vat-lieu-tet-ben","DSTags":["4700159113","Bắc Cạn",null]},{"Type":11,"SolrID":"/4700151509-doanh-nghiep-tu-nhan-quang-linh","ID":0,"MaSoThue":"4700151509","NgayCap":"2007-06-21T00:00:00Z","Title":"Doanh nghiệp tư nhân Quang Linh","DiaChiCongTy":"Thôn Bản Mới- Xã Nam Cường - Huyện Chợ Đồn - Bắc Cạn","Created":"2015-11-09T02:00:05Z","Updated":"2015-11-09T02:00:05Z","IsDelete":false,"RequestChanged":false,"ExitsInGDT":false,"SourceID":0,"TinhThanhID":0,"TinhThanhTitle":"Bắc Cạn","TinhThanhTitleAscii":"/bac-can","QuanHuyenID":0,"NganhNgheTitle":"Bán lẻ nhiên liệu động cơ trong các cửa hàng chuyên doanh","NganhNgheTitleAscii":"/nganh-nghe/ban-le-nhien-lieu-dong-co-trong-cac-cua-hang-chuyen-doanh","DSTags":["4700151509","Bắc Cạn",null]},{"Type":11,"SolrID":"/4700151026-doanh-nghiep-tu-nhan-thanh-son","ID":0,"MaSoThue":"4700151026","NgayCap":"2007-03-21T00:00:00Z","Title":"Doanh Nghiệp Tư Nhân Thanh Sơn","DiaChiCongTy":"Thôn Nà Liền - Xã Nam Cường - Huyện Chợ Đồn - Bắc Cạn","Created":"2015-11-11T07:44:17Z","Updated":"2015-11-11T07:44:17Z","IsDelete":false,"RequestChanged":false,"ExitsInGDT":false,"SourceID":0,"TinhThanhID":0,"TinhThanhTitle":"Bắc Cạn","TinhThanhTitleAscii":"/bac-can","QuanHuyenID":0,"NganhNgheTitle":"Xây dựng nhà các loại","NganhNgheTitleAscii":"/nganh-nghe/xay-dung-nha-cac-loai","DSTags":["4700151026","Bắc Cạn",null]},{"Type":11,"SolrID":"/4700127182-ubnd-xa-nam-cuong","ID":0,"MaSoThue":"4700127182","NgayCap":"2000-06-15T00:00:00Z","Title":"UBND xã Nam Cường","DiaChiCongTy":"Xã Nam Cường - Huyện Chợ Đồn - Bắc Cạn","Created":"2015-11-16T14:37:47Z","Updated":"2015-11-16T14:37:47Z","IsDelete":false,"RequestChanged":false,"ExitsInGDT":false,"SourceID":0,"TinhThanhID":0,"TinhThanhTitle":"Bắc Cạn","TinhThanhTitleAscii":"/bac-can","QuanHuyenID":0,"NganhNgheTitle":"Hoạt động dịch vụ tài chính khác chưa được phân vào đâu (trừ bảo hiểm và bảo hiểm xã hội)","NganhNgheTitleAscii":"/nganh-nghe/hoat-dong-dich-vu-tai-chinh-khac-chua-duoc-phan-vao-dau-tru-bao-hiem-va-bao-hiem-xa-hoi","DSTags":["4700127182","Bắc Cạn",null]}]}