{"ID":12547,"SolrID":"/bac-can/huyen-cho-don/xa-phong-huan","Title":"Xã Phong Huân","TinhThanhTitle":"Bắc Cạn","QuanHuyenTitle":"Huyện Chợ Đồn","QuanHuyenID":708,"TinhThanhID":47,"Url":"https://thongtindoanhnghiep.co/api/company?l=/bac-can/huyen-cho-don/xa-phong-huan","Total":3,"List":[{"Type":11,"SolrID":"/4700202785-doanh-nghiep-tn-thuy-thu","ID":0,"MaSoThue":"4700202785","NgayCap":"2011-05-16T00:00:00Z","Title":"Doanh Nghiệp TN Thùy Thư","DiaChiCongTy":"Thôn Nà Mạng - Xã Phong Huân - Huyện Chợ Đồn - Bắc Cạn","Created":"2015-11-16T20:14:06Z","Updated":"2015-11-16T20:14:06Z","IsDelete":false,"RequestChanged":false,"ExitsInGDT":false,"SourceID":0,"TinhThanhID":0,"TinhThanhTitle":"Bắc Cạn","TinhThanhTitleAscii":"/bac-can","QuanHuyenID":0,"NganhNgheTitle":"Bán buôn tre, nứa, gỗ cây và gỗ chế biến","NganhNgheTitleAscii":"/nganh-nghe/ban-buon-tre-nua-go-cay-va-go-che-bien","DSTags":["4700202785","Bắc Cạn",null]},{"Type":11,"SolrID":"/4700155775-doanh-nghiep-tu-nhan-phuong-tuan","ID":0,"MaSoThue":"4700155775","NgayCap":"2007-11-15T00:00:00Z","Title":"Doanh nghiệp tư nhân Phương Tuân","DiaChiCongTy":"Thôn Pác Cộp, Xã Phong Huân - Huyện Chợ Đồn - Bắc Cạn","Created":"2015-11-09T05:01:57Z","Updated":"2015-11-09T05:01:57Z","IsDelete":false,"RequestChanged":false,"ExitsInGDT":false,"SourceID":0,"TinhThanhID":0,"TinhThanhTitle":"Bắc Cạn","TinhThanhTitleAscii":"/bac-can","QuanHuyenID":0,"NganhNgheTitle":"Sản xuất sản phẩm khác từ gỗ; sản xuất sản phẩm từ tre, nứa, rơm, rạ và vật liệu tết bện","NganhNgheTitleAscii":"/nganh-nghe/san-xuat-san-pham-khac-tu-go-san-xuat-san-pham-tu-tre-nua-rom-ra-va-vat-lieu-tet-ben","DSTags":["4700155775","Bắc Cạn",null]},{"Type":11,"SolrID":"/4700127094-ubnd-xa-phong-huan","ID":0,"MaSoThue":"4700127094","NgayCap":"2000-06-15T00:00:00Z","Title":"UBND xã Phong Huân","DiaChiCongTy":"Xã Phong Huân - Huyện Chợ Đồn - Bắc Cạn","Created":"2015-11-16T14:37:34Z","Updated":"2015-11-16T14:37:34Z","IsDelete":false,"RequestChanged":false,"ExitsInGDT":false,"SourceID":0,"TinhThanhID":0,"TinhThanhTitle":"Bắc Cạn","TinhThanhTitleAscii":"/bac-can","QuanHuyenID":0,"NganhNgheTitle":"Hoạt động dịch vụ tài chính khác chưa được phân vào đâu (trừ bảo hiểm và bảo hiểm xã hội)","NganhNgheTitleAscii":"/nganh-nghe/hoat-dong-dich-vu-tai-chinh-khac-chua-duoc-phan-vao-dau-tru-bao-hiem-va-bao-hiem-xa-hoi","DSTags":["4700127094","Bắc Cạn",null]}]}