{"ID":6074,"SolrID":"/bac-can/huyen-cho-don/xa-ra-ban","Title":"Xã Rã Bản","TinhThanhTitle":"Bắc Cạn","QuanHuyenTitle":"Huyện Chợ Đồn","QuanHuyenID":708,"TinhThanhID":47,"Url":"https://thongtindoanhnghiep.co/api/company?l=/bac-can/huyen-cho-don/xa-ra-ban","Total":5,"List":[{"Type":11,"SolrID":"/4700234787-cong-ty-tnhh-mot-thanh-vien-hai-ha-bk","ID":0,"MaSoThue":"4700234787","NgayCap":"2012-08-03T00:00:00Z","Title":"Công Ty TNHH Một Thành Viên Hải Hà Bk","DiaChiCongTy":"Thôn Nà Tải - Xã Rã Bản - Huyện Chợ Đồn - Bắc Cạn","Created":"2015-11-12T06:49:18Z","Updated":"2015-11-12T06:49:18Z","IsDelete":false,"RequestChanged":false,"ExitsInGDT":false,"SourceID":0,"TinhThanhID":0,"TinhThanhTitle":"Bắc Cạn","TinhThanhTitleAscii":"/bac-can","QuanHuyenID":0,"NganhNgheTitle":"Xây dựng nhà các loại","NganhNgheTitleAscii":"/nganh-nghe/xay-dung-nha-cac-loai","DSTags":["4700234787","Bắc Cạn",null]},{"Type":11,"SolrID":"/4700193146-doanh-nghiep-tn-thuong-mai-va-dich-vu-hong-thinh","ID":0,"MaSoThue":"4700193146","NgayCap":"2010-03-16T00:00:00Z","Title":"Doanh nghiệp TN thương mại và dịch vụ Hồng Thịnh","DiaChiCongTy":"Thôn Nà Tải - Xã Rã Bản - Huyện Chợ Đồn - Bắc Cạn","Created":"2015-11-11T03:25:14Z","Updated":"2015-11-11T03:25:14Z","IsDelete":false,"RequestChanged":false,"ExitsInGDT":false,"SourceID":0,"TinhThanhID":0,"TinhThanhTitle":"Bắc Cạn","TinhThanhTitleAscii":"/bac-can","QuanHuyenID":0,"NganhNgheTitle":"Xây dựng công trình kỹ thuật dân dụng","NganhNgheTitleAscii":"/nganh-nghe/xay-dung-cong-trinh-ky-thuat-dan-dung","DSTags":["4700193146","Bắc Cạn",null]},{"Type":11,"SolrID":"/4700188160-doanh-nghiep-tu-nhan-van-so","ID":0,"MaSoThue":"4700188160","NgayCap":"2009-07-29T00:00:00Z","Title":"Doanh nghiệp tư nhân Văn Sở","DiaChiCongTy":"Thôn Nà Tải, xã Rã Bản - Huyện Chợ Đồn - Bắc Cạn","Created":"2015-11-11T06:48:01Z","Updated":"2015-11-11T06:48:01Z","IsDelete":false,"RequestChanged":false,"ExitsInGDT":false,"SourceID":0,"TinhThanhID":0,"TinhThanhTitle":"Bắc Cạn","TinhThanhTitleAscii":"/bac-can","QuanHuyenID":0,"NganhNgheTitle":"Chế biến gỗ và sản xuất sản phẩm từ gỗ, tre, nứa (trừ giường, tủ, bàn, ghế); sản xuất sản phẩm từ rơm, rạ và vật liệu tết bện","NganhNgheTitleAscii":"/nganh-nghe/che-bien-go-va-san-xuat-san-pham-tu-go-tre-nua-tru-giuong-tu-ban-ghe-san-xuat-san-pham-tu-rom-ra-va-vat-lieu-tet-ben","DSTags":["4700188160","Bắc Cạn",null]},{"Type":11,"SolrID":"/4700145777-hop-tac-xa-dong-tam","ID":0,"MaSoThue":"4700145777","NgayCap":"2004-09-17T00:00:00Z","Title":"Hợp tác xã Đồng Tâm","DiaChiCongTy":"Trụ sở UBND Xã Rã Bản - Huyện Chợ Đồn - Bắc Cạn","Created":"2015-11-19T03:21:27Z","Updated":"2015-11-19T03:21:27Z","IsDelete":false,"RequestChanged":false,"ExitsInGDT":false,"SourceID":0,"TinhThanhID":0,"TinhThanhTitle":"Bắc Cạn","TinhThanhTitleAscii":"/bac-can","QuanHuyenID":0,"NganhNgheTitle":"Sản xuất, truyền tải và phân phối điện","NganhNgheTitleAscii":"/nganh-nghe/san-xuat-truyen-tai-va-phan-phoi-dien","DSTags":["4700145777","Bắc Cạn",null]},{"Type":11,"SolrID":"/4700127111-ubnd-xa-ra-ban","ID":0,"MaSoThue":"4700127111","NgayCap":"2000-06-15T00:00:00Z","Title":"UBND xã Rã Bản","DiaChiCongTy":"Xã Rã Bản - Huyện Chợ Đồn - Bắc Cạn","Created":"2015-11-16T05:38:54Z","Updated":"2015-11-16T05:38:54Z","IsDelete":false,"RequestChanged":false,"ExitsInGDT":false,"SourceID":0,"TinhThanhID":0,"TinhThanhTitle":"Bắc Cạn","TinhThanhTitleAscii":"/bac-can","QuanHuyenID":0,"NganhNgheTitle":"Hoạt động dịch vụ tài chính khác chưa được phân vào đâu (trừ bảo hiểm và bảo hiểm xã hội)","NganhNgheTitleAscii":"/nganh-nghe/hoat-dong-dich-vu-tai-chinh-khac-chua-duoc-phan-vao-dau-tru-bao-hiem-va-bao-hiem-xa-hoi","DSTags":["4700127111","Bắc Cạn",null]}]}