{"ID":12128,"SolrID":"/bac-can/huyen-cho-don/xa-xuan-lac","Title":"Xã Xuân Lạc","TinhThanhTitle":"Bắc Cạn","QuanHuyenTitle":"Huyện Chợ Đồn","QuanHuyenID":708,"TinhThanhID":47,"Url":"https://thongtindoanhnghiep.co/api/company?l=/bac-can/huyen-cho-don/xa-xuan-lac","Total":2,"List":[{"Type":11,"SolrID":"/4700169094-doanh-nghiep-tu-nhan-ngoc-le","ID":0,"MaSoThue":"4700169094","NgayCap":"2009-03-24T00:00:00Z","Title":"Doanh nghiệp tư nhân Ngọc Lễ","DiaChiCongTy":"Thôn bản ó, xã Xuân Lạc - Huyện Chợ Đồn - Bắc Cạn","Created":"2015-11-17T01:57:39Z","Updated":"2015-11-17T01:57:39Z","IsDelete":false,"RequestChanged":false,"ExitsInGDT":false,"SourceID":0,"TinhThanhID":0,"TinhThanhTitle":"Bắc Cạn","TinhThanhTitleAscii":"/bac-can","QuanHuyenID":0,"NganhNgheTitle":"Chăn nuôi khác","NganhNgheTitleAscii":"/nganh-nghe/chan-nuoi-khac","DSTags":["4700169094","Bắc Cạn",null]},{"Type":11,"SolrID":"/4700127231-ubnd-xa-xuan-lac","ID":0,"MaSoThue":"4700127231","NgayCap":"2000-06-15T00:00:00Z","Title":"UBND xã Xuân Lạc","DiaChiCongTy":"Xã Xuân Lạc - Huyện Chợ Đồn - Bắc Cạn","Created":"2015-11-16T05:38:53Z","Updated":"2015-11-16T05:38:53Z","IsDelete":false,"RequestChanged":false,"ExitsInGDT":false,"SourceID":0,"TinhThanhID":0,"TinhThanhTitle":"Bắc Cạn","TinhThanhTitleAscii":"/bac-can","QuanHuyenID":0,"NganhNgheTitle":"Hoạt động dịch vụ tài chính khác chưa được phân vào đâu (trừ bảo hiểm và bảo hiểm xã hội)","NganhNgheTitleAscii":"/nganh-nghe/hoat-dong-dich-vu-tai-chinh-khac-chua-duoc-phan-vao-dau-tru-bao-hiem-va-bao-hiem-xa-hoi","DSTags":["4700127231","Bắc Cạn",null]}]}