{"ID":13509,"SolrID":"/bac-can/huyen-cho-don/xa-yen-thuong","Title":"Xã Yên Thượng","TinhThanhTitle":"Bắc Cạn","QuanHuyenTitle":"Huyện Chợ Đồn","QuanHuyenID":708,"TinhThanhID":47,"Url":"https://thongtindoanhnghiep.co/api/company?l=/bac-can/huyen-cho-don/xa-yen-thuong","Total":1,"List":[{"Type":11,"SolrID":"/4700127425-ubnd-xa-yen-thuong","ID":0,"MaSoThue":"4700127425","NgayCap":"2000-06-19T00:00:00Z","Title":"UBND xã Yên Thượng","DiaChiCongTy":"Xã Yên Thượng - Huyện Chợ Đồn - Bắc Cạn","Created":"2015-11-16T14:37:50Z","Updated":"2015-11-16T14:37:50Z","IsDelete":false,"RequestChanged":false,"ExitsInGDT":false,"SourceID":0,"TinhThanhID":0,"TinhThanhTitle":"Bắc Cạn","TinhThanhTitleAscii":"/bac-can","QuanHuyenID":0,"NganhNgheTitle":"Hoạt động dịch vụ tài chính khác chưa được phân vào đâu (trừ bảo hiểm và bảo hiểm xã hội)","NganhNgheTitleAscii":"/nganh-nghe/hoat-dong-dich-vu-tai-chinh-khac-chua-duoc-phan-vao-dau-tru-bao-hiem-va-bao-hiem-xa-hoi","DSTags":["4700127425","Bắc Cạn",null]}]}