{"ID":4523,"SolrID":"/bac-can/huyen-cho-don/xa-yen-my","Title":"Xã Yên Mỹ","TinhThanhTitle":"Bắc Cạn","QuanHuyenTitle":"Huyện Chợ Đồn","QuanHuyenID":708,"TinhThanhID":47,"Url":"https://thongtindoanhnghiep.co/api/company?l=/bac-can/huyen-cho-don/xa-yen-my","Total":10,"List":[{"Type":11,"SolrID":"/4700262022-doanh-nghiep-tu-nhan-cay-duoc-lieu-bac-son","ID":0,"MaSoThue":"4700262022","NgayCap":"2016-04-13T00:00:00Z","Title":"Doanh Nghiệp Tư Nhân Cây Dược Liệu Bắc Sơn","DiaChiCongTy":"Thôn ủm Đon - Xã Yên Mỹ - Huyện Chợ Đồn - Bắc Cạn","Created":"2016-04-18T08:04:47Z","Updated":"2016-04-18T08:04:47Z","IsDelete":false,"RequestChanged":false,"ExitsInGDT":false,"SourceID":0,"TinhThanhID":0,"TinhThanhTitle":"Bắc Cạn","TinhThanhTitleAscii":"/bac-can","QuanHuyenID":0,"NganhNgheTitle":"Trồng cây gia vị, cây dược liệu","NganhNgheTitleAscii":"/nganh-nghe/trong-cay-gia-vi-cay-duoc-lieu","DSTags":["4700262022","Bắc Cạn",null]},{"Type":11,"SolrID":"/4700159297-001-chi-nhanh-doanh-nghiep-tu-nhan-dat-tien-tai-cho-don","ID":0,"MaSoThue":"4700159297-001","NgayCap":"2013-07-30T00:00:00Z","Title":"Chi Nhánh Doanh Nghiệp Tư Nhân Đạt Tiến Tại Chợ Đồn","DiaChiCongTy":"Thôn Nà Lẹng - Xã Yên Mỹ - Huyện Chợ Đồn - Bắc Cạn","Created":"2015-11-19T08:48:58Z","Updated":"2015-11-19T08:48:58Z","IsDelete":false,"RequestChanged":false,"ExitsInGDT":false,"SourceID":0,"TinhThanhID":0,"TinhThanhTitle":"Bắc Cạn","TinhThanhTitleAscii":"/bac-can","QuanHuyenID":0,"NganhNgheTitle":"Sản xuất gỗ dán, gỗ lạng, ván ép và ván mỏng khác","NganhNgheTitleAscii":"/nganh-nghe/san-xuat-go-dan-go-lang-van-ep-va-van-mong-khac","DSTags":["4700159297-001","Bắc Cạn",null]},{"Type":11,"SolrID":"/4700243397-truong-pho-thong-co-so-yen-my","ID":0,"MaSoThue":"4700243397","NgayCap":"2013-07-16T00:00:00Z","Title":"TRườNG PHổ THôNG Cơ Sở YêN Mỹ","DiaChiCongTy":"ủm Đon - Xã Yên Mỹ - Huyện Chợ Đồn - Bắc Cạn","Created":"2015-11-16T13:54:33Z","Updated":"2015-11-16T13:54:33Z","IsDelete":false,"RequestChanged":false,"ExitsInGDT":false,"SourceID":0,"TinhThanhID":0,"TinhThanhTitle":"Bắc Cạn","TinhThanhTitleAscii":"/bac-can","QuanHuyenID":0,"NganhNgheTitle":"NÔNG NGHIỆP, LÂM NGHIỆP VÀ THUỶ SẢN","NganhNgheTitleAscii":"/nganh-nghe/nong-nghiep-lam-nghiep-va-thuy-san","DSTags":["4700243397","Bắc Cạn",null]},{"Type":11,"SolrID":"/4700243125-truong-mam-non-yen-my","ID":0,"MaSoThue":"4700243125","NgayCap":"2013-07-11T00:00:00Z","Title":"TRườNG MầM NON YêN Mỹ","DiaChiCongTy":"Thôn ủm Đon - Xã Yên Mỹ - Huyện Chợ Đồn - Bắc Cạn","Created":"2015-11-16T12:19:27Z","Updated":"2015-11-16T12:19:27Z","IsDelete":false,"RequestChanged":false,"ExitsInGDT":false,"SourceID":0,"TinhThanhID":0,"TinhThanhTitle":"Bắc Cạn","TinhThanhTitleAscii":"/bac-can","QuanHuyenID":0,"NganhNgheTitle":"NÔNG NGHIỆP, LÂM NGHIỆP VÀ THUỶ SẢN","NganhNgheTitleAscii":"/nganh-nghe/nong-nghiep-lam-nghiep-va-thuy-san","DSTags":["4700243125","Bắc Cạn",null]},{"Type":11,"SolrID":"/4700195023-doanh-nghiep-tu-nhan-hieu-xuan","ID":0,"MaSoThue":"4700195023","NgayCap":"2010-06-01T00:00:00Z","Title":"Doanh Nghiệp Tư Nhân  Hiếu Xuân","DiaChiCongTy":"Thôn ủm Đon - Xã Yên Mỹ - Huyện Chợ Đồn - Bắc Cạn","Created":"2015-11-16T20:32:59Z","Updated":"2015-11-16T20:32:59Z","IsDelete":false,"RequestChanged":false,"ExitsInGDT":false,"SourceID":0,"TinhThanhID":0,"TinhThanhTitle":"Bắc Cạn","TinhThanhTitleAscii":"/bac-can","QuanHuyenID":0,"NganhNgheTitle":"Bán buôn xăng dầu và các sản phẩm liên quan","NganhNgheTitleAscii":"/nganh-nghe/ban-buon-xang-dau-va-cac-san-pham-lien-quan","DSTags":["4700195023","Bắc Cạn",null]},{"Type":11,"SolrID":"/4600401385-001-chi-nhanh-doanh-nghiep-tu-nhan-son-ha-tai-bac-kan","ID":0,"MaSoThue":"4600401385-001","NgayCap":"2007-05-09T00:00:00Z","Title":"Chi Nhánh Doanh Nghiệp Tư Nhân Sơn Hà Tại Bắc Kạn","DiaChiCongTy":"Thôn Nà Lẹng - Xã Yên Mỹ - Huyện Chợ Đồn - Bắc Cạn","Created":"2015-11-10T02:04:31Z","Updated":"2015-11-10T02:04:31Z","IsDelete":false,"RequestChanged":false,"ExitsInGDT":false,"SourceID":0,"TinhThanhID":0,"TinhThanhTitle":"Bắc Cạn","TinhThanhTitleAscii":"/bac-can","QuanHuyenID":0,"NganhNgheTitle":"Sản xuất gỗ dán, gỗ lạng, ván ép và ván mỏng khác","NganhNgheTitleAscii":"/nganh-nghe/san-xuat-go-dan-go-lang-van-ep-va-van-mong-khac","DSTags":["4600401385-001","Bắc Cạn",null]},{"Type":11,"SolrID":"/4700148714-doanh-nghiep-tu-nhan-lap-thanh","ID":0,"MaSoThue":"4700148714","NgayCap":"2006-01-04T00:00:00Z","Title":"Doanh nghiệp tư nhân Lập Thành","DiaChiCongTy":"Nà Neo, Nà Dỏ, Xã Yên Mỹ - Huyện Chợ Đồn - Bắc Cạn","Created":"2015-11-11T08:50:49Z","Updated":"2015-11-11T08:50:49Z","IsDelete":false,"RequestChanged":false,"ExitsInGDT":false,"SourceID":0,"TinhThanhID":0,"TinhThanhTitle":"Bắc Cạn","TinhThanhTitleAscii":"/bac-can","QuanHuyenID":0,"NganhNgheTitle":"Sản xuất sản phẩm từ gỗ, tre, nứa (trừ giường, tủ, bàn, ghế); sản xuất sản phẩm từ rơm, rạ và vật liệu tết bện","NganhNgheTitleAscii":"/nganh-nghe/san-xuat-san-pham-tu-go-tre-nua-tru-giuong-tu-ban-ghe-san-xuat-san-pham-tu-rom-ra-va-vat-lieu-tet-ben","DSTags":["4700148714","Bắc Cạn",null]},{"Type":11,"SolrID":"/4700144678-doanh-nghiep-tu-nhan-my-son","ID":0,"MaSoThue":"4700144678","NgayCap":"2005-09-26T00:00:00Z","Title":"Doanh nghiệp tư nhân Mỹ Sơn","DiaChiCongTy":"Xóm bản Lự - Xã Yên Mỹ - Huyện Chợ Đồn - Bắc Cạn","Created":"2015-11-11T11:59:36Z","Updated":"2015-11-11T11:59:36Z","IsDelete":false,"RequestChanged":false,"ExitsInGDT":false,"SourceID":0,"TinhThanhID":0,"TinhThanhTitle":"Bắc Cạn","TinhThanhTitleAscii":"/bac-can","QuanHuyenID":0,"NganhNgheTitle":"Sản xuất sản phẩm từ gỗ, tre, nứa (trừ giường, tủ, bàn, ghế); sản xuất sản phẩm từ rơm, rạ và vật liệu tết bện","NganhNgheTitleAscii":"/nganh-nghe/san-xuat-san-pham-tu-go-tre-nua-tru-giuong-tu-ban-ghe-san-xuat-san-pham-tu-rom-ra-va-vat-lieu-tet-ben","DSTags":["4700144678","Bắc Cạn",null]},{"Type":11,"SolrID":"/4700147598-hop-tac-xa-quyet-thang","ID":0,"MaSoThue":"4700147598","NgayCap":"2005-06-02T00:00:00Z","Title":"Hợp tác xã Quyết Thắng","DiaChiCongTy":"Xóm nà Lẹng- Xã yên Mỹ - Huyện Chợ Đồn - Bắc Cạn","Created":"2015-11-19T03:22:18Z","Updated":"2015-11-19T03:22:18Z","IsDelete":false,"RequestChanged":false,"ExitsInGDT":false,"SourceID":0,"TinhThanhID":0,"TinhThanhTitle":"Bắc Cạn","TinhThanhTitleAscii":"/bac-can","QuanHuyenID":0,"NganhNgheTitle":"Sản xuất sản phẩm từ gỗ, tre, nứa (trừ giường, tủ, bàn, ghế); sản xuất sản phẩm từ rơm, rạ và vật liệu tết bện","NganhNgheTitleAscii":"/nganh-nghe/san-xuat-san-pham-tu-go-tre-nua-tru-giuong-tu-ban-ghe-san-xuat-san-pham-tu-rom-ra-va-vat-lieu-tet-ben","DSTags":["4700147598","Bắc Cạn",null]},{"Type":11,"SolrID":"/4700127369-ubnd-xa-yen-my","ID":0,"MaSoThue":"4700127369","NgayCap":"2000-06-19T00:00:00Z","Title":"UBND xã Yên Mỹ","DiaChiCongTy":"Xã Yên Mỹ - Huyện Chợ Đồn - Bắc Cạn","Created":"2015-11-16T14:37:56Z","Updated":"2015-11-16T14:37:56Z","IsDelete":false,"RequestChanged":false,"ExitsInGDT":false,"SourceID":0,"TinhThanhID":0,"TinhThanhTitle":"Bắc Cạn","TinhThanhTitleAscii":"/bac-can","QuanHuyenID":0,"NganhNgheTitle":"Hoạt động dịch vụ tài chính khác chưa được phân vào đâu (trừ bảo hiểm và bảo hiểm xã hội)","NganhNgheTitleAscii":"/nganh-nghe/hoat-dong-dich-vu-tai-chinh-khac-chua-duoc-phan-vao-dau-tru-bao-hiem-va-bao-hiem-xa-hoi","DSTags":["4700127369","Bắc Cạn",null]}]}