{"ID":6068,"SolrID":"/bac-can/huyen-cho-don/xa-yen-nhuan","Title":"Xã Yên Nhuận","TinhThanhTitle":"Bắc Cạn","QuanHuyenTitle":"Huyện Chợ Đồn","QuanHuyenID":708,"TinhThanhID":47,"Url":"https://thongtindoanhnghiep.co/api/company?l=/bac-can/huyen-cho-don/xa-yen-nhuan","Total":7,"List":[{"Type":11,"SolrID":"/4700243407-truong-trung-hoc-co-so-yen-nhuan","ID":0,"MaSoThue":"4700243407","NgayCap":"2013-07-16T00:00:00Z","Title":"TRườNG TRUNG HọC Cơ Sở YêN NHUậN","DiaChiCongTy":"Bản Lanh - Xã Yên Nhuận - Huyện Chợ Đồn - Bắc Cạn","Created":"2015-11-16T13:54:32Z","Updated":"2015-11-16T13:54:32Z","IsDelete":false,"RequestChanged":false,"ExitsInGDT":false,"SourceID":0,"TinhThanhID":0,"TinhThanhTitle":"Bắc Cạn","TinhThanhTitleAscii":"/bac-can","QuanHuyenID":0,"NganhNgheTitle":"NÔNG NGHIỆP, LÂM NGHIỆP VÀ THUỶ SẢN","NganhNgheTitleAscii":"/nganh-nghe/nong-nghiep-lam-nghiep-va-thuy-san","DSTags":["4700243407","Bắc Cạn",null]},{"Type":11,"SolrID":"/4700243157-truong-tieu-hoc-yen-nhuan","ID":0,"MaSoThue":"4700243157","NgayCap":"2013-07-11T00:00:00Z","Title":"TRườNG TIểU HọC YêN NHUậN","DiaChiCongTy":"Bản Lanh - Xã Yên Nhuận - Huyện Chợ Đồn - Bắc Cạn","Created":"2015-11-16T12:19:25Z","Updated":"2015-11-16T12:19:25Z","IsDelete":false,"RequestChanged":false,"ExitsInGDT":false,"SourceID":0,"TinhThanhID":0,"TinhThanhTitle":"Bắc Cạn","TinhThanhTitleAscii":"/bac-can","QuanHuyenID":0,"NganhNgheTitle":"NÔNG NGHIỆP, LÂM NGHIỆP VÀ THUỶ SẢN","NganhNgheTitleAscii":"/nganh-nghe/nong-nghiep-lam-nghiep-va-thuy-san","DSTags":["4700243157","Bắc Cạn",null]},{"Type":11,"SolrID":"/4700243132-truong-mam-non-yen-nhuan","ID":0,"MaSoThue":"4700243132","NgayCap":"2013-07-11T00:00:00Z","Title":"TRườNG MầM NON YêN NHUậN","DiaChiCongTy":"Bản Lanh - Xã Yên Nhuận - Huyện Chợ Đồn - Bắc Cạn","Created":"2015-11-16T12:19:26Z","Updated":"2015-11-16T12:19:26Z","IsDelete":false,"RequestChanged":false,"ExitsInGDT":false,"SourceID":0,"TinhThanhID":0,"TinhThanhTitle":"Bắc Cạn","TinhThanhTitleAscii":"/bac-can","QuanHuyenID":0,"NganhNgheTitle":"NÔNG NGHIỆP, LÂM NGHIỆP VÀ THUỶ SẢN","NganhNgheTitleAscii":"/nganh-nghe/nong-nghiep-lam-nghiep-va-thuy-san","DSTags":["4700243132","Bắc Cạn",null]},{"Type":11,"SolrID":"/4700202312-doanh-nghiep-tn-phuong-nam-bac-kan","ID":0,"MaSoThue":"4700202312","NgayCap":"2011-04-27T00:00:00Z","Title":"Doanh Nghiệp TN Phương Nam Bắc Kạn","DiaChiCongTy":"Thôn Pác Là - Xã Yên Nhuận - Huyện Chợ Đồn - Bắc Cạn","Created":"2015-11-17T07:15:09Z","Updated":"2015-11-17T07:15:09Z","IsDelete":false,"RequestChanged":false,"ExitsInGDT":false,"SourceID":0,"TinhThanhID":0,"TinhThanhTitle":"Bắc Cạn","TinhThanhTitleAscii":"/bac-can","QuanHuyenID":0,"NganhNgheTitle":"Sản xuất giường, tủ, bàn, ghế bằng gỗ","NganhNgheTitleAscii":"/nganh-nghe/san-xuat-giuong-tu-ban-ghe-bang-go","DSTags":["4700202312","Bắc Cạn",null]},{"Type":11,"SolrID":"/4600285026-001-chi-nhanh-doanh-nghiep-tu-nhan-tuan-thao-tai-bac-kan","ID":0,"MaSoThue":"4600285026-001","NgayCap":"2009-08-05T00:00:00Z","Title":"Chi nhánh doanh nghiệp tư nhân Tuấn Thảo tại Bắc Kạn","DiaChiCongTy":"Thôn Đon Mạ, xã Yên Nhuận - Huyện Chợ Đồn - Bắc Cạn","Created":"2015-11-19T03:21:48Z","Updated":"2015-11-19T03:21:48Z","IsDelete":false,"RequestChanged":false,"ExitsInGDT":false,"SourceID":0,"TinhThanhID":0,"TinhThanhTitle":"Bắc Cạn","TinhThanhTitleAscii":"/bac-can","QuanHuyenID":0,"NganhNgheTitle":"Xây dựng công trình kỹ thuật dân dụng","NganhNgheTitleAscii":"/nganh-nghe/xay-dung-cong-trinh-ky-thuat-dan-dung","DSTags":["4600285026-001","Bắc Cạn",null]},{"Type":11,"SolrID":"/4700132344-doanh-nghiep-tu-nhan-the-cong","ID":0,"MaSoThue":"4700132344","NgayCap":"2005-07-13T00:00:00Z","Title":"Doanh nghiệp tư nhân Thế Công","DiaChiCongTy":"Bản Pác Là- Xã Yên Nhuận - Huyện Chợ Đồn - Bắc Cạn","Created":"2015-11-09T04:01:54Z","Updated":"2015-11-09T04:01:54Z","IsDelete":false,"RequestChanged":false,"ExitsInGDT":false,"SourceID":0,"TinhThanhID":0,"TinhThanhTitle":"Bắc Cạn","TinhThanhTitleAscii":"/bac-can","QuanHuyenID":0,"NganhNgheTitle":"Bán lẻ nhiên liệu động cơ trong các cửa hàng chuyên doanh","NganhNgheTitleAscii":"/nganh-nghe/ban-le-nhien-lieu-dong-co-trong-cac-cua-hang-chuyen-doanh","DSTags":["4700132344","Bắc Cạn",null]},{"Type":11,"SolrID":"/4700127390-ubnd-xa-yen-nhuan","ID":0,"MaSoThue":"4700127390","NgayCap":"2000-06-19T00:00:00Z","Title":"UBND xã Yên Nhuận","DiaChiCongTy":"Xã Yên Nhuận - Huyện Chợ Đồn - Bắc Cạn","Created":"2015-11-16T14:37:54Z","Updated":"2015-11-16T14:37:54Z","IsDelete":false,"RequestChanged":false,"ExitsInGDT":false,"SourceID":0,"TinhThanhID":0,"TinhThanhTitle":"Bắc Cạn","TinhThanhTitleAscii":"/bac-can","QuanHuyenID":0,"NganhNgheTitle":"Hoạt động dịch vụ tài chính khác chưa được phân vào đâu (trừ bảo hiểm và bảo hiểm xã hội)","NganhNgheTitleAscii":"/nganh-nghe/hoat-dong-dich-vu-tai-chinh-khac-chua-duoc-phan-vao-dau-tru-bao-hiem-va-bao-hiem-xa-hoi","DSTags":["4700127390","Bắc Cạn",null]}]}