{"ID":14742,"SolrID":"/an-giang/huyen-chau-phu/khu-cong-nghiep-binh-long","Title":"Khu Công Nghiệp Bình Long","TinhThanhTitle":"An Giang","QuanHuyenTitle":"Huyện Châu Phú","QuanHuyenID":214,"TinhThanhID":35,"Url":"https://thongtindoanhnghiep.co/api/company?l=/an-giang/huyen-chau-phu/khu-cong-nghiep-binh-long","Total":3,"List":[{"Type":11,"SolrID":"/1601961289-cong-ty-tnhh-kovie-vina","ID":0,"MaSoThue":"1601961289","NgayCap":"2015-01-19T00:00:00Z","Title":"Công ty TNHH KOVIE VINA","DiaChiCongTy":"Lô D, Khu công nghiệp Bình Long - Huyện Châu Phú - An Giang","Created":"2015-11-15T11:08:28Z","Updated":"2015-11-15T11:08:28Z","IsDelete":false,"RequestChanged":false,"ExitsInGDT":false,"SourceID":0,"TinhThanhID":0,"TinhThanhTitle":"An Giang","TinhThanhTitleAscii":"/an-giang","QuanHuyenID":0,"NganhNgheTitle":"Bán buôn thủy sản","NganhNgheTitleAscii":"/nganh-nghe/ban-buon-thuy-san","DSTags":["1601961289","An Giang",null]},{"Type":11,"SolrID":"/1600977737-cty-tnhh-mot-thanh-vien-greenbank-viet-nam","ID":0,"MaSoThue":"1600977737","NgayCap":"2008-09-20T00:00:00Z","Title":"Cty TNHH Một Thành Viên GREENBANK Việt Nam","DiaChiCongTy":"Lô D Khu Công Nghiệp  Bình Long - Huyện Châu Phú - An Giang","Created":"2015-11-14T05:10:00Z","Updated":"2015-11-14T05:10:00Z","IsDelete":false,"RequestChanged":false,"ExitsInGDT":false,"SourceID":0,"TinhThanhID":0,"TinhThanhTitle":"An Giang","TinhThanhTitleAscii":"/an-giang","QuanHuyenID":0,"NganhNgheTitle":"Chế biến, bảo quản thuỷ sản và các sản phẩm từ thuỷ sản","NganhNgheTitleAscii":"/nganh-nghe/che-bien-bao-quan-thuy-san-va-cac-san-pham-tu-thuy-san","DSTags":["1600977737","An Giang",null]},{"Type":11,"SolrID":"/1600939354-cong-ty-tnhh-binh-long","ID":0,"MaSoThue":"1600939354","NgayCap":"2008-01-29T00:00:00Z","Title":"Công ty  TNHH Bình Long","DiaChiCongTy":"Lô E Khu Công Nghiệp Bình Long - Huyện Châu Phú - An Giang","Created":"2015-11-14T05:08:31Z","Updated":"2015-11-14T05:08:31Z","IsDelete":false,"RequestChanged":false,"ExitsInGDT":false,"SourceID":0,"TinhThanhID":0,"TinhThanhTitle":"An Giang","TinhThanhTitleAscii":"/an-giang","QuanHuyenID":0,"NganhNgheTitle":"Khai thác, nuôi trồng thuỷ sản","NganhNgheTitleAscii":"/nganh-nghe/khai-thac-nuoi-trong-thuy-san","DSTags":["1600939354","An Giang",null]}]}