{"ID":4982,"SolrID":"/an-giang/huyen-chau-phu/phuong-chau-phu-b","Title":"Phường Châu Phú B","TinhThanhTitle":"An Giang","QuanHuyenTitle":"Huyện Châu Phú","QuanHuyenID":214,"TinhThanhID":35,"Url":"https://thongtindoanhnghiep.co/api/company?l=/an-giang/huyen-chau-phu/phuong-chau-phu-b","Total":1,"List":[{"Type":11,"SolrID":"/1600928641-001-buu-dien-thi-xa-chau-doc","ID":0,"MaSoThue":"1600928641-001","NgayCap":"2008-07-30T00:00:00Z","Title":"Bưu Điện Thị xã Châu Đốc","DiaChiCongTy":"73 Lê Lợi, Phường  Châu Phú B - Huyện Châu Phú - An Giang","Created":"2015-11-19T07:29:13Z","Updated":"2015-11-19T07:29:13Z","IsDelete":false,"RequestChanged":false,"ExitsInGDT":false,"SourceID":0,"TinhThanhID":0,"TinhThanhTitle":"An Giang","TinhThanhTitleAscii":"/an-giang","QuanHuyenID":0,"NganhNgheTitle":"Bưu chính","NganhNgheTitleAscii":"/nganh-nghe/buu-chinh","DSTags":["1600928641-001","An Giang",null]}]}