{"ID":14740,"SolrID":"/an-giang/huyen-chau-phu/phuong-vinh-my","Title":"Phường Vĩnh Mỹ","TinhThanhTitle":"An Giang","QuanHuyenTitle":"Huyện Châu Phú","QuanHuyenID":214,"TinhThanhID":35,"Url":"https://thongtindoanhnghiep.co/api/company?l=/an-giang/huyen-chau-phu/phuong-vinh-my","Total":1,"List":[{"Type":11,"SolrID":"/1601025811-001-cn-cty-tnhh-mot-thanh-vien-dv-tm-xd-huy-hung","ID":0,"MaSoThue":"1601025811-001","NgayCap":"2009-02-27T00:00:00Z","Title":"CN Cty TNHH Một Thành Viên DV-TM-XD Huy Hưng","DiaChiCongTy":"07B QL 91, Phường  Vĩnh Mỹ - Huyện Châu Phú - An Giang","Created":"2015-11-15T11:12:12Z","Updated":"2015-11-15T11:12:12Z","IsDelete":false,"RequestChanged":false,"ExitsInGDT":false,"SourceID":0,"TinhThanhID":0,"TinhThanhTitle":"An Giang","TinhThanhTitleAscii":"/an-giang","QuanHuyenID":0,"NganhNgheTitle":"Xây dựng công trình kỹ thuật dân dụng","NganhNgheTitleAscii":"/nganh-nghe/xay-dung-cong-trinh-ky-thuat-dan-dung","DSTags":["1601025811-001","An Giang",null]}]}