{"ID":4401,"SolrID":"/an-giang/huyen-chau-phu/xa-binh-thuy","Title":"Xã Bình Thủy","TinhThanhTitle":"An Giang","QuanHuyenTitle":"Huyện Châu Phú","QuanHuyenID":214,"TinhThanhID":35,"Url":"https://thongtindoanhnghiep.co/api/company?l=/an-giang/huyen-chau-phu/xa-binh-thuy","Total":37,"List":[{"Type":11,"SolrID":"/1602143832-cong-ty-tnhh-dong-tau-ngoc-chuyen","ID":0,"MaSoThue":"1602143832","NgayCap":"2021-03-19T00:00:00Z","Title":"Công Ty TNHH Đóng Tàu Ngọc Chuyền","DiaChiCongTy":"Số 057/15, Tổ 13, Ấp Bình Hòa, Xã Bình Thủy, Huyện Châu Phú, Tỉnh An Giang","Created":"2021-03-19T11:37:39Z","Updated":"2021-03-19T11:37:39Z","IsDelete":false,"RequestChanged":false,"ExitsInGDT":false,"SourceID":0,"TinhThanhID":0,"TinhThanhTitle":"An Giang","TinhThanhTitleAscii":"/an-giang","QuanHuyenID":0,"NganhNgheTitle":"Đóng tàu và cấu kiện nổi","NganhNgheTitleAscii":"/nganh-nghe/dong-tau-va-cau-kien-noi","DSTags":["1602143832","An Giang",null]},{"Type":11,"SolrID":"/1602075685-cong-ty-tnhh-mot-thanh-vien-tiem-vang-van-kim-ngan","ID":0,"MaSoThue":"1602075685","NgayCap":"2018-07-03T00:00:00Z","Title":"Công Ty TNHH Một Thành Viên Tiệm Vàng Vạn Kim Ngân","DiaChiCongTy":"Số 064/15 Khu Thương Mại Ấp Bình Hòa, Xã Bình Thủy, Huyện Châu Phú, Tỉnh An Giang","Created":"2018-07-03T09:34:47Z","Updated":"2018-07-03T09:34:47Z","IsDelete":false,"RequestChanged":false,"ExitsInGDT":false,"SourceID":0,"TinhThanhID":0,"TinhThanhTitle":"An Giang","TinhThanhTitleAscii":"/an-giang","QuanHuyenID":0,"NganhNgheTitle":"Bán buôn kim loại và quặng kim loại","NganhNgheTitleAscii":"/nganh-nghe/ban-buon-kim-loai-va-quang-kim-loai","DSTags":["1602075685","An Giang",null]},{"Type":11,"SolrID":"/1602069392-doanh-nghiep-tn-xang-dau-le-anh-dung","ID":0,"MaSoThue":"1602069392","NgayCap":"2018-04-17T00:00:00Z","Title":"Doanh Nghiệp Tn Xăng Dầu Lê Anh Dũng","DiaChiCongTy":"Tổ 5, Ấp Bình Quý, Xã Bình Thủy, Huyện Châu Phú, Tỉnh An Giang","Created":"2018-04-17T10:04:26Z","Updated":"2018-04-17T10:04:26Z","IsDelete":false,"RequestChanged":false,"ExitsInGDT":false,"SourceID":0,"TinhThanhID":0,"TinhThanhTitle":"An Giang","TinhThanhTitleAscii":"/an-giang","QuanHuyenID":0,"NganhNgheTitle":"Bán buôn nhiên liệu rắn, lỏng, khí và các sản phẩm liên quan","NganhNgheTitleAscii":"/nganh-nghe/ban-buon-nhien-lieu-ran-long-khi-va-cac-san-pham-lien-quan","DSTags":["1602069392","An Giang",null]},{"Type":11,"SolrID":"/1602053508-cong-ty-tnhh-mot-thanh-vien-hung-cat-chau-phu","ID":0,"MaSoThue":"1602053508","NgayCap":"2017-10-31T00:00:00Z","Title":"Công Ty TNHH Một Thành Viên Hùng Cát Châu Phú","DiaChiCongTy":"Tổ 14, Ấp Bình Yên, Xã Bình Thủy, Huyện Châu Phú, Tỉnh An Giang","Created":"2017-10-31T07:36:03Z","Updated":"2017-10-31T07:36:03Z","IsDelete":false,"RequestChanged":false,"ExitsInGDT":false,"SourceID":0,"TinhThanhID":0,"TinhThanhTitle":"An Giang","TinhThanhTitleAscii":"/an-giang","QuanHuyenID":0,"NganhNgheTitle":"Bán buôn vật liệu, thiết bị lắp đặt khác trong xây dựng","NganhNgheTitleAscii":"/nganh-nghe/ban-buon-vat-lieu-thiet-bi-lap-dat-khac-trong-xay-dung","DSTags":["1602053508","An Giang",null]},{"Type":11,"SolrID":"/1602053184-cong-ty-tnhh-mot-thanh-vien-vat-lieu-xay-dung-hung-cat","ID":0,"MaSoThue":"1602053184","NgayCap":"2017-10-25T00:00:00Z","Title":"Công Ty TNHH Một Thành Viên Vật Liệu Xây Dựng Hùng Cát","DiaChiCongTy":"Tổ 14, Ấp Bình Yên, Xã Bình Thủy, Huyện Châu Phú, Tỉnh An Giang","Created":"2017-10-25T17:05:17Z","Updated":"2017-10-25T17:05:17Z","IsDelete":false,"RequestChanged":false,"ExitsInGDT":false,"SourceID":0,"TinhThanhID":0,"TinhThanhTitle":"An Giang","TinhThanhTitleAscii":"/an-giang","QuanHuyenID":0,"NganhNgheTitle":"Bán buôn vật liệu, thiết bị lắp đặt khác trong xây dựng","NganhNgheTitleAscii":"/nganh-nghe/ban-buon-vat-lieu-thiet-bi-lap-dat-khac-trong-xay-dung","DSTags":["1602053184","An Giang",null]},{"Type":11,"SolrID":"/1602052800-cong-ty-tnhh-thuong-mai-va-dau-tu-phuong-hoang-yen","ID":0,"MaSoThue":"1602052800","NgayCap":"2017-10-19T00:00:00Z","Title":"Công Ty TNHH Thương Mại Và Đầu Tư Phượng Hoàng Yến","DiaChiCongTy":"550 Ấp Bình Thới, Xã Bình Thủy, Huyện Châu Phú, Tỉnh An Giang","Created":"2017-10-19T13:05:00Z","Updated":"2017-10-19T13:05:00Z","IsDelete":false,"RequestChanged":false,"ExitsInGDT":false,"SourceID":0,"TinhThanhID":0,"TinhThanhTitle":"An Giang","TinhThanhTitleAscii":"/an-giang","QuanHuyenID":0,"NganhNgheTitle":"Chăn nuôi khác","NganhNgheTitleAscii":"/nganh-nghe/chan-nuoi-khac","DSTags":["1602052800","An Giang",null]},{"Type":11,"SolrID":"/1602040989-cong-ty-tnhh-mot-thanh-vien-huu-phuoc-chau-phu","ID":0,"MaSoThue":"1602040989","NgayCap":"2017-05-24T00:00:00Z","Title":"Công Ty TNHH Một Thành Viên Hữu Phước Châu Phú","DiaChiCongTy":"Ấp Bình Hòa, Xã Bình Thủy, Huyện Châu Phú, Tỉnh An Giang","Created":"2017-05-24T11:53:26Z","Updated":"2017-05-24T11:53:26Z","IsDelete":false,"RequestChanged":false,"ExitsInGDT":false,"SourceID":0,"TinhThanhID":0,"TinhThanhTitle":"An Giang","TinhThanhTitleAscii":"/an-giang","QuanHuyenID":0,"NganhNgheTitle":"Bán buôn thiết bị và linh kiện điện tử, viễn thông","NganhNgheTitleAscii":"/nganh-nghe/ban-buon-thiet-bi-va-linh-kien-dien-tu-vien-thong","DSTags":["1602040989","An Giang",null]},{"Type":11,"SolrID":"/1602036076-cong-ty-tnhh-mot-thanh-vien-keo-cung-trai-cay-sao-mai","ID":0,"MaSoThue":"1602036076","NgayCap":"2017-03-21T00:00:00Z","Title":"Công Ty TNHH Một Thành Viên Kẹo Cứng Trái Cây Sao Mai","DiaChiCongTy":"Số 758, Ấp Bình Thới, Xã Bình Thủy, Huyện Châu Phú, Tỉnh An Giang","Created":"2017-03-21T08:09:18Z","Updated":"2017-03-21T08:09:18Z","IsDelete":false,"RequestChanged":false,"ExitsInGDT":false,"SourceID":0,"TinhThanhID":0,"TinhThanhTitle":"An Giang","TinhThanhTitleAscii":"/an-giang","QuanHuyenID":0,"NganhNgheTitle":"Bán buôn thực phẩm","NganhNgheTitleAscii":"/nganh-nghe/ban-buon-thuc-pham","DSTags":["1602036076","An Giang",null]},{"Type":11,"SolrID":"/1602027064-cong-ty-tnhh-mot-thanh-vien-trang-tri-noi-that-huynh-loc","ID":0,"MaSoThue":"1602027064","NgayCap":"2016-12-14T00:00:00Z","Title":"Công Ty TNHH Một Thành Viên Trang Trí Nội Thất Huỳnh Lộc","DiaChiCongTy":"Ấp Bình Quý, Xã Bình Thủy, Huyện Châu Phú, Tỉnh An Giang","Created":"2016-12-14T15:13:34Z","Updated":"2016-12-14T15:13:34Z","IsDelete":false,"RequestChanged":false,"ExitsInGDT":false,"SourceID":0,"TinhThanhID":0,"TinhThanhTitle":"An Giang","TinhThanhTitleAscii":"/an-giang","QuanHuyenID":0,"NganhNgheTitle":"Bán buôn đồ dùng khác cho gia đình","NganhNgheTitleAscii":"/nganh-nghe/ban-buon-do-dung-khac-cho-gia-dinh","DSTags":["1602027064","An Giang",null]},{"Type":11,"SolrID":"/1602021922-cong-ty-tnhh-mot-thanh-vien-phuoc-tan-chau-phu","ID":0,"MaSoThue":"1602021922","NgayCap":"2016-10-26T00:00:00Z","Title":"Công Ty TNHH Một Thành Viên Phước Tấn Châu Phú","DiaChiCongTy":"Tổ 04, ấp Bình Hòa - Xã Bình Thủy - Huyện Châu Phú - An Giang","Created":"2016-11-04T08:14:30Z","Updated":"2016-11-04T08:14:30Z","IsDelete":false,"RequestChanged":false,"ExitsInGDT":false,"SourceID":0,"TinhThanhID":0,"TinhThanhTitle":"An Giang","TinhThanhTitleAscii":"/an-giang","QuanHuyenID":0,"NganhNgheTitle":"Xây dựng nhà các loại","NganhNgheTitleAscii":"/nganh-nghe/xay-dung-nha-cac-loai","DSTags":["1602021922","An Giang",null]},{"Type":11,"SolrID":"/1602003264-cong-ty-tnhh-mot-thanh-vien-trang-tri-noi-that-hong-nhan","ID":0,"MaSoThue":"1602003264","NgayCap":"2016-03-02T00:00:00Z","Title":"Công Ty TNHH Một Thành Viên Trang Trí Nội Thất Hồng Nhân","DiaChiCongTy":"ấp Bình Quý - Xã Bình Thủy - Huyện Châu Phú - An Giang","Created":"2016-03-05T10:10:33Z","Updated":"2016-03-05T10:10:33Z","IsDelete":false,"RequestChanged":false,"ExitsInGDT":false,"SourceID":0,"TinhThanhID":0,"TinhThanhTitle":"An Giang","TinhThanhTitleAscii":"/an-giang","QuanHuyenID":0,"NganhNgheTitle":"Bán buôn máy móc, thiết bị và phụ tùng máy khác","NganhNgheTitleAscii":"/nganh-nghe/ban-buon-may-moc-thiet-bi-va-phu-tung-may-khac","DSTags":["1602003264","An Giang",null]},{"Type":11,"SolrID":"/1601970131-cong-ty-tnhh-mot-thanh-vien-rau-tu-te","ID":0,"MaSoThue":"1601970131","NgayCap":"2015-04-20T00:00:00Z","Title":"Công Ty TNHH Một Thành Viên Rau Tử Tế","DiaChiCongTy":"Số 22, Tổ 2, ấp Bình Thành - Xã Bình Thủy - Huyện Châu Phú - An Giang","Created":"2015-11-17T09:08:10Z","Updated":"2015-11-17T09:08:10Z","IsDelete":false,"RequestChanged":false,"ExitsInGDT":false,"SourceID":0,"TinhThanhID":0,"TinhThanhTitle":"An Giang","TinhThanhTitleAscii":"/an-giang","QuanHuyenID":0,"NganhNgheTitle":"Chế biến và bảo quản rau quả","NganhNgheTitleAscii":"/nganh-nghe/che-bien-va-bao-quan-rau-qua","DSTags":["1601970131","An Giang",null]},{"Type":11,"SolrID":"/1800676945-002-chi-nhanh-cong-ty-tnhh-mot-thanh-vien-thuong-mai-xuat-nhap-khau-phung-hoang","ID":0,"MaSoThue":"1800676945-002","NgayCap":"2015-02-24T00:00:00Z","Title":"Chi Nhánh Công Ty TNHH  Một Thành Viên Thương Mại Xuất Nhập Khẩu Phụng Hoàng","DiaChiCongTy":"ấp Bình Yên - Xã Bình Thủy - Huyện Châu Phú - An Giang","Created":"2015-11-17T09:09:36Z","Updated":"2015-11-17T09:09:36Z","IsDelete":false,"RequestChanged":false,"ExitsInGDT":false,"SourceID":0,"TinhThanhID":0,"TinhThanhTitle":"An Giang","TinhThanhTitleAscii":"/an-giang","QuanHuyenID":0,"NganhNgheTitle":"Bán buôn gạo","NganhNgheTitleAscii":"/nganh-nghe/ban-buon-gao","DSTags":["1800676945-002","An Giang",null]},{"Type":11,"SolrID":"/1601522316-003-chi-nhanh-3-cong-ty-tnhh-mot-thanh-vien-nguyen-cat","ID":0,"MaSoThue":"1601522316-003","NgayCap":"2015-01-19T00:00:00Z","Title":"Chi Nhánh 3 Công Ty TNHH Một Thành Viên Nguyễn Cát","DiaChiCongTy":"Tổ 3, ấp Bình Thiện - Xã Bình Thủy - Huyện Châu Phú - An Giang","Created":"2015-11-18T10:55:19Z","Updated":"2015-11-18T10:55:19Z","IsDelete":false,"RequestChanged":false,"ExitsInGDT":false,"SourceID":0,"TinhThanhID":0,"TinhThanhTitle":"An Giang","TinhThanhTitleAscii":"/an-giang","QuanHuyenID":0,"NganhNgheTitle":"Bán buôn vật liệu, thiết bị lắp đặt khác trong xây dựng","NganhNgheTitleAscii":"/nganh-nghe/ban-buon-vat-lieu-thiet-bi-lap-dat-khac-trong-xay-dung","DSTags":["1601522316-003","An Giang",null]},{"Type":11,"SolrID":"/1601910534-doanh-nghiep-tn-tiem-vang-tran-tan","ID":0,"MaSoThue":"1601910534","NgayCap":"2014-02-18T00:00:00Z","Title":"Doanh Nghiệp TN Tiệm Vàng Trần Tân","DiaChiCongTy":"Tổ 4, ấp Bình Phú - Xã Bình Thủy - Huyện Châu Phú - An Giang","Created":"2015-11-09T18:07:32Z","Updated":"2015-11-09T18:07:32Z","IsDelete":false,"RequestChanged":false,"ExitsInGDT":false,"SourceID":0,"TinhThanhID":0,"TinhThanhTitle":"An Giang","TinhThanhTitleAscii":"/an-giang","QuanHuyenID":0,"NganhNgheTitle":"Bán buôn kim loại và quặng kim loại","NganhNgheTitleAscii":"/nganh-nghe/ban-buon-kim-loai-va-quang-kim-loai","DSTags":["1601910534","An Giang",null]},{"Type":11,"SolrID":"/1601900920-doanh-nghiep-tn-san-xuat-gach-hoang-dung","ID":0,"MaSoThue":"1601900920","NgayCap":"2013-12-25T00:00:00Z","Title":"Doanh Nghiệp TN Sản Xuất Gạch Hoàng Dung","DiaChiCongTy":"ấp Bình Hòa - Xã Bình Thủy - Huyện Châu Phú - An Giang","Created":"2015-11-09T22:55:27Z","Updated":"2015-11-09T22:55:27Z","IsDelete":false,"RequestChanged":false,"ExitsInGDT":false,"SourceID":0,"TinhThanhID":0,"TinhThanhTitle":"An Giang","TinhThanhTitleAscii":"/an-giang","QuanHuyenID":0,"NganhNgheTitle":"Sản xuất vật liệu xây dựng từ đất sét","NganhNgheTitleAscii":"/nganh-nghe/san-xuat-vat-lieu-xay-dung-tu-dat-set","DSTags":["1601900920","An Giang",null]},{"Type":11,"SolrID":"/1601900945-doanh-nghiep-tn-san-xuat-gach-cam-thanh","ID":0,"MaSoThue":"1601900945","NgayCap":"2013-12-25T00:00:00Z","Title":"Doanh Nghiệp TN Sản Xuất Gạch Cẩm Thanh","DiaChiCongTy":"ấp Bình Thới - Xã Bình Thủy - Huyện Châu Phú - An Giang","Created":"2015-11-09T21:42:53Z","Updated":"2015-11-09T21:42:53Z","IsDelete":false,"RequestChanged":false,"ExitsInGDT":false,"SourceID":0,"TinhThanhID":0,"TinhThanhTitle":"An Giang","TinhThanhTitleAscii":"/an-giang","QuanHuyenID":0,"NganhNgheTitle":"Sản xuất sản phẩm chịu lửa","NganhNgheTitleAscii":"/nganh-nghe/san-xuat-san-pham-chiu-lua","DSTags":["1601900945","An Giang",null]},{"Type":11,"SolrID":"/1601899217-doanh-nghiep-tn-san-xuat-gach-thanh-tan-kim-hue","ID":0,"MaSoThue":"1601899217","NgayCap":"2013-12-20T00:00:00Z","Title":"Doanh Nghiệp TN Sản Xuất Gạch Thanh Tân-Kim Huệ","DiaChiCongTy":"Tổ 12, ấp Bình Thới - Xã Bình Thủy - Huyện Châu Phú - An Giang","Created":"2015-11-09T22:54:29Z","Updated":"2015-11-09T22:54:29Z","IsDelete":false,"RequestChanged":false,"ExitsInGDT":false,"SourceID":0,"TinhThanhID":0,"TinhThanhTitle":"An Giang","TinhThanhTitleAscii":"/an-giang","QuanHuyenID":0,"NganhNgheTitle":"Sản xuất vật liệu xây dựng từ đất sét","NganhNgheTitleAscii":"/nganh-nghe/san-xuat-vat-lieu-xay-dung-tu-dat-set","DSTags":["1601899217","An Giang",null]},{"Type":11,"SolrID":"/1601899288-doanh-nghiep-tn-san-xuat-gach-thanh-van","ID":0,"MaSoThue":"1601899288","NgayCap":"2013-12-20T00:00:00Z","Title":"Doanh Nghiệp TN Sản Xuất Gạch Thanh Vân","DiaChiCongTy":"ấp Bình Thới - Xã Bình Thủy - Huyện Châu Phú - An Giang","Created":"2015-11-09T22:58:12Z","Updated":"2015-11-09T22:58:12Z","IsDelete":false,"RequestChanged":false,"ExitsInGDT":false,"SourceID":0,"TinhThanhID":0,"TinhThanhTitle":"An Giang","TinhThanhTitleAscii":"/an-giang","QuanHuyenID":0,"NganhNgheTitle":"Sản xuất sản phẩm chịu lửa","NganhNgheTitleAscii":"/nganh-nghe/san-xuat-san-pham-chiu-lua","DSTags":["1601899288","An Giang",null]},{"Type":11,"SolrID":"/1601896791-doanh-nghiep-tn-nhut-quang-san-xuat-gach","ID":0,"MaSoThue":"1601896791","NgayCap":"2013-12-06T00:00:00Z","Title":"Doanh Nghiệp TN Nhựt Quang Sản Xuất Gạch","DiaChiCongTy":"Tổ 08, ấp Bình Hòa - Xã Bình Thủy - Huyện Châu Phú - An Giang","Created":"2015-11-19T09:03:34Z","Updated":"2015-11-19T09:03:34Z","IsDelete":false,"RequestChanged":false,"ExitsInGDT":false,"SourceID":0,"TinhThanhID":0,"TinhThanhTitle":"An Giang","TinhThanhTitleAscii":"/an-giang","QuanHuyenID":0,"NganhNgheTitle":"Sản xuất vật liệu xây dựng từ đất sét","NganhNgheTitleAscii":"/nganh-nghe/san-xuat-vat-lieu-xay-dung-tu-dat-set","DSTags":["1601896791","An Giang",null]},{"Type":11,"SolrID":"/1601888021-doanh-nghiep-tn-tiem-vang-ngoc-chuyen","ID":0,"MaSoThue":"1601888021","NgayCap":"2013-09-05T00:00:00Z","Title":"Doanh Nghiệp TN Tiệm Vàng Ngọc Chuyền","DiaChiCongTy":"ấp Bình Hòa - Xã Bình Thủy - Huyện Châu Phú - An Giang","Created":"2015-11-16T14:11:37Z","Updated":"2015-11-16T14:11:37Z","IsDelete":false,"RequestChanged":false,"ExitsInGDT":false,"SourceID":0,"TinhThanhID":0,"TinhThanhTitle":"An Giang","TinhThanhTitleAscii":"/an-giang","QuanHuyenID":0,"NganhNgheTitle":"Bán buôn kim loại và quặng kim loại","NganhNgheTitleAscii":"/nganh-nghe/ban-buon-kim-loai-va-quang-kim-loai","DSTags":["1601888021","An Giang",null]},{"Type":11,"SolrID":"/1601884940-doanh-nghiep-tn-tiem-vang-ngoc-phat","ID":0,"MaSoThue":"1601884940","NgayCap":"2013-07-30T00:00:00Z","Title":"Doanh Nghiệp TN Tiệm Vàng Ngọc Phát","DiaChiCongTy":"Số 132, Tổ 4, ấp Bình Phú - Xã Bình Thủy - Huyện Châu Phú - An Giang","Created":"2015-11-17T08:00:10Z","Updated":"2015-11-17T08:00:10Z","IsDelete":false,"RequestChanged":false,"ExitsInGDT":false,"SourceID":0,"TinhThanhID":0,"TinhThanhTitle":"An Giang","TinhThanhTitleAscii":"/an-giang","QuanHuyenID":0,"NganhNgheTitle":"Bán buôn kim loại và quặng kim loại","NganhNgheTitleAscii":"/nganh-nghe/ban-buon-kim-loai-va-quang-kim-loai","DSTags":["1601884940","An Giang",null]},{"Type":11,"SolrID":"/1601882397-doanh-nghiep-tn-kim-thao-chau-phu","ID":0,"MaSoThue":"1601882397","NgayCap":"2013-07-02T00:00:00Z","Title":"Doanh Nghiệp TN Kim Thảo Châu Phú","DiaChiCongTy":"Tổ 12, ấp Bình Thới - Xã Bình Thủy - Huyện Châu Phú - An Giang","Created":"2015-11-16T12:07:43Z","Updated":"2015-11-16T12:07:43Z","IsDelete":false,"RequestChanged":false,"ExitsInGDT":false,"SourceID":0,"TinhThanhID":0,"TinhThanhTitle":"An Giang","TinhThanhTitleAscii":"/an-giang","QuanHuyenID":0,"NganhNgheTitle":"Bán buôn kim loại và quặng kim loại","NganhNgheTitleAscii":"/nganh-nghe/ban-buon-kim-loai-va-quang-kim-loai","DSTags":["1601882397","An Giang",null]},{"Type":11,"SolrID":"/1601881717-doanh-nghiep-tn-tiem-vang-thai-binh-chau-phu","ID":0,"MaSoThue":"1601881717","NgayCap":"2013-06-26T00:00:00Z","Title":"Doanh Nghiệp TN Tiệm Vàng Thái Bình Châu Phú","DiaChiCongTy":"ấp Bình Hòa - Xã Bình Thủy - Huyện Châu Phú - An Giang","Created":"2015-11-16T21:24:25Z","Updated":"2015-11-16T21:24:25Z","IsDelete":false,"RequestChanged":false,"ExitsInGDT":false,"SourceID":0,"TinhThanhID":0,"TinhThanhTitle":"An Giang","TinhThanhTitleAscii":"/an-giang","QuanHuyenID":0,"NganhNgheTitle":"Bán buôn kim loại và quặng kim loại","NganhNgheTitleAscii":"/nganh-nghe/ban-buon-kim-loai-va-quang-kim-loai","DSTags":["1601881717","An Giang",null]},{"Type":11,"SolrID":"/1601878760-doanh-nghiep-tn-thanh-phong-chau-phu","ID":0,"MaSoThue":"1601878760","NgayCap":"2013-06-06T00:00:00Z","Title":"Doanh Nghiệp TN Thanh Phong - Châu Phú","DiaChiCongTy":"Số 556, Tổ 10, ấp Bình Thới - Xã Bình Thủy - Huyện Châu Phú - An Giang","Created":"2015-11-16T11:49:01Z","Updated":"2015-11-16T11:49:01Z","IsDelete":false,"RequestChanged":false,"ExitsInGDT":false,"SourceID":0,"TinhThanhID":0,"TinhThanhTitle":"An Giang","TinhThanhTitleAscii":"/an-giang","QuanHuyenID":0,"NganhNgheTitle":"Bán buôn kim loại và quặng kim loại","NganhNgheTitleAscii":"/nganh-nghe/ban-buon-kim-loai-va-quang-kim-loai","DSTags":["1601878760","An Giang",null]},{"Type":11,"SolrID":"/1601805258-001-chi-nhanh-cong-ty-tnhh-mot-thanh-vien-le-on","ID":0,"MaSoThue":"1601805258-001","NgayCap":"2013-01-18T00:00:00Z","Title":"Chi Nhánh Công Ty TNHH Một Thành Viên Lê On","DiaChiCongTy":"Số 158, ấp Bình Quý - Xã Bình Thủy - Huyện Châu Phú - An Giang","Created":"2015-11-18T05:44:06Z","Updated":"2015-11-18T05:44:06Z","IsDelete":false,"RequestChanged":false,"ExitsInGDT":false,"SourceID":0,"TinhThanhID":0,"TinhThanhTitle":"An Giang","TinhThanhTitleAscii":"/an-giang","QuanHuyenID":0,"NganhNgheTitle":"Sản xuất xi măng, vôi và thạch cao","NganhNgheTitleAscii":"/nganh-nghe/san-xuat-xi-mang-voi-va-thach-cao","DSTags":["1601805258-001","An Giang",null]},{"Type":11,"SolrID":"/1601689435-cong-ty-tnhh-mot-thanh-vien-pham-van-viet","ID":0,"MaSoThue":"1601689435","NgayCap":"2012-03-23T00:00:00Z","Title":"Công Ty TNHH Một Thành Viên Phạm Văn Việt","DiaChiCongTy":"ấp Bình Thới - Xã Bình Thủy - Huyện Châu Phú - An Giang","Created":"2015-11-13T08:44:06Z","Updated":"2015-11-13T08:44:06Z","IsDelete":false,"RequestChanged":false,"ExitsInGDT":false,"SourceID":0,"TinhThanhID":0,"TinhThanhTitle":"An Giang","TinhThanhTitleAscii":"/an-giang","QuanHuyenID":0,"NganhNgheTitle":"Bán buôn nông, lâm sản nguyên liệu (trừ gỗ, tre, nứa) và động vật sống","NganhNgheTitleAscii":"/nganh-nghe/ban-buon-nong-lam-san-nguyen-lieu-tru-go-tre-nua-va-dong-vat-song","DSTags":["1601689435","An Giang",null]},{"Type":11,"SolrID":"/1601111764-doanh-nghiep-tn-huynh-loc","ID":0,"MaSoThue":"1601111764","NgayCap":"2009-04-29T00:00:00Z","Title":"Doanh Nghiệp TN Huỳnh Lộc","DiaChiCongTy":"ấp Bình Quý - Xã Bình Thủy - Huyện Châu Phú - An Giang","Created":"2015-11-17T12:28:38Z","Updated":"2015-11-17T12:28:38Z","IsDelete":false,"RequestChanged":false,"ExitsInGDT":false,"SourceID":0,"TinhThanhID":0,"TinhThanhTitle":"An Giang","TinhThanhTitleAscii":"/an-giang","QuanHuyenID":0,"NganhNgheTitle":"Bán buôn gạo","NganhNgheTitleAscii":"/nganh-nghe/ban-buon-gao","DSTags":["1601111764","An Giang",null]},{"Type":11,"SolrID":"/1601038190-truong-tieu-hoc-c-binh-thuy","ID":0,"MaSoThue":"1601038190","NgayCap":"2009-02-14T00:00:00Z","Title":"Trường Tiểu học C Bình Thủy","DiaChiCongTy":"ấp Bình Hòa, xã Bình Thủy - Huyện Châu Phú - An Giang","Created":"2015-11-16T17:22:29Z","Updated":"2015-11-16T17:22:29Z","IsDelete":false,"RequestChanged":false,"ExitsInGDT":false,"SourceID":0,"TinhThanhID":0,"TinhThanhTitle":"An Giang","TinhThanhTitleAscii":"/an-giang","QuanHuyenID":0,"NganhNgheTitle":"Giáo dục tiểu học","NganhNgheTitleAscii":"/nganh-nghe/giao-duc-tieu-hoc","DSTags":["1601038190","An Giang",null]},{"Type":11,"SolrID":"/1600963011-truong-trung-hoc-co-so-binh-thuy","ID":0,"MaSoThue":"1600963011","NgayCap":"2008-05-29T00:00:00Z","Title":"Trường Trung Học Cơ Sơ Bình Thuỷ","DiaChiCongTy":"ấp Bình Hoà, Xã Bình Thuỷ - Huyện Châu Phú - An Giang","Created":"2015-11-16T19:00:14Z","Updated":"2015-11-16T19:00:14Z","IsDelete":false,"RequestChanged":false,"ExitsInGDT":false,"SourceID":0,"TinhThanhID":0,"TinhThanhTitle":"An Giang","TinhThanhTitleAscii":"/an-giang","QuanHuyenID":0,"NganhNgheTitle":"Giáo dục trung học cơ sở và trung học phổ thông","NganhNgheTitleAscii":"/nganh-nghe/giao-duc-trung-hoc-co-so-va-trung-hoc-pho-thong","DSTags":["1600963011","An Giang",null]},{"Type":11,"SolrID":"/1600957321-truong-mau-giao-binh-thuy","ID":0,"MaSoThue":"1600957321","NgayCap":"2008-04-22T00:00:00Z","Title":"Trường Mẫu Giáo Bình Thủy","DiaChiCongTy":"ấp Bình Thới, xã Bình Thủy - Huyện Châu Phú - An Giang","Created":"2015-11-16T18:55:54Z","Updated":"2015-11-16T18:55:54Z","IsDelete":false,"RequestChanged":false,"ExitsInGDT":false,"SourceID":0,"TinhThanhID":0,"TinhThanhTitle":"An Giang","TinhThanhTitleAscii":"/an-giang","QuanHuyenID":0,"NganhNgheTitle":"Giáo dục mầm non","NganhNgheTitleAscii":"/nganh-nghe/giao-duc-mam-non","DSTags":["1600957321","An Giang",null]},{"Type":11,"SolrID":"/1600909663-truong-tieu-hoc-a-binh-thuy","ID":0,"MaSoThue":"1600909663","NgayCap":"2007-11-02T00:00:00Z","Title":"Trường Tiểu Học A Bình Thuỷ","DiaChiCongTy":"ấp Bình Quý, xã Bình Thuỷ - Huyện Châu Phú - An Giang","Created":"2015-11-16T00:47:29Z","Updated":"2015-11-16T00:47:29Z","IsDelete":false,"RequestChanged":false,"ExitsInGDT":false,"SourceID":0,"TinhThanhID":0,"TinhThanhTitle":"An Giang","TinhThanhTitleAscii":"/an-giang","QuanHuyenID":0,"NganhNgheTitle":"Giáo dục tiểu học","NganhNgheTitleAscii":"/nganh-nghe/giao-duc-tieu-hoc","DSTags":["1600909663","An Giang",null]},{"Type":11,"SolrID":"/1600566039-cty-tnhh-dat-thanh-i","ID":0,"MaSoThue":"1600566039","NgayCap":"2001-04-12T00:00:00Z","Title":"CTy TNHH Đạt Thành I","DiaChiCongTy":"Tổ 65 ấp Bình Phú Xã Bình Thuỷ - Huyện Châu Phú - An Giang","Created":"2015-11-12T06:13:05Z","Updated":"2015-11-12T06:13:05Z","IsDelete":false,"RequestChanged":false,"ExitsInGDT":false,"SourceID":0,"TinhThanhID":0,"TinhThanhTitle":"An Giang","TinhThanhTitleAscii":"/an-giang","QuanHuyenID":0,"NganhNgheTitle":"Sản xuất và phân phối điện, khí đốt, nước nóng, hơi nước và điều hoà không khí","NganhNgheTitleAscii":"/nganh-nghe/san-xuat-va-phan-phoi-dien-khi-dot-nuoc-nong-hoi-nuoc-va-dieu-hoa-khong-khi-35","DSTags":["1600566039","An Giang",null]},{"Type":11,"SolrID":"/1600374986-044-truong-tieu-hoc-b-binh-thuy","ID":0,"MaSoThue":"1600374986-044","NgayCap":"1999-02-23T00:00:00Z","Title":"Trường Tiểu Học B Bình Thủy","DiaChiCongTy":"ấp Bình Phú xã Bình Thủy - Huyện Châu Phú - An Giang","Created":"2015-11-17T19:50:54Z","Updated":"2015-11-17T19:50:54Z","IsDelete":false,"RequestChanged":false,"ExitsInGDT":false,"SourceID":0,"TinhThanhID":0,"TinhThanhTitle":"An Giang","TinhThanhTitleAscii":"/an-giang","QuanHuyenID":0,"NganhNgheTitle":"Giáo dục tiểu học","NganhNgheTitleAscii":"/nganh-nghe/giao-duc-tieu-hoc","DSTags":["1600374986-044","An Giang",null]},{"Type":11,"SolrID":"/1600374986-046-truong-tieu-hoc-d-binh-thuy","ID":0,"MaSoThue":"1600374986-046","NgayCap":"1999-02-23T00:00:00Z","Title":"Trường Tiểu học Đ Bình Thủy","DiaChiCongTy":"ấp Bình Thới Xã Bình Thủy - Huyện Châu Phú - An Giang","Created":"2015-11-17T19:50:55Z","Updated":"2015-11-17T19:50:55Z","IsDelete":false,"RequestChanged":false,"ExitsInGDT":false,"SourceID":0,"TinhThanhID":0,"TinhThanhTitle":"An Giang","TinhThanhTitleAscii":"/an-giang","QuanHuyenID":0,"NganhNgheTitle":"Giáo dục tiểu học","NganhNgheTitleAscii":"/nganh-nghe/giao-duc-tieu-hoc","DSTags":["1600374986-046","An Giang",null]},{"Type":11,"SolrID":"/1600374873-ubnd-xa-binh-thuy","ID":0,"MaSoThue":"1600374873","NgayCap":"1998-11-25T00:00:00Z","Title":"UBND xã Bình Thủy","DiaChiCongTy":"ấp Bình Hòa, xã Bình Thủy - Huyện Châu Phú - An Giang","Created":"2015-11-14T17:13:42Z","Updated":"2015-11-14T17:13:42Z","IsDelete":false,"RequestChanged":false,"ExitsInGDT":false,"SourceID":0,"TinhThanhID":0,"TinhThanhTitle":"An Giang","TinhThanhTitleAscii":"/an-giang","QuanHuyenID":0,"NganhNgheTitle":"Hoạt động quản lý nhà nước nói chung và kinh tế tổng hợp","NganhNgheTitleAscii":"/nganh-nghe/hoat-dong-quan-ly-nha-nuoc-noi-chung-va-kinh-te-tong-hop","DSTags":["1600374873","An Giang",null]},{"Type":11,"SolrID":"/1600151683-dntn-tan-le-quang","ID":0,"MaSoThue":"1600151683","NgayCap":"1998-09-18T00:00:00Z","Title":"DNTN Tân Lê Quang","DiaChiCongTy":"ấp Bình Hòa, xã Bình Thủy - Huyện Châu Phú - An Giang","Created":"2015-11-14T18:02:24Z","Updated":"2015-11-14T18:02:24Z","IsDelete":false,"RequestChanged":false,"ExitsInGDT":false,"SourceID":0,"TinhThanhID":0,"TinhThanhTitle":"An Giang","TinhThanhTitleAscii":"/an-giang","QuanHuyenID":0,"NganhNgheTitle":"Khai thác đá, cát, sỏi, đất sét","NganhNgheTitleAscii":"/nganh-nghe/khai-thac-da-cat-soi-dat-set","DSTags":["1600151683","An Giang",null]}]}