{"ID":2402,"SolrID":"/an-giang/huyen-chau-phu/xa-binh-my","Title":"Xã Bình Mỹ","TinhThanhTitle":"An Giang","QuanHuyenTitle":"Huyện Châu Phú","QuanHuyenID":214,"TinhThanhID":35,"Url":"https://thongtindoanhnghiep.co/api/company?l=/an-giang/huyen-chau-phu/xa-binh-my","Total":100,"List":[{"Type":11,"SolrID":"/1602081551-cong-ty-tnhh-tu-van-xay-dung-phu-xuyen","ID":0,"MaSoThue":"1602081551","NgayCap":"2018-09-25T00:00:00Z","Title":"Công Ty TNHH Tư Vấn Xây Dựng Phú Xuyên","DiaChiCongTy":"Số nhà 549, Tổ 17, Ấp Bình Hưng 2, Xã Bình Mỹ, Huyện Châu Phú, Tỉnh An Giang","Created":"2018-09-25T12:04:26Z","Updated":"2018-09-25T12:04:26Z","IsDelete":false,"RequestChanged":false,"ExitsInGDT":false,"SourceID":0,"TinhThanhID":0,"TinhThanhTitle":"An Giang","TinhThanhTitleAscii":"/an-giang","QuanHuyenID":0,"NganhNgheTitle":"Hoạt động kiến trúc và tư vấn kỹ thuật có liên quan","NganhNgheTitleAscii":"/nganh-nghe/hoat-dong-kien-truc-va-tu-van-ky-thuat-co-lien-quan","DSTags":["1602081551","An Giang",null]},{"Type":11,"SolrID":"/1602073078-cong-ty-tnhh-xay-dung-su-pham-ky-thuat","ID":0,"MaSoThue":"1602073078","NgayCap":"2018-05-30T00:00:00Z","Title":"Công Ty TNHH Xây Dựng Sư Phạm Kỹ Thuật","DiaChiCongTy":"Ấp Bình Hưng 2, Xã Bình Mỹ, Huyện Châu Phú, Tỉnh An Giang","Created":"2018-05-30T08:08:14Z","Updated":"2018-05-30T08:08:14Z","IsDelete":false,"RequestChanged":false,"ExitsInGDT":false,"SourceID":0,"TinhThanhID":0,"TinhThanhTitle":"An Giang","TinhThanhTitleAscii":"/an-giang","QuanHuyenID":0,"NganhNgheTitle":"Xây dựng nhà các loại","NganhNgheTitleAscii":"/nganh-nghe/xay-dung-nha-cac-loai","DSTags":["1602073078","An Giang",null]},{"Type":11,"SolrID":"/1602069522-cong-ty-tnhh-thuong-mai-dich-vu-mekofar","ID":0,"MaSoThue":"1602069522","NgayCap":"2018-04-17T00:00:00Z","Title":"Công Ty TNHH Thương Mại Dịch Vụ Mekofar","DiaChiCongTy":"674/20, Ấp Bình Minh, Xã Bình Mỹ, Huyện Châu Phú, Tỉnh An Giang","Created":"2018-04-17T13:04:31Z","Updated":"2018-04-17T13:04:31Z","IsDelete":false,"RequestChanged":false,"ExitsInGDT":false,"SourceID":0,"TinhThanhID":0,"TinhThanhTitle":"An Giang","TinhThanhTitleAscii":"/an-giang","QuanHuyenID":0,"NganhNgheTitle":"Bán buôn chuyên doanh khác chưa được phân vào đâu","NganhNgheTitleAscii":"/nganh-nghe/ban-buon-chuyen-doanh-khac-chua-duoc-phan-vao-dau","DSTags":["1602069522","An Giang",null]},{"Type":11,"SolrID":"/1602068906-cong-ty-tnhh-mot-thanh-vien-thuong-mai-va-dich-vu-truong-phat","ID":0,"MaSoThue":"1602068906","NgayCap":"2018-04-09T00:00:00Z","Title":"Công Ty TNHH Một Thành Viên Thương Mại Và Dịch Vụ Trương Phát","DiaChiCongTy":"Số 366, Tổ 12, Ấp Bình Thành, Xã Bình Mỹ, Huyện Châu Phú, Tỉnh An Giang","Created":"2018-04-09T12:04:45Z","Updated":"2018-04-09T12:04:45Z","IsDelete":false,"RequestChanged":false,"ExitsInGDT":false,"SourceID":0,"TinhThanhID":0,"TinhThanhTitle":"An Giang","TinhThanhTitleAscii":"/an-giang","QuanHuyenID":0,"NganhNgheTitle":"Bán buôn nhiên liệu rắn, lỏng, khí và các sản phẩm liên quan","NganhNgheTitleAscii":"/nganh-nghe/ban-buon-nhien-lieu-ran-long-khi-va-cac-san-pham-lien-quan","DSTags":["1602068906","An Giang",null]},{"Type":11,"SolrID":"/1602059595-cong-ty-tnhh-nong-nghiep-binh-duc","ID":0,"MaSoThue":"1602059595","NgayCap":"2017-12-22T00:00:00Z","Title":"Công Ty TNHH Nông Nghiệp Bình Đức","DiaChiCongTy":"Số 263/8 Ấp Mỹ Trung, Xã Bình Mỹ, Huyện Châu Phú, Tỉnh An Giang","Created":"2017-12-22T12:05:12Z","Updated":"2017-12-22T12:05:12Z","IsDelete":false,"RequestChanged":false,"ExitsInGDT":false,"SourceID":0,"TinhThanhID":0,"TinhThanhTitle":"An Giang","TinhThanhTitleAscii":"/an-giang","QuanHuyenID":0,"NganhNgheTitle":"Bán buôn nông, lâm sản nguyên liệu (trừ gỗ, tre, nứa) và động vật sống","NganhNgheTitleAscii":"/nganh-nghe/ban-buon-nong-lam-san-nguyen-lieu-tru-go-tre-nua-va-dong-vat-song","DSTags":["1602059595","An Giang",null]},{"Type":11,"SolrID":"/1602051204-cong-ty-tnhh-mot-thanh-vien-bi-go","ID":0,"MaSoThue":"1602051204","NgayCap":"2017-09-28T00:00:00Z","Title":"Công Ty TNHH Một Thành Viên Bi Go","DiaChiCongTy":"461/14, Ấp Bình Minh, Xã Bình Mỹ, Huyện Châu Phú, Tỉnh An Giang","Created":"2017-09-28T13:35:20Z","Updated":"2017-09-28T13:35:20Z","IsDelete":false,"RequestChanged":false,"ExitsInGDT":false,"SourceID":0,"TinhThanhID":0,"TinhThanhTitle":"An Giang","TinhThanhTitleAscii":"/an-giang","QuanHuyenID":0,"NganhNgheTitle":"Sản xuất máy nông nghiệp và lâm nghiệp","NganhNgheTitleAscii":"/nganh-nghe/san-xuat-may-nong-nghiep-va-lam-nghiep","DSTags":["1602051204","An Giang",null]},{"Type":11,"SolrID":"/1602047688-cong-ty-tnhh-xuat-nhap-khau-yen-sao-vinanest","ID":0,"MaSoThue":"1602047688","NgayCap":"2017-08-17T00:00:00Z","Title":"Công Ty TNHH Xuất Nhập Khẩu Yến Sào Vinanest","DiaChiCongTy":"Số 314/10, Ấp Bình Thành, Xã Bình Mỹ, Huyện Châu Phú, Tỉnh An Giang","Created":"2017-08-17T17:31:16Z","Updated":"2017-08-17T17:31:16Z","IsDelete":false,"RequestChanged":false,"ExitsInGDT":false,"SourceID":0,"TinhThanhID":0,"TinhThanhTitle":"An Giang","TinhThanhTitleAscii":"/an-giang","QuanHuyenID":0,"NganhNgheTitle":"Bán buôn thực phẩm","NganhNgheTitleAscii":"/nganh-nghe/ban-buon-thuc-pham","DSTags":["1602047688","An Giang",null]},{"Type":11,"SolrID":"/1602043997-cong-ty-tnhh-mot-thanh-vien-cat-vang-truong-phat","ID":0,"MaSoThue":"1602043997","NgayCap":"2017-06-28T00:00:00Z","Title":"Công Ty TNHH Một Thành Viên Cát Vàng Trường Phát","DiaChiCongTy":"Số 79, Tổ 2, Ấp Bình Thiện, Xã Bình Mỹ, Huyện Châu Phú, Tỉnh An Giang","Created":"2017-06-28T09:02:06Z","Updated":"2017-06-28T09:02:06Z","IsDelete":false,"RequestChanged":false,"ExitsInGDT":false,"SourceID":0,"TinhThanhID":0,"TinhThanhTitle":"An Giang","TinhThanhTitleAscii":"/an-giang","QuanHuyenID":0,"NganhNgheTitle":"Bán buôn vật liệu, thiết bị lắp đặt khác trong xây dựng","NganhNgheTitleAscii":"/nganh-nghe/ban-buon-vat-lieu-thiet-bi-lap-dat-khac-trong-xay-dung","DSTags":["1602043997","An Giang",null]},{"Type":11,"SolrID":"/1602043732-cong-ty-tnhh-mot-thanh-vien-vien-thong-buong-hi","ID":0,"MaSoThue":"1602043732","NgayCap":"2017-06-23T00:00:00Z","Title":"Công Ty TNHH Một Thành Viên Viễn Thông Bương Hi","DiaChiCongTy":"Số 436, Tổ 13, Ấp Bình Minh, Xã Bình Mỹ, Huyện Châu Phú, Tỉnh An Giang","Created":"2017-06-23T13:38:13Z","Updated":"2017-06-23T13:38:13Z","IsDelete":false,"RequestChanged":false,"ExitsInGDT":false,"SourceID":0,"TinhThanhID":0,"TinhThanhTitle":"An Giang","TinhThanhTitleAscii":"/an-giang","QuanHuyenID":0,"NganhNgheTitle":"Bán buôn thiết bị và linh kiện điện tử, viễn thông","NganhNgheTitleAscii":"/nganh-nghe/ban-buon-thiet-bi-va-linh-kien-dien-tu-vien-thong","DSTags":["1602043732","An Giang",null]},{"Type":11,"SolrID":"/1602027089-cong-ty-tnhh-mot-thanh-vien-thuong-mai-dich-vu-tien-tien-phat-an-giang","ID":0,"MaSoThue":"1602027089","NgayCap":"2016-12-14T00:00:00Z","Title":"Công Ty TNHH Một Thành Viên Thương Mại Dịch Vụ Tiến Tiến Phát An Giang","DiaChiCongTy":"Tổ 14, Ấp Bình Hưng I, Xã Bình Mỹ, Huyện Châu Phú, Tỉnh An Giang","Created":"2016-12-14T15:13:53Z","Updated":"2016-12-14T15:13:53Z","IsDelete":false,"RequestChanged":false,"ExitsInGDT":false,"SourceID":0,"TinhThanhID":0,"TinhThanhTitle":"An Giang","TinhThanhTitleAscii":"/an-giang","QuanHuyenID":0,"NganhNgheTitle":"Bán buôn vật liệu, thiết bị lắp đặt khác trong xây dựng","NganhNgheTitleAscii":"/nganh-nghe/ban-buon-vat-lieu-thiet-bi-lap-dat-khac-trong-xay-dung","DSTags":["1602027089","An Giang",null]},{"Type":11,"SolrID":"/1602027071-cong-ty-tnhh-mot-thanh-vien-loc-phat-an-giang","ID":0,"MaSoThue":"1602027071","NgayCap":"2016-12-14T00:00:00Z","Title":"Công Ty TNHH Một Thành Viên Lộc Phát An Giang","DiaChiCongTy":"Số 102, Tổ 14, Ấp Bình Hưng I, Xã Bình Mỹ, Huyện Châu Phú, Tỉnh An Giang","Created":"2016-12-14T15:43:59Z","Updated":"2016-12-14T15:43:59Z","IsDelete":false,"RequestChanged":false,"ExitsInGDT":false,"SourceID":0,"TinhThanhID":0,"TinhThanhTitle":"An Giang","TinhThanhTitleAscii":"/an-giang","QuanHuyenID":0,"NganhNgheTitle":"Vận tải hàng hóa bằng đường bộ","NganhNgheTitleAscii":"/nganh-nghe/van-tai-hang-hoa-bang-duong-bo","DSTags":["1602027071","An Giang",null]},{"Type":11,"SolrID":"/1602016337-cong-ty-tnhh-mot-thanh-vien-xay-dung-nguyen-thanh-tu","ID":0,"MaSoThue":"1602016337","NgayCap":"2016-08-10T00:00:00Z","Title":"CôNG TY TNHH MộT THàNH VIêN XâY DựNG NGUYễN THàNH Tú","DiaChiCongTy":"ấp Bình Minh - Xã Bình Mỹ - Huyện Châu Phú - An Giang","Created":"2016-08-11T08:36:44Z","Updated":"2016-09-10T17:30:22Z","IsDelete":false,"RequestChanged":false,"ExitsInGDT":false,"SourceID":0,"TinhThanhID":0,"TinhThanhTitle":"An Giang","TinhThanhTitleAscii":"/an-giang","QuanHuyenID":0,"DSTags":["1602016337","An Giang",null]},{"Type":11,"SolrID":"/1602016150-doanh-nghiep-tn-tang-huynh-hiep","ID":0,"MaSoThue":"1602016150","NgayCap":"2016-08-08T00:00:00Z","Title":"DOANH NGHIệP TN TăNG HUỳNH HIệP","DiaChiCongTy":"Tổ 14 - Xã Bình Mỹ - Huyện Châu Phú - An Giang","Created":"2016-08-09T08:46:26Z","Updated":"2016-09-10T17:46:14Z","IsDelete":false,"RequestChanged":false,"ExitsInGDT":false,"SourceID":0,"TinhThanhID":0,"TinhThanhTitle":"An Giang","TinhThanhTitleAscii":"/an-giang","QuanHuyenID":0,"DSTags":["1602016150","An Giang",null]},{"Type":11,"SolrID":"/1602016009-cong-ty-tnhh-mot-thanh-vien-game-thuy-nga","ID":0,"MaSoThue":"1602016009","NgayCap":"2016-08-05T00:00:00Z","Title":"CôNG TY TNHH MộT THàNH VIêN GAME THúY NGA","DiaChiCongTy":"Tổ 42, ấp Thành - Xã Bình Mỹ - Huyện Châu Phú - An Giang","Created":"2016-08-09T11:38:20Z","Updated":"2016-09-10T17:38:51Z","IsDelete":false,"RequestChanged":false,"ExitsInGDT":false,"SourceID":0,"TinhThanhID":0,"TinhThanhTitle":"An Giang","TinhThanhTitleAscii":"/an-giang","QuanHuyenID":0,"DSTags":["1602016009","An Giang",null]},{"Type":11,"SolrID":"/1602016016-cong-ty-tnhh-mot-thanh-vien-dich-vu-du-lich-thong-viet-thao","ID":0,"MaSoThue":"1602016016","NgayCap":"2016-08-05T00:00:00Z","Title":"CôNG TY TNHH MộT THàNH VIêN DịCH Vụ DU LịCH THôNG VIệT THảO","DiaChiCongTy":"235, ấp Bình thành - Xã Bình Mỹ - Huyện Châu Phú - An Giang","Created":"2016-08-09T11:38:28Z","Updated":"2016-09-10T17:38:50Z","IsDelete":false,"RequestChanged":false,"ExitsInGDT":false,"SourceID":0,"TinhThanhID":0,"TinhThanhTitle":"An Giang","TinhThanhTitleAscii":"/an-giang","QuanHuyenID":0,"DSTags":["1602016016","An Giang",null]},{"Type":11,"SolrID":"/1602014805-cong-ty-tnhh-mot-thanh-vien-thuong-mai-dich-vu-luong-minh","ID":0,"MaSoThue":"1602014805","NgayCap":"2016-07-19T00:00:00Z","Title":"Công Ty TNHH Một Thành Viên Thương Mại Dịch Vụ Lương Minh","DiaChiCongTy":"7/190, ấp Bình Hưng 2 - Xã Bình Mỹ - Huyện Châu Phú - An Giang","Created":"2016-07-21T14:05:41Z","Updated":"2016-09-10T21:11:09Z","IsDelete":false,"RequestChanged":false,"ExitsInGDT":false,"SourceID":0,"TinhThanhID":0,"TinhThanhTitle":"An Giang","TinhThanhTitleAscii":"/an-giang","QuanHuyenID":0,"DSTags":["1602014805","An Giang",null]},{"Type":11,"SolrID":"/1602013985-doanh-nghiep-tn-dau-nhon-truong-phat","ID":0,"MaSoThue":"1602013985","NgayCap":"2016-07-08T00:00:00Z","Title":"Doanh Nghiệp TN Dầu Nhờn Trương Phát","DiaChiCongTy":"350, Tổ 12, ấp Bình Thành - Xã Bình Mỹ - Huyện Châu Phú - An Giang","Created":"2016-07-14T14:45:28Z","Updated":"2016-09-10T22:32:40Z","IsDelete":false,"RequestChanged":false,"ExitsInGDT":false,"SourceID":0,"TinhThanhID":0,"TinhThanhTitle":"An Giang","TinhThanhTitleAscii":"/an-giang","QuanHuyenID":0,"DSTags":["1602013985","An Giang",null]},{"Type":11,"SolrID":"/1602008907-doanh-nghiep-tn-van-tai-hang-hoa-thanh-phu","ID":0,"MaSoThue":"1602008907","NgayCap":"2016-05-10T00:00:00Z","Title":"Doanh Nghiệp TN Vận Tải Hàng Hóa Thành Phú","DiaChiCongTy":"69/2, ấp Bình Trung - Xã Bình Mỹ - Huyện Châu Phú - An Giang","Created":"2016-05-12T11:35:04Z","Updated":"2016-05-12T11:35:04Z","IsDelete":false,"RequestChanged":false,"ExitsInGDT":false,"SourceID":0,"TinhThanhID":0,"TinhThanhTitle":"An Giang","TinhThanhTitleAscii":"/an-giang","QuanHuyenID":0,"NganhNgheTitle":"Vận tải hàng hóa đường thuỷ nội địa","NganhNgheTitleAscii":"/nganh-nghe/van-tai-hang-hoa-duong-thuy-noi-dia","DSTags":["1602008907","An Giang",null]},{"Type":11,"SolrID":"/1602003722-cong-ty-cp-tu-van-xay-dung-tay-mekong","ID":0,"MaSoThue":"1602003722","NgayCap":"2016-03-09T00:00:00Z","Title":"Công Ty CP Tư Vấn Xây Dựng Tây Mekong","DiaChiCongTy":"Số 22/41, ấp Bình Thành - Xã Bình Mỹ - Huyện Châu Phú - An Giang","Created":"2016-03-10T08:10:40Z","Updated":"2016-09-11T00:47:00Z","IsDelete":false,"RequestChanged":false,"ExitsInGDT":false,"SourceID":0,"TinhThanhID":0,"TinhThanhTitle":"An Giang","TinhThanhTitleAscii":"/an-giang","QuanHuyenID":0,"DSTags":["1602003722","An Giang",null]},{"Type":11,"SolrID":"/1601998338-cong-ty-tnhh-mot-thanh-vien-giong-cay-trong-loc-vang","ID":0,"MaSoThue":"1601998338","NgayCap":"2016-01-13T00:00:00Z","Title":"Công Ty TNHH Một Thành Viên Giống Cây Trồng Lộc Vàng","DiaChiCongTy":"Số 104, tổ 04, ấp Bình Hưng II - Xã Bình Mỹ - Huyện Châu Phú - An Giang","Created":"2016-01-15T13:10:10Z","Updated":"2016-01-15T13:10:10Z","IsDelete":false,"RequestChanged":false,"ExitsInGDT":false,"SourceID":0,"TinhThanhID":0,"TinhThanhTitle":"An Giang","TinhThanhTitleAscii":"/an-giang","QuanHuyenID":0,"NganhNgheTitle":"Xử lý hạt giống để nhân giống","NganhNgheTitleAscii":"/nganh-nghe/xu-ly-hat-giong-de-nhan-giong","DSTags":["1601998338","An Giang",null]},{"Type":11,"SolrID":"/1601990314-doanh-nghiep-tn-xe-gan-may-hong-cam","ID":0,"MaSoThue":"1601990314","NgayCap":"2015-12-04T00:00:00Z","Title":"Doanh Nghiệp TN Xe Gắn Máy Hồng Cẩm","DiaChiCongTy":"ấp Bình Minh - Xã Bình Mỹ - Huyện Châu Phú - An Giang","Created":"2015-12-06T00:45:13Z","Updated":"2015-12-06T00:45:13Z","IsDelete":false,"RequestChanged":false,"ExitsInGDT":false,"SourceID":0,"TinhThanhID":0,"TinhThanhTitle":"An Giang","TinhThanhTitleAscii":"/an-giang","QuanHuyenID":0,"NganhNgheTitle":"Bán mô tô, xe máy","NganhNgheTitleAscii":"/nganh-nghe/ban-mo-to-xe-may","DSTags":["1601990314","An Giang",null]},{"Type":11,"SolrID":"/1601882069-001-chi-nhanh-doanh-nghiep-tn-tiem-vang-kim-nguyet-1","ID":0,"MaSoThue":"1601882069-001","NgayCap":"2015-05-12T00:00:00Z","Title":"Chi Nhánh Doanh Nghiệp TN Tiệm Vàng Kim Nguyệt 1","DiaChiCongTy":"ấp Bình Minh - Xã Bình Mỹ - Huyện Châu Phú - An Giang","Created":"2015-11-17T13:14:36Z","Updated":"2015-11-17T13:14:36Z","IsDelete":false,"RequestChanged":false,"ExitsInGDT":false,"SourceID":0,"TinhThanhID":0,"TinhThanhTitle":"An Giang","TinhThanhTitleAscii":"/an-giang","QuanHuyenID":0,"NganhNgheTitle":"Bán buôn kim loại và quặng kim loại","NganhNgheTitleAscii":"/nganh-nghe/ban-buon-kim-loai-va-quang-kim-loai","DSTags":["1601882069-001","An Giang",null]},{"Type":11,"SolrID":"/1601947566-cong-ty-tnhh-mot-thanh-vien-thuong-mai-dich-vu-dao-tien","ID":0,"MaSoThue":"1601947566","NgayCap":"2014-11-27T00:00:00Z","Title":"Công Ty TNHH Một Thành Viên Thương Mại Dịch Vụ Đào Tiên","DiaChiCongTy":"Số 359, Tổ 10, ấp Bình Trung - Xã Bình Mỹ - Huyện Châu Phú - An Giang","Created":"2015-11-11T14:04:06Z","Updated":"2015-11-11T14:04:06Z","IsDelete":false,"RequestChanged":false,"ExitsInGDT":false,"SourceID":0,"TinhThanhID":0,"TinhThanhTitle":"An Giang","TinhThanhTitleAscii":"/an-giang","QuanHuyenID":0,"NganhNgheTitle":"Bán buôn vật liệu, thiết bị lắp đặt khác trong xây dựng","NganhNgheTitleAscii":"/nganh-nghe/ban-buon-vat-lieu-thiet-bi-lap-dat-khac-trong-xay-dung","DSTags":["1601947566","An Giang",null]},{"Type":11,"SolrID":"/1601940419-cong-ty-tnhh-thuong-mai-cimexcol","ID":0,"MaSoThue":"1601940419","NgayCap":"2014-09-24T00:00:00Z","Title":"Công Ty TNHH Thương Mại Cimexcol","DiaChiCongTy":"Số 943, Tổ 24, ấp Bình Trung - Xã Bình Mỹ - Huyện Châu Phú - An Giang","Created":"2015-11-11T01:49:43Z","Updated":"2015-11-11T01:49:43Z","IsDelete":false,"RequestChanged":false,"ExitsInGDT":false,"SourceID":0,"TinhThanhID":0,"TinhThanhTitle":"An Giang","TinhThanhTitleAscii":"/an-giang","QuanHuyenID":0,"NganhNgheTitle":"Bán buôn thực phẩm","NganhNgheTitleAscii":"/nganh-nghe/ban-buon-thuc-pham","DSTags":["1601940419","An Giang",null]},{"Type":11,"SolrID":"/1601932369-cong-ty-tnhh-mot-thanh-vien-nam-thanh-chau-phu","ID":0,"MaSoThue":"1601932369","NgayCap":"2014-07-09T00:00:00Z","Title":"Công Ty TNHH Một Thành Viên Nam Thành Châu Phú","DiaChiCongTy":"Số 922, ấp Bình Hưng 2 - Xã Bình Mỹ - Huyện Châu Phú - An Giang","Created":"2015-11-11T14:53:33Z","Updated":"2015-11-11T14:53:33Z","IsDelete":false,"RequestChanged":false,"ExitsInGDT":false,"SourceID":0,"TinhThanhID":0,"TinhThanhTitle":"An Giang","TinhThanhTitleAscii":"/an-giang","QuanHuyenID":0,"NganhNgheTitle":"Dịch vụ thông tin khác chưa được phân vào đâu","NganhNgheTitleAscii":"/nganh-nghe/dich-vu-thong-tin-khac-chua-duoc-phan-vao-dau","DSTags":["1601932369","An Giang",null]},{"Type":11,"SolrID":"/1601926478-cong-ty-tnhh-mot-thanh-vien-hoa-kim-hoa","ID":0,"MaSoThue":"1601926478","NgayCap":"2014-06-12T00:00:00Z","Title":"Công Ty TNHH Một Thành Viên Hoa Kim Hoa","DiaChiCongTy":"ấp Bình Thành - Xã Bình Mỹ - Huyện Châu Phú - An Giang","Created":"2015-11-09T14:09:54Z","Updated":"2015-11-09T14:09:54Z","IsDelete":false,"RequestChanged":false,"ExitsInGDT":false,"SourceID":0,"TinhThanhID":0,"TinhThanhTitle":"An Giang","TinhThanhTitleAscii":"/an-giang","QuanHuyenID":0,"NganhNgheTitle":"Sản xuất thực phẩm khác chưa được phân vào đâu","NganhNgheTitleAscii":"/nganh-nghe/san-xuat-thuc-pham-khac-chua-duoc-phan-vao-dau","DSTags":["1601926478","An Giang",null]},{"Type":11,"SolrID":"/1601912725-cong-ty-tnhh-mot-thanh-vien-dich-vu-thuong-mai-xay-dung-tuan-tu","ID":0,"MaSoThue":"1601912725","NgayCap":"2014-02-28T00:00:00Z","Title":"Công Ty TNHH Một Thành Viên Dịch Vụ Thương Mại Xây Dựng Tuấn Tú","DiaChiCongTy":"Số 544, Tổ 16, ấp Bình Minh - Xã Bình Mỹ - Huyện Châu Phú - An Giang","Created":"2015-11-09T21:11:00Z","Updated":"2015-11-09T21:11:00Z","IsDelete":false,"RequestChanged":false,"ExitsInGDT":false,"SourceID":0,"TinhThanhID":0,"TinhThanhTitle":"An Giang","TinhThanhTitleAscii":"/an-giang","QuanHuyenID":0,"NganhNgheTitle":"Xây dựng nhà các loại","NganhNgheTitleAscii":"/nganh-nghe/xay-dung-nha-cac-loai","DSTags":["1601912725","An Giang",null]},{"Type":11,"SolrID":"/1601909881-doanh-nghiep-tn-duy-linh-chau-phu","ID":0,"MaSoThue":"1601909881","NgayCap":"2014-02-12T00:00:00Z","Title":"Doanh Nghiệp TN Duy Linh Châu Phú","DiaChiCongTy":"Số 179, ấp Bình Tân - Xã Bình Mỹ - Huyện Châu Phú - An Giang","Created":"2015-11-09T18:06:55Z","Updated":"2015-11-09T18:06:55Z","IsDelete":false,"RequestChanged":false,"ExitsInGDT":false,"SourceID":0,"TinhThanhID":0,"TinhThanhTitle":"An Giang","TinhThanhTitleAscii":"/an-giang","QuanHuyenID":0,"NganhNgheTitle":"Vận tải hàng hóa đường thuỷ nội địa","NganhNgheTitleAscii":"/nganh-nghe/van-tai-hang-hoa-duong-thuy-noi-dia","DSTags":["1601909881","An Giang",null]},{"Type":11,"SolrID":"/1601908006-cong-ty-tnhh-mot-thanh-vien-huynh-phuong-minh","ID":0,"MaSoThue":"1601908006","NgayCap":"2014-01-17T00:00:00Z","Title":"Công Ty TNHH Một Thành Viên Huỳnh Phương Minh","DiaChiCongTy":"Số 404, Quốc lộ 91, ấp Bình Hưng 2 - Xã Bình Mỹ - Huyện Châu Phú - An Giang","Created":"2015-11-09T20:22:42Z","Updated":"2015-11-09T20:22:42Z","IsDelete":false,"RequestChanged":false,"ExitsInGDT":false,"SourceID":0,"TinhThanhID":0,"TinhThanhTitle":"An Giang","TinhThanhTitleAscii":"/an-giang","QuanHuyenID":0,"NganhNgheTitle":"Vận tải hàng hóa đường thuỷ nội địa","NganhNgheTitleAscii":"/nganh-nghe/van-tai-hang-hoa-duong-thuy-noi-dia","DSTags":["1601908006","An Giang",null]},{"Type":11,"SolrID":"/1601901610-cong-ty-tnhh-sx-tm-dv-xnk-nhon-hai","ID":0,"MaSoThue":"1601901610","NgayCap":"2013-12-27T00:00:00Z","Title":"Công Ty TNHH Sx-Tm-Dv-Xnk Nhơn Hải","DiaChiCongTy":"ấp Bình Minh - Xã Bình Mỹ - Huyện Châu Phú - An Giang","Created":"2015-11-09T20:53:28Z","Updated":"2015-11-09T20:53:28Z","IsDelete":false,"RequestChanged":false,"ExitsInGDT":false,"SourceID":0,"TinhThanhID":0,"TinhThanhTitle":"An Giang","TinhThanhTitleAscii":"/an-giang","QuanHuyenID":0,"NganhNgheTitle":"Bán buôn chuyên doanh khác chưa được phân vào đâu","NganhNgheTitleAscii":"/nganh-nghe/ban-buon-chuyen-doanh-khac-chua-duoc-phan-vao-dau","DSTags":["1601901610","An Giang",null]},{"Type":11,"SolrID":"/1601899270-doanh-nghiep-tn-san-xuat-gach-ngoi-nguyen-long","ID":0,"MaSoThue":"1601899270","NgayCap":"2013-12-20T00:00:00Z","Title":"Doanh Nghiệp TN Sản Xuất Gạch Ngói Nguyễn Long","DiaChiCongTy":"Số 393, Tổ 10, ấp Bình Hưng I - Xã Bình Mỹ - Huyện Châu Phú - An Giang","Created":"2015-11-09T22:56:17Z","Updated":"2015-11-09T22:56:17Z","IsDelete":false,"RequestChanged":false,"ExitsInGDT":false,"SourceID":0,"TinhThanhID":0,"TinhThanhTitle":"An Giang","TinhThanhTitleAscii":"/an-giang","QuanHuyenID":0,"NganhNgheTitle":"Sản xuất vật liệu xây dựng từ đất sét","NganhNgheTitleAscii":"/nganh-nghe/san-xuat-vat-lieu-xay-dung-tu-dat-set","DSTags":["1601899270","An Giang",null]},{"Type":11,"SolrID":"/1601899390-doanh-nghiep-tn-san-xuat-gach-ngoi-hung-vuong","ID":0,"MaSoThue":"1601899390","NgayCap":"2013-12-20T00:00:00Z","Title":"Doanh Nghiệp TN Sản Xuất Gạch Ngói Hưng Vượng","DiaChiCongTy":"Tổ 12, ấp Bình Tân - Xã Bình Mỹ - Huyện Châu Phú - An Giang","Created":"2015-11-09T22:56:18Z","Updated":"2015-11-09T22:56:18Z","IsDelete":false,"RequestChanged":false,"ExitsInGDT":false,"SourceID":0,"TinhThanhID":0,"TinhThanhTitle":"An Giang","TinhThanhTitleAscii":"/an-giang","QuanHuyenID":0,"NganhNgheTitle":"Sản xuất vật liệu xây dựng từ đất sét","NganhNgheTitleAscii":"/nganh-nghe/san-xuat-vat-lieu-xay-dung-tu-dat-set","DSTags":["1601899390","An Giang",null]},{"Type":11,"SolrID":"/1601899256-doanh-nghiep-tn-san-xuat-gach-ngoi-vinh-an","ID":0,"MaSoThue":"1601899256","NgayCap":"2013-12-20T00:00:00Z","Title":"Doanh Nghiệp TN Sản Xuất Gạch Ngói Vĩnh An","DiaChiCongTy":"Số 780, Tổ 20, ấp Bình Trung - Xã Bình Mỹ - Huyện Châu Phú - An Giang","Created":"2015-11-09T22:56:22Z","Updated":"2015-11-09T22:56:22Z","IsDelete":false,"RequestChanged":false,"ExitsInGDT":false,"SourceID":0,"TinhThanhID":0,"TinhThanhTitle":"An Giang","TinhThanhTitleAscii":"/an-giang","QuanHuyenID":0,"NganhNgheTitle":"Sản xuất vật liệu xây dựng từ đất sét","NganhNgheTitleAscii":"/nganh-nghe/san-xuat-vat-lieu-xay-dung-tu-dat-set","DSTags":["1601899256","An Giang",null]},{"Type":11,"SolrID":"/1601899400-doanh-nghiep-tn-nang-gu","ID":0,"MaSoThue":"1601899400","NgayCap":"2013-12-20T00:00:00Z","Title":"Doanh Nghiệp TN Năng Gù","DiaChiCongTy":"Số 786, Tổ 20, ấp Bình Trung - Xã Bình Mỹ - Huyện Châu Phú - An Giang","Created":"2015-11-09T22:56:25Z","Updated":"2015-11-09T22:56:25Z","IsDelete":false,"RequestChanged":false,"ExitsInGDT":false,"SourceID":0,"TinhThanhID":0,"TinhThanhTitle":"An Giang","TinhThanhTitleAscii":"/an-giang","QuanHuyenID":0,"NganhNgheTitle":"Sản xuất vật liệu xây dựng từ đất sét","NganhNgheTitleAscii":"/nganh-nghe/san-xuat-vat-lieu-xay-dung-tu-dat-set","DSTags":["1601899400","An Giang",null]},{"Type":11,"SolrID":"/1601885849-doanh-nghiep-tn-tiem-vang-my-tien-binh-my","ID":0,"MaSoThue":"1601885849","NgayCap":"2013-08-07T00:00:00Z","Title":"Doanh Nghiệp TN Tiệm Vàng Mỹ Tiên Bình Mỹ","DiaChiCongTy":"ấp Bình Minh - Xã Bình Mỹ - Huyện Châu Phú - An Giang","Created":"2015-11-09T23:23:44Z","Updated":"2015-11-09T23:23:44Z","IsDelete":false,"RequestChanged":false,"ExitsInGDT":false,"SourceID":0,"TinhThanhID":0,"TinhThanhTitle":"An Giang","TinhThanhTitleAscii":"/an-giang","QuanHuyenID":0,"NganhNgheTitle":"Bán buôn kim loại và quặng kim loại","NganhNgheTitleAscii":"/nganh-nghe/ban-buon-kim-loai-va-quang-kim-loai","DSTags":["1601885849","An Giang",null]},{"Type":11,"SolrID":"/1601884098-doanh-nghiep-tn-tiem-vang-nam-hanh","ID":0,"MaSoThue":"1601884098","NgayCap":"2013-07-17T00:00:00Z","Title":"Doanh Nghiệp TN Tiệm Vàng Nam Hạnh","DiaChiCongTy":"ấp Bình Chánh II - Xã Bình Mỹ - Huyện Châu Phú - An Giang","Created":"2015-11-18T05:44:45Z","Updated":"2015-11-18T05:44:45Z","IsDelete":false,"RequestChanged":false,"ExitsInGDT":false,"SourceID":0,"TinhThanhID":0,"TinhThanhTitle":"An Giang","TinhThanhTitleAscii":"/an-giang","QuanHuyenID":0,"NganhNgheTitle":"Bán buôn kim loại và quặng kim loại","NganhNgheTitleAscii":"/nganh-nghe/ban-buon-kim-loai-va-quang-kim-loai","DSTags":["1601884098","An Giang",null]},{"Type":11,"SolrID":"/1601883009-doanh-nghiep-tn-cong-minh-binh-my","ID":0,"MaSoThue":"1601883009","NgayCap":"2013-07-05T00:00:00Z","Title":"Doanh Nghiệp TN Công Minh Bình Mỹ","DiaChiCongTy":"Tổ 8 - Xã Bình Mỹ - Huyện Châu Phú - An Giang","Created":"2015-11-18T05:44:58Z","Updated":"2015-11-18T05:44:58Z","IsDelete":false,"RequestChanged":false,"ExitsInGDT":false,"SourceID":0,"TinhThanhID":0,"TinhThanhTitle":"An Giang","TinhThanhTitleAscii":"/an-giang","QuanHuyenID":0,"NganhNgheTitle":"Bán buôn kim loại và quặng kim loại","NganhNgheTitleAscii":"/nganh-nghe/ban-buon-kim-loai-va-quang-kim-loai","DSTags":["1601883009","An Giang",null]},{"Type":11,"SolrID":"/1601882407-doanh-nghiep-tn-quang-tuoi","ID":0,"MaSoThue":"1601882407","NgayCap":"2013-07-02T00:00:00Z","Title":"Doanh Nghiệp TN Quang Tươi","DiaChiCongTy":"ấp Bình Hưng I - Xã Bình Mỹ - Huyện Châu Phú - An Giang","Created":"2015-11-16T12:07:42Z","Updated":"2015-11-16T12:07:42Z","IsDelete":false,"RequestChanged":false,"ExitsInGDT":false,"SourceID":0,"TinhThanhID":0,"TinhThanhTitle":"An Giang","TinhThanhTitleAscii":"/an-giang","QuanHuyenID":0,"NganhNgheTitle":"Bán buôn kim loại và quặng kim loại","NganhNgheTitleAscii":"/nganh-nghe/ban-buon-kim-loai-va-quang-kim-loai","DSTags":["1601882407","An Giang",null]},{"Type":11,"SolrID":"/1601882069-doanh-nghiep-tn-tiem-vang-kim-nguyet","ID":0,"MaSoThue":"1601882069","NgayCap":"2013-06-28T00:00:00Z","Title":"Doanh Nghiệp TN Tiệm Vàng Kim Nguyệt","DiaChiCongTy":"Số 480, Tổ 14, ấp Bình Minh - Xã Bình Mỹ - Huyện Châu Phú - An Giang","Created":"2015-11-16T21:20:05Z","Updated":"2015-11-16T21:20:05Z","IsDelete":false,"RequestChanged":false,"ExitsInGDT":false,"SourceID":0,"TinhThanhID":0,"TinhThanhTitle":"An Giang","TinhThanhTitleAscii":"/an-giang","QuanHuyenID":0,"NganhNgheTitle":"Bán buôn kim loại và quặng kim loại","NganhNgheTitleAscii":"/nganh-nghe/ban-buon-kim-loai-va-quang-kim-loai","DSTags":["1601882069","An Giang",null]},{"Type":11,"SolrID":"/1601881682-doanh-nghiep-tn-tiem-vang-thanh-xuan-binh-my","ID":0,"MaSoThue":"1601881682","NgayCap":"2013-06-26T00:00:00Z","Title":"Doanh Nghiệp TN Tiệm Vàng Thanh Xuân Bình Mỹ","DiaChiCongTy":"ấp Bình Hưng 1 - Xã Bình Mỹ - Huyện Châu Phú - An Giang","Created":"2015-11-16T21:24:24Z","Updated":"2015-11-16T21:24:24Z","IsDelete":false,"RequestChanged":false,"ExitsInGDT":false,"SourceID":0,"TinhThanhID":0,"TinhThanhTitle":"An Giang","TinhThanhTitleAscii":"/an-giang","QuanHuyenID":0,"NganhNgheTitle":"Bán buôn kim loại và quặng kim loại","NganhNgheTitleAscii":"/nganh-nghe/ban-buon-kim-loai-va-quang-kim-loai","DSTags":["1601881682","An Giang",null]},{"Type":11,"SolrID":"/1601877414-doanh-nghiep-tn-trieu-huy-chuong","ID":0,"MaSoThue":"1601877414","NgayCap":"2013-05-30T00:00:00Z","Title":"Doanh Nghiệp TN Triều Huy Chương","DiaChiCongTy":"Tổ 02, ấp Bình Trung - Xã Bình Mỹ - Huyện Châu Phú - An Giang","Created":"2015-11-18T04:43:57Z","Updated":"2015-11-18T04:43:57Z","IsDelete":false,"RequestChanged":false,"ExitsInGDT":false,"SourceID":0,"TinhThanhID":0,"TinhThanhTitle":"An Giang","TinhThanhTitleAscii":"/an-giang","QuanHuyenID":0,"NganhNgheTitle":"Bán buôn kim loại và quặng kim loại","NganhNgheTitleAscii":"/nganh-nghe/ban-buon-kim-loai-va-quang-kim-loai","DSTags":["1601877414","An Giang",null]},{"Type":11,"SolrID":"/1601873995-doanh-nghiep-tn-huy-chuong-trang","ID":0,"MaSoThue":"1601873995","NgayCap":"2013-05-13T00:00:00Z","Title":"Doanh Nghiệp TN Huy Chương Trạng","DiaChiCongTy":"Tổ 17, ấp Bình Minh - Xã Bình Mỹ - Huyện Châu Phú - An Giang","Created":"2015-11-16T20:41:04Z","Updated":"2015-11-16T20:41:04Z","IsDelete":false,"RequestChanged":false,"ExitsInGDT":false,"SourceID":0,"TinhThanhID":0,"TinhThanhTitle":"An Giang","TinhThanhTitleAscii":"/an-giang","QuanHuyenID":0,"NganhNgheTitle":"Bán buôn kim loại và quặng kim loại","NganhNgheTitleAscii":"/nganh-nghe/ban-buon-kim-loai-va-quang-kim-loai","DSTags":["1601873995","An Giang",null]},{"Type":11,"SolrID":"/1601872021-doanh-nghiep-tn-bia-nuoc-giai-khat-nhat-quang","ID":0,"MaSoThue":"1601872021","NgayCap":"2013-04-24T00:00:00Z","Title":"Doanh Nghiệp TN Bia Nước Giải Khát Nhật Quang","DiaChiCongTy":"Tổ 3, ấp Bình Trung - Xã Bình Mỹ - Huyện Châu Phú - An Giang","Created":"2015-11-16T10:36:06Z","Updated":"2015-11-16T10:36:06Z","IsDelete":false,"RequestChanged":false,"ExitsInGDT":false,"SourceID":0,"TinhThanhID":0,"TinhThanhTitle":"An Giang","TinhThanhTitleAscii":"/an-giang","QuanHuyenID":0,"NganhNgheTitle":"Bán buôn đồ uống","NganhNgheTitleAscii":"/nganh-nghe/ban-buon-do-uong","DSTags":["1601872021","An Giang",null]},{"Type":11,"SolrID":"/1601856943-cong-ty-tnhh-thuong-mai-dich-vu-xuat-nhap-khau-ba-lam","ID":0,"MaSoThue":"1601856943","NgayCap":"2013-01-11T00:00:00Z","Title":"Công Ty TNHH Thương Mại Dịch Vụ Xuất Nhập Khẩu Ba Lâm","DiaChiCongTy":"Số 645/19, ấp Bình Hưng I - Xã Bình Mỹ - Huyện Châu Phú - An Giang","Created":"2015-11-12T00:59:47Z","Updated":"2016-09-11T04:33:13Z","IsDelete":false,"RequestChanged":false,"ExitsInGDT":false,"SourceID":0,"TinhThanhID":0,"TinhThanhTitle":"An Giang","TinhThanhTitleAscii":"/an-giang","QuanHuyenID":0,"DSTags":["1601856943","An Giang",null]},{"Type":11,"SolrID":"/1601848540-cong-ty-tnhh-mot-thanh-vien-thuong-mai-dich-vu-kim-nho","ID":0,"MaSoThue":"1601848540","NgayCap":"2012-12-14T00:00:00Z","Title":"Công Ty TNHH Một Thành Viên Thương Mại-Dịch Vụ Kim Nho","DiaChiCongTy":"Số 360, Tổ 10, ấp Bình Trung - Xã Bình Mỹ - Huyện Châu Phú - An Giang","Created":"2015-11-12T01:00:11Z","Updated":"2015-11-12T01:00:11Z","IsDelete":false,"RequestChanged":false,"ExitsInGDT":false,"SourceID":0,"TinhThanhID":0,"TinhThanhTitle":"An Giang","TinhThanhTitleAscii":"/an-giang","QuanHuyenID":0,"NganhNgheTitle":"Bán buôn vật liệu, thiết bị lắp đặt khác trong xây dựng","NganhNgheTitleAscii":"/nganh-nghe/ban-buon-vat-lieu-thiet-bi-lap-dat-khac-trong-xay-dung","DSTags":["1601848540","An Giang",null]},{"Type":11,"SolrID":"/1601661013-cong-ty-tnhh-giong-cay-trong-sau-ri","ID":0,"MaSoThue":"1601661013","NgayCap":"2012-02-22T00:00:00Z","Title":"Công Ty TNHH Giống Cây Trồng Sáu Rí","DiaChiCongTy":"ấp Bình Hưng 2 - Xã Bình Mỹ - Huyện Châu Phú - An Giang","Created":"2015-11-10T01:38:55Z","Updated":"2015-11-10T01:38:55Z","IsDelete":false,"RequestChanged":false,"ExitsInGDT":false,"SourceID":0,"TinhThanhID":0,"TinhThanhTitle":"An Giang","TinhThanhTitleAscii":"/an-giang","QuanHuyenID":0,"NganhNgheTitle":"Nhân và chăm sóc cây giống nông nghiệp","NganhNgheTitleAscii":"/nganh-nghe/nhan-va-cham-soc-cay-giong-nong-nghiep","DSTags":["1601661013","An Giang",null]},{"Type":11,"SolrID":"/1601646618-cong-ty-tnhh-tu-van-xay-dung-son-thinh-phuc","ID":0,"MaSoThue":"1601646618","NgayCap":"2012-01-18T00:00:00Z","Title":"Công Ty TNHH Tư Vấn Xây Dựng Sơn Thịnh Phúc","DiaChiCongTy":"ấp Bình Thành - Xã Bình Mỹ - Huyện Châu Phú - An Giang","Created":"2015-11-09T20:23:18Z","Updated":"2015-11-09T20:23:18Z","IsDelete":false,"RequestChanged":false,"ExitsInGDT":false,"SourceID":0,"TinhThanhID":0,"TinhThanhTitle":"An Giang","TinhThanhTitleAscii":"/an-giang","QuanHuyenID":0,"NganhNgheTitle":"Lắp đặt hệ thống điện","NganhNgheTitleAscii":"/nganh-nghe/lap-dat-he-thong-dien","DSTags":["1601646618","An Giang",null]},{"Type":11,"SolrID":"/1601589173-cong-ty-tnhh-mot-thanh-vien-xuat-nhap-khau-phuong-tung","ID":0,"MaSoThue":"1601589173","NgayCap":"2011-11-04T00:00:00Z","Title":"Công Ty TNHH Một Thành Viên Xuất Nhập Khẩu Phượng Tùng","DiaChiCongTy":"Số 01/04, ấp Bình Hưng 2 - Xã Bình Mỹ - Huyện Châu Phú - An Giang","Created":"2015-11-10T01:42:26Z","Updated":"2015-11-10T01:42:26Z","IsDelete":false,"RequestChanged":false,"ExitsInGDT":false,"SourceID":0,"TinhThanhID":0,"TinhThanhTitle":"An Giang","TinhThanhTitleAscii":"/an-giang","QuanHuyenID":0,"NganhNgheTitle":"Bán buôn nông, lâm sản nguyên liệu (trừ gỗ, tre, nứa) và động vật sống","NganhNgheTitleAscii":"/nganh-nghe/ban-buon-nong-lam-san-nguyen-lieu-tru-go-tre-nua-va-dong-vat-song","DSTags":["1601589173","An Giang",null]},{"Type":11,"SolrID":"/1601564517-cong-ty-tnhh-mot-thanh-vien-van-hoa-hiep","ID":0,"MaSoThue":"1601564517","NgayCap":"2011-10-03T00:00:00Z","Title":"Công Ty TNHH Một Thành Viên Vạn Hòa Hiệp","DiaChiCongTy":"Tổ 2, ấp Bình Hưng 2 - Xã Bình Mỹ - Huyện Châu Phú - An Giang","Created":"2015-11-10T01:40:26Z","Updated":"2015-11-10T01:40:26Z","IsDelete":false,"RequestChanged":false,"ExitsInGDT":false,"SourceID":0,"TinhThanhID":0,"TinhThanhTitle":"An Giang","TinhThanhTitleAscii":"/an-giang","QuanHuyenID":0,"NganhNgheTitle":"Vận tải hàng hóa đường thuỷ nội địa","NganhNgheTitleAscii":"/nganh-nghe/van-tai-hang-hoa-duong-thuy-noi-dia","DSTags":["1601564517","An Giang",null]},{"Type":11,"SolrID":"/1601463692-001-chi-nhanh-1-cong-ty-tnhh-thuong-mai-dich-vu-xuat-nhap-khau-hoang-huong","ID":0,"MaSoThue":"1601463692-001","NgayCap":"2011-08-10T00:00:00Z","Title":"Chi Nhánh 1 Công Ty TNHH Thương Mại - Dịch Vụ - Xuất Nhập Khẩu Hoàng Hương","DiaChiCongTy":"QL91, ấp Bình Hưng 2 - Xã Bình Mỹ - Huyện Châu Phú - An Giang","Created":"2015-11-10T01:39:10Z","Updated":"2015-11-10T01:39:10Z","IsDelete":false,"RequestChanged":false,"ExitsInGDT":false,"SourceID":0,"TinhThanhID":0,"TinhThanhTitle":"An Giang","TinhThanhTitleAscii":"/an-giang","QuanHuyenID":0,"NganhNgheTitle":"Bán buôn chuyên doanh khác chưa được phân vào đâu","NganhNgheTitleAscii":"/nganh-nghe/ban-buon-chuyen-doanh-khac-chua-duoc-phan-vao-dau","DSTags":["1601463692-001","An Giang",null]},{"Type":11,"SolrID":"/1600632059-005-chi-nhanh-cong-ty-tnhh-san-xuat-thuong-mai-dich-vu-thuan-an-trung-tam-chuoi-lien-ket-doc-ca-tra","ID":0,"MaSoThue":"1600632059-005","NgayCap":"2011-07-09T00:00:00Z","Title":"Chi Nhánh Công Ty TNHH Sản Xuất Thương Mại Dịch Vụ Thuận An - Trung Tâm Chuỗi Liên Kết Dọc Cá Tra -","DiaChiCongTy":"ấp Bình Hưng 2 - Xã Bình Mỹ - Huyện Châu Phú - An Giang","Created":"2015-11-11T09:54:12Z","Updated":"2015-11-11T09:54:12Z","IsDelete":false,"RequestChanged":false,"ExitsInGDT":false,"SourceID":0,"TinhThanhID":0,"TinhThanhTitle":"An Giang","TinhThanhTitleAscii":"/an-giang","QuanHuyenID":0,"NganhNgheTitle":"Chế biến, bảo quản thuỷ sản và các sản phẩm từ thuỷ sản","NganhNgheTitleAscii":"/nganh-nghe/che-bien-bao-quan-thuy-san-va-cac-san-pham-tu-thuy-san","DSTags":["1600632059-005","An Giang",null]},{"Type":11,"SolrID":"/1601459375-cong-ty-tnhh-xay-dung-m-n","ID":0,"MaSoThue":"1601459375","NgayCap":"2011-02-28T00:00:00Z","Title":"Công Ty TNHH Xây Dựng M&N","DiaChiCongTy":"Số 275, Tổ 9, ấp Bình Thành - Xã Bình Mỹ - Huyện Châu Phú - An Giang","Created":"2015-11-12T02:45:48Z","Updated":"2015-11-12T02:45:48Z","IsDelete":false,"RequestChanged":false,"ExitsInGDT":false,"SourceID":0,"TinhThanhID":0,"TinhThanhTitle":"An Giang","TinhThanhTitleAscii":"/an-giang","QuanHuyenID":0,"NganhNgheTitle":"Lắp đặt hệ thống điện","NganhNgheTitleAscii":"/nganh-nghe/lap-dat-he-thong-dien","DSTags":["1601459375","An Giang",null]},{"Type":11,"SolrID":"/1600184590-056-chi-nhanh-cong-ty-tnhh-mot-thanh-vien-xang-dau-an-giang-cua-hang-xang-dau-binh-my","ID":0,"MaSoThue":"1600184590-056","NgayCap":"2010-12-20T00:00:00Z","Title":"Chi Nhánh Công Ty TNHH Một Thành Viên Xăng Dầu An Giang-Cửa Hàng Xăng Dầu Bình Mỹ","DiaChiCongTy":"ấp Bình Thành - Xã Bình Mỹ - Huyện Châu Phú - An Giang","Created":"2015-11-10T01:40:16Z","Updated":"2015-11-10T01:40:16Z","IsDelete":false,"RequestChanged":false,"ExitsInGDT":false,"SourceID":0,"TinhThanhID":0,"TinhThanhTitle":"An Giang","TinhThanhTitleAscii":"/an-giang","QuanHuyenID":0,"NganhNgheTitle":"Bán buôn nhiên liệu rắn, lỏng, khí và các sản phẩm liên quan","NganhNgheTitleAscii":"/nganh-nghe/ban-buon-nhien-lieu-ran-long-khi-va-cac-san-pham-lien-quan","DSTags":["1600184590-056","An Giang",null]},{"Type":11,"SolrID":"/1601434645-cong-ty-tnhh-mot-thanh-vien-san-xuat-thuong-mai-va-dich-vu-loc-huynh","ID":0,"MaSoThue":"1601434645","NgayCap":"2010-12-17T00:00:00Z","Title":"Công Ty TNHH Một Thành Viên Sản Xuất Thương Mại Và Dịch Vụ Lộc Huỳnh","DiaChiCongTy":"Số 67, tổ 2, ấp Bình Tân - Xã Bình Mỹ - Huyện Châu Phú - An Giang","Created":"2015-11-10T01:38:11Z","Updated":"2015-11-10T01:38:11Z","IsDelete":false,"RequestChanged":false,"ExitsInGDT":false,"SourceID":0,"TinhThanhID":0,"TinhThanhTitle":"An Giang","TinhThanhTitleAscii":"/an-giang","QuanHuyenID":0,"NganhNgheTitle":"Chuẩn bị mặt bằng","NganhNgheTitleAscii":"/nganh-nghe/chuan-bi-mat-bang","DSTags":["1601434645","An Giang",null]},{"Type":11,"SolrID":"/1601399990-doanh-nghiep-tn-an-phu-thanh","ID":0,"MaSoThue":"1601399990","NgayCap":"2010-09-30T00:00:00Z","Title":"Doanh Nghiệp TN An Phú Thạnh","DiaChiCongTy":"Số 69/2, ấp Bình Trung - Xã Bình Mỹ - Huyện Châu Phú - An Giang","Created":"2015-11-17T02:35:00Z","Updated":"2015-11-17T02:35:00Z","IsDelete":false,"RequestChanged":false,"ExitsInGDT":false,"SourceID":0,"TinhThanhID":0,"TinhThanhTitle":"An Giang","TinhThanhTitleAscii":"/an-giang","QuanHuyenID":0,"NganhNgheTitle":"Bán buôn gạch xây, ngói, đá, cát, sỏi","NganhNgheTitleAscii":"/nganh-nghe/ban-buon-gach-xay-ngoi-da-cat-soi","DSTags":["1601399990","An Giang",null]},{"Type":11,"SolrID":"/1601398482-doanh-nghiep-tu-nhan-nguyen-van-pho","ID":0,"MaSoThue":"1601398482","NgayCap":"2010-09-21T00:00:00Z","Title":"Doanh Nghiệp Tư Nhân Nguyễn Văn Phô","DiaChiCongTy":"ấp Bình Chánh II - Xã Bình Mỹ - Huyện Châu Phú - An Giang","Created":"2015-11-11T01:49:38Z","Updated":"2015-11-11T01:49:38Z","IsDelete":false,"RequestChanged":false,"ExitsInGDT":false,"SourceID":0,"TinhThanhID":0,"TinhThanhTitle":"An Giang","TinhThanhTitleAscii":"/an-giang","QuanHuyenID":0,"NganhNgheTitle":"Xây dựng công trình đường bộ","NganhNgheTitleAscii":"/nganh-nghe/xay-dung-cong-trinh-duong-bo","DSTags":["1601398482","An Giang",null]},{"Type":11,"SolrID":"/1600632059-002-chi-nhanh-cong-ty-tnhh-sx-tm-dv-thuan-an-xi-nghiep-che-bien-thuy-san-thuan-an-i","ID":0,"MaSoThue":"1600632059-002","NgayCap":"2010-07-08T00:00:00Z","Title":"Chi Nhánh Công Ty TNHH Sx Tm & Dv Thuận An Xí Nghiệp Chế Biến Thủy Sản Thuận An I","DiaChiCongTy":"ấp Bình Hưng 2 - Xã Bình Mỹ - Huyện Châu Phú - An Giang","Created":"2015-11-09T02:00:14Z","Updated":"2015-11-09T02:00:14Z","IsDelete":false,"RequestChanged":false,"ExitsInGDT":false,"SourceID":0,"TinhThanhID":0,"TinhThanhTitle":"An Giang","TinhThanhTitleAscii":"/an-giang","QuanHuyenID":0,"NganhNgheTitle":"Nuôi trồng thuỷ sản nội địa","NganhNgheTitleAscii":"/nganh-nghe/nuoi-trong-thuy-san-noi-dia","DSTags":["1600632059-002","An Giang",null]},{"Type":11,"SolrID":"/1601345811-doanh-nghiep-tn-kim-huong","ID":0,"MaSoThue":"1601345811","NgayCap":"2010-05-18T00:00:00Z","Title":"Doanh Nghiệp TN Kim Hường","DiaChiCongTy":"ấp Bình Trung - Xã Bình Mỹ - Huyện Châu Phú - An Giang","Created":"2015-11-16T20:59:56Z","Updated":"2015-11-16T20:59:56Z","IsDelete":false,"RequestChanged":false,"ExitsInGDT":false,"SourceID":0,"TinhThanhID":0,"TinhThanhTitle":"An Giang","TinhThanhTitleAscii":"/an-giang","QuanHuyenID":0,"NganhNgheTitle":"Bán buôn nhiên liệu rắn, lỏng, khí và các sản phẩm liên quan","NganhNgheTitleAscii":"/nganh-nghe/ban-buon-nhien-lieu-ran-long-khi-va-cac-san-pham-lien-quan","DSTags":["1601345811","An Giang",null]},{"Type":11,"SolrID":"/1601303473-cong-ty-tnhh-thuong-mai-kieu-tuong-dung-duoc-chuyen-doi-tu-cong-ty-tnhh-mot-thanh-vien-nguyen-bao","ID":0,"MaSoThue":"1601303473","NgayCap":"2010-03-11T00:00:00Z","Title":"Công Ty TNHH Thương Mại Kiều Tường Dung (Được Chuyển Đổi Từ Công Ty TNHH Một Thành Viên Nguyên Bảo,","DiaChiCongTy":"Số 503, Quốc lộ 91, ấp Bình Hưng I - Xã Bình Mỹ - Huyện Châu Phú - An Giang","Created":"2015-11-10T01:44:54Z","Updated":"2015-11-10T01:44:54Z","IsDelete":false,"RequestChanged":false,"ExitsInGDT":false,"SourceID":0,"TinhThanhID":0,"TinhThanhTitle":"An Giang","TinhThanhTitleAscii":"/an-giang","QuanHuyenID":0,"NganhNgheTitle":"Bán buôn vật liệu, thiết bị lắp đặt khác trong xây dựng","NganhNgheTitleAscii":"/nganh-nghe/ban-buon-vat-lieu-thiet-bi-lap-dat-khac-trong-xay-dung","DSTags":["1601303473","An Giang",null]},{"Type":11,"SolrID":"/1601151157-001-cong-ty-tnhh-mot-thanh-vien-tm-xnk-tuong-dung-chi-nhanh-binh-trung","ID":0,"MaSoThue":"1601151157-001","NgayCap":"2010-01-13T00:00:00Z","Title":"Công Ty TNHH Một Thành Viên Tm Xnk Tường Dung-Chi Nhánh Bình Trung","DiaChiCongTy":"Quốc lộ 91, ấp Bình Trung - Xã Bình Mỹ - Huyện Châu Phú - An Giang","Created":"2015-11-09T02:48:33Z","Updated":"2015-11-09T02:48:33Z","IsDelete":false,"RequestChanged":false,"ExitsInGDT":false,"SourceID":0,"TinhThanhID":0,"TinhThanhTitle":"An Giang","TinhThanhTitleAscii":"/an-giang","QuanHuyenID":0,"NganhNgheTitle":"Bán buôn nhiên liệu rắn, lỏng, khí và các sản phẩm liên quan","NganhNgheTitleAscii":"/nganh-nghe/ban-buon-nhien-lieu-ran-long-khi-va-cac-san-pham-lien-quan","DSTags":["1601151157-001","An Giang",null]},{"Type":11,"SolrID":"/1601272497-cong-ty-tnhh-mot-thanh-vien-dam-thuy","ID":0,"MaSoThue":"1601272497","NgayCap":"2009-12-24T00:00:00Z","Title":"Công Ty TNHH Một Thành Viên Đảm Thúy","DiaChiCongTy":"ấp Bình Hưng 1 - Xã Bình Mỹ - Huyện Châu Phú - An Giang","Created":"2015-11-09T10:14:05Z","Updated":"2015-11-09T10:14:05Z","IsDelete":false,"RequestChanged":false,"ExitsInGDT":false,"SourceID":0,"TinhThanhID":0,"TinhThanhTitle":"An Giang","TinhThanhTitleAscii":"/an-giang","QuanHuyenID":0,"NganhNgheTitle":"Bán buôn chuyên doanh khác chưa được phân vào đâu","NganhNgheTitleAscii":"/nganh-nghe/ban-buon-chuyen-doanh-khac-chua-duoc-phan-vao-dau","DSTags":["1601272497","An Giang",null]},{"Type":11,"SolrID":"/0304406227-002-cong-ty-tnhh-nguyen-duy-chi-nhanh-an-giang","ID":0,"MaSoThue":"0304406227-002","NgayCap":"2009-12-10T00:00:00Z","Title":"Công Ty TNHH Nguyễn Duy-Chi Nhánh An Giang","DiaChiCongTy":"ấp Bình Trung - Xã Bình Mỹ - Huyện Châu Phú - An Giang","Created":"2015-11-08T13:06:54Z","Updated":"2015-11-08T13:06:54Z","IsDelete":false,"RequestChanged":false,"ExitsInGDT":false,"SourceID":0,"TinhThanhID":0,"TinhThanhTitle":"An Giang","TinhThanhTitleAscii":"/an-giang","QuanHuyenID":0,"NganhNgheTitle":"Bán buôn chuyên doanh khác chưa được phân vào đâu","NganhNgheTitleAscii":"/nganh-nghe/ban-buon-chuyen-doanh-khac-chua-duoc-phan-vao-dau","DSTags":["0304406227-002","An Giang",null]},{"Type":11,"SolrID":"/1601183046-dntn-thanh-tanh","ID":0,"MaSoThue":"1601183046","NgayCap":"2009-06-29T00:00:00Z","Title":"DNTN Thanh Tánh","DiaChiCongTy":"Tổ 04, ấp Bình Minh, xã Bình Mỹ - Huyện Châu Phú - An Giang","Created":"2015-11-11T07:40:07Z","Updated":"2015-11-11T07:40:07Z","IsDelete":false,"RequestChanged":false,"ExitsInGDT":false,"SourceID":0,"TinhThanhID":0,"TinhThanhTitle":"An Giang","TinhThanhTitleAscii":"/an-giang","QuanHuyenID":0,"NganhNgheTitle":"Sản xuất thiết bị điện","NganhNgheTitleAscii":"/nganh-nghe/san-xuat-thiet-bi-dien","DSTags":["1601183046","An Giang",null]},{"Type":11,"SolrID":"/1601126104-dntn-nguyen-thao","ID":0,"MaSoThue":"1601126104","NgayCap":"2009-05-15T00:00:00Z","Title":"DNTN Nguyễn Thảo","DiaChiCongTy":"24/5 ấp Bình Minh, xã Bình Mỹ - Huyện Châu Phú - An Giang","Created":"2015-11-17T12:35:19Z","Updated":"2015-11-17T12:35:19Z","IsDelete":false,"RequestChanged":false,"ExitsInGDT":false,"SourceID":0,"TinhThanhID":0,"TinhThanhTitle":"An Giang","TinhThanhTitleAscii":"/an-giang","QuanHuyenID":0,"NganhNgheTitle":"Xây dựng công trình kỹ thuật dân dụng","NganhNgheTitleAscii":"/nganh-nghe/xay-dung-cong-trinh-ky-thuat-dan-dung","DSTags":["1601126104","An Giang",null]},{"Type":11,"SolrID":"/1601064786-dntn-van-tai-thuy-bo-duong-kim-long","ID":0,"MaSoThue":"1601064786","NgayCap":"2009-03-26T00:00:00Z","Title":"DNTN Vận tải Thuỷ bộ Dương Kim Long","DiaChiCongTy":"ấp Bình Thành, xã Bình Mỹ - Huyện Châu Phú - An Giang","Created":"2015-11-15T19:32:53Z","Updated":"2015-11-15T19:32:53Z","IsDelete":false,"RequestChanged":false,"ExitsInGDT":false,"SourceID":0,"TinhThanhID":0,"TinhThanhTitle":"An Giang","TinhThanhTitleAscii":"/an-giang","QuanHuyenID":0,"NganhNgheTitle":"Vận tải đường bộ khác","NganhNgheTitleAscii":"/nganh-nghe/van-tai-duong-bo-khac","DSTags":["1601064786","An Giang",null]},{"Type":11,"SolrID":"/1601044356-dntn-trung-diep","ID":0,"MaSoThue":"1601044356","NgayCap":"2009-02-26T00:00:00Z","Title":"DNTN Trung Điệp","DiaChiCongTy":"ấp Bình Hưng II, xã Bình Mỹ - Huyện Châu Phú - An Giang","Created":"2015-11-09T03:28:14Z","Updated":"2015-11-09T03:28:14Z","IsDelete":false,"RequestChanged":false,"ExitsInGDT":false,"SourceID":0,"TinhThanhID":0,"TinhThanhTitle":"An Giang","TinhThanhTitleAscii":"/an-giang","QuanHuyenID":0,"NganhNgheTitle":"Xây dựng công trình kỹ thuật dân dụng","NganhNgheTitleAscii":"/nganh-nghe/xay-dung-cong-trinh-ky-thuat-dan-dung","DSTags":["1601044356","An Giang",null]},{"Type":11,"SolrID":"/1600678705-004-cn-cty-tnhh-xang-dau-huy-hoang-cua-hang-xang-dau-quynh-huong","ID":0,"MaSoThue":"1600678705-004","NgayCap":"2008-10-02T00:00:00Z","Title":"CN Cty TNHH Xăng Dầu Huy Hoàng Cửa hàng Xăng Dầu Quỳnh Hương","DiaChiCongTy":"2028 ấp Bình Thạnh, xã Bình Mỹ - Huyện Châu Phú - An Giang","Created":"2015-11-11T01:35:45Z","Updated":"2015-11-11T01:35:45Z","IsDelete":false,"RequestChanged":false,"ExitsInGDT":false,"SourceID":0,"TinhThanhID":0,"TinhThanhTitle":"An Giang","TinhThanhTitleAscii":"/an-giang","QuanHuyenID":0,"NganhNgheTitle":"Bán lẻ nhiên liệu động cơ trong các cửa hàng chuyên doanh","NganhNgheTitleAscii":"/nganh-nghe/ban-le-nhien-lieu-dong-co-trong-cac-cua-hang-chuyen-doanh","DSTags":["1600678705-004","An Giang",null]},{"Type":11,"SolrID":"/1600977945-cty-tnhh-mot-thanh-vien-tan-phuc","ID":0,"MaSoThue":"1600977945","NgayCap":"2008-09-23T00:00:00Z","Title":"Cty TNHH Một Thành Viên Tấn Phúc","DiaChiCongTy":"Tổ 8, ấp Bình Trung, xã Bình Mỹ - Huyện Châu Phú - An Giang","Created":"2015-11-11T07:45:58Z","Updated":"2015-11-11T07:45:58Z","IsDelete":false,"RequestChanged":false,"ExitsInGDT":false,"SourceID":0,"TinhThanhID":0,"TinhThanhTitle":"An Giang","TinhThanhTitleAscii":"/an-giang","QuanHuyenID":0,"NganhNgheTitle":"Xây dựng công trình kỹ thuật dân dụng","NganhNgheTitleAscii":"/nganh-nghe/xay-dung-cong-trinh-ky-thuat-dan-dung","DSTags":["1600977945","An Giang",null]},{"Type":11,"SolrID":"/1600952193-dntn-tho-phat","ID":0,"MaSoThue":"1600952193","NgayCap":"2008-03-28T00:00:00Z","Title":"DNTN Thọ Phát","DiaChiCongTy":"24/5 ấp Bình Hưng 2, xã Bình Mỹ - Huyện Châu Phú - An Giang","Created":"2015-11-09T09:56:27Z","Updated":"2015-11-09T09:56:27Z","IsDelete":false,"RequestChanged":false,"ExitsInGDT":false,"SourceID":0,"TinhThanhID":0,"TinhThanhTitle":"An Giang","TinhThanhTitleAscii":"/an-giang","QuanHuyenID":0,"NganhNgheTitle":"Xây dựng công trình kỹ thuật dân dụng","NganhNgheTitleAscii":"/nganh-nghe/xay-dung-cong-trinh-ky-thuat-dan-dung","DSTags":["1600952193","An Giang",null]},{"Type":11,"SolrID":"/1600952115-cong-ty-tnhh-mot-thanh-vien-thuong-mai-san-xuat-kim-lien","ID":0,"MaSoThue":"1600952115","NgayCap":"2008-03-28T00:00:00Z","Title":"Công Ty TNHH Một Thành Viên Thương Mại Sản Xuất Kim Liên","DiaChiCongTy":"Số 270, Tổ 09, ấp Bình Hưng 2 - Xã Bình Mỹ - Huyện Châu Phú - An Giang","Created":"2015-11-09T09:56:29Z","Updated":"2015-11-09T09:56:29Z","IsDelete":false,"RequestChanged":false,"ExitsInGDT":false,"SourceID":0,"TinhThanhID":0,"TinhThanhTitle":"An Giang","TinhThanhTitleAscii":"/an-giang","QuanHuyenID":0,"NganhNgheTitle":"Bán buôn nông, lâm sản nguyên liệu (trừ gỗ, tre, nứa) và động vật sống","NganhNgheTitleAscii":"/nganh-nghe/ban-buon-nong-lam-san-nguyen-lieu-tru-go-tre-nua-va-dong-vat-song","DSTags":["1600952115","An Giang",null]},{"Type":11,"SolrID":"/1600910309-truong-tieu-hoc-d-binh-my","ID":0,"MaSoThue":"1600910309","NgayCap":"2007-11-07T00:00:00Z","Title":"Trường Tiểu Học D Bình Mỹ","DiaChiCongTy":"ấp Bình Hưng 2, xã Bình Mỹ - Huyện Châu Phú - An Giang","Created":"2015-11-16T18:43:12Z","Updated":"2015-11-16T18:43:12Z","IsDelete":false,"RequestChanged":false,"ExitsInGDT":false,"SourceID":0,"TinhThanhID":0,"TinhThanhTitle":"An Giang","TinhThanhTitleAscii":"/an-giang","QuanHuyenID":0,"NganhNgheTitle":"Giáo dục tiểu học","NganhNgheTitleAscii":"/nganh-nghe/giao-duc-tieu-hoc","DSTags":["1600910309","An Giang",null]},{"Type":11,"SolrID":"/1600910323-truong-tieu-hoc-b-binh-my","ID":0,"MaSoThue":"1600910323","NgayCap":"2007-11-07T00:00:00Z","Title":"Trường Tiểu Học B Bình Mỹ","DiaChiCongTy":"ấp Bình Trung, xã Bình Mỹ - Huyện Châu Phú - An Giang","Created":"2015-11-16T00:47:16Z","Updated":"2015-11-16T00:47:16Z","IsDelete":false,"RequestChanged":false,"ExitsInGDT":false,"SourceID":0,"TinhThanhID":0,"TinhThanhTitle":"An Giang","TinhThanhTitleAscii":"/an-giang","QuanHuyenID":0,"NganhNgheTitle":"Giáo dục tiểu học","NganhNgheTitleAscii":"/nganh-nghe/giao-duc-tieu-hoc","DSTags":["1600910323","An Giang",null]},{"Type":11,"SolrID":"/1600909670-truong-trung-hoc-co-so-binh-my","ID":0,"MaSoThue":"1600909670","NgayCap":"2007-11-02T00:00:00Z","Title":"Trường Trung Học Cơ Sở Bình Mỹ","DiaChiCongTy":"ấp Bình Trung, xã Bình Mỹ - Huyện Châu Phú - An Giang","Created":"2015-11-16T18:42:51Z","Updated":"2015-11-16T18:42:51Z","IsDelete":false,"RequestChanged":false,"ExitsInGDT":false,"SourceID":0,"TinhThanhID":0,"TinhThanhTitle":"An Giang","TinhThanhTitleAscii":"/an-giang","QuanHuyenID":0,"NganhNgheTitle":"Giáo dục trung học cơ sở và trung học phổ thông","NganhNgheTitleAscii":"/nganh-nghe/giao-duc-trung-hoc-co-so-va-trung-hoc-pho-thong","DSTags":["1600909670","An Giang",null]},{"Type":11,"SolrID":"/1600720562-001-chi-nhanh-dntn-gio-song-khach-san-gio-song-2","ID":0,"MaSoThue":"1600720562-001","NgayCap":"2007-05-31T00:00:00Z","Title":"Chi nhánh DNTN Gió Sông - Khách sạn Gió sông 2","DiaChiCongTy":"ấp Bình Thành, xã Bình Mỹ - Huyện Châu Phú - An Giang","Created":"2015-11-10T01:41:53Z","Updated":"2015-11-10T01:41:53Z","IsDelete":false,"RequestChanged":false,"ExitsInGDT":false,"SourceID":0,"TinhThanhID":0,"TinhThanhTitle":"An Giang","TinhThanhTitleAscii":"/an-giang","QuanHuyenID":0,"NganhNgheTitle":"Dịch vụ lưu trú ngắn ngày","NganhNgheTitleAscii":"/nganh-nghe/dich-vu-luu-tru-ngan-ngay","DSTags":["1600720562-001","An Giang",null]},{"Type":11,"SolrID":"/1600885236-hop-tac-xa-nong-nghiep-binh-thanh","ID":0,"MaSoThue":"1600885236","NgayCap":"2007-03-12T00:00:00Z","Title":"Hợp tác xã Nông nghiệp Bình Thành","DiaChiCongTy":"ấp Bình Thành, xã Bình Mỹ - Huyện Châu Phú - An Giang","Created":"2015-11-17T12:17:52Z","Updated":"2015-11-17T12:17:52Z","IsDelete":false,"RequestChanged":false,"ExitsInGDT":false,"SourceID":0,"TinhThanhID":0,"TinhThanhTitle":"An Giang","TinhThanhTitleAscii":"/an-giang","QuanHuyenID":0,"NganhNgheTitle":"Hoạt động dịch vụ nông nghiệp","NganhNgheTitleAscii":"/nganh-nghe/hoat-dong-dich-vu-nong-nghiep","DSTags":["1600885236","An Giang",null]},{"Type":11,"SolrID":"/1600817028-doanh-nghiep-tn-hong-phi","ID":0,"MaSoThue":"1600817028","NgayCap":"2005-12-13T00:00:00Z","Title":"Doanh Nghiệp TN Hồng Phi","DiaChiCongTy":"ấp Bình Hưng II - Xã Bình Mỹ - Huyện Châu Phú - An Giang","Created":"2015-11-10T00:18:01Z","Updated":"2015-11-10T00:18:01Z","IsDelete":false,"RequestChanged":false,"ExitsInGDT":false,"SourceID":0,"TinhThanhID":0,"TinhThanhTitle":"An Giang","TinhThanhTitleAscii":"/an-giang","QuanHuyenID":0,"NganhNgheTitle":"Chuẩn bị mặt bằng","NganhNgheTitleAscii":"/nganh-nghe/chuan-bi-mat-bang","DSTags":["1600817028","An Giang",null]},{"Type":11,"SolrID":"/1600813270-truong-mam-non-binh-my","ID":0,"MaSoThue":"1600813270","NgayCap":"2005-11-08T00:00:00Z","Title":"Trường Mầm Non Bình Mỹ","DiaChiCongTy":"ấp Bình Thành, xã Bình Mỹ - Xã Bình Mỹ - Huyện Châu Phú - An Giang","Created":"2015-11-16T17:14:42Z","Updated":"2015-11-16T17:14:42Z","IsDelete":false,"RequestChanged":false,"ExitsInGDT":false,"SourceID":0,"TinhThanhID":0,"TinhThanhTitle":"An Giang","TinhThanhTitleAscii":"/an-giang","QuanHuyenID":0,"NganhNgheTitle":"Giáo dục mầm non","NganhNgheTitleAscii":"/nganh-nghe/giao-duc-mam-non","DSTags":["1600813270","An Giang",null]},{"Type":11,"SolrID":"/1600590923-001-chi-nhanh-dntn-phu-nhan","ID":0,"MaSoThue":"1600590923-001","NgayCap":"2005-05-19T00:00:00Z","Title":"Chi nhánh DNTN Phú Nhân","DiaChiCongTy":"25/5 ấp Bình Thành, xã Bình Mỹ - Huyện Châu Phú - An Giang","Created":"2015-11-19T07:29:02Z","Updated":"2015-11-19T07:29:02Z","IsDelete":false,"RequestChanged":false,"ExitsInGDT":false,"SourceID":0,"TinhThanhID":0,"TinhThanhTitle":"An Giang","TinhThanhTitleAscii":"/an-giang","QuanHuyenID":0,"NganhNgheTitle":"Sản xuất đồ uống không cồn","NganhNgheTitleAscii":"/nganh-nghe/san-xuat-do-uong-khong-con","DSTags":["1600590923-001","An Giang",null]},{"Type":11,"SolrID":"/1600765115-cong-ty-tnhh-duc-tao","ID":0,"MaSoThue":"1600765115","NgayCap":"2005-02-17T00:00:00Z","Title":"Công Ty TNHH Đức Tạo","DiaChiCongTy":"Tổ 19, ấp Bình Hưng 2 - Xã Bình Mỹ - Huyện Châu Phú - An Giang","Created":"2015-11-09T11:55:44Z","Updated":"2015-11-09T11:55:44Z","IsDelete":false,"RequestChanged":false,"ExitsInGDT":false,"SourceID":0,"TinhThanhID":0,"TinhThanhTitle":"An Giang","TinhThanhTitleAscii":"/an-giang","QuanHuyenID":0,"NganhNgheTitle":"Khai khoáng khác chưa được phân vào đâu","NganhNgheTitleAscii":"/nganh-nghe/khai-khoang-khac-chua-duoc-phan-vao-dau-10612","DSTags":["1600765115","An Giang",null]},{"Type":11,"SolrID":"/1600729276-htx-van-tai-duong-song-huu-an","ID":0,"MaSoThue":"1600729276","NgayCap":"2004-09-23T00:00:00Z","Title":"HTX vận tải đường sông Hữu An","DiaChiCongTy":"ấp Bình Hưng 1, xã Bình Mỹ - Huyện Châu Phú - An Giang","Created":"2015-11-16T05:09:55Z","Updated":"2015-11-16T05:09:55Z","IsDelete":false,"RequestChanged":false,"ExitsInGDT":false,"SourceID":0,"TinhThanhID":0,"TinhThanhTitle":"An Giang","TinhThanhTitleAscii":"/an-giang","QuanHuyenID":0,"NganhNgheTitle":"Vận tải hàng hóa đường thuỷ nội địa","NganhNgheTitleAscii":"/nganh-nghe/van-tai-hang-hoa-duong-thuy-noi-dia","DSTags":["1600729276","An Giang",null]},{"Type":11,"SolrID":"/1600691424-truong-tieu-hoc-c-binh-my","ID":0,"MaSoThue":"1600691424","NgayCap":"2004-04-13T00:00:00Z","Title":"Trường tiểu học C Bình Mỹ","DiaChiCongTy":"xã Bình Mỹ - Huyện Châu Phú - An Giang","Created":"2015-11-16T16:03:33Z","Updated":"2015-11-16T16:03:33Z","IsDelete":false,"RequestChanged":false,"ExitsInGDT":false,"SourceID":0,"TinhThanhID":0,"TinhThanhTitle":"An Giang","TinhThanhTitleAscii":"/an-giang","QuanHuyenID":0,"NganhNgheTitle":"Giáo dục tiểu học","NganhNgheTitleAscii":"/nganh-nghe/giao-duc-tieu-hoc","DSTags":["1600691424","An Giang",null]},{"Type":11,"SolrID":"/1600620550-doanh-nghiep-tn-kim-loi","ID":0,"MaSoThue":"1600620550","NgayCap":"2004-04-07T00:00:00Z","Title":"Doanh Nghiệp TN Kim Lời","DiaChiCongTy":"Xà Lan AG-9684-H, ấp Bình Chánh II - Xã Bình Mỹ - Huyện Châu Phú - An Giang","Created":"2015-11-11T08:52:32Z","Updated":"2015-11-11T08:52:32Z","IsDelete":false,"RequestChanged":false,"ExitsInGDT":false,"SourceID":0,"TinhThanhID":0,"TinhThanhTitle":"An Giang","TinhThanhTitleAscii":"/an-giang","QuanHuyenID":0,"NganhNgheTitle":"Bán buôn nhiên liệu rắn, lỏng, khí và các sản phẩm liên quan","NganhNgheTitleAscii":"/nganh-nghe/ban-buon-nhien-lieu-ran-long-khi-va-cac-san-pham-lien-quan","DSTags":["1600620550","An Giang",null]},{"Type":11,"SolrID":"/1600688781-truong-trung-hoc-pho-thong-binh-my","ID":0,"MaSoThue":"1600688781","NgayCap":"2004-03-29T00:00:00Z","Title":"Trường Trung học phổ thông Bình Mỹ","DiaChiCongTy":"Xã Bình Mỹ - Huyện Châu Phú - An Giang","Created":"2015-11-16T16:00:31Z","Updated":"2015-11-16T16:00:31Z","IsDelete":false,"RequestChanged":false,"ExitsInGDT":false,"SourceID":0,"TinhThanhID":0,"TinhThanhTitle":"An Giang","TinhThanhTitleAscii":"/an-giang","QuanHuyenID":0,"NganhNgheTitle":"Giáo dục trung học cơ sở và trung học phổ thông","NganhNgheTitleAscii":"/nganh-nghe/giao-duc-trung-hoc-co-so-va-trung-hoc-pho-thong","DSTags":["1600688781","An Giang",null]},{"Type":11,"SolrID":"/1600679321-doanh-nghiep-tn-ba-hung","ID":0,"MaSoThue":"1600679321","NgayCap":"2004-01-28T00:00:00Z","Title":"Doanh Nghiệp TN Ba Hùng","DiaChiCongTy":"Tổ 1 ấp Bình Trung - Xã Bình Mỹ - Huyện Châu Phú - An Giang","Created":"2015-11-11T12:09:26Z","Updated":"2015-11-11T12:09:26Z","IsDelete":false,"RequestChanged":false,"ExitsInGDT":false,"SourceID":0,"TinhThanhID":0,"TinhThanhTitle":"An Giang","TinhThanhTitleAscii":"/an-giang","QuanHuyenID":0,"NganhNgheTitle":"Bán lẻ nhiên liệu động cơ trong các cửa hàng chuyên doanh","NganhNgheTitleAscii":"/nganh-nghe/ban-le-nhien-lieu-dong-co-trong-cac-cua-hang-chuyen-doanh","DSTags":["1600679321","An Giang",null]},{"Type":11,"SolrID":"/1600666883-doanh-nghiep-tn-lam-phuoc","ID":0,"MaSoThue":"1600666883","NgayCap":"2003-08-12T00:00:00Z","Title":"Doanh Nghiệp TN Lâm Phước","DiaChiCongTy":"Tổ 20, ấp Bình Chánh 1 - Xã Bình Mỹ - Huyện Châu Phú - An Giang","Created":"2015-11-17T04:40:35Z","Updated":"2015-11-17T04:40:35Z","IsDelete":false,"RequestChanged":false,"ExitsInGDT":false,"SourceID":0,"TinhThanhID":0,"TinhThanhTitle":"An Giang","TinhThanhTitleAscii":"/an-giang","QuanHuyenID":0,"NganhNgheTitle":"Sản xuất, phân phối hơi nước, nước nóng, điều hoà không khí và sản xuất nước đá","NganhNgheTitleAscii":"/nganh-nghe/san-xuat-phan-phoi-hoi-nuoc-nuoc-nong-dieu-hoa-khong-khi-va-san-xuat-nuoc-da","DSTags":["1600666883","An Giang",null]},{"Type":11,"SolrID":"/1600662367-cong-ty-tnhh-thuong-mai-dich-vu-huynh-nga","ID":0,"MaSoThue":"1600662367","NgayCap":"2003-06-25T00:00:00Z","Title":"Công Ty TNHH Thương mại dịch vụ Huỳnh Nga","DiaChiCongTy":"12/6 Tổ 6 ấp Bình Hưng 2 Xã Bình Mỹ - Huyện Châu Phú - An Giang","Created":"2015-11-14T04:56:07Z","Updated":"2015-11-14T04:56:07Z","IsDelete":false,"RequestChanged":false,"ExitsInGDT":false,"SourceID":0,"TinhThanhID":0,"TinhThanhTitle":"An Giang","TinhThanhTitleAscii":"/an-giang","QuanHuyenID":0,"NganhNgheTitle":"Bán buôn gạo, thực phẩm, đồ uống và sản phẩm thuốc lá, thuốc lào","NganhNgheTitleAscii":"/nganh-nghe/ban-buon-gao-thuc-pham-do-uong-va-san-pham-thuoc-la-thuoc-lao","DSTags":["1600662367","An Giang",null]},{"Type":11,"SolrID":"/1600640109-cong-ty-tnhh-van-tai-tien-phat","ID":0,"MaSoThue":"1600640109","NgayCap":"2003-01-21T00:00:00Z","Title":"Công Ty TNHH Vận Tải Tiến Phát","DiaChiCongTy":"11/33 ấp Bình Thành, Xã Bình Mỹ - Huyện Châu Phú - An Giang","Created":"2015-11-11T07:53:42Z","Updated":"2015-11-11T07:53:42Z","IsDelete":false,"RequestChanged":false,"ExitsInGDT":false,"SourceID":0,"TinhThanhID":0,"TinhThanhTitle":"An Giang","TinhThanhTitleAscii":"/an-giang","QuanHuyenID":0,"NganhNgheTitle":"Vận tải đường bộ khác","NganhNgheTitleAscii":"/nganh-nghe/van-tai-duong-bo-khac","DSTags":["1600640109","An Giang",null]},{"Type":11,"SolrID":"/1600609444-cong-ty-tnhh-hue-nghia","ID":0,"MaSoThue":"1600609444","NgayCap":"2002-04-24T00:00:00Z","Title":"Công Ty TNHH Huệ Nghĩa","DiaChiCongTy":"Số 9, ấp Bình Thành - Xã Bình Mỹ - Huyện Châu Phú - An Giang","Created":"2015-11-11T04:43:43Z","Updated":"2015-11-11T04:43:43Z","IsDelete":false,"RequestChanged":false,"ExitsInGDT":false,"SourceID":0,"TinhThanhID":0,"TinhThanhTitle":"An Giang","TinhThanhTitleAscii":"/an-giang","QuanHuyenID":0,"NganhNgheTitle":"Vận tải hành khách đường bộ khác","NganhNgheTitleAscii":"/nganh-nghe/van-tai-hanh-khach-duong-bo-khac","DSTags":["1600609444","An Giang",null]},{"Type":11,"SolrID":"/1600376870-001-cua-hang-xang-dau-chau-phu","ID":0,"MaSoThue":"1600376870-001","NgayCap":"2002-04-23T00:00:00Z","Title":"Cửa Hàng Xăng Dầu Châu Phú","DiaChiCongTy":"Tổ 27 ấp Bình Hưng Xã Bình Mỹ - Huyện Châu Phú - An Giang","Created":"2015-11-19T07:28:27Z","Updated":"2015-11-19T07:28:27Z","IsDelete":false,"RequestChanged":false,"ExitsInGDT":false,"SourceID":0,"TinhThanhID":0,"TinhThanhTitle":"An Giang","TinhThanhTitleAscii":"/an-giang","QuanHuyenID":0,"NganhNgheTitle":"Bán lẻ nhiên liệu động cơ trong các cửa hàng chuyên doanh","NganhNgheTitleAscii":"/nganh-nghe/ban-le-nhien-lieu-dong-co-trong-cac-cua-hang-chuyen-doanh","DSTags":["1600376870-001","An Giang",null]},{"Type":11,"SolrID":"/2400110949-004-tram-sx-kinh-doanh-luong-thuc-thuc-pham-nong-san-bac-giang","ID":0,"MaSoThue":"2400110949-004","NgayCap":"1999-03-20T00:00:00Z","Title":"Trạm SX Kinh Doanh Lương Thực-Thực Phẩm-Nông Sản Bắc Giang","DiaChiCongTy":"ấp Bình Hưng II Xã Bình Mỹ - Huyện Châu Phú - An Giang","Created":"2015-11-18T12:12:38Z","Updated":"2015-11-18T12:12:38Z","IsDelete":false,"RequestChanged":false,"ExitsInGDT":false,"SourceID":0,"TinhThanhID":0,"TinhThanhTitle":"An Giang","TinhThanhTitleAscii":"/an-giang","QuanHuyenID":0,"NganhNgheTitle":"Bán buôn gạo, thực phẩm, đồ uống và sản phẩm thuốc lá, thuốc lào","NganhNgheTitleAscii":"/nganh-nghe/ban-buon-gao-thuc-pham-do-uong-va-san-pham-thuoc-la-thuoc-lao","DSTags":["2400110949-004","An Giang",null]},{"Type":11,"SolrID":"/1600374986-033-truong-tieu-hoc-a-binh-my","ID":0,"MaSoThue":"1600374986-033","NgayCap":"1999-02-23T00:00:00Z","Title":"Trường Tiểu Học A Bình Mỹ","DiaChiCongTy":"ấp Bình Thành xã Bình Mỹ - Huyện Châu Phú - An Giang","Created":"2015-11-17T19:50:49Z","Updated":"2015-11-17T19:50:49Z","IsDelete":false,"RequestChanged":false,"ExitsInGDT":false,"SourceID":0,"TinhThanhID":0,"TinhThanhTitle":"An Giang","TinhThanhTitleAscii":"/an-giang","QuanHuyenID":0,"NganhNgheTitle":"Giáo dục tiểu học","NganhNgheTitleAscii":"/nganh-nghe/giao-duc-tieu-hoc","DSTags":["1600374986-033","An Giang",null]},{"Type":11,"SolrID":"/1600374986-035-truong-tieu-hoc-c-binh-my","ID":0,"MaSoThue":"1600374986-035","NgayCap":"1999-02-23T00:00:00Z","Title":"Trường Tiểu Học C Bình Mỹ","DiaChiCongTy":"ấp Bình Chánh xã Bình Mỹ - Huyện Châu Phú - An Giang","Created":"2015-11-17T19:50:50Z","Updated":"2015-11-17T19:50:50Z","IsDelete":false,"RequestChanged":false,"ExitsInGDT":false,"SourceID":0,"TinhThanhID":0,"TinhThanhTitle":"An Giang","TinhThanhTitleAscii":"/an-giang","QuanHuyenID":0,"NganhNgheTitle":"Giáo dục tiểu học","NganhNgheTitleAscii":"/nganh-nghe/giao-duc-tieu-hoc","DSTags":["1600374986-035","An Giang",null]},{"Type":11,"SolrID":"/1600149275-002-cua-hang-chau-phu","ID":0,"MaSoThue":"1600149275-002","NgayCap":"1999-01-23T00:00:00Z","Title":"Cửa hàng Châu Phú","DiaChiCongTy":"ấp Bình Thành xã Bình Mỹ - Huyện Châu Phú - An Giang","Created":"2015-11-19T03:05:24Z","Updated":"2015-11-19T03:05:24Z","IsDelete":false,"RequestChanged":false,"ExitsInGDT":false,"SourceID":0,"TinhThanhID":0,"TinhThanhTitle":"An Giang","TinhThanhTitleAscii":"/an-giang","QuanHuyenID":0,"NganhNgheTitle":"Sản xuất thực phẩm khác chưa được phân vào đâu","NganhNgheTitleAscii":"/nganh-nghe/san-xuat-thuc-pham-khac-chua-duoc-phan-vao-dau","DSTags":["1600149275-002","An Giang",null]},{"Type":11,"SolrID":"/1600376944-van-thi-hong-yen","ID":0,"MaSoThue":"1600376944","NgayCap":"1999-01-02T00:00:00Z","Title":"Văn Thị Hồng Yến","DiaChiCongTy":"Quốc Lộ 91- ấp Bình Thành- Xã Bình Mỹ - Huyện Châu Phú - An Giang","Created":"2015-11-19T12:29:58Z","Updated":"2015-11-19T12:29:58Z","IsDelete":false,"RequestChanged":false,"ExitsInGDT":false,"SourceID":0,"TinhThanhID":0,"TinhThanhTitle":"An Giang","TinhThanhTitleAscii":"/an-giang","QuanHuyenID":0,"NganhNgheTitle":"Bán buôn nông, lâm sản nguyên liệu (trừ gỗ, tre, nứa) và động vật sống","NganhNgheTitleAscii":"/nganh-nghe/ban-buon-nong-lam-san-nguyen-lieu-tru-go-tre-nua-va-dong-vat-song","DSTags":["1600376944","An Giang",null]},{"Type":11,"SolrID":"/1600194461-006-tram-thu-mua-nong-san-binh-my","ID":0,"MaSoThue":"1600194461-006","NgayCap":"1998-12-26T00:00:00Z","Title":"Trạm Thu Mua Nông Sản                                Bình Mỹ","DiaChiCongTy":"ấp Bình Hưng Xã Bình Mỹ - Huyện Châu Phú - An Giang","Created":"2015-11-18T13:20:05Z","Updated":"2015-11-18T13:20:05Z","IsDelete":false,"RequestChanged":false,"ExitsInGDT":false,"SourceID":0,"TinhThanhID":0,"TinhThanhTitle":"An Giang","TinhThanhTitleAscii":"/an-giang","QuanHuyenID":0,"NganhNgheTitle":"Bán buôn gạo, thực phẩm, đồ uống và sản phẩm thuốc lá, thuốc lào","NganhNgheTitleAscii":"/nganh-nghe/ban-buon-gao-thuc-pham-do-uong-va-san-pham-thuoc-la-thuoc-lao","DSTags":["1600194461-006","An Giang",null]},{"Type":11,"SolrID":"/1600110119-001-xi-nghiep-pha-nang-gu","ID":0,"MaSoThue":"1600110119-001","NgayCap":"1998-11-25T00:00:00Z","Title":"Xí Nghiệp Phà Năng Gù","DiaChiCongTy":"ấp Bình Thành Xã Bình Mỹ - Huyện Châu Phú - An Giang","Created":"2015-11-09T12:47:22Z","Updated":"2015-11-09T12:47:22Z","IsDelete":false,"RequestChanged":false,"ExitsInGDT":false,"SourceID":0,"TinhThanhID":0,"TinhThanhTitle":"An Giang","TinhThanhTitleAscii":"/an-giang","QuanHuyenID":0,"NganhNgheTitle":"Vận tải hàng hóa đường thuỷ nội địa","NganhNgheTitleAscii":"/nganh-nghe/van-tai-hang-hoa-duong-thuy-noi-dia","DSTags":["1600110119-001","An Giang",null]},{"Type":11,"SolrID":"/1600374880-ubnd-xa-binh-my","ID":0,"MaSoThue":"1600374880","NgayCap":"1998-11-25T00:00:00Z","Title":"UBND Xã Bình Mỹ","DiaChiCongTy":"ấp Bình Thành, xã Bình Mỹ - Huyện Châu Phú - An Giang","Created":"2015-11-14T17:13:41Z","Updated":"2015-11-14T17:13:41Z","IsDelete":false,"RequestChanged":false,"ExitsInGDT":false,"SourceID":0,"TinhThanhID":0,"TinhThanhTitle":"An Giang","TinhThanhTitleAscii":"/an-giang","QuanHuyenID":0,"NganhNgheTitle":"Hoạt động quản lý nhà nước nói chung và kinh tế tổng hợp","NganhNgheTitleAscii":"/nganh-nghe/hoat-dong-quan-ly-nha-nuoc-noi-chung-va-kinh-te-tong-hop","DSTags":["1600374880","An Giang",null]},{"Type":11,"SolrID":"/1600171739-doanh-nghiep-tn-tam-thanh","ID":0,"MaSoThue":"1600171739","NgayCap":"1998-10-17T00:00:00Z","Title":"Doanh Nghiệp TN Tâm Thành","DiaChiCongTy":"Số 0782/04, ấp Bình Hưng I - Xã Bình Mỹ - Huyện Châu Phú - An Giang","Created":"2015-11-09T03:55:58Z","Updated":"2015-11-09T03:55:58Z","IsDelete":false,"RequestChanged":false,"ExitsInGDT":false,"SourceID":0,"TinhThanhID":0,"TinhThanhTitle":"An Giang","TinhThanhTitleAscii":"/an-giang","QuanHuyenID":0,"NganhNgheTitle":"Xay xát","NganhNgheTitleAscii":"/nganh-nghe/xay-xat","DSTags":["1600171739","An Giang",null]},{"Type":11,"SolrID":"/1600178903-doanh-nghiep-tn-phan-van-dom","ID":0,"MaSoThue":"1600178903","NgayCap":"1998-09-22T00:00:00Z","Title":"Doanh Nghiệp TN Phan Văn Đởm","DiaChiCongTy":"Số 198, ấp Bình Tân - Xã Bình Mỹ - Huyện Châu Phú - An Giang","Created":"2015-11-09T00:39:59Z","Updated":"2015-11-09T00:39:59Z","IsDelete":false,"RequestChanged":false,"ExitsInGDT":false,"SourceID":0,"TinhThanhID":0,"TinhThanhTitle":"An Giang","TinhThanhTitleAscii":"/an-giang","QuanHuyenID":0,"NganhNgheTitle":"Bán buôn nhiên liệu rắn, lỏng, khí và các sản phẩm liên quan","NganhNgheTitleAscii":"/nganh-nghe/ban-buon-nhien-lieu-ran-long-khi-va-cac-san-pham-lien-quan","DSTags":["1600178903","An Giang",null]},{"Type":11,"SolrID":"/1600175638-doanh-nghiep-tn-tuong-dung","ID":0,"MaSoThue":"1600175638","NgayCap":"1998-09-18T00:00:00Z","Title":"Doanh Nghiệp TN Tường Dung","DiaChiCongTy":"ấp Bình Hưng 1 - Xã Bình Mỹ - Huyện Châu Phú - An Giang","Created":"2015-11-09T12:20:25Z","Updated":"2015-11-09T12:20:25Z","IsDelete":false,"RequestChanged":false,"ExitsInGDT":false,"SourceID":0,"TinhThanhID":0,"TinhThanhTitle":"An Giang","TinhThanhTitleAscii":"/an-giang","QuanHuyenID":0,"NganhNgheTitle":"Bán buôn chuyên doanh khác chưa được phân vào đâu","NganhNgheTitleAscii":"/nganh-nghe/ban-buon-chuyen-doanh-khac-chua-duoc-phan-vao-dau","DSTags":["1600175638","An Giang",null]}]}