{"ID":10407,"SolrID":"/an-giang/huyen-chau-phu/xa-binh-phu","Title":"Xã Bình Phú","TinhThanhTitle":"An Giang","QuanHuyenTitle":"Huyện Châu Phú","QuanHuyenID":214,"TinhThanhID":35,"Url":"https://thongtindoanhnghiep.co/api/company?l=/an-giang/huyen-chau-phu/xa-binh-phu","Total":16,"List":[{"Type":11,"SolrID":"/1602147160-cong-ty-tnhh-mot-thanh-vien-le-trung-hiep","ID":0,"MaSoThue":"1602147160","NgayCap":"2021-05-14T00:00:00Z","Title":"Công Ty TNHH Một Thành Viên Lê Trung Hiệp","DiaChiCongTy":"Tổ 16, Ấp Bình An, Xã Bình Phú, Huyện Châu Phú, Tỉnh An Giang","Created":"2021-05-14T14:54:24Z","Updated":"2021-05-14T14:54:24Z","IsDelete":false,"RequestChanged":false,"ExitsInGDT":false,"SourceID":0,"TinhThanhID":0,"TinhThanhTitle":"An Giang","TinhThanhTitleAscii":"/an-giang","QuanHuyenID":0,"DSTags":["1602147160","An Giang",null]},{"Type":11,"SolrID":"/1602141095-cong-ty-tnhh-mot-thanh-vien-xang-dau-doan-thanh-thuan","ID":0,"MaSoThue":"1602141095","NgayCap":"2021-02-09T00:00:00Z","Title":"Công Ty TNHH Một Thành Viên Xăng Dầu Đoàn Thanh Thuận","DiaChiCongTy":"Ấp Bình Tây, Xã Bình Phú, Huyện Châu Phú, Tỉnh An Giang","Created":"2021-02-09T08:36:44Z","Updated":"2021-02-09T08:36:44Z","IsDelete":false,"RequestChanged":false,"ExitsInGDT":false,"SourceID":0,"TinhThanhID":0,"TinhThanhTitle":"An Giang","TinhThanhTitleAscii":"/an-giang","QuanHuyenID":0,"NganhNgheTitle":"Bán buôn nhiên liệu rắn, lỏng, khí và các sản phẩm liên quan","NganhNgheTitleAscii":"/nganh-nghe/ban-buon-nhien-lieu-ran-long-khi-va-cac-san-pham-lien-quan","DSTags":["1602141095","An Giang",null]},{"Type":11,"SolrID":"/1602141031-doanh-nghiep-tu-nhan-tran-in-do","ID":0,"MaSoThue":"1602141031","NgayCap":"2021-02-08T00:00:00Z","Title":"Doanh Nghiệp Tư Nhân Trần In Đô","DiaChiCongTy":"Ấp Bình Khánh, Xã Bình Phú, Huyện Châu Phú, Tỉnh An Giang","Created":"2021-02-08T14:35:42Z","Updated":"2021-02-08T14:35:42Z","IsDelete":false,"RequestChanged":false,"ExitsInGDT":false,"SourceID":0,"TinhThanhID":0,"TinhThanhTitle":"An Giang","TinhThanhTitleAscii":"/an-giang","QuanHuyenID":0,"DSTags":["1602141031","An Giang",null]},{"Type":11,"SolrID":"/1602065609-cong-ty-cp-620-chau-thoi-an-giang","ID":0,"MaSoThue":"1602065609","NgayCap":"2018-03-16T00:00:00Z","Title":"Công Ty CP 620 Châu Thới An Giang","DiaChiCongTy":"Ấp Bình Đức, Xã Bình Phú, Huyện Châu Phú, Tỉnh An Giang","Created":"2018-03-16T08:04:16Z","Updated":"2018-03-16T08:04:16Z","IsDelete":false,"RequestChanged":false,"ExitsInGDT":false,"SourceID":0,"TinhThanhID":0,"TinhThanhTitle":"An Giang","TinhThanhTitleAscii":"/an-giang","QuanHuyenID":0,"NganhNgheTitle":"Trồng cây ăn quả","NganhNgheTitleAscii":"/nganh-nghe/trong-cay-an-qua","DSTags":["1602065609","An Giang",null]},{"Type":11,"SolrID":"/1602044221-cong-ty-tnhh-mot-thanh-vien-kim-nam","ID":0,"MaSoThue":"1602044221","NgayCap":"2017-06-29T00:00:00Z","Title":"Công Ty TNHH Một Thành Viên Kim Năm","DiaChiCongTy":"Số 345, Tổ 10, Ấp Bình Đức, Xã Bình Phú, Huyện Châu Phú, Tỉnh An Giang","Created":"2017-06-29T13:37:55Z","Updated":"2017-06-29T13:37:55Z","IsDelete":false,"RequestChanged":false,"ExitsInGDT":false,"SourceID":0,"TinhThanhID":0,"TinhThanhTitle":"An Giang","TinhThanhTitleAscii":"/an-giang","QuanHuyenID":0,"NganhNgheTitle":"Bán buôn kim loại và quặng kim loại","NganhNgheTitleAscii":"/nganh-nghe/ban-buon-kim-loai-va-quang-kim-loai","DSTags":["1602044221","An Giang",null]},{"Type":11,"SolrID":"/1602014925-doanh-nghiep-tn-tiem-vang-toan-khoa","ID":0,"MaSoThue":"1602014925","NgayCap":"2016-07-22T00:00:00Z","Title":"DOANH NGHIệP TN TIệM VàNG TOàN KHOA","DiaChiCongTy":"Tổ 10, ấp Bình Đức - Xã Bình Phú - Huyện Châu Phú - An Giang","Created":"2016-07-26T09:30:46Z","Updated":"2016-09-10T20:20:37Z","IsDelete":false,"RequestChanged":false,"ExitsInGDT":false,"SourceID":0,"TinhThanhID":0,"TinhThanhTitle":"An Giang","TinhThanhTitleAscii":"/an-giang","QuanHuyenID":0,"DSTags":["1602014925","An Giang",null]},{"Type":11,"SolrID":"/1602013382-doanh-nghiep-tn-ly-van-khoa","ID":0,"MaSoThue":"1602013382","NgayCap":"2016-06-29T00:00:00Z","Title":"Doanh Nghiệp TN Lý Văn Khoa","DiaChiCongTy":"ấp Bình Thới - Xã Bình Phú - Huyện Châu Phú - An Giang","Created":"2016-07-02T13:42:43Z","Updated":"2016-07-02T13:42:43Z","IsDelete":false,"RequestChanged":false,"ExitsInGDT":false,"SourceID":0,"TinhThanhID":0,"TinhThanhTitle":"An Giang","TinhThanhTitleAscii":"/an-giang","QuanHuyenID":0,"NganhNgheTitle":"Xây dựng nhà các loại","NganhNgheTitleAscii":"/nganh-nghe/xay-dung-nha-cac-loai","DSTags":["1602013382","An Giang",null]},{"Type":11,"SolrID":"/1601656302-doanh-nghiep-tn-tran-nhut-linh","ID":0,"MaSoThue":"1601656302","NgayCap":"2012-02-15T00:00:00Z","Title":"Doanh Nghiệp TN Trần Nhựt Linh","DiaChiCongTy":"Số 72, Tổ 5, ấp Bình Khánh - Xã Bình Phú - Huyện Châu Phú - An Giang","Created":"2015-11-10T01:45:38Z","Updated":"2015-11-10T01:45:38Z","IsDelete":false,"RequestChanged":false,"ExitsInGDT":false,"SourceID":0,"TinhThanhID":0,"TinhThanhTitle":"An Giang","TinhThanhTitleAscii":"/an-giang","QuanHuyenID":0,"NganhNgheTitle":"Hoạt động xây dựng chuyên dụng khác","NganhNgheTitleAscii":"/nganh-nghe/hoat-dong-xay-dung-chuyen-dung-khac","DSTags":["1601656302","An Giang",null]},{"Type":11,"SolrID":"/1601366515-doanh-nghiep-tn-thong-huong","ID":0,"MaSoThue":"1601366515","NgayCap":"2010-06-29T00:00:00Z","Title":"Doanh Nghiệp TN Thông - Hường","DiaChiCongTy":"ấp Bình An - Xã Bình Phú - Huyện Châu Phú - An Giang","Created":"2015-11-11T09:23:12Z","Updated":"2015-11-11T09:23:12Z","IsDelete":false,"RequestChanged":false,"ExitsInGDT":false,"SourceID":0,"TinhThanhID":0,"TinhThanhTitle":"An Giang","TinhThanhTitleAscii":"/an-giang","QuanHuyenID":0,"NganhNgheTitle":"Bán buôn nhiên liệu rắn, lỏng, khí và các sản phẩm liên quan","NganhNgheTitleAscii":"/nganh-nghe/ban-buon-nhien-lieu-ran-long-khi-va-cac-san-pham-lien-quan","DSTags":["1601366515","An Giang",null]},{"Type":11,"SolrID":"/1601037983-truong-tieu-hoc-a-binh-phu","ID":0,"MaSoThue":"1601037983","NgayCap":"2009-02-14T00:00:00Z","Title":"Trường Tiểu học A Bình Phú","DiaChiCongTy":"Xã Bình Phú - Huyện Châu Phú - An Giang","Created":"2015-11-16T17:22:22Z","Updated":"2015-11-16T17:22:22Z","IsDelete":false,"RequestChanged":false,"ExitsInGDT":false,"SourceID":0,"TinhThanhID":0,"TinhThanhTitle":"An Giang","TinhThanhTitleAscii":"/an-giang","QuanHuyenID":0,"NganhNgheTitle":"Giáo dục tiểu học","NganhNgheTitleAscii":"/nganh-nghe/giao-duc-tieu-hoc","DSTags":["1601037983","An Giang",null]},{"Type":11,"SolrID":"/1600937117-truong-tieu-hoc-d-binh-phu","ID":0,"MaSoThue":"1600937117","NgayCap":"2008-01-16T00:00:00Z","Title":"Trường Tiểu Học Đ Bình Phú","DiaChiCongTy":"ấp Bình Điền, xã Bình Phú - Huyện Châu Phú - An Giang","Created":"2015-11-16T00:43:38Z","Updated":"2015-11-16T00:43:38Z","IsDelete":false,"RequestChanged":false,"ExitsInGDT":false,"SourceID":0,"TinhThanhID":0,"TinhThanhTitle":"An Giang","TinhThanhTitleAscii":"/an-giang","QuanHuyenID":0,"NganhNgheTitle":"Giáo dục tiểu học","NganhNgheTitleAscii":"/nganh-nghe/giao-duc-tieu-hoc","DSTags":["1600937117","An Giang",null]},{"Type":11,"SolrID":"/1600917671-truong-trung-hoc-co-so-binh-phu","ID":0,"MaSoThue":"1600917671","NgayCap":"2007-12-10T00:00:00Z","Title":"Trường Trung Học Cơ Sở Bình Phú","DiaChiCongTy":"Xã Bình Phú - Huyện Châu Phú - An Giang","Created":"2015-11-16T00:46:18Z","Updated":"2015-11-16T00:46:18Z","IsDelete":false,"RequestChanged":false,"ExitsInGDT":false,"SourceID":0,"TinhThanhID":0,"TinhThanhTitle":"An Giang","TinhThanhTitleAscii":"/an-giang","QuanHuyenID":0,"NganhNgheTitle":"Giáo dục trung học cơ sở và trung học phổ thông","NganhNgheTitleAscii":"/nganh-nghe/giao-duc-trung-hoc-co-so-va-trung-hoc-pho-thong","DSTags":["1600917671","An Giang",null]},{"Type":11,"SolrID":"/1600817652-truong-tieu-hoc-b-binh-phu","ID":0,"MaSoThue":"1600817652","NgayCap":"2005-12-21T00:00:00Z","Title":"Trường Tiểu học B Bình Phú","DiaChiCongTy":"xã Bình Phú - Huyện Châu Phú - An Giang","Created":"2015-11-16T17:19:30Z","Updated":"2015-11-16T17:19:30Z","IsDelete":false,"RequestChanged":false,"ExitsInGDT":false,"SourceID":0,"TinhThanhID":0,"TinhThanhTitle":"An Giang","TinhThanhTitleAscii":"/an-giang","QuanHuyenID":0,"NganhNgheTitle":"Giáo dục tiểu học","NganhNgheTitleAscii":"/nganh-nghe/giao-duc-tieu-hoc","DSTags":["1600817652","An Giang",null]},{"Type":11,"SolrID":"/1600775201-truong-mau-giao-binh-phu","ID":0,"MaSoThue":"1600775201","NgayCap":"2005-04-06T00:00:00Z","Title":"Trường Mẫu giáo Bình Phú","DiaChiCongTy":"ấp Bình Đức, xã Bình Phú - Huyện Châu Phú - An Giang","Created":"2015-11-16T16:44:41Z","Updated":"2015-11-16T16:44:41Z","IsDelete":false,"RequestChanged":false,"ExitsInGDT":false,"SourceID":0,"TinhThanhID":0,"TinhThanhTitle":"An Giang","TinhThanhTitleAscii":"/an-giang","QuanHuyenID":0,"NganhNgheTitle":"Giáo dục mầm non","NganhNgheTitleAscii":"/nganh-nghe/giao-duc-mam-non","DSTags":["1600775201","An Giang",null]},{"Type":11,"SolrID":"/1600374986-042-truong-tieu-hoc-c-binh-phu","ID":0,"MaSoThue":"1600374986-042","NgayCap":"1999-02-23T00:00:00Z","Title":"Trường Tiểu học C Bình phú","DiaChiCongTy":"ấp Bình Thới,  xã Bình Phú - Huyện Châu Phú - An Giang","Created":"2015-11-17T19:50:53Z","Updated":"2015-11-17T19:50:53Z","IsDelete":false,"RequestChanged":false,"ExitsInGDT":false,"SourceID":0,"TinhThanhID":0,"TinhThanhTitle":"An Giang","TinhThanhTitleAscii":"/an-giang","QuanHuyenID":0,"NganhNgheTitle":"Giáo dục tiểu học","NganhNgheTitleAscii":"/nganh-nghe/giao-duc-tieu-hoc","DSTags":["1600374986-042","An Giang",null]},{"Type":11,"SolrID":"/1600374961-ubnd-xa-binh-phu","ID":0,"MaSoThue":"1600374961","NgayCap":"1998-11-25T00:00:00Z","Title":"UBND Xã Bình Phú","DiaChiCongTy":"ấp Bình Đức, xã Bình Phú - Huyện Châu Phú - An Giang","Created":"2015-11-14T17:13:48Z","Updated":"2015-11-14T17:13:48Z","IsDelete":false,"RequestChanged":false,"ExitsInGDT":false,"SourceID":0,"TinhThanhID":0,"TinhThanhTitle":"An Giang","TinhThanhTitleAscii":"/an-giang","QuanHuyenID":0,"NganhNgheTitle":"Hoạt động quản lý nhà nước nói chung và kinh tế tổng hợp","NganhNgheTitleAscii":"/nganh-nghe/hoat-dong-quan-ly-nha-nuoc-noi-chung-va-kinh-te-tong-hop","DSTags":["1600374961","An Giang",null]}]}