{"ID":10338,"SolrID":"/an-giang/huyen-chau-phu/xa-binh-long","Title":"Xã Bình Long","TinhThanhTitle":"An Giang","QuanHuyenTitle":"Huyện Châu Phú","QuanHuyenID":214,"TinhThanhID":35,"Url":"https://thongtindoanhnghiep.co/api/company?l=/an-giang/huyen-chau-phu/xa-binh-long","Total":48,"List":[{"Type":11,"SolrID":"/1602046677-doanh-nghiep-tn-nguyen-cong-phap","ID":0,"MaSoThue":"1602046677","NgayCap":"2017-08-01T00:00:00Z","Title":"Doanh Nghiệp Tn Nguyễn Công Pháp","DiaChiCongTy":"Ấp Bình Chánh, Xã Bình Long, Huyện Châu Phú, Tỉnh An Giang","Created":"2017-08-01T16:07:57Z","Updated":"2017-08-01T16:07:57Z","IsDelete":false,"RequestChanged":false,"ExitsInGDT":false,"SourceID":0,"TinhThanhID":0,"TinhThanhTitle":"An Giang","TinhThanhTitleAscii":"/an-giang","QuanHuyenID":0,"NganhNgheTitle":"Hoạt động vui chơi giải trí khác chưa được phân vào đâu","NganhNgheTitleAscii":"/nganh-nghe/hoat-dong-vui-choi-giai-tri-khac-chua-duoc-phan-vao-dau","DSTags":["1602046677","An Giang",null]},{"Type":11,"SolrID":"/1602033244-cong-ty-tnhh-tro-choi-dien-tu-toan-tri","ID":0,"MaSoThue":"1602033244","NgayCap":"2017-02-11T00:00:00Z","Title":"Công Ty TNHH Trò Chơi Điện Tử Toàn Trí","DiaChiCongTy":"Số 41, Ấp Bình Hưng, Xã Bình Long, Huyện Châu Phú, Tỉnh An Giang","Created":"2017-02-11T08:07:31Z","Updated":"2017-02-11T08:07:31Z","IsDelete":false,"RequestChanged":false,"ExitsInGDT":false,"SourceID":0,"TinhThanhID":0,"TinhThanhTitle":"An Giang","TinhThanhTitleAscii":"/an-giang","QuanHuyenID":0,"NganhNgheTitle":"Hoạt động vui chơi giải trí khác chưa được phân vào đâu","NganhNgheTitleAscii":"/nganh-nghe/hoat-dong-vui-choi-giai-tri-khac-chua-duoc-phan-vao-dau","DSTags":["1602033244","An Giang",null]},{"Type":11,"SolrID":"/1602031776-cong-ty-cp-phan-bon-hoang-lam","ID":0,"MaSoThue":"1602031776","NgayCap":"2017-01-14T00:00:00Z","Title":"Công Ty CP Phân Bón Hoàng Lâm","DiaChiCongTy":"Số 56, Tổ 3, Ấp Bình Chiến, Xã Bình Long, Huyện Châu Phú, Tỉnh An Giang","Created":"2017-01-14T11:07:42Z","Updated":"2017-01-14T11:07:42Z","IsDelete":false,"RequestChanged":false,"ExitsInGDT":false,"SourceID":0,"TinhThanhID":0,"TinhThanhTitle":"An Giang","TinhThanhTitleAscii":"/an-giang","QuanHuyenID":0,"NganhNgheTitle":"Bán buôn chuyên doanh khác chưa được phân vào đâu","NganhNgheTitleAscii":"/nganh-nghe/ban-buon-chuyen-doanh-khac-chua-duoc-phan-vao-dau","DSTags":["1602031776","An Giang",null]},{"Type":11,"SolrID":"/1602029992-cong-ty-tnhh-tnpharma-an-giang","ID":0,"MaSoThue":"1602029992","NgayCap":"2016-12-29T00:00:00Z","Title":"Công Ty TNHH Tnpharma An Giang","DiaChiCongTy":"Số 278/16, Ấp Chánh Hưng, Xã Bình Long, Huyện Châu Phú, Tỉnh An Giang","Created":"2016-12-29T08:10:39Z","Updated":"2016-12-29T08:10:39Z","IsDelete":false,"RequestChanged":false,"ExitsInGDT":false,"SourceID":0,"TinhThanhID":0,"TinhThanhTitle":"An Giang","TinhThanhTitleAscii":"/an-giang","QuanHuyenID":0,"NganhNgheTitle":"Bán buôn vật liệu, thiết bị lắp đặt khác trong xây dựng","NganhNgheTitleAscii":"/nganh-nghe/ban-buon-vat-lieu-thiet-bi-lap-dat-khac-trong-xay-dung","DSTags":["1602029992","An Giang",null]},{"Type":11,"SolrID":"/1602016697-cong-ty-tnhh-mot-thanh-vien-dau-tu-xay-dung-kim-ngoc-hung","ID":0,"MaSoThue":"1602016697","NgayCap":"2016-08-12T00:00:00Z","Title":"CôNG TY TNHH MộT THàNH VIêN ĐầU Tư XâY DựNG KIM NGọC HưNG","DiaChiCongTy":"ấp Bình Hưng - Xã Bình Long - Huyện Châu Phú - An Giang","Created":"2016-08-16T09:31:02Z","Updated":"2016-09-10T16:39:36Z","IsDelete":false,"RequestChanged":false,"ExitsInGDT":false,"SourceID":0,"TinhThanhID":0,"TinhThanhTitle":"An Giang","TinhThanhTitleAscii":"/an-giang","QuanHuyenID":0,"DSTags":["1602016697","An Giang",null]},{"Type":11,"SolrID":"/1602013311-cong-ty-tnhh-kovie-vina","ID":0,"MaSoThue":"1602013311","NgayCap":"2016-06-28T00:00:00Z","Title":"Công ty TNHH KOVIE VINA","DiaChiCongTy":"lô D, khu công nghiệp Bình Long - Xã Bình Long - Huyện Châu Phú - An Giang","Created":"2016-06-29T08:48:47Z","Updated":"2016-06-29T08:48:47Z","IsDelete":false,"RequestChanged":false,"ExitsInGDT":false,"SourceID":0,"TinhThanhID":0,"TinhThanhTitle":"An Giang","TinhThanhTitleAscii":"/an-giang","QuanHuyenID":0,"NganhNgheTitle":"Bán buôn thủy sản","NganhNgheTitleAscii":"/nganh-nghe/ban-buon-thuy-san","DSTags":["1602013311","An Giang",null]},{"Type":11,"SolrID":"/1602006138-001-van-phong-dai-dien-cong-ty-tnhh-xay-dung-thong-hiep-phat","ID":0,"MaSoThue":"1602006138-001","NgayCap":"2016-06-17T00:00:00Z","Title":"Văn Phòng Đại Diện Công Ty TNHH Xây Dựng Thông Hiệp Phát","DiaChiCongTy":"ấp Chánh Hưng - Xã Bình Long - Huyện Châu Phú - An Giang","Created":"2016-06-24T15:03:44Z","Updated":"2016-06-24T15:03:44Z","IsDelete":false,"RequestChanged":false,"ExitsInGDT":false,"SourceID":0,"TinhThanhID":0,"TinhThanhTitle":"An Giang","TinhThanhTitleAscii":"/an-giang","QuanHuyenID":0,"NganhNgheTitle":"Bán buôn vật liệu, thiết bị lắp đặt khác trong xây dựng","NganhNgheTitleAscii":"/nganh-nghe/ban-buon-vat-lieu-thiet-bi-lap-dat-khac-trong-xay-dung","DSTags":["1602006138-001","An Giang",null]},{"Type":11,"SolrID":"/1602011314-cong-ty-tnhh-thuong-mai-xuat-nhap-khau-nguyen-thao","ID":0,"MaSoThue":"1602011314","NgayCap":"2016-05-30T00:00:00Z","Title":"Công Ty TNHH Thương Mại Xuất Nhập Khẩu Nguyên Thảo","DiaChiCongTy":"Tổ 14, ấp Chánh Hưng - Xã Bình Long - Huyện Châu Phú - An Giang","Created":"2016-06-10T10:15:47Z","Updated":"2016-06-10T10:15:47Z","IsDelete":false,"RequestChanged":false,"ExitsInGDT":false,"SourceID":0,"TinhThanhID":0,"TinhThanhTitle":"An Giang","TinhThanhTitleAscii":"/an-giang","QuanHuyenID":0,"NganhNgheTitle":"Bán buôn vật liệu, thiết bị lắp đặt khác trong xây dựng","NganhNgheTitleAscii":"/nganh-nghe/ban-buon-vat-lieu-thiet-bi-lap-dat-khac-trong-xay-dung","DSTags":["1602011314","An Giang",null]},{"Type":11,"SolrID":"/1602007364-cong-ty-tnhh-mot-thanh-vien-dung-ha-chau-phu","ID":0,"MaSoThue":"1602007364","NgayCap":"2016-04-20T00:00:00Z","Title":"Công Ty TNHH Một Thành Viên Dung Hà Châu Phú","DiaChiCongTy":"Số 159, Tổ 8, ấp Chánh Hưng - Xã Bình Long - Huyện Châu Phú - An Giang","Created":"2016-04-21T11:21:17Z","Updated":"2016-04-21T11:21:17Z","IsDelete":false,"RequestChanged":false,"ExitsInGDT":false,"SourceID":0,"TinhThanhID":0,"TinhThanhTitle":"An Giang","TinhThanhTitleAscii":"/an-giang","QuanHuyenID":0,"NganhNgheTitle":"Bán buôn vật liệu, thiết bị lắp đặt khác trong xây dựng","NganhNgheTitleAscii":"/nganh-nghe/ban-buon-vat-lieu-thiet-bi-lap-dat-khac-trong-xay-dung","DSTags":["1602007364","An Giang",null]},{"Type":11,"SolrID":"/1602005455-cong-ty-tnhh-mot-thanh-vien-kim-vung","ID":0,"MaSoThue":"1602005455","NgayCap":"2016-03-25T00:00:00Z","Title":"Công Ty TNHH Một Thành Viên Kim Vúng","DiaChiCongTy":"Số 334, Tổ 14, ấp Chánh Hưng - Xã Bình Long - Huyện Châu Phú - An Giang","Created":"2016-04-04T20:29:51Z","Updated":"2016-04-04T20:29:51Z","IsDelete":false,"RequestChanged":false,"ExitsInGDT":false,"SourceID":0,"TinhThanhID":0,"TinhThanhTitle":"An Giang","TinhThanhTitleAscii":"/an-giang","QuanHuyenID":0,"NganhNgheTitle":"Bán buôn nông, lâm sản nguyên liệu (trừ gỗ, tre, nứa) và động vật sống","NganhNgheTitleAscii":"/nganh-nghe/ban-buon-nong-lam-san-nguyen-lieu-tru-go-tre-nua-va-dong-vat-song","DSTags":["1602005455","An Giang",null]},{"Type":11,"SolrID":"/1602004892-cong-ty-cp-luong-thuc-chau-phu","ID":0,"MaSoThue":"1602004892","NgayCap":"2016-03-17T00:00:00Z","Title":"Công Ty CP Lương Thực Châu Phú","DiaChiCongTy":"Số 59, Tổ 8, ấp Chánh Hưng - Xã Bình Long - Huyện Châu Phú - An Giang","Created":"2016-03-23T09:41:03Z","Updated":"2016-03-23T09:41:03Z","IsDelete":false,"RequestChanged":false,"ExitsInGDT":false,"SourceID":0,"TinhThanhID":0,"TinhThanhTitle":"An Giang","TinhThanhTitleAscii":"/an-giang","QuanHuyenID":0,"NganhNgheTitle":"Bán buôn gạo","NganhNgheTitleAscii":"/nganh-nghe/ban-buon-gao","DSTags":["1602004892","An Giang",null]},{"Type":11,"SolrID":"/1602000376-cong-ty-tnhh-sinh-hoc-nagi","ID":0,"MaSoThue":"1602000376","NgayCap":"2016-01-27T00:00:00Z","Title":"Công Ty TNHH Sinh Học Nagi","DiaChiCongTy":"Số 04, Tổ 01, ấp Bình Chiến - Xã Bình Long - Huyện Châu Phú - An Giang","Created":"2016-01-28T14:04:49Z","Updated":"2016-01-28T14:04:49Z","IsDelete":false,"RequestChanged":false,"ExitsInGDT":false,"SourceID":0,"TinhThanhID":0,"TinhThanhTitle":"An Giang","TinhThanhTitleAscii":"/an-giang","QuanHuyenID":0,"NganhNgheTitle":"Sản xuất thuốc, hoá dược và dược liệu","NganhNgheTitleAscii":"/nganh-nghe/san-xuat-thuoc-hoa-duoc-va-duoc-lieu-2100","DSTags":["1602000376","An Giang",null]},{"Type":11,"SolrID":"/1601997285-doanh-nghiep-tn-tan-tien-chau-phu","ID":0,"MaSoThue":"1601997285","NgayCap":"2016-01-07T00:00:00Z","Title":"Doanh Nghiệp TN Tân Tiến Châu Phú","DiaChiCongTy":"ấp Bình Châu - Xã Bình Long - Huyện Châu Phú - An Giang","Created":"2016-01-15T11:10:58Z","Updated":"2016-01-15T11:10:58Z","IsDelete":false,"RequestChanged":false,"ExitsInGDT":false,"SourceID":0,"TinhThanhID":0,"TinhThanhTitle":"An Giang","TinhThanhTitleAscii":"/an-giang","QuanHuyenID":0,"NganhNgheTitle":"Xây dựng nhà các loại","NganhNgheTitleAscii":"/nganh-nghe/xay-dung-nha-cac-loai","DSTags":["1601997285","An Giang",null]},{"Type":11,"SolrID":"/5800921584-040-chi-nhanh-cong-ty-tnhh-tap-doan-dau-tu-hoa-sen-tai-chau-phu","ID":0,"MaSoThue":"5800921584-040","NgayCap":"2015-11-20T00:00:00Z","Title":"Chi Nhánh Công Ty TNHH Tập Đoàn Đầu Tư Hoa Sen Tại Châu Phú","DiaChiCongTy":"Quốc lộ 91, Ấp Chánh Hưng, Xã Bình Long, Huyện Châu Phú, Tỉnh An Giang","Created":"2017-02-06T19:31:07Z","Updated":"2017-02-06T19:31:07Z","IsDelete":false,"RequestChanged":false,"ExitsInGDT":false,"SourceID":0,"TinhThanhID":0,"TinhThanhTitle":"An Giang","TinhThanhTitleAscii":"/an-giang","QuanHuyenID":0,"NganhNgheTitle":"Bán buôn kim loại và quặng kim loại","NganhNgheTitleAscii":"/nganh-nghe/ban-buon-kim-loai-va-quang-kim-loai","DSTags":["5800921584-040","An Giang",null]},{"Type":11,"SolrID":"/1601967347-cong-ty-tnhh-mot-thanh-vien-nha-hang-khach-san-467-chau-phu","ID":0,"MaSoThue":"1601967347","NgayCap":"2015-03-19T00:00:00Z","Title":"Công Ty TNHH Một Thành Viên Nhà Hàng-Khách Sạn 467 Châu Phú","DiaChiCongTy":"ấp Bình Hưng - Xã Bình Long - Huyện Châu Phú - An Giang","Created":"2015-11-17T05:27:06Z","Updated":"2015-11-17T05:27:06Z","IsDelete":false,"RequestChanged":false,"ExitsInGDT":false,"SourceID":0,"TinhThanhID":0,"TinhThanhTitle":"An Giang","TinhThanhTitleAscii":"/an-giang","QuanHuyenID":0,"NganhNgheTitle":"Dịch vụ lưu trú ngắn ngày","NganhNgheTitleAscii":"/nganh-nghe/dich-vu-luu-tru-ngan-ngay","DSTags":["1601967347","An Giang",null]},{"Type":11,"SolrID":"/1601948760-cong-ty-tnhh-mot-thanh-vien-chan-nuoi-dai-phat","ID":0,"MaSoThue":"1601948760","NgayCap":"2014-12-05T00:00:00Z","Title":"Công Ty TNHH Một Thành Viên Chăn Nuôi Đại Phát","DiaChiCongTy":"Tổ 25, ấp Chánh Hưng - Xã Bình Long - Huyện Châu Phú - An Giang","Created":"2015-11-11T23:56:10Z","Updated":"2015-11-11T23:56:10Z","IsDelete":false,"RequestChanged":false,"ExitsInGDT":false,"SourceID":0,"TinhThanhID":0,"TinhThanhTitle":"An Giang","TinhThanhTitleAscii":"/an-giang","QuanHuyenID":0,"NganhNgheTitle":"Chăn nuôi trâu, bò","NganhNgheTitleAscii":"/nganh-nghe/chan-nuoi-trau-bo","DSTags":["1601948760","An Giang",null]},{"Type":11,"SolrID":"/1601941677-cong-ty-tnhh-hoa-thuan-binh-long","ID":0,"MaSoThue":"1601941677","NgayCap":"2014-10-07T00:00:00Z","Title":"Công Ty TNHH Hòa Thuận Bình Long","DiaChiCongTy":"Lô A, Khu Công nghiệp Bình Long - Xã Bình Long - Huyện Châu Phú - An Giang","Created":"2015-11-11T04:38:52Z","Updated":"2015-11-11T04:38:52Z","IsDelete":false,"RequestChanged":false,"ExitsInGDT":false,"SourceID":0,"TinhThanhID":0,"TinhThanhTitle":"An Giang","TinhThanhTitleAscii":"/an-giang","QuanHuyenID":0,"NganhNgheTitle":"Sản xuất dầu, mỡ động, thực vật","NganhNgheTitleAscii":"/nganh-nghe/san-xuat-dau-mo-dong-thuc-vat","DSTags":["1601941677","An Giang",null]},{"Type":11,"SolrID":"/1601915444-cong-ty-tnhh-mot-thanh-vien-xay-dung-dich-vu-thuong-mai-nam-cuong","ID":0,"MaSoThue":"1601915444","NgayCap":"2014-03-18T00:00:00Z","Title":"Công Ty TNHH Một Thành Viên Xây Dựng-Dịch Vụ-Thương Mại Năm Cường","DiaChiCongTy":"Số 453, Tổ 19, ấp Chánh Hưng - Xã Bình Long - Huyện Châu Phú - An Giang","Created":"2015-11-09T18:24:23Z","Updated":"2015-11-09T18:24:23Z","IsDelete":false,"RequestChanged":false,"ExitsInGDT":false,"SourceID":0,"TinhThanhID":0,"TinhThanhTitle":"An Giang","TinhThanhTitleAscii":"/an-giang","QuanHuyenID":0,"NganhNgheTitle":"Xây dựng nhà các loại","NganhNgheTitleAscii":"/nganh-nghe/xay-dung-nha-cac-loai","DSTags":["1601915444","An Giang",null]},{"Type":11,"SolrID":"/1800348038-020-chi-nhanh-an-giang-cong-ty-tnhh-adc","ID":0,"MaSoThue":"1800348038-020","NgayCap":"2014-03-12T00:00:00Z","Title":"Chi Nhánh An Giang Công Ty TNHH   Adc","DiaChiCongTy":"Số 342, ấp Bình Chánh - Xã Bình Long - Huyện Châu Phú - An Giang","Created":"2015-11-17T20:59:23Z","Updated":"2015-11-17T20:59:23Z","IsDelete":false,"RequestChanged":false,"ExitsInGDT":false,"SourceID":0,"TinhThanhID":0,"TinhThanhTitle":"An Giang","TinhThanhTitleAscii":"/an-giang","QuanHuyenID":0,"NganhNgheTitle":"Bán buôn chuyên doanh khác chưa được phân vào đâu","NganhNgheTitleAscii":"/nganh-nghe/ban-buon-chuyen-doanh-khac-chua-duoc-phan-vao-dau","DSTags":["1800348038-020","An Giang",null]},{"Type":11,"SolrID":"/1601888790-cong-ty-tnhh-phu-long-chau-phu","ID":0,"MaSoThue":"1601888790","NgayCap":"2013-09-16T00:00:00Z","Title":"Công Ty TNHH Phú Long Châu Phú","DiaChiCongTy":"ấp Chánh Hưng - Xã Bình Long - Huyện Châu Phú - An Giang","Created":"2015-11-11T18:48:42Z","Updated":"2015-11-11T18:48:42Z","IsDelete":false,"RequestChanged":false,"ExitsInGDT":false,"SourceID":0,"TinhThanhID":0,"TinhThanhTitle":"An Giang","TinhThanhTitleAscii":"/an-giang","QuanHuyenID":0,"NganhNgheTitle":"Đại lý, môi giới, đấu giá","NganhNgheTitleAscii":"/nganh-nghe/dai-ly-moi-gioi-dau-gia","DSTags":["1601888790","An Giang",null]},{"Type":11,"SolrID":"/1601859976-cong-ty-tnhh-thuc-pham-chang-woo-jin-vina","ID":0,"MaSoThue":"1601859976","NgayCap":"2013-01-25T00:00:00Z","Title":"Công ty TNHH Thực phẩm CHANG WOO JIN VINA","DiaChiCongTy":"Lô D, Khu công nghiệp Bình Long - Xã Bình Long - Huyện Châu Phú - An Giang","Created":"2015-11-12T00:48:41Z","Updated":"2015-11-12T00:48:41Z","IsDelete":false,"RequestChanged":false,"ExitsInGDT":false,"SourceID":0,"TinhThanhID":0,"TinhThanhTitle":"An Giang","TinhThanhTitleAscii":"/an-giang","QuanHuyenID":0,"NganhNgheTitle":"Trồng cây lấy củ có chất bột","NganhNgheTitleAscii":"/nganh-nghe/trong-cay-lay-cu-co-chat-bot","DSTags":["1601859976","An Giang",null]},{"Type":11,"SolrID":"/1601723742-cong-ty-cp-thach-anh-an-giang","ID":0,"MaSoThue":"1601723742","NgayCap":"2012-04-23T00:00:00Z","Title":"Công Ty CP Thạch Anh An Giang","DiaChiCongTy":"Khu Công Nghiệp Bình Long, Quốc lộ 91 - Xã Bình Long - Huyện Châu Phú - An Giang","Created":"2015-11-10T01:38:39Z","Updated":"2015-11-10T01:38:39Z","IsDelete":false,"RequestChanged":false,"ExitsInGDT":false,"SourceID":0,"TinhThanhID":0,"TinhThanhTitle":"An Giang","TinhThanhTitleAscii":"/an-giang","QuanHuyenID":0,"NganhNgheTitle":"Sản xuất khác chưa được phân vào đâu","NganhNgheTitleAscii":"/nganh-nghe/san-xuat-khac-chua-duoc-phan-vao-dau","DSTags":["1601723742","An Giang",null]},{"Type":11,"SolrID":"/1601572701-cong-ty-tnhh-mot-thanh-vien-phat-trien-phu-trang","ID":0,"MaSoThue":"1601572701","NgayCap":"2011-10-11T00:00:00Z","Title":"Công Ty TNHH Một Thành Viên Phát Triển Phú Trang","DiaChiCongTy":"Số 343, Quốc lộ 91, Tổ 11 - Xã Bình Long - Huyện Châu Phú - An Giang","Created":"2015-11-10T01:45:40Z","Updated":"2015-11-10T01:45:40Z","IsDelete":false,"RequestChanged":false,"ExitsInGDT":false,"SourceID":0,"TinhThanhID":0,"TinhThanhTitle":"An Giang","TinhThanhTitleAscii":"/an-giang","QuanHuyenID":0,"NganhNgheTitle":"Bán buôn nông, lâm sản nguyên liệu (trừ gỗ, tre, nứa) và động vật sống","NganhNgheTitleAscii":"/nganh-nghe/ban-buon-nong-lam-san-nguyen-lieu-tru-go-tre-nua-va-dong-vat-song","DSTags":["1601572701","An Giang",null]},{"Type":11,"SolrID":"/1601481525-doanh-nghiep-tn-dai-dai-duong","ID":0,"MaSoThue":"1601481525","NgayCap":"2011-04-01T00:00:00Z","Title":"Doanh Nghiệp TN Đại Đại Dương","DiaChiCongTy":"Số 340, Tổ 11, ấp Bình Chánh - Xã Bình Long - Huyện Châu Phú - An Giang","Created":"2015-11-17T04:48:28Z","Updated":"2015-11-17T04:48:28Z","IsDelete":false,"RequestChanged":false,"ExitsInGDT":false,"SourceID":0,"TinhThanhID":0,"TinhThanhTitle":"An Giang","TinhThanhTitleAscii":"/an-giang","QuanHuyenID":0,"NganhNgheTitle":"Dịch vụ tắm hơi, massage và các dịch vụ tăng cường sức khoẻ tương tự (trừ hoạt động thể thao)","NganhNgheTitleAscii":"/nganh-nghe/dich-vu-tam-hoi-massage-va-cac-dich-vu-tang-cuong-suc-khoe-tuong-tu-tru-hoat-dong-the-thao","DSTags":["1601481525","An Giang",null]},{"Type":11,"SolrID":"/1601384810-cty-tnhh-xd-thuong-mai-an-hung-phat","ID":0,"MaSoThue":"1601384810","NgayCap":"2010-07-27T00:00:00Z","Title":"Cty TNHH XD Thương mại An Hưng Phát","DiaChiCongTy":"588 tổ 23 ấp 23 ấp Chánh Hưng - Xã Bình Long - Huyện Châu Phú - An Giang","Created":"2015-11-09T00:43:55Z","Updated":"2015-11-09T00:43:55Z","IsDelete":false,"RequestChanged":false,"ExitsInGDT":false,"SourceID":0,"TinhThanhID":0,"TinhThanhTitle":"An Giang","TinhThanhTitleAscii":"/an-giang","QuanHuyenID":0,"NganhNgheTitle":"Xây dựng công trình kỹ thuật dân dụng","NganhNgheTitleAscii":"/nganh-nghe/xay-dung-cong-trinh-ky-thuat-dan-dung","DSTags":["1601384810","An Giang",null]},{"Type":11,"SolrID":"/1601354083-doanh-nghiep-tn-phuoc-loan","ID":0,"MaSoThue":"1601354083","NgayCap":"2010-05-28T00:00:00Z","Title":"Doanh Nghiệp TN Phước Loan","DiaChiCongTy":"Số 123, tổ 7,  ấp Bình Thuận - Xã Bình Long - Huyện Châu Phú - An Giang","Created":"2015-11-09T02:34:19Z","Updated":"2015-11-09T02:34:19Z","IsDelete":false,"RequestChanged":false,"ExitsInGDT":false,"SourceID":0,"TinhThanhID":0,"TinhThanhTitle":"An Giang","TinhThanhTitleAscii":"/an-giang","QuanHuyenID":0,"NganhNgheTitle":"Bán buôn nhiên liệu rắn, lỏng, khí và các sản phẩm liên quan","NganhNgheTitleAscii":"/nganh-nghe/ban-buon-nhien-lieu-ran-long-khi-va-cac-san-pham-lien-quan","DSTags":["1601354083","An Giang",null]},{"Type":11,"SolrID":"/1601269529-cong-ty-tnhh-mot-thanh-vien-xuat-nhap-khau-thuy-san-dong-a","ID":0,"MaSoThue":"1601269529","NgayCap":"2009-12-18T00:00:00Z","Title":"Công Ty TNHH Một Thành Viên Xuất Nhập Khẩu Thủy Sản Đông á","DiaChiCongTy":"Lô B Khu Công nghiệp Bình Long - Xã Bình Long - Huyện Châu Phú - An Giang","Created":"2015-11-09T03:01:50Z","Updated":"2015-11-09T03:01:50Z","IsDelete":false,"RequestChanged":false,"ExitsInGDT":false,"SourceID":0,"TinhThanhID":0,"TinhThanhTitle":"An Giang","TinhThanhTitleAscii":"/an-giang","QuanHuyenID":0,"NganhNgheTitle":"Chế biến, bảo quản thuỷ sản và các sản phẩm từ thuỷ sản","NganhNgheTitleAscii":"/nganh-nghe/che-bien-bao-quan-thuy-san-va-cac-san-pham-tu-thuy-san","DSTags":["1601269529","An Giang",null]},{"Type":11,"SolrID":"/1601237598-cty-tnhh-mot-thanh-vien-tm-kim-khanh","ID":0,"MaSoThue":"1601237598","NgayCap":"2009-11-23T00:00:00Z","Title":"Cty TNHH Một Thành Viên TM Kim Khánh","DiaChiCongTy":"159 ấp Chánh Hưng - Xã Bình Long - Huyện Châu Phú - An Giang","Created":"2015-11-11T08:26:42Z","Updated":"2015-11-11T08:26:42Z","IsDelete":false,"RequestChanged":false,"ExitsInGDT":false,"SourceID":0,"TinhThanhID":0,"TinhThanhTitle":"An Giang","TinhThanhTitleAscii":"/an-giang","QuanHuyenID":0,"NganhNgheTitle":"Bán buôn (trừ ô tô, mô tô, xe máy và xe có động cơ khác)","NganhNgheTitleAscii":"/nganh-nghe/ban-buon-tru-o-to-mo-to-xe-may-va-xe-co-dong-co-khac","DSTags":["1601237598","An Giang",null]},{"Type":11,"SolrID":"/1600882309-005-chi-nhanh-7-cty-tnhh-mot-tvien-sx-tm-xd-si-hien","ID":0,"MaSoThue":"1600882309-005","NgayCap":"2009-07-07T00:00:00Z","Title":"Chi nhánh 7 Cty TNHH Một TViên SX-TM-XD Sĩ Hiền","DiaChiCongTy":"ấp Bình Chánh, xã Bình Long - Huyện Châu Phú - An Giang","Created":"2015-11-15T11:12:39Z","Updated":"2015-11-15T11:12:39Z","IsDelete":false,"RequestChanged":false,"ExitsInGDT":false,"SourceID":0,"TinhThanhID":0,"TinhThanhTitle":"An Giang","TinhThanhTitleAscii":"/an-giang","QuanHuyenID":0,"NganhNgheTitle":"Xây dựng công trình kỹ thuật dân dụng","NganhNgheTitleAscii":"/nganh-nghe/xay-dung-cong-trinh-ky-thuat-dan-dung","DSTags":["1600882309-005","An Giang",null]},{"Type":11,"SolrID":"/1601038176-truong-tieu-hoc-c-binh-long","ID":0,"MaSoThue":"1601038176","NgayCap":"2009-02-14T00:00:00Z","Title":"Trường Tiểu học C Bình Long","DiaChiCongTy":"Tổ 22 ấp Bình Chánh, xã Bình Long - Huyện Châu Phú - An Giang","Created":"2015-11-16T17:22:28Z","Updated":"2015-11-16T17:22:28Z","IsDelete":false,"RequestChanged":false,"ExitsInGDT":false,"SourceID":0,"TinhThanhID":0,"TinhThanhTitle":"An Giang","TinhThanhTitleAscii":"/an-giang","QuanHuyenID":0,"NganhNgheTitle":"Giáo dục tiểu học","NganhNgheTitleAscii":"/nganh-nghe/giao-duc-tieu-hoc","DSTags":["1601038176","An Giang",null]},{"Type":11,"SolrID":"/1601030593-cty-tnhh-sx-tm-ca-giong-nam-bo","ID":0,"MaSoThue":"1601030593","NgayCap":"2009-02-07T00:00:00Z","Title":"Cty TNHH SX & TM Cá Giống Nam Bộ","DiaChiCongTy":"278 tổ 13 Chánh Hưng, xã Bình Long - Huyện Châu Phú - An Giang","Created":"2015-11-13T22:33:35Z","Updated":"2015-11-13T22:33:35Z","IsDelete":false,"RequestChanged":false,"ExitsInGDT":false,"SourceID":0,"TinhThanhID":0,"TinhThanhTitle":"An Giang","TinhThanhTitleAscii":"/an-giang","QuanHuyenID":0,"NganhNgheTitle":"Khai thác, nuôi trồng thuỷ sản","NganhNgheTitleAscii":"/nganh-nghe/khai-thac-nuoi-trong-thuy-san","DSTags":["1601030593","An Giang",null]},{"Type":11,"SolrID":"/1600979999-truong-mau-giao-dan-lap-hoa-mi","ID":0,"MaSoThue":"1600979999","NgayCap":"2008-10-08T00:00:00Z","Title":"Trường Mẫu Giáo Dân Lập Hoạ Mi","DiaChiCongTy":"ấp Bình Chánh, xã Bình long - Huyện Châu Phú - An Giang","Created":"2015-11-16T19:11:18Z","Updated":"2015-11-16T19:11:18Z","IsDelete":false,"RequestChanged":false,"ExitsInGDT":false,"SourceID":0,"TinhThanhID":0,"TinhThanhTitle":"An Giang","TinhThanhTitleAscii":"/an-giang","QuanHuyenID":0,"NganhNgheTitle":"Giáo dục mầm non","NganhNgheTitleAscii":"/nganh-nghe/giao-duc-mam-non","DSTags":["1600979999","An Giang",null]},{"Type":11,"SolrID":"/1600976003-htx-nong-nghiep-long-phu","ID":0,"MaSoThue":"1600976003","NgayCap":"2008-09-09T00:00:00Z","Title":"HTX Nông Nghiệp Long Phú","DiaChiCongTy":"ấp Bình Chiến, xã Bình Long - Huyện Châu Phú - An Giang","Created":"2015-11-16T19:07:22Z","Updated":"2015-11-16T19:07:22Z","IsDelete":false,"RequestChanged":false,"ExitsInGDT":false,"SourceID":0,"TinhThanhID":0,"TinhThanhTitle":"An Giang","TinhThanhTitleAscii":"/an-giang","QuanHuyenID":0,"NganhNgheTitle":"Nhân và chăm sóc cây giống nông nghiệp","NganhNgheTitleAscii":"/nganh-nghe/nhan-va-cham-soc-cay-giong-nong-nghiep","DSTags":["1600976003","An Giang",null]},{"Type":11,"SolrID":"/1600975497-cong-ty-tnhh-mot-thanh-vien-thanh-long","ID":0,"MaSoThue":"1600975497","NgayCap":"2008-08-29T00:00:00Z","Title":"Công Ty TNHH Một Thành Viên Thanh Long","DiaChiCongTy":"Số 104, ấp Chánh Hưng - Xã Bình Long - Huyện Châu Phú - An Giang","Created":"2015-11-09T21:12:44Z","Updated":"2015-11-09T21:12:44Z","IsDelete":false,"RequestChanged":false,"ExitsInGDT":false,"SourceID":0,"TinhThanhID":0,"TinhThanhTitle":"An Giang","TinhThanhTitleAscii":"/an-giang","QuanHuyenID":0,"NganhNgheTitle":"Sản xuất đồ uống không cồn, nước khoáng","NganhNgheTitleAscii":"/nganh-nghe/san-xuat-do-uong-khong-con-nuoc-khoang","DSTags":["1600975497","An Giang",null]},{"Type":11,"SolrID":"/1600964865-cty-tnhh-mot-thanh-vien-kim-thoa","ID":0,"MaSoThue":"1600964865","NgayCap":"2008-06-10T00:00:00Z","Title":"Cty TNHH Một Thành Viên Kim Thoa","DiaChiCongTy":"Tổ 2, ấp Bình Chánh, xã Bình Long - Huyện Châu Phú - An Giang","Created":"2015-11-14T01:01:51Z","Updated":"2015-11-14T01:01:51Z","IsDelete":false,"RequestChanged":false,"ExitsInGDT":false,"SourceID":0,"TinhThanhID":0,"TinhThanhTitle":"An Giang","TinhThanhTitleAscii":"/an-giang","QuanHuyenID":0,"NganhNgheTitle":"Bán buôn chuyên doanh khác","NganhNgheTitleAscii":"/nganh-nghe/ban-buon-chuyen-doanh-khac","DSTags":["1600964865","An Giang",null]},{"Type":11,"SolrID":"/1600945608-truong-mau-giao-binh-long","ID":0,"MaSoThue":"1600945608","NgayCap":"2008-03-05T00:00:00Z","Title":"Trường Mẫu Giáo Bình Long","DiaChiCongTy":"Xã Bình Long - Huyện Châu Phú - An Giang","Created":"2015-11-16T18:52:21Z","Updated":"2015-11-16T18:52:21Z","IsDelete":false,"RequestChanged":false,"ExitsInGDT":false,"SourceID":0,"TinhThanhID":0,"TinhThanhTitle":"An Giang","TinhThanhTitleAscii":"/an-giang","QuanHuyenID":0,"NganhNgheTitle":"Giáo dục mầm non","NganhNgheTitleAscii":"/nganh-nghe/giao-duc-mam-non","DSTags":["1600945608","An Giang",null]},{"Type":11,"SolrID":"/1600933190-cong-ty-co-phan-thuy-san-sai-gon-an-giang","ID":0,"MaSoThue":"1600933190","NgayCap":"2008-01-07T00:00:00Z","Title":"Công ty Cổ Phần Thuỷ sản Sài Gòn - An Giang","DiaChiCongTy":"Khu Công nghiệp Bình Long, xã Bình Long - Huyện Châu Phú - An Giang","Created":"2015-11-14T05:08:11Z","Updated":"2015-11-14T05:08:11Z","IsDelete":false,"RequestChanged":false,"ExitsInGDT":false,"SourceID":0,"TinhThanhID":0,"TinhThanhTitle":"An Giang","TinhThanhTitleAscii":"/an-giang","QuanHuyenID":0,"NganhNgheTitle":"Chế biến, bảo quản thuỷ sản và các sản phẩm từ thuỷ sản","NganhNgheTitleAscii":"/nganh-nghe/che-bien-bao-quan-thuy-san-va-cac-san-pham-tu-thuy-san","DSTags":["1600933190","An Giang",null]},{"Type":11,"SolrID":"/1600927493-truong-tieu-hoc-d-binh-long","ID":0,"MaSoThue":"1600927493","NgayCap":"2007-12-24T00:00:00Z","Title":"Trưởng Tiểu Học Đ Bình Long","DiaChiCongTy":"ấp Bình Thắng, xã Bình Long - Huyện Châu Phú - An Giang","Created":"2015-11-16T00:45:49Z","Updated":"2015-11-16T00:45:49Z","IsDelete":false,"RequestChanged":false,"ExitsInGDT":false,"SourceID":0,"TinhThanhID":0,"TinhThanhTitle":"An Giang","TinhThanhTitleAscii":"/an-giang","QuanHuyenID":0,"NganhNgheTitle":"Giáo dục tiểu học","NganhNgheTitleAscii":"/nganh-nghe/giao-duc-tieu-hoc","DSTags":["1600927493","An Giang",null]},{"Type":11,"SolrID":"/1600894512-cong-ty-cp-che-bien-va-xuat-nhap-khau-thuy-san-hoa-phat","ID":0,"MaSoThue":"1600894512","NgayCap":"2007-06-15T00:00:00Z","Title":"Công Ty CP Chế Biến Và Xuất Nhập Khẩu Thủy Sản Hòa Phát","DiaChiCongTy":"Lô A, Khu Công nghiệp Bình Long - Xã Bình Long - Huyện Châu Phú - An Giang","Created":"2015-11-10T01:06:46Z","Updated":"2015-11-10T01:06:46Z","IsDelete":false,"RequestChanged":false,"ExitsInGDT":false,"SourceID":0,"TinhThanhID":0,"TinhThanhTitle":"An Giang","TinhThanhTitleAscii":"/an-giang","QuanHuyenID":0,"NganhNgheTitle":"Chế biến, bảo quản thuỷ sản và các sản phẩm từ thuỷ sản","NganhNgheTitleAscii":"/nganh-nghe/che-bien-bao-quan-thuy-san-va-cac-san-pham-tu-thuy-san","DSTags":["1600894512","An Giang",null]},{"Type":11,"SolrID":"/1600634539-cong-ty-tnhh-san-xuat-thuong-mai-trung-tin","ID":0,"MaSoThue":"1600634539","NgayCap":"2002-11-20T00:00:00Z","Title":"Công ty TNHH Sản Xuất - Thương Mại Trung Tín","DiaChiCongTy":"Tổ 2 ấp Bình Chánh Xã Bình Long - Huyện Châu Phú - An Giang","Created":"2015-11-17T00:15:46Z","Updated":"2015-11-17T00:15:46Z","IsDelete":false,"RequestChanged":false,"ExitsInGDT":false,"SourceID":0,"TinhThanhID":0,"TinhThanhTitle":"An Giang","TinhThanhTitleAscii":"/an-giang","QuanHuyenID":0,"NganhNgheTitle":"Sản xuất các cấu kiện kim loại","NganhNgheTitleAscii":"/nganh-nghe/san-xuat-cac-cau-kien-kim-loai","DSTags":["1600634539","An Giang",null]},{"Type":11,"SolrID":"/1600593297-doanh-nghiep-tn-bay-ri","ID":0,"MaSoThue":"1600593297","NgayCap":"2001-12-25T00:00:00Z","Title":"Doanh Nghiệp TN Bảy Ri","DiaChiCongTy":"Số 26/25, ấp Bình Chánh - Xã Bình Long - Huyện Châu Phú - An Giang","Created":"2015-11-09T14:44:18Z","Updated":"2015-11-09T14:44:18Z","IsDelete":false,"RequestChanged":false,"ExitsInGDT":false,"SourceID":0,"TinhThanhID":0,"TinhThanhTitle":"An Giang","TinhThanhTitleAscii":"/an-giang","QuanHuyenID":0,"NganhNgheTitle":"Bán buôn vật liệu, thiết bị lắp đặt khác trong xây dựng","NganhNgheTitleAscii":"/nganh-nghe/ban-buon-vat-lieu-thiet-bi-lap-dat-khac-trong-xay-dung","DSTags":["1600593297","An Giang",null]},{"Type":11,"SolrID":"/1600574583-doanh-nghiep-tn-ba-liem","ID":0,"MaSoThue":"1600574583","NgayCap":"2001-06-07T00:00:00Z","Title":"Doanh Nghiệp TN Ba Liêm","DiaChiCongTy":"Số 9/12, ấp Bình Chánh 1 - Xã Bình Long - Huyện Châu Phú - An Giang","Created":"2015-11-17T01:13:05Z","Updated":"2015-11-17T01:13:05Z","IsDelete":false,"RequestChanged":false,"ExitsInGDT":false,"SourceID":0,"TinhThanhID":0,"TinhThanhTitle":"An Giang","TinhThanhTitleAscii":"/an-giang","QuanHuyenID":0,"NganhNgheTitle":"Bán buôn vật liệu, thiết bị lắp đặt khác trong xây dựng","NganhNgheTitleAscii":"/nganh-nghe/ban-buon-vat-lieu-thiet-bi-lap-dat-khac-trong-xay-dung","DSTags":["1600574583","An Giang",null]},{"Type":11,"SolrID":"/1600374986-030-truong-tieu-hoc-a-binh-long","ID":0,"MaSoThue":"1600374986-030","NgayCap":"1999-02-23T00:00:00Z","Title":"Trường Tiểu Học A Bình Long","DiaChiCongTy":"Xã Bình Long - Huyện Châu Phú - An Giang","Created":"2015-11-17T19:50:47Z","Updated":"2015-11-17T19:50:47Z","IsDelete":false,"RequestChanged":false,"ExitsInGDT":false,"SourceID":0,"TinhThanhID":0,"TinhThanhTitle":"An Giang","TinhThanhTitleAscii":"/an-giang","QuanHuyenID":0,"NganhNgheTitle":"Giáo dục tiểu học","NganhNgheTitleAscii":"/nganh-nghe/giao-duc-tieu-hoc","DSTags":["1600374986-030","An Giang",null]},{"Type":11,"SolrID":"/1600374986-031-truong-tieu-hoc-b-binh-long","ID":0,"MaSoThue":"1600374986-031","NgayCap":"1999-02-23T00:00:00Z","Title":"Trường Tiểu Học B Bình Long","DiaChiCongTy":"Xã Bình Long - Huyện Châu Phú - An Giang","Created":"2015-11-17T19:50:48Z","Updated":"2015-11-17T19:50:48Z","IsDelete":false,"RequestChanged":false,"ExitsInGDT":false,"SourceID":0,"TinhThanhID":0,"TinhThanhTitle":"An Giang","TinhThanhTitleAscii":"/an-giang","QuanHuyenID":0,"NganhNgheTitle":"Giáo dục tiểu học","NganhNgheTitleAscii":"/nganh-nghe/giao-duc-tieu-hoc","DSTags":["1600374986-031","An Giang",null]},{"Type":11,"SolrID":"/1600374986-057-truong-trung-hoc-tran-van-thanh","ID":0,"MaSoThue":"1600374986-057","NgayCap":"1999-02-23T00:00:00Z","Title":"Trường Trung Học Trần Văn Thành","DiaChiCongTy":"ấp Bình Chánh Xã Bình Long - Huyện Châu Phú - An Giang","Created":"2015-11-17T19:51:01Z","Updated":"2015-11-17T19:51:01Z","IsDelete":false,"RequestChanged":false,"ExitsInGDT":false,"SourceID":0,"TinhThanhID":0,"TinhThanhTitle":"An Giang","TinhThanhTitleAscii":"/an-giang","QuanHuyenID":0,"NganhNgheTitle":"Giáo dục trung học cơ sở và trung học phổ thông","NganhNgheTitleAscii":"/nganh-nghe/giao-duc-trung-hoc-co-so-va-trung-hoc-pho-thong","DSTags":["1600374986-057","An Giang",null]},{"Type":11,"SolrID":"/1600374986-058-truong-pho-thong-binh-long","ID":0,"MaSoThue":"1600374986-058","NgayCap":"1999-02-23T00:00:00Z","Title":"Trường Phổ Thông Bình Long","DiaChiCongTy":"ấp Bình Chánh - Xã Bình Long - Huyện Châu Phú - An Giang","Created":"2015-11-17T19:51:02Z","Updated":"2015-11-17T19:51:02Z","IsDelete":false,"RequestChanged":false,"ExitsInGDT":false,"SourceID":0,"TinhThanhID":0,"TinhThanhTitle":"An Giang","TinhThanhTitleAscii":"/an-giang","QuanHuyenID":0,"NganhNgheTitle":"Giáo dục trung học cơ sở và trung học phổ thông","NganhNgheTitleAscii":"/nganh-nghe/giao-duc-trung-hoc-co-so-va-trung-hoc-pho-thong","DSTags":["1600374986-058","An Giang",null]},{"Type":11,"SolrID":"/1600374979-ubnd-xa-binh-long","ID":0,"MaSoThue":"1600374979","NgayCap":"1998-11-25T00:00:00Z","Title":"UBND Xã Bình Long","DiaChiCongTy":"ấp Bình Chánh, xã Bình Long - Huyện Châu Phú - An Giang","Created":"2015-11-14T17:13:48Z","Updated":"2015-11-14T17:13:48Z","IsDelete":false,"RequestChanged":false,"ExitsInGDT":false,"SourceID":0,"TinhThanhID":0,"TinhThanhTitle":"An Giang","TinhThanhTitleAscii":"/an-giang","QuanHuyenID":0,"NganhNgheTitle":"Hoạt động quản lý nhà nước nói chung và kinh tế tổng hợp","NganhNgheTitleAscii":"/nganh-nghe/hoat-dong-quan-ly-nha-nuoc-noi-chung-va-kinh-te-tong-hop","DSTags":["1600374979","An Giang",null]},{"Type":11,"SolrID":"/1600839744-doanh-nghiep-tn-phuc-toan","ID":0,"MaSoThue":"1600839744","NgayCap":"1994-11-19T00:00:00Z","Title":"Doanh Nghiệp Tn Phúc Toàn","DiaChiCongTy":"Số 13/36, Quốc lộ 91, Ấp Bình Chánh, Xã Bình Long, Huyện Châu Phú, Tỉnh An Giang","Created":"2017-04-13T09:45:50Z","Updated":"2017-04-13T09:45:50Z","IsDelete":false,"RequestChanged":false,"ExitsInGDT":false,"SourceID":0,"TinhThanhID":0,"TinhThanhTitle":"An Giang","TinhThanhTitleAscii":"/an-giang","QuanHuyenID":0,"NganhNgheTitle":"Bán buôn nhiên liệu rắn, lỏng, khí và các sản phẩm liên quan","NganhNgheTitleAscii":"/nganh-nghe/ban-buon-nhien-lieu-ran-long-khi-va-cac-san-pham-lien-quan","DSTags":["1600839744","An Giang",null]}]}