{"ID":10406,"SolrID":"/an-giang/huyen-chau-phu/xa-dao-huu-canh","Title":"Xã Đào Hữu Cảnh","TinhThanhTitle":"An Giang","QuanHuyenTitle":"Huyện Châu Phú","QuanHuyenID":214,"TinhThanhID":35,"Url":"https://thongtindoanhnghiep.co/api/company?l=/an-giang/huyen-chau-phu/xa-dao-huu-canh","Total":22,"List":[{"Type":11,"SolrID":"/1602149986-cong-ty-tnhh-thuong-mai-dich-vu-san-xuat-anh-thu","ID":0,"MaSoThue":"1602149986","NgayCap":"2021-08-06T00:00:00Z","Title":"Công Ty TNHH Thương Mại Dịch Vụ Sản Xuất Anh Thư","DiaChiCongTy":"Số 681, Ấp Hưng Thạnh, Xã Đào Hữu Cảnh, Huyện Châu Phú, Tỉnh An Giang","Created":"2021-08-06T09:42:22Z","Updated":"2021-08-06T09:42:22Z","IsDelete":false,"RequestChanged":false,"ExitsInGDT":false,"SourceID":0,"TinhThanhID":0,"TinhThanhTitle":"An Giang","TinhThanhTitleAscii":"/an-giang","QuanHuyenID":0,"NganhNgheTitle":"Trồng rau, đậu các loại và trồng hoa, cây cảnh","NganhNgheTitleAscii":"/nganh-nghe/trong-rau-dau-cac-loai-va-trong-hoa-cay-canh","DSTags":["1602149986","An Giang",null]},{"Type":11,"SolrID":"/1602050137-cong-ty-tnhh-mot-thanh-vien-game-tran-phuc","ID":0,"MaSoThue":"1602050137","NgayCap":"2017-09-14T00:00:00Z","Title":"Công Ty TNHH Một Thành Viên Game Trần Phúc","DiaChiCongTy":"Số 130, Tổ 4, Ấp Hưng Trung, Xã Đào Hữu Cảnh, Huyện Châu Phú, Tỉnh An Giang","Created":"2017-09-14T17:56:15Z","Updated":"2017-09-14T17:56:15Z","IsDelete":false,"RequestChanged":false,"ExitsInGDT":false,"SourceID":0,"TinhThanhID":0,"TinhThanhTitle":"An Giang","TinhThanhTitleAscii":"/an-giang","QuanHuyenID":0,"NganhNgheTitle":"Hoạt động vui chơi giải trí khác chưa được phân vào đâu","NganhNgheTitleAscii":"/nganh-nghe/hoat-dong-vui-choi-giai-tri-khac-chua-duoc-phan-vao-dau","DSTags":["1602050137","An Giang",null]},{"Type":11,"SolrID":"/1602044373-cong-ty-trach-nhiem-huu-han-mot-thanh-vien-vien-thong-long-huy","ID":0,"MaSoThue":"1602044373","NgayCap":"2017-07-05T00:00:00Z","Title":"Công Ty Trách Nhiệm Hữu Hạn Một Thành Viên Viễn Thông Long Huy","DiaChiCongTy":"Số 158, Tổ 6, Ấp Hưng Lợi, Xã Đào Hữu Cảnh, Huyện Châu Phú, Tỉnh An Giang","Created":"2017-07-05T17:26:42Z","Updated":"2017-07-05T17:26:42Z","IsDelete":false,"RequestChanged":false,"ExitsInGDT":false,"SourceID":0,"TinhThanhID":0,"TinhThanhTitle":"An Giang","TinhThanhTitleAscii":"/an-giang","QuanHuyenID":0,"NganhNgheTitle":"Bán buôn thiết bị và linh kiện điện tử, viễn thông","NganhNgheTitleAscii":"/nganh-nghe/ban-buon-thiet-bi-va-linh-kien-dien-tu-vien-thong","DSTags":["1602044373","An Giang",null]},{"Type":11,"SolrID":"/1602038002-cong-ty-tnhh-mot-thanh-vien-thiet-ke-thi-cong-quang-cao-my-huyen","ID":0,"MaSoThue":"1602038002","NgayCap":"2017-04-13T00:00:00Z","Title":"Công Ty TNHH Một Thành Viên Thiết Kế Thi Công Quảng Cáo Mỹ Huyền","DiaChiCongTy":"Ấp Hưng Lợi, Xã Đào Hữu Cảnh, Huyện Châu Phú, Tỉnh An Giang","Created":"2017-04-13T12:10:44Z","Updated":"2017-04-13T12:10:44Z","IsDelete":false,"RequestChanged":false,"ExitsInGDT":false,"SourceID":0,"TinhThanhID":0,"TinhThanhTitle":"An Giang","TinhThanhTitleAscii":"/an-giang","QuanHuyenID":0,"NganhNgheTitle":"Quảng cáo","NganhNgheTitleAscii":"/nganh-nghe/quang-cao","DSTags":["1602038002","An Giang",null]},{"Type":11,"SolrID":"/1601965170-cong-ty-tnhh-nong-san-hai-tien","ID":0,"MaSoThue":"1601965170","NgayCap":"2015-03-02T00:00:00Z","Title":"Công Ty TNHH Nông Sản Hải Tiên","DiaChiCongTy":"ấp Hưng Thạnh - Xã Đào Hữu Cảnh - Huyện Châu Phú - An Giang","Created":"2015-11-17T00:40:28Z","Updated":"2015-11-17T00:40:28Z","IsDelete":false,"RequestChanged":false,"ExitsInGDT":false,"SourceID":0,"TinhThanhID":0,"TinhThanhTitle":"An Giang","TinhThanhTitleAscii":"/an-giang","QuanHuyenID":0,"NganhNgheTitle":"Bán buôn nông, lâm sản nguyên liệu (trừ gỗ, tre, nứa) và động vật sống","NganhNgheTitleAscii":"/nganh-nghe/ban-buon-nong-lam-san-nguyen-lieu-tru-go-tre-nua-va-dong-vat-song","DSTags":["1601965170","An Giang",null]},{"Type":11,"SolrID":"/1601938667-cong-ty-cp-nong-nghiep-xanh-tan-an","ID":0,"MaSoThue":"1601938667","NgayCap":"2014-09-15T00:00:00Z","Title":"Công Ty CP Nông Nghiệp Xanh Tấn An","DiaChiCongTy":"ấp Hưng Lợi - Xã Đào Hữu Cảnh - Huyện Châu Phú - An Giang","Created":"2015-11-10T05:49:11Z","Updated":"2015-11-10T05:49:11Z","IsDelete":false,"RequestChanged":false,"ExitsInGDT":false,"SourceID":0,"TinhThanhID":0,"TinhThanhTitle":"An Giang","TinhThanhTitleAscii":"/an-giang","QuanHuyenID":0,"NganhNgheTitle":"Trồng lúa","NganhNgheTitleAscii":"/nganh-nghe/trong-lua","DSTags":["1601938667","An Giang",null]},{"Type":11,"SolrID":"/1601885824-doanh-nghiep-tn-tiem-vang-ngoc-huyen-hung-loi","ID":0,"MaSoThue":"1601885824","NgayCap":"2013-08-07T00:00:00Z","Title":"Doanh Nghiệp TN Tiệm Vàng Ngọc Huyền Hưng Lợi","DiaChiCongTy":"ấp Hưng Lợi - Xã Đào Hữu Cảnh - Huyện Châu Phú - An Giang","Created":"2015-11-16T20:47:48Z","Updated":"2015-11-16T20:47:48Z","IsDelete":false,"RequestChanged":false,"ExitsInGDT":false,"SourceID":0,"TinhThanhID":0,"TinhThanhTitle":"An Giang","TinhThanhTitleAscii":"/an-giang","QuanHuyenID":0,"NganhNgheTitle":"Bán buôn kim loại và quặng kim loại","NganhNgheTitleAscii":"/nganh-nghe/ban-buon-kim-loai-va-quang-kim-loai","DSTags":["1601885824","An Giang",null]},{"Type":11,"SolrID":"/1601885285-doanh-nghiep-tn-tiem-vang-kim-cuong-thuc","ID":0,"MaSoThue":"1601885285","NgayCap":"2013-08-01T00:00:00Z","Title":"Doanh Nghiệp TN Tiệm Vàng Kim Cương Thực","DiaChiCongTy":"ấp Hưng Thạnh - Xã Đào Hữu Cảnh - Huyện Châu Phú - An Giang","Created":"2015-11-16T14:02:00Z","Updated":"2015-11-16T14:02:00Z","IsDelete":false,"RequestChanged":false,"ExitsInGDT":false,"SourceID":0,"TinhThanhID":0,"TinhThanhTitle":"An Giang","TinhThanhTitleAscii":"/an-giang","QuanHuyenID":0,"NganhNgheTitle":"Bán buôn kim loại và quặng kim loại","NganhNgheTitleAscii":"/nganh-nghe/ban-buon-kim-loai-va-quang-kim-loai","DSTags":["1601885285","An Giang",null]},{"Type":11,"SolrID":"/1601883792-doanh-nghiep-tn-tiem-vang-kim-cuong-muoi","ID":0,"MaSoThue":"1601883792","NgayCap":"2013-07-15T00:00:00Z","Title":"Doanh Nghiệp TN Tiệm Vàng Kim Cương-Mười","DiaChiCongTy":"Số 05, tổ 7, ấp Hưng Lợi - Xã Đào Hữu Cảnh - Huyện Châu Phú - An Giang","Created":"2015-11-16T13:52:57Z","Updated":"2015-11-16T13:52:57Z","IsDelete":false,"RequestChanged":false,"ExitsInGDT":false,"SourceID":0,"TinhThanhID":0,"TinhThanhTitle":"An Giang","TinhThanhTitleAscii":"/an-giang","QuanHuyenID":0,"NganhNgheTitle":"Bán buôn kim loại và quặng kim loại","NganhNgheTitleAscii":"/nganh-nghe/ban-buon-kim-loai-va-quang-kim-loai","DSTags":["1601883792","An Giang",null]},{"Type":11,"SolrID":"/1601850765-doanh-nghiep-tn-duong-van-vien","ID":0,"MaSoThue":"1601850765","NgayCap":"2012-12-21T00:00:00Z","Title":"Doanh Nghiệp TN Dương Văn Viên","DiaChiCongTy":"Số 420, Tổ 15, ấp Hưng Lợi - Xã Đào Hữu Cảnh - Huyện Châu Phú - An Giang","Created":"2015-11-09T21:30:34Z","Updated":"2015-11-09T21:30:34Z","IsDelete":false,"RequestChanged":false,"ExitsInGDT":false,"SourceID":0,"TinhThanhID":0,"TinhThanhTitle":"An Giang","TinhThanhTitleAscii":"/an-giang","QuanHuyenID":0,"NganhNgheTitle":"Bán buôn chuyên doanh khác chưa được phân vào đâu","NganhNgheTitleAscii":"/nganh-nghe/ban-buon-chuyen-doanh-khac-chua-duoc-phan-vao-dau","DSTags":["1601850765","An Giang",null]},{"Type":11,"SolrID":"/1601614214-doanh-nghiep-tn-ut-ngoc","ID":0,"MaSoThue":"1601614214","NgayCap":"2011-12-08T00:00:00Z","Title":"Doanh Nghiệp TN út Ngọc","DiaChiCongTy":"Số 339, ấp Hưng Thạnh - Xã Đào Hữu Cảnh - Huyện Châu Phú - An Giang","Created":"2015-11-10T01:39:03Z","Updated":"2015-11-10T01:39:03Z","IsDelete":false,"RequestChanged":false,"ExitsInGDT":false,"SourceID":0,"TinhThanhID":0,"TinhThanhTitle":"An Giang","TinhThanhTitleAscii":"/an-giang","QuanHuyenID":0,"NganhNgheTitle":"Sản xuất bê tông và các sản phẩm từ xi măng và thạch cao","NganhNgheTitleAscii":"/nganh-nghe/san-xuat-be-tong-va-cac-san-pham-tu-xi-mang-va-thach-cao","DSTags":["1601614214","An Giang",null]},{"Type":11,"SolrID":"/1601610957-doanh-nghiep-tn-pham-ngoc-qui","ID":0,"MaSoThue":"1601610957","NgayCap":"2011-12-05T00:00:00Z","Title":"Doanh Nghiệp TN Phạm Ngọc Quí","DiaChiCongTy":"Số 66, Tổ 03, ấp Hưng Thạnh - Xã Đào Hữu Cảnh - Huyện Châu Phú - An Giang","Created":"2015-11-10T01:42:41Z","Updated":"2015-11-10T01:42:41Z","IsDelete":false,"RequestChanged":false,"ExitsInGDT":false,"SourceID":0,"TinhThanhID":0,"TinhThanhTitle":"An Giang","TinhThanhTitleAscii":"/an-giang","QuanHuyenID":0,"NganhNgheTitle":"Xây dựng công trình đường sắt và đường bộ","NganhNgheTitleAscii":"/nganh-nghe/xay-dung-cong-trinh-duong-sat-va-duong-bo","DSTags":["1601610957","An Giang",null]},{"Type":11,"SolrID":"/1600330682-001-chi-nhanh-doanh-nghiep-tu-nhan-huynh-phuoc-hai","ID":0,"MaSoThue":"1600330682-001","NgayCap":"2010-10-13T00:00:00Z","Title":"Chi Nhánh Doanh Nghiệp Tư Nhân Huỳnh Phước Hải","DiaChiCongTy":"ấp Hưng Thạnh - Xã Đào Hữu Cảnh - Huyện Châu Phú - An Giang","Created":"2015-11-11T10:41:22Z","Updated":"2015-11-11T10:41:22Z","IsDelete":false,"RequestChanged":false,"ExitsInGDT":false,"SourceID":0,"TinhThanhID":0,"TinhThanhTitle":"An Giang","TinhThanhTitleAscii":"/an-giang","QuanHuyenID":0,"NganhNgheTitle":"Sản xuất nước đá","NganhNgheTitleAscii":"/nganh-nghe/san-xuat-nuoc-da","DSTags":["1600330682-001","An Giang",null]},{"Type":11,"SolrID":"/1600952387-truong-tieu-hoc-a-dao-huu-canh","ID":0,"MaSoThue":"1600952387","NgayCap":"2008-03-28T00:00:00Z","Title":"Trường Tiểu Học A Đào Hữu Cảnh","DiaChiCongTy":"xã Đào Hữu Cảnh - Huyện Châu Phú - An Giang","Created":"2015-11-16T00:39:55Z","Updated":"2015-11-16T00:39:55Z","IsDelete":false,"RequestChanged":false,"ExitsInGDT":false,"SourceID":0,"TinhThanhID":0,"TinhThanhTitle":"An Giang","TinhThanhTitleAscii":"/an-giang","QuanHuyenID":0,"NganhNgheTitle":"Giáo dục tiểu học","NganhNgheTitleAscii":"/nganh-nghe/giao-duc-tieu-hoc","DSTags":["1600952387","An Giang",null]},{"Type":11,"SolrID":"/1600923379-truong-tieu-hoc-b-dao-huu-canh","ID":0,"MaSoThue":"1600923379","NgayCap":"2007-12-18T00:00:00Z","Title":"Trường Tiểu Học B Đào Hữu Cảnh","DiaChiCongTy":"ấp Hưng Trung, xã Đào Hữu Cảnh - Huyện Châu Phú - An Giang","Created":"2015-11-16T18:44:53Z","Updated":"2015-11-16T18:44:53Z","IsDelete":false,"RequestChanged":false,"ExitsInGDT":false,"SourceID":0,"TinhThanhID":0,"TinhThanhTitle":"An Giang","TinhThanhTitleAscii":"/an-giang","QuanHuyenID":0,"NganhNgheTitle":"Giáo dục tiểu học","NganhNgheTitleAscii":"/nganh-nghe/giao-duc-tieu-hoc","DSTags":["1600923379","An Giang",null]},{"Type":11,"SolrID":"/1600809926-truong-mau-giao-dao-huu-canh","ID":0,"MaSoThue":"1600809926","NgayCap":"2005-10-14T00:00:00Z","Title":"Trường Mẫu giáo Đào Hữu Cảnh","DiaChiCongTy":"ấp Hưng Thới, xã Đào Hữu Cảnh - Huyện Châu Phú - An Giang","Created":"2015-11-16T17:12:13Z","Updated":"2015-11-16T17:12:13Z","IsDelete":false,"RequestChanged":false,"ExitsInGDT":false,"SourceID":0,"TinhThanhID":0,"TinhThanhTitle":"An Giang","TinhThanhTitleAscii":"/an-giang","QuanHuyenID":0,"NganhNgheTitle":"Giáo dục mầm non","NganhNgheTitleAscii":"/nganh-nghe/giao-duc-mam-non","DSTags":["1600809926","An Giang",null]},{"Type":11,"SolrID":"/1600535760-dntn-phuoc-sang-3","ID":0,"MaSoThue":"1600535760","NgayCap":"2005-02-24T00:00:00Z","Title":"DNTN Phước Sang 3","DiaChiCongTy":"Tổ 4 ấp Hưng Thới, xã Đào Hữu Cảnh - Huyện Châu Phú - An Giang","Created":"2015-11-11T08:02:01Z","Updated":"2015-11-11T08:02:01Z","IsDelete":false,"RequestChanged":false,"ExitsInGDT":false,"SourceID":0,"TinhThanhID":0,"TinhThanhTitle":"An Giang","TinhThanhTitleAscii":"/an-giang","QuanHuyenID":0,"NganhNgheTitle":"Bán lẻ nhiên liệu động cơ trong các cửa hàng chuyên doanh","NganhNgheTitleAscii":"/nganh-nghe/ban-le-nhien-lieu-dong-co-trong-cac-cua-hang-chuyen-doanh","DSTags":["1600535760","An Giang",null]},{"Type":11,"SolrID":"/1600330682-doanh-nghiep-tn-huynh-phuoc-hai","ID":0,"MaSoThue":"1600330682","NgayCap":"2004-09-08T00:00:00Z","Title":"Doanh Nghiệp TN Huỳnh Phước Hải","DiaChiCongTy":"ấp Hưng Thạnh - Xã Đào Hữu Cảnh - Huyện Châu Phú - An Giang","Created":"2015-11-11T10:41:20Z","Updated":"2015-11-11T10:41:20Z","IsDelete":false,"RequestChanged":false,"ExitsInGDT":false,"SourceID":0,"TinhThanhID":0,"TinhThanhTitle":"An Giang","TinhThanhTitleAscii":"/an-giang","QuanHuyenID":0,"NganhNgheTitle":"Bán buôn xăng dầu và các sản phẩm liên quan","NganhNgheTitleAscii":"/nganh-nghe/ban-buon-xang-dau-va-cac-san-pham-lien-quan","DSTags":["1600330682","An Giang",null]},{"Type":11,"SolrID":"/1600120639-doanh-nghiep-tn-my-loc-i","ID":0,"MaSoThue":"1600120639","NgayCap":"2004-02-27T00:00:00Z","Title":"Doanh Nghiệp TN Mỹ Lộc I","DiaChiCongTy":"ấp Hưng Lợi - Xã Đào Hữu Cảnh - Huyện Châu Phú - An Giang","Created":"2015-11-09T04:09:25Z","Updated":"2015-11-09T04:09:25Z","IsDelete":false,"RequestChanged":false,"ExitsInGDT":false,"SourceID":0,"TinhThanhID":0,"TinhThanhTitle":"An Giang","TinhThanhTitleAscii":"/an-giang","QuanHuyenID":0,"NganhNgheTitle":"Bán buôn nhiên liệu rắn, lỏng, khí và các sản phẩm liên quan","NganhNgheTitleAscii":"/nganh-nghe/ban-buon-nhien-lieu-ran-long-khi-va-cac-san-pham-lien-quan","DSTags":["1600120639","An Giang",null]},{"Type":11,"SolrID":"/1600679917-dntn-be-tam-kinh-13","ID":0,"MaSoThue":"1600679917","NgayCap":"2004-02-05T00:00:00Z","Title":"DNTN Bé Tám Kinh 13","DiaChiCongTy":"ấp Hưng Thạnh, xã Đào Hữu Cảnh - Huyện Châu Phú - An Giang","Created":"2015-11-17T01:34:38Z","Updated":"2015-11-17T01:34:38Z","IsDelete":false,"RequestChanged":false,"ExitsInGDT":false,"SourceID":0,"TinhThanhID":0,"TinhThanhTitle":"An Giang","TinhThanhTitleAscii":"/an-giang","QuanHuyenID":0,"NganhNgheTitle":"Bán lẻ nhiên liệu động cơ trong các cửa hàng chuyên doanh","NganhNgheTitleAscii":"/nganh-nghe/ban-le-nhien-lieu-dong-co-trong-cac-cua-hang-chuyen-doanh","DSTags":["1600679917","An Giang",null]},{"Type":11,"SolrID":"/1600374986-050-truong-trung-hoc-co-so-dao-huu-canh","ID":0,"MaSoThue":"1600374986-050","NgayCap":"1999-02-23T00:00:00Z","Title":"Trường Trung học cơ sở Đào Hữu Cảnh","DiaChiCongTy":"ấp Hưng Thới Xã đào Hữu Cảnh - Huyện Châu Phú - An Giang","Created":"2015-11-17T19:50:57Z","Updated":"2015-11-17T19:50:57Z","IsDelete":false,"RequestChanged":false,"ExitsInGDT":false,"SourceID":0,"TinhThanhID":0,"TinhThanhTitle":"An Giang","TinhThanhTitleAscii":"/an-giang","QuanHuyenID":0,"NganhNgheTitle":"Giáo dục trung học cơ sở và trung học phổ thông","NganhNgheTitleAscii":"/nganh-nghe/giao-duc-trung-hoc-co-so-va-trung-hoc-pho-thong","DSTags":["1600374986-050","An Giang",null]},{"Type":11,"SolrID":"/1600381126-ubnd-xa-dao-huu-canh","ID":0,"MaSoThue":"1600381126","NgayCap":"1999-01-23T00:00:00Z","Title":"UBND Xã Đào Hữu Cảnh","DiaChiCongTy":"ấp Hưng Thới, xã Đào Hữu Cảnh - Huyện Châu Phú - An Giang","Created":"2015-11-14T16:43:58Z","Updated":"2015-11-14T16:43:58Z","IsDelete":false,"RequestChanged":false,"ExitsInGDT":false,"SourceID":0,"TinhThanhID":0,"TinhThanhTitle":"An Giang","TinhThanhTitleAscii":"/an-giang","QuanHuyenID":0,"NganhNgheTitle":"Hoạt động của Đảng cộng sản, tổ chức chính trị - xã hội, hoạt động quản lý nhà nước nói chung và kinh tế tổng hợp","NganhNgheTitleAscii":"/nganh-nghe/hoat-dong-cua-dang-cong-san-to-chuc-chinh-tri-xa-hoi-hoat-dong-quan-ly-nha-nuoc-noi-chung-va-kinh-te-tong-hop","DSTags":["1600381126","An Giang",null]}]}