{"ID":7650,"SolrID":"/an-giang/huyen-chau-phu/xa-khanh-hoa","Title":"Xã Khánh Hòa","TinhThanhTitle":"An Giang","QuanHuyenTitle":"Huyện Châu Phú","QuanHuyenID":214,"TinhThanhID":35,"Url":"https://thongtindoanhnghiep.co/api/company?l=/an-giang/huyen-chau-phu/xa-khanh-hoa","Total":30,"List":[{"Type":11,"SolrID":"/1602143254-cong-ty-tnhh-dau-tu-xay-dung-thuoc-thuy-san-quang-minh","ID":0,"MaSoThue":"1602143254","NgayCap":"2021-03-15T00:00:00Z","Title":"Công Ty TNHH Đầu Tư Xây Dựng - Thuốc Thủy Sản Quang Minh","DiaChiCongTy":"Số 312 Phan Văn Cai, Tổ 8, Ấp Khánh Lợi, Xã Khánh Hòa, Huyện Châu Phú, Tỉnh An Giang","Created":"2021-03-15T09:37:19Z","Updated":"2021-03-15T09:37:19Z","IsDelete":false,"RequestChanged":false,"ExitsInGDT":false,"SourceID":0,"TinhThanhID":0,"TinhThanhTitle":"An Giang","TinhThanhTitleAscii":"/an-giang","QuanHuyenID":0,"NganhNgheTitle":"Sản xuất sản phẩm hoá chất khác chưa được phân vào đâu","NganhNgheTitleAscii":"/nganh-nghe/san-xuat-san-pham-hoa-chat-khac-chua-duoc-phan-vao-dau","DSTags":["1602143254","An Giang",null]},{"Type":11,"SolrID":"/1602077788-cong-ty-tnhh-mot-thanh-vien-san-xuat-thuong-mai-dich-vu-thanh-thai-phat","ID":0,"MaSoThue":"1602077788","NgayCap":"2018-08-01T00:00:00Z","Title":"Công Ty TNHH Một Thành Viên Sản Xuất Thương Mại Dịch Vụ Thành Thái Phát","DiaChiCongTy":"Tổ 2, Ấp Khánh Thuận, Xã Khánh Hòa, Huyện Châu Phú, Tỉnh An Giang","Created":"2018-08-03T11:29:46Z","Updated":"2018-08-03T11:29:46Z","IsDelete":false,"RequestChanged":false,"ExitsInGDT":false,"SourceID":0,"TinhThanhID":0,"TinhThanhTitle":"An Giang","TinhThanhTitleAscii":"/an-giang","QuanHuyenID":0,"NganhNgheTitle":"Sản xuất hoá chất cơ bản","NganhNgheTitleAscii":"/nganh-nghe/san-xuat-hoa-chat-co-ban","DSTags":["1602077788","An Giang",null]},{"Type":11,"SolrID":"/1602047529-cong-ty-tnhh-mot-thanh-vien-giau-anh","ID":0,"MaSoThue":"1602047529","NgayCap":"2017-08-15T00:00:00Z","Title":"Công Ty TNHH Một Thành Viên Giàu Anh","DiaChiCongTy":"212/06 Nguyễn Chí Linh, Ấp Khánh Mỹ, Xã Khánh Hòa, Huyện Châu Phú, Tỉnh An Giang","Created":"2017-08-15T17:08:09Z","Updated":"2017-08-15T17:08:09Z","IsDelete":false,"RequestChanged":false,"ExitsInGDT":false,"SourceID":0,"TinhThanhID":0,"TinhThanhTitle":"An Giang","TinhThanhTitleAscii":"/an-giang","QuanHuyenID":0,"NganhNgheTitle":"Bán buôn đồ dùng khác cho gia đình","NganhNgheTitleAscii":"/nganh-nghe/ban-buon-do-dung-khac-cho-gia-dinh","DSTags":["1602047529","An Giang",null]},{"Type":11,"SolrID":"/1602024747-doanh-nghiep-tn-du-lich-sinh-thai-con-hen","ID":0,"MaSoThue":"1602024747","NgayCap":"2016-11-24T00:00:00Z","Title":"Doanh Nghiệp Tn Du Lịch Sinh Thái Cồn Hến","DiaChiCongTy":"Tổ 01, Ấp Khánh Bình, Xã Khánh Hòa, Huyện Châu Phú, Tỉnh An Giang","Created":"2016-12-05T02:15:04Z","Updated":"2016-12-05T02:15:04Z","IsDelete":false,"RequestChanged":false,"ExitsInGDT":false,"SourceID":0,"TinhThanhID":0,"TinhThanhTitle":"An Giang","TinhThanhTitleAscii":"/an-giang","QuanHuyenID":0,"NganhNgheTitle":"Nhà hàng và các dịch vụ ăn uống phục vụ lưu động","NganhNgheTitleAscii":"/nganh-nghe/nha-hang-va-cac-dich-vu-an-uong-phuc-vu-luu-dong","DSTags":["1602024747","An Giang",null]},{"Type":11,"SolrID":"/1602022940-cong-ty-tnhh-mot-thanh-vien-diem-duyen","ID":0,"MaSoThue":"1602022940","NgayCap":"2016-11-03T00:00:00Z","Title":"Công Ty TNHH Một Thành Viên Diễm Duyên","DiaChiCongTy":"Tổ 2, ấp Khánh Châu - Xã Khánh Hòa - Huyện Châu Phú - An Giang","Created":"2016-11-10T22:36:02Z","Updated":"2016-11-10T22:36:02Z","IsDelete":false,"RequestChanged":false,"ExitsInGDT":false,"SourceID":0,"TinhThanhID":0,"TinhThanhTitle":"An Giang","TinhThanhTitleAscii":"/an-giang","QuanHuyenID":0,"NganhNgheTitle":"Bán buôn vật liệu, thiết bị lắp đặt khác trong xây dựng","NganhNgheTitleAscii":"/nganh-nghe/ban-buon-vat-lieu-thiet-bi-lap-dat-khac-trong-xay-dung","DSTags":["1602022940","An Giang",null]},{"Type":11,"SolrID":"/1602003384-002-chi-nhanh-3-doanh-nghiep-tn-tro-choi-dien-tu-diem-my","ID":0,"MaSoThue":"1602003384-002","NgayCap":"2016-06-18T00:00:00Z","Title":"Chi Nhánh 3 Doanh Nghiệp TN Trò Chơi Điện Tử Diễm My","DiaChiCongTy":"tổ 5, ấp Khánh Châu - Xã Khánh Hòa - Huyện Châu Phú - An Giang","Created":"2016-06-24T15:03:46Z","Updated":"2016-06-24T15:03:46Z","IsDelete":false,"RequestChanged":false,"ExitsInGDT":false,"SourceID":0,"TinhThanhID":0,"TinhThanhTitle":"An Giang","TinhThanhTitleAscii":"/an-giang","QuanHuyenID":0,"NganhNgheTitle":"Hoạt động vui chơi giải trí khác chưa được phân vào đâu","NganhNgheTitleAscii":"/nganh-nghe/hoat-dong-vui-choi-giai-tri-khac-chua-duoc-phan-vao-dau","DSTags":["1602003384-002","An Giang",null]},{"Type":11,"SolrID":"/1602003384-doanh-nghiep-tn-tro-choi-dien-tu-diem-my","ID":0,"MaSoThue":"1602003384","NgayCap":"2016-03-04T00:00:00Z","Title":"Doanh Nghiệp TN Trò Chơi Điện Tử Diễm My","DiaChiCongTy":"ấp Khánh An - Xã Khánh Hòa - Huyện Châu Phú - An Giang","Created":"2016-03-05T09:40:37Z","Updated":"2016-03-05T09:40:37Z","IsDelete":false,"RequestChanged":false,"ExitsInGDT":false,"SourceID":0,"TinhThanhID":0,"TinhThanhTitle":"An Giang","TinhThanhTitleAscii":"/an-giang","QuanHuyenID":0,"NganhNgheTitle":"Hoạt động vui chơi giải trí khác chưa được phân vào đâu","NganhNgheTitleAscii":"/nganh-nghe/hoat-dong-vui-choi-giai-tri-khac-chua-duoc-phan-vao-dau","DSTags":["1602003384","An Giang",null]},{"Type":11,"SolrID":"/1601978282-cong-ty-tnhh-mot-thanh-vien-quang-khap","ID":0,"MaSoThue":"1601978282","NgayCap":"2015-07-17T00:00:00Z","Title":"Công Ty TNHH Một Thành Viên Quang Khấp","DiaChiCongTy":"Tổ 1, ấp Khánh An - Xã Khánh Hòa - Huyện Châu Phú - An Giang","Created":"2015-11-18T20:14:16Z","Updated":"2015-11-18T20:14:16Z","IsDelete":false,"RequestChanged":false,"ExitsInGDT":false,"SourceID":0,"TinhThanhID":0,"TinhThanhTitle":"An Giang","TinhThanhTitleAscii":"/an-giang","QuanHuyenID":0,"NganhNgheTitle":"Chăn nuôi trâu, bò","NganhNgheTitleAscii":"/nganh-nghe/chan-nuoi-trau-bo","DSTags":["1601978282","An Giang",null]},{"Type":11,"SolrID":"/1601847868-003-chi-nhanh-cong-ty-cp-trau-vien-hien-luong-nha-may-san-xuat-che-bien-trau-tai-an-giang","ID":0,"MaSoThue":"1601847868-003","NgayCap":"2015-06-15T00:00:00Z","Title":"Chi Nhánh Công Ty CP Trấu Viên Hiền Lương - Nhà Máy Sản Xuất Chế Biến Trấu Tại An Giang","DiaChiCongTy":"Tổ 24, ấp Khánh Hòa - Xã Khánh Hòa - Huyện Châu Phú - An Giang","Created":"2015-11-18T19:47:45Z","Updated":"2015-11-18T19:47:45Z","IsDelete":false,"RequestChanged":false,"ExitsInGDT":false,"SourceID":0,"TinhThanhID":0,"TinhThanhTitle":"An Giang","TinhThanhTitleAscii":"/an-giang","QuanHuyenID":0,"NganhNgheTitle":"Sản xuất sản phẩm khác từ gỗ; sản xuất sản phẩm từ tre, nứa, rơm, rạ và vật liệu tết bện","NganhNgheTitleAscii":"/nganh-nghe/san-xuat-san-pham-khac-tu-go-san-xuat-san-pham-tu-tre-nua-rom-ra-va-vat-lieu-tet-ben","DSTags":["1601847868-003","An Giang",null]},{"Type":11,"SolrID":"/1601938674-cong-ty-tnhh-mot-thanh-vien-xuat-nhap-khau-may-mac-minh-khanh-hoa","ID":0,"MaSoThue":"1601938674","NgayCap":"2014-09-15T00:00:00Z","Title":"Công Ty TNHH Một Thành Viên Xuất Nhập Khẩu May Mặc Minh Khánh Hòa","DiaChiCongTy":"ấp Khánh Hòa - Xã Khánh Hòa - Huyện Châu Phú - An Giang","Created":"2015-11-10T05:49:14Z","Updated":"2015-11-10T05:49:14Z","IsDelete":false,"RequestChanged":false,"ExitsInGDT":false,"SourceID":0,"TinhThanhID":0,"TinhThanhTitle":"An Giang","TinhThanhTitleAscii":"/an-giang","QuanHuyenID":0,"NganhNgheTitle":"May trang phục (trừ trang phục từ da lông thú)","NganhNgheTitleAscii":"/nganh-nghe/may-trang-phuc-tru-trang-phuc-tu-da-long-thu","DSTags":["1601938674","An Giang",null]},{"Type":11,"SolrID":"/1601920719-doanh-nghiep-tn-thuc-pham-huynh-khoi","ID":0,"MaSoThue":"1601920719","NgayCap":"2014-04-29T00:00:00Z","Title":"Doanh Nghiệp TN Thực Phẩm Huỳnh Khôi","DiaChiCongTy":"Số 212, Tổ 8, ấp Khánh An - Xã Khánh Hòa - Huyện Châu Phú - An Giang","Created":"2015-11-09T15:57:56Z","Updated":"2015-11-09T15:57:56Z","IsDelete":false,"RequestChanged":false,"ExitsInGDT":false,"SourceID":0,"TinhThanhID":0,"TinhThanhTitle":"An Giang","TinhThanhTitleAscii":"/an-giang","QuanHuyenID":0,"NganhNgheTitle":"Bán buôn thực phẩm","NganhNgheTitleAscii":"/nganh-nghe/ban-buon-thuc-pham","DSTags":["1601920719","An Giang",null]},{"Type":11,"SolrID":"/1601910485-cong-ty-tnhh-mot-thanh-vien-khanh-loi-chau-phu","ID":0,"MaSoThue":"1601910485","NgayCap":"2014-02-18T00:00:00Z","Title":"Công Ty TNHH Một Thành Viên Khánh Lợi Châu Phú","DiaChiCongTy":"Số 444 Phạm Văn Cai, ấp Khánh Lợi - Xã Khánh Hòa - Huyện Châu Phú - An Giang","Created":"2015-11-09T18:06:54Z","Updated":"2015-11-09T18:06:54Z","IsDelete":false,"RequestChanged":false,"ExitsInGDT":false,"SourceID":0,"TinhThanhID":0,"TinhThanhTitle":"An Giang","TinhThanhTitleAscii":"/an-giang","QuanHuyenID":0,"NganhNgheTitle":"Sản xuất sản phẩm khác từ gỗ; sản xuất sản phẩm từ tre, nứa, rơm, rạ và vật liệu tết bện","NganhNgheTitleAscii":"/nganh-nghe/san-xuat-san-pham-khac-tu-go-san-xuat-san-pham-tu-tre-nua-rom-ra-va-vat-lieu-tet-ben","DSTags":["1601910485","An Giang",null]},{"Type":11,"SolrID":"/1601881442-doanh-nghiep-tn-tiem-vang-phuong-trang","ID":0,"MaSoThue":"1601881442","NgayCap":"2013-06-21T00:00:00Z","Title":"Doanh Nghiệp TN Tiệm Vàng Phương Trang","DiaChiCongTy":"Số 499, Tổ 14, ấp Khánh Hòa - Xã Khánh Hòa - Huyện Châu Phú - An Giang","Created":"2015-11-16T21:28:44Z","Updated":"2015-11-16T21:28:44Z","IsDelete":false,"RequestChanged":false,"ExitsInGDT":false,"SourceID":0,"TinhThanhID":0,"TinhThanhTitle":"An Giang","TinhThanhTitleAscii":"/an-giang","QuanHuyenID":0,"NganhNgheTitle":"Bán buôn kim loại và quặng kim loại","NganhNgheTitleAscii":"/nganh-nghe/ban-buon-kim-loai-va-quang-kim-loai","DSTags":["1601881442","An Giang",null]},{"Type":11,"SolrID":"/1601840245-doanh-nghiep-tn-phuong-tu","ID":0,"MaSoThue":"1601840245","NgayCap":"2012-10-31T00:00:00Z","Title":"Doanh Nghiệp TN Phương Tú","DiaChiCongTy":"Tổ 10, ấp Khánh Bình - Xã Khánh Hòa - Huyện Châu Phú - An Giang","Created":"2015-11-16T23:08:27Z","Updated":"2015-11-16T23:08:27Z","IsDelete":false,"RequestChanged":false,"ExitsInGDT":false,"SourceID":0,"TinhThanhID":0,"TinhThanhTitle":"An Giang","TinhThanhTitleAscii":"/an-giang","QuanHuyenID":0,"NganhNgheTitle":"Khai khoáng khác chưa được phân vào đâu","NganhNgheTitleAscii":"/nganh-nghe/khai-khoang-khac-chua-duoc-phan-vao-dau-10612","DSTags":["1601840245","An Giang",null]},{"Type":11,"SolrID":"/1601627125-doanh-nghiep-tn-lien-phong","ID":0,"MaSoThue":"1601627125","NgayCap":"2011-12-29T00:00:00Z","Title":"Doanh Nghiệp TN Liên Phong","DiaChiCongTy":"Tổ 24, ấp Khánh Hòa - Xã Khánh Hòa - Huyện Châu Phú - An Giang","Created":"2015-11-10T01:37:28Z","Updated":"2015-11-10T01:37:28Z","IsDelete":false,"RequestChanged":false,"ExitsInGDT":false,"SourceID":0,"TinhThanhID":0,"TinhThanhTitle":"An Giang","TinhThanhTitleAscii":"/an-giang","QuanHuyenID":0,"NganhNgheTitle":"Khai khoáng khác chưa được phân vào đâu","NganhNgheTitleAscii":"/nganh-nghe/khai-khoang-khac-chua-duoc-phan-vao-dau-10612","DSTags":["1601627125","An Giang",null]},{"Type":11,"SolrID":"/1601556146-cong-ty-tnhh-mot-thanh-vien-xay-dung-59","ID":0,"MaSoThue":"1601556146","NgayCap":"2011-09-22T00:00:00Z","Title":"Công Ty TNHH Một Thành Viên Xây Dựng 59","DiaChiCongTy":"ấp Khánh Bình - Xã Khánh Hòa - Huyện Châu Phú - An Giang","Created":"2015-11-10T01:46:06Z","Updated":"2015-11-10T01:46:06Z","IsDelete":false,"RequestChanged":false,"ExitsInGDT":false,"SourceID":0,"TinhThanhID":0,"TinhThanhTitle":"An Giang","TinhThanhTitleAscii":"/an-giang","QuanHuyenID":0,"NganhNgheTitle":"Xây dựng công trình kỹ thuật dân dụng khác","NganhNgheTitleAscii":"/nganh-nghe/xay-dung-cong-trinh-ky-thuat-dan-dung-khac","DSTags":["1601556146","An Giang",null]},{"Type":11,"SolrID":"/1601412962-doanh-nghiep-tn-hoang-linh","ID":0,"MaSoThue":"1601412962","NgayCap":"2010-11-19T00:00:00Z","Title":"Doanh Nghiệp TN Hoàng Linh","DiaChiCongTy":"ấp Khánh Phát - Xã Khánh Hòa - Huyện Châu Phú - An Giang","Created":"2015-11-16T21:15:49Z","Updated":"2015-11-16T21:15:49Z","IsDelete":false,"RequestChanged":false,"ExitsInGDT":false,"SourceID":0,"TinhThanhID":0,"TinhThanhTitle":"An Giang","TinhThanhTitleAscii":"/an-giang","QuanHuyenID":0,"NganhNgheTitle":"Bán buôn nhiên liệu rắn, lỏng, khí và các sản phẩm liên quan","NganhNgheTitleAscii":"/nganh-nghe/ban-buon-nhien-lieu-ran-long-khi-va-cac-san-pham-lien-quan","DSTags":["1601412962","An Giang",null]},{"Type":11,"SolrID":"/1601294797-cty-tnhh-mot-tvien-tm-dv-tran-vu","ID":0,"MaSoThue":"1601294797","NgayCap":"2010-02-02T00:00:00Z","Title":"Cty TNHH Một TViên TM DV Trần Vũ","DiaChiCongTy":"206 Nguyễn Văn Linh - Xã Khánh Hòa - Huyện Châu Phú - An Giang","Created":"2015-11-09T01:48:22Z","Updated":"2015-11-09T01:48:22Z","IsDelete":false,"RequestChanged":false,"ExitsInGDT":false,"SourceID":0,"TinhThanhID":0,"TinhThanhTitle":"An Giang","TinhThanhTitleAscii":"/an-giang","QuanHuyenID":0,"NganhNgheTitle":"Bán buôn (trừ ô tô, mô tô, xe máy và xe có động cơ khác)","NganhNgheTitleAscii":"/nganh-nghe/ban-buon-tru-o-to-mo-to-xe-may-va-xe-co-dong-co-khac","DSTags":["1601294797","An Giang",null]},{"Type":11,"SolrID":"/1601170174-cty-tnhh-mot-thanh-vien-sau-trac","ID":0,"MaSoThue":"1601170174","NgayCap":"2009-06-15T00:00:00Z","Title":"Cty TNHH Một Thành Viên Sáu Trạc","DiaChiCongTy":"264 tổ 16 ấp Khánh Bình, xã Khánh Hoà - Huyện Châu Phú - An Giang","Created":"2015-11-14T05:16:49Z","Updated":"2015-11-14T05:16:49Z","IsDelete":false,"RequestChanged":false,"ExitsInGDT":false,"SourceID":0,"TinhThanhID":0,"TinhThanhTitle":"An Giang","TinhThanhTitleAscii":"/an-giang","QuanHuyenID":0,"NganhNgheTitle":"Vận tải đường bộ khác","NganhNgheTitleAscii":"/nganh-nghe/van-tai-duong-bo-khac","DSTags":["1601170174","An Giang",null]},{"Type":11,"SolrID":"/1601015411-cty-tnhh-mot-thanh-vien-tm-dv-nam-minh","ID":0,"MaSoThue":"1601015411","NgayCap":"2009-01-06T00:00:00Z","Title":"Cty TNHH Một Thành Viên TM & DV Nam  Minh","DiaChiCongTy":"20/24 ấp Khánh Hoà, Xã Khánh Hoà - Huyện Châu Phú - An Giang","Created":"2015-11-13T22:34:47Z","Updated":"2015-11-13T22:34:47Z","IsDelete":false,"RequestChanged":false,"ExitsInGDT":false,"SourceID":0,"TinhThanhID":0,"TinhThanhTitle":"An Giang","TinhThanhTitleAscii":"/an-giang","QuanHuyenID":0,"NganhNgheTitle":"Bán buôn chuyên doanh khác","NganhNgheTitleAscii":"/nganh-nghe/ban-buon-chuyen-doanh-khac","DSTags":["1601015411","An Giang",null]},{"Type":11,"SolrID":"/1600977222-cty-tnhh-mot-thanh-vien-phuong-phong","ID":0,"MaSoThue":"1600977222","NgayCap":"2008-09-17T00:00:00Z","Title":"Cty TNHH Một Thành Viên Phương Phong","DiaChiCongTy":"ấp Khánh Thuận, xã Khánh Hoà - Huyện Châu Phú - An Giang","Created":"2015-11-14T05:10:00Z","Updated":"2015-11-14T05:10:00Z","IsDelete":false,"RequestChanged":false,"ExitsInGDT":false,"SourceID":0,"TinhThanhID":0,"TinhThanhTitle":"An Giang","TinhThanhTitleAscii":"/an-giang","QuanHuyenID":0,"NganhNgheTitle":"Vận tải hàng hóa đường thuỷ nội địa","NganhNgheTitleAscii":"/nganh-nghe/van-tai-hang-hoa-duong-thuy-noi-dia","DSTags":["1600977222","An Giang",null]},{"Type":11,"SolrID":"/1600974662-truong-thcs-khanh-hoa","ID":0,"MaSoThue":"1600974662","NgayCap":"2008-08-21T00:00:00Z","Title":"Trường THCS Khánh Hoà","DiaChiCongTy":"ấp Khánh Phát, xã Khánh Hoà - Huyện Châu Phú - An Giang","Created":"2015-11-16T19:06:12Z","Updated":"2015-11-16T19:06:12Z","IsDelete":false,"RequestChanged":false,"ExitsInGDT":false,"SourceID":0,"TinhThanhID":0,"TinhThanhTitle":"An Giang","TinhThanhTitleAscii":"/an-giang","QuanHuyenID":0,"NganhNgheTitle":"Giáo dục trung học cơ sở và trung học phổ thông","NganhNgheTitleAscii":"/nganh-nghe/giao-duc-trung-hoc-co-so-va-trung-hoc-pho-thong","DSTags":["1600974662","An Giang",null]},{"Type":11,"SolrID":"/1600943488-truong-tieu-hoc-c-khanh-hoa","ID":0,"MaSoThue":"1600943488","NgayCap":"2008-02-21T00:00:00Z","Title":"Trường Tiểu Học C Khánh Hoà","DiaChiCongTy":"xã Khánh Hoà - Huyện Châu Phú - An Giang","Created":"2015-11-16T00:41:26Z","Updated":"2015-11-16T00:41:26Z","IsDelete":false,"RequestChanged":false,"ExitsInGDT":false,"SourceID":0,"TinhThanhID":0,"TinhThanhTitle":"An Giang","TinhThanhTitleAscii":"/an-giang","QuanHuyenID":0,"NganhNgheTitle":"Giáo dục tiểu học","NganhNgheTitleAscii":"/nganh-nghe/giao-duc-tieu-hoc","DSTags":["1600943488","An Giang",null]},{"Type":11,"SolrID":"/1600939379-truong-tieu-hoc-d-khanh-hoa","ID":0,"MaSoThue":"1600939379","NgayCap":"2008-01-29T00:00:00Z","Title":"Trường Tiểu Học D Khánh Hoà","DiaChiCongTy":"xã Khánh Hoà - Huyện Châu Phú - An Giang","Created":"2015-11-16T18:50:42Z","Updated":"2015-11-16T18:50:42Z","IsDelete":false,"RequestChanged":false,"ExitsInGDT":false,"SourceID":0,"TinhThanhID":0,"TinhThanhTitle":"An Giang","TinhThanhTitleAscii":"/an-giang","QuanHuyenID":0,"NganhNgheTitle":"Giáo dục tiểu học","NganhNgheTitleAscii":"/nganh-nghe/giao-duc-tieu-hoc","DSTags":["1600939379","An Giang",null]},{"Type":11,"SolrID":"/1600927824-truong-tieu-hoc-b-khanh-hoa","ID":0,"MaSoThue":"1600927824","NgayCap":"2007-12-24T00:00:00Z","Title":"Trường Tiểu Học B Khánh Hoà","DiaChiCongTy":"ấp Khánh Hoà, xã Khánh Hoà - Huyện Châu Phú - An Giang","Created":"2015-11-16T18:45:18Z","Updated":"2015-11-16T18:45:18Z","IsDelete":false,"RequestChanged":false,"ExitsInGDT":false,"SourceID":0,"TinhThanhID":0,"TinhThanhTitle":"An Giang","TinhThanhTitleAscii":"/an-giang","QuanHuyenID":0,"NganhNgheTitle":"Giáo dục tiểu học","NganhNgheTitleAscii":"/nganh-nghe/giao-duc-tieu-hoc","DSTags":["1600927824","An Giang",null]},{"Type":11,"SolrID":"/1600475920-doanh-nghiep-tn-phat-thanh-loi","ID":0,"MaSoThue":"1600475920","NgayCap":"1999-12-29T00:00:00Z","Title":"Doanh Nghiệp TN Phát Thành Lợi","DiaChiCongTy":"Tổ 25, ấp Khánh Bình - Xã Khánh Hòa - Huyện Châu Phú - An Giang","Created":"2015-11-09T05:19:17Z","Updated":"2015-11-09T05:19:17Z","IsDelete":false,"RequestChanged":false,"ExitsInGDT":false,"SourceID":0,"TinhThanhID":0,"TinhThanhTitle":"An Giang","TinhThanhTitleAscii":"/an-giang","QuanHuyenID":0,"NganhNgheTitle":"Khai khoáng khác chưa được phân vào đâu","NganhNgheTitleAscii":"/nganh-nghe/khai-khoang-khac-chua-duoc-phan-vao-dau-10612","DSTags":["1600475920","An Giang",null]},{"Type":11,"SolrID":"/1600374986-047-truong-tieu-hoc-a-khanh-hoa","ID":0,"MaSoThue":"1600374986-047","NgayCap":"1999-02-23T00:00:00Z","Title":"Trường Tiểu Học A Khánh Hoà","DiaChiCongTy":"ấp Bình Khánh Xã Khánh Hoà - Huyện Châu Phú - An Giang","Created":"2015-11-17T19:50:56Z","Updated":"2015-11-17T19:50:56Z","IsDelete":false,"RequestChanged":false,"ExitsInGDT":false,"SourceID":0,"TinhThanhID":0,"TinhThanhTitle":"An Giang","TinhThanhTitleAscii":"/an-giang","QuanHuyenID":0,"NganhNgheTitle":"Giáo dục tiểu học","NganhNgheTitleAscii":"/nganh-nghe/giao-duc-tieu-hoc","DSTags":["1600374986-047","An Giang",null]},{"Type":11,"SolrID":"/1600380595-dntn-hiep-thanh","ID":0,"MaSoThue":"1600380595","NgayCap":"1999-01-20T00:00:00Z","Title":"DNTN  Hiệp Thành","DiaChiCongTy":"Tổ 23 - ấp Khánh Hòa - Xã Khánh Hòa - Huyện Châu Phú - An Giang","Created":"2015-11-17T01:34:48Z","Updated":"2015-11-17T01:34:48Z","IsDelete":false,"RequestChanged":false,"ExitsInGDT":false,"SourceID":0,"TinhThanhID":0,"TinhThanhTitle":"An Giang","TinhThanhTitleAscii":"/an-giang","QuanHuyenID":0,"NganhNgheTitle":"Khai khoáng khác chưa được phân vào đâu","NganhNgheTitleAscii":"/nganh-nghe/khai-khoang-khac-chua-duoc-phan-vao-dau-10612","DSTags":["1600380595","An Giang",null]},{"Type":11,"SolrID":"/1600374954-ubnd-xa-khanh-hoa","ID":0,"MaSoThue":"1600374954","NgayCap":"1998-11-25T00:00:00Z","Title":"UBND Xã Khánh Hoà","DiaChiCongTy":"ấp Khánh Hòa, xã Khánh Hòa - Huyện Châu Phú - An Giang","Created":"2015-11-14T17:13:49Z","Updated":"2015-11-14T17:13:49Z","IsDelete":false,"RequestChanged":false,"ExitsInGDT":false,"SourceID":0,"TinhThanhID":0,"TinhThanhTitle":"An Giang","TinhThanhTitleAscii":"/an-giang","QuanHuyenID":0,"NganhNgheTitle":"Hoạt động quản lý nhà nước nói chung và kinh tế tổng hợp","NganhNgheTitleAscii":"/nganh-nghe/hoat-dong-quan-ly-nha-nuoc-noi-chung-va-kinh-te-tong-hop","DSTags":["1600374954","An Giang",null]},{"Type":11,"SolrID":"/1600176053-doanh-nghiep-tn-tan-hiep-loi","ID":0,"MaSoThue":"1600176053","NgayCap":"1998-09-18T00:00:00Z","Title":"Doanh Nghiệp TN Tân Hiệp Lợi","DiaChiCongTy":"Tổ 10, ấp Khánh Bình - Xã Khánh Hòa - Huyện Châu Phú - An Giang","Created":"2015-11-09T13:53:41Z","Updated":"2015-11-09T13:53:41Z","IsDelete":false,"RequestChanged":false,"ExitsInGDT":false,"SourceID":0,"TinhThanhID":0,"TinhThanhTitle":"An Giang","TinhThanhTitleAscii":"/an-giang","QuanHuyenID":0,"NganhNgheTitle":"Khai khoáng khác chưa được phân vào đâu","NganhNgheTitleAscii":"/nganh-nghe/khai-khoang-khac-chua-duoc-phan-vao-dau-10612","DSTags":["1600176053","An Giang",null]}]}