{"ID":3697,"SolrID":"/an-giang/huyen-chau-phu/xa-my-duc","Title":"Xã Mỹ Đức","TinhThanhTitle":"An Giang","QuanHuyenTitle":"Huyện Châu Phú","QuanHuyenID":214,"TinhThanhID":35,"Url":"https://thongtindoanhnghiep.co/api/company?l=/an-giang/huyen-chau-phu/xa-my-duc","Total":72,"List":[{"Type":11,"SolrID":"/1602149496-cong-ty-tnhh-mot-thanh-vien-chuyen-phat-ltm","ID":0,"MaSoThue":"1602149496","NgayCap":"2021-07-05T00:00:00Z","Title":"Công Ty TNHH Một Thành Viên Chuyển Phát Ltm","DiaChiCongTy":"Đường số 7, Trung tâm Thương mại Nam Châu Đốc, ấp Mỹ Chánh, Xã Mỹ Đức, Huyện Châu Phú, Tỉnh An Giang","Created":"2021-07-05T14:36:17Z","Updated":"2021-07-05T14:36:17Z","IsDelete":false,"RequestChanged":false,"ExitsInGDT":false,"SourceID":0,"TinhThanhID":0,"TinhThanhTitle":"An Giang","TinhThanhTitleAscii":"/an-giang","QuanHuyenID":0,"NganhNgheTitle":"Chuyển phát","NganhNgheTitleAscii":"/nganh-nghe/chuyen-phat","DSTags":["1602149496","An Giang",null]},{"Type":11,"SolrID":"/1602147386-cong-ty-tnhh-may-mac-nguyet-dieu","ID":0,"MaSoThue":"1602147386","NgayCap":"2021-05-17T00:00:00Z","Title":"Công Ty TNHH May Mặc Nguyệt Diệu","DiaChiCongTy":"KDC Ấp Mỹ Thiện, Xã Mỹ Đức, Huyện Châu Phú, Tỉnh An Giang","Created":"2021-05-17T17:37:14Z","Updated":"2021-05-17T17:37:14Z","IsDelete":false,"RequestChanged":false,"ExitsInGDT":false,"SourceID":0,"TinhThanhID":0,"TinhThanhTitle":"An Giang","TinhThanhTitleAscii":"/an-giang","QuanHuyenID":0,"NganhNgheTitle":"May trang phục (trừ trang phục từ da lông thú)","NganhNgheTitleAscii":"/nganh-nghe/may-trang-phuc-tru-trang-phuc-tu-da-long-thu","DSTags":["1602147386","An Giang",null]},{"Type":11,"SolrID":"/1602144755-cong-ty-tnhh-phat-nong-an-giang","ID":0,"MaSoThue":"1602144755","NgayCap":"2021-03-30T00:00:00Z","Title":"Công Ty TNHH Phát Nông An Giang","DiaChiCongTy":"Ấp Mỹ Thiện, Xã Mỹ Đức, Huyện Châu Phú, Tỉnh An Giang","Created":"2021-03-30T10:37:23Z","Updated":"2021-03-30T10:37:23Z","IsDelete":false,"RequestChanged":false,"ExitsInGDT":false,"SourceID":0,"TinhThanhID":0,"TinhThanhTitle":"An Giang","TinhThanhTitleAscii":"/an-giang","QuanHuyenID":0,"NganhNgheTitle":"Bán buôn chuyên doanh khác chưa được phân vào đâu","NganhNgheTitleAscii":"/nganh-nghe/ban-buon-chuyen-doanh-khac-chua-duoc-phan-vao-dau","DSTags":["1602144755","An Giang",null]},{"Type":11,"SolrID":"/1602143286-cong-ty-co-phan-ag-food-organic","ID":0,"MaSoThue":"1602143286","NgayCap":"2021-03-14T00:00:00Z","Title":"Công Ty Cổ Phần Ag Food Organic","DiaChiCongTy":"Ấp Mỹ Thạnh, Xã Mỹ Đức, Huyện Châu Phú, Tỉnh An Giang","Created":"2021-03-14T15:35:28Z","Updated":"2021-03-14T15:35:28Z","IsDelete":false,"RequestChanged":false,"ExitsInGDT":false,"SourceID":0,"TinhThanhID":0,"TinhThanhTitle":"An Giang","TinhThanhTitleAscii":"/an-giang","QuanHuyenID":0,"NganhNgheTitle":"Nuôi trồng thuỷ sản biển","NganhNgheTitleAscii":"/nganh-nghe/nuoi-trong-thuy-san-bien","DSTags":["1602143286","An Giang",null]},{"Type":11,"SolrID":"/1602141698-cong-ty-tnhh-van-hy-global","ID":0,"MaSoThue":"1602141698","NgayCap":"2021-02-24T00:00:00Z","Title":"Công Ty TNHH Vạn Hỷ Global","DiaChiCongTy":"Quốc lộ 91 Ấp Mỹ Thiện, Xã Mỹ Đức, Huyện Châu Phú, Tỉnh An Giang","Created":"2021-02-24T17:37:10Z","Updated":"2021-02-24T17:37:10Z","IsDelete":false,"RequestChanged":false,"ExitsInGDT":false,"SourceID":0,"TinhThanhID":0,"TinhThanhTitle":"An Giang","TinhThanhTitleAscii":"/an-giang","QuanHuyenID":0,"NganhNgheTitle":"May trang phục (trừ trang phục từ da lông thú)","NganhNgheTitleAscii":"/nganh-nghe/may-trang-phuc-tru-trang-phuc-tu-da-long-thu","DSTags":["1602141698","An Giang",null]},{"Type":11,"SolrID":"/1602088885-cong-ty-tnhh-xang-dau-do-van-phuc","ID":0,"MaSoThue":"1602088885","NgayCap":"2018-12-18T00:00:00Z","Title":"Công Ty TNHH Xăng Dầu Đỗ Văn Phúc","DiaChiCongTy":"Quốc lộ 91, Tổ 24, Ấp Mỹ Phó, Xã Mỹ Đức, Huyện Châu Phú, Tỉnh An Giang","Created":"2018-12-18T09:45:48Z","Updated":"2018-12-18T09:45:48Z","IsDelete":false,"RequestChanged":false,"ExitsInGDT":false,"SourceID":0,"TinhThanhID":0,"TinhThanhTitle":"An Giang","TinhThanhTitleAscii":"/an-giang","QuanHuyenID":0,"NganhNgheTitle":"Bán buôn nhiên liệu rắn, lỏng, khí và các sản phẩm liên quan","NganhNgheTitleAscii":"/nganh-nghe/ban-buon-nhien-lieu-ran-long-khi-va-cac-san-pham-lien-quan","DSTags":["1602088885","An Giang",null]},{"Type":11,"SolrID":"/1602072229-cong-ty-tnhh-mot-thanh-vien-thuong-mai-dich-vu-tran-minh-anh","ID":0,"MaSoThue":"1602072229","NgayCap":"2018-05-17T00:00:00Z","Title":"Công Ty TNHH Một Thành Viên Thương Mại Dịch Vụ Trần Minh Anh","DiaChiCongTy":"Đường Hồng Bàng, TTTM Kênh Đào, Xã Mỹ Đức, Huyện Châu Phú, Tỉnh An Giang","Created":"2018-05-17T08:04:23Z","Updated":"2018-05-17T08:04:23Z","IsDelete":false,"RequestChanged":false,"ExitsInGDT":false,"SourceID":0,"TinhThanhID":0,"TinhThanhTitle":"An Giang","TinhThanhTitleAscii":"/an-giang","QuanHuyenID":0,"NganhNgheTitle":"Bán buôn đồ dùng khác cho gia đình","NganhNgheTitleAscii":"/nganh-nghe/ban-buon-do-dung-khac-cho-gia-dinh","DSTags":["1602072229","An Giang",null]},{"Type":11,"SolrID":"/1602069321-cong-ty-tnhh-san-xuat-my-pham-chu","ID":0,"MaSoThue":"1602069321","NgayCap":"2018-04-14T00:00:00Z","Title":"Công Ty TNHH Sản Xuất Mỹ Phẩm Chu","DiaChiCongTy":"Ấp Mỹ Chánh, Xã Mỹ Đức, Huyện Châu Phú, Tỉnh An Giang","Created":"2018-04-20T15:52:13Z","Updated":"2018-04-20T15:52:13Z","IsDelete":false,"RequestChanged":false,"ExitsInGDT":false,"SourceID":0,"TinhThanhID":0,"TinhThanhTitle":"An Giang","TinhThanhTitleAscii":"/an-giang","QuanHuyenID":0,"DSTags":["1602069321","An Giang",null]},{"Type":11,"SolrID":"/1602054727-doanh-nghiep-tn-tro-choi-dien-tu-tri-toan","ID":0,"MaSoThue":"1602054727","NgayCap":"2017-11-10T00:00:00Z","Title":"Doanh Nghiệp Tn Trò Chơi Điện Tử Trí Toàn","DiaChiCongTy":"291, Tổ 6, Ấp Mỹ Thiện, Xã Mỹ Đức, Huyện Châu Phú, Tỉnh An Giang","Created":"2017-11-10T07:35:21Z","Updated":"2017-11-10T07:35:21Z","IsDelete":false,"RequestChanged":false,"ExitsInGDT":false,"SourceID":0,"TinhThanhID":0,"TinhThanhTitle":"An Giang","TinhThanhTitleAscii":"/an-giang","QuanHuyenID":0,"NganhNgheTitle":"Hoạt động vui chơi giải trí khác chưa được phân vào đâu","NganhNgheTitleAscii":"/nganh-nghe/hoat-dong-vui-choi-giai-tri-khac-chua-duoc-phan-vao-dau","DSTags":["1602054727","An Giang",null]},{"Type":11,"SolrID":"/1602054163-cong-ty-tnhh-mot-thanh-vien-dai-phu-chau-doc","ID":0,"MaSoThue":"1602054163","NgayCap":"2017-11-04T00:00:00Z","Title":"Công Ty TNHH Một Thành Viên Đại Phú Châu Đốc","DiaChiCongTy":"Ấp Mỹ Phó, Xã Mỹ Đức, Huyện Châu Phú, Tỉnh An Giang","Created":"2017-11-04T09:05:41Z","Updated":"2017-11-04T09:05:41Z","IsDelete":false,"RequestChanged":false,"ExitsInGDT":false,"SourceID":0,"TinhThanhID":0,"TinhThanhTitle":"An Giang","TinhThanhTitleAscii":"/an-giang","QuanHuyenID":0,"NganhNgheTitle":"Sản xuất sản phẩm từ plastic","NganhNgheTitleAscii":"/nganh-nghe/san-xuat-san-pham-tu-plastic","DSTags":["1602054163","An Giang",null]},{"Type":11,"SolrID":"/1602054205-cong-ty-tnhh-vo-xe-nguyen-huy","ID":0,"MaSoThue":"1602054205","NgayCap":"2017-11-04T00:00:00Z","Title":"Công Ty TNHH Vỏ Xe Nguyễn Huy","DiaChiCongTy":"Tổ 26, Ấp Phó Mỹ, Xã Mỹ Đức, Huyện Châu Phú, Tỉnh An Giang","Created":"2017-11-04T09:05:48Z","Updated":"2017-11-04T09:05:48Z","IsDelete":false,"RequestChanged":false,"ExitsInGDT":false,"SourceID":0,"TinhThanhID":0,"TinhThanhTitle":"An Giang","TinhThanhTitleAscii":"/an-giang","QuanHuyenID":0,"NganhNgheTitle":"Bán phụ tùng và các bộ phận phụ trợ của ô tô và xe có động cơ khác","NganhNgheTitleAscii":"/nganh-nghe/ban-phu-tung-va-cac-bo-phan-phu-tro-cua-o-to-va-xe-co-dong-co-khac","DSTags":["1602054205","An Giang",null]},{"Type":11,"SolrID":"/1602050793-cong-ty-tnhh-everwill-viet-nam","ID":0,"MaSoThue":"1602050793","NgayCap":"2017-09-26T00:00:00Z","Title":"Công Ty TNHH Everwill Việt Nam","DiaChiCongTy":"Quốc lộ 91, Ấp Mỹ Thiện, Xã Mỹ Đức, Huyện Châu Phú, Tỉnh An Giang","Created":"2017-09-26T08:44:05Z","Updated":"2017-09-26T08:44:05Z","IsDelete":false,"RequestChanged":false,"ExitsInGDT":false,"SourceID":0,"TinhThanhID":0,"TinhThanhTitle":"An Giang","TinhThanhTitleAscii":"/an-giang","QuanHuyenID":0,"NganhNgheTitle":"Sản xuất vải dệt kim, vải đan móc và vải không dệt khác","NganhNgheTitleAscii":"/nganh-nghe/san-xuat-vai-det-kim-vai-dan-moc-va-vai-khong-det-khac","DSTags":["1602050793","An Giang",null]},{"Type":11,"SolrID":"/1602043718-cong-ty-tnhh-mot-thanh-vien-dau-tu-du-lich-sen-hong","ID":0,"MaSoThue":"1602043718","NgayCap":"2017-06-23T00:00:00Z","Title":"Công Ty TNHH Một Thành Viên Đầu Tư Du Lịch Sen Hồng","DiaChiCongTy":"Ấp Mỹ Thành, Xã Mỹ Đức, Huyện Châu Phú, Tỉnh An Giang","Created":"2017-06-23T13:32:02Z","Updated":"2017-06-23T13:32:02Z","IsDelete":false,"RequestChanged":false,"ExitsInGDT":false,"SourceID":0,"TinhThanhID":0,"TinhThanhTitle":"An Giang","TinhThanhTitleAscii":"/an-giang","QuanHuyenID":0,"NganhNgheTitle":"Điều hành tua du lịch","NganhNgheTitleAscii":"/nganh-nghe/dieu-hanh-tua-du-lich","DSTags":["1602043718","An Giang",null]},{"Type":11,"SolrID":"/1602039292-cong-ty-tnhh-mot-thanh-vien-petro-nguyen-toan-chau-phu","ID":0,"MaSoThue":"1602039292","NgayCap":"2017-04-27T00:00:00Z","Title":"Công Ty TNHH Một Thành Viên Petro Nguyễn Toàn Châu Phú","DiaChiCongTy":"Số 122, Tổ 06, Ấp Mỹ Thạnh, Xã Mỹ Đức, Huyện Châu Phú, Tỉnh An Giang","Created":"2017-04-27T13:40:53Z","Updated":"2017-04-27T13:40:53Z","IsDelete":false,"RequestChanged":false,"ExitsInGDT":false,"SourceID":0,"TinhThanhID":0,"TinhThanhTitle":"An Giang","TinhThanhTitleAscii":"/an-giang","QuanHuyenID":0,"NganhNgheTitle":"Bán buôn nhiên liệu rắn, lỏng, khí và các sản phẩm liên quan","NganhNgheTitleAscii":"/nganh-nghe/ban-buon-nhien-lieu-ran-long-khi-va-cac-san-pham-lien-quan","DSTags":["1602039292","An Giang",null]},{"Type":11,"SolrID":"/1602026504-doanh-nghiep-tn-xang-dau-huong-duong","ID":0,"MaSoThue":"1602026504","NgayCap":"2016-12-14T00:00:00Z","Title":"Doanh Nghiệp Tn Xăng Dầu Hướng Dương","DiaChiCongTy":"Quốc lộ 91, Tổ 18, Ấp Mỹ Phó, Xã Mỹ Đức, Huyện Châu Phú, Tỉnh An Giang","Created":"2016-12-14T08:40:33Z","Updated":"2016-12-14T08:40:33Z","IsDelete":false,"RequestChanged":false,"ExitsInGDT":false,"SourceID":0,"TinhThanhID":0,"TinhThanhTitle":"An Giang","TinhThanhTitleAscii":"/an-giang","QuanHuyenID":0,"NganhNgheTitle":"Bán buôn nhiên liệu rắn, lỏng, khí và các sản phẩm liên quan","NganhNgheTitleAscii":"/nganh-nghe/ban-buon-nhien-lieu-ran-long-khi-va-cac-san-pham-lien-quan","DSTags":["1602026504","An Giang",null]},{"Type":11,"SolrID":"/1602016087-cong-ty-tnhh-mot-thanh-vien-quach-nghi","ID":0,"MaSoThue":"1602016087","NgayCap":"2016-08-08T00:00:00Z","Title":"CôNG TY TNHH MộT THàNH VIêN QUáCH NGHI","DiaChiCongTy":"Tổ 24, ấp Mỹ Phó - Xã Mỹ Đức - Huyện Châu Phú - An Giang","Created":"2016-08-09T08:45:10Z","Updated":"2016-09-10T17:46:25Z","IsDelete":false,"RequestChanged":false,"ExitsInGDT":false,"SourceID":0,"TinhThanhID":0,"TinhThanhTitle":"An Giang","TinhThanhTitleAscii":"/an-giang","QuanHuyenID":0,"DSTags":["1602016087","An Giang",null]},{"Type":11,"SolrID":"/1602003384-003-chi-nhanh-1-doanh-nghiep-tn-tro-choi-dien-tu-diem-my","ID":0,"MaSoThue":"1602003384-003","NgayCap":"2016-06-18T00:00:00Z","Title":"Chi Nhánh 1 Doanh Nghiệp TN Trò Chơi Điện Tử Diễm My","DiaChiCongTy":"Đường Lý Nam Đế, ấp Mỹ Chánh - Xã Mỹ Đức - Huyện Châu Phú - An Giang","Created":"2016-06-24T14:21:46Z","Updated":"2016-06-24T14:21:46Z","IsDelete":false,"RequestChanged":false,"ExitsInGDT":false,"SourceID":0,"TinhThanhID":0,"TinhThanhTitle":"An Giang","TinhThanhTitleAscii":"/an-giang","QuanHuyenID":0,"NganhNgheTitle":"Hoạt động vui chơi giải trí khác chưa được phân vào đâu","NganhNgheTitleAscii":"/nganh-nghe/hoat-dong-vui-choi-giai-tri-khac-chua-duoc-phan-vao-dau","DSTags":["1602003384-003","An Giang",null]},{"Type":11,"SolrID":"/1602005864-cong-ty-tnhh-mot-thanh-vien-thuong-mai-dich-vu-du-lich-sen-hong","ID":0,"MaSoThue":"1602005864","NgayCap":"2016-03-29T00:00:00Z","Title":"Công Ty TNHH Một Thành Viên Thương Mại Dịch Vụ Du Lịch Sen Hồng","DiaChiCongTy":"ấp Mỹ Thành - Xã Mỹ Đức - Huyện Châu Phú - An Giang","Created":"2016-04-04T19:24:43Z","Updated":"2016-04-04T19:24:43Z","IsDelete":false,"RequestChanged":false,"ExitsInGDT":false,"SourceID":0,"TinhThanhID":0,"TinhThanhTitle":"An Giang","TinhThanhTitleAscii":"/an-giang","QuanHuyenID":0,"NganhNgheTitle":"Điều hành tua du lịch","NganhNgheTitleAscii":"/nganh-nghe/dieu-hanh-tua-du-lich","DSTags":["1602005864","An Giang",null]},{"Type":11,"SolrID":"/1602002020-cong-ty-tnhh-mot-thanh-vien-san-xuat-thuong-mai-dich-vu-thien-duong","ID":0,"MaSoThue":"1602002020","NgayCap":"2016-02-18T00:00:00Z","Title":"Công Ty TNHH Một Thành Viên Sản Xuất Thương Mại Dịch Vụ Thiên Dương","DiaChiCongTy":"Số 1399/25, Quốc lộ 91, ấp Mỹ Phó - Xã Mỹ Đức - Huyện Châu Phú - An Giang","Created":"2016-02-29T12:04:47Z","Updated":"2016-02-29T12:04:47Z","IsDelete":false,"RequestChanged":false,"ExitsInGDT":false,"SourceID":0,"TinhThanhID":0,"TinhThanhTitle":"An Giang","TinhThanhTitleAscii":"/an-giang","QuanHuyenID":0,"NganhNgheTitle":"Bán buôn đồ dùng khác cho gia đình","NganhNgheTitleAscii":"/nganh-nghe/ban-buon-do-dung-khac-cho-gia-dinh","DSTags":["1602002020","An Giang",null]},{"Type":11,"SolrID":"/1602001669-cong-ty-tnhh-mot-thanh-vien-nha-may-san-xuat-be-tong-nam-cuong","ID":0,"MaSoThue":"1602001669","NgayCap":"2016-02-17T00:00:00Z","Title":"Công Ty TNHH Một Thành Viên Nhà Máy Sản Xuất Bê Tông Năm Cường","DiaChiCongTy":"Tổ 8, ấp Mỹ Thiện - Xã Mỹ Đức - Huyện Châu Phú - An Giang","Created":"2016-02-18T13:19:54Z","Updated":"2016-02-18T13:19:54Z","IsDelete":false,"RequestChanged":false,"ExitsInGDT":false,"SourceID":0,"TinhThanhID":0,"TinhThanhTitle":"An Giang","TinhThanhTitleAscii":"/an-giang","QuanHuyenID":0,"NganhNgheTitle":"Sản xuất bê tông và các sản phẩm từ xi măng và thạch cao","NganhNgheTitleAscii":"/nganh-nghe/san-xuat-be-tong-va-cac-san-pham-tu-xi-mang-va-thach-cao","DSTags":["1602001669","An Giang",null]},{"Type":11,"SolrID":"/1601987706-002-chi-nhanh-1-cong-ty-tnhh-mot-thanh-vien-thuong-mai-dich-vu-vui-choi-giai-tri-thien-duong","ID":0,"MaSoThue":"1601987706-002","NgayCap":"2016-01-16T00:00:00Z","Title":"Chi Nhánh 1 Công Ty TNHH Một Thành Viên Thương Mại Dịch Vụ Vui Chơi Giải Trí Thiên Đường","DiaChiCongTy":"Tổ 7, ấp Mỹ Chánh - Xã Mỹ Đức - Huyện Châu Phú - An Giang","Created":"2016-01-21T23:04:56Z","Updated":"2016-01-21T23:04:56Z","IsDelete":false,"RequestChanged":false,"ExitsInGDT":false,"SourceID":0,"TinhThanhID":0,"TinhThanhTitle":"An Giang","TinhThanhTitleAscii":"/an-giang","QuanHuyenID":0,"NganhNgheTitle":"Bán buôn đồ dùng khác cho gia đình","NganhNgheTitleAscii":"/nganh-nghe/ban-buon-do-dung-khac-cho-gia-dinh","DSTags":["1601987706-002","An Giang",null]},{"Type":11,"SolrID":"/1601994710-cong-ty-cp-theu-may-hai-den-chau-doc","ID":0,"MaSoThue":"1601994710","NgayCap":"2015-12-23T00:00:00Z","Title":"Công Ty CP May Thêu Hải Đến Châu Đốc","DiaChiCongTy":"ấp Mỹ Thiện - Xã Mỹ Đức - Huyện Châu Phú - An Giang.","Created":"2015-12-25T05:24:54Z","Updated":"2016-08-30T13:05:46Z","IsDelete":false,"RequestChanged":false,"ExitsInGDT":false,"SourceID":0,"TinhThanhID":0,"TinhThanhTitle":"An Giang","TinhThanhTitleAscii":"/an-giang","QuanHuyenID":0,"NganhNgheTitle":"May trang phục (trừ trang phục từ da lông thú)","NganhNgheTitleAscii":"/nganh-nghe/may-trang-phuc-tru-trang-phuc-tu-da-long-thu","DSTags":["1601994710","An Giang",null]},{"Type":11,"SolrID":"/1601992230-cong-ty-tnhh-mot-thanh-vien-dau-tu-thuong-mai-dich-vu-hien-minh","ID":0,"MaSoThue":"1601992230","NgayCap":"2015-12-16T00:00:00Z","Title":"Công Ty TNHH Một Thành Viên Đầu Tư Thương Mại Dịch Vụ Hiền Minh","DiaChiCongTy":"Số 29, Lô A, Chợ Mỹ Đức, ấp Mỹ Thiện - Xã Mỹ Đức - Huyện Châu Phú - An Giang","Created":"2015-12-19T02:19:54Z","Updated":"2015-12-19T02:19:54Z","IsDelete":false,"RequestChanged":false,"ExitsInGDT":false,"SourceID":0,"TinhThanhID":0,"TinhThanhTitle":"An Giang","TinhThanhTitleAscii":"/an-giang","QuanHuyenID":0,"NganhNgheTitle":"Bán buôn đồ dùng khác cho gia đình","NganhNgheTitleAscii":"/nganh-nghe/ban-buon-do-dung-khac-cho-gia-dinh","DSTags":["1601992230","An Giang",null]},{"Type":11,"SolrID":"/1601985473-cong-ty-tnhh-mot-thanh-vien-my-pham-hoan-kim","ID":0,"MaSoThue":"1601985473","NgayCap":"2015-10-15T00:00:00Z","Title":"Công Ty TNHH Một Thành Viên Mỹ Phẩm Hoàn Kim","DiaChiCongTy":"Số 24, ấp Mỹ Chánh - Xã Mỹ Đức - Huyện Châu Phú - An Giang","Created":"2015-11-19T10:33:14Z","Updated":"2015-11-19T10:33:14Z","IsDelete":false,"RequestChanged":false,"ExitsInGDT":false,"SourceID":0,"TinhThanhID":0,"TinhThanhTitle":"An Giang","TinhThanhTitleAscii":"/an-giang","QuanHuyenID":0,"NganhNgheTitle":"Sản xuất mỹ phẩm, xà phòng, chất tẩy rửa, làm bóng và chế phẩm vệ sinh","NganhNgheTitleAscii":"/nganh-nghe/san-xuat-my-pham-xa-phong-chat-tay-rua-lam-bong-va-che-pham-ve-sinh","DSTags":["1601985473","An Giang",null]},{"Type":11,"SolrID":"/1601982289-doanh-nghiep-tn-van-chuyen-hang-hoa-bao-vy","ID":0,"MaSoThue":"1601982289","NgayCap":"2015-09-07T00:00:00Z","Title":"Doanh Nghiệp TN Vận Chuyển Hàng Hóa Bảo Vy","DiaChiCongTy":"Khu Thương Mại Nam Châu Đốc, đường Mai Trúc Loan - Xã Mỹ Đức - Huyện Châu Phú - An Giang","Created":"2015-11-19T01:05:43Z","Updated":"2015-11-19T01:05:43Z","IsDelete":false,"RequestChanged":false,"ExitsInGDT":false,"SourceID":0,"TinhThanhID":0,"TinhThanhTitle":"An Giang","TinhThanhTitleAscii":"/an-giang","QuanHuyenID":0,"NganhNgheTitle":"Vận tải hàng hóa bằng đường bộ","NganhNgheTitleAscii":"/nganh-nghe/van-tai-hang-hoa-bang-duong-bo","DSTags":["1601982289","An Giang",null]},{"Type":11,"SolrID":"/1601979286-cong-ty-tnhh-mot-thanh-vien-toan-chau-phu","ID":0,"MaSoThue":"1601979286","NgayCap":"2015-07-30T00:00:00Z","Title":"Công Ty TNHH Một Thành Viên Toản Châu Phú","DiaChiCongTy":"ấp Mỹ Chánh - Xã Mỹ Đức - Huyện Châu Phú - An Giang","Created":"2015-11-18T21:44:15Z","Updated":"2015-11-18T21:44:15Z","IsDelete":false,"RequestChanged":false,"ExitsInGDT":false,"SourceID":0,"TinhThanhID":0,"TinhThanhTitle":"An Giang","TinhThanhTitleAscii":"/an-giang","QuanHuyenID":0,"NganhNgheTitle":"Xây dựng nhà các loại","NganhNgheTitleAscii":"/nganh-nghe/xay-dung-nha-cac-loai","DSTags":["1601979286","An Giang",null]},{"Type":11,"SolrID":"/1601978211-cong-ty-tnhh-mot-thanh-vien-van-khoa-nguyen","ID":0,"MaSoThue":"1601978211","NgayCap":"2015-07-17T00:00:00Z","Title":"Công Ty TNHH Một Thành Viên Vạn Khoa Nguyên","DiaChiCongTy":"Ấp Mỹ Chánh, Xã Mỹ Đức, Huyện Châu Phú, Tỉnh An Giang","Created":"2015-11-18T20:12:20Z","Updated":"2019-09-30T10:55:15Z","IsDelete":false,"RequestChanged":false,"ExitsInGDT":false,"SourceID":0,"TinhThanhID":0,"TinhThanhTitle":"An Giang","TinhThanhTitleAscii":"/an-giang","QuanHuyenID":0,"NganhNgheTitle":"Bán buôn thực phẩm","NganhNgheTitleAscii":"/nganh-nghe/ban-buon-thuc-pham","DSTags":["1601978211","An Giang",null]},{"Type":11,"SolrID":"/1601977063-cong-ty-tnhh-mot-thanh-vien-xay-dung-thuong-mai-dich-vu-thien-tinh","ID":0,"MaSoThue":"1601977063","NgayCap":"2015-07-03T00:00:00Z","Title":"Công Ty TNHH Một Thành Viên Xây Dựng Thương Mại Dịch Vụ Thiện Tính","DiaChiCongTy":"Số 228/6, Tổ 6, ấp Mỹ Chánh - Xã Mỹ Đức - Huyện Châu Phú - An Giang","Created":"2015-11-18T18:57:02Z","Updated":"2016-09-11T01:31:30Z","IsDelete":false,"RequestChanged":false,"ExitsInGDT":false,"SourceID":0,"TinhThanhID":0,"TinhThanhTitle":"An Giang","TinhThanhTitleAscii":"/an-giang","QuanHuyenID":0,"DSTags":["1601977063","An Giang",null]},{"Type":11,"SolrID":"/1601971819-cong-ty-tnhh-mot-thanh-vien-mai-truong-toan","ID":0,"MaSoThue":"1601971819","NgayCap":"2015-05-12T00:00:00Z","Title":"Công Ty TNHH Một Thành Viên Mai Trường Toản","DiaChiCongTy":"Trung tâm Thương Mại Nam Châu Đốc, Tổ 14, ấp Mỹ Chánh - Xã Mỹ Đức - Huyện Châu Phú - An Giang","Created":"2015-11-17T13:14:34Z","Updated":"2015-11-17T13:14:34Z","IsDelete":false,"RequestChanged":false,"ExitsInGDT":false,"SourceID":0,"TinhThanhID":0,"TinhThanhTitle":"An Giang","TinhThanhTitleAscii":"/an-giang","QuanHuyenID":0,"NganhNgheTitle":"Xây dựng nhà các loại","NganhNgheTitleAscii":"/nganh-nghe/xay-dung-nha-cac-loai","DSTags":["1601971819","An Giang",null]},{"Type":11,"SolrID":"/1601917794-cong-ty-tnhh-mot-thanh-vien-quach-hung","ID":0,"MaSoThue":"1601917794","NgayCap":"2014-04-11T00:00:00Z","Title":"Công Ty TNHH Một Thành Viên Quách Hưng","DiaChiCongTy":"Tổ 18, ấp Mỹ Phó - Xã Mỹ Đức - Huyện Châu Phú - An Giang","Created":"2015-11-09T16:17:08Z","Updated":"2015-11-09T16:17:08Z","IsDelete":false,"RequestChanged":false,"ExitsInGDT":false,"SourceID":0,"TinhThanhID":0,"TinhThanhTitle":"An Giang","TinhThanhTitleAscii":"/an-giang","QuanHuyenID":0,"NganhNgheTitle":"Bán buôn vật liệu, thiết bị lắp đặt khác trong xây dựng","NganhNgheTitleAscii":"/nganh-nghe/ban-buon-vat-lieu-thiet-bi-lap-dat-khac-trong-xay-dung","DSTags":["1601917794","An Giang",null]},{"Type":11,"SolrID":"/1601906841-cong-ty-tnhh-mot-thanh-vien-my-viet-nhat","ID":0,"MaSoThue":"1601906841","NgayCap":"2014-01-14T00:00:00Z","Title":"Công Ty TNHH Một Thành Viên Mỹ Việt Nhật","DiaChiCongTy":"Lô 23-24-25, đường Triệu Thị Trinh - Xã Mỹ Đức - Huyện Châu Phú - An Giang","Created":"2015-11-09T14:39:42Z","Updated":"2015-11-09T14:39:42Z","IsDelete":false,"RequestChanged":false,"ExitsInGDT":false,"SourceID":0,"TinhThanhID":0,"TinhThanhTitle":"An Giang","TinhThanhTitleAscii":"/an-giang","QuanHuyenID":0,"NganhNgheTitle":"Bán buôn đồ dùng khác cho gia đình","NganhNgheTitleAscii":"/nganh-nghe/ban-buon-do-dung-khac-cho-gia-dinh","DSTags":["1601906841","An Giang",null]},{"Type":11,"SolrID":"/1601901586-cong-ty-tnhh-mot-thanh-vien-truong-nguyen-phat","ID":0,"MaSoThue":"1601901586","NgayCap":"2013-12-28T00:00:00Z","Title":"Công Ty TNHH Một Thành Viên Trương Nguyễn Phát","DiaChiCongTy":"Số 21, Đường số 4, Ttâm thương mại Nam Châu Đốc, ấp Mỹ Chánh - Xã Mỹ Đức - Huyện Châu Phú - An Giang","Created":"2015-11-09T21:41:31Z","Updated":"2015-11-09T21:41:31Z","IsDelete":false,"RequestChanged":false,"ExitsInGDT":false,"SourceID":0,"TinhThanhID":0,"TinhThanhTitle":"An Giang","TinhThanhTitleAscii":"/an-giang","QuanHuyenID":0,"NganhNgheTitle":"Bán phụ tùng và các bộ phận phụ trợ của mô tô, xe máy","NganhNgheTitleAscii":"/nganh-nghe/ban-phu-tung-va-cac-bo-phan-phu-tro-cua-mo-to-xe-may","DSTags":["1601901586","An Giang",null]},{"Type":11,"SolrID":"/1601886803-cong-ty-tnhh-thuong-mai-dich-vu-thien-thien-xuan-chau-phu","ID":0,"MaSoThue":"1601886803","NgayCap":"2013-08-19T00:00:00Z","Title":"Công Ty TNHH Thương Mại Dịch Vụ Thiên Thiên Xuân Châu Phú","DiaChiCongTy":"Đường số 11, TTTM Nam Châu Đốc, ấp Mỹ Chánh - Xã Mỹ Đức - Huyện Châu Phú - An Giang","Created":"2015-11-09T20:23:10Z","Updated":"2015-11-09T20:23:10Z","IsDelete":false,"RequestChanged":false,"ExitsInGDT":false,"SourceID":0,"TinhThanhID":0,"TinhThanhTitle":"An Giang","TinhThanhTitleAscii":"/an-giang","QuanHuyenID":0,"NganhNgheTitle":"Vận tải hành khách đường bộ trong nội thành, ngoại thành (trừ vận tải bằng xe buýt)","NganhNgheTitleAscii":"/nganh-nghe/van-tai-hanh-khach-duong-bo-trong-noi-thanh-ngoai-thanh-tru-van-tai-bang-xe-buyt","DSTags":["1601886803","An Giang",null]},{"Type":11,"SolrID":"/1601885373-cong-ty-tnhh-an-luc-phat","ID":0,"MaSoThue":"1601885373","NgayCap":"2013-08-05T00:00:00Z","Title":"Công Ty TNHH An Lục Phát","DiaChiCongTy":"ấp Mỹ Chánh - Xã Mỹ Đức - Huyện Châu Phú - An Giang","Created":"2015-11-11T19:32:37Z","Updated":"2015-11-11T19:32:37Z","IsDelete":false,"RequestChanged":false,"ExitsInGDT":false,"SourceID":0,"TinhThanhID":0,"TinhThanhTitle":"An Giang","TinhThanhTitleAscii":"/an-giang","QuanHuyenID":0,"NganhNgheTitle":"Xây dựng nhà các loại","NganhNgheTitleAscii":"/nganh-nghe/xay-dung-nha-cac-loai","DSTags":["1601885373","An Giang",null]},{"Type":11,"SolrID":"/1601882037-doanh-nghiep-tn-tiem-vang-dat-thanh","ID":0,"MaSoThue":"1601882037","NgayCap":"2013-06-28T00:00:00Z","Title":"Doanh Nghiệp TN Tiệm Vàng Đạt Thành","DiaChiCongTy":"Số 30, Lô A, chợ Mỹ Đức, ấp Mỹ Thiện - Xã Mỹ Đức - Huyện Châu Phú - An Giang","Created":"2015-11-16T21:20:00Z","Updated":"2015-11-16T21:20:00Z","IsDelete":false,"RequestChanged":false,"ExitsInGDT":false,"SourceID":0,"TinhThanhID":0,"TinhThanhTitle":"An Giang","TinhThanhTitleAscii":"/an-giang","QuanHuyenID":0,"NganhNgheTitle":"Bán buôn kim loại và quặng kim loại","NganhNgheTitleAscii":"/nganh-nghe/ban-buon-kim-loai-va-quang-kim-loai","DSTags":["1601882037","An Giang",null]},{"Type":11,"SolrID":"/1601881731-doanh-nghiep-tn-tiem-vang-ngan-ha-chau-phu","ID":0,"MaSoThue":"1601881731","NgayCap":"2013-06-26T00:00:00Z","Title":"Doanh Nghiệp TN Tiệm Vàng Ngân Hà Châu Phú","DiaChiCongTy":"Số 413, ấp Mỹ Chánh - Xã Mỹ Đức - Huyện Châu Phú - An Giang","Created":"2015-11-16T21:24:27Z","Updated":"2015-11-16T21:24:27Z","IsDelete":false,"RequestChanged":false,"ExitsInGDT":false,"SourceID":0,"TinhThanhID":0,"TinhThanhTitle":"An Giang","TinhThanhTitleAscii":"/an-giang","QuanHuyenID":0,"NganhNgheTitle":"Bán buôn kim loại và quặng kim loại","NganhNgheTitleAscii":"/nganh-nghe/ban-buon-kim-loai-va-quang-kim-loai","DSTags":["1601881731","An Giang",null]},{"Type":11,"SolrID":"/1601874653-doanh-nghiep-tn-tiem-vang-hang-hoa","ID":0,"MaSoThue":"1601874653","NgayCap":"2013-05-16T00:00:00Z","Title":"Doanh Nghiệp TN Tiệm Vàng Hằng Hóa","DiaChiCongTy":"Tổ 8, ấp Mỹ Thiện - Xã Mỹ Đức - Huyện Châu Phú - An Giang","Created":"2015-11-17T00:57:18Z","Updated":"2015-11-17T00:57:18Z","IsDelete":false,"RequestChanged":false,"ExitsInGDT":false,"SourceID":0,"TinhThanhID":0,"TinhThanhTitle":"An Giang","TinhThanhTitleAscii":"/an-giang","QuanHuyenID":0,"NganhNgheTitle":"Bán buôn kim loại và quặng kim loại","NganhNgheTitleAscii":"/nganh-nghe/ban-buon-kim-loai-va-quang-kim-loai","DSTags":["1601874653","An Giang",null]},{"Type":11,"SolrID":"/1601874678-doanh-nghiep-tn-tiem-vang-hoa-binh","ID":0,"MaSoThue":"1601874678","NgayCap":"2013-05-16T00:00:00Z","Title":"Doanh Nghiệp TN Tiệm Vàng Hòa Bình","DiaChiCongTy":"Kios C1, Chợ Mỹ Đức, ấp Mỹ Thiện - Xã Mỹ Đức - Huyện Châu Phú - An Giang","Created":"2015-11-18T04:47:01Z","Updated":"2015-11-18T04:47:01Z","IsDelete":false,"RequestChanged":false,"ExitsInGDT":false,"SourceID":0,"TinhThanhID":0,"TinhThanhTitle":"An Giang","TinhThanhTitleAscii":"/an-giang","QuanHuyenID":0,"NganhNgheTitle":"Bán buôn kim loại và quặng kim loại","NganhNgheTitleAscii":"/nganh-nghe/ban-buon-kim-loai-va-quang-kim-loai","DSTags":["1601874678","An Giang",null]},{"Type":11,"SolrID":"/1601864158-doanh-nghiep-tn-phuoc-yen","ID":0,"MaSoThue":"1601864158","NgayCap":"2013-02-28T00:00:00Z","Title":"Doanh Nghiệp TN Phước Yến","DiaChiCongTy":"ấp Mỹ Thiện - Xã Mỹ Đức - Huyện Châu Phú - An Giang","Created":"2015-11-16T22:29:53Z","Updated":"2015-11-16T22:29:53Z","IsDelete":false,"RequestChanged":false,"ExitsInGDT":false,"SourceID":0,"TinhThanhID":0,"TinhThanhTitle":"An Giang","TinhThanhTitleAscii":"/an-giang","QuanHuyenID":0,"NganhNgheTitle":"Bán buôn kim loại và quặng kim loại","NganhNgheTitleAscii":"/nganh-nghe/ban-buon-kim-loai-va-quang-kim-loai","DSTags":["1601864158","An Giang",null]},{"Type":11,"SolrID":"/1601862778-cong-ty-tnhh-mot-thanh-vien-san-xuat-thuong-mai-dich-vu-xuat-nhap-khau-thanh-thanh-tuan","ID":0,"MaSoThue":"1601862778","NgayCap":"2013-02-20T00:00:00Z","Title":"Công Ty TNHH Một Thành Viên Sản Xuất Thương Mại Dịch Vụ Xuất Nhập Khẩu Thành Thành Tuấn","DiaChiCongTy":"Số 11+14 Trung tâm thương mại Nam Châu Đốc, ấp Mỹ Chánh - Xã Mỹ Đức - Huyện Châu Phú - An Giang","Created":"2015-11-09T12:47:14Z","Updated":"2015-11-09T12:47:14Z","IsDelete":false,"RequestChanged":false,"ExitsInGDT":false,"SourceID":0,"TinhThanhID":0,"TinhThanhTitle":"An Giang","TinhThanhTitleAscii":"/an-giang","QuanHuyenID":0,"NganhNgheTitle":"Bán buôn đồ dùng khác cho gia đình","NganhNgheTitleAscii":"/nganh-nghe/ban-buon-do-dung-khac-cho-gia-dinh","DSTags":["1601862778","An Giang",null]},{"Type":11,"SolrID":"/1601757364-cong-ty-tnhh-mot-thanh-vien-sx-nuoc-giai-khat-tm-xnk-tran-minh-tung","ID":0,"MaSoThue":"1601757364","NgayCap":"2012-06-04T00:00:00Z","Title":"Công Ty TNHH Một Thành Viên Sx Nước Giải Khát Tm Xnk Trần Minh Tùng","DiaChiCongTy":"Tổ 10, ấp Mỹ Chánh - Xã Mỹ Đức - Huyện Châu Phú - An Giang","Created":"2015-11-16T10:59:28Z","Updated":"2015-11-16T10:59:28Z","IsDelete":false,"RequestChanged":false,"ExitsInGDT":false,"SourceID":0,"TinhThanhID":0,"TinhThanhTitle":"An Giang","TinhThanhTitleAscii":"/an-giang","QuanHuyenID":0,"NganhNgheTitle":"Sản xuất đồ uống không cồn, nước khoáng","NganhNgheTitleAscii":"/nganh-nghe/san-xuat-do-uong-khong-con-nuoc-khoang","DSTags":["1601757364","An Giang",null]},{"Type":11,"SolrID":"/1601732553-van-phong-luat-su-chau-doc","ID":0,"MaSoThue":"1601732553","NgayCap":"2012-05-03T00:00:00Z","Title":"Văn Phòng Luật Sư Châu Đốc","DiaChiCongTy":"Số 1245 Quốc lộ 91, ấp Mỹ Phố - Xã Mỹ Đức - Huyện Châu Phú - An Giang","Created":"2015-11-17T07:39:15Z","Updated":"2015-11-17T07:39:15Z","IsDelete":false,"RequestChanged":false,"ExitsInGDT":false,"SourceID":0,"TinhThanhID":0,"TinhThanhTitle":"An Giang","TinhThanhTitleAscii":"/an-giang","QuanHuyenID":0,"NganhNgheTitle":"Hoạt động pháp luật","NganhNgheTitleAscii":"/nganh-nghe/hoat-dong-phap-luat","DSTags":["1601732553","An Giang",null]},{"Type":11,"SolrID":"/1601648365-cong-ty-tnhh-mot-thanh-vien-xnk-viet-vo","ID":0,"MaSoThue":"1601648365","NgayCap":"2012-01-20T00:00:00Z","Title":"Công Ty TNHH Một Thành Viên Xnk Việt Võ","DiaChiCongTy":"Số 29, Lô A, Trung tâm Thương mại Chợ Mỹ Đức, ấp Mỹ Thiện - Xã Mỹ Đức - Huyện Châu Phú - An Giang","Created":"2015-11-10T01:44:27Z","Updated":"2015-11-10T01:44:27Z","IsDelete":false,"RequestChanged":false,"ExitsInGDT":false,"SourceID":0,"TinhThanhID":0,"TinhThanhTitle":"An Giang","TinhThanhTitleAscii":"/an-giang","QuanHuyenID":0,"NganhNgheTitle":"Bán buôn đồ uống","NganhNgheTitleAscii":"/nganh-nghe/ban-buon-do-uong","DSTags":["1601648365","An Giang",null]},{"Type":11,"SolrID":"/1601576216-cong-ty-cp-duoc-pham-chau-an","ID":0,"MaSoThue":"1601576216","NgayCap":"2011-10-17T00:00:00Z","Title":"Công Ty CP Dược Phẩm Châu An","DiaChiCongTy":"Số 217 Lê Văn Cường, tổ 6, ấp Mỹ Chánh - Xã Mỹ Đức - Huyện Châu Phú - An Giang","Created":"2015-11-10T01:45:04Z","Updated":"2015-11-10T01:45:04Z","IsDelete":false,"RequestChanged":false,"ExitsInGDT":false,"SourceID":0,"TinhThanhID":0,"TinhThanhTitle":"An Giang","TinhThanhTitleAscii":"/an-giang","QuanHuyenID":0,"NganhNgheTitle":"Bán buôn đồ dùng khác cho gia đình","NganhNgheTitleAscii":"/nganh-nghe/ban-buon-do-dung-khac-cho-gia-dinh","DSTags":["1601576216","An Giang",null]},{"Type":11,"SolrID":"/1601503930-cong-ty-tnhh-van-loc-phu","ID":0,"MaSoThue":"1601503930","NgayCap":"2011-07-07T00:00:00Z","Title":"Công Ty TNHH Vạn Lộc Phú","DiaChiCongTy":"QL 91, ấp Mỹ Chánh - Xã Mỹ Đức - Huyện Châu Phú - An Giang","Created":"2015-11-09T18:05:18Z","Updated":"2015-11-09T18:05:18Z","IsDelete":false,"RequestChanged":false,"ExitsInGDT":false,"SourceID":0,"TinhThanhID":0,"TinhThanhTitle":"An Giang","TinhThanhTitleAscii":"/an-giang","QuanHuyenID":0,"NganhNgheTitle":"Sản xuất sản phẩm từ plastic","NganhNgheTitleAscii":"/nganh-nghe/san-xuat-san-pham-tu-plastic","DSTags":["1601503930","An Giang",null]},{"Type":11,"SolrID":"/1601495609-hop-tac-xa-thuy-san-chau-phu","ID":0,"MaSoThue":"1601495609","NgayCap":"2011-06-08T00:00:00Z","Title":"Hợp Tác Xã Thuỷ Sản Châu Phú","DiaChiCongTy":"Tổ 20, ấp Mỹ Thiện, xã Mỹ Đức - Huyện Châu Phú - An Giang","Created":"2015-11-18T05:43:29Z","Updated":"2015-11-18T05:43:29Z","IsDelete":false,"RequestChanged":false,"ExitsInGDT":false,"SourceID":0,"TinhThanhID":0,"TinhThanhTitle":"An Giang","TinhThanhTitleAscii":"/an-giang","QuanHuyenID":0,"NganhNgheTitle":"Chế biến và bảo quản thuỷ sản đông lạnh","NganhNgheTitleAscii":"/nganh-nghe/che-bien-va-bao-quan-thuy-san-dong-lanh","DSTags":["1601495609","An Giang",null]},{"Type":11,"SolrID":"/3700754914-005-cong-ty-co-phan-duoc-pham-glomed-van-phong-dai-dien-an-giang","ID":0,"MaSoThue":"3700754914-005","NgayCap":"2011-05-26T00:00:00Z","Title":"Công Ty Cổ Phần Dược Phẩm Glomed - Văn Phòng Đại Diện An Giang","DiaChiCongTy":"Số 217 Lê Văn Cường, Tổ 6, ấp Mỹ Chánh - Xã Mỹ Đức - Huyện Châu Phú - An Giang","Created":"2015-11-18T13:04:51Z","Updated":"2015-11-18T13:04:51Z","IsDelete":false,"RequestChanged":false,"ExitsInGDT":false,"SourceID":0,"TinhThanhID":0,"TinhThanhTitle":"An Giang","TinhThanhTitleAscii":"/an-giang","QuanHuyenID":0,"NganhNgheTitle":"Sản xuất thuốc, hoá dược và dược liệu","NganhNgheTitleAscii":"/nganh-nghe/san-xuat-thuoc-hoa-duoc-va-duoc-lieu-2100","DSTags":["3700754914-005","An Giang",null]},{"Type":11,"SolrID":"/1600184590-049-chi-nhanh-cong-ty-tnhh-mot-thanh-vien-xang-dau-an-giang-cua-hang-xang-dau-my-duc","ID":0,"MaSoThue":"1600184590-049","NgayCap":"2010-12-13T00:00:00Z","Title":"Chi Nhánh Công Ty TNHH Một Thành Viên Xăng Dầu An Giang-Cửa Hàng Xăng Dầu Mỹ Đức","DiaChiCongTy":"Quốc lộ 91, ấp Mỹ Thiện - Xã Mỹ Đức - Huyện Châu Phú - An Giang","Created":"2015-11-10T01:38:19Z","Updated":"2015-11-10T01:38:19Z","IsDelete":false,"RequestChanged":false,"ExitsInGDT":false,"SourceID":0,"TinhThanhID":0,"TinhThanhTitle":"An Giang","TinhThanhTitleAscii":"/an-giang","QuanHuyenID":0,"NganhNgheTitle":"Bán buôn nhiên liệu rắn, lỏng, khí và các sản phẩm liên quan","NganhNgheTitleAscii":"/nganh-nghe/ban-buon-nhien-lieu-ran-long-khi-va-cac-san-pham-lien-quan","DSTags":["1600184590-049","An Giang",null]},{"Type":11,"SolrID":"/1601352128-doanh-nghiep-tn-huu-the","ID":0,"MaSoThue":"1601352128","NgayCap":"2010-05-25T00:00:00Z","Title":"Doanh Nghiệp TN Hữu Thế","DiaChiCongTy":"Số 1020, Tổ 24, ấp Mỹ Phó - Xã Mỹ Đức - Huyện Châu Phú - An Giang","Created":"2015-11-09T11:55:40Z","Updated":"2015-11-09T11:55:40Z","IsDelete":false,"RequestChanged":false,"ExitsInGDT":false,"SourceID":0,"TinhThanhID":0,"TinhThanhTitle":"An Giang","TinhThanhTitleAscii":"/an-giang","QuanHuyenID":0,"NganhNgheTitle":"Bán buôn máy móc, thiết bị và phụ tùng máy khác","NganhNgheTitleAscii":"/nganh-nghe/ban-buon-may-moc-thiet-bi-va-phu-tung-may-khac","DSTags":["1601352128","An Giang",null]},{"Type":11,"SolrID":"/1601337017-cty-tnhh-xay-dung-dang-khoa","ID":0,"MaSoThue":"1601337017","NgayCap":"2010-05-07T00:00:00Z","Title":"Cty TNHH Xây Dựng Đăng Khoa","DiaChiCongTy":"Tổ 14 ấp Mỹ Chánh - Xã Mỹ Đức - Huyện Châu Phú - An Giang","Created":"2015-11-11T12:00:39Z","Updated":"2015-11-11T12:00:39Z","IsDelete":false,"RequestChanged":false,"ExitsInGDT":false,"SourceID":0,"TinhThanhID":0,"TinhThanhTitle":"An Giang","TinhThanhTitleAscii":"/an-giang","QuanHuyenID":0,"NganhNgheTitle":"Xây dựng công trình kỹ thuật dân dụng","NganhNgheTitleAscii":"/nganh-nghe/xay-dung-cong-trinh-ky-thuat-dan-dung","DSTags":["1601337017","An Giang",null]},{"Type":11,"SolrID":"/1601327629-cong-ty-tnhh-mot-thanh-vien-thien-hung","ID":0,"MaSoThue":"1601327629","NgayCap":"2010-04-12T00:00:00Z","Title":"Công Ty TNHH Một Thành Viên Thiên Hưng","DiaChiCongTy":"Tổ 18, ấp Mỹ Phó - Xã Mỹ Đức - Huyện Châu Phú - An Giang","Created":"2015-11-09T12:26:48Z","Updated":"2015-11-09T12:26:48Z","IsDelete":false,"RequestChanged":false,"ExitsInGDT":false,"SourceID":0,"TinhThanhID":0,"TinhThanhTitle":"An Giang","TinhThanhTitleAscii":"/an-giang","QuanHuyenID":0,"NganhNgheTitle":"Bán buôn vật liệu, thiết bị lắp đặt khác trong xây dựng","NganhNgheTitleAscii":"/nganh-nghe/ban-buon-vat-lieu-thiet-bi-lap-dat-khac-trong-xay-dung","DSTags":["1601327629","An Giang",null]},{"Type":11,"SolrID":"/1601229614-cong-ty-tnhh-san-xuat-thuong-mai-gia-bao","ID":0,"MaSoThue":"1601229614","NgayCap":"2009-11-04T00:00:00Z","Title":"Công Ty TNHH Sản Xuất Thương Mại Gia Bảo","DiaChiCongTy":"Quốc lộ 91 - Xã Mỹ Đức - Huyện Châu Phú - An Giang","Created":"2015-11-09T03:35:59Z","Updated":"2015-11-09T03:35:59Z","IsDelete":false,"RequestChanged":false,"ExitsInGDT":false,"SourceID":0,"TinhThanhID":0,"TinhThanhTitle":"An Giang","TinhThanhTitleAscii":"/an-giang","QuanHuyenID":0,"NganhNgheTitle":"Bán buôn nông, lâm sản nguyên liệu (trừ gỗ, tre, nứa) và động vật sống","NganhNgheTitleAscii":"/nganh-nghe/ban-buon-nong-lam-san-nguyen-lieu-tru-go-tre-nua-va-dong-vat-song","DSTags":["1601229614","An Giang",null]},{"Type":11,"SolrID":"/1601181200-htx-nong-nghiep-duc-thanh","ID":0,"MaSoThue":"1601181200","NgayCap":"2009-06-24T00:00:00Z","Title":"HTX Nông Nghiệp Đức Thành","DiaChiCongTy":"4A/4, đường Lê Văn Cường, ấp Mỹ Phó - Xã Mỹ Đức - Huyện Châu Phú - An Giang","Created":"2015-11-16T12:51:16Z","Updated":"2015-11-16T12:51:16Z","IsDelete":false,"RequestChanged":false,"ExitsInGDT":false,"SourceID":0,"TinhThanhID":0,"TinhThanhTitle":"An Giang","TinhThanhTitleAscii":"/an-giang","QuanHuyenID":0,"NganhNgheTitle":"Nông nghiệp và hoạt động dịch vụ có liên quan","NganhNgheTitleAscii":"/nganh-nghe/nong-nghiep-va-hoat-dong-dich-vu-co-lien-quan","DSTags":["1601181200","An Giang",null]},{"Type":11,"SolrID":"/1601063493-cty-tnhh-my-my-hung","ID":0,"MaSoThue":"1601063493","NgayCap":"2009-03-25T00:00:00Z","Title":"Cty TNHH Mỹ Mỹ Hưng","DiaChiCongTy":"QL 91, ấp Mỹ Chánh, Xã Mỹ Đức - Huyện Châu Phú - An Giang","Created":"2015-11-11T06:55:10Z","Updated":"2015-11-11T06:55:10Z","IsDelete":false,"RequestChanged":false,"ExitsInGDT":false,"SourceID":0,"TinhThanhID":0,"TinhThanhTitle":"An Giang","TinhThanhTitleAscii":"/an-giang","QuanHuyenID":0,"NganhNgheTitle":"Bán buôn chuyên doanh khác","NganhNgheTitleAscii":"/nganh-nghe/ban-buon-chuyen-doanh-khac","DSTags":["1601063493","An Giang",null]},{"Type":11,"SolrID":"/1600979614-truong-tieu-hoc-c-my-duc","ID":0,"MaSoThue":"1600979614","NgayCap":"2008-10-06T00:00:00Z","Title":"Trường Tiểu Học C Mỹ Đức","DiaChiCongTy":"ấp Mỹ Thành, xã Mỹ Đức - Huyện Châu Phú - An Giang","Created":"2015-11-16T19:10:34Z","Updated":"2015-11-16T19:10:34Z","IsDelete":false,"RequestChanged":false,"ExitsInGDT":false,"SourceID":0,"TinhThanhID":0,"TinhThanhTitle":"An Giang","TinhThanhTitleAscii":"/an-giang","QuanHuyenID":0,"NganhNgheTitle":"Giáo dục tiểu học","NganhNgheTitleAscii":"/nganh-nghe/giao-duc-tieu-hoc","DSTags":["1600979614","An Giang",null]},{"Type":11,"SolrID":"/1600967979-ban-quan-ly-cho-my-duc","ID":0,"MaSoThue":"1600967979","NgayCap":"2008-07-10T00:00:00Z","Title":"Ban Quản Lý Chợ Mỹ Đức","DiaChiCongTy":"ấp Mỹ Thiện, xã Mỹ Đức - Huyện Châu Phú - An Giang","Created":"2015-11-17T03:19:35Z","Updated":"2015-11-17T03:19:35Z","IsDelete":false,"RequestChanged":false,"ExitsInGDT":false,"SourceID":0,"TinhThanhID":0,"TinhThanhTitle":"An Giang","TinhThanhTitleAscii":"/an-giang","QuanHuyenID":0,"NganhNgheTitle":"Bán buôn chuyên doanh khác","NganhNgheTitleAscii":"/nganh-nghe/ban-buon-chuyen-doanh-khac","DSTags":["1600967979","An Giang",null]},{"Type":11,"SolrID":"/1600960187-truong-mam-non-hoa-mai","ID":0,"MaSoThue":"1600960187","NgayCap":"2008-05-06T00:00:00Z","Title":"Trường Mầm Non Hoa Mai","DiaChiCongTy":"ấp Mỹ Thiện, - Xã Mỹ Đức - Huyện Châu Phú - An Giang","Created":"2015-11-16T18:57:39Z","Updated":"2015-11-16T18:57:39Z","IsDelete":false,"RequestChanged":false,"ExitsInGDT":false,"SourceID":0,"TinhThanhID":0,"TinhThanhTitle":"An Giang","TinhThanhTitleAscii":"/an-giang","QuanHuyenID":0,"NganhNgheTitle":"Giáo dục mầm non","NganhNgheTitleAscii":"/nganh-nghe/giao-duc-mam-non","DSTags":["1600960187","An Giang",null]},{"Type":11,"SolrID":"/1800669899-002-cn-cty-co-phan-can-nha-mo-uoc-cuu-long-tai-an-giang","ID":0,"MaSoThue":"1800669899-002","NgayCap":"2007-12-17T00:00:00Z","Title":"CN Cty Cổ Phần Căn Nhà Mơ Ước Cửu Long Tại An Giang","DiaChiCongTy":"36-37 Lô L1, Đường Số 7, Xã Mỹ Đức - Huyện Châu Phú - An Giang","Created":"2015-11-15T10:51:22Z","Updated":"2015-11-15T10:51:22Z","IsDelete":false,"RequestChanged":false,"ExitsInGDT":false,"SourceID":0,"TinhThanhID":0,"TinhThanhTitle":"An Giang","TinhThanhTitleAscii":"/an-giang","QuanHuyenID":0,"NganhNgheTitle":"Xây dựng công trình kỹ thuật dân dụng","NganhNgheTitleAscii":"/nganh-nghe/xay-dung-cong-trinh-ky-thuat-dan-dung","DSTags":["1800669899-002","An Giang",null]},{"Type":11,"SolrID":"/1600909818-cong-ty-tnhh-thuong-mai-dich-vu-thuan-khoa","ID":0,"MaSoThue":"1600909818","NgayCap":"2007-11-05T00:00:00Z","Title":"Công ty TNHH Thương Mại - Dịch Vụ Thuận Khoa","DiaChiCongTy":"Quốc Lộ 91, ấp Mỹ Chánh, xã Mỹ Đức - Huyện Châu Phú - An Giang","Created":"2015-11-13T22:41:46Z","Updated":"2015-11-13T22:41:46Z","IsDelete":false,"RequestChanged":false,"ExitsInGDT":false,"SourceID":0,"TinhThanhID":0,"TinhThanhTitle":"An Giang","TinhThanhTitleAscii":"/an-giang","QuanHuyenID":0,"NganhNgheTitle":"Sản xuất đồ uống không cồn","NganhNgheTitleAscii":"/nganh-nghe/san-xuat-do-uong-khong-con","DSTags":["1600909818","An Giang",null]},{"Type":11,"SolrID":"/1600825068-truong-thpt-ban-cong-my-duc","ID":0,"MaSoThue":"1600825068","NgayCap":"2006-01-26T00:00:00Z","Title":"Trường THPT Bán công Mỹ Đức","DiaChiCongTy":"xã Mỹ Đức - Huyện Châu Phú - An Giang","Created":"2015-11-16T17:21:53Z","Updated":"2015-11-16T17:21:53Z","IsDelete":false,"RequestChanged":false,"ExitsInGDT":false,"SourceID":0,"TinhThanhID":0,"TinhThanhTitle":"An Giang","TinhThanhTitleAscii":"/an-giang","QuanHuyenID":0,"NganhNgheTitle":"Giáo dục trung học cơ sở và trung học phổ thông","NganhNgheTitleAscii":"/nganh-nghe/giao-duc-trung-hoc-co-so-va-trung-hoc-pho-thong","DSTags":["1600825068","An Giang",null]},{"Type":11,"SolrID":"/1600755702-truong-trung-hoc-co-so-my-duc","ID":0,"MaSoThue":"1600755702","NgayCap":"2004-12-27T00:00:00Z","Title":"Trường Trung học Cơ sở Mỹ Đức","DiaChiCongTy":"ấp Mỹ Thiện, xã Mỹ Đức - Huyện Châu Phú - An Giang","Created":"2015-11-16T05:07:44Z","Updated":"2015-11-16T05:07:44Z","IsDelete":false,"RequestChanged":false,"ExitsInGDT":false,"SourceID":0,"TinhThanhID":0,"TinhThanhTitle":"An Giang","TinhThanhTitleAscii":"/an-giang","QuanHuyenID":0,"NganhNgheTitle":"Giáo dục trung học cơ sở và trung học phổ thông","NganhNgheTitleAscii":"/nganh-nghe/giao-duc-trung-hoc-co-so-va-trung-hoc-pho-thong","DSTags":["1600755702","An Giang",null]},{"Type":11,"SolrID":"/1600688816-truong-thpt-ban-cong-my-duc","ID":0,"MaSoThue":"1600688816","NgayCap":"2004-03-29T00:00:00Z","Title":"Trường THPT Bán công Mỹ Đức","DiaChiCongTy":"Xã Mỹ Đức - Huyện Châu Phú - An Giang","Created":"2015-11-16T16:00:29Z","Updated":"2015-11-16T16:00:29Z","IsDelete":false,"RequestChanged":false,"ExitsInGDT":false,"SourceID":0,"TinhThanhID":0,"TinhThanhTitle":"An Giang","TinhThanhTitleAscii":"/an-giang","QuanHuyenID":0,"NganhNgheTitle":"Hoạt động quản lý nhà nước nói chung và kinh tế tổng hợp","NganhNgheTitleAscii":"/nganh-nghe/hoat-dong-quan-ly-nha-nuoc-noi-chung-va-kinh-te-tong-hop","DSTags":["1600688816","An Giang",null]},{"Type":11,"SolrID":"/1600688742-truong-thpt-chau-phu","ID":0,"MaSoThue":"1600688742","NgayCap":"2004-03-29T00:00:00Z","Title":"Trường THPT Châu Phú","DiaChiCongTy":"Quốc lộ 91 - ấp Mỹ Thiện - Xã Mỹ Đức - Huyện Châu Phú - An Giang","Created":"2015-11-16T16:00:36Z","Updated":"2015-11-16T16:00:36Z","IsDelete":false,"RequestChanged":false,"ExitsInGDT":false,"SourceID":0,"TinhThanhID":0,"TinhThanhTitle":"An Giang","TinhThanhTitleAscii":"/an-giang","QuanHuyenID":0,"NganhNgheTitle":"Hoạt động quản lý nhà nước nói chung và kinh tế tổng hợp","NganhNgheTitleAscii":"/nganh-nghe/hoat-dong-quan-ly-nha-nuoc-noi-chung-va-kinh-te-tong-hop","DSTags":["1600688742","An Giang",null]},{"Type":11,"SolrID":"/1600376623-doanh-nghiep-tn-thu-bay","ID":0,"MaSoThue":"1600376623","NgayCap":"2004-02-04T00:00:00Z","Title":"Doanh Nghiệp TN Thu Bảy","DiaChiCongTy":"Tổ 4, ấp Mỹ Thiện - Xã Mỹ Đức - Huyện Châu Phú - An Giang","Created":"2015-11-11T06:24:41Z","Updated":"2015-11-11T06:24:41Z","IsDelete":false,"RequestChanged":false,"ExitsInGDT":false,"SourceID":0,"TinhThanhID":0,"TinhThanhTitle":"An Giang","TinhThanhTitleAscii":"/an-giang","QuanHuyenID":0,"NganhNgheTitle":"Bán buôn nhiên liệu rắn, lỏng, khí và các sản phẩm liên quan","NganhNgheTitleAscii":"/nganh-nghe/ban-buon-nhien-lieu-ran-long-khi-va-cac-san-pham-lien-quan","DSTags":["1600376623","An Giang",null]},{"Type":11,"SolrID":"/1600678889-doanh-nghiep-tn-quach-thanh","ID":0,"MaSoThue":"1600678889","NgayCap":"2004-01-16T00:00:00Z","Title":"Doanh Nghiệp TN Quách Thành","DiaChiCongTy":"Tổ 18, ấp Mỹ Phó - Xã Mỹ Đức - Huyện Châu Phú - An Giang","Created":"2015-11-17T04:51:40Z","Updated":"2015-11-17T04:51:40Z","IsDelete":false,"RequestChanged":false,"ExitsInGDT":false,"SourceID":0,"TinhThanhID":0,"TinhThanhTitle":"An Giang","TinhThanhTitleAscii":"/an-giang","QuanHuyenID":0,"NganhNgheTitle":"Bán buôn nhiên liệu rắn, lỏng, khí và các sản phẩm liên quan","NganhNgheTitleAscii":"/nganh-nghe/ban-buon-nhien-lieu-ran-long-khi-va-cac-san-pham-lien-quan","DSTags":["1600678889","An Giang",null]},{"Type":11,"SolrID":"/1600629200-doanh-nghiep-tn-thai-anh","ID":0,"MaSoThue":"1600629200","NgayCap":"2002-10-09T00:00:00Z","Title":"Doanh Nghiệp TN Thái Anh","DiaChiCongTy":"ấp Mỹ Phó - Xã Mỹ Đức - Huyện Châu Phú - An Giang","Created":"2015-11-11T01:49:42Z","Updated":"2015-11-11T01:49:42Z","IsDelete":false,"RequestChanged":false,"ExitsInGDT":false,"SourceID":0,"TinhThanhID":0,"TinhThanhTitle":"An Giang","TinhThanhTitleAscii":"/an-giang","QuanHuyenID":0,"NganhNgheTitle":"Sản xuất sản phẩm từ plastic","NganhNgheTitleAscii":"/nganh-nghe/san-xuat-san-pham-tu-plastic","DSTags":["1600629200","An Giang",null]},{"Type":11,"SolrID":"/1600374986-009-truong-tieu-hoc-a-my-duc","ID":0,"MaSoThue":"1600374986-009","NgayCap":"1999-02-23T00:00:00Z","Title":"Trường Tiểu Học A Mỹ Đức","DiaChiCongTy":"ấp Mỹ Thiện Xã Mỹ đức - Huyện Châu Phú - An Giang","Created":"2015-11-17T19:50:42Z","Updated":"2015-11-17T19:50:42Z","IsDelete":false,"RequestChanged":false,"ExitsInGDT":false,"SourceID":0,"TinhThanhID":0,"TinhThanhTitle":"An Giang","TinhThanhTitleAscii":"/an-giang","QuanHuyenID":0,"NganhNgheTitle":"Giáo dục tiểu học","NganhNgheTitleAscii":"/nganh-nghe/giao-duc-tieu-hoc","DSTags":["1600374986-009","An Giang",null]},{"Type":11,"SolrID":"/1600374986-010-truong-tieu-hoc-b-my-duc","ID":0,"MaSoThue":"1600374986-010","NgayCap":"1999-02-23T00:00:00Z","Title":"Trường Tiểu Học B Mỹ Đức","DiaChiCongTy":"ấp Mỹ Chánh Xã Mỹ Đức - Huyện Châu Phú - An Giang","Created":"2015-11-17T19:50:43Z","Updated":"2015-11-17T19:50:43Z","IsDelete":false,"RequestChanged":false,"ExitsInGDT":false,"SourceID":0,"TinhThanhID":0,"TinhThanhTitle":"An Giang","TinhThanhTitleAscii":"/an-giang","QuanHuyenID":0,"NganhNgheTitle":"Giáo dục tiểu học","NganhNgheTitleAscii":"/nganh-nghe/giao-duc-tieu-hoc","DSTags":["1600374986-010","An Giang",null]},{"Type":11,"SolrID":"/1600376687-dntn-tran-minh-lan","ID":0,"MaSoThue":"1600376687","NgayCap":"1998-12-26T00:00:00Z","Title":"DNTN Trần Minh Lấn","DiaChiCongTy":"Tổ 16 ấp Mỹ Phó Xã Mỹ Đức - Huyện Châu Phú - An Giang","Created":"2015-11-14T16:55:46Z","Updated":"2015-11-14T16:55:46Z","IsDelete":false,"RequestChanged":false,"ExitsInGDT":false,"SourceID":0,"TinhThanhID":0,"TinhThanhTitle":"An Giang","TinhThanhTitleAscii":"/an-giang","QuanHuyenID":0,"NganhNgheTitle":"Bán lẻ nhiên liệu động cơ trong các cửa hàng chuyên doanh","NganhNgheTitleAscii":"/nganh-nghe/ban-le-nhien-lieu-dong-co-trong-cac-cua-hang-chuyen-doanh","DSTags":["1600376687","An Giang",null]},{"Type":11,"SolrID":"/1600376528-qtd-nhan-dan-my-duc","ID":0,"MaSoThue":"1600376528","NgayCap":"1998-12-18T00:00:00Z","Title":"QTD nhân dân Mỹ Đức","DiaChiCongTy":"ấp Mỹ Thiện, Xã Mỹ Đức - Huyện Châu Phú - An Giang","Created":"2015-11-14T17:00:21Z","Updated":"2015-11-14T17:00:21Z","IsDelete":false,"RequestChanged":false,"ExitsInGDT":false,"SourceID":0,"TinhThanhID":0,"TinhThanhTitle":"An Giang","TinhThanhTitleAscii":"/an-giang","QuanHuyenID":0,"NganhNgheTitle":"Hoạt động trung gian tiền tệ khác","NganhNgheTitleAscii":"/nganh-nghe/hoat-dong-trung-gian-tien-te-khac","DSTags":["1600376528","An Giang",null]},{"Type":11,"SolrID":"/1600374915-ubnd-xa-my-duc","ID":0,"MaSoThue":"1600374915","NgayCap":"1998-11-25T00:00:00Z","Title":"UBND Xã Mỹ Đức","DiaChiCongTy":"ấp Mỹ Thiện, xã Mỹ Đức - Huyện Châu Phú - An Giang","Created":"2015-11-14T17:13:51Z","Updated":"2015-11-14T17:13:51Z","IsDelete":false,"RequestChanged":false,"ExitsInGDT":false,"SourceID":0,"TinhThanhID":0,"TinhThanhTitle":"An Giang","TinhThanhTitleAscii":"/an-giang","QuanHuyenID":0,"NganhNgheTitle":"Hoạt động quản lý nhà nước nói chung và kinh tế tổng hợp","NganhNgheTitleAscii":"/nganh-nghe/hoat-dong-quan-ly-nha-nuoc-noi-chung-va-kinh-te-tong-hop","DSTags":["1600374915","An Giang",null]},{"Type":11,"SolrID":"/1600176254-doanh-nghiep-tn-phuc-loc","ID":0,"MaSoThue":"1600176254","NgayCap":"1998-09-18T00:00:00Z","Title":"Doanh Nghiệp TN Phúc Lộc","DiaChiCongTy":"Tổ 9, ấp Mỹ Thiện - Xã Mỹ Đức - Huyện Châu Phú - An Giang","Created":"2015-11-09T02:58:54Z","Updated":"2015-11-09T02:58:54Z","IsDelete":false,"RequestChanged":false,"ExitsInGDT":false,"SourceID":0,"TinhThanhID":0,"TinhThanhTitle":"An Giang","TinhThanhTitleAscii":"/an-giang","QuanHuyenID":0,"NganhNgheTitle":"Sản xuất, phân phối hơi nước, nước nóng, điều hoà không khí và sản xuất nước đá","NganhNgheTitleAscii":"/nganh-nghe/san-xuat-phan-phoi-hoi-nuoc-nuoc-nong-dieu-hoa-khong-khi-va-san-xuat-nuoc-da","DSTags":["1600176254","An Giang",null]}]}