{"ID":4991,"SolrID":"/an-giang/huyen-chau-phu/xa-my-phu","Title":"Xã Mỹ Phú","TinhThanhTitle":"An Giang","QuanHuyenTitle":"Huyện Châu Phú","QuanHuyenID":214,"TinhThanhID":35,"Url":"https://thongtindoanhnghiep.co/api/company?l=/an-giang/huyen-chau-phu/xa-my-phu","Total":35,"List":[{"Type":11,"SolrID":"/1602149457-cong-ty-tnhh-thuong-mai-dich-vu-xuat-nhap-khau-may-mac-nguyen-my","ID":0,"MaSoThue":"1602149457","NgayCap":"2021-07-03T00:00:00Z","Title":"Công Ty TNHH Thương Mại Dịch Vụ Xuất Nhập Khẩu May Mặc Nguyễn Mỹ","DiaChiCongTy":"Quốc lộ 91, Ấp Mỹ Trung, Xã Mỹ Phú, Huyện Châu Phú, Tỉnh An Giang","Created":"2021-07-03T15:35:32Z","Updated":"2021-07-03T15:35:32Z","IsDelete":false,"RequestChanged":false,"ExitsInGDT":false,"SourceID":0,"TinhThanhID":0,"TinhThanhTitle":"An Giang","TinhThanhTitleAscii":"/an-giang","QuanHuyenID":0,"NganhNgheTitle":"May trang phục (trừ trang phục từ da lông thú)","NganhNgheTitleAscii":"/nganh-nghe/may-trang-phuc-tru-trang-phuc-tu-da-long-thu","DSTags":["1602149457","An Giang",null]},{"Type":11,"SolrID":"/1602142740-cong-ty-tnhh-cong-nghe-ao-xanh","ID":0,"MaSoThue":"1602142740","NgayCap":"2021-03-09T00:00:00Z","Title":"Công Ty TNHH Công Nghệ Ao Xanh","DiaChiCongTy":"Đường Nam Cần Thảo, Xã Mỹ Phú, Huyện Châu Phú, Tỉnh An Giang","Created":"2021-03-09T17:38:04Z","Updated":"2021-03-09T17:38:04Z","IsDelete":false,"RequestChanged":false,"ExitsInGDT":false,"SourceID":0,"TinhThanhID":0,"TinhThanhTitle":"An Giang","TinhThanhTitleAscii":"/an-giang","QuanHuyenID":0,"NganhNgheTitle":"Bán buôn chuyên doanh khác chưa được phân vào đâu","NganhNgheTitleAscii":"/nganh-nghe/ban-buon-chuyen-doanh-khac-chua-duoc-phan-vao-dau","DSTags":["1602142740","An Giang",null]},{"Type":11,"SolrID":"/1602072483-cong-ty-tnhh-van-tai-hoang-dong","ID":0,"MaSoThue":"1602072483","NgayCap":"2018-05-21T00:00:00Z","Title":"Công Ty TNHH Vận Tải Hoàng Đông","DiaChiCongTy":"Tổ 2, Ấp Mỹ Trung, Xã Mỹ Phú, Huyện Châu Phú, Tỉnh An Giang","Created":"2018-05-21T16:58:42Z","Updated":"2018-05-21T16:58:42Z","IsDelete":false,"RequestChanged":false,"ExitsInGDT":false,"SourceID":0,"TinhThanhID":0,"TinhThanhTitle":"An Giang","TinhThanhTitleAscii":"/an-giang","QuanHuyenID":0,"NganhNgheTitle":"Vận tải hàng hóa đường thuỷ nội địa","NganhNgheTitleAscii":"/nganh-nghe/van-tai-hang-hoa-duong-thuy-noi-dia","DSTags":["1602072483","An Giang",null]},{"Type":11,"SolrID":"/1602070704-cong-ty-tnhh-phuc-nguyen-an-giang","ID":0,"MaSoThue":"1602070704","NgayCap":"2018-05-02T00:00:00Z","Title":"Công Ty TNHH Phúc Nguyên An Giang","DiaChiCongTy":"Số 1050, Tổ 26, Ấp Mỹ Thuận, Xã Mỹ Phú, Huyện Châu Phú, Tỉnh An Giang","Created":"2018-05-02T16:38:00Z","Updated":"2018-05-02T16:38:00Z","IsDelete":false,"RequestChanged":false,"ExitsInGDT":false,"SourceID":0,"TinhThanhID":0,"TinhThanhTitle":"An Giang","TinhThanhTitleAscii":"/an-giang","QuanHuyenID":0,"NganhNgheTitle":"Sản xuất sản phẩm khác từ gỗ; sản xuất sản phẩm từ tre, nứa, rơm, rạ và vật liệu tết bện","NganhNgheTitleAscii":"/nganh-nghe/san-xuat-san-pham-khac-tu-go-san-xuat-san-pham-tu-tre-nua-rom-ra-va-vat-lieu-tet-ben","DSTags":["1602070704","An Giang",null]},{"Type":11,"SolrID":"/1602053515-cong-ty-tnhh-mot-thanh-vien-xay-dung-trieu-minh-tuan","ID":0,"MaSoThue":"1602053515","NgayCap":"2017-10-31T00:00:00Z","Title":"Công Ty TNHH Một Thành Viên Xây Dựng Triệu Minh Tuấn","DiaChiCongTy":"Tổ 8, Ấp Mỹ Hưng, Xã Mỹ Phú, Huyện Châu Phú, Tỉnh An Giang","Created":"2017-11-29T18:59:07Z","Updated":"2017-11-29T18:59:07Z","IsDelete":false,"RequestChanged":false,"ExitsInGDT":false,"SourceID":0,"TinhThanhID":0,"TinhThanhTitle":"An Giang","TinhThanhTitleAscii":"/an-giang","QuanHuyenID":0,"NganhNgheTitle":"Hoạt động xây dựng chuyên dụng khác","NganhNgheTitleAscii":"/nganh-nghe/hoat-dong-xay-dung-chuyen-dung-khac","DSTags":["1602053515","An Giang",null]},{"Type":11,"SolrID":"/1602038098-cong-ty-tnhh-xuat-nhap-khau-nong-nghiep-hoang-phat","ID":0,"MaSoThue":"1602038098","NgayCap":"2017-04-14T00:00:00Z","Title":"Công Ty TNHH Xuất Nhập Khẩu Nông Nghiệp Hoàng Phát","DiaChiCongTy":"Tổ 8, Ấp Mỹ Hưng, Xã Mỹ Phú, Huyện Châu Phú, Tỉnh An Giang","Created":"2018-06-18T14:39:10Z","Updated":"2018-06-18T14:39:10Z","IsDelete":false,"RequestChanged":false,"ExitsInGDT":false,"SourceID":0,"TinhThanhID":0,"TinhThanhTitle":"An Giang","TinhThanhTitleAscii":"/an-giang","QuanHuyenID":0,"NganhNgheTitle":"Bán buôn chuyên doanh khác chưa được phân vào đâu","NganhNgheTitleAscii":"/nganh-nghe/ban-buon-chuyen-doanh-khac-chua-duoc-phan-vao-dau","DSTags":["1602038098","An Giang",null]},{"Type":11,"SolrID":"/1602034696-cong-ty-tnhh-mot-thanh-vien-giong-cay-trong-thinh-phat-an-giang","ID":0,"MaSoThue":"1602034696","NgayCap":"2017-03-01T00:00:00Z","Title":"Công Ty TNHH Một Thành Viên Giống Cây Trồng Thịnh Phát An Giang","DiaChiCongTy":"Ấp Mỹ Trung, Xã Mỹ Phú, Huyện Châu Phú, Tỉnh An Giang","Created":"2017-03-01T18:07:36Z","Updated":"2017-03-01T18:07:36Z","IsDelete":false,"RequestChanged":false,"ExitsInGDT":false,"SourceID":0,"TinhThanhID":0,"TinhThanhTitle":"An Giang","TinhThanhTitleAscii":"/an-giang","QuanHuyenID":0,"NganhNgheTitle":"Hoạt động dịch vụ trồng trọt","NganhNgheTitleAscii":"/nganh-nghe/hoat-dong-dich-vu-trong-trot","DSTags":["1602034696","An Giang",null]},{"Type":11,"SolrID":"/1602030772-cong-ty-tnhh-thuong-mai-xuat-nhap-khau-thuy-san-phu-quy","ID":0,"MaSoThue":"1602030772","NgayCap":"2017-01-09T00:00:00Z","Title":"Công Ty TNHH Thương Mại Xuất Nhập Khẩu Thủy Sản Phú Quý","DiaChiCongTy":"Số 192, Tổ 3, Ấp Mỹ Lợi, Xã Mỹ Phú, Huyện Châu Phú, Tỉnh An Giang","Created":"2017-01-09T08:07:47Z","Updated":"2017-01-09T08:07:47Z","IsDelete":false,"RequestChanged":false,"ExitsInGDT":false,"SourceID":0,"TinhThanhID":0,"TinhThanhTitle":"An Giang","TinhThanhTitleAscii":"/an-giang","QuanHuyenID":0,"NganhNgheTitle":"Bán buôn thực phẩm","NganhNgheTitleAscii":"/nganh-nghe/ban-buon-thuc-pham","DSTags":["1602030772","An Giang",null]},{"Type":11,"SolrID":"/1602021672-cong-ty-tnhh-xay-dung-thuong-mai-va-dich-vu-nguyen-huynh","ID":0,"MaSoThue":"1602021672","NgayCap":"2016-10-21T00:00:00Z","Title":"Công Ty TNHH Xây Dựng Thương Mại Và Dịch Vụ Nguyễn Huỳnh","DiaChiCongTy":"Số 963, Quốc lộ 91, ấp Mỹ Thuận - Xã Mỹ Phú - Huyện Châu Phú - An Giang","Created":"2016-11-01T09:28:45Z","Updated":"2016-11-01T09:28:45Z","IsDelete":false,"RequestChanged":false,"ExitsInGDT":false,"SourceID":0,"TinhThanhID":0,"TinhThanhTitle":"An Giang","TinhThanhTitleAscii":"/an-giang","QuanHuyenID":0,"NganhNgheTitle":"Xây dựng nhà các loại","NganhNgheTitleAscii":"/nganh-nghe/xay-dung-nha-cac-loai","DSTags":["1602021672","An Giang",null]},{"Type":11,"SolrID":"/1602014139-cong-ty-tnhh-mot-thanh-vien-cao-minh-hoang","ID":0,"MaSoThue":"1602014139","NgayCap":"2016-07-11T00:00:00Z","Title":"Công Ty TNHH Một Thành Viên Cao Minh Hoàng","DiaChiCongTy":"Tổ 11, ấp Mỹ An - Xã Mỹ Phú - Huyện Châu Phú - An Giang","Created":"2016-07-14T11:48:52Z","Updated":"2016-09-10T22:40:36Z","IsDelete":false,"RequestChanged":false,"ExitsInGDT":false,"SourceID":0,"TinhThanhID":0,"TinhThanhTitle":"An Giang","TinhThanhTitleAscii":"/an-giang","QuanHuyenID":0,"DSTags":["1602014139","An Giang",null]},{"Type":11,"SolrID":"/0313755601-001-chi-nhanh-cong-ty-tnhh-san-xuat-dau-tu-dich-vu-giai-tri-t-t","ID":0,"MaSoThue":"0313755601-001","NgayCap":"2016-05-13T00:00:00Z","Title":"Chi Nhánh Công Ty TNHH Sản Xuất Đầu Tư Dịch Vụ Giải Trí T & T","DiaChiCongTy":"Số 123, Tổ 04, ấp Mỹ Hưng - Xã Mỹ Phú - Huyện Châu Phú - An Giang","Created":"2016-05-25T08:42:44Z","Updated":"2016-05-25T08:42:44Z","IsDelete":false,"RequestChanged":false,"ExitsInGDT":false,"SourceID":0,"TinhThanhID":0,"TinhThanhTitle":"An Giang","TinhThanhTitleAscii":"/an-giang","QuanHuyenID":0,"NganhNgheTitle":"Bán lẻ thuốc, dụng cụ y tế, mỹ phẩm và vật phẩm vệ sinh trong các cửa hàng chuyên doanh","NganhNgheTitleAscii":"/nganh-nghe/ban-le-thuoc-dung-cu-y-te-my-pham-va-vat-pham-ve-sinh-trong-cac-cua-hang-chuyen-doanh","DSTags":["0313755601-001","An Giang",null]},{"Type":11,"SolrID":"/1601980059-cong-ty-tnhh-mot-thanh-vien-mai-xuan-my-phu","ID":0,"MaSoThue":"1601980059","NgayCap":"2015-08-10T00:00:00Z","Title":"Công Ty TNHH Một Thành Viên Mai Xuân Mỹ Phú","DiaChiCongTy":"1212, Tổ 30, ấp Mỹ Thuận - Xã Mỹ Phú - Huyện Châu Phú - An Giang","Created":"2015-11-18T23:07:57Z","Updated":"2015-11-18T23:07:57Z","IsDelete":false,"RequestChanged":false,"ExitsInGDT":false,"SourceID":0,"TinhThanhID":0,"TinhThanhTitle":"An Giang","TinhThanhTitleAscii":"/an-giang","QuanHuyenID":0,"NganhNgheTitle":"Bán buôn gạo","NganhNgheTitleAscii":"/nganh-nghe/ban-buon-gao","DSTags":["1601980059","An Giang",null]},{"Type":11,"SolrID":"/1601882502-001-chi-nhanh-doanh-nghiep-tn-tam-ngoc-son-cafe-rang-dai-tung-phat","ID":0,"MaSoThue":"1601882502-001","NgayCap":"2013-08-05T00:00:00Z","Title":"Chi Nhánh Doanh Nghiệp TN Tâm Ngọc Sơn-Cafe Rang Đại Tùng Phát","DiaChiCongTy":"ấp Mỹ Lợi - Xã Mỹ Phú - Huyện Châu Phú - An Giang","Created":"2015-11-18T05:45:02Z","Updated":"2015-11-18T05:45:02Z","IsDelete":false,"RequestChanged":false,"ExitsInGDT":false,"SourceID":0,"TinhThanhID":0,"TinhThanhTitle":"An Giang","TinhThanhTitleAscii":"/an-giang","QuanHuyenID":0,"NganhNgheTitle":"Sản xuất thực phẩm khác chưa được phân vào đâu","NganhNgheTitleAscii":"/nganh-nghe/san-xuat-thuc-pham-khac-chua-duoc-phan-vao-dau","DSTags":["1601882502-001","An Giang",null]},{"Type":11,"SolrID":"/1601882502-doanh-nghiep-tn-tam-ngoc-son","ID":0,"MaSoThue":"1601882502","NgayCap":"2013-07-03T00:00:00Z","Title":"Doanh Nghiệp TN Tâm Ngọc Sơn","DiaChiCongTy":"Số 1266B, tổ 31, ấp Mỹ Thuận, - Xã Mỹ Phú - Huyện Châu Phú - An Giang","Created":"2015-11-16T12:09:03Z","Updated":"2015-11-16T12:09:03Z","IsDelete":false,"RequestChanged":false,"ExitsInGDT":false,"SourceID":0,"TinhThanhID":0,"TinhThanhTitle":"An Giang","TinhThanhTitleAscii":"/an-giang","QuanHuyenID":0,"NganhNgheTitle":"Bán buôn kim loại và quặng kim loại","NganhNgheTitleAscii":"/nganh-nghe/ban-buon-kim-loai-va-quang-kim-loai","DSTags":["1601882502","An Giang",null]},{"Type":11,"SolrID":"/1601882414-doanh-nghiep-tn-tiem-vang-ngoc-oanh","ID":0,"MaSoThue":"1601882414","NgayCap":"2013-07-02T00:00:00Z","Title":"Doanh Nghiệp TN Tiệm Vàng Ngọc Oanh","DiaChiCongTy":"ấp Mỹ Lợi - Xã Mỹ Phú - Huyện Châu Phú - An Giang","Created":"2015-11-16T12:07:41Z","Updated":"2015-11-16T12:07:41Z","IsDelete":false,"RequestChanged":false,"ExitsInGDT":false,"SourceID":0,"TinhThanhID":0,"TinhThanhTitle":"An Giang","TinhThanhTitleAscii":"/an-giang","QuanHuyenID":0,"NganhNgheTitle":"Bán buôn kim loại và quặng kim loại","NganhNgheTitleAscii":"/nganh-nghe/ban-buon-kim-loai-va-quang-kim-loai","DSTags":["1601882414","An Giang",null]},{"Type":11,"SolrID":"/1601881354-doanh-nghiep-tn-nhut-nhut-truong","ID":0,"MaSoThue":"1601881354","NgayCap":"2013-06-21T00:00:00Z","Title":"Doanh Nghiệp TN Nhựt Nhựt Trường","DiaChiCongTy":"ấp Mỹ Hưng - Xã Mỹ Phú - Huyện Châu Phú - An Giang","Created":"2015-11-17T07:48:03Z","Updated":"2015-11-17T07:48:03Z","IsDelete":false,"RequestChanged":false,"ExitsInGDT":false,"SourceID":0,"TinhThanhID":0,"TinhThanhTitle":"An Giang","TinhThanhTitleAscii":"/an-giang","QuanHuyenID":0,"NganhNgheTitle":"Bán buôn đồ uống","NganhNgheTitleAscii":"/nganh-nghe/ban-buon-do-uong","DSTags":["1601881354","An Giang",null]},{"Type":11,"SolrID":"/1601793690-doanh-nghiep-tn-cao-gia-phat","ID":0,"MaSoThue":"1601793690","NgayCap":"2012-07-16T00:00:00Z","Title":"Doanh Nghiệp TN Cao Gia Phát","DiaChiCongTy":"Số 319, tổ 11, ấp Mỹ An - Xã Mỹ Phú - Huyện Châu Phú - An Giang","Created":"2015-11-17T02:14:29Z","Updated":"2015-11-17T02:14:29Z","IsDelete":false,"RequestChanged":false,"ExitsInGDT":false,"SourceID":0,"TinhThanhID":0,"TinhThanhTitle":"An Giang","TinhThanhTitleAscii":"/an-giang","QuanHuyenID":0,"NganhNgheTitle":"Chuẩn bị mặt bằng","NganhNgheTitleAscii":"/nganh-nghe/chuan-bi-mat-bang","DSTags":["1601793690","An Giang",null]},{"Type":11,"SolrID":"/1601566810-cong-ty-tnhh-mot-thanh-vien-giong-cay-trong-nguyen-my","ID":0,"MaSoThue":"1601566810","NgayCap":"2011-10-06T00:00:00Z","Title":"Công Ty TNHH Một Thành Viên Giống Cây Trồng Nguyễn Mỹ","DiaChiCongTy":"ấp Mỹ Trung - Xã Mỹ Phú - Huyện Châu Phú - An Giang","Created":"2015-11-10T01:40:27Z","Updated":"2015-11-10T01:40:27Z","IsDelete":false,"RequestChanged":false,"ExitsInGDT":false,"SourceID":0,"TinhThanhID":0,"TinhThanhTitle":"An Giang","TinhThanhTitleAscii":"/an-giang","QuanHuyenID":0,"NganhNgheTitle":"Hoạt động dịch vụ trồng trọt","NganhNgheTitleAscii":"/nganh-nghe/hoat-dong-dich-vu-trong-trot","DSTags":["1601566810","An Giang",null]},{"Type":11,"SolrID":"/1600184590-058-chi-nhanh-cong-ty-tnhh-mot-thanh-vien-xang-dau-an-giang-cua-hang-xang-dau-my-phu","ID":0,"MaSoThue":"1600184590-058","NgayCap":"2011-05-30T00:00:00Z","Title":"Chi Nhánh Công Ty TNHH Một Thành Viên Xăng Dầu An Giang-Cửa Hàng Xăng Dầu Mỹ Phú","DiaChiCongTy":"Quốc lộ 91, ấp Mỹ Thuận - Xã Mỹ Phú - Huyện Châu Phú - An Giang","Created":"2015-11-17T19:45:59Z","Updated":"2015-11-17T19:45:59Z","IsDelete":false,"RequestChanged":false,"ExitsInGDT":false,"SourceID":0,"TinhThanhID":0,"TinhThanhTitle":"An Giang","TinhThanhTitleAscii":"/an-giang","QuanHuyenID":0,"NganhNgheTitle":"Bán buôn nhiên liệu rắn, lỏng, khí và các sản phẩm liên quan","NganhNgheTitleAscii":"/nganh-nghe/ban-buon-nhien-lieu-ran-long-khi-va-cac-san-pham-lien-quan","DSTags":["1600184590-058","An Giang",null]},{"Type":11,"SolrID":"/1601310248-dntn-quoc-te","ID":0,"MaSoThue":"1601310248","NgayCap":"2010-03-17T00:00:00Z","Title":"DNTN Quốc Tế","DiaChiCongTy":"235 QLộ 91 - Xã Mỹ Phú - Huyện Châu Phú - An Giang","Created":"2015-11-08T23:39:19Z","Updated":"2015-11-08T23:39:19Z","IsDelete":false,"RequestChanged":false,"ExitsInGDT":false,"SourceID":0,"TinhThanhID":0,"TinhThanhTitle":"An Giang","TinhThanhTitleAscii":"/an-giang","QuanHuyenID":0,"NganhNgheTitle":"Bán buôn chuyên doanh khác","NganhNgheTitleAscii":"/nganh-nghe/ban-buon-chuyen-doanh-khac","DSTags":["1601310248","An Giang",null]},{"Type":11,"SolrID":"/1601207402-dntn-kieu-oanh","ID":0,"MaSoThue":"1601207402","NgayCap":"2009-08-17T00:00:00Z","Title":"DNTN Kiều Oanh","DiaChiCongTy":"75 ấp Mỹ Trung, xã Mỹ Phú - Xã Mỹ Phú - Huyện Châu Phú - An Giang","Created":"2015-11-11T10:28:38Z","Updated":"2015-11-11T10:28:38Z","IsDelete":false,"RequestChanged":false,"ExitsInGDT":false,"SourceID":0,"TinhThanhID":0,"TinhThanhTitle":"An Giang","TinhThanhTitleAscii":"/an-giang","QuanHuyenID":0,"NganhNgheTitle":"Bán buôn (trừ ô tô, mô tô, xe máy và xe có động cơ khác)","NganhNgheTitleAscii":"/nganh-nghe/ban-buon-tru-o-to-mo-to-xe-may-va-xe-co-dong-co-khac","DSTags":["1601207402","An Giang",null]},{"Type":11,"SolrID":"/1601046314-cong-ty-co-phan-gia-bao","ID":0,"MaSoThue":"1601046314","NgayCap":"2009-03-04T00:00:00Z","Title":"Công ty Cổ Phần Gia Bảo","DiaChiCongTy":"Tổ 2, ấp Mỹ Trung, xã Mỹ Phú - Huyện Châu Phú - An Giang","Created":"2015-11-13T22:32:09Z","Updated":"2015-11-13T22:32:09Z","IsDelete":false,"RequestChanged":false,"ExitsInGDT":false,"SourceID":0,"TinhThanhID":0,"TinhThanhTitle":"An Giang","TinhThanhTitleAscii":"/an-giang","QuanHuyenID":0,"NganhNgheTitle":"Vận tải đường bộ khác","NganhNgheTitleAscii":"/nganh-nghe/van-tai-duong-bo-khac","DSTags":["1601046314","An Giang",null]},{"Type":11,"SolrID":"/1601025811-cong-ty-tnhh-tm-dv-xd-huy-hung","ID":0,"MaSoThue":"1601025811","NgayCap":"2009-02-02T00:00:00Z","Title":"Công ty TNHH TM DV XD Huy Hưng","DiaChiCongTy":"1159B. tổ 28, ấp Mỹ Thuận, xã Mỹ Phú - Huyện Châu Phú - An Giang","Created":"2015-11-14T05:12:38Z","Updated":"2015-11-14T05:12:38Z","IsDelete":false,"RequestChanged":false,"ExitsInGDT":false,"SourceID":0,"TinhThanhID":0,"TinhThanhTitle":"An Giang","TinhThanhTitleAscii":"/an-giang","QuanHuyenID":0,"NganhNgheTitle":"Hoạt động làm thuê công việc gia đình trong các hộ gia đình","NganhNgheTitleAscii":"/nganh-nghe/hoat-dong-lam-thue-cong-viec-gia-dinh-trong-cac-ho-gia-dinh","DSTags":["1601025811","An Giang",null]},{"Type":11,"SolrID":"/1600964872-dntn-ca-mua-nhac-tong-hop-hoa-dang","ID":0,"MaSoThue":"1600964872","NgayCap":"2008-06-10T00:00:00Z","Title":"DNTN Ca Múa Nhạc Tổng Hợp Hoa Đăng","DiaChiCongTy":"03, ấp Mỹ Thiện, xã Mỹ Phú - Huyện Châu Phú - An Giang","Created":"2015-11-17T00:24:25Z","Updated":"2015-11-17T00:24:25Z","IsDelete":false,"RequestChanged":false,"ExitsInGDT":false,"SourceID":0,"TinhThanhID":0,"TinhThanhTitle":"An Giang","TinhThanhTitleAscii":"/an-giang","QuanHuyenID":0,"NganhNgheTitle":"Hoạt động sáng tác, nghệ thuật và giải trí","NganhNgheTitleAscii":"/nganh-nghe/hoat-dong-sang-tac-nghe-thuat-va-giai-tri","DSTags":["1600964872","An Giang",null]},{"Type":11,"SolrID":"/1600883285-cong-ty-tnhh-mot-thanh-vien-dich-vu-thuong-mai-hai-tien","ID":0,"MaSoThue":"1600883285","NgayCap":"2007-02-05T00:00:00Z","Title":"Công ty TNHH Một Thành viên Dịch vụ Thương mại Hải Tiến","DiaChiCongTy":"Tổ 9, ấp Mỹ Thuận, xã Mỹ Phú - Huyện Châu Phú - An Giang","Created":"2015-11-14T05:06:10Z","Updated":"2015-11-14T05:06:10Z","IsDelete":false,"RequestChanged":false,"ExitsInGDT":false,"SourceID":0,"TinhThanhID":0,"TinhThanhTitle":"An Giang","TinhThanhTitleAscii":"/an-giang","QuanHuyenID":0,"NganhNgheTitle":"Bán buôn nông, lâm sản nguyên liệu (trừ gỗ, tre, nứa) và động vật sống","NganhNgheTitleAscii":"/nganh-nghe/ban-buon-nong-lam-san-nguyen-lieu-tru-go-tre-nua-va-dong-vat-song","DSTags":["1600883285","An Giang",null]},{"Type":11,"SolrID":"/1600852696-truong-mau-giao-my-phu","ID":0,"MaSoThue":"1600852696","NgayCap":"2006-10-25T00:00:00Z","Title":"Trường Mẫu giáo Mỹ Phú","DiaChiCongTy":"ấp Mỹ Trung, xã Mỹ Phú - Huyện Châu Phú - An Giang","Created":"2015-11-16T17:50:26Z","Updated":"2015-11-16T17:50:26Z","IsDelete":false,"RequestChanged":false,"ExitsInGDT":false,"SourceID":0,"TinhThanhID":0,"TinhThanhTitle":"An Giang","TinhThanhTitleAscii":"/an-giang","QuanHuyenID":0,"NganhNgheTitle":"Giáo dục mầm non","NganhNgheTitleAscii":"/nganh-nghe/giao-duc-mam-non","DSTags":["1600852696","An Giang",null]},{"Type":11,"SolrID":"/1600790217-cong-ty-tnhh-son-hung","ID":0,"MaSoThue":"1600790217","NgayCap":"2005-07-14T00:00:00Z","Title":"Công ty TNHH Sơn Hùng","DiaChiCongTy":"ấp Mỹ Trung, xã Mỹ Phú - Huyện Châu Phú - An Giang","Created":"2015-11-14T05:03:37Z","Updated":"2015-11-14T05:03:37Z","IsDelete":false,"RequestChanged":false,"ExitsInGDT":false,"SourceID":0,"TinhThanhID":0,"TinhThanhTitle":"An Giang","TinhThanhTitleAscii":"/an-giang","QuanHuyenID":0,"NganhNgheTitle":"Sản xuất chế biến thực phẩm","NganhNgheTitleAscii":"/nganh-nghe/san-xuat-che-bien-thuc-pham","DSTags":["1600790217","An Giang",null]},{"Type":11,"SolrID":"/1600688894-truong-tieu-hoc-c-my-phu","ID":0,"MaSoThue":"1600688894","NgayCap":"2004-03-30T00:00:00Z","Title":"Trường Tiểu học C Mỹ Phú","DiaChiCongTy":"ấp Mỹ Thuận, xã Mỹ Phú - Huyện Châu Phú - An Giang","Created":"2015-11-16T16:00:56Z","Updated":"2015-11-16T16:00:56Z","IsDelete":false,"RequestChanged":false,"ExitsInGDT":false,"SourceID":0,"TinhThanhID":0,"TinhThanhTitle":"An Giang","TinhThanhTitleAscii":"/an-giang","QuanHuyenID":0,"NganhNgheTitle":"Giáo dục tiểu học","NganhNgheTitleAscii":"/nganh-nghe/giao-duc-tieu-hoc","DSTags":["1600688894","An Giang",null]},{"Type":11,"SolrID":"/1600688855-truong-thcs-my-phu","ID":0,"MaSoThue":"1600688855","NgayCap":"2004-03-29T00:00:00Z","Title":"Trường THCS Mỹ Phú","DiaChiCongTy":"Xã Mỹ Phú - Huyện Châu Phú - An Giang","Created":"2015-11-16T16:00:25Z","Updated":"2015-11-16T16:00:25Z","IsDelete":false,"RequestChanged":false,"ExitsInGDT":false,"SourceID":0,"TinhThanhID":0,"TinhThanhTitle":"An Giang","TinhThanhTitleAscii":"/an-giang","QuanHuyenID":0,"NganhNgheTitle":"Hoạt động quản lý nhà nước nói chung và kinh tế tổng hợp","NganhNgheTitleAscii":"/nganh-nghe/hoat-dong-quan-ly-nha-nuoc-noi-chung-va-kinh-te-tong-hop","DSTags":["1600688855","An Giang",null]},{"Type":11,"SolrID":"/1600179664-doanh-nghiep-tn-bich-thuy","ID":0,"MaSoThue":"1600179664","NgayCap":"2004-01-15T00:00:00Z","Title":"Doanh Nghiệp TN Bích Thủy","DiaChiCongTy":"Tổ 3, ấp Mỹ Quý - Xã Mỹ Phú - Huyện Châu Phú - An Giang","Created":"2015-11-11T12:20:23Z","Updated":"2015-11-11T12:20:23Z","IsDelete":false,"RequestChanged":false,"ExitsInGDT":false,"SourceID":0,"TinhThanhID":0,"TinhThanhTitle":"An Giang","TinhThanhTitleAscii":"/an-giang","QuanHuyenID":0,"NganhNgheTitle":"Bán buôn nhiên liệu rắn, lỏng, khí và các sản phẩm liên quan","NganhNgheTitleAscii":"/nganh-nghe/ban-buon-nhien-lieu-ran-long-khi-va-cac-san-pham-lien-quan","DSTags":["1600179664","An Giang",null]},{"Type":11,"SolrID":"/1600373936-001-tram-xang-dau-kien-thi-hanh","ID":0,"MaSoThue":"1600373936-001","NgayCap":"2000-07-06T00:00:00Z","Title":"Trạm Xăng Dầu Kiến Thị Hạnh","DiaChiCongTy":"Quốc lộ 91, ấp Mỹ Trung - Xã Mỹ Phú - Huyện Châu Phú - An Giang","Created":"2015-11-19T07:28:18Z","Updated":"2015-11-19T07:28:18Z","IsDelete":false,"RequestChanged":false,"ExitsInGDT":false,"SourceID":0,"TinhThanhID":0,"TinhThanhTitle":"An Giang","TinhThanhTitleAscii":"/an-giang","QuanHuyenID":0,"NganhNgheTitle":"Bán lẻ nhiên liệu động cơ trong các cửa hàng chuyên doanh","NganhNgheTitleAscii":"/nganh-nghe/ban-le-nhien-lieu-dong-co-trong-cac-cua-hang-chuyen-doanh","DSTags":["1600373936-001","An Giang",null]},{"Type":11,"SolrID":"/1600374986-017-truong-tieu-hoc-a-my-phu","ID":0,"MaSoThue":"1600374986-017","NgayCap":"1999-02-23T00:00:00Z","Title":"Trường Tiểu Học A Mỹ Phú","DiaChiCongTy":"ấp Mỹ Thiện Xã Mỹ Phú - Huyện Châu Phú - An Giang","Created":"2015-11-17T19:50:44Z","Updated":"2015-11-17T19:50:44Z","IsDelete":false,"RequestChanged":false,"ExitsInGDT":false,"SourceID":0,"TinhThanhID":0,"TinhThanhTitle":"An Giang","TinhThanhTitleAscii":"/an-giang","QuanHuyenID":0,"NganhNgheTitle":"Giáo dục tiểu học","NganhNgheTitleAscii":"/nganh-nghe/giao-duc-tieu-hoc","DSTags":["1600374986-017","An Giang",null]},{"Type":11,"SolrID":"/1600374986-018-truong-tieu-hoc-b-my-phu","ID":0,"MaSoThue":"1600374986-018","NgayCap":"1999-02-23T00:00:00Z","Title":"Trường Tiểu Học B Mỹ Phú","DiaChiCongTy":"ấp Mỹ Thuận  Xã Mỹ Phú - Huyện Châu Phú - An Giang","Created":"2015-11-17T19:50:45Z","Updated":"2015-11-17T19:50:45Z","IsDelete":false,"RequestChanged":false,"ExitsInGDT":false,"SourceID":0,"TinhThanhID":0,"TinhThanhTitle":"An Giang","TinhThanhTitleAscii":"/an-giang","QuanHuyenID":0,"NganhNgheTitle":"Giáo dục tiểu học","NganhNgheTitleAscii":"/nganh-nghe/giao-duc-tieu-hoc","DSTags":["1600374986-018","An Giang",null]},{"Type":11,"SolrID":"/1600374922-ubnd-xa-my-phu","ID":0,"MaSoThue":"1600374922","NgayCap":"1998-11-25T00:00:00Z","Title":"UBND Xã Mỹ Phú","DiaChiCongTy":"ấp Mỹ Thuận, xã Mỹ Phú - Huyện Châu Phú - An Giang","Created":"2015-11-14T17:13:50Z","Updated":"2015-11-14T17:13:50Z","IsDelete":false,"RequestChanged":false,"ExitsInGDT":false,"SourceID":0,"TinhThanhID":0,"TinhThanhTitle":"An Giang","TinhThanhTitleAscii":"/an-giang","QuanHuyenID":0,"NganhNgheTitle":"Hoạt động quản lý nhà nước nói chung và kinh tế tổng hợp","NganhNgheTitleAscii":"/nganh-nghe/hoat-dong-quan-ly-nha-nuoc-noi-chung-va-kinh-te-tong-hop","DSTags":["1600374922","An Giang",null]},{"Type":11,"SolrID":"/1600181261-doanh-nghiep-tn-thanh-minh","ID":0,"MaSoThue":"1600181261","NgayCap":"1998-09-22T00:00:00Z","Title":"Doanh Nghiệp TN Thanh Minh","DiaChiCongTy":"Số 422, ấp Mỹ Hưng - Xã Mỹ Phú - Huyện Châu Phú - An Giang","Created":"2015-11-10T01:40:34Z","Updated":"2015-11-10T01:40:34Z","IsDelete":false,"RequestChanged":false,"ExitsInGDT":false,"SourceID":0,"TinhThanhID":0,"TinhThanhTitle":"An Giang","TinhThanhTitleAscii":"/an-giang","QuanHuyenID":0,"NganhNgheTitle":"Bán buôn nhiên liệu rắn, lỏng, khí và các sản phẩm liên quan","NganhNgheTitleAscii":"/nganh-nghe/ban-buon-nhien-lieu-ran-long-khi-va-cac-san-pham-lien-quan","DSTags":["1600181261","An Giang",null]}]}