{"ID":11884,"SolrID":"/an-giang/huyen-chau-phu/xa-o-long-vi","Title":"Xã Ô Long Vĩ","TinhThanhTitle":"An Giang","QuanHuyenTitle":"Huyện Châu Phú","QuanHuyenID":214,"TinhThanhID":35,"Url":"https://thongtindoanhnghiep.co/api/company?l=/an-giang/huyen-chau-phu/xa-o-long-vi","Total":10,"List":[{"Type":11,"SolrID":"/1602062830-doanh-nghiep-tn-xang-dau-doan-tien-phat","ID":0,"MaSoThue":"1602062830","NgayCap":"2018-01-23T00:00:00Z","Title":"Doanh Nghiệp Tn Xăng Dầu Đoàn Tiến Phát","DiaChiCongTy":"Ấp Long Thành, Xã Ô Long Vĩ, Huyện Châu Phú, Tỉnh An Giang","Created":"2018-01-23T16:32:04Z","Updated":"2018-01-23T16:32:04Z","IsDelete":false,"RequestChanged":false,"ExitsInGDT":false,"SourceID":0,"TinhThanhID":0,"TinhThanhTitle":"An Giang","TinhThanhTitleAscii":"/an-giang","QuanHuyenID":0,"NganhNgheTitle":"Bán buôn nhiên liệu rắn, lỏng, khí và các sản phẩm liên quan","NganhNgheTitleAscii":"/nganh-nghe/ban-buon-nhien-lieu-ran-long-khi-va-cac-san-pham-lien-quan","DSTags":["1602062830","An Giang",null]},{"Type":11,"SolrID":"/1602055590-cong-ty-tnhh-mot-thanh-vien-nong-nghiep-than-nong-viet","ID":0,"MaSoThue":"1602055590","NgayCap":"2017-11-22T00:00:00Z","Title":"Công Ty TNHH Một Thành Viên Nông Nghiệp Thần Nông Việt","DiaChiCongTy":"Số 360, Tổ 13, Ấp Long An, Xã Ô Long Vĩ, Huyện Châu Phú, Tỉnh An Giang","Created":"2017-11-22T17:08:47Z","Updated":"2017-11-22T17:08:47Z","IsDelete":false,"RequestChanged":false,"ExitsInGDT":false,"SourceID":0,"TinhThanhID":0,"TinhThanhTitle":"An Giang","TinhThanhTitleAscii":"/an-giang","QuanHuyenID":0,"NganhNgheTitle":"Bán buôn chuyên doanh khác chưa được phân vào đâu","NganhNgheTitleAscii":"/nganh-nghe/ban-buon-chuyen-doanh-khac-chua-duoc-phan-vao-dau","DSTags":["1602055590","An Giang",null]},{"Type":11,"SolrID":"/1602043690-cong-ty-tnhh-mot-thanh-vien-minh-thang-o-long-vy","ID":0,"MaSoThue":"1602043690","NgayCap":"2017-06-29T00:00:00Z","Title":"Công Ty TNHH Một Thành Viên Minh Thắng Ô Long Vỹ","DiaChiCongTy":"Kiot 02-03, Chợ Ô Long Vỹ, Ấp Long An, Xã Ô Long Vĩ, Huyện Châu Phú, Tỉnh An Giang","Created":"2017-06-29T11:08:14Z","Updated":"2017-06-29T11:08:14Z","IsDelete":false,"RequestChanged":false,"ExitsInGDT":false,"SourceID":0,"TinhThanhID":0,"TinhThanhTitle":"An Giang","TinhThanhTitleAscii":"/an-giang","QuanHuyenID":0,"NganhNgheTitle":"Bán buôn thiết bị và linh kiện điện tử, viễn thông","NganhNgheTitleAscii":"/nganh-nghe/ban-buon-thiet-bi-va-linh-kien-dien-tu-vien-thong","DSTags":["1602043690","An Giang",null]},{"Type":11,"SolrID":"/1602041580-cong-ty-tnhh-mot-thanh-vien-vat-lieu-xay-dung-lam-ngoc-nhi","ID":0,"MaSoThue":"1602041580","NgayCap":"2017-06-01T00:00:00Z","Title":"Công Ty TNHH Một Thành Viên Vật Liệu Xây Dựng Lâm Ngọc Nhi","DiaChiCongTy":"Tổ 03, Ấp Long Hòa, Xã Ô Long Vĩ, Huyện Châu Phú, Tỉnh An Giang","Created":"2017-06-01T08:50:15Z","Updated":"2017-06-01T08:50:15Z","IsDelete":false,"RequestChanged":false,"ExitsInGDT":false,"SourceID":0,"TinhThanhID":0,"TinhThanhTitle":"An Giang","TinhThanhTitleAscii":"/an-giang","QuanHuyenID":0,"NganhNgheTitle":"Bán buôn vật liệu, thiết bị lắp đặt khác trong xây dựng","NganhNgheTitleAscii":"/nganh-nghe/ban-buon-vat-lieu-thiet-bi-lap-dat-khac-trong-xay-dung","DSTags":["1602041580","An Giang",null]},{"Type":11,"SolrID":"/1601038017-truong-tieu-hoc-a-o-long-vi","ID":0,"MaSoThue":"1601038017","NgayCap":"2009-02-14T00:00:00Z","Title":"Trường Tiểu học A Ô Long Vĩ","DiaChiCongTy":"Xã Ô Long Vĩ - Huyện Châu Phú - An Giang","Created":"2015-11-16T17:22:23Z","Updated":"2015-11-16T17:22:23Z","IsDelete":false,"RequestChanged":false,"ExitsInGDT":false,"SourceID":0,"TinhThanhID":0,"TinhThanhTitle":"An Giang","TinhThanhTitleAscii":"/an-giang","QuanHuyenID":0,"NganhNgheTitle":"Giáo dục tiểu học","NganhNgheTitleAscii":"/nganh-nghe/giao-duc-tieu-hoc","DSTags":["1601038017","An Giang",null]},{"Type":11,"SolrID":"/1601003134-truong-mau-giao-o-long-vi","ID":0,"MaSoThue":"1601003134","NgayCap":"2008-12-15T00:00:00Z","Title":"Trường Mẫu Giáo Ô Long Vĩ","DiaChiCongTy":"Xã ô Long Vĩ - Huyện Châu Phú - An Giang","Created":"2015-11-16T19:46:42Z","Updated":"2015-11-16T19:46:42Z","IsDelete":false,"RequestChanged":false,"ExitsInGDT":false,"SourceID":0,"TinhThanhID":0,"TinhThanhTitle":"An Giang","TinhThanhTitleAscii":"/an-giang","QuanHuyenID":0,"NganhNgheTitle":"Giáo dục mầm non","NganhNgheTitleAscii":"/nganh-nghe/giao-duc-mam-non","DSTags":["1601003134","An Giang",null]},{"Type":11,"SolrID":"/1600892794-cong-ty-tnhh-dat-viet","ID":0,"MaSoThue":"1600892794","NgayCap":"2007-05-22T00:00:00Z","Title":"Công ty TNHH Đất Việt","DiaChiCongTy":"Số 5, lô D, ấp Long An, xã Ô Long Vĩ - Huyện Châu Phú - An Giang","Created":"2015-11-14T05:06:43Z","Updated":"2015-11-14T05:06:43Z","IsDelete":false,"RequestChanged":false,"ExitsInGDT":false,"SourceID":0,"TinhThanhID":0,"TinhThanhTitle":"An Giang","TinhThanhTitleAscii":"/an-giang","QuanHuyenID":0,"NganhNgheTitle":"Xây dựng công trình kỹ thuật dân dụng","NganhNgheTitleAscii":"/nganh-nghe/xay-dung-cong-trinh-ky-thuat-dan-dung","DSTags":["1600892794","An Giang",null]},{"Type":11,"SolrID":"/1600873128-hop-tac-xa-nong-nghiep-hoa-an","ID":0,"MaSoThue":"1600873128","NgayCap":"2007-01-26T00:00:00Z","Title":"Hợp tác xã Nông nghiệp Hòa An","DiaChiCongTy":"ấp Long An, xã ô Long Vĩ - Huyện Châu Phú - An Giang","Created":"2015-11-17T04:09:32Z","Updated":"2015-11-17T04:09:32Z","IsDelete":false,"RequestChanged":false,"ExitsInGDT":false,"SourceID":0,"TinhThanhID":0,"TinhThanhTitle":"An Giang","TinhThanhTitleAscii":"/an-giang","QuanHuyenID":0,"NganhNgheTitle":"Hoạt động dịch vụ nông nghiệp","NganhNgheTitleAscii":"/nganh-nghe/hoat-dong-dich-vu-nong-nghiep","DSTags":["1600873128","An Giang",null]},{"Type":11,"SolrID":"/1600814299-truong-tieu-hoc-c-o-long-vi","ID":0,"MaSoThue":"1600814299","NgayCap":"2005-11-16T00:00:00Z","Title":"Trường Tiểu học C Ô Long Vĩ","DiaChiCongTy":"ấp Long Phú, xã Ô Long Vĩ - Huyện Châu Phú - An Giang","Created":"2015-11-16T04:58:12Z","Updated":"2015-11-16T04:58:12Z","IsDelete":false,"RequestChanged":false,"ExitsInGDT":false,"SourceID":0,"TinhThanhID":0,"TinhThanhTitle":"An Giang","TinhThanhTitleAscii":"/an-giang","QuanHuyenID":0,"NganhNgheTitle":"Giáo dục tiểu học","NganhNgheTitleAscii":"/nganh-nghe/giao-duc-tieu-hoc","DSTags":["1600814299","An Giang",null]},{"Type":11,"SolrID":"/1600374908-ubnd-xa-o-long-vi","ID":0,"MaSoThue":"1600374908","NgayCap":"1998-11-25T00:00:00Z","Title":"UBND Xã Ô Long Vĩ","DiaChiCongTy":"ấp Long An, xã Ô Long Vĩ - Huyện Châu Phú - An Giang","Created":"2015-11-14T17:13:51Z","Updated":"2015-11-14T17:13:51Z","IsDelete":false,"RequestChanged":false,"ExitsInGDT":false,"SourceID":0,"TinhThanhID":0,"TinhThanhTitle":"An Giang","TinhThanhTitleAscii":"/an-giang","QuanHuyenID":0,"NganhNgheTitle":"Hoạt động quản lý nhà nước nói chung và kinh tế tổng hợp","NganhNgheTitleAscii":"/nganh-nghe/hoat-dong-quan-ly-nha-nuoc-noi-chung-va-kinh-te-tong-hop","DSTags":["1600374908","An Giang",null]}]}