{"ID":11817,"SolrID":"/an-giang/huyen-chau-phu/xa-o-long-vy","Title":"Xã Ô Long Vỹ","TinhThanhTitle":"An Giang","QuanHuyenTitle":"Huyện Châu Phú","QuanHuyenID":214,"TinhThanhID":35,"Url":"https://thongtindoanhnghiep.co/api/company?l=/an-giang/huyen-chau-phu/xa-o-long-vy","Total":9,"List":[{"Type":11,"SolrID":"/1601894561-doanh-nghiep-tn-nuoi-ca-hung-nguyen","ID":0,"MaSoThue":"1601894561","NgayCap":"2013-11-18T00:00:00Z","Title":"Doanh Nghiệp TN Nuôi Cá Hùng Nguyễn","DiaChiCongTy":"ấp Long Sơn - Xã ô Long Vỹ - Huyện Châu Phú - An Giang","Created":"2015-11-09T11:32:10Z","Updated":"2015-11-09T11:32:10Z","IsDelete":false,"RequestChanged":false,"ExitsInGDT":false,"SourceID":0,"TinhThanhID":0,"TinhThanhTitle":"An Giang","TinhThanhTitleAscii":"/an-giang","QuanHuyenID":0,"NganhNgheTitle":"Nuôi trồng thuỷ sản nội địa","NganhNgheTitleAscii":"/nganh-nghe/nuoi-trong-thuy-san-noi-dia","DSTags":["1601894561","An Giang",null]},{"Type":11,"SolrID":"/1601887010-doanh-nghiep-tn-tiem-vang-thanh-liem-o-long-vi","ID":0,"MaSoThue":"1601887010","NgayCap":"2013-08-21T00:00:00Z","Title":"Doanh Nghiệp TN Tiệm Vàng Thanh Liêm ô Long Vĩ","DiaChiCongTy":"ấp Long An - Xã ô Long Vỹ - Huyện Châu Phú - An Giang","Created":"2015-11-16T14:07:52Z","Updated":"2015-11-16T14:07:52Z","IsDelete":false,"RequestChanged":false,"ExitsInGDT":false,"SourceID":0,"TinhThanhID":0,"TinhThanhTitle":"An Giang","TinhThanhTitleAscii":"/an-giang","QuanHuyenID":0,"NganhNgheTitle":"Bán buôn kim loại và quặng kim loại","NganhNgheTitleAscii":"/nganh-nghe/ban-buon-kim-loai-va-quang-kim-loai","DSTags":["1601887010","An Giang",null]},{"Type":11,"SolrID":"/1601879919-cong-ty-tnhh-nong-nghiep-xanh-phu-nong-gia","ID":0,"MaSoThue":"1601879919","NgayCap":"2013-06-12T00:00:00Z","Title":"Công Ty TNHH Nông Nghiệp Xanh Phú Nông Gia","DiaChiCongTy":"ấp Long An - Xã ô Long Vỹ - Huyện Châu Phú - An Giang","Created":"2015-11-11T20:49:09Z","Updated":"2015-11-11T20:49:09Z","IsDelete":false,"RequestChanged":false,"ExitsInGDT":false,"SourceID":0,"TinhThanhID":0,"TinhThanhTitle":"An Giang","TinhThanhTitleAscii":"/an-giang","QuanHuyenID":0,"NganhNgheTitle":"Trồng cây gia vị, cây dược liệu","NganhNgheTitleAscii":"/nganh-nghe/trong-cay-gia-vi-cay-duoc-lieu","DSTags":["1601879919","An Giang",null]},{"Type":11,"SolrID":"/1601874903-cong-ty-tnhh-mot-thanh-vien-ha-truong-giang","ID":0,"MaSoThue":"1601874903","NgayCap":"2013-05-17T00:00:00Z","Title":"Công Ty TNHH Một Thành Viên Hà Trường Giang","DiaChiCongTy":"Số 84, Tổ 3, ấp Long Hòa - Xã ô Long Vỹ - Huyện Châu Phú - An Giang","Created":"2015-11-11T22:02:38Z","Updated":"2015-11-11T22:02:38Z","IsDelete":false,"RequestChanged":false,"ExitsInGDT":false,"SourceID":0,"TinhThanhID":0,"TinhThanhTitle":"An Giang","TinhThanhTitleAscii":"/an-giang","QuanHuyenID":0,"NganhNgheTitle":"Bán buôn vật liệu, thiết bị lắp đặt khác trong xây dựng","NganhNgheTitleAscii":"/nganh-nghe/ban-buon-vat-lieu-thiet-bi-lap-dat-khac-trong-xay-dung","DSTags":["1601874903","An Giang",null]},{"Type":11,"SolrID":"/1601117170-doanh-nghiep-tn-trung-thai","ID":0,"MaSoThue":"1601117170","NgayCap":"2009-05-06T00:00:00Z","Title":"Doanh Nghiệp TN Trung Thái","DiaChiCongTy":"ấp Long Hòa - Xã ô Long Vỹ - Huyện Châu Phú - An Giang","Created":"2015-11-11T07:13:18Z","Updated":"2015-11-11T07:13:18Z","IsDelete":false,"RequestChanged":false,"ExitsInGDT":false,"SourceID":0,"TinhThanhID":0,"TinhThanhTitle":"An Giang","TinhThanhTitleAscii":"/an-giang","QuanHuyenID":0,"NganhNgheTitle":"Bán buôn nhiên liệu rắn, lỏng, khí và các sản phẩm liên quan","NganhNgheTitleAscii":"/nganh-nghe/ban-buon-nhien-lieu-ran-long-khi-va-cac-san-pham-lien-quan","DSTags":["1601117170","An Giang",null]},{"Type":11,"SolrID":"/1600962917-cong-ty-tnhh-thiet-ke-xay-dung-thien-long","ID":0,"MaSoThue":"1600962917","NgayCap":"2008-05-28T00:00:00Z","Title":"Công Ty TNHH Thiết Kế & Xây Dựng Thiên Long","DiaChiCongTy":"Số 26 Lô E, ấp Long An - Xã ô Long Vỹ - Huyện Châu Phú - An Giang","Created":"2015-11-11T04:40:20Z","Updated":"2015-11-11T04:40:20Z","IsDelete":false,"RequestChanged":false,"ExitsInGDT":false,"SourceID":0,"TinhThanhID":0,"TinhThanhTitle":"An Giang","TinhThanhTitleAscii":"/an-giang","QuanHuyenID":0,"NganhNgheTitle":"Hoạt động kiến trúc và tư vấn kỹ thuật có liên quan","NganhNgheTitleAscii":"/nganh-nghe/hoat-dong-kien-truc-va-tu-van-ky-thuat-co-lien-quan","DSTags":["1600962917","An Giang",null]},{"Type":11,"SolrID":"/1601214777-cong-ty-tnhh-sx-dv-kim-hoan-dat-viet","ID":0,"MaSoThue":"1601214777","NgayCap":"2007-05-14T00:00:00Z","Title":"Công Ty TNHH Sản Xuất Dịch Vụ Kim Hoàn Đất Việt","DiaChiCongTy":"Số 5, lô D, ấp Long An, Xã Ô Long Vỹ, Huyện Châu Phú, Tỉnh An Giang","Created":"2015-11-08T23:30:21Z","Updated":"2021-03-09T11:00:26Z","IsDelete":false,"RequestChanged":false,"ExitsInGDT":false,"SourceID":0,"TinhThanhID":0,"TinhThanhTitle":"An Giang","TinhThanhTitleAscii":"/an-giang","QuanHuyenID":0,"NganhNgheTitle":"Xây dựng công trình kỹ thuật dân dụng","NganhNgheTitleAscii":"/nganh-nghe/xay-dung-cong-trinh-ky-thuat-dan-dung","DSTags":["1601214777","An Giang",null]},{"Type":11,"SolrID":"/1600826456-doanh-nghiep-tn-thuan-qui","ID":0,"MaSoThue":"1600826456","NgayCap":"2006-02-13T00:00:00Z","Title":"Doanh Nghiệp TN Thuận Quí","DiaChiCongTy":"Tổ 6, ấp Long An - Xã ô Long Vỹ - Huyện Châu Phú - An Giang","Created":"2015-11-17T04:28:59Z","Updated":"2015-11-17T04:28:59Z","IsDelete":false,"RequestChanged":false,"ExitsInGDT":false,"SourceID":0,"TinhThanhID":0,"TinhThanhTitle":"An Giang","TinhThanhTitleAscii":"/an-giang","QuanHuyenID":0,"NganhNgheTitle":"Bán buôn nhiên liệu rắn, lỏng, khí và các sản phẩm liên quan","NganhNgheTitleAscii":"/nganh-nghe/ban-buon-nhien-lieu-ran-long-khi-va-cac-san-pham-lien-quan","DSTags":["1600826456","An Giang",null]},{"Type":11,"SolrID":"/1600228008-doanh-nghiep-tn-nguyen-van-nhu","ID":0,"MaSoThue":"1600228008","NgayCap":"2004-02-05T00:00:00Z","Title":"Doanh Nghiệp TN Nguyễn Văn Nhu","DiaChiCongTy":"ấp Long Thịnh - Xã ô Long Vỹ - Huyện Châu Phú - An Giang","Created":"2015-11-17T04:53:42Z","Updated":"2015-11-17T04:53:42Z","IsDelete":false,"RequestChanged":false,"ExitsInGDT":false,"SourceID":0,"TinhThanhID":0,"TinhThanhTitle":"An Giang","TinhThanhTitleAscii":"/an-giang","QuanHuyenID":0,"NganhNgheTitle":"Bán buôn nhiên liệu rắn, lỏng, khí và các sản phẩm liên quan","NganhNgheTitleAscii":"/nganh-nghe/ban-buon-nhien-lieu-ran-long-khi-va-cac-san-pham-lien-quan","DSTags":["1600228008","An Giang",null]}]}