{"ID":12220,"SolrID":"/an-giang/huyen-chau-phu/xa-phu-my","Title":"Xã Phú Mỹ","TinhThanhTitle":"An Giang","QuanHuyenTitle":"Huyện Châu Phú","QuanHuyenID":214,"TinhThanhID":35,"Url":"https://thongtindoanhnghiep.co/api/company?l=/an-giang/huyen-chau-phu/xa-phu-my","Total":1,"List":[{"Type":11,"SolrID":"/1600957096-dntn-truong-kiet","ID":0,"MaSoThue":"1600957096","NgayCap":"2008-04-17T00:00:00Z","Title":"DNTN Trương Kiệt","DiaChiCongTy":"ấp Mỹ An, xã Phú Mỹ - Huyện Châu Phú - An Giang","Created":"2015-11-17T00:40:09Z","Updated":"2015-11-17T00:40:09Z","IsDelete":false,"RequestChanged":false,"ExitsInGDT":false,"SourceID":0,"TinhThanhID":0,"TinhThanhTitle":"An Giang","TinhThanhTitleAscii":"/an-giang","QuanHuyenID":0,"NganhNgheTitle":"Bán buôn chuyên doanh khác","NganhNgheTitleAscii":"/nganh-nghe/ban-buon-chuyen-doanh-khac","DSTags":["1600957096","An Giang",null]}]}