{"ID":9164,"SolrID":"/an-giang/huyen-chau-phu/xa-thanh-my-tay","Title":"Xã Thạnh Mỹ Tây","TinhThanhTitle":"An Giang","QuanHuyenTitle":"Huyện Châu Phú","QuanHuyenID":214,"TinhThanhID":35,"Url":"https://thongtindoanhnghiep.co/api/company?l=/an-giang/huyen-chau-phu/xa-thanh-my-tay","Total":27,"List":[{"Type":11,"SolrID":"/1602078566-doanh-nghiep-tn-xay-dung-thao-vinh","ID":0,"MaSoThue":"1602078566","NgayCap":"2018-08-14T00:00:00Z","Title":"Doanh Nghiệp Tn Xây Dựng Thảo Vinh","DiaChiCongTy":"Số nhà 127, Ấp Thạnh Phú, Xã Thạnh Mỹ Tây, Huyện Châu Phú, Tỉnh An Giang","Created":"2018-08-14T09:35:23Z","Updated":"2018-08-14T09:35:23Z","IsDelete":false,"RequestChanged":false,"ExitsInGDT":false,"SourceID":0,"TinhThanhID":0,"TinhThanhTitle":"An Giang","TinhThanhTitleAscii":"/an-giang","QuanHuyenID":0,"NganhNgheTitle":"Xây dựng nhà các loại","NganhNgheTitleAscii":"/nganh-nghe/xay-dung-nha-cac-loai","DSTags":["1602078566","An Giang",null]},{"Type":11,"SolrID":"/1602073423-cong-ty-tnhh-mot-thanh-vien-luong-van-tang","ID":0,"MaSoThue":"1602073423","NgayCap":"2018-06-04T00:00:00Z","Title":"Công Ty TNHH Một Thành Viên Lương Văn Tăng","DiaChiCongTy":"Tổ 13, Ấp Mỹ Bình, Xã Thạnh Mỹ Tây, Huyện Châu Phú, Tỉnh An Giang","Created":"2018-06-04T14:05:00Z","Updated":"2018-06-04T14:05:00Z","IsDelete":false,"RequestChanged":false,"ExitsInGDT":false,"SourceID":0,"TinhThanhID":0,"TinhThanhTitle":"An Giang","TinhThanhTitleAscii":"/an-giang","QuanHuyenID":0,"NganhNgheTitle":"Xây dựng nhà các loại","NganhNgheTitleAscii":"/nganh-nghe/xay-dung-nha-cac-loai","DSTags":["1602073423","An Giang",null]},{"Type":11,"SolrID":"/1602045962-cong-ty-tnhh-thuong-mai-dich-vu-xay-dung-anh-phong","ID":0,"MaSoThue":"1602045962","NgayCap":"2017-07-21T00:00:00Z","Title":"Công Ty TNHH Thương Mại Dịch Vụ Xây Dựng Anh Phong","DiaChiCongTy":"Số 639, Tổ 20, Ấp Bờ Dâu, Xã Thạnh Mỹ Tây, Huyện Châu Phú, Tỉnh An Giang","Created":"2017-07-21T08:58:57Z","Updated":"2017-07-21T08:58:57Z","IsDelete":false,"RequestChanged":false,"ExitsInGDT":false,"SourceID":0,"TinhThanhID":0,"TinhThanhTitle":"An Giang","TinhThanhTitleAscii":"/an-giang","QuanHuyenID":0,"NganhNgheTitle":"Bán buôn vật liệu, thiết bị lắp đặt khác trong xây dựng","NganhNgheTitleAscii":"/nganh-nghe/ban-buon-vat-lieu-thiet-bi-lap-dat-khac-trong-xay-dung","DSTags":["1602045962","An Giang",null]},{"Type":11,"SolrID":"/1602043387-cong-ty-tnhh-mot-thanh-vien-vien-thong-minh-nghiep","ID":0,"MaSoThue":"1602043387","NgayCap":"2017-06-21T00:00:00Z","Title":"Công Ty TNHH Một Thành Viên Viễn Thông Minh Nghiệp","DiaChiCongTy":"Số 184, Tổ 6, Ấp Bờ Dâu, Xã Thạnh Mỹ Tây, Huyện Châu Phú, Tỉnh An Giang","Created":"2017-06-21T16:38:30Z","Updated":"2017-06-21T16:38:30Z","IsDelete":false,"RequestChanged":false,"ExitsInGDT":false,"SourceID":0,"TinhThanhID":0,"TinhThanhTitle":"An Giang","TinhThanhTitleAscii":"/an-giang","QuanHuyenID":0,"NganhNgheTitle":"Bán buôn thiết bị và linh kiện điện tử, viễn thông","NganhNgheTitleAscii":"/nganh-nghe/ban-buon-thiet-bi-va-linh-kien-dien-tu-vien-thong","DSTags":["1602043387","An Giang",null]},{"Type":11,"SolrID":"/1602040837-cong-ty-tnhh-mot-thanh-vien-ngoc-dung-thanh-my-tay","ID":0,"MaSoThue":"1602040837","NgayCap":"2017-05-19T00:00:00Z","Title":"Công Ty TNHH Một Thành Viên Ngọc Đựng Thạnh Mỹ Tây","DiaChiCongTy":"Số nhà 14, Tổ 25, Ấp Bờ Dâu, Xã Thạnh Mỹ Tây, Huyện Châu Phú, Tỉnh An Giang","Created":"2017-05-19T17:43:46Z","Updated":"2017-05-19T17:43:46Z","IsDelete":false,"RequestChanged":false,"ExitsInGDT":false,"SourceID":0,"TinhThanhID":0,"TinhThanhTitle":"An Giang","TinhThanhTitleAscii":"/an-giang","QuanHuyenID":0,"NganhNgheTitle":"Bán buôn thiết bị và linh kiện điện tử, viễn thông","NganhNgheTitleAscii":"/nganh-nghe/ban-buon-thiet-bi-va-linh-kien-dien-tu-vien-thong","DSTags":["1602040837","An Giang",null]},{"Type":11,"SolrID":"/1600982984-001-chi-nhanh-cong-ty-tnhh-mot-thanh-vien-tri-dat-thanh","ID":0,"MaSoThue":"1600982984-001","NgayCap":"2015-12-31T00:00:00Z","Title":"Chi Nhánh Công Ty TNHH Một Thành Viên Trí Đạt Thành","DiaChiCongTy":"ấp Bờ Dâu - Xã Thạnh Mỹ Tây - Huyện Châu Phú - An Giang","Created":"2016-01-23T16:09:53Z","Updated":"2016-01-23T16:09:53Z","IsDelete":false,"RequestChanged":false,"ExitsInGDT":false,"SourceID":0,"TinhThanhID":0,"TinhThanhTitle":"An Giang","TinhThanhTitleAscii":"/an-giang","QuanHuyenID":0,"NganhNgheTitle":"Bán buôn thực phẩm","NganhNgheTitleAscii":"/nganh-nghe/ban-buon-thuc-pham","DSTags":["1600982984-001","An Giang",null]},{"Type":11,"SolrID":"/1601989728-doanh-nghiep-tn-doan-hong-cam","ID":0,"MaSoThue":"1601989728","NgayCap":"2015-12-01T00:00:00Z","Title":"Doanh Nghiệp TN Đoàn Hồng Cẩm","DiaChiCongTy":"ấp Bờ Dâu - Xã Thạnh Mỹ Tây - Huyện Châu Phú - An Giang","Created":"2015-12-02T07:24:59Z","Updated":"2015-12-02T07:24:59Z","IsDelete":false,"RequestChanged":false,"ExitsInGDT":false,"SourceID":0,"TinhThanhID":0,"TinhThanhTitle":"An Giang","TinhThanhTitleAscii":"/an-giang","QuanHuyenID":0,"NganhNgheTitle":"Xây dựng nhà các loại","NganhNgheTitleAscii":"/nganh-nghe/xay-dung-nha-cac-loai","DSTags":["1601989728","An Giang",null]},{"Type":11,"SolrID":"/1601888536-doanh-nghiep-tn-tiem-vang-ngoc-tu","ID":0,"MaSoThue":"1601888536","NgayCap":"2013-09-10T00:00:00Z","Title":"Doanh Nghiệp TN Tiệm Vàng Ngọc Tú","DiaChiCongTy":"Số 64, Tổ 2, ấp Ba Xưa - Xã Thạnh Mỹ Tây - Huyện Châu Phú - An Giang","Created":"2015-11-16T14:14:28Z","Updated":"2015-11-16T14:14:28Z","IsDelete":false,"RequestChanged":false,"ExitsInGDT":false,"SourceID":0,"TinhThanhID":0,"TinhThanhTitle":"An Giang","TinhThanhTitleAscii":"/an-giang","QuanHuyenID":0,"NganhNgheTitle":"Bán buôn kim loại và quặng kim loại","NganhNgheTitleAscii":"/nganh-nghe/ban-buon-kim-loai-va-quang-kim-loai","DSTags":["1601888536","An Giang",null]},{"Type":11,"SolrID":"/1601887500-doanh-nghiep-tn-tiem-vang-ba-quat","ID":0,"MaSoThue":"1601887500","NgayCap":"2013-08-27T00:00:00Z","Title":"Doanh Nghiệp TN Tiệm Vàng Bá Quát","DiaChiCongTy":"Số 306, Tổ 11, ấp Ba Xưa - Xã Thạnh Mỹ Tây - Huyện Châu Phú - An Giang","Created":"2015-11-17T20:38:01Z","Updated":"2015-11-17T20:38:01Z","IsDelete":false,"RequestChanged":false,"ExitsInGDT":false,"SourceID":0,"TinhThanhID":0,"TinhThanhTitle":"An Giang","TinhThanhTitleAscii":"/an-giang","QuanHuyenID":0,"NganhNgheTitle":"Bán buôn kim loại và quặng kim loại","NganhNgheTitleAscii":"/nganh-nghe/ban-buon-kim-loai-va-quang-kim-loai","DSTags":["1601887500","An Giang",null]},{"Type":11,"SolrID":"/1601885292-doanh-nghiep-tn-tiem-vang-kim-cuong-cang","ID":0,"MaSoThue":"1601885292","NgayCap":"2013-08-01T00:00:00Z","Title":"Doanh Nghiệp TN Tiệm Vàng Kim Cương Cang","DiaChiCongTy":"ấp Ba Xưa - Xã Thạnh Mỹ Tây - Huyện Châu Phú - An Giang","Created":"2015-11-16T14:02:00Z","Updated":"2015-11-16T14:02:00Z","IsDelete":false,"RequestChanged":false,"ExitsInGDT":false,"SourceID":0,"TinhThanhID":0,"TinhThanhTitle":"An Giang","TinhThanhTitleAscii":"/an-giang","QuanHuyenID":0,"NganhNgheTitle":"Bán buôn kim loại và quặng kim loại","NganhNgheTitleAscii":"/nganh-nghe/ban-buon-kim-loai-va-quang-kim-loai","DSTags":["1601885292","An Giang",null]},{"Type":11,"SolrID":"/1601883577-doanh-nghiep-tn-tiem-vang-bi-my-ii","ID":0,"MaSoThue":"1601883577","NgayCap":"2013-07-11T00:00:00Z","Title":"Doanh Nghiệp TN Tiệm Vàng Bi Mỹ Ii","DiaChiCongTy":"ấp Bờ Dâu - Xã Thạnh Mỹ Tây - Huyện Châu Phú - An Giang","Created":"2015-11-18T05:44:46Z","Updated":"2015-11-18T05:44:46Z","IsDelete":false,"RequestChanged":false,"ExitsInGDT":false,"SourceID":0,"TinhThanhID":0,"TinhThanhTitle":"An Giang","TinhThanhTitleAscii":"/an-giang","QuanHuyenID":0,"NganhNgheTitle":"Bán buôn kim loại và quặng kim loại","NganhNgheTitleAscii":"/nganh-nghe/ban-buon-kim-loai-va-quang-kim-loai","DSTags":["1601883577","An Giang",null]},{"Type":11,"SolrID":"/1601883552-doanh-nghiep-tn-tiem-vang-bi-my","ID":0,"MaSoThue":"1601883552","NgayCap":"2013-07-11T00:00:00Z","Title":"Doanh Nghiệp TN Tiệm Vàng Bi Mỹ","DiaChiCongTy":"ấp Bờ Dâu - Xã Thạnh Mỹ Tây - Huyện Châu Phú - An Giang","Created":"2015-11-18T05:44:46Z","Updated":"2015-11-18T05:44:46Z","IsDelete":false,"RequestChanged":false,"ExitsInGDT":false,"SourceID":0,"TinhThanhID":0,"TinhThanhTitle":"An Giang","TinhThanhTitleAscii":"/an-giang","QuanHuyenID":0,"NganhNgheTitle":"Bán buôn kim loại và quặng kim loại","NganhNgheTitleAscii":"/nganh-nghe/ban-buon-kim-loai-va-quang-kim-loai","DSTags":["1601883552","An Giang",null]},{"Type":11,"SolrID":"/1601883545-doanh-nghiep-tn-tiem-vang-nguyen-khoa","ID":0,"MaSoThue":"1601883545","NgayCap":"2013-07-11T00:00:00Z","Title":"Doanh Nghiệp TN Tiệm Vàng Nguyễn Khoa","DiaChiCongTy":"ấp Bờ Dâu - Xã Thạnh Mỹ Tây - Huyện Châu Phú - An Giang","Created":"2015-11-18T05:44:58Z","Updated":"2015-11-18T05:44:58Z","IsDelete":false,"RequestChanged":false,"ExitsInGDT":false,"SourceID":0,"TinhThanhID":0,"TinhThanhTitle":"An Giang","TinhThanhTitleAscii":"/an-giang","QuanHuyenID":0,"NganhNgheTitle":"Bán buôn kim loại và quặng kim loại","NganhNgheTitleAscii":"/nganh-nghe/ban-buon-kim-loai-va-quang-kim-loai","DSTags":["1601883545","An Giang",null]},{"Type":11,"SolrID":"/1601880872-cong-ty-tnhh-mot-thanh-vien-xay-dung-thai-nguyen-tinh","ID":0,"MaSoThue":"1601880872","NgayCap":"2013-06-19T00:00:00Z","Title":"Công Ty TNHH Một Thành Viên Xây Dựng Thái Nguyên Tình","DiaChiCongTy":"ấp Bờ Dâu - Xã Thạnh Mỹ Tây - Huyện Châu Phú - An Giang","Created":"2015-11-11T20:48:17Z","Updated":"2015-11-11T20:48:17Z","IsDelete":false,"RequestChanged":false,"ExitsInGDT":false,"SourceID":0,"TinhThanhID":0,"TinhThanhTitle":"An Giang","TinhThanhTitleAscii":"/an-giang","QuanHuyenID":0,"NganhNgheTitle":"Xây dựng nhà các loại","NganhNgheTitleAscii":"/nganh-nghe/xay-dung-nha-cac-loai","DSTags":["1601880872","An Giang",null]},{"Type":11,"SolrID":"/1601857658-cong-ty-tnhh-mot-thanh-vien-dich-vu-thuong-mai-xay-dung-mhp","ID":0,"MaSoThue":"1601857658","NgayCap":"2013-01-16T00:00:00Z","Title":"Công Ty TNHH Một Thành Viên Dịch Vụ Thương Mại Xây Dựng Mhp","DiaChiCongTy":"Số 67, Lô 9, ấp Thạnh Hòa - Xã Thạnh Mỹ Tây - Huyện Châu Phú - An Giang","Created":"2015-11-12T00:59:48Z","Updated":"2015-11-12T00:59:48Z","IsDelete":false,"RequestChanged":false,"ExitsInGDT":false,"SourceID":0,"TinhThanhID":0,"TinhThanhTitle":"An Giang","TinhThanhTitleAscii":"/an-giang","QuanHuyenID":0,"NganhNgheTitle":"Xây dựng nhà các loại","NganhNgheTitleAscii":"/nganh-nghe/xay-dung-nha-cac-loai","DSTags":["1601857658","An Giang",null]},{"Type":11,"SolrID":"/1600184590-055-chi-nhanh-cong-ty-tnhh-mot-thanh-vien-xang-dau-an-giang-cua-hang-xang-dau-thanh-my-tay","ID":0,"MaSoThue":"1600184590-055","NgayCap":"2010-12-17T00:00:00Z","Title":"Chi Nhánh Công Ty TNHH Một Thành Viên Xăng Dầu An Giang - Cửa Hàng Xăng Dầu Thạnh Mỹ Tây","DiaChiCongTy":"ấp Bờ Dâu - Xã Thạnh Mỹ Tây - Huyện Châu Phú - An Giang","Created":"2015-11-10T01:37:49Z","Updated":"2015-11-10T01:37:49Z","IsDelete":false,"RequestChanged":false,"ExitsInGDT":false,"SourceID":0,"TinhThanhID":0,"TinhThanhTitle":"An Giang","TinhThanhTitleAscii":"/an-giang","QuanHuyenID":0,"NganhNgheTitle":"Bán buôn nhiên liệu rắn, lỏng, khí và các sản phẩm liên quan","NganhNgheTitleAscii":"/nganh-nghe/ban-buon-nhien-lieu-ran-long-khi-va-cac-san-pham-lien-quan","DSTags":["1600184590-055","An Giang",null]},{"Type":11,"SolrID":"/1601345762-doanh-nghiep-tn-bich-van","ID":0,"MaSoThue":"1601345762","NgayCap":"2010-05-18T00:00:00Z","Title":"Doanh Nghiệp TN Bích Vân","DiaChiCongTy":"ấp Thạnh Hòa - Xã Thạnh Mỹ Tây - Huyện Châu Phú - An Giang","Created":"2015-11-08T23:07:44Z","Updated":"2015-11-08T23:07:44Z","IsDelete":false,"RequestChanged":false,"ExitsInGDT":false,"SourceID":0,"TinhThanhID":0,"TinhThanhTitle":"An Giang","TinhThanhTitleAscii":"/an-giang","QuanHuyenID":0,"NganhNgheTitle":"Bán buôn nhiên liệu rắn, lỏng, khí và các sản phẩm liên quan","NganhNgheTitleAscii":"/nganh-nghe/ban-buon-nhien-lieu-ran-long-khi-va-cac-san-pham-lien-quan","DSTags":["1601345762","An Giang",null]},{"Type":11,"SolrID":"/1600146309-001-chi-nhanh-dntn-diep-thi-my-le","ID":0,"MaSoThue":"1600146309-001","NgayCap":"2009-06-03T00:00:00Z","Title":"Chi nhánh DNTN Diệp Thị Mỹ Lệ","DiaChiCongTy":"10/12 ấp Long Châu 4, xã Thạnh Mỹ Tây - Huyện Châu Phú - An Giang","Created":"2015-11-17T19:45:12Z","Updated":"2015-11-17T19:45:12Z","IsDelete":false,"RequestChanged":false,"ExitsInGDT":false,"SourceID":0,"TinhThanhID":0,"TinhThanhTitle":"An Giang","TinhThanhTitleAscii":"/an-giang","QuanHuyenID":0,"NganhNgheTitle":"Bán lẻ nhiên liệu động cơ trong các cửa hàng chuyên doanh","NganhNgheTitleAscii":"/nganh-nghe/ban-le-nhien-lieu-dong-co-trong-cac-cua-hang-chuyen-doanh","DSTags":["1600146309-001","An Giang",null]},{"Type":11,"SolrID":"/1601001899-cty-tnhh-mot-thanh-vien-thien-thanh","ID":0,"MaSoThue":"1601001899","NgayCap":"2008-12-13T00:00:00Z","Title":"Cty TNHH Một Thành Viên Thiên Thanh","DiaChiCongTy":"226 ấp Thạnh Hoà, xã Thạnh Mỹ Tây - Huyện Châu Phú - An Giang","Created":"2015-11-13T22:35:49Z","Updated":"2015-11-13T22:35:49Z","IsDelete":false,"RequestChanged":false,"ExitsInGDT":false,"SourceID":0,"TinhThanhID":0,"TinhThanhTitle":"An Giang","TinhThanhTitleAscii":"/an-giang","QuanHuyenID":0,"NganhNgheTitle":"Xây dựng công trình kỹ thuật dân dụng","NganhNgheTitleAscii":"/nganh-nghe/xay-dung-cong-trinh-ky-thuat-dan-dung","DSTags":["1601001899","An Giang",null]},{"Type":11,"SolrID":"/1600925898-truong-tieu-hoc-b-thanh-my-tay","ID":0,"MaSoThue":"1600925898","NgayCap":"2007-12-19T00:00:00Z","Title":"Trường Tiểu Học B Thạnh Mỹ Tây","DiaChiCongTy":"ấp Ba Xưa, xã Thạnh Mỹ Tây - Huyện Châu Phú - An Giang","Created":"2015-11-16T18:44:59Z","Updated":"2015-11-16T18:44:59Z","IsDelete":false,"RequestChanged":false,"ExitsInGDT":false,"SourceID":0,"TinhThanhID":0,"TinhThanhTitle":"An Giang","TinhThanhTitleAscii":"/an-giang","QuanHuyenID":0,"NganhNgheTitle":"Giáo dục tiểu học","NganhNgheTitleAscii":"/nganh-nghe/giao-duc-tieu-hoc","DSTags":["1600925898","An Giang",null]},{"Type":11,"SolrID":"/1600897425-cong-ty-tnhh-minh-thong","ID":0,"MaSoThue":"1600897425","NgayCap":"2007-07-19T00:00:00Z","Title":"Công ty TNHH MINH THÔNG","DiaChiCongTy":"ấp Ba Xưa, xã Thạnh Mỹ Tây - Huyện Châu Phú - An Giang","Created":"2015-11-14T05:06:34Z","Updated":"2015-11-14T05:06:34Z","IsDelete":false,"RequestChanged":false,"ExitsInGDT":false,"SourceID":0,"TinhThanhID":0,"TinhThanhTitle":"An Giang","TinhThanhTitleAscii":"/an-giang","QuanHuyenID":0,"NganhNgheTitle":"Hoạt động dịch vụ nông nghiệp","NganhNgheTitleAscii":"/nganh-nghe/hoat-dong-dich-vu-nong-nghiep","DSTags":["1600897425","An Giang",null]},{"Type":11,"SolrID":"/1600822451-doanh-nghiep-tu-nhan-nguyen-hoc","ID":0,"MaSoThue":"1600822451","NgayCap":"2006-01-17T00:00:00Z","Title":"Doanh Nghiệp Tư Nhân Nguyễn Học","DiaChiCongTy":"ấp Long Châu I, xã Thạnh Mỹ Tây - Huyện Châu Phú - An Giang","Created":"2015-11-11T06:34:35Z","Updated":"2015-11-11T06:34:35Z","IsDelete":false,"RequestChanged":false,"ExitsInGDT":false,"SourceID":0,"TinhThanhID":0,"TinhThanhTitle":"An Giang","TinhThanhTitleAscii":"/an-giang","QuanHuyenID":0,"NganhNgheTitle":"Xây dựng công trình kỹ thuật dân dụng","NganhNgheTitleAscii":"/nganh-nghe/xay-dung-cong-trinh-ky-thuat-dan-dung","DSTags":["1600822451","An Giang",null]},{"Type":11,"SolrID":"/1600815687-truong-tieu-hoc-c-thanh-my-tay","ID":0,"MaSoThue":"1600815687","NgayCap":"2005-11-24T00:00:00Z","Title":"Trường Tiểu học C Thạnh Mỹ Tây","DiaChiCongTy":"ấp Long Châu I, xã Thạnh Mỹ Tây - Huyện Châu Phú - An Giang","Created":"2015-11-16T17:15:35Z","Updated":"2015-11-16T17:15:35Z","IsDelete":false,"RequestChanged":false,"ExitsInGDT":false,"SourceID":0,"TinhThanhID":0,"TinhThanhTitle":"An Giang","TinhThanhTitleAscii":"/an-giang","QuanHuyenID":0,"NganhNgheTitle":"Giáo dục tiểu học","NganhNgheTitleAscii":"/nganh-nghe/giao-duc-tieu-hoc","DSTags":["1600815687","An Giang",null]},{"Type":11,"SolrID":"/1600688830-truong-thcs-thanh-my-tay","ID":0,"MaSoThue":"1600688830","NgayCap":"2004-03-29T00:00:00Z","Title":"Trường THCS Thạnh Mỹ Tây","DiaChiCongTy":"Xã Thạnh Mỹ Tây - Huyện Châu Phú - An Giang","Created":"2015-11-16T16:00:27Z","Updated":"2015-11-16T16:00:27Z","IsDelete":false,"RequestChanged":false,"ExitsInGDT":false,"SourceID":0,"TinhThanhID":0,"TinhThanhTitle":"An Giang","TinhThanhTitleAscii":"/an-giang","QuanHuyenID":0,"NganhNgheTitle":"Hoạt động quản lý nhà nước nói chung và kinh tế tổng hợp","NganhNgheTitleAscii":"/nganh-nghe/hoat-dong-quan-ly-nha-nuoc-noi-chung-va-kinh-te-tong-hop","DSTags":["1600688830","An Giang",null]},{"Type":11,"SolrID":"/1600374986-019-truong-tieu-hoc-a-thanh-my-tay","ID":0,"MaSoThue":"1600374986-019","NgayCap":"1999-02-23T00:00:00Z","Title":"Trường Tiểu Học A Thạnh Mỹ Tây","DiaChiCongTy":"ấp Châu II Xã Thạnh Mỹ Tây - Huyện Châu Phú - An Giang","Created":"2015-11-17T19:50:45Z","Updated":"2015-11-17T19:50:45Z","IsDelete":false,"RequestChanged":false,"ExitsInGDT":false,"SourceID":0,"TinhThanhID":0,"TinhThanhTitle":"An Giang","TinhThanhTitleAscii":"/an-giang","QuanHuyenID":0,"NganhNgheTitle":"Giáo dục tiểu học","NganhNgheTitleAscii":"/nganh-nghe/giao-duc-tieu-hoc","DSTags":["1600374986-019","An Giang",null]},{"Type":11,"SolrID":"/1600374898-ubnd-xa-thanh-my-tay","ID":0,"MaSoThue":"1600374898","NgayCap":"1998-11-25T00:00:00Z","Title":"UBND Xã Thạnh Mỹ Tây","DiaChiCongTy":"ấp Long Châu II, xã Thạnh Mỹ Tây - Huyện Châu Phú - An Giang","Created":"2015-11-14T17:13:52Z","Updated":"2015-11-14T17:13:52Z","IsDelete":false,"RequestChanged":false,"ExitsInGDT":false,"SourceID":0,"TinhThanhID":0,"TinhThanhTitle":"An Giang","TinhThanhTitleAscii":"/an-giang","QuanHuyenID":0,"NganhNgheTitle":"Hoạt động quản lý nhà nước nói chung và kinh tế tổng hợp","NganhNgheTitleAscii":"/nganh-nghe/hoat-dong-quan-ly-nha-nuoc-noi-chung-va-kinh-te-tong-hop","DSTags":["1600374898","An Giang",null]},{"Type":11,"SolrID":"/1600146309-doanh-nghiep-tn-diep-thi-my-le","ID":0,"MaSoThue":"1600146309","NgayCap":"1998-09-18T00:00:00Z","Title":"Doanh Nghiệp TN Diệp Thị Mỹ Lệ","DiaChiCongTy":"Số 10/12, ấp Ba Xưa - Xã Thạnh Mỹ Tây - Huyện Châu Phú - An Giang","Created":"2015-11-09T02:34:35Z","Updated":"2015-11-09T02:34:35Z","IsDelete":false,"RequestChanged":false,"ExitsInGDT":false,"SourceID":0,"TinhThanhID":0,"TinhThanhTitle":"An Giang","TinhThanhTitleAscii":"/an-giang","QuanHuyenID":0,"NganhNgheTitle":"Bán buôn nhiên liệu rắn, lỏng, khí và các sản phẩm liên quan","NganhNgheTitleAscii":"/nganh-nghe/ban-buon-nhien-lieu-ran-long-khi-va-cac-san-pham-lien-quan","DSTags":["1600146309","An Giang",null]}]}