{"ID":16491,"SolrID":"/an-giang/huyen-chau-phu/xa-thanh-tay","Title":"Xã Thạnh Tây","TinhThanhTitle":"An Giang","QuanHuyenTitle":"Huyện Châu Phú","QuanHuyenID":214,"TinhThanhID":35,"Url":"https://thongtindoanhnghiep.co/api/company?l=/an-giang/huyen-chau-phu/xa-thanh-tay","Total":1,"List":[{"Type":11,"SolrID":"/1600902611-cong-ty-tnhh-mot-thanh-vien-che-bien-xnk-anh-tuan","ID":0,"MaSoThue":"1600902611","NgayCap":"2007-08-24T00:00:00Z","Title":"Công ty TNHH Một Thành Viên Chế Biến XNK Anh Tuấn","DiaChiCongTy":"ấp Long Châu I, xã Thạnh Tây - Huyện Châu Phú - An Giang","Created":"2015-11-09T04:35:55Z","Updated":"2015-11-09T04:35:55Z","IsDelete":false,"RequestChanged":false,"ExitsInGDT":false,"SourceID":0,"TinhThanhID":0,"TinhThanhTitle":"An Giang","TinhThanhTitleAscii":"/an-giang","QuanHuyenID":0,"NganhNgheTitle":"Bán buôn (trừ ô tô, mô tô, xe máy và xe có động cơ khác)","NganhNgheTitleAscii":"/nganh-nghe/ban-buon-tru-o-to-mo-to-xe-may-va-xe-co-dong-co-khac","DSTags":["1600902611","An Giang",null]}]}