{"ID":4399,"SolrID":"/an-giang/huyen-chau-phu/xa-vinh-trung","Title":"Xã Vĩnh Trung","TinhThanhTitle":"An Giang","QuanHuyenTitle":"Huyện Châu Phú","QuanHuyenID":214,"TinhThanhID":35,"Url":"https://thongtindoanhnghiep.co/api/company?l=/an-giang/huyen-chau-phu/xa-vinh-trung","Total":1,"List":[{"Type":11,"SolrID":"/1900137023-007-tram-thu-mua-luong-thuc-dong-loi-4","ID":0,"MaSoThue":"1900137023-007","NgayCap":"2002-04-23T00:00:00Z","Title":"Trạm Thu Mua Lương Thực Đồng Lợi 4","DiaChiCongTy":"Xã Vĩnh Trung - Huyện Châu Phú - An Giang","Created":"2015-11-19T09:03:37Z","Updated":"2015-11-19T09:03:37Z","IsDelete":false,"RequestChanged":false,"ExitsInGDT":false,"SourceID":0,"TinhThanhID":0,"TinhThanhTitle":"An Giang","TinhThanhTitleAscii":"/an-giang","QuanHuyenID":0,"NganhNgheTitle":"Bán buôn gạo, thực phẩm, đồ uống và sản phẩm thuốc lá, thuốc lào","NganhNgheTitleAscii":"/nganh-nghe/ban-buon-gao-thuc-pham-do-uong-va-san-pham-thuoc-la-thuoc-lao","DSTags":["1900137023-007","An Giang",null]}]}