{"ID":12219,"SolrID":"/an-giang/huyen-chau-phu/xa-vinh-thanh","Title":"Xã Vĩnh Thạnh","TinhThanhTitle":"An Giang","QuanHuyenTitle":"Huyện Châu Phú","QuanHuyenID":214,"TinhThanhID":35,"Url":"https://thongtindoanhnghiep.co/api/company?l=/an-giang/huyen-chau-phu/xa-vinh-thanh","Total":2,"List":[{"Type":11,"SolrID":"/1601095921-ct-tnhh-mot-thanh-vien-cao-phong","ID":0,"MaSoThue":"1601095921","NgayCap":"2009-04-15T00:00:00Z","Title":"Ct TNHH Một Thành Viên Cao Phong","DiaChiCongTy":"220/6 ấp Vĩnh Hưng, xã Vĩnh Thạnh - Huyện Châu Phú - An Giang","Created":"2015-11-17T00:41:15Z","Updated":"2015-11-17T00:41:15Z","IsDelete":false,"RequestChanged":false,"ExitsInGDT":false,"SourceID":0,"TinhThanhID":0,"TinhThanhTitle":"An Giang","TinhThanhTitleAscii":"/an-giang","QuanHuyenID":0,"NganhNgheTitle":"Bán buôn (trừ ô tô, mô tô, xe máy và xe có động cơ khác)","NganhNgheTitleAscii":"/nganh-nghe/ban-buon-tru-o-to-mo-to-xe-may-va-xe-co-dong-co-khac","DSTags":["1601095921","An Giang",null]},{"Type":11,"SolrID":"/1600958999-truong-tieu-hoc-e-vinh-thanh-trung","ID":0,"MaSoThue":"1600958999","NgayCap":"2008-05-02T00:00:00Z","Title":"Trường Tiểu Học E Vĩnh Thạnh Trung","DiaChiCongTy":"ấp Vĩnh Hưng, xã Vĩnh Thạnh - Huyện Châu Phú - An Giang","Created":"2015-11-16T18:56:55Z","Updated":"2015-11-16T18:56:55Z","IsDelete":false,"RequestChanged":false,"ExitsInGDT":false,"SourceID":0,"TinhThanhID":0,"TinhThanhTitle":"An Giang","TinhThanhTitleAscii":"/an-giang","QuanHuyenID":0,"NganhNgheTitle":"Giáo dục tiểu học","NganhNgheTitleAscii":"/nganh-nghe/giao-duc-tieu-hoc","DSTags":["1600958999","An Giang",null]}]}