{"ID":2913,"SolrID":"/an-giang/huyen-chau-phu/xa-vinh-thanh-trung","Title":"Xã Vĩnh Thạnh Trung","TinhThanhTitle":"An Giang","QuanHuyenTitle":"Huyện Châu Phú","QuanHuyenID":214,"TinhThanhID":35,"Url":"https://thongtindoanhnghiep.co/api/company?l=/an-giang/huyen-chau-phu/xa-vinh-thanh-trung","Total":130,"List":[{"Type":11,"SolrID":"/1602139829-cong-ty-co-phan-thuc-an-loc-kim-chi","ID":0,"MaSoThue":"1602139829","NgayCap":"2021-01-26T00:00:00Z","Title":"Công Ty Cổ Phần Thức Ăn Lộc Kim Chi","DiaChiCongTy":"Tổ 2, Ấp Vĩnh Thuận, Xã Vĩnh Thạnh Trung, Huyện Châu Phú, Tỉnh An Giang","Created":"2021-01-26T09:37:08Z","Updated":"2021-01-26T09:37:08Z","IsDelete":false,"RequestChanged":false,"ExitsInGDT":false,"SourceID":0,"TinhThanhID":0,"TinhThanhTitle":"An Giang","TinhThanhTitleAscii":"/an-giang","QuanHuyenID":0,"NganhNgheTitle":"Bán buôn nông, lâm sản nguyên liệu (trừ gỗ, tre, nứa) và động vật sống","NganhNgheTitleAscii":"/nganh-nghe/ban-buon-nong-lam-san-nguyen-lieu-tru-go-tre-nua-va-dong-vat-song","DSTags":["1602139829","An Giang",null]},{"Type":11,"SolrID":"/1602137758-cong-ty-co-phan-dau-tu-xay-dung-loc-kim-chi","ID":0,"MaSoThue":"1602137758","NgayCap":"2020-12-29T00:00:00Z","Title":"Công Ty Cổ Phần Đầu Tư Xây Dựng Lộc Kim Chi","DiaChiCongTy":"Tổ 2, Ấp Vĩnh Thuận, Xã Vĩnh Thạnh Trung, Huyện Châu Phú, Tỉnh An Giang","Created":"2020-12-29T14:06:38Z","Updated":"2020-12-29T14:06:38Z","IsDelete":false,"RequestChanged":false,"ExitsInGDT":false,"SourceID":0,"TinhThanhID":0,"TinhThanhTitle":"An Giang","TinhThanhTitleAscii":"/an-giang","QuanHuyenID":0,"DSTags":["1602137758","An Giang",null]},{"Type":11,"SolrID":"/1602137772-cong-ty-tnhh-kinh-doanh-xang-dau-loc-kim-chi","ID":0,"MaSoThue":"1602137772","NgayCap":"2020-12-29T00:00:00Z","Title":"Công Ty TNHH Kinh Doanh Xăng Dầu Lộc Kim Chi","DiaChiCongTy":"Số 02A Đinh Tiên Hoàng, Tổ 1A, Ấp Vĩnh Thuận, Xã Vĩnh Thạnh Trung, Huyện Châu Phú, Tỉnh An Giang","Created":"2020-12-29T14:36:14Z","Updated":"2020-12-29T14:36:14Z","IsDelete":false,"RequestChanged":false,"ExitsInGDT":false,"SourceID":0,"TinhThanhID":0,"TinhThanhTitle":"An Giang","TinhThanhTitleAscii":"/an-giang","QuanHuyenID":0,"NganhNgheTitle":"Bán buôn nhiên liệu rắn, lỏng, khí và các sản phẩm liên quan","NganhNgheTitleAscii":"/nganh-nghe/ban-buon-nhien-lieu-ran-long-khi-va-cac-san-pham-lien-quan","DSTags":["1602137772","An Giang",null]},{"Type":11,"SolrID":"/1602136909-cong-ty-tnhh-pkp-chau-phu","ID":0,"MaSoThue":"1602136909","NgayCap":"2020-12-18T00:00:00Z","Title":"Công Ty TNHH Pkp Châu Phú","DiaChiCongTy":"Ấp Vĩnh Hưng, Xã Vĩnh Thạnh Trung, Huyện Châu Phú, Tỉnh An Giang","Created":"2020-12-18T14:35:36Z","Updated":"2020-12-18T14:35:36Z","IsDelete":false,"RequestChanged":false,"ExitsInGDT":false,"SourceID":0,"TinhThanhID":0,"TinhThanhTitle":"An Giang","TinhThanhTitleAscii":"/an-giang","QuanHuyenID":0,"NganhNgheTitle":"Bán buôn vật liệu, thiết bị lắp đặt khác trong xây dựng","NganhNgheTitleAscii":"/nganh-nghe/ban-buon-vat-lieu-thiet-bi-lap-dat-khac-trong-xay-dung","DSTags":["1602136909","An Giang",null]},{"Type":11,"SolrID":"/1602083848-cong-ty-tnhh-san-xuat-thuong-mai-dich-vu-long-tien","ID":0,"MaSoThue":"1602083848","NgayCap":"2018-10-23T00:00:00Z","Title":"Công Ty TNHH Sản Xuất Thương Mại Dịch Vụ Long Tiền","DiaChiCongTy":"Tổ 5, Ấp Vĩnh Phú, Xã Vĩnh Thạnh Trung, Huyện Châu Phú, Tỉnh An Giang","Created":"2018-10-23T11:46:07Z","Updated":"2018-10-23T11:46:07Z","IsDelete":false,"RequestChanged":false,"ExitsInGDT":false,"SourceID":0,"TinhThanhID":0,"TinhThanhTitle":"An Giang","TinhThanhTitleAscii":"/an-giang","QuanHuyenID":0,"NganhNgheTitle":"Bán buôn vật liệu, thiết bị lắp đặt khác trong xây dựng","NganhNgheTitleAscii":"/nganh-nghe/ban-buon-vat-lieu-thiet-bi-lap-dat-khac-trong-xay-dung","DSTags":["1602083848","An Giang",null]},{"Type":11,"SolrID":"/1602079665-cong-ty-tnhh-dich-vu-thuy-san-phuong-binh","ID":0,"MaSoThue":"1602079665","NgayCap":"2018-08-28T00:00:00Z","Title":"Công Ty TNHH Dịch Vụ Thủy Sản Phương Bình","DiaChiCongTy":"Quốc lộ 91, Ấp Vĩnh Hưng, Xã Vĩnh Thạnh Trung, Huyện Châu Phú, Tỉnh An Giang","Created":"2018-08-28T13:04:40Z","Updated":"2018-08-28T13:04:40Z","IsDelete":false,"RequestChanged":false,"ExitsInGDT":false,"SourceID":0,"TinhThanhID":0,"TinhThanhTitle":"An Giang","TinhThanhTitleAscii":"/an-giang","QuanHuyenID":0,"NganhNgheTitle":"Bán buôn chuyên doanh khác chưa được phân vào đâu","NganhNgheTitleAscii":"/nganh-nghe/ban-buon-chuyen-doanh-khac-chua-duoc-phan-vao-dau","DSTags":["1602079665","An Giang",null]},{"Type":11,"SolrID":"/1602071507-cong-ty-tnhh-vi-dieu-phap-hanh-thien-chau-phu","ID":0,"MaSoThue":"1602071507","NgayCap":"2018-05-10T00:00:00Z","Title":"Công Ty TNHH Vi Diệu Pháp Hành Thiền Châu Phú","DiaChiCongTy":"Ấp Vĩnh Thuận, Xã Vĩnh Thạnh Trung, Huyện Châu Phú, Tỉnh An Giang","Created":"2018-05-10T08:37:43Z","Updated":"2018-05-10T08:37:43Z","IsDelete":false,"RequestChanged":false,"ExitsInGDT":false,"SourceID":0,"TinhThanhID":0,"TinhThanhTitle":"An Giang","TinhThanhTitleAscii":"/an-giang","QuanHuyenID":0,"NganhNgheTitle":"Giáo dục thể thao và giải trí","NganhNgheTitleAscii":"/nganh-nghe/giao-duc-the-thao-va-giai-tri","DSTags":["1602071507","An Giang",null]},{"Type":11,"SolrID":"/0313969508-001-chi-nhanh-cong-ty-tnhh-dau-tu-va-phat-trien-thuong-mai-dich-vu-xuat-nhap-khau-me-kong","ID":0,"MaSoThue":"0313969508-001","NgayCap":"2018-05-04T00:00:00Z","Title":"Chi Nhánh Công Ty TNHH Đầu Tư Và Phát Triển Thương Mại Dịch Vụ Xuất Nhập Khẩu Me Kong","DiaChiCongTy":"777 tổ 26 ấp Vĩnh Thuận, Xã Vĩnh Thạnh Trung, Huyện Châu Phú, Tỉnh An Giang","Created":"2018-05-15T07:42:53Z","Updated":"2018-05-15T07:42:53Z","IsDelete":false,"RequestChanged":false,"ExitsInGDT":false,"SourceID":0,"TinhThanhID":0,"TinhThanhTitle":"An Giang","TinhThanhTitleAscii":"/an-giang","QuanHuyenID":0,"NganhNgheTitle":"May trang phục (trừ trang phục từ da lông thú)","NganhNgheTitleAscii":"/nganh-nghe/may-trang-phuc-tru-trang-phuc-tu-da-long-thu","DSTags":["0313969508-001","An Giang",null]},{"Type":11,"SolrID":"/1602065711-cong-ty-tnhh-mot-thanh-vien-thuong-mai-dich-vu-xay-dung-thanh-phong-chau-phu","ID":0,"MaSoThue":"1602065711","NgayCap":"2018-03-17T00:00:00Z","Title":"Công Ty TNHH Một Thành Viên Thương Mại Dịch Vụ Xây Dựng Thanh Phong Châu Phú","DiaChiCongTy":"Tổ 5, Ấp Vĩnh Phú, Xã Vĩnh Thạnh Trung, Huyện Châu Phú, Tỉnh An Giang","Created":"2018-03-17T11:04:26Z","Updated":"2018-03-17T11:04:26Z","IsDelete":false,"RequestChanged":false,"ExitsInGDT":false,"SourceID":0,"TinhThanhID":0,"TinhThanhTitle":"An Giang","TinhThanhTitleAscii":"/an-giang","QuanHuyenID":0,"NganhNgheTitle":"Bán buôn vật liệu, thiết bị lắp đặt khác trong xây dựng","NganhNgheTitleAscii":"/nganh-nghe/ban-buon-vat-lieu-thiet-bi-lap-dat-khac-trong-xay-dung","DSTags":["1602065711","An Giang",null]},{"Type":11,"SolrID":"/1602062051-cong-ty-tnhh-mot-thanh-vien-xuat-nhap-khau-vy-anh-chau-phu","ID":0,"MaSoThue":"1602062051","NgayCap":"2018-01-13T00:00:00Z","Title":"Công Ty TNHH Một Thành Viên Xuất Nhập Khẩu Vy Anh Châu Phú","DiaChiCongTy":"Ấp Vĩnh Quí, Xã Vĩnh Thạnh Trung, Huyện Châu Phú, Tỉnh An Giang","Created":"2018-01-13T08:59:13Z","Updated":"2018-01-13T08:59:13Z","IsDelete":false,"RequestChanged":false,"ExitsInGDT":false,"SourceID":0,"TinhThanhID":0,"TinhThanhTitle":"An Giang","TinhThanhTitleAscii":"/an-giang","QuanHuyenID":0,"NganhNgheTitle":"Bán buôn chuyên doanh khác chưa được phân vào đâu","NganhNgheTitleAscii":"/nganh-nghe/ban-buon-chuyen-doanh-khac-chua-duoc-phan-vao-dau","DSTags":["1602062051","An Giang",null]},{"Type":11,"SolrID":"/1602058048-cong-ty-tnhh-xay-dung-doan-minh-tan","ID":0,"MaSoThue":"1602058048","NgayCap":"2017-12-14T00:00:00Z","Title":"Công Ty TNHH Xây Dựng Đoàn Minh Tấn","DiaChiCongTy":"Ấp Vĩnh Bình, Xã Vĩnh Thạnh Trung, Huyện Châu Phú, Tỉnh An Giang","Created":"2017-12-14T08:29:22Z","Updated":"2017-12-14T08:29:22Z","IsDelete":false,"RequestChanged":false,"ExitsInGDT":false,"SourceID":0,"TinhThanhID":0,"TinhThanhTitle":"An Giang","TinhThanhTitleAscii":"/an-giang","QuanHuyenID":0,"NganhNgheTitle":"Xây dựng nhà các loại","NganhNgheTitleAscii":"/nganh-nghe/xay-dung-nha-cac-loai","DSTags":["1602058048","An Giang",null]},{"Type":11,"SolrID":"/1602054798-cong-ty-tnhh-mot-thanh-vien-nhu-y-chau-phu","ID":0,"MaSoThue":"1602054798","NgayCap":"2017-11-13T00:00:00Z","Title":"Công Ty TNHH Một Thành Viên Như Ý Châu Phú","DiaChiCongTy":"Ấp Vĩnh Thuận, Xã Vĩnh Thạnh Trung, Huyện Châu Phú, Tỉnh An Giang","Created":"2017-11-13T13:35:22Z","Updated":"2017-11-13T13:35:22Z","IsDelete":false,"RequestChanged":false,"ExitsInGDT":false,"SourceID":0,"TinhThanhID":0,"TinhThanhTitle":"An Giang","TinhThanhTitleAscii":"/an-giang","QuanHuyenID":0,"NganhNgheTitle":"Hoạt động vui chơi giải trí khác chưa được phân vào đâu","NganhNgheTitleAscii":"/nganh-nghe/hoat-dong-vui-choi-giai-tri-khac-chua-duoc-phan-vao-dau","DSTags":["1602054798","An Giang",null]},{"Type":11,"SolrID":"/1602047342-cong-ty-tnhh-hung-thinh-phat-chau-phu","ID":0,"MaSoThue":"1602047342","NgayCap":"2017-08-10T00:00:00Z","Title":"Công Ty TNHH Hưng Thịnh Phát Châu Phú","DiaChiCongTy":"Số 325, Ấp Vĩnh An, Xã Vĩnh Thạnh Trung, Huyện Châu Phú, Tỉnh An Giang","Created":"2017-08-10T17:10:34Z","Updated":"2017-08-10T17:10:34Z","IsDelete":false,"RequestChanged":false,"ExitsInGDT":false,"SourceID":0,"TinhThanhID":0,"TinhThanhTitle":"An Giang","TinhThanhTitleAscii":"/an-giang","QuanHuyenID":0,"NganhNgheTitle":"Bán buôn chuyên doanh khác chưa được phân vào đâu","NganhNgheTitleAscii":"/nganh-nghe/ban-buon-chuyen-doanh-khac-chua-duoc-phan-vao-dau","DSTags":["1602047342","An Giang",null]},{"Type":11,"SolrID":"/1602047141-cong-ty-tnhh-vien-thong-duc-cuong-vinh-tre","ID":0,"MaSoThue":"1602047141","NgayCap":"2017-08-07T00:00:00Z","Title":"Công Ty TNHH Viễn Thông Đức Cường Vịnh Tre","DiaChiCongTy":"Số 153 - 156, Quốc lộ 91, Ấp Vĩnh Thuận, Xã Vĩnh Thạnh Trung, Huyện Châu Phú, Tỉnh An Giang","Created":"2017-08-07T17:41:39Z","Updated":"2017-08-07T17:41:39Z","IsDelete":false,"RequestChanged":false,"ExitsInGDT":false,"SourceID":0,"TinhThanhID":0,"TinhThanhTitle":"An Giang","TinhThanhTitleAscii":"/an-giang","QuanHuyenID":0,"NganhNgheTitle":"Bán buôn thiết bị và linh kiện điện tử, viễn thông","NganhNgheTitleAscii":"/nganh-nghe/ban-buon-thiet-bi-va-linh-kien-dien-tu-vien-thong","DSTags":["1602047141","An Giang",null]},{"Type":11,"SolrID":"/1602045761-cong-ty-tnhh-mot-thanh-vien-huynh-trung-dung","ID":0,"MaSoThue":"1602045761","NgayCap":"2017-07-18T00:00:00Z","Title":"Công Ty TNHH Một Thành Viên Huỳnh Trung Dũng","DiaChiCongTy":"Số 334 Quốc lộ 91, Ấp Vĩnh Hưng, Xã Vĩnh Thạnh Trung, Huyện Châu Phú, Tỉnh An Giang","Created":"2017-07-18T16:59:10Z","Updated":"2017-07-18T16:59:10Z","IsDelete":false,"RequestChanged":false,"ExitsInGDT":false,"SourceID":0,"TinhThanhID":0,"TinhThanhTitle":"An Giang","TinhThanhTitleAscii":"/an-giang","QuanHuyenID":0,"NganhNgheTitle":"Hoạt động của các phòng khám đa khoa, chuyên khoa và nha khoa","NganhNgheTitleAscii":"/nganh-nghe/hoat-dong-cua-cac-phong-kham-da-khoa-chuyen-khoa-va-nha-khoa","DSTags":["1602045761","An Giang",null]},{"Type":11,"SolrID":"/1602040770-cong-ty-tnhh-mot-thanh-vien-khach-san-loc-kim-chi","ID":0,"MaSoThue":"1602040770","NgayCap":"2017-05-19T00:00:00Z","Title":"Công Ty TNHH Một Thành Viên Khách Sạn Lộc Kim Chi","DiaChiCongTy":"Đường Dương Đình Nghệ, Ấp Vĩnh Thuận, Xã Vĩnh Thạnh Trung, Huyện Châu Phú, Tỉnh An Giang","Created":"2017-05-19T09:15:07Z","Updated":"2017-05-19T09:15:07Z","IsDelete":false,"RequestChanged":false,"ExitsInGDT":false,"SourceID":0,"TinhThanhID":0,"TinhThanhTitle":"An Giang","TinhThanhTitleAscii":"/an-giang","QuanHuyenID":0,"NganhNgheTitle":"Dịch vụ lưu trú ngắn ngày","NganhNgheTitleAscii":"/nganh-nghe/dich-vu-luu-tru-ngan-ngay","DSTags":["1602040770","An Giang",null]},{"Type":11,"SolrID":"/1602040435-cong-ty-tnhh-thuy-san-dong-hoang","ID":0,"MaSoThue":"1602040435","NgayCap":"2017-05-16T00:00:00Z","Title":"Công Ty TNHH Thủy Sản Đông Hoàng","DiaChiCongTy":"Số 702, Đường số 1, Chợ Châu Phú, Ấp Vĩnh Hưng, Xã Vĩnh Thạnh Trung, Huyện Châu Phú, Tỉnh An Giang","Created":"2017-05-16T15:44:54Z","Updated":"2017-05-16T15:44:54Z","IsDelete":false,"RequestChanged":false,"ExitsInGDT":false,"SourceID":0,"TinhThanhID":0,"TinhThanhTitle":"An Giang","TinhThanhTitleAscii":"/an-giang","QuanHuyenID":0,"NganhNgheTitle":"Chế biến, bảo quản thuỷ sản và các sản phẩm từ thuỷ sản","NganhNgheTitleAscii":"/nganh-nghe/che-bien-bao-quan-thuy-san-va-cac-san-pham-tu-thuy-san","DSTags":["1602040435","An Giang",null]},{"Type":11,"SolrID":"/1602039278-cong-ty-cp-van-tai-sa-hi-logistics","ID":0,"MaSoThue":"1602039278","NgayCap":"2017-04-27T00:00:00Z","Title":"Công Ty CP Vận Tải Sa Hi Logistics","DiaChiCongTy":"Số 015, Tổ 19, Ấp Vĩnh Hưng, Xã Vĩnh Thạnh Trung, Huyện Châu Phú, Tỉnh An Giang","Created":"2017-04-27T09:40:48Z","Updated":"2017-04-27T09:40:48Z","IsDelete":false,"RequestChanged":false,"ExitsInGDT":false,"SourceID":0,"TinhThanhID":0,"TinhThanhTitle":"An Giang","TinhThanhTitleAscii":"/an-giang","QuanHuyenID":0,"NganhNgheTitle":"Vận tải hàng hóa đường thuỷ nội địa","NganhNgheTitleAscii":"/nganh-nghe/van-tai-hang-hoa-duong-thuy-noi-dia","DSTags":["1602039278","An Giang",null]},{"Type":11,"SolrID":"/1602025691-doanh-nghiep-tn-tiem-vang-kim-ngoc-yen","ID":0,"MaSoThue":"1602025691","NgayCap":"2016-12-06T00:00:00Z","Title":"Doanh Nghiệp Tn Tiệm Vàng Kim Ngọc Yến","DiaChiCongTy":"Ấp Vĩnh Thuận, Xã Vĩnh Thạnh Trung, Huyện Châu Phú, Tỉnh An Giang","Created":"2016-12-06T17:13:37Z","Updated":"2016-12-06T17:13:37Z","IsDelete":false,"RequestChanged":false,"ExitsInGDT":false,"SourceID":0,"TinhThanhID":0,"TinhThanhTitle":"An Giang","TinhThanhTitleAscii":"/an-giang","QuanHuyenID":0,"NganhNgheTitle":"Bán buôn kim loại và quặng kim loại","NganhNgheTitleAscii":"/nganh-nghe/ban-buon-kim-loai-va-quang-kim-loai","DSTags":["1602025691","An Giang",null]},{"Type":11,"SolrID":"/1602025324-cong-ty-tnhh-mot-thanh-vien-xay-dung-dai-dai-dien","ID":0,"MaSoThue":"1602025324","NgayCap":"2016-12-01T00:00:00Z","Title":"Công Ty TNHH Một Thành Viên Xây Dựng Đại Đại Điền","DiaChiCongTy":"Ấp Vĩnh Hưng, Xã Vĩnh Thạnh Trung, Huyện Châu Phú, Tỉnh An Giang","Created":"2016-12-05T01:43:39Z","Updated":"2016-12-05T01:43:39Z","IsDelete":false,"RequestChanged":false,"ExitsInGDT":false,"SourceID":0,"TinhThanhID":0,"TinhThanhTitle":"An Giang","TinhThanhTitleAscii":"/an-giang","QuanHuyenID":0,"NganhNgheTitle":"Xây dựng nhà các loại","NganhNgheTitleAscii":"/nganh-nghe/xay-dung-nha-cac-loai","DSTags":["1602025324","An Giang",null]},{"Type":11,"SolrID":"/1602014153-doanh-nghiep-tn-xang-dau-han-an","ID":0,"MaSoThue":"1602014153","NgayCap":"2016-07-12T00:00:00Z","Title":"Doanh Nghiệp TN Xăng Dầu Hân An","DiaChiCongTy":"ấp Vĩnh Hưng - Xã Vĩnh Thạnh Trung - Huyện Châu Phú - An Giang","Created":"2016-07-14T11:45:54Z","Updated":"2016-09-10T22:40:53Z","IsDelete":false,"RequestChanged":false,"ExitsInGDT":false,"SourceID":0,"TinhThanhID":0,"TinhThanhTitle":"An Giang","TinhThanhTitleAscii":"/an-giang","QuanHuyenID":0,"DSTags":["1602014153","An Giang",null]},{"Type":11,"SolrID":"/1602003384-004-chi-nhanh-2-doanh-nghiep-tn-tro-choi-dien-tu-diem-my","ID":0,"MaSoThue":"1602003384-004","NgayCap":"2016-06-18T00:00:00Z","Title":"Chi Nhánh 2 Doanh Nghiệp TN Trò Chơi Điện Tử Diễm My","DiaChiCongTy":"Tổ 10, ấp Thạnh Lợi - Xã Vĩnh Thạnh Trung - Huyện Châu Phú - An Giang","Created":"2016-06-24T14:21:47Z","Updated":"2016-06-24T14:21:47Z","IsDelete":false,"RequestChanged":false,"ExitsInGDT":false,"SourceID":0,"TinhThanhID":0,"TinhThanhTitle":"An Giang","TinhThanhTitleAscii":"/an-giang","QuanHuyenID":0,"NganhNgheTitle":"Hoạt động vui chơi giải trí khác chưa được phân vào đâu","NganhNgheTitleAscii":"/nganh-nghe/hoat-dong-vui-choi-giai-tri-khac-chua-duoc-phan-vao-dau","DSTags":["1602003384-004","An Giang",null]},{"Type":11,"SolrID":"/1602007163-cong-ty-tnhh-mot-thanh-vien-son-kim-cuong-tuan-thanh","ID":0,"MaSoThue":"1602007163","NgayCap":"2016-04-13T00:00:00Z","Title":"Công Ty TNHH Một Thành Viên Sơn Kim Cương Tuấn Thành","DiaChiCongTy":"Số 599, Tổ 17, ấp Vĩnh Hưng - Xã Vĩnh Thạnh Trung - Huyện Châu Phú - An Giang","Created":"2016-04-18T08:04:51Z","Updated":"2016-04-18T08:04:51Z","IsDelete":false,"RequestChanged":false,"ExitsInGDT":false,"SourceID":0,"TinhThanhID":0,"TinhThanhTitle":"An Giang","TinhThanhTitleAscii":"/an-giang","QuanHuyenID":0,"NganhNgheTitle":"Bán buôn vật liệu, thiết bị lắp đặt khác trong xây dựng","NganhNgheTitleAscii":"/nganh-nghe/ban-buon-vat-lieu-thiet-bi-lap-dat-khac-trong-xay-dung","DSTags":["1602007163","An Giang",null]},{"Type":11,"SolrID":"/1602003634-001-chi-nhanh-cong-ty-tnhh-thuong-mai-dich-vu-vinh-hung-chau-phu","ID":0,"MaSoThue":"1602003634-001","NgayCap":"2016-04-04T00:00:00Z","Title":"Chi Nhánh Công Ty TNHH Thương Mại - Dịch Vụ Vĩnh Hưng Châu Phú","DiaChiCongTy":"ấp Vĩnh Hưng - Xã Vĩnh Thạnh Trung - Huyện Châu Phú - An Giang","Created":"2016-04-22T23:44:48Z","Updated":"2016-04-22T23:44:48Z","IsDelete":false,"RequestChanged":false,"ExitsInGDT":false,"SourceID":0,"TinhThanhID":0,"TinhThanhTitle":"An Giang","TinhThanhTitleAscii":"/an-giang","QuanHuyenID":0,"NganhNgheTitle":"Bán buôn chuyên doanh khác chưa được phân vào đâu","NganhNgheTitleAscii":"/nganh-nghe/ban-buon-chuyen-doanh-khac-chua-duoc-phan-vao-dau","DSTags":["1602003634-001","An Giang",null]},{"Type":11,"SolrID":"/1601995538-doanh-nghiep-tn-xang-dau-ngoc-quang-minh","ID":0,"MaSoThue":"1601995538","NgayCap":"2015-12-25T00:00:00Z","Title":"Doanh Nghiệp TN Xăng Dầu Ngọc Quang Minh","DiaChiCongTy":"Số 261, ấp Vĩnh Hòa - Xã Vĩnh Thạnh Trung - Huyện Châu Phú - An Giang","Created":"2015-12-28T11:10:16Z","Updated":"2015-12-28T11:10:16Z","IsDelete":false,"RequestChanged":false,"ExitsInGDT":false,"SourceID":0,"TinhThanhID":0,"TinhThanhTitle":"An Giang","TinhThanhTitleAscii":"/an-giang","QuanHuyenID":0,"NganhNgheTitle":"Bán buôn nhiên liệu rắn, lỏng, khí và các sản phẩm liên quan","NganhNgheTitleAscii":"/nganh-nghe/ban-buon-nhien-lieu-ran-long-khi-va-cac-san-pham-lien-quan","DSTags":["1601995538","An Giang",null]},{"Type":11,"SolrID":"/1601992086-cong-ty-tnhh-mot-thanh-vien-xuat-nhap-khau-dien-phu-dien","ID":0,"MaSoThue":"1601992086","NgayCap":"2015-12-15T00:00:00Z","Title":"Công Ty TNHH Một Thành Viên Xuất Nhập Khẩu Điền Phú Điền","DiaChiCongTy":"Số 29, Đường Võ Thành Long - Xã Vĩnh Thạnh Trung - Huyện Châu Phú - An Giang","Created":"2015-12-17T11:05:06Z","Updated":"2015-12-17T11:05:06Z","IsDelete":false,"RequestChanged":false,"ExitsInGDT":false,"SourceID":0,"TinhThanhID":0,"TinhThanhTitle":"An Giang","TinhThanhTitleAscii":"/an-giang","QuanHuyenID":0,"NganhNgheTitle":"Xây dựng công trình kỹ thuật dân dụng khác","NganhNgheTitleAscii":"/nganh-nghe/xay-dung-cong-trinh-ky-thuat-dan-dung-khac","DSTags":["1601992086","An Giang",null]},{"Type":11,"SolrID":"/1601985988-cong-ty-tnhh-mot-thanh-vien-san-xuat-thuong-mai-dich-vu-ha-duong","ID":0,"MaSoThue":"1601985988","NgayCap":"2015-10-27T00:00:00Z","Title":"Công Ty TNHH Một Thành Viên Sản Xuất Thương Mại Dịch Vụ Hà Dương","DiaChiCongTy":"Tổ 2, ấp Vĩnh Thuận - Xã Vĩnh Thạnh Trung - Huyện Châu Phú - An Giang","Created":"2015-11-19T11:47:17Z","Updated":"2015-11-19T11:47:17Z","IsDelete":false,"RequestChanged":false,"ExitsInGDT":false,"SourceID":0,"TinhThanhID":0,"TinhThanhTitle":"An Giang","TinhThanhTitleAscii":"/an-giang","QuanHuyenID":0,"NganhNgheTitle":"Sản xuất mỹ phẩm, xà phòng, chất tẩy rửa, làm bóng và chế phẩm vệ sinh","NganhNgheTitleAscii":"/nganh-nghe/san-xuat-my-pham-xa-phong-chat-tay-rua-lam-bong-va-che-pham-ve-sinh","DSTags":["1601985988","An Giang",null]},{"Type":11,"SolrID":"/1601985956-cong-ty-tnhh-mot-thanh-vien-san-xuat-thuong-mai-kth","ID":0,"MaSoThue":"1601985956","NgayCap":"2015-10-26T00:00:00Z","Title":"Công Ty TNHH Một Thành Viên Sản Xuất Thương Mại Kth","DiaChiCongTy":"ấp Vĩnh Thuận - Xã Vĩnh Thạnh Trung - Huyện Châu Phú - An Giang","Created":"2015-11-19T11:44:26Z","Updated":"2015-11-19T11:44:26Z","IsDelete":false,"RequestChanged":false,"ExitsInGDT":false,"SourceID":0,"TinhThanhID":0,"TinhThanhTitle":"An Giang","TinhThanhTitleAscii":"/an-giang","QuanHuyenID":0,"NganhNgheTitle":"Xử lý hạt giống để nhân giống","NganhNgheTitleAscii":"/nganh-nghe/xu-ly-hat-giong-de-nhan-giong","DSTags":["1601985956","An Giang",null]},{"Type":11,"SolrID":"/1601984399-doanh-nghiep-tn-go-tan-hung","ID":0,"MaSoThue":"1601984399","NgayCap":"2015-10-01T00:00:00Z","Title":"Doanh Nghiệp TN Gỗ Tân Hưng","DiaChiCongTy":"Tỉnh lộ 951, ấp Vĩnh Thuận - Xã Vĩnh Thạnh Trung - Huyện Châu Phú - An Giang","Created":"2015-11-19T02:55:21Z","Updated":"2015-11-19T02:55:21Z","IsDelete":false,"RequestChanged":false,"ExitsInGDT":false,"SourceID":0,"TinhThanhID":0,"TinhThanhTitle":"An Giang","TinhThanhTitleAscii":"/an-giang","QuanHuyenID":0,"NganhNgheTitle":"Đóng tàu và cấu kiện nổi","NganhNgheTitleAscii":"/nganh-nghe/dong-tau-va-cau-kien-noi","DSTags":["1601984399","An Giang",null]},{"Type":11,"SolrID":"/1601979409-cong-ty-tnhh-mot-thanh-vien-thuong-mai-dich-vu-an-bao-hung","ID":0,"MaSoThue":"1601979409","NgayCap":"2015-07-31T00:00:00Z","Title":"Công Ty TNHH Một Thành Viên Thương Mại Dịch Vụ An Bảo Hưng","DiaChiCongTy":"Số 830, ấp Vĩnh Hưng - Xã Vĩnh Thạnh Trung - Huyện Châu Phú - An Giang","Created":"2015-11-18T22:00:00Z","Updated":"2015-11-18T22:00:00Z","IsDelete":false,"RequestChanged":false,"ExitsInGDT":false,"SourceID":0,"TinhThanhID":0,"TinhThanhTitle":"An Giang","TinhThanhTitleAscii":"/an-giang","QuanHuyenID":0,"NganhNgheTitle":"Bán buôn gạo","NganhNgheTitleAscii":"/nganh-nghe/ban-buon-gao","DSTags":["1601979409","An Giang",null]},{"Type":11,"SolrID":"/1601978846-cong-ty-tnhh-thuong-mai-dich-vu-loc-kim-chi","ID":0,"MaSoThue":"1601978846","NgayCap":"2015-07-24T00:00:00Z","Title":"Công Ty TNHH Thương Mại Dịch Vụ Lộc Kim Chi","DiaChiCongTy":"ấp Vĩnh Thuận - Xã Vĩnh Thạnh Trung - Huyện Châu Phú - An Giang","Created":"2015-11-18T21:24:30Z","Updated":"2015-11-18T21:24:30Z","IsDelete":false,"RequestChanged":false,"ExitsInGDT":false,"SourceID":0,"TinhThanhID":0,"TinhThanhTitle":"An Giang","TinhThanhTitleAscii":"/an-giang","QuanHuyenID":0,"NganhNgheTitle":"Bán buôn nông, lâm sản nguyên liệu (trừ gỗ, tre, nứa) và động vật sống","NganhNgheTitleAscii":"/nganh-nghe/ban-buon-nong-lam-san-nguyen-lieu-tru-go-tre-nua-va-dong-vat-song","DSTags":["1601978846","An Giang",null]},{"Type":11,"SolrID":"/1601974432-cong-ty-tnhh-mot-thanh-vien-xay-dung-thuong-mai-quang-cao-tai-loi","ID":0,"MaSoThue":"1601974432","NgayCap":"2015-06-05T00:00:00Z","Title":"Công Ty TNHH Một Thành Viên Xây Dựng -Thương Mại-Quảng Cáo Tài Lợi","DiaChiCongTy":"Số 124, Tổ 5, ấp Vĩnh Thuận - Xã Vĩnh Thạnh Trung - Huyện Châu Phú - An Giang","Created":"2015-11-18T05:55:09Z","Updated":"2015-11-18T05:55:09Z","IsDelete":false,"RequestChanged":false,"ExitsInGDT":false,"SourceID":0,"TinhThanhID":0,"TinhThanhTitle":"An Giang","TinhThanhTitleAscii":"/an-giang","QuanHuyenID":0,"NganhNgheTitle":"Quảng cáo","NganhNgheTitleAscii":"/nganh-nghe/quang-cao","DSTags":["1601974432","An Giang",null]},{"Type":11,"SolrID":"/1601970075-cong-ty-tnhh-mot-thanh-vien-trang-tri-noi-that-sau-tam","ID":0,"MaSoThue":"1601970075","NgayCap":"2015-04-20T00:00:00Z","Title":"Công Ty TNHH Một Thành Viên Trang Trí Nội Thất Sáu Tâm","DiaChiCongTy":"Tổ 12, ấp Vĩnh Hòa - Xã Vĩnh Thạnh Trung - Huyện Châu Phú - An Giang","Created":"2015-11-17T09:03:11Z","Updated":"2015-11-17T09:03:11Z","IsDelete":false,"RequestChanged":false,"ExitsInGDT":false,"SourceID":0,"TinhThanhID":0,"TinhThanhTitle":"An Giang","TinhThanhTitleAscii":"/an-giang","QuanHuyenID":0,"NganhNgheTitle":"Sản xuất giường, tủ, bàn, ghế","NganhNgheTitleAscii":"/nganh-nghe/san-xuat-giuong-tu-ban-ghe","DSTags":["1601970075","An Giang",null]},{"Type":11,"SolrID":"/0313192444-001-chi-nhanh-cong-ty-tnhh-thuc-pham-hosheki-viet-nam","ID":0,"MaSoThue":"0313192444-001","NgayCap":"2015-04-20T00:00:00Z","Title":"Chi Nhánh Công Ty TNHH Thực Phẩm Hosheki Việt Nam","DiaChiCongTy":"Số 638/17, ấp Vĩnh Hưng - Xã Vĩnh Thạnh Trung - Huyện Châu Phú - An Giang","Created":"2015-11-17T09:09:03Z","Updated":"2015-11-17T09:09:03Z","IsDelete":false,"RequestChanged":false,"ExitsInGDT":false,"SourceID":0,"TinhThanhID":0,"TinhThanhTitle":"An Giang","TinhThanhTitleAscii":"/an-giang","QuanHuyenID":0,"NganhNgheTitle":"Trồng rau, đậu các loại và trồng hoa, cây cảnh","NganhNgheTitleAscii":"/nganh-nghe/trong-rau-dau-cac-loai-va-trong-hoa-cay-canh","DSTags":["0313192444-001","An Giang",null]},{"Type":11,"SolrID":"/1601966833-doanh-nghiep-tn-tiem-vang-kim-quyen","ID":0,"MaSoThue":"1601966833","NgayCap":"2015-03-16T00:00:00Z","Title":"Doanh Nghiệp TN Tiệm Vàng Kim Quyên","DiaChiCongTy":"ấp Vĩnh Bình - Xã Vĩnh Thạnh Trung - Huyện Châu Phú - An Giang","Created":"2015-11-17T03:25:42Z","Updated":"2015-11-17T03:25:42Z","IsDelete":false,"RequestChanged":false,"ExitsInGDT":false,"SourceID":0,"TinhThanhID":0,"TinhThanhTitle":"An Giang","TinhThanhTitleAscii":"/an-giang","QuanHuyenID":0,"NganhNgheTitle":"Bán buôn kim loại và quặng kim loại","NganhNgheTitleAscii":"/nganh-nghe/ban-buon-kim-loai-va-quang-kim-loai","DSTags":["1601966833","An Giang",null]},{"Type":11,"SolrID":"/1601944614-doanh-nghiep-tn-san-xuat-thuong-mai-xay-dung-thuan-tien","ID":0,"MaSoThue":"1601944614","NgayCap":"2014-10-31T00:00:00Z","Title":"Doanh Nghiệp TN Sản Xuất Thương Mại Xây Dựng Thuận Tiến","DiaChiCongTy":"Số 371 Quốc lộ 91, ấp Vĩnh Thuận - Xã Vĩnh Thạnh Trung - Huyện Châu Phú - An Giang","Created":"2015-11-11T05:40:19Z","Updated":"2015-11-11T05:40:19Z","IsDelete":false,"RequestChanged":false,"ExitsInGDT":false,"SourceID":0,"TinhThanhID":0,"TinhThanhTitle":"An Giang","TinhThanhTitleAscii":"/an-giang","QuanHuyenID":0,"NganhNgheTitle":"Gia công cơ khí; xử lý và tráng phủ kim loại","NganhNgheTitleAscii":"/nganh-nghe/gia-cong-co-khi-xu-ly-va-trang-phu-kim-loai","DSTags":["1601944614","An Giang",null]},{"Type":11,"SolrID":"/1601943554-cong-ty-tnhh-xnk-luong-thuc-van-loc","ID":0,"MaSoThue":"1601943554","NgayCap":"2014-10-22T00:00:00Z","Title":"Công Ty TNHH Xnk Lương Thực Vạn Lộc","DiaChiCongTy":"ấp Vĩnh Thuận - Xã Vĩnh Thạnh Trung - Huyện Châu Phú - An Giang","Created":"2015-11-11T05:08:54Z","Updated":"2015-11-11T05:08:54Z","IsDelete":false,"RequestChanged":false,"ExitsInGDT":false,"SourceID":0,"TinhThanhID":0,"TinhThanhTitle":"An Giang","TinhThanhTitleAscii":"/an-giang","QuanHuyenID":0,"NganhNgheTitle":"Khai khoáng khác chưa được phân vào đâu","NganhNgheTitleAscii":"/nganh-nghe/khai-khoang-khac-chua-duoc-phan-vao-dau-10612","DSTags":["1601943554","An Giang",null]},{"Type":11,"SolrID":"/1601940899-cong-ty-tnhh-mot-thanh-vien-ky-thuat-thuc-an-chan-nuoi-d-d","ID":0,"MaSoThue":"1601940899","NgayCap":"2014-09-29T00:00:00Z","Title":"Công Ty TNHH Một Thành Viên Kỹ Thuật Thức ăn Chăn Nuôi D & D","DiaChiCongTy":"Số 265, ấp Vĩnh Hòa - Xã Vĩnh Thạnh Trung - Huyện Châu Phú - An Giang","Created":"2015-11-11T03:30:04Z","Updated":"2015-11-11T03:30:04Z","IsDelete":false,"RequestChanged":false,"ExitsInGDT":false,"SourceID":0,"TinhThanhID":0,"TinhThanhTitle":"An Giang","TinhThanhTitleAscii":"/an-giang","QuanHuyenID":0,"NganhNgheTitle":"Hoạt động dịch vụ chăn nuôi","NganhNgheTitleAscii":"/nganh-nghe/hoat-dong-dich-vu-chan-nuoi","DSTags":["1601940899","An Giang",null]},{"Type":11,"SolrID":"/1601938681-cong-ty-tnhh-mot-thanh-vien-rau-qua-sach-a-b","ID":0,"MaSoThue":"1601938681","NgayCap":"2014-09-15T00:00:00Z","Title":"Công Ty TNHH Một Thành Viên Rau Quả Sạch A & B","DiaChiCongTy":"ấp Vĩnh Thuận - Xã Vĩnh Thạnh Trung - Huyện Châu Phú - An Giang","Created":"2015-11-11T01:49:46Z","Updated":"2015-11-11T01:49:46Z","IsDelete":false,"RequestChanged":false,"ExitsInGDT":false,"SourceID":0,"TinhThanhID":0,"TinhThanhTitle":"An Giang","TinhThanhTitleAscii":"/an-giang","QuanHuyenID":0,"NganhNgheTitle":"Bán buôn nông, lâm sản nguyên liệu (trừ gỗ, tre, nứa) và động vật sống","NganhNgheTitleAscii":"/nganh-nghe/ban-buon-nong-lam-san-nguyen-lieu-tru-go-tre-nua-va-dong-vat-song","DSTags":["1601938681","An Giang",null]},{"Type":11,"SolrID":"/1601935296-cong-ty-tnhh-mot-thanh-vien-xay-dung-thuong-mai-ngoc-hien","ID":0,"MaSoThue":"1601935296","NgayCap":"2014-08-15T00:00:00Z","Title":"Công Ty TNHH Một Thành Viên Xây Dựng-Thương Mại Ngọc Hiền","DiaChiCongTy":"Số 150/7, ấp Vĩnh Quới - Xã Vĩnh Thạnh Trung - Huyện Châu Phú - An Giang","Created":"2015-11-09T12:10:08Z","Updated":"2015-11-09T12:10:08Z","IsDelete":false,"RequestChanged":false,"ExitsInGDT":false,"SourceID":0,"TinhThanhID":0,"TinhThanhTitle":"An Giang","TinhThanhTitleAscii":"/an-giang","QuanHuyenID":0,"NganhNgheTitle":"Xây dựng nhà các loại","NganhNgheTitleAscii":"/nganh-nghe/xay-dung-nha-cac-loai","DSTags":["1601935296","An Giang",null]},{"Type":11,"SolrID":"/1601934510-cong-ty-tnhh-mot-thanh-vien-trai-bo-chau-phu","ID":0,"MaSoThue":"1601934510","NgayCap":"2014-08-08T00:00:00Z","Title":"Công Ty TNHH Một Thành Viên Trại Bò Châu Phú","DiaChiCongTy":"Số 263, ấp Vĩnh Hòa - Xã Vĩnh Thạnh Trung - Huyện Châu Phú - An Giang","Created":"2015-11-09T12:15:01Z","Updated":"2015-11-09T12:15:01Z","IsDelete":false,"RequestChanged":false,"ExitsInGDT":false,"SourceID":0,"TinhThanhID":0,"TinhThanhTitle":"An Giang","TinhThanhTitleAscii":"/an-giang","QuanHuyenID":0,"NganhNgheTitle":"Sản xuất thức ăn gia súc, gia cầm và thuỷ sản","NganhNgheTitleAscii":"/nganh-nghe/san-xuat-thuc-an-gia-suc-gia-cam-va-thuy-san","DSTags":["1601934510","An Giang",null]},{"Type":11,"SolrID":"/1601934302-cong-ty-tnhh-mot-thanh-vien-san-xuat-thuong-mai-chau-phu-vn","ID":0,"MaSoThue":"1601934302","NgayCap":"2014-08-06T00:00:00Z","Title":"Công Ty TNHH Một Thành Viên Sản Xuất Thương Mại Châu Phú-Vn","DiaChiCongTy":"Quốc lộ 91, ấp Vĩnh Phú - Xã Vĩnh Thạnh Trung - Huyện Châu Phú - An Giang.","Created":"2015-11-11T13:53:37Z","Updated":"2016-08-30T10:34:28Z","IsDelete":false,"RequestChanged":false,"ExitsInGDT":false,"SourceID":0,"TinhThanhID":0,"TinhThanhTitle":"An Giang","TinhThanhTitleAscii":"/an-giang","QuanHuyenID":0,"NganhNgheTitle":"Xử lý hạt giống để nhân giống","NganhNgheTitleAscii":"/nganh-nghe/xu-ly-hat-giong-de-nhan-giong","DSTags":["1601934302","An Giang",null]},{"Type":11,"SolrID":"/1601931929-cong-ty-tnhh-mot-thanh-vien-giong-cay-trong-truong-nhut","ID":0,"MaSoThue":"1601931929","NgayCap":"2014-07-07T00:00:00Z","Title":"Công Ty TNHH Một Thành Viên Giống Cây Trồng Trương Nhứt","DiaChiCongTy":"ấp Vĩnh Bình - Xã Vĩnh Thạnh Trung - Huyện Châu Phú - An Giang","Created":"2015-11-09T13:01:09Z","Updated":"2015-11-09T13:01:09Z","IsDelete":false,"RequestChanged":false,"ExitsInGDT":false,"SourceID":0,"TinhThanhID":0,"TinhThanhTitle":"An Giang","TinhThanhTitleAscii":"/an-giang","QuanHuyenID":0,"NganhNgheTitle":"Xử lý hạt giống để nhân giống","NganhNgheTitleAscii":"/nganh-nghe/xu-ly-hat-giong-de-nhan-giong","DSTags":["1601931929","An Giang",null]},{"Type":11,"SolrID":"/1401955016-002-chi-nhanh-doanh-nghiep-tu-nhan-trai-bo-hong-ngu-trai-bo-hong-ngu-3","ID":0,"MaSoThue":"1401955016-002","NgayCap":"2014-06-12T00:00:00Z","Title":"Chi Nhánh Doanh Nghiệp Tư Nhân Trại Bò Hồng Ngự - Trại Bò Hồng Ngự 3","DiaChiCongTy":"Số 263, ấp Vĩnh Hòa - Xã Vĩnh Thạnh Trung - Huyện Châu Phú - An Giang","Created":"2015-11-11T01:59:57Z","Updated":"2015-11-11T01:59:57Z","IsDelete":false,"RequestChanged":false,"ExitsInGDT":false,"SourceID":0,"TinhThanhID":0,"TinhThanhTitle":"An Giang","TinhThanhTitleAscii":"/an-giang","QuanHuyenID":0,"NganhNgheTitle":"Chăn nuôi trâu, bò","NganhNgheTitleAscii":"/nganh-nghe/chan-nuoi-trau-bo","DSTags":["1401955016-002","An Giang",null]},{"Type":11,"SolrID":"/1801002385-009-van-phong-dai-dien-to-chau-cong-ty-tnhh-loc-to-chau","ID":0,"MaSoThue":"1801002385-009","NgayCap":"2014-03-17T00:00:00Z","Title":"Văn Phòng Đại Diện Tô Châu - Công Ty TNHH  Lộc Tô Châu","DiaChiCongTy":"Số 106, ấp Vĩnh Thuận - Xã Vĩnh Thạnh Trung - Huyện Châu Phú - An Giang","Created":"2015-11-17T21:04:25Z","Updated":"2015-11-17T21:04:25Z","IsDelete":false,"RequestChanged":false,"ExitsInGDT":false,"SourceID":0,"TinhThanhID":0,"TinhThanhTitle":"An Giang","TinhThanhTitleAscii":"/an-giang","QuanHuyenID":0,"NganhNgheTitle":"Vận tải hàng hóa bằng đường bộ","NganhNgheTitleAscii":"/nganh-nghe/van-tai-hang-hoa-bang-duong-bo","DSTags":["1801002385-009","An Giang",null]},{"Type":11,"SolrID":"/1601911760-doanh-nghiep-tn-xay-dung-ba-tao","ID":0,"MaSoThue":"1601911760","NgayCap":"2014-02-21T00:00:00Z","Title":"Doanh Nghiệp TN Xây Dựng Ba Tạo","DiaChiCongTy":"Số 466, ấp Vĩnh Hưng - Xã Vĩnh Thạnh Trung - Huyện Châu Phú - An Giang","Created":"2015-11-09T21:12:40Z","Updated":"2015-11-09T21:12:40Z","IsDelete":false,"RequestChanged":false,"ExitsInGDT":false,"SourceID":0,"TinhThanhID":0,"TinhThanhTitle":"An Giang","TinhThanhTitleAscii":"/an-giang","QuanHuyenID":0,"NganhNgheTitle":"Xây dựng nhà các loại","NganhNgheTitleAscii":"/nganh-nghe/xay-dung-nha-cac-loai","DSTags":["1601911760","An Giang",null]},{"Type":11,"SolrID":"/1601896230-cong-ty-cp-tu-van-va-dau-tu-xay-dung-cpincon","ID":0,"MaSoThue":"1601896230","NgayCap":"2013-12-04T00:00:00Z","Title":"Công Ty CP Tư Vấn Và Đầu Tư Xây Dựng Cpincon","DiaChiCongTy":"Số 861/24 Tôn Thất Thiết, ấp Vĩnh Hưng - Xã Vĩnh Thạnh Trung - Huyện Châu Phú - An Giang","Created":"2015-11-09T22:33:08Z","Updated":"2015-11-09T22:33:08Z","IsDelete":false,"RequestChanged":false,"ExitsInGDT":false,"SourceID":0,"TinhThanhID":0,"TinhThanhTitle":"An Giang","TinhThanhTitleAscii":"/an-giang","QuanHuyenID":0,"NganhNgheTitle":"Hoạt động kiến trúc và tư vấn kỹ thuật có liên quan","NganhNgheTitleAscii":"/nganh-nghe/hoat-dong-kien-truc-va-tu-van-ky-thuat-co-lien-quan","DSTags":["1601896230","An Giang",null]},{"Type":11,"SolrID":"/1601894508-doanh-nghiep-tn-tiem-vang-ngoc-thu-chau-phu","ID":0,"MaSoThue":"1601894508","NgayCap":"2013-11-18T00:00:00Z","Title":"Doanh Nghiệp TN Tiệm Vàng Ngọc Thu Châu Phú","DiaChiCongTy":"Số 692, ấp Vĩnh Hưng - Xã Vĩnh Thạnh Trung - Huyện Châu Phú - An Giang","Created":"2015-11-09T11:32:07Z","Updated":"2015-11-09T11:32:07Z","IsDelete":false,"RequestChanged":false,"ExitsInGDT":false,"SourceID":0,"TinhThanhID":0,"TinhThanhTitle":"An Giang","TinhThanhTitleAscii":"/an-giang","QuanHuyenID":0,"NganhNgheTitle":"Bán buôn kim loại và quặng kim loại","NganhNgheTitleAscii":"/nganh-nghe/ban-buon-kim-loai-va-quang-kim-loai","DSTags":["1601894508","An Giang",null]},{"Type":11,"SolrID":"/1601888857-doanh-nghiep-tn-hoang-hai-chau-phu","ID":0,"MaSoThue":"1601888857","NgayCap":"2013-09-16T00:00:00Z","Title":"Doanh Nghiệp TN Hoàng Hải Châu Phú","DiaChiCongTy":"Tổ 6, ấp Vĩnh Bình - Xã Vĩnh Thạnh Trung - Huyện Châu Phú - An Giang","Created":"2015-11-09T12:26:51Z","Updated":"2015-11-09T12:26:51Z","IsDelete":false,"RequestChanged":false,"ExitsInGDT":false,"SourceID":0,"TinhThanhID":0,"TinhThanhTitle":"An Giang","TinhThanhTitleAscii":"/an-giang","QuanHuyenID":0,"NganhNgheTitle":"Chuẩn bị mặt bằng","NganhNgheTitleAscii":"/nganh-nghe/chuan-bi-mat-bang","DSTags":["1601888857","An Giang",null]},{"Type":11,"SolrID":"/1601885775-doanh-nghiep-tn-tiem-vang-tuyet-anh","ID":0,"MaSoThue":"1601885775","NgayCap":"2013-08-07T00:00:00Z","Title":"Doanh Nghiệp TN Tiệm Vàng Tuyết Anh","DiaChiCongTy":"Trung tâm thương mại chợ Vịnh Tre - Xã Vĩnh Thạnh Trung - Huyện Châu Phú - An Giang","Created":"2015-11-16T20:47:46Z","Updated":"2015-11-16T20:47:46Z","IsDelete":false,"RequestChanged":false,"ExitsInGDT":false,"SourceID":0,"TinhThanhID":0,"TinhThanhTitle":"An Giang","TinhThanhTitleAscii":"/an-giang","QuanHuyenID":0,"NganhNgheTitle":"Bán buôn kim loại và quặng kim loại","NganhNgheTitleAscii":"/nganh-nghe/ban-buon-kim-loai-va-quang-kim-loai","DSTags":["1601885775","An Giang",null]},{"Type":11,"SolrID":"/1601883400-doanh-nghiep-tn-loc-huynh-giao","ID":0,"MaSoThue":"1601883400","NgayCap":"2013-07-11T00:00:00Z","Title":"Doanh Nghiệp Tn Lộc Huỳnh Giao","DiaChiCongTy":"Số 464, tổ 18, ấp Vĩnh Bình, Xã Vĩnh Thạnh Trung, Huyện Châu Phú, Tỉnh An Giang","Created":"2015-11-16T21:11:18Z","Updated":"2020-05-17T00:40:25Z","IsDelete":false,"RequestChanged":false,"ExitsInGDT":false,"SourceID":0,"TinhThanhID":0,"TinhThanhTitle":"An Giang","TinhThanhTitleAscii":"/an-giang","QuanHuyenID":0,"NganhNgheTitle":"Bán buôn kim loại và quặng kim loại","NganhNgheTitleAscii":"/nganh-nghe/ban-buon-kim-loai-va-quang-kim-loai","DSTags":["1601883400","An Giang",null]},{"Type":11,"SolrID":"/1601881996-doanh-nghiep-tn-tiem-vang-thuy-oanh","ID":0,"MaSoThue":"1601881996","NgayCap":"2013-06-28T00:00:00Z","Title":"Doanh Nghiệp TN Tiệm Vàng Thúy Oanh","DiaChiCongTy":"ấp Vĩnh Hưng - Xã Vĩnh Thạnh Trung - Huyện Châu Phú - An Giang","Created":"2015-11-16T21:19:53Z","Updated":"2015-11-16T21:19:53Z","IsDelete":false,"RequestChanged":false,"ExitsInGDT":false,"SourceID":0,"TinhThanhID":0,"TinhThanhTitle":"An Giang","TinhThanhTitleAscii":"/an-giang","QuanHuyenID":0,"NganhNgheTitle":"Bán buôn kim loại và quặng kim loại","NganhNgheTitleAscii":"/nganh-nghe/ban-buon-kim-loai-va-quang-kim-loai","DSTags":["1601881996","An Giang",null]},{"Type":11,"SolrID":"/1601882005-doanh-nghiep-tn-tiem-vang-ngoc-diem-chau-phu","ID":0,"MaSoThue":"1601882005","NgayCap":"2013-06-28T00:00:00Z","Title":"Doanh Nghiệp TN Tiệm Vàng Ngọc Diễm Châu Phú","DiaChiCongTy":"Số 250, ấp Vĩnh Hưng - Xã Vĩnh Thạnh Trung - Huyện Châu Phú - An Giang","Created":"2015-11-16T21:19:55Z","Updated":"2015-11-16T21:19:55Z","IsDelete":false,"RequestChanged":false,"ExitsInGDT":false,"SourceID":0,"TinhThanhID":0,"TinhThanhTitle":"An Giang","TinhThanhTitleAscii":"/an-giang","QuanHuyenID":0,"NganhNgheTitle":"Bán buôn kim loại và quặng kim loại","NganhNgheTitleAscii":"/nganh-nghe/ban-buon-kim-loai-va-quang-kim-loai","DSTags":["1601882005","An Giang",null]},{"Type":11,"SolrID":"/1601882090-doanh-nghiep-tn-tiem-vang-phuoc-trung","ID":0,"MaSoThue":"1601882090","NgayCap":"2013-06-28T00:00:00Z","Title":"Doanh Nghiệp TN Tiệm Vàng Phước Trung","DiaChiCongTy":"Số 462 Nguyễn Bửu - Xã Vĩnh Thạnh Trung - Huyện Châu Phú - An Giang","Created":"2015-11-16T21:20:09Z","Updated":"2015-11-16T21:20:09Z","IsDelete":false,"RequestChanged":false,"ExitsInGDT":false,"SourceID":0,"TinhThanhID":0,"TinhThanhTitle":"An Giang","TinhThanhTitleAscii":"/an-giang","QuanHuyenID":0,"NganhNgheTitle":"Bán buôn kim loại và quặng kim loại","NganhNgheTitleAscii":"/nganh-nghe/ban-buon-kim-loai-va-quang-kim-loai","DSTags":["1601882090","An Giang",null]},{"Type":11,"SolrID":"/1601881393-doanh-nghiep-tn-kim-cuong-chau-phu","ID":0,"MaSoThue":"1601881393","NgayCap":"2013-06-21T00:00:00Z","Title":"Doanh Nghiệp TN Kim Cương Châu Phú","DiaChiCongTy":"ấp Vĩnh Hưng II - Xã Vĩnh Thạnh Trung - Huyện Châu Phú - An Giang","Created":"2015-11-17T07:48:05Z","Updated":"2015-11-17T07:48:05Z","IsDelete":false,"RequestChanged":false,"ExitsInGDT":false,"SourceID":0,"TinhThanhID":0,"TinhThanhTitle":"An Giang","TinhThanhTitleAscii":"/an-giang","QuanHuyenID":0,"NganhNgheTitle":"Bán buôn kim loại và quặng kim loại","NganhNgheTitleAscii":"/nganh-nghe/ban-buon-kim-loai-va-quang-kim-loai","DSTags":["1601881393","An Giang",null]},{"Type":11,"SolrID":"/1601878224-doanh-nghiep-tn-tiem-vang-phuong-linh","ID":0,"MaSoThue":"1601878224","NgayCap":"2013-06-04T00:00:00Z","Title":"Doanh Nghiệp TN Tiệm Vàng Phương Linh","DiaChiCongTy":"Số 3, đường số 5, khu vực chợ Châu Phú, ấp Vĩnh Hưng - Xã Vĩnh Thạnh Trung - Huyện Châu Phú - An Giang","Created":"2015-11-17T07:50:02Z","Updated":"2015-11-17T07:50:02Z","IsDelete":false,"RequestChanged":false,"ExitsInGDT":false,"SourceID":0,"TinhThanhID":0,"TinhThanhTitle":"An Giang","TinhThanhTitleAscii":"/an-giang","QuanHuyenID":0,"NganhNgheTitle":"Bán buôn kim loại và quặng kim loại","NganhNgheTitleAscii":"/nganh-nghe/ban-buon-kim-loai-va-quang-kim-loai","DSTags":["1601878224","An Giang",null]},{"Type":11,"SolrID":"/1601877894-doanh-nghiep-tn-tiem-vang-duc-hoa","ID":0,"MaSoThue":"1601877894","NgayCap":"2013-05-31T00:00:00Z","Title":"Doanh Nghiệp TN Tiệm Vàng Đức Hòa","DiaChiCongTy":"Chợ Vịnh Tre - Xã Vĩnh Thạnh Trung - Huyện Châu Phú - An Giang","Created":"2015-11-16T11:36:50Z","Updated":"2015-11-16T11:36:50Z","IsDelete":false,"RequestChanged":false,"ExitsInGDT":false,"SourceID":0,"TinhThanhID":0,"TinhThanhTitle":"An Giang","TinhThanhTitleAscii":"/an-giang","QuanHuyenID":0,"NganhNgheTitle":"Bán buôn kim loại và quặng kim loại","NganhNgheTitleAscii":"/nganh-nghe/ban-buon-kim-loai-va-quang-kim-loai","DSTags":["1601877894","An Giang",null]},{"Type":11,"SolrID":"/1601875720-trung-tam-day-nghe-va-giao-duc-thuong-xuyen-chau-phu","ID":0,"MaSoThue":"1601875720","NgayCap":"2013-05-22T00:00:00Z","Title":"Trung tâm Dạy nghề và Giáo dục thường xuyên Châu Phú","DiaChiCongTy":"ấp Vĩnh Thuận - Xã Vĩnh Thạnh Trung - Huyện Châu Phú - An Giang","Created":"2015-11-16T20:55:39Z","Updated":"2015-11-16T20:55:39Z","IsDelete":false,"RequestChanged":false,"ExitsInGDT":false,"SourceID":0,"TinhThanhID":0,"TinhThanhTitle":"An Giang","TinhThanhTitleAscii":"/an-giang","QuanHuyenID":0,"NganhNgheTitle":"Giáo dục khác","NganhNgheTitleAscii":"/nganh-nghe/giao-duc-khac","DSTags":["1601875720","An Giang",null]},{"Type":11,"SolrID":"/1601875625-doanh-nghiep-tn-tiem-vang-ngoc-diem","ID":0,"MaSoThue":"1601875625","NgayCap":"2013-05-22T00:00:00Z","Title":"Doanh Nghiệp TN Tiệm Vàng Ngọc Diễm","DiaChiCongTy":"Số 472, ấp Vĩnh Bình - Xã Vĩnh Thạnh Trung - Huyện Châu Phú - An Giang","Created":"2015-11-16T20:55:42Z","Updated":"2015-11-16T20:55:42Z","IsDelete":false,"RequestChanged":false,"ExitsInGDT":false,"SourceID":0,"TinhThanhID":0,"TinhThanhTitle":"An Giang","TinhThanhTitleAscii":"/an-giang","QuanHuyenID":0,"NganhNgheTitle":"Bán buôn kim loại và quặng kim loại","NganhNgheTitleAscii":"/nganh-nghe/ban-buon-kim-loai-va-quang-kim-loai","DSTags":["1601875625","An Giang",null]},{"Type":11,"SolrID":"/1601864126-doanh-nghiep-tn-le-chinh","ID":0,"MaSoThue":"1601864126","NgayCap":"2013-02-28T00:00:00Z","Title":"Doanh Nghiệp TN Lê Chính","DiaChiCongTy":"Số 740, ấp Vĩnh Hưng - Xã Vĩnh Thạnh Trung - Huyện Châu Phú - An Giang","Created":"2015-11-16T22:29:51Z","Updated":"2015-11-16T22:29:51Z","IsDelete":false,"RequestChanged":false,"ExitsInGDT":false,"SourceID":0,"TinhThanhID":0,"TinhThanhTitle":"An Giang","TinhThanhTitleAscii":"/an-giang","QuanHuyenID":0,"NganhNgheTitle":"Xây dựng công trình kỹ thuật dân dụng khác","NganhNgheTitleAscii":"/nganh-nghe/xay-dung-cong-trinh-ky-thuat-dan-dung-khac","DSTags":["1601864126","An Giang",null]},{"Type":11,"SolrID":"/1601859140-doanh-nghiep-tn-dao-huy-chuong","ID":0,"MaSoThue":"1601859140","NgayCap":"2013-01-23T00:00:00Z","Title":"Doanh Nghiệp TN Đào - Huy Chương","DiaChiCongTy":"Số 53 Đinh Tiên Hoàng, Tổ 2a, ấp Vĩnh Thuận - Xã Vĩnh Thạnh Trung - Huyện Châu Phú - An Giang","Created":"2015-11-17T20:37:53Z","Updated":"2015-11-17T20:37:53Z","IsDelete":false,"RequestChanged":false,"ExitsInGDT":false,"SourceID":0,"TinhThanhID":0,"TinhThanhTitle":"An Giang","TinhThanhTitleAscii":"/an-giang","QuanHuyenID":0,"NganhNgheTitle":"Bán buôn kim loại và quặng kim loại","NganhNgheTitleAscii":"/nganh-nghe/ban-buon-kim-loai-va-quang-kim-loai","DSTags":["1601859140","An Giang",null]},{"Type":11,"SolrID":"/1601844779-cong-ty-tnhh-giong-cay-trong-vinh-qui","ID":0,"MaSoThue":"1601844779","NgayCap":"2012-11-28T00:00:00Z","Title":"Công Ty TNHH Giống Cây Trồng Vĩnh Quí","DiaChiCongTy":"ấp Vĩnh Quí - Xã Vĩnh Thạnh Trung - Huyện Châu Phú - An Giang","Created":"2015-11-12T01:01:41Z","Updated":"2015-11-12T01:01:41Z","IsDelete":false,"RequestChanged":false,"ExitsInGDT":false,"SourceID":0,"TinhThanhID":0,"TinhThanhTitle":"An Giang","TinhThanhTitleAscii":"/an-giang","QuanHuyenID":0,"NganhNgheTitle":"Xử lý hạt giống để nhân giống","NganhNgheTitleAscii":"/nganh-nghe/xu-ly-hat-giong-de-nhan-giong","DSTags":["1601844779","An Giang",null]},{"Type":11,"SolrID":"/1401242086-001-chi-nhanh-cong-ty-tnhh-mot-thanh-vien-hoang-chau","ID":0,"MaSoThue":"1401242086-001","NgayCap":"2012-10-02T00:00:00Z","Title":"Chi Nhánh Công Ty TNHH  Một Thành Viên Hoàng Châu","DiaChiCongTy":"ấp Vĩnh Hưng - Xã Vĩnh Thạnh Trung - Huyện Châu Phú - An Giang","Created":"2015-11-17T14:02:24Z","Updated":"2015-11-17T14:02:24Z","IsDelete":false,"RequestChanged":false,"ExitsInGDT":false,"SourceID":0,"TinhThanhID":0,"TinhThanhTitle":"An Giang","TinhThanhTitleAscii":"/an-giang","QuanHuyenID":0,"NganhNgheTitle":"Dịch vụ tắm hơi, massage và các dịch vụ tăng cường sức khoẻ tương tự (trừ hoạt động thể thao)","NganhNgheTitleAscii":"/nganh-nghe/dich-vu-tam-hoi-massage-va-cac-dich-vu-tang-cuong-suc-khoe-tuong-tu-tru-hoat-dong-the-thao","DSTags":["1401242086-001","An Giang",null]},{"Type":11,"SolrID":"/1600256284-002-truong-trung-cap-kinh-te-ky-thuat-an-giang","ID":0,"MaSoThue":"1600256284-002","NgayCap":"2012-09-17T00:00:00Z","Title":"Trường Trung Cấp Kinh Tế Kỹ Thuật An Giang","DiaChiCongTy":"Vĩnh Phú - Xã Vĩnh Thạnh Trung - Huyện Châu Phú - An Giang","Created":"2015-11-17T19:47:41Z","Updated":"2015-11-17T19:47:41Z","IsDelete":false,"RequestChanged":false,"ExitsInGDT":false,"SourceID":0,"TinhThanhID":0,"TinhThanhTitle":"An Giang","TinhThanhTitleAscii":"/an-giang","QuanHuyenID":0,"NganhNgheTitle":"Giáo dục và đào tạo","NganhNgheTitleAscii":"/nganh-nghe/giao-duc-va-dao-tao-85","DSTags":["1600256284-002","An Giang",null]},{"Type":11,"SolrID":"/1601813033-cong-ty-tnhh-mot-thanh-vien-tien-loi-phat","ID":0,"MaSoThue":"1601813033","NgayCap":"2012-08-16T00:00:00Z","Title":"Công Ty TNHH Một Thành Viên Tiến Lợi Phát","DiaChiCongTy":"Số 168 Tổ 9, ấp Vĩnh Quới II - Xã Vĩnh Thạnh Trung - Huyện Châu Phú - An Giang","Created":"2015-11-12T06:21:59Z","Updated":"2015-11-12T06:21:59Z","IsDelete":false,"RequestChanged":false,"ExitsInGDT":false,"SourceID":0,"TinhThanhID":0,"TinhThanhTitle":"An Giang","TinhThanhTitleAscii":"/an-giang","QuanHuyenID":0,"NganhNgheTitle":"Bán buôn gạo","NganhNgheTitleAscii":"/nganh-nghe/ban-buon-gao","DSTags":["1601813033","An Giang",null]},{"Type":11,"SolrID":"/1600194461-052-chi-nhanh-cong-ty-cp-xuat-nhap-khau-nong-san-thuc-pham-an-giang-phan-xuong-che-bien-phu-pham-chau","ID":0,"MaSoThue":"1600194461-052","NgayCap":"2012-07-10T00:00:00Z","Title":"Chi Nhánh Công Ty CP Xuất Nhập Khẩu Nông Sản Thực Phẩm An Giang - Phân Xưởng Chế Biến Phụ Phẩm Châu","DiaChiCongTy":"Quốc lộ 91, ấp Vĩnh Thuận - Xã Vĩnh Thạnh Trung - Huyện Châu Phú - An Giang","Created":"2015-11-11T01:35:28Z","Updated":"2015-11-11T01:35:28Z","IsDelete":false,"RequestChanged":false,"ExitsInGDT":false,"SourceID":0,"TinhThanhID":0,"TinhThanhTitle":"An Giang","TinhThanhTitleAscii":"/an-giang","QuanHuyenID":0,"NganhNgheTitle":"Chế biến, bảo quản thuỷ sản và các sản phẩm từ thuỷ sản","NganhNgheTitleAscii":"/nganh-nghe/che-bien-bao-quan-thuy-san-va-cac-san-pham-tu-thuy-san","DSTags":["1600194461-052","An Giang",null]},{"Type":11,"SolrID":"/1601770460-cong-ty-tnhh-thuong-mai-dau-tu-xay-dung-phuoc-son","ID":0,"MaSoThue":"1601770460","NgayCap":"2012-06-15T00:00:00Z","Title":"Công Ty TNHH Thương Mại & Đầu Tư Xây Dựng Phước Sơn","DiaChiCongTy":"ấp Vĩnh Bình - Xã Vĩnh Thạnh Trung - Huyện Châu Phú - An Giang","Created":"2015-11-09T15:53:36Z","Updated":"2015-11-09T15:53:36Z","IsDelete":false,"RequestChanged":false,"ExitsInGDT":false,"SourceID":0,"TinhThanhID":0,"TinhThanhTitle":"An Giang","TinhThanhTitleAscii":"/an-giang","QuanHuyenID":0,"NganhNgheTitle":"Bán buôn vật liệu, thiết bị lắp đặt khác trong xây dựng","NganhNgheTitleAscii":"/nganh-nghe/ban-buon-vat-lieu-thiet-bi-lap-dat-khac-trong-xay-dung","DSTags":["1601770460","An Giang",null]},{"Type":11,"SolrID":"/1600194461-051-chi-nhanh-cong-ty-cp-xuat-nhap-khau-nong-san-thuc-pham-an-giang-xi-nghiep-thuc-pham-ben-cat","ID":0,"MaSoThue":"1600194461-051","NgayCap":"2012-04-18T00:00:00Z","Title":"Chi Nhánh Công Ty CP Xuất Nhập Khẩu Nông Sản Thực Phẩm An Giang - Xí Nghiệp Thực Phẩm Bến Cát","DiaChiCongTy":"QL91, ấp Vĩnh Thuận - Xã Vĩnh Thạnh Trung - Huyện Châu Phú - An Giang","Created":"2015-11-10T01:42:03Z","Updated":"2015-11-10T01:42:03Z","IsDelete":false,"RequestChanged":false,"ExitsInGDT":false,"SourceID":0,"TinhThanhID":0,"TinhThanhTitle":"An Giang","TinhThanhTitleAscii":"/an-giang","QuanHuyenID":0,"NganhNgheTitle":"Chế biến, bảo quản thuỷ sản và các sản phẩm từ thuỷ sản","NganhNgheTitleAscii":"/nganh-nghe/che-bien-bao-quan-thuy-san-va-cac-san-pham-tu-thuy-san","DSTags":["1600194461-051","An Giang",null]},{"Type":11,"SolrID":"/1601566810-001-chi-nhanh-cong-ty-tnhh-mot-thanh-vien-giong-cay-trong-nguyen-my","ID":0,"MaSoThue":"1601566810-001","NgayCap":"2012-04-06T00:00:00Z","Title":"Chi Nhánh Công Ty TNHH Một Thành Viên Giống Cây Trồng Nguyễn Mỹ","DiaChiCongTy":"Quốc lộ 91, ấp Vĩnh Phú - Xã Vĩnh Thạnh Trung - Huyện Châu Phú - An Giang","Created":"2015-11-11T05:43:53Z","Updated":"2015-11-11T05:43:53Z","IsDelete":false,"RequestChanged":false,"ExitsInGDT":false,"SourceID":0,"TinhThanhID":0,"TinhThanhTitle":"An Giang","TinhThanhTitleAscii":"/an-giang","QuanHuyenID":0,"NganhNgheTitle":"Hoạt động dịch vụ trồng trọt","NganhNgheTitleAscii":"/nganh-nghe/hoat-dong-dich-vu-trong-trot","DSTags":["1601566810-001","An Giang",null]},{"Type":11,"SolrID":"/1601625103-doanh-nghiep-tn-nga-nam-huu","ID":0,"MaSoThue":"1601625103","NgayCap":"2011-12-28T00:00:00Z","Title":"Doanh Nghiệp TN Ngà Năm Hữu","DiaChiCongTy":"Số 297, Tổ 10, ấp Vĩnh Thuận - Xã Vĩnh Thạnh Trung - Huyện Châu Phú - An Giang","Created":"2015-11-10T01:42:38Z","Updated":"2015-11-10T01:42:38Z","IsDelete":false,"RequestChanged":false,"ExitsInGDT":false,"SourceID":0,"TinhThanhID":0,"TinhThanhTitle":"An Giang","TinhThanhTitleAscii":"/an-giang","QuanHuyenID":0,"NganhNgheTitle":"Bán buôn vật liệu, thiết bị lắp đặt khác trong xây dựng","NganhNgheTitleAscii":"/nganh-nghe/ban-buon-vat-lieu-thiet-bi-lap-dat-khac-trong-xay-dung","DSTags":["1601625103","An Giang",null]},{"Type":11,"SolrID":"/1601512332-doanh-nghiep-tn-manh-kha","ID":0,"MaSoThue":"1601512332","NgayCap":"2011-07-22T00:00:00Z","Title":"Doanh Nghiệp TN Mạnh Kha","DiaChiCongTy":"Số 262, ấp Vĩnh Hưng - Xã Vĩnh Thạnh Trung - Huyện Châu Phú - An Giang","Created":"2015-11-17T04:40:21Z","Updated":"2015-11-17T04:40:21Z","IsDelete":false,"RequestChanged":false,"ExitsInGDT":false,"SourceID":0,"TinhThanhID":0,"TinhThanhTitle":"An Giang","TinhThanhTitleAscii":"/an-giang","QuanHuyenID":0,"NganhNgheTitle":"Xây dựng công trình kỹ thuật dân dụng khác","NganhNgheTitleAscii":"/nganh-nghe/xay-dung-cong-trinh-ky-thuat-dan-dung-khac","DSTags":["1601512332","An Giang",null]},{"Type":11,"SolrID":"/1600896358-002-chi-nhanh-ii-doanh-nghiep-tu-nhan-bach-co","ID":0,"MaSoThue":"1600896358-002","NgayCap":"2011-07-13T00:00:00Z","Title":"Chi Nhánh Ii Doanh Nghiệp Tư Nhân Bách Cơ","DiaChiCongTy":"ấp Vĩnh Hưng - Xã Vĩnh Thạnh Trung - Huyện Châu Phú - An Giang","Created":"2015-11-17T09:09:25Z","Updated":"2015-11-17T09:09:25Z","IsDelete":false,"RequestChanged":false,"ExitsInGDT":false,"SourceID":0,"TinhThanhID":0,"TinhThanhTitle":"An Giang","TinhThanhTitleAscii":"/an-giang","QuanHuyenID":0,"NganhNgheTitle":"Vận tải hành khách đường bộ trong nội thành, ngoại thành (trừ vận tải bằng xe buýt)","NganhNgheTitleAscii":"/nganh-nghe/van-tai-hanh-khach-duong-bo-trong-noi-thanh-ngoai-thanh-tru-van-tai-bang-xe-buyt","DSTags":["1600896358-002","An Giang",null]},{"Type":11,"SolrID":"/1600168937-001-chi-nhanh-doanh-nghiep-tn-tu-long","ID":0,"MaSoThue":"1600168937-001","NgayCap":"2011-03-02T00:00:00Z","Title":"Chi Nhánh Doanh Nghiệp TN Tư Long","DiaChiCongTy":"Tổ 10, ấp Vĩnh Thuận - Xã Vĩnh Thạnh Trung - Huyện Châu Phú - An Giang","Created":"2015-11-17T19:45:37Z","Updated":"2015-11-17T19:45:37Z","IsDelete":false,"RequestChanged":false,"ExitsInGDT":false,"SourceID":0,"TinhThanhID":0,"TinhThanhTitle":"An Giang","TinhThanhTitleAscii":"/an-giang","QuanHuyenID":0,"NganhNgheTitle":"Bán buôn chuyên doanh khác chưa được phân vào đâu","NganhNgheTitleAscii":"/nganh-nghe/ban-buon-chuyen-doanh-khac-chua-duoc-phan-vao-dau","DSTags":["1600168937-001","An Giang",null]},{"Type":11,"SolrID":"/1601434765-cong-ty-tnhh-mot-thanh-vien-tu-long-me-kong","ID":0,"MaSoThue":"1601434765","NgayCap":"2010-12-17T00:00:00Z","Title":"Công Ty TNHH Một Thành Viên Tư Long Mê Kông","DiaChiCongTy":"Số 513, tổ 17, ấp Vĩnh Thuận - Xã Vĩnh Thạnh Trung - Huyện Châu Phú - An Giang","Created":"2015-11-09T11:44:40Z","Updated":"2015-11-09T11:44:40Z","IsDelete":false,"RequestChanged":false,"ExitsInGDT":false,"SourceID":0,"TinhThanhID":0,"TinhThanhTitle":"An Giang","TinhThanhTitleAscii":"/an-giang","QuanHuyenID":0,"NganhNgheTitle":"Bán buôn chuyên doanh khác chưa được phân vào đâu","NganhNgheTitleAscii":"/nganh-nghe/ban-buon-chuyen-doanh-khac-chua-duoc-phan-vao-dau","DSTags":["1601434765","An Giang",null]},{"Type":11,"SolrID":"/1601333446-doanh-nghiep-tn-phuoc-hoang","ID":0,"MaSoThue":"1601333446","NgayCap":"2010-04-26T00:00:00Z","Title":"Doanh Nghiệp TN Phước Hoàng","DiaChiCongTy":"ấp Vĩnh Bình - Xã Vĩnh Thạnh Trung - Huyện Châu Phú - An Giang","Created":"2015-11-09T03:44:07Z","Updated":"2015-11-09T03:44:07Z","IsDelete":false,"RequestChanged":false,"ExitsInGDT":false,"SourceID":0,"TinhThanhID":0,"TinhThanhTitle":"An Giang","TinhThanhTitleAscii":"/an-giang","QuanHuyenID":0,"NganhNgheTitle":"Bán buôn nhiên liệu rắn, lỏng, khí và các sản phẩm liên quan","NganhNgheTitleAscii":"/nganh-nghe/ban-buon-nhien-lieu-ran-long-khi-va-cac-san-pham-lien-quan","DSTags":["1601333446","An Giang",null]},{"Type":11,"SolrID":"/1601327516-dntn-huyen-loc","ID":0,"MaSoThue":"1601327516","NgayCap":"2010-04-12T00:00:00Z","Title":"DNTN Huyền Lộc","DiaChiCongTy":"101 tổ 4 ấp Vĩnh Phú - Xã Vĩnh Thạnh Trung - Huyện Châu Phú - An Giang","Created":"2015-11-09T10:25:21Z","Updated":"2015-11-09T10:25:21Z","IsDelete":false,"RequestChanged":false,"ExitsInGDT":false,"SourceID":0,"TinhThanhID":0,"TinhThanhTitle":"An Giang","TinhThanhTitleAscii":"/an-giang","QuanHuyenID":0,"NganhNgheTitle":"Vận tải đường bộ khác","NganhNgheTitleAscii":"/nganh-nghe/van-tai-duong-bo-khac","DSTags":["1601327516","An Giang",null]},{"Type":11,"SolrID":"/1601292976-truong-mau-giao-son-ca","ID":0,"MaSoThue":"1601292976","NgayCap":"2010-01-29T00:00:00Z","Title":"Trường Mẫu Giáo Sơn Ca","DiaChiCongTy":"ấp Vĩnh Quới, xã Vĩnh Thạnh Trung - Huyện Châu Phú - An Giang","Created":"2015-11-16T06:45:41Z","Updated":"2015-11-16T06:45:41Z","IsDelete":false,"RequestChanged":false,"ExitsInGDT":false,"SourceID":0,"TinhThanhID":0,"TinhThanhTitle":"An Giang","TinhThanhTitleAscii":"/an-giang","QuanHuyenID":0,"NganhNgheTitle":"Giáo dục mầm non","NganhNgheTitleAscii":"/nganh-nghe/giao-duc-mam-non","DSTags":["1601292976","An Giang",null]},{"Type":11,"SolrID":"/1601210243-hoi-chu-thap-do-huyen-chau-phu","ID":0,"MaSoThue":"1601210243","NgayCap":"2009-08-27T00:00:00Z","Title":"Hội Chữ Thập Đỏ Huyện Châu Phú","DiaChiCongTy":"ấp Vĩnh Phú, xã Vĩnh Thạnh Trung - Huyện Châu Phú - An Giang","Created":"2015-11-15T20:46:17Z","Updated":"2015-11-15T20:46:17Z","IsDelete":false,"RequestChanged":false,"ExitsInGDT":false,"SourceID":0,"TinhThanhID":0,"TinhThanhTitle":"An Giang","TinhThanhTitleAscii":"/an-giang","QuanHuyenID":0,"NganhNgheTitle":"Hoạt động của các tổ chức khác chưa được phân vào đâu","NganhNgheTitleAscii":"/nganh-nghe/hoat-dong-cua-cac-to-chuc-khac-chua-duoc-phan-vao-dau","DSTags":["1601210243","An Giang",null]},{"Type":11,"SolrID":"/1601205839-trung-tam-dan-so-khh-gd-huyen-chau-phu","ID":0,"MaSoThue":"1601205839","NgayCap":"2009-08-07T00:00:00Z","Title":"Trung Tâm Dân Số KHH-GĐ Huyện Châu Phú","DiaChiCongTy":"ấp Vĩnh Phú, Xã Vĩnh Thạnh Trung - Huyện Châu Phú - An Giang","Created":"2015-11-16T22:21:15Z","Updated":"2015-11-16T22:21:15Z","IsDelete":false,"RequestChanged":false,"ExitsInGDT":false,"SourceID":0,"TinhThanhID":0,"TinhThanhTitle":"An Giang","TinhThanhTitleAscii":"/an-giang","QuanHuyenID":0,"NganhNgheTitle":"Hoạt động y tế","NganhNgheTitleAscii":"/nganh-nghe/hoat-dong-y-te","DSTags":["1601205839","An Giang",null]},{"Type":11,"SolrID":"/1601151069-doanh-nghiep-tn-hong-phong","ID":0,"MaSoThue":"1601151069","NgayCap":"2009-06-08T00:00:00Z","Title":"Doanh Nghiệp TN Hồng Phong","DiaChiCongTy":"ấp Vĩnh Hưng - Xã Vĩnh Thạnh Trung - Huyện Châu Phú - An Giang","Created":"2015-11-09T13:01:04Z","Updated":"2015-11-09T13:01:04Z","IsDelete":false,"RequestChanged":false,"ExitsInGDT":false,"SourceID":0,"TinhThanhID":0,"TinhThanhTitle":"An Giang","TinhThanhTitleAscii":"/an-giang","QuanHuyenID":0,"NganhNgheTitle":"Bán buôn nhiên liệu rắn, lỏng, khí và các sản phẩm liên quan","NganhNgheTitleAscii":"/nganh-nghe/ban-buon-nhien-lieu-ran-long-khi-va-cac-san-pham-lien-quan","DSTags":["1601151069","An Giang",null]},{"Type":11,"SolrID":"/1601038049-truong-tieu-hoc-g-vinh-thanh-trung","ID":0,"MaSoThue":"1601038049","NgayCap":"2009-02-14T00:00:00Z","Title":"Trường Tiểu học G Vĩnh Thạnh Trung","DiaChiCongTy":"ấp Vĩnh Lợi, xã Vĩnh Thạnh Trung - Huyện Châu Phú - An Giang","Created":"2015-11-16T17:22:24Z","Updated":"2015-11-16T17:22:24Z","IsDelete":false,"RequestChanged":false,"ExitsInGDT":false,"SourceID":0,"TinhThanhID":0,"TinhThanhTitle":"An Giang","TinhThanhTitleAscii":"/an-giang","QuanHuyenID":0,"NganhNgheTitle":"Giáo dục tiểu học","NganhNgheTitleAscii":"/nganh-nghe/giao-duc-tieu-hoc","DSTags":["1601038049","An Giang",null]},{"Type":11,"SolrID":"/1601038024-truong-tieu-hoc-d-vinh-thanh-trung","ID":0,"MaSoThue":"1601038024","NgayCap":"2009-02-14T00:00:00Z","Title":"Trường Tiểu học D Vĩnh Thạnh Trung","DiaChiCongTy":"ấp Vĩnh An, xã Vĩnh Thạnh Trung - Huyện Châu Phú - An Giang","Created":"2015-11-15T21:17:57Z","Updated":"2015-11-15T21:17:57Z","IsDelete":false,"RequestChanged":false,"ExitsInGDT":false,"SourceID":0,"TinhThanhID":0,"TinhThanhTitle":"An Giang","TinhThanhTitleAscii":"/an-giang","QuanHuyenID":0,"NganhNgheTitle":"Giáo dục tiểu học","NganhNgheTitleAscii":"/nganh-nghe/giao-duc-tieu-hoc","DSTags":["1601038024","An Giang",null]},{"Type":11,"SolrID":"/1601038031-truong-tieu-hoc-c-vinh-thanh-trung","ID":0,"MaSoThue":"1601038031","NgayCap":"2009-02-14T00:00:00Z","Title":"Trường Tiểu học C Vĩnh Thạnh Trung","DiaChiCongTy":"ấp Vĩnh Quới, xã Vĩnh Thạnh Trung - Huyện Châu Phú - An Giang","Created":"2015-11-15T21:17:59Z","Updated":"2015-11-15T21:17:59Z","IsDelete":false,"RequestChanged":false,"ExitsInGDT":false,"SourceID":0,"TinhThanhID":0,"TinhThanhTitle":"An Giang","TinhThanhTitleAscii":"/an-giang","QuanHuyenID":0,"NganhNgheTitle":"Giáo dục tiểu học","NganhNgheTitleAscii":"/nganh-nghe/giao-duc-tieu-hoc","DSTags":["1601038031","An Giang",null]},{"Type":11,"SolrID":"/0302002839-001-chi-nhanh-cong-ty-co-phan-xay-dung-tai-loc-tai-an-giang","ID":0,"MaSoThue":"0302002839-001","NgayCap":"2009-01-19T00:00:00Z","Title":"Chi Nhánh Công Ty Cổ Phần Xây Dựng Tài Lộc Tại An Giang","DiaChiCongTy":"Số 117, ấp Vĩnh Phú - Xã Vĩnh Thạnh Trung - Huyện Châu Phú - An Giang","Created":"2015-11-09T03:15:55Z","Updated":"2015-11-09T03:15:55Z","IsDelete":false,"RequestChanged":false,"ExitsInGDT":false,"SourceID":0,"TinhThanhID":0,"TinhThanhTitle":"An Giang","TinhThanhTitleAscii":"/an-giang","QuanHuyenID":0,"NganhNgheTitle":"Xây dựng nhà các loại","NganhNgheTitleAscii":"/nganh-nghe/xay-dung-nha-cac-loai","DSTags":["0302002839-001","An Giang",null]},{"Type":11,"SolrID":"/1600996514-doanh-nghiep-tn-tien-nam","ID":0,"MaSoThue":"1600996514","NgayCap":"2008-12-09T00:00:00Z","Title":"Doanh Nghiệp TN Tiến Nam","DiaChiCongTy":"Số 252 Quốc lộ 91, Tổ 9, ấp Vĩnh Thuận - Xã Vĩnh Thạnh Trung - Huyện Châu Phú - An Giang","Created":"2015-11-11T21:17:44Z","Updated":"2015-11-11T21:17:44Z","IsDelete":false,"RequestChanged":false,"ExitsInGDT":false,"SourceID":0,"TinhThanhID":0,"TinhThanhTitle":"An Giang","TinhThanhTitleAscii":"/an-giang","QuanHuyenID":0,"NganhNgheTitle":"Xây dựng nhà các loại","NganhNgheTitleAscii":"/nganh-nghe/xay-dung-nha-cac-loai","DSTags":["1600996514","An Giang",null]},{"Type":11,"SolrID":"/1600975916-cty-tnhh-mot-thanh-vien-thuong-mai-trong-phat","ID":0,"MaSoThue":"1600975916","NgayCap":"2008-09-05T00:00:00Z","Title":"Cty TNHH Một Thành Viên Thương mại Trọng Phát","DiaChiCongTy":"Tổ 3, ấp Vĩnh Hưng, xã Vĩnh Thạnh Trung - Huyện Châu Phú - An Giang","Created":"2015-11-14T05:09:59Z","Updated":"2015-11-14T05:09:59Z","IsDelete":false,"RequestChanged":false,"ExitsInGDT":false,"SourceID":0,"TinhThanhID":0,"TinhThanhTitle":"An Giang","TinhThanhTitleAscii":"/an-giang","QuanHuyenID":0,"NganhNgheTitle":"Bán buôn (trừ ô tô, mô tô, xe máy và xe có động cơ khác)","NganhNgheTitleAscii":"/nganh-nghe/ban-buon-tru-o-to-mo-to-xe-may-va-xe-co-dong-co-khac","DSTags":["1600975916","An Giang",null]},{"Type":11,"SolrID":"/1600975105-cty-tnhh-tm-dv-xnk-dai-phu-dien","ID":0,"MaSoThue":"1600975105","NgayCap":"2008-08-25T00:00:00Z","Title":"Cty TNHH TM-DV-XNK Đại Phú Điền","DiaChiCongTy":"QL 91, ấp Vĩnh Phú, xã Vĩnh Thạnh trung - Huyện Châu Phú - An Giang","Created":"2015-11-13T22:38:07Z","Updated":"2015-11-13T22:38:07Z","IsDelete":false,"RequestChanged":false,"ExitsInGDT":false,"SourceID":0,"TinhThanhID":0,"TinhThanhTitle":"An Giang","TinhThanhTitleAscii":"/an-giang","QuanHuyenID":0,"NganhNgheTitle":"Bán buôn chuyên doanh khác","NganhNgheTitleAscii":"/nganh-nghe/ban-buon-chuyen-doanh-khac","DSTags":["1600975105","An Giang",null]},{"Type":11,"SolrID":"/1600947852-cty-tnhh-mot-thanh-vien-thuong-mai-hung-phuoc","ID":0,"MaSoThue":"1600947852","NgayCap":"2008-03-13T00:00:00Z","Title":"Cty TNHH Một Thành Viên Thương Mại Hưng Phước","DiaChiCongTy":"ấp Vĩnh Hưng, xã Vĩnh Thạnh Trung - Huyện Châu Phú - An Giang","Created":"2015-11-13T22:39:59Z","Updated":"2015-11-13T22:39:59Z","IsDelete":false,"RequestChanged":false,"ExitsInGDT":false,"SourceID":0,"TinhThanhID":0,"TinhThanhTitle":"An Giang","TinhThanhTitleAscii":"/an-giang","QuanHuyenID":0,"NganhNgheTitle":"Bán buôn (trừ ô tô, mô tô, xe máy và xe có động cơ khác)","NganhNgheTitleAscii":"/nganh-nghe/ban-buon-tru-o-to-mo-to-xe-may-va-xe-co-dong-co-khac","DSTags":["1600947852","An Giang",null]},{"Type":11,"SolrID":"/1600943495-dntn-phat-nguyen","ID":0,"MaSoThue":"1600943495","NgayCap":"2008-02-21T00:00:00Z","Title":"DNTN Phát Nguyên","DiaChiCongTy":"Quốc Lộ 91, ấp Vĩnh Hưng, xã Vĩnh Thạnh Trung - Huyện Châu Phú - An Giang","Created":"2015-11-09T10:05:46Z","Updated":"2015-11-09T10:05:46Z","IsDelete":false,"RequestChanged":false,"ExitsInGDT":false,"SourceID":0,"TinhThanhID":0,"TinhThanhTitle":"An Giang","TinhThanhTitleAscii":"/an-giang","QuanHuyenID":0,"NganhNgheTitle":"Xây dựng công trình kỹ thuật dân dụng","NganhNgheTitleAscii":"/nganh-nghe/xay-dung-cong-trinh-ky-thuat-dan-dung","DSTags":["1600943495","An Giang",null]},{"Type":11,"SolrID":"/1600928634-truong-trung-hoc-co-so-vinh-thanh-trung-2","ID":0,"MaSoThue":"1600928634","NgayCap":"2007-12-27T00:00:00Z","Title":"Trường Trung Học Cơ Sở Vĩnh Thạnh Trung 2","DiaChiCongTy":"ấp Vĩnh An, xã Vĩnh Thạnh Trung - Huyện Châu Phú - An Giang","Created":"2015-11-16T18:46:19Z","Updated":"2015-11-16T18:46:19Z","IsDelete":false,"RequestChanged":false,"ExitsInGDT":false,"SourceID":0,"TinhThanhID":0,"TinhThanhTitle":"An Giang","TinhThanhTitleAscii":"/an-giang","QuanHuyenID":0,"NganhNgheTitle":"Giáo dục trung học cơ sở và trung học phổ thông","NganhNgheTitleAscii":"/nganh-nghe/giao-duc-trung-hoc-co-so-va-trung-hoc-pho-thong","DSTags":["1600928634","An Giang",null]},{"Type":11,"SolrID":"/1800297954-001-chi-nhanh-cong-ty-tnhh-thuong-mai-tan-thanh-tai-an-giang","ID":0,"MaSoThue":"1800297954-001","NgayCap":"2007-10-24T00:00:00Z","Title":"Chi Nhánh Công Ty TNHH Thương Mại Tân Thành Tại An Giang","DiaChiCongTy":"ấp Vĩnh Thuận - Xã Vĩnh Thạnh Trung - Huyện Châu Phú - An Giang","Created":"2015-11-09T02:24:42Z","Updated":"2015-11-09T02:24:42Z","IsDelete":false,"RequestChanged":false,"ExitsInGDT":false,"SourceID":0,"TinhThanhID":0,"TinhThanhTitle":"An Giang","TinhThanhTitleAscii":"/an-giang","QuanHuyenID":0,"NganhNgheTitle":"Bán buôn chuyên doanh khác chưa được phân vào đâu","NganhNgheTitleAscii":"/nganh-nghe/ban-buon-chuyen-doanh-khac-chua-duoc-phan-vao-dau","DSTags":["1800297954-001","An Giang",null]},{"Type":11,"SolrID":"/1400100963-001-chi-nhanh-dntn-thanh-hai-xi-nghiep-che-bien-thuy-san-xuat-khau-thanh-hai","ID":0,"MaSoThue":"1400100963-001","NgayCap":"2007-09-27T00:00:00Z","Title":"Chi Nhánh DNTN Thanh Hải  Xí Nghiệp Chế Biến Thuỷ Sản Xuất Khẩu Thanh Hải","DiaChiCongTy":"Số 18/8, QL 91, ấp Vĩnh Hưng, xã Vĩnh Thạnh Trung - Huyện Châu Phú - An Giang","Created":"2015-11-15T08:27:40Z","Updated":"2015-11-15T08:27:40Z","IsDelete":false,"RequestChanged":false,"ExitsInGDT":false,"SourceID":0,"TinhThanhID":0,"TinhThanhTitle":"An Giang","TinhThanhTitleAscii":"/an-giang","QuanHuyenID":0,"NganhNgheTitle":"Chế biến, bảo quản thuỷ sản và các sản phẩm từ thuỷ sản","NganhNgheTitleAscii":"/nganh-nghe/che-bien-bao-quan-thuy-san-va-cac-san-pham-tu-thuy-san","DSTags":["1400100963-001","An Giang",null]},{"Type":11,"SolrID":"/1600901872-van-phong-luat-su-hong-ha","ID":0,"MaSoThue":"1600901872","NgayCap":"2007-08-15T00:00:00Z","Title":"Văn Phòng Luật Sư Hồng Hà","DiaChiCongTy":"Số 11/11 ấp Vĩnh Hưng, xã Vĩnh Thạnh Trung - Xã Vĩnh Thạnh Trung - Huyện Châu Phú - An Giang","Created":"2015-11-19T09:09:34Z","Updated":"2015-11-19T09:09:34Z","IsDelete":false,"RequestChanged":false,"ExitsInGDT":false,"SourceID":0,"TinhThanhID":0,"TinhThanhTitle":"An Giang","TinhThanhTitleAscii":"/an-giang","QuanHuyenID":0,"NganhNgheTitle":"Hoạt động đại diện, tư vấn pháp luật","NganhNgheTitleAscii":"/nganh-nghe/hoat-dong-dai-dien-tu-van-phap-luat","DSTags":["1600901872","An Giang",null]},{"Type":11,"SolrID":"/1600894093-cong-ty-co-phan-dau-tu-dia-oc-thuong-mai-xay-dung-nam-chau","ID":0,"MaSoThue":"1600894093","NgayCap":"2007-06-13T00:00:00Z","Title":"Công ty Cổ phần Đầu tư Địa ốc Thương mại - Xây dựng Nam Châu","DiaChiCongTy":"ấp Vĩnh Thuận, xã Vĩnh Thạnh Trung - Huyện Châu Phú - An Giang","Created":"2015-11-13T23:36:58Z","Updated":"2015-11-13T23:36:58Z","IsDelete":false,"RequestChanged":false,"ExitsInGDT":false,"SourceID":0,"TinhThanhID":0,"TinhThanhTitle":"An Giang","TinhThanhTitleAscii":"/an-giang","QuanHuyenID":0,"NganhNgheTitle":"Xây dựng công trình kỹ thuật dân dụng","NganhNgheTitleAscii":"/nganh-nghe/xay-dung-cong-trinh-ky-thuat-dan-dung","DSTags":["1600894093","An Giang",null]},{"Type":11,"SolrID":"/1600877154-hop-tac-xa-nong-nghiep-vinh-thanh","ID":0,"MaSoThue":"1600877154","NgayCap":"2007-01-29T00:00:00Z","Title":"Hợp tác xã Nông nghiệp Vĩnh Thạnh","DiaChiCongTy":"ấp Vĩnh Thuận, xã Vĩnh Thạnh Trung - Huyện Châu Phú - An Giang","Created":"2015-11-17T04:09:14Z","Updated":"2015-11-17T04:09:14Z","IsDelete":false,"RequestChanged":false,"ExitsInGDT":false,"SourceID":0,"TinhThanhID":0,"TinhThanhTitle":"An Giang","TinhThanhTitleAscii":"/an-giang","QuanHuyenID":0,"NganhNgheTitle":"Hoạt động dịch vụ nông nghiệp","NganhNgheTitleAscii":"/nganh-nghe/hoat-dong-dich-vu-nong-nghiep","DSTags":["1600877154","An Giang",null]},{"Type":11,"SolrID":"/1600819120-001-chi-nhanh-cong-ty-tnhh-binh-minh","ID":0,"MaSoThue":"1600819120-001","NgayCap":"2006-10-25T00:00:00Z","Title":"Chi nhánh Công ty TNHH Bình Minh","DiaChiCongTy":"ấp Vĩnh Phú, xã Vĩnh Thạnh Trung - Huyện Châu Phú - An Giang","Created":"2015-11-15T11:12:47Z","Updated":"2015-11-15T11:12:47Z","IsDelete":false,"RequestChanged":false,"ExitsInGDT":false,"SourceID":0,"TinhThanhID":0,"TinhThanhTitle":"An Giang","TinhThanhTitleAscii":"/an-giang","QuanHuyenID":0,"NganhNgheTitle":"Bán lẻ hàng hóa khác trong các cửa hàng chuyên doanh","NganhNgheTitleAscii":"/nganh-nghe/ban-le-hang-hoa-khac-trong-cac-cua-hang-chuyen-doanh","DSTags":["1600819120-001","An Giang",null]},{"Type":11,"SolrID":"/1600850970-truong-mau-giao-vinh-thanh-trung","ID":0,"MaSoThue":"1600850970","NgayCap":"2006-10-03T00:00:00Z","Title":"Trường Mẫu giáo Vĩnh Thạnh Trung","DiaChiCongTy":"ấp Vĩnh Thuận, xã Vĩnh Thạnh Trung - Huyện Châu Phú - An Giang","Created":"2015-11-16T17:40:59Z","Updated":"2015-11-16T17:40:59Z","IsDelete":false,"RequestChanged":false,"ExitsInGDT":false,"SourceID":0,"TinhThanhID":0,"TinhThanhTitle":"An Giang","TinhThanhTitleAscii":"/an-giang","QuanHuyenID":0,"NganhNgheTitle":"Giáo dục mầm non","NganhNgheTitleAscii":"/nganh-nghe/giao-duc-mam-non","DSTags":["1600850970","An Giang",null]},{"Type":11,"SolrID":"/1600850956-dntn-hung-phuoc","ID":0,"MaSoThue":"1600850956","NgayCap":"2006-10-03T00:00:00Z","Title":"DNTN Hưng Phước","DiaChiCongTy":"ấp Vĩnh Thuận, xã Vĩnh Thạnh Trung - Huyện Châu Phú - An Giang","Created":"2015-11-18T05:15:09Z","Updated":"2015-11-18T05:15:09Z","IsDelete":false,"RequestChanged":false,"ExitsInGDT":false,"SourceID":0,"TinhThanhID":0,"TinhThanhTitle":"An Giang","TinhThanhTitleAscii":"/an-giang","QuanHuyenID":0,"NganhNgheTitle":"Bán lẻ lương thực trong các cửa hàng chuyên doanh","NganhNgheTitleAscii":"/nganh-nghe/ban-le-luong-thuc-trong-cac-cua-hang-chuyen-doanh","DSTags":["1600850956","An Giang",null]},{"Type":11,"SolrID":"/1600850603-ban-quan-ly-cho-vinh-tre","ID":0,"MaSoThue":"1600850603","NgayCap":"2006-09-21T00:00:00Z","Title":"Ban quản lý chợ Vịnh Tre","DiaChiCongTy":"ấp Vĩnh Thuận, xã Vĩnh Thạnh Trung - Huyện Châu Phú - An Giang","Created":"2015-11-17T04:20:11Z","Updated":"2015-11-17T04:20:11Z","IsDelete":false,"RequestChanged":false,"ExitsInGDT":false,"SourceID":0,"TinhThanhID":0,"TinhThanhTitle":"An Giang","TinhThanhTitleAscii":"/an-giang","QuanHuyenID":0,"NganhNgheTitle":"NÔNG NGHIỆP, LÂM NGHIỆP VÀ THUỶ SẢN","NganhNgheTitleAscii":"/nganh-nghe/nong-nghiep-lam-nghiep-va-thuy-san","DSTags":["1600850603","An Giang",null]},{"Type":11,"SolrID":"/1600849439-cong-ty-tnhh-che-bien-xuat-nhap-khau-thuy-san-phi-long-i-chi-ban","ID":0,"MaSoThue":"1600849439","NgayCap":"2006-09-13T00:00:00Z","Title":"Công ty TNHH Chế biến - Xuất nhập khẩu Thủy sản Phi Long I Chi Ban","DiaChiCongTy":"Số 18/8 Quốc lộ 91, ấp Vĩnh Hưng, xã Vĩnh Thạnh Trung - Huyện Châu Phú - An Giang","Created":"2015-11-14T05:05:07Z","Updated":"2015-11-14T05:05:07Z","IsDelete":false,"RequestChanged":false,"ExitsInGDT":false,"SourceID":0,"TinhThanhID":0,"TinhThanhTitle":"An Giang","TinhThanhTitleAscii":"/an-giang","QuanHuyenID":0,"NganhNgheTitle":"Sản xuất chế biến thực phẩm","NganhNgheTitleAscii":"/nganh-nghe/san-xuat-che-bien-thuc-pham","DSTags":["1600849439","An Giang",null]},{"Type":11,"SolrID":"/0303386948-001-chi-nhanh-cong-ty-tnhh-san-xuat-xuat-nhap-khau-phi-long-i-chi-ban","ID":0,"MaSoThue":"0303386948-001","NgayCap":"2006-08-15T00:00:00Z","Title":"Chi nhánh Công ty TNHH Sản xuất Xuất nhập khẩu Phi Long I Chi Ban","DiaChiCongTy":"Số 18/8 Quốc lộ 91, ấp Vĩnh Hưng, xã Vĩnh Thạnh Trung - Huyện Châu Phú - An Giang","Created":"2015-11-18T09:06:03Z","Updated":"2015-11-18T09:06:03Z","IsDelete":false,"RequestChanged":false,"ExitsInGDT":false,"SourceID":0,"TinhThanhID":0,"TinhThanhTitle":"An Giang","TinhThanhTitleAscii":"/an-giang","QuanHuyenID":0,"NganhNgheTitle":"Sản xuất chế biến thực phẩm","NganhNgheTitleAscii":"/nganh-nghe/san-xuat-che-bien-thuc-pham","DSTags":["0303386948-001","An Giang",null]},{"Type":11,"SolrID":"/1600842955-benh-vien-da-khoa-huyen-chau-phu","ID":0,"MaSoThue":"1600842955","NgayCap":"2006-06-28T00:00:00Z","Title":"Bệnh viện Đa khoa huyện Châu Phú","DiaChiCongTy":"ấp Vĩnh Thuận, xã Vĩnh Thạnh Trung - Huyện Châu Phú - An Giang","Created":"2015-11-17T04:13:55Z","Updated":"2015-11-17T04:13:55Z","IsDelete":false,"RequestChanged":false,"ExitsInGDT":false,"SourceID":0,"TinhThanhID":0,"TinhThanhTitle":"An Giang","TinhThanhTitleAscii":"/an-giang","QuanHuyenID":0,"NganhNgheTitle":"Hoạt động của các phòng khám đa khoa, chuyên khoa và nha khoa","NganhNgheTitleAscii":"/nganh-nghe/hoat-dong-cua-cac-phong-kham-da-khoa-chuyen-khoa-va-nha-khoa","DSTags":["1600842955","An Giang",null]},{"Type":11,"SolrID":"/1600831110-cong-ty-tnhh-thai-thon","ID":0,"MaSoThue":"1600831110","NgayCap":"2006-03-10T00:00:00Z","Title":"Công ty TNHH Thái Thôn","DiaChiCongTy":"13/4 Quốc Lộ 91, ấp Vĩnh  Phú, xã Vĩnh Thạnh Trung - Huyện Châu Phú - An Giang","Created":"2015-11-13T22:44:47Z","Updated":"2015-11-13T22:44:47Z","IsDelete":false,"RequestChanged":false,"ExitsInGDT":false,"SourceID":0,"TinhThanhID":0,"TinhThanhTitle":"An Giang","TinhThanhTitleAscii":"/an-giang","QuanHuyenID":0,"NganhNgheTitle":"Xây dựng công trình kỹ thuật dân dụng","NganhNgheTitleAscii":"/nganh-nghe/xay-dung-cong-trinh-ky-thuat-dan-dung","DSTags":["1600831110","An Giang",null]},{"Type":11,"SolrID":"/1600788955-cong-ty-tnhh-kinh-doanh-dia-oc-xay-dung-thuong-mai-ba-phu-trang-an-giang","ID":0,"MaSoThue":"1600788955","NgayCap":"2005-07-05T00:00:00Z","Title":"Công ty TNHH Kinh doanh Địa ốc - Xây dựng - Thương mại Bá Phú Trang An Giang","DiaChiCongTy":"ấp Vĩnh Bình, xã Vĩnh Thạnh Trung - Huyện Châu Phú - An Giang","Created":"2015-11-11T09:22:55Z","Updated":"2015-11-11T09:22:55Z","IsDelete":false,"RequestChanged":false,"ExitsInGDT":false,"SourceID":0,"TinhThanhID":0,"TinhThanhTitle":"An Giang","TinhThanhTitleAscii":"/an-giang","QuanHuyenID":0,"NganhNgheTitle":"Xây dựng công trình kỹ thuật dân dụng","NganhNgheTitleAscii":"/nganh-nghe/xay-dung-cong-trinh-ky-thuat-dan-dung","DSTags":["1600788955","An Giang",null]},{"Type":11,"SolrID":"/1200100959-031-chi-nhanh-cong-ty-luong-thuc-tien-giang-tram-thu-mua-che-bien-luong-thuc-chau-phu","ID":0,"MaSoThue":"1200100959-031","NgayCap":"2005-05-06T00:00:00Z","Title":"Chi nhánh công ty lương thực Tiền Giang-Trạm thu mua chế biến lương thực Châu Phú","DiaChiCongTy":"ấp Vĩnh Thuận, xã Vĩnh Thạnh Trung - Huyện Châu Phú - An Giang","Created":"2015-11-19T06:24:51Z","Updated":"2015-11-19T06:24:51Z","IsDelete":false,"RequestChanged":false,"ExitsInGDT":false,"SourceID":0,"TinhThanhID":0,"TinhThanhTitle":"An Giang","TinhThanhTitleAscii":"/an-giang","QuanHuyenID":0,"NganhNgheTitle":"Bán buôn gạo, thực phẩm, đồ uống và sản phẩm thuốc lá, thuốc lào","NganhNgheTitleAscii":"/nganh-nghe/ban-buon-gao-thuc-pham-do-uong-va-san-pham-thuoc-la-thuoc-lao","DSTags":["1200100959-031","An Giang",null]},{"Type":11,"SolrID":"/1600436618-nguyen-van-du","ID":0,"MaSoThue":"1600436618","NgayCap":"2004-10-06T00:00:00Z","Title":"Nguyễn Văn Dữ","DiaChiCongTy":"ấp Vĩnh Thuận, xã Vĩnh Thạnh Trung - Huyện Châu Phú - An Giang","Created":"2015-11-16T16:21:28Z","Updated":"2015-11-16T16:21:28Z","IsDelete":false,"RequestChanged":false,"ExitsInGDT":false,"SourceID":0,"TinhThanhID":0,"TinhThanhTitle":"An Giang","TinhThanhTitleAscii":"/an-giang","QuanHuyenID":0,"NganhNgheTitle":"Bán lẻ thiết bị gia đình khác trong các cửa hàng chuyên doanh","NganhNgheTitleAscii":"/nganh-nghe/ban-le-thiet-bi-gia-dinh-khac-trong-cac-cua-hang-chuyen-doanh","DSTags":["1600436618","An Giang",null]},{"Type":11,"SolrID":"/1800173074-002-chi-nhanh-chau-phu","ID":0,"MaSoThue":"1800173074-002","NgayCap":"2004-06-25T00:00:00Z","Title":"Chi Nhánh Châu Phú","DiaChiCongTy":"Tổ 5 ấp Vĩnh Thuận,xã Vĩnh Thạnh Trung - Huyện Châu Phú - An Giang","Created":"2015-11-19T03:07:05Z","Updated":"2015-11-19T03:07:05Z","IsDelete":false,"RequestChanged":false,"ExitsInGDT":false,"SourceID":0,"TinhThanhID":0,"TinhThanhTitle":"An Giang","TinhThanhTitleAscii":"/an-giang","QuanHuyenID":0,"NganhNgheTitle":"Bán buôn gạo, thực phẩm, đồ uống và sản phẩm thuốc lá, thuốc lào","NganhNgheTitleAscii":"/nganh-nghe/ban-buon-gao-thuc-pham-do-uong-va-san-pham-thuoc-la-thuoc-lao","DSTags":["1800173074-002","An Giang",null]},{"Type":11,"SolrID":"/1600691375-bdh-ben-xe-tau-chau-phu","ID":0,"MaSoThue":"1600691375","NgayCap":"2004-04-13T00:00:00Z","Title":"BĐH Bến xe tàu Châu Phú","DiaChiCongTy":"xã Vĩnh Thạnh Trung - Huyện Châu Phú - An Giang","Created":"2015-11-16T16:03:36Z","Updated":"2015-11-16T16:03:36Z","IsDelete":false,"RequestChanged":false,"ExitsInGDT":false,"SourceID":0,"TinhThanhID":0,"TinhThanhTitle":"An Giang","TinhThanhTitleAscii":"/an-giang","QuanHuyenID":0,"NganhNgheTitle":"Hoạt động dịch vụ phục vụ cá nhân khác còn lại chưa được phân vào đâu","NganhNgheTitleAscii":"/nganh-nghe/hoat-dong-dich-vu-phuc-vu-ca-nhan-khac-con-lai-chua-duoc-phan-vao-dau","DSTags":["1600691375","An Giang",null]},{"Type":11,"SolrID":"/1600688728-truong-trung-hoc-nong-nghiep","ID":0,"MaSoThue":"1600688728","NgayCap":"2004-03-29T00:00:00Z","Title":"Trường Trung Học Nông Nghiệp","DiaChiCongTy":"Xã Vĩnh Thạnh Trung - Huyện Châu Phú - An Giang","Created":"2015-11-16T16:00:37Z","Updated":"2015-11-16T16:00:37Z","IsDelete":false,"RequestChanged":false,"ExitsInGDT":false,"SourceID":0,"TinhThanhID":0,"TinhThanhTitle":"An Giang","TinhThanhTitleAscii":"/an-giang","QuanHuyenID":0,"NganhNgheTitle":"Giáo dục nghề nghiệp","NganhNgheTitleAscii":"/nganh-nghe/giao-duc-nghe-nghiep","DSTags":["1600688728","An Giang",null]},{"Type":11,"SolrID":"/1600537768-doanh-nghiep-tn-tien-loi-i","ID":0,"MaSoThue":"1600537768","NgayCap":"2004-01-15T00:00:00Z","Title":"Doanh Nghiệp TN Tiền Lợi I","DiaChiCongTy":"Ponton AG-12249, Tổ 2, ấp Vĩnh Thuận - Xã Vĩnh Thạnh Trung - Huyện Châu Phú - An Giang","Created":"2015-11-09T01:49:05Z","Updated":"2015-11-09T01:49:05Z","IsDelete":false,"RequestChanged":false,"ExitsInGDT":false,"SourceID":0,"TinhThanhID":0,"TinhThanhTitle":"An Giang","TinhThanhTitleAscii":"/an-giang","QuanHuyenID":0,"NganhNgheTitle":"Bán buôn nhiên liệu rắn, lỏng, khí và các sản phẩm liên quan","NganhNgheTitleAscii":"/nganh-nghe/ban-buon-nhien-lieu-ran-long-khi-va-cac-san-pham-lien-quan","DSTags":["1600537768","An Giang",null]},{"Type":11,"SolrID":"/1600182466-doanh-nghiep-tn-hiep-hung","ID":0,"MaSoThue":"1600182466","NgayCap":"2004-01-14T00:00:00Z","Title":"Doanh Nghiệp TN Hiệp Hưng","DiaChiCongTy":"ấp Vĩnh Hưng - Xã Vĩnh Thạnh Trung - Huyện Châu Phú - An Giang","Created":"2015-11-17T19:45:54Z","Updated":"2015-11-17T19:45:54Z","IsDelete":false,"RequestChanged":false,"ExitsInGDT":false,"SourceID":0,"TinhThanhID":0,"TinhThanhTitle":"An Giang","TinhThanhTitleAscii":"/an-giang","QuanHuyenID":0,"NganhNgheTitle":"Bán buôn gạo, thực phẩm, đồ uống và sản phẩm thuốc lá, thuốc lào","NganhNgheTitleAscii":"/nganh-nghe/ban-buon-gao-thuc-pham-do-uong-va-san-pham-thuoc-la-thuoc-lao","DSTags":["1600182466","An Giang",null]},{"Type":11,"SolrID":"/1600194599-002-chi-nhanh-cong-ty-cp-dia-oc-an-giang-nha-may-cau-kien-be-tong-an-giang","ID":0,"MaSoThue":"1600194599-002","NgayCap":"2003-08-22T00:00:00Z","Title":"Chi Nhánh Công Ty CP Địa ốc An Giang - Nhà Máy Cấu Kiện Bê Tông An Giang","DiaChiCongTy":"ấp Vĩnh Hưng - Xã Vĩnh Thạnh Trung - Huyện Châu Phú - An Giang","Created":"2015-11-09T05:24:18Z","Updated":"2015-11-09T05:24:18Z","IsDelete":false,"RequestChanged":false,"ExitsInGDT":false,"SourceID":0,"TinhThanhID":0,"TinhThanhTitle":"An Giang","TinhThanhTitleAscii":"/an-giang","QuanHuyenID":0,"NganhNgheTitle":"Sản xuất bê tông và các sản phẩm từ xi măng và thạch cao","NganhNgheTitleAscii":"/nganh-nghe/san-xuat-be-tong-va-cac-san-pham-tu-xi-mang-va-thach-cao","DSTags":["1600194599-002","An Giang",null]},{"Type":11,"SolrID":"/1600178325-001-chi-nhanh-thuan-thanh-2","ID":0,"MaSoThue":"1600178325-001","NgayCap":"2002-05-23T00:00:00Z","Title":"Chi Nhánh Thuận Thành 2","DiaChiCongTy":"ấp Vĩnh Thuận Xã Vĩnh THạnh Trung - Huyện Châu Phú - An Giang","Created":"2015-11-14T14:56:00Z","Updated":"2015-11-14T14:56:00Z","IsDelete":false,"RequestChanged":false,"ExitsInGDT":false,"SourceID":0,"TinhThanhID":0,"TinhThanhTitle":"An Giang","TinhThanhTitleAscii":"/an-giang","QuanHuyenID":0,"NganhNgheTitle":"Khai khoáng khác chưa được phân vào đâu","NganhNgheTitleAscii":"/nganh-nghe/khai-khoang-khac-chua-duoc-phan-vao-dau-10612","DSTags":["1600178325-001","An Giang",null]},{"Type":11,"SolrID":"/1600194461-040-chi-nhanh-cong-ty-cp-xuat-nhap-khau-nong-san-thuc-pham-an-giang-xi-nghiep-dong-lanh-thuy-san-afiex","ID":0,"MaSoThue":"1600194461-040","NgayCap":"2001-08-02T00:00:00Z","Title":"Chi Nhánh Công Ty CP Xuất Nhập Khẩu Nông Sản Thực Phẩm An Giang - Xí Nghiệp Đông Lạnh Thủy Sản Afiex","DiaChiCongTy":"ấp Vĩnh Thuận - Xã Vĩnh Thạnh Trung - Huyện Châu Phú - An Giang","Created":"2015-11-17T19:46:48Z","Updated":"2015-11-17T19:46:48Z","IsDelete":false,"RequestChanged":false,"ExitsInGDT":false,"SourceID":0,"TinhThanhID":0,"TinhThanhTitle":"An Giang","TinhThanhTitleAscii":"/an-giang","QuanHuyenID":0,"NganhNgheTitle":"Chế biến, bảo quản thuỷ sản và các sản phẩm từ thuỷ sản","NganhNgheTitleAscii":"/nganh-nghe/che-bien-bao-quan-thuy-san-va-cac-san-pham-tu-thuy-san","DSTags":["1600194461-040","An Giang",null]},{"Type":11,"SolrID":"/1700100989-010-xi-nghiep-che-bien-luong-thuc-xuat-khau-kien-an","ID":0,"MaSoThue":"1700100989-010","NgayCap":"2001-07-03T00:00:00Z","Title":"Xí Nghiệp Chế Biến Lương Thực Xuất Khẩu Kiên An","DiaChiCongTy":"ấp Vĩnh Thuận Xã Vĩnh Thạnh Trung - Huyện Châu Phú - An Giang","Created":"2015-11-17T19:52:16Z","Updated":"2015-11-17T19:52:16Z","IsDelete":false,"RequestChanged":false,"ExitsInGDT":false,"SourceID":0,"TinhThanhID":0,"TinhThanhTitle":"An Giang","TinhThanhTitleAscii":"/an-giang","QuanHuyenID":0,"NganhNgheTitle":"Bán buôn gạo, thực phẩm, đồ uống và sản phẩm thuốc lá, thuốc lào","NganhNgheTitleAscii":"/nganh-nghe/ban-buon-gao-thuc-pham-do-uong-va-san-pham-thuoc-la-thuoc-lao","DSTags":["1700100989-010","An Giang",null]},{"Type":11,"SolrID":"/1600563239-cty-tnhh-thuong-mai-tan-phu","ID":0,"MaSoThue":"1600563239","NgayCap":"2001-03-20T00:00:00Z","Title":"CTy TNHH Thương mại Tân Phú","DiaChiCongTy":"Số 13/3 ấp Vĩnh Hoà, xã Vĩnh Thạnh Trung - Huyện Châu Phú - An Giang","Created":"2015-11-12T06:13:40Z","Updated":"2015-11-12T06:13:40Z","IsDelete":false,"RequestChanged":false,"ExitsInGDT":false,"SourceID":0,"TinhThanhID":0,"TinhThanhTitle":"An Giang","TinhThanhTitleAscii":"/an-giang","QuanHuyenID":0,"NganhNgheTitle":"Bán buôn gạo, thực phẩm, đồ uống và sản phẩm thuốc lá, thuốc lào","NganhNgheTitleAscii":"/nganh-nghe/ban-buon-gao-thuc-pham-do-uong-va-san-pham-thuoc-la-thuoc-lao","DSTags":["1600563239","An Giang",null]},{"Type":11,"SolrID":"/1600555238-cong-ty-tnhh-hoa-thanh","ID":0,"MaSoThue":"1600555238","NgayCap":"2001-01-18T00:00:00Z","Title":"Công Ty TNHH Hòa Thành","DiaChiCongTy":"Tổ 14, ấp Vĩnh Thuận - Xã Vĩnh Thạnh Trung - Huyện Châu Phú - An Giang","Created":"2015-11-09T10:12:12Z","Updated":"2015-11-09T10:12:12Z","IsDelete":false,"RequestChanged":false,"ExitsInGDT":false,"SourceID":0,"TinhThanhID":0,"TinhThanhTitle":"An Giang","TinhThanhTitleAscii":"/an-giang","QuanHuyenID":0,"NganhNgheTitle":"Sản xuất đồ uống không cồn","NganhNgheTitleAscii":"/nganh-nghe/san-xuat-do-uong-khong-con","DSTags":["1600555238","An Giang",null]},{"Type":11,"SolrID":"/1600229273-002-xi-nghiep-tan-phu","ID":0,"MaSoThue":"1600229273-002","NgayCap":"1999-03-06T00:00:00Z","Title":"Xí Nghiệp Tân Phú","DiaChiCongTy":"Quốc Lộ 91 ấp Vĩnh Thuận Xã Vĩnh Thạnh Trung - Huyện Châu Phú - An Giang","Created":"2015-11-19T03:05:29Z","Updated":"2015-11-19T03:05:29Z","IsDelete":false,"RequestChanged":false,"ExitsInGDT":false,"SourceID":0,"TinhThanhID":0,"TinhThanhTitle":"An Giang","TinhThanhTitleAscii":"/an-giang","QuanHuyenID":0,"NganhNgheTitle":"Bán buôn gạo, thực phẩm, đồ uống và sản phẩm thuốc lá, thuốc lào","NganhNgheTitleAscii":"/nganh-nghe/ban-buon-gao-thuc-pham-do-uong-va-san-pham-thuoc-la-thuoc-lao","DSTags":["1600229273-002","An Giang",null]},{"Type":11,"SolrID":"/1600374986-024-truong-tieu-hoc-a-vinh-thanh-trung","ID":0,"MaSoThue":"1600374986-024","NgayCap":"1999-02-23T00:00:00Z","Title":"Trường Tiểu học A  Vĩnh Thạnh Trung","DiaChiCongTy":"ấp Vĩnh Quới 2 - Xã Vĩnh Thạnh Trung - Huyện Châu Phú - An Giang","Created":"2015-11-17T19:50:46Z","Updated":"2015-11-17T19:50:46Z","IsDelete":false,"RequestChanged":false,"ExitsInGDT":false,"SourceID":0,"TinhThanhID":0,"TinhThanhTitle":"An Giang","TinhThanhTitleAscii":"/an-giang","QuanHuyenID":0,"NganhNgheTitle":"Giáo dục tiểu học","NganhNgheTitleAscii":"/nganh-nghe/giao-duc-tieu-hoc","DSTags":["1600374986-024","An Giang",null]},{"Type":11,"SolrID":"/1600374986-051-truong-trung-hoc-co-so-vinh-thanh-trung","ID":0,"MaSoThue":"1600374986-051","NgayCap":"1999-02-23T00:00:00Z","Title":"Trường Trung học cơ sở Vĩnh Thạnh Trung","DiaChiCongTy":"ấp Vĩnh Hưng II Xã Vĩnh Thạnh Trung - Huyện Châu Phú - An Giang","Created":"2015-11-17T19:50:58Z","Updated":"2015-11-17T19:50:58Z","IsDelete":false,"RequestChanged":false,"ExitsInGDT":false,"SourceID":0,"TinhThanhID":0,"TinhThanhTitle":"An Giang","TinhThanhTitleAscii":"/an-giang","QuanHuyenID":0,"NganhNgheTitle":"Giáo dục trung học cơ sở và trung học phổ thông","NganhNgheTitleAscii":"/nganh-nghe/giao-duc-trung-hoc-co-so-va-trung-hoc-pho-thong","DSTags":["1600374986-051","An Giang",null]},{"Type":11,"SolrID":"/1600381091-ubnd-xa-vinh-thanh-trung","ID":0,"MaSoThue":"1600381091","NgayCap":"1999-01-23T00:00:00Z","Title":"UBND Xã Vĩnh Thạnh Trung","DiaChiCongTy":"ấp Vĩnh Thuận, xã Vĩnh Thạnh Trung - Huyện Châu Phú - An Giang","Created":"2015-11-14T16:43:59Z","Updated":"2015-11-14T16:43:59Z","IsDelete":false,"RequestChanged":false,"ExitsInGDT":false,"SourceID":0,"TinhThanhID":0,"TinhThanhTitle":"An Giang","TinhThanhTitleAscii":"/an-giang","QuanHuyenID":0,"NganhNgheTitle":"Hoạt động của Đảng cộng sản, tổ chức chính trị - xã hội, hoạt động quản lý nhà nước nói chung và kinh tế tổng hợp","NganhNgheTitleAscii":"/nganh-nghe/hoat-dong-cua-dang-cong-san-to-chuc-chinh-tri-xa-hoi-hoat-dong-quan-ly-nha-nuoc-noi-chung-va-kinh-te-tong-hop","DSTags":["1600381091","An Giang",null]},{"Type":11,"SolrID":"/1300111048-009-tram-kinh-doanh-che-bien-luong-thuc-ben-tre","ID":0,"MaSoThue":"1300111048-009","NgayCap":"1999-01-14T00:00:00Z","Title":"Trạm Kinh Doanh Chế biến Lương Thực Bến Tre","DiaChiCongTy":"ấp Vĩnh thuận Xã Vĩnh Thạnh trung - Huyện Châu Phú - An Giang","Created":"2015-11-19T09:23:42Z","Updated":"2015-11-19T09:23:42Z","IsDelete":false,"RequestChanged":false,"ExitsInGDT":false,"SourceID":0,"TinhThanhID":0,"TinhThanhTitle":"An Giang","TinhThanhTitleAscii":"/an-giang","QuanHuyenID":0,"NganhNgheTitle":"Bán buôn gạo, thực phẩm, đồ uống và sản phẩm thuốc lá, thuốc lào","NganhNgheTitleAscii":"/nganh-nghe/ban-buon-gao-thuc-pham-do-uong-va-san-pham-thuoc-la-thuoc-lao","DSTags":["1300111048-009","An Giang",null]},{"Type":11,"SolrID":"/1600192619-006-cong-ty-co-phan-tap-doan-loc-troi-chi-nhanh-bao-ve-thuc-vat-an-giang-tai-chau-phu","ID":0,"MaSoThue":"1600192619-006","NgayCap":"1998-12-18T00:00:00Z","Title":"Công Ty Cổ Phần Tập Đoàn Lộc Trời-Chi Nhánh Bảo Vệ Thực Vật An Giang Tại Châu Phú","DiaChiCongTy":"ấp Vĩnh Hưng - Xã Vĩnh Thạnh Trung - Huyện Châu Phú - An Giang","Created":"2015-11-17T19:46:20Z","Updated":"2015-11-17T19:46:20Z","IsDelete":false,"RequestChanged":false,"ExitsInGDT":false,"SourceID":0,"TinhThanhID":0,"TinhThanhTitle":"An Giang","TinhThanhTitleAscii":"/an-giang","QuanHuyenID":0,"NganhNgheTitle":"Bán buôn chuyên doanh khác chưa được phân vào đâu","NganhNgheTitleAscii":"/nganh-nghe/ban-buon-chuyen-doanh-khac-chua-duoc-phan-vao-dau","DSTags":["1600192619-006","An Giang",null]},{"Type":11,"SolrID":"/1600374785-tram-thu-y-huyen-chau-phu","ID":0,"MaSoThue":"1600374785","NgayCap":"1998-11-24T00:00:00Z","Title":"Trạm thú Y huyện Châu Phú","DiaChiCongTy":"ấp Vĩnh Hưng, xã Vĩnh Thạnh Trung - Huyện Châu Phú - An Giang","Created":"2015-11-14T17:15:27Z","Updated":"2015-11-14T17:15:27Z","IsDelete":false,"RequestChanged":false,"ExitsInGDT":false,"SourceID":0,"TinhThanhID":0,"TinhThanhTitle":"An Giang","TinhThanhTitleAscii":"/an-giang","QuanHuyenID":0,"NganhNgheTitle":"Hoạt động thú y","NganhNgheTitleAscii":"/nganh-nghe/hoat-dong-thu-y","DSTags":["1600374785","An Giang",null]},{"Type":11,"SolrID":"/1600374778-trung-tam-y-te-huyen-chau-phu","ID":0,"MaSoThue":"1600374778","NgayCap":"1998-11-24T00:00:00Z","Title":"Trung Tâm Y tế Huyện Châu Phú","DiaChiCongTy":"ấp Vĩnh Thuận, xã Vĩnh Thạnh Trung - Huyện Châu Phú - An Giang","Created":"2015-11-14T17:15:28Z","Updated":"2015-11-14T17:15:28Z","IsDelete":false,"RequestChanged":false,"ExitsInGDT":false,"SourceID":0,"TinhThanhID":0,"TinhThanhTitle":"An Giang","TinhThanhTitleAscii":"/an-giang","QuanHuyenID":0,"NganhNgheTitle":"Hoạt động của các bệnh viện, trạm xá","NganhNgheTitleAscii":"/nganh-nghe/hoat-dong-cua-cac-benh-vien-tram-xa","DSTags":["1600374778","An Giang",null]},{"Type":11,"SolrID":"/1600374760-trung-tam-y-te-huyen-chau-phu","ID":0,"MaSoThue":"1600374760","NgayCap":"1998-11-24T00:00:00Z","Title":"Trung tâm y tế huyện Châu Phú","DiaChiCongTy":"ấp Vĩnh Thuận, xã Vĩnh Thạnh Trung - Huyện Châu Phú - An Giang","Created":"2015-11-14T17:15:28Z","Updated":"2015-11-14T17:15:28Z","IsDelete":false,"RequestChanged":false,"ExitsInGDT":false,"SourceID":0,"TinhThanhID":0,"TinhThanhTitle":"An Giang","TinhThanhTitleAscii":"/an-giang","QuanHuyenID":0,"NganhNgheTitle":"Hoạt động của các trạm y tế cấp xã và trạm y tế bộ/ngành","NganhNgheTitleAscii":"/nganh-nghe/hoat-dong-cua-cac-tram-y-te-cap-xa-va-tram-y-te-bo-nganh","DSTags":["1600374760","An Giang",null]},{"Type":11,"SolrID":"/1600373936-doanh-nghiep-tu-nhan-kien-thi-hanh","ID":0,"MaSoThue":"1600373936","NgayCap":"1998-11-23T00:00:00Z","Title":"Doanh Nghiệp Tư Nhân Kiến Thị Hạnh","DiaChiCongTy":"ấp Vĩnh Thuận - Xã Vĩnh Thạnh Trung - Huyện Châu Phú - An Giang","Created":"2015-11-11T07:31:46Z","Updated":"2015-11-11T07:31:46Z","IsDelete":false,"RequestChanged":false,"ExitsInGDT":false,"SourceID":0,"TinhThanhID":0,"TinhThanhTitle":"An Giang","TinhThanhTitleAscii":"/an-giang","QuanHuyenID":0,"NganhNgheTitle":"Bán buôn nhiên liệu rắn, lỏng, khí và các sản phẩm liên quan","NganhNgheTitleAscii":"/nganh-nghe/ban-buon-nhien-lieu-ran-long-khi-va-cac-san-pham-lien-quan","DSTags":["1600373936","An Giang",null]},{"Type":11,"SolrID":"/0300558807-001-chi-nhanh-gedosico-an-giang-cong-ty-co-phan-xuat-nhap-khau-dong-thap-muoi","ID":0,"MaSoThue":"0300558807-001","NgayCap":"1998-10-28T00:00:00Z","Title":"Chi Nhánh Gedosico An Giang - Công Ty Cổ Phần Xuất Nhập Khẩu Đồng Tháp Muời","DiaChiCongTy":"Quốc lộ 91 - Xã Vĩnh Thạnh Trung - Huyện Châu Phú - An Giang","Created":"2015-11-08T19:42:48Z","Updated":"2015-11-08T19:42:48Z","IsDelete":false,"RequestChanged":false,"ExitsInGDT":false,"SourceID":0,"TinhThanhID":0,"TinhThanhTitle":"An Giang","TinhThanhTitleAscii":"/an-giang","QuanHuyenID":0,"NganhNgheTitle":"Bán buôn gạo","NganhNgheTitleAscii":"/nganh-nghe/ban-buon-gao","DSTags":["0300558807-001","An Giang",null]},{"Type":11,"SolrID":"/1600184590-004-chi-nhanh-cong-ty-tnhh-mot-thanh-vien-xang-dau-an-giang-cua-hang-xang-dau-vinh-tre","ID":0,"MaSoThue":"1600184590-004","NgayCap":"1998-10-26T00:00:00Z","Title":"Chi Nhánh Công Ty TNHH Một Thành Viên Xăng Dầu An Giang - Cửa Hàng Xăng Dầu Vịnh Tre","DiaChiCongTy":"ấp Vĩnh Phú - Xã Vĩnh Thạnh Trung - Huyện Châu Phú - An Giang","Created":"2015-11-10T01:41:51Z","Updated":"2015-11-10T01:41:51Z","IsDelete":false,"RequestChanged":false,"ExitsInGDT":false,"SourceID":0,"TinhThanhID":0,"TinhThanhTitle":"An Giang","TinhThanhTitleAscii":"/an-giang","QuanHuyenID":0,"NganhNgheTitle":"Bán buôn nhiên liệu rắn, lỏng, khí và các sản phẩm liên quan","NganhNgheTitleAscii":"/nganh-nghe/ban-buon-nhien-lieu-ran-long-khi-va-cac-san-pham-lien-quan","DSTags":["1600184590-004","An Giang",null]},{"Type":11,"SolrID":"/1600183170-doanh-nghiep-tn-nguyen-thinh","ID":0,"MaSoThue":"1600183170","NgayCap":"1998-09-23T00:00:00Z","Title":"Doanh Nghiệp TN Nguyễn Thịnh","DiaChiCongTy":"ấp Vĩnh Thuận - Xã Vĩnh Thạnh Trung - Huyện Châu Phú - An Giang","Created":"2015-11-11T08:25:23Z","Updated":"2015-11-11T08:25:23Z","IsDelete":false,"RequestChanged":false,"ExitsInGDT":false,"SourceID":0,"TinhThanhID":0,"TinhThanhTitle":"An Giang","TinhThanhTitleAscii":"/an-giang","QuanHuyenID":0,"NganhNgheTitle":"Bán buôn gạo, thực phẩm, đồ uống và sản phẩm thuốc lá, thuốc lào","NganhNgheTitleAscii":"/nganh-nghe/ban-buon-gao-thuc-pham-do-uong-va-san-pham-thuoc-la-thuoc-lao","DSTags":["1600183170","An Giang",null]}]}