{"ID":16286,"SolrID":"/an-giang/huyen-chau-phu/xa-vinh-thanh-trun","Title":"Xã Vĩnh Thạnh Trun","TinhThanhTitle":"An Giang","QuanHuyenTitle":"Huyện Châu Phú","QuanHuyenID":214,"TinhThanhID":35,"Url":"https://thongtindoanhnghiep.co/api/company?l=/an-giang/huyen-chau-phu/xa-vinh-thanh-trun","Total":1,"List":[{"Type":11,"SolrID":"/1600626471-001-cn-cty-tnhh-hung-cuong","ID":0,"MaSoThue":"1600626471-001","NgayCap":"2009-03-17T00:00:00Z","Title":"CN CTy TNHH Hùng Cường","DiaChiCongTy":"52  Đinh Tiên Hoàng, tổ 2, ấp Vĩnh Thuận, xã Vĩnh Thạnh Trun - Huyện Châu Phú - An Giang","Created":"2015-11-11T09:32:31Z","Updated":"2015-11-11T09:32:31Z","IsDelete":false,"RequestChanged":false,"ExitsInGDT":false,"SourceID":0,"TinhThanhID":0,"TinhThanhTitle":"An Giang","TinhThanhTitleAscii":"/an-giang","QuanHuyenID":0,"NganhNgheTitle":"Vận tải đường bộ khác","NganhNgheTitleAscii":"/nganh-nghe/van-tai-duong-bo-khac","DSTags":["1600626471-001","An Giang",null]}]}