{"ID":7940,"SolrID":"/bac-giang/huyen-son-dong/chua-ro","Title":"Chưa rõ","TinhThanhTitle":"Bắc Giang","QuanHuyenTitle":"Huyện Sơn Động","QuanHuyenID":518,"TinhThanhID":54,"Url":"https://thongtindoanhnghiep.co/api/company?l=/bac-giang/huyen-son-dong/chua-ro","Total":94,"List":[{"Type":11,"SolrID":"/2400749069-nguyen-hai-van","ID":0,"MaSoThue":"2400749069","NgayCap":"2014-12-27T00:00:00Z","Title":"Nguyễn Hải Vân","DiaChiCongTy":"mậu - Huyện Sơn Động - Bắc Giang","Created":"2015-11-14T16:24:53Z","Updated":"2015-11-14T16:24:53Z","IsDelete":false,"RequestChanged":false,"ExitsInGDT":false,"SourceID":0,"TinhThanhID":0,"TinhThanhTitle":"Bắc Giang","TinhThanhTitleAscii":"/bac-giang","QuanHuyenID":0,"NganhNgheTitle":"Bán lẻ (trừ ô tô, mô tô, xe máy và xe có động cơ khác)","NganhNgheTitleAscii":"/nganh-nghe/ban-le-tru-o-to-mo-to-xe-may-va-xe-co-dong-co-khac","DSTags":["2400749069","Bắc Giang",null]},{"Type":11,"SolrID":"/2400749051-nguyen-van-bang","ID":0,"MaSoThue":"2400749051","NgayCap":"2014-12-27T00:00:00Z","Title":"Nguyễn Văn Bằng","DiaChiCongTy":"mậu - Huyện Sơn Động - Bắc Giang","Created":"2015-11-14T16:24:54Z","Updated":"2015-11-14T16:24:54Z","IsDelete":false,"RequestChanged":false,"ExitsInGDT":false,"SourceID":0,"TinhThanhID":0,"TinhThanhTitle":"Bắc Giang","TinhThanhTitleAscii":"/bac-giang","QuanHuyenID":0,"NganhNgheTitle":"Bán lẻ (trừ ô tô, mô tô, xe máy và xe có động cơ khác)","NganhNgheTitleAscii":"/nganh-nghe/ban-le-tru-o-to-mo-to-xe-may-va-xe-co-dong-co-khac","DSTags":["2400749051","Bắc Giang",null]},{"Type":11,"SolrID":"/2400749044-nguyen-huu-thuan","ID":0,"MaSoThue":"2400749044","NgayCap":"2014-12-27T00:00:00Z","Title":"Nguyễn Hữu Thuân","DiaChiCongTy":"mậu - Huyện Sơn Động - Bắc Giang","Created":"2015-11-14T16:24:56Z","Updated":"2015-11-14T16:24:56Z","IsDelete":false,"RequestChanged":false,"ExitsInGDT":false,"SourceID":0,"TinhThanhID":0,"TinhThanhTitle":"Bắc Giang","TinhThanhTitleAscii":"/bac-giang","QuanHuyenID":0,"NganhNgheTitle":"Bán lẻ (trừ ô tô, mô tô, xe máy và xe có động cơ khác)","NganhNgheTitleAscii":"/nganh-nghe/ban-le-tru-o-to-mo-to-xe-may-va-xe-co-dong-co-khac","DSTags":["2400749044","Bắc Giang",null]},{"Type":11,"SolrID":"/2400749037-tran-van-sau","ID":0,"MaSoThue":"2400749037","NgayCap":"2014-12-27T00:00:00Z","Title":"Trần Văn Sau","DiaChiCongTy":"mậu - Huyện Sơn Động - Bắc Giang","Created":"2015-11-14T16:24:58Z","Updated":"2015-11-14T16:24:58Z","IsDelete":false,"RequestChanged":false,"ExitsInGDT":false,"SourceID":0,"TinhThanhID":0,"TinhThanhTitle":"Bắc Giang","TinhThanhTitleAscii":"/bac-giang","QuanHuyenID":0,"NganhNgheTitle":"Bán lẻ (trừ ô tô, mô tô, xe máy và xe có động cơ khác)","NganhNgheTitleAscii":"/nganh-nghe/ban-le-tru-o-to-mo-to-xe-may-va-xe-co-dong-co-khac","DSTags":["2400749037","Bắc Giang",null]},{"Type":11,"SolrID":"/2400748361-hop-tac-xa-an-toan-thuc-pham-thi-tran-thanh-son","ID":0,"MaSoThue":"2400748361","NgayCap":"2014-12-25T00:00:00Z","Title":"Hợp tác xã an toàn thực phẩm thị trấn Thanh Sơn","DiaChiCongTy":"Đồng Giang - Huyện Sơn Động - Bắc Giang","Created":"2015-11-15T09:13:09Z","Updated":"2015-11-15T09:13:09Z","IsDelete":false,"RequestChanged":false,"ExitsInGDT":false,"SourceID":0,"TinhThanhID":0,"TinhThanhTitle":"Bắc Giang","TinhThanhTitleAscii":"/bac-giang","QuanHuyenID":0,"NganhNgheTitle":"Sản xuất chế biến thực phẩm","NganhNgheTitleAscii":"/nganh-nghe/san-xuat-che-bien-thuc-pham","DSTags":["2400748361","Bắc Giang",null]},{"Type":11,"SolrID":"/2400745730-htx-dich-vu-kinh-doanh-san-xuat-chan-nuoi-tho-xuat-khau-hop-thanh-huyen-son-dong","ID":0,"MaSoThue":"2400745730","NgayCap":"2014-12-18T00:00:00Z","Title":"HTX dịch vụ - kinh doanh - sản xuất chăn nuôi thỏ xuất khẩu hợp thành huyện sơn động","DiaChiCongTy":"thượng1 - Huyện Sơn Động - Bắc Giang","Created":"2015-11-15T09:15:48Z","Updated":"2015-11-15T09:15:48Z","IsDelete":false,"RequestChanged":false,"ExitsInGDT":false,"SourceID":0,"TinhThanhID":0,"TinhThanhTitle":"Bắc Giang","TinhThanhTitleAscii":"/bac-giang","QuanHuyenID":0,"NganhNgheTitle":"Hoạt động dịch vụ chăn nuôi","NganhNgheTitleAscii":"/nganh-nghe/hoat-dong-dich-vu-chan-nuoi","DSTags":["2400745730","Bắc Giang",null]},{"Type":11,"SolrID":"/2400744705-cong-ty-tnhh-che-bien-lam-san-hai-tien","ID":0,"MaSoThue":"2400744705","NgayCap":"2014-12-16T00:00:00Z","Title":"Công Ty TNHH Chế Biến Lâm Sản Hải Tiến","DiaChiCongTy":"Bản Lốc - Huyện Sơn Động - Bắc Giang","Created":"2015-11-14T13:08:13Z","Updated":"2015-11-14T13:08:13Z","IsDelete":false,"RequestChanged":false,"ExitsInGDT":false,"SourceID":0,"TinhThanhID":0,"TinhThanhTitle":"Bắc Giang","TinhThanhTitleAscii":"/bac-giang","QuanHuyenID":0,"NganhNgheTitle":"Sản xuất gỗ dán, gỗ lạng, ván ép và ván mỏng khác","NganhNgheTitleAscii":"/nganh-nghe/san-xuat-go-dan-go-lang-van-ep-va-van-mong-khac","DSTags":["2400744705","Bắc Giang",null]},{"Type":11,"SolrID":"/2400742627-cong-ty-nhiet-dien-son-dong-vinacomin","ID":0,"MaSoThue":"2400742627","NgayCap":"2014-10-14T00:00:00Z","Title":"Công ty Nhiệt điện sơn động - Vinacomin","DiaChiCongTy":"Đồng Rì - Huyện Sơn Động - Bắc Giang","Created":"2015-11-15T09:47:49Z","Updated":"2015-11-15T09:47:49Z","IsDelete":false,"RequestChanged":false,"ExitsInGDT":false,"SourceID":0,"TinhThanhID":0,"TinhThanhTitle":"Bắc Giang","TinhThanhTitleAscii":"/bac-giang","QuanHuyenID":0,"NganhNgheTitle":"Sản xuất điện","NganhNgheTitleAscii":"/nganh-nghe/san-xuat-dien","DSTags":["2400742627","Bắc Giang",null]},{"Type":11,"SolrID":"/2400741447-hop-tac-xa-tieu-thu-cong-nghiep-an-lac","ID":0,"MaSoThue":"2400741447","NgayCap":"2014-09-17T00:00:00Z","Title":"Hợp tác xã tiểu thủ công nghiệp An Lạc","DiaChiCongTy":"Nà ó - Huyện Sơn Động - Bắc Giang","Created":"2015-11-15T09:56:36Z","Updated":"2015-11-15T09:56:36Z","IsDelete":false,"RequestChanged":false,"ExitsInGDT":false,"SourceID":0,"TinhThanhID":0,"TinhThanhTitle":"Bắc Giang","TinhThanhTitleAscii":"/bac-giang","QuanHuyenID":0,"NganhNgheTitle":"Sản xuất sản phẩm từ gỗ, tre, nứa (trừ giường, tủ, bàn, ghế); sản xuất sản phẩm từ rơm, rạ và vật liệu tết bện","NganhNgheTitleAscii":"/nganh-nghe/san-xuat-san-pham-tu-go-tre-nua-tru-giuong-tu-ban-ghe-san-xuat-san-pham-tu-rom-ra-va-vat-lieu-tet-ben","DSTags":["2400741447","Bắc Giang",null]},{"Type":11,"SolrID":"/2400741422-hop-tac-xa-dich-vu-du-lich","ID":0,"MaSoThue":"2400741422","NgayCap":"2014-09-17T00:00:00Z","Title":"Hợp tác xã dịch vụ du lịch","DiaChiCongTy":"nà ó - Huyện Sơn Động - Bắc Giang","Created":"2015-11-15T09:56:39Z","Updated":"2015-11-15T09:56:39Z","IsDelete":false,"RequestChanged":false,"ExitsInGDT":false,"SourceID":0,"TinhThanhID":0,"TinhThanhTitle":"Bắc Giang","TinhThanhTitleAscii":"/bac-giang","QuanHuyenID":0,"NganhNgheTitle":"Nhà hàng và các dịch vụ ăn uống phục vụ lưu động","NganhNgheTitleAscii":"/nganh-nghe/nha-hang-va-cac-dich-vu-an-uong-phuc-vu-luu-dong","DSTags":["2400741422","Bắc Giang",null]},{"Type":11,"SolrID":"/2400740771-cong-ty-co-phan-khu-du-lich-sinh-thai-rung-khe-ro","ID":0,"MaSoThue":"2400740771","NgayCap":"2014-08-26T00:00:00Z","Title":"Công ty cổ phần khu du lịch sinh thái rừng Khe Rỗ","DiaChiCongTy":"Thôn Nà ó - Huyện Sơn Động - Bắc Giang","Created":"2015-11-15T10:09:36Z","Updated":"2015-11-15T10:09:36Z","IsDelete":false,"RequestChanged":false,"ExitsInGDT":false,"SourceID":0,"TinhThanhID":0,"TinhThanhTitle":"Bắc Giang","TinhThanhTitleAscii":"/bac-giang","QuanHuyenID":0,"NganhNgheTitle":"Lâm nghiệp và hoạt động dịch vụ có liên quan","NganhNgheTitleAscii":"/nganh-nghe/lam-nghiep-va-hoat-dong-dich-vu-co-lien-quan","DSTags":["2400740771","Bắc Giang",null]},{"Type":11,"SolrID":"/2400740605-hop-tac-xa-dau-tu-dich-vu-va-kinh-doanh-son-dong","ID":0,"MaSoThue":"2400740605","NgayCap":"2014-08-21T00:00:00Z","Title":"Hợp tác xã đầu tư, dịch vụ và kinh doanh Sơn Động","DiaChiCongTy":"Đường Lội - Huyện Sơn Động - Bắc Giang","Created":"2015-11-15T10:05:30Z","Updated":"2015-11-15T10:05:30Z","IsDelete":false,"RequestChanged":false,"ExitsInGDT":false,"SourceID":0,"TinhThanhID":0,"TinhThanhTitle":"Bắc Giang","TinhThanhTitleAscii":"/bac-giang","QuanHuyenID":0,"NganhNgheTitle":"Lâm nghiệp và hoạt động dịch vụ có liên quan","NganhNgheTitleAscii":"/nganh-nghe/lam-nghiep-va-hoat-dong-dich-vu-co-lien-quan","DSTags":["2400740605","Bắc Giang",null]},{"Type":11,"SolrID":"/2400738821-hop-tac-xa-ong-mat-huu-co-son-dong","ID":0,"MaSoThue":"2400738821","NgayCap":"2014-06-27T00:00:00Z","Title":"Hợp tác xã ong mật hữu cơ Sơn Động","DiaChiCongTy":"Chủa - Huyện Sơn Động - Bắc Giang","Created":"2015-11-14T19:00:20Z","Updated":"2015-11-14T19:00:20Z","IsDelete":false,"RequestChanged":false,"ExitsInGDT":false,"SourceID":0,"TinhThanhID":0,"TinhThanhTitle":"Bắc Giang","TinhThanhTitleAscii":"/bac-giang","QuanHuyenID":0,"NganhNgheTitle":"Chăn nuôi","NganhNgheTitleAscii":"/nganh-nghe/chan-nuoi","DSTags":["2400738821","Bắc Giang",null]},{"Type":11,"SolrID":"/2400738645-hop-tac-xa-san-xuat-kinh-doanh-vat-lieu-xay-dung-yen-dinh","ID":0,"MaSoThue":"2400738645","NgayCap":"2014-06-19T00:00:00Z","Title":"Hợp tác xã sản xuất - kinh doanh vật liệu xây dựng Yên Định","DiaChiCongTy":"trại chùa - Huyện Sơn Động - Bắc Giang","Created":"2015-11-14T18:57:12Z","Updated":"2015-11-14T18:57:12Z","IsDelete":false,"RequestChanged":false,"ExitsInGDT":false,"SourceID":0,"TinhThanhID":0,"TinhThanhTitle":"Bắc Giang","TinhThanhTitleAscii":"/bac-giang","QuanHuyenID":0,"NganhNgheTitle":"Sản xuất vật liệu xây dựng từ đất sét","NganhNgheTitleAscii":"/nganh-nghe/san-xuat-vat-lieu-xay-dung-tu-dat-set","DSTags":["2400738645","Bắc Giang",null]},{"Type":11,"SolrID":"/2400708055-trinh-thi-hong","ID":0,"MaSoThue":"2400708055","NgayCap":"2014-02-25T00:00:00Z","Title":"Trịnh Thị Hồng","DiaChiCongTy":"Khu 2 - Huyện Sơn Động - Bắc Giang","Created":"2015-11-14T13:30:21Z","Updated":"2015-11-14T13:30:21Z","IsDelete":false,"RequestChanged":false,"ExitsInGDT":false,"SourceID":0,"TinhThanhID":0,"TinhThanhTitle":"Bắc Giang","TinhThanhTitleAscii":"/bac-giang","QuanHuyenID":0,"NganhNgheTitle":"Bán lẻ (trừ ô tô, mô tô, xe máy và xe có động cơ khác)","NganhNgheTitleAscii":"/nganh-nghe/ban-le-tru-o-to-mo-to-xe-may-va-xe-co-dong-co-khac","DSTags":["2400708055","Bắc Giang",null]},{"Type":11,"SolrID":"/2400703473-hoang-thi-nhuan","ID":0,"MaSoThue":"2400703473","NgayCap":"2014-02-21T00:00:00Z","Title":"Hoàng Thị Nhuận","DiaChiCongTy":"Thoi - Huyện Sơn Động - Bắc Giang","Created":"2015-11-15T20:11:10Z","Updated":"2015-11-15T20:11:10Z","IsDelete":false,"RequestChanged":false,"ExitsInGDT":false,"SourceID":0,"TinhThanhID":0,"TinhThanhTitle":"Bắc Giang","TinhThanhTitleAscii":"/bac-giang","QuanHuyenID":0,"NganhNgheTitle":"Bán lẻ (trừ ô tô, mô tô, xe máy và xe có động cơ khác)","NganhNgheTitleAscii":"/nganh-nghe/ban-le-tru-o-to-mo-to-xe-may-va-xe-co-dong-co-khac","DSTags":["2400703473","Bắc Giang",null]},{"Type":11,"SolrID":"/2400653374-hop-tac-xa-hoanh-son","ID":0,"MaSoThue":"2400653374","NgayCap":"2013-12-05T00:00:00Z","Title":"Hợp Tác Xã Hoành Sơn","DiaChiCongTy":"Hạ - Huyện Sơn Động - Bắc Giang","Created":"2015-11-16T06:52:16Z","Updated":"2015-11-16T06:52:16Z","IsDelete":false,"RequestChanged":false,"ExitsInGDT":false,"SourceID":0,"TinhThanhID":0,"TinhThanhTitle":"Bắc Giang","TinhThanhTitleAscii":"/bac-giang","QuanHuyenID":0,"NganhNgheTitle":"Chế biến gỗ và sản xuất sản phẩm từ gỗ, tre, nứa (trừ giường, tủ, bàn, ghế); sản xuất sản phẩm từ rơm, rạ và vật liệu tết bện","NganhNgheTitleAscii":"/nganh-nghe/che-bien-go-va-san-xuat-san-pham-tu-go-tre-nua-tru-giuong-tu-ban-ghe-san-xuat-san-pham-tu-rom-ra-va-vat-lieu-tet-ben","DSTags":["2400653374","Bắc Giang",null]},{"Type":11,"SolrID":"/2400644549-phong-van-hoa-thong-tin","ID":0,"MaSoThue":"2400644549","NgayCap":"2013-05-27T00:00:00Z","Title":"Phòng Văn Hóa - Thông Tin","DiaChiCongTy":"khu 2 - Huyện Sơn Động - Bắc Giang","Created":"2015-11-15T21:36:07Z","Updated":"2015-11-15T21:36:07Z","IsDelete":false,"RequestChanged":false,"ExitsInGDT":false,"SourceID":0,"TinhThanhID":0,"TinhThanhTitle":"Bắc Giang","TinhThanhTitleAscii":"/bac-giang","QuanHuyenID":0,"NganhNgheTitle":"Hoạt động của trụ sở văn phòng","NganhNgheTitleAscii":"/nganh-nghe/hoat-dong-cua-tru-so-van-phong","DSTags":["2400644549","Bắc Giang",null]},{"Type":11,"SolrID":"/2400636146-thanh-tra-huyen-son-dong","ID":0,"MaSoThue":"2400636146","NgayCap":"2013-01-11T00:00:00Z","Title":"Thanh Tra huyện Sơn Động","DiaChiCongTy":"Khu 1 - Huyện Sơn Động - Bắc Giang","Created":"2015-11-15T20:04:43Z","Updated":"2015-11-15T20:04:43Z","IsDelete":false,"RequestChanged":false,"ExitsInGDT":false,"SourceID":0,"TinhThanhID":0,"TinhThanhTitle":"Bắc Giang","TinhThanhTitleAscii":"/bac-giang","QuanHuyenID":0,"NganhNgheTitle":"Hoạt động quản lý nhà nước nói chung và kinh tế tổng hợp","NganhNgheTitleAscii":"/nganh-nghe/hoat-dong-quan-ly-nha-nuoc-noi-chung-va-kinh-te-tong-hop","DSTags":["2400636146","Bắc Giang",null]},{"Type":11,"SolrID":"/2400631067-ban-qlda-jica-son-dong","ID":0,"MaSoThue":"2400631067","NgayCap":"2012-12-26T00:00:00Z","Title":"Ban QLDA JICA Sơn Động","DiaChiCongTy":"Khu I - Huyện Sơn Động - Bắc Giang","Created":"2015-11-15T20:07:38Z","Updated":"2015-11-15T20:07:38Z","IsDelete":false,"RequestChanged":false,"ExitsInGDT":false,"SourceID":0,"TinhThanhID":0,"TinhThanhTitle":"Bắc Giang","TinhThanhTitleAscii":"/bac-giang","QuanHuyenID":0,"NganhNgheTitle":"Xây dựng công trình công ích","NganhNgheTitleAscii":"/nganh-nghe/xay-dung-cong-trinh-cong-ich","DSTags":["2400631067","Bắc Giang",null]},{"Type":11,"SolrID":"/2400624415-uy-ban-mttq-huyen-son-dong","ID":0,"MaSoThue":"2400624415","NgayCap":"2012-11-05T00:00:00Z","Title":"ủy ban MTTQ huyện Sơn Động","DiaChiCongTy":"khu 1 - Huyện Sơn Động - Bắc Giang","Created":"2015-11-16T09:32:22Z","Updated":"2015-11-16T09:32:22Z","IsDelete":false,"RequestChanged":false,"ExitsInGDT":false,"SourceID":0,"TinhThanhID":0,"TinhThanhTitle":"Bắc Giang","TinhThanhTitleAscii":"/bac-giang","QuanHuyenID":0,"NganhNgheTitle":"Hoạt động của Đảng cộng sản, tổ chức chính trị - xã hội","NganhNgheTitleAscii":"/nganh-nghe/hoat-dong-cua-dang-cong-san-to-chuc-chinh-tri-xa-hoi","DSTags":["2400624415","Bắc Giang",null]},{"Type":11,"SolrID":"/2400588333-htx-nong-nghiep-va-phat-trien-nong-thon-moi-vung-cao","ID":0,"MaSoThue":"2400588333","NgayCap":"2012-02-27T00:00:00Z","Title":"HTX NôNG NGHIệP Và PHáT TRIểN NôNG THôN MớI VùNG CAO","DiaChiCongTy":"Khu cại - Huyện Sơn Động - Bắc Giang","Created":"2015-11-16T00:12:55Z","Updated":"2015-11-16T00:12:55Z","IsDelete":false,"RequestChanged":false,"ExitsInGDT":false,"SourceID":0,"TinhThanhID":0,"TinhThanhTitle":"Bắc Giang","TinhThanhTitleAscii":"/bac-giang","QuanHuyenID":0,"NganhNgheTitle":"Hoạt động dịch vụ trồng trọt","NganhNgheTitleAscii":"/nganh-nghe/hoat-dong-dich-vu-trong-trot","DSTags":["2400588333","Bắc Giang",null]},{"Type":11,"SolrID":"/2400550481-cong-ty-tnhh-thuong-mai-va-xay-dung-cong-trinh-nong-thon-12","ID":0,"MaSoThue":"2400550481","NgayCap":"2011-05-30T00:00:00Z","Title":"Công Ty TNHH Thương Mại Và Xây Dựng Công Trình Nông Thôn -12","DiaChiCongTy":"Thôn Vá - Huyện Sơn Động - Bắc Giang","Created":"2015-11-14T03:11:34Z","Updated":"2015-11-14T03:11:34Z","IsDelete":false,"RequestChanged":false,"ExitsInGDT":false,"SourceID":0,"TinhThanhID":0,"TinhThanhTitle":"Bắc Giang","TinhThanhTitleAscii":"/bac-giang","QuanHuyenID":0,"NganhNgheTitle":"Vận tải hàng hóa bằng đường bộ","NganhNgheTitleAscii":"/nganh-nghe/van-tai-hang-hoa-bang-duong-bo","DSTags":["2400550481","Bắc Giang",null]},{"Type":11,"SolrID":"/2400549341-cong-ty-tnhh-mot-thanh-vien-kiem-tan","ID":0,"MaSoThue":"2400549341","NgayCap":"2011-05-19T00:00:00Z","Title":"Công Ty TNHH Một Thành Viên Kiêm Tân","DiaChiCongTy":"Khu chợ mới Thôn Phe - Huyện Sơn Động - Bắc Giang","Created":"2015-11-14T03:12:42Z","Updated":"2015-11-14T03:12:42Z","IsDelete":false,"RequestChanged":false,"ExitsInGDT":false,"SourceID":0,"TinhThanhID":0,"TinhThanhTitle":"Bắc Giang","TinhThanhTitleAscii":"/bac-giang","QuanHuyenID":0,"NganhNgheTitle":"Xây dựng nhà các loại","NganhNgheTitleAscii":"/nganh-nghe/xay-dung-nha-cac-loai","DSTags":["2400549341","Bắc Giang",null]},{"Type":11,"SolrID":"/2400547030-cong-ty-tnhh-mot-thanh-vien-van-tai-xay-dung-dong-bac","ID":0,"MaSoThue":"2400547030","NgayCap":"2011-04-19T00:00:00Z","Title":"Công Ty TNHH Một Thành Viên Vận Tải, Xây Dựng Đông Bắc","DiaChiCongTy":"Thôn Mặn - Huyện Sơn Động - Bắc Giang","Created":"2015-11-14T03:16:27Z","Updated":"2015-11-14T03:16:27Z","IsDelete":false,"RequestChanged":false,"ExitsInGDT":false,"SourceID":0,"TinhThanhID":0,"TinhThanhTitle":"Bắc Giang","TinhThanhTitleAscii":"/bac-giang","QuanHuyenID":0,"NganhNgheTitle":"Bán buôn vật liệu, thiết bị lắp đặt khác trong xây dựng","NganhNgheTitleAscii":"/nganh-nghe/ban-buon-vat-lieu-thiet-bi-lap-dat-khac-trong-xay-dung","DSTags":["2400547030","Bắc Giang",null]},{"Type":11,"SolrID":"/2400544431-cong-ty-tnhh-mot-thanh-vien-tien-trung","ID":0,"MaSoThue":"2400544431","NgayCap":"2011-03-31T00:00:00Z","Title":"Công Ty TNHH Một Thành Viên Tiên Trung","DiaChiCongTy":"Khu 5 - Huyện Sơn Động - Bắc Giang","Created":"2015-11-14T03:19:40Z","Updated":"2015-11-14T03:19:40Z","IsDelete":false,"RequestChanged":false,"ExitsInGDT":false,"SourceID":0,"TinhThanhID":0,"TinhThanhTitle":"Bắc Giang","TinhThanhTitleAscii":"/bac-giang","QuanHuyenID":0,"NganhNgheTitle":"Xây dựng nhà các loại","NganhNgheTitleAscii":"/nganh-nghe/xay-dung-nha-cac-loai","DSTags":["2400544431","Bắc Giang",null]},{"Type":11,"SolrID":"/2400542145-cong-ty-tnhh-mot-thanh-vien-dai-phat-bac-giang","ID":0,"MaSoThue":"2400542145","NgayCap":"2011-03-10T00:00:00Z","Title":"Công Ty TNHH Một Thành Viên Đại Phát Bắc Giang","DiaChiCongTy":"Khu 5 - Huyện Sơn Động - Bắc Giang","Created":"2015-11-14T03:23:38Z","Updated":"2015-11-14T03:23:38Z","IsDelete":false,"RequestChanged":false,"ExitsInGDT":false,"SourceID":0,"TinhThanhID":0,"TinhThanhTitle":"Bắc Giang","TinhThanhTitleAscii":"/bac-giang","QuanHuyenID":0,"NganhNgheTitle":"Xây dựng nhà các loại","NganhNgheTitleAscii":"/nganh-nghe/xay-dung-nha-cac-loai","DSTags":["2400542145","Bắc Giang",null]},{"Type":11,"SolrID":"/2400534955-cong-ty-tnhh-dong-bac-268","ID":0,"MaSoThue":"2400534955","NgayCap":"2010-12-28T00:00:00Z","Title":"Công Ty TNHH Đông Bắc 268","DiaChiCongTy":"Xóm Nòn - Huyện Sơn Động - Bắc Giang","Created":"2015-11-14T03:41:03Z","Updated":"2015-11-14T03:41:03Z","IsDelete":false,"RequestChanged":false,"ExitsInGDT":false,"SourceID":0,"TinhThanhID":0,"TinhThanhTitle":"Bắc Giang","TinhThanhTitleAscii":"/bac-giang","QuanHuyenID":0,"NganhNgheTitle":"Khai thác và thu gom than cứng","NganhNgheTitleAscii":"/nganh-nghe/khai-thac-va-thu-gom-than-cung","DSTags":["2400534955","Bắc Giang",null]},{"Type":11,"SolrID":"/2400529722-cong-ty-tnhh-mot-thanh-vien-x68","ID":0,"MaSoThue":"2400529722","NgayCap":"2010-11-19T00:00:00Z","Title":"Công Ty TNHH Một Thành Viên X68","DiaChiCongTy":"Thôn Thượng - Huyện Sơn Động - Bắc Giang","Created":"2015-11-14T03:46:49Z","Updated":"2015-11-14T03:46:49Z","IsDelete":false,"RequestChanged":false,"ExitsInGDT":false,"SourceID":0,"TinhThanhID":0,"TinhThanhTitle":"Bắc Giang","TinhThanhTitleAscii":"/bac-giang","QuanHuyenID":0,"NganhNgheTitle":"Bán buôn nhiên liệu rắn, lỏng, khí và các sản phẩm liên quan","NganhNgheTitleAscii":"/nganh-nghe/ban-buon-nhien-lieu-ran-long-khi-va-cac-san-pham-lien-quan","DSTags":["2400529722","Bắc Giang",null]},{"Type":11,"SolrID":"/2400529401-cong-ty-tnhh-mot-thanh-vien-nhat-viet-trung","ID":0,"MaSoThue":"2400529401","NgayCap":"2010-11-15T00:00:00Z","Title":"Công Ty TNHH Một Thành Viên Nhật Việt Trung","DiaChiCongTy":"Khu Chợ- Vân Sơn - Huyện Sơn Động - Bắc Giang","Created":"2015-11-14T03:46:52Z","Updated":"2015-11-14T03:46:52Z","IsDelete":false,"RequestChanged":false,"ExitsInGDT":false,"SourceID":0,"TinhThanhID":0,"TinhThanhTitle":"Bắc Giang","TinhThanhTitleAscii":"/bac-giang","QuanHuyenID":0,"NganhNgheTitle":"Khai thác đá, cát, sỏi, đất sét","NganhNgheTitleAscii":"/nganh-nghe/khai-thac-da-cat-soi-dat-set","DSTags":["2400529401","Bắc Giang",null]},{"Type":11,"SolrID":"/2400528503-cong-ty-tnhh-xay-dung-va-thuong-mai-long-nhat","ID":0,"MaSoThue":"2400528503","NgayCap":"2010-11-01T00:00:00Z","Title":"Công Ty TNHH Xây Dựng Và Thương Mại Long Nhật","DiaChiCongTy":"Số 08 - Khu I - Huyện Sơn Động - Bắc Giang","Created":"2015-11-14T03:51:02Z","Updated":"2015-11-14T03:51:02Z","IsDelete":false,"RequestChanged":false,"ExitsInGDT":false,"SourceID":0,"TinhThanhID":0,"TinhThanhTitle":"Bắc Giang","TinhThanhTitleAscii":"/bac-giang","QuanHuyenID":0,"NganhNgheTitle":"Xây dựng nhà các loại","NganhNgheTitleAscii":"/nganh-nghe/xay-dung-nha-cac-loai","DSTags":["2400528503","Bắc Giang",null]},{"Type":11,"SolrID":"/2400503996-cong-ty-tnhh-mot-thanh-vien-hoang-thai-duong","ID":0,"MaSoThue":"2400503996","NgayCap":"2010-04-29T00:00:00Z","Title":"Công ty TNHH một thành viên Hoàng Thái Dương","DiaChiCongTy":"thôn Cẩm đàn - Huyện Sơn Động - Bắc Giang","Created":"2015-11-14T04:04:37Z","Updated":"2015-11-14T04:04:37Z","IsDelete":false,"RequestChanged":false,"ExitsInGDT":false,"SourceID":0,"TinhThanhID":0,"TinhThanhTitle":"Bắc Giang","TinhThanhTitleAscii":"/bac-giang","QuanHuyenID":0,"NganhNgheTitle":"Sản xuất chế biến thực phẩm","NganhNgheTitleAscii":"/nganh-nghe/san-xuat-che-bien-thuc-pham","DSTags":["2400503996","Bắc Giang",null]},{"Type":11,"SolrID":"/2400502336-cong-ty-tnhh-mot-thanh-vien-xay-dung-nhi-son","ID":0,"MaSoThue":"2400502336","NgayCap":"2010-04-22T00:00:00Z","Title":"Công ty TNHH một thành viên xây dựng Nhị Sơn","DiaChiCongTy":"khu II - Huyện Sơn Động - Bắc Giang","Created":"2015-11-14T04:04:34Z","Updated":"2015-11-14T04:04:34Z","IsDelete":false,"RequestChanged":false,"ExitsInGDT":false,"SourceID":0,"TinhThanhID":0,"TinhThanhTitle":"Bắc Giang","TinhThanhTitleAscii":"/bac-giang","QuanHuyenID":0,"NganhNgheTitle":"Xây dựng công trình đường bộ","NganhNgheTitleAscii":"/nganh-nghe/xay-dung-cong-trinh-duong-bo","DSTags":["2400502336","Bắc Giang",null]},{"Type":11,"SolrID":"/2400499323-hop-tac-xa-cuu-chien-binh-thanh-son","ID":0,"MaSoThue":"2400499323","NgayCap":"2010-03-30T00:00:00Z","Title":"Hợp Tác xã cựu chiến binh Thanh Sơn","DiaChiCongTy":"Thôn Đồng rì- TT Thanh Sơn - Huyện Sơn Động - Bắc Giang","Created":"2015-11-16T21:35:03Z","Updated":"2015-11-16T21:35:03Z","IsDelete":false,"RequestChanged":false,"ExitsInGDT":false,"SourceID":0,"TinhThanhID":0,"TinhThanhTitle":"Bắc Giang","TinhThanhTitleAscii":"/bac-giang","QuanHuyenID":0,"NganhNgheTitle":"Vận tải đường bộ khác","NganhNgheTitleAscii":"/nganh-nghe/van-tai-duong-bo-khac","DSTags":["2400499323","Bắc Giang",null]},{"Type":11,"SolrID":"/2400489597-bch-huyen-son-dong","ID":0,"MaSoThue":"2400489597","NgayCap":"2009-10-30T00:00:00Z","Title":"BCH Huyện Sơn động","DiaChiCongTy":"TT an châu - Huyện Sơn Động - Bắc Giang","Created":"2015-11-16T07:31:35Z","Updated":"2015-11-16T07:31:35Z","IsDelete":false,"RequestChanged":false,"ExitsInGDT":false,"SourceID":0,"TinhThanhID":0,"TinhThanhTitle":"Bắc Giang","TinhThanhTitleAscii":"/bac-giang","QuanHuyenID":0,"NganhNgheTitle":"NÔNG NGHIỆP, LÂM NGHIỆP VÀ THUỶ SẢN","NganhNgheTitleAscii":"/nganh-nghe/nong-nghiep-lam-nghiep-va-thuy-san","DSTags":["2400489597","Bắc Giang",null]},{"Type":11,"SolrID":"/2400489526-trung-tam-van-hoa-thong-tin-the-thao-son-dong","ID":0,"MaSoThue":"2400489526","NgayCap":"2009-10-28T00:00:00Z","Title":"Trung tâm văn hoá thông tin - thể thao Sơn động","DiaChiCongTy":"TT an châu - Huyện Sơn Động - Bắc Giang","Created":"2015-11-17T11:01:25Z","Updated":"2015-11-17T11:01:25Z","IsDelete":false,"RequestChanged":false,"ExitsInGDT":false,"SourceID":0,"TinhThanhID":0,"TinhThanhTitle":"Bắc Giang","TinhThanhTitleAscii":"/bac-giang","QuanHuyenID":0,"NganhNgheTitle":"Hoạt động của Đảng cộng sản, tổ chức chính trị - xã hội, quản lý nhà nước, an ninh quốc phòng và bảo đảm xã hội bắt buộc","NganhNgheTitleAscii":"/nganh-nghe/hoat-dong-cua-dang-cong-san-to-chuc-chinh-tri-xa-hoi-quan-ly-nha-nuoc-an-ninh-quoc-phong-va-bao-dam-xa-hoi-bat-buoc","DSTags":["2400489526","Bắc Giang",null]},{"Type":11,"SolrID":"/2400489413-trung-tam-bd-chinh-tri-huyen-son-dong","ID":0,"MaSoThue":"2400489413","NgayCap":"2009-10-26T00:00:00Z","Title":"Trung tâm BD chính trị Huyện Sơn động","DiaChiCongTy":"Khu 1 TT an châu - Huyện Sơn Động - Bắc Giang","Created":"2015-11-17T11:01:23Z","Updated":"2015-11-17T11:01:23Z","IsDelete":false,"RequestChanged":false,"ExitsInGDT":false,"SourceID":0,"TinhThanhID":0,"TinhThanhTitle":"Bắc Giang","TinhThanhTitleAscii":"/bac-giang","QuanHuyenID":0,"NganhNgheTitle":"Hoạt động của Đảng cộng sản, tổ chức chính trị - xã hội, quản lý nhà nước, an ninh quốc phòng và bảo đảm xã hội bắt buộc","NganhNgheTitleAscii":"/nganh-nghe/hoat-dong-cua-dang-cong-san-to-chuc-chinh-tri-xa-hoi-quan-ly-nha-nuoc-an-ninh-quoc-phong-va-bao-dam-xa-hoi-bat-buoc","DSTags":["2400489413","Bắc Giang",null]},{"Type":11,"SolrID":"/2400489364-van-phong-hdnd-ubnd-huyen-son-dong","ID":0,"MaSoThue":"2400489364","NgayCap":"2009-10-26T00:00:00Z","Title":"Văn phòng HĐND-UBND Huyện Sơn động","DiaChiCongTy":"Khu 1 TT an châu - Huyện Sơn Động - Bắc Giang","Created":"2015-11-17T11:01:24Z","Updated":"2015-11-17T11:01:24Z","IsDelete":false,"RequestChanged":false,"ExitsInGDT":false,"SourceID":0,"TinhThanhID":0,"TinhThanhTitle":"Bắc Giang","TinhThanhTitleAscii":"/bac-giang","QuanHuyenID":0,"NganhNgheTitle":"Hoạt động của Đảng cộng sản, tổ chức chính trị - xã hội, quản lý nhà nước, an ninh quốc phòng và bảo đảm xã hội bắt buộc","NganhNgheTitleAscii":"/nganh-nghe/hoat-dong-cua-dang-cong-san-to-chuc-chinh-tri-xa-hoi-quan-ly-nha-nuoc-an-ninh-quoc-phong-va-bao-dam-xa-hoi-bat-buoc","DSTags":["2400489364","Bắc Giang",null]},{"Type":11,"SolrID":"/2400488723-phong-lao-dong-tb-va-xh-son-dong","ID":0,"MaSoThue":"2400488723","NgayCap":"2009-10-19T00:00:00Z","Title":"Phòng Lạo động- TB và XH Sơn động","DiaChiCongTy":"TT an châu - Huyện Sơn Động - Bắc Giang","Created":"2015-11-16T07:42:32Z","Updated":"2015-11-16T07:42:32Z","IsDelete":false,"RequestChanged":false,"ExitsInGDT":false,"SourceID":0,"TinhThanhID":0,"TinhThanhTitle":"Bắc Giang","TinhThanhTitleAscii":"/bac-giang","QuanHuyenID":0,"NganhNgheTitle":"Hoạt động của Đảng cộng sản, tổ chức chính trị - xã hội, quản lý nhà nước, an ninh quốc phòng và bảo đảm xã hội bắt buộc","NganhNgheTitleAscii":"/nganh-nghe/hoat-dong-cua-dang-cong-san-to-chuc-chinh-tri-xa-hoi-quan-ly-nha-nuoc-an-ninh-quoc-phong-va-bao-dam-xa-hoi-bat-buoc","DSTags":["2400488723","Bắc Giang",null]},{"Type":11,"SolrID":"/2400488610-phong-cong-thuong-huyen-son-dong","ID":0,"MaSoThue":"2400488610","NgayCap":"2009-10-16T00:00:00Z","Title":"Phòng Công Thương Huyện Sơn động","DiaChiCongTy":"Khu 1 TT an châu - Huyện Sơn Động - Bắc Giang","Created":"2015-11-15T20:24:42Z","Updated":"2015-11-15T20:24:42Z","IsDelete":false,"RequestChanged":false,"ExitsInGDT":false,"SourceID":0,"TinhThanhID":0,"TinhThanhTitle":"Bắc Giang","TinhThanhTitleAscii":"/bac-giang","QuanHuyenID":0,"NganhNgheTitle":"Hoạt động của Đảng cộng sản, tổ chức chính trị - xã hội, quản lý nhà nước, an ninh quốc phòng và bảo đảm xã hội bắt buộc","NganhNgheTitleAscii":"/nganh-nghe/hoat-dong-cua-dang-cong-san-to-chuc-chinh-tri-xa-hoi-quan-ly-nha-nuoc-an-ninh-quoc-phong-va-bao-dam-xa-hoi-bat-buoc","DSTags":["2400488610","Bắc Giang",null]},{"Type":11,"SolrID":"/2400488603-toa-an-nhan-dan-huyen-son-dong","ID":0,"MaSoThue":"2400488603","NgayCap":"2009-10-15T00:00:00Z","Title":"Toà án nhân dân huyện Sơn động","DiaChiCongTy":"Khu 1 TT an châu - Huyện Sơn Động - Bắc Giang","Created":"2015-11-16T07:43:27Z","Updated":"2015-11-16T07:43:27Z","IsDelete":false,"RequestChanged":false,"ExitsInGDT":false,"SourceID":0,"TinhThanhID":0,"TinhThanhTitle":"Bắc Giang","TinhThanhTitleAscii":"/bac-giang","QuanHuyenID":0,"NganhNgheTitle":"NÔNG NGHIỆP, LÂM NGHIỆP VÀ THUỶ SẢN","NganhNgheTitleAscii":"/nganh-nghe/nong-nghiep-lam-nghiep-va-thuy-san","DSTags":["2400488603","Bắc Giang",null]},{"Type":11,"SolrID":"/2400488427-phong-noi-vu-huyen-son-dong","ID":0,"MaSoThue":"2400488427","NgayCap":"2009-10-13T00:00:00Z","Title":"Phòng Nội Vụ Huyện Sơn Động","DiaChiCongTy":"Thị TRấn An châu - Huyện Sơn Động - Bắc Giang","Created":"2015-11-15T20:25:44Z","Updated":"2015-11-15T20:25:44Z","IsDelete":false,"RequestChanged":false,"ExitsInGDT":false,"SourceID":0,"TinhThanhID":0,"TinhThanhTitle":"Bắc Giang","TinhThanhTitleAscii":"/bac-giang","QuanHuyenID":0,"NganhNgheTitle":"Hoạt động của Đảng cộng sản, tổ chức chính trị - xã hội, quản lý nhà nước, an ninh quốc phòng và bảo đảm xã hội bắt buộc","NganhNgheTitleAscii":"/nganh-nghe/hoat-dong-cua-dang-cong-san-to-chuc-chinh-tri-xa-hoi-quan-ly-nha-nuoc-an-ninh-quoc-phong-va-bao-dam-xa-hoi-bat-buoc","DSTags":["2400488427","Bắc Giang",null]},{"Type":11,"SolrID":"/2400487991-phong-tu-phap-huyen-son-dong","ID":0,"MaSoThue":"2400487991","NgayCap":"2009-10-08T00:00:00Z","Title":"Phòng Tư pháp Huyện Sơn Động","DiaChiCongTy":"Khu 1 TT an châu - Huyện Sơn Động - Bắc Giang","Created":"2015-11-16T07:46:28Z","Updated":"2015-11-16T07:46:28Z","IsDelete":false,"RequestChanged":false,"ExitsInGDT":false,"SourceID":0,"TinhThanhID":0,"TinhThanhTitle":"Bắc Giang","TinhThanhTitleAscii":"/bac-giang","QuanHuyenID":0,"NganhNgheTitle":"NÔNG NGHIỆP, LÂM NGHIỆP VÀ THUỶ SẢN","NganhNgheTitleAscii":"/nganh-nghe/nong-nghiep-lam-nghiep-va-thuy-san","DSTags":["2400487991","Bắc Giang",null]},{"Type":11,"SolrID":"/2400488000-trung-tam-gdtx-dn-huyen-son-dong","ID":0,"MaSoThue":"2400488000","NgayCap":"2009-10-08T00:00:00Z","Title":"Trung tâm GDTX-DN Huyện Sơn động","DiaChiCongTy":"Khu 2 TT an châu - Huyện Sơn Động - Bắc Giang","Created":"2015-11-17T11:01:20Z","Updated":"2015-11-17T11:01:20Z","IsDelete":false,"RequestChanged":false,"ExitsInGDT":false,"SourceID":0,"TinhThanhID":0,"TinhThanhTitle":"Bắc Giang","TinhThanhTitleAscii":"/bac-giang","QuanHuyenID":0,"NganhNgheTitle":"Giáo dục trung học cơ sở và trung học phổ thông","NganhNgheTitleAscii":"/nganh-nghe/giao-duc-trung-hoc-co-so-va-trung-hoc-pho-thong","DSTags":["2400488000","Bắc Giang",null]},{"Type":11,"SolrID":"/2400487663-kho-bac-nha-nuoc-huyen-son-dong","ID":0,"MaSoThue":"2400487663","NgayCap":"2009-10-07T00:00:00Z","Title":"Kho bạc nhà nước huyện Sơn Động","DiaChiCongTy":"Thôn Thượng - An châu - Huyện Sơn Động - Bắc Giang","Created":"2015-11-15T20:27:20Z","Updated":"2015-11-15T20:27:20Z","IsDelete":false,"RequestChanged":false,"ExitsInGDT":false,"SourceID":0,"TinhThanhID":0,"TinhThanhTitle":"Bắc Giang","TinhThanhTitleAscii":"/bac-giang","QuanHuyenID":0,"NganhNgheTitle":"NÔNG NGHIỆP, LÂM NGHIỆP VÀ THUỶ SẢN","NganhNgheTitleAscii":"/nganh-nghe/nong-nghiep-lam-nghiep-va-thuy-san","DSTags":["2400487663","Bắc Giang",null]},{"Type":11,"SolrID":"/5701260573-001-chi-nhanh-cong-ty-co-phan-cung-ung-nguon-nhan-luc-quoc-te-tt","ID":0,"MaSoThue":"5701260573-001","NgayCap":"2009-10-06T00:00:00Z","Title":"Chi nhánh công ty Cổ phần cung ứng nguồn nhân lực quốc tế TT","DiaChiCongTy":"Thượng, An Châu - Huyện Sơn Động - Bắc Giang","Created":"2015-11-10T01:36:25Z","Updated":"2015-11-10T01:36:25Z","IsDelete":false,"RequestChanged":false,"ExitsInGDT":false,"SourceID":0,"TinhThanhID":0,"TinhThanhTitle":"Bắc Giang","TinhThanhTitleAscii":"/bac-giang","QuanHuyenID":0,"NganhNgheTitle":"Cung ứng và quản lý nguồn lao động","NganhNgheTitleAscii":"/nganh-nghe/cung-ung-va-quan-ly-nguon-lao-dong","DSTags":["5701260573-001","Bắc Giang",null]},{"Type":11,"SolrID":"/2400469664-035-truong-tieu-hoc-tuan-dao-son-dong","ID":0,"MaSoThue":"2400469664-035","NgayCap":"2009-10-01T00:00:00Z","Title":"Trường Tiểu học Tuấn Đạo Sơn Động","DiaChiCongTy":"Thôn Bãi Chợ - Tuấn Đạo - Huyện Sơn Động - Bắc Giang","Created":"2015-11-17T22:25:32Z","Updated":"2015-11-17T22:25:32Z","IsDelete":false,"RequestChanged":false,"ExitsInGDT":false,"SourceID":0,"TinhThanhID":0,"TinhThanhTitle":"Bắc Giang","TinhThanhTitleAscii":"/bac-giang","QuanHuyenID":0,"NganhNgheTitle":"Giáo dục tiểu học","NganhNgheTitleAscii":"/nganh-nghe/giao-duc-tieu-hoc","DSTags":["2400469664-035","Bắc Giang",null]},{"Type":11,"SolrID":"/2400469664-040-truong-tieu-hoc-an-lac-son-dong","ID":0,"MaSoThue":"2400469664-040","NgayCap":"2009-10-01T00:00:00Z","Title":"Trường Tiểu học An Lạc Sơn Động","DiaChiCongTy":"An Lạc - Huyện Sơn Động - Bắc Giang","Created":"2015-11-17T22:25:37Z","Updated":"2015-11-17T22:25:37Z","IsDelete":false,"RequestChanged":false,"ExitsInGDT":false,"SourceID":0,"TinhThanhID":0,"TinhThanhTitle":"Bắc Giang","TinhThanhTitleAscii":"/bac-giang","QuanHuyenID":0,"NganhNgheTitle":"Giáo dục tiểu học","NganhNgheTitleAscii":"/nganh-nghe/giao-duc-tieu-hoc","DSTags":["2400469664-040","Bắc Giang",null]},{"Type":11,"SolrID":"/2400469664-041-truong-tieu-hoc-long-son-son-dong","ID":0,"MaSoThue":"2400469664-041","NgayCap":"2009-10-01T00:00:00Z","Title":"Trường Tiểu học Long Sơn Sơn Động","DiaChiCongTy":"Thôn Thượng - Long Sơn - Huyện Sơn Động - Bắc Giang","Created":"2015-11-17T22:25:37Z","Updated":"2015-11-17T22:25:37Z","IsDelete":false,"RequestChanged":false,"ExitsInGDT":false,"SourceID":0,"TinhThanhID":0,"TinhThanhTitle":"Bắc Giang","TinhThanhTitleAscii":"/bac-giang","QuanHuyenID":0,"NganhNgheTitle":"Giáo dục tiểu học","NganhNgheTitleAscii":"/nganh-nghe/giao-duc-tieu-hoc","DSTags":["2400469664-041","Bắc Giang",null]},{"Type":11,"SolrID":"/2400469664-044-truong-mam-non-phuc-thang-son-dong","ID":0,"MaSoThue":"2400469664-044","NgayCap":"2009-10-01T00:00:00Z","Title":"Trường Mầm non Phúc Thắng Sơn Động","DiaChiCongTy":"Thôn Mới - Phúc Thắng - Huyện Sơn Động - Bắc Giang","Created":"2015-11-17T22:25:40Z","Updated":"2015-11-17T22:25:40Z","IsDelete":false,"RequestChanged":false,"ExitsInGDT":false,"SourceID":0,"TinhThanhID":0,"TinhThanhTitle":"Bắc Giang","TinhThanhTitleAscii":"/bac-giang","QuanHuyenID":0,"NganhNgheTitle":"Giáo dục trung học cơ sở và trung học phổ thông","NganhNgheTitleAscii":"/nganh-nghe/giao-duc-trung-hoc-co-so-va-trung-hoc-pho-thong","DSTags":["2400469664-044","Bắc Giang",null]},{"Type":11,"SolrID":"/2400469664-048-truong-mam-non-tuan-dao-son-dong","ID":0,"MaSoThue":"2400469664-048","NgayCap":"2009-10-01T00:00:00Z","Title":"Trường Mầm non Tuấn Đạo Sơn Động","DiaChiCongTy":"Thôn Bãi Chợ - Tuấn Đạo - Huyện Sơn Động - Bắc Giang","Created":"2015-11-17T22:25:44Z","Updated":"2015-11-17T22:25:44Z","IsDelete":false,"RequestChanged":false,"ExitsInGDT":false,"SourceID":0,"TinhThanhID":0,"TinhThanhTitle":"Bắc Giang","TinhThanhTitleAscii":"/bac-giang","QuanHuyenID":0,"NganhNgheTitle":"Giáo dục trung học cơ sở và trung học phổ thông","NganhNgheTitleAscii":"/nganh-nghe/giao-duc-trung-hoc-co-so-va-trung-hoc-pho-thong","DSTags":["2400469664-048","Bắc Giang",null]},{"Type":11,"SolrID":"/2400469664-049-truong-mam-non-xa-thanh-luan-son-dong","ID":0,"MaSoThue":"2400469664-049","NgayCap":"2009-10-01T00:00:00Z","Title":"Trường Mầm non xã Thanh Luận Sơn Động","DiaChiCongTy":"Thôn Rỏn - Thanh Luận - Huyện Sơn Động - Bắc Giang","Created":"2015-11-17T22:25:45Z","Updated":"2015-11-17T22:25:45Z","IsDelete":false,"RequestChanged":false,"ExitsInGDT":false,"SourceID":0,"TinhThanhID":0,"TinhThanhTitle":"Bắc Giang","TinhThanhTitleAscii":"/bac-giang","QuanHuyenID":0,"NganhNgheTitle":"Giáo dục trung học cơ sở và trung học phổ thông","NganhNgheTitleAscii":"/nganh-nghe/giao-duc-trung-hoc-co-so-va-trung-hoc-pho-thong","DSTags":["2400469664-049","Bắc Giang",null]},{"Type":11,"SolrID":"/2400469664-052-truong-mam-non-vinh-khuong-son-dong","ID":0,"MaSoThue":"2400469664-052","NgayCap":"2009-10-01T00:00:00Z","Title":"Trường Mầm non Vĩnh Khương Sơn Động","DiaChiCongTy":"Ao Bồng - Vĩnh Khương - Huyện Sơn Động - Bắc Giang","Created":"2015-11-17T22:25:46Z","Updated":"2015-11-17T22:25:46Z","IsDelete":false,"RequestChanged":false,"ExitsInGDT":false,"SourceID":0,"TinhThanhID":0,"TinhThanhTitle":"Bắc Giang","TinhThanhTitleAscii":"/bac-giang","QuanHuyenID":0,"NganhNgheTitle":"Giáo dục trung học cơ sở và trung học phổ thông","NganhNgheTitleAscii":"/nganh-nghe/giao-duc-trung-hoc-co-so-va-trung-hoc-pho-thong","DSTags":["2400469664-052","Bắc Giang",null]},{"Type":11,"SolrID":"/2400469664-054-truong-mam-non-yen-dinh-son-dong","ID":0,"MaSoThue":"2400469664-054","NgayCap":"2009-10-01T00:00:00Z","Title":"Trường Mầm non Yên Định Sơn Động","DiaChiCongTy":"yên Định - Huyện Sơn Động - Bắc Giang","Created":"2015-11-17T22:25:48Z","Updated":"2015-11-17T22:25:48Z","IsDelete":false,"RequestChanged":false,"ExitsInGDT":false,"SourceID":0,"TinhThanhID":0,"TinhThanhTitle":"Bắc Giang","TinhThanhTitleAscii":"/bac-giang","QuanHuyenID":0,"NganhNgheTitle":"Giáo dục trung học cơ sở và trung học phổ thông","NganhNgheTitleAscii":"/nganh-nghe/giao-duc-trung-hoc-co-so-va-trung-hoc-pho-thong","DSTags":["2400469664-054","Bắc Giang",null]},{"Type":11,"SolrID":"/2400469664-055-truong-mam-non-an-chau-son-dong","ID":0,"MaSoThue":"2400469664-055","NgayCap":"2009-10-01T00:00:00Z","Title":"Trường Mầm non An Châu Sơn Động","DiaChiCongTy":"An Châu - Huyện Sơn Động - Bắc Giang","Created":"2015-11-17T22:25:49Z","Updated":"2015-11-17T22:25:49Z","IsDelete":false,"RequestChanged":false,"ExitsInGDT":false,"SourceID":0,"TinhThanhID":0,"TinhThanhTitle":"Bắc Giang","TinhThanhTitleAscii":"/bac-giang","QuanHuyenID":0,"NganhNgheTitle":"Giáo dục trung học cơ sở và trung học phổ thông","NganhNgheTitleAscii":"/nganh-nghe/giao-duc-trung-hoc-co-so-va-trung-hoc-pho-thong","DSTags":["2400469664-055","Bắc Giang",null]},{"Type":11,"SolrID":"/2400469664-050-truong-mam-non-chien-son-son-dong","ID":0,"MaSoThue":"2400469664-050","NgayCap":"2009-10-01T00:00:00Z","Title":"Trương Mầm non Chiên Sơn Sơn Động","DiaChiCongTy":"Xóm Chiên - Chiên Sơn - Huyện Sơn Động - Bắc Giang","Created":"2015-11-18T16:45:03Z","Updated":"2015-11-18T16:45:03Z","IsDelete":false,"RequestChanged":false,"ExitsInGDT":false,"SourceID":0,"TinhThanhID":0,"TinhThanhTitle":"Bắc Giang","TinhThanhTitleAscii":"/bac-giang","QuanHuyenID":0,"NganhNgheTitle":"Giáo dục trung học cơ sở và trung học phổ thông","NganhNgheTitleAscii":"/nganh-nghe/giao-duc-trung-hoc-co-so-va-trung-hoc-pho-thong","DSTags":["2400469664-050","Bắc Giang",null]},{"Type":11,"SolrID":"/2400469664-001-truong-thcs-giao-liem-son-dong","ID":0,"MaSoThue":"2400469664-001","NgayCap":"2009-09-30T00:00:00Z","Title":"Trường THCS Giáo Liêm Sơn Động","DiaChiCongTy":"Rèm - Giáo Liêm - Huyện Sơn Động - Bắc Giang","Created":"2015-11-17T22:25:04Z","Updated":"2015-11-17T22:25:04Z","IsDelete":false,"RequestChanged":false,"ExitsInGDT":false,"SourceID":0,"TinhThanhID":0,"TinhThanhTitle":"Bắc Giang","TinhThanhTitleAscii":"/bac-giang","QuanHuyenID":0,"NganhNgheTitle":"Giáo dục trung học cơ sở và trung học phổ thông","NganhNgheTitleAscii":"/nganh-nghe/giao-duc-trung-hoc-co-so-va-trung-hoc-pho-thong","DSTags":["2400469664-001","Bắc Giang",null]},{"Type":11,"SolrID":"/2400469664-002-truong-thcs-long-son-son-dong","ID":0,"MaSoThue":"2400469664-002","NgayCap":"2009-09-30T00:00:00Z","Title":"Trường THCS Long Sơn Sơn Động","DiaChiCongTy":"Thanh Hương - Long Sơn - Huyện Sơn Động - Bắc Giang","Created":"2015-11-17T22:25:05Z","Updated":"2015-11-17T22:25:05Z","IsDelete":false,"RequestChanged":false,"ExitsInGDT":false,"SourceID":0,"TinhThanhID":0,"TinhThanhTitle":"Bắc Giang","TinhThanhTitleAscii":"/bac-giang","QuanHuyenID":0,"NganhNgheTitle":"Giáo dục trung học cơ sở và trung học phổ thông","NganhNgheTitleAscii":"/nganh-nghe/giao-duc-trung-hoc-co-so-va-trung-hoc-pho-thong","DSTags":["2400469664-002","Bắc Giang",null]},{"Type":11,"SolrID":"/2400469664-003-truong-pho-thong-co-so-bong-am","ID":0,"MaSoThue":"2400469664-003","NgayCap":"2009-09-30T00:00:00Z","Title":"Trường phổ thông cơ sở Bồng Am","DiaChiCongTy":"Bồng Am - Sơn Động - Huyện Sơn Động - Bắc Giang","Created":"2015-11-17T22:25:06Z","Updated":"2015-11-17T22:25:06Z","IsDelete":false,"RequestChanged":false,"ExitsInGDT":false,"SourceID":0,"TinhThanhID":0,"TinhThanhTitle":"Bắc Giang","TinhThanhTitleAscii":"/bac-giang","QuanHuyenID":0,"NganhNgheTitle":"Giáo dục trung học cơ sở và trung học phổ thông","NganhNgheTitleAscii":"/nganh-nghe/giao-duc-trung-hoc-co-so-va-trung-hoc-pho-thong","DSTags":["2400469664-003","Bắc Giang",null]},{"Type":11,"SolrID":"/2400469664-005-truong-ptcs-vinh-khuong-son-dong","ID":0,"MaSoThue":"2400469664-005","NgayCap":"2009-09-30T00:00:00Z","Title":"Trường PTCS Vĩnh Khương Sơn Động","DiaChiCongTy":"Ao Bồng - Vĩnh Khương - Huyện Sơn Động - Bắc Giang","Created":"2015-11-17T22:25:07Z","Updated":"2015-11-17T22:25:07Z","IsDelete":false,"RequestChanged":false,"ExitsInGDT":false,"SourceID":0,"TinhThanhID":0,"TinhThanhTitle":"Bắc Giang","TinhThanhTitleAscii":"/bac-giang","QuanHuyenID":0,"NganhNgheTitle":"Giáo dục trung học cơ sở và trung học phổ thông","NganhNgheTitleAscii":"/nganh-nghe/giao-duc-trung-hoc-co-so-va-trung-hoc-pho-thong","DSTags":["2400469664-005","Bắc Giang",null]},{"Type":11,"SolrID":"/2400469664-006-truong-thcs-cam-dan-son-dong","ID":0,"MaSoThue":"2400469664-006","NgayCap":"2009-09-30T00:00:00Z","Title":"Trường THCS Cẩm Đàn Sơn Động","DiaChiCongTy":"Xã Cẩm Đàn- Sơn Động - Huyện Sơn Động - Bắc Giang","Created":"2015-11-17T22:25:08Z","Updated":"2015-11-17T22:25:08Z","IsDelete":false,"RequestChanged":false,"ExitsInGDT":false,"SourceID":0,"TinhThanhID":0,"TinhThanhTitle":"Bắc Giang","TinhThanhTitleAscii":"/bac-giang","QuanHuyenID":0,"NganhNgheTitle":"Giáo dục trung học cơ sở và trung học phổ thông","NganhNgheTitleAscii":"/nganh-nghe/giao-duc-trung-hoc-co-so-va-trung-hoc-pho-thong","DSTags":["2400469664-006","Bắc Giang",null]},{"Type":11,"SolrID":"/2400469664-009-truong-thcs-chien-son-son-dong","ID":0,"MaSoThue":"2400469664-009","NgayCap":"2009-09-30T00:00:00Z","Title":"Trường THCS Chiên Sơn Sơn Động","DiaChiCongTy":"Xã Chiên Sơn - Sơn Động - Huyện Sơn Động - Bắc Giang","Created":"2015-11-17T22:25:11Z","Updated":"2015-11-17T22:25:11Z","IsDelete":false,"RequestChanged":false,"ExitsInGDT":false,"SourceID":0,"TinhThanhID":0,"TinhThanhTitle":"Bắc Giang","TinhThanhTitleAscii":"/bac-giang","QuanHuyenID":0,"NganhNgheTitle":"Giáo dục trung học cơ sở và trung học phổ thông","NganhNgheTitleAscii":"/nganh-nghe/giao-duc-trung-hoc-co-so-va-trung-hoc-pho-thong","DSTags":["2400469664-009","Bắc Giang",null]},{"Type":11,"SolrID":"/2400469664-010-truong-thcs-an-chau-son-dong","ID":0,"MaSoThue":"2400469664-010","NgayCap":"2009-09-30T00:00:00Z","Title":"Trường THCS An Châu Sơn Động","DiaChiCongTy":"Thôn Thượng - An Châu - Huyện Sơn Động - Bắc Giang","Created":"2015-11-17T22:25:12Z","Updated":"2015-11-17T22:25:12Z","IsDelete":false,"RequestChanged":false,"ExitsInGDT":false,"SourceID":0,"TinhThanhID":0,"TinhThanhTitle":"Bắc Giang","TinhThanhTitleAscii":"/bac-giang","QuanHuyenID":0,"NganhNgheTitle":"Giáo dục trung học cơ sở và trung học phổ thông","NganhNgheTitleAscii":"/nganh-nghe/giao-duc-trung-hoc-co-so-va-trung-hoc-pho-thong","DSTags":["2400469664-010","Bắc Giang",null]},{"Type":11,"SolrID":"/2400469664-014-truong-thcs-an-lap-son-dong","ID":0,"MaSoThue":"2400469664-014","NgayCap":"2009-09-30T00:00:00Z","Title":"Trường THCS An Lập Sơn Động","DiaChiCongTy":"Làng Chào - An Lập - Huyện Sơn Động - Bắc Giang","Created":"2015-11-17T22:25:16Z","Updated":"2015-11-17T22:25:16Z","IsDelete":false,"RequestChanged":false,"ExitsInGDT":false,"SourceID":0,"TinhThanhID":0,"TinhThanhTitle":"Bắc Giang","TinhThanhTitleAscii":"/bac-giang","QuanHuyenID":0,"NganhNgheTitle":"Giáo dục trung học cơ sở và trung học phổ thông","NganhNgheTitleAscii":"/nganh-nghe/giao-duc-trung-hoc-co-so-va-trung-hoc-pho-thong","DSTags":["2400469664-014","Bắc Giang",null]},{"Type":11,"SolrID":"/2400469664-022-truong-thcs-van-son-son-dong","ID":0,"MaSoThue":"2400469664-022","NgayCap":"2009-09-30T00:00:00Z","Title":"Trường THCS Vân Sơn Sơn Động","DiaChiCongTy":"Vân Sơn - Huyện Sơn Động - Bắc Giang","Created":"2015-11-17T22:25:22Z","Updated":"2015-11-17T22:25:22Z","IsDelete":false,"RequestChanged":false,"ExitsInGDT":false,"SourceID":0,"TinhThanhID":0,"TinhThanhTitle":"Bắc Giang","TinhThanhTitleAscii":"/bac-giang","QuanHuyenID":0,"NganhNgheTitle":"Giáo dục trung học cơ sở và trung học phổ thông","NganhNgheTitleAscii":"/nganh-nghe/giao-duc-trung-hoc-co-so-va-trung-hoc-pho-thong","DSTags":["2400469664-022","Bắc Giang",null]},{"Type":11,"SolrID":"/2400469664-023-truong-thcs-an-ba-son-dong","ID":0,"MaSoThue":"2400469664-023","NgayCap":"2009-09-30T00:00:00Z","Title":"Trường THCS An Bá Sơn Động","DiaChiCongTy":"An Bá - Huyện Sơn Động - Bắc Giang","Created":"2015-11-17T22:25:23Z","Updated":"2015-11-17T22:25:23Z","IsDelete":false,"RequestChanged":false,"ExitsInGDT":false,"SourceID":0,"TinhThanhID":0,"TinhThanhTitle":"Bắc Giang","TinhThanhTitleAscii":"/bac-giang","QuanHuyenID":0,"NganhNgheTitle":"Giáo dục trung học cơ sở và trung học phổ thông","NganhNgheTitleAscii":"/nganh-nghe/giao-duc-trung-hoc-co-so-va-trung-hoc-pho-thong","DSTags":["2400469664-023","Bắc Giang",null]},{"Type":11,"SolrID":"/2400469664-026-truong-tieu-hoc-thanh-son-son-dong","ID":0,"MaSoThue":"2400469664-026","NgayCap":"2009-09-30T00:00:00Z","Title":"Trường tiểu học thanh sơn Sơn động","DiaChiCongTy":"Thôn nòn - TT thanh sơn - Huyện Sơn Động - Bắc Giang","Created":"2015-11-17T22:25:25Z","Updated":"2015-11-17T22:25:25Z","IsDelete":false,"RequestChanged":false,"ExitsInGDT":false,"SourceID":0,"TinhThanhID":0,"TinhThanhTitle":"Bắc Giang","TinhThanhTitleAscii":"/bac-giang","QuanHuyenID":0,"NganhNgheTitle":"Giáo dục tiểu học","NganhNgheTitleAscii":"/nganh-nghe/giao-duc-tieu-hoc","DSTags":["2400469664-026","Bắc Giang",null]},{"Type":11,"SolrID":"/2400469664-027-truong-tieu-hoc-van-son-son-dong","ID":0,"MaSoThue":"2400469664-027","NgayCap":"2009-09-30T00:00:00Z","Title":"Trường tiểu học vân sơn sơn động","DiaChiCongTy":"Phe - vân sơn - Huyện Sơn Động - Bắc Giang","Created":"2015-11-17T22:25:26Z","Updated":"2015-11-17T22:25:26Z","IsDelete":false,"RequestChanged":false,"ExitsInGDT":false,"SourceID":0,"TinhThanhID":0,"TinhThanhTitle":"Bắc Giang","TinhThanhTitleAscii":"/bac-giang","QuanHuyenID":0,"NganhNgheTitle":"Giáo dục tiểu học","NganhNgheTitleAscii":"/nganh-nghe/giao-duc-tieu-hoc","DSTags":["2400469664-027","Bắc Giang",null]},{"Type":11,"SolrID":"/2400469664-028-truong-tieu-hoc-le-vien-son-dong","ID":0,"MaSoThue":"2400469664-028","NgayCap":"2009-09-30T00:00:00Z","Title":"Trường tiểu học lệ viễn Sơn động","DiaChiCongTy":"Thôn Mo luông- lệ viễn - Huyện Sơn Động - Bắc Giang","Created":"2015-11-17T22:25:27Z","Updated":"2015-11-17T22:25:27Z","IsDelete":false,"RequestChanged":false,"ExitsInGDT":false,"SourceID":0,"TinhThanhID":0,"TinhThanhTitle":"Bắc Giang","TinhThanhTitleAscii":"/bac-giang","QuanHuyenID":0,"NganhNgheTitle":"Giáo dục tiểu học","NganhNgheTitleAscii":"/nganh-nghe/giao-duc-tieu-hoc","DSTags":["2400469664-028","Bắc Giang",null]},{"Type":11,"SolrID":"/2400469664-029-truong-tieu-hoc-phuc-thang-son-dong","ID":0,"MaSoThue":"2400469664-029","NgayCap":"2009-09-30T00:00:00Z","Title":"Trường tiểu học phúc thắng sơn động","DiaChiCongTy":"Thôn Thước- phúc thắng - Huyện Sơn Động - Bắc Giang","Created":"2015-11-17T22:25:28Z","Updated":"2015-11-17T22:25:28Z","IsDelete":false,"RequestChanged":false,"ExitsInGDT":false,"SourceID":0,"TinhThanhID":0,"TinhThanhTitle":"Bắc Giang","TinhThanhTitleAscii":"/bac-giang","QuanHuyenID":0,"NganhNgheTitle":"Giáo dục tiểu học","NganhNgheTitleAscii":"/nganh-nghe/giao-duc-tieu-hoc","DSTags":["2400469664-029","Bắc Giang",null]},{"Type":11,"SolrID":"/2400469664-032-truong-tieu-hoc-xa-yen-dinh-son-dong","ID":0,"MaSoThue":"2400469664-032","NgayCap":"2009-09-30T00:00:00Z","Title":"Trường tiểu học xã Yên định sơn động","DiaChiCongTy":"Thôn trại chùa - yên đinh - Huyện Sơn Động - Bắc Giang","Created":"2015-11-17T22:25:31Z","Updated":"2015-11-17T22:25:31Z","IsDelete":false,"RequestChanged":false,"ExitsInGDT":false,"SourceID":0,"TinhThanhID":0,"TinhThanhTitle":"Bắc Giang","TinhThanhTitleAscii":"/bac-giang","QuanHuyenID":0,"NganhNgheTitle":"Giáo dục tiểu học","NganhNgheTitleAscii":"/nganh-nghe/giao-duc-tieu-hoc","DSTags":["2400469664-032","Bắc Giang",null]},{"Type":11,"SolrID":"/2400485916-huyen-uy-son-dong","ID":0,"MaSoThue":"2400485916","NgayCap":"2009-09-18T00:00:00Z","Title":"Huyện uỷ sơn động","DiaChiCongTy":"Thị trấn an châu - Sơn động - Huyện Sơn Động - Bắc Giang","Created":"2015-11-15T20:34:09Z","Updated":"2015-11-15T20:34:09Z","IsDelete":false,"RequestChanged":false,"ExitsInGDT":false,"SourceID":0,"TinhThanhID":0,"TinhThanhTitle":"Bắc Giang","TinhThanhTitleAscii":"/bac-giang","QuanHuyenID":0,"NganhNgheTitle":"Hoạt động của Đảng cộng sản, tổ chức chính trị - xã hội","NganhNgheTitleAscii":"/nganh-nghe/hoat-dong-cua-dang-cong-san-to-chuc-chinh-tri-xa-hoi","DSTags":["2400485916","Bắc Giang",null]},{"Type":11,"SolrID":"/2400482947-benh-vien-da-khoa-huyen-son-dong","ID":0,"MaSoThue":"2400482947","NgayCap":"2009-08-26T00:00:00Z","Title":"Bệnh viện đa khoa huyện Sơn động","DiaChiCongTy":"Thôn Thượng - An châu - Huyện Sơn Động - Bắc Giang","Created":"2015-11-16T22:55:22Z","Updated":"2015-11-16T22:55:22Z","IsDelete":false,"RequestChanged":false,"ExitsInGDT":false,"SourceID":0,"TinhThanhID":0,"TinhThanhTitle":"Bắc Giang","TinhThanhTitleAscii":"/bac-giang","QuanHuyenID":0,"NganhNgheTitle":"Hoạt động của các bệnh viện, trạm xá","NganhNgheTitleAscii":"/nganh-nghe/hoat-dong-cua-cac-benh-vien-tram-xa","DSTags":["2400482947","Bắc Giang",null]},{"Type":11,"SolrID":"/2400482344-tram-khuyen-nong-huyen-son-dong","ID":0,"MaSoThue":"2400482344","NgayCap":"2009-08-18T00:00:00Z","Title":"Trạm Khuyến nông huyện sơn động","DiaChiCongTy":"Khu 4 TT an châu - Huyện Sơn Động - Bắc Giang","Created":"2015-11-16T09:17:59Z","Updated":"2015-11-16T09:17:59Z","IsDelete":false,"RequestChanged":false,"ExitsInGDT":false,"SourceID":0,"TinhThanhID":0,"TinhThanhTitle":"Bắc Giang","TinhThanhTitleAscii":"/bac-giang","QuanHuyenID":0,"NganhNgheTitle":"Nông nghiệp và hoạt động dịch vụ có liên quan","NganhNgheTitleAscii":"/nganh-nghe/nong-nghiep-va-hoat-dong-dich-vu-co-lien-quan","DSTags":["2400482344","Bắc Giang",null]},{"Type":11,"SolrID":"/2400481485-truong-thpt-son-dong-so-3","ID":0,"MaSoThue":"2400481485","NgayCap":"2009-08-12T00:00:00Z","Title":"Trường THPT sơn động số 3","DiaChiCongTy":"Thị trấn thanh sơn - Sơn động- Bắc giang - Huyện Sơn Động - Bắc Giang","Created":"2015-11-16T09:37:09Z","Updated":"2015-11-16T09:37:09Z","IsDelete":false,"RequestChanged":false,"ExitsInGDT":false,"SourceID":0,"TinhThanhID":0,"TinhThanhTitle":"Bắc Giang","TinhThanhTitleAscii":"/bac-giang","QuanHuyenID":0,"NganhNgheTitle":"Giáo dục và đào tạo","NganhNgheTitleAscii":"/nganh-nghe/giao-duc-va-dao-tao-85","DSTags":["2400481485","Bắc Giang",null]},{"Type":11,"SolrID":"/2400481502-truong-thpt-son-dong-so-2","ID":0,"MaSoThue":"2400481502","NgayCap":"2009-08-12T00:00:00Z","Title":"Trường THPT Sơn động số 2","DiaChiCongTy":"Thôn gốc gạo- Cẩm đàn- Sơn động- Bắc giang - Huyện Sơn Động - Bắc Giang","Created":"2015-11-15T20:54:31Z","Updated":"2015-11-15T20:54:31Z","IsDelete":false,"RequestChanged":false,"ExitsInGDT":false,"SourceID":0,"TinhThanhID":0,"TinhThanhTitle":"Bắc Giang","TinhThanhTitleAscii":"/bac-giang","QuanHuyenID":0,"NganhNgheTitle":"Giáo dục và đào tạo","NganhNgheTitleAscii":"/nganh-nghe/giao-duc-va-dao-tao-85","DSTags":["2400481502","Bắc Giang",null]},{"Type":11,"SolrID":"/2400481534-hat-kiem-lam-son-dong","ID":0,"MaSoThue":"2400481534","NgayCap":"2009-08-12T00:00:00Z","Title":"Hạt kiểm lâm Sơn động","DiaChiCongTy":"Khu 1 thị trấn An châu- Sơn động- Bắc giang - Huyện Sơn Động - Bắc Giang","Created":"2015-11-15T20:54:32Z","Updated":"2015-11-15T20:54:32Z","IsDelete":false,"RequestChanged":false,"ExitsInGDT":false,"SourceID":0,"TinhThanhID":0,"TinhThanhTitle":"Bắc Giang","TinhThanhTitleAscii":"/bac-giang","QuanHuyenID":0,"NganhNgheTitle":"NÔNG NGHIỆP, LÂM NGHIỆP VÀ THUỶ SẢN","NganhNgheTitleAscii":"/nganh-nghe/nong-nghiep-lam-nghiep-va-thuy-san","DSTags":["2400481534","Bắc Giang",null]},{"Type":11,"SolrID":"/2400481492-trung-tam-y-te-du-phong-son-dong","ID":0,"MaSoThue":"2400481492","NgayCap":"2009-08-12T00:00:00Z","Title":"Trung Tâm Y tế dự phòng sơn động","DiaChiCongTy":"Thượng- An châu - Sơn động- Bắc giang - Huyện Sơn Động - Bắc Giang","Created":"2015-11-17T11:01:13Z","Updated":"2015-11-17T11:01:13Z","IsDelete":false,"RequestChanged":false,"ExitsInGDT":false,"SourceID":0,"TinhThanhID":0,"TinhThanhTitle":"Bắc Giang","TinhThanhTitleAscii":"/bac-giang","QuanHuyenID":0,"NganhNgheTitle":"Hoạt động y tế","NganhNgheTitleAscii":"/nganh-nghe/hoat-dong-y-te","DSTags":["2400481492","Bắc Giang",null]},{"Type":11,"SolrID":"/2400469671-tram-thu-y-huyen-son-dong","ID":0,"MaSoThue":"2400469671","NgayCap":"2009-07-07T00:00:00Z","Title":"Trạm Thú Y Huyện Sơn động","DiaChiCongTy":"Khu 4 TT an châu - Sơn động  - Bắc giang - Huyện Sơn Động - Bắc Giang","Created":"2015-11-16T12:07:54Z","Updated":"2015-11-16T12:07:54Z","IsDelete":false,"RequestChanged":false,"ExitsInGDT":false,"SourceID":0,"TinhThanhID":0,"TinhThanhTitle":"Bắc Giang","TinhThanhTitleAscii":"/bac-giang","QuanHuyenID":0,"NganhNgheTitle":"Nông nghiệp và hoạt động dịch vụ có liên quan","NganhNgheTitleAscii":"/nganh-nghe/nong-nghiep-va-hoat-dong-dich-vu-co-lien-quan","DSTags":["2400469671","Bắc Giang",null]},{"Type":11,"SolrID":"/2400434855-cong-ty-nhiet-dien-son-dong-tkv","ID":0,"MaSoThue":"2400434855","NgayCap":"2009-03-18T00:00:00Z","Title":"Công ty nhiệt điện Sơn Động - TKV","DiaChiCongTy":"Đồng Rì, Thanh Luận - Huyện Sơn Động - Bắc Giang","Created":"2015-11-12T12:46:48Z","Updated":"2015-11-12T12:46:48Z","IsDelete":false,"RequestChanged":false,"ExitsInGDT":false,"SourceID":0,"TinhThanhID":0,"TinhThanhTitle":"Bắc Giang","TinhThanhTitleAscii":"/bac-giang","QuanHuyenID":0,"NganhNgheTitle":"Hoạt động kiến trúc và tư vấn kỹ thuật có liên quan","NganhNgheTitleAscii":"/nganh-nghe/hoat-dong-kien-truc-va-tu-van-ky-thuat-co-lien-quan","DSTags":["2400434855","Bắc Giang",null]},{"Type":11,"SolrID":"/5700703568-001-chi-nhanh-hai-son-cong-ty-tnhh-1-thanh-vien-hai-doan","ID":0,"MaSoThue":"5700703568-001","NgayCap":"2008-06-16T00:00:00Z","Title":"Chi nhánh Hải Sơn- Công ty TNHH 1 thành viên Hải Đoàn","DiaChiCongTy":"Đồng Rì, Thanh Luận - Huyện Sơn Động - Bắc Giang","Created":"2015-11-11T13:05:47Z","Updated":"2015-11-11T13:05:47Z","IsDelete":false,"RequestChanged":false,"ExitsInGDT":false,"SourceID":0,"TinhThanhID":0,"TinhThanhTitle":"Bắc Giang","TinhThanhTitleAscii":"/bac-giang","QuanHuyenID":0,"NganhNgheTitle":"Bán buôn vật liệu, thiết bị lắp đặt khác trong xây dựng","NganhNgheTitleAscii":"/nganh-nghe/ban-buon-vat-lieu-thiet-bi-lap-dat-khac-trong-xay-dung","DSTags":["5700703568-001","Bắc Giang",null]},{"Type":11,"SolrID":"/2400376868-hop-tac-xa-thanh-cong","ID":0,"MaSoThue":"2400376868","NgayCap":"2007-06-05T00:00:00Z","Title":"Hợp tác xã Thành Công","DiaChiCongTy":"thôn Thượng, An Châu - Huyện Sơn Động - Bắc Giang","Created":"2015-11-17T22:19:22Z","Updated":"2015-11-17T22:19:22Z","IsDelete":false,"RequestChanged":false,"ExitsInGDT":false,"SourceID":0,"TinhThanhID":0,"TinhThanhTitle":"Bắc Giang","TinhThanhTitleAscii":"/bac-giang","QuanHuyenID":0,"NganhNgheTitle":"Sản xuất vật liệu xây dựng từ đất sét","NganhNgheTitleAscii":"/nganh-nghe/san-xuat-vat-lieu-xay-dung-tu-dat-set","DSTags":["2400376868","Bắc Giang",null]},{"Type":11,"SolrID":"/2400372503-cong-ty-tnhh-tam-cuong","ID":0,"MaSoThue":"2400372503","NgayCap":"2007-02-08T00:00:00Z","Title":"Công ty TNHH Tam Cường","DiaChiCongTy":"Mỏ than Đồng Bưu, Cẩm Đàn - Huyện Sơn Động - Bắc Giang","Created":"2015-11-12T12:39:28Z","Updated":"2015-11-12T12:39:28Z","IsDelete":false,"RequestChanged":false,"ExitsInGDT":false,"SourceID":0,"TinhThanhID":0,"TinhThanhTitle":"Bắc Giang","TinhThanhTitleAscii":"/bac-giang","QuanHuyenID":0,"NganhNgheTitle":"Khai thác quặng kim loại","NganhNgheTitleAscii":"/nganh-nghe/khai-thac-quang-kim-loai","DSTags":["2400372503","Bắc Giang",null]},{"Type":11,"SolrID":"/2400360593-cong-ty-nhiet-dien-son-dong-tkv","ID":0,"MaSoThue":"2400360593","NgayCap":"2006-06-27T00:00:00Z","Title":"Công ty nhiệt điện Sơn Động TKV","DiaChiCongTy":"Đồng Rì - Thanh Luận - Huyện Sơn Động - Bắc Giang","Created":"2015-11-12T12:41:08Z","Updated":"2015-11-12T12:41:08Z","IsDelete":false,"RequestChanged":false,"ExitsInGDT":false,"SourceID":0,"TinhThanhID":0,"TinhThanhTitle":"Bắc Giang","TinhThanhTitleAscii":"/bac-giang","QuanHuyenID":0,"NganhNgheTitle":"Hoạt động tư vấn quản lý","NganhNgheTitleAscii":"/nganh-nghe/hoat-dong-tu-van-quan-ly","DSTags":["2400360593","Bắc Giang",null]},{"Type":11,"SolrID":"/2400353003-cong-ty-tnhh-thuong-mai-va-xay-dung-dinh-son","ID":0,"MaSoThue":"2400353003","NgayCap":"2006-04-17T00:00:00Z","Title":"Công ty TNHH thương mại và xây dựng Định Sơn","DiaChiCongTy":"Ngã 3 Đồng Chu - Yên Định - Huyện Sơn Động - Bắc Giang","Created":"2015-11-11T10:56:03Z","Updated":"2015-11-11T10:56:03Z","IsDelete":false,"RequestChanged":false,"ExitsInGDT":false,"SourceID":0,"TinhThanhID":0,"TinhThanhTitle":"Bắc Giang","TinhThanhTitleAscii":"/bac-giang","QuanHuyenID":0,"NganhNgheTitle":"Bán buôn vật liệu, thiết bị lắp đặt khác trong xây dựng","NganhNgheTitleAscii":"/nganh-nghe/ban-buon-vat-lieu-thiet-bi-lap-dat-khac-trong-xay-dung","DSTags":["2400353003","Bắc Giang",null]},{"Type":11,"SolrID":"/2400349134-cong-ty-tnhh-binh-thang","ID":0,"MaSoThue":"2400349134","NgayCap":"2005-12-05T00:00:00Z","Title":"Công ty TNHH Bình Thắng","DiaChiCongTy":"Số 07 - Khu I - TT An Châu - Huyện Sơn Động - Bắc Giang","Created":"2015-11-12T12:42:12Z","Updated":"2015-11-12T12:42:12Z","IsDelete":false,"RequestChanged":false,"ExitsInGDT":false,"SourceID":0,"TinhThanhID":0,"TinhThanhTitle":"Bắc Giang","TinhThanhTitleAscii":"/bac-giang","QuanHuyenID":0,"NganhNgheTitle":"Hoạt động dịch vụ hỗ trợ cho vận tải","NganhNgheTitleAscii":"/nganh-nghe/hoat-dong-dich-vu-ho-tro-cho-van-tai","DSTags":["2400349134","Bắc Giang",null]},{"Type":11,"SolrID":"/2400290917-cong-ty-tnhh-thai-ha","ID":0,"MaSoThue":"2400290917","NgayCap":"2003-02-25T00:00:00Z","Title":"Công ty TNHH Thái Hà","DiaChiCongTy":"Khu 3 thị trấn An Châu, AN châu - Huyện Sơn Động - Bắc Giang","Created":"2015-11-12T12:31:19Z","Updated":"2015-11-12T12:31:19Z","IsDelete":false,"RequestChanged":false,"ExitsInGDT":false,"SourceID":0,"TinhThanhID":0,"TinhThanhTitle":"Bắc Giang","TinhThanhTitleAscii":"/bac-giang","QuanHuyenID":0,"NganhNgheTitle":"Xây dựng công trình kỹ thuật dân dụng","NganhNgheTitleAscii":"/nganh-nghe/xay-dung-cong-trinh-ky-thuat-dan-dung","DSTags":["2400290917","Bắc Giang",null]},{"Type":11,"SolrID":"/2400212877-ubnd-xa-que-son","ID":0,"MaSoThue":"2400212877","NgayCap":"1998-11-27T00:00:00Z","Title":"UBND xã Quế Sơn","DiaChiCongTy":"Xóm Rọp Quế sơn - Huyện Sơn Động - Bắc Giang","Created":"2015-11-16T06:09:36Z","Updated":"2015-11-16T06:09:36Z","IsDelete":false,"RequestChanged":false,"ExitsInGDT":false,"SourceID":0,"TinhThanhID":0,"TinhThanhTitle":"Bắc Giang","TinhThanhTitleAscii":"/bac-giang","QuanHuyenID":0,"NganhNgheTitle":"Hoạt động của Đảng cộng sản, tổ chức chính trị - xã hội, hoạt động quản lý nhà nước nói chung và kinh tế tổng hợp","NganhNgheTitleAscii":"/nganh-nghe/hoat-dong-cua-dang-cong-san-to-chuc-chinh-tri-xa-hoi-hoat-dong-quan-ly-nha-nuoc-noi-chung-va-kinh-te-tong-hop","DSTags":["2400212877","Bắc Giang",null]},{"Type":11,"SolrID":"/2400212796-ubnd-xa-bong-am","ID":0,"MaSoThue":"2400212796","NgayCap":"1998-11-27T00:00:00Z","Title":"UBND xã Bồng Am","DiaChiCongTy":"Sơn hà Bồng Am - Huyện Sơn Động - Bắc Giang","Created":"2015-11-16T06:09:38Z","Updated":"2015-11-16T06:09:38Z","IsDelete":false,"RequestChanged":false,"ExitsInGDT":false,"SourceID":0,"TinhThanhID":0,"TinhThanhTitle":"Bắc Giang","TinhThanhTitleAscii":"/bac-giang","QuanHuyenID":0,"NganhNgheTitle":"Hoạt động của Đảng cộng sản, tổ chức chính trị - xã hội, hoạt động quản lý nhà nước nói chung và kinh tế tổng hợp","NganhNgheTitleAscii":"/nganh-nghe/hoat-dong-cua-dang-cong-san-to-chuc-chinh-tri-xa-hoi-hoat-dong-quan-ly-nha-nuoc-noi-chung-va-kinh-te-tong-hop","DSTags":["2400212796","Bắc Giang",null]},{"Type":11,"SolrID":"/2400212901-ubnd-xa-cam-dan","ID":0,"MaSoThue":"2400212901","NgayCap":"1998-11-27T00:00:00Z","Title":"UBND xã Cẩm Đàn","DiaChiCongTy":"Cẩm Đàn - Huyện Sơn Động - Bắc Giang","Created":"2015-11-16T06:09:51Z","Updated":"2015-11-16T06:09:51Z","IsDelete":false,"RequestChanged":false,"ExitsInGDT":false,"SourceID":0,"TinhThanhID":0,"TinhThanhTitle":"Bắc Giang","TinhThanhTitleAscii":"/bac-giang","QuanHuyenID":0,"NganhNgheTitle":"Hoạt động của Đảng cộng sản, tổ chức chính trị - xã hội, hoạt động quản lý nhà nước nói chung và kinh tế tổng hợp","NganhNgheTitleAscii":"/nganh-nghe/hoat-dong-cua-dang-cong-san-to-chuc-chinh-tri-xa-hoi-hoat-dong-quan-ly-nha-nuoc-noi-chung-va-kinh-te-tong-hop","DSTags":["2400212901","Bắc Giang",null]},{"Type":11,"SolrID":"/2400212891-ubnd-xa-chiem-son","ID":0,"MaSoThue":"2400212891","NgayCap":"1998-11-27T00:00:00Z","Title":"UBND xã Chiêm Sơn","DiaChiCongTy":"Chiêm Sơn - Huyện Sơn Động - Bắc Giang","Created":"2015-11-16T06:09:52Z","Updated":"2015-11-16T06:09:52Z","IsDelete":false,"RequestChanged":false,"ExitsInGDT":false,"SourceID":0,"TinhThanhID":0,"TinhThanhTitle":"Bắc Giang","TinhThanhTitleAscii":"/bac-giang","QuanHuyenID":0,"NganhNgheTitle":"Hoạt động của Đảng cộng sản, tổ chức chính trị - xã hội, hoạt động quản lý nhà nước nói chung và kinh tế tổng hợp","NganhNgheTitleAscii":"/nganh-nghe/hoat-dong-cua-dang-cong-san-to-chuc-chinh-tri-xa-hoi-hoat-dong-quan-ly-nha-nuoc-noi-chung-va-kinh-te-tong-hop","DSTags":["2400212891","Bắc Giang",null]},{"Type":11,"SolrID":"/2400212884-ubnd-xa-giao-liem","ID":0,"MaSoThue":"2400212884","NgayCap":"1998-11-27T00:00:00Z","Title":"UBND xã Giáo Liêm","DiaChiCongTy":"Xóm Rèm - Giáo Liêm - Huyện Sơn Động - Bắc Giang","Created":"2015-11-16T06:09:53Z","Updated":"2015-11-16T06:09:53Z","IsDelete":false,"RequestChanged":false,"ExitsInGDT":false,"SourceID":0,"TinhThanhID":0,"TinhThanhTitle":"Bắc Giang","TinhThanhTitleAscii":"/bac-giang","QuanHuyenID":0,"NganhNgheTitle":"Hoạt động của Đảng cộng sản, tổ chức chính trị - xã hội, hoạt động quản lý nhà nước nói chung và kinh tế tổng hợp","NganhNgheTitleAscii":"/nganh-nghe/hoat-dong-cua-dang-cong-san-to-chuc-chinh-tri-xa-hoi-hoat-dong-quan-ly-nha-nuoc-noi-chung-va-kinh-te-tong-hop","DSTags":["2400212884","Bắc Giang",null]},{"Type":11,"SolrID":"/2400212852-ubnd-xa-phuc-thang","ID":0,"MaSoThue":"2400212852","NgayCap":"1998-11-27T00:00:00Z","Title":"UBND xã Phúc Thắng","DiaChiCongTy":"Xóm Thước Phúc Thắng - Huyện Sơn Động - Bắc Giang","Created":"2015-11-14T17:13:33Z","Updated":"2015-11-14T17:13:33Z","IsDelete":false,"RequestChanged":false,"ExitsInGDT":false,"SourceID":0,"TinhThanhID":0,"TinhThanhTitle":"Bắc Giang","TinhThanhTitleAscii":"/bac-giang","QuanHuyenID":0,"NganhNgheTitle":"Hoạt động của Đảng cộng sản, tổ chức chính trị - xã hội, hoạt động quản lý nhà nước nói chung và kinh tế tổng hợp","NganhNgheTitleAscii":"/nganh-nghe/hoat-dong-cua-dang-cong-san-to-chuc-chinh-tri-xa-hoi-hoat-dong-quan-ly-nha-nuoc-noi-chung-va-kinh-te-tong-hop","DSTags":["2400212852","Bắc Giang",null]},{"Type":11,"SolrID":"/2400212845-ubnd-xa-thach-son","ID":0,"MaSoThue":"2400212845","NgayCap":"1998-11-27T00:00:00Z","Title":"UBND xã Thạch Sơn","DiaChiCongTy":"Non Tá Thạch Sơn - Huyện Sơn Động - Bắc Giang","Created":"2015-11-14T17:13:33Z","Updated":"2015-11-14T17:13:33Z","IsDelete":false,"RequestChanged":false,"ExitsInGDT":false,"SourceID":0,"TinhThanhID":0,"TinhThanhTitle":"Bắc Giang","TinhThanhTitleAscii":"/bac-giang","QuanHuyenID":0,"NganhNgheTitle":"Hoạt động của Đảng cộng sản, tổ chức chính trị - xã hội, hoạt động quản lý nhà nước nói chung và kinh tế tổng hợp","NganhNgheTitleAscii":"/nganh-nghe/hoat-dong-cua-dang-cong-san-to-chuc-chinh-tri-xa-hoi-hoat-dong-quan-ly-nha-nuoc-noi-chung-va-kinh-te-tong-hop","DSTags":["2400212845","Bắc Giang",null]}]}