{"ID":8793,"SolrID":"/bac-giang/huyen-son-dong/thi-tran-thanh-son","Title":"Thị Trấn Thanh Sơn","TinhThanhTitle":"Bắc Giang","QuanHuyenTitle":"Huyện Sơn Động","QuanHuyenID":518,"TinhThanhID":54,"Url":"https://thongtindoanhnghiep.co/api/company?l=/bac-giang/huyen-son-dong/thi-tran-thanh-son","Total":39,"List":[{"Type":11,"SolrID":"/2400848856-cong-ty-tnhh-dau-tu-viet-xuan","ID":0,"MaSoThue":"2400848856","NgayCap":"2018-10-08T00:00:00Z","Title":"Công Ty TNHH Đầu Tư Viết Xuân","DiaChiCongTy":"Thôn Nòn, Thị Trấn Thanh Sơn, Huyện Sơn Động, Tỉnh Bắc Giang","Created":"2018-10-08T16:04:16Z","Updated":"2018-10-08T16:04:16Z","IsDelete":false,"RequestChanged":false,"ExitsInGDT":false,"SourceID":0,"TinhThanhID":0,"TinhThanhTitle":"Bắc Giang","TinhThanhTitleAscii":"/bac-giang","QuanHuyenID":0,"NganhNgheTitle":"Bán buôn vải, hàng may sẵn, giày dép","NganhNgheTitleAscii":"/nganh-nghe/ban-buon-vai-hang-may-san-giay-dep","DSTags":["2400848856","Bắc Giang",null]},{"Type":11,"SolrID":"/2400847411-cong-ty-tnhh-mot-thanh-vien-kim-loai-mau-t-t","ID":0,"MaSoThue":"2400847411","NgayCap":"2018-09-19T00:00:00Z","Title":"Công Ty TNHH Một Thành Viên Kim Loại Màu T&t","DiaChiCongTy":"Thôn Đồng Rì, Thị Trấn Thanh Sơn, Huyện Sơn Động, Tỉnh Bắc Giang","Created":"2018-09-19T13:35:50Z","Updated":"2018-09-19T13:35:50Z","IsDelete":false,"RequestChanged":false,"ExitsInGDT":false,"SourceID":0,"TinhThanhID":0,"TinhThanhTitle":"Bắc Giang","TinhThanhTitleAscii":"/bac-giang","QuanHuyenID":0,"NganhNgheTitle":"Bán buôn kim loại và quặng kim loại","NganhNgheTitleAscii":"/nganh-nghe/ban-buon-kim-loai-va-quang-kim-loai","DSTags":["2400847411","Bắc Giang",null]},{"Type":11,"SolrID":"/2400847436-cong-ty-tnhh-mot-thanh-vien-phu-cuong-pt","ID":0,"MaSoThue":"2400847436","NgayCap":"2018-09-19T00:00:00Z","Title":"Công Ty TNHH Một Thành Viên Phú Cường Pt","DiaChiCongTy":"Thôn Nòn, Thị Trấn Thanh Sơn, Huyện Sơn Động, Tỉnh Bắc Giang","Created":"2018-09-19T13:36:21Z","Updated":"2018-09-19T13:36:21Z","IsDelete":false,"RequestChanged":false,"ExitsInGDT":false,"SourceID":0,"TinhThanhID":0,"TinhThanhTitle":"Bắc Giang","TinhThanhTitleAscii":"/bac-giang","QuanHuyenID":0,"NganhNgheTitle":"Bán buôn chuyên doanh khác chưa được phân vào đâu","NganhNgheTitleAscii":"/nganh-nghe/ban-buon-chuyen-doanh-khac-chua-duoc-phan-vao-dau","DSTags":["2400847436","Bắc Giang",null]},{"Type":11,"SolrID":"/2400846658-cong-ty-tnhh-xay-dung-va-thuong-mai-huu-dung","ID":0,"MaSoThue":"2400846658","NgayCap":"2018-08-30T00:00:00Z","Title":"Công Ty TNHH Xây Dựng Và Thương Mại Hữu Dũng","DiaChiCongTy":"Thôn Nòn, Thị Trấn Thanh Sơn, Huyện Sơn Động, Tỉnh Bắc Giang","Created":"2018-08-30T17:36:16Z","Updated":"2018-08-30T17:36:16Z","IsDelete":false,"RequestChanged":false,"ExitsInGDT":false,"SourceID":0,"TinhThanhID":0,"TinhThanhTitle":"Bắc Giang","TinhThanhTitleAscii":"/bac-giang","QuanHuyenID":0,"NganhNgheTitle":"Bán buôn tổng hợp","NganhNgheTitleAscii":"/nganh-nghe/ban-buon-tong-hop","DSTags":["2400846658","Bắc Giang",null]},{"Type":11,"SolrID":"/2400844682-cong-ty-tnhh-san-xuat-va-thuong-mai-tong-hop-hai-thanh","ID":0,"MaSoThue":"2400844682","NgayCap":"2018-08-03T00:00:00Z","Title":"Công Ty TNHH Sản Xuất Và Thương Mại Tổng Hợp Hải Thanh","DiaChiCongTy":"Thôn Nòn, Thị Trấn Thanh Sơn, Huyện Sơn Động, Tỉnh Bắc Giang","Created":"2018-08-03T17:36:31Z","Updated":"2018-08-03T17:36:31Z","IsDelete":false,"RequestChanged":false,"ExitsInGDT":false,"SourceID":0,"TinhThanhID":0,"TinhThanhTitle":"Bắc Giang","TinhThanhTitleAscii":"/bac-giang","QuanHuyenID":0,"NganhNgheTitle":"Bán buôn tổng hợp","NganhNgheTitleAscii":"/nganh-nghe/ban-buon-tong-hop","DSTags":["2400844682","Bắc Giang",null]},{"Type":11,"SolrID":"/2400843287-cong-ty-tnhh-xay-dung-toan-thu","ID":0,"MaSoThue":"2400843287","NgayCap":"2018-07-23T00:00:00Z","Title":"Công Ty TNHH Xây Dựng Toàn Thu","DiaChiCongTy":"Thôn Nòn, Thị Trấn Thanh Sơn, Huyện Sơn Động, Tỉnh Bắc Giang","Created":"2018-07-23T10:42:52Z","Updated":"2018-07-23T10:42:52Z","IsDelete":false,"RequestChanged":false,"ExitsInGDT":false,"SourceID":0,"TinhThanhID":0,"TinhThanhTitle":"Bắc Giang","TinhThanhTitleAscii":"/bac-giang","QuanHuyenID":0,"NganhNgheTitle":"Xây dựng nhà các loại","NganhNgheTitleAscii":"/nganh-nghe/xay-dung-nha-cac-loai","DSTags":["2400843287","Bắc Giang",null]},{"Type":11,"SolrID":"/2400839192-cong-ty-tnhh-sen-vang-bac-giang","ID":0,"MaSoThue":"2400839192","NgayCap":"2018-05-18T00:00:00Z","Title":"Công Ty TNHH Sen Vàng Bắc Giang","DiaChiCongTy":"Thôn Chợ, Thị Trấn Thanh Sơn, Huyện Sơn Động, Tỉnh Bắc Giang","Created":"2018-05-18T15:34:42Z","Updated":"2018-05-18T15:34:42Z","IsDelete":false,"RequestChanged":false,"ExitsInGDT":false,"SourceID":0,"TinhThanhID":0,"TinhThanhTitle":"Bắc Giang","TinhThanhTitleAscii":"/bac-giang","QuanHuyenID":0,"NganhNgheTitle":"Bán buôn vật liệu, thiết bị lắp đặt khác trong xây dựng","NganhNgheTitleAscii":"/nganh-nghe/ban-buon-vat-lieu-thiet-bi-lap-dat-khac-trong-xay-dung","DSTags":["2400839192","Bắc Giang",null]},{"Type":11,"SolrID":"/2400835776-cong-ty-tnhh-dich-vu-bao-ve-va-thuong-mai-khi-dot-viet-hung","ID":0,"MaSoThue":"2400835776","NgayCap":"2018-04-09T00:00:00Z","Title":"Công Ty TNHH Dịch Vụ Bảo Vệ Và Thương Mại Khí Đốt Việt Hưng","DiaChiCongTy":"Thôn Đồng Thanh, Thị Trấn Thanh Sơn, Huyện Sơn Động, Tỉnh Bắc Giang","Created":"2018-04-09T15:08:27Z","Updated":"2018-04-09T15:08:27Z","IsDelete":false,"RequestChanged":false,"ExitsInGDT":false,"SourceID":0,"TinhThanhID":0,"TinhThanhTitle":"Bắc Giang","TinhThanhTitleAscii":"/bac-giang","QuanHuyenID":0,"NganhNgheTitle":"Hoạt động bảo vệ cá nhân","NganhNgheTitleAscii":"/nganh-nghe/hoat-dong-bao-ve-ca-nhan","DSTags":["2400835776","Bắc Giang",null]},{"Type":11,"SolrID":"/2400834500-cong-ty-tnhh-dau-tu-thuong-mai-va-van-tai-bac-quang","ID":0,"MaSoThue":"2400834500","NgayCap":"2018-03-22T00:00:00Z","Title":"Công Ty TNHH Đầu Tư Thương Mại Và Vận Tải Bắc Quang","DiaChiCongTy":"Thôn Chợ, Thị Trấn Thanh Sơn, Huyện Sơn Động, Tỉnh Bắc Giang","Created":"2018-03-22T09:35:39Z","Updated":"2018-03-22T09:35:39Z","IsDelete":false,"RequestChanged":false,"ExitsInGDT":false,"SourceID":0,"TinhThanhID":0,"TinhThanhTitle":"Bắc Giang","TinhThanhTitleAscii":"/bac-giang","QuanHuyenID":0,"NganhNgheTitle":"Vận tải hàng hóa bằng đường bộ","NganhNgheTitleAscii":"/nganh-nghe/van-tai-hang-hoa-bang-duong-bo","DSTags":["2400834500","Bắc Giang",null]},{"Type":11,"SolrID":"/2400834490-cong-ty-tnhh-xay-dung-va-phat-trien-thuong-mai-thai-ha-phat","ID":0,"MaSoThue":"2400834490","NgayCap":"2018-03-22T00:00:00Z","Title":"Công Ty TNHH Xây Dựng Và Phát Triển Thương Mại Thái Hà Phát","DiaChiCongTy":"Thôn Đồng Rì, Thị Trấn Thanh Sơn, Huyện Sơn Động, Tỉnh Bắc Giang","Created":"2018-03-22T11:34:38Z","Updated":"2018-03-22T11:34:38Z","IsDelete":false,"RequestChanged":false,"ExitsInGDT":false,"SourceID":0,"TinhThanhID":0,"TinhThanhTitle":"Bắc Giang","TinhThanhTitleAscii":"/bac-giang","QuanHuyenID":0,"NganhNgheTitle":"Xây dựng nhà các loại","NganhNgheTitleAscii":"/nganh-nghe/xay-dung-nha-cac-loai","DSTags":["2400834490","Bắc Giang",null]},{"Type":11,"SolrID":"/2400834451-cong-ty-tnhh-thuong-mai-dich-vu-va-dau-tu-hoai-sa","ID":0,"MaSoThue":"2400834451","NgayCap":"2018-03-22T00:00:00Z","Title":"Công Ty TNHH Thương Mại Dịch Vụ Và Đầu Tư Hoài Sa","DiaChiCongTy":"Thôn Đồng Giang, Thị Trấn Thanh Sơn, Huyện Sơn Động, Tỉnh Bắc Giang","Created":"2018-03-22T12:04:30Z","Updated":"2018-03-22T12:04:30Z","IsDelete":false,"RequestChanged":false,"ExitsInGDT":false,"SourceID":0,"TinhThanhID":0,"TinhThanhTitle":"Bắc Giang","TinhThanhTitleAscii":"/bac-giang","QuanHuyenID":0,"NganhNgheTitle":"Tổ chức giới thiệu và xúc tiến thương mại","NganhNgheTitleAscii":"/nganh-nghe/to-chuc-gioi-thieu-va-xuc-tien-thuong-mai","DSTags":["2400834451","Bắc Giang",null]},{"Type":11,"SolrID":"/2400829740-cong-ty-tnhh-phat-trien-san-xuat-va-thuong-mai-tuan-vu","ID":0,"MaSoThue":"2400829740","NgayCap":"2018-01-03T00:00:00Z","Title":"Công Ty TNHH Phát Triển Sản Xuất Và Thương Mại Tuấn Vũ","DiaChiCongTy":"Thôn Chợ, Thị Trấn Thanh Sơn, Huyện Sơn Động, Tỉnh Bắc Giang","Created":"2018-01-03T16:07:50Z","Updated":"2018-01-03T16:07:50Z","IsDelete":false,"RequestChanged":false,"ExitsInGDT":false,"SourceID":0,"TinhThanhID":0,"TinhThanhTitle":"Bắc Giang","TinhThanhTitleAscii":"/bac-giang","QuanHuyenID":0,"NganhNgheTitle":"Gia công cơ khí; xử lý và tráng phủ kim loại","NganhNgheTitleAscii":"/nganh-nghe/gia-cong-co-khi-xu-ly-va-trang-phu-kim-loai","DSTags":["2400829740","Bắc Giang",null]},{"Type":11,"SolrID":"/2400827895-cong-ty-tnhh-dich-vu-va-thuong-mai-nguyen-thu-huong","ID":0,"MaSoThue":"2400827895","NgayCap":"2017-12-13T00:00:00Z","Title":"Công Ty TNHH Dịch Vụ Và Thương Mại Nguyễn Thu Hương","DiaChiCongTy":"Thôn Chợ, Thị Trấn Thanh Sơn, Huyện Sơn Động, Tỉnh Bắc Giang","Created":"2017-12-13T10:59:28Z","Updated":"2017-12-13T10:59:28Z","IsDelete":false,"RequestChanged":false,"ExitsInGDT":false,"SourceID":0,"TinhThanhID":0,"TinhThanhTitle":"Bắc Giang","TinhThanhTitleAscii":"/bac-giang","QuanHuyenID":0,"NganhNgheTitle":"Xây dựng nhà các loại","NganhNgheTitleAscii":"/nganh-nghe/xay-dung-nha-cac-loai","DSTags":["2400827895","Bắc Giang",null]},{"Type":11,"SolrID":"/2400826355-cong-ty-tnhh-dich-vu-tong-hop-nhat-tam-phuc","ID":0,"MaSoThue":"2400826355","NgayCap":"2017-11-27T00:00:00Z","Title":"Công Ty TNHH Dịch Vụ Tổng Hợp Nhật Tâm Phúc","DiaChiCongTy":"Thôn Đồng Rì, Thị Trấn Thanh Sơn, Huyện Sơn Động, Tỉnh Bắc Giang","Created":"2017-11-27T16:42:11Z","Updated":"2017-11-27T16:42:11Z","IsDelete":false,"RequestChanged":false,"ExitsInGDT":false,"SourceID":0,"TinhThanhID":0,"TinhThanhTitle":"Bắc Giang","TinhThanhTitleAscii":"/bac-giang","QuanHuyenID":0,"NganhNgheTitle":"Nhà hàng và các dịch vụ ăn uống phục vụ lưu động","NganhNgheTitleAscii":"/nganh-nghe/nha-hang-va-cac-dich-vu-an-uong-phuc-vu-luu-dong","DSTags":["2400826355","Bắc Giang",null]},{"Type":11,"SolrID":"/2400821903-cong-ty-tnhh-mtv-han-huong","ID":0,"MaSoThue":"2400821903","NgayCap":"2017-09-07T00:00:00Z","Title":"Công Ty TNHH Mtv Hân Hương","DiaChiCongTy":"Thôn Chợ, Thị Trấn Thanh Sơn, Huyện Sơn Động, Tỉnh Bắc Giang","Created":"2017-09-07T15:47:24Z","Updated":"2017-09-07T15:47:24Z","IsDelete":false,"RequestChanged":false,"ExitsInGDT":false,"SourceID":0,"TinhThanhID":0,"TinhThanhTitle":"Bắc Giang","TinhThanhTitleAscii":"/bac-giang","QuanHuyenID":0,"NganhNgheTitle":"Bán buôn thiết bị và linh kiện điện tử, viễn thông","NganhNgheTitleAscii":"/nganh-nghe/ban-buon-thiet-bi-va-linh-kien-dien-tu-vien-thong","DSTags":["2400821903","Bắc Giang",null]},{"Type":11,"SolrID":"/2400820522-cong-ty-tnhh-tmdv-xay-dung-thai-ha","ID":0,"MaSoThue":"2400820522","NgayCap":"2017-08-10T00:00:00Z","Title":"Công Ty TNHH Tmdv Xây Dựng Thái Hà","DiaChiCongTy":"Thôn Tân Thanh, Thị Trấn Thanh Sơn, Huyện Sơn Động, Tỉnh Bắc Giang","Created":"2017-08-10T15:44:20Z","Updated":"2017-08-10T15:44:20Z","IsDelete":false,"RequestChanged":false,"ExitsInGDT":false,"SourceID":0,"TinhThanhID":0,"TinhThanhTitle":"Bắc Giang","TinhThanhTitleAscii":"/bac-giang","QuanHuyenID":0,"NganhNgheTitle":"Bán buôn máy móc, thiết bị và phụ tùng máy khác","NganhNgheTitleAscii":"/nganh-nghe/ban-buon-may-moc-thiet-bi-va-phu-tung-may-khac","DSTags":["2400820522","Bắc Giang",null]},{"Type":11,"SolrID":"/2400820265-cong-ty-tnhh-mtv-phuong-hoang","ID":0,"MaSoThue":"2400820265","NgayCap":"2017-08-08T00:00:00Z","Title":"Công Ty TNHH Mtv Phượng Hoàng","DiaChiCongTy":"Thôn Chợ, Thị Trấn Thanh Sơn, Huyện Sơn Động, Tỉnh Bắc Giang","Created":"2017-08-08T08:44:46Z","Updated":"2017-08-08T08:44:46Z","IsDelete":false,"RequestChanged":false,"ExitsInGDT":false,"SourceID":0,"TinhThanhID":0,"TinhThanhTitle":"Bắc Giang","TinhThanhTitleAscii":"/bac-giang","QuanHuyenID":0,"NganhNgheTitle":"Bán buôn thiết bị và linh kiện điện tử, viễn thông","NganhNgheTitleAscii":"/nganh-nghe/ban-buon-thiet-bi-va-linh-kien-dien-tu-vien-thong","DSTags":["2400820265","Bắc Giang",null]},{"Type":11,"SolrID":"/2400816117-cong-ty-tnhh-xay-dung-thuong-mai-va-dau-tu-anh-ninh","ID":0,"MaSoThue":"2400816117","NgayCap":"2017-06-06T00:00:00Z","Title":"Công Ty TNHH Xây Dựng Thương Mại Và Đầu Tư Anh Ninh","DiaChiCongTy":"Thôn Chợ, Thị Trấn Thanh Sơn, Huyện Sơn Động, Tỉnh Bắc Giang","Created":"2017-06-06T14:23:07Z","Updated":"2017-06-06T14:23:07Z","IsDelete":false,"RequestChanged":false,"ExitsInGDT":false,"SourceID":0,"TinhThanhID":0,"TinhThanhTitle":"Bắc Giang","TinhThanhTitleAscii":"/bac-giang","QuanHuyenID":0,"NganhNgheTitle":"Xây dựng nhà các loại","NganhNgheTitleAscii":"/nganh-nghe/xay-dung-nha-cac-loai","DSTags":["2400816117","Bắc Giang",null]},{"Type":11,"SolrID":"/2400811285-cong-ty-tnhh-dau-tu-thuong-mai-ngoc-quang-phat","ID":0,"MaSoThue":"2400811285","NgayCap":"2017-03-20T00:00:00Z","Title":"Công Ty TNHH Đầu Tư Thương Mại Ngọc Quang Phát","DiaChiCongTy":"Đống Rì, Thị Trấn Thanh Sơn, Huyện Sơn Động, Tỉnh Bắc Giang","Created":"2017-03-20T16:08:02Z","Updated":"2017-03-20T16:08:02Z","IsDelete":false,"RequestChanged":false,"ExitsInGDT":false,"SourceID":0,"TinhThanhID":0,"TinhThanhTitle":"Bắc Giang","TinhThanhTitleAscii":"/bac-giang","QuanHuyenID":0,"NganhNgheTitle":"Vận tải hàng hóa bằng đường bộ","NganhNgheTitleAscii":"/nganh-nghe/van-tai-hang-hoa-bang-duong-bo","DSTags":["2400811285","Bắc Giang",null]},{"Type":11,"SolrID":"/2400810034-cong-ty-tnhh-phat-trien-dich-vu-thuong-mai-tran-anh-tan","ID":0,"MaSoThue":"2400810034","NgayCap":"2017-02-21T00:00:00Z","Title":"Công Ty TNHH Phát Triển Dịch Vụ Thương Mại Trần Anh Tấn","DiaChiCongTy":"Thôn Đồng Giang, Thị Trấn Thanh Sơn, Huyện Sơn Động, Tỉnh Bắc Giang","Created":"2017-02-21T14:10:35Z","Updated":"2017-02-21T14:10:35Z","IsDelete":false,"RequestChanged":false,"ExitsInGDT":false,"SourceID":0,"TinhThanhID":0,"TinhThanhTitle":"Bắc Giang","TinhThanhTitleAscii":"/bac-giang","QuanHuyenID":0,"NganhNgheTitle":"Bán buôn tổng hợp","NganhNgheTitleAscii":"/nganh-nghe/ban-buon-tong-hop","DSTags":["2400810034","Bắc Giang",null]},{"Type":11,"SolrID":"/2400795636-cong-ty-co-phan-dbs-dong-ri","ID":0,"MaSoThue":"2400795636","NgayCap":"2016-05-20T00:00:00Z","Title":"Công Ty Cổ Phần Đbs Đồng Rì","DiaChiCongTy":"Thôn Đồng Rì - Thị Trấn Thanh Sơn - Huyện Sơn Động - Bắc Giang","Created":"2016-05-23T17:08:32Z","Updated":"2016-05-23T17:08:32Z","IsDelete":false,"RequestChanged":false,"ExitsInGDT":false,"SourceID":0,"TinhThanhID":0,"TinhThanhTitle":"Bắc Giang","TinhThanhTitleAscii":"/bac-giang","QuanHuyenID":0,"NganhNgheTitle":"Sản xuất bê tông và các sản phẩm từ xi măng và thạch cao","NganhNgheTitleAscii":"/nganh-nghe/san-xuat-be-tong-va-cac-san-pham-tu-xi-mang-va-thach-cao","DSTags":["2400795636","Bắc Giang",null]},{"Type":11,"SolrID":"/2400793935-cong-ty-tnhh-san-xuat-vlxd-thuong-mai-tan-phat","ID":0,"MaSoThue":"2400793935","NgayCap":"2016-04-21T00:00:00Z","Title":"Công Ty TNHH Sản Xuất Vlxd & Thương Mại Tân Phát","DiaChiCongTy":"Thôn Đồng Giang - Thị Trấn Thanh Sơn - Huyện Sơn Động - Bắc Giang","Created":"2016-04-26T10:05:28Z","Updated":"2016-04-26T10:05:28Z","IsDelete":false,"RequestChanged":false,"ExitsInGDT":false,"SourceID":0,"TinhThanhID":0,"TinhThanhTitle":"Bắc Giang","TinhThanhTitleAscii":"/bac-giang","QuanHuyenID":0,"NganhNgheTitle":"Sản xuất sản phẩm chịu lửa","NganhNgheTitleAscii":"/nganh-nghe/san-xuat-san-pham-chiu-lua","DSTags":["2400793935","Bắc Giang",null]},{"Type":11,"SolrID":"/2400781023-cong-ty-tnhh-xay-dung-do-phat","ID":0,"MaSoThue":"2400781023","NgayCap":"2015-12-21T00:00:00Z","Title":"Công Ty TNHH Xây Dựng Đỗ Phát","DiaChiCongTy":"thôn Nòn - Thị Trấn Thanh Sơn - Huyện Sơn Động - Bắc Giang","Created":"2015-12-28T08:19:44Z","Updated":"2015-12-28T08:19:44Z","IsDelete":false,"RequestChanged":false,"ExitsInGDT":false,"SourceID":0,"TinhThanhID":0,"TinhThanhTitle":"Bắc Giang","TinhThanhTitleAscii":"/bac-giang","QuanHuyenID":0,"NganhNgheTitle":"Xây dựng nhà các loại","NganhNgheTitleAscii":"/nganh-nghe/xay-dung-nha-cac-loai","DSTags":["2400781023","Bắc Giang",null]},{"Type":11,"SolrID":"/2400764853-cong-ty-tnhh-san-xuat-vlxd-attp-thanh-son","ID":0,"MaSoThue":"2400764853","NgayCap":"2015-05-20T00:00:00Z","Title":"Công Ty TNHH Sản Xuất Vlxd & Attp Thanh Sơn","DiaChiCongTy":"Thôn Đồng Giang - Thị Trấn Thanh Sơn - Huyện Sơn Động - Bắc Giang","Created":"2015-11-18T02:41:01Z","Updated":"2015-11-18T02:41:01Z","IsDelete":false,"RequestChanged":false,"ExitsInGDT":false,"SourceID":0,"TinhThanhID":0,"TinhThanhTitle":"Bắc Giang","TinhThanhTitleAscii":"/bac-giang","QuanHuyenID":0,"NganhNgheTitle":"Sản xuất sản phẩm chịu lửa","NganhNgheTitleAscii":"/nganh-nghe/san-xuat-san-pham-chiu-lua","DSTags":["2400764853","Bắc Giang",null]},{"Type":11,"SolrID":"/2400764028-cong-ty-tnhh-mot-thanh-vien-thien-hoa-quang","ID":0,"MaSoThue":"2400764028","NgayCap":"2015-04-24T00:00:00Z","Title":"Công Ty TNHH Một Thành Viên Thiên Hoa Quang","DiaChiCongTy":"Thôn Nòn - Thị Trấn Thanh Sơn - Huyện Sơn Động - Bắc Giang","Created":"2015-11-17T09:33:08Z","Updated":"2015-11-17T09:33:08Z","IsDelete":false,"RequestChanged":false,"ExitsInGDT":false,"SourceID":0,"TinhThanhID":0,"TinhThanhTitle":"Bắc Giang","TinhThanhTitleAscii":"/bac-giang","QuanHuyenID":0,"NganhNgheTitle":"Trồng rừng và chăm sóc rừng","NganhNgheTitleAscii":"/nganh-nghe/trong-rung-va-cham-soc-rung","DSTags":["2400764028","Bắc Giang",null]},{"Type":11,"SolrID":"/2400761771-doanh-nghiep-tn-vang-bac-hoang-vu","ID":0,"MaSoThue":"2400761771","NgayCap":"2015-03-09T00:00:00Z","Title":"Doanh Nghiệp TN Vàng Bạc Hoàng Vũ","DiaChiCongTy":"Thôn Nòn - Thị Trấn Thanh Sơn - Huyện Sơn Động - Bắc Giang","Created":"2015-11-17T01:42:59Z","Updated":"2015-11-17T01:42:59Z","IsDelete":false,"RequestChanged":false,"ExitsInGDT":false,"SourceID":0,"TinhThanhID":0,"TinhThanhTitle":"Bắc Giang","TinhThanhTitleAscii":"/bac-giang","QuanHuyenID":0,"NganhNgheTitle":"Bán lẻ vàng, bạc, đá quí và đá bán quí, đồ trang sức trong các cửa hàng chuyên doanh","NganhNgheTitleAscii":"/nganh-nghe/ban-le-vang-bac-da-qui-va-da-ban-qui-do-trang-suc-trong-cac-cua-hang-chuyen-doanh","DSTags":["2400761771","Bắc Giang",null]},{"Type":11,"SolrID":"/2400723871-cong-ty-cp-che-bien-lam-san-son-dong","ID":0,"MaSoThue":"2400723871","NgayCap":"2014-03-31T00:00:00Z","Title":"Công Ty CP Chế Biến Lâm Sản Sơn Động","DiaChiCongTy":"Thôn Đồng Thanh - Thị Trấn Thanh Sơn - Huyện Sơn Động - Bắc Giang","Created":"2015-11-09T13:44:54Z","Updated":"2015-11-09T13:44:54Z","IsDelete":false,"RequestChanged":false,"ExitsInGDT":false,"SourceID":0,"TinhThanhID":0,"TinhThanhTitle":"Bắc Giang","TinhThanhTitleAscii":"/bac-giang","QuanHuyenID":0,"NganhNgheTitle":"Sản xuất gỗ dán, gỗ lạng, ván ép và ván mỏng khác","NganhNgheTitleAscii":"/nganh-nghe/san-xuat-go-dan-go-lang-van-ep-va-van-mong-khac","DSTags":["2400723871","Bắc Giang",null]},{"Type":11,"SolrID":"/2400704251-cong-ty-cp-xuat-nhap-khau-truong-loc","ID":0,"MaSoThue":"2400704251","NgayCap":"2014-02-25T00:00:00Z","Title":"Công Ty CP Xuất Nhập Khẩu Trường Lộc","DiaChiCongTy":"Thôn Đồng Rì - Thị Trấn Thanh Sơn - Huyện Sơn Động - Bắc Giang","Created":"2015-11-09T18:01:23Z","Updated":"2015-11-09T18:01:23Z","IsDelete":false,"RequestChanged":false,"ExitsInGDT":false,"SourceID":0,"TinhThanhID":0,"TinhThanhTitle":"Bắc Giang","TinhThanhTitleAscii":"/bac-giang","QuanHuyenID":0,"NganhNgheTitle":"Sản xuất khác chưa được phân vào đâu","NganhNgheTitleAscii":"/nganh-nghe/san-xuat-khac-chua-duoc-phan-vao-dau","DSTags":["2400704251","Bắc Giang",null]},{"Type":11,"SolrID":"/2400645736-cong-ty-nhiet-dien-son-dong-vinacomin-chi-nhanh-tong-cong-ty-dien-luc-vinacomin","ID":0,"MaSoThue":"2400645736","NgayCap":"2013-06-28T00:00:00Z","Title":"Công ty Nhiệt điện Sơn Động- Vinacomin - Chi nhánh Tổng công ty điện lực Vinacomin","DiaChiCongTy":"Đồng Rì - Thị Trấn Thanh Sơn - Huyện Sơn Động - Bắc Giang","Created":"2015-11-16T12:05:15Z","Updated":"2015-11-16T12:05:15Z","IsDelete":false,"RequestChanged":false,"ExitsInGDT":false,"SourceID":0,"TinhThanhID":0,"TinhThanhTitle":"Bắc Giang","TinhThanhTitleAscii":"/bac-giang","QuanHuyenID":0,"NganhNgheTitle":"Sản xuất điện","NganhNgheTitleAscii":"/nganh-nghe/san-xuat-dien","DSTags":["2400645736","Bắc Giang",null]},{"Type":11,"SolrID":"/2400642693-cong-ty-tnhh-mot-thanh-vien-dich-vu-vien-thong-hung-duyen","ID":0,"MaSoThue":"2400642693","NgayCap":"2013-04-23T00:00:00Z","Title":"Công Ty TNHH Một Thành Viên Dịch Vụ Viễn Thông Hùng Duyên","DiaChiCongTy":"Thôn Nòn - Thị Trấn Thanh Sơn - Huyện Sơn Động - Bắc Giang","Created":"2015-11-11T23:10:07Z","Updated":"2015-11-11T23:10:07Z","IsDelete":false,"RequestChanged":false,"ExitsInGDT":false,"SourceID":0,"TinhThanhID":0,"TinhThanhTitle":"Bắc Giang","TinhThanhTitleAscii":"/bac-giang","QuanHuyenID":0,"NganhNgheTitle":"Hoạt động viễn thông có dây","NganhNgheTitleAscii":"/nganh-nghe/hoat-dong-vien-thong-co-day","DSTags":["2400642693","Bắc Giang",null]},{"Type":11,"SolrID":"/2400580380-cong-ty-tnhh-mot-thanh-vien-dat-khanh","ID":0,"MaSoThue":"2400580380","NgayCap":"2011-12-22T00:00:00Z","Title":"Công Ty TNHH Một Thành Viên Đạt Khánh","DiaChiCongTy":"Khu Chợ - Thị Trấn Thanh Sơn - Huyện Sơn Động - Bắc Giang","Created":"2015-11-10T02:03:16Z","Updated":"2015-11-10T02:03:16Z","IsDelete":false,"RequestChanged":false,"ExitsInGDT":false,"SourceID":0,"TinhThanhID":0,"TinhThanhTitle":"Bắc Giang","TinhThanhTitleAscii":"/bac-giang","QuanHuyenID":0,"NganhNgheTitle":"Xây dựng nhà các loại","NganhNgheTitleAscii":"/nganh-nghe/xay-dung-nha-cac-loai","DSTags":["2400580380","Bắc Giang",null]},{"Type":11,"SolrID":"/0104297034-003-cong-ty-nhiet-dien-son-dong-vinacomin-chi-nhanh-tong-cong-ty-dien-luc-vinacomin","ID":0,"MaSoThue":"0104297034-003","NgayCap":"2010-11-19T00:00:00Z","Title":"Công Ty  Nhiệt Điện Sơn Động � Vinacomin � Chi Nhánh Tổng Công Ty Điện Lực Vinacomin","DiaChiCongTy":"Thôn Đồng Rì - Thị Trấn Thanh Sơn - Huyện Sơn Động - Bắc Giang","Created":"2015-11-18T10:55:50Z","Updated":"2015-11-18T10:55:50Z","IsDelete":false,"RequestChanged":false,"ExitsInGDT":false,"SourceID":0,"TinhThanhID":0,"TinhThanhTitle":"Bắc Giang","TinhThanhTitleAscii":"/bac-giang","QuanHuyenID":0,"NganhNgheTitle":"Sản xuất điện","NganhNgheTitleAscii":"/nganh-nghe/san-xuat-dien","DSTags":["0104297034-003","Bắc Giang",null]},{"Type":11,"SolrID":"/2400516882-doanh-nghiep-tu-nhan-thang-huan","ID":0,"MaSoThue":"2400516882","NgayCap":"2010-06-22T00:00:00Z","Title":"Doanh Nghiệp Tư Nhân Thắng Huấn","DiaChiCongTy":"Thôn Nòn, Thị Trấn Thanh Sơn, Huyện Sơn Động, Tỉnh Bắc Giang","Created":"2018-05-07T10:36:22Z","Updated":"2018-05-07T10:36:22Z","IsDelete":false,"RequestChanged":false,"ExitsInGDT":false,"SourceID":0,"TinhThanhID":0,"TinhThanhTitle":"Bắc Giang","TinhThanhTitleAscii":"/bac-giang","QuanHuyenID":0,"DSTags":["2400516882","Bắc Giang",null]},{"Type":11,"SolrID":"/2400505270-cong-ty-co-phan-de-viet","ID":0,"MaSoThue":"2400505270","NgayCap":"2010-05-11T00:00:00Z","Title":"Công ty Cổ phần Dế việt","DiaChiCongTy":"thôn Nòn, thị trấn Thanh Sơn - Thị Trấn Thanh Sơn - Huyện Sơn Động - Bắc Giang","Created":"2015-11-09T01:15:57Z","Updated":"2015-11-09T01:15:57Z","IsDelete":false,"RequestChanged":false,"ExitsInGDT":false,"SourceID":0,"TinhThanhID":0,"TinhThanhTitle":"Bắc Giang","TinhThanhTitleAscii":"/bac-giang","QuanHuyenID":0,"NganhNgheTitle":"Chăn nuôi khác","NganhNgheTitleAscii":"/nganh-nghe/chan-nuoi-khac","DSTags":["2400505270","Bắc Giang",null]},{"Type":11,"SolrID":"/2400469664-059-truong-mam-non-thanh-son-son-dong","ID":0,"MaSoThue":"2400469664-059","NgayCap":"2009-10-01T00:00:00Z","Title":"Trường Mầm non Thanh Sơn Sơn Động","DiaChiCongTy":"Thôn Nòn - Thị trấn Thanh Sơn - Huyện Sơn Động - Bắc Giang","Created":"2015-11-17T22:25:51Z","Updated":"2015-11-17T22:25:51Z","IsDelete":false,"RequestChanged":false,"ExitsInGDT":false,"SourceID":0,"TinhThanhID":0,"TinhThanhTitle":"Bắc Giang","TinhThanhTitleAscii":"/bac-giang","QuanHuyenID":0,"NganhNgheTitle":"Giáo dục trung học cơ sở và trung học phổ thông","NganhNgheTitleAscii":"/nganh-nghe/giao-duc-trung-hoc-co-so-va-trung-hoc-pho-thong","DSTags":["2400469664-059","Bắc Giang",null]},{"Type":11,"SolrID":"/2400469664-008-truong-thcs-thanh-son-son-dong","ID":0,"MaSoThue":"2400469664-008","NgayCap":"2009-09-30T00:00:00Z","Title":"Trường THCS Thanh Sơn Sơn Động","DiaChiCongTy":"Thị trấn Thanh Sơn - Huyện Sơn Động - Bắc Giang","Created":"2015-11-17T22:25:10Z","Updated":"2015-11-17T22:25:10Z","IsDelete":false,"RequestChanged":false,"ExitsInGDT":false,"SourceID":0,"TinhThanhID":0,"TinhThanhTitle":"Bắc Giang","TinhThanhTitleAscii":"/bac-giang","QuanHuyenID":0,"NganhNgheTitle":"Giáo dục trung học cơ sở và trung học phổ thông","NganhNgheTitleAscii":"/nganh-nghe/giao-duc-trung-hoc-co-so-va-trung-hoc-pho-thong","DSTags":["2400469664-008","Bắc Giang",null]},{"Type":11,"SolrID":"/2400454499-hop-tac-xa-son-thanh","ID":0,"MaSoThue":"2400454499","NgayCap":"2009-05-25T00:00:00Z","Title":"Hợp Tác Xã Sơn thanh","DiaChiCongTy":"Thị trấn thanh sơn - Huyện Sơn Động - Bắc Giang","Created":"2015-11-17T11:00:41Z","Updated":"2015-11-17T11:00:41Z","IsDelete":false,"RequestChanged":false,"ExitsInGDT":false,"SourceID":0,"TinhThanhID":0,"TinhThanhTitle":"Bắc Giang","TinhThanhTitleAscii":"/bac-giang","QuanHuyenID":0,"NganhNgheTitle":"Vận tải đường bộ khác","NganhNgheTitleAscii":"/nganh-nghe/van-tai-duong-bo-khac","DSTags":["2400454499","Bắc Giang",null]},{"Type":11,"SolrID":"/5700703568-cong-ty-tnhh-mot-thanh-vien-hai-doan","ID":0,"MaSoThue":"5700703568","NgayCap":"2007-12-19T00:00:00Z","Title":"Công ty TNHH một thành viên Hải Đoàn","DiaChiCongTy":"Thị trấn Thanh Sơn - Huyện Sơn Động - Bắc Giang","Created":"2015-11-12T05:00:50Z","Updated":"2015-11-12T05:00:50Z","IsDelete":false,"RequestChanged":false,"ExitsInGDT":false,"SourceID":0,"TinhThanhID":0,"TinhThanhTitle":"Bắc Giang","TinhThanhTitleAscii":"/bac-giang","QuanHuyenID":0,"NganhNgheTitle":"Bán phụ tùng và các bộ phận phụ trợ của ô tô và xe có động cơ khác","NganhNgheTitleAscii":"/nganh-nghe/ban-phu-tung-va-cac-bo-phan-phu-tro-cua-o-to-va-xe-co-dong-co-khac","DSTags":["5700703568","Bắc Giang",null]},{"Type":11,"SolrID":"/5700639841-cong-ty-tnhh-1-thanh-vien-45","ID":0,"MaSoThue":"5700639841","NgayCap":"2007-03-16T00:00:00Z","Title":"Công Ty TNHH 1 Thành Viên 45","DiaChiCongTy":"Đồng Rì - Thị Trấn Thanh Sơn - Huyện Sơn Động - Bắc Giang","Created":"2015-11-11T07:37:41Z","Updated":"2015-11-11T07:37:41Z","IsDelete":false,"RequestChanged":false,"ExitsInGDT":false,"SourceID":0,"TinhThanhID":0,"TinhThanhTitle":"Bắc Giang","TinhThanhTitleAscii":"/bac-giang","QuanHuyenID":0,"NganhNgheTitle":"Khai thác và thu gom than non","NganhNgheTitleAscii":"/nganh-nghe/khai-thac-va-thu-gom-than-non","DSTags":["5700639841","Bắc Giang",null]}]}