{"ID":22556,"SolrID":"/bac-giang/huyen-son-dong/thi-tran-tay-yen-tu","Title":"Thị Trấn Tây Yên Tử","TinhThanhTitle":"Bắc Giang","QuanHuyenTitle":"Huyện Sơn Động","QuanHuyenID":518,"TinhThanhID":54,"Url":"https://thongtindoanhnghiep.co/api/company?l=/bac-giang/huyen-son-dong/thi-tran-tay-yen-tu","Total":7,"List":[{"Type":11,"SolrID":"/2400919176-cong-ty-co-phan-dau-tu-xay-dung-ri-t","ID":0,"MaSoThue":"2400919176","NgayCap":"2021-09-08T00:00:00Z","Title":"Công Ty Cổ Phần Đầu Tư Xây Dựng Ri.t","DiaChiCongTy":"Tổ dân phố Mậu, Thị trấn Tây Yên Tử, Huyện Sơn Động, Tỉnh Bắc Giang","Created":"2021-09-08T17:36:02Z","Updated":"2021-09-08T17:36:02Z","IsDelete":false,"RequestChanged":false,"ExitsInGDT":false,"SourceID":0,"TinhThanhID":0,"TinhThanhTitle":"Bắc Giang","TinhThanhTitleAscii":"/bac-giang","QuanHuyenID":0,"NganhNgheTitle":"Hoạt động dịch vụ hỗ trợ kinh doanh khác còn lại chưa được phân vào đâu","NganhNgheTitleAscii":"/nganh-nghe/hoat-dong-dich-vu-ho-tro-kinh-doanh-khac-con-lai-chua-duoc-phan-vao-dau","DSTags":["2400919176","Bắc Giang",null]},{"Type":11,"SolrID":"/2400918197-cong-ty-tnhh-dvtm-van-tai-tan-khang","ID":0,"MaSoThue":"2400918197","NgayCap":"2021-08-23T00:00:00Z","Title":"Công Ty TNHH Dvtm Vận Tải Tân Khang","DiaChiCongTy":"Tổ dân phố Đoàn Kết, Thị trấn Tây Yên Tử, Huyện Sơn Động, Tỉnh Bắc Giang","Created":"2021-08-23T18:35:33Z","Updated":"2021-08-23T18:35:33Z","IsDelete":false,"RequestChanged":false,"ExitsInGDT":false,"SourceID":0,"TinhThanhID":0,"TinhThanhTitle":"Bắc Giang","TinhThanhTitleAscii":"/bac-giang","QuanHuyenID":0,"NganhNgheTitle":"Vận tải hàng hóa bằng đường bộ","NganhNgheTitleAscii":"/nganh-nghe/van-tai-hang-hoa-bang-duong-bo","DSTags":["2400918197","Bắc Giang",null]},{"Type":11,"SolrID":"/2400915037-cong-ty-tnhh-van-tai-du-lich-huy-phat","ID":0,"MaSoThue":"2400915037","NgayCap":"2021-07-19T00:00:00Z","Title":"Công Ty TNHH Vận Tải Du Lịch Huy Phát","DiaChiCongTy":"TDP Đoàn Kết, Thị trấn Tây Yên Tử, Huyện Sơn Động, Tỉnh Bắc Giang","Created":"2021-07-19T17:36:52Z","Updated":"2021-07-19T17:36:52Z","IsDelete":false,"RequestChanged":false,"ExitsInGDT":false,"SourceID":0,"TinhThanhID":0,"TinhThanhTitle":"Bắc Giang","TinhThanhTitleAscii":"/bac-giang","QuanHuyenID":0,"NganhNgheTitle":"Vận tải hành khách đường bộ trong nội thành, ngoại thành (trừ vận tải bằng xe buýt)","NganhNgheTitleAscii":"/nganh-nghe/van-tai-hanh-khach-duong-bo-trong-noi-thanh-ngoai-thanh-tru-van-tai-bang-xe-buyt","DSTags":["2400915037","Bắc Giang",null]},{"Type":11,"SolrID":"/2400912847-cong-ty-tnhh-dau-tu-xd-tm-tong-hop-nguyen-dinh","ID":0,"MaSoThue":"2400912847","NgayCap":"2021-06-17T00:00:00Z","Title":"Công Ty TNHH Đầu Tư Xd & Tm Tổng Hợp Nguyễn Đình","DiaChiCongTy":"Tổ dân phố Đoàn Kết, Thị trấn Tây Yên Tử, Huyện Sơn Động, Tỉnh Bắc Giang","Created":"2021-06-17T17:35:28Z","Updated":"2021-06-17T17:35:28Z","IsDelete":false,"RequestChanged":false,"ExitsInGDT":false,"SourceID":0,"TinhThanhID":0,"TinhThanhTitle":"Bắc Giang","TinhThanhTitleAscii":"/bac-giang","QuanHuyenID":0,"DSTags":["2400912847","Bắc Giang",null]},{"Type":11,"SolrID":"/2400906829-cong-ty-tnhh-dau-tu-xay-dung-va-thuong-mai-ky-giang","ID":0,"MaSoThue":"2400906829","NgayCap":"2021-03-15T00:00:00Z","Title":"Công Ty TNHH Đầu Tư Xây Dựng Và Thương Mại Kỳ Giang","DiaChiCongTy":"Tổ dân phố Đoàn Kết, Thị trấn Tây Yên Tử, Huyện Sơn Động, Tỉnh Bắc Giang","Created":"2021-03-15T14:36:35Z","Updated":"2021-03-15T14:36:35Z","IsDelete":false,"RequestChanged":false,"ExitsInGDT":false,"SourceID":0,"TinhThanhID":0,"TinhThanhTitle":"Bắc Giang","TinhThanhTitleAscii":"/bac-giang","QuanHuyenID":0,"NganhNgheTitle":"Bán lẻ đồ ngũ kim, sơn, kính và thiết bị lắp đặt khác trong xây dựng trong các cửa hàng chuyên doanh","NganhNgheTitleAscii":"/nganh-nghe/ban-le-do-ngu-kim-son-kinh-va-thiet-bi-lap-dat-khac-trong-xay-dung-trong-cac-cua-hang-chuyen-doanh","DSTags":["2400906829","Bắc Giang",null]},{"Type":11,"SolrID":"/2400905945-cong-ty-tnhh-vat-lieu-xay-dung-huy-thanh","ID":0,"MaSoThue":"2400905945","NgayCap":"2021-03-03T00:00:00Z","Title":"Công Ty TNHH Vật Liệu Xây Dựng Huy Thành","DiaChiCongTy":"Tổ dân phố Đoàn Kết, Thị trấn Tây Yên Tử, Huyện Sơn Động, Tỉnh Bắc Giang","Created":"2021-03-03T17:36:12Z","Updated":"2021-03-03T17:36:12Z","IsDelete":false,"RequestChanged":false,"ExitsInGDT":false,"SourceID":0,"TinhThanhID":0,"TinhThanhTitle":"Bắc Giang","TinhThanhTitleAscii":"/bac-giang","QuanHuyenID":0,"NganhNgheTitle":"Bán buôn vật liệu, thiết bị lắp đặt khác trong xây dựng","NganhNgheTitleAscii":"/nganh-nghe/ban-buon-vat-lieu-thiet-bi-lap-dat-khac-trong-xay-dung","DSTags":["2400905945","Bắc Giang",null]},{"Type":11,"SolrID":"/2400901429-cong-ty-tnhh-thuong-mai-go-hoang-hiep","ID":0,"MaSoThue":"2400901429","NgayCap":"2020-12-23T00:00:00Z","Title":"Công Ty TNHH Thương Mại Gỗ Hoàng Hiệp","DiaChiCongTy":"Thôn Thống Nhất, Thị trấn Tây Yên Tử, Huyện Sơn Động, Tỉnh Bắc Giang","Created":"2020-12-23T17:10:05Z","Updated":"2020-12-23T17:10:05Z","IsDelete":false,"RequestChanged":false,"ExitsInGDT":false,"SourceID":0,"TinhThanhID":0,"TinhThanhTitle":"Bắc Giang","TinhThanhTitleAscii":"/bac-giang","QuanHuyenID":0,"NganhNgheTitle":"Sản xuất gỗ dán, gỗ lạng, ván ép và ván mỏng khác","NganhNgheTitleAscii":"/nganh-nghe/san-xuat-go-dan-go-lang-van-ep-va-van-mong-khac","DSTags":["2400901429","Bắc Giang",null]}]}