{"ID":10201,"SolrID":"/bac-giang/huyen-son-dong/xa-an-ba","Title":"Xã An Bá","TinhThanhTitle":"Bắc Giang","QuanHuyenTitle":"Huyện Sơn Động","QuanHuyenID":518,"TinhThanhID":54,"Url":"https://thongtindoanhnghiep.co/api/company?l=/bac-giang/huyen-son-dong/xa-an-ba","Total":13,"List":[{"Type":11,"SolrID":"/2400857459-cong-ty-tnhh-huong-tam-duong","ID":0,"MaSoThue":"2400857459","NgayCap":"2019-01-18T00:00:00Z","Title":"Công Ty TNHH Hướng Tâm Đường","DiaChiCongTy":"Thôn Vá, Xã An Bá, Huyện Sơn Động, Tỉnh Bắc Giang","Created":"2019-01-18T17:33:57Z","Updated":"2019-01-18T17:33:57Z","IsDelete":false,"RequestChanged":false,"ExitsInGDT":false,"SourceID":0,"TinhThanhID":0,"TinhThanhTitle":"Bắc Giang","TinhThanhTitleAscii":"/bac-giang","QuanHuyenID":0,"NganhNgheTitle":"Quảng cáo","NganhNgheTitleAscii":"/nganh-nghe/quang-cao","DSTags":["2400857459","Bắc Giang",null]},{"Type":11,"SolrID":"/2400850037-cong-ty-tnhh-thuong-mai-va-xay-dung-huu-hao","ID":0,"MaSoThue":"2400850037","NgayCap":"2018-10-18T00:00:00Z","Title":"Công Ty TNHH Thương Mại Và Xây Dựng Hữu Hảo","DiaChiCongTy":"Thôn Lán Than, Xã An Bá, Huyện Sơn Động, Tỉnh Bắc Giang","Created":"2018-10-18T10:48:58Z","Updated":"2018-10-18T10:48:58Z","IsDelete":false,"RequestChanged":false,"ExitsInGDT":false,"SourceID":0,"TinhThanhID":0,"TinhThanhTitle":"Bắc Giang","TinhThanhTitleAscii":"/bac-giang","QuanHuyenID":0,"NganhNgheTitle":"Vận tải hàng hóa bằng đường bộ","NganhNgheTitleAscii":"/nganh-nghe/van-tai-hang-hoa-bang-duong-bo","DSTags":["2400850037","Bắc Giang",null]},{"Type":11,"SolrID":"/2400834853-cong-ty-tnhh-dau-tu-phat-trien-thuong-mai-dai-trang","ID":0,"MaSoThue":"2400834853","NgayCap":"2018-03-27T00:00:00Z","Title":"Công Ty TNHH Đầu Tư Phát Triển Thương Mại Đài Trang","DiaChiCongTy":"Thôn Vá, Xã An Bá, Huyện Sơn Động, Tỉnh Bắc Giang","Created":"2018-03-27T08:34:27Z","Updated":"2018-03-27T08:34:27Z","IsDelete":false,"RequestChanged":false,"ExitsInGDT":false,"SourceID":0,"TinhThanhID":0,"TinhThanhTitle":"Bắc Giang","TinhThanhTitleAscii":"/bac-giang","QuanHuyenID":0,"NganhNgheTitle":"Xây dựng nhà các loại","NganhNgheTitleAscii":"/nganh-nghe/xay-dung-nha-cac-loai","DSTags":["2400834853","Bắc Giang",null]},{"Type":11,"SolrID":"/2400824608-cong-ty-tnhh-dau-tu-xay-dung-thuong-mai-trung-hieu","ID":0,"MaSoThue":"2400824608","NgayCap":"2017-10-31T00:00:00Z","Title":"Công Ty TNHH Đầu Tư Xây Dụng - Thương Mại Trung Hiếu","DiaChiCongTy":"Thôn Lan Thân, Xã An Bá, Huyện Sơn Động, Tỉnh Bắc Giang","Created":"2017-10-31T16:06:06Z","Updated":"2017-10-31T16:06:06Z","IsDelete":false,"RequestChanged":false,"ExitsInGDT":false,"SourceID":0,"TinhThanhID":0,"TinhThanhTitle":"Bắc Giang","TinhThanhTitleAscii":"/bac-giang","QuanHuyenID":0,"NganhNgheTitle":"Xây dựng nhà các loại","NganhNgheTitleAscii":"/nganh-nghe/xay-dung-nha-cac-loai","DSTags":["2400824608","Bắc Giang",null]},{"Type":11,"SolrID":"/2400811380-cong-ty-tnhh-dau-tu-kinh-doanh-thuong-mai-nguyen-nam","ID":0,"MaSoThue":"2400811380","NgayCap":"2017-03-20T00:00:00Z","Title":"Công Ty TNHH Đầu Tư Kinh Doanh Thương Mại Nguyễn Nam","DiaChiCongTy":"Thôn An Bá, Xã An Bá, Huyện Sơn Động, Tỉnh Bắc Giang","Created":"2017-03-20T11:09:08Z","Updated":"2017-03-20T11:09:08Z","IsDelete":false,"RequestChanged":false,"ExitsInGDT":false,"SourceID":0,"TinhThanhID":0,"TinhThanhTitle":"Bắc Giang","TinhThanhTitleAscii":"/bac-giang","QuanHuyenID":0,"NganhNgheTitle":"Vận tải hàng hóa bằng đường bộ","NganhNgheTitleAscii":"/nganh-nghe/van-tai-hang-hoa-bang-duong-bo","DSTags":["2400811380","Bắc Giang",null]},{"Type":11,"SolrID":"/2400810002-cong-ty-tnhh-kinh-doanh-dich-vu-thuong-mai-tien-thinh","ID":0,"MaSoThue":"2400810002","NgayCap":"2017-02-21T00:00:00Z","Title":"Công Ty TNHH Kinh Doanh Dịch Vụ Thương Mại Tiến Thịnh","DiaChiCongTy":"Thôn Vá, Xã An Bá, Huyện Sơn Động, Tỉnh Bắc Giang","Created":"2017-02-21T14:37:36Z","Updated":"2017-02-21T14:37:36Z","IsDelete":false,"RequestChanged":false,"ExitsInGDT":false,"SourceID":0,"TinhThanhID":0,"TinhThanhTitle":"Bắc Giang","TinhThanhTitleAscii":"/bac-giang","QuanHuyenID":0,"NganhNgheTitle":"Bán buôn vật liệu, thiết bị lắp đặt khác trong xây dựng","NganhNgheTitleAscii":"/nganh-nghe/ban-buon-vat-lieu-thiet-bi-lap-dat-khac-trong-xay-dung","DSTags":["2400810002","Bắc Giang",null]},{"Type":11,"SolrID":"/2400799609-hop-tac-xa-duoc-lieu-huyen-son-dong","ID":0,"MaSoThue":"2400799609","NgayCap":"2016-08-25T00:00:00Z","Title":"Hợp tác xã dược liệu huyện Sơn Động","DiaChiCongTy":"an bá - Xã An Bá - Huyện Sơn Động - Bắc Giang","Created":"2016-08-26T17:00:43Z","Updated":"2016-08-26T17:00:43Z","IsDelete":false,"RequestChanged":false,"ExitsInGDT":false,"SourceID":0,"TinhThanhID":0,"TinhThanhTitle":"Bắc Giang","TinhThanhTitleAscii":"/bac-giang","QuanHuyenID":0,"DSTags":["2400799609","Bắc Giang",null]},{"Type":11,"SolrID":"/2400788371-cong-ty-tnhh-dich-vu-thuong-mai-va-xnk-ha-huong","ID":0,"MaSoThue":"2400788371","NgayCap":"2016-01-19T00:00:00Z","Title":"Công Ty TNHH Dịch Vụ Thương Mại Và Xnk Hà Hương","DiaChiCongTy":"thôn Vá ( thuê nhà ông Trần Văn Mạnh) - Xã An Bá - Huyện Sơn Động - Bắc Giang","Created":"2016-01-21T11:10:27Z","Updated":"2016-01-21T11:10:27Z","IsDelete":false,"RequestChanged":false,"ExitsInGDT":false,"SourceID":0,"TinhThanhID":0,"TinhThanhTitle":"Bắc Giang","TinhThanhTitleAscii":"/bac-giang","QuanHuyenID":0,"NganhNgheTitle":"Bán buôn vật liệu, thiết bị lắp đặt khác trong xây dựng","NganhNgheTitleAscii":"/nganh-nghe/ban-buon-vat-lieu-thiet-bi-lap-dat-khac-trong-xay-dung","DSTags":["2400788371","Bắc Giang",null]},{"Type":11,"SolrID":"/2400689003-hop-tac-xa-hoang-an","ID":0,"MaSoThue":"2400689003","NgayCap":"2014-01-08T00:00:00Z","Title":"Hợp tác xã Hoàng An","DiaChiCongTy":"an bá - Xã An Bá - Huyện Sơn Động - Bắc Giang","Created":"2015-11-16T12:14:39Z","Updated":"2015-11-16T12:14:39Z","IsDelete":false,"RequestChanged":false,"ExitsInGDT":false,"SourceID":0,"TinhThanhID":0,"TinhThanhTitle":"Bắc Giang","TinhThanhTitleAscii":"/bac-giang","QuanHuyenID":0,"NganhNgheTitle":"Hoạt động ấp trứng và sản xuất giống gia cầm","NganhNgheTitleAscii":"/nganh-nghe/hoat-dong-ap-trung-va-san-xuat-giong-gia-cam","DSTags":["2400689003","Bắc Giang",null]},{"Type":11,"SolrID":"/2400469664-039-truong-tieu-hoc-xa-an-ba-son-dong","ID":0,"MaSoThue":"2400469664-039","NgayCap":"2009-10-01T00:00:00Z","Title":"Trường Tiểu học xã An Bá Sơn Động","DiaChiCongTy":"Thôn Ngã Hai - xã An Bá - Huyện Sơn Động - Bắc Giang","Created":"2015-11-17T22:25:36Z","Updated":"2015-11-17T22:25:36Z","IsDelete":false,"RequestChanged":false,"ExitsInGDT":false,"SourceID":0,"TinhThanhID":0,"TinhThanhTitle":"Bắc Giang","TinhThanhTitleAscii":"/bac-giang","QuanHuyenID":0,"NganhNgheTitle":"Giáo dục tiểu học","NganhNgheTitleAscii":"/nganh-nghe/giao-duc-tieu-hoc","DSTags":["2400469664-039","Bắc Giang",null]},{"Type":11,"SolrID":"/2400469664-051-truong-mam-non-xa-an-ba-son-dong","ID":0,"MaSoThue":"2400469664-051","NgayCap":"2009-10-01T00:00:00Z","Title":"Trường Mầm non xã An Bá Sơn Động","DiaChiCongTy":"Thôn An Bá - Xã An Bá - Huyện Sơn Động - Bắc Giang","Created":"2015-11-17T22:25:45Z","Updated":"2015-11-17T22:25:45Z","IsDelete":false,"RequestChanged":false,"ExitsInGDT":false,"SourceID":0,"TinhThanhID":0,"TinhThanhTitle":"Bắc Giang","TinhThanhTitleAscii":"/bac-giang","QuanHuyenID":0,"NganhNgheTitle":"Giáo dục trung học cơ sở và trung học phổ thông","NganhNgheTitleAscii":"/nganh-nghe/giao-duc-trung-hoc-co-so-va-trung-hoc-pho-thong","DSTags":["2400469664-051","Bắc Giang",null]},{"Type":11,"SolrID":"/0100511368-005-chi-nhanh-cong-ty-cp-tap-doan-khoang-san-a-cuong-mo-than-dong-tan","ID":0,"MaSoThue":"0100511368-005","NgayCap":"2008-09-15T00:00:00Z","Title":"Chi Nhánh Công Ty CP  Tập Đoàn Khoáng Sản á Cường - Mỏ Than Đồng Tàn","DiaChiCongTy":"Thôn Lái - Xã An Bá - Huyện Sơn Động - Bắc Giang","Created":"2015-11-11T06:05:51Z","Updated":"2015-11-11T06:05:51Z","IsDelete":false,"RequestChanged":false,"ExitsInGDT":false,"SourceID":0,"TinhThanhID":0,"TinhThanhTitle":"Bắc Giang","TinhThanhTitleAscii":"/bac-giang","QuanHuyenID":0,"NganhNgheTitle":"Khai thác đá, cát, sỏi, đất sét","NganhNgheTitleAscii":"/nganh-nghe/khai-thac-da-cat-soi-dat-set","DSTags":["0100511368-005","Bắc Giang",null]},{"Type":11,"SolrID":"/2400212926-ubnd-xa-an-ba","ID":0,"MaSoThue":"2400212926","NgayCap":"1998-11-27T00:00:00Z","Title":"UBND xã An Bá","DiaChiCongTy":"xóm Ngõ Hai xã An Bá - Huyện Sơn Động - Bắc Giang","Created":"2015-11-16T06:09:49Z","Updated":"2015-11-16T06:09:49Z","IsDelete":false,"RequestChanged":false,"ExitsInGDT":false,"SourceID":0,"TinhThanhID":0,"TinhThanhTitle":"Bắc Giang","TinhThanhTitleAscii":"/bac-giang","QuanHuyenID":0,"NganhNgheTitle":"Hoạt động của Đảng cộng sản, tổ chức chính trị - xã hội, hoạt động quản lý nhà nước nói chung và kinh tế tổng hợp","NganhNgheTitleAscii":"/nganh-nghe/hoat-dong-cua-dang-cong-san-to-chuc-chinh-tri-xa-hoi-hoat-dong-quan-ly-nha-nuoc-noi-chung-va-kinh-te-tong-hop","DSTags":["2400212926","Bắc Giang",null]}]}