{"ID":10205,"SolrID":"/bac-giang/huyen-son-dong/xa-chien-son","Title":"Xã Chiên Sơn","TinhThanhTitle":"Bắc Giang","QuanHuyenTitle":"Huyện Sơn Động","QuanHuyenID":518,"TinhThanhID":54,"Url":"https://thongtindoanhnghiep.co/api/company?l=/bac-giang/huyen-son-dong/xa-chien-son","Total":2,"List":[{"Type":11,"SolrID":"/2400497277-cong-ty-tnhh-mot-thanh-vien-pc-ngoc-bich","ID":0,"MaSoThue":"2400497277","NgayCap":"2010-03-10T00:00:00Z","Title":"Công ty TNHH một thành viên PC Ngọc Bích","DiaChiCongTy":"Thôn Chiên - Xã Chiên Sơn - Huyện Sơn Động - Bắc Giang","Created":"2015-11-09T10:02:21Z","Updated":"2015-11-09T10:02:21Z","IsDelete":false,"RequestChanged":false,"ExitsInGDT":false,"SourceID":0,"TinhThanhID":0,"TinhThanhTitle":"Bắc Giang","TinhThanhTitleAscii":"/bac-giang","QuanHuyenID":0,"NganhNgheTitle":"Bán buôn nông, lâm sản nguyên liệu (trừ gỗ, tre, nứa) và động vật sống","NganhNgheTitleAscii":"/nganh-nghe/ban-buon-nong-lam-san-nguyen-lieu-tru-go-tre-nua-va-dong-vat-song","DSTags":["2400497277","Bắc Giang",null]},{"Type":11,"SolrID":"/2400469664-034-truong-tieu-hoc-chien-son-son-dong","ID":0,"MaSoThue":"2400469664-034","NgayCap":"2009-10-01T00:00:00Z","Title":"Trường Tiểu học Chiên Sơn Sơn Động","DiaChiCongTy":"Thôn Chiên - Xã Chiên Sơn - Huyện Sơn Động - Bắc Giang","Created":"2015-11-17T22:25:31Z","Updated":"2015-11-17T22:25:31Z","IsDelete":false,"RequestChanged":false,"ExitsInGDT":false,"SourceID":0,"TinhThanhID":0,"TinhThanhTitle":"Bắc Giang","TinhThanhTitleAscii":"/bac-giang","QuanHuyenID":0,"NganhNgheTitle":"Giáo dục tiểu học","NganhNgheTitleAscii":"/nganh-nghe/giao-duc-tieu-hoc","DSTags":["2400469664-034","Bắc Giang",null]}]}