{"ID":1942,"SolrID":"/bac-giang/huyen-son-dong/xa-duong-huu","Title":"Xã Dương Hưu","TinhThanhTitle":"Bắc Giang","QuanHuyenTitle":"Huyện Sơn Động","QuanHuyenID":518,"TinhThanhID":54,"Url":"https://thongtindoanhnghiep.co/api/company?l=/bac-giang/huyen-son-dong/xa-duong-huu","Total":15,"List":[{"Type":11,"SolrID":"/2400850654-cong-ty-tnhh-dau-tu-phat-trien-thuong-mai-ngoc-linh","ID":0,"MaSoThue":"2400850654","NgayCap":"2018-10-25T00:00:00Z","Title":"Công Ty TNHH Đầu Tư Phát Triển Thương Mại Ngọc Linh","DiaChiCongTy":"Thôn Đồng Diễu , Xã Dương Hưu, Huyện Sơn Động, Tỉnh Bắc Giang","Created":"2018-10-26T08:15:47Z","Updated":"2018-10-26T08:15:47Z","IsDelete":false,"RequestChanged":false,"ExitsInGDT":false,"SourceID":0,"TinhThanhID":0,"TinhThanhTitle":"Bắc Giang","TinhThanhTitleAscii":"/bac-giang","QuanHuyenID":0,"NganhNgheTitle":"Bán buôn vật liệu, thiết bị lắp đặt khác trong xây dựng","NganhNgheTitleAscii":"/nganh-nghe/ban-buon-vat-lieu-thiet-bi-lap-dat-khac-trong-xay-dung","DSTags":["2400850654","Bắc Giang",null]},{"Type":11,"SolrID":"/2400812835-cong-ty-tnhh-lon-sach-son-dong","ID":0,"MaSoThue":"2400812835","NgayCap":"2017-04-11T00:00:00Z","Title":"Công Ty TNHH Lợn Sạch Sơn Động","DiaChiCongTy":"Bản Lốc, Xã Dương Hưu, Huyện Sơn Động, Tỉnh Bắc Giang","Created":"2017-04-11T11:40:41Z","Updated":"2017-04-11T11:40:41Z","IsDelete":false,"RequestChanged":false,"ExitsInGDT":false,"SourceID":0,"TinhThanhID":0,"TinhThanhTitle":"Bắc Giang","TinhThanhTitleAscii":"/bac-giang","QuanHuyenID":0,"NganhNgheTitle":"Chăn nuôi lợn","NganhNgheTitleAscii":"/nganh-nghe/chan-nuoi-lon","DSTags":["2400812835","Bắc Giang",null]},{"Type":11,"SolrID":"/2400802900-cong-ty-tnhh-hiep-loi-bac-giang","ID":0,"MaSoThue":"2400802900","NgayCap":"2016-11-07T00:00:00Z","Title":"Công Ty TNHH Hiệp Lợi Bắc Giang","DiaChiCongTy":"Thôn Thoi - Xã Dương Hưu - Huyện Sơn Động - Bắc Giang","Created":"2016-11-08T18:48:13Z","Updated":"2016-11-08T18:48:13Z","IsDelete":false,"RequestChanged":false,"ExitsInGDT":false,"SourceID":0,"TinhThanhID":0,"TinhThanhTitle":"Bắc Giang","TinhThanhTitleAscii":"/bac-giang","QuanHuyenID":0,"NganhNgheTitle":"Trồng rừng và chăm sóc rừng","NganhNgheTitleAscii":"/nganh-nghe/trong-rung-va-cham-soc-rung","DSTags":["2400802900","Bắc Giang",null]},{"Type":11,"SolrID":"/2400802636-cong-ty-tnhh-minh-duc-long-son","ID":0,"MaSoThue":"2400802636","NgayCap":"2016-11-01T00:00:00Z","Title":"Công Ty TNHH Minh Đức Long Sơn","DiaChiCongTy":"Thôn Mục - Xã Dương Hưu - Huyện Sơn Động - Bắc Giang","Created":"2016-11-02T06:45:52Z","Updated":"2016-11-02T06:45:52Z","IsDelete":false,"RequestChanged":false,"ExitsInGDT":false,"SourceID":0,"TinhThanhID":0,"TinhThanhTitle":"Bắc Giang","TinhThanhTitleAscii":"/bac-giang","QuanHuyenID":0,"NganhNgheTitle":"Sản xuất than cốc","NganhNgheTitleAscii":"/nganh-nghe/san-xuat-than-coc","DSTags":["2400802636","Bắc Giang",null]},{"Type":11,"SolrID":"/2400797143-cong-ty-co-phan-nutrition-farm","ID":0,"MaSoThue":"2400797143","NgayCap":"2016-06-30T00:00:00Z","Title":"Công Ty Cổ Phần Nutrition Farm","DiaChiCongTy":"Bản Lốc - Xã Dương Hưu - Huyện Sơn Động - Bắc Giang","Created":"2016-07-06T10:18:43Z","Updated":"2016-07-06T10:18:43Z","IsDelete":false,"RequestChanged":false,"ExitsInGDT":false,"SourceID":0,"TinhThanhID":0,"TinhThanhTitle":"Bắc Giang","TinhThanhTitleAscii":"/bac-giang","QuanHuyenID":0,"NganhNgheTitle":"Chăn nuôi lợn","NganhNgheTitleAscii":"/nganh-nghe/chan-nuoi-lon","DSTags":["2400797143","Bắc Giang",null]},{"Type":11,"SolrID":"/2400773086-cong-ty-tnhh-mot-thanh-vien-thanh-chi","ID":0,"MaSoThue":"2400773086","NgayCap":"2015-11-05T00:00:00Z","Title":"Công Ty TNHH Một Thành Viên Thanh Chí","DiaChiCongTy":"Thôn Mục - Xã Dương Hưu - Huyện Sơn Động - Bắc Giang","Created":"2015-11-19T13:03:42Z","Updated":"2015-11-19T13:03:42Z","IsDelete":false,"RequestChanged":false,"ExitsInGDT":false,"SourceID":0,"TinhThanhID":0,"TinhThanhTitle":"Bắc Giang","TinhThanhTitleAscii":"/bac-giang","QuanHuyenID":0,"NganhNgheTitle":"Bán buôn vật liệu, thiết bị lắp đặt khác trong xây dựng","NganhNgheTitleAscii":"/nganh-nghe/ban-buon-vat-lieu-thiet-bi-lap-dat-khac-trong-xay-dung","DSTags":["2400773086","Bắc Giang",null]},{"Type":11,"SolrID":"/2400740757-cong-ty-tnhh-che-bien-lam-san-tan-duong","ID":0,"MaSoThue":"2400740757","NgayCap":"2014-08-27T00:00:00Z","Title":"Công Ty TNHH Chế Biến Lâm Sản Tân Dương","DiaChiCongTy":"Thôn Thoi - Xã Dương Hưu - Huyện Sơn Động - Bắc Giang","Created":"2015-11-09T12:02:48Z","Updated":"2015-11-09T12:02:48Z","IsDelete":false,"RequestChanged":false,"ExitsInGDT":false,"SourceID":0,"TinhThanhID":0,"TinhThanhTitle":"Bắc Giang","TinhThanhTitleAscii":"/bac-giang","QuanHuyenID":0,"NganhNgheTitle":"Sản xuất gỗ dán, gỗ lạng, ván ép và ván mỏng khác","NganhNgheTitleAscii":"/nganh-nghe/san-xuat-go-dan-go-lang-van-ep-va-van-mong-khac","DSTags":["2400740757","Bắc Giang",null]},{"Type":11,"SolrID":"/2400669141-doanh-nghiep-tn-tung-trang","ID":0,"MaSoThue":"2400669141","NgayCap":"2013-12-26T00:00:00Z","Title":"Doanh Nghiệp TN Tùng Tráng","DiaChiCongTy":"Thôn Thoi - Xã Dương Hưu - Huyện Sơn Động - Bắc Giang","Created":"2015-11-09T23:02:41Z","Updated":"2015-11-09T23:02:41Z","IsDelete":false,"RequestChanged":false,"ExitsInGDT":false,"SourceID":0,"TinhThanhID":0,"TinhThanhTitle":"Bắc Giang","TinhThanhTitleAscii":"/bac-giang","QuanHuyenID":0,"NganhNgheTitle":"Bán lẻ nhiên liệu động cơ trong các cửa hàng chuyên doanh","NganhNgheTitleAscii":"/nganh-nghe/ban-le-nhien-lieu-dong-co-trong-cac-cua-hang-chuyen-doanh","DSTags":["2400669141","Bắc Giang",null]},{"Type":11,"SolrID":"/2400651747-cong-ty-tnhh-trong-rung-dong-bac","ID":0,"MaSoThue":"2400651747","NgayCap":"2013-11-19T00:00:00Z","Title":"Công Ty TNHH Trồng Rừng Đông Bắc","DiaChiCongTy":"Thôn Dương Mục - Xã Dương Hưu - Huyện Sơn Động - Bắc Giang","Created":"2015-11-09T22:41:09Z","Updated":"2015-11-09T22:41:09Z","IsDelete":false,"RequestChanged":false,"ExitsInGDT":false,"SourceID":0,"TinhThanhID":0,"TinhThanhTitle":"Bắc Giang","TinhThanhTitleAscii":"/bac-giang","QuanHuyenID":0,"NganhNgheTitle":"Trồng rừng và chăm sóc rừng","NganhNgheTitleAscii":"/nganh-nghe/trong-rung-va-cham-soc-rung","DSTags":["2400651747","Bắc Giang",null]},{"Type":11,"SolrID":"/2400469664-058-truong-mam-non-duong-huu-son-dong","ID":0,"MaSoThue":"2400469664-058","NgayCap":"2009-10-01T00:00:00Z","Title":"Trường Mầm non Dương Hưu Sơn Động","DiaChiCongTy":"Thôn Thoi - xã Dương Hưu - Huyện Sơn Động - Bắc Giang","Created":"2015-11-17T22:25:50Z","Updated":"2015-11-17T22:25:50Z","IsDelete":false,"RequestChanged":false,"ExitsInGDT":false,"SourceID":0,"TinhThanhID":0,"TinhThanhTitle":"Bắc Giang","TinhThanhTitleAscii":"/bac-giang","QuanHuyenID":0,"NganhNgheTitle":"Giáo dục trung học cơ sở và trung học phổ thông","NganhNgheTitleAscii":"/nganh-nghe/giao-duc-trung-hoc-co-so-va-trung-hoc-pho-thong","DSTags":["2400469664-058","Bắc Giang",null]},{"Type":11,"SolrID":"/2400469664-016-truong-thcs-duong-huu-son-dong","ID":0,"MaSoThue":"2400469664-016","NgayCap":"2009-09-30T00:00:00Z","Title":"Trường THCS Dương Hưu Sơn Động","DiaChiCongTy":"Xã Dương Hưu - Huyện Sơn Động - Bắc Giang","Created":"2015-11-17T22:25:18Z","Updated":"2015-11-17T22:25:18Z","IsDelete":false,"RequestChanged":false,"ExitsInGDT":false,"SourceID":0,"TinhThanhID":0,"TinhThanhTitle":"Bắc Giang","TinhThanhTitleAscii":"/bac-giang","QuanHuyenID":0,"NganhNgheTitle":"Giáo dục trung học cơ sở và trung học phổ thông","NganhNgheTitleAscii":"/nganh-nghe/giao-duc-trung-hoc-co-so-va-trung-hoc-pho-thong","DSTags":["2400469664-016","Bắc Giang",null]},{"Type":11,"SolrID":"/2400469664-025-truong-tieu-hoc-xa-duong-huu-son-dong","ID":0,"MaSoThue":"2400469664-025","NgayCap":"2009-09-30T00:00:00Z","Title":"Trường tiểu học xã Dương hưu sơn động","DiaChiCongTy":"Thôn thoi- xã Dương hưu - Huyện Sơn Động - Bắc Giang","Created":"2015-11-17T22:25:24Z","Updated":"2015-11-17T22:25:24Z","IsDelete":false,"RequestChanged":false,"ExitsInGDT":false,"SourceID":0,"TinhThanhID":0,"TinhThanhTitle":"Bắc Giang","TinhThanhTitleAscii":"/bac-giang","QuanHuyenID":0,"NganhNgheTitle":"Giáo dục trung học cơ sở và trung học phổ thông","NganhNgheTitleAscii":"/nganh-nghe/giao-duc-trung-hoc-co-so-va-trung-hoc-pho-thong","DSTags":["2400469664-025","Bắc Giang",null]},{"Type":11,"SolrID":"/5700377201-001-nha-may-giay-duong-huu-chi-nhanh-cong-ty-tnhh-huong-dung","ID":0,"MaSoThue":"5700377201-001","NgayCap":"2004-08-18T00:00:00Z","Title":"Nhà máy giấy Dương Hưu - Chi nhánh công ty TNHH Hưởng Dung","DiaChiCongTy":"Xã Dương Hưu - Huyện Sơn Động - Bắc Giang","Created":"2015-11-18T09:17:43Z","Updated":"2015-11-18T09:17:43Z","IsDelete":false,"RequestChanged":false,"ExitsInGDT":false,"SourceID":0,"TinhThanhID":0,"TinhThanhTitle":"Bắc Giang","TinhThanhTitleAscii":"/bac-giang","QuanHuyenID":0,"NganhNgheTitle":"Sản xuất giấy và sản phẩm từ giấy","NganhNgheTitleAscii":"/nganh-nghe/san-xuat-giay-va-san-pham-tu-giay-170","DSTags":["5700377201-001","Bắc Giang",null]},{"Type":11,"SolrID":"/5700377201-cong-ty-trach-nhiem-huu-han-huong-dung","ID":0,"MaSoThue":"5700377201","NgayCap":"2002-01-25T00:00:00Z","Title":"Công Ty Trách Nhiệm Hữu Hạn Hưởng Dung","DiaChiCongTy":"Thôn Đồng Bên - Xã Dương Hưu - Huyện Sơn Động - Bắc Giang","Created":"2015-11-10T01:07:59Z","Updated":"2015-11-10T01:07:59Z","IsDelete":false,"RequestChanged":false,"ExitsInGDT":false,"SourceID":0,"TinhThanhID":0,"TinhThanhTitle":"Bắc Giang","TinhThanhTitleAscii":"/bac-giang","QuanHuyenID":0,"DSTags":["5700377201","Bắc Giang",null]},{"Type":11,"SolrID":"/2400212838-ubnd-xa-duong-huu","ID":0,"MaSoThue":"2400212838","NgayCap":"1998-11-27T00:00:00Z","Title":"UBND xã Dương Hưu","DiaChiCongTy":"Xóm Thoi xã Dương Hưu - Huyện Sơn Động - Bắc Giang","Created":"2015-11-14T17:13:34Z","Updated":"2015-11-14T17:13:34Z","IsDelete":false,"RequestChanged":false,"ExitsInGDT":false,"SourceID":0,"TinhThanhID":0,"TinhThanhTitle":"Bắc Giang","TinhThanhTitleAscii":"/bac-giang","QuanHuyenID":0,"NganhNgheTitle":"Hoạt động của Đảng cộng sản, tổ chức chính trị - xã hội, hoạt động quản lý nhà nước nói chung và kinh tế tổng hợp","NganhNgheTitleAscii":"/nganh-nghe/hoat-dong-cua-dang-cong-san-to-chuc-chinh-tri-xa-hoi-hoat-dong-quan-ly-nha-nuoc-noi-chung-va-kinh-te-tong-hop","DSTags":["2400212838","Bắc Giang",null]}]}