{"ID":16296,"SolrID":"/bac-giang/huyen-son-dong/xa-dinh-huong","Title":"Xã Dĩnh Hương","TinhThanhTitle":"Bắc Giang","QuanHuyenTitle":"Huyện Sơn Động","QuanHuyenID":518,"TinhThanhID":54,"Url":"https://thongtindoanhnghiep.co/api/company?l=/bac-giang/huyen-son-dong/xa-dinh-huong","Total":1,"List":[{"Type":11,"SolrID":"/2400492511-cong-ty-tnhh-mot-thanh-vien-xay-dung-va-thuong-mai-hoang-dat","ID":0,"MaSoThue":"2400492511","NgayCap":"2009-12-16T00:00:00Z","Title":"Công ty TNHH một thành viên xây dựng và thương mại Hoàng Đạt","DiaChiCongTy":"thôn Thanh Hương, xã Dĩnh Hương - Huyện Sơn Động - Bắc Giang","Created":"2015-11-11T08:59:26Z","Updated":"2015-11-11T08:59:26Z","IsDelete":false,"RequestChanged":false,"ExitsInGDT":false,"SourceID":0,"TinhThanhID":0,"TinhThanhTitle":"Bắc Giang","TinhThanhTitleAscii":"/bac-giang","QuanHuyenID":0,"NganhNgheTitle":"Xây dựng công trình kỹ thuật dân dụng","NganhNgheTitleAscii":"/nganh-nghe/xay-dung-cong-trinh-ky-thuat-dan-dung","DSTags":["2400492511","Bắc Giang",null]}]}