{"ID":10199,"SolrID":"/bac-giang/huyen-son-dong/xa-giao-liem","Title":"Xã Giáo Liêm","TinhThanhTitle":"Bắc Giang","QuanHuyenTitle":"Huyện Sơn Động","QuanHuyenID":518,"TinhThanhID":54,"Url":"https://thongtindoanhnghiep.co/api/company?l=/bac-giang/huyen-son-dong/xa-giao-liem","Total":2,"List":[{"Type":11,"SolrID":"/2400469664-063-truong-mam-non-giao-liem","ID":0,"MaSoThue":"2400469664-063","NgayCap":"2012-03-30T00:00:00Z","Title":"Trường mầm non Giáo Liêm","DiaChiCongTy":"Đá Cối - Xã Giáo Liêm - Huyện Sơn Động - Bắc Giang","Created":"2015-11-17T22:25:56Z","Updated":"2015-11-17T22:25:56Z","IsDelete":false,"RequestChanged":false,"ExitsInGDT":false,"SourceID":0,"TinhThanhID":0,"TinhThanhTitle":"Bắc Giang","TinhThanhTitleAscii":"/bac-giang","QuanHuyenID":0,"NganhNgheTitle":"Giáo dục mầm non","NganhNgheTitleAscii":"/nganh-nghe/giao-duc-mam-non","DSTags":["2400469664-063","Bắc Giang",null]},{"Type":11,"SolrID":"/2400469664-031-truong-tieu-hoc-giao-liem-son-dong","ID":0,"MaSoThue":"2400469664-031","NgayCap":"2009-09-30T00:00:00Z","Title":"Trường tiểu học giáo liêm sơn động","DiaChiCongTy":"Thôn rèm- xã giáo liêm - Huyện Sơn Động - Bắc Giang","Created":"2015-11-17T22:25:30Z","Updated":"2015-11-17T22:25:30Z","IsDelete":false,"RequestChanged":false,"ExitsInGDT":false,"SourceID":0,"TinhThanhID":0,"TinhThanhTitle":"Bắc Giang","TinhThanhTitleAscii":"/bac-giang","QuanHuyenID":0,"NganhNgheTitle":"Giáo dục tiểu học","NganhNgheTitleAscii":"/nganh-nghe/giao-duc-tieu-hoc","DSTags":["2400469664-031","Bắc Giang",null]}]}