{"ID":8104,"SolrID":"/bac-giang/huyen-son-dong/xa-le-vien","Title":"Xã Lệ Viễn","TinhThanhTitle":"Bắc Giang","QuanHuyenTitle":"Huyện Sơn Động","QuanHuyenID":518,"TinhThanhID":54,"Url":"https://thongtindoanhnghiep.co/api/company?l=/bac-giang/huyen-son-dong/xa-le-vien","Total":5,"List":[{"Type":11,"SolrID":"/2400647719-cong-ty-tnhh-mot-thanh-vien-xay-dung-va-thuong-mai-huong-duong-bac-giang","ID":0,"MaSoThue":"2400647719","NgayCap":"2013-09-03T00:00:00Z","Title":"Công Ty TNHH Một Thành Viên Xây Dựng Và Thương Mại Hướng Dương Bắc Giang.","DiaChiCongTy":"Thôn Nà Cái - Xã Lệ Viễn - Huyện Sơn Động - Bắc Giang","Created":"2015-11-17T07:57:09Z","Updated":"2015-11-17T07:57:09Z","IsDelete":false,"RequestChanged":false,"ExitsInGDT":false,"SourceID":0,"TinhThanhID":0,"TinhThanhTitle":"Bắc Giang","TinhThanhTitleAscii":"/bac-giang","QuanHuyenID":0,"NganhNgheTitle":"Sản xuất gỗ dán, gỗ lạng, ván ép và ván mỏng khác","NganhNgheTitleAscii":"/nganh-nghe/san-xuat-go-dan-go-lang-van-ep-va-van-mong-khac","DSTags":["2400647719","Bắc Giang",null]},{"Type":11,"SolrID":"/2400616950-cong-ty-tnhh-mot-thanh-vien-cung-ung-nhan-luc-hung-vuong","ID":0,"MaSoThue":"2400616950","NgayCap":"2012-08-09T00:00:00Z","Title":"Công Ty TNHH Một Thành Viên  Cung ứng Nhân Lực Hùng Vương","DiaChiCongTy":"Thôn Nà Cái - Xã Lệ Viễn - Huyện Sơn Động - Bắc Giang","Created":"2015-11-12T06:45:27Z","Updated":"2015-11-12T06:45:27Z","IsDelete":false,"RequestChanged":false,"ExitsInGDT":false,"SourceID":0,"TinhThanhID":0,"TinhThanhTitle":"Bắc Giang","TinhThanhTitleAscii":"/bac-giang","QuanHuyenID":0,"NganhNgheTitle":"Hoạt động của các trung tâm, đại lý tư vấn, giới thiệu và môi giới lao động, việc làm","NganhNgheTitleAscii":"/nganh-nghe/hoat-dong-cua-cac-trung-tam-dai-ly-tu-van-gioi-thieu-va-moi-gioi-lao-dong-viec-lam","DSTags":["2400616950","Bắc Giang",null]},{"Type":11,"SolrID":"/2400469664-021-trong-thcs-le-vien-son-dong","ID":0,"MaSoThue":"2400469664-021","NgayCap":"2009-10-06T00:00:00Z","Title":"Trờng THCS Lệ viễn Sơn động","DiaChiCongTy":"Xã Lệ viễn - Huyện Sơn Động - Bắc Giang","Created":"2015-11-18T15:50:08Z","Updated":"2015-11-18T15:50:08Z","IsDelete":false,"RequestChanged":false,"ExitsInGDT":false,"SourceID":0,"TinhThanhID":0,"TinhThanhTitle":"Bắc Giang","TinhThanhTitleAscii":"/bac-giang","QuanHuyenID":0,"NganhNgheTitle":"Giáo dục trung học cơ sở và trung học phổ thông","NganhNgheTitleAscii":"/nganh-nghe/giao-duc-trung-hoc-co-so-va-trung-hoc-pho-thong","DSTags":["2400469664-021","Bắc Giang",null]},{"Type":11,"SolrID":"/2400469664-043-truong-mam-non-xa-le-vien-son-dong","ID":0,"MaSoThue":"2400469664-043","NgayCap":"2009-10-01T00:00:00Z","Title":"Trường Mầm non xã Lệ Viễn Sơn Động","DiaChiCongTy":"Thôn Nà Phai - xã Lệ Viễn - Huyện Sơn Động - Bắc Giang","Created":"2015-11-17T22:25:39Z","Updated":"2015-11-17T22:25:39Z","IsDelete":false,"RequestChanged":false,"ExitsInGDT":false,"SourceID":0,"TinhThanhID":0,"TinhThanhTitle":"Bắc Giang","TinhThanhTitleAscii":"/bac-giang","QuanHuyenID":0,"NganhNgheTitle":"Giáo dục tiểu học","NganhNgheTitleAscii":"/nganh-nghe/giao-duc-tieu-hoc","DSTags":["2400469664-043","Bắc Giang",null]},{"Type":11,"SolrID":"/2400212965-ubnd-xa-le-vien","ID":0,"MaSoThue":"2400212965","NgayCap":"1998-11-27T00:00:00Z","Title":"UBND xã Lệ Viễn","DiaChiCongTy":"Xóm Nà Phai  xã Lệ Viễn - Huyện Sơn Động - Bắc Giang","Created":"2015-11-16T06:09:58Z","Updated":"2015-11-16T06:09:58Z","IsDelete":false,"RequestChanged":false,"ExitsInGDT":false,"SourceID":0,"TinhThanhID":0,"TinhThanhTitle":"Bắc Giang","TinhThanhTitleAscii":"/bac-giang","QuanHuyenID":0,"NganhNgheTitle":"Hoạt động của Đảng cộng sản, tổ chức chính trị - xã hội, hoạt động quản lý nhà nước nói chung và kinh tế tổng hợp","NganhNgheTitleAscii":"/nganh-nghe/hoat-dong-cua-dang-cong-san-to-chuc-chinh-tri-xa-hoi-hoat-dong-quan-ly-nha-nuoc-noi-chung-va-kinh-te-tong-hop","DSTags":["2400212965","Bắc Giang",null]}]}