{"ID":8534,"SolrID":"/bac-giang/huyen-son-dong/xa-long-son","Title":"Xã Long Sơn","TinhThanhTitle":"Bắc Giang","QuanHuyenTitle":"Huyện Sơn Động","QuanHuyenID":518,"TinhThanhID":54,"Url":"https://thongtindoanhnghiep.co/api/company?l=/bac-giang/huyen-son-dong/xa-long-son","Total":18,"List":[{"Type":11,"SolrID":"/2400847443-cong-ty-tnhh-mot-thanh-vien-thuong-mai-quang-to","ID":0,"MaSoThue":"2400847443","NgayCap":"2018-09-19T00:00:00Z","Title":"Công Ty TNHH Một Thành Viên Thương Mại Quang Tỏ","DiaChiCongTy":"Thôn Thượng, Xã Long Sơn, Huyện Sơn Động, Tỉnh Bắc Giang","Created":"2018-09-19T13:35:08Z","Updated":"2018-09-19T13:35:08Z","IsDelete":false,"RequestChanged":false,"ExitsInGDT":false,"SourceID":0,"TinhThanhID":0,"TinhThanhTitle":"Bắc Giang","TinhThanhTitleAscii":"/bac-giang","QuanHuyenID":0,"NganhNgheTitle":"Bán buôn chuyên doanh khác chưa được phân vào đâu","NganhNgheTitleAscii":"/nganh-nghe/ban-buon-chuyen-doanh-khac-chua-duoc-phan-vao-dau","DSTags":["2400847443","Bắc Giang",null]},{"Type":11,"SolrID":"/2400847429-cong-ty-tnhh-mot-thanh-vien-vuong-minh-phat","ID":0,"MaSoThue":"2400847429","NgayCap":"2018-09-19T00:00:00Z","Title":"Công Ty TNHH Một Thành Viên Vượng Minh Phát","DiaChiCongTy":"Thôn Thượng, Xã Long Sơn, Huyện Sơn Động, Tỉnh Bắc Giang","Created":"2018-09-19T13:36:24Z","Updated":"2018-09-19T13:36:24Z","IsDelete":false,"RequestChanged":false,"ExitsInGDT":false,"SourceID":0,"TinhThanhID":0,"TinhThanhTitle":"Bắc Giang","TinhThanhTitleAscii":"/bac-giang","QuanHuyenID":0,"NganhNgheTitle":"Bán buôn chuyên doanh khác chưa được phân vào đâu","NganhNgheTitleAscii":"/nganh-nghe/ban-buon-chuyen-doanh-khac-chua-duoc-phan-vao-dau","DSTags":["2400847429","Bắc Giang",null]},{"Type":11,"SolrID":"/2400835790-cong-ty-tnhh-mot-thanh-vien-van-ngat","ID":0,"MaSoThue":"2400835790","NgayCap":"2018-04-06T00:00:00Z","Title":"Công Ty TNHH Một Thành Viên Vấn Ngát","DiaChiCongTy":"Thôn Thượng, Xã Long Sơn, Huyện Sơn Động, Tỉnh Bắc Giang","Created":"2018-04-06T17:04:13Z","Updated":"2018-04-06T17:04:13Z","IsDelete":false,"RequestChanged":false,"ExitsInGDT":false,"SourceID":0,"TinhThanhID":0,"TinhThanhTitle":"Bắc Giang","TinhThanhTitleAscii":"/bac-giang","QuanHuyenID":0,"NganhNgheTitle":"Bán buôn vật liệu, thiết bị lắp đặt khác trong xây dựng","NganhNgheTitleAscii":"/nganh-nghe/ban-buon-vat-lieu-thiet-bi-lap-dat-khac-trong-xay-dung","DSTags":["2400835790","Bắc Giang",null]},{"Type":11,"SolrID":"/2400834130-cong-ty-tnhh-rtd-bac-giang","ID":0,"MaSoThue":"2400834130","NgayCap":"2018-03-20T00:00:00Z","Title":"Công Ty TNHH Rtd Bắc Giang","DiaChiCongTy":"Đồng Chòi, Xã Long Sơn, Huyện Sơn Động, Tỉnh Bắc Giang","Created":"2018-03-20T15:57:51Z","Updated":"2018-03-20T15:57:51Z","IsDelete":false,"RequestChanged":false,"ExitsInGDT":false,"SourceID":0,"TinhThanhID":0,"TinhThanhTitle":"Bắc Giang","TinhThanhTitleAscii":"/bac-giang","QuanHuyenID":0,"NganhNgheTitle":"Chăn nuôi lợn","NganhNgheTitleAscii":"/nganh-nghe/chan-nuoi-lon","DSTags":["2400834130","Bắc Giang",null]},{"Type":11,"SolrID":"/2400827912-cong-ty-tnhh-dau-tu-phat-trien-xay-dung-le-tam","ID":0,"MaSoThue":"2400827912","NgayCap":"2017-12-13T00:00:00Z","Title":"Công Ty TNHH Đầu Tư Phát Triển Xây Dựng Lê Tâm","DiaChiCongTy":"Thôn Hạ, Xã Long Sơn, Huyện Sơn Động, Tỉnh Bắc Giang","Created":"2017-12-13T10:59:17Z","Updated":"2017-12-13T10:59:17Z","IsDelete":false,"RequestChanged":false,"ExitsInGDT":false,"SourceID":0,"TinhThanhID":0,"TinhThanhTitle":"Bắc Giang","TinhThanhTitleAscii":"/bac-giang","QuanHuyenID":0,"NganhNgheTitle":"Xây dựng nhà các loại","NganhNgheTitleAscii":"/nganh-nghe/xay-dung-nha-cac-loai","DSTags":["2400827912","Bắc Giang",null]},{"Type":11,"SolrID":"/2400827888-cong-ty-tnhh-thuong-mai-va-dich-vu-pham-binh-son","ID":0,"MaSoThue":"2400827888","NgayCap":"2017-12-13T00:00:00Z","Title":"Công Ty TNHH Thương Mại Và Dịch Vụ Phạm Bình Sơn","DiaChiCongTy":"Thôn Bầu, Xã Long Sơn, Huyện Sơn Động, Tỉnh Bắc Giang","Created":"2017-12-13T10:59:59Z","Updated":"2017-12-13T10:59:59Z","IsDelete":false,"RequestChanged":false,"ExitsInGDT":false,"SourceID":0,"TinhThanhID":0,"TinhThanhTitle":"Bắc Giang","TinhThanhTitleAscii":"/bac-giang","QuanHuyenID":0,"NganhNgheTitle":"Bán buôn vật liệu, thiết bị lắp đặt khác trong xây dựng","NganhNgheTitleAscii":"/nganh-nghe/ban-buon-vat-lieu-thiet-bi-lap-dat-khac-trong-xay-dung","DSTags":["2400827888","Bắc Giang",null]},{"Type":11,"SolrID":"/2400820233-cong-ty-tnhh-dien-tu-vien-thong-thien-dung","ID":0,"MaSoThue":"2400820233","NgayCap":"2017-08-08T00:00:00Z","Title":"Công Ty TNHH Điện Tử Viễn Thông Thiên Dũng","DiaChiCongTy":"Thôn Hạ, Xã Long Sơn, Huyện Sơn Động, Tỉnh Bắc Giang","Created":"2017-08-08T08:39:51Z","Updated":"2017-08-08T08:39:51Z","IsDelete":false,"RequestChanged":false,"ExitsInGDT":false,"SourceID":0,"TinhThanhID":0,"TinhThanhTitle":"Bắc Giang","TinhThanhTitleAscii":"/bac-giang","QuanHuyenID":0,"NganhNgheTitle":"Bán buôn thiết bị và linh kiện điện tử, viễn thông","NganhNgheTitleAscii":"/nganh-nghe/ban-buon-thiet-bi-va-linh-kien-dien-tu-vien-thong","DSTags":["2400820233","Bắc Giang",null]},{"Type":11,"SolrID":"/2400816290-cong-ty-tnhh-dau-tu-phat-trien-thuong-mai-nguyen-hiep","ID":0,"MaSoThue":"2400816290","NgayCap":"2017-06-12T00:00:00Z","Title":"Công Ty TNHH Đầu Tư Phát Triển Thương Mại Nguyễn Hiệp","DiaChiCongTy":"Thôn Bầu, Xã Long Sơn, Huyện Sơn Động, Tỉnh Bắc Giang","Created":"2017-06-12T09:50:18Z","Updated":"2017-06-12T09:50:18Z","IsDelete":false,"RequestChanged":false,"ExitsInGDT":false,"SourceID":0,"TinhThanhID":0,"TinhThanhTitle":"Bắc Giang","TinhThanhTitleAscii":"/bac-giang","QuanHuyenID":0,"NganhNgheTitle":"Xây dựng nhà các loại","NganhNgheTitleAscii":"/nganh-nghe/xay-dung-nha-cac-loai","DSTags":["2400816290","Bắc Giang",null]},{"Type":11,"SolrID":"/2400816325-cong-ty-tnhh-xay-dung-va-thuong-mai-le-duc-thanh","ID":0,"MaSoThue":"2400816325","NgayCap":"2017-06-12T00:00:00Z","Title":"Công Ty TNHH Xây Dựng Và Thương Mại Lê Đức Thành","DiaChiCongTy":"Thôn Thanh Hương, Xã Long Sơn, Huyện Sơn Động, Tỉnh Bắc Giang","Created":"2017-06-12T10:08:02Z","Updated":"2017-06-12T10:08:02Z","IsDelete":false,"RequestChanged":false,"ExitsInGDT":false,"SourceID":0,"TinhThanhID":0,"TinhThanhTitle":"Bắc Giang","TinhThanhTitleAscii":"/bac-giang","QuanHuyenID":0,"NganhNgheTitle":"Xây dựng nhà các loại","NganhNgheTitleAscii":"/nganh-nghe/xay-dung-nha-cac-loai","DSTags":["2400816325","Bắc Giang",null]},{"Type":11,"SolrID":"/2400810676-cong-ty-tnhh-tm-an-phuc-thinh","ID":0,"MaSoThue":"2400810676","NgayCap":"2017-03-06T00:00:00Z","Title":"Công Ty TNHH Tm An Phúc Thịnh","DiaChiCongTy":"Thôn Đồng Chòi, Xã Long Sơn, Huyện Sơn Động, Tỉnh Bắc Giang","Created":"2017-03-06T09:07:49Z","Updated":"2017-03-06T09:07:49Z","IsDelete":false,"RequestChanged":false,"ExitsInGDT":false,"SourceID":0,"TinhThanhID":0,"TinhThanhTitle":"Bắc Giang","TinhThanhTitleAscii":"/bac-giang","QuanHuyenID":0,"NganhNgheTitle":"Bán buôn nhiên liệu rắn, lỏng, khí và các sản phẩm liên quan","NganhNgheTitleAscii":"/nganh-nghe/ban-buon-nhien-lieu-ran-long-khi-va-cac-san-pham-lien-quan","DSTags":["2400810676","Bắc Giang",null]},{"Type":11,"SolrID":"/2400798002-cong-ty-tnhh-mot-thanh-vien-duy-long-long-son","ID":0,"MaSoThue":"2400798002","NgayCap":"2016-07-18T00:00:00Z","Title":"Công Ty TNHH Một Thành Viên Duy Long - Long Sơn","DiaChiCongTy":"Thôn Thanh Hương - Xã Long Sơn - Huyện Sơn Động - Bắc Giang","Created":"2016-07-20T08:24:47Z","Updated":"2016-09-10T21:34:23Z","IsDelete":false,"RequestChanged":false,"ExitsInGDT":false,"SourceID":0,"TinhThanhID":0,"TinhThanhTitle":"Bắc Giang","TinhThanhTitleAscii":"/bac-giang","QuanHuyenID":0,"DSTags":["2400798002","Bắc Giang",null]},{"Type":11,"SolrID":"/2400764194-cong-ty-tnhh-mot-thanh-vien-chan-nuoi-hoa-phat-bac-giang","ID":0,"MaSoThue":"2400764194","NgayCap":"2015-05-05T00:00:00Z","Title":"Công Ty TNHH Chăn Nuôi Sơn Động","DiaChiCongTy":"Thôn Hạ, Xã Long Sơn, Huyện Sơn Động, Tỉnh Bắc Giang","Created":"2015-11-17T10:21:18Z","Updated":"2020-08-08T03:35:24Z","IsDelete":false,"RequestChanged":false,"ExitsInGDT":false,"SourceID":0,"TinhThanhID":0,"TinhThanhTitle":"Bắc Giang","TinhThanhTitleAscii":"/bac-giang","QuanHuyenID":0,"NganhNgheTitle":"Chế biến, bảo quản thịt và các sản phẩm từ thịt","NganhNgheTitleAscii":"/nganh-nghe/che-bien-bao-quan-thit-va-cac-san-pham-tu-thit","DSTags":["2400764194","Bắc Giang",null]},{"Type":11,"SolrID":"/2400722973-cong-ty-tnhh-mot-thanh-vien-pham-toan","ID":0,"MaSoThue":"2400722973","NgayCap":"2014-03-26T00:00:00Z","Title":"Công Ty TNHH Một Thành Viên Phẩm Toàn","DiaChiCongTy":"Thôn ThươÊng - Xã Long Sơn - Huyện Sơn Động - Bắc Giang","Created":"2015-11-09T18:35:41Z","Updated":"2015-11-09T18:35:41Z","IsDelete":false,"RequestChanged":false,"ExitsInGDT":false,"SourceID":0,"TinhThanhID":0,"TinhThanhTitle":"Bắc Giang","TinhThanhTitleAscii":"/bac-giang","QuanHuyenID":0,"NganhNgheTitle":"Bán buôn than đá và nhiên liệu rắn khác","NganhNgheTitleAscii":"/nganh-nghe/ban-buon-than-da-va-nhien-lieu-ran-khac","DSTags":["2400722973","Bắc Giang",null]},{"Type":11,"SolrID":"/4800798579-001-chi-nhanh-doanh-nghiep-tu-nhan-nha-manh","ID":0,"MaSoThue":"4800798579-001","NgayCap":"2013-10-30T00:00:00Z","Title":"Chi Nhánh Doanh Nghiệp Tư Nhân Nhã Mạnh","DiaChiCongTy":"Thôn Tẩu - Xã Long Sơn - Huyện Sơn Động - Bắc Giang","Created":"2015-11-18T02:20:53Z","Updated":"2015-11-18T02:20:53Z","IsDelete":false,"RequestChanged":false,"ExitsInGDT":false,"SourceID":0,"TinhThanhID":0,"TinhThanhTitle":"Bắc Giang","TinhThanhTitleAscii":"/bac-giang","QuanHuyenID":0,"NganhNgheTitle":"Bán buôn nhiên liệu rắn, lỏng, khí và các sản phẩm liên quan","NganhNgheTitleAscii":"/nganh-nghe/ban-buon-nhien-lieu-ran-long-khi-va-cac-san-pham-lien-quan","DSTags":["4800798579-001","Bắc Giang",null]},{"Type":11,"SolrID":"/2400469664-064-truong-mam-non-long-son","ID":0,"MaSoThue":"2400469664-064","NgayCap":"2012-03-30T00:00:00Z","Title":"Trường mầm non Long Sơn","DiaChiCongTy":"Thôn Thượng - Xã Long Sơn - Huyện Sơn Động - Bắc Giang","Created":"2015-11-17T22:25:57Z","Updated":"2015-11-17T22:25:57Z","IsDelete":false,"RequestChanged":false,"ExitsInGDT":false,"SourceID":0,"TinhThanhID":0,"TinhThanhTitle":"Bắc Giang","TinhThanhTitleAscii":"/bac-giang","QuanHuyenID":0,"NganhNgheTitle":"Giáo dục mầm non","NganhNgheTitleAscii":"/nganh-nghe/giao-duc-mam-non","DSTags":["2400469664-064","Bắc Giang",null]},{"Type":11,"SolrID":"/0100778890-006-chi-nhanh-bac-giang-cong-ty-co-phan-phat-trien-cong-nghe-nong-thon","ID":0,"MaSoThue":"0100778890-006","NgayCap":"2011-09-06T00:00:00Z","Title":"Chi nhánh Bắc Giang- Công ty Cổ phần phát triển công nghệ nông thôn","DiaChiCongTy":"Long Sơn - Xã Long Sơn - Huyện Sơn Động - Bắc Giang","Created":"2015-11-18T13:08:37Z","Updated":"2015-11-18T13:08:37Z","IsDelete":false,"RequestChanged":false,"ExitsInGDT":false,"SourceID":0,"TinhThanhID":0,"TinhThanhTitle":"Bắc Giang","TinhThanhTitleAscii":"/bac-giang","QuanHuyenID":0,"NganhNgheTitle":"Chăn nuôi gia cầm","NganhNgheTitleAscii":"/nganh-nghe/chan-nuoi-gia-cam","DSTags":["0100778890-006","Bắc Giang",null]},{"Type":11,"SolrID":"/2400380381-cong-ty-tnhh-thanh-van","ID":0,"MaSoThue":"2400380381","NgayCap":"2007-08-01T00:00:00Z","Title":"Công ty TNHH Thanh Vân","DiaChiCongTy":"Khe Chão, xóm Tẩu, xã Long Sơn - Huyện Sơn Động - Bắc Giang","Created":"2015-11-12T12:37:02Z","Updated":"2016-06-19T23:06:34Z","IsDelete":false,"RequestChanged":false,"ExitsInGDT":false,"SourceID":0,"TinhThanhID":0,"TinhThanhTitle":"Bắc Giang","TinhThanhTitleAscii":"/bac-giang","QuanHuyenID":0,"NganhNgheTitle":"Trồng cây hàng năm khác","NganhNgheTitleAscii":"/nganh-nghe/trong-cay-hang-nam-khac","DSTags":["2400380381","Bắc Giang",null]},{"Type":11,"SolrID":"/2400212820-ubnd-xa-long-son","ID":0,"MaSoThue":"2400212820","NgayCap":"1998-11-27T00:00:00Z","Title":"UBND xã Long Sơn","DiaChiCongTy":"Thôn Thanh Hương xã Long Sơn - Huyện Sơn Động - Bắc Giang","Created":"2015-11-14T17:13:34Z","Updated":"2015-11-14T17:13:34Z","IsDelete":false,"RequestChanged":false,"ExitsInGDT":false,"SourceID":0,"TinhThanhID":0,"TinhThanhTitle":"Bắc Giang","TinhThanhTitleAscii":"/bac-giang","QuanHuyenID":0,"NganhNgheTitle":"Hoạt động của Đảng cộng sản, tổ chức chính trị - xã hội, hoạt động quản lý nhà nước nói chung và kinh tế tổng hợp","NganhNgheTitleAscii":"/nganh-nghe/hoat-dong-cua-dang-cong-san-to-chuc-chinh-tri-xa-hoi-hoat-dong-quan-ly-nha-nuoc-noi-chung-va-kinh-te-tong-hop","DSTags":["2400212820","Bắc Giang",null]}]}