{"ID":10208,"SolrID":"/bac-giang/huyen-son-dong/xa-phuc-thang","Title":"Xã Phúc Thắng","TinhThanhTitle":"Bắc Giang","QuanHuyenTitle":"Huyện Sơn Động","QuanHuyenID":518,"TinhThanhID":54,"Url":"https://thongtindoanhnghiep.co/api/company?l=/bac-giang/huyen-son-dong/xa-phuc-thang","Total":1,"List":[{"Type":11,"SolrID":"/2400469664-013-truong-thcs-phuc-thang-son-dong","ID":0,"MaSoThue":"2400469664-013","NgayCap":"2009-09-30T00:00:00Z","Title":"Trường THCS Phúc Thắng Sơn Động","DiaChiCongTy":"Thôn Thước - Xã Phúc Thắng - Huyện Sơn Động - Bắc Giang","Created":"2015-11-17T22:25:15Z","Updated":"2015-11-17T22:25:15Z","IsDelete":false,"RequestChanged":false,"ExitsInGDT":false,"SourceID":0,"TinhThanhID":0,"TinhThanhTitle":"Bắc Giang","TinhThanhTitleAscii":"/bac-giang","QuanHuyenID":0,"NganhNgheTitle":"Giáo dục trung học cơ sở và trung học phổ thông","NganhNgheTitleAscii":"/nganh-nghe/giao-duc-trung-hoc-co-so-va-trung-hoc-pho-thong","DSTags":["2400469664-013","Bắc Giang",null]}]}