{"ID":10203,"SolrID":"/bac-giang/huyen-son-dong/xa-que-son","Title":"Xã Quế Sơn","TinhThanhTitle":"Bắc Giang","QuanHuyenTitle":"Huyện Sơn Động","QuanHuyenID":518,"TinhThanhID":54,"Url":"https://thongtindoanhnghiep.co/api/company?l=/bac-giang/huyen-son-dong/xa-que-son","Total":3,"List":[{"Type":11,"SolrID":"/2400469664-038-truong-tieu-hoc-que-son-son-dong","ID":0,"MaSoThue":"2400469664-038","NgayCap":"2009-10-01T00:00:00Z","Title":"Trường Tiểu học Quế Sơn Sơn Động","DiaChiCongTy":"Xã Quế Sơn - Huyện Sơn Động - Bắc Giang","Created":"2015-11-17T22:25:35Z","Updated":"2015-11-17T22:25:35Z","IsDelete":false,"RequestChanged":false,"ExitsInGDT":false,"SourceID":0,"TinhThanhID":0,"TinhThanhTitle":"Bắc Giang","TinhThanhTitleAscii":"/bac-giang","QuanHuyenID":0,"NganhNgheTitle":"Giáo dục tiểu học","NganhNgheTitleAscii":"/nganh-nghe/giao-duc-tieu-hoc","DSTags":["2400469664-038","Bắc Giang",null]},{"Type":11,"SolrID":"/2400469664-046-truong-mam-non-que-son-son-dong","ID":0,"MaSoThue":"2400469664-046","NgayCap":"2009-10-01T00:00:00Z","Title":"Trường Mầm non Quế Sơn Sơn Động","DiaChiCongTy":"Thôn óm - Xã Quế Sơn - Huyện Sơn Động - Bắc Giang","Created":"2015-11-17T22:25:42Z","Updated":"2015-11-17T22:25:42Z","IsDelete":false,"RequestChanged":false,"ExitsInGDT":false,"SourceID":0,"TinhThanhID":0,"TinhThanhTitle":"Bắc Giang","TinhThanhTitleAscii":"/bac-giang","QuanHuyenID":0,"NganhNgheTitle":"Giáo dục trung học cơ sở và trung học phổ thông","NganhNgheTitleAscii":"/nganh-nghe/giao-duc-trung-hoc-co-so-va-trung-hoc-pho-thong","DSTags":["2400469664-046","Bắc Giang",null]},{"Type":11,"SolrID":"/2400469664-019-truong-thcs-que-son-son-dong","ID":0,"MaSoThue":"2400469664-019","NgayCap":"2009-09-30T00:00:00Z","Title":"Trường THCS Quế Sơn Sơn Động","DiaChiCongTy":"Thôn Chợ - Xã Quế Sơn - Huyện Sơn Động - Bắc Giang","Created":"2015-11-17T22:25:21Z","Updated":"2015-11-17T22:25:21Z","IsDelete":false,"RequestChanged":false,"ExitsInGDT":false,"SourceID":0,"TinhThanhID":0,"TinhThanhTitle":"Bắc Giang","TinhThanhTitleAscii":"/bac-giang","QuanHuyenID":0,"NganhNgheTitle":"Giáo dục trung học cơ sở và trung học phổ thông","NganhNgheTitleAscii":"/nganh-nghe/giao-duc-trung-hoc-co-so-va-trung-hoc-pho-thong","DSTags":["2400469664-019","Bắc Giang",null]}]}