{"ID":10206,"SolrID":"/bac-giang/huyen-son-dong/xa-tuan-dao","Title":"Xã Tuấn Đạo","TinhThanhTitle":"Bắc Giang","QuanHuyenTitle":"Huyện Sơn Động","QuanHuyenID":518,"TinhThanhID":54,"Url":"https://thongtindoanhnghiep.co/api/company?l=/bac-giang/huyen-son-dong/xa-tuan-dao","Total":13,"List":[{"Type":11,"SolrID":"/2400916009-cong-ty-tnhh-xay-dung-va-thuong-mai-huong-xuan","ID":0,"MaSoThue":"2400916009","NgayCap":"2021-07-30T00:00:00Z","Title":"Công Ty TNHH Xây Dựng Và Thương Mại Hưởng Xuân","DiaChiCongTy":"Thôn Linh Phú, Xã Tuấn Đạo, Huyện Sơn Động, Tỉnh Bắc Giang","Created":"2021-07-30T11:36:30Z","Updated":"2021-07-30T11:36:30Z","IsDelete":false,"RequestChanged":false,"ExitsInGDT":false,"SourceID":0,"TinhThanhID":0,"TinhThanhTitle":"Bắc Giang","TinhThanhTitleAscii":"/bac-giang","QuanHuyenID":0,"NganhNgheTitle":"Bán buôn vật liệu, thiết bị lắp đặt khác trong xây dựng","NganhNgheTitleAscii":"/nganh-nghe/ban-buon-vat-lieu-thiet-bi-lap-dat-khac-trong-xay-dung","DSTags":["2400916009","Bắc Giang",null]},{"Type":11,"SolrID":"/2400903867-cong-ty-co-phan-che-bien-go-vuong-loc","ID":0,"MaSoThue":"2400903867","NgayCap":"2021-01-21T00:00:00Z","Title":"Công Ty Cổ Phần Chế Biến Gỗ Vượng Lộc","DiaChiCongTy":"Thôn Am Hà, Xã Tuấn Đạo, Huyện Sơn Động, Tỉnh Bắc Giang","Created":"2021-01-21T15:39:00Z","Updated":"2021-01-21T15:39:00Z","IsDelete":false,"RequestChanged":false,"ExitsInGDT":false,"SourceID":0,"TinhThanhID":0,"TinhThanhTitle":"Bắc Giang","TinhThanhTitleAscii":"/bac-giang","QuanHuyenID":0,"NganhNgheTitle":"Cưa, xẻ, bào gỗ và bảo quản gỗ","NganhNgheTitleAscii":"/nganh-nghe/cua-xe-bao-go-va-bao-quan-go","DSTags":["2400903867","Bắc Giang",null]},{"Type":11,"SolrID":"/2400823160-cong-ty-tnhh-san-xuat-va-thuong-mai-quang-son","ID":0,"MaSoThue":"2400823160","NgayCap":"2017-10-02T00:00:00Z","Title":"Công Ty TNHH Sản Xuất Và Thương Mại Quang Sơn","DiaChiCongTy":"Thôn Thủm, Xã Tuấn Đạo, Huyện Sơn Động, Tỉnh Bắc Giang","Created":"2017-10-02T16:08:57Z","Updated":"2017-10-02T16:08:57Z","IsDelete":false,"RequestChanged":false,"ExitsInGDT":false,"SourceID":0,"TinhThanhID":0,"TinhThanhTitle":"Bắc Giang","TinhThanhTitleAscii":"/bac-giang","QuanHuyenID":0,"NganhNgheTitle":"Bán buôn vải, hàng may sẵn, giày dép","NganhNgheTitleAscii":"/nganh-nghe/ban-buon-vai-hang-may-san-giay-dep","DSTags":["2400823160","Bắc Giang",null]},{"Type":11,"SolrID":"/2400821822-cong-ty-tnhh-hung-son-thinh","ID":0,"MaSoThue":"2400821822","NgayCap":"2017-09-05T00:00:00Z","Title":"Công Ty TNHH Hùng Sơn Thịnh","DiaChiCongTy":"Thôn Chủa, Xã Tuấn Đạo, Huyện Sơn Động, Tỉnh Bắc Giang","Created":"2017-09-05T15:14:09Z","Updated":"2017-09-05T15:14:09Z","IsDelete":false,"RequestChanged":false,"ExitsInGDT":false,"SourceID":0,"TinhThanhID":0,"TinhThanhTitle":"Bắc Giang","TinhThanhTitleAscii":"/bac-giang","QuanHuyenID":0,"NganhNgheTitle":"Cưa, xẻ, bào gỗ và bảo quản gỗ","NganhNgheTitleAscii":"/nganh-nghe/cua-xe-bao-go-va-bao-quan-go","DSTags":["2400821822","Bắc Giang",null]},{"Type":11,"SolrID":"/2400800780-cong-ty-tnhh-tm-dv-tong-hop-hoang-phuc","ID":0,"MaSoThue":"2400800780","NgayCap":"2016-09-27T00:00:00Z","Title":"Công Ty TNHH Tm&dv Tổng Hợp Hoàng Phúc","DiaChiCongTy":"Thôn Sậy ( Nhà riêng Vi Văn Lượng ) - Xã Tuấn Đạo - Huyện Sơn Động - Bắc Giang","Created":"2016-11-04T08:09:02Z","Updated":"2016-11-04T08:09:02Z","IsDelete":false,"RequestChanged":false,"ExitsInGDT":false,"SourceID":0,"TinhThanhID":0,"TinhThanhTitle":"Bắc Giang","TinhThanhTitleAscii":"/bac-giang","QuanHuyenID":0,"NganhNgheTitle":"Bán buôn vật liệu, thiết bị lắp đặt khác trong xây dựng","NganhNgheTitleAscii":"/nganh-nghe/ban-buon-vat-lieu-thiet-bi-lap-dat-khac-trong-xay-dung","DSTags":["2400800780","Bắc Giang",null]},{"Type":11,"SolrID":"/2400792402-cong-ty-tnhh-che-bien-nong-lam-san-duc-kien","ID":0,"MaSoThue":"2400792402","NgayCap":"2016-03-23T00:00:00Z","Title":"Công Ty TNHH Chế Biến Nông Lâm Sản Đức Kiên","DiaChiCongTy":"Thôn Đồng Sim - Xã Tuấn Đạo - Huyện Sơn Động - Bắc Giang","Created":"2016-03-25T16:40:01Z","Updated":"2016-03-25T16:40:01Z","IsDelete":false,"RequestChanged":false,"ExitsInGDT":false,"SourceID":0,"TinhThanhID":0,"TinhThanhTitle":"Bắc Giang","TinhThanhTitleAscii":"/bac-giang","QuanHuyenID":0,"NganhNgheTitle":"Cưa, xẻ, bào gỗ và bảo quản gỗ","NganhNgheTitleAscii":"/nganh-nghe/cua-xe-bao-go-va-bao-quan-go","DSTags":["2400792402","Bắc Giang",null]},{"Type":11,"SolrID":"/2400643217-cong-ty-tnhh-mot-thanh-vien-dong-do-son-dong","ID":0,"MaSoThue":"2400643217","NgayCap":"2013-04-26T00:00:00Z","Title":"Công Ty TNHH Một Thành Viên Đông Đô Sơn Động","DiaChiCongTy":"Thôn Chủa - Xã Tuấn Đạo - Huyện Sơn Động - Bắc Giang","Created":"2015-11-11T22:48:24Z","Updated":"2015-11-11T22:48:24Z","IsDelete":false,"RequestChanged":false,"ExitsInGDT":false,"SourceID":0,"TinhThanhID":0,"TinhThanhTitle":"Bắc Giang","TinhThanhTitleAscii":"/bac-giang","QuanHuyenID":0,"NganhNgheTitle":"Hoạt động tư vấn kỹ thuật có liên quan khác","NganhNgheTitleAscii":"/nganh-nghe/hoat-dong-tu-van-ky-thuat-co-lien-quan-khac","DSTags":["2400643217","Bắc Giang",null]},{"Type":11,"SolrID":"/2400640512-cong-ty-tnhh-mot-thanh-vien-tang-ly","ID":0,"MaSoThue":"2400640512","NgayCap":"2013-03-28T00:00:00Z","Title":"Công Ty TNHH Một Thành Viên Tăng Lý","DiaChiCongTy":"Xóm Bãi Chợ - Xã Tuấn Đạo - Huyện Sơn Động - Bắc Giang","Created":"2015-11-11T23:47:54Z","Updated":"2016-09-11T04:35:32Z","IsDelete":false,"RequestChanged":false,"ExitsInGDT":false,"SourceID":0,"TinhThanhID":0,"TinhThanhTitle":"Bắc Giang","TinhThanhTitleAscii":"/bac-giang","QuanHuyenID":0,"DSTags":["2400640512","Bắc Giang",null]},{"Type":11,"SolrID":"/2400469664-020-truong-thcs-tuan-dao-son-dong","ID":0,"MaSoThue":"2400469664-020","NgayCap":"2009-09-30T00:00:00Z","Title":"Trường THCS Tuấn Đạo Sơn Động","DiaChiCongTy":"Thôn Bãi Chợ - Xã Tuấn Đạo - Huyện Sơn Động - Bắc Giang","Created":"2015-11-17T22:25:22Z","Updated":"2015-11-17T22:25:22Z","IsDelete":false,"RequestChanged":false,"ExitsInGDT":false,"SourceID":0,"TinhThanhID":0,"TinhThanhTitle":"Bắc Giang","TinhThanhTitleAscii":"/bac-giang","QuanHuyenID":0,"NganhNgheTitle":"Giáo dục trung học cơ sở và trung học phổ thông","NganhNgheTitleAscii":"/nganh-nghe/giao-duc-trung-hoc-co-so-va-trung-hoc-pho-thong","DSTags":["2400469664-020","Bắc Giang",null]},{"Type":11,"SolrID":"/2400399294-cong-ty-tnhh-quang-chuc","ID":0,"MaSoThue":"2400399294","NgayCap":"2008-05-05T00:00:00Z","Title":"Công ty TNHH Quang Chức","DiaChiCongTy":"Bãi Chợ, xã Tuấn đạo - Huyện Sơn Động - Bắc Giang","Created":"2015-11-12T12:28:03Z","Updated":"2015-11-12T12:28:03Z","IsDelete":false,"RequestChanged":false,"ExitsInGDT":false,"SourceID":0,"TinhThanhID":0,"TinhThanhTitle":"Bắc Giang","TinhThanhTitleAscii":"/bac-giang","QuanHuyenID":0,"NganhNgheTitle":"Xây dựng công trình kỹ thuật dân dụng","NganhNgheTitleAscii":"/nganh-nghe/xay-dung-cong-trinh-ky-thuat-dan-dung","DSTags":["2400399294","Bắc Giang",null]},{"Type":11,"SolrID":"/2400384611-cong-ty-tnhh-xay-dung-va-thuong-mai-dai-cuong","ID":0,"MaSoThue":"2400384611","NgayCap":"2007-09-20T00:00:00Z","Title":"Công ty TNHH xây dựng và thương mại Đại Cường","DiaChiCongTy":"xóm Chủa, xã Tuấn Đạo - Huyện Sơn Động - Bắc Giang","Created":"2015-11-09T05:00:09Z","Updated":"2015-11-09T05:00:09Z","IsDelete":false,"RequestChanged":false,"ExitsInGDT":false,"SourceID":0,"TinhThanhID":0,"TinhThanhTitle":"Bắc Giang","TinhThanhTitleAscii":"/bac-giang","QuanHuyenID":0,"NganhNgheTitle":"Vận tải đường bộ khác","NganhNgheTitleAscii":"/nganh-nghe/van-tai-duong-bo-khac","DSTags":["2400384611","Bắc Giang",null]},{"Type":11,"SolrID":"/2400383209-cong-ty-tnhh-mot-thanh-vien-xay-dung-va-thuong-mai-dai-cuong","ID":0,"MaSoThue":"2400383209","NgayCap":"2007-09-12T00:00:00Z","Title":"Công ty TNHH một thành viên xây dựng và thương mại đại Cường","DiaChiCongTy":"xóm Chủa, xã Tuấn đạo - Huyện Sơn Động - Bắc Giang","Created":"2015-11-12T12:36:12Z","Updated":"2015-11-12T12:36:12Z","IsDelete":false,"RequestChanged":false,"ExitsInGDT":false,"SourceID":0,"TinhThanhID":0,"TinhThanhTitle":"Bắc Giang","TinhThanhTitleAscii":"/bac-giang","QuanHuyenID":0,"NganhNgheTitle":"Bán buôn nông, lâm sản nguyên liệu (trừ gỗ, tre, nứa) và động vật sống","NganhNgheTitleAscii":"/nganh-nghe/ban-buon-nong-lam-san-nguyen-lieu-tru-go-tre-nua-va-dong-vat-song","DSTags":["2400383209","Bắc Giang",null]},{"Type":11,"SolrID":"/2400212789-ubnd-xa-tuan-dao","ID":0,"MaSoThue":"2400212789","NgayCap":"1998-11-27T00:00:00Z","Title":"UBND xã Tuấn Đạo","DiaChiCongTy":"xã Tuấn Đạo - Huyện Sơn Động - Bắc Giang","Created":"2015-11-16T06:09:42Z","Updated":"2015-11-16T06:09:42Z","IsDelete":false,"RequestChanged":false,"ExitsInGDT":false,"SourceID":0,"TinhThanhID":0,"TinhThanhTitle":"Bắc Giang","TinhThanhTitleAscii":"/bac-giang","QuanHuyenID":0,"NganhNgheTitle":"Hoạt động của Đảng cộng sản, tổ chức chính trị - xã hội, hoạt động quản lý nhà nước nói chung và kinh tế tổng hợp","NganhNgheTitleAscii":"/nganh-nghe/hoat-dong-cua-dang-cong-san-to-chuc-chinh-tri-xa-hoi-hoat-dong-quan-ly-nha-nuoc-noi-chung-va-kinh-te-tong-hop","DSTags":["2400212789","Bắc Giang",null]}]}