{"ID":8099,"SolrID":"/bac-giang/huyen-son-dong/xa-thanh-luan","Title":"Xã Thanh Luận","TinhThanhTitle":"Bắc Giang","QuanHuyenTitle":"Huyện Sơn Động","QuanHuyenID":518,"TinhThanhID":54,"Url":"https://thongtindoanhnghiep.co/api/company?l=/bac-giang/huyen-son-dong/xa-thanh-luan","Total":9,"List":[{"Type":11,"SolrID":"/2400799736-cong-ty-tnhh-nao-vet-luong-song-thai-binh","ID":0,"MaSoThue":"2400799736","NgayCap":"2016-08-31T00:00:00Z","Title":"Công Ty TNHH Nạo Vét Luồng Sông Thái Bình","DiaChiCongTy":"Thôn Thanh Bình (Nhà riêng Đinh văn Long) - Xã Thanh Luận - Huyện Sơn Động - Bắc Giang","Created":"2016-09-01T10:13:11Z","Updated":"2016-09-10T13:18:20Z","IsDelete":false,"RequestChanged":false,"ExitsInGDT":false,"SourceID":0,"TinhThanhID":0,"TinhThanhTitle":"Bắc Giang","TinhThanhTitleAscii":"/bac-giang","QuanHuyenID":0,"NganhNgheTitle":"Xây dựng nhà các loại","NganhNgheTitleAscii":"/nganh-nghe/xay-dung-nha-cac-loai","DSTags":["2400799736","Bắc Giang",null]},{"Type":11,"SolrID":"/2400799133-cong-ty-tnhh-mot-thanh-vien-tm-dv-the-binh","ID":0,"MaSoThue":"2400799133","NgayCap":"2016-08-11T00:00:00Z","Title":"CôNG TY TNHH MộT THàNH VIêN TM & DV THế BìNH","DiaChiCongTy":"Thôn Thanh Bình (Nhà riêng ông Đinh Văn Mến) - Xã Thanh Luận - Huyện Sơn Động - Bắc Giang","Created":"2016-08-12T15:35:52Z","Updated":"2016-09-10T17:06:01Z","IsDelete":false,"RequestChanged":false,"ExitsInGDT":false,"SourceID":0,"TinhThanhID":0,"TinhThanhTitle":"Bắc Giang","TinhThanhTitleAscii":"/bac-giang","QuanHuyenID":0,"DSTags":["2400799133","Bắc Giang",null]},{"Type":11,"SolrID":"/2400469664-065-truong-tieu-hoc-thanh-luan-son-dong","ID":0,"MaSoThue":"2400469664-065","NgayCap":"2012-07-02T00:00:00Z","Title":"Trường tiểu học Thanh Luận Sơn Động","DiaChiCongTy":"Thôn Thanh Bình - Xã Thanh Luận - Huyện Sơn Động - Bắc Giang","Created":"2015-11-17T22:25:58Z","Updated":"2015-11-17T22:25:58Z","IsDelete":false,"RequestChanged":false,"ExitsInGDT":false,"SourceID":0,"TinhThanhID":0,"TinhThanhTitle":"Bắc Giang","TinhThanhTitleAscii":"/bac-giang","QuanHuyenID":0,"NganhNgheTitle":"Giáo dục tiểu học","NganhNgheTitleAscii":"/nganh-nghe/giao-duc-tieu-hoc","DSTags":["2400469664-065","Bắc Giang",null]},{"Type":11,"SolrID":"/2400469664-007-truong-thcs-thanh-luan-son-dong","ID":0,"MaSoThue":"2400469664-007","NgayCap":"2009-09-30T00:00:00Z","Title":"Trường THCS Thanh Luận Sơn Động","DiaChiCongTy":"Thôn Thanh Bình - Xã Thanh Luận - Huyện Sơn Động - Bắc Giang","Created":"2015-11-17T22:25:09Z","Updated":"2015-11-17T22:25:09Z","IsDelete":false,"RequestChanged":false,"ExitsInGDT":false,"SourceID":0,"TinhThanhID":0,"TinhThanhTitle":"Bắc Giang","TinhThanhTitleAscii":"/bac-giang","QuanHuyenID":0,"NganhNgheTitle":"Giáo dục trung học cơ sở và trung học phổ thông","NganhNgheTitleAscii":"/nganh-nghe/giao-duc-trung-hoc-co-so-va-trung-hoc-pho-thong","DSTags":["2400469664-007","Bắc Giang",null]},{"Type":11,"SolrID":"/2400448632-doanh-nghiep-tu-nhan-nam-hai","ID":0,"MaSoThue":"2400448632","NgayCap":"2009-04-14T00:00:00Z","Title":"Doanh Nghiệp Tư Nhân Nam Hải","DiaChiCongTy":"Thôn Nàng, Xã Thanh Luận, Huyện Sơn Động, Tỉnh Bắc Giang","Created":"2018-07-13T08:53:55Z","Updated":"2018-07-13T08:53:55Z","IsDelete":false,"RequestChanged":false,"ExitsInGDT":false,"SourceID":0,"TinhThanhID":0,"TinhThanhTitle":"Bắc Giang","TinhThanhTitleAscii":"/bac-giang","QuanHuyenID":0,"DSTags":["2400448632","Bắc Giang",null]},{"Type":11,"SolrID":"/2400377910-cong-ty-nhiet-dien-son-dong-tkv","ID":0,"MaSoThue":"2400377910","NgayCap":"2007-06-11T00:00:00Z","Title":"Công ty Nhiệt điện Sơn Động - TKV","DiaChiCongTy":"Xã Thanh Luận - Huyện Sơn Động - Bắc Giang","Created":"2015-11-12T12:37:52Z","Updated":"2015-11-12T12:37:52Z","IsDelete":false,"RequestChanged":false,"ExitsInGDT":false,"SourceID":0,"TinhThanhID":0,"TinhThanhTitle":"Bắc Giang","TinhThanhTitleAscii":"/bac-giang","QuanHuyenID":0,"NganhNgheTitle":"Hoạt động kiến trúc và tư vấn kỹ thuật có liên quan","NganhNgheTitleAscii":"/nganh-nghe/hoat-dong-kien-truc-va-tu-van-ky-thuat-co-lien-quan","DSTags":["2400377910","Bắc Giang",null]},{"Type":11,"SolrID":"/0301218401-001-chi-nhanh-cong-ty-tnhh-xay-dung-trung-quoc-dong-nam-a-tinh-bac-giang","ID":0,"MaSoThue":"0301218401-001","NgayCap":"2006-04-14T00:00:00Z","Title":"Chi nhánh công ty TNHH xây dựng Trung Quốc (đông nam á) - tỉnh Bắc Giang","DiaChiCongTy":"Thôn Đồng Rì - Xã Thanh Luận - Huyện Sơn Động - Bắc Giang","Created":"2015-11-17T19:21:10Z","Updated":"2015-11-17T19:21:10Z","IsDelete":false,"RequestChanged":false,"ExitsInGDT":false,"SourceID":0,"TinhThanhID":0,"TinhThanhTitle":"Bắc Giang","TinhThanhTitleAscii":"/bac-giang","QuanHuyenID":0,"NganhNgheTitle":"Xây dựng công trình kỹ thuật dân dụng","NganhNgheTitleAscii":"/nganh-nghe/xay-dung-cong-trinh-ky-thuat-dan-dung","DSTags":["0301218401-001","Bắc Giang",null]},{"Type":11,"SolrID":"/5700100256-022-cong-ty-nhiet-dien-son-dong-tkv","ID":0,"MaSoThue":"5700100256-022","NgayCap":"2005-03-23T00:00:00Z","Title":"Công ty nhiệt điện Sơn Động - TKV","DiaChiCongTy":"Đồng Rì - Xã Thanh Luận - Huyện Sơn Động - Bắc Giang","Created":"2015-11-18T15:52:15Z","Updated":"2015-11-18T15:52:15Z","IsDelete":false,"RequestChanged":false,"ExitsInGDT":false,"SourceID":0,"TinhThanhID":0,"TinhThanhTitle":"Bắc Giang","TinhThanhTitleAscii":"/bac-giang","QuanHuyenID":0,"NganhNgheTitle":"Khai thác và thu gom than cứng","NganhNgheTitleAscii":"/nganh-nghe/khai-thac-va-thu-gom-than-cung","DSTags":["5700100256-022","Bắc Giang",null]},{"Type":11,"SolrID":"/2400212806-ubnd-xa-thanh-luan","ID":0,"MaSoThue":"2400212806","NgayCap":"1998-11-27T00:00:00Z","Title":"UBND xã Thanh Luận","DiaChiCongTy":"Xã Thanh Luận - Huyện Sơn Động - Bắc Giang","Created":"2015-11-16T06:09:41Z","Updated":"2015-11-16T06:09:41Z","IsDelete":false,"RequestChanged":false,"ExitsInGDT":false,"SourceID":0,"TinhThanhID":0,"TinhThanhTitle":"Bắc Giang","TinhThanhTitleAscii":"/bac-giang","QuanHuyenID":0,"NganhNgheTitle":"Hoạt động của Đảng cộng sản, tổ chức chính trị - xã hội, hoạt động quản lý nhà nước nói chung và kinh tế tổng hợp","NganhNgheTitleAscii":"/nganh-nghe/hoat-dong-cua-dang-cong-san-to-chuc-chinh-tri-xa-hoi-hoat-dong-quan-ly-nha-nuoc-noi-chung-va-kinh-te-tong-hop","DSTags":["2400212806","Bắc Giang",null]}]}