{"ID":4440,"SolrID":"/bac-giang/huyen-son-dong/xa-van-son","Title":"Xã Vân Sơn","TinhThanhTitle":"Bắc Giang","QuanHuyenTitle":"Huyện Sơn Động","QuanHuyenID":518,"TinhThanhID":54,"Url":"https://thongtindoanhnghiep.co/api/company?l=/bac-giang/huyen-son-dong/xa-van-son","Total":16,"List":[{"Type":11,"SolrID":"/2400905014-cong-ty-co-phan-cong-nghe-sinh-duoc-quoc-te-minh-duc","ID":0,"MaSoThue":"2400905014","NgayCap":"2021-02-03T00:00:00Z","Title":"Công Ty Cổ Phần Công Nghệ Sinh Dược Quốc Tế Minh Đức","DiaChiCongTy":"thôn Phe, Xã Vân Sơn, Huyện Sơn Động, Tỉnh Bắc Giang","Created":"2021-02-03T16:35:52Z","Updated":"2021-02-03T16:35:52Z","IsDelete":false,"RequestChanged":false,"ExitsInGDT":false,"SourceID":0,"TinhThanhID":0,"TinhThanhTitle":"Bắc Giang","TinhThanhTitleAscii":"/bac-giang","QuanHuyenID":0,"NganhNgheTitle":"Trồng cây hàng năm khác","NganhNgheTitleAscii":"/nganh-nghe/trong-cay-hang-nam-khac","DSTags":["2400905014","Bắc Giang",null]},{"Type":11,"SolrID":"/2400843061-cong-ty-tnhh-thuong-mai-vat-lieu-duy-tung","ID":0,"MaSoThue":"2400843061","NgayCap":"2018-07-10T00:00:00Z","Title":"Công Ty TNHH Thương Mại Vật Liệu Duy Tùng","DiaChiCongTy":"Thôn Phe, Xã Vân Sơn, Huyện Sơn Động, Tỉnh Bắc Giang","Created":"2018-07-10T18:04:16Z","Updated":"2018-07-10T18:04:16Z","IsDelete":false,"RequestChanged":false,"ExitsInGDT":false,"SourceID":0,"TinhThanhID":0,"TinhThanhTitle":"Bắc Giang","TinhThanhTitleAscii":"/bac-giang","QuanHuyenID":0,"NganhNgheTitle":"Bán buôn vật liệu, thiết bị lắp đặt khác trong xây dựng","NganhNgheTitleAscii":"/nganh-nghe/ban-buon-vat-lieu-thiet-bi-lap-dat-khac-trong-xay-dung","DSTags":["2400843061","Bắc Giang",null]},{"Type":11,"SolrID":"/2400840783-cong-ty-tnhh-san-xuat-va-thuong-mai-minh-minh","ID":0,"MaSoThue":"2400840783","NgayCap":"2018-06-06T00:00:00Z","Title":"Công Ty TNHH Sản Xuất Và Thương Mại Minh Minh","DiaChiCongTy":"Thôn Phe, Xã Vân Sơn, Huyện Sơn Động, Tỉnh Bắc Giang","Created":"2018-06-06T16:05:12Z","Updated":"2018-06-06T16:05:12Z","IsDelete":false,"RequestChanged":false,"ExitsInGDT":false,"SourceID":0,"TinhThanhID":0,"TinhThanhTitle":"Bắc Giang","TinhThanhTitleAscii":"/bac-giang","QuanHuyenID":0,"NganhNgheTitle":"Bán buôn đồ dùng khác cho gia đình","NganhNgheTitleAscii":"/nganh-nghe/ban-buon-do-dung-khac-cho-gia-dinh","DSTags":["2400840783","Bắc Giang",null]},{"Type":11,"SolrID":"/2400834733-cong-ty-tnhh-tong-hop-tm-trong-tin","ID":0,"MaSoThue":"2400834733","NgayCap":"2018-03-26T00:00:00Z","Title":"Công Ty TNHH Tổng Hợp Tm Trọng Tín","DiaChiCongTy":"Thôn Phe, Xã Vân Sơn, Huyện Sơn Động, Tỉnh Bắc Giang","Created":"2018-03-26T09:32:43Z","Updated":"2018-03-26T09:32:43Z","IsDelete":false,"RequestChanged":false,"ExitsInGDT":false,"SourceID":0,"TinhThanhID":0,"TinhThanhTitle":"Bắc Giang","TinhThanhTitleAscii":"/bac-giang","QuanHuyenID":0,"NganhNgheTitle":"Bán buôn vật liệu, thiết bị lắp đặt khác trong xây dựng","NganhNgheTitleAscii":"/nganh-nghe/ban-buon-vat-lieu-thiet-bi-lap-dat-khac-trong-xay-dung","DSTags":["2400834733","Bắc Giang",null]},{"Type":11,"SolrID":"/2400834758-cong-ty-tnhh-tmxd-phuong-hoang-bg","ID":0,"MaSoThue":"2400834758","NgayCap":"2018-03-26T00:00:00Z","Title":"Công Ty TNHH Tmxd Phượng Hoàng Bg","DiaChiCongTy":"Thôn Phe, Xã Vân Sơn, Huyện Sơn Động, Tỉnh Bắc Giang","Created":"2018-03-26T09:38:19Z","Updated":"2018-03-26T09:38:19Z","IsDelete":false,"RequestChanged":false,"ExitsInGDT":false,"SourceID":0,"TinhThanhID":0,"TinhThanhTitle":"Bắc Giang","TinhThanhTitleAscii":"/bac-giang","QuanHuyenID":0,"NganhNgheTitle":"Bán buôn vật liệu, thiết bị lắp đặt khác trong xây dựng","NganhNgheTitleAscii":"/nganh-nghe/ban-buon-vat-lieu-thiet-bi-lap-dat-khac-trong-xay-dung","DSTags":["2400834758","Bắc Giang",null]},{"Type":11,"SolrID":"/2400826404-cong-ty-tnhh-dich-vu-hao-quang-bac-giang","ID":0,"MaSoThue":"2400826404","NgayCap":"2017-11-29T00:00:00Z","Title":"Công Ty TNHH Dịch Vụ Hào Quang Bắc Giang","DiaChiCongTy":"Thôn Thanh Trà, Xã Vân Sơn, Huyện Sơn Động, Tỉnh Bắc Giang","Created":"2017-11-29T11:08:56Z","Updated":"2017-11-29T11:08:56Z","IsDelete":false,"RequestChanged":false,"ExitsInGDT":false,"SourceID":0,"TinhThanhID":0,"TinhThanhTitle":"Bắc Giang","TinhThanhTitleAscii":"/bac-giang","QuanHuyenID":0,"NganhNgheTitle":"Bán buôn vật liệu, thiết bị lắp đặt khác trong xây dựng","NganhNgheTitleAscii":"/nganh-nghe/ban-buon-vat-lieu-thiet-bi-lap-dat-khac-trong-xay-dung","DSTags":["2400826404","Bắc Giang",null]},{"Type":11,"SolrID":"/2400826394-cong-ty-tnhh-tong-hop-minh-quang-son-dong","ID":0,"MaSoThue":"2400826394","NgayCap":"2017-11-29T00:00:00Z","Title":"Công Ty TNHH Tổng Hợp Minh Quang Sơn Động","DiaChiCongTy":"Thôn Vàng, Xã Vân Sơn, Huyện Sơn Động, Tỉnh Bắc Giang","Created":"2017-11-29T11:09:11Z","Updated":"2017-11-29T11:09:11Z","IsDelete":false,"RequestChanged":false,"ExitsInGDT":false,"SourceID":0,"TinhThanhID":0,"TinhThanhTitle":"Bắc Giang","TinhThanhTitleAscii":"/bac-giang","QuanHuyenID":0,"NganhNgheTitle":"Bán buôn vật liệu, thiết bị lắp đặt khác trong xây dựng","NganhNgheTitleAscii":"/nganh-nghe/ban-buon-vat-lieu-thiet-bi-lap-dat-khac-trong-xay-dung","DSTags":["2400826394","Bắc Giang",null]},{"Type":11,"SolrID":"/2400826161-cong-ty-tnhh-tan-dat-phat-son-dong","ID":0,"MaSoThue":"2400826161","NgayCap":"2017-11-24T00:00:00Z","Title":"Công Ty TNHH Tân Đạt Phát Sơn Động","DiaChiCongTy":"Thôn Phê, Xã Vân Sơn, Huyện Sơn Động, Tỉnh Bắc Giang","Created":"2017-11-24T14:56:17Z","Updated":"2017-11-24T14:56:17Z","IsDelete":false,"RequestChanged":false,"ExitsInGDT":false,"SourceID":0,"TinhThanhID":0,"TinhThanhTitle":"Bắc Giang","TinhThanhTitleAscii":"/bac-giang","QuanHuyenID":0,"NganhNgheTitle":"Bán buôn vật liệu, thiết bị lắp đặt khác trong xây dựng","NganhNgheTitleAscii":"/nganh-nghe/ban-buon-vat-lieu-thiet-bi-lap-dat-khac-trong-xay-dung","DSTags":["2400826161","Bắc Giang",null]},{"Type":11,"SolrID":"/2400820882-cong-ty-tnhh-thuong-mai-dich-vu-tong-hop-thien-tan","ID":0,"MaSoThue":"2400820882","NgayCap":"2017-08-18T00:00:00Z","Title":"Công Ty TNHH Thương Mại Dịch Vụ Tổng Hợp Thiên Tân","DiaChiCongTy":"Thôn Phe, Xã Vân Sơn, Huyện Sơn Động, Tỉnh Bắc Giang","Created":"2017-08-18T08:57:36Z","Updated":"2017-08-18T08:57:36Z","IsDelete":false,"RequestChanged":false,"ExitsInGDT":false,"SourceID":0,"TinhThanhID":0,"TinhThanhTitle":"Bắc Giang","TinhThanhTitleAscii":"/bac-giang","QuanHuyenID":0,"NganhNgheTitle":"Bán buôn vật liệu, thiết bị lắp đặt khác trong xây dựng","NganhNgheTitleAscii":"/nganh-nghe/ban-buon-vat-lieu-thiet-bi-lap-dat-khac-trong-xay-dung","DSTags":["2400820882","Bắc Giang",null]},{"Type":11,"SolrID":"/2400818805-cong-ty-tnhh-vien-thong-hoang-dai-duong","ID":0,"MaSoThue":"2400818805","NgayCap":"2017-07-18T00:00:00Z","Title":"Công Ty TNHH Viễn Thông Hoàng Đại Dương","DiaChiCongTy":"Xóm Phe, Xã Vân Sơn, Huyện Sơn Động, Tỉnh Bắc Giang","Created":"2017-07-18T08:55:57Z","Updated":"2017-07-18T08:55:57Z","IsDelete":false,"RequestChanged":false,"ExitsInGDT":false,"SourceID":0,"TinhThanhID":0,"TinhThanhTitle":"Bắc Giang","TinhThanhTitleAscii":"/bac-giang","QuanHuyenID":0,"NganhNgheTitle":"Bán buôn thiết bị và linh kiện điện tử, viễn thông","NganhNgheTitleAscii":"/nganh-nghe/ban-buon-thiet-bi-va-linh-kien-dien-tu-vien-thong","DSTags":["2400818805","Bắc Giang",null]},{"Type":11,"SolrID":"/2400813282-doanh-nghiep-tu-nhan-vang-bac-hung-hung","ID":0,"MaSoThue":"2400813282","NgayCap":"2017-04-18T00:00:00Z","Title":"Doanh Nghiệp Tư Nhân Vàng Bạc Hùng Hưng","DiaChiCongTy":"Thôn Phe, Xã Vân Sơn, Huyện Sơn Động, Tỉnh Bắc Giang","Created":"2017-04-18T15:10:53Z","Updated":"2017-04-18T15:10:53Z","IsDelete":false,"RequestChanged":false,"ExitsInGDT":false,"SourceID":0,"TinhThanhID":0,"TinhThanhTitle":"Bắc Giang","TinhThanhTitleAscii":"/bac-giang","QuanHuyenID":0,"NganhNgheTitle":"Bán lẻ hàng hóa khác mới trong các cửa hàng chuyên doanh","NganhNgheTitleAscii":"/nganh-nghe/ban-le-hang-hoa-khac-moi-trong-cac-cua-hang-chuyen-doanh","DSTags":["2400813282","Bắc Giang",null]},{"Type":11,"SolrID":"/2400525277-cong-ty-tnhh-mot-thanh-vien-thuong-mai-va-dich-vu-mai-hien","ID":0,"MaSoThue":"2400525277","NgayCap":"2010-10-01T00:00:00Z","Title":"Công Ty TNHH Một Thành Viên Thương Mại Và Dịch Vụ Mai Hiền","DiaChiCongTy":"Thôn Se - Xã Vân Sơn - Huyện Sơn Động - Bắc Giang","Created":"2015-11-09T05:04:31Z","Updated":"2015-11-09T05:04:31Z","IsDelete":false,"RequestChanged":false,"ExitsInGDT":false,"SourceID":0,"TinhThanhID":0,"TinhThanhTitle":"Bắc Giang","TinhThanhTitleAscii":"/bac-giang","QuanHuyenID":0,"NganhNgheTitle":"Nhân và chăm sóc cây giống nông nghiệp","NganhNgheTitleAscii":"/nganh-nghe/nhan-va-cham-soc-cay-giong-nong-nghiep","DSTags":["2400525277","Bắc Giang",null]},{"Type":11,"SolrID":"/2400469664-060-truong-mam-non-van-son-son-dong","ID":0,"MaSoThue":"2400469664-060","NgayCap":"2009-10-01T00:00:00Z","Title":"Trường Mầm non Vân Sơn Sơn Động","DiaChiCongTy":"Thôn Phe - Xã Vân Sơn - Huyện Sơn Động - Bắc Giang","Created":"2015-11-17T22:25:52Z","Updated":"2015-11-17T22:25:52Z","IsDelete":false,"RequestChanged":false,"ExitsInGDT":false,"SourceID":0,"TinhThanhID":0,"TinhThanhTitle":"Bắc Giang","TinhThanhTitleAscii":"/bac-giang","QuanHuyenID":0,"NganhNgheTitle":"Giáo dục trung học cơ sở và trung học phổ thông","NganhNgheTitleAscii":"/nganh-nghe/giao-duc-trung-hoc-co-so-va-trung-hoc-pho-thong","DSTags":["2400469664-060","Bắc Giang",null]},{"Type":11,"SolrID":"/2400405967-chi-nhanh-bac-giang-cong-ty-cp-anh-phong","ID":0,"MaSoThue":"2400405967","NgayCap":"2008-07-21T00:00:00Z","Title":"Chi nhánh Bắc Giang - Công ty CP Anh Phong","DiaChiCongTy":"khu khai thác chế biến quặng chì kẽm -Hoa Lý,  xã Vân Sơn - Huyện Sơn Động - Bắc Giang","Created":"2015-11-12T13:01:21Z","Updated":"2015-11-12T13:01:21Z","IsDelete":false,"RequestChanged":false,"ExitsInGDT":false,"SourceID":0,"TinhThanhID":0,"TinhThanhTitle":"Bắc Giang","TinhThanhTitleAscii":"/bac-giang","QuanHuyenID":0,"NganhNgheTitle":"Khai khoáng chưa được phân vào đâu","NganhNgheTitleAscii":"/nganh-nghe/khai-khoang-chua-duoc-phan-vao-dau","DSTags":["2400405967","Bắc Giang",null]},{"Type":11,"SolrID":"/5700580482-001-chi-nhanh-bac-giang-cong-ty-cp-anh-phong","ID":0,"MaSoThue":"5700580482-001","NgayCap":"2008-07-21T00:00:00Z","Title":"Chi Nhánh Băc Giang Công Ty CP Anh Phong","DiaChiCongTy":"Thôn Hoa Lý - Xã Vân Sơn - Huyện Sơn Động - Bắc Giang","Created":"2015-11-19T08:58:28Z","Updated":"2015-11-19T08:58:28Z","IsDelete":false,"RequestChanged":false,"ExitsInGDT":false,"SourceID":0,"TinhThanhID":0,"TinhThanhTitle":"Bắc Giang","TinhThanhTitleAscii":"/bac-giang","QuanHuyenID":0,"NganhNgheTitle":"Khai thác quặng kim loại khác không chứa sắt","NganhNgheTitleAscii":"/nganh-nghe/khai-thac-quang-kim-loai-khac-khong-chua-sat","DSTags":["5700580482-001","Bắc Giang",null]},{"Type":11,"SolrID":"/2400213006-ubnd-xa-van-son","ID":0,"MaSoThue":"2400213006","NgayCap":"1998-11-27T00:00:00Z","Title":"UBND xã Vân Sơn","DiaChiCongTy":"Xóm Phe xã Vân Sơn - Huyện Sơn Động - Bắc Giang","Created":"2015-11-16T06:09:55Z","Updated":"2015-11-16T06:09:55Z","IsDelete":false,"RequestChanged":false,"ExitsInGDT":false,"SourceID":0,"TinhThanhID":0,"TinhThanhTitle":"Bắc Giang","TinhThanhTitleAscii":"/bac-giang","QuanHuyenID":0,"NganhNgheTitle":"Hoạt động của Đảng cộng sản, tổ chức chính trị - xã hội, hoạt động quản lý nhà nước nói chung và kinh tế tổng hợp","NganhNgheTitleAscii":"/nganh-nghe/hoat-dong-cua-dang-cong-san-to-chuc-chinh-tri-xa-hoi-hoat-dong-quan-ly-nha-nuoc-noi-chung-va-kinh-te-tong-hop","DSTags":["2400213006","Bắc Giang",null]}]}