{"ID":14344,"SolrID":"/bac-giang/huyen-son-dong/xa-vinh-khuong","Title":"Xã Vĩnh Khương","TinhThanhTitle":"Bắc Giang","QuanHuyenTitle":"Huyện Sơn Động","QuanHuyenID":518,"TinhThanhID":54,"Url":"https://thongtindoanhnghiep.co/api/company?l=/bac-giang/huyen-son-dong/xa-vinh-khuong","Total":3,"List":[{"Type":11,"SolrID":"/2400828183-cong-ty-tnhh-xay-dung-nha-son-dong","ID":0,"MaSoThue":"2400828183","NgayCap":"2017-12-13T00:00:00Z","Title":"Công Ty TNHH Xây Dựng Nhà Sơn Động","DiaChiCongTy":"Thôn Hắng, Xã Vĩnh Khương, Huyện Sơn Động, Tỉnh Bắc Giang","Created":"2017-12-13T17:30:00Z","Updated":"2017-12-13T17:30:00Z","IsDelete":false,"RequestChanged":false,"ExitsInGDT":false,"SourceID":0,"TinhThanhID":0,"TinhThanhTitle":"Bắc Giang","TinhThanhTitleAscii":"/bac-giang","QuanHuyenID":0,"NganhNgheTitle":"Xây dựng nhà các loại","NganhNgheTitleAscii":"/nganh-nghe/xay-dung-nha-cac-loai","DSTags":["2400828183","Bắc Giang",null]},{"Type":11,"SolrID":"/2400630867-cong-ty-tnhh-xay-dung-va-thuong-mai-phu-hung-son-dong","ID":0,"MaSoThue":"2400630867","NgayCap":"2012-12-24T00:00:00Z","Title":"Công Ty TNHH Xây Dựng Và Thương Mại Phú Hưng Sơn Động","DiaChiCongTy":"Thôn Hắng - Xã Vĩnh Khương - Huyện Sơn Động - Bắc Giang","Created":"2015-11-12T01:19:33Z","Updated":"2015-11-12T01:19:33Z","IsDelete":false,"RequestChanged":false,"ExitsInGDT":false,"SourceID":0,"TinhThanhID":0,"TinhThanhTitle":"Bắc Giang","TinhThanhTitleAscii":"/bac-giang","QuanHuyenID":0,"NganhNgheTitle":"Xây dựng nhà các loại","NganhNgheTitleAscii":"/nganh-nghe/xay-dung-nha-cac-loai","DSTags":["2400630867","Bắc Giang",null]},{"Type":11,"SolrID":"/2400212972-ubnd-xa-vinh-khuong","ID":0,"MaSoThue":"2400212972","NgayCap":"1998-11-27T00:00:00Z","Title":"UBND xã Vĩnh Khương","DiaChiCongTy":"xã Vĩnh Khương - Huyện Sơn Động - Bắc Giang","Created":"2015-11-16T06:09:57Z","Updated":"2015-11-16T06:09:57Z","IsDelete":false,"RequestChanged":false,"ExitsInGDT":false,"SourceID":0,"TinhThanhID":0,"TinhThanhTitle":"Bắc Giang","TinhThanhTitleAscii":"/bac-giang","QuanHuyenID":0,"NganhNgheTitle":"Hoạt động của Đảng cộng sản, tổ chức chính trị - xã hội, hoạt động quản lý nhà nước nói chung và kinh tế tổng hợp","NganhNgheTitleAscii":"/nganh-nghe/hoat-dong-cua-dang-cong-san-to-chuc-chinh-tri-xa-hoi-hoat-dong-quan-ly-nha-nuoc-noi-chung-va-kinh-te-tong-hop","DSTags":["2400212972","Bắc Giang",null]}]}