{"ID":23749,"SolrID":"/bac-giang/huyen-son-dong/xa-vinh-an","Title":"Xã Vĩnh An","TinhThanhTitle":"Bắc Giang","QuanHuyenTitle":"Huyện Sơn Động","QuanHuyenID":518,"TinhThanhID":54,"Url":"https://thongtindoanhnghiep.co/api/company?l=/bac-giang/huyen-son-dong/xa-vinh-an","Total":2,"List":[{"Type":11,"SolrID":"/2400918969-cong-ty-tnhh-mtv-vinh-an-b-a","ID":0,"MaSoThue":"2400918969","NgayCap":"2021-09-06T00:00:00Z","Title":"Công Ty TNHH Mtv Vĩnh An B&a","DiaChiCongTy":"Thôn Mặn, Xã Vĩnh An, Huyện Sơn Động, Tỉnh Bắc Giang","Created":"2021-09-06T10:36:07Z","Updated":"2021-09-06T10:36:07Z","IsDelete":false,"RequestChanged":false,"ExitsInGDT":false,"SourceID":0,"TinhThanhID":0,"TinhThanhTitle":"Bắc Giang","TinhThanhTitleAscii":"/bac-giang","QuanHuyenID":0,"DSTags":["2400918969","Bắc Giang",null]},{"Type":11,"SolrID":"/2400905504-cong-ty-tnhh-xd-tm-hoang-ha","ID":0,"MaSoThue":"2400905504","NgayCap":"2021-02-25T00:00:00Z","Title":"Công Ty TNHH Xd & Tm Hoàng Hà","DiaChiCongTy":"Thôn Chào, Xã Vĩnh An, Huyện Sơn Động, Tỉnh Bắc Giang","Created":"2021-02-25T10:35:38Z","Updated":"2021-02-25T10:35:38Z","IsDelete":false,"RequestChanged":false,"ExitsInGDT":false,"SourceID":0,"TinhThanhID":0,"TinhThanhTitle":"Bắc Giang","TinhThanhTitleAscii":"/bac-giang","QuanHuyenID":0,"DSTags":["2400905504","Bắc Giang",null]}]}