{"ID":8271,"SolrID":"/bac-giang/huyen-son-dong/xa-yen-dinh","Title":"Xã Yên Định","TinhThanhTitle":"Bắc Giang","QuanHuyenTitle":"Huyện Sơn Động","QuanHuyenID":518,"TinhThanhID":54,"Url":"https://thongtindoanhnghiep.co/api/company?l=/bac-giang/huyen-son-dong/xa-yen-dinh","Total":30,"List":[{"Type":11,"SolrID":"/2400905208-cong-ty-tnhh-xdtm-gia-phong","ID":0,"MaSoThue":"2400905208","NgayCap":"2021-02-08T00:00:00Z","Title":"Công Ty TNHH Xdtm Gia Phong","DiaChiCongTy":"Thôn Nhân Định, Xã Yên Định, Huyện Sơn Động, Tỉnh Bắc Giang","Created":"2021-02-08T10:36:50Z","Updated":"2021-02-08T10:36:50Z","IsDelete":false,"RequestChanged":false,"ExitsInGDT":false,"SourceID":0,"TinhThanhID":0,"TinhThanhTitle":"Bắc Giang","TinhThanhTitleAscii":"/bac-giang","QuanHuyenID":0,"NganhNgheTitle":"Bán buôn vật liệu, thiết bị lắp đặt khác trong xây dựng","NganhNgheTitleAscii":"/nganh-nghe/ban-buon-vat-lieu-thiet-bi-lap-dat-khac-trong-xay-dung","DSTags":["2400905208","Bắc Giang",null]},{"Type":11,"SolrID":"/2400846425-cong-ty-tnhh-tu-van-thiet-ke-son-thao-trang","ID":0,"MaSoThue":"2400846425","NgayCap":"2018-08-31T00:00:00Z","Title":"Công Ty TNHH Tư Vấn Thiết Kế Sơn Thao Trang","DiaChiCongTy":"Thôn Đồng Chu, Xã Yên Định, Huyện Sơn Động, Tỉnh Bắc Giang","Created":"2018-08-31T11:45:04Z","Updated":"2018-08-31T11:45:04Z","IsDelete":false,"RequestChanged":false,"ExitsInGDT":false,"SourceID":0,"TinhThanhID":0,"TinhThanhTitle":"Bắc Giang","TinhThanhTitleAscii":"/bac-giang","QuanHuyenID":0,"NganhNgheTitle":"Hoạt động xây dựng chuyên dụng khác","NganhNgheTitleAscii":"/nganh-nghe/hoat-dong-xay-dung-chuyen-dung-khac","DSTags":["2400846425","Bắc Giang",null]},{"Type":11,"SolrID":"/2400843569-cong-ty-tnhh-xd-tm-vt-van-vuong","ID":0,"MaSoThue":"2400843569","NgayCap":"2018-07-25T00:00:00Z","Title":"Công Ty TNHH Xd&tm Vt Văn Vượng","DiaChiCongTy":"Thôn Nhân Định, Xã Yên Định, Huyện Sơn Động, Tỉnh Bắc Giang","Created":"2018-07-25T17:21:39Z","Updated":"2018-07-25T17:21:39Z","IsDelete":false,"RequestChanged":false,"ExitsInGDT":false,"SourceID":0,"TinhThanhID":0,"TinhThanhTitle":"Bắc Giang","TinhThanhTitleAscii":"/bac-giang","QuanHuyenID":0,"NganhNgheTitle":"Xây dựng nhà các loại","NganhNgheTitleAscii":"/nganh-nghe/xay-dung-nha-cac-loai","DSTags":["2400843569","Bắc Giang",null]},{"Type":11,"SolrID":"/2400842318-cong-ty-tnhh-tmdv-xay-dung-an-khang-bac-giang","ID":0,"MaSoThue":"2400842318","NgayCap":"2018-06-29T00:00:00Z","Title":"Công Ty TNHH Tmdv Xây Dựng An Khang Bắc Giang","DiaChiCongTy":"Thôn Nhân Định, Xã Yên Định, Huyện Sơn Động, Tỉnh Bắc Giang","Created":"2018-06-29T08:35:12Z","Updated":"2018-06-29T08:35:12Z","IsDelete":false,"RequestChanged":false,"ExitsInGDT":false,"SourceID":0,"TinhThanhID":0,"TinhThanhTitle":"Bắc Giang","TinhThanhTitleAscii":"/bac-giang","QuanHuyenID":0,"NganhNgheTitle":"Sản xuất sản phẩm khác từ gỗ; sản xuất sản phẩm từ tre, nứa, rơm, rạ và vật liệu tết bện","NganhNgheTitleAscii":"/nganh-nghe/san-xuat-san-pham-khac-tu-go-san-xuat-san-pham-tu-tre-nua-rom-ra-va-vat-lieu-tet-ben","DSTags":["2400842318","Bắc Giang",null]},{"Type":11,"SolrID":"/0108096995-001-chi-nhanh-tai-tinh-bac-giang-cong-ty-tnhh-san-xuat-dong-viet-nam","ID":0,"MaSoThue":"0108096995-001","NgayCap":"2018-04-06T00:00:00Z","Title":"Chi Nhánh Tại Tỉnh Bắc Giang-công Ty TNHH Sản Xuất Đồng Việt Nam","DiaChiCongTy":"Thôn Nhân Định, Xã Yên Định, Huyện Sơn Động, Tỉnh Bắc Giang","Created":"2018-04-11T09:59:24Z","Updated":"2018-04-11T09:59:24Z","IsDelete":false,"RequestChanged":false,"ExitsInGDT":false,"SourceID":0,"TinhThanhID":0,"TinhThanhTitle":"Bắc Giang","TinhThanhTitleAscii":"/bac-giang","QuanHuyenID":0,"NganhNgheTitle":"Sản xuất kim loại màu và kim loại quý","NganhNgheTitleAscii":"/nganh-nghe/san-xuat-kim-loai-mau-va-kim-loai-quy","DSTags":["0108096995-001","Bắc Giang",null]},{"Type":11,"SolrID":"/2400826845-cong-ty-tnhh-xuan-hoa-son-dong","ID":0,"MaSoThue":"2400826845","NgayCap":"2017-12-01T00:00:00Z","Title":"Công Ty TNHH Xuân Hòa Sơn Động","DiaChiCongTy":"Thôn Thượng, Xã Yên Định, Huyện Sơn Động, Tỉnh Bắc Giang","Created":"2017-12-01T08:11:46Z","Updated":"2017-12-01T08:11:46Z","IsDelete":false,"RequestChanged":false,"ExitsInGDT":false,"SourceID":0,"TinhThanhID":0,"TinhThanhTitle":"Bắc Giang","TinhThanhTitleAscii":"/bac-giang","QuanHuyenID":0,"DSTags":["2400826845","Bắc Giang",null]},{"Type":11,"SolrID":"/2400826570-cong-ty-tnhh-tmdv-quoc-cuong-bac-giang","ID":0,"MaSoThue":"2400826570","NgayCap":"2017-11-30T00:00:00Z","Title":"Công Ty TNHH Tmdv Quốc Cường Bắc Giang","DiaChiCongTy":"Thôn Nhân Định, Xã Yên Định, Huyện Sơn Động, Tỉnh Bắc Giang","Created":"2017-11-30T12:18:21Z","Updated":"2020-07-16T16:15:28Z","IsDelete":false,"RequestChanged":false,"ExitsInGDT":false,"SourceID":0,"TinhThanhID":0,"TinhThanhTitle":"Bắc Giang","TinhThanhTitleAscii":"/bac-giang","QuanHuyenID":0,"NganhNgheTitle":"Bán buôn vật liệu, thiết bị lắp đặt khác trong xây dựng","NganhNgheTitleAscii":"/nganh-nghe/ban-buon-vat-lieu-thiet-bi-lap-dat-khac-trong-xay-dung","DSTags":["2400826570","Bắc Giang",null]},{"Type":11,"SolrID":"/2400826179-cong-ty-tnhh-tmdv-van-chien-son-dong","ID":0,"MaSoThue":"2400826179","NgayCap":"2017-11-24T00:00:00Z","Title":"Công Ty TNHH Tmdv Văn Chiến Sơn Động","DiaChiCongTy":"Thôn Đồng Chu, Xã Yên Định, Huyện Sơn Động, Tỉnh Bắc Giang","Created":"2017-11-24T14:56:35Z","Updated":"2017-11-24T14:56:35Z","IsDelete":false,"RequestChanged":false,"ExitsInGDT":false,"SourceID":0,"TinhThanhID":0,"TinhThanhTitle":"Bắc Giang","TinhThanhTitleAscii":"/bac-giang","QuanHuyenID":0,"NganhNgheTitle":"Bán buôn vật liệu, thiết bị lắp đặt khác trong xây dựng","NganhNgheTitleAscii":"/nganh-nghe/ban-buon-vat-lieu-thiet-bi-lap-dat-khac-trong-xay-dung","DSTags":["2400826179","Bắc Giang",null]},{"Type":11,"SolrID":"/2400824622-cong-ty-tnhh-giong-cay-trong-nga-phuong","ID":0,"MaSoThue":"2400824622","NgayCap":"2017-11-01T00:00:00Z","Title":"Công Ty TNHH Giống Cây Trồng Nga Phương","DiaChiCongTy":"Thôn Nhân Định, Xã Yên Định, Huyện Sơn Động, Tỉnh Bắc Giang","Created":"2017-11-01T15:17:56Z","Updated":"2017-11-01T15:17:56Z","IsDelete":false,"RequestChanged":false,"ExitsInGDT":false,"SourceID":0,"TinhThanhID":0,"TinhThanhTitle":"Bắc Giang","TinhThanhTitleAscii":"/bac-giang","QuanHuyenID":0,"NganhNgheTitle":"Trồng rừng và chăm sóc rừng","NganhNgheTitleAscii":"/nganh-nghe/trong-rung-va-cham-soc-rung","DSTags":["2400824622","Bắc Giang",null]},{"Type":11,"SolrID":"/2400821759-cong-ty-tnhh-tm-va-xd-bac-phuong-nam","ID":0,"MaSoThue":"2400821759","NgayCap":"2017-09-05T00:00:00Z","Title":"Công Ty TNHH Tm Và Xd Bắc Phương Nam","DiaChiCongTy":"Thôn Đồng Chu, Xã Yên Định, Huyện Sơn Động, Tỉnh Bắc Giang","Created":"2017-09-05T15:14:30Z","Updated":"2017-09-05T15:14:30Z","IsDelete":false,"RequestChanged":false,"ExitsInGDT":false,"SourceID":0,"TinhThanhID":0,"TinhThanhTitle":"Bắc Giang","TinhThanhTitleAscii":"/bac-giang","QuanHuyenID":0,"NganhNgheTitle":"Bán buôn vật liệu, thiết bị lắp đặt khác trong xây dựng","NganhNgheTitleAscii":"/nganh-nghe/ban-buon-vat-lieu-thiet-bi-lap-dat-khac-trong-xay-dung","DSTags":["2400821759","Bắc Giang",null]},{"Type":11,"SolrID":"/2400815709-cong-ty-tnhh-xay-dung-va-kinh-doanh-thuong-mai-nguyen-hoang","ID":0,"MaSoThue":"2400815709","NgayCap":"2017-05-31T00:00:00Z","Title":"Công Ty TNHH Xây Dựng Và Kinh Doanh Thương Mại Nguyễn Hoàng","DiaChiCongTy":"Thôn Đồng Chu, Xã Yên Định, Huyện Sơn Động, Tỉnh Bắc Giang","Created":"2017-05-31T15:20:24Z","Updated":"2017-05-31T15:20:24Z","IsDelete":false,"RequestChanged":false,"ExitsInGDT":false,"SourceID":0,"TinhThanhID":0,"TinhThanhTitle":"Bắc Giang","TinhThanhTitleAscii":"/bac-giang","QuanHuyenID":0,"NganhNgheTitle":"Xây dựng nhà các loại","NganhNgheTitleAscii":"/nganh-nghe/xay-dung-nha-cac-loai","DSTags":["2400815709","Bắc Giang",null]},{"Type":11,"SolrID":"/2400814310-cong-ty-tnhh-tmdv-duc-tam-son-dong","ID":0,"MaSoThue":"2400814310","NgayCap":"2017-05-05T00:00:00Z","Title":"Công Ty TNHH Tmdv Đức Tâm Sơn Động","DiaChiCongTy":"Thôn Đồng Chu, Xã Yên Định, Huyện Sơn Động, Tỉnh Bắc Giang","Created":"2017-05-05T15:41:11Z","Updated":"2017-05-05T15:41:11Z","IsDelete":false,"RequestChanged":false,"ExitsInGDT":false,"SourceID":0,"TinhThanhID":0,"TinhThanhTitle":"Bắc Giang","TinhThanhTitleAscii":"/bac-giang","QuanHuyenID":0,"NganhNgheTitle":"Bán buôn vật liệu, thiết bị lắp đặt khác trong xây dựng","NganhNgheTitleAscii":"/nganh-nghe/ban-buon-vat-lieu-thiet-bi-lap-dat-khac-trong-xay-dung","DSTags":["2400814310","Bắc Giang",null]},{"Type":11,"SolrID":"/2400814303-cong-ty-tnhh-tmdv-quang-luan-son-dong","ID":0,"MaSoThue":"2400814303","NgayCap":"2017-05-05T00:00:00Z","Title":"Công Ty TNHH Tmdv Quang Luân Sơn Động","DiaChiCongTy":"Thôn Đồng Chu, Xã Yên Định, Huyện Sơn Động, Tỉnh Bắc Giang","Created":"2017-05-05T15:43:39Z","Updated":"2017-05-05T15:43:39Z","IsDelete":false,"RequestChanged":false,"ExitsInGDT":false,"SourceID":0,"TinhThanhID":0,"TinhThanhTitle":"Bắc Giang","TinhThanhTitleAscii":"/bac-giang","QuanHuyenID":0,"NganhNgheTitle":"Bán buôn vật liệu, thiết bị lắp đặt khác trong xây dựng","NganhNgheTitleAscii":"/nganh-nghe/ban-buon-vat-lieu-thiet-bi-lap-dat-khac-trong-xay-dung","DSTags":["2400814303","Bắc Giang",null]},{"Type":11,"SolrID":"/2400810027-cong-ty-tnhh-dau-tu-kinh-doanh-thuong-mai-tran-son-thanh","ID":0,"MaSoThue":"2400810027","NgayCap":"2017-02-21T00:00:00Z","Title":"Công Ty TNHH Đầu Tư Kinh Doanh Thương Mại Trần Sơn Thành","DiaChiCongTy":"Thôn Nhân Định, Xã Yên Định, Huyện Sơn Động, Tỉnh Bắc Giang","Created":"2017-02-21T14:37:59Z","Updated":"2017-02-21T14:37:59Z","IsDelete":false,"RequestChanged":false,"ExitsInGDT":false,"SourceID":0,"TinhThanhID":0,"TinhThanhTitle":"Bắc Giang","TinhThanhTitleAscii":"/bac-giang","QuanHuyenID":0,"NganhNgheTitle":"Xây dựng nhà các loại","NganhNgheTitleAscii":"/nganh-nghe/xay-dung-nha-cac-loai","DSTags":["2400810027","Bắc Giang",null]},{"Type":11,"SolrID":"/2400804506-cong-ty-tnhh-tmdv-va-xay-dung-an-hoa-son-dong","ID":0,"MaSoThue":"2400804506","NgayCap":"2016-12-12T00:00:00Z","Title":"Công Ty TNHH Tmdv Và Xây Dựng An Hòa Sơn Động","DiaChiCongTy":"Thôn Đồng Chu, Xã Yên Định, Huyện Sơn Động, Tỉnh Bắc Giang","Created":"2016-12-12T08:13:38Z","Updated":"2016-12-12T08:13:38Z","IsDelete":false,"RequestChanged":false,"ExitsInGDT":false,"SourceID":0,"TinhThanhID":0,"TinhThanhTitle":"Bắc Giang","TinhThanhTitleAscii":"/bac-giang","QuanHuyenID":0,"NganhNgheTitle":"Bán buôn vật liệu, thiết bị lắp đặt khác trong xây dựng","NganhNgheTitleAscii":"/nganh-nghe/ban-buon-vat-lieu-thiet-bi-lap-dat-khac-trong-xay-dung","DSTags":["2400804506","Bắc Giang",null]},{"Type":11,"SolrID":"/2400803340-cong-ty-tnhh-tmdv-xay-dung-phuong-nam-son-dong","ID":0,"MaSoThue":"2400803340","NgayCap":"2016-11-18T00:00:00Z","Title":"Công Ty TNHH Tmdv Xây Dựng Phương Nam Sơn Động","DiaChiCongTy":"Thôn Đồng Chu - Xã Yên Định - Huyện Sơn Động - Bắc Giang","Created":"2016-11-22T11:21:09Z","Updated":"2016-11-22T11:21:09Z","IsDelete":false,"RequestChanged":false,"ExitsInGDT":false,"SourceID":0,"TinhThanhID":0,"TinhThanhTitle":"Bắc Giang","TinhThanhTitleAscii":"/bac-giang","QuanHuyenID":0,"NganhNgheTitle":"Bán buôn vật liệu, thiết bị lắp đặt khác trong xây dựng","NganhNgheTitleAscii":"/nganh-nghe/ban-buon-vat-lieu-thiet-bi-lap-dat-khac-trong-xay-dung","DSTags":["2400803340","Bắc Giang",null]},{"Type":11,"SolrID":"/2400796125-cong-ty-tnhh-thuong-mai-xay-dung-kim-thanh-an","ID":0,"MaSoThue":"2400796125","NgayCap":"2016-06-06T00:00:00Z","Title":"Công Ty TNHH Thương Mại Xây Dựng Kim Thành An","DiaChiCongTy":"Thôn Đồng Chu - Xã Yên Định - Huyện Sơn Động - Bắc Giang","Created":"2016-06-13T12:16:40Z","Updated":"2016-06-13T12:16:40Z","IsDelete":false,"RequestChanged":false,"ExitsInGDT":false,"SourceID":0,"TinhThanhID":0,"TinhThanhTitle":"Bắc Giang","TinhThanhTitleAscii":"/bac-giang","QuanHuyenID":0,"NganhNgheTitle":"Bán buôn vật liệu, thiết bị lắp đặt khác trong xây dựng","NganhNgheTitleAscii":"/nganh-nghe/ban-buon-vat-lieu-thiet-bi-lap-dat-khac-trong-xay-dung","DSTags":["2400796125","Bắc Giang",null]},{"Type":11,"SolrID":"/2400774869-cong-ty-tnhh-thuong-mai-tong-hop-minh-dien","ID":0,"MaSoThue":"2400774869","NgayCap":"2015-11-26T00:00:00Z","Title":"Công Ty TNHH Thương Mại Tổng Hợp Minh Diện","DiaChiCongTy":"Thôn Đồng Tru (thuê nhà Bà Từ Thị Trinh) - Xã Yên Định - Huyện Sơn Động - Bắc Giang","Created":"2015-11-28T13:05:25Z","Updated":"2015-11-28T13:05:25Z","IsDelete":false,"RequestChanged":false,"ExitsInGDT":false,"SourceID":0,"TinhThanhID":0,"TinhThanhTitle":"Bắc Giang","TinhThanhTitleAscii":"/bac-giang","QuanHuyenID":0,"NganhNgheTitle":"Bán buôn vật liệu, thiết bị lắp đặt khác trong xây dựng","NganhNgheTitleAscii":"/nganh-nghe/ban-buon-vat-lieu-thiet-bi-lap-dat-khac-trong-xay-dung","DSTags":["2400774869","Bắc Giang",null]},{"Type":11,"SolrID":"/2400694162-cong-ty-tnhh-mot-thanh-vien-che-bien-lam-san-ha-bac","ID":0,"MaSoThue":"2400694162","NgayCap":"2014-01-13T00:00:00Z","Title":"Công Ty TNHH Một Thành Viên Chế Biến Lâm Sản Hà Bắc","DiaChiCongTy":"Thôn Nhân Định - Xã Yên Định - Huyện Sơn Động - Bắc Giang","Created":"2015-11-09T21:00:12Z","Updated":"2015-11-09T21:00:12Z","IsDelete":false,"RequestChanged":false,"ExitsInGDT":false,"SourceID":0,"TinhThanhID":0,"TinhThanhTitle":"Bắc Giang","TinhThanhTitleAscii":"/bac-giang","QuanHuyenID":0,"NganhNgheTitle":"Khai thác gỗ","NganhNgheTitleAscii":"/nganh-nghe/khai-thac-go","DSTags":["2400694162","Bắc Giang",null]},{"Type":11,"SolrID":"/2400649508-cong-ty-tnhh-mot-thanh-vien-nong-san-thuc-pham-mai-linh","ID":0,"MaSoThue":"2400649508","NgayCap":"2013-10-15T00:00:00Z","Title":"Công Ty TNHH Một Thành Viên Nông Sản & Thực Phẩm Mai Linh","DiaChiCongTy":"Thôn Trại Chùa - Xã Yên Định - Huyện Sơn Động - Bắc Giang","Created":"2015-11-09T14:02:41Z","Updated":"2015-11-09T14:02:41Z","IsDelete":false,"RequestChanged":false,"ExitsInGDT":false,"SourceID":0,"TinhThanhID":0,"TinhThanhTitle":"Bắc Giang","TinhThanhTitleAscii":"/bac-giang","QuanHuyenID":0,"NganhNgheTitle":"Chưng, tinh cất và pha chế các loại rượu mạnh","NganhNgheTitleAscii":"/nganh-nghe/chung-tinh-cat-va-pha-che-cac-loai-ruou-manh","DSTags":["2400649508","Bắc Giang",null]},{"Type":11,"SolrID":"/2400647268-doanh-nghiep-tu-nhan-quy-the","ID":0,"MaSoThue":"2400647268","NgayCap":"2013-08-16T00:00:00Z","Title":"Doanh Nghiệp Tư Nhân Quý Thế","DiaChiCongTy":"Thôn Nhân Định - Xã Yên Định - Huyện Sơn Động - Bắc Giang","Created":"2015-11-16T14:06:12Z","Updated":"2015-11-16T14:06:12Z","IsDelete":false,"RequestChanged":false,"ExitsInGDT":false,"SourceID":0,"TinhThanhID":0,"TinhThanhTitle":"Bắc Giang","TinhThanhTitleAscii":"/bac-giang","QuanHuyenID":0,"NganhNgheTitle":"Ươm giống cây lâm nghiệp","NganhNgheTitleAscii":"/nganh-nghe/uom-giong-cay-lam-nghiep","DSTags":["2400647268","Bắc Giang",null]},{"Type":11,"SolrID":"/2400502304-cong-ty-cp-viet-bac","ID":0,"MaSoThue":"2400502304","NgayCap":"2010-04-22T00:00:00Z","Title":"Công Ty CP Việt Bắc","DiaChiCongTy":"Thôn Nhân Định - Xã Yên Định - Huyện Sơn Động - Bắc Giang","Created":"2015-11-09T15:53:48Z","Updated":"2015-11-09T15:53:48Z","IsDelete":false,"RequestChanged":false,"ExitsInGDT":false,"SourceID":0,"TinhThanhID":0,"TinhThanhTitle":"Bắc Giang","TinhThanhTitleAscii":"/bac-giang","QuanHuyenID":0,"NganhNgheTitle":"Khai thác đá, cát, sỏi, đất sét","NganhNgheTitleAscii":"/nganh-nghe/khai-thac-da-cat-soi-dat-set","DSTags":["2400502304","Bắc Giang",null]},{"Type":11,"SolrID":"/2400469664-015-truong-thcs-yen-dinh-son-dong","ID":0,"MaSoThue":"2400469664-015","NgayCap":"2009-09-30T00:00:00Z","Title":"Trường THCS Yên Định Sơn Động","DiaChiCongTy":"Thôn Trai Chùa - Xã Yên Định - Huyện Sơn Động - Bắc Giang","Created":"2015-11-17T22:25:17Z","Updated":"2015-11-17T22:25:17Z","IsDelete":false,"RequestChanged":false,"ExitsInGDT":false,"SourceID":0,"TinhThanhID":0,"TinhThanhTitle":"Bắc Giang","TinhThanhTitleAscii":"/bac-giang","QuanHuyenID":0,"NganhNgheTitle":"Giáo dục trung học cơ sở và trung học phổ thông","NganhNgheTitleAscii":"/nganh-nghe/giao-duc-trung-hoc-co-so-va-trung-hoc-pho-thong","DSTags":["2400469664-015","Bắc Giang",null]},{"Type":11,"SolrID":"/2400406470-hop-tac-xa-quoc-tuan","ID":0,"MaSoThue":"2400406470","NgayCap":"2008-07-30T00:00:00Z","Title":"Hợp tác xã Quốc Tuấn","DiaChiCongTy":"thôn Trại Chùa, xã Yên Định - Huyện Sơn Động - Bắc Giang","Created":"2015-11-17T11:00:31Z","Updated":"2015-11-17T11:00:31Z","IsDelete":false,"RequestChanged":false,"ExitsInGDT":false,"SourceID":0,"TinhThanhID":0,"TinhThanhTitle":"Bắc Giang","TinhThanhTitleAscii":"/bac-giang","QuanHuyenID":0,"NganhNgheTitle":"Sản xuất bê tông và các sản phẩm từ xi măng và thạch cao","NganhNgheTitleAscii":"/nganh-nghe/san-xuat-be-tong-va-cac-san-pham-tu-xi-mang-va-thach-cao","DSTags":["2400406470","Bắc Giang",null]},{"Type":11,"SolrID":"/2400372687-cong-ty-tnhh-hoa-quy","ID":0,"MaSoThue":"2400372687","NgayCap":"2007-03-05T00:00:00Z","Title":"Công ty TNHH Hòa Quý","DiaChiCongTy":"Thôn Nhân Định, xã Yên Định - Huyện Sơn Động - Bắc Giang","Created":"2015-11-12T12:39:18Z","Updated":"2015-11-12T12:39:18Z","IsDelete":false,"RequestChanged":false,"ExitsInGDT":false,"SourceID":0,"TinhThanhID":0,"TinhThanhTitle":"Bắc Giang","TinhThanhTitleAscii":"/bac-giang","QuanHuyenID":0,"NganhNgheTitle":"Bán buôn nông, lâm sản nguyên liệu (trừ gỗ, tre, nứa) và động vật sống","NganhNgheTitleAscii":"/nganh-nghe/ban-buon-nong-lam-san-nguyen-lieu-tru-go-tre-nua-va-dong-vat-song","DSTags":["2400372687","Bắc Giang",null]},{"Type":11,"SolrID":"/2400301157-cong-ty-tnhh-truong-sinh","ID":0,"MaSoThue":"2400301157","NgayCap":"2004-05-21T00:00:00Z","Title":"Công ty TNHH Trường Sinh","DiaChiCongTy":"Đồng Chu xã Yên Định - Huyện Sơn Động - Bắc Giang","Created":"2015-11-12T13:02:46Z","Updated":"2015-11-12T13:02:46Z","IsDelete":false,"RequestChanged":false,"ExitsInGDT":false,"SourceID":0,"TinhThanhID":0,"TinhThanhTitle":"Bắc Giang","TinhThanhTitleAscii":"/bac-giang","QuanHuyenID":0,"NganhNgheTitle":"Xây dựng công trình kỹ thuật dân dụng","NganhNgheTitleAscii":"/nganh-nghe/xay-dung-cong-trinh-ky-thuat-dan-dung","DSTags":["2400301157","Bắc Giang",null]},{"Type":11,"SolrID":"/2400291646-cong-ty-co-phan-xay-dung-thang-loi","ID":0,"MaSoThue":"2400291646","NgayCap":"2003-05-28T00:00:00Z","Title":"Công ty cổ phần xây dựng Thắng Lợi","DiaChiCongTy":"Thôn Nhân Định xã Yên Định - Huyện Sơn Động - Bắc Giang","Created":"2015-11-12T12:31:00Z","Updated":"2015-11-12T12:31:00Z","IsDelete":false,"RequestChanged":false,"ExitsInGDT":false,"SourceID":0,"TinhThanhID":0,"TinhThanhTitle":"Bắc Giang","TinhThanhTitleAscii":"/bac-giang","QuanHuyenID":0,"NganhNgheTitle":"Xây dựng công trình kỹ thuật dân dụng","NganhNgheTitleAscii":"/nganh-nghe/xay-dung-cong-trinh-ky-thuat-dan-dung","DSTags":["2400291646","Bắc Giang",null]},{"Type":11,"SolrID":"/2400212919-ubnd-xa-yen-dinh","ID":0,"MaSoThue":"2400212919","NgayCap":"1998-11-27T00:00:00Z","Title":"UBND xã Yên Định","DiaChiCongTy":"Thôn Đông chu xã Yên Định - Huyện Sơn Động - Bắc Giang","Created":"2015-11-16T06:09:36Z","Updated":"2015-11-16T06:09:36Z","IsDelete":false,"RequestChanged":false,"ExitsInGDT":false,"SourceID":0,"TinhThanhID":0,"TinhThanhTitle":"Bắc Giang","TinhThanhTitleAscii":"/bac-giang","QuanHuyenID":0,"NganhNgheTitle":"Hoạt động của Đảng cộng sản, tổ chức chính trị - xã hội, hoạt động quản lý nhà nước nói chung và kinh tế tổng hợp","NganhNgheTitleAscii":"/nganh-nghe/hoat-dong-cua-dang-cong-san-to-chuc-chinh-tri-xa-hoi-hoat-dong-quan-ly-nha-nuoc-noi-chung-va-kinh-te-tong-hop","DSTags":["2400212919","Bắc Giang",null]},{"Type":11,"SolrID":"/5700101468-011-xi-nghiep-khai-thac-than-dong-ri","ID":0,"MaSoThue":"5700101468-011","NgayCap":"1998-10-15T00:00:00Z","Title":"Xí nghiệp khai thác than đồng rì","DiaChiCongTy":"Xã yên định - Huyện Sơn Động - Bắc Giang","Created":"2015-11-18T14:43:34Z","Updated":"2015-11-18T14:43:34Z","IsDelete":false,"RequestChanged":false,"ExitsInGDT":false,"SourceID":0,"TinhThanhID":0,"TinhThanhTitle":"Bắc Giang","TinhThanhTitleAscii":"/bac-giang","QuanHuyenID":0,"NganhNgheTitle":"Khai thác và thu gom than non","NganhNgheTitleAscii":"/nganh-nghe/khai-thac-va-thu-gom-than-non","DSTags":["5700101468-011","Bắc Giang",null]},{"Type":11,"SolrID":"/2400122817-cong-ty-tnhh-mot-thanh-vien-lam-nghiep-son-dong","ID":0,"MaSoThue":"2400122817","NgayCap":"1998-08-29T00:00:00Z","Title":"Công ty TNHH một thành viên Lâm nghiệp Sơn Động","DiaChiCongTy":"Xã Yên Định - Huyện Sơn Động - Bắc Giang","Created":"2015-11-12T12:54:39Z","Updated":"2015-11-12T12:54:39Z","IsDelete":false,"RequestChanged":false,"ExitsInGDT":false,"SourceID":0,"TinhThanhID":0,"TinhThanhTitle":"Bắc Giang","TinhThanhTitleAscii":"/bac-giang","QuanHuyenID":0,"NganhNgheTitle":"Lâm nghiệp và hoạt động dịch vụ có liên quan","NganhNgheTitleAscii":"/nganh-nghe/lam-nghiep-va-hoat-dong-dich-vu-co-lien-quan","DSTags":["2400122817","Bắc Giang",null]}]}