{"ID":8889,"SolrID":"/bac-can/tinh-bac-can/phuong-phung-chi-kien","Title":"Phường Phùng Chí Kiên","TinhThanhTitle":"Bắc Cạn","QuanHuyenTitle":"Tỉnh Bắc Cạn","QuanHuyenID":737,"TinhThanhID":47,"Url":"https://thongtindoanhnghiep.co/api/company?l=/bac-can/tinh-bac-can/phuong-phung-chi-kien","Total":2,"List":[{"Type":11,"SolrID":"/4700152975-cong-ty-co-phan-tu-van-dau-tu-xay-dung-thuong-mai-du-lich-bac-hai","ID":0,"MaSoThue":"4700152975","NgayCap":"2007-10-02T00:00:00Z","Title":"Công ty cổ phần tư vấn đầu tư xây dựng, thương mại, du lịch Bắc Hải","DiaChiCongTy":"Tổ 5A - Phường Phùng Chí Kiên - Tỉnh Bắc Cạn - Bắc Cạn","Created":"2015-11-14T03:08:18Z","Updated":"2015-11-14T03:08:18Z","IsDelete":false,"RequestChanged":false,"ExitsInGDT":false,"SourceID":0,"TinhThanhID":0,"TinhThanhTitle":"Bắc Cạn","TinhThanhTitleAscii":"/bac-can","QuanHuyenID":0,"NganhNgheTitle":"Chuẩn bị mặt bằng","NganhNgheTitleAscii":"/nganh-nghe/chuan-bi-mat-bang","DSTags":["4700152975","Bắc Cạn",null]},{"Type":11,"SolrID":"/4700113415-002-cong-ty-buu-chinh-va-phat-hanh-bao-chi","ID":0,"MaSoThue":"4700113415-002","NgayCap":"1999-04-12T00:00:00Z","Title":"Công ty bưu chính và phát hành báo chí","DiaChiCongTy":"Phường Phùng Chí Kiên - Tỉnh Bắc Cạn - Bắc Cạn","Created":"2015-11-18T10:25:55Z","Updated":"2015-11-18T10:25:55Z","IsDelete":false,"RequestChanged":false,"ExitsInGDT":false,"SourceID":0,"TinhThanhID":0,"TinhThanhTitle":"Bắc Cạn","TinhThanhTitleAscii":"/bac-can","QuanHuyenID":0,"NganhNgheTitle":"Viễn thông","NganhNgheTitleAscii":"/nganh-nghe/vien-thong","DSTags":["4700113415-002","Bắc Cạn",null]}]}