{"ID":13751,"SolrID":"/bac-can/tinh-bac-can/phuong-duc-xuan","Title":"Phường Đức Xuân","TinhThanhTitle":"Bắc Cạn","QuanHuyenTitle":"Tỉnh Bắc Cạn","QuanHuyenID":737,"TinhThanhID":47,"Url":"https://thongtindoanhnghiep.co/api/company?l=/bac-can/tinh-bac-can/phuong-duc-xuan","Total":2,"List":[{"Type":11,"SolrID":"/4700188925-toa-an-nhan-dan-tinh-bac-kan","ID":0,"MaSoThue":"4700188925","NgayCap":"2009-08-12T00:00:00Z","Title":"Toà án nhân dân tỉnh Bắc Kạn","DiaChiCongTy":"Tổ 4, Phường Đức Xuân - Tỉnh Bắc Cạn - Bắc Cạn","Created":"2015-11-15T20:54:14Z","Updated":"2015-11-15T20:54:14Z","IsDelete":false,"RequestChanged":false,"ExitsInGDT":false,"SourceID":0,"TinhThanhID":0,"TinhThanhTitle":"Bắc Cạn","TinhThanhTitleAscii":"/bac-can","QuanHuyenID":0,"NganhNgheTitle":"Hoạt động quản lý nhà nước nói chung và kinh tế tổng hợp","NganhNgheTitleAscii":"/nganh-nghe/hoat-dong-quan-ly-nha-nuoc-noi-chung-va-kinh-te-tong-hop","DSTags":["4700188925","Bắc Cạn",null]},{"Type":11,"SolrID":"/4700184737-dang-uy-cac-co-quan-tinh-bac-kan","ID":0,"MaSoThue":"4700184737","NgayCap":"2009-06-30T00:00:00Z","Title":"Đảng ủy các cơ quan tỉnh Bắc Kạn","DiaChiCongTy":"103, Đường Trường Trinh, tổ 8B phường Đức Xuân - Tỉnh Bắc Cạn - Bắc Cạn","Created":"2015-11-16T12:32:49Z","Updated":"2015-11-16T12:32:49Z","IsDelete":false,"RequestChanged":false,"ExitsInGDT":false,"SourceID":0,"TinhThanhID":0,"TinhThanhTitle":"Bắc Cạn","TinhThanhTitleAscii":"/bac-can","QuanHuyenID":0,"NganhNgheTitle":"Hoạt động của Đảng cộng sản, tổ chức chính trị - xã hội, quản lý nhà nước, an ninh quốc phòng và bảo đảm xã hội bắt buộc","NganhNgheTitleAscii":"/nganh-nghe/hoat-dong-cua-dang-cong-san-to-chuc-chinh-tri-xa-hoi-quan-ly-nha-nuoc-an-ninh-quoc-phong-va-bao-dam-xa-hoi-bat-buoc","DSTags":["4700184737","Bắc Cạn",null]}]}