{"ID":5428,"SolrID":"/bac-can/tinh-bac-can/thi-tran-bang-lung","Title":"Thị Trấn Bằng Lũng","TinhThanhTitle":"Bắc Cạn","QuanHuyenTitle":"Tỉnh Bắc Cạn","QuanHuyenID":737,"TinhThanhID":47,"Url":"https://thongtindoanhnghiep.co/api/company?l=/bac-can/tinh-bac-can/thi-tran-bang-lung","Total":1,"List":[{"Type":11,"SolrID":"/4700119738-003-xi-nghiep-khai-thac-va-che-bien-khoang-san-bang-lung","ID":0,"MaSoThue":"4700119738-003","NgayCap":"2003-08-06T00:00:00Z","Title":"Xí nghiệp khai thác và chế biến khoáng sản Bằng Lũng","DiaChiCongTy":"Lũng Váng - Thị trấn Bằng Lũng - Tỉnh Bắc Cạn - Bắc Cạn","Created":"2015-11-19T05:57:17Z","Updated":"2015-11-19T05:57:17Z","IsDelete":false,"RequestChanged":false,"ExitsInGDT":false,"SourceID":0,"TinhThanhID":0,"TinhThanhTitle":"Bắc Cạn","TinhThanhTitleAscii":"/bac-can","QuanHuyenID":0,"NganhNgheTitle":"Khai thác quặng kim loại","NganhNgheTitleAscii":"/nganh-nghe/khai-thac-quang-kim-loai","DSTags":["4700119738-003","Bắc Cạn",null]}]}