{"ID":518,"SolrID":"/an-giang/thi-xa-tan-chau/phuong-long-phu","Title":"Phường Long Phú","TinhThanhTitle":"An Giang","QuanHuyenTitle":"Thị Xã Tân Châu","QuanHuyenID":215,"TinhThanhID":35,"Url":"https://thongtindoanhnghiep.co/api/company?l=/an-giang/thi-xa-tan-chau/phuong-long-phu","Total":19,"List":[{"Type":11,"SolrID":"/1602143769-cong-ty-tnhh-mtv-dich-vu-va-xay-dung-thanh-sang","ID":0,"MaSoThue":"1602143769","NgayCap":"2021-03-18T00:00:00Z","Title":"Công Ty TNHH Mtv Dịch Vụ Và Xây Dựng Thanh Sang","DiaChiCongTy":"Số 14/1 đường Tôn Đức Thắng, Khóm Long An B, Phường  Long Phú, Thị xã Tân Châu, Tỉnh An Giang","Created":"2021-03-18T15:37:23Z","Updated":"2021-03-18T15:37:23Z","IsDelete":false,"RequestChanged":false,"ExitsInGDT":false,"SourceID":0,"TinhThanhID":0,"TinhThanhTitle":"An Giang","TinhThanhTitleAscii":"/an-giang","QuanHuyenID":0,"NganhNgheTitle":"Chuẩn bị mặt bằng","NganhNgheTitleAscii":"/nganh-nghe/chuan-bi-mat-bang","DSTags":["1602143769","An Giang",null]},{"Type":11,"SolrID":"/1602076858-cong-ty-tnhh-tu-van-tuong-nhan","ID":0,"MaSoThue":"1602076858","NgayCap":"2018-07-19T00:00:00Z","Title":"Công Ty TNHH Tư Vấn Tường Nhân","DiaChiCongTy":"Số 232, Tổ 5, Khóm Long An A, Phường  Long Phú, Thị xã Tân Châu, Tỉnh An Giang","Created":"2018-07-19T08:34:37Z","Updated":"2018-07-19T08:34:37Z","IsDelete":false,"RequestChanged":false,"ExitsInGDT":false,"SourceID":0,"TinhThanhID":0,"TinhThanhTitle":"An Giang","TinhThanhTitleAscii":"/an-giang","QuanHuyenID":0,"NganhNgheTitle":"Hoạt động kiến trúc và tư vấn kỹ thuật có liên quan","NganhNgheTitleAscii":"/nganh-nghe/hoat-dong-kien-truc-va-tu-van-ky-thuat-co-lien-quan","DSTags":["1602076858","An Giang",null]},{"Type":11,"SolrID":"/1602076110-cong-ty-tnhh-mot-thanh-vien-pham-chi-tam","ID":0,"MaSoThue":"1602076110","NgayCap":"2018-07-06T00:00:00Z","Title":"Công Ty TNHH Một Thành Viên Phạm Chí Tâm","DiaChiCongTy":"Khóm Long An B, Phường  Long Phú, Thị xã Tân Châu, Tỉnh An Giang","Created":"2018-07-06T09:34:56Z","Updated":"2018-07-06T09:34:56Z","IsDelete":false,"RequestChanged":false,"ExitsInGDT":false,"SourceID":0,"TinhThanhID":0,"TinhThanhTitle":"An Giang","TinhThanhTitleAscii":"/an-giang","QuanHuyenID":0,"NganhNgheTitle":"Bán buôn chuyên doanh khác chưa được phân vào đâu","NganhNgheTitleAscii":"/nganh-nghe/ban-buon-chuyen-doanh-khac-chua-duoc-phan-vao-dau","DSTags":["1602076110","An Giang",null]},{"Type":11,"SolrID":"/1602046571-cong-ty-tnhh-mot-thanh-vien-vien-thong-tran-thanh","ID":0,"MaSoThue":"1602046571","NgayCap":"2017-07-31T00:00:00Z","Title":"Công Ty TNHH Một Thành Viên Viễn Thông Trần Thanh","DiaChiCongTy":"Số 701, Tổ 14, Khóm Long Quới B, Phường  Long Phú, Thị xã Tân Châu, Tỉnh An Giang","Created":"2017-08-01T16:59:37Z","Updated":"2017-08-01T16:59:37Z","IsDelete":false,"RequestChanged":false,"ExitsInGDT":false,"SourceID":0,"TinhThanhID":0,"TinhThanhTitle":"An Giang","TinhThanhTitleAscii":"/an-giang","QuanHuyenID":0,"NganhNgheTitle":"Bán buôn thiết bị và linh kiện điện tử, viễn thông","NganhNgheTitleAscii":"/nganh-nghe/ban-buon-thiet-bi-va-linh-kien-dien-tu-vien-thong","DSTags":["1602046571","An Giang",null]},{"Type":11,"SolrID":"/1602031712-doanh-nghiep-tn-kieu-trang-an-giang","ID":0,"MaSoThue":"1602031712","NgayCap":"2017-01-13T00:00:00Z","Title":"Doanh Nghiệp Tn Kiều Trang An Giang","DiaChiCongTy":"Tổ 4, Khóm Long An B, Phường  Long Phú, Thị xã Tân Châu, Tỉnh An Giang","Created":"2017-01-13T12:07:35Z","Updated":"2017-01-13T12:07:35Z","IsDelete":false,"RequestChanged":false,"ExitsInGDT":false,"SourceID":0,"TinhThanhID":0,"TinhThanhTitle":"An Giang","TinhThanhTitleAscii":"/an-giang","QuanHuyenID":0,"NganhNgheTitle":"Bán buôn thực phẩm","NganhNgheTitleAscii":"/nganh-nghe/ban-buon-thuc-pham","DSTags":["1602031712","An Giang",null]},{"Type":11,"SolrID":"/1601987745-cong-ty-tnhh-mot-thanh-vien-phuoc-nguyen-9999-vuon-sinh-thai","ID":0,"MaSoThue":"1601987745","NgayCap":"2015-11-18T00:00:00Z","Title":"Công Ty TNHH Một Thành Viên Phước Nguyên 9999 Vườn Sinh Thái","DiaChiCongTy":"Khóm Long An B - Phường  Long Phú - Thị xã Tân Châu - An Giang","Created":"2015-11-19T13:55:08Z","Updated":"2015-11-19T13:55:08Z","IsDelete":false,"RequestChanged":false,"ExitsInGDT":false,"SourceID":0,"TinhThanhID":0,"TinhThanhTitle":"An Giang","TinhThanhTitleAscii":"/an-giang","QuanHuyenID":0,"NganhNgheTitle":"Hoạt động vui chơi giải trí khác chưa được phân vào đâu","NganhNgheTitleAscii":"/nganh-nghe/hoat-dong-vui-choi-giai-tri-khac-chua-duoc-phan-vao-dau","DSTags":["1601987745","An Giang",null]},{"Type":11,"SolrID":"/1601984374-truong-tieu-hoc-long-phu","ID":0,"MaSoThue":"1601984374","NgayCap":"2015-09-30T00:00:00Z","Title":"Trường Tiểu Học Long Phú","DiaChiCongTy":"Khóm Long Quới B - Phường  Long Phú - Thị xã Tân Châu - An Giang","Created":"2015-11-19T02:19:05Z","Updated":"2015-11-19T02:19:05Z","IsDelete":false,"RequestChanged":false,"ExitsInGDT":false,"SourceID":0,"TinhThanhID":0,"TinhThanhTitle":"An Giang","TinhThanhTitleAscii":"/an-giang","QuanHuyenID":0,"NganhNgheTitle":"Giáo dục tiểu học","NganhNgheTitleAscii":"/nganh-nghe/giao-duc-tieu-hoc","DSTags":["1601984374","An Giang",null]},{"Type":11,"SolrID":"/1601975764-cong-ty-tnhh-mot-thanh-vien-phuoc-dat-tan-chau","ID":0,"MaSoThue":"1601975764","NgayCap":"2015-06-18T00:00:00Z","Title":"Công Ty TNHH Một Thành Viên Phước Đạt Tân Châu","DiaChiCongTy":"Tổ 8, Khóm Long Quới C - Phường  Long Phú - Thị xã Tân Châu - An Giang","Created":"2015-11-18T12:53:28Z","Updated":"2015-11-18T12:53:28Z","IsDelete":false,"RequestChanged":false,"ExitsInGDT":false,"SourceID":0,"TinhThanhID":0,"TinhThanhTitle":"An Giang","TinhThanhTitleAscii":"/an-giang","QuanHuyenID":0,"NganhNgheTitle":"Chuẩn bị mặt bằng","NganhNgheTitleAscii":"/nganh-nghe/chuan-bi-mat-bang","DSTags":["1601975764","An Giang",null]},{"Type":11,"SolrID":"/1601972788-cong-ty-tnhh-mot-thanh-vien-nam-hiep-toan","ID":0,"MaSoThue":"1601972788","NgayCap":"2015-05-20T00:00:00Z","Title":"Công Ty TNHH Một Thành Viên Nam Hiệp Toàn","DiaChiCongTy":"28/1 Lạc Long Quân, Khóm Long An A - Phường  Long Phú - Thị xã Tân Châu - An Giang","Created":"2015-11-18T02:41:47Z","Updated":"2015-11-18T02:41:47Z","IsDelete":false,"RequestChanged":false,"ExitsInGDT":false,"SourceID":0,"TinhThanhID":0,"TinhThanhTitle":"An Giang","TinhThanhTitleAscii":"/an-giang","QuanHuyenID":0,"NganhNgheTitle":"Bán buôn nông, lâm sản nguyên liệu (trừ gỗ, tre, nứa) và động vật sống","NganhNgheTitleAscii":"/nganh-nghe/ban-buon-nong-lam-san-nguyen-lieu-tru-go-tre-nua-va-dong-vat-song","DSTags":["1601972788","An Giang",null]},{"Type":11,"SolrID":"/1601859246-001-chi-nhanh-cong-ty-tnhh-mot-thanh-vien-thuong-mai-xuat-nhap-khau-hong-nhan-phan-xuong-san-xuat","ID":0,"MaSoThue":"1601859246-001","NgayCap":"2014-10-30T00:00:00Z","Title":"Chi Nhánh Công Ty TNHH Một Thành Viên Thương Mại Xuất Nhập Khẩu Hồng Nhân - Phân Xưởng Sản Xuất","DiaChiCongTy":"Khóm Long Quới B - Phường  Long Phú - Thị xã Tân Châu - An Giang","Created":"2015-11-12T00:59:27Z","Updated":"2015-11-12T00:59:27Z","IsDelete":false,"RequestChanged":false,"ExitsInGDT":false,"SourceID":0,"TinhThanhID":0,"TinhThanhTitle":"An Giang","TinhThanhTitleAscii":"/an-giang","QuanHuyenID":0,"NganhNgheTitle":"Sản xuất các loại hàng dệt khác chưa được phân vào đâu","NganhNgheTitleAscii":"/nganh-nghe/san-xuat-cac-loai-hang-det-khac-chua-duoc-phan-vao-dau","DSTags":["1601859246-001","An Giang",null]},{"Type":11,"SolrID":"/1601910076-doanh-nghiep-tn-xay-xat-sau-hong","ID":0,"MaSoThue":"1601910076","NgayCap":"2014-02-14T00:00:00Z","Title":"Doanh Nghiệp TN Xay Xát Sáu Hồng","DiaChiCongTy":"Khóm Long Quới A - Phường  Long Phú - Thị xã Tân Châu - An Giang","Created":"2015-11-09T21:12:39Z","Updated":"2015-11-09T21:12:39Z","IsDelete":false,"RequestChanged":false,"ExitsInGDT":false,"SourceID":0,"TinhThanhID":0,"TinhThanhTitle":"An Giang","TinhThanhTitleAscii":"/an-giang","QuanHuyenID":0,"NganhNgheTitle":"Khai khoáng khác chưa được phân vào đâu","NganhNgheTitleAscii":"/nganh-nghe/khai-khoang-khac-chua-duoc-phan-vao-dau-10612","DSTags":["1601910076","An Giang",null]},{"Type":11,"SolrID":"/1601908246-doanh-nghiep-tn-huynh-dung-tan-chau","ID":0,"MaSoThue":"1601908246","NgayCap":"2014-01-20T00:00:00Z","Title":"Doanh Nghiệp TN Huỳnh Dũng Tân Châu","DiaChiCongTy":"Tổ 7, Khóm Long An B - Phường  Long Phú - Thị xã Tân Châu - An Giang","Created":"2015-11-09T18:36:38Z","Updated":"2015-11-09T18:36:38Z","IsDelete":false,"RequestChanged":false,"ExitsInGDT":false,"SourceID":0,"TinhThanhID":0,"TinhThanhTitle":"An Giang","TinhThanhTitleAscii":"/an-giang","QuanHuyenID":0,"NganhNgheTitle":"Khai khoáng khác chưa được phân vào đâu","NganhNgheTitleAscii":"/nganh-nghe/khai-khoang-khac-chua-duoc-phan-vao-dau-10612","DSTags":["1601908246","An Giang",null]},{"Type":11,"SolrID":"/1601858041-cong-ty-tnhh-mot-thanh-vien-phuoc-phuoc-nguyen-tan-chau","ID":0,"MaSoThue":"1601858041","NgayCap":"2013-01-17T00:00:00Z","Title":"Công Ty TNHH Một Thành Viên Phước Phước Nguyên Tân Châu","DiaChiCongTy":"Khóm Long An B - Phường  Long Phú - Thị xã Tân Châu - An Giang","Created":"2015-11-12T00:59:27Z","Updated":"2015-11-12T00:59:27Z","IsDelete":false,"RequestChanged":false,"ExitsInGDT":false,"SourceID":0,"TinhThanhID":0,"TinhThanhTitle":"An Giang","TinhThanhTitleAscii":"/an-giang","QuanHuyenID":0,"NganhNgheTitle":"Dịch vụ tắm hơi, massage và các dịch vụ tăng cường sức khoẻ tương tự (trừ hoạt động thể thao)","NganhNgheTitleAscii":"/nganh-nghe/dich-vu-tam-hoi-massage-va-cac-dich-vu-tang-cuong-suc-khoe-tuong-tu-tru-hoat-dong-the-thao","DSTags":["1601858041","An Giang",null]},{"Type":11,"SolrID":"/1601847868-cong-ty-cp-trau-vien-hien-luong","ID":0,"MaSoThue":"1601847868","NgayCap":"2012-12-12T00:00:00Z","Title":"Công Ty CP Trấu Viên Hiền Lương","DiaChiCongTy":"Số 408, Tổ 9, Khóm Long Quới B - Phường  Long Phú - Thị xã Tân Châu - An Giang","Created":"2015-11-09T12:00:31Z","Updated":"2015-11-09T12:00:31Z","IsDelete":false,"RequestChanged":false,"ExitsInGDT":false,"SourceID":0,"TinhThanhID":0,"TinhThanhTitle":"An Giang","TinhThanhTitleAscii":"/an-giang","QuanHuyenID":0,"NganhNgheTitle":"Bán buôn nhiên liệu rắn, lỏng, khí và các sản phẩm liên quan","NganhNgheTitleAscii":"/nganh-nghe/ban-buon-nhien-lieu-ran-long-khi-va-cac-san-pham-lien-quan","DSTags":["1601847868","An Giang",null]},{"Type":11,"SolrID":"/8015198974-cong-ty-tnhh-huy-huy-phuong","ID":0,"MaSoThue":"8015198974","NgayCap":"2009-11-25T00:00:00Z","Title":"Công Ty TNHH Huy Huy Phương","DiaChiCongTy":"Tổ 7, Khóm Long An B - Phường  Long Phú - Thị xã Tân Châu - An Giang","Created":"2015-11-19T09:07:10Z","Updated":"2015-11-19T09:07:10Z","IsDelete":false,"RequestChanged":false,"ExitsInGDT":false,"SourceID":0,"TinhThanhID":0,"TinhThanhTitle":"An Giang","TinhThanhTitleAscii":"/an-giang","QuanHuyenID":0,"NganhNgheTitle":"Bán buôn nhiên liệu rắn, lỏng, khí và các sản phẩm liên quan","NganhNgheTitleAscii":"/nganh-nghe/ban-buon-nhien-lieu-ran-long-khi-va-cac-san-pham-lien-quan","DSTags":["8015198974","An Giang",null]},{"Type":11,"SolrID":"/1601210211-doanh-nghiep-tn-mai-duyen","ID":0,"MaSoThue":"1601210211","NgayCap":"2009-08-27T00:00:00Z","Title":"Doanh Nghiệp TN Mai Duyên","DiaChiCongTy":"Số 245, tỉnh lộ 953, tổ 7, khóm Long An B - Phường  Long Phú - Thị xã Tân Châu - An Giang","Created":"2015-11-16T22:08:40Z","Updated":"2015-11-16T22:08:40Z","IsDelete":false,"RequestChanged":false,"ExitsInGDT":false,"SourceID":0,"TinhThanhID":0,"TinhThanhTitle":"An Giang","TinhThanhTitleAscii":"/an-giang","QuanHuyenID":0,"NganhNgheTitle":"Bán buôn nhiên liệu rắn, lỏng, khí và các sản phẩm liên quan","NganhNgheTitleAscii":"/nganh-nghe/ban-buon-nhien-lieu-ran-long-khi-va-cac-san-pham-lien-quan","DSTags":["1601210211","An Giang",null]},{"Type":11,"SolrID":"/1601020764-cong-ty-tnhh-dich-vu-thuong-mai-hoang-long","ID":0,"MaSoThue":"1601020764","NgayCap":"2009-01-14T00:00:00Z","Title":"Công Ty TNHH Dịch Vụ Thương Mại Hoàng Long","DiaChiCongTy":"Khóm Long An B - Phường  Long Phú - Thị xã Tân Châu - An Giang","Created":"2015-11-10T01:40:05Z","Updated":"2015-11-10T01:40:05Z","IsDelete":false,"RequestChanged":false,"ExitsInGDT":false,"SourceID":0,"TinhThanhID":0,"TinhThanhTitle":"An Giang","TinhThanhTitleAscii":"/an-giang","QuanHuyenID":0,"NganhNgheTitle":"Xây dựng nhà các loại","NganhNgheTitleAscii":"/nganh-nghe/xay-dung-nha-cac-loai","DSTags":["1601020764","An Giang",null]},{"Type":11,"SolrID":"/1600926203-doanh-nghiep-tn-viet-hung","ID":0,"MaSoThue":"1600926203","NgayCap":"2007-12-19T00:00:00Z","Title":"Doanh Nghiệp TN Việt Hùng.","DiaChiCongTy":"Tổ 01, khóm Long An B - Phường  Long Phú - Thị xã Tân Châu - An Giang","Created":"2015-11-09T10:41:27Z","Updated":"2015-11-09T10:41:27Z","IsDelete":false,"RequestChanged":false,"ExitsInGDT":false,"SourceID":0,"TinhThanhID":0,"TinhThanhTitle":"An Giang","TinhThanhTitleAscii":"/an-giang","QuanHuyenID":0,"NganhNgheTitle":"Xay xát","NganhNgheTitleAscii":"/nganh-nghe/xay-xat","DSTags":["1600926203","An Giang",null]},{"Type":11,"SolrID":"/1600152327-doanh-nghiep-tn-huynh-van-sang","ID":0,"MaSoThue":"1600152327","NgayCap":"1998-09-18T00:00:00Z","Title":"Doanh Nghiệp TN Huỳnh Văn Sang","DiaChiCongTy":"Số 94B, Khóm Long Quới B - Phường  Long Phú - Thị xã Tân Châu - An Giang","Created":"2015-11-11T06:37:48Z","Updated":"2015-11-11T06:37:48Z","IsDelete":false,"RequestChanged":false,"ExitsInGDT":false,"SourceID":0,"TinhThanhID":0,"TinhThanhTitle":"An Giang","TinhThanhTitleAscii":"/an-giang","QuanHuyenID":0,"NganhNgheTitle":"Bán buôn nhiên liệu rắn, lỏng, khí và các sản phẩm liên quan","NganhNgheTitleAscii":"/nganh-nghe/ban-buon-nhien-lieu-ran-long-khi-va-cac-san-pham-lien-quan","DSTags":["1600152327","An Giang",null]}]}