{"ID":5681,"SolrID":"/an-giang/thi-xa-tan-chau/phuong-long-chau","Title":"Phường Long Châu","TinhThanhTitle":"An Giang","QuanHuyenTitle":"Thị Xã Tân Châu","QuanHuyenID":215,"TinhThanhID":35,"Url":"https://thongtindoanhnghiep.co/api/company?l=/an-giang/thi-xa-tan-chau/phuong-long-chau","Total":40,"List":[{"Type":11,"SolrID":"/1602141673-cong-ty-tnhh-xe-may-ngoc-yen","ID":0,"MaSoThue":"1602141673","NgayCap":"2021-02-24T00:00:00Z","Title":"Công Ty TNHH Xe Máy Ngọc Yến","DiaChiCongTy":"265 Tôn Đức Thắng, Phường Long Châu, Thị xã Tân Châu, Tỉnh An Giang","Created":"2021-02-24T17:37:14Z","Updated":"2021-02-24T17:37:14Z","IsDelete":false,"RequestChanged":false,"ExitsInGDT":false,"SourceID":0,"TinhThanhID":0,"TinhThanhTitle":"An Giang","TinhThanhTitleAscii":"/an-giang","QuanHuyenID":0,"NganhNgheTitle":"Bán mô tô, xe máy","NganhNgheTitleAscii":"/nganh-nghe/ban-mo-to-xe-may","DSTags":["1602141673","An Giang",null]},{"Type":11,"SolrID":"/1602088684-cong-ty-tnhh-hung-lam","ID":0,"MaSoThue":"1602088684","NgayCap":"2018-12-15T00:00:00Z","Title":"Công Ty TNHH Hưng Lắm","DiaChiCongTy":"Số 282, Tổ 6 đường Trần Phú, Khóm Long Hưng, Phường Long Châu, Thị xã Tân Châu, Tỉnh An Giang","Created":"2018-12-15T10:33:49Z","Updated":"2018-12-15T10:33:49Z","IsDelete":false,"RequestChanged":false,"ExitsInGDT":false,"SourceID":0,"TinhThanhID":0,"TinhThanhTitle":"An Giang","TinhThanhTitleAscii":"/an-giang","QuanHuyenID":0,"NganhNgheTitle":"Đại lý, môi giới, đấu giá","NganhNgheTitleAscii":"/nganh-nghe/dai-ly-moi-gioi-dau-gia","DSTags":["1602088684","An Giang",null]},{"Type":11,"SolrID":"/1602069716-cong-ty-tnhh-tiem-vang-kim-nga-tan-chau","ID":0,"MaSoThue":"1602069716","NgayCap":"2018-04-19T00:00:00Z","Title":"Công Ty TNHH Tiệm Vàng Kim Nga Tân Châu","DiaChiCongTy":"Tổ 22, Khóm Long Hưng, Phường Long Châu, Thị xã Tân Châu, Tỉnh An Giang","Created":"2018-04-19T18:21:27Z","Updated":"2018-04-19T18:21:27Z","IsDelete":false,"RequestChanged":false,"ExitsInGDT":false,"SourceID":0,"TinhThanhID":0,"TinhThanhTitle":"An Giang","TinhThanhTitleAscii":"/an-giang","QuanHuyenID":0,"NganhNgheTitle":"Bán buôn kim loại và quặng kim loại","NganhNgheTitleAscii":"/nganh-nghe/ban-buon-kim-loai-va-quang-kim-loai","DSTags":["1602069716","An Giang",null]},{"Type":11,"SolrID":"/1602034495-cong-ty-tnhh-thuong-mai-van-tai-van-phuoc-thanh","ID":0,"MaSoThue":"1602034495","NgayCap":"2017-02-28T00:00:00Z","Title":"Công Ty TNHH Thương Mại Vận Tải Vạn Phước Thành","DiaChiCongTy":"Khóm Long Thạnh, Phường Long Châu, Thị xã Tân Châu, Tỉnh An Giang","Created":"2017-02-28T07:37:33Z","Updated":"2017-02-28T07:37:33Z","IsDelete":false,"RequestChanged":false,"ExitsInGDT":false,"SourceID":0,"TinhThanhID":0,"TinhThanhTitle":"An Giang","TinhThanhTitleAscii":"/an-giang","QuanHuyenID":0,"NganhNgheTitle":"Vận tải hàng hóa đường thuỷ nội địa","NganhNgheTitleAscii":"/nganh-nghe/van-tai-hang-hoa-duong-thuy-noi-dia","DSTags":["1602034495","An Giang",null]},{"Type":11,"SolrID":"/1602025243-cong-ty-tnhh-mot-thanh-vien-thuong-mai-dich-vu-tong-hop-truong-thi","ID":0,"MaSoThue":"1602025243","NgayCap":"2016-11-30T00:00:00Z","Title":"Công Ty TNHH Một Thành Viên Thương Mại Dịch Vụ Tổng Hợp Trường Thi","DiaChiCongTy":"Khóm Long Hưng, Phường Long Châu, Thị xã Tân Châu, Tỉnh An Giang","Created":"2016-12-05T01:39:28Z","Updated":"2016-12-05T01:39:28Z","IsDelete":false,"RequestChanged":false,"ExitsInGDT":false,"SourceID":0,"TinhThanhID":0,"TinhThanhTitle":"An Giang","TinhThanhTitleAscii":"/an-giang","QuanHuyenID":0,"NganhNgheTitle":"Photo, chuẩn bị tài liệu và các hoạt động hỗ trợ văn phòng đặc biệt khác","NganhNgheTitleAscii":"/nganh-nghe/photo-chuan-bi-tai-lieu-va-cac-hoat-dong-ho-tro-van-phong-dac-biet-khac","DSTags":["1602025243","An Giang",null]},{"Type":11,"SolrID":"/1602024867-cong-ty-tnhh-thuong-mai-dich-vu-van-tai-an-quoc-thai","ID":0,"MaSoThue":"1602024867","NgayCap":"2016-11-25T00:00:00Z","Title":"Công Ty TNHH Thương Mại Dịch Vụ Vận Tải An Quốc Thái","DiaChiCongTy":"Tổ 11, Khóm Long Châu - Phường Long Châu - Thị xã Tân Châu - An Giang","Created":"2016-11-28T23:23:57Z","Updated":"2016-11-28T23:23:57Z","IsDelete":false,"RequestChanged":false,"ExitsInGDT":false,"SourceID":0,"TinhThanhID":0,"TinhThanhTitle":"An Giang","TinhThanhTitleAscii":"/an-giang","QuanHuyenID":0,"NganhNgheTitle":"Vận tải hàng hóa đường thuỷ nội địa","NganhNgheTitleAscii":"/nganh-nghe/van-tai-hang-hoa-duong-thuy-noi-dia","DSTags":["1602024867","An Giang",null]},{"Type":11,"SolrID":"/1602024786-cong-ty-tnhh-mot-thanh-vien-tu-van-xay-dung-thinh-phat-dat","ID":0,"MaSoThue":"1602024786","NgayCap":"2016-11-25T00:00:00Z","Title":"Công Ty TNHH Một Thành Viên Tư Vấn Xây Dựng Thịnh Phát Đạt","DiaChiCongTy":"Tổ 2, Khóm Long Thạnh - Phường Long Châu - Thị xã Tân Châu - An Giang","Created":"2016-11-28T23:24:31Z","Updated":"2016-11-28T23:24:31Z","IsDelete":false,"RequestChanged":false,"ExitsInGDT":false,"SourceID":0,"TinhThanhID":0,"TinhThanhTitle":"An Giang","TinhThanhTitleAscii":"/an-giang","QuanHuyenID":0,"NganhNgheTitle":"Xây dựng nhà các loại","NganhNgheTitleAscii":"/nganh-nghe/xay-dung-nha-cac-loai","DSTags":["1602024786","An Giang",null]},{"Type":11,"SolrID":"/1602014481-cong-ty-tnhh-mot-thanh-vien-hoa-nong-thuan-viet","ID":0,"MaSoThue":"1602014481","NgayCap":"2016-07-18T00:00:00Z","Title":"Công Ty TNHH Một Thành Viên Hóa Nông Thuận Việt","DiaChiCongTy":"Khóm Long Hưng - Phường Long Châu - Thị xã Tân Châu - An Giang","Created":"2016-07-19T11:01:08Z","Updated":"2016-09-10T21:43:14Z","IsDelete":false,"RequestChanged":false,"ExitsInGDT":false,"SourceID":0,"TinhThanhID":0,"TinhThanhTitle":"An Giang","TinhThanhTitleAscii":"/an-giang","QuanHuyenID":0,"DSTags":["1602014481","An Giang",null]},{"Type":11,"SolrID":"/1601389618-004-chi-nhanh-cong-ty-tnhh-mot-thanh-vien-dich-vu-thuong-mai-phuc-khanh-phuong-cua-hang-xang-daukhanh","ID":0,"MaSoThue":"1601389618-004","NgayCap":"2015-12-07T00:00:00Z","Title":"Chi Nhánh Công Ty TNHH Một Thành Viên Dịch Vụ Thương Mại Phúc Khánh Phương - Cửa Hàng Xăng Dầukhánh","DiaChiCongTy":"Sà lan AG-09488H, Khóm Long Hưng - Phường Long Châu - Thị xã Tân Châu - An Giang","Created":"2015-12-08T15:24:55Z","Updated":"2015-12-08T15:24:55Z","IsDelete":false,"RequestChanged":false,"ExitsInGDT":false,"SourceID":0,"TinhThanhID":0,"TinhThanhTitle":"An Giang","TinhThanhTitleAscii":"/an-giang","QuanHuyenID":0,"NganhNgheTitle":"Bán buôn nhiên liệu rắn, lỏng, khí và các sản phẩm liên quan","NganhNgheTitleAscii":"/nganh-nghe/ban-buon-nhien-lieu-ran-long-khi-va-cac-san-pham-lien-quan","DSTags":["1601389618-004","An Giang",null]},{"Type":11,"SolrID":"/1601989608-nguyen-thi-doan-trang","ID":0,"MaSoThue":"1601989608","NgayCap":"2015-11-30T00:00:00Z","Title":"Nguyễn Thị Đoan Trang","DiaChiCongTy":"ấp Long Hưng, Phường Long Châu - Phường Long Châu - Thị xã Tân Châu - An Giang","Created":"2015-11-30T23:45:46Z","Updated":"2015-11-30T23:45:46Z","IsDelete":false,"RequestChanged":false,"ExitsInGDT":false,"SourceID":0,"TinhThanhID":0,"TinhThanhTitle":"An Giang","TinhThanhTitleAscii":"/an-giang","QuanHuyenID":0,"NganhNgheTitle":"Kinh doanh bất động sản, quyền sử dụng đất thuộc chủ sở hữu, chủ sử dụng hoặc đi thuê","NganhNgheTitleAscii":"/nganh-nghe/kinh-doanh-bat-dong-san-quyen-su-dung-dat-thuoc-chu-so-huu-chu-su-dung-hoac-di-thue","DSTags":["1601989608","An Giang",null]},{"Type":11,"SolrID":"/1601983613-doanh-nghiep-tn-dau-thau-thanh-tam","ID":0,"MaSoThue":"1601983613","NgayCap":"2015-09-21T00:00:00Z","Title":"Doanh Nghiệp TN Đấu Thầu Thành Tâm","DiaChiCongTy":"Số 169 Hương lộ 2, Khóm Long Hưng - Phường Long Châu - Thị xã Tân Châu - An Giang","Created":"2015-11-19T05:01:59Z","Updated":"2015-11-19T05:01:59Z","IsDelete":false,"RequestChanged":false,"ExitsInGDT":false,"SourceID":0,"TinhThanhID":0,"TinhThanhTitle":"An Giang","TinhThanhTitleAscii":"/an-giang","QuanHuyenID":0,"NganhNgheTitle":"Hoạt động dịch vụ hỗ trợ kinh doanh khác còn lại chưa được phân vào đâu","NganhNgheTitleAscii":"/nganh-nghe/hoat-dong-dich-vu-ho-tro-kinh-doanh-khac-con-lai-chua-duoc-phan-vao-dau","DSTags":["1601983613","An Giang",null]},{"Type":11,"SolrID":"/1601977306-cong-ty-tnhh-mot-thanh-vien-thuong-mai-xay-dung-stc","ID":0,"MaSoThue":"1601977306","NgayCap":"2015-07-08T00:00:00Z","Title":"Công Ty TNHH Một Thành Viên Thương Mại Xây Dựng Stc","DiaChiCongTy":"Số 169 Trần Phú - Phường Long Châu - Thị xã Tân Châu - An Giang","Created":"2015-11-18T19:27:30Z","Updated":"2015-11-18T19:27:30Z","IsDelete":false,"RequestChanged":false,"ExitsInGDT":false,"SourceID":0,"TinhThanhID":0,"TinhThanhTitle":"An Giang","TinhThanhTitleAscii":"/an-giang","QuanHuyenID":0,"NganhNgheTitle":"Xây dựng nhà các loại","NganhNgheTitleAscii":"/nganh-nghe/xay-dung-nha-cac-loai","DSTags":["1601977306","An Giang",null]},{"Type":11,"SolrID":"/1601971311-cong-ty-tnhh-mot-thanh-vien-thuong-mai-san-xuat-thuc-pham-kim-bao","ID":0,"MaSoThue":"1601971311","NgayCap":"2015-05-06T00:00:00Z","Title":"Công Ty TNHH Một Thành Viên Thương Mại-Sản Xuất Thực Phẩm Kim Bảo","DiaChiCongTy":"230 Trần Phú - Phường Long Châu - Thị xã Tân Châu - An Giang","Created":"2015-11-17T12:18:57Z","Updated":"2015-11-17T12:18:57Z","IsDelete":false,"RequestChanged":false,"ExitsInGDT":false,"SourceID":0,"TinhThanhID":0,"TinhThanhTitle":"An Giang","TinhThanhTitleAscii":"/an-giang","QuanHuyenID":0,"NganhNgheTitle":"Bán buôn thực phẩm","NganhNgheTitleAscii":"/nganh-nghe/ban-buon-thuc-pham","DSTags":["1601971311","An Giang",null]},{"Type":11,"SolrID":"/1601965854-doanh-nghiep-tn-thien-tan-dat","ID":0,"MaSoThue":"1601965854","NgayCap":"2015-03-09T00:00:00Z","Title":"Doanh Nghiệp TN Thiên Tân Đạt","DiaChiCongTy":"Số 126/38 Hương lộ 2, Tổ 22, Khóm Long Hưng - Phường Long Châu - Thị xã Tân Châu - An Giang","Created":"2015-11-17T01:41:51Z","Updated":"2015-11-17T01:41:51Z","IsDelete":false,"RequestChanged":false,"ExitsInGDT":false,"SourceID":0,"TinhThanhID":0,"TinhThanhTitle":"An Giang","TinhThanhTitleAscii":"/an-giang","QuanHuyenID":0,"NganhNgheTitle":"Bán buôn vật liệu, thiết bị lắp đặt khác trong xây dựng","NganhNgheTitleAscii":"/nganh-nghe/ban-buon-vat-lieu-thiet-bi-lap-dat-khac-trong-xay-dung","DSTags":["1601965854","An Giang",null]},{"Type":11,"SolrID":"/1601947125-cong-ty-tnhh-mot-thanh-vien-van-truong-thieu","ID":0,"MaSoThue":"1601947125","NgayCap":"2014-11-21T00:00:00Z","Title":"Công Ty TNHH Một Thành Viên Vạn Trường Thiệu","DiaChiCongTy":"Số 216 Tỉnh lộ 952, Khóm Long Thạnh - Phường Long Châu - Thị xã Tân Châu - An Giang","Created":"2015-11-11T09:32:53Z","Updated":"2015-11-11T09:32:53Z","IsDelete":false,"RequestChanged":false,"ExitsInGDT":false,"SourceID":0,"TinhThanhID":0,"TinhThanhTitle":"An Giang","TinhThanhTitleAscii":"/an-giang","QuanHuyenID":0,"NganhNgheTitle":"Bán buôn vật liệu, thiết bị lắp đặt khác trong xây dựng","NganhNgheTitleAscii":"/nganh-nghe/ban-buon-vat-lieu-thiet-bi-lap-dat-khac-trong-xay-dung","DSTags":["1601947125","An Giang",null]},{"Type":11,"SolrID":"/1601912556-cong-ty-co-phan-xuat-nhap-khau-thinh-phu-an-giang","ID":0,"MaSoThue":"1601912556","NgayCap":"2014-02-26T00:00:00Z","Title":"Công ty cổ phần xuất nhập khẩu Thịnh Phú An Giang","DiaChiCongTy":"Khóm Long Thạnh - Phường Long Châu - Thị xã Tân Châu - An Giang","Created":"2015-11-11T16:52:01Z","Updated":"2015-11-11T16:52:01Z","IsDelete":false,"RequestChanged":false,"ExitsInGDT":false,"SourceID":0,"TinhThanhID":0,"TinhThanhTitle":"An Giang","TinhThanhTitleAscii":"/an-giang","QuanHuyenID":0,"NganhNgheTitle":"Hoạt động xây dựng chuyên dụng khác","NganhNgheTitleAscii":"/nganh-nghe/hoat-dong-xay-dung-chuyen-dung-khac","DSTags":["1601912556","An Giang",null]},{"Type":11,"SolrID":"/1601908856-cong-ty-tnhh-mot-thanh-vien-thien-truong-thieu","ID":0,"MaSoThue":"1601908856","NgayCap":"2014-01-24T00:00:00Z","Title":"Công Ty TNHH Một Thành Viên Thiên Trường Thiệu","DiaChiCongTy":"Số 242, Tỉnh lộ 952, Khóm Long Thạnh - Phường Long Châu - Thị xã Tân Châu - An Giang","Created":"2015-11-09T18:39:39Z","Updated":"2015-11-09T18:39:39Z","IsDelete":false,"RequestChanged":false,"ExitsInGDT":false,"SourceID":0,"TinhThanhID":0,"TinhThanhTitle":"An Giang","TinhThanhTitleAscii":"/an-giang","QuanHuyenID":0,"NganhNgheTitle":"Bán buôn vật liệu, thiết bị lắp đặt khác trong xây dựng","NganhNgheTitleAscii":"/nganh-nghe/ban-buon-vat-lieu-thiet-bi-lap-dat-khac-trong-xay-dung","DSTags":["1601908856","An Giang",null]},{"Type":11,"SolrID":"/1601903939-cong-ty-tnhh-mot-thanh-vien-hung-viet-tan","ID":0,"MaSoThue":"1601903939","NgayCap":"2014-01-04T00:00:00Z","Title":"Công Ty TNHH Một Thành Viên Hùng Việt Tân","DiaChiCongTy":"Hương lộ 2, Khóm Long Hưng - Phường Long Châu - Thị xã Tân Châu - An Giang","Created":"2015-11-09T20:24:54Z","Updated":"2015-11-09T20:24:54Z","IsDelete":false,"RequestChanged":false,"ExitsInGDT":false,"SourceID":0,"TinhThanhID":0,"TinhThanhTitle":"An Giang","TinhThanhTitleAscii":"/an-giang","QuanHuyenID":0,"NganhNgheTitle":"Vận tải hàng hóa đường thuỷ nội địa","NganhNgheTitleAscii":"/nganh-nghe/van-tai-hang-hoa-duong-thuy-noi-dia","DSTags":["1601903939","An Giang",null]},{"Type":11,"SolrID":"/1601903110-doanh-nghiep-tn-trang-tri-noi-that-duc-lan","ID":0,"MaSoThue":"1601903110","NgayCap":"2013-12-31T00:00:00Z","Title":"Doanh Nghiệp TN Trang Trí Nội Thất Đức Lan","DiaChiCongTy":"Số 238 Trần Phú, Khóm Long Hưng - Phường Long Châu - Thị xã Tân Châu - An Giang","Created":"2015-11-09T20:24:50Z","Updated":"2015-11-09T20:24:50Z","IsDelete":false,"RequestChanged":false,"ExitsInGDT":false,"SourceID":0,"TinhThanhID":0,"TinhThanhTitle":"An Giang","TinhThanhTitleAscii":"/an-giang","QuanHuyenID":0,"NganhNgheTitle":"Bán buôn vật liệu, thiết bị lắp đặt khác trong xây dựng","NganhNgheTitleAscii":"/nganh-nghe/ban-buon-vat-lieu-thiet-bi-lap-dat-khac-trong-xay-dung","DSTags":["1601903110","An Giang",null]},{"Type":11,"SolrID":"/1601903103-doanh-nghiep-tn-nong-san-luong-thuc-tran-thanh-quang","ID":0,"MaSoThue":"1601903103","NgayCap":"2013-12-31T00:00:00Z","Title":"Doanh Nghiệp Tn Nông Sản Lương Thực Trần Thanh Quang","DiaChiCongTy":"Khóm Long Thạnh, Phường Long Châu, Thị xã Tân Châu, Tỉnh An Giang","Created":"2015-11-09T20:24:55Z","Updated":"2021-03-29T14:50:35Z","IsDelete":false,"RequestChanged":false,"ExitsInGDT":false,"SourceID":0,"TinhThanhID":0,"TinhThanhTitle":"An Giang","TinhThanhTitleAscii":"/an-giang","QuanHuyenID":0,"NganhNgheTitle":"Bán buôn nông, lâm sản nguyên liệu (trừ gỗ, tre, nứa) và động vật sống","NganhNgheTitleAscii":"/nganh-nghe/ban-buon-nong-lam-san-nguyen-lieu-tru-go-tre-nua-va-dong-vat-song","DSTags":["1601903103","An Giang",null]},{"Type":11,"SolrID":"/1601886680-cong-ty-tnhh-mot-thanh-vien-thanh-thanh-phong","ID":0,"MaSoThue":"1601886680","NgayCap":"2013-08-16T00:00:00Z","Title":"Công Ty TNHH Một Thành Viên Thanh Thanh Phong","DiaChiCongTy":"Đường Trần Phú, Khóm Long Hưng - Phường Long Châu - Thị xã Tân Châu - An Giang","Created":"2015-11-11T19:24:31Z","Updated":"2015-11-11T19:24:31Z","IsDelete":false,"RequestChanged":false,"ExitsInGDT":false,"SourceID":0,"TinhThanhID":0,"TinhThanhTitle":"An Giang","TinhThanhTitleAscii":"/an-giang","QuanHuyenID":0,"NganhNgheTitle":"Xây dựng nhà các loại","NganhNgheTitleAscii":"/nganh-nghe/xay-dung-nha-cac-loai","DSTags":["1601886680","An Giang",null]},{"Type":11,"SolrID":"/1601882848-cong-ty-tnhh-mot-thanh-vien-kim-van-long-chau","ID":0,"MaSoThue":"1601882848","NgayCap":"2013-07-05T00:00:00Z","Title":"Công Ty TNHH Một Thành Viên Kim Văn Long Châu","DiaChiCongTy":"Tổ 9, Khóm Long Thạnh - Phường Long Châu - Thị xã Tân Châu - An Giang","Created":"2015-11-11T20:22:46Z","Updated":"2015-11-11T20:22:46Z","IsDelete":false,"RequestChanged":false,"ExitsInGDT":false,"SourceID":0,"TinhThanhID":0,"TinhThanhTitle":"An Giang","TinhThanhTitleAscii":"/an-giang","QuanHuyenID":0,"NganhNgheTitle":"Bán buôn kim loại và quặng kim loại","NganhNgheTitleAscii":"/nganh-nghe/ban-buon-kim-loai-va-quang-kim-loai","DSTags":["1601882848","An Giang",null]},{"Type":11,"SolrID":"/1601866797-cong-ty-tnhh-xay-dung-thuan-loc-phat","ID":0,"MaSoThue":"1601866797","NgayCap":"2013-03-19T00:00:00Z","Title":"Công Ty TNHH Xây Dựng Thuận Lộc Phát","DiaChiCongTy":"Số 197/2 Hương Lộ 2, khóm Long Hưng - Phường Long Châu - Thị xã Tân Châu - An Giang","Created":"2015-11-11T23:56:26Z","Updated":"2016-09-11T04:35:17Z","IsDelete":false,"RequestChanged":false,"ExitsInGDT":false,"SourceID":0,"TinhThanhID":0,"TinhThanhTitle":"An Giang","TinhThanhTitleAscii":"/an-giang","QuanHuyenID":0,"DSTags":["1601866797","An Giang",null]},{"Type":11,"SolrID":"/1601865137-cong-ty-tnhh-mot-thanh-vien-cao-thuan","ID":0,"MaSoThue":"1601865137","NgayCap":"2013-03-06T00:00:00Z","Title":"Công Ty TNHH Một Thành Viên Cao Thuận","DiaChiCongTy":"Số 197/2 Hương lộ 2, Khóm Long Hưng - Phường Long Châu - Thị xã Tân Châu - An Giang","Created":"2015-11-12T00:02:07Z","Updated":"2016-09-11T04:35:04Z","IsDelete":false,"RequestChanged":false,"ExitsInGDT":false,"SourceID":0,"TinhThanhID":0,"TinhThanhTitle":"An Giang","TinhThanhTitleAscii":"/an-giang","QuanHuyenID":0,"DSTags":["1601865137","An Giang",null]},{"Type":11,"SolrID":"/1601834869-truong-mau-giao-long-chau","ID":0,"MaSoThue":"1601834869","NgayCap":"2012-09-19T00:00:00Z","Title":"TRườNG MẫU GIáO LONG CHâU","DiaChiCongTy":"Đường Trần Phú, khóm Long Thạnh - Phường Long Châu - Thị xã Tân Châu - An Giang","Created":"2015-11-18T05:44:16Z","Updated":"2015-11-18T05:44:16Z","IsDelete":false,"RequestChanged":false,"ExitsInGDT":false,"SourceID":0,"TinhThanhID":0,"TinhThanhTitle":"An Giang","TinhThanhTitleAscii":"/an-giang","QuanHuyenID":0,"NganhNgheTitle":"Giáo dục mầm non","NganhNgheTitleAscii":"/nganh-nghe/giao-duc-mam-non","DSTags":["1601834869","An Giang",null]},{"Type":11,"SolrID":"/1601815369-cong-ty-tnhh-gao-do-viet","ID":0,"MaSoThue":"1601815369","NgayCap":"2012-08-23T00:00:00Z","Title":"Công Ty TNHH Gạo Đồ Việt","DiaChiCongTy":"Khóm Long Thạnh - Phường Long Châu - Thị xã Tân Châu - An Giang","Created":"2015-11-12T06:21:33Z","Updated":"2015-11-12T06:21:33Z","IsDelete":false,"RequestChanged":false,"ExitsInGDT":false,"SourceID":0,"TinhThanhID":0,"TinhThanhTitle":"An Giang","TinhThanhTitleAscii":"/an-giang","QuanHuyenID":0,"NganhNgheTitle":"Sản xuất tinh bột và các sản phẩm từ tinh bột","NganhNgheTitleAscii":"/nganh-nghe/san-xuat-tinh-bot-va-cac-san-pham-tu-tinh-bot","DSTags":["1601815369","An Giang",null]},{"Type":11,"SolrID":"/1601783075-doanh-nghiep-tn-long-long-giang","ID":0,"MaSoThue":"1601783075","NgayCap":"2012-07-02T00:00:00Z","Title":"Doanh Nghiệp TN Long Long Giang","DiaChiCongTy":"Tổ 3, khóm Long Châu - Phường Long Châu - Thị xã Tân Châu - An Giang","Created":"2015-11-16T10:46:02Z","Updated":"2015-11-16T10:46:02Z","IsDelete":false,"RequestChanged":false,"ExitsInGDT":false,"SourceID":0,"TinhThanhID":0,"TinhThanhTitle":"An Giang","TinhThanhTitleAscii":"/an-giang","QuanHuyenID":0,"NganhNgheTitle":"Bán buôn gạo","NganhNgheTitleAscii":"/nganh-nghe/ban-buon-gao","DSTags":["1601783075","An Giang",null]},{"Type":11,"SolrID":"/1601709297-cong-ty-tnhh-mot-thanh-vien-dich-vu-thuong-mai-cao-hung-viet","ID":0,"MaSoThue":"1601709297","NgayCap":"2012-04-09T00:00:00Z","Title":"Công Ty TNHH Một Thành Viên Dịch Vụ Thương Mại Cao Hùng Việt","DiaChiCongTy":"Đường Trần Phú, Khóm Long Châu - Phường Long Châu - Thị xã Tân Châu - An Giang","Created":"2015-11-11T05:15:05Z","Updated":"2015-11-11T05:15:05Z","IsDelete":false,"RequestChanged":false,"ExitsInGDT":false,"SourceID":0,"TinhThanhID":0,"TinhThanhTitle":"An Giang","TinhThanhTitleAscii":"/an-giang","QuanHuyenID":0,"NganhNgheTitle":"Bán buôn vật liệu, thiết bị lắp đặt khác trong xây dựng","NganhNgheTitleAscii":"/nganh-nghe/ban-buon-vat-lieu-thiet-bi-lap-dat-khac-trong-xay-dung","DSTags":["1601709297","An Giang",null]},{"Type":11,"SolrID":"/1601650678-cong-ty-tnhh-mot-thanh-vien-san-xuat-thuong-mai-truong-an-hung","ID":0,"MaSoThue":"1601650678","NgayCap":"2012-02-03T00:00:00Z","Title":"Công Ty TNHH Một Thành Viên Sản Xuất Thương Mại Trương An Hưng","DiaChiCongTy":"Số 133/1, Hương lộ 2, Khóm Long Hưng - Phường Long Châu - Thị xã Tân Châu - An Giang","Created":"2015-11-10T01:40:13Z","Updated":"2015-11-10T01:40:13Z","IsDelete":false,"RequestChanged":false,"ExitsInGDT":false,"SourceID":0,"TinhThanhID":0,"TinhThanhTitle":"An Giang","TinhThanhTitleAscii":"/an-giang","QuanHuyenID":0,"NganhNgheTitle":"Hoàn thiện sản phẩm dệt","NganhNgheTitleAscii":"/nganh-nghe/hoan-thien-san-pham-det","DSTags":["1601650678","An Giang",null]},{"Type":11,"SolrID":"/1600580058-001-chi-nhanh-doanh-nghiep-tu-nhan-huu-hoc-cua-hang-thuoc-thu-y-thuy-san-huu-hoc","ID":0,"MaSoThue":"1600580058-001","NgayCap":"2011-08-22T00:00:00Z","Title":"Chi Nhánh Doanh Nghiệp Tư Nhân Hữu Học - Cửa Hàng Thuốc Thú Y - Thủy Sản Hữu Học","DiaChiCongTy":"Khóm Long Thạnh - Phường Long Châu - Thị xã Tân Châu - An Giang","Created":"2015-11-10T01:46:10Z","Updated":"2015-11-10T01:46:10Z","IsDelete":false,"RequestChanged":false,"ExitsInGDT":false,"SourceID":0,"TinhThanhID":0,"TinhThanhTitle":"An Giang","TinhThanhTitleAscii":"/an-giang","QuanHuyenID":0,"NganhNgheTitle":"Bán buôn nông, lâm sản nguyên liệu (trừ gỗ, tre, nứa) và động vật sống","NganhNgheTitleAscii":"/nganh-nghe/ban-buon-nong-lam-san-nguyen-lieu-tru-go-tre-nua-va-dong-vat-song","DSTags":["1600580058-001","An Giang",null]},{"Type":11,"SolrID":"/1601453341-cong-ty-tnhh-mot-thanh-vien-tran-thanh-phu","ID":0,"MaSoThue":"1601453341","NgayCap":"2011-02-09T00:00:00Z","Title":"Công Ty TNHH Một Thành Viên Trần Thành Phú","DiaChiCongTy":"Số 643, K.Long Thạnh - Phường Long Châu - Thị xã Tân Châu - An Giang","Created":"2015-11-09T18:40:04Z","Updated":"2015-11-09T18:40:04Z","IsDelete":false,"RequestChanged":false,"ExitsInGDT":false,"SourceID":0,"TinhThanhID":0,"TinhThanhTitle":"An Giang","TinhThanhTitleAscii":"/an-giang","QuanHuyenID":0,"NganhNgheTitle":"Chuẩn bị mặt bằng","NganhNgheTitleAscii":"/nganh-nghe/chuan-bi-mat-bang","DSTags":["1601453341","An Giang",null]},{"Type":11,"SolrID":"/1601450365-cong-ty-cp-xuat-nhap-khau-thinh-phu-an-giang","ID":0,"MaSoThue":"1601450365","NgayCap":"2011-01-21T00:00:00Z","Title":"Công Ty CP Xuất Nhập Khẩu Thịnh Phú An Giang","DiaChiCongTy":"Khóm Long Thạnh - Phường Long Châu - Thị xã Tân Châu - An Giang","Created":"2015-11-10T00:59:24Z","Updated":"2015-11-10T00:59:24Z","IsDelete":false,"RequestChanged":false,"ExitsInGDT":false,"SourceID":0,"TinhThanhID":0,"TinhThanhTitle":"An Giang","TinhThanhTitleAscii":"/an-giang","QuanHuyenID":0,"NganhNgheTitle":"Sản xuất tinh bột và các sản phẩm từ tinh bột","NganhNgheTitleAscii":"/nganh-nghe/san-xuat-tinh-bot-va-cac-san-pham-tu-tinh-bot","DSTags":["1601450365","An Giang",null]},{"Type":11,"SolrID":"/0309588796-002-cn-cty-tnhh-nhien-lieu-phan-bon-hung-dien","ID":0,"MaSoThue":"0309588796-002","NgayCap":"2010-08-27T00:00:00Z","Title":"CN Cty TNHH Nhiên Liệu & Phân Bón Hưng Điền","DiaChiCongTy":"Khóm Long thạnh - Phường Long Châu - Thị xã Tân Châu - An Giang","Created":"2015-11-10T01:46:13Z","Updated":"2015-11-10T01:46:13Z","IsDelete":false,"RequestChanged":false,"ExitsInGDT":false,"SourceID":0,"TinhThanhID":0,"TinhThanhTitle":"An Giang","TinhThanhTitleAscii":"/an-giang","QuanHuyenID":0,"NganhNgheTitle":"Trồng rừng và chăm sóc rừng tre, nứa","NganhNgheTitleAscii":"/nganh-nghe/trong-rung-va-cham-soc-rung-tre-nua","DSTags":["0309588796-002","An Giang",null]},{"Type":11,"SolrID":"/1600948045-cong-ty-tnhh-mot-thanh-vien-san-xuat-thuong-mai-van-dung-1111","ID":0,"MaSoThue":"1600948045","NgayCap":"2008-03-13T00:00:00Z","Title":"Công Ty TNHH Một Thành Viên Sản Xuất Thương Mại Văn Dũng 1111","DiaChiCongTy":"Số 20 Trần Phú, Khóm Long Thạnh - Phường Long Châu - Thị xã Tân Châu - An Giang","Created":"2015-11-10T01:38:48Z","Updated":"2015-11-10T01:38:48Z","IsDelete":false,"RequestChanged":false,"ExitsInGDT":false,"SourceID":0,"TinhThanhID":0,"TinhThanhTitle":"An Giang","TinhThanhTitleAscii":"/an-giang","QuanHuyenID":0,"NganhNgheTitle":"Bán buôn thực phẩm","NganhNgheTitleAscii":"/nganh-nghe/ban-buon-thuc-pham","DSTags":["1600948045","An Giang",null]},{"Type":11,"SolrID":"/1600107557-doanh-nghiep-tn-long-cang","ID":0,"MaSoThue":"1600107557","NgayCap":"2008-02-22T00:00:00Z","Title":"Doanh Nghiệp TN Long Cang","DiaChiCongTy":"Số 228 Trần Phú - Phường Long Châu - Thị xã Tân Châu - An Giang","Created":"2015-11-10T01:42:12Z","Updated":"2015-11-10T01:42:12Z","IsDelete":false,"RequestChanged":false,"ExitsInGDT":false,"SourceID":0,"TinhThanhID":0,"TinhThanhTitle":"An Giang","TinhThanhTitleAscii":"/an-giang","QuanHuyenID":0,"NganhNgheTitle":"Xây dựng công trình kỹ thuật dân dụng khác","NganhNgheTitleAscii":"/nganh-nghe/xay-dung-cong-trinh-ky-thuat-dan-dung-khac","DSTags":["1600107557","An Giang",null]},{"Type":11,"SolrID":"/1600766221-truong-tieu-hoc-a-long-chau","ID":0,"MaSoThue":"1600766221","NgayCap":"2005-02-23T00:00:00Z","Title":"Trường Tiểu học A Long Châu","DiaChiCongTy":"Long Thạnh - Phường Long Châu - Thị xã Tân Châu - An Giang","Created":"2015-11-16T16:37:02Z","Updated":"2015-11-16T16:37:02Z","IsDelete":false,"RequestChanged":false,"ExitsInGDT":false,"SourceID":0,"TinhThanhID":0,"TinhThanhTitle":"An Giang","TinhThanhTitleAscii":"/an-giang","QuanHuyenID":0,"NganhNgheTitle":"Giáo dục tiểu học","NganhNgheTitleAscii":"/nganh-nghe/giao-duc-tieu-hoc","DSTags":["1600766221","An Giang",null]},{"Type":11,"SolrID":"/1600580146-doanh-nghiep-tn-thien-tinh","ID":0,"MaSoThue":"1600580146","NgayCap":"2004-05-14T00:00:00Z","Title":"Doanh Nghiệp TN Thiện Tính","DiaChiCongTy":"Tổ 4, khóm Long Thạnh - Phường Long Châu - Thị xã Tân Châu - An Giang","Created":"2015-11-17T01:38:02Z","Updated":"2015-11-17T01:38:02Z","IsDelete":false,"RequestChanged":false,"ExitsInGDT":false,"SourceID":0,"TinhThanhID":0,"TinhThanhTitle":"An Giang","TinhThanhTitleAscii":"/an-giang","QuanHuyenID":0,"NganhNgheTitle":"Bán buôn xăng dầu và các sản phẩm liên quan","NganhNgheTitleAscii":"/nganh-nghe/ban-buon-xang-dau-va-cac-san-pham-lien-quan","DSTags":["1600580146","An Giang",null]},{"Type":11,"SolrID":"/1600571021-doanh-nghiep-tn-kim-sang","ID":0,"MaSoThue":"1600571021","NgayCap":"2001-04-20T00:00:00Z","Title":"Doanh Nghiệp TN Kim Sang","DiaChiCongTy":"Số 173 Trần Phú, khóm Long Hưng - Phường Long Châu - Thị xã Tân Châu - An Giang","Created":"2015-11-08T23:54:14Z","Updated":"2015-11-08T23:54:14Z","IsDelete":false,"RequestChanged":false,"ExitsInGDT":false,"SourceID":0,"TinhThanhID":0,"TinhThanhTitle":"An Giang","TinhThanhTitleAscii":"/an-giang","QuanHuyenID":0,"NganhNgheTitle":"Bán buôn nông, lâm sản nguyên liệu (trừ gỗ, tre, nứa) và động vật sống","NganhNgheTitleAscii":"/nganh-nghe/ban-buon-nong-lam-san-nguyen-lieu-tru-go-tre-nua-va-dong-vat-song","DSTags":["1600571021","An Giang",null]},{"Type":11,"SolrID":"/1600148948-doanh-nghiep-tn-cong-thanh-2","ID":0,"MaSoThue":"1600148948","NgayCap":"1998-09-18T00:00:00Z","Title":"Doanh Nghiệp TN Công Thành 2","DiaChiCongTy":"Tổ 13, Khóm Long Châu - Phường Long Châu - Thị xã Tân Châu - An Giang","Created":"2015-11-09T18:37:45Z","Updated":"2015-11-09T18:37:45Z","IsDelete":false,"RequestChanged":false,"ExitsInGDT":false,"SourceID":0,"TinhThanhID":0,"TinhThanhTitle":"An Giang","TinhThanhTitleAscii":"/an-giang","QuanHuyenID":0,"NganhNgheTitle":"Khai khoáng khác chưa được phân vào đâu","NganhNgheTitleAscii":"/nganh-nghe/khai-khoang-khac-chua-duoc-phan-vao-dau-10612","DSTags":["1600148948","An Giang",null]},{"Type":11,"SolrID":"/1600152197-doanh-nghiep-tn-long-hung","ID":0,"MaSoThue":"1600152197","NgayCap":"1998-09-18T00:00:00Z","Title":"Doanh Nghiệp TN Long Hưng","DiaChiCongTy":"Số 08, tổ 5, khóm Long Hưng - Phường Long Châu - Thị xã Tân Châu - An Giang","Created":"2015-11-11T07:56:44Z","Updated":"2015-11-11T07:56:44Z","IsDelete":false,"RequestChanged":false,"ExitsInGDT":false,"SourceID":0,"TinhThanhID":0,"TinhThanhTitle":"An Giang","TinhThanhTitleAscii":"/an-giang","QuanHuyenID":0,"NganhNgheTitle":"Sản xuất, phân phối hơi nước, nước nóng, điều hoà không khí và sản xuất nước đá","NganhNgheTitleAscii":"/nganh-nghe/san-xuat-phan-phoi-hoi-nuoc-nuoc-nong-dieu-hoa-khong-khi-va-san-xuat-nuoc-da","DSTags":["1600152197","An Giang",null]}]}