{"ID":11550,"SolrID":"/an-giang/thi-xa-tan-chau/thi-tran-tan-chau","Title":"Thị Trấn Tân Châu","TinhThanhTitle":"An Giang","QuanHuyenTitle":"Thị Xã Tân Châu","QuanHuyenID":215,"TinhThanhID":35,"Url":"https://thongtindoanhnghiep.co/api/company?l=/an-giang/thi-xa-tan-chau/thi-tran-tan-chau","Total":13,"List":[{"Type":11,"SolrID":"/1602043073-cong-ty-tnhh-mot-thanh-vien-thuong-mai-va-dich-vu-xay-dung-long-son","ID":0,"MaSoThue":"1602043073","NgayCap":"2017-06-20T00:00:00Z","Title":"Công Ty TNHH Một Thành Viên Thương Mại Và Dịch Vụ Xây Dựng Long Sơn","DiaChiCongTy":"ẤP 1, Xã Vĩnh Xương, Thị Trấn Tân Châu, Thị xã Tân Châu, Tỉnh An Giang","Created":"2017-06-20T14:01:58Z","Updated":"2017-06-20T14:01:58Z","IsDelete":false,"RequestChanged":false,"ExitsInGDT":false,"SourceID":0,"TinhThanhID":0,"TinhThanhTitle":"An Giang","TinhThanhTitleAscii":"/an-giang","QuanHuyenID":0,"NganhNgheTitle":"Bán buôn vật liệu, thiết bị lắp đặt khác trong xây dựng","NganhNgheTitleAscii":"/nganh-nghe/ban-buon-vat-lieu-thiet-bi-lap-dat-khac-trong-xay-dung","DSTags":["1602043073","An Giang",null]},{"Type":11,"SolrID":"/1601253818-cong-ty-tnhh-xd-tm-hong-linh","ID":0,"MaSoThue":"1601253818","NgayCap":"2009-12-11T00:00:00Z","Title":"Công ty TNHH XD TM Hồng Lĩnh","DiaChiCongTy":"ấp Hoà Thạnh - Thị trấn Tân Châu - Thị xã Tân Châu - An Giang","Created":"2015-11-09T01:14:55Z","Updated":"2015-11-09T01:14:55Z","IsDelete":false,"RequestChanged":false,"ExitsInGDT":false,"SourceID":0,"TinhThanhID":0,"TinhThanhTitle":"An Giang","TinhThanhTitleAscii":"/an-giang","QuanHuyenID":0,"NganhNgheTitle":"Bán buôn chuyên doanh khác","NganhNgheTitleAscii":"/nganh-nghe/ban-buon-chuyen-doanh-khac","DSTags":["1601253818","An Giang",null]},{"Type":11,"SolrID":"/1601234660-cty-tnhh-mot-thanh-vien-huynh-tuan","ID":0,"MaSoThue":"1601234660","NgayCap":"2009-11-12T00:00:00Z","Title":"Cty TNHH Một Thành Viên Huỳnh Tuấn","DiaChiCongTy":"Hương Lộ II, ấp Long Hưng - Thị trấn Tân Châu - Thị xã Tân Châu - An Giang","Created":"2015-11-09T01:19:11Z","Updated":"2015-11-09T01:19:11Z","IsDelete":false,"RequestChanged":false,"ExitsInGDT":false,"SourceID":0,"TinhThanhID":0,"TinhThanhTitle":"An Giang","TinhThanhTitleAscii":"/an-giang","QuanHuyenID":0,"NganhNgheTitle":"Xây dựng công trình kỹ thuật dân dụng","NganhNgheTitleAscii":"/nganh-nghe/xay-dung-cong-trinh-ky-thuat-dan-dung","DSTags":["1601234660","An Giang",null]},{"Type":11,"SolrID":"/1601234607-trung-tam-giao-duc-thuong-xuyen-thi-xa-tan-chau","ID":0,"MaSoThue":"1601234607","NgayCap":"2009-11-12T00:00:00Z","Title":"Trung tâm Giáo dục thường xuyên Thị xã Tân Châu","DiaChiCongTy":"02 Nguyễn Công Nhàn, Long Thị B - Thị trấn Tân Châu - Thị xã Tân Châu - An Giang","Created":"2015-11-16T22:36:05Z","Updated":"2015-11-16T22:36:05Z","IsDelete":false,"RequestChanged":false,"ExitsInGDT":false,"SourceID":0,"TinhThanhID":0,"TinhThanhTitle":"An Giang","TinhThanhTitleAscii":"/an-giang","QuanHuyenID":0,"NganhNgheTitle":"Giáo dục khác","NganhNgheTitleAscii":"/nganh-nghe/giao-duc-khac","DSTags":["1601234607","An Giang",null]},{"Type":11,"SolrID":"/1601218838-trung-tam-dan-so-ke-hoach-hoa-gia-dinh","ID":0,"MaSoThue":"1601218838","NgayCap":"2009-09-22T00:00:00Z","Title":"Trung tâm Dân số - Kế hoạch hoá gia đình","DiaChiCongTy":"ấp Long Thạnh B, Thị trấn Tân Châu - Thị xã Tân Châu - An Giang","Created":"2015-11-17T07:23:17Z","Updated":"2015-11-17T07:23:17Z","IsDelete":false,"RequestChanged":false,"ExitsInGDT":false,"SourceID":0,"TinhThanhID":0,"TinhThanhTitle":"An Giang","TinhThanhTitleAscii":"/an-giang","QuanHuyenID":0,"NganhNgheTitle":"Hoạt động y tế khác chưa được phân vào đâu","NganhNgheTitleAscii":"/nganh-nghe/hoat-dong-y-te-khac-chua-duoc-phan-vao-dau","DSTags":["1601218838","An Giang",null]},{"Type":11,"SolrID":"/1600984029-cong-ty-tnhh-dat-uyen","ID":0,"MaSoThue":"1600984029","NgayCap":"2008-11-06T00:00:00Z","Title":"Công ty TNHH Đạt Uyên","DiaChiCongTy":"Số 44A Nguyễn Tri Phương, thị trấn Tân Châu - Thị xã Tân Châu - An Giang","Created":"2015-11-13T22:37:02Z","Updated":"2015-11-13T22:37:02Z","IsDelete":false,"RequestChanged":false,"ExitsInGDT":false,"SourceID":0,"TinhThanhID":0,"TinhThanhTitle":"An Giang","TinhThanhTitleAscii":"/an-giang","QuanHuyenID":0,"NganhNgheTitle":"Xây dựng công trình kỹ thuật dân dụng","NganhNgheTitleAscii":"/nganh-nghe/xay-dung-cong-trinh-ky-thuat-dan-dung","DSTags":["1600984029","An Giang",null]},{"Type":11,"SolrID":"/1600902379-truong-trung-hoc-co-so-chu-van-an","ID":0,"MaSoThue":"1600902379","NgayCap":"2007-08-21T00:00:00Z","Title":"Trường Trung Học Cơ Sở Chu Văn An","DiaChiCongTy":"Đường Tôn Đức Thắng, Thị trấn Tân Châu - Thị xã Tân Châu - An Giang","Created":"2015-11-16T18:39:53Z","Updated":"2015-11-16T18:39:53Z","IsDelete":false,"RequestChanged":false,"ExitsInGDT":false,"SourceID":0,"TinhThanhID":0,"TinhThanhTitle":"An Giang","TinhThanhTitleAscii":"/an-giang","QuanHuyenID":0,"NganhNgheTitle":"Giáo dục trung học cơ sở và trung học phổ thông","NganhNgheTitleAscii":"/nganh-nghe/giao-duc-trung-hoc-co-so-va-trung-hoc-pho-thong","DSTags":["1600902379","An Giang",null]},{"Type":11,"SolrID":"/1600902361-truong-mam-non-sao-mai","ID":0,"MaSoThue":"1600902361","NgayCap":"2007-08-21T00:00:00Z","Title":"Trường Mầm Non sao Mai","DiaChiCongTy":"Đường  Tôn Đức Thắng, Thị Trấn Tân Châu - Thị xã Tân Châu - An Giang","Created":"2015-11-16T18:39:53Z","Updated":"2015-11-16T18:39:53Z","IsDelete":false,"RequestChanged":false,"ExitsInGDT":false,"SourceID":0,"TinhThanhID":0,"TinhThanhTitle":"An Giang","TinhThanhTitleAscii":"/an-giang","QuanHuyenID":0,"NganhNgheTitle":"Giáo dục mầm non","NganhNgheTitleAscii":"/nganh-nghe/giao-duc-mam-non","DSTags":["1600902361","An Giang",null]},{"Type":11,"SolrID":"/1600853555-phong-quan-ly-do-thi","ID":0,"MaSoThue":"1600853555","NgayCap":"2006-11-22T00:00:00Z","Title":"Phòng Quản Lý Đô Thị","DiaChiCongTy":"Đường Trần Hưng Đạo, thị trấn Tân Châu - Thị xã Tân Châu - An Giang","Created":"2015-11-17T04:24:07Z","Updated":"2015-11-17T04:24:07Z","IsDelete":false,"RequestChanged":false,"ExitsInGDT":false,"SourceID":0,"TinhThanhID":0,"TinhThanhTitle":"An Giang","TinhThanhTitleAscii":"/an-giang","QuanHuyenID":0,"NganhNgheTitle":"Hoạt động của Đảng cộng sản, tổ chức chính trị - xã hội, quản lý nhà nước và quản lý chính sách kinh tế, xã hội","NganhNgheTitleAscii":"/nganh-nghe/hoat-dong-cua-dang-cong-san-to-chuc-chinh-tri-xa-hoi-quan-ly-nha-nuoc-va-quan-ly-chinh-sach-kinh-te-xa-hoi","DSTags":["1600853555","An Giang",null]},{"Type":11,"SolrID":"/1600849090-cong-ty-tnhh-thuong-mai-kim-minh","ID":0,"MaSoThue":"1600849090","NgayCap":"2006-09-05T00:00:00Z","Title":"Công ty TNHH Thương mại Kim Minh","DiaChiCongTy":"Số 119 Trần Hưng Đạo, ấp Long Thạnh A, thị trấn Tân Châu - Thị xã Tân Châu - An Giang","Created":"2015-11-14T05:05:08Z","Updated":"2015-11-14T05:05:08Z","IsDelete":false,"RequestChanged":false,"ExitsInGDT":false,"SourceID":0,"TinhThanhID":0,"TinhThanhTitle":"An Giang","TinhThanhTitleAscii":"/an-giang","QuanHuyenID":0,"NganhNgheTitle":"Bán buôn gạo, thực phẩm, đồ uống và sản phẩm thuốc lá, thuốc lào","NganhNgheTitleAscii":"/nganh-nghe/ban-buon-gao-thuc-pham-do-uong-va-san-pham-thuoc-la-thuoc-lao","DSTags":["1600849090","An Giang",null]},{"Type":11,"SolrID":"/1600840330-cong-ty-tnhh-san-xuat-thuong-mai-xuat-nhap-khau-thien-ly","ID":0,"MaSoThue":"1600840330","NgayCap":"2006-05-30T00:00:00Z","Title":"Công ty TNHH Sản xuất - Thương mại Xuất nhập khẩu Thiên Lý","DiaChiCongTy":"Số 479 Hương lộ 2, ấp Long Hưng, thị trấn Tân Châu - Thị xã Tân Châu - An Giang","Created":"2015-11-14T05:04:35Z","Updated":"2015-11-14T05:04:35Z","IsDelete":false,"RequestChanged":false,"ExitsInGDT":false,"SourceID":0,"TinhThanhID":0,"TinhThanhTitle":"An Giang","TinhThanhTitleAscii":"/an-giang","QuanHuyenID":0,"NganhNgheTitle":"Bán lẻ hàng hóa khác trong các cửa hàng chuyên doanh","NganhNgheTitleAscii":"/nganh-nghe/ban-le-hang-hoa-khac-trong-cac-cua-hang-chuyen-doanh","DSTags":["1600840330","An Giang",null]},{"Type":11,"SolrID":"/1600834104-dntn-trong-thien","ID":0,"MaSoThue":"1600834104","NgayCap":"2006-03-28T00:00:00Z","Title":"DNTN Trọng Thiện","DiaChiCongTy":"Số 35 Nguyễn Hữu Cảnh, ấp Long Thị B, thị trấn Tân Châu - Thị xã Tân Châu - An Giang","Created":"2015-11-17T04:22:10Z","Updated":"2015-11-17T04:22:10Z","IsDelete":false,"RequestChanged":false,"ExitsInGDT":false,"SourceID":0,"TinhThanhID":0,"TinhThanhTitle":"An Giang","TinhThanhTitleAscii":"/an-giang","QuanHuyenID":0,"NganhNgheTitle":"Xây dựng công trình kỹ thuật dân dụng","NganhNgheTitleAscii":"/nganh-nghe/xay-dung-cong-trinh-ky-thuat-dan-dung","DSTags":["1600834104","An Giang",null]},{"Type":11,"SolrID":"/1600151764-001-chi-nhanh-kim-chau-1","ID":0,"MaSoThue":"1600151764-001","NgayCap":"2005-11-21T00:00:00Z","Title":"Chi nhánh Kim Châu 1","DiaChiCongTy":"Tôn Đức Thắng, ấp Long Thạnh A, thị trấn Tân Châu - Thị xã Tân Châu - An Giang","Created":"2015-11-10T01:46:14Z","Updated":"2015-11-10T01:46:14Z","IsDelete":false,"RequestChanged":false,"ExitsInGDT":false,"SourceID":0,"TinhThanhID":0,"TinhThanhTitle":"An Giang","TinhThanhTitleAscii":"/an-giang","QuanHuyenID":0,"NganhNgheTitle":"Bán buôn ô tô và xe có động cơ khác","NganhNgheTitleAscii":"/nganh-nghe/ban-buon-o-to-va-xe-co-dong-co-khac","DSTags":["1600151764-001","An Giang",null]}]}