{"ID":14738,"SolrID":"/an-giang/thi-xa-tan-chau/xa-binh-hoa","Title":"Xã Bình Hoà","TinhThanhTitle":"An Giang","QuanHuyenTitle":"Thị Xã Tân Châu","QuanHuyenID":215,"TinhThanhID":35,"Url":"https://thongtindoanhnghiep.co/api/company?l=/an-giang/thi-xa-tan-chau/xa-binh-hoa","Total":1,"List":[{"Type":11,"SolrID":"/1600882309-003-chi-nhanh-5-cty-tnhh-mot-thanh-vien-sx-tm-xd-si-hien","ID":0,"MaSoThue":"1600882309-003","NgayCap":"2008-12-24T00:00:00Z","Title":"Chi nhánh 5 Cty TNHH Một Thành viên SX-TM-XD Sĩ Hiền","DiaChiCongTy":"ấp Bình Phú II, xã Bình Hoà - Thị xã Tân Châu - An Giang","Created":"2015-11-15T11:12:38Z","Updated":"2015-11-15T11:12:38Z","IsDelete":false,"RequestChanged":false,"ExitsInGDT":false,"SourceID":0,"TinhThanhID":0,"TinhThanhTitle":"An Giang","TinhThanhTitleAscii":"/an-giang","QuanHuyenID":0,"NganhNgheTitle":"Xây dựng công trình kỹ thuật dân dụng","NganhNgheTitleAscii":"/nganh-nghe/xay-dung-cong-trinh-ky-thuat-dan-dung","DSTags":["1600882309-003","An Giang",null]}]}