{"ID":4293,"SolrID":"/an-giang/thi-xa-tan-chau/xa-long-an","Title":"Xã Long An","TinhThanhTitle":"An Giang","QuanHuyenTitle":"Thị Xã Tân Châu","QuanHuyenID":215,"TinhThanhID":35,"Url":"https://thongtindoanhnghiep.co/api/company?l=/an-giang/thi-xa-tan-chau/xa-long-an","Total":32,"List":[{"Type":11,"SolrID":"/1602079792-cong-ty-tnhh-mot-thanh-vien-sau-hiep-dai-thanh","ID":0,"MaSoThue":"1602079792","NgayCap":"2018-08-28T00:00:00Z","Title":"Công Ty TNHH Một Thành Viên Sáu Hiệp Đại Thành","DiaChiCongTy":"Số 430, Tổ 14, Ấp Tân Hậu B2, Xã Long An, Thị xã Tân Châu, Tỉnh An Giang","Created":"2018-08-29T08:12:22Z","Updated":"2018-08-29T08:12:22Z","IsDelete":false,"RequestChanged":false,"ExitsInGDT":false,"SourceID":0,"TinhThanhID":0,"TinhThanhTitle":"An Giang","TinhThanhTitleAscii":"/an-giang","QuanHuyenID":0,"NganhNgheTitle":"Bán buôn gạo","NganhNgheTitleAscii":"/nganh-nghe/ban-buon-gao","DSTags":["1602079792","An Giang",null]},{"Type":11,"SolrID":"/1601997278-cong-ty-tnhh-mot-thanh-vien-van-tai-xay-dung-anh-tuan","ID":0,"MaSoThue":"1601997278","NgayCap":"2016-01-07T00:00:00Z","Title":"Công Ty TNHH Một Thành Viên Vận Tải Xây Dựng Anh Tuấn","DiaChiCongTy":"Số 577, ấp Long Hiệp - Xã Long An - Thị xã Tân Châu - An Giang","Created":"2016-01-15T11:10:57Z","Updated":"2016-01-15T11:10:57Z","IsDelete":false,"RequestChanged":false,"ExitsInGDT":false,"SourceID":0,"TinhThanhID":0,"TinhThanhTitle":"An Giang","TinhThanhTitleAscii":"/an-giang","QuanHuyenID":0,"NganhNgheTitle":"Bán buôn vật liệu, thiết bị lắp đặt khác trong xây dựng","NganhNgheTitleAscii":"/nganh-nghe/ban-buon-vat-lieu-thiet-bi-lap-dat-khac-trong-xay-dung","DSTags":["1601997278","An Giang",null]},{"Type":11,"SolrID":"/1601988900-nguyen-van-dien-phuong","ID":0,"MaSoThue":"1601988900","NgayCap":"2015-11-26T00:00:00Z","Title":"Nguyễn Văn Điền Phương","DiaChiCongTy":"ấp Long Hiệp, Xã Long An - Xã Long An - Thị xã Tân Châu - An Giang","Created":"2015-11-28T12:09:56Z","Updated":"2015-11-28T12:09:56Z","IsDelete":false,"RequestChanged":false,"ExitsInGDT":false,"SourceID":0,"TinhThanhID":0,"TinhThanhTitle":"An Giang","TinhThanhTitleAscii":"/an-giang","QuanHuyenID":0,"NganhNgheTitle":"Kinh doanh bất động sản, quyền sử dụng đất thuộc chủ sở hữu, chủ sử dụng hoặc đi thuê","NganhNgheTitleAscii":"/nganh-nghe/kinh-doanh-bat-dong-san-quyen-su-dung-dat-thuoc-chu-so-huu-chu-su-dung-hoac-di-thue","DSTags":["1601988900","An Giang",null]},{"Type":11,"SolrID":"/1600850988-002-chi-nhanh-2-cong-ty-tnhh-san-xuat-thuong-mai-thanh-ho","ID":0,"MaSoThue":"1600850988-002","NgayCap":"2014-12-16T00:00:00Z","Title":"Chi Nhánh 2 - Công Ty TNHH Sản Xuất-Thương Mại Thanh Hồ","DiaChiCongTy":"ấp Long Hiệp - Xã Long An - Thị xã Tân Châu - An Giang","Created":"2015-11-18T10:07:18Z","Updated":"2015-11-18T10:07:18Z","IsDelete":false,"RequestChanged":false,"ExitsInGDT":false,"SourceID":0,"TinhThanhID":0,"TinhThanhTitle":"An Giang","TinhThanhTitleAscii":"/an-giang","QuanHuyenID":0,"NganhNgheTitle":"Sản xuất đường","NganhNgheTitleAscii":"/nganh-nghe/san-xuat-duong","DSTags":["1600850988-002","An Giang",null]},{"Type":11,"SolrID":"/1601924375-cong-ty-tnhh-mot-thanh-vien-thuong-mai-dich-vu-ba-nhan","ID":0,"MaSoThue":"1601924375","NgayCap":"2014-05-27T00:00:00Z","Title":"Công Ty TNHH Một Thành Viên Thương Mại - Dịch Vụ Bá Nhẫn","DiaChiCongTy":"Số 602, Tổ 12, ấp Long Hòa - Xã Long An - Thị xã Tân Châu - An Giang","Created":"2015-11-09T14:34:14Z","Updated":"2015-11-09T14:34:14Z","IsDelete":false,"RequestChanged":false,"ExitsInGDT":false,"SourceID":0,"TinhThanhID":0,"TinhThanhTitle":"An Giang","TinhThanhTitleAscii":"/an-giang","QuanHuyenID":0,"NganhNgheTitle":"Bán buôn nông, lâm sản nguyên liệu (trừ gỗ, tre, nứa) và động vật sống","NganhNgheTitleAscii":"/nganh-nghe/ban-buon-nong-lam-san-nguyen-lieu-tru-go-tre-nua-va-dong-vat-song","DSTags":["1601924375","An Giang",null]},{"Type":11,"SolrID":"/1601915606-cong-ty-tnhh-mot-thanh-vien-thuong-mai-dich-vu-huynh-loan","ID":0,"MaSoThue":"1601915606","NgayCap":"2014-03-19T00:00:00Z","Title":"Công Ty TNHH Một Thành Viên Thương Mại - Dịch Vụ Huỳnh Loan","DiaChiCongTy":"Số 620, Tổ 13, ấp Long Hòa - Xã Long An - Thị xã Tân Châu - An Giang","Created":"2015-11-09T18:36:39Z","Updated":"2015-11-09T18:36:39Z","IsDelete":false,"RequestChanged":false,"ExitsInGDT":false,"SourceID":0,"TinhThanhID":0,"TinhThanhTitle":"An Giang","TinhThanhTitleAscii":"/an-giang","QuanHuyenID":0,"NganhNgheTitle":"Bán buôn nông, lâm sản nguyên liệu (trừ gỗ, tre, nứa) và động vật sống","NganhNgheTitleAscii":"/nganh-nghe/ban-buon-nong-lam-san-nguyen-lieu-tru-go-tre-nua-va-dong-vat-song","DSTags":["1601915606","An Giang",null]},{"Type":11,"SolrID":"/1601911672-cong-ty-tnhh-mot-thanh-vien-xay-dung-p-c","ID":0,"MaSoThue":"1601911672","NgayCap":"2014-02-21T00:00:00Z","Title":"Công Ty TNHH Một Thành Viên Xây Dựng P&C","DiaChiCongTy":"ấp Long Hiệp - Xã Long An - Thị xã Tân Châu - An Giang","Created":"2015-11-09T21:12:41Z","Updated":"2015-11-09T21:12:41Z","IsDelete":false,"RequestChanged":false,"ExitsInGDT":false,"SourceID":0,"TinhThanhID":0,"TinhThanhTitle":"An Giang","TinhThanhTitleAscii":"/an-giang","QuanHuyenID":0,"NganhNgheTitle":"Xây dựng nhà các loại","NganhNgheTitleAscii":"/nganh-nghe/xay-dung-nha-cac-loai","DSTags":["1601911672","An Giang",null]},{"Type":11,"SolrID":"/1601899376-doanh-nghiep-tn-tiem-vang-nu-trang-tuan","ID":0,"MaSoThue":"1601899376","NgayCap":"2013-12-20T00:00:00Z","Title":"Doanh Nghiệp TN Tiệm Vàng Nữ Trang Tuấn","DiaChiCongTy":"Tổ 14, ấp Long Hiệp - Xã Long An - Thị xã Tân Châu - An Giang","Created":"2015-11-09T22:57:27Z","Updated":"2015-11-09T22:57:27Z","IsDelete":false,"RequestChanged":false,"ExitsInGDT":false,"SourceID":0,"TinhThanhID":0,"TinhThanhTitle":"An Giang","TinhThanhTitleAscii":"/an-giang","QuanHuyenID":0,"NganhNgheTitle":"Bán buôn kim loại và quặng kim loại","NganhNgheTitleAscii":"/nganh-nghe/ban-buon-kim-loai-va-quang-kim-loai","DSTags":["1601899376","An Giang",null]},{"Type":11,"SolrID":"/1601890849-cong-ty-tnhh-mot-thanh-vien-tiem-vang-kim-ngoc","ID":0,"MaSoThue":"1601890849","NgayCap":"2013-10-03T00:00:00Z","Title":"Công Ty TNHH Một Thành Viên Tiệm Vàng Kim Ngọc","DiaChiCongTy":"Số 375, Tổ 13, ấp Long Hòa - Xã Long An - Thị xã Tân Châu - An Giang","Created":"2015-11-11T18:33:14Z","Updated":"2015-11-11T18:33:14Z","IsDelete":false,"RequestChanged":false,"ExitsInGDT":false,"SourceID":0,"TinhThanhID":0,"TinhThanhTitle":"An Giang","TinhThanhTitleAscii":"/an-giang","QuanHuyenID":0,"NganhNgheTitle":"Bán buôn kim loại và quặng kim loại","NganhNgheTitleAscii":"/nganh-nghe/ban-buon-kim-loai-va-quang-kim-loai","DSTags":["1601890849","An Giang",null]},{"Type":11,"SolrID":"/1600150697-003-chi-nhanh-doanh-nghiep-tn-quang-sang-nha-may-xay-xat-quang-sang","ID":0,"MaSoThue":"1600150697-003","NgayCap":"2011-01-22T00:00:00Z","Title":"Chi Nhánh Doanh Nghiệp TN Quang Sang - Nhà Máy Xay Xát Quang Sang","DiaChiCongTy":"Tổ 6, ấp Long Thành - Xã Long An - Thị xã Tân Châu - An Giang","Created":"2015-11-11T06:01:25Z","Updated":"2015-11-11T06:01:25Z","IsDelete":false,"RequestChanged":false,"ExitsInGDT":false,"SourceID":0,"TinhThanhID":0,"TinhThanhTitle":"An Giang","TinhThanhTitleAscii":"/an-giang","QuanHuyenID":0,"NganhNgheTitle":"Khai khoáng khác chưa được phân vào đâu","NganhNgheTitleAscii":"/nganh-nghe/khai-khoang-khac-chua-duoc-phan-vao-dau-10612","DSTags":["1600150697-003","An Giang",null]},{"Type":11,"SolrID":"/1601177395-doanh-nghiep-tn-toan-duc","ID":0,"MaSoThue":"1601177395","NgayCap":"2009-06-18T00:00:00Z","Title":"Doanh Nghiệp TN Toàn Đức","DiaChiCongTy":"ấp Long Hoà - Xã Long An - Thị xã Tân Châu - An Giang","Created":"2015-11-16T22:56:33Z","Updated":"2015-11-16T22:56:33Z","IsDelete":false,"RequestChanged":false,"ExitsInGDT":false,"SourceID":0,"TinhThanhID":0,"TinhThanhTitle":"An Giang","TinhThanhTitleAscii":"/an-giang","QuanHuyenID":0,"NganhNgheTitle":"Bán buôn vật liệu, thiết bị lắp đặt khác trong xây dựng","NganhNgheTitleAscii":"/nganh-nghe/ban-buon-vat-lieu-thiet-bi-lap-dat-khac-trong-xay-dung","DSTags":["1601177395","An Giang",null]},{"Type":11,"SolrID":"/1601129472-cong-ty-tnhh-ngoc-dung","ID":0,"MaSoThue":"1601129472","NgayCap":"2009-05-19T00:00:00Z","Title":"Công Ty TNHH Ngọc Dung","DiaChiCongTy":"Số 461, Tổ 14, ấp Tân Hậu B2 - Xã Long An - Thị xã Tân Châu - An Giang","Created":"2015-11-08T22:29:31Z","Updated":"2015-11-08T22:29:31Z","IsDelete":false,"RequestChanged":false,"ExitsInGDT":false,"SourceID":0,"TinhThanhID":0,"TinhThanhTitle":"An Giang","TinhThanhTitleAscii":"/an-giang","QuanHuyenID":0,"NganhNgheTitle":"Bán buôn vật liệu, thiết bị lắp đặt khác trong xây dựng","NganhNgheTitleAscii":"/nganh-nghe/ban-buon-vat-lieu-thiet-bi-lap-dat-khac-trong-xay-dung","DSTags":["1601129472","An Giang",null]},{"Type":11,"SolrID":"/1601015394-cong-ty-tnhh-nam-giau","ID":0,"MaSoThue":"1601015394","NgayCap":"2009-01-06T00:00:00Z","Title":"Công Ty TNHH Nam Giàu","DiaChiCongTy":"Tổ 10, ấp Tân Hậu B2 - Xã Long An - Thị xã Tân Châu - An Giang","Created":"2015-11-09T02:57:17Z","Updated":"2015-11-09T02:57:17Z","IsDelete":false,"RequestChanged":false,"ExitsInGDT":false,"SourceID":0,"TinhThanhID":0,"TinhThanhTitle":"An Giang","TinhThanhTitleAscii":"/an-giang","QuanHuyenID":0,"NganhNgheTitle":"Bán buôn (trừ ô tô, mô tô, xe máy và xe có động cơ khác)","NganhNgheTitleAscii":"/nganh-nghe/ban-buon-tru-o-to-mo-to-xe-may-va-xe-co-dong-co-khac","DSTags":["1601015394","An Giang",null]},{"Type":11,"SolrID":"/1600885701-doanh-nghiep-tn-ngoc-loi","ID":0,"MaSoThue":"1600885701","NgayCap":"2007-03-14T00:00:00Z","Title":"Doanh Nghiệp TN Ngọc Lợi","DiaChiCongTy":"Tổ 16, ấp Long Hòa - Xã Long An - Thị xã Tân Châu - An Giang","Created":"2015-11-10T01:40:10Z","Updated":"2015-11-10T01:40:10Z","IsDelete":false,"RequestChanged":false,"ExitsInGDT":false,"SourceID":0,"TinhThanhID":0,"TinhThanhTitle":"An Giang","TinhThanhTitleAscii":"/an-giang","QuanHuyenID":0,"NganhNgheTitle":"Khai khoáng khác chưa được phân vào đâu","NganhNgheTitleAscii":"/nganh-nghe/khai-khoang-khac-chua-duoc-phan-vao-dau-10612","DSTags":["1600885701","An Giang",null]},{"Type":11,"SolrID":"/1600152197-001-chi-nhanh-doanh-nghiep-tn-long-hung-long-hung-2","ID":0,"MaSoThue":"1600152197-001","NgayCap":"2005-10-14T00:00:00Z","Title":"Chi Nhánh Doanh Nghiệp TN Long Hưng - Long Hưng 2","DiaChiCongTy":"Số 324, tổ 18, ấp Long Hòa - Xã Long An - Thị xã Tân Châu - An Giang","Created":"2015-11-11T07:56:44Z","Updated":"2015-11-11T07:56:44Z","IsDelete":false,"RequestChanged":false,"ExitsInGDT":false,"SourceID":0,"TinhThanhID":0,"TinhThanhTitle":"An Giang","TinhThanhTitleAscii":"/an-giang","QuanHuyenID":0,"NganhNgheTitle":"Sản xuất, phân phối hơi nước, nước nóng, điều hoà không khí và sản xuất nước đá","NganhNgheTitleAscii":"/nganh-nghe/san-xuat-phan-phoi-hoi-nuoc-nuoc-nong-dieu-hoa-khong-khi-va-san-xuat-nuoc-da","DSTags":["1600152197-001","An Giang",null]},{"Type":11,"SolrID":"/1600760318-truong-tieu-hoc-a-long-an","ID":0,"MaSoThue":"1600760318","NgayCap":"2005-01-21T00:00:00Z","Title":"Trường Tiểu học A Long An","DiaChiCongTy":"ấp Long Thành, xã Long An - Thị xã Tân Châu - An Giang","Created":"2015-11-16T16:34:02Z","Updated":"2015-11-16T16:34:02Z","IsDelete":false,"RequestChanged":false,"ExitsInGDT":false,"SourceID":0,"TinhThanhID":0,"TinhThanhTitle":"An Giang","TinhThanhTitleAscii":"/an-giang","QuanHuyenID":0,"NganhNgheTitle":"Giáo dục tiểu học","NganhNgheTitleAscii":"/nganh-nghe/giao-duc-tieu-hoc","DSTags":["1600760318","An Giang",null]},{"Type":11,"SolrID":"/1600759344-truong-tieu-hoc-b-long-an","ID":0,"MaSoThue":"1600759344","NgayCap":"2005-01-14T00:00:00Z","Title":"Trường Tiểu học B Long An","DiaChiCongTy":"ấp Long Hoà - Xã Long An - Thị xã Tân Châu - An Giang","Created":"2015-11-16T16:30:34Z","Updated":"2015-11-16T16:30:34Z","IsDelete":false,"RequestChanged":false,"ExitsInGDT":false,"SourceID":0,"TinhThanhID":0,"TinhThanhTitle":"An Giang","TinhThanhTitleAscii":"/an-giang","QuanHuyenID":0,"NganhNgheTitle":"Giáo dục tiểu học","NganhNgheTitleAscii":"/nganh-nghe/giao-duc-tieu-hoc","DSTags":["1600759344","An Giang",null]},{"Type":11,"SolrID":"/1600739411-htx-nong-nghiep-long-an-1","ID":0,"MaSoThue":"1600739411","NgayCap":"2004-10-20T00:00:00Z","Title":"HTX Nông nghiệp Long An 1","DiaChiCongTy":"ấp Long Thành, xã Long An - Thị xã Tân Châu - An Giang","Created":"2015-11-16T16:22:20Z","Updated":"2015-11-16T16:22:20Z","IsDelete":false,"RequestChanged":false,"ExitsInGDT":false,"SourceID":0,"TinhThanhID":0,"TinhThanhTitle":"An Giang","TinhThanhTitleAscii":"/an-giang","QuanHuyenID":0,"NganhNgheTitle":"Hoạt động dịch vụ nông nghiệp","NganhNgheTitleAscii":"/nganh-nghe/hoat-dong-dich-vu-nong-nghiep","DSTags":["1600739411","An Giang",null]},{"Type":11,"SolrID":"/1600736322-cong-ty-tnhh-may-xnkthu-nguyet","ID":0,"MaSoThue":"1600736322","NgayCap":"2004-10-12T00:00:00Z","Title":"Công ty TNHH May XNKThu Nguyệt","DiaChiCongTy":"441 Long Thạnh A, xã Long An - Thị xã Tân Châu - An Giang","Created":"2015-11-09T05:04:29Z","Updated":"2015-11-09T05:04:29Z","IsDelete":false,"RequestChanged":false,"ExitsInGDT":false,"SourceID":0,"TinhThanhID":0,"TinhThanhTitle":"An Giang","TinhThanhTitleAscii":"/an-giang","QuanHuyenID":0,"NganhNgheTitle":"Sản xuất sợi, vải dệt thoi và hoàn thiện sản phẩm dệt","NganhNgheTitleAscii":"/nganh-nghe/san-xuat-soi-vai-det-thoi-va-hoan-thien-san-pham-det","DSTags":["1600736322","An Giang",null]},{"Type":11,"SolrID":"/1600734276-truong-mau-giao-long-an","ID":0,"MaSoThue":"1600734276","NgayCap":"2004-10-07T00:00:00Z","Title":"Trường Mẫu giáo Long An","DiaChiCongTy":"ấp Long Thạnh, xã Long An - Thị xã Tân Châu - An Giang","Created":"2015-11-16T05:09:39Z","Updated":"2015-11-16T05:09:39Z","IsDelete":false,"RequestChanged":false,"ExitsInGDT":false,"SourceID":0,"TinhThanhID":0,"TinhThanhTitle":"An Giang","TinhThanhTitleAscii":"/an-giang","QuanHuyenID":0,"NganhNgheTitle":"Giáo dục mầm non","NganhNgheTitleAscii":"/nganh-nghe/giao-duc-mam-non","DSTags":["1600734276","An Giang",null]},{"Type":11,"SolrID":"/1600606884-doanh-nghiep-tn-dang-loi","ID":0,"MaSoThue":"1600606884","NgayCap":"2004-08-10T00:00:00Z","Title":"Doanh Nghiệp TN Đặng Lợi","DiaChiCongTy":"Tổ 3, ấp Long Hiệp - Xã Long An - Thị xã Tân Châu - An Giang","Created":"2015-11-17T05:15:32Z","Updated":"2015-11-17T05:15:32Z","IsDelete":false,"RequestChanged":false,"ExitsInGDT":false,"SourceID":0,"TinhThanhID":0,"TinhThanhTitle":"An Giang","TinhThanhTitleAscii":"/an-giang","QuanHuyenID":0,"NganhNgheTitle":"Bán buôn nông, lâm sản nguyên liệu (trừ gỗ, tre, nứa) và động vật sống","NganhNgheTitleAscii":"/nganh-nghe/ban-buon-nong-lam-san-nguyen-lieu-tru-go-tre-nua-va-dong-vat-song","DSTags":["1600606884","An Giang",null]},{"Type":11,"SolrID":"/1600693358-cong-ty-co-phan-xnk-thuy-san-thai-nguyen-an-giang","ID":0,"MaSoThue":"1600693358","NgayCap":"2004-05-10T00:00:00Z","Title":"Công ty Cổ phần XNK Thuỷ sản Thái Nguyên An Giang","DiaChiCongTy":"ấp Long Thạnh, xã Long An - Thị xã Tân Châu - An Giang","Created":"2015-11-14T04:57:35Z","Updated":"2015-11-14T04:57:35Z","IsDelete":false,"RequestChanged":false,"ExitsInGDT":false,"SourceID":0,"TinhThanhID":0,"TinhThanhTitle":"An Giang","TinhThanhTitleAscii":"/an-giang","QuanHuyenID":0,"NganhNgheTitle":"Chế biến, bảo quản thuỷ sản và các sản phẩm từ thuỷ sản","NganhNgheTitleAscii":"/nganh-nghe/che-bien-bao-quan-thuy-san-va-cac-san-pham-tu-thuy-san","DSTags":["1600693358","An Giang",null]},{"Type":11,"SolrID":"/1600150697-001-nha-may-xay-xat-quang-sang","ID":0,"MaSoThue":"1600150697-001","NgayCap":"2004-02-12T00:00:00Z","Title":"Nhà máy xay xát Quang Sang","DiaChiCongTy":"Tổ 6 ấp Long Thành, xã Long An - Thị xã Tân Châu - An Giang","Created":"2015-11-18T09:18:40Z","Updated":"2015-11-18T09:18:40Z","IsDelete":false,"RequestChanged":false,"ExitsInGDT":false,"SourceID":0,"TinhThanhID":0,"TinhThanhTitle":"An Giang","TinhThanhTitleAscii":"/an-giang","QuanHuyenID":0,"NganhNgheTitle":"Khai khoáng khác chưa được phân vào đâu","NganhNgheTitleAscii":"/nganh-nghe/khai-khoang-khac-chua-duoc-phan-vao-dau-10612","DSTags":["1600150697-001","An Giang",null]},{"Type":11,"SolrID":"/1600677941-truong-trung-hoc-co-so-long-an","ID":0,"MaSoThue":"1600677941","NgayCap":"2004-01-07T00:00:00Z","Title":"Trường Trung Học Cơ Sở Long An","DiaChiCongTy":"ấp Long Hoà, xã Long An - Thị xã Tân Châu - An Giang","Created":"2015-11-16T15:36:07Z","Updated":"2015-11-16T15:36:07Z","IsDelete":false,"RequestChanged":false,"ExitsInGDT":false,"SourceID":0,"TinhThanhID":0,"TinhThanhTitle":"An Giang","TinhThanhTitleAscii":"/an-giang","QuanHuyenID":0,"NganhNgheTitle":"Giáo dục trung học cơ sở và trung học phổ thông","NganhNgheTitleAscii":"/nganh-nghe/giao-duc-trung-hoc-co-so-va-trung-hoc-pho-thong","DSTags":["1600677941","An Giang",null]},{"Type":11,"SolrID":"/1600490541-doanh-nghiep-tn-dat-thanh","ID":0,"MaSoThue":"1600490541","NgayCap":"2000-05-04T00:00:00Z","Title":"Doanh Nghiệp TN Đạt Thành","DiaChiCongTy":"Tổ 10, BTQ B2 - Xã Long An - Thị xã Tân Châu - An Giang","Created":"2015-11-11T13:09:02Z","Updated":"2015-11-11T13:09:02Z","IsDelete":false,"RequestChanged":false,"ExitsInGDT":false,"SourceID":0,"TinhThanhID":0,"TinhThanhTitle":"An Giang","TinhThanhTitleAscii":"/an-giang","QuanHuyenID":0,"NganhNgheTitle":"Khai khoáng khác chưa được phân vào đâu","NganhNgheTitleAscii":"/nganh-nghe/khai-khoang-khac-chua-duoc-phan-vao-dau-10612","DSTags":["1600490541","An Giang",null]},{"Type":11,"SolrID":"/1600479749-cty-tnhh-huu-nghi","ID":0,"MaSoThue":"1600479749","NgayCap":"2000-02-03T00:00:00Z","Title":"Cty TNHH Hữu Nghị","DiaChiCongTy":"ấp B1 Xã long An - Thị xã Tân Châu - An Giang","Created":"2015-11-12T06:09:46Z","Updated":"2015-11-12T06:09:46Z","IsDelete":false,"RequestChanged":false,"ExitsInGDT":false,"SourceID":0,"TinhThanhID":0,"TinhThanhTitle":"An Giang","TinhThanhTitleAscii":"/an-giang","QuanHuyenID":0,"NganhNgheTitle":"Bán buôn gạo, thực phẩm, đồ uống và sản phẩm thuốc lá, thuốc lào","NganhNgheTitleAscii":"/nganh-nghe/ban-buon-gao-thuc-pham-do-uong-va-san-pham-thuoc-la-thuoc-lao","DSTags":["1600479749","An Giang",null]},{"Type":11,"SolrID":"/1600194461-008-tram-thu-mua-nong-san-tan-chau","ID":0,"MaSoThue":"1600194461-008","NgayCap":"1999-01-08T00:00:00Z","Title":"Trạm Thu Mua Nông sản Tân Châu","DiaChiCongTy":"ấp Long Châu xã Long An - Thị xã Tân Châu - An Giang","Created":"2015-11-18T14:02:17Z","Updated":"2015-11-18T14:02:17Z","IsDelete":false,"RequestChanged":false,"ExitsInGDT":false,"SourceID":0,"TinhThanhID":0,"TinhThanhTitle":"An Giang","TinhThanhTitleAscii":"/an-giang","QuanHuyenID":0,"NganhNgheTitle":"Bán buôn gạo, thực phẩm, đồ uống và sản phẩm thuốc lá, thuốc lào","NganhNgheTitleAscii":"/nganh-nghe/ban-buon-gao-thuc-pham-do-uong-va-san-pham-thuoc-la-thuoc-lao","DSTags":["1600194461-008","An Giang",null]},{"Type":11,"SolrID":"/1600374619-uy-ban-nhan-dan-xa-long-an","ID":0,"MaSoThue":"1600374619","NgayCap":"1998-11-25T00:00:00Z","Title":"Uỷ Ban Nhân dân xã Long An","DiaChiCongTy":"BTQ B1 xã Long An - Thị xã Tân Châu - An Giang","Created":"2015-11-14T17:13:43Z","Updated":"2015-11-14T17:13:43Z","IsDelete":false,"RequestChanged":false,"ExitsInGDT":false,"SourceID":0,"TinhThanhID":0,"TinhThanhTitle":"An Giang","TinhThanhTitleAscii":"/an-giang","QuanHuyenID":0,"NganhNgheTitle":"Hoạt động quản lý nhà nước nói chung và kinh tế tổng hợp","NganhNgheTitleAscii":"/nganh-nghe/hoat-dong-quan-ly-nha-nuoc-noi-chung-va-kinh-te-tong-hop","DSTags":["1600374619","An Giang",null]},{"Type":11,"SolrID":"/1600229273-010-nha-may-an-giang-8","ID":0,"MaSoThue":"1600229273-010","NgayCap":"1998-10-24T00:00:00Z","Title":"Nhà Máy An Giang 8","DiaChiCongTy":"ấp Long Châu Xã Long An - Thị xã Tân Châu - An Giang","Created":"2015-11-19T09:17:14Z","Updated":"2015-11-19T09:17:14Z","IsDelete":false,"RequestChanged":false,"ExitsInGDT":false,"SourceID":0,"TinhThanhID":0,"TinhThanhTitle":"An Giang","TinhThanhTitleAscii":"/an-giang","QuanHuyenID":0,"NganhNgheTitle":"Bán lẻ lương thực, thực phẩm, đồ uống, thuốc lá, thuốc lào chiếm tỷ trọng lớn trong các cửa hàng kinh doanh tổng hợp","NganhNgheTitleAscii":"/nganh-nghe/ban-le-luong-thuc-thuc-pham-do-uong-thuoc-la-thuoc-lao-chiem-ty-trong-lon-trong-cac-cua-hang-kinh-doanh-tong-hop","DSTags":["1600229273-010","An Giang",null]},{"Type":11,"SolrID":"/1600151179-cong-ty-tnhh-hiep-sang","ID":0,"MaSoThue":"1600151179","NgayCap":"1998-09-18T00:00:00Z","Title":"Công Ty TNHH Hiệp Sang","DiaChiCongTy":"Tổ 3 - ấp Long Châu - xã Long An - Thị xã Tân Châu - An Giang","Created":"2015-11-09T03:41:52Z","Updated":"2015-11-09T03:41:52Z","IsDelete":false,"RequestChanged":false,"ExitsInGDT":false,"SourceID":0,"TinhThanhID":0,"TinhThanhTitle":"An Giang","TinhThanhTitleAscii":"/an-giang","QuanHuyenID":0,"NganhNgheTitle":"Bán buôn gạo, thực phẩm, đồ uống và sản phẩm thuốc lá, thuốc lào","NganhNgheTitleAscii":"/nganh-nghe/ban-buon-gao-thuc-pham-do-uong-va-san-pham-thuoc-la-thuoc-lao","DSTags":["1600151179","An Giang",null]},{"Type":11,"SolrID":"/1600149701-doanh-nghiep-tn-phuoc-sang","ID":0,"MaSoThue":"1600149701","NgayCap":"1998-09-15T00:00:00Z","Title":"Doanh Nghiệp TN Phước Sang","DiaChiCongTy":"Tổ 2, ấp Long Hòa - Xã Long An - Thị xã Tân Châu - An Giang","Created":"2015-11-09T04:20:55Z","Updated":"2015-11-09T04:20:55Z","IsDelete":false,"RequestChanged":false,"ExitsInGDT":false,"SourceID":0,"TinhThanhID":0,"TinhThanhTitle":"An Giang","TinhThanhTitleAscii":"/an-giang","QuanHuyenID":0,"NganhNgheTitle":"Xay xát","NganhNgheTitleAscii":"/nganh-nghe/xay-xat","DSTags":["1600149701","An Giang",null]},{"Type":11,"SolrID":"/1600149772-dntn-bao-van","ID":0,"MaSoThue":"1600149772","NgayCap":"1998-09-15T00:00:00Z","Title":"DNTN Bảo Vân","DiaChiCongTy":"ấp Long Hoà - xã Long An - Thị xã Tân Châu - An Giang","Created":"2015-11-14T18:11:36Z","Updated":"2015-11-14T18:11:36Z","IsDelete":false,"RequestChanged":false,"ExitsInGDT":false,"SourceID":0,"TinhThanhID":0,"TinhThanhTitle":"An Giang","TinhThanhTitleAscii":"/an-giang","QuanHuyenID":0,"NganhNgheTitle":"Khai khoáng khác chưa được phân vào đâu","NganhNgheTitleAscii":"/nganh-nghe/khai-khoang-khac-chua-duoc-phan-vao-dau-10612","DSTags":["1600149772","An Giang",null]}]}