{"ID":8580,"SolrID":"/an-giang/thi-xa-tan-chau/xa-long-son","Title":"Xã LOng Sơn","TinhThanhTitle":"An Giang","QuanHuyenTitle":"Thị Xã Tân Châu","QuanHuyenID":215,"TinhThanhID":35,"Url":"https://thongtindoanhnghiep.co/api/company?l=/an-giang/thi-xa-tan-chau/xa-long-son","Total":2,"List":[{"Type":11,"SolrID":"/0300611539-005-tram-thu-mua-tai-che-luong-thuc-xuat-khau-long-hung","ID":0,"MaSoThue":"0300611539-005","NgayCap":"2000-04-04T00:00:00Z","Title":"Trạm Thu Mua Tái Chế Lương Thực Xuất Khẩu Long Hưng","DiaChiCongTy":"ấp Long Hưng Xã LOng Sơn - Thị xã Tân Châu - An Giang","Created":"2015-11-18T12:54:28Z","Updated":"2015-11-18T12:54:28Z","IsDelete":false,"RequestChanged":false,"ExitsInGDT":false,"SourceID":0,"TinhThanhID":0,"TinhThanhTitle":"An Giang","TinhThanhTitleAscii":"/an-giang","QuanHuyenID":0,"NganhNgheTitle":"Bán buôn gạo, thực phẩm, đồ uống và sản phẩm thuốc lá, thuốc lào","NganhNgheTitleAscii":"/nganh-nghe/ban-buon-gao-thuc-pham-do-uong-va-san-pham-thuoc-la-thuoc-lao","DSTags":["0300611539-005","An Giang",null]},{"Type":11,"SolrID":"/1600166721-cty-tnhh-tan-chau","ID":0,"MaSoThue":"1600166721","NgayCap":"1998-09-18T00:00:00Z","Title":"Cty TNHH Tân Châu","DiaChiCongTy":"Số 1385 ấp Long Hưng1, xã Long Sơn - Thị xã Tân Châu - An Giang","Created":"2015-11-12T06:13:06Z","Updated":"2015-11-12T06:13:06Z","IsDelete":false,"RequestChanged":false,"ExitsInGDT":false,"SourceID":0,"TinhThanhID":0,"TinhThanhTitle":"An Giang","TinhThanhTitleAscii":"/an-giang","QuanHuyenID":0,"NganhNgheTitle":"Bán buôn gạo, thực phẩm, đồ uống và sản phẩm thuốc lá, thuốc lào","NganhNgheTitleAscii":"/nganh-nghe/ban-buon-gao-thuc-pham-do-uong-va-san-pham-thuoc-la-thuoc-lao","DSTags":["1600166721","An Giang",null]}]}