{"ID":12545,"SolrID":"/an-giang/thi-xa-tan-chau/xa-phu-loc","Title":"Xã Phú Lộc","TinhThanhTitle":"An Giang","QuanHuyenTitle":"Thị Xã Tân Châu","QuanHuyenID":215,"TinhThanhID":35,"Url":"https://thongtindoanhnghiep.co/api/company?l=/an-giang/thi-xa-tan-chau/xa-phu-loc","Total":6,"List":[{"Type":11,"SolrID":"/1602002951-cong-ty-tnhh-mot-thanh-vien-xay-dung-van-tai-dai-phu-cuong","ID":0,"MaSoThue":"1602002951","NgayCap":"2016-02-29T00:00:00Z","Title":"Công Ty TNHH Một Thành Viên Xây Dựng & Vận Tải Đại Phú Cường","DiaChiCongTy":"ấp Phú Yên - Xã Phú Lộc - Thị xã Tân Châu - An Giang","Created":"2016-03-04T15:45:23Z","Updated":"2016-03-04T15:45:23Z","IsDelete":false,"RequestChanged":false,"ExitsInGDT":false,"SourceID":0,"TinhThanhID":0,"TinhThanhTitle":"An Giang","TinhThanhTitleAscii":"/an-giang","QuanHuyenID":0,"NganhNgheTitle":"Nuôi trồng thuỷ sản nội địa","NganhNgheTitleAscii":"/nganh-nghe/nuoi-trong-thuy-san-noi-dia","DSTags":["1602002951","An Giang",null]},{"Type":11,"SolrID":"/1601889392-truong-tieu-hoc-phu-loc","ID":0,"MaSoThue":"1601889392","NgayCap":"2013-09-19T00:00:00Z","Title":"Trường Tiểu Học Phú Lộc","DiaChiCongTy":"ấp Phú Bình - Xã Phú Lộc - Thị xã Tân Châu - An Giang","Created":"2015-11-16T20:14:46Z","Updated":"2015-11-16T20:14:46Z","IsDelete":false,"RequestChanged":false,"ExitsInGDT":false,"SourceID":0,"TinhThanhID":0,"TinhThanhTitle":"An Giang","TinhThanhTitleAscii":"/an-giang","QuanHuyenID":0,"NganhNgheTitle":"Giáo dục tiểu học","NganhNgheTitleAscii":"/nganh-nghe/giao-duc-tieu-hoc","DSTags":["1601889392","An Giang",null]},{"Type":11,"SolrID":"/1600967168-htx-nong-nghiep-phu-binh","ID":0,"MaSoThue":"1600967168","NgayCap":"2008-07-07T00:00:00Z","Title":"HTX Nông Nghiệp Phú Bình","DiaChiCongTy":"Tổ 20, ấp Phú Bình, xã Phú Lộc - Thị xã Tân Châu - An Giang","Created":"2015-11-16T19:02:57Z","Updated":"2015-11-16T19:02:57Z","IsDelete":false,"RequestChanged":false,"ExitsInGDT":false,"SourceID":0,"TinhThanhID":0,"TinhThanhTitle":"An Giang","TinhThanhTitleAscii":"/an-giang","QuanHuyenID":0,"NganhNgheTitle":"Sản xuất máy bơm, máy nén, vòi và van khác","NganhNgheTitleAscii":"/nganh-nghe/san-xuat-may-bom-may-nen-voi-va-van-khac","DSTags":["1600967168","An Giang",null]},{"Type":11,"SolrID":"/1600850787-truong-trung-hoc-co-so-phu-loc","ID":0,"MaSoThue":"1600850787","NgayCap":"2006-09-27T00:00:00Z","Title":"Trường Trung học cở sở Phú Lộc","DiaChiCongTy":"ấp Phú Yên, xã Phú Lộc - Thị xã Tân Châu - An Giang","Created":"2015-11-16T01:05:54Z","Updated":"2015-11-16T01:05:54Z","IsDelete":false,"RequestChanged":false,"ExitsInGDT":false,"SourceID":0,"TinhThanhID":0,"TinhThanhTitle":"An Giang","TinhThanhTitleAscii":"/an-giang","QuanHuyenID":0,"NganhNgheTitle":"Giáo dục trung học cơ sở và trung học phổ thông","NganhNgheTitleAscii":"/nganh-nghe/giao-duc-trung-hoc-co-so-va-trung-hoc-pho-thong","DSTags":["1600850787","An Giang",null]},{"Type":11,"SolrID":"/1600755614-truong-mau-giao-phu-loc","ID":0,"MaSoThue":"1600755614","NgayCap":"2004-12-27T00:00:00Z","Title":"Trường Mẫu giáo Phú Lộc","DiaChiCongTy":"ấp Phú Yên, xã Phú Lộc - Thị xã Tân Châu - An Giang","Created":"2015-11-16T16:25:56Z","Updated":"2015-11-16T16:25:56Z","IsDelete":false,"RequestChanged":false,"ExitsInGDT":false,"SourceID":0,"TinhThanhID":0,"TinhThanhTitle":"An Giang","TinhThanhTitleAscii":"/an-giang","QuanHuyenID":0,"NganhNgheTitle":"Giáo dục mầm non","NganhNgheTitleAscii":"/nganh-nghe/giao-duc-mam-non","DSTags":["1600755614","An Giang",null]},{"Type":11,"SolrID":"/1600494560-htx-nong-nghiep-phu-yen","ID":0,"MaSoThue":"1600494560","NgayCap":"2000-05-10T00:00:00Z","Title":"HTX Nông Nghiệp Phú Yên","DiaChiCongTy":"Tổ 14 ấp Phú Yên Xã Phú Lộc - Thị xã Tân Châu - An Giang","Created":"2015-11-14T15:16:06Z","Updated":"2015-11-14T15:16:06Z","IsDelete":false,"RequestChanged":false,"ExitsInGDT":false,"SourceID":0,"TinhThanhID":0,"TinhThanhTitle":"An Giang","TinhThanhTitleAscii":"/an-giang","QuanHuyenID":0,"NganhNgheTitle":"Hoạt động dịch vụ nông nghiệp","NganhNgheTitleAscii":"/nganh-nghe/hoat-dong-dich-vu-nong-nghiep","DSTags":["1600494560","An Giang",null]}]}