{"ID":4387,"SolrID":"/an-giang/thi-xa-tan-chau/xa-phu-vinh","Title":"Xã Phú Vĩnh","TinhThanhTitle":"An Giang","QuanHuyenTitle":"Thị Xã Tân Châu","QuanHuyenID":215,"TinhThanhID":35,"Url":"https://thongtindoanhnghiep.co/api/company?l=/an-giang/thi-xa-tan-chau/xa-phu-vinh","Total":22,"List":[{"Type":11,"SolrID":"/1602138889-cong-ty-tnhh-xay-dung-cong-trinh-giao-thong-thanh-dat","ID":0,"MaSoThue":"1602138889","NgayCap":"2021-01-09T00:00:00Z","Title":"Công Ty TNHH Xây Dựng Công Trình Giao Thông Thành Đạt","DiaChiCongTy":"Tổ 01, Ấp Phú Bình, Xã Phú Vĩnh, Thị xã Tân Châu, Tỉnh An Giang","Created":"2021-01-09T10:35:41Z","Updated":"2021-01-09T10:35:41Z","IsDelete":false,"RequestChanged":false,"ExitsInGDT":false,"SourceID":0,"TinhThanhID":0,"TinhThanhTitle":"An Giang","TinhThanhTitleAscii":"/an-giang","QuanHuyenID":0,"NganhNgheTitle":"Hoạt động kiến trúc và tư vấn kỹ thuật có liên quan","NganhNgheTitleAscii":"/nganh-nghe/hoat-dong-kien-truc-va-tu-van-ky-thuat-co-lien-quan","DSTags":["1602138889","An Giang",null]},{"Type":11,"SolrID":"/1602055382-doanh-nghiep-tn-tiem-vang-tan-phat-phu-vinh","ID":0,"MaSoThue":"1602055382","NgayCap":"2017-11-21T00:00:00Z","Title":"Doanh Nghiệp Tn Tiệm Vàng Tấn Phát - Phú Vĩnh","DiaChiCongTy":"Số 38, Tổ 2, Ấp Phú An A, Xã Phú Vĩnh, Thị xã Tân Châu, Tỉnh An Giang","Created":"2017-11-21T12:05:57Z","Updated":"2017-11-21T12:05:57Z","IsDelete":false,"RequestChanged":false,"ExitsInGDT":false,"SourceID":0,"TinhThanhID":0,"TinhThanhTitle":"An Giang","TinhThanhTitleAscii":"/an-giang","QuanHuyenID":0,"NganhNgheTitle":"Bán buôn kim loại và quặng kim loại","NganhNgheTitleAscii":"/nganh-nghe/ban-buon-kim-loai-va-quang-kim-loai","DSTags":["1602055382","An Giang",null]},{"Type":11,"SolrID":"/1601982585-doanh-nghiep-tn-thanh-phuong-tan-chau","ID":0,"MaSoThue":"1601982585","NgayCap":"2015-09-11T00:00:00Z","Title":"Doanh Nghiệp TN Thanh Phương Tân Châu","DiaChiCongTy":"557/20, ấp Phú An B - Xã Phú Vĩnh - Thị xã Tân Châu - An Giang","Created":"2015-11-19T01:16:13Z","Updated":"2015-11-19T01:16:13Z","IsDelete":false,"RequestChanged":false,"ExitsInGDT":false,"SourceID":0,"TinhThanhID":0,"TinhThanhTitle":"An Giang","TinhThanhTitleAscii":"/an-giang","QuanHuyenID":0,"NganhNgheTitle":"Trồng rau, đậu các loại và trồng hoa, cây cảnh","NganhNgheTitleAscii":"/nganh-nghe/trong-rau-dau-cac-loai-va-trong-hoa-cay-canh","DSTags":["1601982585","An Giang",null]},{"Type":11,"SolrID":"/1601980764-cong-ty-tnhh-mot-thanh-vien-xang-dau-sang-thinh","ID":0,"MaSoThue":"1601980764","NgayCap":"2015-08-17T00:00:00Z","Title":"Công Ty TNHH Một Thành Viên Xăng Dầu Sang Thịnh","DiaChiCongTy":"ấp Phú An A - Xã Phú Vĩnh - Thị xã Tân Châu - An Giang","Created":"2015-11-18T23:43:16Z","Updated":"2015-11-18T23:43:16Z","IsDelete":false,"RequestChanged":false,"ExitsInGDT":false,"SourceID":0,"TinhThanhID":0,"TinhThanhTitle":"An Giang","TinhThanhTitleAscii":"/an-giang","QuanHuyenID":0,"NganhNgheTitle":"Bán buôn nhiên liệu rắn, lỏng, khí và các sản phẩm liên quan","NganhNgheTitleAscii":"/nganh-nghe/ban-buon-nhien-lieu-ran-long-khi-va-cac-san-pham-lien-quan","DSTags":["1601980764","An Giang",null]},{"Type":11,"SolrID":"/1601970646-doanh-nghiep-tn-tiem-vang-kim-tung-phu-vinh","ID":0,"MaSoThue":"1601970646","NgayCap":"2015-04-23T00:00:00Z","Title":"Doanh Nghiệp TN Tiệm Vàng Kim Tùng Phú Vĩnh","DiaChiCongTy":"Số 21, ấp Phú An A - Xã Phú Vĩnh - Thị xã Tân Châu - An Giang","Created":"2015-11-17T09:21:54Z","Updated":"2015-11-17T09:21:54Z","IsDelete":false,"RequestChanged":false,"ExitsInGDT":false,"SourceID":0,"TinhThanhID":0,"TinhThanhTitle":"An Giang","TinhThanhTitleAscii":"/an-giang","QuanHuyenID":0,"NganhNgheTitle":"Bán buôn kim loại và quặng kim loại","NganhNgheTitleAscii":"/nganh-nghe/ban-buon-kim-loai-va-quang-kim-loai","DSTags":["1601970646","An Giang",null]},{"Type":11,"SolrID":"/1601940391-doanh-nghiep-tn-tiem-vang-tu-hieu","ID":0,"MaSoThue":"1601940391","NgayCap":"2014-09-24T00:00:00Z","Title":"Doanh Nghiệp TN Tiệm Vàng Tứ Hiếu","DiaChiCongTy":"Số 104, Tổ 4, ấp Phú An A - Xã Phú Vĩnh - Thị xã Tân Châu - An Giang","Created":"2015-11-11T01:03:32Z","Updated":"2015-11-11T01:03:32Z","IsDelete":false,"RequestChanged":false,"ExitsInGDT":false,"SourceID":0,"TinhThanhID":0,"TinhThanhTitle":"An Giang","TinhThanhTitleAscii":"/an-giang","QuanHuyenID":0,"NganhNgheTitle":"Bán buôn kim loại và quặng kim loại","NganhNgheTitleAscii":"/nganh-nghe/ban-buon-kim-loai-va-quang-kim-loai","DSTags":["1601940391","An Giang",null]},{"Type":11,"SolrID":"/1601935401-doanh-nghiep-tn-tiem-vang-the-loan","ID":0,"MaSoThue":"1601935401","NgayCap":"2014-08-15T00:00:00Z","Title":"Doanh Nghiệp TN Tiệm Vàng Thế Loan","DiaChiCongTy":"T1, ấp Phú An A - Xã Phú Vĩnh - Thị xã Tân Châu - An Giang","Created":"2015-11-09T12:09:37Z","Updated":"2015-11-09T12:09:37Z","IsDelete":false,"RequestChanged":false,"ExitsInGDT":false,"SourceID":0,"TinhThanhID":0,"TinhThanhTitle":"An Giang","TinhThanhTitleAscii":"/an-giang","QuanHuyenID":0,"NganhNgheTitle":"Bán buôn kim loại và quặng kim loại","NganhNgheTitleAscii":"/nganh-nghe/ban-buon-kim-loai-va-quang-kim-loai","DSTags":["1601935401","An Giang",null]},{"Type":11,"SolrID":"/1601917459-cong-ty-tnhh-mot-thanh-vien-xuat-nhap-khau-phu-sang","ID":0,"MaSoThue":"1601917459","NgayCap":"2014-04-05T00:00:00Z","Title":"Công Ty TNHH Một Thành Viên Xuất Nhập Khẩu Phú Sang","DiaChiCongTy":"Số 130, Tổ 4, ấp Phú Hưng - Xã Phú Vĩnh - Thị xã Tân Châu - An Giang","Created":"2015-11-09T14:56:48Z","Updated":"2015-11-09T14:56:48Z","IsDelete":false,"RequestChanged":false,"ExitsInGDT":false,"SourceID":0,"TinhThanhID":0,"TinhThanhTitle":"An Giang","TinhThanhTitleAscii":"/an-giang","QuanHuyenID":0,"NganhNgheTitle":"Bán buôn chuyên doanh khác chưa được phân vào đâu","NganhNgheTitleAscii":"/nganh-nghe/ban-buon-chuyen-doanh-khac-chua-duoc-phan-vao-dau","DSTags":["1601917459","An Giang",null]},{"Type":11,"SolrID":"/1601882358-cong-ty-tnhh-mot-thanh-vien-kim-phuc-phu-vinh","ID":0,"MaSoThue":"1601882358","NgayCap":"2013-06-28T00:00:00Z","Title":"Công Ty TNHH Một Thành Viên Kim Phúc Phú Vĩnh","DiaChiCongTy":"Tổ 2, ấp Phú An B - Xã Phú Vĩnh - Thị xã Tân Châu - An Giang","Created":"2015-11-11T20:42:01Z","Updated":"2016-09-11T04:37:47Z","IsDelete":false,"RequestChanged":false,"ExitsInGDT":false,"SourceID":0,"TinhThanhID":0,"TinhThanhTitle":"An Giang","TinhThanhTitleAscii":"/an-giang","QuanHuyenID":0,"DSTags":["1601882358","An Giang",null]},{"Type":11,"SolrID":"/1601470393-doanh-nghiep-tn-van-nha","ID":0,"MaSoThue":"1601470393","NgayCap":"2011-03-21T00:00:00Z","Title":"Doanh Nghiệp TN Văn Nhã","DiaChiCongTy":"ấp Phú Hưng - Xã Phú Vĩnh - Thị xã Tân Châu - An Giang","Created":"2015-11-16T20:36:26Z","Updated":"2015-11-16T20:36:26Z","IsDelete":false,"RequestChanged":false,"ExitsInGDT":false,"SourceID":0,"TinhThanhID":0,"TinhThanhTitle":"An Giang","TinhThanhTitleAscii":"/an-giang","QuanHuyenID":0,"NganhNgheTitle":"Bán buôn gạo","NganhNgheTitleAscii":"/nganh-nghe/ban-buon-gao","DSTags":["1601470393","An Giang",null]},{"Type":11,"SolrID":"/1601389632-doanh-nghiep-tn-thanh-hoa","ID":0,"MaSoThue":"1601389632","NgayCap":"2010-08-06T00:00:00Z","Title":"Doanh Nghiệp TN Thanh Hoá","DiaChiCongTy":"ấp Phú Bình - Xã Phú Vĩnh - Thị xã Tân Châu - An Giang","Created":"2015-11-19T09:04:09Z","Updated":"2015-11-19T09:04:09Z","IsDelete":false,"RequestChanged":false,"ExitsInGDT":false,"SourceID":0,"TinhThanhID":0,"TinhThanhTitle":"An Giang","TinhThanhTitleAscii":"/an-giang","QuanHuyenID":0,"NganhNgheTitle":"Bán buôn nhiên liệu rắn, lỏng, khí và các sản phẩm liên quan","NganhNgheTitleAscii":"/nganh-nghe/ban-buon-nhien-lieu-ran-long-khi-va-cac-san-pham-lien-quan","DSTags":["1601389632","An Giang",null]},{"Type":11,"SolrID":"/1601129433-cong-ty-tnhh-mot-thanh-vien-quoc-khang","ID":0,"MaSoThue":"1601129433","NgayCap":"2009-05-19T00:00:00Z","Title":"Công Ty TNHH Một Thành Viên Quốc Khang","DiaChiCongTy":"Số 138, Tổ 4, ấp Phú An A - Xã Phú Vĩnh - Thị xã Tân Châu - An Giang","Created":"2015-11-08T22:29:30Z","Updated":"2015-11-08T22:29:30Z","IsDelete":false,"RequestChanged":false,"ExitsInGDT":false,"SourceID":0,"TinhThanhID":0,"TinhThanhTitle":"An Giang","TinhThanhTitleAscii":"/an-giang","QuanHuyenID":0,"NganhNgheTitle":"Xây dựng nhà các loại","NganhNgheTitleAscii":"/nganh-nghe/xay-dung-nha-cac-loai","DSTags":["1601129433","An Giang",null]},{"Type":11,"SolrID":"/1600986523-cong-ty-tnhh-phuoc-thien","ID":0,"MaSoThue":"1600986523","NgayCap":"2008-11-18T00:00:00Z","Title":"Công Ty TNHH Phước Thiện","DiaChiCongTy":"Số 72, tổ 2 ấp Phú An A - Xã Phú Vĩnh - Thị xã Tân Châu - An Giang","Created":"2015-11-11T11:58:44Z","Updated":"2015-11-11T11:58:44Z","IsDelete":false,"RequestChanged":false,"ExitsInGDT":false,"SourceID":0,"TinhThanhID":0,"TinhThanhTitle":"An Giang","TinhThanhTitleAscii":"/an-giang","QuanHuyenID":0,"NganhNgheTitle":"Xây dựng nhà các loại","NganhNgheTitleAscii":"/nganh-nghe/xay-dung-nha-cac-loai","DSTags":["1600986523","An Giang",null]},{"Type":11,"SolrID":"/1600556136-doanh-nghiep-tn-nguyen","ID":0,"MaSoThue":"1600556136","NgayCap":"2008-11-12T00:00:00Z","Title":"Doanh Nghiệp TN Nguyên","DiaChiCongTy":"Tổ 7, ấp Phú An A - Xã Phú Vĩnh - Thị xã Tân Châu - An Giang","Created":"2015-11-11T08:58:37Z","Updated":"2015-11-11T08:58:37Z","IsDelete":false,"RequestChanged":false,"ExitsInGDT":false,"SourceID":0,"TinhThanhID":0,"TinhThanhTitle":"An Giang","TinhThanhTitleAscii":"/an-giang","QuanHuyenID":0,"NganhNgheTitle":"Bán buôn xăng dầu và các sản phẩm liên quan","NganhNgheTitleAscii":"/nganh-nghe/ban-buon-xang-dau-va-cac-san-pham-lien-quan","DSTags":["1600556136","An Giang",null]},{"Type":11,"SolrID":"/1600974831-htx-nong-nghiep-phu-an-b","ID":0,"MaSoThue":"1600974831","NgayCap":"2008-08-21T00:00:00Z","Title":"HTX Nông Nghiệp Phú An B","DiaChiCongTy":"Tổ 2, ấp Phú An B, xã Phú Vĩnh - Thị xã Tân Châu - An Giang","Created":"2015-11-16T19:06:11Z","Updated":"2015-11-16T19:06:11Z","IsDelete":false,"RequestChanged":false,"ExitsInGDT":false,"SourceID":0,"TinhThanhID":0,"TinhThanhTitle":"An Giang","TinhThanhTitleAscii":"/an-giang","QuanHuyenID":0,"NganhNgheTitle":"Nông nghiệp và hoạt động dịch vụ có liên quan","NganhNgheTitleAscii":"/nganh-nghe/nong-nghiep-va-hoat-dong-dich-vu-co-lien-quan","DSTags":["1600974831","An Giang",null]},{"Type":11,"SolrID":"/1600767779-truong-tieu-hoc-c-phu-vinh","ID":0,"MaSoThue":"1600767779","NgayCap":"2005-03-01T00:00:00Z","Title":"Trường Tiểu học C Phú Vĩnh","DiaChiCongTy":"ấp Phú Bình, xã Phú Vĩnh - Thị xã Tân Châu - An Giang","Created":"2015-11-16T16:38:09Z","Updated":"2015-11-16T16:38:09Z","IsDelete":false,"RequestChanged":false,"ExitsInGDT":false,"SourceID":0,"TinhThanhID":0,"TinhThanhTitle":"An Giang","TinhThanhTitleAscii":"/an-giang","QuanHuyenID":0,"NganhNgheTitle":"Giáo dục tiểu học","NganhNgheTitleAscii":"/nganh-nghe/giao-duc-tieu-hoc","DSTags":["1600767779","An Giang",null]},{"Type":11,"SolrID":"/1600750221-truong-tieu-hoc-b-phu-vinh","ID":0,"MaSoThue":"1600750221","NgayCap":"2004-11-29T00:00:00Z","Title":"Trường Tiểu học B Phú Vĩnh","DiaChiCongTy":"ấp Phú An B, xã Phú Vĩnh - Thị xã Tân Châu - An Giang","Created":"2015-11-16T16:23:53Z","Updated":"2015-11-16T16:23:53Z","IsDelete":false,"RequestChanged":false,"ExitsInGDT":false,"SourceID":0,"TinhThanhID":0,"TinhThanhTitle":"An Giang","TinhThanhTitleAscii":"/an-giang","QuanHuyenID":0,"NganhNgheTitle":"Giáo dục tiểu học","NganhNgheTitleAscii":"/nganh-nghe/giao-duc-tieu-hoc","DSTags":["1600750221","An Giang",null]},{"Type":11,"SolrID":"/1600750214-truong-tieu-hoc-a-phu-vinh","ID":0,"MaSoThue":"1600750214","NgayCap":"2004-11-29T00:00:00Z","Title":"Trường Tiểu học A Phú Vĩnh","DiaChiCongTy":"ấp Phú An A, xã Phú Vĩnh - Thị xã Tân Châu - An Giang","Created":"2015-11-16T16:23:54Z","Updated":"2015-11-16T16:23:54Z","IsDelete":false,"RequestChanged":false,"ExitsInGDT":false,"SourceID":0,"TinhThanhID":0,"TinhThanhTitle":"An Giang","TinhThanhTitleAscii":"/an-giang","QuanHuyenID":0,"NganhNgheTitle":"Giáo dục tiểu học","NganhNgheTitleAscii":"/nganh-nghe/giao-duc-tieu-hoc","DSTags":["1600750214","An Giang",null]},{"Type":11,"SolrID":"/1600736347-truong-mau-giao-phu-vinh","ID":0,"MaSoThue":"1600736347","NgayCap":"2004-10-12T00:00:00Z","Title":"Trường Mẫu giáo Phú Vĩnh","DiaChiCongTy":"ấp Phú An A, xã Phú Vĩnh - Thị xã Tân Châu - An Giang","Created":"2015-11-16T16:21:43Z","Updated":"2015-11-16T16:21:43Z","IsDelete":false,"RequestChanged":false,"ExitsInGDT":false,"SourceID":0,"TinhThanhID":0,"TinhThanhTitle":"An Giang","TinhThanhTitleAscii":"/an-giang","QuanHuyenID":0,"NganhNgheTitle":"Giáo dục mầm non","NganhNgheTitleAscii":"/nganh-nghe/giao-duc-mam-non","DSTags":["1600736347","An Giang",null]},{"Type":11,"SolrID":"/1600707762-htx-nong-nghiep-26-3","ID":0,"MaSoThue":"1600707762","NgayCap":"2004-07-30T00:00:00Z","Title":"HTX Nông Nghiệp 26/3","DiaChiCongTy":"Tổ 9 ấp Phú Bình, xã Phú Vĩnh - Thị xã Tân Châu - An Giang","Created":"2015-11-16T16:17:31Z","Updated":"2015-11-16T16:17:31Z","IsDelete":false,"RequestChanged":false,"ExitsInGDT":false,"SourceID":0,"TinhThanhID":0,"TinhThanhTitle":"An Giang","TinhThanhTitleAscii":"/an-giang","QuanHuyenID":0,"NganhNgheTitle":"Hoạt động dịch vụ nông nghiệp","NganhNgheTitleAscii":"/nganh-nghe/hoat-dong-dich-vu-nong-nghiep","DSTags":["1600707762","An Giang",null]},{"Type":11,"SolrID":"/1600676560-truong-trung-hoc-phu-vinh","ID":0,"MaSoThue":"1600676560","NgayCap":"2004-01-07T00:00:00Z","Title":"Trường Trung Học Phú Vĩnh","DiaChiCongTy":"ấp Phú An, xã Phú Vĩnh - Thị xã Tân Châu - An Giang","Created":"2015-11-16T15:35:56Z","Updated":"2015-11-16T15:35:56Z","IsDelete":false,"RequestChanged":false,"ExitsInGDT":false,"SourceID":0,"TinhThanhID":0,"TinhThanhTitle":"An Giang","TinhThanhTitleAscii":"/an-giang","QuanHuyenID":0,"NganhNgheTitle":"Giáo dục trung học cơ sở và trung học phổ thông","NganhNgheTitleAscii":"/nganh-nghe/giao-duc-trung-hoc-co-so-va-trung-hoc-pho-thong","DSTags":["1600676560","An Giang",null]},{"Type":11,"SolrID":"/1600494585-htx-nong-nghiep-an-hung","ID":0,"MaSoThue":"1600494585","NgayCap":"2000-05-10T00:00:00Z","Title":"HTX Nông Nghiệp An Hưng","DiaChiCongTy":"Tổ 8 ấp An Hưng xã Phú Vĩnh - Thị xã Tân Châu - An Giang","Created":"2015-11-14T15:16:04Z","Updated":"2015-11-14T15:16:04Z","IsDelete":false,"RequestChanged":false,"ExitsInGDT":false,"SourceID":0,"TinhThanhID":0,"TinhThanhTitle":"An Giang","TinhThanhTitleAscii":"/an-giang","QuanHuyenID":0,"NganhNgheTitle":"Hoạt động dịch vụ nông nghiệp","NganhNgheTitleAscii":"/nganh-nghe/hoat-dong-dich-vu-nong-nghiep","DSTags":["1600494585","An Giang",null]}]}