{"ID":8582,"SolrID":"/an-giang/thi-xa-tan-chau/xa-tan-an","Title":"Xã Tân An","TinhThanhTitle":"An Giang","QuanHuyenTitle":"Thị Xã Tân Châu","QuanHuyenID":215,"TinhThanhID":35,"Url":"https://thongtindoanhnghiep.co/api/company?l=/an-giang/thi-xa-tan-chau/xa-tan-an","Total":42,"List":[{"Type":11,"SolrID":"/1602138871-cong-ty-tnhh-du-hoc-du-lich-hoc-vien-quoc-te-au-my","ID":0,"MaSoThue":"1602138871","NgayCap":"2021-01-09T00:00:00Z","Title":"Công Ty TNHH Du Học - Du Lịch - Học Viện Quốc Tế Âu Mỹ","DiaChiCongTy":"Số 136, Đường Tỉnh Lộ 952, Xã Tân An, Thị xã Tân Châu, Tỉnh An Giang","Created":"2021-01-09T10:35:43Z","Updated":"2021-01-09T10:35:43Z","IsDelete":false,"RequestChanged":false,"ExitsInGDT":false,"SourceID":0,"TinhThanhID":0,"TinhThanhTitle":"An Giang","TinhThanhTitleAscii":"/an-giang","QuanHuyenID":0,"NganhNgheTitle":"Dịch vụ hỗ trợ giáo dục","NganhNgheTitleAscii":"/nganh-nghe/dich-vu-ho-tro-giao-duc","DSTags":["1602138871","An Giang",null]},{"Type":11,"SolrID":"/1602075607-cong-ty-tnhh-mot-thanh-vien-dang-thanh-huy","ID":0,"MaSoThue":"1602075607","NgayCap":"2018-06-30T00:00:00Z","Title":"Công Ty TNHH Một Thành Viên Đặng Thành Huy","DiaChiCongTy":"486, Ấp Tân Hòa C, Xã Tân An, Thị xã Tân Châu, Tỉnh An Giang","Created":"2018-06-30T12:05:32Z","Updated":"2018-06-30T12:05:32Z","IsDelete":false,"RequestChanged":false,"ExitsInGDT":false,"SourceID":0,"TinhThanhID":0,"TinhThanhTitle":"An Giang","TinhThanhTitleAscii":"/an-giang","QuanHuyenID":0,"NganhNgheTitle":"Bán buôn nhiên liệu rắn, lỏng, khí và các sản phẩm liên quan","NganhNgheTitleAscii":"/nganh-nghe/ban-buon-nhien-lieu-ran-long-khi-va-cac-san-pham-lien-quan","DSTags":["1602075607","An Giang",null]},{"Type":11,"SolrID":"/1602065398-cong-ty-tnhh-phat-minh-quan","ID":0,"MaSoThue":"1602065398","NgayCap":"2018-03-14T00:00:00Z","Title":"Công Ty TNHH Phát Minh Quân","DiaChiCongTy":"Số 348, Tổ 10, Ấp Tân Phú B, Xã Tân An, Thị xã Tân Châu, Tỉnh An Giang","Created":"2018-03-14T08:30:59Z","Updated":"2018-03-14T08:30:59Z","IsDelete":false,"RequestChanged":false,"ExitsInGDT":false,"SourceID":0,"TinhThanhID":0,"TinhThanhTitle":"An Giang","TinhThanhTitleAscii":"/an-giang","QuanHuyenID":0,"NganhNgheTitle":"Chuẩn bị mặt bằng","NganhNgheTitleAscii":"/nganh-nghe/chuan-bi-mat-bang","DSTags":["1602065398","An Giang",null]},{"Type":11,"SolrID":"/1602052198-cong-ty-tnhh-mot-thanh-vien-tan-an-tan-chau","ID":0,"MaSoThue":"1602052198","NgayCap":"2017-10-12T00:00:00Z","Title":"Công Ty TNHH Một Thành Viên Tân An Tân Châu","DiaChiCongTy":"Tổ 09, Ấp Tân Hòa B, Xã Tân An, Thị xã Tân Châu, Tỉnh An Giang","Created":"2017-10-12T07:38:24Z","Updated":"2017-10-12T07:38:24Z","IsDelete":false,"RequestChanged":false,"ExitsInGDT":false,"SourceID":0,"TinhThanhID":0,"TinhThanhTitle":"An Giang","TinhThanhTitleAscii":"/an-giang","QuanHuyenID":0,"NganhNgheTitle":"Xây dựng nhà các loại","NganhNgheTitleAscii":"/nganh-nghe/xay-dung-nha-cac-loai","DSTags":["1602052198","An Giang",null]},{"Type":11,"SolrID":"/1602024842-cong-ty-tnhh-van-tai-kha-thi","ID":0,"MaSoThue":"1602024842","NgayCap":"2016-11-25T00:00:00Z","Title":"Công Ty TNHH Vận Tải Khả Thi","DiaChiCongTy":"Tỉnh lộ 952, ấp Tân Hòa C - Xã Tân An - Thị xã Tân Châu - An Giang","Created":"2016-11-28T23:23:46Z","Updated":"2016-11-28T23:23:46Z","IsDelete":false,"RequestChanged":false,"ExitsInGDT":false,"SourceID":0,"TinhThanhID":0,"TinhThanhTitle":"An Giang","TinhThanhTitleAscii":"/an-giang","QuanHuyenID":0,"NganhNgheTitle":"Vận tải hàng hóa đường thuỷ nội địa","NganhNgheTitleAscii":"/nganh-nghe/van-tai-hang-hoa-duong-thuy-noi-dia","DSTags":["1602024842","An Giang",null]},{"Type":11,"SolrID":"/1601998465-cong-ty-tnhh-mot-thanh-vien-dong-huu-thanh","ID":0,"MaSoThue":"1601998465","NgayCap":"2016-01-14T00:00:00Z","Title":"Công Ty TNHH Một Thành Viên Đồng Hữu Thành","DiaChiCongTy":"ấp Tân Hậu B2 - Xã Tân An - Thị xã Tân Châu - An Giang","Created":"2016-01-15T13:36:32Z","Updated":"2016-01-15T13:36:32Z","IsDelete":false,"RequestChanged":false,"ExitsInGDT":false,"SourceID":0,"TinhThanhID":0,"TinhThanhTitle":"An Giang","TinhThanhTitleAscii":"/an-giang","QuanHuyenID":0,"NganhNgheTitle":"Hoạt động dịch vụ sau thu hoạch","NganhNgheTitleAscii":"/nganh-nghe/hoat-dong-dich-vu-sau-thu-hoach","DSTags":["1601998465","An Giang",null]},{"Type":11,"SolrID":"/1601975771-cong-ty-tnhh-nong-san-hoang-nhan","ID":0,"MaSoThue":"1601975771","NgayCap":"2015-06-18T00:00:00Z","Title":"Công Ty TNHH Nông Sản Hoàng Nhân","DiaChiCongTy":"Tổ 7, ấp Tân Hòa B - Xã Tân An - Thị xã Tân Châu - An Giang","Created":"2015-11-18T12:53:30Z","Updated":"2015-11-18T12:53:30Z","IsDelete":false,"RequestChanged":false,"ExitsInGDT":false,"SourceID":0,"TinhThanhID":0,"TinhThanhTitle":"An Giang","TinhThanhTitleAscii":"/an-giang","QuanHuyenID":0,"NganhNgheTitle":"Bán buôn nông, lâm sản nguyên liệu (trừ gỗ, tre, nứa) và động vật sống","NganhNgheTitleAscii":"/nganh-nghe/ban-buon-nong-lam-san-nguyen-lieu-tru-go-tre-nua-va-dong-vat-song","DSTags":["1601975771","An Giang",null]},{"Type":11,"SolrID":"/1601948947-cong-ty-tnhh-mot-thanh-vien-san-lap-an","ID":0,"MaSoThue":"1601948947","NgayCap":"2014-12-08T00:00:00Z","Title":"Công Ty TNHH Một Thành Viên San Lấp An","DiaChiCongTy":"ấp Tân Hòa B - Xã Tân An - Thị xã Tân Châu - An Giang","Created":"2015-11-12T04:20:15Z","Updated":"2015-11-12T04:20:15Z","IsDelete":false,"RequestChanged":false,"ExitsInGDT":false,"SourceID":0,"TinhThanhID":0,"TinhThanhTitle":"An Giang","TinhThanhTitleAscii":"/an-giang","QuanHuyenID":0,"NganhNgheTitle":"Bán buôn vật liệu, thiết bị lắp đặt khác trong xây dựng","NganhNgheTitleAscii":"/nganh-nghe/ban-buon-vat-lieu-thiet-bi-lap-dat-khac-trong-xay-dung","DSTags":["1601948947","An Giang",null]},{"Type":11,"SolrID":"/1601948584-doanh-nghiep-tn-dang-van-tuoi","ID":0,"MaSoThue":"1601948584","NgayCap":"2014-12-04T00:00:00Z","Title":"Doanh Nghiệp TN Đặng Văn Tươi","DiaChiCongTy":"ấp Tân Hòa C - Xã Tân An - Thị xã Tân Châu - An Giang","Created":"2015-11-11T21:04:45Z","Updated":"2015-11-11T21:04:45Z","IsDelete":false,"RequestChanged":false,"ExitsInGDT":false,"SourceID":0,"TinhThanhID":0,"TinhThanhTitle":"An Giang","TinhThanhTitleAscii":"/an-giang","QuanHuyenID":0,"NganhNgheTitle":"Hoạt động dịch vụ hỗ trợ kinh doanh khác còn lại chưa được phân vào đâu","NganhNgheTitleAscii":"/nganh-nghe/hoat-dong-dich-vu-ho-tro-kinh-doanh-khac-con-lai-chua-duoc-phan-vao-dau","DSTags":["1601948584","An Giang",null]},{"Type":11,"SolrID":"/1601947118-doanh-nghiep-tn-dinh-phuong-linh","ID":0,"MaSoThue":"1601947118","NgayCap":"2014-11-21T00:00:00Z","Title":"Doanh Nghiệp TN Đinh Phượng Linh","DiaChiCongTy":"ấp Tân Hòa C - Xã Tân An - Thị xã Tân Châu - An Giang","Created":"2015-11-11T09:04:11Z","Updated":"2015-11-11T09:04:11Z","IsDelete":false,"RequestChanged":false,"ExitsInGDT":false,"SourceID":0,"TinhThanhID":0,"TinhThanhTitle":"An Giang","TinhThanhTitleAscii":"/an-giang","QuanHuyenID":0,"NganhNgheTitle":"Hoạt động dịch vụ hỗ trợ kinh doanh khác còn lại chưa được phân vào đâu","NganhNgheTitleAscii":"/nganh-nghe/hoat-dong-dich-vu-ho-tro-kinh-doanh-khac-con-lai-chua-duoc-phan-vao-dau","DSTags":["1601947118","An Giang",null]},{"Type":11,"SolrID":"/0304339764-001-van-phong-dai-dien-cong-ty-tnhh-dich-vu-va-du-lich-mat-troi-cuoi","ID":0,"MaSoThue":"0304339764-001","NgayCap":"2014-06-04T00:00:00Z","Title":"Văn Phòng Đại Diện-Công Ty TNHH Dịch Vụ Và Du Lịch Mặt Trời Cười","DiaChiCongTy":"Số 133, Tổ 4, Tỉnh lộ 952, ấp Tân Phú B - Xã Tân An - Thị xã Tân Châu - An Giang","Created":"2015-11-11T13:44:41Z","Updated":"2015-11-11T13:44:41Z","IsDelete":false,"RequestChanged":false,"ExitsInGDT":false,"SourceID":0,"TinhThanhID":0,"TinhThanhTitle":"An Giang","TinhThanhTitleAscii":"/an-giang","QuanHuyenID":0,"NganhNgheTitle":"Dịch vụ hỗ trợ liên quan đến quảng bá và tổ chức tua du lịch","NganhNgheTitleAscii":"/nganh-nghe/dich-vu-ho-tro-lien-quan-den-quang-ba-va-to-chuc-tua-du-lich","DSTags":["0304339764-001","An Giang",null]},{"Type":11,"SolrID":"/1401955016-001-chi-nhanh-doanh-nghiep-tu-nhan-trai-bo-hong-ngu-trai-bo-hong-ngu-2","ID":0,"MaSoThue":"1401955016-001","NgayCap":"2013-12-31T00:00:00Z","Title":"Chi Nhánh Doanh Nghiệp Tư Nhân Trại Bò Hồng Ngự - Trại Bò Hồng Ngự 2","DiaChiCongTy":"Số 232, ấp Tân Hòa B - Xã Tân An - Thị xã Tân Châu - An Giang","Created":"2015-11-11T01:59:57Z","Updated":"2015-11-11T01:59:57Z","IsDelete":false,"RequestChanged":false,"ExitsInGDT":false,"SourceID":0,"TinhThanhID":0,"TinhThanhTitle":"An Giang","TinhThanhTitleAscii":"/an-giang","QuanHuyenID":0,"NganhNgheTitle":"Chăn nuôi trâu, bò","NganhNgheTitleAscii":"/nganh-nghe/chan-nuoi-trau-bo","DSTags":["1401955016-001","An Giang",null]},{"Type":11,"SolrID":"/1601885327-doanh-nghiep-tn-kim-tien-tan-an","ID":0,"MaSoThue":"1601885327","NgayCap":"2013-08-01T00:00:00Z","Title":"Doanh Nghiệp TN Kim Tiến Tân An","DiaChiCongTy":"Tổ 7, ấp Tân Phú B - Xã Tân An - Thị xã Tân Châu - An Giang","Created":"2015-11-16T14:01:57Z","Updated":"2015-11-16T14:01:57Z","IsDelete":false,"RequestChanged":false,"ExitsInGDT":false,"SourceID":0,"TinhThanhID":0,"TinhThanhTitle":"An Giang","TinhThanhTitleAscii":"/an-giang","QuanHuyenID":0,"NganhNgheTitle":"Bán buôn kim loại và quặng kim loại","NganhNgheTitleAscii":"/nganh-nghe/ban-buon-kim-loai-va-quang-kim-loai","DSTags":["1601885327","An Giang",null]},{"Type":11,"SolrID":"/1601883496-cong-ty-tnhh-mot-thanh-vien-sau-be-tan-an","ID":0,"MaSoThue":"1601883496","NgayCap":"2013-07-11T00:00:00Z","Title":"Công Ty TNHH Một Thành Viên Sáu Bé Tân An","DiaChiCongTy":"ấp Tân Phú B - Xã Tân An - Thị xã Tân Châu - An Giang","Created":"2015-11-11T20:17:24Z","Updated":"2015-11-11T20:17:24Z","IsDelete":false,"RequestChanged":false,"ExitsInGDT":false,"SourceID":0,"TinhThanhID":0,"TinhThanhTitle":"An Giang","TinhThanhTitleAscii":"/an-giang","QuanHuyenID":0,"NganhNgheTitle":"Bán buôn kim loại và quặng kim loại","NganhNgheTitleAscii":"/nganh-nghe/ban-buon-kim-loai-va-quang-kim-loai","DSTags":["1601883496","An Giang",null]},{"Type":11,"SolrID":"/1601882887-cong-ty-tnhh-mot-thanh-vien-thuan-tan-an","ID":0,"MaSoThue":"1601882887","NgayCap":"2013-07-05T00:00:00Z","Title":"Công Ty TNHH Một Thành Viên Thuấn Tân An","DiaChiCongTy":"Số 167, Tổ 5, ấp Tân Phú B - Xã Tân An - Thị xã Tân Châu - An Giang","Created":"2015-11-11T20:22:49Z","Updated":"2015-11-11T20:22:49Z","IsDelete":false,"RequestChanged":false,"ExitsInGDT":false,"SourceID":0,"TinhThanhID":0,"TinhThanhTitle":"An Giang","TinhThanhTitleAscii":"/an-giang","QuanHuyenID":0,"NganhNgheTitle":"Bán buôn kim loại và quặng kim loại","NganhNgheTitleAscii":"/nganh-nghe/ban-buon-kim-loai-va-quang-kim-loai","DSTags":["1601882887","An Giang",null]},{"Type":11,"SolrID":"/1601880865-cong-ty-tnhh-mot-thanh-vien-cao-nguyen-nga-phat","ID":0,"MaSoThue":"1601880865","NgayCap":"2013-06-19T00:00:00Z","Title":"Công Ty TNHH Một Thành Viên Cao Nguyễn Ngà Phát","DiaChiCongTy":"Tổ 1, ấp Tân Hòa B - Xã Tân An - Thị xã Tân Châu - An Giang","Created":"2015-11-09T21:30:38Z","Updated":"2015-11-09T21:30:38Z","IsDelete":false,"RequestChanged":false,"ExitsInGDT":false,"SourceID":0,"TinhThanhID":0,"TinhThanhTitle":"An Giang","TinhThanhTitleAscii":"/an-giang","QuanHuyenID":0,"NganhNgheTitle":"Xây dựng công trình đường sắt và đường bộ","NganhNgheTitleAscii":"/nganh-nghe/xay-dung-cong-trinh-duong-sat-va-duong-bo","DSTags":["1601880865","An Giang",null]},{"Type":11,"SolrID":"/1601838567-cong-ty-tnhh-mot-thanh-vien-lqt","ID":0,"MaSoThue":"1601838567","NgayCap":"2012-10-19T00:00:00Z","Title":"Công Ty TNHH Một Thành Viên Lqt","DiaChiCongTy":"Tỉnh lộ 952, ấp Tân Hòa C - Xã Tân An - Thị xã Tân Châu - An Giang","Created":"2015-11-12T03:24:12Z","Updated":"2015-11-12T03:24:12Z","IsDelete":false,"RequestChanged":false,"ExitsInGDT":false,"SourceID":0,"TinhThanhID":0,"TinhThanhTitle":"An Giang","TinhThanhTitleAscii":"/an-giang","QuanHuyenID":0,"NganhNgheTitle":"Bán buôn vật liệu, thiết bị lắp đặt khác trong xây dựng","NganhNgheTitleAscii":"/nganh-nghe/ban-buon-vat-lieu-thiet-bi-lap-dat-khac-trong-xay-dung","DSTags":["1601838567","An Giang",null]},{"Type":11,"SolrID":"/1601835478-doanh-nghiep-tn-thanh-xoan","ID":0,"MaSoThue":"1601835478","NgayCap":"2012-09-21T00:00:00Z","Title":"Doanh Nghiệp TN Thạnh Xoàn","DiaChiCongTy":"Tổ 7, ấp Tân Hoà B - Xã Tân An - Thị xã Tân Châu - An Giang","Created":"2015-11-16T23:45:03Z","Updated":"2015-11-16T23:45:03Z","IsDelete":false,"RequestChanged":false,"ExitsInGDT":false,"SourceID":0,"TinhThanhID":0,"TinhThanhTitle":"An Giang","TinhThanhTitleAscii":"/an-giang","QuanHuyenID":0,"NganhNgheTitle":"Bán buôn nông, lâm sản nguyên liệu (trừ gỗ, tre, nứa) và động vật sống","NganhNgheTitleAscii":"/nganh-nghe/ban-buon-nong-lam-san-nguyen-lieu-tru-go-tre-nua-va-dong-vat-song","DSTags":["1601835478","An Giang",null]},{"Type":11,"SolrID":"/1601705398-cong-ty-tnhh-thuong-mai-dich-vu-va-xay-dung-hiep-ngo","ID":0,"MaSoThue":"1601705398","NgayCap":"2012-04-05T00:00:00Z","Title":"Công Ty TNHH Thương Mại Dịch Vụ Và Xây Dựng Hiệp Ngô","DiaChiCongTy":"ấp Tân Hòa B - Xã Tân An - Thị xã Tân Châu - An Giang","Created":"2015-11-10T01:40:44Z","Updated":"2015-11-10T01:40:44Z","IsDelete":false,"RequestChanged":false,"ExitsInGDT":false,"SourceID":0,"TinhThanhID":0,"TinhThanhTitle":"An Giang","TinhThanhTitleAscii":"/an-giang","QuanHuyenID":0,"NganhNgheTitle":"Chuẩn bị mặt bằng","NganhNgheTitleAscii":"/nganh-nghe/chuan-bi-mat-bang","DSTags":["1601705398","An Giang",null]},{"Type":11,"SolrID":"/1601478184-doanh-nghiep-tn-nam-bot","ID":0,"MaSoThue":"1601478184","NgayCap":"2011-03-29T00:00:00Z","Title":"Doanh Nghiệp TN Năm Bớt","DiaChiCongTy":"Số 95, tổ 2, ấp Tân Hậu A2 - Xã Tân An - Thị xã Tân Châu - An Giang","Created":"2015-11-09T14:54:17Z","Updated":"2015-11-09T14:54:17Z","IsDelete":false,"RequestChanged":false,"ExitsInGDT":false,"SourceID":0,"TinhThanhID":0,"TinhThanhTitle":"An Giang","TinhThanhTitleAscii":"/an-giang","QuanHuyenID":0,"NganhNgheTitle":"Khai khoáng khác chưa được phân vào đâu","NganhNgheTitleAscii":"/nganh-nghe/khai-khoang-khac-chua-duoc-phan-vao-dau-10612","DSTags":["1601478184","An Giang",null]},{"Type":11,"SolrID":"/1601207434-cty-tnhh-mot-thanh-vien-rau-qua-song-mekong","ID":0,"MaSoThue":"1601207434","NgayCap":"2009-08-17T00:00:00Z","Title":"Cty TNHH Một Thành Viên Rau Quả Sông MEKONG","DiaChiCongTy":"232 ấp Tân Hoà B, xã Tân An - Thị xã Tân Châu - An Giang","Created":"2015-11-09T09:52:18Z","Updated":"2015-11-09T09:52:18Z","IsDelete":false,"RequestChanged":false,"ExitsInGDT":false,"SourceID":0,"TinhThanhID":0,"TinhThanhTitle":"An Giang","TinhThanhTitleAscii":"/an-giang","QuanHuyenID":0,"NganhNgheTitle":"Bán buôn chuyên doanh khác","NganhNgheTitleAscii":"/nganh-nghe/ban-buon-chuyen-doanh-khac","DSTags":["1601207434","An Giang",null]},{"Type":11,"SolrID":"/1601020524-cong-ty-cp-xuat-nhap-khau-trong-huu","ID":0,"MaSoThue":"1601020524","NgayCap":"2009-01-14T00:00:00Z","Title":"Công Ty CP Xuất Nhập Khẩu Trọng Hữu","DiaChiCongTy":"ấp Tân Phú B - Xã Tân An - Thị xã Tân Châu - An Giang","Created":"2015-11-09T02:45:17Z","Updated":"2015-11-09T02:45:17Z","IsDelete":false,"RequestChanged":false,"ExitsInGDT":false,"SourceID":0,"TinhThanhID":0,"TinhThanhTitle":"An Giang","TinhThanhTitleAscii":"/an-giang","QuanHuyenID":0,"NganhNgheTitle":"Chuẩn bị mặt bằng","NganhNgheTitleAscii":"/nganh-nghe/chuan-bi-mat-bang","DSTags":["1601020524","An Giang",null]},{"Type":11,"SolrID":"/1600480688-doanh-nghiep-tn-khanh-nhung","ID":0,"MaSoThue":"1600480688","NgayCap":"2008-11-03T00:00:00Z","Title":"Doanh Nghiệp TN Khánh Nhung","DiaChiCongTy":"ấp Tân Phú B - Xã Tân An - Thị xã Tân Châu - An Giang","Created":"2015-11-17T00:35:14Z","Updated":"2015-11-17T00:35:14Z","IsDelete":false,"RequestChanged":false,"ExitsInGDT":false,"SourceID":0,"TinhThanhID":0,"TinhThanhTitle":"An Giang","TinhThanhTitleAscii":"/an-giang","QuanHuyenID":0,"NganhNgheTitle":"Vận tải hàng hóa đường thuỷ nội địa","NganhNgheTitleAscii":"/nganh-nghe/van-tai-hang-hoa-duong-thuy-noi-dia","DSTags":["1600480688","An Giang",null]},{"Type":11,"SolrID":"/1600961078-cong-ty-tnhh-long-thinh","ID":0,"MaSoThue":"1600961078","NgayCap":"2008-05-13T00:00:00Z","Title":"Công Ty TNHH Long Thịnh","DiaChiCongTy":"ấp Tân Hậu A1 - Xã Tân An - Thị xã Tân Châu - An Giang","Created":"2015-11-11T12:44:49Z","Updated":"2015-11-11T12:44:49Z","IsDelete":false,"RequestChanged":false,"ExitsInGDT":false,"SourceID":0,"TinhThanhID":0,"TinhThanhTitle":"An Giang","TinhThanhTitleAscii":"/an-giang","QuanHuyenID":0,"NganhNgheTitle":"Xây dựng nhà các loại","NganhNgheTitleAscii":"/nganh-nghe/xay-dung-nha-cac-loai","DSTags":["1600961078","An Giang",null]},{"Type":11,"SolrID":"/1600945238-cong-ty-tnhh-mot-thanh-vien-thuong-mai-dich-vu-toan-nghia","ID":0,"MaSoThue":"1600945238","NgayCap":"2008-03-05T00:00:00Z","Title":"Công Ty TNHH Một Thành Viên Thương Mại Dịch Vụ Toàn Nghĩa","DiaChiCongTy":"Số 540, ấp Tân Hòa B - Xã Tân An - Thị xã Tân Châu - An Giang","Created":"2015-11-11T10:42:08Z","Updated":"2015-11-11T10:42:08Z","IsDelete":false,"RequestChanged":false,"ExitsInGDT":false,"SourceID":0,"TinhThanhID":0,"TinhThanhTitle":"An Giang","TinhThanhTitleAscii":"/an-giang","QuanHuyenID":0,"NganhNgheTitle":"Bán buôn nông, lâm sản nguyên liệu (trừ gỗ, tre, nứa) và động vật sống","NganhNgheTitleAscii":"/nganh-nghe/ban-buon-nong-lam-san-nguyen-lieu-tru-go-tre-nua-va-dong-vat-song","DSTags":["1600945238","An Giang",null]},{"Type":11,"SolrID":"/1600901689-dntn-chi-linh","ID":0,"MaSoThue":"1600901689","NgayCap":"2007-08-14T00:00:00Z","Title":"DNTN Chí Linh","DiaChiCongTy":"ấp Tân Hậu A1, xã Tân An - Thị xã Tân Châu - An Giang","Created":"2015-11-17T03:53:17Z","Updated":"2015-11-17T03:53:17Z","IsDelete":false,"RequestChanged":false,"ExitsInGDT":false,"SourceID":0,"TinhThanhID":0,"TinhThanhTitle":"An Giang","TinhThanhTitleAscii":"/an-giang","QuanHuyenID":0,"NganhNgheTitle":"Vận tải hàng hóa đường thuỷ nội địa","NganhNgheTitleAscii":"/nganh-nghe/van-tai-hang-hoa-duong-thuy-noi-dia","DSTags":["1600901689","An Giang",null]},{"Type":11,"SolrID":"/1600901061-dntn-cong-thien","ID":0,"MaSoThue":"1600901061","NgayCap":"2007-08-07T00:00:00Z","Title":"DNTN Công Thiện","DiaChiCongTy":"Tổ 5, ấp Tân Phú B, xã Tân An - Thị xã Tân Châu - An Giang","Created":"2015-11-17T03:53:56Z","Updated":"2015-11-17T03:53:56Z","IsDelete":false,"RequestChanged":false,"ExitsInGDT":false,"SourceID":0,"TinhThanhID":0,"TinhThanhTitle":"An Giang","TinhThanhTitleAscii":"/an-giang","QuanHuyenID":0,"NganhNgheTitle":"Xây dựng công trình kỹ thuật dân dụng","NganhNgheTitleAscii":"/nganh-nghe/xay-dung-cong-trinh-ky-thuat-dan-dung","DSTags":["1600901061","An Giang",null]},{"Type":11,"SolrID":"/1600892995-truong-trung-cap-nghe-tan-chau","ID":0,"MaSoThue":"1600892995","NgayCap":"2007-05-24T00:00:00Z","Title":"Trường Trung cấp nghề Tân Châu","DiaChiCongTy":"Tân Phú B - Xã Tân An - Thị xã Tân Châu - An Giang","Created":"2015-11-16T18:31:55Z","Updated":"2015-11-16T18:31:55Z","IsDelete":false,"RequestChanged":false,"ExitsInGDT":false,"SourceID":0,"TinhThanhID":0,"TinhThanhTitle":"An Giang","TinhThanhTitleAscii":"/an-giang","QuanHuyenID":0,"NganhNgheTitle":"Giáo dục nghề nghiệp","NganhNgheTitleAscii":"/nganh-nghe/giao-duc-nghe-nghiep","DSTags":["1600892995","An Giang",null]},{"Type":11,"SolrID":"/1600853548-truong-trung-hoc-pho-thong-nguyen-quang-dieu","ID":0,"MaSoThue":"1600853548","NgayCap":"2006-11-22T00:00:00Z","Title":"Trường Trung học Phổ thông Nguyễn Quang Diêu","DiaChiCongTy":"ấp Tân Phú B, xã Tân An - Thị xã Tân Châu - An Giang","Created":"2015-11-16T18:08:26Z","Updated":"2015-11-16T18:08:26Z","IsDelete":false,"RequestChanged":false,"ExitsInGDT":false,"SourceID":0,"TinhThanhID":0,"TinhThanhTitle":"An Giang","TinhThanhTitleAscii":"/an-giang","QuanHuyenID":0,"NganhNgheTitle":"Giáo dục trung học cơ sở và trung học phổ thông","NganhNgheTitleAscii":"/nganh-nghe/giao-duc-trung-hoc-co-so-va-trung-hoc-pho-thong","DSTags":["1600853548","An Giang",null]},{"Type":11,"SolrID":"/1600788017-doanh-nghiep-tn-dang-hoang-huy","ID":0,"MaSoThue":"1600788017","NgayCap":"2005-07-04T00:00:00Z","Title":"Doanh Nghiệp TN Đặng Hoàng Huy","DiaChiCongTy":"ấp Tân Hoà C - Xã Tân An - Thị xã Tân Châu - An Giang","Created":"2015-11-17T04:43:43Z","Updated":"2015-11-17T04:43:43Z","IsDelete":false,"RequestChanged":false,"ExitsInGDT":false,"SourceID":0,"TinhThanhID":0,"TinhThanhTitle":"An Giang","TinhThanhTitleAscii":"/an-giang","QuanHuyenID":0,"NganhNgheTitle":"Bán buôn nhiên liệu rắn, lỏng, khí và các sản phẩm liên quan","NganhNgheTitleAscii":"/nganh-nghe/ban-buon-nhien-lieu-ran-long-khi-va-cac-san-pham-lien-quan","DSTags":["1600788017","An Giang",null]},{"Type":11,"SolrID":"/1600780723-truong-mau-giao-tan-an","ID":0,"MaSoThue":"1600780723","NgayCap":"2005-05-26T00:00:00Z","Title":"Trường Mẫu giáo Tân An","DiaChiCongTy":"xã Tân An - Thị xã Tân Châu - An Giang","Created":"2015-11-16T16:51:37Z","Updated":"2015-11-16T16:51:37Z","IsDelete":false,"RequestChanged":false,"ExitsInGDT":false,"SourceID":0,"TinhThanhID":0,"TinhThanhTitle":"An Giang","TinhThanhTitleAscii":"/an-giang","QuanHuyenID":0,"NganhNgheTitle":"Giáo dục mầm non","NganhNgheTitleAscii":"/nganh-nghe/giao-duc-mam-non","DSTags":["1600780723","An Giang",null]},{"Type":11,"SolrID":"/1600776325-htx-nong-nghiep-tan-hau-a2","ID":0,"MaSoThue":"1600776325","NgayCap":"2005-04-07T00:00:00Z","Title":"HTX Nông nghiệp Tân Hậu A2","DiaChiCongTy":"Tổ 4 ấp A2, xã Tân An - Thị xã Tân Châu - An Giang","Created":"2015-11-16T16:44:52Z","Updated":"2015-11-16T16:44:52Z","IsDelete":false,"RequestChanged":false,"ExitsInGDT":false,"SourceID":0,"TinhThanhID":0,"TinhThanhTitle":"An Giang","TinhThanhTitleAscii":"/an-giang","QuanHuyenID":0,"NganhNgheTitle":"Hoạt động dịch vụ nông nghiệp","NganhNgheTitleAscii":"/nganh-nghe/hoat-dong-dich-vu-nong-nghiep","DSTags":["1600776325","An Giang",null]},{"Type":11,"SolrID":"/1600776318-truong-tieu-hoc-b-tan-an","ID":0,"MaSoThue":"1600776318","NgayCap":"2005-04-07T00:00:00Z","Title":"Trường Tiểu học B Tân An","DiaChiCongTy":"ấp Tân Hậu A1, xã Tân An - Thị xã Tân Châu - An Giang","Created":"2015-11-16T16:44:54Z","Updated":"2015-11-16T16:44:54Z","IsDelete":false,"RequestChanged":false,"ExitsInGDT":false,"SourceID":0,"TinhThanhID":0,"TinhThanhTitle":"An Giang","TinhThanhTitleAscii":"/an-giang","QuanHuyenID":0,"NganhNgheTitle":"Giáo dục tiểu học","NganhNgheTitleAscii":"/nganh-nghe/giao-duc-tieu-hoc","DSTags":["1600776318","An Giang",null]},{"Type":11,"SolrID":"/1600774134-truong-tieu-hoc-a-tan-an","ID":0,"MaSoThue":"1600774134","NgayCap":"2005-04-01T00:00:00Z","Title":"Trương Tiểu học A Tân An","DiaChiCongTy":"ấp Tân Phú B, xã Tân An - Thị xã Tân Châu - An Giang","Created":"2015-11-16T16:42:16Z","Updated":"2015-11-16T16:42:16Z","IsDelete":false,"RequestChanged":false,"ExitsInGDT":false,"SourceID":0,"TinhThanhID":0,"TinhThanhTitle":"An Giang","TinhThanhTitleAscii":"/an-giang","QuanHuyenID":0,"NganhNgheTitle":"Giáo dục tiểu học","NganhNgheTitleAscii":"/nganh-nghe/giao-duc-tieu-hoc","DSTags":["1600774134","An Giang",null]},{"Type":11,"SolrID":"/1600752902-truong-tieu-hoc-d-tan-an","ID":0,"MaSoThue":"1600752902","NgayCap":"2004-12-07T00:00:00Z","Title":"Trường Tiểu học D Tân An","DiaChiCongTy":"ấp Tân Phú C, xã Tân An - Thị xã Tân Châu - An Giang","Created":"2015-11-16T16:24:17Z","Updated":"2015-11-16T16:24:17Z","IsDelete":false,"RequestChanged":false,"ExitsInGDT":false,"SourceID":0,"TinhThanhID":0,"TinhThanhTitle":"An Giang","TinhThanhTitleAscii":"/an-giang","QuanHuyenID":0,"NganhNgheTitle":"Giáo dục tiểu học","NganhNgheTitleAscii":"/nganh-nghe/giao-duc-tieu-hoc","DSTags":["1600752902","An Giang",null]},{"Type":11,"SolrID":"/1600148754-doanh-nghiep-tn-tan-thanh-hung","ID":0,"MaSoThue":"1600148754","NgayCap":"2004-04-09T00:00:00Z","Title":"Doanh Nghiệp TN Tân Thành Hưng","DiaChiCongTy":"ấp Tân Hòa B - Xã Tân An - Thị xã Tân Châu - An Giang","Created":"2015-11-11T09:12:01Z","Updated":"2015-11-11T09:12:01Z","IsDelete":false,"RequestChanged":false,"ExitsInGDT":false,"SourceID":0,"TinhThanhID":0,"TinhThanhTitle":"An Giang","TinhThanhTitleAscii":"/an-giang","QuanHuyenID":0,"NganhNgheTitle":"Sản xuất, phân phối hơi nước, nước nóng, điều hoà không khí và sản xuất nước đá","NganhNgheTitleAscii":"/nganh-nghe/san-xuat-phan-phoi-hoi-nuoc-nuoc-nong-dieu-hoa-khong-khi-va-san-xuat-nuoc-da","DSTags":["1600148754","An Giang",null]},{"Type":11,"SolrID":"/1600676553-truong-trung-hoc-co-so-tan-an","ID":0,"MaSoThue":"1600676553","NgayCap":"2004-01-07T00:00:00Z","Title":"Trường Trung Học Cơ Sở Tân An","DiaChiCongTy":"xã Tân An - Thị xã Tân Châu - An Giang","Created":"2015-11-16T15:35:57Z","Updated":"2015-11-16T15:35:57Z","IsDelete":false,"RequestChanged":false,"ExitsInGDT":false,"SourceID":0,"TinhThanhID":0,"TinhThanhTitle":"An Giang","TinhThanhTitleAscii":"/an-giang","QuanHuyenID":0,"NganhNgheTitle":"Giáo dục trung học cơ sở và trung học phổ thông","NganhNgheTitleAscii":"/nganh-nghe/giao-duc-trung-hoc-co-so-va-trung-hoc-pho-thong","DSTags":["1600676553","An Giang",null]},{"Type":11,"SolrID":"/1600593321-cong-ty-tnhh-thanh-tam","ID":0,"MaSoThue":"1600593321","NgayCap":"2001-12-25T00:00:00Z","Title":"Công Ty TNHH Thanh Tâm","DiaChiCongTy":"ấp A1 - Xã Tân An - Thị xã Tân Châu - An Giang","Created":"2015-11-12T06:04:33Z","Updated":"2015-11-12T06:04:33Z","IsDelete":false,"RequestChanged":false,"ExitsInGDT":false,"SourceID":0,"TinhThanhID":0,"TinhThanhTitle":"An Giang","TinhThanhTitleAscii":"/an-giang","QuanHuyenID":0,"NganhNgheTitle":"Vận tải hàng hóa đường thuỷ nội địa","NganhNgheTitleAscii":"/nganh-nghe/van-tai-hang-hoa-duong-thuy-noi-dia","DSTags":["1600593321","An Giang",null]},{"Type":11,"SolrID":"/1600547572-cong-ty-tnhh-loi-tam","ID":0,"MaSoThue":"1600547572","NgayCap":"2000-12-19T00:00:00Z","Title":"Công Ty TNHH Lợi Tâm","DiaChiCongTy":"Ban Tự Quản A1 - Xã Tân An - Thị xã Tân Châu - An Giang","Created":"2015-11-12T06:15:20Z","Updated":"2015-11-12T06:15:20Z","IsDelete":false,"RequestChanged":false,"ExitsInGDT":false,"SourceID":0,"TinhThanhID":0,"TinhThanhTitle":"An Giang","TinhThanhTitleAscii":"/an-giang","QuanHuyenID":0,"NganhNgheTitle":"Khai khoáng khác chưa được phân vào đâu","NganhNgheTitleAscii":"/nganh-nghe/khai-khoang-khac-chua-duoc-phan-vao-dau-10612","DSTags":["1600547572","An Giang",null]},{"Type":11,"SolrID":"/1600494553-htx-nong-nghiep-tan-phu-a2","ID":0,"MaSoThue":"1600494553","NgayCap":"2000-05-10T00:00:00Z","Title":"HTX Nông Nghiệp Tân Phú A2","DiaChiCongTy":"Tổ 16 ấp Tân Phú A Xã Tân An - Thị xã Tân Châu - An Giang","Created":"2015-11-14T15:16:06Z","Updated":"2015-11-14T15:16:06Z","IsDelete":false,"RequestChanged":false,"ExitsInGDT":false,"SourceID":0,"TinhThanhID":0,"TinhThanhTitle":"An Giang","TinhThanhTitleAscii":"/an-giang","QuanHuyenID":0,"NganhNgheTitle":"Hoạt động dịch vụ nông nghiệp","NganhNgheTitleAscii":"/nganh-nghe/hoat-dong-dich-vu-nong-nghiep","DSTags":["1600494553","An Giang",null]},{"Type":11,"SolrID":"/1600374577-uy-ban-nhan-dan-xa-tan-an","ID":0,"MaSoThue":"1600374577","NgayCap":"1998-11-25T00:00:00Z","Title":"Uỷ Ban Nhân Dân Xã Tân An","DiaChiCongTy":"Xã Tân An - Thị xã Tân Châu - An Giang","Created":"2015-11-14T17:13:46Z","Updated":"2015-11-14T17:13:46Z","IsDelete":false,"RequestChanged":false,"ExitsInGDT":false,"SourceID":0,"TinhThanhID":0,"TinhThanhTitle":"An Giang","TinhThanhTitleAscii":"/an-giang","QuanHuyenID":0,"NganhNgheTitle":"Hoạt động quản lý nhà nước nói chung và kinh tế tổng hợp","NganhNgheTitleAscii":"/nganh-nghe/hoat-dong-quan-ly-nha-nuoc-noi-chung-va-kinh-te-tong-hop","DSTags":["1600374577","An Giang",null]},{"Type":11,"SolrID":"/1600150168-doanh-nghiep-tn-chi-tam","ID":0,"MaSoThue":"1600150168","NgayCap":"1998-09-15T00:00:00Z","Title":"Doanh Nghiệp TN Chí Tâm","DiaChiCongTy":"ấp Tân Hậu A1 - Xã Tân An - Thị xã Tân Châu - An Giang","Created":"2015-11-10T01:40:59Z","Updated":"2015-11-10T01:40:59Z","IsDelete":false,"RequestChanged":false,"ExitsInGDT":false,"SourceID":0,"TinhThanhID":0,"TinhThanhTitle":"An Giang","TinhThanhTitleAscii":"/an-giang","QuanHuyenID":0,"NganhNgheTitle":"Khai khoáng khác chưa được phân vào đâu","NganhNgheTitleAscii":"/nganh-nghe/khai-khoang-khac-chua-duoc-phan-vao-dau-10612","DSTags":["1600150168","An Giang",null]}]}