{"ID":5666,"SolrID":"/an-giang/thi-xa-tan-chau/xa-vinh-xuong","Title":"Xã Vĩnh Xương","TinhThanhTitle":"An Giang","QuanHuyenTitle":"Thị Xã Tân Châu","QuanHuyenID":215,"TinhThanhID":35,"Url":"https://thongtindoanhnghiep.co/api/company?l=/an-giang/thi-xa-tan-chau/xa-vinh-xuong","Total":92,"List":[{"Type":11,"SolrID":"/1602147178-cong-ty-tnhh-vat-lieu-xay-dung-mai-thanh-hong","ID":0,"MaSoThue":"1602147178","NgayCap":"2021-05-14T00:00:00Z","Title":"Công Ty TNHH Vật Liệu Xây Dựng Mai Thanh Hồng","DiaChiCongTy":"Số 217, Ấp 4, Xã Vĩnh Xương, Thị xã Tân Châu, Tỉnh An Giang","Created":"2021-05-14T15:13:47Z","Updated":"2021-05-14T15:13:47Z","IsDelete":false,"RequestChanged":false,"ExitsInGDT":false,"SourceID":0,"TinhThanhID":0,"TinhThanhTitle":"An Giang","TinhThanhTitleAscii":"/an-giang","QuanHuyenID":0,"NganhNgheTitle":"Bán buôn vật liệu, thiết bị lắp đặt khác trong xây dựng","NganhNgheTitleAscii":"/nganh-nghe/ban-buon-vat-lieu-thiet-bi-lap-dat-khac-trong-xay-dung","DSTags":["1602147178","An Giang",null]},{"Type":11,"SolrID":"/1602146512-cong-ty-tnhh-thuong-mai-xuat-nhap-khau-luong-thuc-nong-san-bao-toan","ID":0,"MaSoThue":"1602146512","NgayCap":"2021-04-27T00:00:00Z","Title":"Công Ty TNHH Thương Mại Xuất Nhập Khẩu Lương Thực Nông Sản Bảo Toàn","DiaChiCongTy":"Ấp 5, Xã Vĩnh Xương, Thị xã Tân Châu, Tỉnh An Giang","Created":"2021-04-27T14:42:41Z","Updated":"2021-04-27T14:42:41Z","IsDelete":false,"RequestChanged":false,"ExitsInGDT":false,"SourceID":0,"TinhThanhID":0,"TinhThanhTitle":"An Giang","TinhThanhTitleAscii":"/an-giang","QuanHuyenID":0,"NganhNgheTitle":"Bán buôn gạo","NganhNgheTitleAscii":"/nganh-nghe/ban-buon-gao","DSTags":["1602146512","An Giang",null]},{"Type":11,"SolrID":"/1602144868-cong-ty-tnhh-tm-xd-hung-thinh-phat","ID":0,"MaSoThue":"1602144868","NgayCap":"2021-03-31T00:00:00Z","Title":"Công Ty TNHH Tm Xd Hưng Thịnh Phát","DiaChiCongTy":"Tổ 4 , ấp 4, Xã Vĩnh Xương, Thị xã Tân Châu, Tỉnh An Giang","Created":"2021-03-31T10:41:17Z","Updated":"2021-03-31T10:41:17Z","IsDelete":false,"RequestChanged":false,"ExitsInGDT":false,"SourceID":0,"TinhThanhID":0,"TinhThanhTitle":"An Giang","TinhThanhTitleAscii":"/an-giang","QuanHuyenID":0,"NganhNgheTitle":"Bán buôn vật liệu, thiết bị lắp đặt khác trong xây dựng","NganhNgheTitleAscii":"/nganh-nghe/ban-buon-vat-lieu-thiet-bi-lap-dat-khac-trong-xay-dung","DSTags":["1602144868","An Giang",null]},{"Type":11,"SolrID":"/1602141440-cong-ty-tnhh-hao-hiep-thuan","ID":0,"MaSoThue":"1602141440","NgayCap":"2021-02-18T00:00:00Z","Title":"Công Ty TNHH Hảo Hiệp Thuận","DiaChiCongTy":"Ấp 2, Xã Vĩnh Xương, Thị xã Tân Châu, Tỉnh An Giang","Created":"2021-02-18T15:36:23Z","Updated":"2021-02-18T15:36:23Z","IsDelete":false,"RequestChanged":false,"ExitsInGDT":false,"SourceID":0,"TinhThanhID":0,"TinhThanhTitle":"An Giang","TinhThanhTitleAscii":"/an-giang","QuanHuyenID":0,"NganhNgheTitle":"Bán buôn vật liệu, thiết bị lắp đặt khác trong xây dựng","NganhNgheTitleAscii":"/nganh-nghe/ban-buon-vat-lieu-thiet-bi-lap-dat-khac-trong-xay-dung","DSTags":["1602141440","An Giang",null]},{"Type":11,"SolrID":"/1602140133-cong-ty-tnhh-thuong-mai-dich-vu-xuat-nhap-khau-tran-van-luan","ID":0,"MaSoThue":"1602140133","NgayCap":"2021-02-01T00:00:00Z","Title":"Công Ty TNHH Thương Mại Dịch Vụ Xuất Nhập Khẩu Trần Văn Luận","DiaChiCongTy":"Ấp 4, Xã Vĩnh Xương, Thị xã Tân Châu, Tỉnh An Giang","Created":"2021-02-01T17:36:07Z","Updated":"2021-02-01T17:36:07Z","IsDelete":false,"RequestChanged":false,"ExitsInGDT":false,"SourceID":0,"TinhThanhID":0,"TinhThanhTitle":"An Giang","TinhThanhTitleAscii":"/an-giang","QuanHuyenID":0,"NganhNgheTitle":"Bán buôn nông, lâm sản nguyên liệu (trừ gỗ, tre, nứa) và động vật sống","NganhNgheTitleAscii":"/nganh-nghe/ban-buon-nong-lam-san-nguyen-lieu-tru-go-tre-nua-va-dong-vat-song","DSTags":["1602140133","An Giang",null]},{"Type":11,"SolrID":"/1602138656-cong-ty-tnhh-nhut-truong-phat","ID":0,"MaSoThue":"1602138656","NgayCap":"2021-01-07T00:00:00Z","Title":"Công Ty TNHH Nhựt Trường Phát","DiaChiCongTy":"ấp 4, Xã Vĩnh Xương, Thị xã Tân Châu, Tỉnh An Giang","Created":"2021-01-07T14:36:55Z","Updated":"2021-01-07T14:36:55Z","IsDelete":false,"RequestChanged":false,"ExitsInGDT":false,"SourceID":0,"TinhThanhID":0,"TinhThanhTitle":"An Giang","TinhThanhTitleAscii":"/an-giang","QuanHuyenID":0,"NganhNgheTitle":"Bán buôn vật liệu, thiết bị lắp đặt khác trong xây dựng","NganhNgheTitleAscii":"/nganh-nghe/ban-buon-vat-lieu-thiet-bi-lap-dat-khac-trong-xay-dung","DSTags":["1602138656","An Giang",null]},{"Type":11,"SolrID":"/1602071666-cong-ty-tnhh-thuong-mai-dich-vu-xuat-nhap-khau-thanh-vinh","ID":0,"MaSoThue":"1602071666","NgayCap":"2018-05-11T00:00:00Z","Title":"Công Ty TNHH Thương Mại Dịch Vụ Xuất Nhập Khẩu Thanh Vĩnh","DiaChiCongTy":"Ấp 2, Xã Vĩnh Xương, Thị xã Tân Châu, Tỉnh An Giang","Created":"2018-05-11T09:35:42Z","Updated":"2018-05-11T09:35:42Z","IsDelete":false,"RequestChanged":false,"ExitsInGDT":false,"SourceID":0,"TinhThanhID":0,"TinhThanhTitle":"An Giang","TinhThanhTitleAscii":"/an-giang","QuanHuyenID":0,"NganhNgheTitle":"Bán buôn tổng hợp","NganhNgheTitleAscii":"/nganh-nghe/ban-buon-tong-hop","DSTags":["1602071666","An Giang",null]},{"Type":11,"SolrID":"/1602067807-cong-ty-tnhh-thuong-mai-dich-vu-xay-dung-an-loc-phat-tan-chau","ID":0,"MaSoThue":"1602067807","NgayCap":"2018-03-30T00:00:00Z","Title":"Công Ty TNHH Thương Mại Dịch Vụ Xây Dựng An Lộc Phát Tân Châu","DiaChiCongTy":"ấp 2, Xã Vĩnh Xương, Thị xã Tân Châu, Tỉnh An Giang","Created":"2018-03-30T10:34:36Z","Updated":"2018-03-30T10:34:36Z","IsDelete":false,"RequestChanged":false,"ExitsInGDT":false,"SourceID":0,"TinhThanhID":0,"TinhThanhTitle":"An Giang","TinhThanhTitleAscii":"/an-giang","QuanHuyenID":0,"NganhNgheTitle":"Bán buôn vật liệu, thiết bị lắp đặt khác trong xây dựng","NganhNgheTitleAscii":"/nganh-nghe/ban-buon-vat-lieu-thiet-bi-lap-dat-khac-trong-xay-dung","DSTags":["1602067807","An Giang",null]},{"Type":11,"SolrID":"/0313864248-001-chi-nhanh-tai-an-giang-cong-ty-co-phan-dau-tu-xuat-nhap-khau-hoang-kim-kho-hang","ID":0,"MaSoThue":"0313864248-001","NgayCap":"2018-01-12T00:00:00Z","Title":"Chi Nhánh Tại An Giang Công Ty Cổ Phần Đầu Tư - Xuất Nhập Khẩu Hoàng Kim - Kho Hàng","DiaChiCongTy":"Bên bờ phải Sông Tiền, Xã Vĩnh Xương, Thị xã Tân Châu, Tỉnh An Giang","Created":"2018-06-15T13:57:12Z","Updated":"2018-06-15T13:57:12Z","IsDelete":false,"RequestChanged":false,"ExitsInGDT":false,"SourceID":0,"TinhThanhID":0,"TinhThanhTitle":"An Giang","TinhThanhTitleAscii":"/an-giang","QuanHuyenID":0,"NganhNgheTitle":"Bán buôn vật liệu, thiết bị lắp đặt khác trong xây dựng","NganhNgheTitleAscii":"/nganh-nghe/ban-buon-vat-lieu-thiet-bi-lap-dat-khac-trong-xay-dung","DSTags":["0313864248-001","An Giang",null]},{"Type":11,"SolrID":"/1602059965-cong-ty-tnhh-mot-thanh-vien-vat-lieu-xay-dung-nhat-nghe","ID":0,"MaSoThue":"1602059965","NgayCap":"2017-12-27T00:00:00Z","Title":"Công Ty TNHH Một Thành Viên Vật Liệu Xây Dựng Nhất Nghệ","DiaChiCongTy":"Tổ 04, Ấp 4, Xã Vĩnh Xương, Thị xã Tân Châu, Tỉnh An Giang","Created":"2017-12-27T09:11:32Z","Updated":"2017-12-27T09:11:32Z","IsDelete":false,"RequestChanged":false,"ExitsInGDT":false,"SourceID":0,"TinhThanhID":0,"TinhThanhTitle":"An Giang","TinhThanhTitleAscii":"/an-giang","QuanHuyenID":0,"NganhNgheTitle":"Bán buôn vật liệu, thiết bị lắp đặt khác trong xây dựng","NganhNgheTitleAscii":"/nganh-nghe/ban-buon-vat-lieu-thiet-bi-lap-dat-khac-trong-xay-dung","DSTags":["1602059965","An Giang",null]},{"Type":11,"SolrID":"/1602056185-cong-ty-tnhh-xay-lap-va-vat-lieu-xay-dung-vinh-xuong","ID":0,"MaSoThue":"1602056185","NgayCap":"2017-11-29T00:00:00Z","Title":"Công Ty TNHH Xây Lắp Và Vật Liệu Xây Dựng Vĩnh Xương","DiaChiCongTy":"Ấp 3, Xã Vĩnh Xương, Thị xã Tân Châu, Tỉnh An Giang","Created":"2017-11-30T03:53:43Z","Updated":"2017-11-30T03:53:43Z","IsDelete":false,"RequestChanged":false,"ExitsInGDT":false,"SourceID":0,"TinhThanhID":0,"TinhThanhTitle":"An Giang","TinhThanhTitleAscii":"/an-giang","QuanHuyenID":0,"NganhNgheTitle":"Xây dựng nhà các loại","NganhNgheTitleAscii":"/nganh-nghe/xay-dung-nha-cac-loai","DSTags":["1602056185","An Giang",null]},{"Type":11,"SolrID":"/1602055618-cong-ty-tnhh-mot-thanh-vien-duc-hoa-phat-tai","ID":0,"MaSoThue":"1602055618","NgayCap":"2017-11-23T00:00:00Z","Title":"Công Ty TNHH Một Thành Viên Đức Hòa Phát Tài","DiaChiCongTy":"Ấp 2, Xã Vĩnh Xương, Thị xã Tân Châu, Tỉnh An Giang","Created":"2017-11-23T07:41:14Z","Updated":"2017-11-23T07:41:14Z","IsDelete":false,"RequestChanged":false,"ExitsInGDT":false,"SourceID":0,"TinhThanhID":0,"TinhThanhTitle":"An Giang","TinhThanhTitleAscii":"/an-giang","QuanHuyenID":0,"NganhNgheTitle":"Bán buôn vật liệu, thiết bị lắp đặt khác trong xây dựng","NganhNgheTitleAscii":"/nganh-nghe/ban-buon-vat-lieu-thiet-bi-lap-dat-khac-trong-xay-dung","DSTags":["1602055618","An Giang",null]},{"Type":11,"SolrID":"/1602053681-cong-ty-tnhh-thuong-mai-dich-vu-xay-dung-cat-viet","ID":0,"MaSoThue":"1602053681","NgayCap":"2017-11-01T00:00:00Z","Title":"Công Ty TNHH Thương Mại Dịch Vụ Xây Dựng Cát Việt","DiaChiCongTy":"Số 113, Ấp 3, Xã Vĩnh Xương, Thị xã Tân Châu, Tỉnh An Giang","Created":"2017-11-01T13:41:00Z","Updated":"2017-11-01T13:41:00Z","IsDelete":false,"RequestChanged":false,"ExitsInGDT":false,"SourceID":0,"TinhThanhID":0,"TinhThanhTitle":"An Giang","TinhThanhTitleAscii":"/an-giang","QuanHuyenID":0,"NganhNgheTitle":"Xây dựng nhà các loại","NganhNgheTitleAscii":"/nganh-nghe/xay-dung-nha-cac-loai","DSTags":["1602053681","An Giang",null]},{"Type":11,"SolrID":"/1602049702-cong-ty-tnhh-thuong-mai-xay-dung-khai-thac-khoang-san-688","ID":0,"MaSoThue":"1602049702","NgayCap":"2017-09-11T00:00:00Z","Title":"Công Ty TNHH Thương Mại Xây Dựng Khai Thác Khoáng Sản 688","DiaChiCongTy":"Ấp 4, Xã Vĩnh Xương, Thị xã Tân Châu, Tỉnh An Giang","Created":"2017-09-11T17:23:30Z","Updated":"2017-09-11T17:23:30Z","IsDelete":false,"RequestChanged":false,"ExitsInGDT":false,"SourceID":0,"TinhThanhID":0,"TinhThanhTitle":"An Giang","TinhThanhTitleAscii":"/an-giang","QuanHuyenID":0,"NganhNgheTitle":"Chuẩn bị mặt bằng","NganhNgheTitleAscii":"/nganh-nghe/chuan-bi-mat-bang","DSTags":["1602049702","An Giang",null]},{"Type":11,"SolrID":"/1602049237-cong-ty-tnhh-mot-thanh-vien-may-minh-minh","ID":0,"MaSoThue":"1602049237","NgayCap":"2017-09-06T00:00:00Z","Title":"Công Ty TNHH Một Thành Viên May Minh Minh","DiaChiCongTy":"Ấp 2, Xã Vĩnh Xương, Thị xã Tân Châu, Tỉnh An Giang","Created":"2017-09-06T13:44:21Z","Updated":"2017-09-06T13:44:21Z","IsDelete":false,"RequestChanged":false,"ExitsInGDT":false,"SourceID":0,"TinhThanhID":0,"TinhThanhTitle":"An Giang","TinhThanhTitleAscii":"/an-giang","QuanHuyenID":0,"NganhNgheTitle":"Sản xuất hàng may sẵn (trừ trang phục)","NganhNgheTitleAscii":"/nganh-nghe/san-xuat-hang-may-san-tru-trang-phuc","DSTags":["1602049237","An Giang",null]},{"Type":11,"SolrID":"/1602049244-cong-ty-tnhh-mot-thanh-vien-vat-lieu-xay-dung-nguyen-thich","ID":0,"MaSoThue":"1602049244","NgayCap":"2017-09-06T00:00:00Z","Title":"Công Ty TNHH Một Thành Viên Vật Liệu Xây Dựng Nguyễn Thích","DiaChiCongTy":"Tổ 2, Ấp 1, Xã Vĩnh Xương, Thị xã Tân Châu, Tỉnh An Giang","Created":"2017-09-06T13:44:26Z","Updated":"2017-09-06T13:44:26Z","IsDelete":false,"RequestChanged":false,"ExitsInGDT":false,"SourceID":0,"TinhThanhID":0,"TinhThanhTitle":"An Giang","TinhThanhTitleAscii":"/an-giang","QuanHuyenID":0,"NganhNgheTitle":"Bán buôn vật liệu, thiết bị lắp đặt khác trong xây dựng","NganhNgheTitleAscii":"/nganh-nghe/ban-buon-vat-lieu-thiet-bi-lap-dat-khac-trong-xay-dung","DSTags":["1602049244","An Giang",null]},{"Type":11,"SolrID":"/1602048850-cong-ty-tnhh-vien-thong-truong-linh","ID":0,"MaSoThue":"1602048850","NgayCap":"2017-08-30T00:00:00Z","Title":"Công Ty TNHH Viễn Thông Trương Linh","DiaChiCongTy":"Ấp 1, Xã Vĩnh Xương, Thị xã Tân Châu, Tỉnh An Giang","Created":"2017-08-30T12:41:09Z","Updated":"2017-08-30T12:41:09Z","IsDelete":false,"RequestChanged":false,"ExitsInGDT":false,"SourceID":0,"TinhThanhID":0,"TinhThanhTitle":"An Giang","TinhThanhTitleAscii":"/an-giang","QuanHuyenID":0,"NganhNgheTitle":"Bán buôn thiết bị và linh kiện điện tử, viễn thông","NganhNgheTitleAscii":"/nganh-nghe/ban-buon-thiet-bi-va-linh-kien-dien-tu-vien-thong","DSTags":["1602048850","An Giang",null]},{"Type":11,"SolrID":"/1602048875-cong-ty-tnhh-tm-hong-nhien","ID":0,"MaSoThue":"1602048875","NgayCap":"2017-08-30T00:00:00Z","Title":"Công Ty TNHH Tm Hồng Nhiên","DiaChiCongTy":"Ấp 3, Xã Vĩnh Xương, Thị xã Tân Châu, Tỉnh An Giang","Created":"2017-08-30T13:11:08Z","Updated":"2017-08-30T13:11:08Z","IsDelete":false,"RequestChanged":false,"ExitsInGDT":false,"SourceID":0,"TinhThanhID":0,"TinhThanhTitle":"An Giang","TinhThanhTitleAscii":"/an-giang","QuanHuyenID":0,"NganhNgheTitle":"Bán buôn vật liệu, thiết bị lắp đặt khác trong xây dựng","NganhNgheTitleAscii":"/nganh-nghe/ban-buon-vat-lieu-thiet-bi-lap-dat-khac-trong-xay-dung","DSTags":["1602048875","An Giang",null]},{"Type":11,"SolrID":"/1602047776-cong-ty-tnhh-cat-phuc-an","ID":0,"MaSoThue":"1602047776","NgayCap":"2017-08-18T00:00:00Z","Title":"Công Ty TNHH Cát Phúc An","DiaChiCongTy":"Tổ 14, Ấp 1, Xã Vĩnh Xương, Thị xã Tân Châu, Tỉnh An Giang","Created":"2017-08-18T13:54:06Z","Updated":"2017-08-18T13:54:06Z","IsDelete":false,"RequestChanged":false,"ExitsInGDT":false,"SourceID":0,"TinhThanhID":0,"TinhThanhTitle":"An Giang","TinhThanhTitleAscii":"/an-giang","QuanHuyenID":0,"NganhNgheTitle":"Bán buôn vật liệu, thiết bị lắp đặt khác trong xây dựng","NganhNgheTitleAscii":"/nganh-nghe/ban-buon-vat-lieu-thiet-bi-lap-dat-khac-trong-xay-dung","DSTags":["1602047776","An Giang",null]},{"Type":11,"SolrID":"/1602043845-cong-ty-tnhh-xuat-nhap-khau-alpha-thuy-si","ID":0,"MaSoThue":"1602043845","NgayCap":"2017-06-27T00:00:00Z","Title":"Công Ty TNHH Xuất Nhập Khẩu Alpha Thụy Sĩ","DiaChiCongTy":"Ấp II, Xã Vĩnh Xương, Thị xã Tân Châu, Tỉnh An Giang","Created":"2017-06-27T11:35:01Z","Updated":"2017-06-27T11:35:01Z","IsDelete":false,"RequestChanged":false,"ExitsInGDT":false,"SourceID":0,"TinhThanhID":0,"TinhThanhTitle":"An Giang","TinhThanhTitleAscii":"/an-giang","QuanHuyenID":0,"NganhNgheTitle":"Bán buôn chuyên doanh khác chưa được phân vào đâu","NganhNgheTitleAscii":"/nganh-nghe/ban-buon-chuyen-doanh-khac-chua-duoc-phan-vao-dau","DSTags":["1602043845","An Giang",null]},{"Type":11,"SolrID":"/1602043852-cong-ty-tnhh-mot-thanh-vien-xay-dung-thuong-mai-dich-vu-kim-phuong","ID":0,"MaSoThue":"1602043852","NgayCap":"2017-06-27T00:00:00Z","Title":"Công Ty TNHH Một Thành Viên Xây Dựng Thương Mại Dịch Vụ Kim Phương","DiaChiCongTy":"Ấp 2, Xã Vĩnh Xương, Thị xã Tân Châu, Tỉnh An Giang","Created":"2017-06-27T11:37:57Z","Updated":"2017-06-27T11:37:57Z","IsDelete":false,"RequestChanged":false,"ExitsInGDT":false,"SourceID":0,"TinhThanhID":0,"TinhThanhTitle":"An Giang","TinhThanhTitleAscii":"/an-giang","QuanHuyenID":0,"NganhNgheTitle":"Xây dựng nhà các loại","NganhNgheTitleAscii":"/nganh-nghe/xay-dung-nha-cac-loai","DSTags":["1602043852","An Giang",null]},{"Type":11,"SolrID":"/1602043443-cong-ty-tnhh-vat-lieu-xay-dung-mat-troi","ID":0,"MaSoThue":"1602043443","NgayCap":"2017-06-22T00:00:00Z","Title":"Công Ty TNHH Vật Liệu Xây Dựng Mặt Trời","DiaChiCongTy":"Tổ 2, Ấp 4, Xã Vĩnh Xương, Thị xã Tân Châu, Tỉnh An Giang","Created":"2017-06-22T08:08:15Z","Updated":"2017-06-22T08:08:15Z","IsDelete":false,"RequestChanged":false,"ExitsInGDT":false,"SourceID":0,"TinhThanhID":0,"TinhThanhTitle":"An Giang","TinhThanhTitleAscii":"/an-giang","QuanHuyenID":0,"NganhNgheTitle":"Bán buôn vật liệu, thiết bị lắp đặt khác trong xây dựng","NganhNgheTitleAscii":"/nganh-nghe/ban-buon-vat-lieu-thiet-bi-lap-dat-khac-trong-xay-dung","DSTags":["1602043443","An Giang",null]},{"Type":11,"SolrID":"/1602042513-cong-ty-tnhh-mot-thanh-vien-quoc-vui-tan-chau","ID":0,"MaSoThue":"1602042513","NgayCap":"2017-06-14T00:00:00Z","Title":"Công Ty TNHH Một Thành Viên Quốc Vui Tân Châu","DiaChiCongTy":"Ấp 1, Xã Vĩnh Xương, Thị xã Tân Châu, Tỉnh An Giang","Created":"2017-06-14T10:02:04Z","Updated":"2017-06-14T10:02:04Z","IsDelete":false,"RequestChanged":false,"ExitsInGDT":false,"SourceID":0,"TinhThanhID":0,"TinhThanhTitle":"An Giang","TinhThanhTitleAscii":"/an-giang","QuanHuyenID":0,"DSTags":["1602042513","An Giang",null]},{"Type":11,"SolrID":"/1602040555-cong-ty-tnhh-thanh-nhan-tan-chau","ID":0,"MaSoThue":"1602040555","NgayCap":"2017-05-17T00:00:00Z","Title":"Công Ty TNHH Thanh Nhàn Tân Châu","DiaChiCongTy":"Ấp 1, Xã Vĩnh Xương, Thị xã Tân Châu, Tỉnh An Giang","Created":"2017-05-17T17:13:51Z","Updated":"2017-05-17T17:13:51Z","IsDelete":false,"RequestChanged":false,"ExitsInGDT":false,"SourceID":0,"TinhThanhID":0,"TinhThanhTitle":"An Giang","TinhThanhTitleAscii":"/an-giang","QuanHuyenID":0,"NganhNgheTitle":"Bán buôn vật liệu, thiết bị lắp đặt khác trong xây dựng","NganhNgheTitleAscii":"/nganh-nghe/ban-buon-vat-lieu-thiet-bi-lap-dat-khac-trong-xay-dung","DSTags":["1602040555","An Giang",null]},{"Type":11,"SolrID":"/1602028477-cong-ty-tnhh-long-phat-tan-chau","ID":0,"MaSoThue":"1602028477","NgayCap":"2016-12-22T00:00:00Z","Title":"Công Ty TNHH Long Phát Tân Châu","DiaChiCongTy":"Ấp 1, Xã Vĩnh Xương, Thị xã Tân Châu, Tỉnh An Giang","Created":"2016-12-22T07:43:29Z","Updated":"2016-12-22T07:43:29Z","IsDelete":false,"RequestChanged":false,"ExitsInGDT":false,"SourceID":0,"TinhThanhID":0,"TinhThanhTitle":"An Giang","TinhThanhTitleAscii":"/an-giang","QuanHuyenID":0,"NganhNgheTitle":"Hoạt động dịch vụ hỗ trợ trực tiếp cho vận tải đường sắt và đường bộ","NganhNgheTitleAscii":"/nganh-nghe/hoat-dong-dich-vu-ho-tro-truc-tiep-cho-van-tai-duong-sat-va-duong-bo","DSTags":["1602028477","An Giang",null]},{"Type":11,"SolrID":"/1602024994-cong-ty-tnhh-mot-thanh-vien-vo-thai-phien","ID":0,"MaSoThue":"1602024994","NgayCap":"2016-11-28T00:00:00Z","Title":"Công Ty TNHH Một Thành Viên Võ Thái Phiên","DiaChiCongTy":"Ấp 1, Xã Vĩnh Xương, Thị xã Tân Châu, Tỉnh An Giang","Created":"2016-12-05T02:15:29Z","Updated":"2016-12-05T02:15:29Z","IsDelete":false,"RequestChanged":false,"ExitsInGDT":false,"SourceID":0,"TinhThanhID":0,"TinhThanhTitle":"An Giang","TinhThanhTitleAscii":"/an-giang","QuanHuyenID":0,"NganhNgheTitle":"Bán buôn vật liệu, thiết bị lắp đặt khác trong xây dựng","NganhNgheTitleAscii":"/nganh-nghe/ban-buon-vat-lieu-thiet-bi-lap-dat-khac-trong-xay-dung","DSTags":["1602024994","An Giang",null]},{"Type":11,"SolrID":"/1602024264-cong-ty-tnhh-mot-thanh-vien-vat-lieu-xay-dung-sang-vang","ID":0,"MaSoThue":"1602024264","NgayCap":"2016-11-18T00:00:00Z","Title":"Công Ty TNHH Một Thành Viên Vật Liệu Xây Dựng Sáng Vàng","DiaChiCongTy":"Tổ 14, ấp 3 - Xã Vĩnh Xương - Thị xã Tân Châu - An Giang","Created":"2016-11-23T10:13:27Z","Updated":"2016-11-23T10:13:27Z","IsDelete":false,"RequestChanged":false,"ExitsInGDT":false,"SourceID":0,"TinhThanhID":0,"TinhThanhTitle":"An Giang","TinhThanhTitleAscii":"/an-giang","QuanHuyenID":0,"NganhNgheTitle":"Bán buôn vật liệu, thiết bị lắp đặt khác trong xây dựng","NganhNgheTitleAscii":"/nganh-nghe/ban-buon-vat-lieu-thiet-bi-lap-dat-khac-trong-xay-dung","DSTags":["1602024264","An Giang",null]},{"Type":11,"SolrID":"/1602023616-cong-ty-tnhh-mot-thanh-vien-xuat-nhap-khau-nguyen-lieu-an-giang","ID":0,"MaSoThue":"1602023616","NgayCap":"2016-11-10T00:00:00Z","Title":"Công Ty TNHH Một Thành Viên Xuất Nhập Khẩu Nguyên Liệu An Giang","DiaChiCongTy":"ấp 2 - Xã Vĩnh Xương - Thị xã Tân Châu - An Giang","Created":"2016-11-28T23:24:26Z","Updated":"2016-11-28T23:24:26Z","IsDelete":false,"RequestChanged":false,"ExitsInGDT":false,"SourceID":0,"TinhThanhID":0,"TinhThanhTitle":"An Giang","TinhThanhTitleAscii":"/an-giang","QuanHuyenID":0,"NganhNgheTitle":"Bán buôn chuyên doanh khác chưa được phân vào đâu","NganhNgheTitleAscii":"/nganh-nghe/ban-buon-chuyen-doanh-khac-chua-duoc-phan-vao-dau","DSTags":["1602023616","An Giang",null]},{"Type":11,"SolrID":"/1602006145-cong-ty-tnhh-mot-thanh-vien-nong-san-luong-thuc-tan-hiep-long","ID":0,"MaSoThue":"1602006145","NgayCap":"2016-04-02T00:00:00Z","Title":"Công Ty TNHH Một Thành Viên Nông Sản Lương Thực Tân Hiệp Long","DiaChiCongTy":"ấp 1 - Xã Vĩnh Xương - Thị xã Tân Châu - An Giang","Created":"2016-04-06T08:39:45Z","Updated":"2016-04-06T08:39:45Z","IsDelete":false,"RequestChanged":false,"ExitsInGDT":false,"SourceID":0,"TinhThanhID":0,"TinhThanhTitle":"An Giang","TinhThanhTitleAscii":"/an-giang","QuanHuyenID":0,"NganhNgheTitle":"Bán buôn nông, lâm sản nguyên liệu (trừ gỗ, tre, nứa) và động vật sống","NganhNgheTitleAscii":"/nganh-nghe/ban-buon-nong-lam-san-nguyen-lieu-tru-go-tre-nua-va-dong-vat-song","DSTags":["1602006145","An Giang",null]},{"Type":11,"SolrID":"/1601883496-001-chi-nhanh-cong-ty-tnhh-mot-thanh-vien-sau-be-tan-an","ID":0,"MaSoThue":"1601883496-001","NgayCap":"2015-09-24T00:00:00Z","Title":"Chi Nhánh Công Ty TNHH Một Thành Viên Sáu Bé Tân An","DiaChiCongTy":"Tổ 14, ấp 1 - Xã Vĩnh Xương - Thị xã Tân Châu - An Giang","Created":"2015-11-19T05:06:22Z","Updated":"2015-11-19T05:06:22Z","IsDelete":false,"RequestChanged":false,"ExitsInGDT":false,"SourceID":0,"TinhThanhID":0,"TinhThanhTitle":"An Giang","TinhThanhTitleAscii":"/an-giang","QuanHuyenID":0,"NganhNgheTitle":"Bán buôn kim loại và quặng kim loại","NganhNgheTitleAscii":"/nganh-nghe/ban-buon-kim-loai-va-quang-kim-loai","DSTags":["1601883496-001","An Giang",null]},{"Type":11,"SolrID":"/1601981937-doanh-nghiep-tn-tmdv-binh-truong-phat","ID":0,"MaSoThue":"1601981937","NgayCap":"2015-09-04T00:00:00Z","Title":"Doanh Nghiệp TN Tmdv Bình Trường Phát","DiaChiCongTy":"Tổ 8, ấp 2 - Xã Vĩnh Xương - Thị xã Tân Châu - An Giang","Created":"2015-11-19T00:52:13Z","Updated":"2015-11-19T00:52:13Z","IsDelete":false,"RequestChanged":false,"ExitsInGDT":false,"SourceID":0,"TinhThanhID":0,"TinhThanhTitle":"An Giang","TinhThanhTitleAscii":"/an-giang","QuanHuyenID":0,"NganhNgheTitle":"Bán buôn vật liệu, thiết bị lắp đặt khác trong xây dựng","NganhNgheTitleAscii":"/nganh-nghe/ban-buon-vat-lieu-thiet-bi-lap-dat-khac-trong-xay-dung","DSTags":["1601981937","An Giang",null]},{"Type":11,"SolrID":"/1601976912-cong-ty-tnhh-mot-thanh-vien-may-mac-dang-minh","ID":0,"MaSoThue":"1601976912","NgayCap":"2015-07-02T00:00:00Z","Title":"Công Ty TNHH Một Thành Viên May Mặc Đăng Minh","DiaChiCongTy":"ấp 1 - Xã Vĩnh Xương - Thị xã Tân Châu - An Giang","Created":"2015-11-18T18:47:22Z","Updated":"2015-11-18T18:47:22Z","IsDelete":false,"RequestChanged":false,"ExitsInGDT":false,"SourceID":0,"TinhThanhID":0,"TinhThanhTitle":"An Giang","TinhThanhTitleAscii":"/an-giang","QuanHuyenID":0,"NganhNgheTitle":"Sản xuất các loại hàng dệt khác chưa được phân vào đâu","NganhNgheTitleAscii":"/nganh-nghe/san-xuat-cac-loai-hang-det-khac-chua-duoc-phan-vao-dau","DSTags":["1601976912","An Giang",null]},{"Type":11,"SolrID":"/1601933041-cong-ty-tnhh-mot-thanh-vien-vlxd-ngoc-ngoc-chau","ID":0,"MaSoThue":"1601933041","NgayCap":"2014-07-21T00:00:00Z","Title":"Công Ty TNHH Một Thành Viên Vlxd Ngọc Ngọc Châu","DiaChiCongTy":"Tổ 2, ấp 4 - Xã Vĩnh Xương - Thị xã Tân Châu - An Giang","Created":"2015-11-09T12:42:59Z","Updated":"2015-11-09T12:42:59Z","IsDelete":false,"RequestChanged":false,"ExitsInGDT":false,"SourceID":0,"TinhThanhID":0,"TinhThanhTitle":"An Giang","TinhThanhTitleAscii":"/an-giang","QuanHuyenID":0,"NganhNgheTitle":"Bán buôn vật liệu, thiết bị lắp đặt khác trong xây dựng","NganhNgheTitleAscii":"/nganh-nghe/ban-buon-vat-lieu-thiet-bi-lap-dat-khac-trong-xay-dung","DSTags":["1601933041","An Giang",null]},{"Type":11,"SolrID":"/1601906785-cong-ty-tnhh-mot-thanh-vien-dvtm-vt-trang-hao","ID":0,"MaSoThue":"1601906785","NgayCap":"2014-01-14T00:00:00Z","Title":"Công Ty TNHH Một Thành Viên Dvtm & Vt Trang Hảo","DiaChiCongTy":"ấp 5 - Xã Vĩnh Xương - Thị xã Tân Châu - An Giang","Created":"2015-11-11T17:07:50Z","Updated":"2015-11-11T17:07:50Z","IsDelete":false,"RequestChanged":false,"ExitsInGDT":false,"SourceID":0,"TinhThanhID":0,"TinhThanhTitle":"An Giang","TinhThanhTitleAscii":"/an-giang","QuanHuyenID":0,"NganhNgheTitle":"Bốc xếp hàng hóa","NganhNgheTitleAscii":"/nganh-nghe/boc-xep-hang-hoa","DSTags":["1601906785","An Giang",null]},{"Type":11,"SolrID":"/1601903914-doanh-nghiep-tn-thai-thai-binh","ID":0,"MaSoThue":"1601903914","NgayCap":"2014-01-04T00:00:00Z","Title":"Doanh Nghiệp TN Thái Thái Bình","DiaChiCongTy":"Tổ 11, ấp 2 - Xã Vĩnh Xương - Thị xã Tân Châu - An Giang","Created":"2015-11-17T08:30:47Z","Updated":"2015-11-17T08:30:47Z","IsDelete":false,"RequestChanged":false,"ExitsInGDT":false,"SourceID":0,"TinhThanhID":0,"TinhThanhTitle":"An Giang","TinhThanhTitleAscii":"/an-giang","QuanHuyenID":0,"NganhNgheTitle":"Bán buôn nông, lâm sản nguyên liệu (trừ gỗ, tre, nứa) và động vật sống","NganhNgheTitleAscii":"/nganh-nghe/ban-buon-nong-lam-san-nguyen-lieu-tru-go-tre-nua-va-dong-vat-song","DSTags":["1601903914","An Giang",null]},{"Type":11,"SolrID":"/1601901635-doanh-nghiep-tn-giang-khang-vinh-xuong","ID":0,"MaSoThue":"1601901635","NgayCap":"2013-12-28T00:00:00Z","Title":"Doanh Nghiệp TN Giang Khang Vĩnh Xương","DiaChiCongTy":"ấp 2 - Xã Vĩnh Xương - Thị xã Tân Châu - An Giang","Created":"2015-11-09T20:24:16Z","Updated":"2015-11-09T20:24:16Z","IsDelete":false,"RequestChanged":false,"ExitsInGDT":false,"SourceID":0,"TinhThanhID":0,"TinhThanhTitle":"An Giang","TinhThanhTitleAscii":"/an-giang","QuanHuyenID":0,"NganhNgheTitle":"Bán buôn nông, lâm sản nguyên liệu (trừ gỗ, tre, nứa) và động vật sống","NganhNgheTitleAscii":"/nganh-nghe/ban-buon-nong-lam-san-nguyen-lieu-tru-go-tre-nua-va-dong-vat-song","DSTags":["1601901635","An Giang",null]},{"Type":11,"SolrID":"/1601892772-cong-ty-tnhh-mot-thanh-vien-thuong-mai-dich-vu-xay-dung-gia-gia-khang","ID":0,"MaSoThue":"1601892772","NgayCap":"2013-10-30T00:00:00Z","Title":"Công Ty TNHH Một Thành Viên Thương Mại Dịch Vụ Xây Dựng Gia Gia Khang","DiaChiCongTy":"ap 1, xa vinh xuong - Xã Vĩnh Xương - Thị xã Tân Châu - An Giang","Created":"2015-11-11T18:12:59Z","Updated":"2015-11-11T18:12:59Z","IsDelete":false,"RequestChanged":false,"ExitsInGDT":false,"SourceID":0,"TinhThanhID":0,"TinhThanhTitle":"An Giang","TinhThanhTitleAscii":"/an-giang","QuanHuyenID":0,"NganhNgheTitle":"Bán buôn vật liệu, thiết bị lắp đặt khác trong xây dựng","NganhNgheTitleAscii":"/nganh-nghe/ban-buon-vat-lieu-thiet-bi-lap-dat-khac-trong-xay-dung","DSTags":["1601892772","An Giang",null]},{"Type":11,"SolrID":"/1601885528-cong-ty-tnhh-mot-thanh-vien-bon-lap","ID":0,"MaSoThue":"1601885528","NgayCap":"2013-08-05T00:00:00Z","Title":"Công Ty TNHH Một Thành Viên Bổn Lập","DiaChiCongTy":"Tổ 24, ấp 5 - Xã Vĩnh Xương - Thị xã Tân Châu - An Giang","Created":"2015-11-11T19:32:41Z","Updated":"2015-11-11T19:32:41Z","IsDelete":false,"RequestChanged":false,"ExitsInGDT":false,"SourceID":0,"TinhThanhID":0,"TinhThanhTitle":"An Giang","TinhThanhTitleAscii":"/an-giang","QuanHuyenID":0,"NganhNgheTitle":"Bán buôn nông, lâm sản nguyên liệu (trừ gỗ, tre, nứa) và động vật sống","NganhNgheTitleAscii":"/nganh-nghe/ban-buon-nong-lam-san-nguyen-lieu-tru-go-tre-nua-va-dong-vat-song","DSTags":["1601885528","An Giang",null]},{"Type":11,"SolrID":"/1601876724-cong-ty-tnhh-mot-thanh-vien-thuong-mai-dich-vu-tiem-vang-kim-mai","ID":0,"MaSoThue":"1601876724","NgayCap":"2013-05-29T00:00:00Z","Title":"Công Ty TNHH Một Thành Viên Thương Mại & Dịch Vụ Tiệm Vàng Kim Mai","DiaChiCongTy":"Số 05/A, Tổ 10, ấp 1 - Xã Vĩnh Xương - Thị xã Tân Châu - An Giang","Created":"2015-11-11T21:43:03Z","Updated":"2015-11-11T21:43:03Z","IsDelete":false,"RequestChanged":false,"ExitsInGDT":false,"SourceID":0,"TinhThanhID":0,"TinhThanhTitle":"An Giang","TinhThanhTitleAscii":"/an-giang","QuanHuyenID":0,"NganhNgheTitle":"Bán buôn kim loại và quặng kim loại","NganhNgheTitleAscii":"/nganh-nghe/ban-buon-kim-loai-va-quang-kim-loai","DSTags":["1601876724","An Giang",null]},{"Type":11,"SolrID":"/1601189834-001-chi-nhanh-doanh-nghiep-tu-nhan-han-chau","ID":0,"MaSoThue":"1601189834-001","NgayCap":"2013-05-28T00:00:00Z","Title":"Chi Nhánh Doanh Nghiệp Tư Nhân Hàn Châu","DiaChiCongTy":"ấp 5 - Xã Vĩnh Xương - Thị xã Tân Châu - An Giang","Created":"2015-11-18T13:47:48Z","Updated":"2015-11-18T13:47:48Z","IsDelete":false,"RequestChanged":false,"ExitsInGDT":false,"SourceID":0,"TinhThanhID":0,"TinhThanhTitle":"An Giang","TinhThanhTitleAscii":"/an-giang","QuanHuyenID":0,"NganhNgheTitle":"Dịch vụ tắm hơi, massage và các dịch vụ tăng cường sức khoẻ tương tự (trừ hoạt động thể thao)","NganhNgheTitleAscii":"/nganh-nghe/dich-vu-tam-hoi-massage-va-cac-dich-vu-tang-cuong-suc-khoe-tuong-tu-tru-hoat-dong-the-thao","DSTags":["1601189834-001","An Giang",null]},{"Type":11,"SolrID":"/1601868811-doanh-nghiep-tn-van-thanh-phuc","ID":0,"MaSoThue":"1601868811","NgayCap":"2013-03-30T00:00:00Z","Title":"Doanh Nghiệp TN Vạn Thành Phúc","DiaChiCongTy":"Tổ 18, khu dân cư ấp 2 - Xã Vĩnh Xương - Thị xã Tân Châu - An Giang","Created":"2015-11-16T21:50:53Z","Updated":"2015-11-16T21:50:53Z","IsDelete":false,"RequestChanged":false,"ExitsInGDT":false,"SourceID":0,"TinhThanhID":0,"TinhThanhTitle":"An Giang","TinhThanhTitleAscii":"/an-giang","QuanHuyenID":0,"NganhNgheTitle":"Bán buôn nông, lâm sản nguyên liệu (trừ gỗ, tre, nứa) và động vật sống","NganhNgheTitleAscii":"/nganh-nghe/ban-buon-nong-lam-san-nguyen-lieu-tru-go-tre-nua-va-dong-vat-song","DSTags":["1601868811","An Giang",null]},{"Type":11,"SolrID":"/1601849456-doanh-nghiep-tn-vu-nhu-hao","ID":0,"MaSoThue":"1601849456","NgayCap":"2012-12-15T00:00:00Z","Title":"Doanh Nghiệp TN Vũ Như Hào","DiaChiCongTy":"ấp 5 - Xã Vĩnh Xương - Thị xã Tân Châu - An Giang","Created":"2015-11-18T05:44:25Z","Updated":"2015-11-18T05:44:25Z","IsDelete":false,"RequestChanged":false,"ExitsInGDT":false,"SourceID":0,"TinhThanhID":0,"TinhThanhTitle":"An Giang","TinhThanhTitleAscii":"/an-giang","QuanHuyenID":0,"NganhNgheTitle":"Xây dựng nhà các loại","NganhNgheTitleAscii":"/nganh-nghe/xay-dung-nha-cac-loai","DSTags":["1601849456","An Giang",null]},{"Type":11,"SolrID":"/1601834403-doanh-nghiep-tn-phong-cam","ID":0,"MaSoThue":"1601834403","NgayCap":"2012-09-14T00:00:00Z","Title":"Doanh Nghiệp TN Phong - Cẩm","DiaChiCongTy":"ấp 3 - Xã Vĩnh Xương - Thị xã Tân Châu - An Giang","Created":"2015-11-16T10:25:10Z","Updated":"2015-11-16T10:25:10Z","IsDelete":false,"RequestChanged":false,"ExitsInGDT":false,"SourceID":0,"TinhThanhID":0,"TinhThanhTitle":"An Giang","TinhThanhTitleAscii":"/an-giang","QuanHuyenID":0,"NganhNgheTitle":"Bán buôn nông, lâm sản nguyên liệu (trừ gỗ, tre, nứa) và động vật sống","NganhNgheTitleAscii":"/nganh-nghe/ban-buon-nong-lam-san-nguyen-lieu-tru-go-tre-nua-va-dong-vat-song","DSTags":["1601834403","An Giang",null]},{"Type":11,"SolrID":"/1601796966-cong-ty-tnhh-mot-thanh-vien-thuong-mai-dich-vu-phuoc-chu","ID":0,"MaSoThue":"1601796966","NgayCap":"2012-07-23T00:00:00Z","Title":"Công Ty TNHH Một Thành Viên Thương Mại Dịch Vụ Phước Chủ","DiaChiCongTy":"ấp 3 - Xã Vĩnh Xương - Thị xã Tân Châu - An Giang","Created":"2015-11-12T06:24:49Z","Updated":"2015-11-12T06:24:49Z","IsDelete":false,"RequestChanged":false,"ExitsInGDT":false,"SourceID":0,"TinhThanhID":0,"TinhThanhTitle":"An Giang","TinhThanhTitleAscii":"/an-giang","QuanHuyenID":0,"NganhNgheTitle":"Khai thác đá, cát, sỏi, đất sét","NganhNgheTitleAscii":"/nganh-nghe/khai-thac-da-cat-soi-dat-set","DSTags":["1601796966","An Giang",null]},{"Type":11,"SolrID":"/1601783068-doanh-nghiep-tn-giang-giang-huy","ID":0,"MaSoThue":"1601783068","NgayCap":"2012-07-02T00:00:00Z","Title":"Doanh Nghiệp TN Giang Giang Huy","DiaChiCongTy":"ấp 2 - Xã Vĩnh Xương - Thị xã Tân Châu - An Giang","Created":"2015-11-16T10:46:02Z","Updated":"2015-11-16T10:46:02Z","IsDelete":false,"RequestChanged":false,"ExitsInGDT":false,"SourceID":0,"TinhThanhID":0,"TinhThanhTitle":"An Giang","TinhThanhTitleAscii":"/an-giang","QuanHuyenID":0,"NganhNgheTitle":"Bán buôn nông, lâm sản nguyên liệu (trừ gỗ, tre, nứa) và động vật sống","NganhNgheTitleAscii":"/nganh-nghe/ban-buon-nong-lam-san-nguyen-lieu-tru-go-tre-nua-va-dong-vat-song","DSTags":["1601783068","An Giang",null]},{"Type":11,"SolrID":"/1601732641-cong-ty-tnhh-mot-thanh-vien-thuong-mai-dich-vu-xuat-nhap-khau-me-kong-459","ID":0,"MaSoThue":"1601732641","NgayCap":"2012-05-04T00:00:00Z","Title":"Công Ty TNHH Một Thành Viên Thương Mại Dịch Vụ - Xuất Nhập Khẩu Me Kong 459","DiaChiCongTy":"Số 74, ấp 4 - Xã Vĩnh Xương - Thị xã Tân Châu - An Giang","Created":"2015-11-13T08:15:17Z","Updated":"2015-11-13T08:15:17Z","IsDelete":false,"RequestChanged":false,"ExitsInGDT":false,"SourceID":0,"TinhThanhID":0,"TinhThanhTitle":"An Giang","TinhThanhTitleAscii":"/an-giang","QuanHuyenID":0,"NganhNgheTitle":"Bán buôn vật liệu, thiết bị lắp đặt khác trong xây dựng","NganhNgheTitleAscii":"/nganh-nghe/ban-buon-vat-lieu-thiet-bi-lap-dat-khac-trong-xay-dung","DSTags":["1601732641","An Giang",null]},{"Type":11,"SolrID":"/1601728395-cong-ty-tnhh-san-xuat-dich-vu-thuong-mai-xuat-nhap-khau-cat-tai-nguyen","ID":0,"MaSoThue":"1601728395","NgayCap":"2012-04-26T00:00:00Z","Title":"Công Ty TNHH Sản Xuất - Dịch Vụ - Thương Mại - Xuất Nhập Khẩu Cát Tài Nguyên","DiaChiCongTy":"Số 58, Tổ 15, ấp 1 - Xã Vĩnh Xương - Thị xã Tân Châu - An Giang","Created":"2015-11-13T08:16:17Z","Updated":"2015-11-13T08:16:17Z","IsDelete":false,"RequestChanged":false,"ExitsInGDT":false,"SourceID":0,"TinhThanhID":0,"TinhThanhTitle":"An Giang","TinhThanhTitleAscii":"/an-giang","QuanHuyenID":0,"NganhNgheTitle":"Khai thác đá, cát, sỏi, đất sét","NganhNgheTitleAscii":"/nganh-nghe/khai-thac-da-cat-soi-dat-set","DSTags":["1601728395","An Giang",null]},{"Type":11,"SolrID":"/1601711842-cong-ty-tnhh-mot-thanh-vien-thuong-mai-dich-vu-van-tai-song-xanh-xanh","ID":0,"MaSoThue":"1601711842","NgayCap":"2012-04-12T00:00:00Z","Title":"Công Ty TNHH Một Thành Viên Thương Mại Dịch Vụ Vận Tải Sông Xanh Xanh","DiaChiCongTy":"T14, ấp 1 - Xã Vĩnh Xương - Thị xã Tân Châu - An Giang","Created":"2015-11-10T01:38:58Z","Updated":"2015-11-10T01:38:58Z","IsDelete":false,"RequestChanged":false,"ExitsInGDT":false,"SourceID":0,"TinhThanhID":0,"TinhThanhTitle":"An Giang","TinhThanhTitleAscii":"/an-giang","QuanHuyenID":0,"NganhNgheTitle":"Vận tải hàng hóa bằng đường bộ","NganhNgheTitleAscii":"/nganh-nghe/van-tai-hang-hoa-bang-duong-bo","DSTags":["1601711842","An Giang",null]},{"Type":11,"SolrID":"/1601710687-cong-ty-cp-mekong-cat","ID":0,"MaSoThue":"1601710687","NgayCap":"2012-04-11T00:00:00Z","Title":"Công Ty CP Mekong Cát","DiaChiCongTy":"Số 74, ấp 4 - Xã Vĩnh Xương - Thị xã Tân Châu - An Giang","Created":"2015-11-10T01:39:43Z","Updated":"2015-11-10T01:39:43Z","IsDelete":false,"RequestChanged":false,"ExitsInGDT":false,"SourceID":0,"TinhThanhID":0,"TinhThanhTitle":"An Giang","TinhThanhTitleAscii":"/an-giang","QuanHuyenID":0,"NganhNgheTitle":"Khai thác đá, cát, sỏi, đất sét","NganhNgheTitleAscii":"/nganh-nghe/khai-thac-da-cat-soi-dat-set","DSTags":["1601710687","An Giang",null]},{"Type":11,"SolrID":"/1601710662-cong-ty-tnhh-mekong-tai-nguyen","ID":0,"MaSoThue":"1601710662","NgayCap":"2012-04-10T00:00:00Z","Title":"Công Ty TNHH Mekong Tài Nguyên","DiaChiCongTy":"Số 58, Tổ 15, ấp 1 - Xã Vĩnh Xương - Thị xã Tân Châu - An Giang","Created":"2015-11-10T01:45:29Z","Updated":"2015-11-10T01:45:29Z","IsDelete":false,"RequestChanged":false,"ExitsInGDT":false,"SourceID":0,"TinhThanhID":0,"TinhThanhTitle":"An Giang","TinhThanhTitleAscii":"/an-giang","QuanHuyenID":0,"NganhNgheTitle":"Khai thác đá, cát, sỏi, đất sét","NganhNgheTitleAscii":"/nganh-nghe/khai-thac-da-cat-soi-dat-set","DSTags":["1601710662","An Giang",null]},{"Type":11,"SolrID":"/1601664303-cong-ty-tnhh-mot-thanh-vien-lqs","ID":0,"MaSoThue":"1601664303","NgayCap":"2012-02-28T00:00:00Z","Title":"Công Ty TNHH Một Thành Viên Lqs","DiaChiCongTy":"ấp 3 - Xã Vĩnh Xương - Thị xã Tân Châu - An Giang","Created":"2015-11-13T10:36:04Z","Updated":"2015-11-13T10:36:04Z","IsDelete":false,"RequestChanged":false,"ExitsInGDT":false,"SourceID":0,"TinhThanhID":0,"TinhThanhTitle":"An Giang","TinhThanhTitleAscii":"/an-giang","QuanHuyenID":0,"NganhNgheTitle":"Bán buôn vật liệu, thiết bị lắp đặt khác trong xây dựng","NganhNgheTitleAscii":"/nganh-nghe/ban-buon-vat-lieu-thiet-bi-lap-dat-khac-trong-xay-dung","DSTags":["1601664303","An Giang",null]},{"Type":11,"SolrID":"/1601615419-doanh-nghiep-tn-huu-thien-loc","ID":0,"MaSoThue":"1601615419","NgayCap":"2011-12-12T00:00:00Z","Title":"Doanh Nghiệp TN Hữu Thiên Lộc","DiaChiCongTy":"ấp 1 - Xã Vĩnh Xương - Thị xã Tân Châu - An Giang","Created":"2015-11-10T01:39:21Z","Updated":"2015-11-10T01:39:21Z","IsDelete":false,"RequestChanged":false,"ExitsInGDT":false,"SourceID":0,"TinhThanhID":0,"TinhThanhTitle":"An Giang","TinhThanhTitleAscii":"/an-giang","QuanHuyenID":0,"NganhNgheTitle":"Bán buôn vật liệu, thiết bị lắp đặt khác trong xây dựng","NganhNgheTitleAscii":"/nganh-nghe/ban-buon-vat-lieu-thiet-bi-lap-dat-khac-trong-xay-dung","DSTags":["1601615419","An Giang",null]},{"Type":11,"SolrID":"/1701386441-002-chi-nhanh-cong-ty-trach-nhiem-huu-han-thanh-ngoc","ID":0,"MaSoThue":"1701386441-002","NgayCap":"2011-10-10T00:00:00Z","Title":"Chi  Nhánh Công Ty Trách Nhiệm Hữu Hạn Thành Ngọc","DiaChiCongTy":"Tổ 9 ấp 4 - Xã Vĩnh Xương - Thị xã Tân Châu - An Giang","Created":"2015-11-10T01:43:31Z","Updated":"2015-11-10T01:43:31Z","IsDelete":false,"RequestChanged":false,"ExitsInGDT":false,"SourceID":0,"TinhThanhID":0,"TinhThanhTitle":"An Giang","TinhThanhTitleAscii":"/an-giang","QuanHuyenID":0,"NganhNgheTitle":"Khai thác đá, cát, sỏi, đất sét","NganhNgheTitleAscii":"/nganh-nghe/khai-thac-da-cat-soi-dat-set","DSTags":["1701386441-002","An Giang",null]},{"Type":11,"SolrID":"/1101396342-001-chi-nhanh-doanh-nghiep-tu-nhan-thanh-thai-thanh","ID":0,"MaSoThue":"1101396342-001","NgayCap":"2011-09-08T00:00:00Z","Title":"Chi Nhánh Doanh Nghiệp Tư Nhân Thanh Thái Thành","DiaChiCongTy":"ấp 4 - Xã Vĩnh Xương - Thị xã Tân Châu - An Giang","Created":"2015-11-10T01:42:00Z","Updated":"2015-11-10T01:42:00Z","IsDelete":false,"RequestChanged":false,"ExitsInGDT":false,"SourceID":0,"TinhThanhID":0,"TinhThanhTitle":"An Giang","TinhThanhTitleAscii":"/an-giang","QuanHuyenID":0,"NganhNgheTitle":"Bán buôn vật liệu, thiết bị lắp đặt khác trong xây dựng","NganhNgheTitleAscii":"/nganh-nghe/ban-buon-vat-lieu-thiet-bi-lap-dat-khac-trong-xay-dung","DSTags":["1101396342-001","An Giang",null]},{"Type":11,"SolrID":"/0305664661-002-chi-nhanh-2-cong-ty-tnhh-thuong-mai-dich-vu-quoc-te-minh-ngoc","ID":0,"MaSoThue":"0305664661-002","NgayCap":"2011-08-18T00:00:00Z","Title":"Chi Nhánh 2 Công Ty TNHH Thương Mại Dịch Vụ Quốc Tế Minh Ngọc","DiaChiCongTy":"Tổ 24, ấp 5 - Xã Vĩnh Xương - Thị xã Tân Châu - An Giang","Created":"2015-11-10T01:46:04Z","Updated":"2015-11-10T01:46:04Z","IsDelete":false,"RequestChanged":false,"ExitsInGDT":false,"SourceID":0,"TinhThanhID":0,"TinhThanhTitle":"An Giang","TinhThanhTitleAscii":"/an-giang","QuanHuyenID":0,"NganhNgheTitle":"Hoạt động chuyên môn, khoa học và công nghệ khác chưa được phân vào đâu","NganhNgheTitleAscii":"/nganh-nghe/hoat-dong-chuyen-mon-khoa-hoc-va-cong-nghe-khac-chua-duoc-phan-vao-dau","DSTags":["0305664661-002","An Giang",null]},{"Type":11,"SolrID":"/1601420089-doanh-nghiep-tn-pham-hung","ID":0,"MaSoThue":"1601420089","NgayCap":"2010-11-30T00:00:00Z","Title":"Doanh Nghiệp TN Phạm Hùng","DiaChiCongTy":"ấp 3 - Xã Vĩnh Xương - Thị xã Tân Châu - An Giang","Created":"2015-11-10T01:44:43Z","Updated":"2015-11-10T01:44:43Z","IsDelete":false,"RequestChanged":false,"ExitsInGDT":false,"SourceID":0,"TinhThanhID":0,"TinhThanhTitle":"An Giang","TinhThanhTitleAscii":"/an-giang","QuanHuyenID":0,"NganhNgheTitle":"Xây dựng công trình kỹ thuật dân dụng khác","NganhNgheTitleAscii":"/nganh-nghe/xay-dung-cong-trinh-ky-thuat-dan-dung-khac","DSTags":["1601420089","An Giang",null]},{"Type":11,"SolrID":"/1601402442-doanh-nghiep-tn-hao-hiep","ID":0,"MaSoThue":"1601402442","NgayCap":"2010-10-06T00:00:00Z","Title":"Doanh Nghiệp TN Hảo Hiệp","DiaChiCongTy":"Tổ 15, ấp 2 - Xã Vĩnh Xương - Thị xã Tân Châu - An Giang","Created":"2015-11-16T21:33:29Z","Updated":"2015-11-16T21:33:29Z","IsDelete":false,"RequestChanged":false,"ExitsInGDT":false,"SourceID":0,"TinhThanhID":0,"TinhThanhTitle":"An Giang","TinhThanhTitleAscii":"/an-giang","QuanHuyenID":0,"NganhNgheTitle":"Khai thác đá, cát, sỏi, đất sét","NganhNgheTitleAscii":"/nganh-nghe/khai-thac-da-cat-soi-dat-set","DSTags":["1601402442","An Giang",null]},{"Type":11,"SolrID":"/1601283668-cty-co-phan-khoang-san-mekong","ID":0,"MaSoThue":"1601283668","NgayCap":"2010-01-06T00:00:00Z","Title":"Cty Cổ phần Khoáng sản MEKONG","DiaChiCongTy":"ấp 5 - Xã Vĩnh Xương - Thị xã Tân Châu - An Giang","Created":"2015-11-11T07:38:55Z","Updated":"2015-11-11T07:38:55Z","IsDelete":false,"RequestChanged":false,"ExitsInGDT":false,"SourceID":0,"TinhThanhID":0,"TinhThanhTitle":"An Giang","TinhThanhTitleAscii":"/an-giang","QuanHuyenID":0,"NganhNgheTitle":"Bán buôn (trừ ô tô, mô tô, xe máy và xe có động cơ khác)","NganhNgheTitleAscii":"/nganh-nghe/ban-buon-tru-o-to-mo-to-xe-may-va-xe-co-dong-co-khac","DSTags":["1601283668","An Giang",null]},{"Type":11,"SolrID":"/1601236964-doanh-nghiep-tn-thanh-my","ID":0,"MaSoThue":"1601236964","NgayCap":"2009-11-19T00:00:00Z","Title":"Doanh Nghiệp TN Thanh Mỹ","DiaChiCongTy":"ấp I - Xã Vĩnh Xương - Thị xã Tân Châu - An Giang","Created":"2015-11-09T02:03:44Z","Updated":"2015-11-09T02:03:44Z","IsDelete":false,"RequestChanged":false,"ExitsInGDT":false,"SourceID":0,"TinhThanhID":0,"TinhThanhTitle":"An Giang","TinhThanhTitleAscii":"/an-giang","QuanHuyenID":0,"NganhNgheTitle":"Vận tải hàng hóa bằng đường bộ","NganhNgheTitleAscii":"/nganh-nghe/van-tai-hang-hoa-bang-duong-bo","DSTags":["1601236964","An Giang",null]},{"Type":11,"SolrID":"/1601181433-cong-ty-tnhh-mot-thanh-vien-cat-mk","ID":0,"MaSoThue":"1601181433","NgayCap":"2009-06-24T00:00:00Z","Title":"Công Ty TNHH Một Thành Viên Cát Mk","DiaChiCongTy":"Tổ 6, ấp 1 - Xã Vĩnh Xương - Thị xã Tân Châu - An Giang","Created":"2015-11-11T10:06:47Z","Updated":"2015-11-11T10:06:47Z","IsDelete":false,"RequestChanged":false,"ExitsInGDT":false,"SourceID":0,"TinhThanhID":0,"TinhThanhTitle":"An Giang","TinhThanhTitleAscii":"/an-giang","QuanHuyenID":0,"NganhNgheTitle":"Bán buôn vật liệu, thiết bị lắp đặt khác trong xây dựng","NganhNgheTitleAscii":"/nganh-nghe/ban-buon-vat-lieu-thiet-bi-lap-dat-khac-trong-xay-dung","DSTags":["1601181433","An Giang",null]},{"Type":11,"SolrID":"/1601177437-cty-tnhh-mot-thanh-vien-xd-tm-tien-ngan","ID":0,"MaSoThue":"1601177437","NgayCap":"2009-06-18T00:00:00Z","Title":"Cty TNHH Một Thành Viên XD & TM Tiến Ngân","DiaChiCongTy":"ấp 5, xã Vĩnh Xương - Thị xã Tân Châu - An Giang","Created":"2015-11-13T22:28:57Z","Updated":"2015-11-13T22:28:57Z","IsDelete":false,"RequestChanged":false,"ExitsInGDT":false,"SourceID":0,"TinhThanhID":0,"TinhThanhTitle":"An Giang","TinhThanhTitleAscii":"/an-giang","QuanHuyenID":0,"NganhNgheTitle":"Bán buôn vật liệu, thiết bị lắp đặt khác trong xây dựng","NganhNgheTitleAscii":"/nganh-nghe/ban-buon-vat-lieu-thiet-bi-lap-dat-khac-trong-xay-dung","DSTags":["1601177437","An Giang",null]},{"Type":11,"SolrID":"/1601117237-cong-ty-mot-thanh-vien-phuoc-giau-ty","ID":0,"MaSoThue":"1601117237","NgayCap":"2009-05-06T00:00:00Z","Title":"Công ty Một Thành Viên Phước Giàu Tỷ","DiaChiCongTy":"ấp 5, Xã Vĩnh Xương - Thị xã Tân Châu - An Giang","Created":"2015-11-13T22:29:27Z","Updated":"2015-11-13T22:29:27Z","IsDelete":false,"RequestChanged":false,"ExitsInGDT":false,"SourceID":0,"TinhThanhID":0,"TinhThanhTitle":"An Giang","TinhThanhTitleAscii":"/an-giang","QuanHuyenID":0,"NganhNgheTitle":"Xây dựng công trình kỹ thuật dân dụng","NganhNgheTitleAscii":"/nganh-nghe/xay-dung-cong-trinh-ky-thuat-dan-dung","DSTags":["1601117237","An Giang",null]},{"Type":11,"SolrID":"/1601112052-cty-tnhh-mot-thanh-vien-vat-lieu-xay-dung-k-p","ID":0,"MaSoThue":"1601112052","NgayCap":"2009-04-29T00:00:00Z","Title":"Cty TNHH Một Thành Viên Vật Liệu Xây Dựng K & P","DiaChiCongTy":"Tổ 6, ấp I, xã Vĩnh Xương - Thị xã Tân Châu - An Giang","Created":"2015-11-13T22:29:25Z","Updated":"2015-11-13T22:29:25Z","IsDelete":false,"RequestChanged":false,"ExitsInGDT":false,"SourceID":0,"TinhThanhID":0,"TinhThanhTitle":"An Giang","TinhThanhTitleAscii":"/an-giang","QuanHuyenID":0,"NganhNgheTitle":"Bán buôn vật liệu, thiết bị lắp đặt khác trong xây dựng","NganhNgheTitleAscii":"/nganh-nghe/ban-buon-vat-lieu-thiet-bi-lap-dat-khac-trong-xay-dung","DSTags":["1601112052","An Giang",null]},{"Type":11,"SolrID":"/1601056249-cong-ty-tnhh-mot-thanh-vien-dich-vu-thuong-mai-quoc-vui","ID":0,"MaSoThue":"1601056249","NgayCap":"2009-03-12T00:00:00Z","Title":"Công Ty TNHH Một Thành Viên Dịch Vụ Thương Mại Quốc Vui","DiaChiCongTy":"ấp 1 - Xã Vĩnh Xương - Thị xã Tân Châu - An Giang","Created":"2015-11-10T00:24:00Z","Updated":"2015-11-10T00:24:00Z","IsDelete":false,"RequestChanged":false,"ExitsInGDT":false,"SourceID":0,"TinhThanhID":0,"TinhThanhTitle":"An Giang","TinhThanhTitleAscii":"/an-giang","QuanHuyenID":0,"NganhNgheTitle":"Bán buôn vật liệu, thiết bị lắp đặt khác trong xây dựng","NganhNgheTitleAscii":"/nganh-nghe/ban-buon-vat-lieu-thiet-bi-lap-dat-khac-trong-xay-dung","DSTags":["1601056249","An Giang",null]},{"Type":11,"SolrID":"/1601042197-cong-ty-tnhh-cat-vang","ID":0,"MaSoThue":"1601042197","NgayCap":"2009-02-23T00:00:00Z","Title":"Công ty TNHH Cát Vàng","DiaChiCongTy":"ấp 1, Xã Vĩnh Xương - Thị xã Tân Châu - An Giang","Created":"2015-11-09T01:23:41Z","Updated":"2015-11-09T01:23:41Z","IsDelete":false,"RequestChanged":false,"ExitsInGDT":false,"SourceID":0,"TinhThanhID":0,"TinhThanhTitle":"An Giang","TinhThanhTitleAscii":"/an-giang","QuanHuyenID":0,"NganhNgheTitle":"Xây dựng công trình kỹ thuật dân dụng","NganhNgheTitleAscii":"/nganh-nghe/xay-dung-cong-trinh-ky-thuat-dan-dung","DSTags":["1601042197","An Giang",null]},{"Type":11,"SolrID":"/0100106747-005-chi-nhanh-cty-cp-xnk-tap-pham-tai-ag","ID":0,"MaSoThue":"0100106747-005","NgayCap":"2009-02-08T00:00:00Z","Title":"Chi nhánh Cty CP XNK Tạp phẩm tại AG","DiaChiCongTy":"ấp 3, xã Vĩnh Xương - Thị xã Tân Châu - An Giang","Created":"2015-11-18T12:37:45Z","Updated":"2015-11-18T12:37:45Z","IsDelete":false,"RequestChanged":false,"ExitsInGDT":false,"SourceID":0,"TinhThanhID":0,"TinhThanhTitle":"An Giang","TinhThanhTitleAscii":"/an-giang","QuanHuyenID":0,"NganhNgheTitle":"Khai thác, nuôi trồng thuỷ sản","NganhNgheTitleAscii":"/nganh-nghe/khai-thac-nuoi-trong-thuy-san","DSTags":["0100106747-005","An Giang",null]},{"Type":11,"SolrID":"/1601028040-cty-tnhh-mot-thanh-vien-xd-tm-dai-duong","ID":0,"MaSoThue":"1601028040","NgayCap":"2009-02-05T00:00:00Z","Title":"Cty TNHH Một Thành Viên XD & TM Đại Dương","DiaChiCongTy":"Tổ 1, ấp 4, xã Vĩnh Xương - Thị xã Tân Châu - An Giang","Created":"2015-11-14T05:13:08Z","Updated":"2015-11-14T05:13:08Z","IsDelete":false,"RequestChanged":false,"ExitsInGDT":false,"SourceID":0,"TinhThanhID":0,"TinhThanhTitle":"An Giang","TinhThanhTitleAscii":"/an-giang","QuanHuyenID":0,"NganhNgheTitle":"Xây dựng công trình kỹ thuật dân dụng","NganhNgheTitleAscii":"/nganh-nghe/xay-dung-cong-trinh-ky-thuat-dan-dung","DSTags":["1601028040","An Giang",null]},{"Type":11,"SolrID":"/1601006784-cty-tnhh-mot-thanh-vien-tm-dv-hoang-nghia","ID":0,"MaSoThue":"1601006784","NgayCap":"2008-12-18T00:00:00Z","Title":"Cty TNHH Một Thành Viên TM & DV Hoàng Nghĩa","DiaChiCongTy":"36B Tuyến Dân Cư ấp 2, xã Vĩnh Xương - Thị xã Tân Châu - An Giang","Created":"2015-11-14T05:11:36Z","Updated":"2015-11-14T05:11:36Z","IsDelete":false,"RequestChanged":false,"ExitsInGDT":false,"SourceID":0,"TinhThanhID":0,"TinhThanhTitle":"An Giang","TinhThanhTitleAscii":"/an-giang","QuanHuyenID":0,"NganhNgheTitle":"Khai thác đá, cát, sỏi, đất sét","NganhNgheTitleAscii":"/nganh-nghe/khai-thac-da-cat-soi-dat-set","DSTags":["1601006784","An Giang",null]},{"Type":11,"SolrID":"/1600303689-doanh-nghiep-tu-nhan-kim-yen","ID":0,"MaSoThue":"1600303689","NgayCap":"2008-12-03T00:00:00Z","Title":"Doanh Nghiệp Tư Nhân Kim Yên","DiaChiCongTy":"Ấp 1, Xã Vĩnh Xương, Thị xã Tân Châu, Tỉnh An Giang","Created":"2017-11-05T16:35:01Z","Updated":"2017-11-05T16:35:01Z","IsDelete":false,"RequestChanged":false,"ExitsInGDT":false,"SourceID":0,"TinhThanhID":0,"TinhThanhTitle":"An Giang","TinhThanhTitleAscii":"/an-giang","QuanHuyenID":0,"DSTags":["1600303689","An Giang",null]},{"Type":11,"SolrID":"/1600987365-cty-tnhh-mot-thanh-vien-kim-hong","ID":0,"MaSoThue":"1600987365","NgayCap":"2008-11-21T00:00:00Z","Title":"Cty TNHH Một Thành Viên Kim Hồng","DiaChiCongTy":"ấp 3, xã Vĩnh Xương - Thị xã Tân Châu - An Giang","Created":"2015-11-14T05:10:41Z","Updated":"2015-11-14T05:10:41Z","IsDelete":false,"RequestChanged":false,"ExitsInGDT":false,"SourceID":0,"TinhThanhID":0,"TinhThanhTitle":"An Giang","TinhThanhTitleAscii":"/an-giang","QuanHuyenID":0,"NganhNgheTitle":"Bán buôn vật liệu, thiết bị lắp đặt khác trong xây dựng","NganhNgheTitleAscii":"/nganh-nghe/ban-buon-vat-lieu-thiet-bi-lap-dat-khac-trong-xay-dung","DSTags":["1600987365","An Giang",null]},{"Type":11,"SolrID":"/1600981187-cty-tnhh-xay-dung-thuong-mai-tu-ho","ID":0,"MaSoThue":"1600981187","NgayCap":"2008-10-21T00:00:00Z","Title":"Cty TNHH Xây Dựng Thương Mại Tư Hộ","DiaChiCongTy":"ấp 1, Xã Vĩnh Xương - Thị xã Tân Châu - An Giang","Created":"2015-11-14T05:10:24Z","Updated":"2015-11-14T05:10:24Z","IsDelete":false,"RequestChanged":false,"ExitsInGDT":false,"SourceID":0,"TinhThanhID":0,"TinhThanhTitle":"An Giang","TinhThanhTitleAscii":"/an-giang","QuanHuyenID":0,"NganhNgheTitle":"Xây dựng công trình kỹ thuật dân dụng","NganhNgheTitleAscii":"/nganh-nghe/xay-dung-cong-trinh-ky-thuat-dan-dung","DSTags":["1600981187","An Giang",null]},{"Type":11,"SolrID":"/1600977511-cong-ty-tnhh-mot-thanh-vien-truong-hoang-toan","ID":0,"MaSoThue":"1600977511","NgayCap":"2008-09-17T00:00:00Z","Title":"Công Ty TNHH Một Thành Viên Trương Hoàng Toàn","DiaChiCongTy":"ấp 3 - Xã Vĩnh Xương - Thị xã Tân Châu - An Giang","Created":"2015-11-11T06:43:18Z","Updated":"2016-09-11T04:48:08Z","IsDelete":false,"RequestChanged":false,"ExitsInGDT":false,"SourceID":0,"TinhThanhID":0,"TinhThanhTitle":"An Giang","TinhThanhTitleAscii":"/an-giang","QuanHuyenID":0,"DSTags":["1600977511","An Giang",null]},{"Type":11,"SolrID":"/1600973845-cty-tnhh-xd-thuong-mai-a-l","ID":0,"MaSoThue":"1600973845","NgayCap":"2008-08-15T00:00:00Z","Title":"Cty TNHH XD-Thương Mại  A & L","DiaChiCongTy":"ấp 5, xã Vĩnh Xương - Thị xã Tân Châu - An Giang","Created":"2015-11-09T04:33:12Z","Updated":"2015-11-09T04:33:12Z","IsDelete":false,"RequestChanged":false,"ExitsInGDT":false,"SourceID":0,"TinhThanhID":0,"TinhThanhTitle":"An Giang","TinhThanhTitleAscii":"/an-giang","QuanHuyenID":0,"NganhNgheTitle":"Xây dựng công trình kỹ thuật dân dụng","NganhNgheTitleAscii":"/nganh-nghe/xay-dung-cong-trinh-ky-thuat-dan-dung","DSTags":["1600973845","An Giang",null]},{"Type":11,"SolrID":"/1600969380-cong-ty-tnhh-mot-thanh-vien-hua-phap","ID":0,"MaSoThue":"1600969380","NgayCap":"2008-07-18T00:00:00Z","Title":"Công Ty TNHH Một Thành Viên Hua Pháp","DiaChiCongTy":"ấp 3 - Xã Vĩnh Xương - Thị xã Tân Châu - An Giang","Created":"2015-11-11T07:38:09Z","Updated":"2015-11-11T07:38:09Z","IsDelete":false,"RequestChanged":false,"ExitsInGDT":false,"SourceID":0,"TinhThanhID":0,"TinhThanhTitle":"An Giang","TinhThanhTitleAscii":"/an-giang","QuanHuyenID":0,"NganhNgheTitle":"Bán buôn nông, lâm sản nguyên liệu (trừ gỗ, tre, nứa) và động vật sống","NganhNgheTitleAscii":"/nganh-nghe/ban-buon-nong-lam-san-nguyen-lieu-tru-go-tre-nua-va-dong-vat-song","DSTags":["1600969380","An Giang",null]},{"Type":11,"SolrID":"/1600947066-cong-ty-tnhh-thuong-mai-dich-vu-xay-dung-quang-thuy","ID":0,"MaSoThue":"1600947066","NgayCap":"2008-03-11T00:00:00Z","Title":"Công ty TNHH Thương Mại - Dịch Vụ Xây Dựng Quang Thuỳ","DiaChiCongTy":"131/B Khu Dân Cư ấp 2, xã Vĩnh Xương - Thị xã Tân Châu - An Giang","Created":"2015-11-14T05:08:54Z","Updated":"2015-11-14T05:08:54Z","IsDelete":false,"RequestChanged":false,"ExitsInGDT":false,"SourceID":0,"TinhThanhID":0,"TinhThanhTitle":"An Giang","TinhThanhTitleAscii":"/an-giang","QuanHuyenID":0,"NganhNgheTitle":"Xây dựng công trình kỹ thuật dân dụng","NganhNgheTitleAscii":"/nganh-nghe/xay-dung-cong-trinh-ky-thuat-dan-dung","DSTags":["1600947066","An Giang",null]},{"Type":11,"SolrID":"/1300279266-002-chi-nhanh-dntn-hiep-hoa-phat","ID":0,"MaSoThue":"1300279266-002","NgayCap":"2007-12-20T00:00:00Z","Title":"Chi Nhánh DNTN Hiệp Hoà Phát","DiaChiCongTy":"ấp 1, xã Vĩnh Xương - Thị xã Tân Châu - An Giang","Created":"2015-11-11T05:43:07Z","Updated":"2015-11-11T05:43:07Z","IsDelete":false,"RequestChanged":false,"ExitsInGDT":false,"SourceID":0,"TinhThanhID":0,"TinhThanhTitle":"An Giang","TinhThanhTitleAscii":"/an-giang","QuanHuyenID":0,"NganhNgheTitle":"Khai thác đá, cát, sỏi, đất sét","NganhNgheTitleAscii":"/nganh-nghe/khai-thac-da-cat-soi-dat-set","DSTags":["1300279266-002","An Giang",null]},{"Type":11,"SolrID":"/1600926796-cty-tnhh-sx-xd-tm-dich-vu-ban-doi","ID":0,"MaSoThue":"1600926796","NgayCap":"2007-12-20T00:00:00Z","Title":"Cty TNHH SX - XD- TM- Dịch Vụ Bạn Đời","DiaChiCongTy":"Tuyến Dân Cư ấp 1, xã Vĩnh Xương - Thị xã Tân Châu - An Giang","Created":"2015-11-13T22:40:39Z","Updated":"2015-11-13T22:40:39Z","IsDelete":false,"RequestChanged":false,"ExitsInGDT":false,"SourceID":0,"TinhThanhID":0,"TinhThanhTitle":"An Giang","TinhThanhTitleAscii":"/an-giang","QuanHuyenID":0,"NganhNgheTitle":"Xây dựng công trình kỹ thuật dân dụng","NganhNgheTitleAscii":"/nganh-nghe/xay-dung-cong-trinh-ky-thuat-dan-dung","DSTags":["1600926796","An Giang",null]},{"Type":11,"SolrID":"/1600839046-cong-ty-tnhh-dich-vu-thuong-mai-xuat-nhap-khau-gia-huy","ID":0,"MaSoThue":"1600839046","NgayCap":"2006-05-11T00:00:00Z","Title":"Công ty TNHH Dịch vụ - Thương mại Xuất nhập khẩu Gia Huy","DiaChiCongTy":"ấp 1, xã Vĩnh Xương - Thị xã Tân Châu - An Giang","Created":"2015-11-13T22:44:18Z","Updated":"2015-11-13T22:44:18Z","IsDelete":false,"RequestChanged":false,"ExitsInGDT":false,"SourceID":0,"TinhThanhID":0,"TinhThanhTitle":"An Giang","TinhThanhTitleAscii":"/an-giang","QuanHuyenID":0,"NganhNgheTitle":"Bán buôn ô tô và xe có động cơ khác","NganhNgheTitleAscii":"/nganh-nghe/ban-buon-o-to-va-xe-co-dong-co-khac","DSTags":["1600839046","An Giang",null]},{"Type":11,"SolrID":"/1600836775-cong-ty-tnhh-thuong-mai-dich-vu-xay-dung-nguyen-gia","ID":0,"MaSoThue":"1600836775","NgayCap":"2006-04-26T00:00:00Z","Title":"Công ty TNHH Thương mại - Dịch vụ Xây dựng Nguyễn Gia","DiaChiCongTy":"Tổ 5, ấp 3, xã Vĩnh Xương - Thị xã Tân Châu - An Giang","Created":"2015-11-13T22:44:45Z","Updated":"2015-11-13T22:44:45Z","IsDelete":false,"RequestChanged":false,"ExitsInGDT":false,"SourceID":0,"TinhThanhID":0,"TinhThanhTitle":"An Giang","TinhThanhTitleAscii":"/an-giang","QuanHuyenID":0,"NganhNgheTitle":"Xây dựng công trình kỹ thuật dân dụng","NganhNgheTitleAscii":"/nganh-nghe/xay-dung-cong-trinh-ky-thuat-dan-dung","DSTags":["1600836775","An Giang",null]},{"Type":11,"SolrID":"/1600834087-doanh-nghiep-tn-dich-vu-thuong-mai-tan-long-phat","ID":0,"MaSoThue":"1600834087","NgayCap":"2006-03-28T00:00:00Z","Title":"Doanh Nghiệp TN Dịch Vụ Thương Mại Tân Long Phát","DiaChiCongTy":"Tổ 1, ấp 1 - Xã Vĩnh Xương - Thị xã Tân Châu - An Giang","Created":"2015-11-17T04:22:10Z","Updated":"2015-11-17T04:22:10Z","IsDelete":false,"RequestChanged":false,"ExitsInGDT":false,"SourceID":0,"TinhThanhID":0,"TinhThanhTitle":"An Giang","TinhThanhTitleAscii":"/an-giang","QuanHuyenID":0,"NganhNgheTitle":"Bán buôn nông, lâm sản nguyên liệu (trừ gỗ, tre, nứa) và động vật sống","NganhNgheTitleAscii":"/nganh-nghe/ban-buon-nong-lam-san-nguyen-lieu-tru-go-tre-nua-va-dong-vat-song","DSTags":["1600834087","An Giang",null]},{"Type":11,"SolrID":"/1600777449-hop-tac-xa-nong-nghiep-tan-tien","ID":0,"MaSoThue":"1600777449","NgayCap":"2005-04-19T00:00:00Z","Title":"Hợp tác xã Nông nghiệp Tân Tiến","DiaChiCongTy":"Tổ 1 ấp 4, xã Vĩnh Xương - Thị xã Tân Châu - An Giang","Created":"2015-11-17T04:50:35Z","Updated":"2015-11-17T04:50:35Z","IsDelete":false,"RequestChanged":false,"ExitsInGDT":false,"SourceID":0,"TinhThanhID":0,"TinhThanhTitle":"An Giang","TinhThanhTitleAscii":"/an-giang","QuanHuyenID":0,"NganhNgheTitle":"Hoạt động dịch vụ nông nghiệp","NganhNgheTitleAscii":"/nganh-nghe/hoat-dong-dich-vu-nong-nghiep","DSTags":["1600777449","An Giang",null]},{"Type":11,"SolrID":"/1600776678-cong-ty-tnhh-dich-vu-thuong-mai-xuat-nhap-khau-huy-thinh","ID":0,"MaSoThue":"1600776678","NgayCap":"2005-04-13T00:00:00Z","Title":"Công ty TNHH dịch vụ - thương mại xuất nhập khẩu Huy Thịnh","DiaChiCongTy":"ấp I, xã Vĩnh Xương - Thị xã Tân Châu - An Giang","Created":"2015-11-13T22:46:26Z","Updated":"2015-11-13T22:46:26Z","IsDelete":false,"RequestChanged":false,"ExitsInGDT":false,"SourceID":0,"TinhThanhID":0,"TinhThanhTitle":"An Giang","TinhThanhTitleAscii":"/an-giang","QuanHuyenID":0,"NganhNgheTitle":"Bán lẻ hàng hóa khác trong các cửa hàng chuyên doanh","NganhNgheTitleAscii":"/nganh-nghe/ban-le-hang-hoa-khac-trong-cac-cua-hang-chuyen-doanh","DSTags":["1600776678","An Giang",null]},{"Type":11,"SolrID":"/1600769487-truong-tieu-hoc-a-vinh-xuong","ID":0,"MaSoThue":"1600769487","NgayCap":"2005-03-15T00:00:00Z","Title":"Trường Tiểu học A Vĩnh Xương","DiaChiCongTy":"ấp 2, xã Vĩnh Xương - Thị xã Tân Châu - An Giang","Created":"2015-11-16T16:39:53Z","Updated":"2015-11-16T16:39:53Z","IsDelete":false,"RequestChanged":false,"ExitsInGDT":false,"SourceID":0,"TinhThanhID":0,"TinhThanhTitle":"An Giang","TinhThanhTitleAscii":"/an-giang","QuanHuyenID":0,"NganhNgheTitle":"Giáo dục tiểu học","NganhNgheTitleAscii":"/nganh-nghe/giao-duc-tieu-hoc","DSTags":["1600769487","An Giang",null]},{"Type":11,"SolrID":"/1600768187-truong-tieu-hoc-c-vinh-xuong","ID":0,"MaSoThue":"1600768187","NgayCap":"2005-03-08T00:00:00Z","Title":"Trường Tiểu học C Vĩnh Xương","DiaChiCongTy":"ấp 5, xã Vĩnh Xương - Thị xã Tân Châu - An Giang","Created":"2015-11-16T16:39:10Z","Updated":"2015-11-16T16:39:10Z","IsDelete":false,"RequestChanged":false,"ExitsInGDT":false,"SourceID":0,"TinhThanhID":0,"TinhThanhTitle":"An Giang","TinhThanhTitleAscii":"/an-giang","QuanHuyenID":0,"NganhNgheTitle":"Giáo dục tiểu học","NganhNgheTitleAscii":"/nganh-nghe/giao-duc-tieu-hoc","DSTags":["1600768187","An Giang",null]},{"Type":11,"SolrID":"/1600767761-truong-mau-giao-vinh-xuong","ID":0,"MaSoThue":"1600767761","NgayCap":"2005-03-01T00:00:00Z","Title":"Trường Mẫu giáo Vĩnh Xương","DiaChiCongTy":"ấp 2, xã Vĩnh Xương - Thị xã Tân Châu - An Giang","Created":"2015-11-16T16:38:10Z","Updated":"2015-11-16T16:38:10Z","IsDelete":false,"RequestChanged":false,"ExitsInGDT":false,"SourceID":0,"TinhThanhID":0,"TinhThanhTitle":"An Giang","TinhThanhTitleAscii":"/an-giang","QuanHuyenID":0,"NganhNgheTitle":"Giáo dục mầm non","NganhNgheTitleAscii":"/nganh-nghe/giao-duc-mam-non","DSTags":["1600767761","An Giang",null]},{"Type":11,"SolrID":"/1600753945-truong-tieu-hoc-b-vinh-xuong","ID":0,"MaSoThue":"1600753945","NgayCap":"2004-12-09T00:00:00Z","Title":"Trường Tiểu học B Vĩnh Xương","DiaChiCongTy":"ấp 4, xã Vĩnh Xương - Thị xã Tân Châu - An Giang","Created":"2015-11-16T16:24:22Z","Updated":"2015-11-16T16:24:22Z","IsDelete":false,"RequestChanged":false,"ExitsInGDT":false,"SourceID":0,"TinhThanhID":0,"TinhThanhTitle":"An Giang","TinhThanhTitleAscii":"/an-giang","QuanHuyenID":0,"NganhNgheTitle":"Giáo dục tiểu học","NganhNgheTitleAscii":"/nganh-nghe/giao-duc-tieu-hoc","DSTags":["1600753945","An Giang",null]},{"Type":11,"SolrID":"/1600726677-truong-trung-hoc-co-so-vinh-xuong","ID":0,"MaSoThue":"1600726677","NgayCap":"2004-09-23T00:00:00Z","Title":"Trường Trung học Cơ sở Vĩnh Xương","DiaChiCongTy":"xã Vĩnh Xương - Thị xã Tân Châu - An Giang","Created":"2015-11-16T16:20:53Z","Updated":"2015-11-16T16:20:53Z","IsDelete":false,"RequestChanged":false,"ExitsInGDT":false,"SourceID":0,"TinhThanhID":0,"TinhThanhTitle":"An Giang","TinhThanhTitleAscii":"/an-giang","QuanHuyenID":0,"NganhNgheTitle":"Giáo dục trung học cơ sở và trung học phổ thông","NganhNgheTitleAscii":"/nganh-nghe/giao-duc-trung-hoc-co-so-va-trung-hoc-pho-thong","DSTags":["1600726677","An Giang",null]},{"Type":11,"SolrID":"/1600720763-doanh-nghiep-tn-xuyen-hau","ID":0,"MaSoThue":"1600720763","NgayCap":"2004-09-08T00:00:00Z","Title":"Doanh Nghiệp TN Xuyên Hậu","DiaChiCongTy":"ấp 4 - Xã Vĩnh Xương - Thị xã Tân Châu - An Giang","Created":"2015-11-11T07:26:51Z","Updated":"2015-11-11T07:26:51Z","IsDelete":false,"RequestChanged":false,"ExitsInGDT":false,"SourceID":0,"TinhThanhID":0,"TinhThanhTitle":"An Giang","TinhThanhTitleAscii":"/an-giang","QuanHuyenID":0,"NganhNgheTitle":"Sản xuất, phân phối hơi nước, nước nóng, điều hoà không khí và sản xuất nước đá","NganhNgheTitleAscii":"/nganh-nghe/san-xuat-phan-phoi-hoi-nuoc-nuoc-nong-dieu-hoa-khong-khi-va-san-xuat-nuoc-da","DSTags":["1600720763","An Giang",null]},{"Type":11,"SolrID":"/1600607461-doanh-nghiep-tn-xang-dau-hoang-dang","ID":0,"MaSoThue":"1600607461","NgayCap":"2004-08-24T00:00:00Z","Title":"Doanh Nghiệp TN Xăng Dầu Hoàng Đặng","DiaChiCongTy":"ấp 5 - Xã Vĩnh Xương - Thị xã Tân Châu - An Giang","Created":"2015-11-09T14:09:31Z","Updated":"2015-11-09T14:09:31Z","IsDelete":false,"RequestChanged":false,"ExitsInGDT":false,"SourceID":0,"TinhThanhID":0,"TinhThanhTitle":"An Giang","TinhThanhTitleAscii":"/an-giang","QuanHuyenID":0,"NganhNgheTitle":"Bán buôn nhiên liệu rắn, lỏng, khí và các sản phẩm liên quan","NganhNgheTitleAscii":"/nganh-nghe/ban-buon-nhien-lieu-ran-long-khi-va-cac-san-pham-lien-quan","DSTags":["1600607461","An Giang",null]},{"Type":11,"SolrID":"/1600520161-doanh-nghiep-tn-thuy-an","ID":0,"MaSoThue":"1600520161","NgayCap":"2004-03-03T00:00:00Z","Title":"Doanh Nghiệp TN Thúy An","DiaChiCongTy":"Tổ 4, ấp 1 - Xã Vĩnh Xương - Thị xã Tân Châu - An Giang","Created":"2015-11-17T04:58:09Z","Updated":"2015-11-17T04:58:09Z","IsDelete":false,"RequestChanged":false,"ExitsInGDT":false,"SourceID":0,"TinhThanhID":0,"TinhThanhTitle":"An Giang","TinhThanhTitleAscii":"/an-giang","QuanHuyenID":0,"NganhNgheTitle":"Bán buôn nhiên liệu rắn, lỏng, khí và các sản phẩm liên quan","NganhNgheTitleAscii":"/nganh-nghe/ban-buon-nhien-lieu-ran-long-khi-va-cac-san-pham-lien-quan","DSTags":["1600520161","An Giang",null]},{"Type":11,"SolrID":"/1600679120-truong-trung-hoc-pho-thong-vinh-xuong","ID":0,"MaSoThue":"1600679120","NgayCap":"2004-01-28T00:00:00Z","Title":"Trường Trung học Phổ thông Vĩnh Xương","DiaChiCongTy":"ấp 4, xã Vĩnh Xương - Thị xã Tân Châu - An Giang","Created":"2015-11-16T15:38:23Z","Updated":"2015-11-16T15:38:23Z","IsDelete":false,"RequestChanged":false,"ExitsInGDT":false,"SourceID":0,"TinhThanhID":0,"TinhThanhTitle":"An Giang","TinhThanhTitleAscii":"/an-giang","QuanHuyenID":0,"NganhNgheTitle":"Giáo dục trung học cơ sở và trung học phổ thông","NganhNgheTitleAscii":"/nganh-nghe/giao-duc-trung-hoc-co-so-va-trung-hoc-pho-thong","DSTags":["1600679120","An Giang",null]},{"Type":11,"SolrID":"/1600374601-uy-ban-nhan-dan-xa-vinh-xuong","ID":0,"MaSoThue":"1600374601","NgayCap":"1998-11-25T00:00:00Z","Title":"Uỷ Ban Nhân Dân xã                                Vĩnh Xương","DiaChiCongTy":"Xã Vĩnh Xương - Thị xã Tân Châu - An Giang","Created":"2015-11-14T17:13:44Z","Updated":"2015-11-14T17:13:44Z","IsDelete":false,"RequestChanged":false,"ExitsInGDT":false,"SourceID":0,"TinhThanhID":0,"TinhThanhTitle":"An Giang","TinhThanhTitleAscii":"/an-giang","QuanHuyenID":0,"NganhNgheTitle":"Hoạt động quản lý nhà nước nói chung và kinh tế tổng hợp","NganhNgheTitleAscii":"/nganh-nghe/hoat-dong-quan-ly-nha-nuoc-noi-chung-va-kinh-te-tong-hop","DSTags":["1600374601","An Giang",null]}]}