{"ID":6950,"SolrID":"/an-giang/thi-xa-tan-chau/xa-vinh-hoa","Title":"Xã Vĩnh Hoà","TinhThanhTitle":"An Giang","QuanHuyenTitle":"Thị Xã Tân Châu","QuanHuyenID":215,"TinhThanhID":35,"Url":"https://thongtindoanhnghiep.co/api/company?l=/an-giang/thi-xa-tan-chau/xa-vinh-hoa","Total":83,"List":[{"Type":11,"SolrID":"/1602149922-cong-ty-tnhh-vlxd-quo-c-khoa","ID":0,"MaSoThue":"1602149922","NgayCap":"2021-07-28T00:00:00Z","Title":"Công Ty TNHH Vlxd Quốc Khoa","DiaChiCongTy":"Tổ 1, ấp Vĩnh Bường, Xã Vĩnh Hòa, Thị xã Tân Châu, Tỉnh An Giang","Created":"2021-07-28T08:35:44Z","Updated":"2021-07-28T08:35:44Z","IsDelete":false,"RequestChanged":false,"ExitsInGDT":false,"SourceID":0,"TinhThanhID":0,"TinhThanhTitle":"An Giang","TinhThanhTitleAscii":"/an-giang","QuanHuyenID":0,"NganhNgheTitle":"Bán buôn vật liệu, thiết bị lắp đặt khác trong xây dựng","NganhNgheTitleAscii":"/nganh-nghe/ban-buon-vat-lieu-thiet-bi-lap-dat-khac-trong-xay-dung","DSTags":["1602149922","An Giang",null]},{"Type":11,"SolrID":"/1602147114-cong-ty-tnhh-an-khang-tc","ID":0,"MaSoThue":"1602147114","NgayCap":"2021-05-13T00:00:00Z","Title":"Công Ty TNHH An Khang Tc","DiaChiCongTy":"Ấp Vĩnh Bường, Xã Vĩnh Hòa, Thị xã Tân Châu, Tỉnh An Giang","Created":"2021-05-13T14:37:41Z","Updated":"2021-05-13T14:37:41Z","IsDelete":false,"RequestChanged":false,"ExitsInGDT":false,"SourceID":0,"TinhThanhID":0,"TinhThanhTitle":"An Giang","TinhThanhTitleAscii":"/an-giang","QuanHuyenID":0,"NganhNgheTitle":"Bán buôn vật liệu, thiết bị lắp đặt khác trong xây dựng","NganhNgheTitleAscii":"/nganh-nghe/ban-buon-vat-lieu-thiet-bi-lap-dat-khac-trong-xay-dung","DSTags":["1602147114","An Giang",null]},{"Type":11,"SolrID":"/1602146907-cong-ty-tnhh-xay-dung-dich-vu-thuong-mai-hoa-nam","ID":0,"MaSoThue":"1602146907","NgayCap":"2021-05-07T00:00:00Z","Title":"Công Ty TNHH Xây Dựng Dịch Vụ Thương Mại Hoa Nam","DiaChiCongTy":"Ấp Vĩnh An, Xã Vĩnh Hòa, Thị xã Tân Châu, Tỉnh An Giang","Created":"2021-05-07T14:37:26Z","Updated":"2021-05-07T14:37:26Z","IsDelete":false,"RequestChanged":false,"ExitsInGDT":false,"SourceID":0,"TinhThanhID":0,"TinhThanhTitle":"An Giang","TinhThanhTitleAscii":"/an-giang","QuanHuyenID":0,"NganhNgheTitle":"Bán buôn vật liệu, thiết bị lắp đặt khác trong xây dựng","NganhNgheTitleAscii":"/nganh-nghe/ban-buon-vat-lieu-thiet-bi-lap-dat-khac-trong-xay-dung","DSTags":["1602146907","An Giang",null]},{"Type":11,"SolrID":"/1602145043-cong-ty-tnhh-co-vy","ID":0,"MaSoThue":"1602145043","NgayCap":"2021-04-05T00:00:00Z","Title":"Công Ty TNHH Cô Vy","DiaChiCongTy":"Tổ 2, ấp Vĩnh Thạnh A, Xã Vĩnh Hòa, Thị xã Tân Châu, Tỉnh An Giang","Created":"2021-04-05T09:36:04Z","Updated":"2021-04-05T09:36:04Z","IsDelete":false,"RequestChanged":false,"ExitsInGDT":false,"SourceID":0,"TinhThanhID":0,"TinhThanhTitle":"An Giang","TinhThanhTitleAscii":"/an-giang","QuanHuyenID":0,"NganhNgheTitle":"Bán buôn vật liệu, thiết bị lắp đặt khác trong xây dựng","NganhNgheTitleAscii":"/nganh-nghe/ban-buon-vat-lieu-thiet-bi-lap-dat-khac-trong-xay-dung","DSTags":["1602145043","An Giang",null]},{"Type":11,"SolrID":"/1602143751-cong-ty-tnhh-thuong-mai-dich-vu-cat-tan-chau","ID":0,"MaSoThue":"1602143751","NgayCap":"2021-03-18T00:00:00Z","Title":"Công Ty TNHH Thương Mại Dịch Vụ Cát Tân Châu","DiaChiCongTy":"Tổ 2, Ấp Vĩnh Bường, Xã Vĩnh Hòa, Thị xã Tân Châu, Tỉnh An Giang","Created":"2021-03-18T16:36:39Z","Updated":"2021-03-18T16:36:39Z","IsDelete":false,"RequestChanged":false,"ExitsInGDT":false,"SourceID":0,"TinhThanhID":0,"TinhThanhTitle":"An Giang","TinhThanhTitleAscii":"/an-giang","QuanHuyenID":0,"NganhNgheTitle":"Bán buôn vật liệu, thiết bị lắp đặt khác trong xây dựng","NganhNgheTitleAscii":"/nganh-nghe/ban-buon-vat-lieu-thiet-bi-lap-dat-khac-trong-xay-dung","DSTags":["1602143751","An Giang",null]},{"Type":11,"SolrID":"/1602141507-cong-ty-tnhh-xay-dung-thuong-mai-van-tai-dai-phuc","ID":0,"MaSoThue":"1602141507","NgayCap":"2021-02-22T00:00:00Z","Title":"Công Ty TNHH Xây Dựng Thương Mại Vận Tải Đại Phúc","DiaChiCongTy":"ấp Vĩnh An, Xã Vĩnh Hòa, Thị xã Tân Châu, Tỉnh An Giang","Created":"2021-02-22T10:46:21Z","Updated":"2021-02-22T10:46:21Z","IsDelete":false,"RequestChanged":false,"ExitsInGDT":false,"SourceID":0,"TinhThanhID":0,"TinhThanhTitle":"An Giang","TinhThanhTitleAscii":"/an-giang","QuanHuyenID":0,"NganhNgheTitle":"Bán buôn vật liệu, thiết bị lắp đặt khác trong xây dựng","NganhNgheTitleAscii":"/nganh-nghe/ban-buon-vat-lieu-thiet-bi-lap-dat-khac-trong-xay-dung","DSTags":["1602141507","An Giang",null]},{"Type":11,"SolrID":"/1602141497-cong-ty-tnhh-xay-dung-thuong-mai-van-tai-ly-gia","ID":0,"MaSoThue":"1602141497","NgayCap":"2021-02-21T00:00:00Z","Title":"Công Ty TNHH Xây Dựng Thương Mại Vận Tải Lý Gia","DiaChiCongTy":"ấp Vĩnh An, Xã Vĩnh Hòa, Thị xã Tân Châu, Tỉnh An Giang","Created":"2021-02-21T16:35:28Z","Updated":"2021-02-21T16:35:28Z","IsDelete":false,"RequestChanged":false,"ExitsInGDT":false,"SourceID":0,"TinhThanhID":0,"TinhThanhTitle":"An Giang","TinhThanhTitleAscii":"/an-giang","QuanHuyenID":0,"NganhNgheTitle":"Bán buôn vật liệu, thiết bị lắp đặt khác trong xây dựng","NganhNgheTitleAscii":"/nganh-nghe/ban-buon-vat-lieu-thiet-bi-lap-dat-khac-trong-xay-dung","DSTags":["1602141497","An Giang",null]},{"Type":11,"SolrID":"/1602139064-cong-ty-tnhh-vlxd-nghia-hiep","ID":0,"MaSoThue":"1602139064","NgayCap":"2021-01-13T00:00:00Z","Title":"Công Ty TNHH Vlxd Nghĩa Hiệp","DiaChiCongTy":"ấp Vĩnh Thạnh B, Xã Vĩnh Hòa, Thị xã Tân Châu, Tỉnh An Giang","Created":"2021-01-13T09:37:30Z","Updated":"2021-01-13T09:37:30Z","IsDelete":false,"RequestChanged":false,"ExitsInGDT":false,"SourceID":0,"TinhThanhID":0,"TinhThanhTitle":"An Giang","TinhThanhTitleAscii":"/an-giang","QuanHuyenID":0,"NganhNgheTitle":"Bán buôn vật liệu, thiết bị lắp đặt khác trong xây dựng","NganhNgheTitleAscii":"/nganh-nghe/ban-buon-vat-lieu-thiet-bi-lap-dat-khac-trong-xay-dung","DSTags":["1602139064","An Giang",null]},{"Type":11,"SolrID":"/1602136786-cong-ty-tnhh-thuong-mai-dich-vu-xay-dung-nguyen-hiep","ID":0,"MaSoThue":"1602136786","NgayCap":"2020-12-18T00:00:00Z","Title":"Công Ty TNHH Thương Mại Dich Vụ Xây Dựng Nguyễn Hiệp","DiaChiCongTy":"Số 669, Tổ 3, Ấp Vĩnh Bường, Xã Vĩnh Hòa, Thị xã Tân Châu, Tỉnh An Giang","Created":"2020-12-18T07:35:31Z","Updated":"2020-12-18T07:35:31Z","IsDelete":false,"RequestChanged":false,"ExitsInGDT":false,"SourceID":0,"TinhThanhID":0,"TinhThanhTitle":"An Giang","TinhThanhTitleAscii":"/an-giang","QuanHuyenID":0,"NganhNgheTitle":"Bán buôn vật liệu, thiết bị lắp đặt khác trong xây dựng","NganhNgheTitleAscii":"/nganh-nghe/ban-buon-vat-lieu-thiet-bi-lap-dat-khac-trong-xay-dung","DSTags":["1602136786","An Giang",null]},{"Type":11,"SolrID":"/1602136899-cong-ty-tnhh-huynh-dang-khoi","ID":0,"MaSoThue":"1602136899","NgayCap":"2020-12-18T00:00:00Z","Title":"Công Ty TNHH Huỳnh Đăng Khôi","DiaChiCongTy":"ấp Vĩnh An, Xã Vĩnh Hòa, Thị xã Tân Châu, Tỉnh An Giang","Created":"2020-12-18T13:35:33Z","Updated":"2020-12-18T13:35:33Z","IsDelete":false,"RequestChanged":false,"ExitsInGDT":false,"SourceID":0,"TinhThanhID":0,"TinhThanhTitle":"An Giang","TinhThanhTitleAscii":"/an-giang","QuanHuyenID":0,"NganhNgheTitle":"Bán buôn vật liệu, thiết bị lắp đặt khác trong xây dựng","NganhNgheTitleAscii":"/nganh-nghe/ban-buon-vat-lieu-thiet-bi-lap-dat-khac-trong-xay-dung","DSTags":["1602136899","An Giang",null]},{"Type":11,"SolrID":"/1602082107-cong-ty-tnhh-vat-lieu-xay-dung-phuc-an-thinh","ID":0,"MaSoThue":"1602082107","NgayCap":"2018-10-03T00:00:00Z","Title":"Công Ty TNHH Vật Liệu Xây Dựng Phúc An Thịnh","DiaChiCongTy":"Ấp Vĩnh Lạc, Xã Vĩnh Hòa, Thị xã Tân Châu, Tỉnh An Giang","Created":"2018-10-03T08:04:09Z","Updated":"2018-10-03T08:04:09Z","IsDelete":false,"RequestChanged":false,"ExitsInGDT":false,"SourceID":0,"TinhThanhID":0,"TinhThanhTitle":"An Giang","TinhThanhTitleAscii":"/an-giang","QuanHuyenID":0,"NganhNgheTitle":"Bán buôn vật liệu, thiết bị lắp đặt khác trong xây dựng","NganhNgheTitleAscii":"/nganh-nghe/ban-buon-vat-lieu-thiet-bi-lap-dat-khac-trong-xay-dung","DSTags":["1602082107","An Giang",null]},{"Type":11,"SolrID":"/1602081505-cong-ty-tnhh-mot-thanh-vien-thanh-van-tan-chau","ID":0,"MaSoThue":"1602081505","NgayCap":"2018-09-24T00:00:00Z","Title":"Công Ty TNHH Một Thành Viên Thanh Vân Tân Châu","DiaChiCongTy":"Số nhà 06, Ấp Vĩnh Thạnh A, Xã Vĩnh Hòa, Thị xã Tân Châu, Tỉnh An Giang","Created":"2018-09-24T17:35:35Z","Updated":"2018-09-24T17:35:35Z","IsDelete":false,"RequestChanged":false,"ExitsInGDT":false,"SourceID":0,"TinhThanhID":0,"TinhThanhTitle":"An Giang","TinhThanhTitleAscii":"/an-giang","QuanHuyenID":0,"NganhNgheTitle":"Bán buôn vật liệu, thiết bị lắp đặt khác trong xây dựng","NganhNgheTitleAscii":"/nganh-nghe/ban-buon-vat-lieu-thiet-bi-lap-dat-khac-trong-xay-dung","DSTags":["1602081505","An Giang",null]},{"Type":11,"SolrID":"/1602078580-cong-ty-tnhh-thuong-mai-dich-vu-xuat-nhap-khau-hoang-sa","ID":0,"MaSoThue":"1602078580","NgayCap":"2018-08-14T00:00:00Z","Title":"Công Ty TNHH Thương Mại Dịch Vụ Xuất Nhập Khẩu Hoàng Sa","DiaChiCongTy":"Ấp Vĩnh Bường, Xã Vĩnh Hòa, Thị xã Tân Châu, Tỉnh An Giang","Created":"2018-08-14T10:11:12Z","Updated":"2018-08-14T10:11:12Z","IsDelete":false,"RequestChanged":false,"ExitsInGDT":false,"SourceID":0,"TinhThanhID":0,"TinhThanhTitle":"An Giang","TinhThanhTitleAscii":"/an-giang","QuanHuyenID":0,"NganhNgheTitle":"Bán buôn vật liệu, thiết bị lắp đặt khác trong xây dựng","NganhNgheTitleAscii":"/nganh-nghe/ban-buon-vat-lieu-thiet-bi-lap-dat-khac-trong-xay-dung","DSTags":["1602078580","An Giang",null]},{"Type":11,"SolrID":"/1602078277-cong-ty-tnhh-thuong-mai-dich-vu-xuat-nhap-khau-cat-hong-duc","ID":0,"MaSoThue":"1602078277","NgayCap":"2018-08-08T00:00:00Z","Title":"Công Ty TNHH Thương Mại Dịch Vụ Xuất Nhập Khẩu Cát Hồng Đức","DiaChiCongTy":"Tổ 4, Ấp Vĩnh Thạnh A, Xã Vĩnh Hòa, Thị xã Tân Châu, Tỉnh An Giang","Created":"2018-08-08T17:04:33Z","Updated":"2018-08-08T17:04:33Z","IsDelete":false,"RequestChanged":false,"ExitsInGDT":false,"SourceID":0,"TinhThanhID":0,"TinhThanhTitle":"An Giang","TinhThanhTitleAscii":"/an-giang","QuanHuyenID":0,"NganhNgheTitle":"Bán buôn vật liệu, thiết bị lắp đặt khác trong xây dựng","NganhNgheTitleAscii":"/nganh-nghe/ban-buon-vat-lieu-thiet-bi-lap-dat-khac-trong-xay-dung","DSTags":["1602078277","An Giang",null]},{"Type":11,"SolrID":"/1602077467-cong-ty-tnhh-xay-dung-viet-phat-an-giang","ID":0,"MaSoThue":"1602077467","NgayCap":"2018-07-30T00:00:00Z","Title":"Công Ty TNHH Xây Dựng Việt Phát An Giang","DiaChiCongTy":"Tổ 2, Ấp Vĩnh Bường, Xã Vĩnh Hòa, Thị xã Tân Châu, Tỉnh An Giang","Created":"2018-07-30T08:34:18Z","Updated":"2018-07-30T08:34:18Z","IsDelete":false,"RequestChanged":false,"ExitsInGDT":false,"SourceID":0,"TinhThanhID":0,"TinhThanhTitle":"An Giang","TinhThanhTitleAscii":"/an-giang","QuanHuyenID":0,"NganhNgheTitle":"Bán buôn vật liệu, thiết bị lắp đặt khác trong xây dựng","NganhNgheTitleAscii":"/nganh-nghe/ban-buon-vat-lieu-thiet-bi-lap-dat-khac-trong-xay-dung","DSTags":["1602077467","An Giang",null]},{"Type":11,"SolrID":"/1602076625-doanh-nghiep-tn-hoa-chi-cho-ngoc-duyen","ID":0,"MaSoThue":"1602076625","NgayCap":"2018-07-16T00:00:00Z","Title":"Doanh Nghiệp Tn Hoa Chi Chợ Ngọc Duyên","DiaChiCongTy":"Ấp Vĩnh Thạnh C, Xã Vĩnh Hòa, Thị xã Tân Châu, Tỉnh An Giang","Created":"2018-07-16T09:57:02Z","Updated":"2018-07-16T09:57:02Z","IsDelete":false,"RequestChanged":false,"ExitsInGDT":false,"SourceID":0,"TinhThanhID":0,"TinhThanhTitle":"An Giang","TinhThanhTitleAscii":"/an-giang","QuanHuyenID":0,"NganhNgheTitle":"Hoạt động dịch vụ hỗ trợ kinh doanh khác còn lại chưa được phân vào đâu","NganhNgheTitleAscii":"/nganh-nghe/hoat-dong-dich-vu-ho-tro-kinh-doanh-khac-con-lai-chua-duoc-phan-vao-dau","DSTags":["1602076625","An Giang",null]},{"Type":11,"SolrID":"/1602076618-cong-ty-tnhh-dich-vu-thuong-mai-va-van-tai-gia-thien","ID":0,"MaSoThue":"1602076618","NgayCap":"2018-07-16T00:00:00Z","Title":"Công Ty TNHH Dịch Vụ Thương Mại Và Vận Tải Gia Thiên","DiaChiCongTy":"Ấp Vĩnh Bường, Xã Vĩnh Hòa, Thị xã Tân Châu, Tỉnh An Giang","Created":"2018-07-16T10:05:09Z","Updated":"2018-07-16T10:05:09Z","IsDelete":false,"RequestChanged":false,"ExitsInGDT":false,"SourceID":0,"TinhThanhID":0,"TinhThanhTitle":"An Giang","TinhThanhTitleAscii":"/an-giang","QuanHuyenID":0,"NganhNgheTitle":"Bán buôn vật liệu, thiết bị lắp đặt khác trong xây dựng","NganhNgheTitleAscii":"/nganh-nghe/ban-buon-vat-lieu-thiet-bi-lap-dat-khac-trong-xay-dung","DSTags":["1602076618","An Giang",null]},{"Type":11,"SolrID":"/1602075149-cong-ty-tnhh-thuong-mai-dich-vu-xuat-nhap-khau-dong-ngoc-cat","ID":0,"MaSoThue":"1602075149","NgayCap":"2018-06-28T00:00:00Z","Title":"Công Ty TNHH Thương Mại Dịch Vụ Xuất Nhập Khẩu Đồng Ngọc Cát","DiaChiCongTy":"ấp Vĩnh An, Xã Vĩnh Hòa, Thị xã Tân Châu, Tỉnh An Giang","Created":"2018-06-28T08:04:27Z","Updated":"2018-06-28T08:04:27Z","IsDelete":false,"RequestChanged":false,"ExitsInGDT":false,"SourceID":0,"TinhThanhID":0,"TinhThanhTitle":"An Giang","TinhThanhTitleAscii":"/an-giang","QuanHuyenID":0,"NganhNgheTitle":"Bán buôn vật liệu, thiết bị lắp đặt khác trong xây dựng","NganhNgheTitleAscii":"/nganh-nghe/ban-buon-vat-lieu-thiet-bi-lap-dat-khac-trong-xay-dung","DSTags":["1602075149","An Giang",null]},{"Type":11,"SolrID":"/1602075269-cong-ty-tnhh-bao-ve-thuc-vat-mt","ID":0,"MaSoThue":"1602075269","NgayCap":"2018-06-26T00:00:00Z","Title":"Công Ty TNHH Bảo Vệ Thực Vật Mt","DiaChiCongTy":"Tổ 16, Ấp Vĩnh Thạnh B, Xã Vĩnh Hòa, Thị xã Tân Châu, Tỉnh An Giang","Created":"2018-06-26T15:04:37Z","Updated":"2018-06-26T15:04:37Z","IsDelete":false,"RequestChanged":false,"ExitsInGDT":false,"SourceID":0,"TinhThanhID":0,"TinhThanhTitle":"An Giang","TinhThanhTitleAscii":"/an-giang","QuanHuyenID":0,"NganhNgheTitle":"Bán buôn chuyên doanh khác chưa được phân vào đâu","NganhNgheTitleAscii":"/nganh-nghe/ban-buon-chuyen-doanh-khac-chua-duoc-phan-vao-dau","DSTags":["1602075269","An Giang",null]},{"Type":11,"SolrID":"/1602073328-cong-ty-tnhh-thuong-mai-dich-vu-xay-dung-hoa-nam","ID":0,"MaSoThue":"1602073328","NgayCap":"2018-06-01T00:00:00Z","Title":"Công Ty TNHH Thương Mại Dịch Vụ Xây Dựng Hoa Nam","DiaChiCongTy":"Số 405, Tổ 6, Ấp Vĩnh Thạnh C, Xã Vĩnh Hòa, Thị xã Tân Châu, Tỉnh An Giang","Created":"2018-06-01T14:04:40Z","Updated":"2018-06-01T14:04:40Z","IsDelete":false,"RequestChanged":false,"ExitsInGDT":false,"SourceID":0,"TinhThanhID":0,"TinhThanhTitle":"An Giang","TinhThanhTitleAscii":"/an-giang","QuanHuyenID":0,"NganhNgheTitle":"Bán buôn vật liệu, thiết bị lắp đặt khác trong xây dựng","NganhNgheTitleAscii":"/nganh-nghe/ban-buon-vat-lieu-thiet-bi-lap-dat-khac-trong-xay-dung","DSTags":["1602073328","An Giang",null]},{"Type":11,"SolrID":"/1602071200-cong-ty-tnhh-san-lap-thuong-mai-kinh-doanh-vat-lieu-va-xay-dung-phat-thien-phuc","ID":0,"MaSoThue":"1602071200","NgayCap":"2018-05-07T00:00:00Z","Title":"Công Ty TNHH San Lấp Thương Mại Kinh Doanh Vật Liệu Và Xây Dựng Phát Thiên Phúc","DiaChiCongTy":"Tổ 06, Ấp Vĩnh Thạnh D, Xã Vĩnh Hòa, Thị xã Tân Châu, Tỉnh An Giang","Created":"2018-05-07T11:32:48Z","Updated":"2018-05-07T11:32:48Z","IsDelete":false,"RequestChanged":false,"ExitsInGDT":false,"SourceID":0,"TinhThanhID":0,"TinhThanhTitle":"An Giang","TinhThanhTitleAscii":"/an-giang","QuanHuyenID":0,"NganhNgheTitle":"Bán buôn vật liệu, thiết bị lắp đặt khác trong xây dựng","NganhNgheTitleAscii":"/nganh-nghe/ban-buon-vat-lieu-thiet-bi-lap-dat-khac-trong-xay-dung","DSTags":["1602071200","An Giang",null]},{"Type":11,"SolrID":"/1602070461-cong-ty-tnhh-kinh-doanh-va-khai-thac-cho-kieu-duyen","ID":0,"MaSoThue":"1602070461","NgayCap":"2018-04-26T00:00:00Z","Title":"Công Ty TNHH Kinh Doanh Và Khai Thác Chợ Kiều Duyên","DiaChiCongTy":"Ấp Vĩnh Thạnh B, Xã Vĩnh Hòa, Thị xã Tân Châu, Tỉnh An Giang","Created":"2018-04-26T15:35:50Z","Updated":"2018-04-26T15:35:50Z","IsDelete":false,"RequestChanged":false,"ExitsInGDT":false,"SourceID":0,"TinhThanhID":0,"TinhThanhTitle":"An Giang","TinhThanhTitleAscii":"/an-giang","QuanHuyenID":0,"NganhNgheTitle":"Hoạt động dịch vụ hỗ trợ kinh doanh khác còn lại chưa được phân vào đâu","NganhNgheTitleAscii":"/nganh-nghe/hoat-dong-dich-vu-ho-tro-kinh-doanh-khac-con-lai-chua-duoc-phan-vao-dau","DSTags":["1602070461","An Giang",null]},{"Type":11,"SolrID":"/1602067370-cong-ty-tnhh-trung-hieu-tan-chau","ID":0,"MaSoThue":"1602067370","NgayCap":"2018-03-27T00:00:00Z","Title":"Công Ty TNHH Trung Hiếu Tân Châu","DiaChiCongTy":"ấp Vĩnh Bường, Xã Vĩnh Hòa, Thị xã Tân Châu, Tỉnh An Giang","Created":"2018-03-27T13:43:06Z","Updated":"2018-03-27T13:43:06Z","IsDelete":false,"RequestChanged":false,"ExitsInGDT":false,"SourceID":0,"TinhThanhID":0,"TinhThanhTitle":"An Giang","TinhThanhTitleAscii":"/an-giang","QuanHuyenID":0,"NganhNgheTitle":"Bán buôn vật liệu, thiết bị lắp đặt khác trong xây dựng","NganhNgheTitleAscii":"/nganh-nghe/ban-buon-vat-lieu-thiet-bi-lap-dat-khac-trong-xay-dung","DSTags":["1602067370","An Giang",null]},{"Type":11,"SolrID":"/1602065197-cong-ty-tnhh-thuong-mai-dich-vu-xay-dung-tien-phuc-tan-chau","ID":0,"MaSoThue":"1602065197","NgayCap":"2018-03-12T00:00:00Z","Title":"Công Ty TNHH Thương Mại Dịch Vụ Xây Dựng Tiến Phúc Tân Châu","DiaChiCongTy":"ấp Vĩnh An, Xã Vĩnh Hòa, Thị xã Tân Châu, Tỉnh An Giang","Created":"2018-03-12T09:35:59Z","Updated":"2018-03-12T09:35:59Z","IsDelete":false,"RequestChanged":false,"ExitsInGDT":false,"SourceID":0,"TinhThanhID":0,"TinhThanhTitle":"An Giang","TinhThanhTitleAscii":"/an-giang","QuanHuyenID":0,"NganhNgheTitle":"Bán buôn vật liệu, thiết bị lắp đặt khác trong xây dựng","NganhNgheTitleAscii":"/nganh-nghe/ban-buon-vat-lieu-thiet-bi-lap-dat-khac-trong-xay-dung","DSTags":["1602065197","An Giang",null]},{"Type":11,"SolrID":"/1602064549-cong-ty-tnhh-mot-thanh-vien-vo-phu-qui","ID":0,"MaSoThue":"1602064549","NgayCap":"2018-03-01T00:00:00Z","Title":"Công Ty TNHH Một Thành Viên Võ Phú Quí","DiaChiCongTy":"Ấp Vĩnh An, Xã Vĩnh Hòa, Thị xã Tân Châu, Tỉnh An Giang","Created":"2018-03-01T17:34:15Z","Updated":"2018-03-01T17:34:15Z","IsDelete":false,"RequestChanged":false,"ExitsInGDT":false,"SourceID":0,"TinhThanhID":0,"TinhThanhTitle":"An Giang","TinhThanhTitleAscii":"/an-giang","QuanHuyenID":0,"NganhNgheTitle":"Bán buôn vật liệu, thiết bị lắp đặt khác trong xây dựng","NganhNgheTitleAscii":"/nganh-nghe/ban-buon-vat-lieu-thiet-bi-lap-dat-khac-trong-xay-dung","DSTags":["1602064549","An Giang",null]},{"Type":11,"SolrID":"/1602063619-cong-ty-tnhh-thuong-mai-dich-vu-xay-dung-cat-an-giang","ID":0,"MaSoThue":"1602063619","NgayCap":"2018-02-02T00:00:00Z","Title":"Công Ty TNHH Thương Mại Dịch Vụ Xây Dựng Cát An Giang","DiaChiCongTy":"Tổ 2, Ấp Vĩnh Bường, Xã Vĩnh Hòa, Thị xã Tân Châu, Tỉnh An Giang","Created":"2018-02-02T08:35:04Z","Updated":"2018-02-02T08:35:04Z","IsDelete":false,"RequestChanged":false,"ExitsInGDT":false,"SourceID":0,"TinhThanhID":0,"TinhThanhTitle":"An Giang","TinhThanhTitleAscii":"/an-giang","QuanHuyenID":0,"NganhNgheTitle":"Bán buôn vật liệu, thiết bị lắp đặt khác trong xây dựng","NganhNgheTitleAscii":"/nganh-nghe/ban-buon-vat-lieu-thiet-bi-lap-dat-khac-trong-xay-dung","DSTags":["1602063619","An Giang",null]},{"Type":11,"SolrID":"/1602060985-cong-ty-tnhh-hiep-phuc-thanh-tan-chau","ID":0,"MaSoThue":"1602060985","NgayCap":"2018-01-05T00:00:00Z","Title":"Công Ty TNHH Hiệp Phúc Thành Tân Châu","DiaChiCongTy":"Ấp Vĩnh Bường, Xã Vĩnh Hòa, Thị xã Tân Châu, Tỉnh An Giang","Created":"2018-01-05T08:32:03Z","Updated":"2018-01-05T08:32:03Z","IsDelete":false,"RequestChanged":false,"ExitsInGDT":false,"SourceID":0,"TinhThanhID":0,"TinhThanhTitle":"An Giang","TinhThanhTitleAscii":"/an-giang","QuanHuyenID":0,"NganhNgheTitle":"Bán buôn vật liệu, thiết bị lắp đặt khác trong xây dựng","NganhNgheTitleAscii":"/nganh-nghe/ban-buon-vat-lieu-thiet-bi-lap-dat-khac-trong-xay-dung","DSTags":["1602060985","An Giang",null]},{"Type":11,"SolrID":"/1602060826-cong-ty-tnhh-xay-dung-thuong-mai-dich-vu-che-bien-tan-mekong","ID":0,"MaSoThue":"1602060826","NgayCap":"2018-01-04T00:00:00Z","Title":"Công Ty TNHH Xây Dựng Thương Mại Dịch Vụ Chế Biến Tân Mekong","DiaChiCongTy":"Ấp Vĩnh An, Xã Vĩnh Hòa, Thị xã Tân Châu, Tỉnh An Giang","Created":"2018-01-04T08:01:23Z","Updated":"2018-01-04T08:01:23Z","IsDelete":false,"RequestChanged":false,"ExitsInGDT":false,"SourceID":0,"TinhThanhID":0,"TinhThanhTitle":"An Giang","TinhThanhTitleAscii":"/an-giang","QuanHuyenID":0,"NganhNgheTitle":"Bán buôn vật liệu, thiết bị lắp đặt khác trong xây dựng","NganhNgheTitleAscii":"/nganh-nghe/ban-buon-vat-lieu-thiet-bi-lap-dat-khac-trong-xay-dung","DSTags":["1602060826","An Giang",null]},{"Type":11,"SolrID":"/1602054766-cong-ty-tnhh-xay-lap-vinh-hoa","ID":0,"MaSoThue":"1602054766","NgayCap":"2017-11-10T00:00:00Z","Title":"Công Ty TNHH Xây Lắp Vĩnh Hòa","DiaChiCongTy":"Tổ 6, Ấp Vĩnh Lạc, Xã Vĩnh Hòa, Thị xã Tân Châu, Tỉnh An Giang","Created":"2017-11-10T17:05:23Z","Updated":"2017-11-10T17:05:23Z","IsDelete":false,"RequestChanged":false,"ExitsInGDT":false,"SourceID":0,"TinhThanhID":0,"TinhThanhTitle":"An Giang","TinhThanhTitleAscii":"/an-giang","QuanHuyenID":0,"NganhNgheTitle":"Bán buôn máy móc, thiết bị và phụ tùng máy khác","NganhNgheTitleAscii":"/nganh-nghe/ban-buon-may-moc-thiet-bi-va-phu-tung-may-khac","DSTags":["1602054766","An Giang",null]},{"Type":11,"SolrID":"/1602053850-cong-ty-tnhh-dai-phuc-quang","ID":0,"MaSoThue":"1602053850","NgayCap":"2017-11-02T00:00:00Z","Title":"Công Ty TNHH Đại Phúc Quang","DiaChiCongTy":"Ấp Vĩnh An, Xã Vĩnh Hòa, Thị xã Tân Châu, Tỉnh An Giang","Created":"2017-11-02T15:11:24Z","Updated":"2017-11-02T15:11:24Z","IsDelete":false,"RequestChanged":false,"ExitsInGDT":false,"SourceID":0,"TinhThanhID":0,"TinhThanhTitle":"An Giang","TinhThanhTitleAscii":"/an-giang","QuanHuyenID":0,"NganhNgheTitle":"Bán buôn vật liệu, thiết bị lắp đặt khác trong xây dựng","NganhNgheTitleAscii":"/nganh-nghe/ban-buon-vat-lieu-thiet-bi-lap-dat-khac-trong-xay-dung","DSTags":["1602053850","An Giang",null]},{"Type":11,"SolrID":"/1602051684-cong-ty-tnhh-mot-thanh-vien-tin-phat-tan-chau","ID":0,"MaSoThue":"1602051684","NgayCap":"2017-10-05T00:00:00Z","Title":"Công Ty TNHH Một Thành Viên Tín Phát Tân Châu","DiaChiCongTy":"Ấp Vĩnh An, Xã Vĩnh Hòa, Thị xã Tân Châu, Tỉnh An Giang","Created":"2017-10-05T10:44:23Z","Updated":"2017-10-05T10:44:23Z","IsDelete":false,"RequestChanged":false,"ExitsInGDT":false,"SourceID":0,"TinhThanhID":0,"TinhThanhTitle":"An Giang","TinhThanhTitleAscii":"/an-giang","QuanHuyenID":0,"NganhNgheTitle":"Bán buôn vật liệu, thiết bị lắp đặt khác trong xây dựng","NganhNgheTitleAscii":"/nganh-nghe/ban-buon-vat-lieu-thiet-bi-lap-dat-khac-trong-xay-dung","DSTags":["1602051684","An Giang",null]},{"Type":11,"SolrID":"/1602049935-cong-ty-tnhh-mot-thanh-vien-thuong-mai-dich-vu-thai-khang-trang","ID":0,"MaSoThue":"1602049935","NgayCap":"2017-09-12T00:00:00Z","Title":"Công Ty TNHH Một Thành Viên Thương Mại Dịch Vụ Thái Khang Trang","DiaChiCongTy":"Tổ 6, Ấp Vĩnh Lạc, Xã Vĩnh Hòa, Thị xã Tân Châu, Tỉnh An Giang","Created":"2017-09-12T12:53:02Z","Updated":"2017-09-12T12:53:02Z","IsDelete":false,"RequestChanged":false,"ExitsInGDT":false,"SourceID":0,"TinhThanhID":0,"TinhThanhTitle":"An Giang","TinhThanhTitleAscii":"/an-giang","QuanHuyenID":0,"NganhNgheTitle":"Bán buôn vật liệu, thiết bị lắp đặt khác trong xây dựng","NganhNgheTitleAscii":"/nganh-nghe/ban-buon-vat-lieu-thiet-bi-lap-dat-khac-trong-xay-dung","DSTags":["1602049935","An Giang",null]},{"Type":11,"SolrID":"/1602049678-cong-ty-tnhh-mot-thanh-vien-cat-vang-be-tong","ID":0,"MaSoThue":"1602049678","NgayCap":"2017-09-11T00:00:00Z","Title":"Công Ty TNHH Một Thành Viên Cát Vàng Bê Tông","DiaChiCongTy":"Ấp Vĩnh An, Xã Vĩnh Hòa, Thị xã Tân Châu, Tỉnh An Giang","Created":"2017-09-11T11:53:30Z","Updated":"2017-09-11T11:53:30Z","IsDelete":false,"RequestChanged":false,"ExitsInGDT":false,"SourceID":0,"TinhThanhID":0,"TinhThanhTitle":"An Giang","TinhThanhTitleAscii":"/an-giang","QuanHuyenID":0,"NganhNgheTitle":"Bán buôn vật liệu, thiết bị lắp đặt khác trong xây dựng","NganhNgheTitleAscii":"/nganh-nghe/ban-buon-vat-lieu-thiet-bi-lap-dat-khac-trong-xay-dung","DSTags":["1602049678","An Giang",null]},{"Type":11,"SolrID":"/1602046927-cong-ty-tnhh-mot-thanh-vien-xay-dung-mai-thung-tan-chau","ID":0,"MaSoThue":"1602046927","NgayCap":"2017-08-03T00:00:00Z","Title":"Công Ty TNHH Một Thành Viên Xây Dựng Mai Thung Tân Châu","DiaChiCongTy":"Tổ 27, Ấp Vĩnh Bường, Xã Vĩnh Hòa, Thị xã Tân Châu, Tỉnh An Giang","Created":"2017-08-03T17:08:00Z","Updated":"2017-08-03T17:08:00Z","IsDelete":false,"RequestChanged":false,"ExitsInGDT":false,"SourceID":0,"TinhThanhID":0,"TinhThanhTitle":"An Giang","TinhThanhTitleAscii":"/an-giang","QuanHuyenID":0,"NganhNgheTitle":"Xây dựng nhà các loại","NganhNgheTitleAscii":"/nganh-nghe/xay-dung-nha-cac-loai","DSTags":["1602046927","An Giang",null]},{"Type":11,"SolrID":"/1602046116-cong-ty-tnhh-dich-vu-thuong-mai-nam-quoc-phong","ID":0,"MaSoThue":"1602046116","NgayCap":"2017-07-24T00:00:00Z","Title":"Công Ty TNHH Dịch Vụ Thương Mại Nam Quốc Phong","DiaChiCongTy":"Số 12, Tổ 1, Ấp Vĩnh Thạnh B, Xã Vĩnh Hòa, Thị xã Tân Châu, Tỉnh An Giang","Created":"2017-10-09T11:08:40Z","Updated":"2017-10-09T11:08:40Z","IsDelete":false,"RequestChanged":false,"ExitsInGDT":false,"SourceID":0,"TinhThanhID":0,"TinhThanhTitle":"An Giang","TinhThanhTitleAscii":"/an-giang","QuanHuyenID":0,"NganhNgheTitle":"Bán buôn vật liệu, thiết bị lắp đặt khác trong xây dựng","NganhNgheTitleAscii":"/nganh-nghe/ban-buon-vat-lieu-thiet-bi-lap-dat-khac-trong-xay-dung","DSTags":["1602046116","An Giang",null]},{"Type":11,"SolrID":"/1602044172-cong-ty-tnhh-mot-thanh-vien-nguyen-phat-tan-chau","ID":0,"MaSoThue":"1602044172","NgayCap":"2017-06-29T00:00:00Z","Title":"Công Ty TNHH Một Thành Viên Nguyên Phát Tân Châu","DiaChiCongTy":"Tổ 01, Ấp Vĩnh An, Xã Vĩnh Hòa, Thị xã Tân Châu, Tỉnh An Giang","Created":"2017-06-29T11:39:22Z","Updated":"2017-06-29T11:39:22Z","IsDelete":false,"RequestChanged":false,"ExitsInGDT":false,"SourceID":0,"TinhThanhID":0,"TinhThanhTitle":"An Giang","TinhThanhTitleAscii":"/an-giang","QuanHuyenID":0,"NganhNgheTitle":"Bán buôn vật liệu, thiết bị lắp đặt khác trong xây dựng","NganhNgheTitleAscii":"/nganh-nghe/ban-buon-vat-lieu-thiet-bi-lap-dat-khac-trong-xay-dung","DSTags":["1602044172","An Giang",null]},{"Type":11,"SolrID":"/0313399223-002-chi-nhanh-cong-ty-co-phan-tam-minh-quang-tai-an-giang","ID":0,"MaSoThue":"0313399223-002","NgayCap":"2017-06-26T00:00:00Z","Title":"Chi Nhánh Công Ty Cổ Phần Tâm Minh Quang Tại An Giang","DiaChiCongTy":"Tổ 01, Ấp Vĩnh Bường, Xã Vĩnh Hòa, Thị xã Tân Châu, Tỉnh An Giang","Created":"2018-07-31T11:25:06Z","Updated":"2018-07-31T11:25:06Z","IsDelete":false,"RequestChanged":false,"ExitsInGDT":false,"SourceID":0,"TinhThanhID":0,"TinhThanhTitle":"An Giang","TinhThanhTitleAscii":"/an-giang","QuanHuyenID":0,"NganhNgheTitle":"Khai thác đá, cát, sỏi, đất sét","NganhNgheTitleAscii":"/nganh-nghe/khai-thac-da-cat-soi-dat-set","DSTags":["0313399223-002","An Giang",null]},{"Type":11,"SolrID":"/1602043725-cong-ty-tnhh-xay-dung-van-tai-minh-hien","ID":0,"MaSoThue":"1602043725","NgayCap":"2017-06-23T00:00:00Z","Title":"Công Ty TNHH Xây Dựng Vận Tải Minh Hiên","DiaChiCongTy":"Ấp Vĩnh An, Xã Vĩnh Hòa, Thị xã Tân Châu, Tỉnh An Giang","Created":"2017-06-23T13:31:59Z","Updated":"2017-06-23T13:31:59Z","IsDelete":false,"RequestChanged":false,"ExitsInGDT":false,"SourceID":0,"TinhThanhID":0,"TinhThanhTitle":"An Giang","TinhThanhTitleAscii":"/an-giang","QuanHuyenID":0,"NganhNgheTitle":"Bán buôn vật liệu, thiết bị lắp đặt khác trong xây dựng","NganhNgheTitleAscii":"/nganh-nghe/ban-buon-vat-lieu-thiet-bi-lap-dat-khac-trong-xay-dung","DSTags":["1602043725","An Giang",null]},{"Type":11,"SolrID":"/1602043179-cong-ty-tnhh-thuong-mai-vat-lieu-xay-dung-viet-tien","ID":0,"MaSoThue":"1602043179","NgayCap":"2017-06-21T00:00:00Z","Title":"Công Ty TNHH Thương Mại Vật Liệu Xây Dựng Việt Tiến","DiaChiCongTy":"Ấp Vĩnh An, Xã Vĩnh Hòa, Thị xã Tân Châu, Tỉnh An Giang","Created":"2017-06-21T08:08:03Z","Updated":"2017-06-21T08:08:03Z","IsDelete":false,"RequestChanged":false,"ExitsInGDT":false,"SourceID":0,"TinhThanhID":0,"TinhThanhTitle":"An Giang","TinhThanhTitleAscii":"/an-giang","QuanHuyenID":0,"NganhNgheTitle":"Bán buôn vật liệu, thiết bị lắp đặt khác trong xây dựng","NganhNgheTitleAscii":"/nganh-nghe/ban-buon-vat-lieu-thiet-bi-lap-dat-khac-trong-xay-dung","DSTags":["1602043179","An Giang",null]},{"Type":11,"SolrID":"/1602042104-cong-ty-tnhh-phuc-thanh-tan-chau","ID":0,"MaSoThue":"1602042104","NgayCap":"2017-06-07T00:00:00Z","Title":"Công Ty TNHH Phúc Thành Tân Châu","DiaChiCongTy":"Ấp Vĩnh An, Xã Vĩnh Hòa, Thị xã Tân Châu, Tỉnh An Giang","Created":"2017-06-07T09:22:53Z","Updated":"2017-06-07T09:22:53Z","IsDelete":false,"RequestChanged":false,"ExitsInGDT":false,"SourceID":0,"TinhThanhID":0,"TinhThanhTitle":"An Giang","TinhThanhTitleAscii":"/an-giang","QuanHuyenID":0,"NganhNgheTitle":"Chuẩn bị mặt bằng","NganhNgheTitleAscii":"/nganh-nghe/chuan-bi-mat-bang","DSTags":["1602042104","An Giang",null]},{"Type":11,"SolrID":"/1602041012-cong-ty-tnhh-mot-thanh-vien-xay-dung-dich-vu-va-thuong-mai-tran-quynh-nhu","ID":0,"MaSoThue":"1602041012","NgayCap":"2017-05-24T00:00:00Z","Title":"Công Ty TNHH Một Thành Viên Xây Dựng Dịch Vụ Và Thương Mại Trần Quỳnh Như","DiaChiCongTy":"Ấp Vĩnh Thạnh B, Xã Vĩnh Hòa, Thị xã Tân Châu, Tỉnh An Giang","Created":"2017-05-24T11:51:17Z","Updated":"2017-05-24T11:51:17Z","IsDelete":false,"RequestChanged":false,"ExitsInGDT":false,"SourceID":0,"TinhThanhID":0,"TinhThanhTitle":"An Giang","TinhThanhTitleAscii":"/an-giang","QuanHuyenID":0,"NganhNgheTitle":"Bán buôn vật liệu, thiết bị lắp đặt khác trong xây dựng","NganhNgheTitleAscii":"/nganh-nghe/ban-buon-vat-lieu-thiet-bi-lap-dat-khac-trong-xay-dung","DSTags":["1602041012","An Giang",null]},{"Type":11,"SolrID":"/1602038228-cong-ty-tnhh-van-tai-vat-lieu-xay-dung-thien-ngoc","ID":0,"MaSoThue":"1602038228","NgayCap":"2017-04-17T00:00:00Z","Title":"Công Ty TNHH Vận Tải Vật Liệu Xây Dựng Thiên Ngọc","DiaChiCongTy":"Tổ 1, Ấp Vĩnh Bường, Xã Vĩnh Hòa, Thị xã Tân Châu, Tỉnh An Giang","Created":"2017-04-17T15:10:49Z","Updated":"2017-04-17T15:10:49Z","IsDelete":false,"RequestChanged":false,"ExitsInGDT":false,"SourceID":0,"TinhThanhID":0,"TinhThanhTitle":"An Giang","TinhThanhTitleAscii":"/an-giang","QuanHuyenID":0,"NganhNgheTitle":"Bán buôn vật liệu, thiết bị lắp đặt khác trong xây dựng","NganhNgheTitleAscii":"/nganh-nghe/ban-buon-vat-lieu-thiet-bi-lap-dat-khac-trong-xay-dung","DSTags":["1602038228","An Giang",null]},{"Type":11,"SolrID":"/1602001637-cong-ty-tnhh-mot-thanh-vien-tu-van-thiet-ke-dau-tu-xay-dung-mekong","ID":0,"MaSoThue":"1602001637","NgayCap":"2016-02-16T00:00:00Z","Title":"Công Ty TNHH Một Thành Viên Tư Vấn Thiết Kế - Đầu Tư Xây Dựng Mekong","DiaChiCongTy":"Khu dân cư ấp Vĩnh Thạnh B - Xã Vĩnh Hòa - Thị xã Tân Châu - An Giang","Created":"2016-02-18T11:04:59Z","Updated":"2016-02-18T11:04:59Z","IsDelete":false,"RequestChanged":false,"ExitsInGDT":false,"SourceID":0,"TinhThanhID":0,"TinhThanhTitle":"An Giang","TinhThanhTitleAscii":"/an-giang","QuanHuyenID":0,"NganhNgheTitle":"Hoạt động kiến trúc và tư vấn kỹ thuật có liên quan","NganhNgheTitleAscii":"/nganh-nghe/hoat-dong-kien-truc-va-tu-van-ky-thuat-co-lien-quan","DSTags":["1602001637","An Giang",null]},{"Type":11,"SolrID":"/1601973767-cong-ty-tnhh-mot-thanh-vien-van-tai-shipment","ID":0,"MaSoThue":"1601973767","NgayCap":"2015-05-29T00:00:00Z","Title":"Công Ty TNHH Một Thành Viên Vận Tải Shipment","DiaChiCongTy":"Tổ 13, ấp Vĩnh Thạnh B - Xã Vĩnh Hòa - Thị xã Tân Châu - An Giang","Created":"2015-11-18T04:51:23Z","Updated":"2015-11-18T04:51:23Z","IsDelete":false,"RequestChanged":false,"ExitsInGDT":false,"SourceID":0,"TinhThanhID":0,"TinhThanhTitle":"An Giang","TinhThanhTitleAscii":"/an-giang","QuanHuyenID":0,"NganhNgheTitle":"Vận tải hàng hóa đường thuỷ nội địa","NganhNgheTitleAscii":"/nganh-nghe/van-tai-hang-hoa-duong-thuy-noi-dia","DSTags":["1601973767","An Giang",null]},{"Type":11,"SolrID":"/1601965156-cong-ty-tnhh-san-xuat-xay-dung-thuong-mai-thieu-quang","ID":0,"MaSoThue":"1601965156","NgayCap":"2015-03-02T00:00:00Z","Title":"Công Ty TNHH Sản Xuất - Xây Dựng - Thương Mại Thiều Quang","DiaChiCongTy":"Tổ 1, ấp Vĩnh Bường - Xã Vĩnh Hòa - Thị xã Tân Châu - An Giang","Created":"2015-11-17T00:40:28Z","Updated":"2015-11-17T00:40:28Z","IsDelete":false,"RequestChanged":false,"ExitsInGDT":false,"SourceID":0,"TinhThanhID":0,"TinhThanhTitle":"An Giang","TinhThanhTitleAscii":"/an-giang","QuanHuyenID":0,"NganhNgheTitle":"Bán buôn vật liệu, thiết bị lắp đặt khác trong xây dựng","NganhNgheTitleAscii":"/nganh-nghe/ban-buon-vat-lieu-thiet-bi-lap-dat-khac-trong-xay-dung","DSTags":["1601965156","An Giang",null]},{"Type":11,"SolrID":"/1601914345-cong-ty-tnhh-mot-thanh-vien-vat-lieu-xay-dung-thanh-nhan","ID":0,"MaSoThue":"1601914345","NgayCap":"2014-03-12T00:00:00Z","Title":"Công Ty TNHH Một Thành Viên Vật Liệu Xây Dựng Thanh Nhân","DiaChiCongTy":"ấp Vĩnh Bường - Xã Vĩnh Hòa - Thị xã Tân Châu - An Giang","Created":"2015-11-09T20:38:19Z","Updated":"2015-11-09T20:38:19Z","IsDelete":false,"RequestChanged":false,"ExitsInGDT":false,"SourceID":0,"TinhThanhID":0,"TinhThanhTitle":"An Giang","TinhThanhTitleAscii":"/an-giang","QuanHuyenID":0,"NganhNgheTitle":"Bán buôn vật liệu, thiết bị lắp đặt khác trong xây dựng","NganhNgheTitleAscii":"/nganh-nghe/ban-buon-vat-lieu-thiet-bi-lap-dat-khac-trong-xay-dung","DSTags":["1601914345","An Giang",null]},{"Type":11,"SolrID":"/1601883471-cong-ty-tnhh-mot-thanh-vien-sau-be-vinh-hoa","ID":0,"MaSoThue":"1601883471","NgayCap":"2013-07-11T00:00:00Z","Title":"Công Ty TNHH Một Thành Viên Sáu Bé Vĩnh Hòa","DiaChiCongTy":"ấp Vĩnh Thạnh B - Xã Vĩnh Hòa - Thị xã Tân Châu - An Giang","Created":"2015-11-11T20:17:21Z","Updated":"2015-11-11T20:17:21Z","IsDelete":false,"RequestChanged":false,"ExitsInGDT":false,"SourceID":0,"TinhThanhID":0,"TinhThanhTitle":"An Giang","TinhThanhTitleAscii":"/an-giang","QuanHuyenID":0,"NganhNgheTitle":"Bán buôn kim loại và quặng kim loại","NganhNgheTitleAscii":"/nganh-nghe/ban-buon-kim-loai-va-quang-kim-loai","DSTags":["1601883471","An Giang",null]},{"Type":11,"SolrID":"/1601853491-cong-ty-tnhh-mot-thanh-vien-vy-loi","ID":0,"MaSoThue":"1601853491","NgayCap":"2012-12-29T00:00:00Z","Title":"Công Ty TNHH Một Thành Viên Vy Lợi","DiaChiCongTy":"ấp Vĩnh Thạnh C - Xã Vĩnh Hòa - Thị xã Tân Châu - An Giang","Created":"2015-11-12T00:59:55Z","Updated":"2016-09-11T04:33:11Z","IsDelete":false,"RequestChanged":false,"ExitsInGDT":false,"SourceID":0,"TinhThanhID":0,"TinhThanhTitle":"An Giang","TinhThanhTitleAscii":"/an-giang","QuanHuyenID":0,"DSTags":["1601853491","An Giang",null]},{"Type":11,"SolrID":"/1601848572-cong-ty-tnhh-mot-thanh-vien-thong-trang","ID":0,"MaSoThue":"1601848572","NgayCap":"2012-12-14T00:00:00Z","Title":"Công Ty TNHH Một Thành Viên Thông Trang","DiaChiCongTy":"ấp Vĩnh Thạnh B - Xã Vĩnh Hòa - Thị xã Tân Châu - An Giang","Created":"2015-11-12T01:00:10Z","Updated":"2015-11-12T01:00:10Z","IsDelete":false,"RequestChanged":false,"ExitsInGDT":false,"SourceID":0,"TinhThanhID":0,"TinhThanhTitle":"An Giang","TinhThanhTitleAscii":"/an-giang","QuanHuyenID":0,"NganhNgheTitle":"Bán buôn vật liệu, thiết bị lắp đặt khác trong xây dựng","NganhNgheTitleAscii":"/nganh-nghe/ban-buon-vat-lieu-thiet-bi-lap-dat-khac-trong-xay-dung","DSTags":["1601848572","An Giang",null]},{"Type":11,"SolrID":"/1601841231-cong-ty-tnhh-dai-gia-dien","ID":0,"MaSoThue":"1601841231","NgayCap":"2012-11-08T00:00:00Z","Title":"Công Ty TNHH Đại Gia Điền","DiaChiCongTy":"ấp Vĩnh An - Xã Vĩnh Hòa - Thị xã Tân Châu - An Giang","Created":"2015-11-12T03:23:31Z","Updated":"2015-11-12T03:23:31Z","IsDelete":false,"RequestChanged":false,"ExitsInGDT":false,"SourceID":0,"TinhThanhID":0,"TinhThanhTitle":"An Giang","TinhThanhTitleAscii":"/an-giang","QuanHuyenID":0,"NganhNgheTitle":"Bán buôn vật liệu, thiết bị lắp đặt khác trong xây dựng","NganhNgheTitleAscii":"/nganh-nghe/ban-buon-vat-lieu-thiet-bi-lap-dat-khac-trong-xay-dung","DSTags":["1601841231","An Giang",null]},{"Type":11,"SolrID":"/1601833713-cong-ty-tnhh-mot-thanh-vien-bao-bao-huy","ID":0,"MaSoThue":"1601833713","NgayCap":"2012-09-08T00:00:00Z","Title":"Công Ty TNHH Một Thành Viên Bảo Bảo Huy","DiaChiCongTy":"ấp Vĩnh Thạnh B - Xã Vĩnh Hòa - Thị xã Tân Châu - An Giang","Created":"2015-11-12T05:26:42Z","Updated":"2015-11-12T05:26:42Z","IsDelete":false,"RequestChanged":false,"ExitsInGDT":false,"SourceID":0,"TinhThanhID":0,"TinhThanhTitle":"An Giang","TinhThanhTitleAscii":"/an-giang","QuanHuyenID":0,"NganhNgheTitle":"Khai thác đá, cát, sỏi, đất sét","NganhNgheTitleAscii":"/nganh-nghe/khai-thac-da-cat-soi-dat-set","DSTags":["1601833713","An Giang",null]},{"Type":11,"SolrID":"/1601793764-cong-ty-tnhh-mot-thanh-vien-thuong-mai-dich-vu-ngoc-ngoc-giau","ID":0,"MaSoThue":"1601793764","NgayCap":"2012-07-16T00:00:00Z","Title":"Công Ty TNHH Một Thành Viên Thương Mại Dịch Vụ Ngọc Ngọc Giàu","DiaChiCongTy":"Tổ 3, ấp Vĩnh Bường - Xã Vĩnh Hòa - Thị xã Tân Châu - An Giang","Created":"2015-11-12T06:25:46Z","Updated":"2015-11-12T06:25:46Z","IsDelete":false,"RequestChanged":false,"ExitsInGDT":false,"SourceID":0,"TinhThanhID":0,"TinhThanhTitle":"An Giang","TinhThanhTitleAscii":"/an-giang","QuanHuyenID":0,"NganhNgheTitle":"Chuẩn bị mặt bằng","NganhNgheTitleAscii":"/nganh-nghe/chuan-bi-mat-bang","DSTags":["1601793764","An Giang",null]},{"Type":11,"SolrID":"/1601733532-cong-ty-tnhh-thuong-mai-dich-vu-dau-tu-apsc","ID":0,"MaSoThue":"1601733532","NgayCap":"2012-05-04T00:00:00Z","Title":"Công Ty TNHH Thương Mại Dịch Vụ Đầu Tư Apsc","DiaChiCongTy":"Tổ 7, ấp Vĩnh An - Xã Vĩnh Hòa - Thị xã Tân Châu - An Giang","Created":"2015-11-13T08:14:54Z","Updated":"2015-11-13T08:14:54Z","IsDelete":false,"RequestChanged":false,"ExitsInGDT":false,"SourceID":0,"TinhThanhID":0,"TinhThanhTitle":"An Giang","TinhThanhTitleAscii":"/an-giang","QuanHuyenID":0,"NganhNgheTitle":"Sản xuất sản phẩm chịu lửa","NganhNgheTitleAscii":"/nganh-nghe/san-xuat-san-pham-chiu-lua","DSTags":["1601733532","An Giang",null]},{"Type":11,"SolrID":"/1601522316-001-chi-nhanh-cong-ty-tnhh-mot-thanh-vien-nguyen-cat-kho-hang-hoa","ID":0,"MaSoThue":"1601522316-001","NgayCap":"2011-08-19T00:00:00Z","Title":"Chi Nhánh Công Ty TNHH Một Thành Viên Nguyễn Cát-Kho Hàng Hóa","DiaChiCongTy":"Tổ 7, ấp Vĩnh An - Xã Vĩnh Hòa - Thị xã Tân Châu - An Giang","Created":"2015-11-10T01:39:27Z","Updated":"2015-11-10T01:39:27Z","IsDelete":false,"RequestChanged":false,"ExitsInGDT":false,"SourceID":0,"TinhThanhID":0,"TinhThanhTitle":"An Giang","TinhThanhTitleAscii":"/an-giang","QuanHuyenID":0,"NganhNgheTitle":"Bán buôn vật liệu, thiết bị lắp đặt khác trong xây dựng","NganhNgheTitleAscii":"/nganh-nghe/ban-buon-vat-lieu-thiet-bi-lap-dat-khac-trong-xay-dung","DSTags":["1601522316-001","An Giang",null]},{"Type":11,"SolrID":"/1601223676-cong-ty-co-phan-htp-an-giang","ID":0,"MaSoThue":"1601223676","NgayCap":"2009-10-07T00:00:00Z","Title":"Công ty Cổ Phần HTP An Giang","DiaChiCongTy":"ấp Vĩnh An, xã Vĩnh Hoà - Thị xã Tân Châu - An Giang","Created":"2015-11-13T22:28:34Z","Updated":"2015-11-13T22:28:34Z","IsDelete":false,"RequestChanged":false,"ExitsInGDT":false,"SourceID":0,"TinhThanhID":0,"TinhThanhTitle":"An Giang","TinhThanhTitleAscii":"/an-giang","QuanHuyenID":0,"NganhNgheTitle":"Bán buôn chuyên doanh khác","NganhNgheTitleAscii":"/nganh-nghe/ban-buon-chuyen-doanh-khac","DSTags":["1601223676","An Giang",null]},{"Type":11,"SolrID":"/1601213974-cty-tnhh-mot-thanh-vien-thien-ha","ID":0,"MaSoThue":"1601213974","NgayCap":"2009-09-04T00:00:00Z","Title":"Cty TNHH Một Thành Viên Thiên Hà","DiaChiCongTy":"ấp Vĩnh Bường, xã Vĩnh Hoà - Thị xã Tân Châu - An Giang","Created":"2015-11-09T01:49:38Z","Updated":"2015-11-09T01:49:38Z","IsDelete":false,"RequestChanged":false,"ExitsInGDT":false,"SourceID":0,"TinhThanhID":0,"TinhThanhTitle":"An Giang","TinhThanhTitleAscii":"/an-giang","QuanHuyenID":0,"NganhNgheTitle":"Xây dựng công trình kỹ thuật dân dụng","NganhNgheTitleAscii":"/nganh-nghe/xay-dung-cong-trinh-ky-thuat-dan-dung","DSTags":["1601213974","An Giang",null]},{"Type":11,"SolrID":"/1601187139-cong-ty-tnhh-tin-nhiem","ID":0,"MaSoThue":"1601187139","NgayCap":"2009-07-08T00:00:00Z","Title":"Công ty TNHH Tín Nhiệm","DiaChiCongTy":"Tổ 3, ấp Vĩnh Thạnh, xã Vĩnh Hoà - Thị xã Tân Châu - An Giang","Created":"2015-11-13T22:28:59Z","Updated":"2015-11-13T22:28:59Z","IsDelete":false,"RequestChanged":false,"ExitsInGDT":false,"SourceID":0,"TinhThanhID":0,"TinhThanhTitle":"An Giang","TinhThanhTitleAscii":"/an-giang","QuanHuyenID":0,"NganhNgheTitle":"Bán buôn vật liệu, thiết bị lắp đặt khác trong xây dựng","NganhNgheTitleAscii":"/nganh-nghe/ban-buon-vat-lieu-thiet-bi-lap-dat-khac-trong-xay-dung","DSTags":["1601187139","An Giang",null]},{"Type":11,"SolrID":"/1601178159-cty-tnhh-mot-thanh-vien-le-hieu","ID":0,"MaSoThue":"1601178159","NgayCap":"2009-06-19T00:00:00Z","Title":"Cty TNHH Một Thành Viên Lê Hiểu","DiaChiCongTy":"Tổ 9 ấp Vĩnh An, xã Vĩnh Hoà - Thị xã Tân Châu - An Giang","Created":"2015-11-14T05:17:02Z","Updated":"2015-11-14T05:17:02Z","IsDelete":false,"RequestChanged":false,"ExitsInGDT":false,"SourceID":0,"TinhThanhID":0,"TinhThanhTitle":"An Giang","TinhThanhTitleAscii":"/an-giang","QuanHuyenID":0,"NganhNgheTitle":"Xây dựng công trình kỹ thuật dân dụng","NganhNgheTitleAscii":"/nganh-nghe/xay-dung-cong-trinh-ky-thuat-dan-dung","DSTags":["1601178159","An Giang",null]},{"Type":11,"SolrID":"/1601138445-cty-tnhh-mot-thanh-vien-viet-quang","ID":0,"MaSoThue":"1601138445","NgayCap":"2009-05-27T00:00:00Z","Title":"Cty TNHH Một Thành Viên Việt Quang","DiaChiCongTy":"ấp Vĩnh Bường, xã Vĩnh Hoà - Thị xã Tân Châu - An Giang","Created":"2015-11-13T22:29:16Z","Updated":"2015-11-13T22:29:16Z","IsDelete":false,"RequestChanged":false,"ExitsInGDT":false,"SourceID":0,"TinhThanhID":0,"TinhThanhTitle":"An Giang","TinhThanhTitleAscii":"/an-giang","QuanHuyenID":0,"NganhNgheTitle":"Khai thác đá, cát, sỏi, đất sét","NganhNgheTitleAscii":"/nganh-nghe/khai-thac-da-cat-soi-dat-set","DSTags":["1601138445","An Giang",null]},{"Type":11,"SolrID":"/1601119900-cty-tnhh-mot-thanh-vien-hoa-loi","ID":0,"MaSoThue":"1601119900","NgayCap":"2009-05-11T00:00:00Z","Title":"Cty TNHH Một thành Viên Hoà Lợi","DiaChiCongTy":"ấp Vĩnh Lạc, xã Vĩnh Hoà - Thị xã Tân Châu - An Giang","Created":"2015-11-13T22:29:23Z","Updated":"2015-11-13T22:29:23Z","IsDelete":false,"RequestChanged":false,"ExitsInGDT":false,"SourceID":0,"TinhThanhID":0,"TinhThanhTitle":"An Giang","TinhThanhTitleAscii":"/an-giang","QuanHuyenID":0,"NganhNgheTitle":"Xây dựng công trình kỹ thuật dân dụng","NganhNgheTitleAscii":"/nganh-nghe/xay-dung-cong-trinh-ky-thuat-dan-dung","DSTags":["1601119900","An Giang",null]},{"Type":11,"SolrID":"/0302694682-006-chi-nhanh-cty-co-phan-trung-nam-tai-ag","ID":0,"MaSoThue":"0302694682-006","NgayCap":"2009-04-14T00:00:00Z","Title":"Chi nhánh Cty Cổ phần Trung Nam tại AG","DiaChiCongTy":"ấp Vĩnh An, xã Vĩnh Hoà - Thị xã Tân Châu - An Giang","Created":"2015-11-18T13:07:13Z","Updated":"2015-11-18T13:07:13Z","IsDelete":false,"RequestChanged":false,"ExitsInGDT":false,"SourceID":0,"TinhThanhID":0,"TinhThanhTitle":"An Giang","TinhThanhTitleAscii":"/an-giang","QuanHuyenID":0,"NganhNgheTitle":"Bán lẻ nhiên liệu động cơ trong các cửa hàng chuyên doanh","NganhNgheTitleAscii":"/nganh-nghe/ban-le-nhien-lieu-dong-co-trong-cac-cua-hang-chuyen-doanh","DSTags":["0302694682-006","An Giang",null]},{"Type":11,"SolrID":"/1601063479-cong-ty-tnhh-phuc-duc","ID":0,"MaSoThue":"1601063479","NgayCap":"2009-03-24T00:00:00Z","Title":"Công ty TNHH Phúc Đức","DiaChiCongTy":"ấp Vĩnh An, xã Vĩnh Hoà - Thị xã Tân Châu - An Giang","Created":"2015-11-14T05:14:42Z","Updated":"2015-11-14T05:14:42Z","IsDelete":false,"RequestChanged":false,"ExitsInGDT":false,"SourceID":0,"TinhThanhID":0,"TinhThanhTitle":"An Giang","TinhThanhTitleAscii":"/an-giang","QuanHuyenID":0,"NganhNgheTitle":"Khai thác đá, cát, sỏi, đất sét","NganhNgheTitleAscii":"/nganh-nghe/khai-thac-da-cat-soi-dat-set","DSTags":["1601063479","An Giang",null]},{"Type":11,"SolrID":"/0304406227-001-chi-nhanh-cty-tnhh-nguyen-duy","ID":0,"MaSoThue":"0304406227-001","NgayCap":"2009-03-04T00:00:00Z","Title":"Chi nhánh Cty TNHH Nguyễn Duy","DiaChiCongTy":"Âp Vĩnh An, xã Vĩnh Hoà - Thị xã Tân Châu - An Giang","Created":"2015-11-18T09:37:33Z","Updated":"2015-11-18T09:37:33Z","IsDelete":false,"RequestChanged":false,"ExitsInGDT":false,"SourceID":0,"TinhThanhID":0,"TinhThanhTitle":"An Giang","TinhThanhTitleAscii":"/an-giang","QuanHuyenID":0,"NganhNgheTitle":"Xây dựng công trình kỹ thuật dân dụng","NganhNgheTitleAscii":"/nganh-nghe/xay-dung-cong-trinh-ky-thuat-dan-dung","DSTags":["0304406227-001","An Giang",null]},{"Type":11,"SolrID":"/1601046240-cty-tnhh-dv-tm-mot-thanh-vien-huy-toan","ID":0,"MaSoThue":"1601046240","NgayCap":"2009-03-03T00:00:00Z","Title":"Cty TNHH DV TM Một Thành Viên Huy Toàn","DiaChiCongTy":"ấp Vĩnh An, Xã Vĩnh Hoà - Thị xã Tân Châu - An Giang","Created":"2015-11-14T05:13:53Z","Updated":"2015-11-14T05:13:53Z","IsDelete":false,"RequestChanged":false,"ExitsInGDT":false,"SourceID":0,"TinhThanhID":0,"TinhThanhTitle":"An Giang","TinhThanhTitleAscii":"/an-giang","QuanHuyenID":0,"NganhNgheTitle":"Bán buôn vật liệu, thiết bị lắp đặt khác trong xây dựng","NganhNgheTitleAscii":"/nganh-nghe/ban-buon-vat-lieu-thiet-bi-lap-dat-khac-trong-xay-dung","DSTags":["1601046240","An Giang",null]},{"Type":11,"SolrID":"/0305132843-001-chi-nhanh-cty-tnhh-viet-minh-khang","ID":0,"MaSoThue":"0305132843-001","NgayCap":"2009-02-27T00:00:00Z","Title":"Chi nhánh Cty TNHH Việt Minh Khang","DiaChiCongTy":"ấp Vĩnh An, xã Vĩnh Hoà - Thị xã Tân Châu - An Giang","Created":"2015-11-08T13:27:03Z","Updated":"2015-11-08T13:27:03Z","IsDelete":false,"RequestChanged":false,"ExitsInGDT":false,"SourceID":0,"TinhThanhID":0,"TinhThanhTitle":"An Giang","TinhThanhTitleAscii":"/an-giang","QuanHuyenID":0,"NganhNgheTitle":"Bán buôn vật liệu, thiết bị lắp đặt khác trong xây dựng","NganhNgheTitleAscii":"/nganh-nghe/ban-buon-vat-lieu-thiet-bi-lap-dat-khac-trong-xay-dung","DSTags":["0305132843-001","An Giang",null]},{"Type":11,"SolrID":"/1601033001-cty-tnhh-mot-thanh-vien-bach-phu","ID":0,"MaSoThue":"1601033001","NgayCap":"2009-02-11T00:00:00Z","Title":"Cty TNHH Một Thành Viên Bách Phú","DiaChiCongTy":"ấp Vĩnh Bường, xã Vĩnh Hoà - Thị xã Tân Châu - An Giang","Created":"2015-11-14T05:13:28Z","Updated":"2015-11-14T05:13:28Z","IsDelete":false,"RequestChanged":false,"ExitsInGDT":false,"SourceID":0,"TinhThanhID":0,"TinhThanhTitle":"An Giang","TinhThanhTitleAscii":"/an-giang","QuanHuyenID":0,"NganhNgheTitle":"Bán buôn vật liệu, thiết bị lắp đặt khác trong xây dựng","NganhNgheTitleAscii":"/nganh-nghe/ban-buon-vat-lieu-thiet-bi-lap-dat-khac-trong-xay-dung","DSTags":["1601033001","An Giang",null]},{"Type":11,"SolrID":"/1601032505-cty-tnhh-mot-thanh-vien-van-ngan","ID":0,"MaSoThue":"1601032505","NgayCap":"2009-02-10T00:00:00Z","Title":"Cty TNHH Một Thành Viên Vạn Ngân","DiaChiCongTy":"Tổ 2, ấp Vĩnh Bường, xã Vĩnh Hoà - Thị xã Tân Châu - An Giang","Created":"2015-11-13T22:33:13Z","Updated":"2015-11-13T22:33:13Z","IsDelete":false,"RequestChanged":false,"ExitsInGDT":false,"SourceID":0,"TinhThanhID":0,"TinhThanhTitle":"An Giang","TinhThanhTitleAscii":"/an-giang","QuanHuyenID":0,"NganhNgheTitle":"Xây dựng công trình kỹ thuật dân dụng","NganhNgheTitleAscii":"/nganh-nghe/xay-dung-cong-trinh-ky-thuat-dan-dung","DSTags":["1601032505","An Giang",null]},{"Type":11,"SolrID":"/1601025748-doanh-nghiep-tn-nam-hung","ID":0,"MaSoThue":"1601025748","NgayCap":"2009-02-02T00:00:00Z","Title":"Doanh Nghiệp TN Năm Hùng","DiaChiCongTy":"Tỉnh lộ 952, ấp Vĩnh Thạnh D - Xã Vĩnh Hòa - Thị xã Tân Châu - An Giang","Created":"2015-11-11T09:00:31Z","Updated":"2015-11-11T09:00:31Z","IsDelete":false,"RequestChanged":false,"ExitsInGDT":false,"SourceID":0,"TinhThanhID":0,"TinhThanhTitle":"An Giang","TinhThanhTitleAscii":"/an-giang","QuanHuyenID":0,"NganhNgheTitle":"Bán buôn nhiên liệu rắn, lỏng, khí và các sản phẩm liên quan","NganhNgheTitleAscii":"/nganh-nghe/ban-buon-nhien-lieu-ran-long-khi-va-cac-san-pham-lien-quan","DSTags":["1601025748","An Giang",null]},{"Type":11,"SolrID":"/0101059112-001-cn-cty-tnhh-tm-dv-nguyen-trai-tai-ag","ID":0,"MaSoThue":"0101059112-001","NgayCap":"2008-05-19T00:00:00Z","Title":"CN Cty TNHH TM DV Nguyễn Trãi Tại AG","DiaChiCongTy":"ấp Vĩnh An, xã Vĩnh Hoà - Thị xã Tân Châu - An Giang","Created":"2015-11-19T00:18:16Z","Updated":"2015-11-19T00:18:16Z","IsDelete":false,"RequestChanged":false,"ExitsInGDT":false,"SourceID":0,"TinhThanhID":0,"TinhThanhTitle":"An Giang","TinhThanhTitleAscii":"/an-giang","QuanHuyenID":0,"NganhNgheTitle":"Bán buôn chuyên doanh khác","NganhNgheTitleAscii":"/nganh-nghe/ban-buon-chuyen-doanh-khac","DSTags":["0101059112-001","An Giang",null]},{"Type":11,"SolrID":"/1600960331-cty-tnhh-mot-thanh-vien-dat-thanh-nguyen","ID":0,"MaSoThue":"1600960331","NgayCap":"2008-05-07T00:00:00Z","Title":"Cty TNHH Một Thành Viên Đạt Thành Nguyên","DiaChiCongTy":"ấp Vĩnh An, xã Vĩnh Hoà - Thị xã Tân Châu - An Giang","Created":"2015-11-09T03:52:44Z","Updated":"2015-11-09T03:52:44Z","IsDelete":false,"RequestChanged":false,"ExitsInGDT":false,"SourceID":0,"TinhThanhID":0,"TinhThanhTitle":"An Giang","TinhThanhTitleAscii":"/an-giang","QuanHuyenID":0,"NganhNgheTitle":"Khai thác đá, cát, sỏi, đất sét","NganhNgheTitleAscii":"/nganh-nghe/khai-thac-da-cat-soi-dat-set","DSTags":["1600960331","An Giang",null]},{"Type":11,"SolrID":"/0101572606-002-chi-nhanh-cong-ty-tnhh-thuong-mai-va-du-lich-vova-tai-an-giang","ID":0,"MaSoThue":"0101572606-002","NgayCap":"2007-10-08T00:00:00Z","Title":"Chi Nhánh Công ty TNHH Thương Mại  Và Du Lịch VoVa Tại An Giang","DiaChiCongTy":"ấp Vĩnh An, xã Vĩnh Hoà - Thị xã Tân Châu - An Giang","Created":"2015-11-19T00:47:40Z","Updated":"2015-11-19T00:47:40Z","IsDelete":false,"RequestChanged":false,"ExitsInGDT":false,"SourceID":0,"TinhThanhID":0,"TinhThanhTitle":"An Giang","TinhThanhTitleAscii":"/an-giang","QuanHuyenID":0,"NganhNgheTitle":"Khai thác đá, cát, sỏi, đất sét","NganhNgheTitleAscii":"/nganh-nghe/khai-thac-da-cat-soi-dat-set","DSTags":["0101572606-002","An Giang",null]},{"Type":11,"SolrID":"/1500223711-002-chi-nhanh-dntn-thuong-mai-thanh-hung-xi-nghiep-nuoi-trong-thuy-san-thanh-hung","ID":0,"MaSoThue":"1500223711-002","NgayCap":"2007-09-14T00:00:00Z","Title":"Chi Nhánh  DNTN Thương Mại Thanh Hùng  Xí Nghiệp Nuôi Trồng Thuỷ Sản Thanh Hùng","DiaChiCongTy":"ấp Vĩnh Bường, xã  Vĩnh Hòa - Thị xã Tân Châu - An Giang","Created":"2015-11-17T19:36:24Z","Updated":"2015-11-17T19:36:24Z","IsDelete":false,"RequestChanged":false,"ExitsInGDT":false,"SourceID":0,"TinhThanhID":0,"TinhThanhTitle":"An Giang","TinhThanhTitleAscii":"/an-giang","QuanHuyenID":0,"NganhNgheTitle":"Khai thác, nuôi trồng thuỷ sản","NganhNgheTitleAscii":"/nganh-nghe/khai-thac-nuoi-trong-thuy-san","DSTags":["1500223711-002","An Giang",null]},{"Type":11,"SolrID":"/1600886656-cong-ty-tnhh-nguyen-phuong","ID":0,"MaSoThue":"1600886656","NgayCap":"2007-03-23T00:00:00Z","Title":"Công Ty TNHH Nguyên Phương","DiaChiCongTy":"ấp Vĩnh Bường - Xã Vĩnh Hòa - Thị xã Tân Châu - An Giang","Created":"2015-11-09T18:46:18Z","Updated":"2015-11-09T18:46:18Z","IsDelete":false,"RequestChanged":false,"ExitsInGDT":false,"SourceID":0,"TinhThanhID":0,"TinhThanhTitle":"An Giang","TinhThanhTitleAscii":"/an-giang","QuanHuyenID":0,"NganhNgheTitle":"Nuôi trồng thuỷ sản nội địa","NganhNgheTitleAscii":"/nganh-nghe/nuoi-trong-thuy-san-noi-dia","DSTags":["1600886656","An Giang",null]},{"Type":11,"SolrID":"/1600853812-cong-ty-co-phan-cat-vang-mekong","ID":0,"MaSoThue":"1600853812","NgayCap":"2006-11-23T00:00:00Z","Title":"Công ty Cổ phần Cát vàng MÊKÔNG","DiaChiCongTy":"ấp Vĩnh An, xã Vĩnh Hòa - Thị xã Tân Châu - An Giang","Created":"2015-11-14T05:05:03Z","Updated":"2015-11-14T05:05:03Z","IsDelete":false,"RequestChanged":false,"ExitsInGDT":false,"SourceID":0,"TinhThanhID":0,"TinhThanhTitle":"An Giang","TinhThanhTitleAscii":"/an-giang","QuanHuyenID":0,"NganhNgheTitle":"Xây dựng công trình kỹ thuật dân dụng","NganhNgheTitleAscii":"/nganh-nghe/xay-dung-cong-trinh-ky-thuat-dan-dung","DSTags":["1600853812","An Giang",null]},{"Type":11,"SolrID":"/1600853530-truong-trung-hoc-co-so-vinh-hoa","ID":0,"MaSoThue":"1600853530","NgayCap":"2006-11-22T00:00:00Z","Title":"Trường Trung học Cơ sở Vĩnh Hòa","DiaChiCongTy":"ấp Vĩnh Thạnh D, xã Vĩnh Hòa - Thị xã Tân Châu - An Giang","Created":"2015-11-16T18:08:27Z","Updated":"2015-11-16T18:08:27Z","IsDelete":false,"RequestChanged":false,"ExitsInGDT":false,"SourceID":0,"TinhThanhID":0,"TinhThanhTitle":"An Giang","TinhThanhTitleAscii":"/an-giang","QuanHuyenID":0,"NganhNgheTitle":"Giáo dục trung học cơ sở và trung học phổ thông","NganhNgheTitleAscii":"/nganh-nghe/giao-duc-trung-hoc-co-so-va-trung-hoc-pho-thong","DSTags":["1600853530","An Giang",null]},{"Type":11,"SolrID":"/1600852826-doanh-nghiep-tn-tan-phu-si","ID":0,"MaSoThue":"1600852826","NgayCap":"2006-10-31T00:00:00Z","Title":"Doanh Nghiệp TN  Tân Phú Sĩ","DiaChiCongTy":"Số 224, tổ 4 - Xã Vĩnh Hòa - Thị xã Tân Châu - An Giang","Created":"2015-11-17T04:24:55Z","Updated":"2015-11-17T04:24:55Z","IsDelete":false,"RequestChanged":false,"ExitsInGDT":false,"SourceID":0,"TinhThanhID":0,"TinhThanhTitle":"An Giang","TinhThanhTitleAscii":"/an-giang","QuanHuyenID":0,"NganhNgheTitle":"Sản xuất đồ uống không cồn, nước khoáng","NganhNgheTitleAscii":"/nganh-nghe/san-xuat-do-uong-khong-con-nuoc-khoang","DSTags":["1600852826","An Giang",null]},{"Type":11,"SolrID":"/1200537308-001-chi-nhanh-cong-ty-tnhh-gia-khang","ID":0,"MaSoThue":"1200537308-001","NgayCap":"2006-09-13T00:00:00Z","Title":"Chi Nhánh Công Ty TNHH Gia Khang","DiaChiCongTy":"ấp Vĩnh An - Xã Vĩnh Hòa - Thị xã Tân Châu - An Giang","Created":"2015-11-11T06:08:37Z","Updated":"2015-11-11T06:08:37Z","IsDelete":false,"RequestChanged":false,"ExitsInGDT":false,"SourceID":0,"TinhThanhID":0,"TinhThanhTitle":"An Giang","TinhThanhTitleAscii":"/an-giang","QuanHuyenID":0,"NganhNgheTitle":"Khai thác đá, cát, sỏi, đất sét","NganhNgheTitleAscii":"/nganh-nghe/khai-thac-da-cat-soi-dat-set","DSTags":["1200537308-001","An Giang",null]},{"Type":11,"SolrID":"/0303309196-001-chi-nhanh-cong-ty-tnhh-phu-lam","ID":0,"MaSoThue":"0303309196-001","NgayCap":"2006-04-24T00:00:00Z","Title":"Chi nhánh Công ty TNHH Phủ Lâm","DiaChiCongTy":"ấp Vĩnh An, xã Vĩnh Hòa - Thị xã Tân Châu - An Giang","Created":"2015-11-08T22:32:44Z","Updated":"2015-11-08T22:32:44Z","IsDelete":false,"RequestChanged":false,"ExitsInGDT":false,"SourceID":0,"TinhThanhID":0,"TinhThanhTitle":"An Giang","TinhThanhTitleAscii":"/an-giang","QuanHuyenID":0,"NganhNgheTitle":"Bán buôn vật liệu, thiết bị lắp đặt khác trong xây dựng","NganhNgheTitleAscii":"/nganh-nghe/ban-buon-vat-lieu-thiet-bi-lap-dat-khac-trong-xay-dung","DSTags":["0303309196-001","An Giang",null]},{"Type":11,"SolrID":"/1600776766-truong-tieu-hoc-a-vinh-hoa","ID":0,"MaSoThue":"1600776766","NgayCap":"2005-04-13T00:00:00Z","Title":"Trường Tiểu học A Vĩnh Hoà","DiaChiCongTy":"ấp Vĩnh An, xã Vĩnh Hoà - Thị xã Tân Châu - An Giang","Created":"2015-11-16T05:04:17Z","Updated":"2015-11-16T05:04:17Z","IsDelete":false,"RequestChanged":false,"ExitsInGDT":false,"SourceID":0,"TinhThanhID":0,"TinhThanhTitle":"An Giang","TinhThanhTitleAscii":"/an-giang","QuanHuyenID":0,"NganhNgheTitle":"Giáo dục tiểu học","NganhNgheTitleAscii":"/nganh-nghe/giao-duc-tieu-hoc","DSTags":["1600776766","An Giang",null]},{"Type":11,"SolrID":"/1600755639-truong-mau-giao-vinh-hoa","ID":0,"MaSoThue":"1600755639","NgayCap":"2004-12-27T00:00:00Z","Title":"Trường Mẫu giáo Vĩnh Hoà","DiaChiCongTy":"xã Vĩnh Hoà - Thị xã Tân Châu - An Giang","Created":"2015-11-16T16:25:54Z","Updated":"2015-11-16T16:25:54Z","IsDelete":false,"RequestChanged":false,"ExitsInGDT":false,"SourceID":0,"TinhThanhID":0,"TinhThanhTitle":"An Giang","TinhThanhTitleAscii":"/an-giang","QuanHuyenID":0,"NganhNgheTitle":"Giáo dục mầm non","NganhNgheTitleAscii":"/nganh-nghe/giao-duc-mam-non","DSTags":["1600755639","An Giang",null]},{"Type":11,"SolrID":"/1600752162-truong-tieu-hoc-b-vinh-hoa","ID":0,"MaSoThue":"1600752162","NgayCap":"2004-12-01T00:00:00Z","Title":"Trường Tiểu học B Vĩnh Hoà","DiaChiCongTy":"ấp Vĩnh Bường, xã Vĩnh Hoà - Thị xã Tân Châu - An Giang","Created":"2015-11-16T05:08:26Z","Updated":"2015-11-16T05:08:26Z","IsDelete":false,"RequestChanged":false,"ExitsInGDT":false,"SourceID":0,"TinhThanhID":0,"TinhThanhTitle":"An Giang","TinhThanhTitleAscii":"/an-giang","QuanHuyenID":0,"NganhNgheTitle":"Giáo dục tiểu học","NganhNgheTitleAscii":"/nganh-nghe/giao-duc-tieu-hoc","DSTags":["1600752162","An Giang",null]},{"Type":11,"SolrID":"/1600613031-doanh-nghiep-tn-thu-truong","ID":0,"MaSoThue":"1600613031","NgayCap":"2004-04-27T00:00:00Z","Title":"Doanh Nghiệp TN Thu Trường","DiaChiCongTy":"Tổ 9, ấp Vĩnh Thạnh D - Xã Vĩnh Hòa - Thị xã Tân Châu - An Giang","Created":"2015-11-10T01:38:59Z","Updated":"2015-11-10T01:38:59Z","IsDelete":false,"RequestChanged":false,"ExitsInGDT":false,"SourceID":0,"TinhThanhID":0,"TinhThanhTitle":"An Giang","TinhThanhTitleAscii":"/an-giang","QuanHuyenID":0,"NganhNgheTitle":"Xây dựng nhà các loại","NganhNgheTitleAscii":"/nganh-nghe/xay-dung-nha-cac-loai","DSTags":["1600613031","An Giang",null]},{"Type":11,"SolrID":"/1600494578-htx-nong-nghiep-3-2-vinh-hoa","ID":0,"MaSoThue":"1600494578","NgayCap":"2000-05-10T00:00:00Z","Title":"HTX Nông Nghiệp 3-2 Vĩnh Hoà","DiaChiCongTy":"Tổ 7 ấp Vĩnh Thạnh Xã Vĩnh Hoà - Thị xã Tân Châu - An Giang","Created":"2015-11-14T15:16:05Z","Updated":"2015-11-14T15:16:05Z","IsDelete":false,"RequestChanged":false,"ExitsInGDT":false,"SourceID":0,"TinhThanhID":0,"TinhThanhTitle":"An Giang","TinhThanhTitleAscii":"/an-giang","QuanHuyenID":0,"NganhNgheTitle":"Hoạt động dịch vụ nông nghiệp","NganhNgheTitleAscii":"/nganh-nghe/hoat-dong-dich-vu-nong-nghiep","DSTags":["1600494578","An Giang",null]}]}