{"ID":16575,"SolrID":"/an-giang/thanh-pho-chau-doc/khu-cong-nghiep-vinh-my","Title":"Khu Công Nghiệp Vĩnh Mỹ","TinhThanhTitle":"An Giang","QuanHuyenTitle":"Thành Phố Châu Đốc","QuanHuyenID":177,"TinhThanhID":35,"Url":"https://thongtindoanhnghiep.co/api/company?l=/an-giang/thanh-pho-chau-doc/khu-cong-nghiep-vinh-my","Total":1,"List":[{"Type":11,"SolrID":"/1600659011-cong-ty-tnhh-may-xuat-khau-thanh-y","ID":0,"MaSoThue":"1600659011","NgayCap":"2003-06-05T00:00:00Z","Title":"Công ty TNHH May Xuất Khẩu Thành ý","DiaChiCongTy":"Số 12 ấp Long Châu 1, Khu Công Nghiệp Vĩnh Mỹ - Thành phố Châu Đốc - An Giang","Created":"2015-11-09T00:02:12Z","Updated":"2015-11-09T00:02:12Z","IsDelete":false,"RequestChanged":false,"ExitsInGDT":false,"SourceID":0,"TinhThanhID":0,"TinhThanhTitle":"An Giang","TinhThanhTitleAscii":"/an-giang","QuanHuyenID":0,"NganhNgheTitle":"Sản xuất sợi","NganhNgheTitleAscii":"/nganh-nghe/san-xuat-soi","DSTags":["1600659011","An Giang",null]}]}