{"ID":15273,"SolrID":"/an-giang/thanh-pho-chau-doc/phuong-chau-phu","Title":"Phường Châu Phú","TinhThanhTitle":"An Giang","QuanHuyenTitle":"Thành Phố Châu Đốc","QuanHuyenID":177,"TinhThanhID":35,"Url":"https://thongtindoanhnghiep.co/api/company?l=/an-giang/thanh-pho-chau-doc/phuong-chau-phu","Total":2,"List":[{"Type":11,"SolrID":"/1601218683-cty-tnhh-mot-thanh-vien-tm-dv-minh-hung","ID":0,"MaSoThue":"1601218683","NgayCap":"2009-09-22T00:00:00Z","Title":"Cty  TNHH Một Thành Viên TM DV Minh Hưng","DiaChiCongTy":"157 Trần Hưng Đạo, Phường  Châu Phú - Thành phố Châu Đốc - An Giang","Created":"2015-11-14T05:17:15Z","Updated":"2015-11-14T05:17:15Z","IsDelete":false,"RequestChanged":false,"ExitsInGDT":false,"SourceID":0,"TinhThanhID":0,"TinhThanhTitle":"An Giang","TinhThanhTitleAscii":"/an-giang","QuanHuyenID":0,"NganhNgheTitle":"Bán buôn chuyên doanh khác","NganhNgheTitleAscii":"/nganh-nghe/ban-buon-chuyen-doanh-khac","DSTags":["1601218683","An Giang",null]},{"Type":11,"SolrID":"/1600975190-cty-tnhh-mot-thanh-vien-up","ID":0,"MaSoThue":"1600975190","NgayCap":"2008-08-27T00:00:00Z","Title":"Cty TNHH Một Thành Viên UP","DiaChiCongTy":"Trưng Nữ Vương (nối dài), Tổ 2, K. Châu Thới  2, Phường  Châu Phú - Thành phố Châu Đốc - An Giang","Created":"2015-11-14T05:10:04Z","Updated":"2015-11-14T05:10:04Z","IsDelete":false,"RequestChanged":false,"ExitsInGDT":false,"SourceID":0,"TinhThanhID":0,"TinhThanhTitle":"An Giang","TinhThanhTitleAscii":"/an-giang","QuanHuyenID":0,"NganhNgheTitle":"Chế biến, bảo quản thuỷ sản và các sản phẩm từ thuỷ sản","NganhNgheTitleAscii":"/nganh-nghe/che-bien-bao-quan-thuy-san-va-cac-san-pham-tu-thuy-san","DSTags":["1600975190","An Giang",null]}]}