{"ID":12994,"SolrID":"/an-giang/thanh-pho-chau-doc/phuong-a-txcd","Title":"Phường A TXCĐ","TinhThanhTitle":"An Giang","QuanHuyenTitle":"Thành Phố Châu Đốc","QuanHuyenID":177,"TinhThanhID":35,"Url":"https://thongtindoanhnghiep.co/api/company?l=/an-giang/thanh-pho-chau-doc/phuong-a-txcd","Total":1,"List":[{"Type":11,"SolrID":"/1600853001-truong-ngoc-le","ID":0,"MaSoThue":"1600853001","NgayCap":"2006-11-03T00:00:00Z","Title":"Trương Ngọc Lệ","DiaChiCongTy":"Số 49/2 Nguyễn Văn Thoại phường A TXCĐ - Thành phố Châu Đốc - An Giang","Created":"2015-11-16T17:59:45Z","Updated":"2015-11-16T17:59:45Z","IsDelete":false,"RequestChanged":false,"ExitsInGDT":false,"SourceID":0,"TinhThanhID":0,"TinhThanhTitle":"An Giang","TinhThanhTitleAscii":"/an-giang","QuanHuyenID":0,"NganhNgheTitle":"Bán lẻ thiết bị gia đình khác trong các cửa hàng chuyên doanh","NganhNgheTitleAscii":"/nganh-nghe/ban-le-thiet-bi-gia-dinh-khac-trong-cac-cua-hang-chuyen-doanh","DSTags":["1600853001","An Giang",null]}]}