{"ID":10415,"SolrID":"/an-giang/thanh-pho-chau-doc/phuong-vinh-nguon","Title":"Phường Vĩnh Ngươn","TinhThanhTitle":"An Giang","QuanHuyenTitle":"Thành Phố Châu Đốc","QuanHuyenID":177,"TinhThanhID":35,"Url":"https://thongtindoanhnghiep.co/api/company?l=/an-giang/thanh-pho-chau-doc/phuong-vinh-nguon","Total":7,"List":[{"Type":11,"SolrID":"/1602007798-cong-ty-tnhh-tm-xnk-tan-luc-phat","ID":0,"MaSoThue":"1602007798","NgayCap":"2016-04-25T00:00:00Z","Title":"Công Ty TNHH Tm Xnk Tấn Lực Phát","DiaChiCongTy":"đường Phan Xích Long, tổ 6, ấp Vĩnh Tân - Phường Vĩnh Ngươn - Thành phố Châu Đốc - An Giang","Created":"2016-04-28T10:10:27Z","Updated":"2016-04-28T10:10:27Z","IsDelete":false,"RequestChanged":false,"ExitsInGDT":false,"SourceID":0,"TinhThanhID":0,"TinhThanhTitle":"An Giang","TinhThanhTitleAscii":"/an-giang","QuanHuyenID":0,"NganhNgheTitle":"Bán buôn vật liệu, thiết bị lắp đặt khác trong xây dựng","NganhNgheTitleAscii":"/nganh-nghe/ban-buon-vat-lieu-thiet-bi-lap-dat-khac-trong-xay-dung","DSTags":["1602007798","An Giang",null]},{"Type":11,"SolrID":"/1600150270-003-chi-nhanh-doanh-nghiep-tu-nhan-le-ngoc-chan-cua-hang-xang-dau-ngoc-tran-2","ID":0,"MaSoThue":"1600150270-003","NgayCap":"2011-06-24T00:00:00Z","Title":"Chi Nhánh Doanh Nghiệp Tư Nhân Lê Ngọc Chấn - Cửa Hàng Xăng Dầu Ngọc Trân 2","DiaChiCongTy":"Tổ 4, ấp 1 - Phường Vĩnh Ngươn - Thành phố Châu Đốc - An Giang","Created":"2015-11-17T19:45:15Z","Updated":"2015-11-17T19:45:15Z","IsDelete":false,"RequestChanged":false,"ExitsInGDT":false,"SourceID":0,"TinhThanhID":0,"TinhThanhTitle":"An Giang","TinhThanhTitleAscii":"/an-giang","QuanHuyenID":0,"NganhNgheTitle":"Bán buôn nhiên liệu rắn, lỏng, khí và các sản phẩm liên quan","NganhNgheTitleAscii":"/nganh-nghe/ban-buon-nhien-lieu-ran-long-khi-va-cac-san-pham-lien-quan","DSTags":["1600150270-003","An Giang",null]},{"Type":11,"SolrID":"/1601492220-doanh-nghiep-tn-khang-phu-cuong","ID":0,"MaSoThue":"1601492220","NgayCap":"2011-05-24T00:00:00Z","Title":"Doanh Nghiệp TN Khang Phú Cường","DiaChiCongTy":"Đường Phan Xích Long, Khóm Vĩnh Tân - Phường Vĩnh Ngươn - Thành phố Châu Đốc - An Giang","Created":"2015-11-16T20:10:03Z","Updated":"2015-11-16T20:10:03Z","IsDelete":false,"RequestChanged":false,"ExitsInGDT":false,"SourceID":0,"TinhThanhID":0,"TinhThanhTitle":"An Giang","TinhThanhTitleAscii":"/an-giang","QuanHuyenID":0,"NganhNgheTitle":"Bán buôn nhiên liệu rắn, lỏng, khí và các sản phẩm liên quan","NganhNgheTitleAscii":"/nganh-nghe/ban-buon-nhien-lieu-ran-long-khi-va-cac-san-pham-lien-quan","DSTags":["1601492220","An Giang",null]},{"Type":11,"SolrID":"/1600150601-001-chi-nhanh-doanh-nghiep-tn-thong-loi-tram-xang-dau-thong-loi","ID":0,"MaSoThue":"1600150601-001","NgayCap":"2011-01-06T00:00:00Z","Title":"Chi Nhánh Doanh Nghiệp TN Thông Lợi - Trạm Xăng Dầu Thông Lợi","DiaChiCongTy":"Xà lan AG-10647-H, đường Tùy Biên - Phường Vĩnh Ngươn - Thành phố Châu Đốc - An Giang","Created":"2015-11-11T01:35:09Z","Updated":"2015-11-11T01:35:09Z","IsDelete":false,"RequestChanged":false,"ExitsInGDT":false,"SourceID":0,"TinhThanhID":0,"TinhThanhTitle":"An Giang","TinhThanhTitleAscii":"/an-giang","QuanHuyenID":0,"NganhNgheTitle":"Bán buôn nhiên liệu rắn, lỏng, khí và các sản phẩm liên quan","NganhNgheTitleAscii":"/nganh-nghe/ban-buon-nhien-lieu-ran-long-khi-va-cac-san-pham-lien-quan","DSTags":["1600150601-001","An Giang",null]},{"Type":11,"SolrID":"/1601413797-cong-ty-tnhh-xay-dung-ba-tan","ID":0,"MaSoThue":"1601413797","NgayCap":"2010-11-23T00:00:00Z","Title":"Công Ty TNHH Xây Dựng Bá Tân","DiaChiCongTy":"Đường Tây Xuyên, Ấp Vĩnh Chánh 3, Phường Vĩnh Ngươn, Thành phố Châu Đốc, Tỉnh An Giang","Created":"2015-11-09T13:53:47Z","Updated":"2020-08-18T16:35:26Z","IsDelete":false,"RequestChanged":false,"ExitsInGDT":false,"SourceID":0,"TinhThanhID":0,"TinhThanhTitle":"An Giang","TinhThanhTitleAscii":"/an-giang","QuanHuyenID":0,"NganhNgheTitle":"Hoạt động kiến trúc và tư vấn kỹ thuật có liên quan","NganhNgheTitleAscii":"/nganh-nghe/hoat-dong-kien-truc-va-tu-van-ky-thuat-co-lien-quan","DSTags":["1601413797","An Giang",null]},{"Type":11,"SolrID":"/1601390885-doanh-nghiep-tn-doan-ao-thuat-xiec-huong-nam","ID":0,"MaSoThue":"1601390885","NgayCap":"2010-08-11T00:00:00Z","Title":"Doanh Nghiệp TN Đoàn ảo Thuật Xiếc Hương Nam","DiaChiCongTy":"Tổ 02, Khóm Vĩnh Chánh 2 - Phường Vĩnh Ngươn - Thành phố Châu Đốc - An Giang","Created":"2015-11-16T21:28:35Z","Updated":"2015-11-16T21:28:35Z","IsDelete":false,"RequestChanged":false,"ExitsInGDT":false,"SourceID":0,"TinhThanhID":0,"TinhThanhTitle":"An Giang","TinhThanhTitleAscii":"/an-giang","QuanHuyenID":0,"NganhNgheTitle":"Hoạt động sáng tác, nghệ thuật và giải trí","NganhNgheTitleAscii":"/nganh-nghe/hoat-dong-sang-tac-nghe-thuat-va-giai-tri","DSTags":["1601390885","An Giang",null]},{"Type":11,"SolrID":"/1601359564-cty-tnhh-mot-tvien-tm-dv-xnk-hue-duyen","ID":0,"MaSoThue":"1601359564","NgayCap":"2010-06-10T00:00:00Z","Title":"Cty TNHH Một TViên TM DV XNK Huệ Duyên","DiaChiCongTy":"Tổ 9 ấp Vĩnh Chánh - Phường Vĩnh Ngươn - Thành phố Châu Đốc - An Giang","Created":"2015-11-11T05:38:10Z","Updated":"2015-11-11T05:38:10Z","IsDelete":false,"RequestChanged":false,"ExitsInGDT":false,"SourceID":0,"TinhThanhID":0,"TinhThanhTitle":"An Giang","TinhThanhTitleAscii":"/an-giang","QuanHuyenID":0,"NganhNgheTitle":"Sản xuất chế biến thực phẩm","NganhNgheTitleAscii":"/nganh-nghe/san-xuat-che-bien-thuc-pham","DSTags":["1601359564","An Giang",null]}]}