{"ID":4026,"SolrID":"/an-giang/thanh-pho-chau-doc/phuong-b-txcd","Title":"Phường B TXCĐ","TinhThanhTitle":"An Giang","QuanHuyenTitle":"Thành Phố Châu Đốc","QuanHuyenID":177,"TinhThanhID":35,"Url":"https://thongtindoanhnghiep.co/api/company?l=/an-giang/thanh-pho-chau-doc/phuong-b-txcd","Total":1,"List":[{"Type":11,"SolrID":"/1600122403-012-chi-nhanh-phat-hanh-phim-thi-xa-chau-doc","ID":0,"MaSoThue":"1600122403-012","NgayCap":"1998-11-18T00:00:00Z","Title":"Chi Nhánh Phát Hành Phim                  Thị Xã Châu Đốc","DiaChiCongTy":"Phường B TXCĐ - Thành phố Châu Đốc - An Giang","Created":"2015-11-19T09:42:53Z","Updated":"2015-11-19T09:42:53Z","IsDelete":false,"RequestChanged":false,"ExitsInGDT":false,"SourceID":0,"TinhThanhID":0,"TinhThanhTitle":"An Giang","TinhThanhTitleAscii":"/an-giang","QuanHuyenID":0,"NganhNgheTitle":"Hoạt động sản xuất phim điện ảnh, phim video và chương trình truyền hình","NganhNgheTitleAscii":"/nganh-nghe/hoat-dong-san-xuat-phim-dien-anh-phim-video-va-chuong-trinh-truyen-hinh","DSTags":["1600122403-012","An Giang",null]}]}