{"ID":15442,"SolrID":"/an-giang/thanh-pho-chau-doc/xa-my-an","Title":"Xã Mỹ An","TinhThanhTitle":"An Giang","QuanHuyenTitle":"Thành Phố Châu Đốc","QuanHuyenID":177,"TinhThanhID":35,"Url":"https://thongtindoanhnghiep.co/api/company?l=/an-giang/thanh-pho-chau-doc/xa-my-an","Total":1,"List":[{"Type":11,"SolrID":"/1600957459-cty-tnhh-thuong-mai-xnk-mekong-p-c-b","ID":0,"MaSoThue":"1600957459","NgayCap":"2008-04-24T00:00:00Z","Title":"Cty TNHH Thương Mại - XNK MêKông P.C.B","DiaChiCongTy":"125 tỉnh lộ 942, Tổ 6, ấp Mỹ Trung, xã Mỹ An - Thành phố Châu Đốc - An Giang","Created":"2015-11-13T22:39:06Z","Updated":"2015-11-13T22:39:06Z","IsDelete":false,"RequestChanged":false,"ExitsInGDT":false,"SourceID":0,"TinhThanhID":0,"TinhThanhTitle":"An Giang","TinhThanhTitleAscii":"/an-giang","QuanHuyenID":0,"NganhNgheTitle":"Xây dựng công trình kỹ thuật dân dụng","NganhNgheTitleAscii":"/nganh-nghe/xay-dung-cong-trinh-ky-thuat-dan-dung","DSTags":["1600957459","An Giang",null]}]}