{"ID":12965,"SolrID":"/an-giang/thanh-pho-chau-doc/xa-vinh-chau","Title":"Xã Vĩnh Châu","TinhThanhTitle":"An Giang","QuanHuyenTitle":"Thành Phố Châu Đốc","QuanHuyenID":177,"TinhThanhID":35,"Url":"https://thongtindoanhnghiep.co/api/company?l=/an-giang/thanh-pho-chau-doc/xa-vinh-chau","Total":7,"List":[{"Type":11,"SolrID":"/1602076287-cong-ty-tnhh-mot-thanh-vien-thanh-dat-chau-doc","ID":0,"MaSoThue":"1602076287","NgayCap":"2018-07-10T00:00:00Z","Title":"Công Ty TNHH Một Thành Viên Thành Đạt Châu Đốc","DiaChiCongTy":"Ấp Mỹ Thuận, Xã Vĩnh Châu, Thành phố Châu Đốc, Tỉnh An Giang","Created":"2018-07-10T08:04:23Z","Updated":"2018-07-10T08:04:23Z","IsDelete":false,"RequestChanged":false,"ExitsInGDT":false,"SourceID":0,"TinhThanhID":0,"TinhThanhTitle":"An Giang","TinhThanhTitleAscii":"/an-giang","QuanHuyenID":0,"NganhNgheTitle":"Chế biến, bảo quản thịt và các sản phẩm từ thịt","NganhNgheTitleAscii":"/nganh-nghe/che-bien-bao-quan-thit-va-cac-san-pham-tu-thit","DSTags":["1602076287","An Giang",null]},{"Type":11,"SolrID":"/1602063834-cong-ty-tnhh-phan-van-nung","ID":0,"MaSoThue":"1602063834","NgayCap":"2018-02-07T00:00:00Z","Title":"Công Ty TNHH Phan Văn Nưng","DiaChiCongTy":"Tổ 1, Ấp Mỹ Phú, Xã Vĩnh Châu, Thành phố Châu Đốc, Tỉnh An Giang","Created":"2018-02-07T12:37:30Z","Updated":"2018-02-07T12:37:30Z","IsDelete":false,"RequestChanged":false,"ExitsInGDT":false,"SourceID":0,"TinhThanhID":0,"TinhThanhTitle":"An Giang","TinhThanhTitleAscii":"/an-giang","QuanHuyenID":0,"NganhNgheTitle":"Bán buôn nhiên liệu rắn, lỏng, khí và các sản phẩm liên quan","NganhNgheTitleAscii":"/nganh-nghe/ban-buon-nhien-lieu-ran-long-khi-va-cac-san-pham-lien-quan","DSTags":["1602063834","An Giang",null]},{"Type":11,"SolrID":"/1602013304-cong-ty-tnhh-mot-thanh-vien-xay-dung-diem-thuy","ID":0,"MaSoThue":"1602013304","NgayCap":"2016-06-28T00:00:00Z","Title":"Công Ty TNHH Một Thành Viên Xây Dựng Diễm Thúy","DiaChiCongTy":"17, Khóm Mỹ Hoà - Xã Vĩnh Châu - Thành phố Châu Đốc - An Giang","Created":"2016-06-30T09:24:55Z","Updated":"2016-06-30T09:24:55Z","IsDelete":false,"RequestChanged":false,"ExitsInGDT":false,"SourceID":0,"TinhThanhID":0,"TinhThanhTitle":"An Giang","TinhThanhTitleAscii":"/an-giang","QuanHuyenID":0,"NganhNgheTitle":"Bán buôn vật liệu, thiết bị lắp đặt khác trong xây dựng","NganhNgheTitleAscii":"/nganh-nghe/ban-buon-vat-lieu-thiet-bi-lap-dat-khac-trong-xay-dung","DSTags":["1602013304","An Giang",null]},{"Type":11,"SolrID":"/1602011378-cong-ty-tnhh-mot-thanh-vien-tung-linh-chau-doc","ID":0,"MaSoThue":"1602011378","NgayCap":"2016-05-31T00:00:00Z","Title":"Công Ty TNHH Một Thành Viên Tùng Linh Châu Đốc","DiaChiCongTy":"Số 14, Tổ 19, ấp Mỹ Phú - Xã Vĩnh Châu - Thành phố Châu Đốc - An Giang","Created":"2016-06-01T08:57:46Z","Updated":"2016-06-01T08:57:46Z","IsDelete":false,"RequestChanged":false,"ExitsInGDT":false,"SourceID":0,"TinhThanhID":0,"TinhThanhTitle":"An Giang","TinhThanhTitleAscii":"/an-giang","QuanHuyenID":0,"NganhNgheTitle":"Bán buôn chuyên doanh khác chưa được phân vào đâu","NganhNgheTitleAscii":"/nganh-nghe/ban-buon-chuyen-doanh-khac-chua-duoc-phan-vao-dau","DSTags":["1602011378","An Giang",null]},{"Type":11,"SolrID":"/1600855778-truong-tieu-hoc-vinh-chau","ID":0,"MaSoThue":"1600855778","NgayCap":"2006-12-20T00:00:00Z","Title":"Trường Tiểu học Vĩnh Châu","DiaChiCongTy":"ấp Mỹ Hòa, xã Vĩnh Châu - Thành phố Châu Đốc - An Giang","Created":"2015-11-16T18:11:29Z","Updated":"2015-11-16T18:11:29Z","IsDelete":false,"RequestChanged":false,"ExitsInGDT":false,"SourceID":0,"TinhThanhID":0,"TinhThanhTitle":"An Giang","TinhThanhTitleAscii":"/an-giang","QuanHuyenID":0,"NganhNgheTitle":"Giáo dục tiểu học","NganhNgheTitleAscii":"/nganh-nghe/giao-duc-tieu-hoc","DSTags":["1600855778","An Giang",null]},{"Type":11,"SolrID":"/1600672580-ubnd-xa-vinh-chau","ID":0,"MaSoThue":"1600672580","NgayCap":"2005-07-13T00:00:00Z","Title":"UBND Xã Vĩnh Châu","DiaChiCongTy":"ấp Mỹ Thuận, xã Vĩnh Châu - Thành phố Châu Đốc - An Giang","Created":"2015-11-16T16:57:16Z","Updated":"2015-11-16T16:57:16Z","IsDelete":false,"RequestChanged":false,"ExitsInGDT":false,"SourceID":0,"TinhThanhID":0,"TinhThanhTitle":"An Giang","TinhThanhTitleAscii":"/an-giang","QuanHuyenID":0,"NganhNgheTitle":"Hoạt động quản lý nhà nước nói chung và kinh tế tổng hợp","NganhNgheTitleAscii":"/nganh-nghe/hoat-dong-quan-ly-nha-nuoc-noi-chung-va-kinh-te-tong-hop","DSTags":["1600672580","An Giang",null]},{"Type":11,"SolrID":"/1600767708-truong-trung-hoc-co-so-vinh-chau","ID":0,"MaSoThue":"1600767708","NgayCap":"2005-02-28T00:00:00Z","Title":"Trường Trung học Cơ sở Vĩnh Châu","DiaChiCongTy":"Tổ 1 ấp Mỹ Hoà, xã Vĩnh Châu - Thành phố Châu Đốc - An Giang","Created":"2015-11-16T05:05:45Z","Updated":"2015-11-16T05:05:45Z","IsDelete":false,"RequestChanged":false,"ExitsInGDT":false,"SourceID":0,"TinhThanhID":0,"TinhThanhTitle":"An Giang","TinhThanhTitleAscii":"/an-giang","QuanHuyenID":0,"NganhNgheTitle":"Giáo dục trung học cơ sở và trung học phổ thông","NganhNgheTitleAscii":"/nganh-nghe/giao-duc-trung-hoc-co-so-va-trung-hoc-pho-thong","DSTags":["1600767708","An Giang",null]}]}