{"ID":12678,"SolrID":"/an-giang/thanh-pho-chau-doc/xa-vinhte","Title":"Xã VĩnhTế","TinhThanhTitle":"An Giang","QuanHuyenTitle":"Thành Phố Châu Đốc","QuanHuyenID":177,"TinhThanhID":35,"Url":"https://thongtindoanhnghiep.co/api/company?l=/an-giang/thanh-pho-chau-doc/xa-vinhte","Total":1,"List":[{"Type":11,"SolrID":"/1600982631-truong-mau-giao-vinh-te","ID":0,"MaSoThue":"1600982631","NgayCap":"2008-10-30T00:00:00Z","Title":"Trường Mẫu Giáo Vĩnh Tế","DiaChiCongTy":"ấp Vĩnh Khánh 2, xã VĩnhTế - Thành phố Châu Đốc - An Giang","Created":"2015-11-16T19:17:07Z","Updated":"2015-11-16T19:17:07Z","IsDelete":false,"RequestChanged":false,"ExitsInGDT":false,"SourceID":0,"TinhThanhID":0,"TinhThanhTitle":"An Giang","TinhThanhTitleAscii":"/an-giang","QuanHuyenID":0,"NganhNgheTitle":"Giáo dục mầm non","NganhNgheTitleAscii":"/nganh-nghe/giao-duc-mam-non","DSTags":["1600982631","An Giang",null]}]}