{"ID":10409,"SolrID":"/an-giang/thanh-pho-chau-doc/xa-vinh-nguon","Title":"Xã Vĩnh Ngươn","TinhThanhTitle":"An Giang","QuanHuyenTitle":"Thành Phố Châu Đốc","QuanHuyenID":177,"TinhThanhID":35,"Url":"https://thongtindoanhnghiep.co/api/company?l=/an-giang/thanh-pho-chau-doc/xa-vinh-nguon","Total":7,"List":[{"Type":11,"SolrID":"/1600894086-cong-ty-tnhh-duc-loc","ID":0,"MaSoThue":"1600894086","NgayCap":"2007-06-13T00:00:00Z","Title":"Công ty TNHH Đức Lộc","DiaChiCongTy":"Số 64, tổ 2, ấp Vĩnh Chánh, xã Vĩnh Ngươn - Thành phố Châu Đốc - An Giang","Created":"2015-11-14T05:06:42Z","Updated":"2015-11-14T05:06:42Z","IsDelete":false,"RequestChanged":false,"ExitsInGDT":false,"SourceID":0,"TinhThanhID":0,"TinhThanhTitle":"An Giang","TinhThanhTitleAscii":"/an-giang","QuanHuyenID":0,"NganhNgheTitle":"Sản xuất thực phẩm khác","NganhNgheTitleAscii":"/nganh-nghe/san-xuat-thuc-pham-khac","DSTags":["1600894086","An Giang",null]},{"Type":11,"SolrID":"/1600752116-truong-trung-hoc-co-so-vinh-nguon","ID":0,"MaSoThue":"1600752116","NgayCap":"2004-11-30T00:00:00Z","Title":"Trường Trung học Cơ sở Vĩnh Nguơn","DiaChiCongTy":"ấp Vĩnh Chánh 2, xã Vĩnh Nguơn - Thành phố Châu Đốc - An Giang","Created":"2015-11-16T16:23:57Z","Updated":"2015-11-16T16:23:57Z","IsDelete":false,"RequestChanged":false,"ExitsInGDT":false,"SourceID":0,"TinhThanhID":0,"TinhThanhTitle":"An Giang","TinhThanhTitleAscii":"/an-giang","QuanHuyenID":0,"NganhNgheTitle":"Giáo dục trung học cơ sở và trung học phổ thông","NganhNgheTitleAscii":"/nganh-nghe/giao-duc-trung-hoc-co-so-va-trung-hoc-pho-thong","DSTags":["1600752116","An Giang",null]},{"Type":11,"SolrID":"/1600746881-truong-mau-giao-vinh-nguon","ID":0,"MaSoThue":"1600746881","NgayCap":"2004-11-19T00:00:00Z","Title":"Trường Mẫu giáo Vĩnh Nguơn","DiaChiCongTy":"ấp 2, xã Vĩnh Nguơn - Thành phố Châu Đốc - An Giang","Created":"2015-11-16T16:23:32Z","Updated":"2015-11-16T16:23:32Z","IsDelete":false,"RequestChanged":false,"ExitsInGDT":false,"SourceID":0,"TinhThanhID":0,"TinhThanhTitle":"An Giang","TinhThanhTitleAscii":"/an-giang","QuanHuyenID":0,"NganhNgheTitle":"Giáo dục mầm non","NganhNgheTitleAscii":"/nganh-nghe/giao-duc-mam-non","DSTags":["1600746881","An Giang",null]},{"Type":11,"SolrID":"/1600739436-truong-tieu-hoc-b-vinh-nguon","ID":0,"MaSoThue":"1600739436","NgayCap":"2004-10-20T00:00:00Z","Title":"Trường Tiểu học B Vĩnh Ngươn","DiaChiCongTy":"ấp 1, xã Vĩnh Nguơn - Thành phố Châu Đốc - An Giang","Created":"2015-11-16T05:09:15Z","Updated":"2015-11-16T05:09:15Z","IsDelete":false,"RequestChanged":false,"ExitsInGDT":false,"SourceID":0,"TinhThanhID":0,"TinhThanhTitle":"An Giang","TinhThanhTitleAscii":"/an-giang","QuanHuyenID":0,"NganhNgheTitle":"Giáo dục tiểu học","NganhNgheTitleAscii":"/nganh-nghe/giao-duc-tieu-hoc","DSTags":["1600739436","An Giang",null]},{"Type":11,"SolrID":"/1600733667-truong-tieu-hoc-a-vinh-nguon","ID":0,"MaSoThue":"1600733667","NgayCap":"2004-10-07T00:00:00Z","Title":"Trường Tiểu học A Vĩnh Ngươn","DiaChiCongTy":"ấp 2, xã Vĩnh Ngươn - Thành phố Châu Đốc - An Giang","Created":"2015-11-16T16:21:31Z","Updated":"2015-11-16T16:21:31Z","IsDelete":false,"RequestChanged":false,"ExitsInGDT":false,"SourceID":0,"TinhThanhID":0,"TinhThanhTitle":"An Giang","TinhThanhTitleAscii":"/an-giang","QuanHuyenID":0,"NganhNgheTitle":"Giáo dục tiểu học","NganhNgheTitleAscii":"/nganh-nghe/giao-duc-tieu-hoc","DSTags":["1600733667","An Giang",null]},{"Type":11,"SolrID":"/1600374464-009-truong-tieu-hoc-vinh-nguon-thi-xa-chau-doc","ID":0,"MaSoThue":"1600374464-009","NgayCap":"1998-12-15T00:00:00Z","Title":"Trường Tiểu học Vĩnh Ngươn Thị Xã Châu Đốc","DiaChiCongTy":"ấp 2 Xã Vĩnh Ngươn - Thành phố Châu Đốc - An Giang","Created":"2015-11-17T19:50:26Z","Updated":"2015-11-17T19:50:26Z","IsDelete":false,"RequestChanged":false,"ExitsInGDT":false,"SourceID":0,"TinhThanhID":0,"TinhThanhTitle":"An Giang","TinhThanhTitleAscii":"/an-giang","QuanHuyenID":0,"NganhNgheTitle":"Giáo dục tiểu học","NganhNgheTitleAscii":"/nganh-nghe/giao-duc-tieu-hoc","DSTags":["1600374464-009","An Giang",null]},{"Type":11,"SolrID":"/1600361810-ubnd-xa-vinh-nguon","ID":0,"MaSoThue":"1600361810","NgayCap":"1998-11-25T00:00:00Z","Title":"UBND Xã Vĩnh Nguơn","DiaChiCongTy":"ấp 3, xã Vĩnh Nguơn - Thành phố Châu Đốc - An Giang","Created":"2015-11-14T17:14:45Z","Updated":"2015-11-14T17:14:45Z","IsDelete":false,"RequestChanged":false,"ExitsInGDT":false,"SourceID":0,"TinhThanhID":0,"TinhThanhTitle":"An Giang","TinhThanhTitleAscii":"/an-giang","QuanHuyenID":0,"NganhNgheTitle":"Hoạt động quản lý nhà nước nói chung và kinh tế tổng hợp","NganhNgheTitleAscii":"/nganh-nghe/hoat-dong-quan-ly-nha-nuoc-noi-chung-va-kinh-te-tong-hop","DSTags":["1600361810","An Giang",null]}]}