{"ID":5189,"SolrID":"/an-giang/thanh-pho-chau-doc/xa-vinh-te","Title":"Xã Vĩnh Tế","TinhThanhTitle":"An Giang","QuanHuyenTitle":"Thành Phố Châu Đốc","QuanHuyenID":177,"TinhThanhID":35,"Url":"https://thongtindoanhnghiep.co/api/company?l=/an-giang/thanh-pho-chau-doc/xa-vinh-te","Total":16,"List":[{"Type":11,"SolrID":"/1602079760-cong-ty-tnhh-xang-dau-tran-van-lan","ID":0,"MaSoThue":"1602079760","NgayCap":"2018-08-28T00:00:00Z","Title":"Công Ty TNHH Xăng Dầu Trần Văn Lan","DiaChiCongTy":"Quốc lộ 91, Ấp Cây Trâm, Xã Vĩnh Tế, Thành phố Châu Đốc, Tỉnh An Giang","Created":"2018-08-28T17:04:57Z","Updated":"2018-08-28T17:04:57Z","IsDelete":false,"RequestChanged":false,"ExitsInGDT":false,"SourceID":0,"TinhThanhID":0,"TinhThanhTitle":"An Giang","TinhThanhTitleAscii":"/an-giang","QuanHuyenID":0,"NganhNgheTitle":"Bán buôn nhiên liệu rắn, lỏng, khí và các sản phẩm liên quan","NganhNgheTitleAscii":"/nganh-nghe/ban-buon-nhien-lieu-ran-long-khi-va-cac-san-pham-lien-quan","DSTags":["1602079760","An Giang",null]},{"Type":11,"SolrID":"/1602072941-cong-ty-tnhh-anh-thu-anh-thi","ID":0,"MaSoThue":"1602072941","NgayCap":"2018-05-29T00:00:00Z","Title":"Công Ty TNHH Anh Thư - Anh Thi","DiaChiCongTy":"Tổ 5, ấp Bà Bài, Xã Vĩnh Tế, Thành phố Châu Đốc, Tỉnh An Giang","Created":"2018-05-29T08:05:19Z","Updated":"2018-05-29T08:05:19Z","IsDelete":false,"RequestChanged":false,"ExitsInGDT":false,"SourceID":0,"TinhThanhID":0,"TinhThanhTitle":"An Giang","TinhThanhTitleAscii":"/an-giang","QuanHuyenID":0,"NganhNgheTitle":"Bán buôn nhiên liệu rắn, lỏng, khí và các sản phẩm liên quan","NganhNgheTitleAscii":"/nganh-nghe/ban-buon-nhien-lieu-ran-long-khi-va-cac-san-pham-lien-quan","DSTags":["1602072941","An Giang",null]},{"Type":11,"SolrID":"/1602071497-cong-ty-tnhh-thanh-thien-an","ID":0,"MaSoThue":"1602071497","NgayCap":"2018-05-10T00:00:00Z","Title":"Công Ty TNHH Thanh Thiên An","DiaChiCongTy":"Tổ 04, ấp Bà Bài, Xã Vĩnh Tế, Thành phố Châu Đốc, Tỉnh An Giang","Created":"2018-05-10T08:36:12Z","Updated":"2018-05-10T08:36:12Z","IsDelete":false,"RequestChanged":false,"ExitsInGDT":false,"SourceID":0,"TinhThanhID":0,"TinhThanhTitle":"An Giang","TinhThanhTitleAscii":"/an-giang","QuanHuyenID":0,"NganhNgheTitle":"Khai thác và thu gom than bùn","NganhNgheTitleAscii":"/nganh-nghe/khai-thac-va-thu-gom-than-bun","DSTags":["1602071497","An Giang",null]},{"Type":11,"SolrID":"/1602068536-cong-ty-tnhh-mot-thanh-vien-xang-dau-hieu-thao-chau-doc","ID":0,"MaSoThue":"1602068536","NgayCap":"2018-04-04T00:00:00Z","Title":"Công Ty TNHH Một Thành Viên Xăng Dầu Hiếu Thảo Châu Đốc","DiaChiCongTy":"Tổ 1, đường 955A, Ấp Bà Bài, Xã Vĩnh Tế, Thành phố Châu Đốc, Tỉnh An Giang","Created":"2018-04-04T13:34:41Z","Updated":"2018-04-04T13:34:41Z","IsDelete":false,"RequestChanged":false,"ExitsInGDT":false,"SourceID":0,"TinhThanhID":0,"TinhThanhTitle":"An Giang","TinhThanhTitleAscii":"/an-giang","QuanHuyenID":0,"NganhNgheTitle":"Bán buôn nhiên liệu rắn, lỏng, khí và các sản phẩm liên quan","NganhNgheTitleAscii":"/nganh-nghe/ban-buon-nhien-lieu-ran-long-khi-va-cac-san-pham-lien-quan","DSTags":["1602068536","An Giang",null]},{"Type":11,"SolrID":"/1601984543-cong-ty-tnhh-mot-thanh-vien-thanh-hung-chau-doc","ID":0,"MaSoThue":"1601984543","NgayCap":"2015-10-01T00:00:00Z","Title":"Công Ty TNHH Một Thành Viên Thanh Hùng Châu Đốc","DiaChiCongTy":"Tổ 1, ấp Cây Châm - Xã Vĩnh Tế - Thành phố Châu Đốc - An Giang","Created":"2015-11-19T02:25:57Z","Updated":"2015-11-19T02:25:57Z","IsDelete":false,"RequestChanged":false,"ExitsInGDT":false,"SourceID":0,"TinhThanhID":0,"TinhThanhTitle":"An Giang","TinhThanhTitleAscii":"/an-giang","QuanHuyenID":0,"NganhNgheTitle":"Bán buôn vật liệu, thiết bị lắp đặt khác trong xây dựng","NganhNgheTitleAscii":"/nganh-nghe/ban-buon-vat-lieu-thiet-bi-lap-dat-khac-trong-xay-dung","DSTags":["1601984543","An Giang",null]},{"Type":11,"SolrID":"/1601181257-003-chi-nhanh-doanh-nghiep-tn-linh-trung","ID":0,"MaSoThue":"1601181257-003","NgayCap":"2014-02-28T00:00:00Z","Title":"Chi Nhánh Doanh Nghiệp TN Linh Trung","DiaChiCongTy":"Tổ 3, ấp Bà Bài - Xã Vĩnh Tế - Thành phố Châu Đốc - An Giang","Created":"2015-11-10T22:28:39Z","Updated":"2015-11-10T22:28:39Z","IsDelete":false,"RequestChanged":false,"ExitsInGDT":false,"SourceID":0,"TinhThanhID":0,"TinhThanhTitle":"An Giang","TinhThanhTitleAscii":"/an-giang","QuanHuyenID":0,"NganhNgheTitle":"Bán buôn vật liệu, thiết bị lắp đặt khác trong xây dựng","NganhNgheTitleAscii":"/nganh-nghe/ban-buon-vat-lieu-thiet-bi-lap-dat-khac-trong-xay-dung","DSTags":["1601181257-003","An Giang",null]},{"Type":11,"SolrID":"/1600854485-truong-trung-hoc-co-so-vinh-te","ID":0,"MaSoThue":"1600854485","NgayCap":"2006-12-04T00:00:00Z","Title":"Trường Trung học Cơ sở Vĩnh Tế","DiaChiCongTy":"ấp Vĩnh Khánh II, xã Vĩnh Tế - Thành phố Châu Đốc - An Giang","Created":"2015-11-16T00:59:26Z","Updated":"2015-11-16T00:59:26Z","IsDelete":false,"RequestChanged":false,"ExitsInGDT":false,"SourceID":0,"TinhThanhID":0,"TinhThanhTitle":"An Giang","TinhThanhTitleAscii":"/an-giang","QuanHuyenID":0,"NganhNgheTitle":"Giáo dục trung học cơ sở và trung học phổ thông","NganhNgheTitleAscii":"/nganh-nghe/giao-duc-trung-hoc-co-so-va-trung-hoc-pho-thong","DSTags":["1600854485","An Giang",null]},{"Type":11,"SolrID":"/1600726772-truong-tieu-hoc-vinh-te","ID":0,"MaSoThue":"1600726772","NgayCap":"2004-09-23T00:00:00Z","Title":"Trường Tiểu học Vĩnh Tế","DiaChiCongTy":"ấp Vĩnh Khánh 2, xã Vĩnh Tế - Thành phố Châu Đốc - An Giang","Created":"2015-11-16T16:20:53Z","Updated":"2015-11-16T16:20:53Z","IsDelete":false,"RequestChanged":false,"ExitsInGDT":false,"SourceID":0,"TinhThanhID":0,"TinhThanhTitle":"An Giang","TinhThanhTitleAscii":"/an-giang","QuanHuyenID":0,"NganhNgheTitle":"Giáo dục tiểu học","NganhNgheTitleAscii":"/nganh-nghe/giao-duc-tieu-hoc","DSTags":["1600726772","An Giang",null]},{"Type":11,"SolrID":"/1600204705-doanh-nghiep-tn-nam-dinh","ID":0,"MaSoThue":"1600204705","NgayCap":"2004-07-14T00:00:00Z","Title":"Doanh Nghiệp TN Nam Định","DiaChiCongTy":"Tổ 3, ấp Vĩnh Khánh 1 - Xã Vĩnh Tế - Thành phố Châu Đốc - An Giang","Created":"2015-11-09T05:08:05Z","Updated":"2015-11-09T05:08:05Z","IsDelete":false,"RequestChanged":false,"ExitsInGDT":false,"SourceID":0,"TinhThanhID":0,"TinhThanhTitle":"An Giang","TinhThanhTitleAscii":"/an-giang","QuanHuyenID":0,"NganhNgheTitle":"Bán buôn nhiên liệu rắn, lỏng, khí và các sản phẩm liên quan","NganhNgheTitleAscii":"/nganh-nghe/ban-buon-nhien-lieu-ran-long-khi-va-cac-san-pham-lien-quan","DSTags":["1600204705","An Giang",null]},{"Type":11,"SolrID":"/1600168574-005-lu-quan-tango-ii","ID":0,"MaSoThue":"1600168574-005","NgayCap":"1999-01-14T00:00:00Z","Title":"Lữ Quán Tango II","DiaChiCongTy":"Xã Vĩnh Tế - Thành phố Châu Đốc - An Giang","Created":"2015-11-19T03:05:28Z","Updated":"2015-11-19T03:05:28Z","IsDelete":false,"RequestChanged":false,"ExitsInGDT":false,"SourceID":0,"TinhThanhID":0,"TinhThanhTitle":"An Giang","TinhThanhTitleAscii":"/an-giang","QuanHuyenID":0,"NganhNgheTitle":"Quán rượu, bia, quầy bar","NganhNgheTitleAscii":"/nganh-nghe/quan-ruou-bia-quay-bar","DSTags":["1600168574-005","An Giang",null]},{"Type":11,"SolrID":"/1600168574-001-nha-hang-khach-san-tango","ID":0,"MaSoThue":"1600168574-001","NgayCap":"1999-01-02T00:00:00Z","Title":"Nhà hàng khách sạn Tango","DiaChiCongTy":"ấp Vĩnh Tây 1, xã Vĩnh Tế - Thành phố Châu Đốc - An Giang","Created":"2015-11-19T06:57:57Z","Updated":"2015-11-19T06:57:57Z","IsDelete":false,"RequestChanged":false,"ExitsInGDT":false,"SourceID":0,"TinhThanhID":0,"TinhThanhTitle":"An Giang","TinhThanhTitleAscii":"/an-giang","QuanHuyenID":0,"NganhNgheTitle":"Quán rượu, bia, quầy bar","NganhNgheTitleAscii":"/nganh-nghe/quan-ruou-bia-quay-bar","DSTags":["1600168574-001","An Giang",null]},{"Type":11,"SolrID":"/1600374471-002-truong-trung-hoc-co-so-gia-mo","ID":0,"MaSoThue":"1600374471-002","NgayCap":"1998-12-15T00:00:00Z","Title":"Trường Trung Học Cơ Sở Gia Mô","DiaChiCongTy":"Xã Vĩnh Tế - Thành phố Châu Đốc - An Giang","Created":"2015-11-18T10:34:53Z","Updated":"2015-11-18T10:34:53Z","IsDelete":false,"RequestChanged":false,"ExitsInGDT":false,"SourceID":0,"TinhThanhID":0,"TinhThanhTitle":"An Giang","TinhThanhTitleAscii":"/an-giang","QuanHuyenID":0,"NganhNgheTitle":"Giáo dục trung học cơ sở và trung học phổ thông","NganhNgheTitleAscii":"/nganh-nghe/giao-duc-trung-hoc-co-so-va-trung-hoc-pho-thong","DSTags":["1600374471-002","An Giang",null]},{"Type":11,"SolrID":"/1600374464-018-truong-tieu-hoc-a-vinh-te-thi-xa-chau-doc","ID":0,"MaSoThue":"1600374464-018","NgayCap":"1998-12-15T00:00:00Z","Title":"Trường Tiểu học A Vĩnh Tế Thị xã Châu Đốc","DiaChiCongTy":"ấp Vĩnh Đông Xã Vĩnh tế - Thành phố Châu Đốc - An Giang","Created":"2015-11-17T19:50:35Z","Updated":"2015-11-17T19:50:35Z","IsDelete":false,"RequestChanged":false,"ExitsInGDT":false,"SourceID":0,"TinhThanhID":0,"TinhThanhTitle":"An Giang","TinhThanhTitleAscii":"/an-giang","QuanHuyenID":0,"NganhNgheTitle":"Giáo dục tiểu học","NganhNgheTitleAscii":"/nganh-nghe/giao-duc-tieu-hoc","DSTags":["1600374464-018","An Giang",null]},{"Type":11,"SolrID":"/1600374464-020-truong-tieu-hoc-c-vinh-te-thi-xa-chau-doc","ID":0,"MaSoThue":"1600374464-020","NgayCap":"1998-12-15T00:00:00Z","Title":"Trường tiểu Học C Vĩnh Tế Thị Xã Châu Đốc","DiaChiCongTy":"ấp Vĩnh Khánh xã Vĩnh Tế - Thành phố Châu Đốc - An Giang","Created":"2015-11-17T19:50:37Z","Updated":"2015-11-17T19:50:37Z","IsDelete":false,"RequestChanged":false,"ExitsInGDT":false,"SourceID":0,"TinhThanhID":0,"TinhThanhTitle":"An Giang","TinhThanhTitleAscii":"/an-giang","QuanHuyenID":0,"NganhNgheTitle":"Giáo dục tiểu học","NganhNgheTitleAscii":"/nganh-nghe/giao-duc-tieu-hoc","DSTags":["1600374464-020","An Giang",null]},{"Type":11,"SolrID":"/1600374464-021-truong-tiu-hoc-d-vinh-te-thi-xa-chau-doc","ID":0,"MaSoThue":"1600374464-021","NgayCap":"1998-12-15T00:00:00Z","Title":"Trường tỉu Học D Vĩnh tế Thị Xã Châu Đốc","DiaChiCongTy":"ấp Vĩnh Tây Xã Vĩnh Tế - Thành phố Châu Đốc - An Giang","Created":"2015-11-17T19:50:38Z","Updated":"2015-11-17T19:50:38Z","IsDelete":false,"RequestChanged":false,"ExitsInGDT":false,"SourceID":0,"TinhThanhID":0,"TinhThanhTitle":"An Giang","TinhThanhTitleAscii":"/an-giang","QuanHuyenID":0,"NganhNgheTitle":"Giáo dục tiểu học","NganhNgheTitleAscii":"/nganh-nghe/giao-duc-tieu-hoc","DSTags":["1600374464-021","An Giang",null]},{"Type":11,"SolrID":"/1600374496-ubnd-xa-vinh-te","ID":0,"MaSoThue":"1600374496","NgayCap":"1998-11-24T00:00:00Z","Title":"UBND xã Vĩnh Tế","DiaChiCongTy":"ấp Vĩnh Khánh 2, xã Vĩnh Tế - Thành phố Châu Đốc - An Giang","Created":"2015-11-14T17:15:21Z","Updated":"2015-11-14T17:15:21Z","IsDelete":false,"RequestChanged":false,"ExitsInGDT":false,"SourceID":0,"TinhThanhID":0,"TinhThanhTitle":"An Giang","TinhThanhTitleAscii":"/an-giang","QuanHuyenID":0,"NganhNgheTitle":"Hoạt động quản lý nhà nước nói chung và kinh tế tổng hợp","NganhNgheTitleAscii":"/nganh-nghe/hoat-dong-quan-ly-nha-nuoc-noi-chung-va-kinh-te-tong-hop","DSTags":["1600374496","An Giang",null]}]}