{"ID":6222,"SolrID":"/an-giang/thanh-pho-chau-doc/xa-vinh-my","Title":"Xã Vĩnh Mỹ","TinhThanhTitle":"An Giang","QuanHuyenTitle":"Thành Phố Châu Đốc","QuanHuyenID":177,"TinhThanhID":35,"Url":"https://thongtindoanhnghiep.co/api/company?l=/an-giang/thanh-pho-chau-doc/xa-vinh-my","Total":11,"List":[{"Type":11,"SolrID":"/1600678800-003-tram-cap-phat-xang-dau-hoa-binh-4","ID":0,"MaSoThue":"1600678800-003","NgayCap":"2004-02-09T00:00:00Z","Title":"Trạm Cấp Phát xăng dầu Hoà Bình 4","DiaChiCongTy":"QL 91 ấp Long Châu 6, Xã Vĩnh Mỹ - Thành phố Châu Đốc - An Giang","Created":"2015-11-19T03:06:09Z","Updated":"2015-11-19T03:06:09Z","IsDelete":false,"RequestChanged":false,"ExitsInGDT":false,"SourceID":0,"TinhThanhID":0,"TinhThanhTitle":"An Giang","TinhThanhTitleAscii":"/an-giang","QuanHuyenID":0,"NganhNgheTitle":"Bán lẻ nhiên liệu động cơ trong các cửa hàng chuyên doanh","NganhNgheTitleAscii":"/nganh-nghe/ban-le-nhien-lieu-dong-co-trong-cac-cua-hang-chuyen-doanh","DSTags":["1600678800-003","An Giang",null]},{"Type":11,"SolrID":"/1600169225-008-cua-hang-vat-lieu-xay-dung-chau-doc","ID":0,"MaSoThue":"1600169225-008","NgayCap":"2002-08-07T00:00:00Z","Title":"Cửa hàng vật liệu xây dựng Châu Đốc","DiaChiCongTy":"Xã Vĩnh Mỹ - Thành phố Châu Đốc - An Giang","Created":"2015-11-18T13:54:53Z","Updated":"2015-11-18T13:54:53Z","IsDelete":false,"RequestChanged":false,"ExitsInGDT":false,"SourceID":0,"TinhThanhID":0,"TinhThanhTitle":"An Giang","TinhThanhTitleAscii":"/an-giang","QuanHuyenID":0,"NganhNgheTitle":"Bán buôn vật liệu, thiết bị lắp đặt khác trong xây dựng","NganhNgheTitleAscii":"/nganh-nghe/ban-buon-vat-lieu-thiet-bi-lap-dat-khac-trong-xay-dung","DSTags":["1600169225-008","An Giang",null]},{"Type":11,"SolrID":"/1600613017-cong-ty-tnhh-minh-tam","ID":0,"MaSoThue":"1600613017","NgayCap":"2002-05-10T00:00:00Z","Title":"Công Ty TNHH  Minh Tâm","DiaChiCongTy":"Số 2 Tổ 39 Xã Vĩnh Mỹ - Thành phố Châu Đốc - An Giang","Created":"2015-11-12T06:02:20Z","Updated":"2015-11-12T06:02:20Z","IsDelete":false,"RequestChanged":false,"ExitsInGDT":false,"SourceID":0,"TinhThanhID":0,"TinhThanhTitle":"An Giang","TinhThanhTitleAscii":"/an-giang","QuanHuyenID":0,"NganhNgheTitle":"Xây dựng công trình kỹ thuật dân dụng","NganhNgheTitleAscii":"/nganh-nghe/xay-dung-cong-trinh-ky-thuat-dan-dung","DSTags":["1600613017","An Giang",null]},{"Type":11,"SolrID":"/1600583838-cong-ty-tnhh-tuyet-trong","ID":0,"MaSoThue":"1600583838","NgayCap":"2001-10-03T00:00:00Z","Title":"Công Ty TNHH Tuyết Trọng","DiaChiCongTy":"Tổ 2 Châu Long I Xã Vĩnh Mỹ - Thành phố Châu Đốc - An Giang","Created":"2015-11-12T06:08:48Z","Updated":"2015-11-12T06:08:48Z","IsDelete":false,"RequestChanged":false,"ExitsInGDT":false,"SourceID":0,"TinhThanhID":0,"TinhThanhTitle":"An Giang","TinhThanhTitleAscii":"/an-giang","QuanHuyenID":0,"NganhNgheTitle":"Chăn nuôi gia cầm","NganhNgheTitleAscii":"/nganh-nghe/chan-nuoi-gia-cam","DSTags":["1600583838","An Giang",null]},{"Type":11,"SolrID":"/1600577915-cong-ty-tnhh-trung-tien","ID":0,"MaSoThue":"1600577915","NgayCap":"2001-07-03T00:00:00Z","Title":"Công Ty TNHH Trung Tiến","DiaChiCongTy":"70 ấp Mỹ Chánh xã Vĩnh Mỹ - Thành phố Châu Đốc - An Giang","Created":"2015-11-12T06:10:01Z","Updated":"2015-11-12T06:10:01Z","IsDelete":false,"RequestChanged":false,"ExitsInGDT":false,"SourceID":0,"TinhThanhID":0,"TinhThanhTitle":"An Giang","TinhThanhTitleAscii":"/an-giang","QuanHuyenID":0,"NganhNgheTitle":"Xây dựng công trình kỹ thuật dân dụng","NganhNgheTitleAscii":"/nganh-nghe/xay-dung-cong-trinh-ky-thuat-dan-dung","DSTags":["1600577915","An Giang",null]},{"Type":11,"SolrID":"/1600511417-cty-tnhh-thuan-phat","ID":0,"MaSoThue":"1600511417","NgayCap":"2000-07-27T00:00:00Z","Title":"CTY TNHH Thuận Phát","DiaChiCongTy":"Số 9 - Tổ 30 - Khóm Châu Long 1- Xã Vĩnh Mỹ - Thành phố Châu Đốc - An Giang","Created":"2015-11-12T06:26:15Z","Updated":"2015-11-12T06:26:15Z","IsDelete":false,"RequestChanged":false,"ExitsInGDT":false,"SourceID":0,"TinhThanhID":0,"TinhThanhTitle":"An Giang","TinhThanhTitleAscii":"/an-giang","QuanHuyenID":0,"NganhNgheTitle":"Xây dựng công trình kỹ thuật dân dụng","NganhNgheTitleAscii":"/nganh-nghe/xay-dung-cong-trinh-ky-thuat-dan-dung","DSTags":["1600511417","An Giang",null]},{"Type":11,"SolrID":"/1600374464-014-truong-tieu-hoc-b-vinh-my","ID":0,"MaSoThue":"1600374464-014","NgayCap":"1998-12-15T00:00:00Z","Title":"Trường Tiểu học B Vĩnh Mỹ","DiaChiCongTy":"ấp Châu Long ,xã Vĩnh Mỹ - Thành phố Châu Đốc - An Giang","Created":"2015-11-17T19:50:31Z","Updated":"2015-11-17T19:50:31Z","IsDelete":false,"RequestChanged":false,"ExitsInGDT":false,"SourceID":0,"TinhThanhID":0,"TinhThanhTitle":"An Giang","TinhThanhTitleAscii":"/an-giang","QuanHuyenID":0,"NganhNgheTitle":"Giáo dục tiểu học","NganhNgheTitleAscii":"/nganh-nghe/giao-duc-tieu-hoc","DSTags":["1600374464-014","An Giang",null]},{"Type":11,"SolrID":"/1600374464-016-truong-tieu-hoc-d-vinh-my-thi-xa-chau-doc","ID":0,"MaSoThue":"1600374464-016","NgayCap":"1998-12-15T00:00:00Z","Title":"Trường Tiểu Học D Vĩnh Mỹ Thị Xã Châu Đốc","DiaChiCongTy":"ấp Mỹ Hoà Xã Vĩnh Mỹ - Thành phố Châu Đốc - An Giang","Created":"2015-11-17T19:50:33Z","Updated":"2015-11-17T19:50:33Z","IsDelete":false,"RequestChanged":false,"ExitsInGDT":false,"SourceID":0,"TinhThanhID":0,"TinhThanhTitle":"An Giang","TinhThanhTitleAscii":"/an-giang","QuanHuyenID":0,"NganhNgheTitle":"Giáo dục tiểu học","NganhNgheTitleAscii":"/nganh-nghe/giao-duc-tieu-hoc","DSTags":["1600374464-016","An Giang",null]},{"Type":11,"SolrID":"/1600374464-017-truong-tieu-hoc-e-vinh-my-thi-xa-chau-doc","ID":0,"MaSoThue":"1600374464-017","NgayCap":"1998-12-15T00:00:00Z","Title":"trường tiểu học E Vĩnh Mỹ Thị Xã Châu đốc","DiaChiCongTy":"Xã Vĩnh Mỹ - Thành phố Châu Đốc - An Giang","Created":"2015-11-17T19:50:34Z","Updated":"2015-11-17T19:50:34Z","IsDelete":false,"RequestChanged":false,"ExitsInGDT":false,"SourceID":0,"TinhThanhID":0,"TinhThanhTitle":"An Giang","TinhThanhTitleAscii":"/an-giang","QuanHuyenID":0,"NganhNgheTitle":"Giáo dục tiểu học","NganhNgheTitleAscii":"/nganh-nghe/giao-duc-tieu-hoc","DSTags":["1600374464-017","An Giang",null]},{"Type":11,"SolrID":"/1600374471-003-truong-trung-hoc-co-so-vinh-my","ID":0,"MaSoThue":"1600374471-003","NgayCap":"1998-12-15T00:00:00Z","Title":"Trường Trung Học Cơ sở Vĩnh Mỹ","DiaChiCongTy":"Xã Vĩnh Mỹ - Thành phố Châu Đốc - An Giang","Created":"2015-11-17T19:50:39Z","Updated":"2015-11-17T19:50:39Z","IsDelete":false,"RequestChanged":false,"ExitsInGDT":false,"SourceID":0,"TinhThanhID":0,"TinhThanhTitle":"An Giang","TinhThanhTitleAscii":"/an-giang","QuanHuyenID":0,"NganhNgheTitle":"Giáo dục trung học cơ sở và trung học phổ thông","NganhNgheTitleAscii":"/nganh-nghe/giao-duc-trung-hoc-co-so-va-trung-hoc-pho-thong","DSTags":["1600374471-003","An Giang",null]},{"Type":11,"SolrID":"/1600229900-004-xi-nghiep-nuoi-ca-be-va-che-bien-nuoc-mam","ID":0,"MaSoThue":"1600229900-004","NgayCap":"1998-10-24T00:00:00Z","Title":"Xí Nghiệp Nuôi Cá Bè Và                  Chế Biến Nước Mắm","DiaChiCongTy":"Hương Lộ 4 Đường La Thành Thân Xã Vĩnh Mỹ - Thành phố Châu Đốc - An Giang","Created":"2015-11-19T03:05:30Z","Updated":"2015-11-19T03:05:30Z","IsDelete":false,"RequestChanged":false,"ExitsInGDT":false,"SourceID":0,"TinhThanhID":0,"TinhThanhTitle":"An Giang","TinhThanhTitleAscii":"/an-giang","QuanHuyenID":0,"NganhNgheTitle":"Khai thác, nuôi trồng thuỷ sản","NganhNgheTitleAscii":"/nganh-nghe/khai-thac-nuoi-trong-thuy-san","DSTags":["1600229900-004","An Giang",null]}]}