{"ID":4912,"SolrID":"/bac-giang/tinh-bac-giang/chua-ro","Title":"Chưa rõ","TinhThanhTitle":"Bắc Giang","QuanHuyenTitle":"Tỉnh Bắc Giang","QuanHuyenID":717,"TinhThanhID":54,"Url":"https://thongtindoanhnghiep.co/api/company?l=/bac-giang/tinh-bac-giang/chua-ro","Total":5,"List":[{"Type":11,"SolrID":"/2400408894-001-cong-ty-fujita-corporation-thau-chinh-he-thong-cap-may-phat-dien-cong-ty-tnhh-sanyo-opt-viet-nam","ID":0,"MaSoThue":"2400408894-001","NgayCap":"2011-09-15T00:00:00Z","Title":"Công ty FUJITA Corporation - Thầu chính hệ thống cáp máy phát điện công ty TNHH  SANYO OPT Việt Nam","DiaChiCongTy":"- Tỉnh Bắc Giang - Bắc Giang","Created":"2015-11-17T22:19:36Z","Updated":"2015-11-17T22:19:36Z","IsDelete":false,"RequestChanged":false,"ExitsInGDT":false,"SourceID":0,"TinhThanhID":0,"TinhThanhTitle":"Bắc Giang","TinhThanhTitleAscii":"/bac-giang","QuanHuyenID":0,"NganhNgheTitle":"Lắp đặt hệ thống điện, hệ thống cấp thoát nước và lắp đặt xây dựng khác","NganhNgheTitleAscii":"/nganh-nghe/lap-dat-he-thong-dien-he-thong-cap-thoat-nuoc-va-lap-dat-xay-dung-khac","DSTags":["2400408894-001","Bắc Giang",null]},{"Type":11,"SolrID":"/0104126889-001-cong-ty-xay-dung-sumitomo-mitsui-ttk-tcxdnm-tokai-trim-gd1","ID":0,"MaSoThue":"0104126889-001","NgayCap":"2011-04-18T00:00:00Z","Title":"Công ty xây dựng Sumitomo Mitsui - TTK&TCXDNM Tokai trim-GĐ1","DiaChiCongTy":"- Tỉnh Bắc Giang - Bắc Giang","Created":"2015-11-18T09:22:39Z","Updated":"2015-11-18T09:22:39Z","IsDelete":false,"RequestChanged":false,"ExitsInGDT":false,"SourceID":0,"TinhThanhID":0,"TinhThanhTitle":"Bắc Giang","TinhThanhTitleAscii":"/bac-giang","QuanHuyenID":0,"NganhNgheTitle":"Xây dựng nhà các loại","NganhNgheTitleAscii":"/nganh-nghe/xay-dung-nha-cac-loai","DSTags":["0104126889-001","Bắc Giang",null]},{"Type":11,"SolrID":"/2400291389-001-chi-nhanh-cty-tnhh-tin-hoc-dien-tu-vien-thong-an-phuong","ID":0,"MaSoThue":"2400291389-001","NgayCap":"2005-10-10T00:00:00Z","Title":"Chi nhánh Cty TNHH Tin học- Điện tử- Viễn thông An phương","DiaChiCongTy":"15 Nguyễn  Văn Cừ - Ngô Quyền - Tỉnh Bắc Giang - Bắc Giang","Created":"2015-11-19T07:35:10Z","Updated":"2015-11-19T07:35:10Z","IsDelete":false,"RequestChanged":false,"ExitsInGDT":false,"SourceID":0,"TinhThanhID":0,"TinhThanhTitle":"Bắc Giang","TinhThanhTitleAscii":"/bac-giang","QuanHuyenID":0,"NganhNgheTitle":"Bán buôn máy móc, thiết bị và phụ tùng máy","NganhNgheTitleAscii":"/nganh-nghe/ban-buon-may-moc-thiet-bi-va-phu-tung-may","DSTags":["2400291389-001","Bắc Giang",null]},{"Type":11,"SolrID":"/2400274841-cong-ty-tnhh-bao-linh","ID":0,"MaSoThue":"2400274841","NgayCap":"2000-12-15T00:00:00Z","Title":"Công ty TNHH Bảo Linh","DiaChiCongTy":"382 Hoàng Hoa Thám - Đa Mai - Tỉnh Bắc Giang - Bắc Giang","Created":"2015-11-12T12:38:49Z","Updated":"2015-11-12T12:38:49Z","IsDelete":false,"RequestChanged":false,"ExitsInGDT":false,"SourceID":0,"TinhThanhID":0,"TinhThanhTitle":"Bắc Giang","TinhThanhTitleAscii":"/bac-giang","QuanHuyenID":0,"NganhNgheTitle":"Xây dựng công trình kỹ thuật dân dụng","NganhNgheTitleAscii":"/nganh-nghe/xay-dung-cong-trinh-ky-thuat-dan-dung","DSTags":["2400274841","Bắc Giang",null]},{"Type":11,"SolrID":"/2400263920-cong-ty-co-phan-tu-van-xay-dung-xuong-giang","ID":0,"MaSoThue":"2400263920","NgayCap":"2000-04-04T00:00:00Z","Title":"Công ty cổ phần tư vấn xây dựng Xương giang","DiaChiCongTy":"Số 32 đường Quang trung - Tỉnh Bắc Giang - Bắc Giang","Created":"2015-11-12T12:40:48Z","Updated":"2015-11-12T12:40:48Z","IsDelete":false,"RequestChanged":false,"ExitsInGDT":false,"SourceID":0,"TinhThanhID":0,"TinhThanhTitle":"Bắc Giang","TinhThanhTitleAscii":"/bac-giang","QuanHuyenID":0,"NganhNgheTitle":"Xây dựng công trình kỹ thuật dân dụng","NganhNgheTitleAscii":"/nganh-nghe/xay-dung-cong-trinh-ky-thuat-dan-dung","DSTags":["2400263920","Bắc Giang",null]}]}