{"ID":15942,"SolrID":"/bac-giang/tinh-bac-giang/phuong-my-do","Title":"Phường Mỹ Độ","TinhThanhTitle":"Bắc Giang","QuanHuyenTitle":"Tỉnh Bắc Giang","QuanHuyenID":717,"TinhThanhID":54,"Url":"https://thongtindoanhnghiep.co/api/company?l=/bac-giang/tinh-bac-giang/phuong-my-do","Total":1,"List":[{"Type":11,"SolrID":"/2400371997-chi-nhanh-cong-ty-tnhh-dau-tu-dong-luc-tai-bac-giang","ID":0,"MaSoThue":"2400371997","NgayCap":"2007-01-19T00:00:00Z","Title":"Chi nhánh công ty TNHH đầu tư Đồng Lực tại Bắc Giang","DiaChiCongTy":"Tổ 8 khu phố 4 phường Mỹ Độ - Tỉnh Bắc Giang - Bắc Giang","Created":"2015-11-12T12:39:40Z","Updated":"2015-11-12T12:39:40Z","IsDelete":false,"RequestChanged":false,"ExitsInGDT":false,"SourceID":0,"TinhThanhID":0,"TinhThanhTitle":"Bắc Giang","TinhThanhTitleAscii":"/bac-giang","QuanHuyenID":0,"NganhNgheTitle":"Xây dựng công trình kỹ thuật dân dụng","NganhNgheTitleAscii":"/nganh-nghe/xay-dung-cong-trinh-ky-thuat-dan-dung","DSTags":["2400371997","Bắc Giang",null]}]}