{"ID":23855,"SolrID":"/an-giang/huyen-tri-ton/thi-tran-co-to","Title":"Thị Trấn Cô Tô","TinhThanhTitle":"An Giang","QuanHuyenTitle":"Huyện Tri Tôn","QuanHuyenID":526,"TinhThanhID":35,"Url":"https://thongtindoanhnghiep.co/api/company?l=/an-giang/huyen-tri-ton/thi-tran-co-to","Total":2,"List":[{"Type":11,"SolrID":"/1602149746-cong-ty-tnhh-mot-thanh-vien-hai-yen-co-to","ID":0,"MaSoThue":"1602149746","NgayCap":"2021-07-14T00:00:00Z","Title":"Công Ty TNHH Một Thành Viên Hải Yến Cô Tô","DiaChiCongTy":"Tổ 8, Khóm Tô Lợi, Thị trấn Cô Tô, Huyện Tri Tôn, Tỉnh An Giang","Created":"2021-07-14T08:36:01Z","Updated":"2021-07-14T08:36:01Z","IsDelete":false,"RequestChanged":false,"ExitsInGDT":false,"SourceID":0,"TinhThanhID":0,"TinhThanhTitle":"An Giang","TinhThanhTitleAscii":"/an-giang","QuanHuyenID":0,"NganhNgheTitle":"Bốc xếp hàng hóa","NganhNgheTitleAscii":"/nganh-nghe/boc-xep-hang-hoa","DSTags":["1602149746","An Giang",null]},{"Type":11,"SolrID":"/1602141874-cong-ty-tnhh-hai-quay-co-to","ID":0,"MaSoThue":"1602141874","NgayCap":"2021-03-01T00:00:00Z","Title":"Công Ty TNHH Hai Quay Cô Tô","DiaChiCongTy":"Khóm Huệ Đức, Thị trấn Cô Tô, Huyện Tri Tôn, Tỉnh An Giang","Created":"2021-03-01T09:42:33Z","Updated":"2021-03-01T09:42:33Z","IsDelete":false,"RequestChanged":false,"ExitsInGDT":false,"SourceID":0,"TinhThanhID":0,"TinhThanhTitle":"An Giang","TinhThanhTitleAscii":"/an-giang","QuanHuyenID":0,"NganhNgheTitle":"Bán buôn vật liệu, thiết bị lắp đặt khác trong xây dựng","NganhNgheTitleAscii":"/nganh-nghe/ban-buon-vat-lieu-thiet-bi-lap-dat-khac-trong-xay-dung","DSTags":["1602141874","An Giang",null]}]}