{"ID":1997,"SolrID":"/an-giang/huyen-tri-ton/thi-tran-ba-chuc","Title":"Thị Trấn Ba Chúc","TinhThanhTitle":"An Giang","QuanHuyenTitle":"Huyện Tri Tôn","QuanHuyenID":526,"TinhThanhID":35,"Url":"https://thongtindoanhnghiep.co/api/company?l=/an-giang/huyen-tri-ton/thi-tran-ba-chuc","Total":45,"List":[{"Type":11,"SolrID":"/1602140630-cong-ty-tnhh-mot-thanh-vien-thuong-mai-dich-vu-xay-dung-thanh-toi","ID":0,"MaSoThue":"1602140630","NgayCap":"2021-02-05T00:00:00Z","Title":"Công Ty TNHH Một Thành Viên Thương Mại Dịch Vụ Xây Dựng Thành Tới","DiaChiCongTy":"Ấp An Bình, Thị Trấn Ba Chúc, Huyện Tri Tôn, Tỉnh An Giang","Created":"2021-02-05T09:36:07Z","Updated":"2021-02-05T09:36:07Z","IsDelete":false,"RequestChanged":false,"ExitsInGDT":false,"SourceID":0,"TinhThanhID":0,"TinhThanhTitle":"An Giang","TinhThanhTitleAscii":"/an-giang","QuanHuyenID":0,"NganhNgheTitle":"Bán buôn nhiên liệu rắn, lỏng, khí và các sản phẩm liên quan","NganhNgheTitleAscii":"/nganh-nghe/ban-buon-nhien-lieu-ran-long-khi-va-cac-san-pham-lien-quan","DSTags":["1602140630","An Giang",null]},{"Type":11,"SolrID":"/1602069723-cong-ty-tnhh-tran-thanh-loi","ID":0,"MaSoThue":"1602069723","NgayCap":"2018-04-19T00:00:00Z","Title":"Công Ty TNHH Trần Thạnh Lợi","DiaChiCongTy":"Khóm An Bình, Thị Trấn Ba Chúc, Huyện Tri Tôn, Tỉnh An Giang","Created":"2018-04-19T18:22:05Z","Updated":"2018-04-19T18:22:05Z","IsDelete":false,"RequestChanged":false,"ExitsInGDT":false,"SourceID":0,"TinhThanhID":0,"TinhThanhTitle":"An Giang","TinhThanhTitleAscii":"/an-giang","QuanHuyenID":0,"NganhNgheTitle":"Bán buôn nhiên liệu rắn, lỏng, khí và các sản phẩm liên quan","NganhNgheTitleAscii":"/nganh-nghe/ban-buon-nhien-lieu-ran-long-khi-va-cac-san-pham-lien-quan","DSTags":["1602069723","An Giang",null]},{"Type":11,"SolrID":"/1602064669-doanh-nghiep-tn-tiem-vang-kim-loan-ba-chuc","ID":0,"MaSoThue":"1602064669","NgayCap":"2018-03-05T00:00:00Z","Title":"Doanh Nghiệp Tn Tiệm Vàng Kim Loan Ba Chúc","DiaChiCongTy":"Khóm An Hòa B, Thị Trấn Ba Chúc, Huyện Tri Tôn, Tỉnh An Giang","Created":"2018-03-05T12:04:22Z","Updated":"2018-03-05T12:04:22Z","IsDelete":false,"RequestChanged":false,"ExitsInGDT":false,"SourceID":0,"TinhThanhID":0,"TinhThanhTitle":"An Giang","TinhThanhTitleAscii":"/an-giang","QuanHuyenID":0,"NganhNgheTitle":"Bán buôn kim loại và quặng kim loại","NganhNgheTitleAscii":"/nganh-nghe/ban-buon-kim-loai-va-quang-kim-loai","DSTags":["1602064669","An Giang",null]},{"Type":11,"SolrID":"/1602060992-cong-ty-tnhh-san-xuat-thuong-mai-xuat-nhap-khau-hoa-chat-nam-my","ID":0,"MaSoThue":"1602060992","NgayCap":"2018-01-05T00:00:00Z","Title":"Công Ty TNHH Sản Xuất Thương Mại Xuất Nhập Khẩu Hóa Chất Nam Mỹ","DiaChiCongTy":"Số 175, Ấp An Bình, Thị Trấn Ba Chúc, Huyện Tri Tôn, Tỉnh An Giang","Created":"2018-01-05T08:31:50Z","Updated":"2018-01-05T08:31:50Z","IsDelete":false,"RequestChanged":false,"ExitsInGDT":false,"SourceID":0,"TinhThanhID":0,"TinhThanhTitle":"An Giang","TinhThanhTitleAscii":"/an-giang","QuanHuyenID":0,"NganhNgheTitle":"Bán buôn chuyên doanh khác chưa được phân vào đâu","NganhNgheTitleAscii":"/nganh-nghe/ban-buon-chuyen-doanh-khac-chua-duoc-phan-vao-dau","DSTags":["1602060992","An Giang",null]},{"Type":11,"SolrID":"/1602054082-cong-ty-tnhh-tiem-vang-huy-phuong","ID":0,"MaSoThue":"1602054082","NgayCap":"2017-11-03T00:00:00Z","Title":"Công Ty TNHH Tiệm Vàng Huy Phượng","DiaChiCongTy":"Chợ Ba Chúc, Khóm An Hòa B, Thị Trấn Ba Chúc, Huyện Tri Tôn, Tỉnh An Giang","Created":"2017-11-03T12:05:38Z","Updated":"2017-11-03T12:05:38Z","IsDelete":false,"RequestChanged":false,"ExitsInGDT":false,"SourceID":0,"TinhThanhID":0,"TinhThanhTitle":"An Giang","TinhThanhTitleAscii":"/an-giang","QuanHuyenID":0,"NganhNgheTitle":"Bán buôn kim loại và quặng kim loại","NganhNgheTitleAscii":"/nganh-nghe/ban-buon-kim-loai-va-quang-kim-loai","DSTags":["1602054082","An Giang",null]},{"Type":11,"SolrID":"/1602030116-cong-ty-tnhh-mot-thanh-vien-phuong-nam-chau-thanh","ID":0,"MaSoThue":"1602030116","NgayCap":"2016-12-30T00:00:00Z","Title":"Công Ty TNHH Một Thành Viên Phương Nam Châu Thành","DiaChiCongTy":"Khóm An Bình, Thị Trấn Ba Chúc, Huyện Tri Tôn, Tỉnh An Giang","Created":"2016-12-30T08:01:41Z","Updated":"2021-01-22T14:15:25Z","IsDelete":false,"RequestChanged":false,"ExitsInGDT":false,"SourceID":0,"TinhThanhID":0,"TinhThanhTitle":"An Giang","TinhThanhTitleAscii":"/an-giang","QuanHuyenID":0,"NganhNgheTitle":"Xây dựng công trình kỹ thuật dân dụng khác","NganhNgheTitleAscii":"/nganh-nghe/xay-dung-cong-trinh-ky-thuat-dan-dung-khac","DSTags":["1602030116","An Giang",null]},{"Type":11,"SolrID":"/1602022997-cong-ty-tnhh-mot-thanh-vien-thu-cong-my-nghe-vinh-an","ID":0,"MaSoThue":"1602022997","NgayCap":"2016-11-04T00:00:00Z","Title":"Công Ty TNHH Một Thành Viên Thủ Công Mỹ Nghệ Vĩnh An","DiaChiCongTy":"Khóm An Hòa B - Thị trấn Ba Chúc - Huyện Tri Tôn - An Giang","Created":"2016-11-10T22:36:06Z","Updated":"2016-11-10T22:36:06Z","IsDelete":false,"RequestChanged":false,"ExitsInGDT":false,"SourceID":0,"TinhThanhID":0,"TinhThanhTitle":"An Giang","TinhThanhTitleAscii":"/an-giang","QuanHuyenID":0,"NganhNgheTitle":"Sản xuất sản phẩm khác từ gỗ; sản xuất sản phẩm từ tre, nứa, rơm, rạ và vật liệu tết bện","NganhNgheTitleAscii":"/nganh-nghe/san-xuat-san-pham-khac-tu-go-san-xuat-san-pham-tu-tre-nua-rom-ra-va-vat-lieu-tet-ben","DSTags":["1602022997","An Giang",null]},{"Type":11,"SolrID":"/1602017450-cong-ty-tnhh-mot-thanh-vien-xay-dung-pham-bao","ID":0,"MaSoThue":"1602017450","NgayCap":"2016-08-24T00:00:00Z","Title":"CôNG TY TNHH MộT THàNH VIêN XâY DựNG PHạM BàO","DiaChiCongTy":"Khóm Thanh Lương - Thị trấn Ba Chúc - Huyện Tri Tôn - An Giang","Created":"2016-09-01T08:45:43Z","Updated":"2016-09-10T14:32:04Z","IsDelete":false,"RequestChanged":false,"ExitsInGDT":false,"SourceID":0,"TinhThanhID":0,"TinhThanhTitle":"An Giang","TinhThanhTitleAscii":"/an-giang","QuanHuyenID":0,"NganhNgheTitle":"Hoàn thiện công trình xây dựng","NganhNgheTitleAscii":"/nganh-nghe/hoan-thien-cong-trinh-xay-dung","DSTags":["1602017450","An Giang",null]},{"Type":11,"SolrID":"/1602007195-cong-ty-tnhh-mot-thanh-vien-phat-trien-cong-nghe-pro-tech-an-giang","ID":0,"MaSoThue":"1602007195","NgayCap":"2016-04-13T00:00:00Z","Title":"Công Ty TNHH Một Thành Viên Phát Triển Công Nghệ Pro.Tech An Giang","DiaChiCongTy":"Tổ 17, Khóm Núi Nước - Thị trấn Ba Chúc - Huyện Tri Tôn - An Giang","Created":"2016-04-18T08:04:50Z","Updated":"2016-04-18T08:04:50Z","IsDelete":false,"RequestChanged":false,"ExitsInGDT":false,"SourceID":0,"TinhThanhID":0,"TinhThanhTitle":"An Giang","TinhThanhTitleAscii":"/an-giang","QuanHuyenID":0,"NganhNgheTitle":"Hoạt động chuyên môn, khoa học và công nghệ khác chưa được phân vào đâu","NganhNgheTitleAscii":"/nganh-nghe/hoat-dong-chuyen-mon-khoa-hoc-va-cong-nghe-khac-chua-duoc-phan-vao-dau","DSTags":["1602007195","An Giang",null]},{"Type":11,"SolrID":"/1602005060-cong-ty-tnhh-mot-thanh-vien-xay-dung-phuc-khang-tri-ton","ID":0,"MaSoThue":"1602005060","NgayCap":"2016-03-21T00:00:00Z","Title":"Công Ty TNHH Một Thành Viên Xây Dựng Phúc Khang Tri Tôn","DiaChiCongTy":"Khóm An Hòa A - Thị trấn Ba Chúc - Huyện Tri Tôn - An Giang","Created":"2016-03-23T08:10:10Z","Updated":"2016-03-23T08:10:10Z","IsDelete":false,"RequestChanged":false,"ExitsInGDT":false,"SourceID":0,"TinhThanhID":0,"TinhThanhTitle":"An Giang","TinhThanhTitleAscii":"/an-giang","QuanHuyenID":0,"NganhNgheTitle":"Bán buôn vật liệu, thiết bị lắp đặt khác trong xây dựng","NganhNgheTitleAscii":"/nganh-nghe/ban-buon-vat-lieu-thiet-bi-lap-dat-khac-trong-xay-dung","DSTags":["1602005060","An Giang",null]},{"Type":11,"SolrID":"/1601986565-cong-ty-tnhh-mot-thanh-vien-huu-co","ID":0,"MaSoThue":"1601986565","NgayCap":"2015-11-06T00:00:00Z","Title":"Công Ty TNHH Một Thành Viên Hữu Có","DiaChiCongTy":"Khóm An Hòa B - Thị trấn Ba Chúc - Huyện Tri Tôn - An Giang","Created":"2015-11-19T13:01:44Z","Updated":"2015-11-19T13:01:44Z","IsDelete":false,"RequestChanged":false,"ExitsInGDT":false,"SourceID":0,"TinhThanhID":0,"TinhThanhTitle":"An Giang","TinhThanhTitleAscii":"/an-giang","QuanHuyenID":0,"NganhNgheTitle":"Bán buôn gạo","NganhNgheTitleAscii":"/nganh-nghe/ban-buon-gao","DSTags":["1601986565","An Giang",null]},{"Type":11,"SolrID":"/1601982271-cong-ty-cp-moi-truong-xanh-ngoc-trac","ID":0,"MaSoThue":"1601982271","NgayCap":"2015-09-07T00:00:00Z","Title":"Công Ty CP Môi Trường Xanh Ngọc Trác","DiaChiCongTy":"Tổ 12, Khóm Thanh Lương - Thị trấn Ba Chúc - Huyện Tri Tôn - An Giang","Created":"2015-11-19T01:05:29Z","Updated":"2015-11-19T01:05:29Z","IsDelete":false,"RequestChanged":false,"ExitsInGDT":false,"SourceID":0,"TinhThanhID":0,"TinhThanhTitle":"An Giang","TinhThanhTitleAscii":"/an-giang","QuanHuyenID":0,"NganhNgheTitle":"Trồng rừng và chăm sóc rừng","NganhNgheTitleAscii":"/nganh-nghe/trong-rung-va-cham-soc-rung","DSTags":["1601982271","An Giang",null]},{"Type":11,"SolrID":"/1601938113-doanh-nghiep-tn-mai-van-lai","ID":0,"MaSoThue":"1601938113","NgayCap":"2014-09-11T00:00:00Z","Title":"Doanh Nghiệp TN Mai Văn Lai","DiaChiCongTy":"ấp Thanh Lương - Thị trấn Ba Chúc - Huyện Tri Tôn - An Giang","Created":"2015-11-09T11:02:55Z","Updated":"2015-11-09T11:02:55Z","IsDelete":false,"RequestChanged":false,"ExitsInGDT":false,"SourceID":0,"TinhThanhID":0,"TinhThanhTitle":"An Giang","TinhThanhTitleAscii":"/an-giang","QuanHuyenID":0,"NganhNgheTitle":"Xây dựng nhà các loại","NganhNgheTitleAscii":"/nganh-nghe/xay-dung-nha-cac-loai","DSTags":["1601938113","An Giang",null]},{"Type":11,"SolrID":"/1601918773-doanh-nghiep-tn-san-xuat-thuong-mai-van-loc-phuc","ID":0,"MaSoThue":"1601918773","NgayCap":"2014-04-18T00:00:00Z","Title":"Doanh Nghiệp TN Sản Xuất Thương Mại Vạn Lộc Phúc","DiaChiCongTy":"Khóm An Hòa A - Thị trấn Ba Chúc - Huyện Tri Tôn - An Giang","Created":"2015-11-09T16:11:05Z","Updated":"2015-11-09T16:11:05Z","IsDelete":false,"RequestChanged":false,"ExitsInGDT":false,"SourceID":0,"TinhThanhID":0,"TinhThanhTitle":"An Giang","TinhThanhTitleAscii":"/an-giang","QuanHuyenID":0,"NganhNgheTitle":"Gia công cơ khí; xử lý và tráng phủ kim loại","NganhNgheTitleAscii":"/nganh-nghe/gia-cong-co-khi-xu-ly-va-trang-phu-kim-loai","DSTags":["1601918773","An Giang",null]},{"Type":11,"SolrID":"/1601913824-cong-ty-tnhh-mot-thanh-vien-thuong-mai-dich-vu-dai-truong-kim","ID":0,"MaSoThue":"1601913824","NgayCap":"2014-03-08T00:00:00Z","Title":"Công Ty TNHH Một Thành Viên Thương Mại Dịch Vụ Đại Trường Kim","DiaChiCongTy":"Tổ 23 (26), Khóm An Hòa B - Thị trấn Ba Chúc - Huyện Tri Tôn - An Giang","Created":"2015-11-09T20:53:25Z","Updated":"2015-11-09T20:53:25Z","IsDelete":false,"RequestChanged":false,"ExitsInGDT":false,"SourceID":0,"TinhThanhID":0,"TinhThanhTitle":"An Giang","TinhThanhTitleAscii":"/an-giang","QuanHuyenID":0,"NganhNgheTitle":"Bán buôn vật liệu, thiết bị lắp đặt khác trong xây dựng","NganhNgheTitleAscii":"/nganh-nghe/ban-buon-vat-lieu-thiet-bi-lap-dat-khac-trong-xay-dung","DSTags":["1601913824","An Giang",null]},{"Type":11,"SolrID":"/1601903985-cong-ty-tnhh-mot-thanh-vien-xd-tm-dv-van-thanh-loi","ID":0,"MaSoThue":"1601903985","NgayCap":"2014-01-04T00:00:00Z","Title":"Công Ty TNHH Một Thành Viên Xd Tm & Dv Vạn Thành Lợi","DiaChiCongTy":"Số 288, Tổ 13, Khóm An Hòa A - Thị trấn Ba Chúc - Huyện Tri Tôn - An Giang","Created":"2015-11-09T21:00:15Z","Updated":"2015-11-09T21:00:15Z","IsDelete":false,"RequestChanged":false,"ExitsInGDT":false,"SourceID":0,"TinhThanhID":0,"TinhThanhTitle":"An Giang","TinhThanhTitleAscii":"/an-giang","QuanHuyenID":0,"NganhNgheTitle":"Bán buôn vật liệu, thiết bị lắp đặt khác trong xây dựng","NganhNgheTitleAscii":"/nganh-nghe/ban-buon-vat-lieu-thiet-bi-lap-dat-khac-trong-xay-dung","DSTags":["1601903985","An Giang",null]},{"Type":11,"SolrID":"/1601899337-cong-ty-tnhh-mot-thanh-vien-thuong-mai-dich-vu-hung-phat-loi","ID":0,"MaSoThue":"1601899337","NgayCap":"2013-12-20T00:00:00Z","Title":"Công Ty TNHH Một Thành Viên Thương Mại Dịch Vụ Hưng Phát Lợi","DiaChiCongTy":"Khóm An Định B - Thị trấn Ba Chúc - Huyện Tri Tôn - An Giang","Created":"2015-11-09T14:50:50Z","Updated":"2015-11-09T14:50:50Z","IsDelete":false,"RequestChanged":false,"ExitsInGDT":false,"SourceID":0,"TinhThanhID":0,"TinhThanhTitle":"An Giang","TinhThanhTitleAscii":"/an-giang","QuanHuyenID":0,"NganhNgheTitle":"Bán buôn gạo","NganhNgheTitleAscii":"/nganh-nghe/ban-buon-gao","DSTags":["1601899337","An Giang",null]},{"Type":11,"SolrID":"/1601892691-doanh-nghiep-tn-kim-hanh-ba-chuc","ID":0,"MaSoThue":"1601892691","NgayCap":"2013-10-29T00:00:00Z","Title":"Doanh Nghiệp TN Kim Hạnh Ba Chúc","DiaChiCongTy":"Khóm An Hòa B - Thị trấn Ba Chúc - Huyện Tri Tôn - An Giang","Created":"2015-11-10T00:08:54Z","Updated":"2015-11-10T00:08:54Z","IsDelete":false,"RequestChanged":false,"ExitsInGDT":false,"SourceID":0,"TinhThanhID":0,"TinhThanhTitle":"An Giang","TinhThanhTitleAscii":"/an-giang","QuanHuyenID":0,"NganhNgheTitle":"Bán buôn kim loại và quặng kim loại","NganhNgheTitleAscii":"/nganh-nghe/ban-buon-kim-loai-va-quang-kim-loai","DSTags":["1601892691","An Giang",null]},{"Type":11,"SolrID":"/1601880015-doanh-nghiep-tn-tiem-vang-thuy-trang-ba-chuc","ID":0,"MaSoThue":"1601880015","NgayCap":"2013-06-14T00:00:00Z","Title":"Doanh Nghiệp TN Tiệm Vàng Thùy Trang Ba Chúc","DiaChiCongTy":"Khóm An Hòa B - Thị trấn Ba Chúc - Huyện Tri Tôn - An Giang","Created":"2015-11-16T21:36:07Z","Updated":"2015-11-16T21:36:07Z","IsDelete":false,"RequestChanged":false,"ExitsInGDT":false,"SourceID":0,"TinhThanhID":0,"TinhThanhTitle":"An Giang","TinhThanhTitleAscii":"/an-giang","QuanHuyenID":0,"NganhNgheTitle":"Bán buôn kim loại và quặng kim loại","NganhNgheTitleAscii":"/nganh-nghe/ban-buon-kim-loai-va-quang-kim-loai","DSTags":["1601880015","An Giang",null]},{"Type":11,"SolrID":"/1601879789-doanh-nghiep-tn-tiem-vang-tuyet-dong-ba-chuc","ID":0,"MaSoThue":"1601879789","NgayCap":"2013-06-13T00:00:00Z","Title":"Doanh Nghiệp TN Tiệm Vàng Tuyết Đông Ba Chúc","DiaChiCongTy":"Số 536, tổ 17 - Thị trấn Ba Chúc - Huyện Tri Tôn - An Giang","Created":"2015-11-16T21:37:33Z","Updated":"2015-11-16T21:37:33Z","IsDelete":false,"RequestChanged":false,"ExitsInGDT":false,"SourceID":0,"TinhThanhID":0,"TinhThanhTitle":"An Giang","TinhThanhTitleAscii":"/an-giang","QuanHuyenID":0,"NganhNgheTitle":"Bán buôn kim loại và quặng kim loại","NganhNgheTitleAscii":"/nganh-nghe/ban-buon-kim-loai-va-quang-kim-loai","DSTags":["1601879789","An Giang",null]},{"Type":11,"SolrID":"/1601877189-doanh-nghiep-tn-vang-thanh-thuy-ba-chuc","ID":0,"MaSoThue":"1601877189","NgayCap":"2013-05-29T00:00:00Z","Title":"Doanh Nghiệp TN Vàng Thanh Thủy Ba Chúc","DiaChiCongTy":"Khóm An Hòa B - Thị trấn Ba Chúc - Huyện Tri Tôn - An Giang","Created":"2015-11-17T08:12:05Z","Updated":"2015-11-17T08:12:05Z","IsDelete":false,"RequestChanged":false,"ExitsInGDT":false,"SourceID":0,"TinhThanhID":0,"TinhThanhTitle":"An Giang","TinhThanhTitleAscii":"/an-giang","QuanHuyenID":0,"NganhNgheTitle":"Bán buôn kim loại và quặng kim loại","NganhNgheTitleAscii":"/nganh-nghe/ban-buon-kim-loai-va-quang-kim-loai","DSTags":["1601877189","An Giang",null]},{"Type":11,"SolrID":"/1601876442-doanh-nghiep-tn-tiem-vang-chan-phat","ID":0,"MaSoThue":"1601876442","NgayCap":"2013-05-28T00:00:00Z","Title":"Doanh Nghiệp TN Tiệm Vàng Chấn Phát","DiaChiCongTy":"Chợ Ba Chúc, khóm An Hòa B - Thị trấn Ba Chúc - Huyện Tri Tôn - An Giang","Created":"2015-11-16T11:27:05Z","Updated":"2015-11-16T11:27:05Z","IsDelete":false,"RequestChanged":false,"ExitsInGDT":false,"SourceID":0,"TinhThanhID":0,"TinhThanhTitle":"An Giang","TinhThanhTitleAscii":"/an-giang","QuanHuyenID":0,"NganhNgheTitle":"Bán buôn kim loại và quặng kim loại","NganhNgheTitleAscii":"/nganh-nghe/ban-buon-kim-loai-va-quang-kim-loai","DSTags":["1601876442","An Giang",null]},{"Type":11,"SolrID":"/1601876611-doanh-nghiep-tn-tiem-vang-viet-an-tri-ton","ID":0,"MaSoThue":"1601876611","NgayCap":"2013-05-28T00:00:00Z","Title":"Doanh Nghiệp TN Tiệm Vàng Việt An Tri Tôn","DiaChiCongTy":"Khóm An Hòa A - Thị trấn Ba Chúc - Huyện Tri Tôn - An Giang","Created":"2015-11-16T11:28:23Z","Updated":"2015-11-16T11:28:23Z","IsDelete":false,"RequestChanged":false,"ExitsInGDT":false,"SourceID":0,"TinhThanhID":0,"TinhThanhTitle":"An Giang","TinhThanhTitleAscii":"/an-giang","QuanHuyenID":0,"NganhNgheTitle":"Bán buôn kim loại và quặng kim loại","NganhNgheTitleAscii":"/nganh-nghe/ban-buon-kim-loai-va-quang-kim-loai","DSTags":["1601876611","An Giang",null]},{"Type":11,"SolrID":"/1601875914-doanh-nghiep-tn-le-van-duoc","ID":0,"MaSoThue":"1601875914","NgayCap":"2013-05-22T00:00:00Z","Title":"Doanh Nghiệp TN Lê Văn Được","DiaChiCongTy":"Khóm An Hòa B - Thị trấn Ba Chúc - Huyện Tri Tôn - An Giang","Created":"2015-11-10T01:12:44Z","Updated":"2015-11-10T01:12:44Z","IsDelete":false,"RequestChanged":false,"ExitsInGDT":false,"SourceID":0,"TinhThanhID":0,"TinhThanhTitle":"An Giang","TinhThanhTitleAscii":"/an-giang","QuanHuyenID":0,"NganhNgheTitle":"Bán buôn kim loại và quặng kim loại","NganhNgheTitleAscii":"/nganh-nghe/ban-buon-kim-loai-va-quang-kim-loai","DSTags":["1601875914","An Giang",null]},{"Type":11,"SolrID":"/1601866589-cong-ty-tnhh-mot-thanh-vien-phan-thanh-liem","ID":0,"MaSoThue":"1601866589","NgayCap":"2013-03-15T00:00:00Z","Title":"Công Ty TNHH Một Thành Viên Phan Thanh Liêm","DiaChiCongTy":"Khóm An Hòa B - Thị trấn Ba Chúc - Huyện Tri Tôn - An Giang","Created":"2015-11-12T00:01:19Z","Updated":"2015-11-12T00:01:19Z","IsDelete":false,"RequestChanged":false,"ExitsInGDT":false,"SourceID":0,"TinhThanhID":0,"TinhThanhTitle":"An Giang","TinhThanhTitleAscii":"/an-giang","QuanHuyenID":0,"NganhNgheTitle":"Bán buôn gạo","NganhNgheTitleAscii":"/nganh-nghe/ban-buon-gao","DSTags":["1601866589","An Giang",null]},{"Type":11,"SolrID":"/1601866596-cong-ty-tnhh-mot-thanh-vien-luong-thuc-nguyen-duc","ID":0,"MaSoThue":"1601866596","NgayCap":"2013-03-15T00:00:00Z","Title":"Công Ty TNHH Một Thành Viên Lương Thực Nguyễn Đức","DiaChiCongTy":"Khóm An Hòa A - Thị trấn Ba Chúc - Huyện Tri Tôn - An Giang","Created":"2015-11-12T00:01:19Z","Updated":"2015-11-12T00:01:19Z","IsDelete":false,"RequestChanged":false,"ExitsInGDT":false,"SourceID":0,"TinhThanhID":0,"TinhThanhTitle":"An Giang","TinhThanhTitleAscii":"/an-giang","QuanHuyenID":0,"NganhNgheTitle":"Bán buôn gạo","NganhNgheTitleAscii":"/nganh-nghe/ban-buon-gao","DSTags":["1601866596","An Giang",null]},{"Type":11,"SolrID":"/1600376581-010-chi-nhanh-doanh-nghiep-tn-tuyet-phuong","ID":0,"MaSoThue":"1600376581-010","NgayCap":"2012-07-24T00:00:00Z","Title":"Chi Nhánh Doanh Nghiệp TN Tuyết Phương","DiaChiCongTy":"ấP An Hòa - Thị trấn Ba Chúc - Huyện Tri Tôn - An Giang","Created":"2015-11-17T19:51:12Z","Updated":"2015-11-17T19:51:12Z","IsDelete":false,"RequestChanged":false,"ExitsInGDT":false,"SourceID":0,"TinhThanhID":0,"TinhThanhTitle":"An Giang","TinhThanhTitleAscii":"/an-giang","QuanHuyenID":0,"NganhNgheTitle":"Bán buôn nhiên liệu rắn, lỏng, khí và các sản phẩm liên quan","NganhNgheTitleAscii":"/nganh-nghe/ban-buon-nhien-lieu-ran-long-khi-va-cac-san-pham-lien-quan","DSTags":["1600376581-010","An Giang",null]},{"Type":11,"SolrID":"/1601661077-doanh-nghiep-tn-moc-van-anh","ID":0,"MaSoThue":"1601661077","NgayCap":"2012-02-22T00:00:00Z","Title":"Doanh Nghiệp TN Mộc Vân Anh","DiaChiCongTy":"Tổ 5, Khóm An Hòa B - Thị trấn Ba Chúc - Huyện Tri Tôn - An Giang","Created":"2015-11-10T01:43:29Z","Updated":"2015-11-10T01:43:29Z","IsDelete":false,"RequestChanged":false,"ExitsInGDT":false,"SourceID":0,"TinhThanhID":0,"TinhThanhTitle":"An Giang","TinhThanhTitleAscii":"/an-giang","QuanHuyenID":0,"NganhNgheTitle":"Sản xuất giường, tủ, bàn, ghế","NganhNgheTitleAscii":"/nganh-nghe/san-xuat-giuong-tu-ban-ghe","DSTags":["1601661077","An Giang",null]},{"Type":11,"SolrID":"/0104848443-128-chi-nhanh-cong-ty-co-phan-dau-tu-phat-trien-kinh-te-rung-ben-vung-toan-cau-tai-an-giang","ID":0,"MaSoThue":"0104848443-128","NgayCap":"2011-11-02T00:00:00Z","Title":"Chi Nhánh Công Ty Cổ Phần Đầu Tư Phát Triển Kinh Tế - Rừng Bền Vững Toàn Cầu Tại An Giang","DiaChiCongTy":"Tổ 12. Khóm Thanh Lương - Thị trấn Ba Chúc - Huyện Tri Tôn - An Giang","Created":"2015-11-10T01:44:06Z","Updated":"2015-11-10T01:44:06Z","IsDelete":false,"RequestChanged":false,"ExitsInGDT":false,"SourceID":0,"TinhThanhID":0,"TinhThanhTitle":"An Giang","TinhThanhTitleAscii":"/an-giang","QuanHuyenID":0,"NganhNgheTitle":"Trồng rừng và chăm sóc rừng","NganhNgheTitleAscii":"/nganh-nghe/trong-rung-va-cham-soc-rung","DSTags":["0104848443-128","An Giang",null]},{"Type":11,"SolrID":"/1600246783-doanh-nghiep-tn-xang-dau-thanh-phat","ID":0,"MaSoThue":"1600246783","NgayCap":"2010-01-11T00:00:00Z","Title":"Doanh Nghiệp TN Xăng Dầu Thạnh Phát","DiaChiCongTy":"Khóm Núi Nước - Thị trấn Ba Chúc - Huyện Tri Tôn - An Giang","Created":"2015-11-09T00:12:38Z","Updated":"2015-11-09T00:12:38Z","IsDelete":false,"RequestChanged":false,"ExitsInGDT":false,"SourceID":0,"TinhThanhID":0,"TinhThanhTitle":"An Giang","TinhThanhTitleAscii":"/an-giang","QuanHuyenID":0,"NganhNgheTitle":"Bán buôn nhiên liệu rắn, lỏng, khí và các sản phẩm liên quan","NganhNgheTitleAscii":"/nganh-nghe/ban-buon-nhien-lieu-ran-long-khi-va-cac-san-pham-lien-quan","DSTags":["1600246783","An Giang",null]},{"Type":11,"SolrID":"/1601223725-dang-thi-thoa","ID":0,"MaSoThue":"1601223725","NgayCap":"2009-10-08T00:00:00Z","Title":"Đặng Thị Thoa","DiaChiCongTy":"Thị Trấn Ba Chúc - Huyện Tri Tôn - An Giang","Created":"2015-11-15T20:27:00Z","Updated":"2015-11-15T20:27:00Z","IsDelete":false,"RequestChanged":false,"ExitsInGDT":false,"SourceID":0,"TinhThanhID":0,"TinhThanhTitle":"An Giang","TinhThanhTitleAscii":"/an-giang","QuanHuyenID":0,"NganhNgheTitle":"Bán lẻ lương thực trong các cửa hàng chuyên doanh","NganhNgheTitleAscii":"/nganh-nghe/ban-le-luong-thuc-trong-cac-cua-hang-chuyen-doanh","DSTags":["1601223725","An Giang",null]},{"Type":11,"SolrID":"/1601107415-le-thanh-liem","ID":0,"MaSoThue":"1601107415","NgayCap":"2009-04-24T00:00:00Z","Title":"Lê Thanh Liêm","DiaChiCongTy":"An Hòa B TT Ba Chúc - Thị trấn Ba Chúc - Huyện Tri Tôn - An Giang","Created":"2015-11-16T14:39:18Z","Updated":"2015-11-16T14:39:18Z","IsDelete":false,"RequestChanged":false,"ExitsInGDT":false,"SourceID":0,"TinhThanhID":0,"TinhThanhTitle":"An Giang","TinhThanhTitleAscii":"/an-giang","QuanHuyenID":0,"NganhNgheTitle":"Bán lẻ (trừ ô tô, mô tô, xe máy và xe có động cơ khác)","NganhNgheTitleAscii":"/nganh-nghe/ban-le-tru-o-to-mo-to-xe-may-va-xe-co-dong-co-khac","DSTags":["1601107415","An Giang",null]},{"Type":11,"SolrID":"/1601106644-le-thi-thuy-trang","ID":0,"MaSoThue":"1601106644","NgayCap":"2009-04-24T00:00:00Z","Title":"Lê Thị Thùy Trang","DiaChiCongTy":"Khóm An Hòa B TT Ba Chúc - Thị trấn Ba Chúc - Huyện Tri Tôn - An Giang","Created":"2015-11-16T14:39:20Z","Updated":"2015-11-16T14:39:20Z","IsDelete":false,"RequestChanged":false,"ExitsInGDT":false,"SourceID":0,"TinhThanhID":0,"TinhThanhTitle":"An Giang","TinhThanhTitleAscii":"/an-giang","QuanHuyenID":0,"NganhNgheTitle":"Bán lẻ lương thực trong các cửa hàng chuyên doanh","NganhNgheTitleAscii":"/nganh-nghe/ban-le-luong-thuc-trong-cac-cua-hang-chuyen-doanh","DSTags":["1601106644","An Giang",null]},{"Type":11,"SolrID":"/1601106669-nguyen-thi-cam-hong","ID":0,"MaSoThue":"1601106669","NgayCap":"2009-04-24T00:00:00Z","Title":"Nguyễn Thị Cẩm Hồng","DiaChiCongTy":"Khóm An Hòa B TT Ba chúc - Thị trấn Ba Chúc - Huyện Tri Tôn - An Giang","Created":"2015-11-16T14:39:21Z","Updated":"2015-11-16T14:39:21Z","IsDelete":false,"RequestChanged":false,"ExitsInGDT":false,"SourceID":0,"TinhThanhID":0,"TinhThanhTitle":"An Giang","TinhThanhTitleAscii":"/an-giang","QuanHuyenID":0,"NganhNgheTitle":"Khai khoáng khác chưa được phân vào đâu","NganhNgheTitleAscii":"/nganh-nghe/khai-khoang-khac-chua-duoc-phan-vao-dau-10612","DSTags":["1601106669","An Giang",null]},{"Type":11,"SolrID":"/1601058736-ha-ngoc-khanh","ID":0,"MaSoThue":"1601058736","NgayCap":"2009-03-18T00:00:00Z","Title":"Hà Ngọc Khanh","DiaChiCongTy":"Khóm An Định TT Ba Chúc - Thị trấn Ba Chúc - Huyện Tri Tôn - An Giang","Created":"2015-11-16T16:27:06Z","Updated":"2015-11-16T16:27:06Z","IsDelete":false,"RequestChanged":false,"ExitsInGDT":false,"SourceID":0,"TinhThanhID":0,"TinhThanhTitle":"An Giang","TinhThanhTitleAscii":"/an-giang","QuanHuyenID":0,"NganhNgheTitle":"Bán buôn vải, hàng may sẵn, giày dép","NganhNgheTitleAscii":"/nganh-nghe/ban-buon-vai-hang-may-san-giay-dep","DSTags":["1601058736","An Giang",null]},{"Type":11,"SolrID":"/1600991629-le-xuan-hoa","ID":0,"MaSoThue":"1600991629","NgayCap":"2008-11-28T00:00:00Z","Title":"Lê Xuân Hòa","DiaChiCongTy":"Khóm An Bình II, TT Ba Chúc - Thị trấn Ba Chúc - Huyện Tri Tôn - An Giang","Created":"2015-11-16T19:29:34Z","Updated":"2015-11-16T19:29:34Z","IsDelete":false,"RequestChanged":false,"ExitsInGDT":false,"SourceID":0,"TinhThanhID":0,"TinhThanhTitle":"An Giang","TinhThanhTitleAscii":"/an-giang","QuanHuyenID":0,"NganhNgheTitle":"Bán buôn chuyên doanh khác","NganhNgheTitleAscii":"/nganh-nghe/ban-buon-chuyen-doanh-khac","DSTags":["1600991629","An Giang",null]},{"Type":11,"SolrID":"/1600836214-vuong-huu-phuoc","ID":0,"MaSoThue":"1600836214","NgayCap":"2006-04-20T00:00:00Z","Title":"Vương Hữu Phước","DiaChiCongTy":"Khóm An Hòa A TT Ba Chúc - Thị trấn Ba Chúc - Huyện Tri Tôn - An Giang","Created":"2015-11-16T17:30:33Z","Updated":"2015-11-16T17:30:33Z","IsDelete":false,"RequestChanged":false,"ExitsInGDT":false,"SourceID":0,"TinhThanhID":0,"TinhThanhTitle":"An Giang","TinhThanhTitleAscii":"/an-giang","QuanHuyenID":0,"NganhNgheTitle":"Dịch vụ ăn uống khác","NganhNgheTitleAscii":"/nganh-nghe/dich-vu-an-uong-khac","DSTags":["1600836214","An Giang",null]},{"Type":11,"SolrID":"/1600836101-dang-hoang-dung","ID":0,"MaSoThue":"1600836101","NgayCap":"2006-04-20T00:00:00Z","Title":"Đặng Hòang Dũng","DiaChiCongTy":"Khóm An Hòa A TT Ba Chúc - Thị trấn Ba Chúc - Huyện Tri Tôn - An Giang","Created":"2015-11-16T17:30:39Z","Updated":"2015-11-16T17:30:39Z","IsDelete":false,"RequestChanged":false,"ExitsInGDT":false,"SourceID":0,"TinhThanhID":0,"TinhThanhTitle":"An Giang","TinhThanhTitleAscii":"/an-giang","QuanHuyenID":0,"NganhNgheTitle":"Bán lẻ lương thực trong các cửa hàng chuyên doanh","NganhNgheTitleAscii":"/nganh-nghe/ban-le-luong-thuc-trong-cac-cua-hang-chuyen-doanh","DSTags":["1600836101","An Giang",null]},{"Type":11,"SolrID":"/1600228551-pham-thi-yen","ID":0,"MaSoThue":"1600228551","NgayCap":"2004-12-02T00:00:00Z","Title":"Phạm Thị  Yến","DiaChiCongTy":"ấp An Hòa, xã Ba Chúc - Thị trấn Ba Chúc - Huyện Tri Tôn - An Giang","Created":"2015-11-16T16:24:04Z","Updated":"2015-11-16T16:24:04Z","IsDelete":false,"RequestChanged":false,"ExitsInGDT":false,"SourceID":0,"TinhThanhID":0,"TinhThanhTitle":"An Giang","TinhThanhTitleAscii":"/an-giang","QuanHuyenID":0,"NganhNgheTitle":"Bán lẻ khác trong các cửa hàng kinh doanh tổng hợp","NganhNgheTitleAscii":"/nganh-nghe/ban-le-khac-trong-cac-cua-hang-kinh-doanh-tong-hop","DSTags":["1600228551","An Giang",null]},{"Type":11,"SolrID":"/1600674644-truong-tieu-hoc-b-ba-chuc","ID":0,"MaSoThue":"1600674644","NgayCap":"2004-04-05T00:00:00Z","Title":"Trường Tiểu học B Ba Chúc","DiaChiCongTy":"Khóm An Định, TT Ba Chúc - Thị trấn Ba Chúc - Huyện Tri Tôn - An Giang","Created":"2015-11-16T16:01:43Z","Updated":"2015-11-16T16:01:43Z","IsDelete":false,"RequestChanged":false,"ExitsInGDT":false,"SourceID":0,"TinhThanhID":0,"TinhThanhTitle":"An Giang","TinhThanhTitleAscii":"/an-giang","QuanHuyenID":0,"NganhNgheTitle":"Hoạt động dịch vụ phục vụ cá nhân khác còn lại chưa được phân vào đâu","NganhNgheTitleAscii":"/nganh-nghe/hoat-dong-dich-vu-phuc-vu-ca-nhan-khac-con-lai-chua-duoc-phan-vao-dau","DSTags":["1600674644","An Giang",null]},{"Type":11,"SolrID":"/1600674637-truong-tieu-hoc-a-tt-ba-chuc","ID":0,"MaSoThue":"1600674637","NgayCap":"2004-04-05T00:00:00Z","Title":"Trường Tiểu học A TT Ba Chúc","DiaChiCongTy":"Khóm An Hoà, TT Ba Chúc - Thị trấn Ba Chúc - Huyện Tri Tôn - An Giang","Created":"2015-11-16T16:01:45Z","Updated":"2015-11-16T16:01:45Z","IsDelete":false,"RequestChanged":false,"ExitsInGDT":false,"SourceID":0,"TinhThanhID":0,"TinhThanhTitle":"An Giang","TinhThanhTitleAscii":"/an-giang","QuanHuyenID":0,"NganhNgheTitle":"Hoạt động dịch vụ phục vụ cá nhân khác còn lại chưa được phân vào đâu","NganhNgheTitleAscii":"/nganh-nghe/hoat-dong-dich-vu-phuc-vu-ca-nhan-khac-con-lai-chua-duoc-phan-vao-dau","DSTags":["1600674637","An Giang",null]},{"Type":11,"SolrID":"/1600674570-truong-trung-hoc-co-so-tt-ba-chuc","ID":0,"MaSoThue":"1600674570","NgayCap":"2004-03-30T00:00:00Z","Title":"Trường Trung học cơ sở TT Ba Chúc","DiaChiCongTy":"Khóm An Bình, TT Ba Chúc - Thị trấn Ba Chúc - Huyện Tri Tôn - An Giang","Created":"2015-11-16T16:00:52Z","Updated":"2015-11-16T16:00:52Z","IsDelete":false,"RequestChanged":false,"ExitsInGDT":false,"SourceID":0,"TinhThanhID":0,"TinhThanhTitle":"An Giang","TinhThanhTitleAscii":"/an-giang","QuanHuyenID":0,"NganhNgheTitle":"Hoạt động dịch vụ phục vụ cá nhân khác còn lại chưa được phân vào đâu","NganhNgheTitleAscii":"/nganh-nghe/hoat-dong-dich-vu-phuc-vu-ca-nhan-khac-con-lai-chua-duoc-phan-vao-dau","DSTags":["1600674570","An Giang",null]},{"Type":11,"SolrID":"/1600674411-truong-mam-non-thi-tran-ba-chuc","ID":0,"MaSoThue":"1600674411","NgayCap":"2003-11-28T00:00:00Z","Title":"Trường Mầm Non Thị Trấn  Ba Chúc","DiaChiCongTy":"Khóm Thanh Lương, TT Ba Chúc - Thị trấn Ba Chúc - Huyện Tri Tôn - An Giang","Created":"2015-11-16T15:31:21Z","Updated":"2015-11-16T15:31:21Z","IsDelete":false,"RequestChanged":false,"ExitsInGDT":false,"SourceID":0,"TinhThanhID":0,"TinhThanhTitle":"An Giang","TinhThanhTitleAscii":"/an-giang","QuanHuyenID":0,"NganhNgheTitle":"Hoạt động dịch vụ phục vụ cá nhân khác còn lại chưa được phân vào đâu","NganhNgheTitleAscii":"/nganh-nghe/hoat-dong-dich-vu-phuc-vu-ca-nhan-khac-con-lai-chua-duoc-phan-vao-dau","DSTags":["1600674411","An Giang",null]},{"Type":11,"SolrID":"/1600674299-truong-tieu-hoc-c-ba-chuc","ID":0,"MaSoThue":"1600674299","NgayCap":"2003-11-28T00:00:00Z","Title":"Trường Tiểu học C Ba Chúc","DiaChiCongTy":"ấp Núi Nước, TT Ba Chúc - Thị trấn Ba Chúc - Huyện Tri Tôn - An Giang","Created":"2015-11-16T15:31:32Z","Updated":"2015-11-16T15:31:32Z","IsDelete":false,"RequestChanged":false,"ExitsInGDT":false,"SourceID":0,"TinhThanhID":0,"TinhThanhTitle":"An Giang","TinhThanhTitleAscii":"/an-giang","QuanHuyenID":0,"NganhNgheTitle":"Hoạt động dịch vụ phục vụ cá nhân khác còn lại chưa được phân vào đâu","NganhNgheTitleAscii":"/nganh-nghe/hoat-dong-dich-vu-phuc-vu-ca-nhan-khac-con-lai-chua-duoc-phan-vao-dau","DSTags":["1600674299","An Giang",null]},{"Type":11,"SolrID":"/1600674281-truong-tieu-hoc-d-ba-chuc","ID":0,"MaSoThue":"1600674281","NgayCap":"2003-11-28T00:00:00Z","Title":"Trường Tiểu học D Ba Chúc","DiaChiCongTy":"ấp An Bình, TT Ba Chúc - Thị trấn Ba Chúc - Huyện Tri Tôn - An Giang","Created":"2015-11-16T15:31:33Z","Updated":"2015-11-16T15:31:33Z","IsDelete":false,"RequestChanged":false,"ExitsInGDT":false,"SourceID":0,"TinhThanhID":0,"TinhThanhTitle":"An Giang","TinhThanhTitleAscii":"/an-giang","QuanHuyenID":0,"NganhNgheTitle":"Hoạt động dịch vụ phục vụ cá nhân khác còn lại chưa được phân vào đâu","NganhNgheTitleAscii":"/nganh-nghe/hoat-dong-dich-vu-phuc-vu-ca-nhan-khac-con-lai-chua-duoc-phan-vao-dau","DSTags":["1600674281","An Giang",null]}]}