{"ID":7259,"SolrID":"/an-giang/huyen-tri-ton/xa-an-tuc","Title":"Xã An Tức","TinhThanhTitle":"An Giang","QuanHuyenTitle":"Huyện Tri Tôn","QuanHuyenID":526,"TinhThanhID":35,"Url":"https://thongtindoanhnghiep.co/api/company?l=/an-giang/huyen-tri-ton/xa-an-tuc","Total":21,"List":[{"Type":11,"SolrID":"/1602141433-cong-ty-tnhh-dich-vu-cho-thue-nha-mini-cao-cap-hao-thien-long","ID":0,"MaSoThue":"1602141433","NgayCap":"2021-02-18T00:00:00Z","Title":"Công Ty TNHH Dịch Vụ Cho Thuê Nhà Mini Cao Cấp Hạo Thiên Long","DiaChiCongTy":"Số 577 đường Điện Biên Phủ, tổ 4, ấp Ninh Thạnh, Xã An Tức, Huyện Tri Tôn, Tỉnh An Giang","Created":"2021-02-18T08:36:25Z","Updated":"2021-02-18T08:36:25Z","IsDelete":false,"RequestChanged":false,"ExitsInGDT":false,"SourceID":0,"TinhThanhID":0,"TinhThanhTitle":"An Giang","TinhThanhTitleAscii":"/an-giang","QuanHuyenID":0,"NganhNgheTitle":"Dịch vụ lưu trú ngắn ngày","NganhNgheTitleAscii":"/nganh-nghe/dich-vu-luu-tru-ngan-ngay","DSTags":["1602141433","An Giang",null]},{"Type":11,"SolrID":"/1602071627-cong-ty-tnhh-mot-thanh-vien-ut-tien","ID":0,"MaSoThue":"1602071627","NgayCap":"2018-05-11T00:00:00Z","Title":"Công Ty TNHH Một Thành Viên Út Tiền","DiaChiCongTy":"Ấp Ninh Thạnh, Xã An Tức, Huyện Tri Tôn, Tỉnh An Giang","Created":"2018-05-11T08:38:04Z","Updated":"2018-05-11T08:38:04Z","IsDelete":false,"RequestChanged":false,"ExitsInGDT":false,"SourceID":0,"TinhThanhID":0,"TinhThanhTitle":"An Giang","TinhThanhTitleAscii":"/an-giang","QuanHuyenID":0,"NganhNgheTitle":"Bán buôn nhiên liệu rắn, lỏng, khí và các sản phẩm liên quan","NganhNgheTitleAscii":"/nganh-nghe/ban-buon-nhien-lieu-ran-long-khi-va-cac-san-pham-lien-quan","DSTags":["1602071627","An Giang",null]},{"Type":11,"SolrID":"/1602034350-cong-ty-tnhh-mot-thanh-vien-xang-dau-gia-han-tri-ton","ID":0,"MaSoThue":"1602034350","NgayCap":"2017-02-24T00:00:00Z","Title":"Công Ty TNHH Một Thành Viên Xăng Dầu Gia Hân Tri Tôn","DiaChiCongTy":"Ấp Ninh Lợi, Xã An Tức, Huyện Tri Tôn, Tỉnh An Giang","Created":"2017-02-24T17:08:05Z","Updated":"2017-02-24T17:08:05Z","IsDelete":false,"RequestChanged":false,"ExitsInGDT":false,"SourceID":0,"TinhThanhID":0,"TinhThanhTitle":"An Giang","TinhThanhTitleAscii":"/an-giang","QuanHuyenID":0,"NganhNgheTitle":"Bán buôn nhiên liệu rắn, lỏng, khí và các sản phẩm liên quan","NganhNgheTitleAscii":"/nganh-nghe/ban-buon-nhien-lieu-ran-long-khi-va-cac-san-pham-lien-quan","DSTags":["1602034350","An Giang",null]},{"Type":11,"SolrID":"/1602007149-cong-ty-tnhh-mot-thanh-vien-cao-an-tien","ID":0,"MaSoThue":"1602007149","NgayCap":"2016-04-13T00:00:00Z","Title":"Công Ty TNHH Một Thành Viên Cao An Tiên","DiaChiCongTy":"Số 494, ấp Ninh Thuận - Xã An Tức - Huyện Tri Tôn - An Giang","Created":"2016-04-18T08:04:45Z","Updated":"2016-04-18T08:04:45Z","IsDelete":false,"RequestChanged":false,"ExitsInGDT":false,"SourceID":0,"TinhThanhID":0,"TinhThanhTitle":"An Giang","TinhThanhTitleAscii":"/an-giang","QuanHuyenID":0,"NganhNgheTitle":"Bán buôn vật liệu, thiết bị lắp đặt khác trong xây dựng","NganhNgheTitleAscii":"/nganh-nghe/ban-buon-vat-lieu-thiet-bi-lap-dat-khac-trong-xay-dung","DSTags":["1602007149","An Giang",null]},{"Type":11,"SolrID":"/1601946925-001-chi-nhanh-cong-ty-tnhh-vat-lieu-xay-dung-thinh-khoa","ID":0,"MaSoThue":"1601946925-001","NgayCap":"2015-08-11T00:00:00Z","Title":"Chi Nhánh Công Ty TNHH Vật Liệu Xây Dựng Thịnh Khoa","DiaChiCongTy":"ấp Ninh Thạnh - Xã An Tức - Huyện Tri Tôn - An Giang","Created":"2015-11-18T23:19:21Z","Updated":"2015-11-18T23:19:21Z","IsDelete":false,"RequestChanged":false,"ExitsInGDT":false,"SourceID":0,"TinhThanhID":0,"TinhThanhTitle":"An Giang","TinhThanhTitleAscii":"/an-giang","QuanHuyenID":0,"NganhNgheTitle":"Bán buôn vật liệu, thiết bị lắp đặt khác trong xây dựng","NganhNgheTitleAscii":"/nganh-nghe/ban-buon-vat-lieu-thiet-bi-lap-dat-khac-trong-xay-dung","DSTags":["1601946925-001","An Giang",null]},{"Type":11,"SolrID":"/1600191767-032-chi-nhanh-cong-ty-cp-du-lich-an-giang-khu-du-lich-tuc-dup","ID":0,"MaSoThue":"1600191767-032","NgayCap":"2010-12-16T00:00:00Z","Title":"Chi Nhánh Công Ty CP Du Lịch An Giang-Khu Du Lịch Tức Dụp","DiaChiCongTy":"ấp Ninh Hòa - Xã An Tức - Huyện Tri Tôn - An Giang","Created":"2015-11-10T01:42:10Z","Updated":"2015-11-10T01:42:10Z","IsDelete":false,"RequestChanged":false,"ExitsInGDT":false,"SourceID":0,"TinhThanhID":0,"TinhThanhTitle":"An Giang","TinhThanhTitleAscii":"/an-giang","QuanHuyenID":0,"NganhNgheTitle":"Nhà hàng và các dịch vụ ăn uống phục vụ lưu động","NganhNgheTitleAscii":"/nganh-nghe/nha-hang-va-cac-dich-vu-an-uong-phuc-vu-luu-dong","DSTags":["1600191767-032","An Giang",null]},{"Type":11,"SolrID":"/1600184590-052-chi-nahnh-cong-ty-tnhh-mot-thanh-vien-xang-dau-an-giang-cua-hang-xang-dau-an-tuc","ID":0,"MaSoThue":"1600184590-052","NgayCap":"2010-12-15T00:00:00Z","Title":"Chi Náhnh Công Ty TNHH Một Thành Viên Xăng Dầu An Giang-Cửa Hàng Xăng Dầu An Tức","DiaChiCongTy":"ấp Ninh Thạnh - Xã An Tức - Huyện Tri Tôn - An Giang","Created":"2015-11-10T01:44:01Z","Updated":"2015-11-10T01:44:01Z","IsDelete":false,"RequestChanged":false,"ExitsInGDT":false,"SourceID":0,"TinhThanhID":0,"TinhThanhTitle":"An Giang","TinhThanhTitleAscii":"/an-giang","QuanHuyenID":0,"NganhNgheTitle":"Bán buôn nhiên liệu rắn, lỏng, khí và các sản phẩm liên quan","NganhNgheTitleAscii":"/nganh-nghe/ban-buon-nhien-lieu-ran-long-khi-va-cac-san-pham-lien-quan","DSTags":["1600184590-052","An Giang",null]},{"Type":11,"SolrID":"/1600376581-006-chi-nhanh-dntn-tuyet-phuong-6","ID":0,"MaSoThue":"1600376581-006","NgayCap":"2010-03-16T00:00:00Z","Title":"Chi nhánh DNTN Tuyết Phương 6","DiaChiCongTy":"ấp Ninh Hoà - Xã An Tức - Huyện Tri Tôn - An Giang","Created":"2015-11-18T13:20:07Z","Updated":"2015-11-18T13:20:07Z","IsDelete":false,"RequestChanged":false,"ExitsInGDT":false,"SourceID":0,"TinhThanhID":0,"TinhThanhTitle":"An Giang","TinhThanhTitleAscii":"/an-giang","QuanHuyenID":0,"NganhNgheTitle":"Bán lẻ nhiên liệu động cơ trong các cửa hàng chuyên doanh","NganhNgheTitleAscii":"/nganh-nghe/ban-le-nhien-lieu-dong-co-trong-cac-cua-hang-chuyen-doanh","DSTags":["1600376581-006","An Giang",null]},{"Type":11,"SolrID":"/1601099115-cong-ty-tnhh-mot-thanh-vien-quoc-nguyen","ID":0,"MaSoThue":"1601099115","NgayCap":"2009-04-18T00:00:00Z","Title":"Công ty TNHH Một Thành Viên Quốc Nguyên","DiaChiCongTy":"ấp Ninh Thạnh - Xã An Tức - Huyện Tri Tôn - An Giang","Created":"2015-11-11T10:21:08Z","Updated":"2015-11-11T10:21:08Z","IsDelete":false,"RequestChanged":false,"ExitsInGDT":false,"SourceID":0,"TinhThanhID":0,"TinhThanhTitle":"An Giang","TinhThanhTitleAscii":"/an-giang","QuanHuyenID":0,"NganhNgheTitle":"Bán lẻ nhiên liệu động cơ trong các cửa hàng chuyên doanh","NganhNgheTitleAscii":"/nganh-nghe/ban-le-nhien-lieu-dong-co-trong-cac-cua-hang-chuyen-doanh","DSTags":["1601099115","An Giang",null]},{"Type":11,"SolrID":"/1600965361-huynh-thanh-hang","ID":0,"MaSoThue":"1600965361","NgayCap":"2008-06-24T00:00:00Z","Title":"Huỳnh Thanh Hằng","DiaChiCongTy":"ấp Ninh Thạnh  Xã  An Tức - Huyện Tri Tôn - An Giang","Created":"2015-11-16T00:34:30Z","Updated":"2015-11-16T00:34:30Z","IsDelete":false,"RequestChanged":false,"ExitsInGDT":false,"SourceID":0,"TinhThanhID":0,"TinhThanhTitle":"An Giang","TinhThanhTitleAscii":"/an-giang","QuanHuyenID":0,"NganhNgheTitle":"Quán rượu, bia, quầy bar","NganhNgheTitleAscii":"/nganh-nghe/quan-ruou-bia-quay-bar","DSTags":["1600965361","An Giang",null]},{"Type":11,"SolrID":"/1600965393-neang-chap","ID":0,"MaSoThue":"1600965393","NgayCap":"2008-06-19T00:00:00Z","Title":"Néang Cháp","DiaChiCongTy":"ấp Ninh Hòa Xã An Tức - Huyện Tri Tôn - An Giang","Created":"2015-11-16T19:01:33Z","Updated":"2015-11-16T19:01:33Z","IsDelete":false,"RequestChanged":false,"ExitsInGDT":false,"SourceID":0,"TinhThanhID":0,"TinhThanhTitle":"An Giang","TinhThanhTitleAscii":"/an-giang","QuanHuyenID":0,"NganhNgheTitle":"Bán lẻ lương thực trong các cửa hàng chuyên doanh","NganhNgheTitleAscii":"/nganh-nghe/ban-le-luong-thuc-trong-cac-cua-hang-chuyen-doanh","DSTags":["1600965393","An Giang",null]},{"Type":11,"SolrID":"/1600965386-bui-duc-long","ID":0,"MaSoThue":"1600965386","NgayCap":"2008-06-19T00:00:00Z","Title":"Bùi Đức Long","DiaChiCongTy":"ấp Ninh Hòa Xã An Tức - Huyện Tri Tôn - An Giang","Created":"2015-11-16T19:01:34Z","Updated":"2015-11-16T19:01:34Z","IsDelete":false,"RequestChanged":false,"ExitsInGDT":false,"SourceID":0,"TinhThanhID":0,"TinhThanhTitle":"An Giang","TinhThanhTitleAscii":"/an-giang","QuanHuyenID":0,"NganhNgheTitle":"Quán rượu, bia, quầy bar","NganhNgheTitleAscii":"/nganh-nghe/quan-ruou-bia-quay-bar","DSTags":["1600965386","An Giang",null]},{"Type":11,"SolrID":"/1600965379-chau-si-phane","ID":0,"MaSoThue":"1600965379","NgayCap":"2008-06-19T00:00:00Z","Title":"Chau Si Phane","DiaChiCongTy":"éâp Ninh Hòa Xã An Tức - Huyện Tri Tôn - An Giang","Created":"2015-11-16T19:01:35Z","Updated":"2015-11-16T19:01:35Z","IsDelete":false,"RequestChanged":false,"ExitsInGDT":false,"SourceID":0,"TinhThanhID":0,"TinhThanhTitle":"An Giang","TinhThanhTitleAscii":"/an-giang","QuanHuyenID":0,"NganhNgheTitle":"Bán lẻ lương thực trong các cửa hàng chuyên doanh","NganhNgheTitleAscii":"/nganh-nghe/ban-le-luong-thuc-trong-cac-cua-hang-chuyen-doanh","DSTags":["1600965379","An Giang",null]},{"Type":11,"SolrID":"/1600965435-huynh-thi-cuc","ID":0,"MaSoThue":"1600965435","NgayCap":"2008-06-19T00:00:00Z","Title":"Huỳnh Thị Cúc","DiaChiCongTy":"ấp NInh Hòa Xã An Tức - Huyện Tri Tôn - An Giang","Created":"2015-11-16T00:34:51Z","Updated":"2015-11-16T00:34:51Z","IsDelete":false,"RequestChanged":false,"ExitsInGDT":false,"SourceID":0,"TinhThanhID":0,"TinhThanhTitle":"An Giang","TinhThanhTitleAscii":"/an-giang","QuanHuyenID":0,"NganhNgheTitle":"Quán rượu, bia, quầy bar","NganhNgheTitleAscii":"/nganh-nghe/quan-ruou-bia-quay-bar","DSTags":["1600965435","An Giang",null]},{"Type":11,"SolrID":"/1600902097-cong-ty-tnhh-thanh-hoa-loi","ID":0,"MaSoThue":"1600902097","NgayCap":"2007-08-15T00:00:00Z","Title":"Công ty TNHH Thạnh Hòa Lợi","DiaChiCongTy":"Tổ 13, ấp ninh Hoà, xã An Tức - Huyện Tri Tôn - An Giang","Created":"2015-11-13T22:41:33Z","Updated":"2015-11-13T22:41:33Z","IsDelete":false,"RequestChanged":false,"ExitsInGDT":false,"SourceID":0,"TinhThanhID":0,"TinhThanhTitle":"An Giang","TinhThanhTitleAscii":"/an-giang","QuanHuyenID":0,"NganhNgheTitle":"Khai thác, nuôi trồng thuỷ sản","NganhNgheTitleAscii":"/nganh-nghe/khai-thac-nuoi-trong-thuy-san","DSTags":["1600902097","An Giang",null]},{"Type":11,"SolrID":"/1600676200-truong-trung-hoc-co-so-an-tuc","ID":0,"MaSoThue":"1600676200","NgayCap":"2004-01-07T00:00:00Z","Title":"Trường Trung học Cơ sở An Tức","DiaChiCongTy":"ấp Ninh Hoà, xã An Tức - Xã An Tức - Huyện Tri Tôn - An Giang","Created":"2015-11-16T15:35:54Z","Updated":"2015-11-16T15:35:54Z","IsDelete":false,"RequestChanged":false,"ExitsInGDT":false,"SourceID":0,"TinhThanhID":0,"TinhThanhTitle":"An Giang","TinhThanhTitleAscii":"/an-giang","QuanHuyenID":0,"NganhNgheTitle":"Giáo dục trung học cơ sở và trung học phổ thông","NganhNgheTitleAscii":"/nganh-nghe/giao-duc-trung-hoc-co-so-va-trung-hoc-pho-thong","DSTags":["1600676200","An Giang",null]},{"Type":11,"SolrID":"/1600676507-truong-tieu-hoc-b-an-tuc","ID":0,"MaSoThue":"1600676507","NgayCap":"2004-01-07T00:00:00Z","Title":"Trường Tiểu học B An Tức","DiaChiCongTy":"ấp Ninh Thạnh, xã An Tức - Huyện Tri Tôn - An Giang","Created":"2015-11-16T05:18:55Z","Updated":"2015-11-16T05:18:55Z","IsDelete":false,"RequestChanged":false,"ExitsInGDT":false,"SourceID":0,"TinhThanhID":0,"TinhThanhTitle":"An Giang","TinhThanhTitleAscii":"/an-giang","QuanHuyenID":0,"NganhNgheTitle":"Giáo dục tiểu học","NganhNgheTitleAscii":"/nganh-nghe/giao-duc-tieu-hoc","DSTags":["1600676507","An Giang",null]},{"Type":11,"SolrID":"/1600674362-truong-mau-giao-an-tuc","ID":0,"MaSoThue":"1600674362","NgayCap":"2003-11-28T00:00:00Z","Title":"Trường Mẫu giáo An Tức","DiaChiCongTy":"xã An Tức - Xã An Tức - Huyện Tri Tôn - An Giang","Created":"2015-11-16T15:31:25Z","Updated":"2015-11-16T15:31:25Z","IsDelete":false,"RequestChanged":false,"ExitsInGDT":false,"SourceID":0,"TinhThanhID":0,"TinhThanhTitle":"An Giang","TinhThanhTitleAscii":"/an-giang","QuanHuyenID":0,"NganhNgheTitle":"Hoạt động dịch vụ phục vụ cá nhân khác còn lại chưa được phân vào đâu","NganhNgheTitleAscii":"/nganh-nghe/hoat-dong-dich-vu-phuc-vu-ca-nhan-khac-con-lai-chua-duoc-phan-vao-dau","DSTags":["1600674362","An Giang",null]},{"Type":11,"SolrID":"/1600674595-truong-tieu-hoc-a-an-tuc","ID":0,"MaSoThue":"1600674595","NgayCap":"2003-11-28T00:00:00Z","Title":"Trường Tiểu học A An Tức","DiaChiCongTy":"ấp An Ninh, xã An Tức - Xã An Tức - Huyện Tri Tôn - An Giang","Created":"2015-11-16T15:31:39Z","Updated":"2015-11-16T15:31:39Z","IsDelete":false,"RequestChanged":false,"ExitsInGDT":false,"SourceID":0,"TinhThanhID":0,"TinhThanhTitle":"An Giang","TinhThanhTitleAscii":"/an-giang","QuanHuyenID":0,"NganhNgheTitle":"Hoạt động dịch vụ phục vụ cá nhân khác còn lại chưa được phân vào đâu","NganhNgheTitleAscii":"/nganh-nghe/hoat-dong-dich-vu-phuc-vu-ca-nhan-khac-con-lai-chua-duoc-phan-vao-dau","DSTags":["1600674595","An Giang",null]},{"Type":11,"SolrID":"/1600191767-006-khu-du-lich-tuc-dup","ID":0,"MaSoThue":"1600191767-006","NgayCap":"2003-08-12T00:00:00Z","Title":"Khu Du Lịch Tức Dụp","DiaChiCongTy":"Xã An Tức - Huyện Tri Tôn - An Giang","Created":"2015-11-18T13:20:03Z","Updated":"2015-11-18T13:20:03Z","IsDelete":false,"RequestChanged":false,"ExitsInGDT":false,"SourceID":0,"TinhThanhID":0,"TinhThanhTitle":"An Giang","TinhThanhTitleAscii":"/an-giang","QuanHuyenID":0,"NganhNgheTitle":"Hoạt động vui chơi giải trí khác chưa được phân vào đâu","NganhNgheTitleAscii":"/nganh-nghe/hoat-dong-vui-choi-giai-tri-khac-chua-duoc-phan-vao-dau","DSTags":["1600191767-006","An Giang",null]},{"Type":11,"SolrID":"/1600368100-ubnd-xa-an-tuc","ID":0,"MaSoThue":"1600368100","NgayCap":"1998-10-28T00:00:00Z","Title":"UBND xã  An Tức","DiaChiCongTy":"ấp Ninh Hòa, xã An Tức - Huyện Tri Tôn - An Giang","Created":"2015-11-14T17:30:16Z","Updated":"2015-11-14T17:30:16Z","IsDelete":false,"RequestChanged":false,"ExitsInGDT":false,"SourceID":0,"TinhThanhID":0,"TinhThanhTitle":"An Giang","TinhThanhTitleAscii":"/an-giang","QuanHuyenID":0,"NganhNgheTitle":"Hoạt động phục vụ chung cho toàn đất nước","NganhNgheTitleAscii":"/nganh-nghe/hoat-dong-phuc-vu-chung-cho-toan-dat-nuoc","DSTags":["1600368100","An Giang",null]}]}