{"ID":13084,"SolrID":"/an-giang/huyen-tri-ton/xa-co-to-huyen-tri-ton","Title":"Xã Cô Tô Huyện Tri Tôn","TinhThanhTitle":"An Giang","QuanHuyenTitle":"Huyện Tri Tôn","QuanHuyenID":526,"TinhThanhID":35,"Url":"https://thongtindoanhnghiep.co/api/company?l=/an-giang/huyen-tri-ton/xa-co-to-huyen-tri-ton","Total":3,"List":[{"Type":11,"SolrID":"/1601204112-truong-tieu-hoc-c-co-to","ID":0,"MaSoThue":"1601204112","NgayCap":"2009-08-03T00:00:00Z","Title":"Trường Tiểu Học C Cô Tô","DiaChiCongTy":"ấp Tô An Xã Cô Tô Huyện Tri Tôn - Huyện Tri Tôn - An Giang","Created":"2015-11-16T10:01:37Z","Updated":"2015-11-16T10:01:37Z","IsDelete":false,"RequestChanged":false,"ExitsInGDT":false,"SourceID":0,"TinhThanhID":0,"TinhThanhTitle":"An Giang","TinhThanhTitleAscii":"/an-giang","QuanHuyenID":0,"NganhNgheTitle":"Giáo dục tiểu học","NganhNgheTitleAscii":"/nganh-nghe/giao-duc-tieu-hoc","DSTags":["1601204112","An Giang",null]},{"Type":11,"SolrID":"/1601040425-trinh-quang-minh","ID":0,"MaSoThue":"1601040425","NgayCap":"2009-02-19T00:00:00Z","Title":"Trịnh Quang Minh","DiaChiCongTy":"ấp Tô Bình Xã Cô tô Huyện Tri Tôn - Huyện Tri Tôn - An Giang","Created":"2015-11-16T17:16:24Z","Updated":"2015-11-16T17:16:24Z","IsDelete":false,"RequestChanged":false,"ExitsInGDT":false,"SourceID":0,"TinhThanhID":0,"TinhThanhTitle":"An Giang","TinhThanhTitleAscii":"/an-giang","QuanHuyenID":0,"NganhNgheTitle":"Bán buôn chuyên doanh khác","NganhNgheTitleAscii":"/nganh-nghe/ban-buon-chuyen-doanh-khac","DSTags":["1601040425","An Giang",null]},{"Type":11,"SolrID":"/1600963692-nguyen-dinh-hien","ID":0,"MaSoThue":"1600963692","NgayCap":"2008-06-03T00:00:00Z","Title":"Nguyễn Đình Hiền","DiaChiCongTy":"ấp Tô Bình Xã Cô Tô Huyện Tri Tôn - Huyện Tri Tôn - An Giang","Created":"2015-11-16T00:35:33Z","Updated":"2015-11-16T00:35:33Z","IsDelete":false,"RequestChanged":false,"ExitsInGDT":false,"SourceID":0,"TinhThanhID":0,"TinhThanhTitle":"An Giang","TinhThanhTitleAscii":"/an-giang","QuanHuyenID":0,"NganhNgheTitle":"Bốc xếp hàng hóa","NganhNgheTitleAscii":"/nganh-nghe/boc-xep-hang-hoa","DSTags":["1600963692","An Giang",null]}]}