{"ID":5680,"SolrID":"/an-giang/huyen-tri-ton/xa-chau-lang","Title":"Xã Châu Lăng","TinhThanhTitle":"An Giang","QuanHuyenTitle":"Huyện Tri Tôn","QuanHuyenID":526,"TinhThanhID":35,"Url":"https://thongtindoanhnghiep.co/api/company?l=/an-giang/huyen-tri-ton/xa-chau-lang","Total":96,"List":[{"Type":11,"SolrID":"/1602145734-cong-ty-tnhh-mot-thanh-vien-van-chuyen-an-toan-chau-lang","ID":0,"MaSoThue":"1602145734","NgayCap":"2021-04-13T00:00:00Z","Title":"Công Ty TNHH Một Thành Viên Vận Chuyển An Toàn Châu Lăng","DiaChiCongTy":"Ấp An Lợi, Xã Châu Lăng, Huyện Tri Tôn, Tỉnh An Giang","Created":"2021-04-13T12:37:10Z","Updated":"2021-04-13T12:37:10Z","IsDelete":false,"RequestChanged":false,"ExitsInGDT":false,"SourceID":0,"TinhThanhID":0,"TinhThanhTitle":"An Giang","TinhThanhTitleAscii":"/an-giang","QuanHuyenID":0,"NganhNgheTitle":"Chuẩn bị mặt bằng","NganhNgheTitleAscii":"/nganh-nghe/chuan-bi-mat-bang","DSTags":["1602145734","An Giang",null]},{"Type":11,"SolrID":"/1602141779-cong-ty-tnhh-mot-thanh-vien-nguyen-khon","ID":0,"MaSoThue":"1602141779","NgayCap":"2021-02-25T00:00:00Z","Title":"Công Ty TNHH Một Thành Viên Nguyễn Khôn","DiaChiCongTy":"Ấp Tà On, Xã Châu Lăng, Huyện Tri Tôn, Tỉnh An Giang","Created":"2021-02-25T16:36:26Z","Updated":"2021-02-25T16:36:26Z","IsDelete":false,"RequestChanged":false,"ExitsInGDT":false,"SourceID":0,"TinhThanhID":0,"TinhThanhTitle":"An Giang","TinhThanhTitleAscii":"/an-giang","QuanHuyenID":0,"NganhNgheTitle":"Bán buôn nhiên liệu rắn, lỏng, khí và các sản phẩm liên quan","NganhNgheTitleAscii":"/nganh-nghe/ban-buon-nhien-lieu-ran-long-khi-va-cac-san-pham-lien-quan","DSTags":["1602141779","An Giang",null]},{"Type":11,"SolrID":"/1602141088-cong-ty-tnhh-thuong-mai-xay-dung-minh-thi","ID":0,"MaSoThue":"1602141088","NgayCap":"2021-02-09T00:00:00Z","Title":"Công Ty TNHH Thương Mại Xây Dựng Minh Thi","DiaChiCongTy":"Đường tỉnh 948, Tổ 3, Ấp An Lợi, Xã Châu Lăng, Huyện Tri Tôn, Tỉnh An Giang","Created":"2021-02-09T09:35:46Z","Updated":"2021-02-09T09:35:46Z","IsDelete":false,"RequestChanged":false,"ExitsInGDT":false,"SourceID":0,"TinhThanhID":0,"TinhThanhTitle":"An Giang","TinhThanhTitleAscii":"/an-giang","QuanHuyenID":0,"NganhNgheTitle":"Bán buôn vật liệu, thiết bị lắp đặt khác trong xây dựng","NganhNgheTitleAscii":"/nganh-nghe/ban-buon-vat-lieu-thiet-bi-lap-dat-khac-trong-xay-dung","DSTags":["1602141088","An Giang",null]},{"Type":11,"SolrID":"/1602080540-cong-ty-co-phan-nong-nghiep-bay-nui","ID":0,"MaSoThue":"1602080540","NgayCap":"2018-09-11T00:00:00Z","Title":"Công Ty Cổ Phần Nông Nghiệp Bảy Núi","DiaChiCongTy":"167 Ấp An Lộc, Xã Châu Lăng, Huyện Tri Tôn, Tỉnh An Giang","Created":"2018-09-11T13:34:11Z","Updated":"2018-09-11T13:34:11Z","IsDelete":false,"RequestChanged":false,"ExitsInGDT":false,"SourceID":0,"TinhThanhID":0,"TinhThanhTitle":"An Giang","TinhThanhTitleAscii":"/an-giang","QuanHuyenID":0,"NganhNgheTitle":"Khai thác khoáng hoá chất và khoáng phân bón","NganhNgheTitleAscii":"/nganh-nghe/khai-thac-khoang-hoa-chat-va-khoang-phan-bon","DSTags":["1602080540","An Giang",null]},{"Type":11,"SolrID":"/1602078284-cong-ty-tnhh-xnk-tmdv-dt-agricultural-sports-minh-duc-viet-nam-company","ID":0,"MaSoThue":"1602078284","NgayCap":"2018-08-13T00:00:00Z","Title":"Công Ty TNHH Xnk Tmdv&đt Agricultural Sports Minh Đức Việt Nam Company","DiaChiCongTy":"167 Ấp An Lộc, Xã Châu Lăng, Huyện Tri Tôn, Tỉnh An Giang","Created":"2018-08-13T16:04:38Z","Updated":"2018-08-13T16:04:38Z","IsDelete":false,"RequestChanged":false,"ExitsInGDT":false,"SourceID":0,"TinhThanhID":0,"TinhThanhTitle":"An Giang","TinhThanhTitleAscii":"/an-giang","QuanHuyenID":0,"NganhNgheTitle":"Bán buôn chuyên doanh khác chưa được phân vào đâu","NganhNgheTitleAscii":"/nganh-nghe/ban-buon-chuyen-doanh-khac-chua-duoc-phan-vao-dau","DSTags":["1602078284","An Giang",null]},{"Type":11,"SolrID":"/1602075156-cong-ty-tnhh-mot-thanh-vien-kinh-doanh-da-hai-dang","ID":0,"MaSoThue":"1602075156","NgayCap":"2018-06-25T00:00:00Z","Title":"Công Ty TNHH Một Thành Viên Kinh Doanh Đá Hải Đăng","DiaChiCongTy":"Số 59 Ấp Cây Me, Xã Châu Lăng, Huyện Tri Tôn, Tỉnh An Giang","Created":"2018-06-25T09:15:02Z","Updated":"2018-06-25T09:15:02Z","IsDelete":false,"RequestChanged":false,"ExitsInGDT":false,"SourceID":0,"TinhThanhID":0,"TinhThanhTitle":"An Giang","TinhThanhTitleAscii":"/an-giang","QuanHuyenID":0,"NganhNgheTitle":"Bán buôn vật liệu, thiết bị lắp đặt khác trong xây dựng","NganhNgheTitleAscii":"/nganh-nghe/ban-buon-vat-lieu-thiet-bi-lap-dat-khac-trong-xay-dung","DSTags":["1602075156","An Giang",null]},{"Type":11,"SolrID":"/1602074307-cong-ty-tnhh-mot-thanh-vien-san-xuat-thuong-mai-dich-vu-cay-xanh","ID":0,"MaSoThue":"1602074307","NgayCap":"2018-06-14T00:00:00Z","Title":"Công Ty TNHH Một Thành Viên Sản Xuất Thương Mại Dịch Vụ Cây Xanh","DiaChiCongTy":"Ấp An Thuận, Xã Châu Lăng, Huyện Tri Tôn, Tỉnh An Giang","Created":"2018-06-14T12:07:40Z","Updated":"2018-06-14T12:07:40Z","IsDelete":false,"RequestChanged":false,"ExitsInGDT":false,"SourceID":0,"TinhThanhID":0,"TinhThanhTitle":"An Giang","TinhThanhTitleAscii":"/an-giang","QuanHuyenID":0,"NganhNgheTitle":"Sản xuất vật liệu xây dựng từ đất sét","NganhNgheTitleAscii":"/nganh-nghe/san-xuat-vat-lieu-xay-dung-tu-dat-set","DSTags":["1602074307","An Giang",null]},{"Type":11,"SolrID":"/1602069385-cong-ty-tnhh-mot-thanh-vien-nong-san-nong-gia","ID":0,"MaSoThue":"1602069385","NgayCap":"2018-04-16T00:00:00Z","Title":"Công Ty TNHH Một Thành Viên Nông Sản Nông Gia","DiaChiCongTy":"Đường 948, Ấp Tân Lợi, Xã Châu Lăng, Huyện Tri Tôn, Tỉnh An Giang","Created":"2018-04-16T17:05:14Z","Updated":"2018-04-16T17:05:14Z","IsDelete":false,"RequestChanged":false,"ExitsInGDT":false,"SourceID":0,"TinhThanhID":0,"TinhThanhTitle":"An Giang","TinhThanhTitleAscii":"/an-giang","QuanHuyenID":0,"NganhNgheTitle":"Sản xuất thực phẩm khác chưa được phân vào đâu","NganhNgheTitleAscii":"/nganh-nghe/san-xuat-thuc-pham-khac-chua-duoc-phan-vao-dau","DSTags":["1602069385","An Giang",null]},{"Type":11,"SolrID":"/1602065905-cong-ty-tnhh-mot-thanh-vien-vo-thi-thanh-ha","ID":0,"MaSoThue":"1602065905","NgayCap":"2018-03-20T00:00:00Z","Title":"Công Ty TNHH Một Thành Viên Võ Thi Thanh Hà","DiaChiCongTy":"Tổ 21, Ấp Tà On, Xã Châu Lăng, Huyện Tri Tôn, Tỉnh An Giang","Created":"2018-03-20T07:04:18Z","Updated":"2018-03-20T07:04:18Z","IsDelete":false,"RequestChanged":false,"ExitsInGDT":false,"SourceID":0,"TinhThanhID":0,"TinhThanhTitle":"An Giang","TinhThanhTitleAscii":"/an-giang","QuanHuyenID":0,"NganhNgheTitle":"Xây dựng nhà các loại","NganhNgheTitleAscii":"/nganh-nghe/xay-dung-nha-cac-loai","DSTags":["1602065905","An Giang",null]},{"Type":11,"SolrID":"/1601787496-002-cong-ty-tnhh-mot-thanh-vien-van-an-long-chi-nhanh-tri-ton","ID":0,"MaSoThue":"1601787496-002","NgayCap":"2018-02-12T00:00:00Z","Title":"Công Ty TNHH Một Thành Viên Vạn An Long-chi Nhánh Tri Tôn","DiaChiCongTy":"Ấp Tà On, Xã Châu Lăng, Huyện Tri Tôn, Tỉnh An Giang","Created":"2018-02-13T23:26:56Z","Updated":"2018-02-13T23:26:56Z","IsDelete":false,"RequestChanged":false,"ExitsInGDT":false,"SourceID":0,"TinhThanhID":0,"TinhThanhTitle":"An Giang","TinhThanhTitleAscii":"/an-giang","QuanHuyenID":0,"NganhNgheTitle":"Hoạt động cấp tín dụng khác","NganhNgheTitleAscii":"/nganh-nghe/hoat-dong-cap-tin-dung-khac","DSTags":["1601787496-002","An Giang",null]},{"Type":11,"SolrID":"/1602058376-cong-ty-tnhh-mot-thanh-vien-tay-tiep","ID":0,"MaSoThue":"1602058376","NgayCap":"2017-12-16T00:00:00Z","Title":"Công Ty TNHH Một Thành Viên Tây Tiệp","DiaChiCongTy":"Ấp An Lợi, Xã Châu Lăng, Huyện Tri Tôn, Tỉnh An Giang","Created":"2017-12-16T15:29:34Z","Updated":"2017-12-16T15:29:34Z","IsDelete":false,"RequestChanged":false,"ExitsInGDT":false,"SourceID":0,"TinhThanhID":0,"TinhThanhTitle":"An Giang","TinhThanhTitleAscii":"/an-giang","QuanHuyenID":0,"NganhNgheTitle":"Bán buôn vật liệu, thiết bị lắp đặt khác trong xây dựng","NganhNgheTitleAscii":"/nganh-nghe/ban-buon-vat-lieu-thiet-bi-lap-dat-khac-trong-xay-dung","DSTags":["1602058376","An Giang",null]},{"Type":11,"SolrID":"/1602057943-cong-ty-tnhh-mot-thanh-vien-quach-nguyen-thong","ID":0,"MaSoThue":"1602057943","NgayCap":"2017-12-13T00:00:00Z","Title":"Công Ty TNHH Một Thành Viên Quách Nguyên Thông","DiaChiCongTy":"Tỉnh lộ 955B, Ấp Rò Leng, Xã Châu Lăng, Huyện Tri Tôn, Tỉnh An Giang","Created":"2017-12-13T14:04:24Z","Updated":"2017-12-13T14:04:24Z","IsDelete":false,"RequestChanged":false,"ExitsInGDT":false,"SourceID":0,"TinhThanhID":0,"TinhThanhTitle":"An Giang","TinhThanhTitleAscii":"/an-giang","QuanHuyenID":0,"NganhNgheTitle":"Bán buôn nhiên liệu rắn, lỏng, khí và các sản phẩm liên quan","NganhNgheTitleAscii":"/nganh-nghe/ban-buon-nhien-lieu-ran-long-khi-va-cac-san-pham-lien-quan","DSTags":["1602057943","An Giang",null]},{"Type":11,"SolrID":"/1602053603-cong-ty-tnhh-mot-thanh-vien-quach-thong","ID":0,"MaSoThue":"1602053603","NgayCap":"2017-10-31T00:00:00Z","Title":"Công Ty TNHH Một Thành Viên Quách Thông","DiaChiCongTy":"Tỉnh lộ 955B, Ấp Lò Rèng, Xã Châu Lăng, Huyện Tri Tôn, Tỉnh An Giang","Created":"2017-10-31T11:06:40Z","Updated":"2017-10-31T11:06:40Z","IsDelete":false,"RequestChanged":false,"ExitsInGDT":false,"SourceID":0,"TinhThanhID":0,"TinhThanhTitle":"An Giang","TinhThanhTitleAscii":"/an-giang","QuanHuyenID":0,"NganhNgheTitle":"Bán buôn nhiên liệu rắn, lỏng, khí và các sản phẩm liên quan","NganhNgheTitleAscii":"/nganh-nghe/ban-buon-nhien-lieu-ran-long-khi-va-cac-san-pham-lien-quan","DSTags":["1602053603","An Giang",null]},{"Type":11,"SolrID":"/1602052568-cong-ty-tnhh-nong-nghiep-chi-ngoc","ID":0,"MaSoThue":"1602052568","NgayCap":"2017-10-17T00:00:00Z","Title":"Công Ty TNHH Nông Nghiệp Chi Ngọc","DiaChiCongTy":"Tổ 1, Ấp An Lộc, Xã Châu Lăng, Huyện Tri Tôn, Tỉnh An Giang","Created":"2017-10-17T12:35:24Z","Updated":"2017-10-17T12:35:24Z","IsDelete":false,"RequestChanged":false,"ExitsInGDT":false,"SourceID":0,"TinhThanhID":0,"TinhThanhTitle":"An Giang","TinhThanhTitleAscii":"/an-giang","QuanHuyenID":0,"NganhNgheTitle":"Bán buôn tổng hợp","NganhNgheTitleAscii":"/nganh-nghe/ban-buon-tong-hop","DSTags":["1602052568","An Giang",null]},{"Type":11,"SolrID":"/1602031494-cong-ty-tnhh-mot-thanh-vien-dich-vu-thuong-mai-van-cuong","ID":0,"MaSoThue":"1602031494","NgayCap":"2017-01-13T00:00:00Z","Title":"Công Ty TNHH Một Thành Viên Dịch Vụ Thương Mại Vạn Cường","DiaChiCongTy":"04, Tổ 02, Ấp Cây Me, Xã Châu Lăng, Huyện Tri Tôn, Tỉnh An Giang","Created":"2017-01-13T08:38:12Z","Updated":"2017-01-13T08:38:12Z","IsDelete":false,"RequestChanged":false,"ExitsInGDT":false,"SourceID":0,"TinhThanhID":0,"TinhThanhTitle":"An Giang","TinhThanhTitleAscii":"/an-giang","QuanHuyenID":0,"NganhNgheTitle":"Bán buôn vật liệu, thiết bị lắp đặt khác trong xây dựng","NganhNgheTitleAscii":"/nganh-nghe/ban-buon-vat-lieu-thiet-bi-lap-dat-khac-trong-xay-dung","DSTags":["1602031494","An Giang",null]},{"Type":11,"SolrID":"/1602030363-cong-ty-tnhh-dich-vu-ke-toan-thue-tai-phat-hung","ID":0,"MaSoThue":"1602030363","NgayCap":"2017-01-03T00:00:00Z","Title":"Công Ty TNHH Dịch Vụ Kế Toán Thuế Tài Phát Hưng","DiaChiCongTy":"Số 38, Ấp An Lộc, Xã Châu Lăng, Huyện Tri Tôn, Tỉnh An Giang","Created":"2017-01-03T09:07:45Z","Updated":"2017-01-03T09:07:45Z","IsDelete":false,"RequestChanged":false,"ExitsInGDT":false,"SourceID":0,"TinhThanhID":0,"TinhThanhTitle":"An Giang","TinhThanhTitleAscii":"/an-giang","QuanHuyenID":0,"NganhNgheTitle":"Hoạt động liên quan đến kế toán, kiểm toán và tư vấn về thuế","NganhNgheTitleAscii":"/nganh-nghe/hoat-dong-lien-quan-den-ke-toan-kiem-toan-va-tu-van-ve-thue","DSTags":["1602030363","An Giang",null]},{"Type":11,"SolrID":"/1602028886-cong-ty-tnhh-mot-thanh-vien-phuc-thinh-tri-ton","ID":0,"MaSoThue":"1602028886","NgayCap":"2016-12-23T00:00:00Z","Title":"Công Ty TNHH Một Thành Viên Phúc Thịnh Tri Tôn","DiaChiCongTy":"Ấp An Lợi, Xã Châu Lăng, Huyện Tri Tôn, Tỉnh An Giang","Created":"2016-12-23T13:43:44Z","Updated":"2016-12-23T13:43:44Z","IsDelete":false,"RequestChanged":false,"ExitsInGDT":false,"SourceID":0,"TinhThanhID":0,"TinhThanhTitle":"An Giang","TinhThanhTitleAscii":"/an-giang","QuanHuyenID":0,"NganhNgheTitle":"Bán buôn thực phẩm","NganhNgheTitleAscii":"/nganh-nghe/ban-buon-thuc-pham","DSTags":["1602028886","An Giang",null]},{"Type":11,"SolrID":"/1602027152-cong-ty-tnhh-mot-thanh-vien-loc-phat-dong-thap","ID":0,"MaSoThue":"1602027152","NgayCap":"2016-12-15T00:00:00Z","Title":"Công Ty TNHH Một Thành Viên Lộc Phát Đồng Tháp","DiaChiCongTy":"Ấp Cây Me, Xã Châu Lăng, Huyện Tri Tôn, Tỉnh An Giang","Created":"2016-12-15T09:13:43Z","Updated":"2016-12-15T09:13:43Z","IsDelete":false,"RequestChanged":false,"ExitsInGDT":false,"SourceID":0,"TinhThanhID":0,"TinhThanhTitle":"An Giang","TinhThanhTitleAscii":"/an-giang","QuanHuyenID":0,"NganhNgheTitle":"Bán buôn vật liệu, thiết bị lắp đặt khác trong xây dựng","NganhNgheTitleAscii":"/nganh-nghe/ban-buon-vat-lieu-thiet-bi-lap-dat-khac-trong-xay-dung","DSTags":["1602027152","An Giang",null]},{"Type":11,"SolrID":"/1602021464-cong-ty-tnhh-san-xuat-xuat-nhap-khau-dara","ID":0,"MaSoThue":"1602021464","NgayCap":"2016-10-19T00:00:00Z","Title":"Công Ty TNHH Sản Xuất - Xuất Nhập Khẩu Dara","DiaChiCongTy":"ấp Bằng Rò - Xã Châu Lăng - Huyện Tri Tôn - An Giang","Created":"2016-11-04T08:00:35Z","Updated":"2016-11-04T08:00:35Z","IsDelete":false,"RequestChanged":false,"ExitsInGDT":false,"SourceID":0,"TinhThanhID":0,"TinhThanhTitle":"An Giang","TinhThanhTitleAscii":"/an-giang","QuanHuyenID":0,"NganhNgheTitle":"Bán buôn thực phẩm","NganhNgheTitleAscii":"/nganh-nghe/ban-buon-thuc-pham","DSTags":["1602021464","An Giang",null]},{"Type":11,"SolrID":"/1602018912-cong-ty-tnhh-mot-thanh-vien-tm-dv-xd-hoan-hao","ID":0,"MaSoThue":"1602018912","NgayCap":"2016-09-13T00:00:00Z","Title":"Công Ty TNHH Một Thành Viên Tm - Dv - Xd Hoàn Hảo","DiaChiCongTy":"Số 255, ấp Cây Me - Xã Châu Lăng - Huyện Tri Tôn - An Giang","Created":"2016-09-16T15:08:49Z","Updated":"2016-09-16T15:08:49Z","IsDelete":false,"RequestChanged":false,"ExitsInGDT":false,"SourceID":0,"TinhThanhID":0,"TinhThanhTitle":"An Giang","TinhThanhTitleAscii":"/an-giang","QuanHuyenID":0,"DSTags":["1602018912","An Giang",null]},{"Type":11,"SolrID":"/1602018366-cong-ty-tnhh-mot-thanh-vien-chau-ngoc-tuan","ID":0,"MaSoThue":"1602018366","NgayCap":"2016-09-08T00:00:00Z","Title":"Công Ty TNHH Một Thành Viên Châu Ngọc Tuấn","DiaChiCongTy":"Số 451, Tổ 18, Ấp An Lợi, Xã Châu Lăng, Huyện Tri Tôn, Tỉnh An Giang","Created":"2017-04-20T13:10:16Z","Updated":"2017-04-20T13:10:16Z","IsDelete":false,"RequestChanged":false,"ExitsInGDT":false,"SourceID":0,"TinhThanhID":0,"TinhThanhTitle":"An Giang","TinhThanhTitleAscii":"/an-giang","QuanHuyenID":0,"NganhNgheTitle":"Bán buôn vật liệu, thiết bị lắp đặt khác trong xây dựng","NganhNgheTitleAscii":"/nganh-nghe/ban-buon-vat-lieu-thiet-bi-lap-dat-khac-trong-xay-dung","DSTags":["1602018366","An Giang",null]},{"Type":11,"SolrID":"/1602014770-cong-ty-tnhh-mot-thanh-vien-pham-phuc-anh","ID":0,"MaSoThue":"1602014770","NgayCap":"2016-07-19T00:00:00Z","Title":"Công Ty TNHH Một Thành Viên Phạm Phúc ánh","DiaChiCongTy":"ấp Cây Me - Xã Châu Lăng - Huyện Tri Tôn - An Giang","Created":"2016-07-21T13:33:43Z","Updated":"2016-09-10T21:13:22Z","IsDelete":false,"RequestChanged":false,"ExitsInGDT":false,"SourceID":0,"TinhThanhID":0,"TinhThanhTitle":"An Giang","TinhThanhTitleAscii":"/an-giang","QuanHuyenID":0,"DSTags":["1602014770","An Giang",null]},{"Type":11,"SolrID":"/1602009160-001-cong-ty-tnhh-van-tam-long-chi-nhanh-tri-ton","ID":0,"MaSoThue":"1602009160-001","NgayCap":"2016-06-10T00:00:00Z","Title":"Công Ty TNHH Vạn Tâm Long - Chi Nhánh Tri Tôn","DiaChiCongTy":"ấp Tà On - Xã Châu Lăng - Huyện Tri Tôn - An Giang","Created":"2016-06-24T13:15:43Z","Updated":"2016-06-28T21:08:46Z","IsDelete":false,"RequestChanged":false,"ExitsInGDT":false,"SourceID":0,"TinhThanhID":0,"TinhThanhTitle":"An Giang","TinhThanhTitleAscii":"/an-giang","QuanHuyenID":0,"NganhNgheTitle":"Hoạt động cấp tín dụng khác","NganhNgheTitleAscii":"/nganh-nghe/hoat-dong-cap-tin-dung-khac","DSTags":["1602009160-001","An Giang",null]},{"Type":11,"SolrID":"/1602007251-cong-ty-tnhh-mot-thanh-vien-thuong-mai-nguyen-thanh-phong","ID":0,"MaSoThue":"1602007251","NgayCap":"2016-04-15T00:00:00Z","Title":"Công Ty TNHH Một Thành Viên Thương Mại Nguyễn Thanh Phong","DiaChiCongTy":"ấp Rò Leng - Xã Châu Lăng - Huyện Tri Tôn - An Giang","Created":"2016-04-18T07:59:56Z","Updated":"2016-04-18T07:59:56Z","IsDelete":false,"RequestChanged":false,"ExitsInGDT":false,"SourceID":0,"TinhThanhID":0,"TinhThanhTitle":"An Giang","TinhThanhTitleAscii":"/an-giang","QuanHuyenID":0,"NganhNgheTitle":"Bán buôn nông, lâm sản nguyên liệu (trừ gỗ, tre, nứa) và động vật sống","NganhNgheTitleAscii":"/nganh-nghe/ban-buon-nong-lam-san-nguyen-lieu-tru-go-tre-nua-va-dong-vat-song","DSTags":["1602007251","An Giang",null]},{"Type":11,"SolrID":"/1602001933-cong-ty-tnhh-sen-khiet","ID":0,"MaSoThue":"1602001933","NgayCap":"2016-02-18T00:00:00Z","Title":"Công Ty TNHH Sen Khiết","DiaChiCongTy":"ấp An Lợi - Xã Châu Lăng - Huyện Tri Tôn - An Giang","Created":"2016-02-18T21:19:53Z","Updated":"2016-02-18T21:19:53Z","IsDelete":false,"RequestChanged":false,"ExitsInGDT":false,"SourceID":0,"TinhThanhID":0,"TinhThanhTitle":"An Giang","TinhThanhTitleAscii":"/an-giang","QuanHuyenID":0,"NganhNgheTitle":"Bán lẻ hàng may mặc, giày dép, hàng da và giả da trong các cửa hàng chuyên doanh","NganhNgheTitleAscii":"/nganh-nghe/ban-le-hang-may-mac-giay-dep-hang-da-va-gia-da-trong-cac-cua-hang-chuyen-doanh","DSTags":["1602001933","An Giang",null]},{"Type":11,"SolrID":"/1601996901-cong-ty-tnhh-mot-thanh-vien-t-c-tech-long-xuyen","ID":0,"MaSoThue":"1601996901","NgayCap":"2015-12-31T00:00:00Z","Title":"Công Ty TNHH Một Thành Viên T & C Tech Long Xuyên","DiaChiCongTy":"ấp An Lạc - Xã Châu Lăng - Huyện Tri Tôn - An Giang","Created":"2016-01-04T10:39:55Z","Updated":"2016-01-04T10:39:55Z","IsDelete":false,"RequestChanged":false,"ExitsInGDT":false,"SourceID":0,"TinhThanhID":0,"TinhThanhTitle":"An Giang","TinhThanhTitleAscii":"/an-giang","QuanHuyenID":0,"NganhNgheTitle":"Bán buôn máy móc, thiết bị và phụ tùng máy khác","NganhNgheTitleAscii":"/nganh-nghe/ban-buon-may-moc-thiet-bi-va-phu-tung-may-khac","DSTags":["1601996901","An Giang",null]},{"Type":11,"SolrID":"/1601991276-doanh-nghiep-tn-nguyen-mong","ID":0,"MaSoThue":"1601991276","NgayCap":"2015-12-11T00:00:00Z","Title":"Doanh Nghiệp TN Nguyễn Mộng","DiaChiCongTy":"Số 34, ấp Bằng Rò - Xã Châu Lăng - Huyện Tri Tôn - An Giang","Created":"2015-12-13T22:31:19Z","Updated":"2015-12-13T22:31:19Z","IsDelete":false,"RequestChanged":false,"ExitsInGDT":false,"SourceID":0,"TinhThanhID":0,"TinhThanhTitle":"An Giang","TinhThanhTitleAscii":"/an-giang","QuanHuyenID":0,"NganhNgheTitle":"Vận tải hàng hóa đường thuỷ nội địa","NganhNgheTitleAscii":"/nganh-nghe/van-tai-hang-hoa-duong-thuy-noi-dia","DSTags":["1601991276","An Giang",null]},{"Type":11,"SolrID":"/1601989439-cong-ty-tnhh-mot-thanh-vien-xay-dung-thuong-mai-va-dich-vu-trang-thanh-cong","ID":0,"MaSoThue":"1601989439","NgayCap":"2015-11-27T00:00:00Z","Title":"Công Ty TNHH Một Thành Viên Xây Dựng Thương Mại Và Dịch Vụ Trang Thành Công","DiaChiCongTy":"Số 181, Tổ 7, ấp An Lộc - Xã Châu Lăng - Huyện Tri Tôn - An Giang","Created":"2015-11-28T06:45:16Z","Updated":"2015-11-28T06:45:16Z","IsDelete":false,"RequestChanged":false,"ExitsInGDT":false,"SourceID":0,"TinhThanhID":0,"TinhThanhTitle":"An Giang","TinhThanhTitleAscii":"/an-giang","QuanHuyenID":0,"NganhNgheTitle":"Xây dựng nhà các loại","NganhNgheTitleAscii":"/nganh-nghe/xay-dung-nha-cac-loai","DSTags":["1601989439","An Giang",null]},{"Type":11,"SolrID":"/1601983638-cong-ty-tnhh-mot-thanh-vien-ho-minh-hoang","ID":0,"MaSoThue":"1601983638","NgayCap":"2015-09-21T00:00:00Z","Title":"Công Ty TNHH Một Thành Viên Hồ Minh Hoàng","DiaChiCongTy":"ấp Rò Leng - Xã Châu Lăng - Huyện Tri Tôn - An Giang","Created":"2015-11-19T05:02:00Z","Updated":"2015-11-19T05:02:00Z","IsDelete":false,"RequestChanged":false,"ExitsInGDT":false,"SourceID":0,"TinhThanhID":0,"TinhThanhTitle":"An Giang","TinhThanhTitleAscii":"/an-giang","QuanHuyenID":0,"NganhNgheTitle":"Bán buôn vật liệu, thiết bị lắp đặt khác trong xây dựng","NganhNgheTitleAscii":"/nganh-nghe/ban-buon-vat-lieu-thiet-bi-lap-dat-khac-trong-xay-dung","DSTags":["1601983638","An Giang",null]},{"Type":11,"SolrID":"/1601981912-cong-ty-tnhh-mot-thanh-vien-nam-thien-dat","ID":0,"MaSoThue":"1601981912","NgayCap":"2015-09-04T00:00:00Z","Title":"Công Ty TNHH Một Thành Viên Nam Thiên Đạt","DiaChiCongTy":"Lộ nông thôn, ấp Bằng Rò - Xã Châu Lăng - Huyện Tri Tôn - An Giang","Created":"2015-11-19T00:52:33Z","Updated":"2015-11-19T00:52:33Z","IsDelete":false,"RequestChanged":false,"ExitsInGDT":false,"SourceID":0,"TinhThanhID":0,"TinhThanhTitle":"An Giang","TinhThanhTitleAscii":"/an-giang","QuanHuyenID":0,"NganhNgheTitle":"Bán buôn vật liệu, thiết bị lắp đặt khác trong xây dựng","NganhNgheTitleAscii":"/nganh-nghe/ban-buon-vat-lieu-thiet-bi-lap-dat-khac-trong-xay-dung","DSTags":["1601981912","An Giang",null]},{"Type":11,"SolrID":"/1601980404-cong-ty-tnhh-mot-thanh-vien-dai-long-thuy","ID":0,"MaSoThue":"1601980404","NgayCap":"2015-08-11T00:00:00Z","Title":"Công Ty TNHH Một Thành Viên Đại Long Thủy","DiaChiCongTy":"Tổ 02, ấp An Lộc - Xã Châu Lăng - Huyện Tri Tôn - An Giang","Created":"2015-11-18T23:12:14Z","Updated":"2015-11-18T23:12:14Z","IsDelete":false,"RequestChanged":false,"ExitsInGDT":false,"SourceID":0,"TinhThanhID":0,"TinhThanhTitle":"An Giang","TinhThanhTitleAscii":"/an-giang","QuanHuyenID":0,"NganhNgheTitle":"Bán buôn vật liệu, thiết bị lắp đặt khác trong xây dựng","NganhNgheTitleAscii":"/nganh-nghe/ban-buon-vat-lieu-thiet-bi-lap-dat-khac-trong-xay-dung","DSTags":["1601980404","An Giang",null]},{"Type":11,"SolrID":"/1601980411-cong-ty-tnhh-mot-thanh-vien-viet-phat-linh","ID":0,"MaSoThue":"1601980411","NgayCap":"2015-08-11T00:00:00Z","Title":"Công Ty TNHH Một Thành Viên Việt Phát Linh","DiaChiCongTy":"Số 158, ấp Tà On - Xã Châu Lăng - Huyện Tri Tôn - An Giang","Created":"2015-11-18T23:13:58Z","Updated":"2015-11-18T23:13:58Z","IsDelete":false,"RequestChanged":false,"ExitsInGDT":false,"SourceID":0,"TinhThanhID":0,"TinhThanhTitle":"An Giang","TinhThanhTitleAscii":"/an-giang","QuanHuyenID":0,"NganhNgheTitle":"Bán buôn vật liệu, thiết bị lắp đặt khác trong xây dựng","NganhNgheTitleAscii":"/nganh-nghe/ban-buon-vat-lieu-thiet-bi-lap-dat-khac-trong-xay-dung","DSTags":["1601980411","An Giang",null]},{"Type":11,"SolrID":"/1601973132-cong-ty-tnhh-mot-thanh-vien-hai-hai-dung","ID":0,"MaSoThue":"1601973132","NgayCap":"2015-05-22T00:00:00Z","Title":"Công Ty TNHH Một Thành Viên Hai Hai Dũng","DiaChiCongTy":"ấp An Hòa - Xã Châu Lăng - Huyện Tri Tôn - An Giang","Created":"2015-11-18T03:40:56Z","Updated":"2015-11-18T03:40:56Z","IsDelete":false,"RequestChanged":false,"ExitsInGDT":false,"SourceID":0,"TinhThanhID":0,"TinhThanhTitle":"An Giang","TinhThanhTitleAscii":"/an-giang","QuanHuyenID":0,"NganhNgheTitle":"Bán buôn vật liệu, thiết bị lắp đặt khác trong xây dựng","NganhNgheTitleAscii":"/nganh-nghe/ban-buon-vat-lieu-thiet-bi-lap-dat-khac-trong-xay-dung","DSTags":["1601973132","An Giang",null]},{"Type":11,"SolrID":"/1601970766-cong-ty-tnhh-mot-thanh-vien-dau-tu-phat-trien-xay-dung-an-minh-tam","ID":0,"MaSoThue":"1601970766","NgayCap":"2015-04-24T00:00:00Z","Title":"Công Ty TNHH Một Thành Viên Đầu Tư-Phát Triển-Xây Dựng An Minh Tâm","DiaChiCongTy":"ấp An Lợi - Xã Châu Lăng - Huyện Tri Tôn - An Giang","Created":"2015-11-17T09:48:40Z","Updated":"2015-11-17T09:48:40Z","IsDelete":false,"RequestChanged":false,"ExitsInGDT":false,"SourceID":0,"TinhThanhID":0,"TinhThanhTitle":"An Giang","TinhThanhTitleAscii":"/an-giang","QuanHuyenID":0,"NganhNgheTitle":"Bán buôn vật liệu, thiết bị lắp đặt khác trong xây dựng","NganhNgheTitleAscii":"/nganh-nghe/ban-buon-vat-lieu-thiet-bi-lap-dat-khac-trong-xay-dung","DSTags":["1601970766","An Giang",null]},{"Type":11,"SolrID":"/1601935384-cong-ty-tnhh-mot-thanh-vien-vat-lieu-xay-dung-truong-phong","ID":0,"MaSoThue":"1601935384","NgayCap":"2014-08-15T00:00:00Z","Title":"Công Ty TNHH Một Thành Viên Vật Liệu Xây Dựng Trường Phong","DiaChiCongTy":"ấp An Lộc - Xã Châu Lăng - Huyện Tri Tôn - An Giang","Created":"2015-11-09T11:37:11Z","Updated":"2015-11-09T11:37:11Z","IsDelete":false,"RequestChanged":false,"ExitsInGDT":false,"SourceID":0,"TinhThanhID":0,"TinhThanhTitle":"An Giang","TinhThanhTitleAscii":"/an-giang","QuanHuyenID":0,"NganhNgheTitle":"Bán buôn vật liệu, thiết bị lắp đặt khác trong xây dựng","NganhNgheTitleAscii":"/nganh-nghe/ban-buon-vat-lieu-thiet-bi-lap-dat-khac-trong-xay-dung","DSTags":["1601935384","An Giang",null]},{"Type":11,"SolrID":"/1601933651-cong-ty-tnhh-mot-thanh-vien-thuong-mai-nghi-nghi-luc","ID":0,"MaSoThue":"1601933651","NgayCap":"2014-07-30T00:00:00Z","Title":"Công Ty TNHH Một Thành Viên Thương Mại Nghị Nghị Lực","DiaChiCongTy":"Số 36, Tổ 2, ấp An Lộc - Xã Châu Lăng - Huyện Tri Tôn - An Giang","Created":"2015-11-09T12:36:21Z","Updated":"2015-11-09T12:36:21Z","IsDelete":false,"RequestChanged":false,"ExitsInGDT":false,"SourceID":0,"TinhThanhID":0,"TinhThanhTitle":"An Giang","TinhThanhTitleAscii":"/an-giang","QuanHuyenID":0,"NganhNgheTitle":"Vận tải hàng hóa đường thuỷ nội địa","NganhNgheTitleAscii":"/nganh-nghe/van-tai-hang-hoa-duong-thuy-noi-dia","DSTags":["1601933651","An Giang",null]},{"Type":11,"SolrID":"/1601920331-doanh-nghiep-tn-chau-nguyet-hung","ID":0,"MaSoThue":"1601920331","NgayCap":"2014-04-25T00:00:00Z","Title":"Doanh Nghiệp TN Châu Nguyệt Hùng","DiaChiCongTy":"ấp Cây Me - Xã Châu Lăng - Huyện Tri Tôn - An Giang","Created":"2015-11-09T16:11:03Z","Updated":"2015-11-09T16:11:03Z","IsDelete":false,"RequestChanged":false,"ExitsInGDT":false,"SourceID":0,"TinhThanhID":0,"TinhThanhTitle":"An Giang","TinhThanhTitleAscii":"/an-giang","QuanHuyenID":0,"NganhNgheTitle":"Bán buôn vật liệu, thiết bị lắp đặt khác trong xây dựng","NganhNgheTitleAscii":"/nganh-nghe/ban-buon-vat-lieu-thiet-bi-lap-dat-khac-trong-xay-dung","DSTags":["1601920331","An Giang",null]},{"Type":11,"SolrID":"/1601913172-cong-ty-tnhh-mot-thanh-vien-hue-thuy-nga","ID":0,"MaSoThue":"1601913172","NgayCap":"2014-03-03T00:00:00Z","Title":"Công Ty TNHH Một Thành Viên Huê Thúy Nga","DiaChiCongTy":"Số 339, ấp Tà On - Xã Châu Lăng - Huyện Tri Tôn - An Giang","Created":"2015-11-09T20:53:42Z","Updated":"2015-11-09T20:53:42Z","IsDelete":false,"RequestChanged":false,"ExitsInGDT":false,"SourceID":0,"TinhThanhID":0,"TinhThanhTitle":"An Giang","TinhThanhTitleAscii":"/an-giang","QuanHuyenID":0,"NganhNgheTitle":"Bán buôn vật liệu, thiết bị lắp đặt khác trong xây dựng","NganhNgheTitleAscii":"/nganh-nghe/ban-buon-vat-lieu-thiet-bi-lap-dat-khac-trong-xay-dung","DSTags":["1601913172","An Giang",null]},{"Type":11,"SolrID":"/1601908535-cong-ty-tnhh-mot-thanh-vien-thuong-mai-hong-ngoc-thanh","ID":0,"MaSoThue":"1601908535","NgayCap":"2014-01-22T00:00:00Z","Title":"Công Ty TNHH Một Thành Viên Thương Mại Hồng Ngọc Thanh","DiaChiCongTy":"ấp Tà On - Xã Châu Lăng - Huyện Tri Tôn - An Giang","Created":"2015-11-09T18:40:08Z","Updated":"2015-11-09T18:40:08Z","IsDelete":false,"RequestChanged":false,"ExitsInGDT":false,"SourceID":0,"TinhThanhID":0,"TinhThanhTitle":"An Giang","TinhThanhTitleAscii":"/an-giang","QuanHuyenID":0,"NganhNgheTitle":"Vận tải hàng hóa bằng đường bộ","NganhNgheTitleAscii":"/nganh-nghe/van-tai-hang-hoa-bang-duong-bo","DSTags":["1601908535","An Giang",null]},{"Type":11,"SolrID":"/1601906633-cong-ty-tnhh-mot-thanh-vien-vo-phi-long","ID":0,"MaSoThue":"1601906633","NgayCap":"2014-01-14T00:00:00Z","Title":"Công Ty TNHH Một Thành Viên Võ Phi Long","DiaChiCongTy":"Số 339, ấp Tà On - Xã Châu Lăng - Huyện Tri Tôn - An Giang","Created":"2015-11-09T20:24:14Z","Updated":"2015-11-09T20:24:14Z","IsDelete":false,"RequestChanged":false,"ExitsInGDT":false,"SourceID":0,"TinhThanhID":0,"TinhThanhTitle":"An Giang","TinhThanhTitleAscii":"/an-giang","QuanHuyenID":0,"NganhNgheTitle":"Bán buôn vật liệu, thiết bị lắp đặt khác trong xây dựng","NganhNgheTitleAscii":"/nganh-nghe/ban-buon-vat-lieu-thiet-bi-lap-dat-khac-trong-xay-dung","DSTags":["1601906633","An Giang",null]},{"Type":11,"SolrID":"/1601906739-doanh-nghiep-tn-huynh-minh-vuong","ID":0,"MaSoThue":"1601906739","NgayCap":"2014-01-14T00:00:00Z","Title":"Doanh Nghiệp TN Huỳnh Minh Vương","DiaChiCongTy":"ấp An Lợi - Xã Châu Lăng - Huyện Tri Tôn - An Giang","Created":"2015-11-09T20:24:18Z","Updated":"2015-11-09T20:24:18Z","IsDelete":false,"RequestChanged":false,"ExitsInGDT":false,"SourceID":0,"TinhThanhID":0,"TinhThanhTitle":"An Giang","TinhThanhTitleAscii":"/an-giang","QuanHuyenID":0,"NganhNgheTitle":"Bán buôn gạo","NganhNgheTitleAscii":"/nganh-nghe/ban-buon-gao","DSTags":["1601906739","An Giang",null]},{"Type":11,"SolrID":"/1601906721-doanh-nghiep-tn-truong-van-lau","ID":0,"MaSoThue":"1601906721","NgayCap":"2014-01-14T00:00:00Z","Title":"Doanh Nghiệp TN Trương Văn Lầu","DiaChiCongTy":"ấp An Lợi - Xã Châu Lăng - Huyện Tri Tôn - An Giang","Created":"2015-11-09T20:24:34Z","Updated":"2015-11-09T20:24:34Z","IsDelete":false,"RequestChanged":false,"ExitsInGDT":false,"SourceID":0,"TinhThanhID":0,"TinhThanhTitle":"An Giang","TinhThanhTitleAscii":"/an-giang","QuanHuyenID":0,"NganhNgheTitle":"Chuẩn bị mặt bằng","NganhNgheTitleAscii":"/nganh-nghe/chuan-bi-mat-bang","DSTags":["1601906721","An Giang",null]},{"Type":11,"SolrID":"/1601904481-doanh-nghiep-tn-luong-thi-be","ID":0,"MaSoThue":"1601904481","NgayCap":"2014-01-10T00:00:00Z","Title":"Doanh Nghiệp TN Lương Thị Bé","DiaChiCongTy":"ấp An Lộc - Xã Châu Lăng - Huyện Tri Tôn - An Giang","Created":"2015-11-09T18:40:05Z","Updated":"2015-11-09T18:40:05Z","IsDelete":false,"RequestChanged":false,"ExitsInGDT":false,"SourceID":0,"TinhThanhID":0,"TinhThanhTitle":"An Giang","TinhThanhTitleAscii":"/an-giang","QuanHuyenID":0,"NganhNgheTitle":"Bán buôn vật liệu, thiết bị lắp đặt khác trong xây dựng","NganhNgheTitleAscii":"/nganh-nghe/ban-buon-vat-lieu-thiet-bi-lap-dat-khac-trong-xay-dung","DSTags":["1601904481","An Giang",null]},{"Type":11,"SolrID":"/1601904435-doanh-nghiep-tn-dai-khiem","ID":0,"MaSoThue":"1601904435","NgayCap":"2014-01-10T00:00:00Z","Title":"Doanh Nghiệp TN Đại Khiêm","DiaChiCongTy":"Số 38, ấp An Lộc - Xã Châu Lăng - Huyện Tri Tôn - An Giang","Created":"2015-11-09T20:24:36Z","Updated":"2015-11-09T20:24:36Z","IsDelete":false,"RequestChanged":false,"ExitsInGDT":false,"SourceID":0,"TinhThanhID":0,"TinhThanhTitle":"An Giang","TinhThanhTitleAscii":"/an-giang","QuanHuyenID":0,"NganhNgheTitle":"Bán buôn vật liệu, thiết bị lắp đặt khác trong xây dựng","NganhNgheTitleAscii":"/nganh-nghe/ban-buon-vat-lieu-thiet-bi-lap-dat-khac-trong-xay-dung","DSTags":["1601904435","An Giang",null]},{"Type":11,"SolrID":"/1601904019-cong-ty-tnhh-mot-thanh-vien-tam-tam-phuc","ID":0,"MaSoThue":"1601904019","NgayCap":"2014-01-04T00:00:00Z","Title":"Công Ty TNHH Một Thành Viên Tâm Tâm Phúc","DiaChiCongTy":"ấp An Lộc - Xã Châu Lăng - Huyện Tri Tôn - An Giang","Created":"2015-11-09T21:00:06Z","Updated":"2015-11-09T21:00:06Z","IsDelete":false,"RequestChanged":false,"ExitsInGDT":false,"SourceID":0,"TinhThanhID":0,"TinhThanhTitle":"An Giang","TinhThanhTitleAscii":"/an-giang","QuanHuyenID":0,"NganhNgheTitle":"Bán buôn vật liệu, thiết bị lắp đặt khác trong xây dựng","NganhNgheTitleAscii":"/nganh-nghe/ban-buon-vat-lieu-thiet-bi-lap-dat-khac-trong-xay-dung","DSTags":["1601904019","An Giang",null]},{"Type":11,"SolrID":"/1601904001-cong-ty-tnhh-mot-thanh-vien-nguyen-thai","ID":0,"MaSoThue":"1601904001","NgayCap":"2014-01-04T00:00:00Z","Title":"Công Ty TNHH Một Thành Viên  Nguyên Thái","DiaChiCongTy":"ấp Bằng Rò - Xã Châu Lăng - Huyện Tri Tôn - An Giang","Created":"2015-11-09T21:00:13Z","Updated":"2015-11-09T21:00:13Z","IsDelete":false,"RequestChanged":false,"ExitsInGDT":false,"SourceID":0,"TinhThanhID":0,"TinhThanhTitle":"An Giang","TinhThanhTitleAscii":"/an-giang","QuanHuyenID":0,"NganhNgheTitle":"Bán buôn vật liệu, thiết bị lắp đặt khác trong xây dựng","NganhNgheTitleAscii":"/nganh-nghe/ban-buon-vat-lieu-thiet-bi-lap-dat-khac-trong-xay-dung","DSTags":["1601904001","An Giang",null]},{"Type":11,"SolrID":"/1601903086-cong-ty-tnhh-mot-thanh-vien-nguyen-truong-an","ID":0,"MaSoThue":"1601903086","NgayCap":"2013-12-31T00:00:00Z","Title":"Công Ty TNHH Một Thành Viên Nguyễn Trường An","DiaChiCongTy":"ấp An Lợi - Xã Châu Lăng - Huyện Tri Tôn - An Giang","Created":"2015-11-09T21:00:07Z","Updated":"2015-11-09T21:00:07Z","IsDelete":false,"RequestChanged":false,"ExitsInGDT":false,"SourceID":0,"TinhThanhID":0,"TinhThanhTitle":"An Giang","TinhThanhTitleAscii":"/an-giang","QuanHuyenID":0,"NganhNgheTitle":"Bán buôn vật liệu, thiết bị lắp đặt khác trong xây dựng","NganhNgheTitleAscii":"/nganh-nghe/ban-buon-vat-lieu-thiet-bi-lap-dat-khac-trong-xay-dung","DSTags":["1601903086","An Giang",null]},{"Type":11,"SolrID":"/1601903128-cong-ty-tnhh-mot-thanh-vien-tu-cat","ID":0,"MaSoThue":"1601903128","NgayCap":"2013-12-31T00:00:00Z","Title":"Công Ty TNHH Một Thành Viên Tư Cát","DiaChiCongTy":"Số 38, ấp An Lộc - Xã Châu Lăng - Huyện Tri Tôn - An Giang","Created":"2015-11-09T21:30:31Z","Updated":"2015-11-09T21:30:31Z","IsDelete":false,"RequestChanged":false,"ExitsInGDT":false,"SourceID":0,"TinhThanhID":0,"TinhThanhTitle":"An Giang","TinhThanhTitleAscii":"/an-giang","QuanHuyenID":0,"NganhNgheTitle":"Bán buôn vật liệu, thiết bị lắp đặt khác trong xây dựng","NganhNgheTitleAscii":"/nganh-nghe/ban-buon-vat-lieu-thiet-bi-lap-dat-khac-trong-xay-dung","DSTags":["1601903128","An Giang",null]},{"Type":11,"SolrID":"/1601897040-cong-ty-tnhh-mot-thanh-vien-thuong-mai-le-hai-vuong","ID":0,"MaSoThue":"1601897040","NgayCap":"2013-12-09T00:00:00Z","Title":"Công Ty TNHH Một Thành Viên Thương Mại Lê Hải Vương","DiaChiCongTy":"Số 36, Tổ 2, ấp An Lộc - Xã Châu Lăng - Huyện Tri Tôn - An Giang","Created":"2015-11-09T23:43:43Z","Updated":"2015-11-09T23:43:43Z","IsDelete":false,"RequestChanged":false,"ExitsInGDT":false,"SourceID":0,"TinhThanhID":0,"TinhThanhTitle":"An Giang","TinhThanhTitleAscii":"/an-giang","QuanHuyenID":0,"NganhNgheTitle":"Vận tải hàng hóa đường thuỷ nội địa","NganhNgheTitleAscii":"/nganh-nghe/van-tai-hang-hoa-duong-thuy-noi-dia","DSTags":["1601897040","An Giang",null]},{"Type":11,"SolrID":"/1601890655-cong-ty-tnhh-mot-thanh-vien-nhu-hoi","ID":0,"MaSoThue":"1601890655","NgayCap":"2013-10-03T00:00:00Z","Title":"Công Ty TNHH Một Thành Viên Như Hội","DiaChiCongTy":"ấp An Lộc - Xã Châu Lăng - Huyện Tri Tôn - An Giang","Created":"2015-11-09T21:42:59Z","Updated":"2015-11-09T21:42:59Z","IsDelete":false,"RequestChanged":false,"ExitsInGDT":false,"SourceID":0,"TinhThanhID":0,"TinhThanhTitle":"An Giang","TinhThanhTitleAscii":"/an-giang","QuanHuyenID":0,"NganhNgheTitle":"Bán buôn vật liệu, thiết bị lắp đặt khác trong xây dựng","NganhNgheTitleAscii":"/nganh-nghe/ban-buon-vat-lieu-thiet-bi-lap-dat-khac-trong-xay-dung","DSTags":["1601890655","An Giang",null]},{"Type":11,"SolrID":"/1601889177-cong-ty-tnhh-mot-thanh-vien-ma-phat-tai","ID":0,"MaSoThue":"1601889177","NgayCap":"2013-09-18T00:00:00Z","Title":"Công Ty TNHH Một Thành Viên Mã Phát Tài","DiaChiCongTy":"Đường tỉnh 948, ấp An Lợi - Xã Châu Lăng - Huyện Tri Tôn - An Giang","Created":"2015-11-09T21:10:54Z","Updated":"2015-11-09T21:10:54Z","IsDelete":false,"RequestChanged":false,"ExitsInGDT":false,"SourceID":0,"TinhThanhID":0,"TinhThanhTitle":"An Giang","TinhThanhTitleAscii":"/an-giang","QuanHuyenID":0,"NganhNgheTitle":"Vận tải hàng hóa bằng đường bộ","NganhNgheTitleAscii":"/nganh-nghe/van-tai-hang-hoa-bang-duong-bo","DSTags":["1601889177","An Giang",null]},{"Type":11,"SolrID":"/1601889184-cong-ty-tnhh-mot-thanh-vien-dai-hoang-chien","ID":0,"MaSoThue":"1601889184","NgayCap":"2013-09-18T00:00:00Z","Title":"Công Ty TNHH Một Thành Viên Đại Hoàng Chiến","DiaChiCongTy":"Số 75 đường tỉnh 948, ấp An Lộc - Xã Châu Lăng - Huyện Tri Tôn - An Giang","Created":"2015-11-11T18:42:25Z","Updated":"2015-11-11T18:42:25Z","IsDelete":false,"RequestChanged":false,"ExitsInGDT":false,"SourceID":0,"TinhThanhID":0,"TinhThanhTitle":"An Giang","TinhThanhTitleAscii":"/an-giang","QuanHuyenID":0,"NganhNgheTitle":"Bán buôn vật liệu, thiết bị lắp đặt khác trong xây dựng","NganhNgheTitleAscii":"/nganh-nghe/ban-buon-vat-lieu-thiet-bi-lap-dat-khac-trong-xay-dung","DSTags":["1601889184","An Giang",null]},{"Type":11,"SolrID":"/1601888695-doanh-nghiep-tn-ngoc-bich-lien","ID":0,"MaSoThue":"1601888695","NgayCap":"2013-09-13T00:00:00Z","Title":"Doanh Nghiệp TN Ngọc Bích Liên","DiaChiCongTy":"ấp Tà On - Xã Châu Lăng - Huyện Tri Tôn - An Giang","Created":"2015-11-18T04:41:22Z","Updated":"2015-11-18T04:41:22Z","IsDelete":false,"RequestChanged":false,"ExitsInGDT":false,"SourceID":0,"TinhThanhID":0,"TinhThanhTitle":"An Giang","TinhThanhTitleAscii":"/an-giang","QuanHuyenID":0,"NganhNgheTitle":"Bán buôn gạo","NganhNgheTitleAscii":"/nganh-nghe/ban-buon-gao","DSTags":["1601888695","An Giang",null]},{"Type":11,"SolrID":"/1601885831-doanh-nghiep-tn-thien-thuan-dat","ID":0,"MaSoThue":"1601885831","NgayCap":"2013-08-07T00:00:00Z","Title":"Doanh Nghiệp TN Thiên Thuận Đạt","DiaChiCongTy":"ấp Tà On - Xã Châu Lăng - Huyện Tri Tôn - An Giang","Created":"2015-11-18T05:41:59Z","Updated":"2015-11-18T05:41:59Z","IsDelete":false,"RequestChanged":false,"ExitsInGDT":false,"SourceID":0,"TinhThanhID":0,"TinhThanhTitle":"An Giang","TinhThanhTitleAscii":"/an-giang","QuanHuyenID":0,"NganhNgheTitle":"Bán buôn nông, lâm sản nguyên liệu (trừ gỗ, tre, nứa) và động vật sống","NganhNgheTitleAscii":"/nganh-nghe/ban-buon-nong-lam-san-nguyen-lieu-tru-go-tre-nua-va-dong-vat-song","DSTags":["1601885831","An Giang",null]},{"Type":11,"SolrID":"/1601869533-cong-ty-tnhh-mot-thanh-vien-cam-mien-tay","ID":0,"MaSoThue":"1601869533","NgayCap":"2013-04-05T00:00:00Z","Title":"Công Ty TNHH Một Thành Viên Cám Miền Tây","DiaChiCongTy":"ấp Tà On - Xã Châu Lăng - Huyện Tri Tôn - An Giang","Created":"2015-11-11T23:26:24Z","Updated":"2015-11-11T23:26:24Z","IsDelete":false,"RequestChanged":false,"ExitsInGDT":false,"SourceID":0,"TinhThanhID":0,"TinhThanhTitle":"An Giang","TinhThanhTitleAscii":"/an-giang","QuanHuyenID":0,"NganhNgheTitle":"Bán buôn nông, lâm sản nguyên liệu (trừ gỗ, tre, nứa) và động vật sống","NganhNgheTitleAscii":"/nganh-nghe/ban-buon-nong-lam-san-nguyen-lieu-tru-go-tre-nua-va-dong-vat-song","DSTags":["1601869533","An Giang",null]},{"Type":11,"SolrID":"/1601869332-cong-ty-tnhh-thuong-mai-dich-vu-xay-dung-le-nho","ID":0,"MaSoThue":"1601869332","NgayCap":"2013-04-03T00:00:00Z","Title":"Công Ty TNHH Thương Mại - Dịch Vụ - Xây Dựng Lê Nhờ","DiaChiCongTy":"Số 38, ấp An lộc - Xã Châu Lăng - Huyện Tri Tôn - An Giang","Created":"2015-11-11T23:26:22Z","Updated":"2015-11-11T23:26:22Z","IsDelete":false,"RequestChanged":false,"ExitsInGDT":false,"SourceID":0,"TinhThanhID":0,"TinhThanhTitle":"An Giang","TinhThanhTitleAscii":"/an-giang","QuanHuyenID":0,"NganhNgheTitle":"Xây dựng nhà các loại","NganhNgheTitleAscii":"/nganh-nghe/xay-dung-nha-cac-loai","DSTags":["1601869332","An Giang",null]},{"Type":11,"SolrID":"/1601865560-cong-ty-tnhh-mot-thanh-vien-thuong-mai-tan-tai-hiep","ID":0,"MaSoThue":"1601865560","NgayCap":"2013-03-08T00:00:00Z","Title":"Công Ty TNHH Một Thành Viên Thương Mại Tân Tài Hiệp","DiaChiCongTy":"ấp An Lộc - Xã Châu Lăng - Huyện Tri Tôn - An Giang","Created":"2015-11-12T00:01:48Z","Updated":"2015-11-12T00:01:48Z","IsDelete":false,"RequestChanged":false,"ExitsInGDT":false,"SourceID":0,"TinhThanhID":0,"TinhThanhTitle":"An Giang","TinhThanhTitleAscii":"/an-giang","QuanHuyenID":0,"NganhNgheTitle":"Bán buôn nông, lâm sản nguyên liệu (trừ gỗ, tre, nứa) và động vật sống","NganhNgheTitleAscii":"/nganh-nghe/ban-buon-nong-lam-san-nguyen-lieu-tru-go-tre-nua-va-dong-vat-song","DSTags":["1601865560","An Giang",null]},{"Type":11,"SolrID":"/1601864334-cong-ty-tnhh-mot-thanh-vien-thuong-mai-le-thanh-nhut","ID":0,"MaSoThue":"1601864334","NgayCap":"2013-03-01T00:00:00Z","Title":"Công Ty TNHH Một Thành Viên Thương Mại Lê Thanh Nhựt","DiaChiCongTy":"Tổ 3, ấp Cây Me - Xã Châu Lăng - Huyện Tri Tôn - An Giang","Created":"2015-11-10T01:14:34Z","Updated":"2015-11-10T01:14:34Z","IsDelete":false,"RequestChanged":false,"ExitsInGDT":false,"SourceID":0,"TinhThanhID":0,"TinhThanhTitle":"An Giang","TinhThanhTitleAscii":"/an-giang","QuanHuyenID":0,"NganhNgheTitle":"Bán buôn gạo","NganhNgheTitleAscii":"/nganh-nghe/ban-buon-gao","DSTags":["1601864334","An Giang",null]},{"Type":11,"SolrID":"/1601864302-cong-ty-tnhh-mot-thanh-vien-thuong-mai-nguyen-hoang-vinh","ID":0,"MaSoThue":"1601864302","NgayCap":"2013-03-01T00:00:00Z","Title":"Công Ty TNHH Một Thành Viên Thương Mại Nguyễn Hoàng Vinh","DiaChiCongTy":"Tổ 2, ấp Cây Me - Xã Châu Lăng - Huyện Tri Tôn - An Giang","Created":"2015-11-12T00:21:30Z","Updated":"2015-11-12T00:21:30Z","IsDelete":false,"RequestChanged":false,"ExitsInGDT":false,"SourceID":0,"TinhThanhID":0,"TinhThanhTitle":"An Giang","TinhThanhTitleAscii":"/an-giang","QuanHuyenID":0,"NganhNgheTitle":"Bán buôn gạo","NganhNgheTitleAscii":"/nganh-nghe/ban-buon-gao","DSTags":["1601864302","An Giang",null]},{"Type":11,"SolrID":"/1601859687-cong-ty-cp-an-nong-xanh","ID":0,"MaSoThue":"1601859687","NgayCap":"2013-01-25T00:00:00Z","Title":"Công Ty CP An Nông Xanh","DiaChiCongTy":"Số 50, Tỉnh lộ 955, ấp Rò Leng - Xã Châu Lăng - Huyện Tri Tôn - An Giang","Created":"2015-11-12T00:49:03Z","Updated":"2015-11-12T00:49:03Z","IsDelete":false,"RequestChanged":false,"ExitsInGDT":false,"SourceID":0,"TinhThanhID":0,"TinhThanhTitle":"An Giang","TinhThanhTitleAscii":"/an-giang","QuanHuyenID":0,"NganhNgheTitle":"Bán buôn gạo","NganhNgheTitleAscii":"/nganh-nghe/ban-buon-gao","DSTags":["1601859687","An Giang",null]},{"Type":11,"SolrID":"/1601847924-cong-ty-tnhh-mot-thanh-vien-le-tuan-toan","ID":0,"MaSoThue":"1601847924","NgayCap":"2012-12-12T00:00:00Z","Title":"Công Ty TNHH Một Thành Viên Lê Tuấn Toàn","DiaChiCongTy":"ấp An Lợi - Xã Châu Lăng - Huyện Tri Tôn - An Giang","Created":"2015-11-12T01:00:13Z","Updated":"2015-11-12T01:00:13Z","IsDelete":false,"RequestChanged":false,"ExitsInGDT":false,"SourceID":0,"TinhThanhID":0,"TinhThanhTitle":"An Giang","TinhThanhTitleAscii":"/an-giang","QuanHuyenID":0,"NganhNgheTitle":"Bán buôn nông, lâm sản nguyên liệu (trừ gỗ, tre, nứa) và động vật sống","NganhNgheTitleAscii":"/nganh-nghe/ban-buon-nong-lam-san-nguyen-lieu-tru-go-tre-nua-va-dong-vat-song","DSTags":["1601847924","An Giang",null]},{"Type":11,"SolrID":"/1601834636-cong-ty-tnhh-ruou-bia-nuoc-giai-khat-truc-tam","ID":0,"MaSoThue":"1601834636","NgayCap":"2012-09-18T00:00:00Z","Title":"Công Ty TNHH Rượu Bia Nước Giải Khát Trúc Tâm","DiaChiCongTy":"ấp An Lợi - Xã Châu Lăng - Huyện Tri Tôn - An Giang","Created":"2015-11-09T20:23:14Z","Updated":"2015-11-09T20:23:14Z","IsDelete":false,"RequestChanged":false,"ExitsInGDT":false,"SourceID":0,"TinhThanhID":0,"TinhThanhTitle":"An Giang","TinhThanhTitleAscii":"/an-giang","QuanHuyenID":0,"NganhNgheTitle":"Bán buôn đồ uống","NganhNgheTitleAscii":"/nganh-nghe/ban-buon-do-uong","DSTags":["1601834636","An Giang",null]},{"Type":11,"SolrID":"/1601779110-cong-ty-tnhh-mot-thanh-vien-thuong-mai-vinh-hoan-phat","ID":0,"MaSoThue":"1601779110","NgayCap":"2012-06-26T00:00:00Z","Title":"Công Ty TNHH Một Thành Viên Thương Mại Vĩnh Hoàn Phát","DiaChiCongTy":"ấp An Lộc - Xã Châu Lăng - Huyện Tri Tôn - An Giang","Created":"2015-11-12T13:15:53Z","Updated":"2015-11-12T13:15:53Z","IsDelete":false,"RequestChanged":false,"ExitsInGDT":false,"SourceID":0,"TinhThanhID":0,"TinhThanhTitle":"An Giang","TinhThanhTitleAscii":"/an-giang","QuanHuyenID":0,"NganhNgheTitle":"Bán buôn vật liệu, thiết bị lắp đặt khác trong xây dựng","NganhNgheTitleAscii":"/nganh-nghe/ban-buon-vat-lieu-thiet-bi-lap-dat-khac-trong-xay-dung","DSTags":["1601779110","An Giang",null]},{"Type":11,"SolrID":"/1601738298-cong-ty-tnhh-mot-thanh-vien-xnk-ben-nong","ID":0,"MaSoThue":"1601738298","NgayCap":"2012-05-16T00:00:00Z","Title":"Công Ty TNHH Một Thành Viên Xnk Bền Nông","DiaChiCongTy":"Số 231, ấp An Thuận - Xã Châu Lăng - Huyện Tri Tôn - An Giang","Created":"2015-11-09T20:25:44Z","Updated":"2015-11-09T20:25:44Z","IsDelete":false,"RequestChanged":false,"ExitsInGDT":false,"SourceID":0,"TinhThanhID":0,"TinhThanhTitle":"An Giang","TinhThanhTitleAscii":"/an-giang","QuanHuyenID":0,"NganhNgheTitle":"Sản xuất phân bón và hợp chất ni tơ","NganhNgheTitleAscii":"/nganh-nghe/san-xuat-phan-bon-va-hop-chat-ni-to","DSTags":["1601738298","An Giang",null]},{"Type":11,"SolrID":"/1601733652-cong-ty-tnhh-mot-thanh-vien-tran-hoai-bao","ID":0,"MaSoThue":"1601733652","NgayCap":"2012-05-07T00:00:00Z","Title":"Công Ty TNHH Một Thành Viên Trần Hoài Bảo","DiaChiCongTy":"Số 141, ấp Cây Me - Xã Châu Lăng - Huyện Tri Tôn - An Giang","Created":"2015-11-10T01:41:01Z","Updated":"2015-11-10T01:41:01Z","IsDelete":false,"RequestChanged":false,"ExitsInGDT":false,"SourceID":0,"TinhThanhID":0,"TinhThanhTitle":"An Giang","TinhThanhTitleAscii":"/an-giang","QuanHuyenID":0,"NganhNgheTitle":"Bán buôn nhiên liệu rắn, lỏng, khí và các sản phẩm liên quan","NganhNgheTitleAscii":"/nganh-nghe/ban-buon-nhien-lieu-ran-long-khi-va-cac-san-pham-lien-quan","DSTags":["1601733652","An Giang",null]},{"Type":11,"SolrID":"/1601657779-cong-ty-tnhh-mot-thanh-vien-phu-binh-an","ID":0,"MaSoThue":"1601657779","NgayCap":"2012-02-17T00:00:00Z","Title":"Công Ty TNHH Một Thành Viên Phú Bình An","DiaChiCongTy":"ấp An Lợi - Xã Châu Lăng - Huyện Tri Tôn - An Giang","Created":"2015-11-10T01:37:54Z","Updated":"2015-11-10T01:37:54Z","IsDelete":false,"RequestChanged":false,"ExitsInGDT":false,"SourceID":0,"TinhThanhID":0,"TinhThanhTitle":"An Giang","TinhThanhTitleAscii":"/an-giang","QuanHuyenID":0,"NganhNgheTitle":"Bán buôn vật liệu, thiết bị lắp đặt khác trong xây dựng","NganhNgheTitleAscii":"/nganh-nghe/ban-buon-vat-lieu-thiet-bi-lap-dat-khac-trong-xay-dung","DSTags":["1601657779","An Giang",null]},{"Type":11,"SolrID":"/1601571680-nguyen-hoang-anh","ID":0,"MaSoThue":"1601571680","NgayCap":"2011-10-10T00:00:00Z","Title":"Nguyễn Hoàng Anh","DiaChiCongTy":"Xã Châu Lăng - Huyện Tri Tôn - An Giang","Created":"2015-11-16T00:35:01Z","Updated":"2015-11-16T00:35:01Z","IsDelete":false,"RequestChanged":false,"ExitsInGDT":false,"SourceID":0,"TinhThanhID":0,"TinhThanhTitle":"An Giang","TinhThanhTitleAscii":"/an-giang","QuanHuyenID":0,"NganhNgheTitle":"Dịch vụ ăn uống","NganhNgheTitleAscii":"/nganh-nghe/dich-vu-an-uong","DSTags":["1601571680","An Giang",null]},{"Type":11,"SolrID":"/1601571698-nguyen-anh-dung","ID":0,"MaSoThue":"1601571698","NgayCap":"2011-10-10T00:00:00Z","Title":"Nguyễn Anh Dũng","DiaChiCongTy":"Xã Châu Lăng - Huyện Tri Tôn - An Giang","Created":"2015-11-16T00:35:03Z","Updated":"2015-11-16T00:35:03Z","IsDelete":false,"RequestChanged":false,"ExitsInGDT":false,"SourceID":0,"TinhThanhID":0,"TinhThanhTitle":"An Giang","TinhThanhTitleAscii":"/an-giang","QuanHuyenID":0,"NganhNgheTitle":"Dịch vụ ăn uống","NganhNgheTitleAscii":"/nganh-nghe/dich-vu-an-uong","DSTags":["1601571698","An Giang",null]},{"Type":11,"SolrID":"/1601564556-cong-ty-tnhh-mot-thanh-vien-tai-van","ID":0,"MaSoThue":"1601564556","NgayCap":"2011-10-03T00:00:00Z","Title":"Công Ty TNHH Một Thành Viên Tài Vân","DiaChiCongTy":"Số 01, ấp Cây Me - Xã Châu Lăng - Huyện Tri Tôn - An Giang","Created":"2015-11-10T01:40:28Z","Updated":"2015-11-10T01:40:28Z","IsDelete":false,"RequestChanged":false,"ExitsInGDT":false,"SourceID":0,"TinhThanhID":0,"TinhThanhTitle":"An Giang","TinhThanhTitleAscii":"/an-giang","QuanHuyenID":0,"NganhNgheTitle":"Vận tải hành khách đường bộ khác","NganhNgheTitleAscii":"/nganh-nghe/van-tai-hanh-khach-duong-bo-khac","DSTags":["1601564556","An Giang",null]},{"Type":11,"SolrID":"/1601554413-doanh-nghiep-tn-van-truong-minh","ID":0,"MaSoThue":"1601554413","NgayCap":"2011-09-26T00:00:00Z","Title":"Doanh Nghiệp TN Vạn Trường Minh","DiaChiCongTy":"ấp Tà On - Xã Châu Lăng - Huyện Tri Tôn - An Giang","Created":"2015-11-10T01:44:54Z","Updated":"2015-11-10T01:44:54Z","IsDelete":false,"RequestChanged":false,"ExitsInGDT":false,"SourceID":0,"TinhThanhID":0,"TinhThanhTitle":"An Giang","TinhThanhTitleAscii":"/an-giang","QuanHuyenID":0,"NganhNgheTitle":"Bán buôn đồ uống","NganhNgheTitleAscii":"/nganh-nghe/ban-buon-do-uong","DSTags":["1601554413","An Giang",null]},{"Type":11,"SolrID":"/1601187717-huynh-huu-thien","ID":0,"MaSoThue":"1601187717","NgayCap":"2009-07-09T00:00:00Z","Title":"Huỳnh Hữu Thiện","DiaChiCongTy":"ấp An Thuận Xã Châu Lăng - Xã Châu Lăng - Huyện Tri Tôn - An Giang","Created":"2015-11-16T11:56:57Z","Updated":"2015-11-16T11:56:57Z","IsDelete":false,"RequestChanged":false,"ExitsInGDT":false,"SourceID":0,"TinhThanhID":0,"TinhThanhTitle":"An Giang","TinhThanhTitleAscii":"/an-giang","QuanHuyenID":0,"NganhNgheTitle":"Bán lẻ lương thực trong các cửa hàng chuyên doanh","NganhNgheTitleAscii":"/nganh-nghe/ban-le-luong-thuc-trong-cac-cua-hang-chuyen-doanh","DSTags":["1601187717","An Giang",null]},{"Type":11,"SolrID":"/1601184970-cty-tnhh-mot-thanh-vien-tm-khang-huy","ID":0,"MaSoThue":"1601184970","NgayCap":"2009-07-01T00:00:00Z","Title":"Cty TNHH Một Thành Viên TM Khang Huy","DiaChiCongTy":"ấp An Hoà, xã Châu Lăng - Huyện Tri Tôn - An Giang","Created":"2015-11-13T22:29:04Z","Updated":"2015-11-13T22:29:04Z","IsDelete":false,"RequestChanged":false,"ExitsInGDT":false,"SourceID":0,"TinhThanhID":0,"TinhThanhTitle":"An Giang","TinhThanhTitleAscii":"/an-giang","QuanHuyenID":0,"NganhNgheTitle":"Bán buôn vật liệu, thiết bị lắp đặt khác trong xây dựng","NganhNgheTitleAscii":"/nganh-nghe/ban-buon-vat-lieu-thiet-bi-lap-dat-khac-trong-xay-dung","DSTags":["1601184970","An Giang",null]},{"Type":11,"SolrID":"/1601174965-cty-tnhh-mot-thanh-vien-le-nguyen","ID":0,"MaSoThue":"1601174965","NgayCap":"2009-06-17T00:00:00Z","Title":"Cty TNHH Một Thành Viên Lê Nguyễn","DiaChiCongTy":"559/12 ấp An Lộc, xã Châu lăng - Huyện Tri Tôn - An Giang","Created":"2015-11-10T01:01:11Z","Updated":"2015-11-10T01:01:11Z","IsDelete":false,"RequestChanged":false,"ExitsInGDT":false,"SourceID":0,"TinhThanhID":0,"TinhThanhTitle":"An Giang","TinhThanhTitleAscii":"/an-giang","QuanHuyenID":0,"NganhNgheTitle":"Bán buôn chuyên doanh khác","NganhNgheTitleAscii":"/nganh-nghe/ban-buon-chuyen-doanh-khac","DSTags":["1601174965","An Giang",null]},{"Type":11,"SolrID":"/1601153235-cty-tnhh-mot-thanh-vien-dang-quang","ID":0,"MaSoThue":"1601153235","NgayCap":"2009-06-08T00:00:00Z","Title":"Cty TNHH Một Thành Viên Đăng Quang","DiaChiCongTy":"ấp An Lộc, Xã Châu Lăng - Huyện Tri Tôn - An Giang","Created":"2015-11-09T09:53:14Z","Updated":"2015-11-09T09:53:14Z","IsDelete":false,"RequestChanged":false,"ExitsInGDT":false,"SourceID":0,"TinhThanhID":0,"TinhThanhTitle":"An Giang","TinhThanhTitleAscii":"/an-giang","QuanHuyenID":0,"NganhNgheTitle":"Bán buôn vật liệu, thiết bị lắp đặt khác trong xây dựng","NganhNgheTitleAscii":"/nganh-nghe/ban-buon-vat-lieu-thiet-bi-lap-dat-khac-trong-xay-dung","DSTags":["1601153235","An Giang",null]},{"Type":11,"SolrID":"/1600956857-001-cn-cty-tnhh-mot-thanh-vien-huu-hau-ch-xang-dau-huu-hau","ID":0,"MaSoThue":"1600956857-001","NgayCap":"2009-05-22T00:00:00Z","Title":"CN Cty TNHH Một Thành Viên Hữu Hậu -CH Xăng Dầu Hữu Hậu","DiaChiCongTy":"ấp An Lợi, xã Châu lăng - Xã Châu Lăng - Huyện Tri Tôn - An Giang","Created":"2015-11-11T05:43:55Z","Updated":"2015-11-11T05:43:55Z","IsDelete":false,"RequestChanged":false,"ExitsInGDT":false,"SourceID":0,"TinhThanhID":0,"TinhThanhTitle":"An Giang","TinhThanhTitleAscii":"/an-giang","QuanHuyenID":0,"NganhNgheTitle":"Bán lẻ nhiên liệu động cơ trong các cửa hàng chuyên doanh","NganhNgheTitleAscii":"/nganh-nghe/ban-le-nhien-lieu-dong-co-trong-cac-cua-hang-chuyen-doanh","DSTags":["1600956857-001","An Giang",null]},{"Type":11,"SolrID":"/1601106796-van-quoc-tam","ID":0,"MaSoThue":"1601106796","NgayCap":"2009-04-24T00:00:00Z","Title":"Văn Quốc Tâm","DiaChiCongTy":"ấp Cây Me Xã Châu Lăng - Huyện Tri Tôn - An Giang","Created":"2015-11-16T14:39:24Z","Updated":"2015-11-16T14:39:24Z","IsDelete":false,"RequestChanged":false,"ExitsInGDT":false,"SourceID":0,"TinhThanhID":0,"TinhThanhTitle":"An Giang","TinhThanhTitleAscii":"/an-giang","QuanHuyenID":0,"NganhNgheTitle":"NÔNG NGHIỆP, LÂM NGHIỆP VÀ THUỶ SẢN","NganhNgheTitleAscii":"/nganh-nghe/nong-nghiep-lam-nghiep-va-thuy-san","DSTags":["1601106796","An Giang",null]},{"Type":11,"SolrID":"/1601106813-nguyen-thanh-tuan","ID":0,"MaSoThue":"1601106813","NgayCap":"2009-04-24T00:00:00Z","Title":"Nguyễn Thanh Tuân","DiaChiCongTy":"ấp Cây Me Xã Châu Lăng - Huyện Tri Tôn - An Giang","Created":"2015-11-16T14:39:26Z","Updated":"2015-11-16T14:39:26Z","IsDelete":false,"RequestChanged":false,"ExitsInGDT":false,"SourceID":0,"TinhThanhID":0,"TinhThanhTitle":"An Giang","TinhThanhTitleAscii":"/an-giang","QuanHuyenID":0,"NganhNgheTitle":"Bán lẻ lương thực trong các cửa hàng chuyên doanh","NganhNgheTitleAscii":"/nganh-nghe/ban-le-luong-thuc-trong-cac-cua-hang-chuyen-doanh","DSTags":["1601106813","An Giang",null]},{"Type":11,"SolrID":"/1601046265-cong-ty-tnhh-san-xuat-thuong-mai-dich-vu-xay-dung-nhut-an","ID":0,"MaSoThue":"1601046265","NgayCap":"2009-03-04T00:00:00Z","Title":"Công Ty TNHH Sản Xuất Thương Mại Dịch Vụ Xây Dựng Nhựt An","DiaChiCongTy":"ấp Cây Me - Xã Châu Lăng - Huyện Tri Tôn - An Giang","Created":"2015-11-11T09:07:39Z","Updated":"2015-11-11T09:07:39Z","IsDelete":false,"RequestChanged":false,"ExitsInGDT":false,"SourceID":0,"TinhThanhID":0,"TinhThanhTitle":"An Giang","TinhThanhTitleAscii":"/an-giang","QuanHuyenID":0,"NganhNgheTitle":"Bán buôn nhiên liệu rắn, lỏng, khí và các sản phẩm liên quan","NganhNgheTitleAscii":"/nganh-nghe/ban-buon-nhien-lieu-ran-long-khi-va-cac-san-pham-lien-quan","DSTags":["1601046265","An Giang",null]},{"Type":11,"SolrID":"/1601017352-cty-tnhh-mot-thanh-vien-thanh-thuy","ID":0,"MaSoThue":"1601017352","NgayCap":"2009-01-08T00:00:00Z","Title":"Cty TNHH Một Thành Viên Thanh Thuý","DiaChiCongTy":"ấp Tà On, xã Châu Lăng - Huyện Tri Tôn - An Giang","Created":"2015-11-14T05:12:22Z","Updated":"2015-11-14T05:12:22Z","IsDelete":false,"RequestChanged":false,"ExitsInGDT":false,"SourceID":0,"TinhThanhID":0,"TinhThanhTitle":"An Giang","TinhThanhTitleAscii":"/an-giang","QuanHuyenID":0,"NganhNgheTitle":"Vận tải đường bộ khác","NganhNgheTitleAscii":"/nganh-nghe/van-tai-duong-bo-khac","DSTags":["1601017352","An Giang",null]},{"Type":11,"SolrID":"/1600985008-doanh-nghiep-tn-minh-triet","ID":0,"MaSoThue":"1600985008","NgayCap":"2008-11-13T00:00:00Z","Title":"Doanh Nghiệp TN Minh Triết","DiaChiCongTy":"ấp An Lợi - Xã Châu Lăng - Huyện Tri Tôn - An Giang","Created":"2015-11-17T01:58:10Z","Updated":"2015-11-17T01:58:10Z","IsDelete":false,"RequestChanged":false,"ExitsInGDT":false,"SourceID":0,"TinhThanhID":0,"TinhThanhTitle":"An Giang","TinhThanhTitleAscii":"/an-giang","QuanHuyenID":0,"NganhNgheTitle":"Bán buôn nhiên liệu rắn, lỏng, khí và các sản phẩm liên quan","NganhNgheTitleAscii":"/nganh-nghe/ban-buon-nhien-lieu-ran-long-khi-va-cac-san-pham-lien-quan","DSTags":["1600985008","An Giang",null]},{"Type":11,"SolrID":"/1600957498-cong-ty-tnhh-thuong-mai-va-dich-vu-ha-dung","ID":0,"MaSoThue":"1600957498","NgayCap":"2008-04-24T00:00:00Z","Title":"Công Ty TNHH Thương Mại Và Dịch Vụ Hà Dũng","DiaChiCongTy":"ấp An Hòa - Xã Châu Lăng - Huyện Tri Tôn - An Giang","Created":"2015-11-08T23:13:56Z","Updated":"2015-11-08T23:13:56Z","IsDelete":false,"RequestChanged":false,"ExitsInGDT":false,"SourceID":0,"TinhThanhID":0,"TinhThanhTitle":"An Giang","TinhThanhTitleAscii":"/an-giang","QuanHuyenID":0,"NganhNgheTitle":"Bán buôn vật liệu, thiết bị lắp đặt khác trong xây dựng","NganhNgheTitleAscii":"/nganh-nghe/ban-buon-vat-lieu-thiet-bi-lap-dat-khac-trong-xay-dung","DSTags":["1600957498","An Giang",null]},{"Type":11,"SolrID":"/1600909511-tran-thi-anh","ID":0,"MaSoThue":"1600909511","NgayCap":"2007-11-01T00:00:00Z","Title":"Trần Thị ánh","DiaChiCongTy":"ấp Tà On Xã Châu Lăng - Huyện Tri Tôn - An Giang","Created":"2015-11-16T18:42:49Z","Updated":"2015-11-16T18:42:49Z","IsDelete":false,"RequestChanged":false,"ExitsInGDT":false,"SourceID":0,"TinhThanhID":0,"TinhThanhTitle":"An Giang","TinhThanhTitleAscii":"/an-giang","QuanHuyenID":0,"NganhNgheTitle":"Quán rượu, bia, quầy bar","NganhNgheTitleAscii":"/nganh-nghe/quan-ruou-bia-quay-bar","DSTags":["1600909511","An Giang",null]},{"Type":11,"SolrID":"/1600890902-cong-ty-tnhh-mot-thanh-vien-dat-vang","ID":0,"MaSoThue":"1600890902","NgayCap":"2007-05-07T00:00:00Z","Title":"Công ty TNHH Một Thành viên Đất vàng","DiaChiCongTy":"ấp An Lợi, xã Châu Lăng - Huyện Tri Tôn - An Giang","Created":"2015-11-14T05:06:37Z","Updated":"2015-11-14T05:06:37Z","IsDelete":false,"RequestChanged":false,"ExitsInGDT":false,"SourceID":0,"TinhThanhID":0,"TinhThanhTitle":"An Giang","TinhThanhTitleAscii":"/an-giang","QuanHuyenID":0,"NganhNgheTitle":"Sản xuất sản phẩm gốm sứ khác","NganhNgheTitleAscii":"/nganh-nghe/san-xuat-san-pham-gom-su-khac","DSTags":["1600890902","An Giang",null]},{"Type":11,"SolrID":"/1600634539-001-chi-nhanh-cong-ty-tnhh-san-xuat-thuong-mai-trung-tin-so-1","ID":0,"MaSoThue":"1600634539-001","NgayCap":"2006-12-04T00:00:00Z","Title":"Chi nhánh Công ty TNHH Sản xuất - Thương mại Trung Tín số 1","DiaChiCongTy":"Tổ 17, ấp Tà Ôn, xã Châu Lăng - Huyện Tri Tôn - An Giang","Created":"2015-11-17T00:15:47Z","Updated":"2015-11-17T00:15:47Z","IsDelete":false,"RequestChanged":false,"ExitsInGDT":false,"SourceID":0,"TinhThanhID":0,"TinhThanhTitle":"An Giang","TinhThanhTitleAscii":"/an-giang","QuanHuyenID":0,"NganhNgheTitle":"Sản xuất sản phẩm từ kim loại đúc sẵn (trừ máy móc, thiết bị)","NganhNgheTitleAscii":"/nganh-nghe/san-xuat-san-pham-tu-kim-loai-duc-san-tru-may-moc-thiet-bi","DSTags":["1600634539-001","An Giang",null]},{"Type":11,"SolrID":"/1600848851-dao-van-pau","ID":0,"MaSoThue":"1600848851","NgayCap":"2006-08-30T00:00:00Z","Title":"Đào Văn Pâu","DiaChiCongTy":"ấp An Lộc Xã Châu Lăng - Huyện Tri Tôn - An Giang","Created":"2015-11-16T17:38:47Z","Updated":"2015-11-16T17:38:47Z","IsDelete":false,"RequestChanged":false,"ExitsInGDT":false,"SourceID":0,"TinhThanhID":0,"TinhThanhTitle":"An Giang","TinhThanhTitleAscii":"/an-giang","QuanHuyenID":0,"NganhNgheTitle":"Bán lẻ lương thực trong các cửa hàng chuyên doanh","NganhNgheTitleAscii":"/nganh-nghe/ban-le-luong-thuc-trong-cac-cua-hang-chuyen-doanh","DSTags":["1600848851","An Giang",null]},{"Type":11,"SolrID":"/1600674676-truong-tieu-hoc-c-chau-lang","ID":0,"MaSoThue":"1600674676","NgayCap":"2004-04-05T00:00:00Z","Title":"Trường Tiểu học C Châu Lăng","DiaChiCongTy":"xã Châu Lăng - Huyện Tri Tôn - An Giang","Created":"2015-11-16T05:15:34Z","Updated":"2015-11-16T05:15:34Z","IsDelete":false,"RequestChanged":false,"ExitsInGDT":false,"SourceID":0,"TinhThanhID":0,"TinhThanhTitle":"An Giang","TinhThanhTitleAscii":"/an-giang","QuanHuyenID":0,"NganhNgheTitle":"Hoạt động dịch vụ phục vụ cá nhân khác còn lại chưa được phân vào đâu","NganhNgheTitleAscii":"/nganh-nghe/hoat-dong-dich-vu-phuc-vu-ca-nhan-khac-con-lai-chua-duoc-phan-vao-dau","DSTags":["1600674676","An Giang",null]},{"Type":11,"SolrID":"/1600674683-truong-mau-giao-chau-lang","ID":0,"MaSoThue":"1600674683","NgayCap":"2004-01-28T00:00:00Z","Title":"Trường Mẫu giáo Châu Lăng","DiaChiCongTy":"ấp An Lợi, xã Châu Lăng - Xã Châu Lăng - Huyện Tri Tôn - An Giang","Created":"2015-11-16T15:38:21Z","Updated":"2015-11-16T15:38:21Z","IsDelete":false,"RequestChanged":false,"ExitsInGDT":false,"SourceID":0,"TinhThanhID":0,"TinhThanhTitle":"An Giang","TinhThanhTitleAscii":"/an-giang","QuanHuyenID":0,"NganhNgheTitle":"Hoạt động dịch vụ phục vụ cá nhân khác còn lại chưa được phân vào đâu","NganhNgheTitleAscii":"/nganh-nghe/hoat-dong-dich-vu-phuc-vu-ca-nhan-khac-con-lai-chua-duoc-phan-vao-dau","DSTags":["1600674683","An Giang",null]},{"Type":11,"SolrID":"/1600676539-ban-dieu-hanh-ben-xe-tau-tri-ton","ID":0,"MaSoThue":"1600676539","NgayCap":"2004-01-07T00:00:00Z","Title":"Ban Điều Hành Bến xe tàu Tri Tôn","DiaChiCongTy":"Xã Châu Lăng - Huyện Tri Tôn - An Giang","Created":"2015-11-16T05:18:54Z","Updated":"2015-11-16T05:18:54Z","IsDelete":false,"RequestChanged":false,"ExitsInGDT":false,"SourceID":0,"TinhThanhID":0,"TinhThanhTitle":"An Giang","TinhThanhTitleAscii":"/an-giang","QuanHuyenID":0,"NganhNgheTitle":"Hoạt động dịch vụ phục vụ cá nhân khác còn lại chưa được phân vào đâu","NganhNgheTitleAscii":"/nganh-nghe/hoat-dong-dich-vu-phuc-vu-ca-nhan-khac-con-lai-chua-duoc-phan-vao-dau","DSTags":["1600676539","An Giang",null]},{"Type":11,"SolrID":"/1600674549-truong-trung-hoc-co-so-chau-lang","ID":0,"MaSoThue":"1600674549","NgayCap":"2003-11-28T00:00:00Z","Title":"Trường Trung học cơ sở Châu Lăng","DiaChiCongTy":"ấp An Thuận, xã Châu lăng - Xã Châu Lăng - Huyện Tri Tôn - An Giang","Created":"2015-11-16T15:31:13Z","Updated":"2015-11-16T15:31:13Z","IsDelete":false,"RequestChanged":false,"ExitsInGDT":false,"SourceID":0,"TinhThanhID":0,"TinhThanhTitle":"An Giang","TinhThanhTitleAscii":"/an-giang","QuanHuyenID":0,"NganhNgheTitle":"Hoạt động dịch vụ phục vụ cá nhân khác còn lại chưa được phân vào đâu","NganhNgheTitleAscii":"/nganh-nghe/hoat-dong-dich-vu-phuc-vu-ca-nhan-khac-con-lai-chua-duoc-phan-vao-dau","DSTags":["1600674549","An Giang",null]},{"Type":11,"SolrID":"/1600674323-truong-tieu-hoc-b-chau-lang","ID":0,"MaSoThue":"1600674323","NgayCap":"2003-11-28T00:00:00Z","Title":"Trường Tiểu học B Châu Lăng","DiaChiCongTy":"ấp An Hoà, xã Châu Lăng - Xã Châu Lăng - Huyện Tri Tôn - An Giang","Created":"2015-11-16T15:31:28Z","Updated":"2015-11-16T15:31:28Z","IsDelete":false,"RequestChanged":false,"ExitsInGDT":false,"SourceID":0,"TinhThanhID":0,"TinhThanhTitle":"An Giang","TinhThanhTitleAscii":"/an-giang","QuanHuyenID":0,"NganhNgheTitle":"Hoạt động dịch vụ phục vụ cá nhân khác còn lại chưa được phân vào đâu","NganhNgheTitleAscii":"/nganh-nghe/hoat-dong-dich-vu-phuc-vu-ca-nhan-khac-con-lai-chua-duoc-phan-vao-dau","DSTags":["1600674323","An Giang",null]},{"Type":11,"SolrID":"/1600674330-truong-tieu-hoc-a-chau-lang","ID":0,"MaSoThue":"1600674330","NgayCap":"2003-11-28T00:00:00Z","Title":"Trường Tiểu học A Châu Lăng","DiaChiCongTy":"ấp An Lợi, xã Châu Lăng - Huyện Tri Tôn - An Giang","Created":"2015-11-16T05:19:57Z","Updated":"2015-11-16T05:19:57Z","IsDelete":false,"RequestChanged":false,"ExitsInGDT":false,"SourceID":0,"TinhThanhID":0,"TinhThanhTitle":"An Giang","TinhThanhTitleAscii":"/an-giang","QuanHuyenID":0,"NganhNgheTitle":"Hoạt động dịch vụ phục vụ cá nhân khác còn lại chưa được phân vào đâu","NganhNgheTitleAscii":"/nganh-nghe/hoat-dong-dich-vu-phuc-vu-ca-nhan-khac-con-lai-chua-duoc-phan-vao-dau","DSTags":["1600674330","An Giang",null]},{"Type":11,"SolrID":"/1600633119-cong-ty-tnhh-san-xuat-thuong-mai-dich-vu-nong-gia-ii","ID":0,"MaSoThue":"1600633119","NgayCap":"2002-10-24T00:00:00Z","Title":"Công Ty TNHH Sản Xuất-Thương Mại-Dịch Vụ Nông Gia Ii","DiaChiCongTy":"Tỉnh lộ 948, ấp An Lợi - Xã Châu Lăng - Huyện Tri Tôn - An Giang","Created":"2015-11-17T01:54:07Z","Updated":"2015-11-17T01:54:07Z","IsDelete":false,"RequestChanged":false,"ExitsInGDT":false,"SourceID":0,"TinhThanhID":0,"TinhThanhTitle":"An Giang","TinhThanhTitleAscii":"/an-giang","QuanHuyenID":0,"NganhNgheTitle":"Sản xuất thực phẩm khác","NganhNgheTitleAscii":"/nganh-nghe/san-xuat-thuc-pham-khac","DSTags":["1600633119","An Giang",null]},{"Type":11,"SolrID":"/1600493239-truong-thpt-dan-toc-noi-tru-an-giang","ID":0,"MaSoThue":"1600493239","NgayCap":"2000-04-28T00:00:00Z","Title":"Trường  THPT Dân tộc nội trú An Giang","DiaChiCongTy":"ấp An Lộc Xã Châu Lăng - Huyện Tri Tôn - An Giang","Created":"2015-11-16T05:39:54Z","Updated":"2015-11-16T05:39:54Z","IsDelete":false,"RequestChanged":false,"ExitsInGDT":false,"SourceID":0,"TinhThanhID":0,"TinhThanhTitle":"An Giang","TinhThanhTitleAscii":"/an-giang","QuanHuyenID":0,"NganhNgheTitle":"Hoạt động dịch vụ phục vụ cá nhân khác còn lại chưa được phân vào đâu","NganhNgheTitleAscii":"/nganh-nghe/hoat-dong-dich-vu-phuc-vu-ca-nhan-khac-con-lai-chua-duoc-phan-vao-dau","DSTags":["1600493239","An Giang",null]},{"Type":11,"SolrID":"/1600381334-htx-van-tai-thuy-bo-tri-ton","ID":0,"MaSoThue":"1600381334","NgayCap":"1999-01-29T00:00:00Z","Title":"HTX Vận tải thủy bộ Tri Tôn","DiaChiCongTy":"Bến xe Tri Tôn, xã Châu Lăng - Huyện Tri Tôn - An Giang","Created":"2015-11-14T16:41:49Z","Updated":"2015-11-14T16:41:49Z","IsDelete":false,"RequestChanged":false,"ExitsInGDT":false,"SourceID":0,"TinhThanhID":0,"TinhThanhTitle":"An Giang","TinhThanhTitleAscii":"/an-giang","QuanHuyenID":0,"NganhNgheTitle":"Vận tải đường bộ khác","NganhNgheTitleAscii":"/nganh-nghe/van-tai-duong-bo-khac","DSTags":["1600381334","An Giang",null]},{"Type":11,"SolrID":"/1600367636-ubnd-xa-chau-lang","ID":0,"MaSoThue":"1600367636","NgayCap":"1998-10-28T00:00:00Z","Title":"UBND xã Châu Lăng","DiaChiCongTy":"xã Châu Lăng - Huyện Tri Tôn - An Giang","Created":"2015-11-14T17:30:14Z","Updated":"2015-11-14T17:30:14Z","IsDelete":false,"RequestChanged":false,"ExitsInGDT":false,"SourceID":0,"TinhThanhID":0,"TinhThanhTitle":"An Giang","TinhThanhTitleAscii":"/an-giang","QuanHuyenID":0,"NganhNgheTitle":"Hoạt động quản lý nhà nước nói chung và kinh tế tổng hợp","NganhNgheTitleAscii":"/nganh-nghe/hoat-dong-quan-ly-nha-nuoc-noi-chung-va-kinh-te-tong-hop","DSTags":["1600367636","An Giang",null]},{"Type":11,"SolrID":"/1600175162-cong-ty-tnhh-lien-doanh-khai-thac-che-bien-vat-lieu-xay-dung-an-giang","ID":0,"MaSoThue":"1600175162","NgayCap":"1998-09-18T00:00:00Z","Title":"Công Ty TNHH Liên Doanh Khai Thác Chế Biến Vật Liệu Xây Dựng An Giang","DiaChiCongTy":"ấp Rò Leng - Xã Châu Lăng - Huyện Tri Tôn - An Giang","Created":"2015-11-09T23:56:56Z","Updated":"2015-11-09T23:56:56Z","IsDelete":false,"RequestChanged":false,"ExitsInGDT":false,"SourceID":0,"TinhThanhID":0,"TinhThanhTitle":"An Giang","TinhThanhTitleAscii":"/an-giang","QuanHuyenID":0,"NganhNgheTitle":"Khai thác đá, cát, sỏi, đất sét","NganhNgheTitleAscii":"/nganh-nghe/khai-thac-da-cat-soi-dat-set","DSTags":["1600175162","An Giang",null]}]}