{"ID":4984,"SolrID":"/an-giang/huyen-tri-ton/xa-co-to","Title":"Xã Cô Tô","TinhThanhTitle":"An Giang","QuanHuyenTitle":"Huyện Tri Tôn","QuanHuyenID":526,"TinhThanhID":35,"Url":"https://thongtindoanhnghiep.co/api/company?l=/an-giang/huyen-tri-ton/xa-co-to","Total":96,"List":[{"Type":11,"SolrID":"/1602140581-cong-ty-tnhh-mot-thanh-vien-vinh-kien-co-to","ID":0,"MaSoThue":"1602140581","NgayCap":"2021-02-04T00:00:00Z","Title":"Công Ty TNHH Một Thành Viên Vĩnh Kiến Cô Tô","DiaChiCongTy":"Tổ 07, khóm Sóc Triết, Xã Cô Tô, Huyện Tri Tôn, Tỉnh An Giang","Created":"2021-02-04T16:35:51Z","Updated":"2021-02-04T16:35:51Z","IsDelete":false,"RequestChanged":false,"ExitsInGDT":false,"SourceID":0,"TinhThanhID":0,"TinhThanhTitle":"An Giang","TinhThanhTitleAscii":"/an-giang","QuanHuyenID":0,"NganhNgheTitle":"Bán buôn vật liệu, thiết bị lắp đặt khác trong xây dựng","NganhNgheTitleAscii":"/nganh-nghe/ban-buon-vat-lieu-thiet-bi-lap-dat-khac-trong-xay-dung","DSTags":["1602140581","An Giang",null]},{"Type":11,"SolrID":"/1602140574-cong-ty-tnhh-mot-thanh-vien-gia-linh-co-to","ID":0,"MaSoThue":"1602140574","NgayCap":"2021-02-04T00:00:00Z","Title":"Công Ty TNHH Một Thành Viên Gia Linh Cô Tô","DiaChiCongTy":"Tổ 05, khóm Sóc Triết, Xã Cô Tô, Huyện Tri Tôn, Tỉnh An Giang","Created":"2021-02-04T16:37:27Z","Updated":"2021-02-04T16:37:27Z","IsDelete":false,"RequestChanged":false,"ExitsInGDT":false,"SourceID":0,"TinhThanhID":0,"TinhThanhTitle":"An Giang","TinhThanhTitleAscii":"/an-giang","QuanHuyenID":0,"NganhNgheTitle":"Bán buôn vật liệu, thiết bị lắp đặt khác trong xây dựng","NganhNgheTitleAscii":"/nganh-nghe/ban-buon-vat-lieu-thiet-bi-lap-dat-khac-trong-xay-dung","DSTags":["1602140574","An Giang",null]},{"Type":11,"SolrID":"/1602139184-cong-ty-tnhh-hong-phuc-co-to","ID":0,"MaSoThue":"1602139184","NgayCap":"2021-01-14T00:00:00Z","Title":"Công Ty TNHH Hồng Phúc Cô Tô","DiaChiCongTy":"Ấp Tô Bình, Xã Cô Tô, Huyện Tri Tôn, Tỉnh An Giang","Created":"2021-01-14T09:35:44Z","Updated":"2021-01-14T09:35:44Z","IsDelete":false,"RequestChanged":false,"ExitsInGDT":false,"SourceID":0,"TinhThanhID":0,"TinhThanhTitle":"An Giang","TinhThanhTitleAscii":"/an-giang","QuanHuyenID":0,"NganhNgheTitle":"Bán buôn vật liệu, thiết bị lắp đặt khác trong xây dựng","NganhNgheTitleAscii":"/nganh-nghe/ban-buon-vat-lieu-thiet-bi-lap-dat-khac-trong-xay-dung","DSTags":["1602139184","An Giang",null]},{"Type":11,"SolrID":"/1602138695-cong-ty-tnhh-xuan-dao-co-to","ID":0,"MaSoThue":"1602138695","NgayCap":"2021-01-07T00:00:00Z","Title":"Công Ty TNHH Xuân Đào Cô Tô","DiaChiCongTy":"Ấp Tô Bình, Xã Cô Tô, Huyện Tri Tôn, Tỉnh An Giang","Created":"2021-01-07T15:41:45Z","Updated":"2021-01-07T15:41:45Z","IsDelete":false,"RequestChanged":false,"ExitsInGDT":false,"SourceID":0,"TinhThanhID":0,"TinhThanhTitle":"An Giang","TinhThanhTitleAscii":"/an-giang","QuanHuyenID":0,"NganhNgheTitle":"Bán buôn vật liệu, thiết bị lắp đặt khác trong xây dựng","NganhNgheTitleAscii":"/nganh-nghe/ban-buon-vat-lieu-thiet-bi-lap-dat-khac-trong-xay-dung","DSTags":["1602138695","An Giang",null]},{"Type":11,"SolrID":"/1602137740-cong-ty-tnhh-xang-dau-thao-hong-ngoc","ID":0,"MaSoThue":"1602137740","NgayCap":"2020-12-29T00:00:00Z","Title":"Công Ty TNHH Xăng Dầu Thảo Hồng Ngọc","DiaChiCongTy":"Ấp Tô Phước, Xã Cô Tô, Huyện Tri Tôn, Tỉnh An Giang","Created":"2020-12-29T14:37:56Z","Updated":"2020-12-29T14:37:56Z","IsDelete":false,"RequestChanged":false,"ExitsInGDT":false,"SourceID":0,"TinhThanhID":0,"TinhThanhTitle":"An Giang","TinhThanhTitleAscii":"/an-giang","QuanHuyenID":0,"NganhNgheTitle":"Bán buôn nhiên liệu rắn, lỏng, khí và các sản phẩm liên quan","NganhNgheTitleAscii":"/nganh-nghe/ban-buon-nhien-lieu-ran-long-khi-va-cac-san-pham-lien-quan","DSTags":["1602137740","An Giang",null]},{"Type":11,"SolrID":"/1602075886-cong-ty-tnhh-mot-thanh-vien-gach-khong-nung-co-to","ID":0,"MaSoThue":"1602075886","NgayCap":"2018-07-04T00:00:00Z","Title":"Công Ty TNHH Một Thành Viên Gạch Không Nung Cô Tô","DiaChiCongTy":"Ấp Sóc Triết, Xã Cô Tô, Huyện Tri Tôn, Tỉnh An Giang","Created":"2018-07-04T14:21:34Z","Updated":"2020-02-27T10:42:49Z","IsDelete":false,"RequestChanged":false,"ExitsInGDT":false,"SourceID":0,"TinhThanhID":0,"TinhThanhTitle":"An Giang","TinhThanhTitleAscii":"/an-giang","QuanHuyenID":0,"NganhNgheTitle":"Sản xuất bê tông và các sản phẩm từ xi măng và thạch cao","NganhNgheTitleAscii":"/nganh-nghe/san-xuat-be-tong-va-cac-san-pham-tu-xi-mang-va-thach-cao","DSTags":["1602075886","An Giang",null]},{"Type":11,"SolrID":"/1602075082-cong-ty-tnhh-mot-thanh-vien-hau-loi","ID":0,"MaSoThue":"1602075082","NgayCap":"2018-06-21T00:00:00Z","Title":"Công Ty TNHH Một Thành Viên Hậu Lợi","DiaChiCongTy":"Ấp Tô Bình, Xã Cô Tô, Huyện Tri Tôn, Tỉnh An Giang","Created":"2018-06-21T13:43:04Z","Updated":"2018-06-21T13:43:04Z","IsDelete":false,"RequestChanged":false,"ExitsInGDT":false,"SourceID":0,"TinhThanhID":0,"TinhThanhTitle":"An Giang","TinhThanhTitleAscii":"/an-giang","QuanHuyenID":0,"NganhNgheTitle":"Bán buôn vật liệu, thiết bị lắp đặt khác trong xây dựng","NganhNgheTitleAscii":"/nganh-nghe/ban-buon-vat-lieu-thiet-bi-lap-dat-khac-trong-xay-dung","DSTags":["1602075082","An Giang",null]},{"Type":11,"SolrID":"/1602072243-cong-ty-tnhh-mot-thanh-vien-vat-lieu-xay-dung-duc-kien","ID":0,"MaSoThue":"1602072243","NgayCap":"2018-05-17T00:00:00Z","Title":"Công Ty TNHH Một Thành Viên Vật Liệu Xây Dựng Đức Kiên","DiaChiCongTy":"Tổ 6, Ấp Tô Bình, Xã Cô Tô, Huyện Tri Tôn, Tỉnh An Giang","Created":"2018-05-17T07:34:31Z","Updated":"2018-05-17T07:34:31Z","IsDelete":false,"RequestChanged":false,"ExitsInGDT":false,"SourceID":0,"TinhThanhID":0,"TinhThanhTitle":"An Giang","TinhThanhTitleAscii":"/an-giang","QuanHuyenID":0,"NganhNgheTitle":"Bán buôn vật liệu, thiết bị lắp đặt khác trong xây dựng","NganhNgheTitleAscii":"/nganh-nghe/ban-buon-vat-lieu-thiet-bi-lap-dat-khac-trong-xay-dung","DSTags":["1602072243","An Giang",null]},{"Type":11,"SolrID":"/1602072317-cong-ty-tnhh-minh-binh-tien","ID":0,"MaSoThue":"1602072317","NgayCap":"2018-05-17T00:00:00Z","Title":"Công Ty TNHH Minh Bình Tiền","DiaChiCongTy":"Ấp Tô  Bình, Xã Cô Tô, Huyện Tri Tôn, Tỉnh An Giang","Created":"2018-05-17T11:30:23Z","Updated":"2018-05-17T11:30:23Z","IsDelete":false,"RequestChanged":false,"ExitsInGDT":false,"SourceID":0,"TinhThanhID":0,"TinhThanhTitle":"An Giang","TinhThanhTitleAscii":"/an-giang","QuanHuyenID":0,"NganhNgheTitle":"Bán buôn vật liệu, thiết bị lắp đặt khác trong xây dựng","NganhNgheTitleAscii":"/nganh-nghe/ban-buon-vat-lieu-thiet-bi-lap-dat-khac-trong-xay-dung","DSTags":["1602072317","An Giang",null]},{"Type":11,"SolrID":"/1602068624-cong-ty-tnhh-mot-thanh-vien-muoi-thanh-tri-ton","ID":0,"MaSoThue":"1602068624","NgayCap":"2018-04-05T00:00:00Z","Title":"Công Ty TNHH Một Thành Viên Mười Thanh Tri Tôn","DiaChiCongTy":"Tổ 8, Ấp Tô Phước, Xã Cô Tô, Huyện Tri Tôn, Tỉnh An Giang","Created":"2018-04-05T10:00:57Z","Updated":"2018-04-05T10:00:57Z","IsDelete":false,"RequestChanged":false,"ExitsInGDT":false,"SourceID":0,"TinhThanhID":0,"TinhThanhTitle":"An Giang","TinhThanhTitleAscii":"/an-giang","QuanHuyenID":0,"NganhNgheTitle":"Bán buôn vật liệu, thiết bị lắp đặt khác trong xây dựng","NganhNgheTitleAscii":"/nganh-nghe/ban-buon-vat-lieu-thiet-bi-lap-dat-khac-trong-xay-dung","DSTags":["1602068624","An Giang",null]},{"Type":11,"SolrID":"/1602062044-cong-ty-trach-nhiem-huu-han-mot-thanh-vien-thanh-nha-co-to","ID":0,"MaSoThue":"1602062044","NgayCap":"2018-01-12T00:00:00Z","Title":"Công Ty Trách Nhiệm Hữu Hạn Một Thành Viên Thanh Nhã Cô Tô","DiaChiCongTy":"Ấp Tô Lợi, Xã Cô Tô, Huyện Tri Tôn, Tỉnh An Giang","Created":"2018-01-12T17:30:16Z","Updated":"2018-01-12T17:30:16Z","IsDelete":false,"RequestChanged":false,"ExitsInGDT":false,"SourceID":0,"TinhThanhID":0,"TinhThanhTitle":"An Giang","TinhThanhTitleAscii":"/an-giang","QuanHuyenID":0,"NganhNgheTitle":"Bán buôn vật liệu, thiết bị lắp đặt khác trong xây dựng","NganhNgheTitleAscii":"/nganh-nghe/ban-buon-vat-lieu-thiet-bi-lap-dat-khac-trong-xay-dung","DSTags":["1602062044","An Giang",null]},{"Type":11,"SolrID":"/1602060872-cong-ty-trach-nhiem-huu-han-mot-thanh-vien-hung-vu-phu-quoc","ID":0,"MaSoThue":"1602060872","NgayCap":"2018-01-04T00:00:00Z","Title":"Công Ty Trách Nhiệm Hữu Hạn Một Thành Viên Hùng Vũ Phú Quốc","DiaChiCongTy":"Tổ 7, Ấp Huệ Đức, Xã Cô Tô, Huyện Tri Tôn, Tỉnh An Giang","Created":"2018-01-04T11:02:32Z","Updated":"2018-01-04T11:02:32Z","IsDelete":false,"RequestChanged":false,"ExitsInGDT":false,"SourceID":0,"TinhThanhID":0,"TinhThanhTitle":"An Giang","TinhThanhTitleAscii":"/an-giang","QuanHuyenID":0,"NganhNgheTitle":"Chuẩn bị mặt bằng","NganhNgheTitleAscii":"/nganh-nghe/chuan-bi-mat-bang","DSTags":["1602060872","An Giang",null]},{"Type":11,"SolrID":"/1602057742-cong-ty-tnhh-mot-thanh-vien-nghia-trong-tin","ID":0,"MaSoThue":"1602057742","NgayCap":"2017-12-13T00:00:00Z","Title":"Công Ty TNHH Một Thành Viên Nghĩa Trọng Tín","DiaChiCongTy":"Số 474, Ấp Tô Bình, Xã Cô Tô, Huyện Tri Tôn, Tỉnh An Giang","Created":"2017-12-13T10:18:05Z","Updated":"2017-12-13T10:18:05Z","IsDelete":false,"RequestChanged":false,"ExitsInGDT":false,"SourceID":0,"TinhThanhID":0,"TinhThanhTitle":"An Giang","TinhThanhTitleAscii":"/an-giang","QuanHuyenID":0,"NganhNgheTitle":"Dịch vụ hỗ trợ tổng hợp","NganhNgheTitleAscii":"/nganh-nghe/dich-vu-ho-tro-tong-hop","DSTags":["1602057742","An Giang",null]},{"Type":11,"SolrID":"/1602050465-cong-ty-tnhh-mot-thanh-vien-phuoc-khang-co-to","ID":0,"MaSoThue":"1602050465","NgayCap":"2017-09-21T00:00:00Z","Title":"Công Ty TNHH Một Thành Viên Phước Khang Cô Tô","DiaChiCongTy":"Tổ 01, Ấp Tô Bình, Xã Cô Tô, Huyện Tri Tôn, Tỉnh An Giang","Created":"2017-10-05T11:51:31Z","Updated":"2017-10-05T11:51:31Z","IsDelete":false,"RequestChanged":false,"ExitsInGDT":false,"SourceID":0,"TinhThanhID":0,"TinhThanhTitle":"An Giang","TinhThanhTitleAscii":"/an-giang","QuanHuyenID":0,"NganhNgheTitle":"Bán buôn vật liệu, thiết bị lắp đặt khác trong xây dựng","NganhNgheTitleAscii":"/nganh-nghe/ban-buon-vat-lieu-thiet-bi-lap-dat-khac-trong-xay-dung","DSTags":["1602050465","An Giang",null]},{"Type":11,"SolrID":"/1602048297-cong-ty-tnhh-mot-thanh-vien-phat-dat-tri-ton","ID":0,"MaSoThue":"1602048297","NgayCap":"2017-08-28T00:00:00Z","Title":"Công Ty TNHH Một Thành Viên Phát Đạt Tri Tôn","DiaChiCongTy":"Tổ 03, Ấp Sóc Triết, Xã Cô Tô, Huyện Tri Tôn, Tỉnh An Giang","Created":"2017-08-28T08:44:20Z","Updated":"2017-08-28T08:44:20Z","IsDelete":false,"RequestChanged":false,"ExitsInGDT":false,"SourceID":0,"TinhThanhID":0,"TinhThanhTitle":"An Giang","TinhThanhTitleAscii":"/an-giang","QuanHuyenID":0,"NganhNgheTitle":"Vận tải hàng hóa bằng đường bộ","NganhNgheTitleAscii":"/nganh-nghe/van-tai-hang-hoa-bang-duong-bo","DSTags":["1602048297","An Giang",null]},{"Type":11,"SolrID":"/1602041044-cong-ty-tnhh-mot-thanh-vien-thien-phu-co-to","ID":0,"MaSoThue":"1602041044","NgayCap":"2017-05-24T00:00:00Z","Title":"Công Ty TNHH Một Thành Viên Thiên Phú Cô Tô","DiaChiCongTy":"Ấp Tô Bình, Xã Cô Tô, Huyện Tri Tôn, Tỉnh An Giang","Created":"2017-05-24T14:20:18Z","Updated":"2017-05-24T14:20:18Z","IsDelete":false,"RequestChanged":false,"ExitsInGDT":false,"SourceID":0,"TinhThanhID":0,"TinhThanhTitle":"An Giang","TinhThanhTitleAscii":"/an-giang","QuanHuyenID":0,"NganhNgheTitle":"Sản xuất sản phẩm từ chất khoáng phi kim loại khác chưa được phân vào đâu","NganhNgheTitleAscii":"/nganh-nghe/san-xuat-san-pham-tu-chat-khoang-phi-kim-loai-khac-chua-duoc-phan-vao-dau","DSTags":["1602041044","An Giang",null]},{"Type":11,"SolrID":"/1602030765-cong-ty-tnhh-mot-thanh-vien-hai-hoai-co-to","ID":0,"MaSoThue":"1602030765","NgayCap":"2017-01-06T00:00:00Z","Title":"Công Ty TNHH Một Thành Viên Hai Hoai Cô Tô","DiaChiCongTy":"Tổ 2, Ấp Tô Bình, Xã Cô Tô, Huyện Tri Tôn, Tỉnh An Giang","Created":"2017-01-06T15:10:34Z","Updated":"2017-01-06T15:10:34Z","IsDelete":false,"RequestChanged":false,"ExitsInGDT":false,"SourceID":0,"TinhThanhID":0,"TinhThanhTitle":"An Giang","TinhThanhTitleAscii":"/an-giang","QuanHuyenID":0,"NganhNgheTitle":"Bán buôn vật liệu, thiết bị lắp đặt khác trong xây dựng","NganhNgheTitleAscii":"/nganh-nghe/ban-buon-vat-lieu-thiet-bi-lap-dat-khac-trong-xay-dung","DSTags":["1602030765","An Giang",null]},{"Type":11,"SolrID":"/1602028237-cong-ty-tnhh-mot-thanh-vien-nga-phat-co-to","ID":0,"MaSoThue":"1602028237","NgayCap":"2016-12-21T00:00:00Z","Title":"Công Ty TNHH Một Thành Viên Nga Phát Cô Tô","DiaChiCongTy":"Tổ 7, Ấp Tô Lợi, Xã Cô Tô, Huyện Tri Tôn, Tỉnh An Giang","Created":"2016-12-21T08:43:37Z","Updated":"2016-12-21T08:43:37Z","IsDelete":false,"RequestChanged":false,"ExitsInGDT":false,"SourceID":0,"TinhThanhID":0,"TinhThanhTitle":"An Giang","TinhThanhTitleAscii":"/an-giang","QuanHuyenID":0,"NganhNgheTitle":"Bán phụ tùng và các bộ phận phụ trợ của ô tô và xe có động cơ khác","NganhNgheTitleAscii":"/nganh-nghe/ban-phu-tung-va-cac-bo-phan-phu-tro-cua-o-to-va-xe-co-dong-co-khac","DSTags":["1602028237","An Giang",null]},{"Type":11,"SolrID":"/1602025405-cong-ty-tnhh-mot-thanh-vien-hiep-luc-tri-ton","ID":0,"MaSoThue":"1602025405","NgayCap":"2016-12-02T00:00:00Z","Title":"Công Ty TNHH Một Thành Viên Hiệp Lực Tri Tôn","DiaChiCongTy":"Ấp Tô Bình, Xã Cô Tô, Huyện Tri Tôn, Tỉnh An Giang","Created":"2016-12-05T01:55:30Z","Updated":"2016-12-05T01:55:30Z","IsDelete":false,"RequestChanged":false,"ExitsInGDT":false,"SourceID":0,"TinhThanhID":0,"TinhThanhTitle":"An Giang","TinhThanhTitleAscii":"/an-giang","QuanHuyenID":0,"NganhNgheTitle":"Bán buôn vật liệu, thiết bị lắp đặt khác trong xây dựng","NganhNgheTitleAscii":"/nganh-nghe/ban-buon-vat-lieu-thiet-bi-lap-dat-khac-trong-xay-dung","DSTags":["1602025405","An Giang",null]},{"Type":11,"SolrID":"/1602023782-cong-ty-tnhh-mot-thanh-vien-tran-hao-nam","ID":0,"MaSoThue":"1602023782","NgayCap":"2016-11-11T00:00:00Z","Title":"Công Ty TNHH Một Thành Viên Trần Hào Nam","DiaChiCongTy":"Tổ 5, Ấp Sóc Triết, Xã Cô Tô, Huyện Tri Tôn, Tỉnh An Giang","Created":"2016-12-05T03:01:03Z","Updated":"2016-12-05T03:01:03Z","IsDelete":false,"RequestChanged":false,"ExitsInGDT":false,"SourceID":0,"TinhThanhID":0,"TinhThanhTitle":"An Giang","TinhThanhTitleAscii":"/an-giang","QuanHuyenID":0,"NganhNgheTitle":"Bán buôn vật liệu, thiết bị lắp đặt khác trong xây dựng","NganhNgheTitleAscii":"/nganh-nghe/ban-buon-vat-lieu-thiet-bi-lap-dat-khac-trong-xay-dung","DSTags":["1602023782","An Giang",null]},{"Type":11,"SolrID":"/0313586671-001-chi-nhanh-cong-ty-co-phan-thuong-mai-dich-vu-xay-dung-danh-tri","ID":0,"MaSoThue":"0313586671-001","NgayCap":"2016-06-09T00:00:00Z","Title":"Chi Nhánh Công Ty Cổ Phần Thương Mại Dịch Vụ Xây Dựng Danh Trí","DiaChiCongTy":"Tổ 7, ấp Tô Lợi - Xã Cô Tô - Huyện Tri Tôn - An Giang","Created":"2016-06-24T12:45:43Z","Updated":"2016-06-24T12:45:43Z","IsDelete":false,"RequestChanged":false,"ExitsInGDT":false,"SourceID":0,"TinhThanhID":0,"TinhThanhTitle":"An Giang","TinhThanhTitleAscii":"/an-giang","QuanHuyenID":0,"NganhNgheTitle":"Bán buôn vật liệu, thiết bị lắp đặt khác trong xây dựng","NganhNgheTitleAscii":"/nganh-nghe/ban-buon-vat-lieu-thiet-bi-lap-dat-khac-trong-xay-dung","DSTags":["0313586671-001","An Giang",null]},{"Type":11,"SolrID":"/1602011868-cong-ty-tnhh-mot-thanh-vien-vat-lieu-xay-dung-to-phu-loi","ID":0,"MaSoThue":"1602011868","NgayCap":"2016-06-07T00:00:00Z","Title":"Công Ty TNHH Một Thành Viên Vật Liệu Xây Dựng Tô Phú Lợi","DiaChiCongTy":"Tổ 7, ấp Tô Lợi - Xã Cô Tô - Huyện Tri Tôn - An Giang","Created":"2016-06-07T12:15:44Z","Updated":"2016-06-07T12:15:44Z","IsDelete":false,"RequestChanged":false,"ExitsInGDT":false,"SourceID":0,"TinhThanhID":0,"TinhThanhTitle":"An Giang","TinhThanhTitleAscii":"/an-giang","QuanHuyenID":0,"NganhNgheTitle":"Bán buôn vật liệu, thiết bị lắp đặt khác trong xây dựng","NganhNgheTitleAscii":"/nganh-nghe/ban-buon-vat-lieu-thiet-bi-lap-dat-khac-trong-xay-dung","DSTags":["1602011868","An Giang",null]},{"Type":11,"SolrID":"/1201438483-001-chi-nhanh-cong-ty-trach-nhiem-huu-han-dich-vu-xay-dung-thuong-mai-trieu-nam-anh","ID":0,"MaSoThue":"1201438483-001","NgayCap":"2016-06-06T00:00:00Z","Title":"Chi Nhánh Công Ty Trách Nhiệm Hữu Hạn Dịch Vụ Xây Dựng Thương Mại Triều Nam Anh","DiaChiCongTy":"Tổ 4, ấp Tô Bình - Xã Cô Tô - Huyện Tri Tôn - An Giang","Created":"2016-06-13T12:25:15Z","Updated":"2016-06-13T12:25:15Z","IsDelete":false,"RequestChanged":false,"ExitsInGDT":false,"SourceID":0,"TinhThanhID":0,"TinhThanhTitle":"An Giang","TinhThanhTitleAscii":"/an-giang","QuanHuyenID":0,"NganhNgheTitle":"Bán lẻ đồ ngũ kim, sơn, kính và thiết bị lắp đặt khác trong xây dựng trong các cửa hàng chuyên doanh","NganhNgheTitleAscii":"/nganh-nghe/ban-le-do-ngu-kim-son-kinh-va-thiet-bi-lap-dat-khac-trong-xay-dung-trong-cac-cua-hang-chuyen-doanh","DSTags":["1201438483-001","An Giang",null]},{"Type":11,"SolrID":"/1602010832-cong-ty-tnhh-mot-thanh-vien-vat-lieu-xay-dung-to-phat-loi","ID":0,"MaSoThue":"1602010832","NgayCap":"2016-05-25T00:00:00Z","Title":"Công Ty TNHH Một Thành Viên Vật Liệu Xây Dựng Tô Phát Lợi","DiaChiCongTy":"Tổ 7, ấp Tô Lợi - Xã Cô Tô - Huyện Tri Tôn - An Giang","Created":"2016-05-26T09:37:25Z","Updated":"2016-05-26T09:37:25Z","IsDelete":false,"RequestChanged":false,"ExitsInGDT":false,"SourceID":0,"TinhThanhID":0,"TinhThanhTitle":"An Giang","TinhThanhTitleAscii":"/an-giang","QuanHuyenID":0,"NganhNgheTitle":"Bán buôn vật liệu, thiết bị lắp đặt khác trong xây dựng","NganhNgheTitleAscii":"/nganh-nghe/ban-buon-vat-lieu-thiet-bi-lap-dat-khac-trong-xay-dung","DSTags":["1602010832","An Giang",null]},{"Type":11,"SolrID":"/1602005085-cong-ty-tnhh-mot-thanh-vien-giong-cay-trong-vat-nuoi-dang-thanh","ID":0,"MaSoThue":"1602005085","NgayCap":"2016-03-22T00:00:00Z","Title":"Công Ty TNHH Một Thành Viên Giống Cây Trồng Vật Nuôi Đăng Thanh","DiaChiCongTy":"ấp Tô Lợi - Xã Cô Tô - Huyện Tri Tôn - An Giang","Created":"2016-03-23T09:13:45Z","Updated":"2016-03-23T09:13:45Z","IsDelete":false,"RequestChanged":false,"ExitsInGDT":false,"SourceID":0,"TinhThanhID":0,"TinhThanhTitle":"An Giang","TinhThanhTitleAscii":"/an-giang","QuanHuyenID":0,"NganhNgheTitle":"Trồng rau, đậu các loại và trồng hoa, cây cảnh","NganhNgheTitleAscii":"/nganh-nghe/trong-rau-dau-cac-loai-va-trong-hoa-cay-canh","DSTags":["1602005085","An Giang",null]},{"Type":11,"SolrID":"/1602005092-cong-ty-tnhh-mot-thanh-vien-vat-lieu-xay-dung-lam-binh-phat","ID":0,"MaSoThue":"1602005092","NgayCap":"2016-03-22T00:00:00Z","Title":"Công Ty TNHH Một Thành Viên Vật Liệu Xây Dựng Lâm Bình Phát","DiaChiCongTy":"ấp Tô Bình - Xã Cô Tô - Huyện Tri Tôn - An Giang","Created":"2016-03-23T10:42:31Z","Updated":"2016-03-23T10:42:31Z","IsDelete":false,"RequestChanged":false,"ExitsInGDT":false,"SourceID":0,"TinhThanhID":0,"TinhThanhTitle":"An Giang","TinhThanhTitleAscii":"/an-giang","QuanHuyenID":0,"NganhNgheTitle":"Bán buôn vật liệu, thiết bị lắp đặt khác trong xây dựng","NganhNgheTitleAscii":"/nganh-nghe/ban-buon-vat-lieu-thiet-bi-lap-dat-khac-trong-xay-dung","DSTags":["1602005092","An Giang",null]},{"Type":11,"SolrID":"/1602005007-cong-ty-tnhh-mot-thanh-vien-xay-dung-vo-minh-linh","ID":0,"MaSoThue":"1602005007","NgayCap":"2016-03-19T00:00:00Z","Title":"Công Ty TNHH Một Thành Viên Xây Dựng Võ Minh Linh","DiaChiCongTy":"ấp Tô Bình - Xã Cô Tô - Huyện Tri Tôn - An Giang","Created":"2016-03-23T09:40:37Z","Updated":"2016-03-23T09:40:37Z","IsDelete":false,"RequestChanged":false,"ExitsInGDT":false,"SourceID":0,"TinhThanhID":0,"TinhThanhTitle":"An Giang","TinhThanhTitleAscii":"/an-giang","QuanHuyenID":0,"NganhNgheTitle":"Xây dựng nhà các loại","NganhNgheTitleAscii":"/nganh-nghe/xay-dung-nha-cac-loai","DSTags":["1602005007","An Giang",null]},{"Type":11,"SolrID":"/1602004998-cong-ty-tnhh-xay-dung-tan-phuc-loc","ID":0,"MaSoThue":"1602004998","NgayCap":"2016-03-19T00:00:00Z","Title":"Công Ty TNHH Xây Dựng Tấn Phúc Lộc","DiaChiCongTy":"ấp Tô Bình - Xã Cô Tô - Huyện Tri Tôn - An Giang","Created":"2016-03-23T09:40:38Z","Updated":"2016-03-23T09:40:38Z","IsDelete":false,"RequestChanged":false,"ExitsInGDT":false,"SourceID":0,"TinhThanhID":0,"TinhThanhTitle":"An Giang","TinhThanhTitleAscii":"/an-giang","QuanHuyenID":0,"NganhNgheTitle":"Xây dựng nhà các loại","NganhNgheTitleAscii":"/nganh-nghe/xay-dung-nha-cac-loai","DSTags":["1602004998","An Giang",null]},{"Type":11,"SolrID":"/1602002687-cong-ty-tnhh-mot-thanh-vien-vat-lieu-xay-dung-nam-thanh-phat","ID":0,"MaSoThue":"1602002687","NgayCap":"2016-02-25T00:00:00Z","Title":"Công Ty TNHH Một Thành Viên Vật Liệu Xây Dựng Nam Thành Phát","DiaChiCongTy":"ấp Sóc Triết - Xã Cô Tô - Huyện Tri Tôn - An Giang","Created":"2016-03-01T17:41:16Z","Updated":"2016-03-01T17:41:16Z","IsDelete":false,"RequestChanged":false,"ExitsInGDT":false,"SourceID":0,"TinhThanhID":0,"TinhThanhTitle":"An Giang","TinhThanhTitleAscii":"/an-giang","QuanHuyenID":0,"NganhNgheTitle":"Bán buôn vật liệu, thiết bị lắp đặt khác trong xây dựng","NganhNgheTitleAscii":"/nganh-nghe/ban-buon-vat-lieu-thiet-bi-lap-dat-khac-trong-xay-dung","DSTags":["1602002687","An Giang",null]},{"Type":11,"SolrID":"/1601997327-cong-ty-tnhh-mot-thanh-vien-vat-lieu-xay-dung-thanh-phat-dat","ID":0,"MaSoThue":"1601997327","NgayCap":"2016-01-07T00:00:00Z","Title":"Công Ty TNHH Một Thành Viên Vật Liệu Xây Dựng Thành Phát Đạt","DiaChiCongTy":"ấp Tô Bình - Xã Cô Tô - Huyện Tri Tôn - An Giang","Created":"2016-01-15T15:48:45Z","Updated":"2016-01-15T15:48:45Z","IsDelete":false,"RequestChanged":false,"ExitsInGDT":false,"SourceID":0,"TinhThanhID":0,"TinhThanhTitle":"An Giang","TinhThanhTitleAscii":"/an-giang","QuanHuyenID":0,"NganhNgheTitle":"Bán buôn vật liệu, thiết bị lắp đặt khác trong xây dựng","NganhNgheTitleAscii":"/nganh-nghe/ban-buon-vat-lieu-thiet-bi-lap-dat-khac-trong-xay-dung","DSTags":["1601997327","An Giang",null]},{"Type":11,"SolrID":"/1601989460-cong-ty-tnhh-mot-thanh-vien-diep-hang-co-to","ID":0,"MaSoThue":"1601989460","NgayCap":"2015-11-30T00:00:00Z","Title":"Công Ty TNHH Một Thành Viên Điệp Hằng Cô Tô","DiaChiCongTy":"Tổ 8, ấp Tô Lợi - Xã Cô Tô - Huyện Tri Tôn - An Giang","Created":"2015-11-30T23:45:47Z","Updated":"2015-11-30T23:45:47Z","IsDelete":false,"RequestChanged":false,"ExitsInGDT":false,"SourceID":0,"TinhThanhID":0,"TinhThanhTitle":"An Giang","TinhThanhTitleAscii":"/an-giang","QuanHuyenID":0,"NganhNgheTitle":"Bán buôn vật liệu, thiết bị lắp đặt khác trong xây dựng","NganhNgheTitleAscii":"/nganh-nghe/ban-buon-vat-lieu-thiet-bi-lap-dat-khac-trong-xay-dung","DSTags":["1601989460","An Giang",null]},{"Type":11,"SolrID":"/1601988971-cong-ty-tnhh-mot-thanh-vien-vat-lieu-xay-dung-thanh-phuc","ID":0,"MaSoThue":"1601988971","NgayCap":"2015-11-26T00:00:00Z","Title":"Công Ty TNHH Một Thành Viên Vật Liệu Xây Dựng Thạnh Phúc","DiaChiCongTy":"ấp Tô Bình - Xã Cô Tô - Huyện Tri Tôn - An Giang","Created":"2015-11-28T08:54:52Z","Updated":"2015-11-28T08:54:52Z","IsDelete":false,"RequestChanged":false,"ExitsInGDT":false,"SourceID":0,"TinhThanhID":0,"TinhThanhTitle":"An Giang","TinhThanhTitleAscii":"/an-giang","QuanHuyenID":0,"NganhNgheTitle":"Bán buôn vật liệu, thiết bị lắp đặt khác trong xây dựng","NganhNgheTitleAscii":"/nganh-nghe/ban-buon-vat-lieu-thiet-bi-lap-dat-khac-trong-xay-dung","DSTags":["1601988971","An Giang",null]},{"Type":11,"SolrID":"/1601984141-cong-ty-tnhh-mot-thanh-vien-thuong-mai-dat-thanh-tien","ID":0,"MaSoThue":"1601984141","NgayCap":"2015-09-25T00:00:00Z","Title":"Công Ty TNHH Một Thành Viên Thương Mại Đạt Thành Tiến","DiaChiCongTy":"Tổ 02, ấp Sóc Triết - Xã Cô Tô - Huyện Tri Tôn - An Giang","Created":"2015-11-19T05:09:32Z","Updated":"2015-11-19T05:09:32Z","IsDelete":false,"RequestChanged":false,"ExitsInGDT":false,"SourceID":0,"TinhThanhID":0,"TinhThanhTitle":"An Giang","TinhThanhTitleAscii":"/an-giang","QuanHuyenID":0,"NganhNgheTitle":"Bán phụ tùng và các bộ phận phụ trợ của ô tô và xe có động cơ khác","NganhNgheTitleAscii":"/nganh-nghe/ban-phu-tung-va-cac-bo-phan-phu-tro-cua-o-to-va-xe-co-dong-co-khac","DSTags":["1601984141","An Giang",null]},{"Type":11,"SolrID":"/1601980394-cong-ty-tnhh-mot-thanh-vien-dai-hung-long","ID":0,"MaSoThue":"1601980394","NgayCap":"2015-08-11T00:00:00Z","Title":"Công Ty TNHH Một Thành Viên Đại Hưng Long","DiaChiCongTy":"Hương lộ 15, ấp Sóc Triết - Xã Cô Tô - Huyện Tri Tôn - An Giang","Created":"2015-11-18T23:13:56Z","Updated":"2015-11-18T23:13:56Z","IsDelete":false,"RequestChanged":false,"ExitsInGDT":false,"SourceID":0,"TinhThanhID":0,"TinhThanhTitle":"An Giang","TinhThanhTitleAscii":"/an-giang","QuanHuyenID":0,"NganhNgheTitle":"Bán buôn vật liệu, thiết bị lắp đặt khác trong xây dựng","NganhNgheTitleAscii":"/nganh-nghe/ban-buon-vat-lieu-thiet-bi-lap-dat-khac-trong-xay-dung","DSTags":["1601980394","An Giang",null]},{"Type":11,"SolrID":"/1601978853-cong-ty-tnhh-mot-thanh-vien-thuan-phat-co-to","ID":0,"MaSoThue":"1601978853","NgayCap":"2015-07-24T00:00:00Z","Title":"Công Ty TNHH Một Thành Viên Thuận Phát Cô Tô","DiaChiCongTy":"Tổ 4, ấp Tô Bình - Xã Cô Tô - Huyện Tri Tôn - An Giang","Created":"2015-11-18T21:24:31Z","Updated":"2015-11-18T21:24:31Z","IsDelete":false,"RequestChanged":false,"ExitsInGDT":false,"SourceID":0,"TinhThanhID":0,"TinhThanhTitle":"An Giang","TinhThanhTitleAscii":"/an-giang","QuanHuyenID":0,"NganhNgheTitle":"Bán buôn vật liệu, thiết bị lắp đặt khác trong xây dựng","NganhNgheTitleAscii":"/nganh-nghe/ban-buon-vat-lieu-thiet-bi-lap-dat-khac-trong-xay-dung","DSTags":["1601978853","An Giang",null]},{"Type":11,"SolrID":"/1601974721-cong-ty-tnhh-mot-thanh-vien-ho-toan-dinh","ID":0,"MaSoThue":"1601974721","NgayCap":"2015-06-09T00:00:00Z","Title":"Công Ty TNHH Một Thành Viên Hồ Toàn Định","DiaChiCongTy":"Tổ 03, ấp Tô Bình - Xã Cô Tô - Huyện Tri Tôn - An Giang","Created":"2015-11-18T06:05:29Z","Updated":"2015-11-18T06:05:29Z","IsDelete":false,"RequestChanged":false,"ExitsInGDT":false,"SourceID":0,"TinhThanhID":0,"TinhThanhTitle":"An Giang","TinhThanhTitleAscii":"/an-giang","QuanHuyenID":0,"NganhNgheTitle":"Bán buôn vật liệu, thiết bị lắp đặt khác trong xây dựng","NganhNgheTitleAscii":"/nganh-nghe/ban-buon-vat-lieu-thiet-bi-lap-dat-khac-trong-xay-dung","DSTags":["1601974721","An Giang",null]},{"Type":11,"SolrID":"/1601968076-cong-ty-tnhh-nam-thien-loc","ID":0,"MaSoThue":"1601968076","NgayCap":"2015-03-27T00:00:00Z","Title":"Công Ty TNHH Năm Thiên Lộc","DiaChiCongTy":"ấp Sóc Triết - Xã Cô Tô - Huyện Tri Tôn - An Giang","Created":"2015-11-17T06:04:04Z","Updated":"2015-11-17T06:04:04Z","IsDelete":false,"RequestChanged":false,"ExitsInGDT":false,"SourceID":0,"TinhThanhID":0,"TinhThanhTitle":"An Giang","TinhThanhTitleAscii":"/an-giang","QuanHuyenID":0,"NganhNgheTitle":"Bán buôn vật liệu, thiết bị lắp đặt khác trong xây dựng","NganhNgheTitleAscii":"/nganh-nghe/ban-buon-vat-lieu-thiet-bi-lap-dat-khac-trong-xay-dung","DSTags":["1601968076","An Giang",null]},{"Type":11,"SolrID":"/1601967072-cong-ty-tnhh-mot-thanh-vien-kinh-doanh-vat-lieu-xay-dung-nguyen-thai-tuan","ID":0,"MaSoThue":"1601967072","NgayCap":"2015-03-17T00:00:00Z","Title":"Công Ty TNHH Một Thành Viên Kinh Doanh Vật Liệu Xây Dựng Nguyễn Thái Tuấn","DiaChiCongTy":"ấp Sóc Triết - Xã Cô Tô - Huyện Tri Tôn - An Giang","Created":"2015-11-17T05:33:30Z","Updated":"2015-11-17T05:33:30Z","IsDelete":false,"RequestChanged":false,"ExitsInGDT":false,"SourceID":0,"TinhThanhID":0,"TinhThanhTitle":"An Giang","TinhThanhTitleAscii":"/an-giang","QuanHuyenID":0,"NganhNgheTitle":"Bán buôn vật liệu, thiết bị lắp đặt khác trong xây dựng","NganhNgheTitleAscii":"/nganh-nghe/ban-buon-vat-lieu-thiet-bi-lap-dat-khac-trong-xay-dung","DSTags":["1601967072","An Giang",null]},{"Type":11,"SolrID":"/1601941684-cong-ty-tnhh-mot-thanh-vien-san-xuat-thuong-mai-tuan-khanh","ID":0,"MaSoThue":"1601941684","NgayCap":"2014-10-07T00:00:00Z","Title":"Công Ty TNHH Một Thành Viên Sản Xuất Thương Mại Tuấn Khanh","DiaChiCongTy":"Tổ 3, ấp Huệ Đức - Xã Cô Tô - Huyện Tri Tôn - An Giang","Created":"2015-11-11T03:38:23Z","Updated":"2015-11-11T03:38:23Z","IsDelete":false,"RequestChanged":false,"ExitsInGDT":false,"SourceID":0,"TinhThanhID":0,"TinhThanhTitle":"An Giang","TinhThanhTitleAscii":"/an-giang","QuanHuyenID":0,"NganhNgheTitle":"Hoạt động dịch vụ trồng trọt","NganhNgheTitleAscii":"/nganh-nghe/hoat-dong-dich-vu-trong-trot","DSTags":["1601941684","An Giang",null]},{"Type":11,"SolrID":"/1601934782-cong-ty-tnhh-mot-thanh-vien-quoc-quoc-viet","ID":0,"MaSoThue":"1601934782","NgayCap":"2014-08-12T00:00:00Z","Title":"Công Ty TNHH Một Thành Viên Quốc Quốc Việt","DiaChiCongTy":"Số 699, Tổ 4, ấp Sóc Triết - Xã Cô Tô - Huyện Tri Tôn - An Giang","Created":"2015-11-09T12:10:10Z","Updated":"2015-11-09T12:10:10Z","IsDelete":false,"RequestChanged":false,"ExitsInGDT":false,"SourceID":0,"TinhThanhID":0,"TinhThanhTitle":"An Giang","TinhThanhTitleAscii":"/an-giang","QuanHuyenID":0,"NganhNgheTitle":"Vận tải hàng hóa đường thuỷ nội địa","NganhNgheTitleAscii":"/nganh-nghe/van-tai-hang-hoa-duong-thuy-noi-dia","DSTags":["1601934782","An Giang",null]},{"Type":11,"SolrID":"/1601932295-cong-ty-tnhh-mot-thanh-vien-san-lap-mat-bang-hung-vu","ID":0,"MaSoThue":"1601932295","NgayCap":"2014-07-09T00:00:00Z","Title":"Công Ty TNHH Một Thành Viên San Lấp Mặt Bằng Hùng Vũ","DiaChiCongTy":"Tổ 07, ấp Huệ Đức - Xã Cô Tô - Huyện Tri Tôn - An Giang","Created":"2015-11-09T13:01:11Z","Updated":"2015-11-09T13:01:11Z","IsDelete":false,"RequestChanged":false,"ExitsInGDT":false,"SourceID":0,"TinhThanhID":0,"TinhThanhTitle":"An Giang","TinhThanhTitleAscii":"/an-giang","QuanHuyenID":0,"NganhNgheTitle":"Chuẩn bị mặt bằng","NganhNgheTitleAscii":"/nganh-nghe/chuan-bi-mat-bang","DSTags":["1601932295","An Giang",null]},{"Type":11,"SolrID":"/1601922748-cong-ty-tnhh-mot-thanh-vien-phat-loi-tri-ton","ID":0,"MaSoThue":"1601922748","NgayCap":"2014-05-14T00:00:00Z","Title":"Công Ty TNHH Một Thành Viên Phát Lợi Tri Tôn","DiaChiCongTy":"Tổ 02, ấp Tô Bình - Xã Cô Tô - Huyện Tri Tôn - An Giang","Created":"2015-11-09T14:50:54Z","Updated":"2015-11-09T14:50:54Z","IsDelete":false,"RequestChanged":false,"ExitsInGDT":false,"SourceID":0,"TinhThanhID":0,"TinhThanhTitle":"An Giang","TinhThanhTitleAscii":"/an-giang","QuanHuyenID":0,"NganhNgheTitle":"Vận tải hàng hóa bằng đường bộ","NganhNgheTitleAscii":"/nganh-nghe/van-tai-hang-hoa-bang-duong-bo","DSTags":["1601922748","An Giang",null]},{"Type":11,"SolrID":"/1601914320-cong-ty-tnhh-mot-thanh-vien-xay-dung-huynh-thanh","ID":0,"MaSoThue":"1601914320","NgayCap":"2014-03-12T00:00:00Z","Title":"Công Ty TNHH Một Thành Viên Xây Dựng Huỳnh Thanh","DiaChiCongTy":"Tổ 5, ấp Sóc Triết - Xã Cô Tô - Huyện Tri Tôn - An Giang","Created":"2015-11-09T20:24:21Z","Updated":"2015-11-09T20:24:21Z","IsDelete":false,"RequestChanged":false,"ExitsInGDT":false,"SourceID":0,"TinhThanhID":0,"TinhThanhTitle":"An Giang","TinhThanhTitleAscii":"/an-giang","QuanHuyenID":0,"NganhNgheTitle":"Xây dựng nhà các loại","NganhNgheTitleAscii":"/nganh-nghe/xay-dung-nha-cac-loai","DSTags":["1601914320","An Giang",null]},{"Type":11,"SolrID":"/1601904474-cong-ty-tnhh-mot-thanh-vien-le-hai-son","ID":0,"MaSoThue":"1601904474","NgayCap":"2014-01-10T00:00:00Z","Title":"Công Ty TNHH Một Thành Viên Lê Hải Sơn","DiaChiCongTy":"ấp Tô Bình - Xã Cô Tô - Huyện Tri Tôn - An Giang","Created":"2015-11-09T20:24:12Z","Updated":"2015-11-09T20:24:12Z","IsDelete":false,"RequestChanged":false,"ExitsInGDT":false,"SourceID":0,"TinhThanhID":0,"TinhThanhTitle":"An Giang","TinhThanhTitleAscii":"/an-giang","QuanHuyenID":0,"NganhNgheTitle":"Bán buôn vật liệu, thiết bị lắp đặt khác trong xây dựng","NganhNgheTitleAscii":"/nganh-nghe/ban-buon-vat-lieu-thiet-bi-lap-dat-khac-trong-xay-dung","DSTags":["1601904474","An Giang",null]},{"Type":11,"SolrID":"/1601904548-cong-ty-tnhh-mot-thanh-vien-sau-nhanh","ID":0,"MaSoThue":"1601904548","NgayCap":"2014-01-10T00:00:00Z","Title":"Công Ty TNHH Một Thành Viên Sáu Nhanh","DiaChiCongTy":"ấp Huệ Đức - Xã Cô Tô - Huyện Tri Tôn - An Giang","Created":"2015-11-09T20:24:16Z","Updated":"2015-11-09T20:24:16Z","IsDelete":false,"RequestChanged":false,"ExitsInGDT":false,"SourceID":0,"TinhThanhID":0,"TinhThanhTitle":"An Giang","TinhThanhTitleAscii":"/an-giang","QuanHuyenID":0,"NganhNgheTitle":"Bán buôn vật liệu, thiết bị lắp đặt khác trong xây dựng","NganhNgheTitleAscii":"/nganh-nghe/ban-buon-vat-lieu-thiet-bi-lap-dat-khac-trong-xay-dung","DSTags":["1601904548","An Giang",null]},{"Type":11,"SolrID":"/1601904097-cong-ty-tnhh-mot-thanh-vien-hoang-luan-phat","ID":0,"MaSoThue":"1601904097","NgayCap":"2014-01-04T00:00:00Z","Title":"Công Ty TNHH Một Thành Viên Hoàng Luận Phát","DiaChiCongTy":"ấp Huệ Đức - Xã Cô Tô - Huyện Tri Tôn - An Giang","Created":"2015-11-09T20:24:14Z","Updated":"2015-11-09T20:24:14Z","IsDelete":false,"RequestChanged":false,"ExitsInGDT":false,"SourceID":0,"TinhThanhID":0,"TinhThanhTitle":"An Giang","TinhThanhTitleAscii":"/an-giang","QuanHuyenID":0,"NganhNgheTitle":"Bán buôn vật liệu, thiết bị lắp đặt khác trong xây dựng","NganhNgheTitleAscii":"/nganh-nghe/ban-buon-vat-lieu-thiet-bi-lap-dat-khac-trong-xay-dung","DSTags":["1601904097","An Giang",null]},{"Type":11,"SolrID":"/1601904058-cong-ty-tnhh-mot-thanh-vien-tam-roi","ID":0,"MaSoThue":"1601904058","NgayCap":"2014-01-04T00:00:00Z","Title":"Công Ty TNHH Một Thành Viên Tám Rơi","DiaChiCongTy":"ấp Tô Bình - Xã Cô Tô - Huyện Tri Tôn - An Giang","Created":"2015-11-09T20:24:15Z","Updated":"2015-11-09T20:24:15Z","IsDelete":false,"RequestChanged":false,"ExitsInGDT":false,"SourceID":0,"TinhThanhID":0,"TinhThanhTitle":"An Giang","TinhThanhTitleAscii":"/an-giang","QuanHuyenID":0,"NganhNgheTitle":"Bán buôn vật liệu, thiết bị lắp đặt khác trong xây dựng","NganhNgheTitleAscii":"/nganh-nghe/ban-buon-vat-lieu-thiet-bi-lap-dat-khac-trong-xay-dung","DSTags":["1601904058","An Giang",null]},{"Type":11,"SolrID":"/1601904033-cong-ty-tnhh-mot-thanh-vien-thu-linh-khoa","ID":0,"MaSoThue":"1601904033","NgayCap":"2014-01-04T00:00:00Z","Title":"Công Ty TNHH Một Thành Viên Thu Linh Khoa","DiaChiCongTy":"ấp Tô Bình - Xã Cô Tô - Huyện Tri Tôn - An Giang","Created":"2015-11-09T20:24:52Z","Updated":"2015-11-09T20:24:52Z","IsDelete":false,"RequestChanged":false,"ExitsInGDT":false,"SourceID":0,"TinhThanhID":0,"TinhThanhTitle":"An Giang","TinhThanhTitleAscii":"/an-giang","QuanHuyenID":0,"NganhNgheTitle":"Bán buôn vật liệu, thiết bị lắp đặt khác trong xây dựng","NganhNgheTitleAscii":"/nganh-nghe/ban-buon-vat-lieu-thiet-bi-lap-dat-khac-trong-xay-dung","DSTags":["1601904033","An Giang",null]},{"Type":11,"SolrID":"/1601903946-cong-ty-tnhh-mot-thanh-vien-mua-ban-da-hong-phuc","ID":0,"MaSoThue":"1601903946","NgayCap":"2014-01-04T00:00:00Z","Title":"Công Ty TNHH Một Thành Viên Mua Bán Đá Hồng Phúc","DiaChiCongTy":"Tổ 01, ấp Huệ Đức - Xã Cô Tô - Huyện Tri Tôn - An Giang","Created":"2015-11-09T21:30:28Z","Updated":"2015-11-09T21:30:28Z","IsDelete":false,"RequestChanged":false,"ExitsInGDT":false,"SourceID":0,"TinhThanhID":0,"TinhThanhTitle":"An Giang","TinhThanhTitleAscii":"/an-giang","QuanHuyenID":0,"NganhNgheTitle":"Bán buôn vật liệu, thiết bị lắp đặt khác trong xây dựng","NganhNgheTitleAscii":"/nganh-nghe/ban-buon-vat-lieu-thiet-bi-lap-dat-khac-trong-xay-dung","DSTags":["1601903946","An Giang",null]},{"Type":11,"SolrID":"/1601903907-cong-ty-tnhh-mot-thanh-vien-mua-ban-da-gia-khang","ID":0,"MaSoThue":"1601903907","NgayCap":"2014-01-04T00:00:00Z","Title":"Công Ty TNHH Một Thành Viên Mua Bán Đá Gia Khang","DiaChiCongTy":"Tổ 5, ấp Sóc Triết - Xã Cô Tô - Huyện Tri Tôn - An Giang","Created":"2015-11-09T21:30:29Z","Updated":"2015-11-09T21:30:29Z","IsDelete":false,"RequestChanged":false,"ExitsInGDT":false,"SourceID":0,"TinhThanhID":0,"TinhThanhTitle":"An Giang","TinhThanhTitleAscii":"/an-giang","QuanHuyenID":0,"NganhNgheTitle":"Bán buôn vật liệu, thiết bị lắp đặt khác trong xây dựng","NganhNgheTitleAscii":"/nganh-nghe/ban-buon-vat-lieu-thiet-bi-lap-dat-khac-trong-xay-dung","DSTags":["1601903907","An Giang",null]},{"Type":11,"SolrID":"/1601903960-cong-ty-tnhh-mot-thanh-vien-ho-vinh-kien","ID":0,"MaSoThue":"1601903960","NgayCap":"2014-01-04T00:00:00Z","Title":"Công Ty TNHH Một Thành Viên Hồ Vĩnh Kiến","DiaChiCongTy":"Tổ 07, ấp Sóc Triết - Xã Cô Tô - Huyện Tri Tôn - An Giang","Created":"2015-11-09T21:30:33Z","Updated":"2015-11-09T21:30:33Z","IsDelete":false,"RequestChanged":false,"ExitsInGDT":false,"SourceID":0,"TinhThanhID":0,"TinhThanhTitle":"An Giang","TinhThanhTitleAscii":"/an-giang","QuanHuyenID":0,"NganhNgheTitle":"Bán buôn vật liệu, thiết bị lắp đặt khác trong xây dựng","NganhNgheTitleAscii":"/nganh-nghe/ban-buon-vat-lieu-thiet-bi-lap-dat-khac-trong-xay-dung","DSTags":["1601903960","An Giang",null]},{"Type":11,"SolrID":"/1601903093-cong-ty-tnhh-mot-thanh-vien-van-loc-mai","ID":0,"MaSoThue":"1601903093","NgayCap":"2013-12-31T00:00:00Z","Title":"Công Ty TNHH Một Thành Viên Vạn Lộc Mai","DiaChiCongTy":"ấp Tô Bình - Xã Cô Tô - Huyện Tri Tôn - An Giang","Created":"2015-11-09T21:30:37Z","Updated":"2015-11-09T21:30:37Z","IsDelete":false,"RequestChanged":false,"ExitsInGDT":false,"SourceID":0,"TinhThanhID":0,"TinhThanhTitle":"An Giang","TinhThanhTitleAscii":"/an-giang","QuanHuyenID":0,"NganhNgheTitle":"Bán buôn vật liệu, thiết bị lắp đặt khác trong xây dựng","NganhNgheTitleAscii":"/nganh-nghe/ban-buon-vat-lieu-thiet-bi-lap-dat-khac-trong-xay-dung","DSTags":["1601903093","An Giang",null]},{"Type":11,"SolrID":"/1601876403-doanh-nghiep-tn-vang-cam-thu","ID":0,"MaSoThue":"1601876403","NgayCap":"2013-05-28T00:00:00Z","Title":"Doanh Nghiệp TN Vàng Cẩm Thu","DiaChiCongTy":"ấp Sóc Triết - Xã Cô Tô - Huyện Tri Tôn - An Giang","Created":"2015-11-16T11:27:10Z","Updated":"2015-11-16T11:27:10Z","IsDelete":false,"RequestChanged":false,"ExitsInGDT":false,"SourceID":0,"TinhThanhID":0,"TinhThanhTitle":"An Giang","TinhThanhTitleAscii":"/an-giang","QuanHuyenID":0,"NganhNgheTitle":"Bán buôn kim loại và quặng kim loại","NganhNgheTitleAscii":"/nganh-nghe/ban-buon-kim-loai-va-quang-kim-loai","DSTags":["1601876403","An Giang",null]},{"Type":11,"SolrID":"/1601811364-cong-ty-tnhh-lam-ngoc-tuyen","ID":0,"MaSoThue":"1601811364","NgayCap":"2012-08-13T00:00:00Z","Title":"Công Ty TNHH Lâm Ngọc Tuyền","DiaChiCongTy":"Số 522, ấp Tô Bình - Xã Cô Tô - Huyện Tri Tôn - An Giang","Created":"2015-11-12T06:21:55Z","Updated":"2015-11-12T06:21:55Z","IsDelete":false,"RequestChanged":false,"ExitsInGDT":false,"SourceID":0,"TinhThanhID":0,"TinhThanhTitle":"An Giang","TinhThanhTitleAscii":"/an-giang","QuanHuyenID":0,"NganhNgheTitle":"Bán buôn vật liệu, thiết bị lắp đặt khác trong xây dựng","NganhNgheTitleAscii":"/nganh-nghe/ban-buon-vat-lieu-thiet-bi-lap-dat-khac-trong-xay-dung","DSTags":["1601811364","An Giang",null]},{"Type":11,"SolrID":"/1601808379-cong-ty-tnhh-san-xuat-thuong-mai-co-to-thanh","ID":0,"MaSoThue":"1601808379","NgayCap":"2012-08-09T00:00:00Z","Title":"Công Ty TNHH Sản Xuất Thương Mại Cô Tô Thành","DiaChiCongTy":"Tổ 1, ấp Tô An - Xã Cô Tô - Huyện Tri Tôn - An Giang","Created":"2015-11-09T13:20:22Z","Updated":"2015-11-09T13:20:22Z","IsDelete":false,"RequestChanged":false,"ExitsInGDT":false,"SourceID":0,"TinhThanhID":0,"TinhThanhTitle":"An Giang","TinhThanhTitleAscii":"/an-giang","QuanHuyenID":0,"NganhNgheTitle":"Bán buôn vật liệu, thiết bị lắp đặt khác trong xây dựng","NganhNgheTitleAscii":"/nganh-nghe/ban-buon-vat-lieu-thiet-bi-lap-dat-khac-trong-xay-dung","DSTags":["1601808379","An Giang",null]},{"Type":11,"SolrID":"/1601805272-cong-ty-tnhh-ngoc-thi","ID":0,"MaSoThue":"1601805272","NgayCap":"2012-08-02T00:00:00Z","Title":"Công Ty TNHH Ngọc Thị","DiaChiCongTy":"Tổ 01, ấp Tô Bình - Xã Cô Tô - Huyện Tri Tôn - An Giang","Created":"2015-11-12T06:22:54Z","Updated":"2015-11-12T06:22:54Z","IsDelete":false,"RequestChanged":false,"ExitsInGDT":false,"SourceID":0,"TinhThanhID":0,"TinhThanhTitle":"An Giang","TinhThanhTitleAscii":"/an-giang","QuanHuyenID":0,"NganhNgheTitle":"Bán buôn vật liệu, thiết bị lắp đặt khác trong xây dựng","NganhNgheTitleAscii":"/nganh-nghe/ban-buon-vat-lieu-thiet-bi-lap-dat-khac-trong-xay-dung","DSTags":["1601805272","An Giang",null]},{"Type":11,"SolrID":"/1601797198-cong-ty-tnhh-mot-thanh-vien-quan-ky","ID":0,"MaSoThue":"1601797198","NgayCap":"2012-07-24T00:00:00Z","Title":"Công Ty TNHH Một Thành Viên Quân Kỳ","DiaChiCongTy":"Tổ 2, ấp Tô Bình - Xã Cô Tô - Huyện Tri Tôn - An Giang","Created":"2015-11-12T06:24:50Z","Updated":"2015-11-12T06:24:50Z","IsDelete":false,"RequestChanged":false,"ExitsInGDT":false,"SourceID":0,"TinhThanhID":0,"TinhThanhTitle":"An Giang","TinhThanhTitleAscii":"/an-giang","QuanHuyenID":0,"NganhNgheTitle":"Xây dựng nhà các loại","NganhNgheTitleAscii":"/nganh-nghe/xay-dung-nha-cac-loai","DSTags":["1601797198","An Giang",null]},{"Type":11,"SolrID":"/1600169225-010-chi-nhanh-cong-ty-tnhh-mot-thanh-vien-khai-thac-va-che-bien-da-an-giang-cua-hang-xang-dau-khai-thac","ID":0,"MaSoThue":"1600169225-010","NgayCap":"2012-07-04T00:00:00Z","Title":"Chi Nhánh Công Ty TNHH Một Thành Viên Khai Thác Và Chế Biến Đá An Giang-Cửa Hàng Xăng Dầu Khai Thác","DiaChiCongTy":"ấp Tô Bình - Xã Cô Tô - Huyện Tri Tôn - An Giang","Created":"2015-11-12T06:12:29Z","Updated":"2015-11-12T06:12:29Z","IsDelete":false,"RequestChanged":false,"ExitsInGDT":false,"SourceID":0,"TinhThanhID":0,"TinhThanhTitle":"An Giang","TinhThanhTitleAscii":"/an-giang","QuanHuyenID":0,"NganhNgheTitle":"Bán buôn nhiên liệu rắn, lỏng, khí và các sản phẩm liên quan","NganhNgheTitleAscii":"/nganh-nghe/ban-buon-nhien-lieu-ran-long-khi-va-cac-san-pham-lien-quan","DSTags":["1600169225-010","An Giang",null]},{"Type":11,"SolrID":"/1601777970-doanh-nghiep-tn-son-giau","ID":0,"MaSoThue":"1601777970","NgayCap":"2012-06-26T00:00:00Z","Title":"Doanh Nghiệp TN Son Giàu","DiaChiCongTy":"Số 438, ấp Huệ Đức - Xã Cô Tô - Huyện Tri Tôn - An Giang","Created":"2015-11-17T02:32:35Z","Updated":"2015-11-17T02:32:35Z","IsDelete":false,"RequestChanged":false,"ExitsInGDT":false,"SourceID":0,"TinhThanhID":0,"TinhThanhTitle":"An Giang","TinhThanhTitleAscii":"/an-giang","QuanHuyenID":0,"NganhNgheTitle":"Chuẩn bị mặt bằng","NganhNgheTitleAscii":"/nganh-nghe/chuan-bi-mat-bang","DSTags":["1601777970","An Giang",null]},{"Type":11,"SolrID":"/0310989601-002-cong-ty-co-phan-thuong-mai-va-dich-vu-nong-san-thuc-pham-viet-nam-chi-nhanh-tri-ton","ID":0,"MaSoThue":"0310989601-002","NgayCap":"2012-05-15T00:00:00Z","Title":"Công Ty Cổ Phần Thương Mại Và Dịch Vụ Nông Sản Thực Phẩm Việt Nam - Chi Nhánh Tri Tôn","DiaChiCongTy":"Số 23, ấp Tô Lợi - Xã Cô Tô - Huyện Tri Tôn - An Giang","Created":"2015-11-18T10:01:22Z","Updated":"2015-11-18T10:01:22Z","IsDelete":false,"RequestChanged":false,"ExitsInGDT":false,"SourceID":0,"TinhThanhID":0,"TinhThanhTitle":"An Giang","TinhThanhTitleAscii":"/an-giang","QuanHuyenID":0,"NganhNgheTitle":"Bán buôn thực phẩm","NganhNgheTitleAscii":"/nganh-nghe/ban-buon-thuc-pham","DSTags":["0310989601-002","An Giang",null]},{"Type":11,"SolrID":"/1601710006-cong-ty-tnhh-mot-thanh-vien-xuat-nhap-khau-rit-thi","ID":0,"MaSoThue":"1601710006","NgayCap":"2012-04-10T00:00:00Z","Title":"Công Ty TNHH Một Thành Viên Xuất Nhập Khẩu Rít Thi","DiaChiCongTy":"ấp Tô Lợi - Xã Cô Tô - Huyện Tri Tôn - An Giang","Created":"2015-11-13T08:21:19Z","Updated":"2015-11-13T08:21:19Z","IsDelete":false,"RequestChanged":false,"ExitsInGDT":false,"SourceID":0,"TinhThanhID":0,"TinhThanhTitle":"An Giang","TinhThanhTitleAscii":"/an-giang","QuanHuyenID":0,"NganhNgheTitle":"Bán buôn chuyên doanh khác chưa được phân vào đâu","NganhNgheTitleAscii":"/nganh-nghe/ban-buon-chuyen-doanh-khac-chua-duoc-phan-vao-dau","DSTags":["1601710006","An Giang",null]},{"Type":11,"SolrID":"/1601552857-cong-ty-tnhh-mot-thanh-vien-co-khi-cong-nang","ID":0,"MaSoThue":"1601552857","NgayCap":"2011-09-20T00:00:00Z","Title":"Công Ty TNHH Một Thành Viên Cơ Khí Công Năng","DiaChiCongTy":"ấp Tô Bình - Xã Cô Tô - Huyện Tri Tôn - An Giang","Created":"2015-11-09T12:47:17Z","Updated":"2015-11-09T12:47:17Z","IsDelete":false,"RequestChanged":false,"ExitsInGDT":false,"SourceID":0,"TinhThanhID":0,"TinhThanhTitle":"An Giang","TinhThanhTitleAscii":"/an-giang","QuanHuyenID":0,"NganhNgheTitle":"Sửa chữa máy móc, thiết bị","NganhNgheTitleAscii":"/nganh-nghe/sua-chua-may-moc-thiet-bi","DSTags":["1601552857","An Giang",null]},{"Type":11,"SolrID":"/1800155156-018-cong-ty-tnhh-mot-thanh-vien-622-chi-nhanh-khai-thac-da-quyet-thang","ID":0,"MaSoThue":"1800155156-018","NgayCap":"2010-08-23T00:00:00Z","Title":"Công Ty TNHH Một Thành Viên 622 - Chi Nhánh Khai Thác Đá Quyết Thắng","DiaChiCongTy":"ấp Tô Bình - Xã Cô Tô - Huyện Tri Tôn - An Giang","Created":"2015-11-17T20:28:53Z","Updated":"2015-11-17T20:28:53Z","IsDelete":false,"RequestChanged":false,"ExitsInGDT":false,"SourceID":0,"TinhThanhID":0,"TinhThanhTitle":"An Giang","TinhThanhTitleAscii":"/an-giang","QuanHuyenID":0,"NganhNgheTitle":"Khai thác đá, cát, sỏi, đất sét","NganhNgheTitleAscii":"/nganh-nghe/khai-thac-da-cat-soi-dat-set","DSTags":["1800155156-018","An Giang",null]},{"Type":11,"SolrID":"/1600376581-005-chi-nhanh-dntn-tuyet-phuong-5","ID":0,"MaSoThue":"1600376581-005","NgayCap":"2009-11-05T00:00:00Z","Title":"Chi nhánh DNTN Tuyết Phương 5","DiaChiCongTy":"ấp Tô Lợi - Xã Cô Tô - Huyện Tri Tôn - An Giang","Created":"2015-11-10T01:44:49Z","Updated":"2015-11-10T01:44:49Z","IsDelete":false,"RequestChanged":false,"ExitsInGDT":false,"SourceID":0,"TinhThanhID":0,"TinhThanhTitle":"An Giang","TinhThanhTitleAscii":"/an-giang","QuanHuyenID":0,"NganhNgheTitle":"Bán lẻ nhiên liệu động cơ trong các cửa hàng chuyên doanh","NganhNgheTitleAscii":"/nganh-nghe/ban-le-nhien-lieu-dong-co-trong-cac-cua-hang-chuyen-doanh","DSTags":["1600376581-005","An Giang",null]},{"Type":11,"SolrID":"/1601224976-cong-ty-tnhh-my-chi","ID":0,"MaSoThue":"1601224976","NgayCap":"2009-10-13T00:00:00Z","Title":"Công Ty TNHH Mỹ Chi","DiaChiCongTy":"Số 342, ấp Huệ Đức - Xã Cô Tô - Huyện Tri Tôn - An Giang","Created":"2015-11-09T00:59:22Z","Updated":"2015-11-09T00:59:22Z","IsDelete":false,"RequestChanged":false,"ExitsInGDT":false,"SourceID":0,"TinhThanhID":0,"TinhThanhTitle":"An Giang","TinhThanhTitleAscii":"/an-giang","QuanHuyenID":0,"NganhNgheTitle":"Bán buôn vật liệu, thiết bị lắp đặt khác trong xây dựng","NganhNgheTitleAscii":"/nganh-nghe/ban-buon-vat-lieu-thiet-bi-lap-dat-khac-trong-xay-dung","DSTags":["1601224976","An Giang",null]},{"Type":11,"SolrID":"/1601221051-cong-ty-tnhh-ho-qui-tiep","ID":0,"MaSoThue":"1601221051","NgayCap":"2009-09-26T00:00:00Z","Title":"Công Ty TNHH Hồ Quí Tiệp","DiaChiCongTy":"Số 15, Tổ 1, ấp Tô Bình - Xã Cô Tô - Huyện Tri Tôn - An Giang","Created":"2015-11-11T10:20:14Z","Updated":"2015-11-11T10:20:14Z","IsDelete":false,"RequestChanged":false,"ExitsInGDT":false,"SourceID":0,"TinhThanhID":0,"TinhThanhTitle":"An Giang","TinhThanhTitleAscii":"/an-giang","QuanHuyenID":0,"NganhNgheTitle":"Bán buôn vật liệu, thiết bị lắp đặt khác trong xây dựng","NganhNgheTitleAscii":"/nganh-nghe/ban-buon-vat-lieu-thiet-bi-lap-dat-khac-trong-xay-dung","DSTags":["1601221051","An Giang",null]},{"Type":11,"SolrID":"/1601220001-hop-tac-xa-tm-dv-quyet-tien","ID":0,"MaSoThue":"1601220001","NgayCap":"2009-09-25T00:00:00Z","Title":"Hợp Tác Xã TM - DV Quyết Tiến","DiaChiCongTy":"ấp Tô Bình Xã Cô Tô - Xã Cô Tô - Huyện Tri Tôn - An Giang","Created":"2015-11-16T21:52:46Z","Updated":"2015-11-16T21:52:46Z","IsDelete":false,"RequestChanged":false,"ExitsInGDT":false,"SourceID":0,"TinhThanhID":0,"TinhThanhTitle":"An Giang","TinhThanhTitleAscii":"/an-giang","QuanHuyenID":0,"NganhNgheTitle":"Bán buôn (trừ ô tô, mô tô, xe máy và xe có động cơ khác)","NganhNgheTitleAscii":"/nganh-nghe/ban-buon-tru-o-to-mo-to-xe-may-va-xe-co-dong-co-khac","DSTags":["1601220001","An Giang",null]},{"Type":11,"SolrID":"/1601153122-cty-tnhh-mot-thanh-vien-phuong-hoang","ID":0,"MaSoThue":"1601153122","NgayCap":"2009-06-08T00:00:00Z","Title":"Cty TNHH Một Thành Viên Phượng Hoàng","DiaChiCongTy":"ấp Huệ Đức, xã Cô Tô - Huyện Tri Tôn - An Giang","Created":"2015-11-14T05:16:47Z","Updated":"2015-11-14T05:16:47Z","IsDelete":false,"RequestChanged":false,"ExitsInGDT":false,"SourceID":0,"TinhThanhID":0,"TinhThanhTitle":"An Giang","TinhThanhTitleAscii":"/an-giang","QuanHuyenID":0,"NganhNgheTitle":"Xây dựng công trình kỹ thuật dân dụng","NganhNgheTitleAscii":"/nganh-nghe/xay-dung-cong-trinh-ky-thuat-dan-dung","DSTags":["1601153122","An Giang",null]},{"Type":11,"SolrID":"/1601119361-cty-tnhh-mot-thanh-vien-dv-sx-tm-phuoc-dat","ID":0,"MaSoThue":"1601119361","NgayCap":"2009-05-08T00:00:00Z","Title":"Cty TNHH Một Thành Viên DV-SX-TM Phước Đạt","DiaChiCongTy":"Số 70 ấp Tô Bình, xã Cô Tô - Huyện Tri Tôn - An Giang","Created":"2015-11-14T05:16:27Z","Updated":"2015-11-14T05:16:27Z","IsDelete":false,"RequestChanged":false,"ExitsInGDT":false,"SourceID":0,"TinhThanhID":0,"TinhThanhTitle":"An Giang","TinhThanhTitleAscii":"/an-giang","QuanHuyenID":0,"NganhNgheTitle":"Khai thác, xử lý và cung cấp nước","NganhNgheTitleAscii":"/nganh-nghe/khai-thac-xu-ly-va-cung-cap-nuoc","DSTags":["1601119361","An Giang",null]},{"Type":11,"SolrID":"/1800155156-009-cn-cty-tnhh-mot-tvien-622-xn-khai-thac-che-bien-da-co-to","ID":0,"MaSoThue":"1800155156-009","NgayCap":"2009-04-18T00:00:00Z","Title":"CN Cty TNHH Một TViên 622 XN Khai thác & Chế Biến Đá Cô Tô","DiaChiCongTy":"ấp Tô Bình, xã Cô Tô - Huyện Tri Tôn - An Giang","Created":"2015-11-17T20:28:48Z","Updated":"2016-05-17T22:00:45Z","IsDelete":false,"RequestChanged":false,"ExitsInGDT":false,"SourceID":0,"TinhThanhID":0,"TinhThanhTitle":"An Giang","TinhThanhTitleAscii":"/an-giang","QuanHuyenID":0,"NganhNgheTitle":"Xây dựng công trình kỹ thuật dân dụng","NganhNgheTitleAscii":"/nganh-nghe/xay-dung-cong-trinh-ky-thuat-dan-dung","DSTags":["1800155156-009","An Giang",null]},{"Type":11,"SolrID":"/1601097037-doanh-nghiep-tn-nguyen-hau","ID":0,"MaSoThue":"1601097037","NgayCap":"2009-04-16T00:00:00Z","Title":"Doanh Nghiệp TN Nguyện Hậu","DiaChiCongTy":"ấp Tô Bình - Xã Cô Tô - Huyện Tri Tôn - An Giang","Created":"2015-11-16T23:26:16Z","Updated":"2015-11-16T23:26:16Z","IsDelete":false,"RequestChanged":false,"ExitsInGDT":false,"SourceID":0,"TinhThanhID":0,"TinhThanhTitle":"An Giang","TinhThanhTitleAscii":"/an-giang","QuanHuyenID":0,"NganhNgheTitle":"Bán buôn vật liệu, thiết bị lắp đặt khác trong xây dựng","NganhNgheTitleAscii":"/nganh-nghe/ban-buon-vat-lieu-thiet-bi-lap-dat-khac-trong-xay-dung","DSTags":["1601097037","An Giang",null]},{"Type":11,"SolrID":"/1601031974-le-van-hung","ID":0,"MaSoThue":"1601031974","NgayCap":"2009-02-09T00:00:00Z","Title":"Lê Văn Hưng","DiaChiCongTy":"ấp Tô Bình Xã Cô Tô - Huyện Tri Tôn - An Giang","Created":"2015-11-15T23:44:07Z","Updated":"2015-11-15T23:44:07Z","IsDelete":false,"RequestChanged":false,"ExitsInGDT":false,"SourceID":0,"TinhThanhID":0,"TinhThanhTitle":"An Giang","TinhThanhTitleAscii":"/an-giang","QuanHuyenID":0,"NganhNgheTitle":"Bán buôn (trừ ô tô, mô tô, xe máy và xe có động cơ khác)","NganhNgheTitleAscii":"/nganh-nghe/ban-buon-tru-o-to-mo-to-xe-may-va-xe-co-dong-co-khac","DSTags":["1601031974","An Giang",null]},{"Type":11,"SolrID":"/1601031967-huynh-thanh-minh","ID":0,"MaSoThue":"1601031967","NgayCap":"2009-02-09T00:00:00Z","Title":"Huỳnh Thanh Minh","DiaChiCongTy":"ấp Tô Bình Xã Cô Tô - Huyện Tri Tôn - An Giang","Created":"2015-11-15T23:44:07Z","Updated":"2015-11-15T23:44:07Z","IsDelete":false,"RequestChanged":false,"ExitsInGDT":false,"SourceID":0,"TinhThanhID":0,"TinhThanhTitle":"An Giang","TinhThanhTitleAscii":"/an-giang","QuanHuyenID":0,"NganhNgheTitle":"Bán buôn (trừ ô tô, mô tô, xe máy và xe có động cơ khác)","NganhNgheTitleAscii":"/nganh-nghe/ban-buon-tru-o-to-mo-to-xe-may-va-xe-co-dong-co-khac","DSTags":["1601031967","An Giang",null]},{"Type":11,"SolrID":"/1600968789-pham-hung-cuong","ID":0,"MaSoThue":"1600968789","NgayCap":"2008-07-15T00:00:00Z","Title":"Phạm Hùng Cường","DiaChiCongTy":"ấp Huệ Đức Xã Cô Tô - Huyện Tri Tôn - An Giang","Created":"2015-11-16T00:33:32Z","Updated":"2015-11-16T00:33:32Z","IsDelete":false,"RequestChanged":false,"ExitsInGDT":false,"SourceID":0,"TinhThanhID":0,"TinhThanhTitle":"An Giang","TinhThanhTitleAscii":"/an-giang","QuanHuyenID":0,"NganhNgheTitle":"Bán lẻ lương thực trong các cửa hàng chuyên doanh","NganhNgheTitleAscii":"/nganh-nghe/ban-le-luong-thuc-trong-cac-cua-hang-chuyen-doanh","DSTags":["1600968789","An Giang",null]},{"Type":11,"SolrID":"/1600823247-bui-hoang-sang","ID":0,"MaSoThue":"1600823247","NgayCap":"2006-01-18T00:00:00Z","Title":"Bùi Hoàng Sang","DiaChiCongTy":"ấp Tô Bình Xã Cô tô - Huyện Tri Tôn - An Giang","Created":"2015-11-16T04:56:44Z","Updated":"2015-11-16T04:56:44Z","IsDelete":false,"RequestChanged":false,"ExitsInGDT":false,"SourceID":0,"TinhThanhID":0,"TinhThanhTitle":"An Giang","TinhThanhTitleAscii":"/an-giang","QuanHuyenID":0,"NganhNgheTitle":"Bán lẻ lương thực trong các cửa hàng chuyên doanh","NganhNgheTitleAscii":"/nganh-nghe/ban-le-luong-thuc-trong-cac-cua-hang-chuyen-doanh","DSTags":["1600823247","An Giang",null]},{"Type":11,"SolrID":"/1600813418-bui-van-dung","ID":0,"MaSoThue":"1600813418","NgayCap":"2005-11-09T00:00:00Z","Title":"Bùi Văn Dũng","DiaChiCongTy":"ấp Tô Bình Xã Cô Tô - Huyện Tri Tôn - An Giang","Created":"2015-11-16T04:58:18Z","Updated":"2015-11-16T04:58:18Z","IsDelete":false,"RequestChanged":false,"ExitsInGDT":false,"SourceID":0,"TinhThanhID":0,"TinhThanhTitle":"An Giang","TinhThanhTitleAscii":"/an-giang","QuanHuyenID":0,"NganhNgheTitle":"Bán buôn vật liệu, thiết bị lắp đặt khác trong xây dựng","NganhNgheTitleAscii":"/nganh-nghe/ban-buon-vat-lieu-thiet-bi-lap-dat-khac-trong-xay-dung","DSTags":["1600813418","An Giang",null]},{"Type":11,"SolrID":"/1600638283-001-chi-nhanh-cong-ty-tnhh-chuc-phuong","ID":0,"MaSoThue":"1600638283-001","NgayCap":"2005-09-29T00:00:00Z","Title":"Chi nhánh Công ty TNHH Chúc Phương","DiaChiCongTy":"Số 23, ấp Tô Phước, xã Cô Tô - Huyện Tri Tôn - An Giang","Created":"2015-11-19T07:29:05Z","Updated":"2015-11-19T07:29:05Z","IsDelete":false,"RequestChanged":false,"ExitsInGDT":false,"SourceID":0,"TinhThanhID":0,"TinhThanhTitle":"An Giang","TinhThanhTitleAscii":"/an-giang","QuanHuyenID":0,"NganhNgheTitle":"Xây dựng công trình kỹ thuật dân dụng","NganhNgheTitleAscii":"/nganh-nghe/xay-dung-cong-trinh-ky-thuat-dan-dung","DSTags":["1600638283-001","An Giang",null]},{"Type":11,"SolrID":"/1600272134-doanh-nghiep-tn-ba-tam","ID":0,"MaSoThue":"1600272134","NgayCap":"2004-09-23T00:00:00Z","Title":"Doanh Nghiệp TN Ba Tam","DiaChiCongTy":"Tổ 10, ấp Tô Phước - Xã Cô Tô - Huyện Tri Tôn - An Giang","Created":"2015-11-11T07:31:22Z","Updated":"2015-11-11T07:31:22Z","IsDelete":false,"RequestChanged":false,"ExitsInGDT":false,"SourceID":0,"TinhThanhID":0,"TinhThanhTitle":"An Giang","TinhThanhTitleAscii":"/an-giang","QuanHuyenID":0,"NganhNgheTitle":"Bán buôn chuyên doanh khác chưa được phân vào đâu","NganhNgheTitleAscii":"/nganh-nghe/ban-buon-chuyen-doanh-khac-chua-duoc-phan-vao-dau","DSTags":["1600272134","An Giang",null]},{"Type":11,"SolrID":"/1600674669-truong-tieu-hoc-c-co-to","ID":0,"MaSoThue":"1600674669","NgayCap":"2004-04-05T00:00:00Z","Title":"Trường Tiểu Học C Cô Tô","DiaChiCongTy":"ấp Tô An, xã Cô Tô - Xã Cô Tô - Huyện Tri Tôn - An Giang","Created":"2015-11-16T16:01:41Z","Updated":"2015-11-16T16:01:41Z","IsDelete":false,"RequestChanged":false,"ExitsInGDT":false,"SourceID":0,"TinhThanhID":0,"TinhThanhTitle":"An Giang","TinhThanhTitleAscii":"/an-giang","QuanHuyenID":0,"NganhNgheTitle":"Hoạt động dịch vụ phục vụ cá nhân khác còn lại chưa được phân vào đâu","NganhNgheTitleAscii":"/nganh-nghe/hoat-dong-dich-vu-phuc-vu-ca-nhan-khac-con-lai-chua-duoc-phan-vao-dau","DSTags":["1600674669","An Giang",null]},{"Type":11,"SolrID":"/1600674651-truong-tieu-hoc-b-co-to","ID":0,"MaSoThue":"1600674651","NgayCap":"2004-04-05T00:00:00Z","Title":"Trường Tiểu Học B Cô Tô","DiaChiCongTy":"ấp Tô Bình, xã Cô Tô - Xã Cô Tô - Huyện Tri Tôn - An Giang","Created":"2015-11-16T16:01:42Z","Updated":"2015-11-16T16:01:42Z","IsDelete":false,"RequestChanged":false,"ExitsInGDT":false,"SourceID":0,"TinhThanhID":0,"TinhThanhTitle":"An Giang","TinhThanhTitleAscii":"/an-giang","QuanHuyenID":0,"NganhNgheTitle":"Hoạt động dịch vụ phục vụ cá nhân khác còn lại chưa được phân vào đâu","NganhNgheTitleAscii":"/nganh-nghe/hoat-dong-dich-vu-phuc-vu-ca-nhan-khac-con-lai-chua-duoc-phan-vao-dau","DSTags":["1600674651","An Giang",null]},{"Type":11,"SolrID":"/1600674563-truong-pho-thong-co-to","ID":0,"MaSoThue":"1600674563","NgayCap":"2004-03-30T00:00:00Z","Title":"Trường Phổ Thông Cô Tô","DiaChiCongTy":"ấp Sóc Triết - Xã Cô Tô - Huyện Tri Tôn - An Giang","Created":"2015-11-16T16:00:54Z","Updated":"2015-11-16T16:00:54Z","IsDelete":false,"RequestChanged":false,"ExitsInGDT":false,"SourceID":0,"TinhThanhID":0,"TinhThanhTitle":"An Giang","TinhThanhTitleAscii":"/an-giang","QuanHuyenID":0,"NganhNgheTitle":"Hoạt động dịch vụ phục vụ cá nhân khác còn lại chưa được phân vào đâu","NganhNgheTitleAscii":"/nganh-nghe/hoat-dong-dich-vu-phuc-vu-ca-nhan-khac-con-lai-chua-duoc-phan-vao-dau","DSTags":["1600674563","An Giang",null]},{"Type":11,"SolrID":"/1600674274-truong-tieu-hoc-a-co-to","ID":0,"MaSoThue":"1600674274","NgayCap":"2003-11-28T00:00:00Z","Title":"Trường Tiểu học A Cô Tô","DiaChiCongTy":"ấp Tô Phước, xã Cô Tô - Huyện Tri Tôn - An Giang","Created":"2015-11-16T05:19:56Z","Updated":"2015-11-16T05:19:56Z","IsDelete":false,"RequestChanged":false,"ExitsInGDT":false,"SourceID":0,"TinhThanhID":0,"TinhThanhTitle":"An Giang","TinhThanhTitleAscii":"/an-giang","QuanHuyenID":0,"NganhNgheTitle":"Hoạt động dịch vụ phục vụ cá nhân khác còn lại chưa được phân vào đâu","NganhNgheTitleAscii":"/nganh-nghe/hoat-dong-dich-vu-phuc-vu-ca-nhan-khac-con-lai-chua-duoc-phan-vao-dau","DSTags":["1600674274","An Giang",null]},{"Type":11,"SolrID":"/1600674394-truong-mau-giao-co-to","ID":0,"MaSoThue":"1600674394","NgayCap":"2003-11-28T00:00:00Z","Title":"Trường Mẫu giáo Cô Tô","DiaChiCongTy":"ấp Tô Bình, xã Cô Tô - Huyện Tri Tôn - An Giang","Created":"2015-11-16T05:19:58Z","Updated":"2015-11-16T05:19:58Z","IsDelete":false,"RequestChanged":false,"ExitsInGDT":false,"SourceID":0,"TinhThanhID":0,"TinhThanhTitle":"An Giang","TinhThanhTitleAscii":"/an-giang","QuanHuyenID":0,"NganhNgheTitle":"Hoạt động dịch vụ phục vụ cá nhân khác còn lại chưa được phân vào đâu","NganhNgheTitleAscii":"/nganh-nghe/hoat-dong-dich-vu-phuc-vu-ca-nhan-khac-con-lai-chua-duoc-phan-vao-dau","DSTags":["1600674394","An Giang",null]},{"Type":11,"SolrID":"/1600169225-007-xi-nghiep-co-gioi","ID":0,"MaSoThue":"1600169225-007","NgayCap":"2002-07-18T00:00:00Z","Title":"Xí Nghiệp cơ giới","DiaChiCongTy":"Xã  Cô Tô - Huyện Tri Tôn - An Giang","Created":"2015-11-18T13:32:57Z","Updated":"2015-11-18T13:32:57Z","IsDelete":false,"RequestChanged":false,"ExitsInGDT":false,"SourceID":0,"TinhThanhID":0,"TinhThanhTitle":"An Giang","TinhThanhTitleAscii":"/an-giang","QuanHuyenID":0,"NganhNgheTitle":"Vận tải hàng hóa đường thuỷ nội địa","NganhNgheTitleAscii":"/nganh-nghe/van-tai-hang-hoa-duong-thuy-noi-dia","DSTags":["1600169225-007","An Giang",null]},{"Type":11,"SolrID":"/1600169225-006-xi-nghiep-che-bien-da","ID":0,"MaSoThue":"1600169225-006","NgayCap":"2002-06-13T00:00:00Z","Title":"Xí Nghiệp Chế Biến đá","DiaChiCongTy":"Xã Cô Tô - Huyện Tri Tôn - An Giang","Created":"2015-11-18T13:13:31Z","Updated":"2015-11-18T13:13:31Z","IsDelete":false,"RequestChanged":false,"ExitsInGDT":false,"SourceID":0,"TinhThanhID":0,"TinhThanhTitle":"An Giang","TinhThanhTitleAscii":"/an-giang","QuanHuyenID":0,"NganhNgheTitle":"Khai thác đá, cát, sỏi, đất sét","NganhNgheTitleAscii":"/nganh-nghe/khai-thac-da-cat-soi-dat-set","DSTags":["1600169225-006","An Giang",null]},{"Type":11,"SolrID":"/1600169225-005-xi-nghiep-van-tai-va-kinh-doanh-vat-lieu-xay-dung","ID":0,"MaSoThue":"1600169225-005","NgayCap":"2002-03-27T00:00:00Z","Title":"Xí Nghiệp Vận Tải Và Kinh Doanh Vật Liệu Xây Dựng","DiaChiCongTy":"Xã Cô Tô - Huyện Tri Tôn - An Giang","Created":"2015-11-18T12:44:28Z","Updated":"2015-11-18T12:44:28Z","IsDelete":false,"RequestChanged":false,"ExitsInGDT":false,"SourceID":0,"TinhThanhID":0,"TinhThanhTitle":"An Giang","TinhThanhTitleAscii":"/an-giang","QuanHuyenID":0,"NganhNgheTitle":"Vận tải hàng hóa đường thuỷ nội địa","NganhNgheTitleAscii":"/nganh-nghe/van-tai-hang-hoa-duong-thuy-noi-dia","DSTags":["1600169225-005","An Giang",null]},{"Type":11,"SolrID":"/1800158566-005-xi-nghiep-khai-thac-da-quyet-thang","ID":0,"MaSoThue":"1800158566-005","NgayCap":"2002-03-01T00:00:00Z","Title":"Xí Nghiệp Khai Thác Đá Quyết Thắng","DiaChiCongTy":"ấp Tô Bình Xã Cô Tô - Huyện Tri Tôn - An Giang","Created":"2015-11-18T13:00:54Z","Updated":"2015-11-18T13:00:54Z","IsDelete":false,"RequestChanged":false,"ExitsInGDT":false,"SourceID":0,"TinhThanhID":0,"TinhThanhTitle":"An Giang","TinhThanhTitleAscii":"/an-giang","QuanHuyenID":0,"NganhNgheTitle":"Khai thác đá, cát, sỏi, đất sét","NganhNgheTitleAscii":"/nganh-nghe/khai-thac-da-cat-soi-dat-set","DSTags":["1800158566-005","An Giang",null]},{"Type":11,"SolrID":"/1600417647-dntn-viet-thanh","ID":0,"MaSoThue":"1600417647","NgayCap":"1999-05-28T00:00:00Z","Title":"DNTN Việt Thành","DiaChiCongTy":"ấp Tô Bình,  Xã Cô Tô - Huyện Tri Tôn - An Giang","Created":"2015-11-09T10:37:19Z","Updated":"2015-11-09T10:37:19Z","IsDelete":false,"RequestChanged":false,"ExitsInGDT":false,"SourceID":0,"TinhThanhID":0,"TinhThanhTitle":"An Giang","TinhThanhTitleAscii":"/an-giang","QuanHuyenID":0,"NganhNgheTitle":"Bán buôn vật liệu, thiết bị lắp đặt khác trong xây dựng","NganhNgheTitleAscii":"/nganh-nghe/ban-buon-vat-lieu-thiet-bi-lap-dat-khac-trong-xay-dung","DSTags":["1600417647","An Giang",null]},{"Type":11,"SolrID":"/1600383500-dntn-toan-dinh","ID":0,"MaSoThue":"1600383500","NgayCap":"1999-02-23T00:00:00Z","Title":"DNTN Toàn Định","DiaChiCongTy":"Số 47, ấp Tô Bình, xã Cô Tô - Huyện Tri Tôn - An Giang","Created":"2015-11-14T16:38:32Z","Updated":"2015-11-14T16:38:32Z","IsDelete":false,"RequestChanged":false,"ExitsInGDT":false,"SourceID":0,"TinhThanhID":0,"TinhThanhTitle":"An Giang","TinhThanhTitleAscii":"/an-giang","QuanHuyenID":0,"NganhNgheTitle":"Xây dựng công trình kỹ thuật dân dụng","NganhNgheTitleAscii":"/nganh-nghe/xay-dung-cong-trinh-ky-thuat-dan-dung","DSTags":["1600383500","An Giang",null]},{"Type":11,"SolrID":"/1600168736-002-xi-nghiep-khai-thac-da-quyet-thang","ID":0,"MaSoThue":"1600168736-002","NgayCap":"1999-02-23T00:00:00Z","Title":"Xí Nghiệp Khai Thác đá quyết Thắng","DiaChiCongTy":"ấp Tô Bình Xã Cô Tô - Huyện Tri Tôn - An Giang","Created":"2015-11-18T10:01:52Z","Updated":"2015-11-18T10:01:52Z","IsDelete":false,"RequestChanged":false,"ExitsInGDT":false,"SourceID":0,"TinhThanhID":0,"TinhThanhTitle":"An Giang","TinhThanhTitleAscii":"/an-giang","QuanHuyenID":0,"NganhNgheTitle":"Khai thác đá, cát, sỏi, đất sét","NganhNgheTitleAscii":"/nganh-nghe/khai-thac-da-cat-soi-dat-set","DSTags":["1600168736-002","An Giang",null]},{"Type":11,"SolrID":"/1600378525-nguyen-van-lai","ID":0,"MaSoThue":"1600378525","NgayCap":"1999-01-09T00:00:00Z","Title":"Nguyễn Văn Lai","DiaChiCongTy":"Xã Cô Tô - Huyện Tri Tôn - An Giang","Created":"2015-11-14T16:49:57Z","Updated":"2015-11-14T16:49:57Z","IsDelete":false,"RequestChanged":false,"ExitsInGDT":false,"SourceID":0,"TinhThanhID":0,"TinhThanhTitle":"An Giang","TinhThanhTitleAscii":"/an-giang","QuanHuyenID":0,"NganhNgheTitle":"Bán lẻ khác trong các cửa hàng kinh doanh tổng hợp","NganhNgheTitleAscii":"/nganh-nghe/ban-le-khac-trong-cac-cua-hang-kinh-doanh-tong-hop","DSTags":["1600378525","An Giang",null]},{"Type":11,"SolrID":"/1800158566-003-xi-nghiep-khai-thac-da-co-to","ID":0,"MaSoThue":"1800158566-003","NgayCap":"1999-01-08T00:00:00Z","Title":"Xí Nghiệp Khai Thác Đá Cô Tô","DiaChiCongTy":"ấp Tô Bình,Xã Cô Tô - Huyện Tri Tôn - An Giang","Created":"2015-11-18T11:31:40Z","Updated":"2015-11-18T11:31:40Z","IsDelete":false,"RequestChanged":false,"ExitsInGDT":false,"SourceID":0,"TinhThanhID":0,"TinhThanhTitle":"An Giang","TinhThanhTitleAscii":"/an-giang","QuanHuyenID":0,"NganhNgheTitle":"Khai thác đá, cát, sỏi, đất sét","NganhNgheTitleAscii":"/nganh-nghe/khai-thac-da-cat-soi-dat-set","DSTags":["1800158566-003","An Giang",null]},{"Type":11,"SolrID":"/1600368742-ubnd-xa-co-to","ID":0,"MaSoThue":"1600368742","NgayCap":"1998-10-28T00:00:00Z","Title":"UBND xã Cô Tô","DiaChiCongTy":"xã Cô Tô - Huyện Tri Tôn - An Giang","Created":"2015-11-14T14:45:11Z","Updated":"2015-11-14T14:45:11Z","IsDelete":false,"RequestChanged":false,"ExitsInGDT":false,"SourceID":0,"TinhThanhID":0,"TinhThanhTitle":"An Giang","TinhThanhTitleAscii":"/an-giang","QuanHuyenID":0,"NganhNgheTitle":"Hoạt động quản lý nhà nước nói chung và kinh tế tổng hợp","NganhNgheTitleAscii":"/nganh-nghe/hoat-dong-quan-ly-nha-nuoc-noi-chung-va-kinh-te-tong-hop","DSTags":["1600368742","An Giang",null]},{"Type":11,"SolrID":"/1600184590-003-chi-nhanh-cong-ty-tnhh-mot-thanh-vien-xang-dau-an-giang-cua-hang-xang-dau-co-to","ID":0,"MaSoThue":"1600184590-003","NgayCap":"1998-10-27T00:00:00Z","Title":"Chi Nhánh Công Ty TNHH Một Thành Viên Xăng Dầu An Giang - Cửa Hàng Xăng Dầu Cô Tô","DiaChiCongTy":"ấp Sóc Triết - Xã Cô Tô - Huyện Tri Tôn - An Giang","Created":"2015-11-10T01:38:16Z","Updated":"2015-11-10T01:38:16Z","IsDelete":false,"RequestChanged":false,"ExitsInGDT":false,"SourceID":0,"TinhThanhID":0,"TinhThanhTitle":"An Giang","TinhThanhTitleAscii":"/an-giang","QuanHuyenID":0,"NganhNgheTitle":"Bán buôn nhiên liệu rắn, lỏng, khí và các sản phẩm liên quan","NganhNgheTitleAscii":"/nganh-nghe/ban-buon-nhien-lieu-ran-long-khi-va-cac-san-pham-lien-quan","DSTags":["1600184590-003","An Giang",null]},{"Type":11,"SolrID":"/1600166785-004-cua-hang-hoa-binh-5","ID":0,"MaSoThue":"1600166785-004","NgayCap":"1998-10-27T00:00:00Z","Title":"Cửa Hàng Hoà Bình 5","DiaChiCongTy":"ấp Tô Bình Xã Cô Tô - Huyện Tri Tôn - An Giang","Created":"2015-11-19T03:05:27Z","Updated":"2015-11-19T03:05:27Z","IsDelete":false,"RequestChanged":false,"ExitsInGDT":false,"SourceID":0,"TinhThanhID":0,"TinhThanhTitle":"An Giang","TinhThanhTitleAscii":"/an-giang","QuanHuyenID":0,"NganhNgheTitle":"Bán lẻ nhiên liệu động cơ trong các cửa hàng chuyên doanh","NganhNgheTitleAscii":"/nganh-nghe/ban-le-nhien-lieu-dong-co-trong-cac-cua-hang-chuyen-doanh","DSTags":["1600166785-004","An Giang",null]},{"Type":11,"SolrID":"/1600169225-cong-ty-tnhh-mot-thanh-vien-khai-thac-va-che-bien-da-an-giang","ID":0,"MaSoThue":"1600169225","NgayCap":"1998-09-18T00:00:00Z","Title":"Công Ty TNHH Một Thành Viên Khai Thác Và Chế Biến Đá An Giang","DiaChiCongTy":"ấp Tô Bình - Xã Cô Tô - Huyện Tri Tôn - An Giang","Created":"2015-11-12T06:12:26Z","Updated":"2015-11-12T06:12:26Z","IsDelete":false,"RequestChanged":false,"ExitsInGDT":false,"SourceID":0,"TinhThanhID":0,"TinhThanhTitle":"An Giang","TinhThanhTitleAscii":"/an-giang","QuanHuyenID":0,"NganhNgheTitle":"Khai thác đá, cát, sỏi, đất sét","NganhNgheTitleAscii":"/nganh-nghe/khai-thac-da-cat-soi-dat-set","DSTags":["1600169225","An Giang",null]}]}