{"ID":15443,"SolrID":"/an-giang/huyen-tri-ton/xa-luong-tra","Title":"Xã Lương Trà","TinhThanhTitle":"An Giang","QuanHuyenTitle":"Huyện Tri Tôn","QuanHuyenID":526,"TinhThanhID":35,"Url":"https://thongtindoanhnghiep.co/api/company?l=/an-giang/huyen-tri-ton/xa-luong-tra","Total":1,"List":[{"Type":11,"SolrID":"/1600986379-cty-tnhh-tu-van-xay-dung-hoa-luc","ID":0,"MaSoThue":"1600986379","NgayCap":"2008-11-17T00:00:00Z","Title":"Cty TNHH Tư Vấn & Xây Dựng Hoà Lực","DiaChiCongTy":"ấp Giồng Cát, xã Lương Trà - Huyện Tri Tôn - An Giang","Created":"2015-11-13T22:36:50Z","Updated":"2015-11-13T22:36:50Z","IsDelete":false,"RequestChanged":false,"ExitsInGDT":false,"SourceID":0,"TinhThanhID":0,"TinhThanhTitle":"An Giang","TinhThanhTitleAscii":"/an-giang","QuanHuyenID":0,"NganhNgheTitle":"Xây dựng công trình kỹ thuật dân dụng","NganhNgheTitleAscii":"/nganh-nghe/xay-dung-cong-trinh-ky-thuat-dan-dung","DSTags":["1600986379","An Giang",null]}]}