{"ID":10411,"SolrID":"/an-giang/huyen-tri-ton/xa-lac-quoi","Title":"Xã Lạc Quới","TinhThanhTitle":"An Giang","QuanHuyenTitle":"Huyện Tri Tôn","QuanHuyenID":526,"TinhThanhID":35,"Url":"https://thongtindoanhnghiep.co/api/company?l=/an-giang/huyen-tri-ton/xa-lac-quoi","Total":23,"List":[{"Type":11,"SolrID":"/1602033928-cong-ty-tnhh-mot-thanh-vien-hoa-phat-chien","ID":0,"MaSoThue":"1602033928","NgayCap":"2017-02-20T00:00:00Z","Title":"Công Ty TNHH Một Thành Viên Hòa Phát Chiến","DiaChiCongTy":"Ấp Vĩnh Thuận, Xã Lạc Quới, Huyện Tri Tôn, Tỉnh An Giang","Created":"2017-02-20T17:08:23Z","Updated":"2017-02-20T17:08:23Z","IsDelete":false,"RequestChanged":false,"ExitsInGDT":false,"SourceID":0,"TinhThanhID":0,"TinhThanhTitle":"An Giang","TinhThanhTitleAscii":"/an-giang","QuanHuyenID":0,"NganhNgheTitle":"Bán buôn vật liệu, thiết bị lắp đặt khác trong xây dựng","NganhNgheTitleAscii":"/nganh-nghe/ban-buon-vat-lieu-thiet-bi-lap-dat-khac-trong-xay-dung","DSTags":["1602033928","An Giang",null]},{"Type":11,"SolrID":"/1602014428-cong-ty-tnhh-mot-thanh-vien-san-xuat-thuong-mai-bao-bao-an-giang","ID":0,"MaSoThue":"1602014428","NgayCap":"2016-07-14T00:00:00Z","Title":"Công Ty TNHH Một Thành Viên Sản Xuất Thương Mại Bảo Bảo An Giang","DiaChiCongTy":"ấp Vĩnh Hòa - Xã Lạc Quới - Huyện Tri Tôn - An Giang","Created":"2016-07-19T08:24:43Z","Updated":"2016-09-10T21:47:53Z","IsDelete":false,"RequestChanged":false,"ExitsInGDT":false,"SourceID":0,"TinhThanhID":0,"TinhThanhTitle":"An Giang","TinhThanhTitleAscii":"/an-giang","QuanHuyenID":0,"DSTags":["1602014428","An Giang",null]},{"Type":11,"SolrID":"/1602007205-cong-ty-tnhh-mot-thanh-vien-dau-tu-xuat-nhap-khau-xay-dung-phu-thinh","ID":0,"MaSoThue":"1602007205","NgayCap":"2016-04-13T00:00:00Z","Title":"Công Ty TNHH Một Thành Viên Đầu Tư Xuất Nhập Khẩu Xây Dựng Phú Thịnh","DiaChiCongTy":"ấp 4 - Xã Lạc Quới - Huyện Tri Tôn - An Giang","Created":"2016-04-18T08:14:46Z","Updated":"2016-04-18T08:14:46Z","IsDelete":false,"RequestChanged":false,"ExitsInGDT":false,"SourceID":0,"TinhThanhID":0,"TinhThanhTitle":"An Giang","TinhThanhTitleAscii":"/an-giang","QuanHuyenID":0,"NganhNgheTitle":"Xây dựng công trình đường sắt và đường bộ","NganhNgheTitleAscii":"/nganh-nghe/xay-dung-cong-trinh-duong-sat-va-duong-bo","DSTags":["1602007205","An Giang",null]},{"Type":11,"SolrID":"/1601884108-cong-ty-tnhh-mot-thanh-vien-thuong-mai-dich-vu-ngo-chi-hieu","ID":0,"MaSoThue":"1601884108","NgayCap":"2013-07-17T00:00:00Z","Title":"Công Ty TNHH Một Thành Viên Thương Mại Dịch Vụ Ngô Chí Hiếu","DiaChiCongTy":"ấp Vĩnh Hòa - Xã Lạc Quới - Huyện Tri Tôn - An Giang","Created":"2015-11-11T20:09:05Z","Updated":"2015-11-11T20:09:05Z","IsDelete":false,"RequestChanged":false,"ExitsInGDT":false,"SourceID":0,"TinhThanhID":0,"TinhThanhTitle":"An Giang","TinhThanhTitleAscii":"/an-giang","QuanHuyenID":0,"NganhNgheTitle":"Bán buôn nông, lâm sản nguyên liệu (trừ gỗ, tre, nứa) và động vật sống","NganhNgheTitleAscii":"/nganh-nghe/ban-buon-nong-lam-san-nguyen-lieu-tru-go-tre-nua-va-dong-vat-song","DSTags":["1601884108","An Giang",null]},{"Type":11,"SolrID":"/1601884115-cong-ty-tnhh-mot-thanh-vien-thuong-mai-dich-vu-quoc-trieu","ID":0,"MaSoThue":"1601884115","NgayCap":"2013-07-17T00:00:00Z","Title":"Công Ty TNHH Một Thành Viên Thương Mại Dịch Vụ Quốc Triệu","DiaChiCongTy":"ấp Vĩnh Hòa - Xã Lạc Quới - Huyện Tri Tôn - An Giang","Created":"2015-11-11T20:09:06Z","Updated":"2015-11-11T20:09:06Z","IsDelete":false,"RequestChanged":false,"ExitsInGDT":false,"SourceID":0,"TinhThanhID":0,"TinhThanhTitle":"An Giang","TinhThanhTitleAscii":"/an-giang","QuanHuyenID":0,"NganhNgheTitle":"Bán buôn gạo","NganhNgheTitleAscii":"/nganh-nghe/ban-buon-gao","DSTags":["1601884115","An Giang",null]},{"Type":11,"SolrID":"/1600246783-001-chi-nhanh-doanh-nghiep-tn-xang-dau-thanh-phat","ID":0,"MaSoThue":"1600246783-001","NgayCap":"2013-06-28T00:00:00Z","Title":"Chi Nhánh Doanh Nghiệp TN Xăng Dầu Thạnh Phát","DiaChiCongTy":"ấp Vĩnh Thuận - Xã Lạc Quới - Huyện Tri Tôn - An Giang","Created":"2015-11-17T19:47:27Z","Updated":"2015-11-17T19:47:27Z","IsDelete":false,"RequestChanged":false,"ExitsInGDT":false,"SourceID":0,"TinhThanhID":0,"TinhThanhTitle":"An Giang","TinhThanhTitleAscii":"/an-giang","QuanHuyenID":0,"NganhNgheTitle":"Bán buôn nhiên liệu rắn, lỏng, khí và các sản phẩm liên quan","NganhNgheTitleAscii":"/nganh-nghe/ban-buon-nhien-lieu-ran-long-khi-va-cac-san-pham-lien-quan","DSTags":["1600246783-001","An Giang",null]},{"Type":11,"SolrID":"/1601871275-cong-ty-tnhh-mot-thanh-vien-ho-huy-hoang","ID":0,"MaSoThue":"1601871275","NgayCap":"2013-04-17T00:00:00Z","Title":"Công Ty TNHH Một Thành Viên Hồ Huy Hoàng","DiaChiCongTy":"ấp Vĩnh Hòa - Xã Lạc Quới - Huyện Tri Tôn - An Giang","Created":"2015-11-11T23:09:48Z","Updated":"2015-11-11T23:09:48Z","IsDelete":false,"RequestChanged":false,"ExitsInGDT":false,"SourceID":0,"TinhThanhID":0,"TinhThanhTitle":"An Giang","TinhThanhTitleAscii":"/an-giang","QuanHuyenID":0,"NganhNgheTitle":"Bán buôn nông, lâm sản nguyên liệu (trừ gỗ, tre, nứa) và động vật sống","NganhNgheTitleAscii":"/nganh-nghe/ban-buon-nong-lam-san-nguyen-lieu-tru-go-tre-nua-va-dong-vat-song","DSTags":["1601871275","An Giang",null]},{"Type":11,"SolrID":"/1601870708-doanh-nghiep-tn-vat-lieu-xay-dung-tran-sang","ID":0,"MaSoThue":"1601870708","NgayCap":"2013-04-15T00:00:00Z","Title":"Doanh Nghiệp TN Vật Liệu Xây Dựng Trần Sang","DiaChiCongTy":"ấp Vĩnh Thuận - Xã Lạc Quới - Huyện Tri Tôn - An Giang","Created":"2015-11-10T01:29:23Z","Updated":"2015-11-10T01:29:23Z","IsDelete":false,"RequestChanged":false,"ExitsInGDT":false,"SourceID":0,"TinhThanhID":0,"TinhThanhTitle":"An Giang","TinhThanhTitleAscii":"/an-giang","QuanHuyenID":0,"NganhNgheTitle":"Bán buôn vật liệu, thiết bị lắp đặt khác trong xây dựng","NganhNgheTitleAscii":"/nganh-nghe/ban-buon-vat-lieu-thiet-bi-lap-dat-khac-trong-xay-dung","DSTags":["1601870708","An Giang",null]},{"Type":11,"SolrID":"/1601868970-doanh-nghiep-tn-ha-anh-tuan","ID":0,"MaSoThue":"1601868970","NgayCap":"2013-04-02T00:00:00Z","Title":"Doanh Nghiệp TN Hà Anh Tuấn","DiaChiCongTy":"ấp Vĩnh Thuận - Xã Lạc Quới - Huyện Tri Tôn - An Giang","Created":"2015-11-10T01:29:42Z","Updated":"2015-11-10T01:29:42Z","IsDelete":false,"RequestChanged":false,"ExitsInGDT":false,"SourceID":0,"TinhThanhID":0,"TinhThanhTitle":"An Giang","TinhThanhTitleAscii":"/an-giang","QuanHuyenID":0,"NganhNgheTitle":"Bán buôn vật liệu, thiết bị lắp đặt khác trong xây dựng","NganhNgheTitleAscii":"/nganh-nghe/ban-buon-vat-lieu-thiet-bi-lap-dat-khac-trong-xay-dung","DSTags":["1601868970","An Giang",null]},{"Type":11,"SolrID":"/1601866606-cong-ty-tnhh-minh-quoi","ID":0,"MaSoThue":"1601866606","NgayCap":"2013-03-15T00:00:00Z","Title":"Công Ty TNHH Minh Quới","DiaChiCongTy":"Tổ 6, ấp Vĩnh Thuận - Xã Lạc Quới - Huyện Tri Tôn - An Giang","Created":"2015-11-12T00:01:20Z","Updated":"2015-11-12T00:01:20Z","IsDelete":false,"RequestChanged":false,"ExitsInGDT":false,"SourceID":0,"TinhThanhID":0,"TinhThanhTitle":"An Giang","TinhThanhTitleAscii":"/an-giang","QuanHuyenID":0,"NganhNgheTitle":"Bán mô tô, xe máy","NganhNgheTitleAscii":"/nganh-nghe/ban-mo-to-xe-may","DSTags":["1601866606","An Giang",null]},{"Type":11,"SolrID":"/1601732031-cong-ty-tnhh-mot-thanh-vien-thuong-mai-dich-vu-le-nguyen-gia","ID":0,"MaSoThue":"1601732031","NgayCap":"2012-05-02T00:00:00Z","Title":"Công Ty TNHH Một Thành Viên Thương Mại-Dịch Vụ Lê Nguyễn Gia","DiaChiCongTy":"Tổ 6, ấp Vĩnh Thuận - Xã Lạc Quới - Huyện Tri Tôn - An Giang","Created":"2015-11-10T01:41:33Z","Updated":"2015-11-10T01:41:33Z","IsDelete":false,"RequestChanged":false,"ExitsInGDT":false,"SourceID":0,"TinhThanhID":0,"TinhThanhTitle":"An Giang","TinhThanhTitleAscii":"/an-giang","QuanHuyenID":0,"NganhNgheTitle":"Nhà hàng và các dịch vụ ăn uống phục vụ lưu động","NganhNgheTitleAscii":"/nganh-nghe/nha-hang-va-cac-dich-vu-an-uong-phuc-vu-luu-dong","DSTags":["1601732031","An Giang",null]},{"Type":11,"SolrID":"/1601645974-cong-ty-tnhh-mot-thanh-vien-pham-huu-tai","ID":0,"MaSoThue":"1601645974","NgayCap":"2012-01-17T00:00:00Z","Title":"Công Ty TNHH Một Thành Viên Phạm Hữu Tài","DiaChiCongTy":"ấp Vĩnh Thuận - Xã Lạc Quới - Huyện Tri Tôn - An Giang","Created":"2015-11-10T01:42:37Z","Updated":"2015-11-10T01:42:37Z","IsDelete":false,"RequestChanged":false,"ExitsInGDT":false,"SourceID":0,"TinhThanhID":0,"TinhThanhTitle":"An Giang","TinhThanhTitleAscii":"/an-giang","QuanHuyenID":0,"NganhNgheTitle":"Sản xuất vật liệu xây dựng từ đất sét","NganhNgheTitleAscii":"/nganh-nghe/san-xuat-vat-lieu-xay-dung-tu-dat-set","DSTags":["1601645974","An Giang",null]},{"Type":11,"SolrID":"/1601297942-tran-thi-hang","ID":0,"MaSoThue":"1601297942","NgayCap":"2010-02-08T00:00:00Z","Title":"Trần Thị Hằng","DiaChiCongTy":"ấp Vĩnh Hòa Xã Lạc Quới - Huyện Tri Tôn - An Giang","Created":"2015-11-16T06:44:02Z","Updated":"2015-11-16T06:44:02Z","IsDelete":false,"RequestChanged":false,"ExitsInGDT":false,"SourceID":0,"TinhThanhID":0,"TinhThanhTitle":"An Giang","TinhThanhTitleAscii":"/an-giang","QuanHuyenID":0,"NganhNgheTitle":"Bán lẻ lương thực trong các cửa hàng chuyên doanh","NganhNgheTitleAscii":"/nganh-nghe/ban-le-luong-thuc-trong-cac-cua-hang-chuyen-doanh","DSTags":["1601297942","An Giang",null]},{"Type":11,"SolrID":"/1601292038-tran-nghia-de","ID":0,"MaSoThue":"1601292038","NgayCap":"2010-01-28T00:00:00Z","Title":"Trần Nghĩa Đệ","DiaChiCongTy":"ấp An Thuận Xã Lạc Qưới - Huyện Tri Tôn - An Giang","Created":"2015-11-16T06:46:00Z","Updated":"2015-11-16T06:46:00Z","IsDelete":false,"RequestChanged":false,"ExitsInGDT":false,"SourceID":0,"TinhThanhID":0,"TinhThanhTitle":"An Giang","TinhThanhTitleAscii":"/an-giang","QuanHuyenID":0,"NganhNgheTitle":"Bán lẻ lương thực trong các cửa hàng chuyên doanh","NganhNgheTitleAscii":"/nganh-nghe/ban-le-luong-thuc-trong-cac-cua-hang-chuyen-doanh","DSTags":["1601292038","An Giang",null]},{"Type":11,"SolrID":"/1600974165-tran-van-ho","ID":0,"MaSoThue":"1600974165","NgayCap":"2008-08-19T00:00:00Z","Title":"Trần Văn Hổ","DiaChiCongTy":"ốâp Vĩnh Thuận Xã Lạc Quới - Huyện Tri Tôn - An Giang","Created":"2015-11-16T00:32:00Z","Updated":"2015-11-16T00:32:00Z","IsDelete":false,"RequestChanged":false,"ExitsInGDT":false,"SourceID":0,"TinhThanhID":0,"TinhThanhTitle":"An Giang","TinhThanhTitleAscii":"/an-giang","QuanHuyenID":0,"NganhNgheTitle":"Bán lẻ lương thực trong các cửa hàng chuyên doanh","NganhNgheTitleAscii":"/nganh-nghe/ban-le-luong-thuc-trong-cac-cua-hang-chuyen-doanh","DSTags":["1600974165","An Giang",null]},{"Type":11,"SolrID":"/1600965146-pham-van-bap","ID":0,"MaSoThue":"1600965146","NgayCap":"2008-06-17T00:00:00Z","Title":"Phạm Văn Bắp","DiaChiCongTy":"Xã Lạc Quới - Xã Lạc Quới - Huyện Tri Tôn - An Giang","Created":"2015-11-16T19:01:28Z","Updated":"2015-11-16T19:01:28Z","IsDelete":false,"RequestChanged":false,"ExitsInGDT":false,"SourceID":0,"TinhThanhID":0,"TinhThanhTitle":"An Giang","TinhThanhTitleAscii":"/an-giang","QuanHuyenID":0,"NganhNgheTitle":"Bán lẻ lương thực trong các cửa hàng chuyên doanh","NganhNgheTitleAscii":"/nganh-nghe/ban-le-luong-thuc-trong-cac-cua-hang-chuyen-doanh","DSTags":["1600965146","An Giang",null]},{"Type":11,"SolrID":"/1600965139-phu-van-lap","ID":0,"MaSoThue":"1600965139","NgayCap":"2008-06-17T00:00:00Z","Title":"Phú Văn Lập","DiaChiCongTy":"Xã Lạc Quới - Xã Lạc Quới - Huyện Tri Tôn - An Giang","Created":"2015-11-16T19:01:29Z","Updated":"2015-11-16T19:01:29Z","IsDelete":false,"RequestChanged":false,"ExitsInGDT":false,"SourceID":0,"TinhThanhID":0,"TinhThanhTitle":"An Giang","TinhThanhTitleAscii":"/an-giang","QuanHuyenID":0,"NganhNgheTitle":"Bán lẻ lương thực trong các cửa hàng chuyên doanh","NganhNgheTitleAscii":"/nganh-nghe/ban-le-luong-thuc-trong-cac-cua-hang-chuyen-doanh","DSTags":["1600965139","An Giang",null]},{"Type":11,"SolrID":"/1600248396-dntn-lam-anh-nguyet","ID":0,"MaSoThue":"1600248396","NgayCap":"2004-01-27T00:00:00Z","Title":"DNTN Lâm ánh Nguyệt","DiaChiCongTy":"ấp Vĩnh Hòa,  xã Lạc Quới - Huyện Tri Tôn - An Giang","Created":"2015-11-09T04:20:11Z","Updated":"2015-11-09T04:20:11Z","IsDelete":false,"RequestChanged":false,"ExitsInGDT":false,"SourceID":0,"TinhThanhID":0,"TinhThanhTitle":"An Giang","TinhThanhTitleAscii":"/an-giang","QuanHuyenID":0,"NganhNgheTitle":"Bán lẻ nhiên liệu động cơ trong các cửa hàng chuyên doanh","NganhNgheTitleAscii":"/nganh-nghe/ban-le-nhien-lieu-dong-co-trong-cac-cua-hang-chuyen-doanh","DSTags":["1600248396","An Giang",null]},{"Type":11,"SolrID":"/1600476089-doanh-nghiep-tn-vinh-luong","ID":0,"MaSoThue":"1600476089","NgayCap":"2004-01-16T00:00:00Z","Title":"Doanh Nghiệp TN Vĩnh Lương","DiaChiCongTy":"Tổ 3, ấp Vĩnh Quới - Xã Lạc Quới - Huyện Tri Tôn - An Giang","Created":"2015-11-09T22:55:20Z","Updated":"2015-11-09T22:55:20Z","IsDelete":false,"RequestChanged":false,"ExitsInGDT":false,"SourceID":0,"TinhThanhID":0,"TinhThanhTitle":"An Giang","TinhThanhTitleAscii":"/an-giang","QuanHuyenID":0,"NganhNgheTitle":"Bán buôn nhiên liệu rắn, lỏng, khí và các sản phẩm liên quan","NganhNgheTitleAscii":"/nganh-nghe/ban-buon-nhien-lieu-ran-long-khi-va-cac-san-pham-lien-quan","DSTags":["1600476089","An Giang",null]},{"Type":11,"SolrID":"/1600676514-truong-trung-hoc-co-so-lac-quoi","ID":0,"MaSoThue":"1600676514","NgayCap":"2004-01-07T00:00:00Z","Title":"Trường Trung học cơ sở Lạc Quới","DiaChiCongTy":"ấp Vĩnh Hoà, xã Lạc Quới - Xã Lạc Quới - Huyện Tri Tôn - An Giang","Created":"2015-11-16T15:35:51Z","Updated":"2015-11-16T15:35:51Z","IsDelete":false,"RequestChanged":false,"ExitsInGDT":false,"SourceID":0,"TinhThanhID":0,"TinhThanhTitle":"An Giang","TinhThanhTitleAscii":"/an-giang","QuanHuyenID":0,"NganhNgheTitle":"Giáo dục trung học cơ sở và trung học phổ thông","NganhNgheTitleAscii":"/nganh-nghe/giao-duc-trung-hoc-co-so-va-trung-hoc-pho-thong","DSTags":["1600676514","An Giang",null]},{"Type":11,"SolrID":"/1600676497-truong-tieu-hoc-lac-quoi","ID":0,"MaSoThue":"1600676497","NgayCap":"2004-01-07T00:00:00Z","Title":"Trường Tiểu học Lạc Qưới","DiaChiCongTy":"ấp Vĩnh Hoà - Xã Lạc Quới - Huyện Tri Tôn - An Giang","Created":"2015-11-16T15:35:52Z","Updated":"2015-11-16T15:35:52Z","IsDelete":false,"RequestChanged":false,"ExitsInGDT":false,"SourceID":0,"TinhThanhID":0,"TinhThanhTitle":"An Giang","TinhThanhTitleAscii":"/an-giang","QuanHuyenID":0,"NganhNgheTitle":"Giáo dục tiểu học","NganhNgheTitleAscii":"/nganh-nghe/giao-duc-tieu-hoc","DSTags":["1600676497","An Giang",null]},{"Type":11,"SolrID":"/1600676546-truong-mau-giao-lac-quoi","ID":0,"MaSoThue":"1600676546","NgayCap":"2004-01-07T00:00:00Z","Title":"Trường Mẫu giáo Lạc Quới","DiaChiCongTy":"ấp Vĩnh Thuận, xã Lạc Quới - Xã Lạc Quới - Huyện Tri Tôn - An Giang","Created":"2015-11-16T15:36:00Z","Updated":"2015-11-16T15:36:00Z","IsDelete":false,"RequestChanged":false,"ExitsInGDT":false,"SourceID":0,"TinhThanhID":0,"TinhThanhTitle":"An Giang","TinhThanhTitleAscii":"/an-giang","QuanHuyenID":0,"NganhNgheTitle":"Giáo dục mầm non","NganhNgheTitleAscii":"/nganh-nghe/giao-duc-mam-non","DSTags":["1600676546","An Giang",null]},{"Type":11,"SolrID":"/1600368196-uy-ban-nhan-dan-xa-lac-quoi","ID":0,"MaSoThue":"1600368196","NgayCap":"1998-10-28T00:00:00Z","Title":"ủy Ban Nhân Dân Xã                                  Lạc Quới","DiaChiCongTy":"ấp Vĩnh Hòa, xã Lạc Quới - Huyện Tri Tôn - An Giang","Created":"2015-11-14T17:30:15Z","Updated":"2015-11-14T17:30:15Z","IsDelete":false,"RequestChanged":false,"ExitsInGDT":false,"SourceID":0,"TinhThanhID":0,"TinhThanhTitle":"An Giang","TinhThanhTitleAscii":"/an-giang","QuanHuyenID":0,"NganhNgheTitle":"Hoạt động của Đảng cộng sản, tổ chức chính trị - xã hội, quản lý nhà nước, an ninh quốc phòng và bảo đảm xã hội bắt buộc","NganhNgheTitleAscii":"/nganh-nghe/hoat-dong-cua-dang-cong-san-to-chuc-chinh-tri-xa-hoi-quan-ly-nha-nuoc-an-ninh-quoc-phong-va-bao-dam-xa-hoi-bat-buoc","DSTags":["1600368196","An Giang",null]}]}