{"ID":8798,"SolrID":"/an-giang/huyen-tri-ton/xa-luong-phi","Title":"Xã Lương Phi","TinhThanhTitle":"An Giang","QuanHuyenTitle":"Huyện Tri Tôn","QuanHuyenID":526,"TinhThanhID":35,"Url":"https://thongtindoanhnghiep.co/api/company?l=/an-giang/huyen-tri-ton/xa-luong-phi","Total":33,"List":[{"Type":11,"SolrID":"/1602138416-cong-ty-tnhh-tmdv-hoang-khang","ID":0,"MaSoThue":"1602138416","NgayCap":"2021-01-06T00:00:00Z","Title":"Công Ty TNHH Tmdv Hoàng Khang","DiaChiCongTy":"Ấp An Lương, Xã Lương Phi, Huyện Tri Tôn, Tỉnh An Giang","Created":"2021-01-06T11:36:03Z","Updated":"2021-01-06T11:36:03Z","IsDelete":false,"RequestChanged":false,"ExitsInGDT":false,"SourceID":0,"TinhThanhID":0,"TinhThanhTitle":"An Giang","TinhThanhTitleAscii":"/an-giang","QuanHuyenID":0,"NganhNgheTitle":"Vận tải hàng hóa đường thuỷ nội địa","NganhNgheTitleAscii":"/nganh-nghe/van-tai-hang-hoa-duong-thuy-noi-dia","DSTags":["1602138416","An Giang",null]},{"Type":11,"SolrID":"/1602064468-cong-ty-tnhh-mot-thanh-vien-xang-dau-nguyen-thien-phuc","ID":0,"MaSoThue":"1602064468","NgayCap":"2018-03-01T00:00:00Z","Title":"Công Ty TNHH Một Thành Viên Xăng Dầu Nguyễn Thiên Phúc","DiaChiCongTy":"Ấp An Lương, Xã Lương Phi, Huyện Tri Tôn, Tỉnh An Giang","Created":"2018-03-01T14:06:15Z","Updated":"2018-03-01T14:06:15Z","IsDelete":false,"RequestChanged":false,"ExitsInGDT":false,"SourceID":0,"TinhThanhID":0,"TinhThanhTitle":"An Giang","TinhThanhTitleAscii":"/an-giang","QuanHuyenID":0,"NganhNgheTitle":"Bán buôn nhiên liệu rắn, lỏng, khí và các sản phẩm liên quan","NganhNgheTitleAscii":"/nganh-nghe/ban-buon-nhien-lieu-ran-long-khi-va-cac-san-pham-lien-quan","DSTags":["1602064468","An Giang",null]},{"Type":11,"SolrID":"/1602062968-cong-ty-tnhh-thuong-mai-xay-dung-nguyen-hoang-an","ID":0,"MaSoThue":"1602062968","NgayCap":"2018-01-26T00:00:00Z","Title":"Công Ty TNHH Thương Mại Xây Dựng Nguyễn Hoàng An","DiaChiCongTy":"Tổ 5, Số nhà 160, Ấp An Nhơn, Xã Lương Phi, Huyện Tri Tôn, Tỉnh An Giang","Created":"2018-01-26T08:31:30Z","Updated":"2018-01-26T08:31:30Z","IsDelete":false,"RequestChanged":false,"ExitsInGDT":false,"SourceID":0,"TinhThanhID":0,"TinhThanhTitle":"An Giang","TinhThanhTitleAscii":"/an-giang","QuanHuyenID":0,"NganhNgheTitle":"Bán buôn vật liệu, thiết bị lắp đặt khác trong xây dựng","NganhNgheTitleAscii":"/nganh-nghe/ban-buon-vat-lieu-thiet-bi-lap-dat-khac-trong-xay-dung","DSTags":["1602062968","An Giang",null]},{"Type":11,"SolrID":"/1602058217-cong-ty-tnhh-mot-thanh-vien-tu-van-xay-dung-hung-dat","ID":0,"MaSoThue":"1602058217","NgayCap":"2017-12-14T00:00:00Z","Title":"Công Ty TNHH Một Thành Viên Tư Vấn Xây Dựng Hưng Đạt","DiaChiCongTy":"Ấp An Ninh, Xã Lương Phi, Huyện Tri Tôn, Tỉnh An Giang","Created":"2017-12-14T11:59:25Z","Updated":"2017-12-14T11:59:25Z","IsDelete":false,"RequestChanged":false,"ExitsInGDT":false,"SourceID":0,"TinhThanhID":0,"TinhThanhTitle":"An Giang","TinhThanhTitleAscii":"/an-giang","QuanHuyenID":0,"NganhNgheTitle":"Xây dựng công trình kỹ thuật dân dụng khác","NganhNgheTitleAscii":"/nganh-nghe/xay-dung-cong-trinh-ky-thuat-dan-dung-khac","DSTags":["1602058217","An Giang",null]},{"Type":11,"SolrID":"/1602053113-cong-ty-tnhh-mot-thanh-vien-duc-tai-tai-loc","ID":0,"MaSoThue":"1602053113","NgayCap":"2017-10-25T00:00:00Z","Title":"Công Ty TNHH Một Thành Viên Đức Tài Tài Lộc","DiaChiCongTy":"Ấp An Ninh, Xã Lương Phi, Huyện Tri Tôn, Tỉnh An Giang","Created":"2017-10-25T15:49:40Z","Updated":"2017-10-25T15:49:40Z","IsDelete":false,"RequestChanged":false,"ExitsInGDT":false,"SourceID":0,"TinhThanhID":0,"TinhThanhTitle":"An Giang","TinhThanhTitleAscii":"/an-giang","QuanHuyenID":0,"NganhNgheTitle":"Dịch vụ chăm sóc và duy trì cảnh quan","NganhNgheTitleAscii":"/nganh-nghe/dich-vu-cham-soc-va-duy-tri-canh-quan","DSTags":["1602053113","An Giang",null]},{"Type":11,"SolrID":"/1602046613-cong-ty-tnhh-mot-thanh-vien-thuong-mai-dich-vu-xay-dung-tan-loc-tri-ton","ID":0,"MaSoThue":"1602046613","NgayCap":"2017-07-31T00:00:00Z","Title":"Công Ty TNHH Một Thành Viên Thương Mại Dịch Vụ Xây Dựng Tân Lộc Tri Tôn","DiaChiCongTy":"Ấp Ô Tà Sóc, Xã Lương Phi, Huyện Tri Tôn, Tỉnh An Giang","Created":"2017-07-31T15:47:08Z","Updated":"2017-07-31T15:47:08Z","IsDelete":false,"RequestChanged":false,"ExitsInGDT":false,"SourceID":0,"TinhThanhID":0,"TinhThanhTitle":"An Giang","TinhThanhTitleAscii":"/an-giang","QuanHuyenID":0,"NganhNgheTitle":"Bán buôn vật liệu, thiết bị lắp đặt khác trong xây dựng","NganhNgheTitleAscii":"/nganh-nghe/ban-buon-vat-lieu-thiet-bi-lap-dat-khac-trong-xay-dung","DSTags":["1602046613","An Giang",null]},{"Type":11,"SolrID":"/1602042175-cong-ty-tnhh-mot-thanh-vien-thuong-mai-va-dich-vu-van-tai-viet-cam","ID":0,"MaSoThue":"1602042175","NgayCap":"2017-06-08T00:00:00Z","Title":"Công Ty TNHH Một Thành Viên Thương Mại Và Dịch Vụ Vận Tải Việt Cam","DiaChiCongTy":"Số 319, Ấp An Ninh, Xã Lương Phi, Huyện Tri Tôn, Tỉnh An Giang","Created":"2017-06-08T08:19:57Z","Updated":"2017-06-08T08:19:57Z","IsDelete":false,"RequestChanged":false,"ExitsInGDT":false,"SourceID":0,"TinhThanhID":0,"TinhThanhTitle":"An Giang","TinhThanhTitleAscii":"/an-giang","QuanHuyenID":0,"NganhNgheTitle":"Hoạt động dịch vụ hỗ trợ trực tiếp cho vận tải đường thủy","NganhNgheTitleAscii":"/nganh-nghe/hoat-dong-dich-vu-ho-tro-truc-tiep-cho-van-tai-duong-thuy","DSTags":["1602042175","An Giang",null]},{"Type":11,"SolrID":"/1602032949-cong-ty-tnhh-mot-thanh-vien-son-truong-ton","ID":0,"MaSoThue":"1602032949","NgayCap":"2017-02-07T00:00:00Z","Title":"Công Ty TNHH Một Thành Viên Sơn Trường Tồn","DiaChiCongTy":"Ấp An Lương, Xã Lương Phi, Huyện Tri Tôn, Tỉnh An Giang","Created":"2017-02-07T17:07:39Z","Updated":"2017-02-07T17:07:39Z","IsDelete":false,"RequestChanged":false,"ExitsInGDT":false,"SourceID":0,"TinhThanhID":0,"TinhThanhTitle":"An Giang","TinhThanhTitleAscii":"/an-giang","QuanHuyenID":0,"NganhNgheTitle":"Bán buôn vật liệu, thiết bị lắp đặt khác trong xây dựng","NganhNgheTitleAscii":"/nganh-nghe/ban-buon-vat-lieu-thiet-bi-lap-dat-khac-trong-xay-dung","DSTags":["1602032949","An Giang",null]},{"Type":11,"SolrID":"/1601996436-cong-ty-tnhh-mot-thanh-vien-van-tai-phung-thinh","ID":0,"MaSoThue":"1601996436","NgayCap":"2015-12-30T00:00:00Z","Title":"Công Ty TNHH Một Thành Viên Vận Tải Phùng Thịnh","DiaChiCongTy":"ấp An Lương - Xã Lương Phi - Huyện Tri Tôn - An Giang","Created":"2016-01-04T19:20:03Z","Updated":"2016-01-04T19:20:03Z","IsDelete":false,"RequestChanged":false,"ExitsInGDT":false,"SourceID":0,"TinhThanhID":0,"TinhThanhTitle":"An Giang","TinhThanhTitleAscii":"/an-giang","QuanHuyenID":0,"NganhNgheTitle":"Bán buôn vật liệu, thiết bị lắp đặt khác trong xây dựng","NganhNgheTitleAscii":"/nganh-nghe/ban-buon-vat-lieu-thiet-bi-lap-dat-khac-trong-xay-dung","DSTags":["1601996436","An Giang",null]},{"Type":11,"SolrID":"/1601946925-cong-ty-tnhh-vat-lieu-xay-dung-thinh-khoa","ID":0,"MaSoThue":"1601946925","NgayCap":"2014-11-20T00:00:00Z","Title":"Công Ty TNHH Vật Liệu Xây Dựng Thịnh Khoa","DiaChiCongTy":"ấp An Lương - Xã Lương Phi - Huyện Tri Tôn - An Giang","Created":"2015-11-11T08:17:12Z","Updated":"2015-11-11T08:17:12Z","IsDelete":false,"RequestChanged":false,"ExitsInGDT":false,"SourceID":0,"TinhThanhID":0,"TinhThanhTitle":"An Giang","TinhThanhTitleAscii":"/an-giang","QuanHuyenID":0,"NganhNgheTitle":"Bán buôn vật liệu, thiết bị lắp đặt khác trong xây dựng","NganhNgheTitleAscii":"/nganh-nghe/ban-buon-vat-lieu-thiet-bi-lap-dat-khac-trong-xay-dung","DSTags":["1601946925","An Giang",null]},{"Type":11,"SolrID":"/1800723433-003-chi-nhanh-cong-ty-tnhh-mot-thanh-vien-duoc-lieu-dhg-tai-an-giang","ID":0,"MaSoThue":"1800723433-003","NgayCap":"2014-10-30T00:00:00Z","Title":"Chi Nhánh Công Ty TNHH Một Thành Viên Dược Liệu Dhg Tại An Giang","DiaChiCongTy":"ấp Tà Dung - Xã Lương Phi - Huyện Tri Tôn - An Giang","Created":"2015-11-18T10:55:08Z","Updated":"2015-11-18T10:55:08Z","IsDelete":false,"RequestChanged":false,"ExitsInGDT":false,"SourceID":0,"TinhThanhID":0,"TinhThanhTitle":"An Giang","TinhThanhTitleAscii":"/an-giang","QuanHuyenID":0,"NganhNgheTitle":"Sản xuất thuốc, hoá dược và dược liệu","NganhNgheTitleAscii":"/nganh-nghe/san-xuat-thuoc-hoa-duoc-va-duoc-lieu-2100","DSTags":["1800723433-003","An Giang",null]},{"Type":11,"SolrID":"/1600184590-064-chi-nhanh-cong-ty-tnhh-mot-thanh-vien-xang-dau-an-giang-cua-hang-xang-dau-luong-phi","ID":0,"MaSoThue":"1600184590-064","NgayCap":"2014-04-01T00:00:00Z","Title":"Chi Nhánh Công Ty TNHH Một Thành Viên Xăng Dầu An Giang-Cửa Hàng Xăng Dầu Lương Phi","DiaChiCongTy":"ấp Tà Dung - Xã Lương Phi - Huyện Tri Tôn - An Giang","Created":"2015-11-17T19:46:05Z","Updated":"2015-11-17T19:46:05Z","IsDelete":false,"RequestChanged":false,"ExitsInGDT":false,"SourceID":0,"TinhThanhID":0,"TinhThanhTitle":"An Giang","TinhThanhTitleAscii":"/an-giang","QuanHuyenID":0,"NganhNgheTitle":"Bán buôn nhiên liệu rắn, lỏng, khí và các sản phẩm liên quan","NganhNgheTitleAscii":"/nganh-nghe/ban-buon-nhien-lieu-ran-long-khi-va-cac-san-pham-lien-quan","DSTags":["1600184590-064","An Giang",null]},{"Type":11,"SolrID":"/1601882975-doanh-nghiep-tn-van-kiet-tri-ton","ID":0,"MaSoThue":"1601882975","NgayCap":"2013-07-05T00:00:00Z","Title":"Doanh Nghiệp TN Văn Kiệt Tri Tôn","DiaChiCongTy":"ấp An Lương - Xã Lương Phi - Huyện Tri Tôn - An Giang","Created":"2015-11-18T05:41:58Z","Updated":"2015-11-18T05:41:58Z","IsDelete":false,"RequestChanged":false,"ExitsInGDT":false,"SourceID":0,"TinhThanhID":0,"TinhThanhTitle":"An Giang","TinhThanhTitleAscii":"/an-giang","QuanHuyenID":0,"NganhNgheTitle":"Bán buôn gạo","NganhNgheTitleAscii":"/nganh-nghe/ban-buon-gao","DSTags":["1601882975","An Giang",null]},{"Type":11,"SolrID":"/1601880992-doanh-nghiep-tn-duc-tao","ID":0,"MaSoThue":"1601880992","NgayCap":"2013-06-20T00:00:00Z","Title":"Doanh Nghiệp TN Đức Tạo","DiaChiCongTy":"Tổ 14, ấp An Thành - Xã Lương Phi - Huyện Tri Tôn - An Giang","Created":"2015-11-18T05:41:59Z","Updated":"2015-11-18T05:41:59Z","IsDelete":false,"RequestChanged":false,"ExitsInGDT":false,"SourceID":0,"TinhThanhID":0,"TinhThanhTitle":"An Giang","TinhThanhTitleAscii":"/an-giang","QuanHuyenID":0,"NganhNgheTitle":"Vận tải hàng hóa đường thuỷ nội địa","NganhNgheTitleAscii":"/nganh-nghe/van-tai-hang-hoa-duong-thuy-noi-dia","DSTags":["1601880992","An Giang",null]},{"Type":11,"SolrID":"/1601837531-doanh-nghiep-tn-nhut-viet","ID":0,"MaSoThue":"1601837531","NgayCap":"2012-10-10T00:00:00Z","Title":"Doanh Nghiệp TN Nhựt Việt","DiaChiCongTy":"ấp An Lương - Xã Lương Phi - Huyện Tri Tôn - An Giang","Created":"2015-11-18T05:44:20Z","Updated":"2015-11-18T05:44:20Z","IsDelete":false,"RequestChanged":false,"ExitsInGDT":false,"SourceID":0,"TinhThanhID":0,"TinhThanhTitle":"An Giang","TinhThanhTitleAscii":"/an-giang","QuanHuyenID":0,"NganhNgheTitle":"Bán buôn vật liệu, thiết bị lắp đặt khác trong xây dựng","NganhNgheTitleAscii":"/nganh-nghe/ban-buon-vat-lieu-thiet-bi-lap-dat-khac-trong-xay-dung","DSTags":["1601837531","An Giang",null]},{"Type":11,"SolrID":"/1601723728-cong-ty-tnhh-mot-thanh-vien-kien-thinh-phat","ID":0,"MaSoThue":"1601723728","NgayCap":"2012-04-23T00:00:00Z","Title":"Công Ty TNHH Một Thành Viên Kiên Thịnh Phát","DiaChiCongTy":"ấp An Lương - Xã Lương Phi - Huyện Tri Tôn - An Giang","Created":"2015-11-10T01:40:46Z","Updated":"2015-11-10T01:40:46Z","IsDelete":false,"RequestChanged":false,"ExitsInGDT":false,"SourceID":0,"TinhThanhID":0,"TinhThanhTitle":"An Giang","TinhThanhTitleAscii":"/an-giang","QuanHuyenID":0,"NganhNgheTitle":"Bán buôn vật liệu, thiết bị lắp đặt khác trong xây dựng","NganhNgheTitleAscii":"/nganh-nghe/ban-buon-vat-lieu-thiet-bi-lap-dat-khac-trong-xay-dung","DSTags":["1601723728","An Giang",null]},{"Type":11,"SolrID":"/1600762185-001-chi-nhanh-2-doanh-nghiep-tn-duong-tuyet-van","ID":0,"MaSoThue":"1600762185-001","NgayCap":"2011-12-05T00:00:00Z","Title":"Chi Nhánh 2 Doanh Nghiệp TN Dương Tuyết Vân","DiaChiCongTy":"ấp An Ninh - Xã Lương Phi - Huyện Tri Tôn - An Giang","Created":"2015-11-10T01:42:41Z","Updated":"2015-11-10T01:42:41Z","IsDelete":false,"RequestChanged":false,"ExitsInGDT":false,"SourceID":0,"TinhThanhID":0,"TinhThanhTitle":"An Giang","TinhThanhTitleAscii":"/an-giang","QuanHuyenID":0,"NganhNgheTitle":"Bán buôn nhiên liệu rắn, lỏng, khí và các sản phẩm liên quan","NganhNgheTitleAscii":"/nganh-nghe/ban-buon-nhien-lieu-ran-long-khi-va-cac-san-pham-lien-quan","DSTags":["1600762185-001","An Giang",null]},{"Type":11,"SolrID":"/1601610185-cong-ty-tnhh-mot-thanh-vien-le-van-mo","ID":0,"MaSoThue":"1601610185","NgayCap":"2011-12-02T00:00:00Z","Title":"Công Ty TNHH Một Thành Viên Lê Văn Mơ","DiaChiCongTy":"ấp An Nhơn - Xã Lương Phi - Huyện Tri Tôn - An Giang","Created":"2015-11-10T01:38:26Z","Updated":"2015-11-10T01:38:26Z","IsDelete":false,"RequestChanged":false,"ExitsInGDT":false,"SourceID":0,"TinhThanhID":0,"TinhThanhTitle":"An Giang","TinhThanhTitleAscii":"/an-giang","QuanHuyenID":0,"NganhNgheTitle":"Sản xuất đồ gỗ xây dựng","NganhNgheTitleAscii":"/nganh-nghe/san-xuat-do-go-xay-dung","DSTags":["1601610185","An Giang",null]},{"Type":11,"SolrID":"/1601158522-doanh-nghiep-tn-huu-thanh-tai","ID":0,"MaSoThue":"1601158522","NgayCap":"2009-06-10T00:00:00Z","Title":"Doanh Nghiệp TN Hữu Thành Tài","DiaChiCongTy":"ấp Tà Dung - Xã Lương Phi - Huyện Tri Tôn - An Giang","Created":"2015-11-11T08:05:19Z","Updated":"2015-11-11T08:05:19Z","IsDelete":false,"RequestChanged":false,"ExitsInGDT":false,"SourceID":0,"TinhThanhID":0,"TinhThanhTitle":"An Giang","TinhThanhTitleAscii":"/an-giang","QuanHuyenID":0,"NganhNgheTitle":"Bán buôn nhiên liệu rắn, lỏng, khí và các sản phẩm liên quan","NganhNgheTitleAscii":"/nganh-nghe/ban-buon-nhien-lieu-ran-long-khi-va-cac-san-pham-lien-quan","DSTags":["1601158522","An Giang",null]},{"Type":11,"SolrID":"/1601016415-cong-ty-tnhh-kien-thinh","ID":0,"MaSoThue":"1601016415","NgayCap":"2009-01-07T00:00:00Z","Title":"Công Ty TNHH Kiên Thịnh","DiaChiCongTy":"ấp An Lương - Xã Lương Phi - Huyện Tri Tôn - An Giang","Created":"2015-11-09T10:43:58Z","Updated":"2015-11-09T10:43:58Z","IsDelete":false,"RequestChanged":false,"ExitsInGDT":false,"SourceID":0,"TinhThanhID":0,"TinhThanhTitle":"An Giang","TinhThanhTitleAscii":"/an-giang","QuanHuyenID":0,"NganhNgheTitle":"Bán buôn vật liệu, thiết bị lắp đặt khác trong xây dựng","NganhNgheTitleAscii":"/nganh-nghe/ban-buon-vat-lieu-thiet-bi-lap-dat-khac-trong-xay-dung","DSTags":["1601016415","An Giang",null]},{"Type":11,"SolrID":"/1600974260-nguyen-van-thanh","ID":0,"MaSoThue":"1600974260","NgayCap":"2008-08-20T00:00:00Z","Title":"Nguyễn Văn Thảnh","DiaChiCongTy":"ấp An Lương Xã Lương Phi - Xã Lương Phi - Huyện Tri Tôn - An Giang","Created":"2015-11-16T19:06:01Z","Updated":"2015-11-16T19:06:01Z","IsDelete":false,"RequestChanged":false,"ExitsInGDT":false,"SourceID":0,"TinhThanhID":0,"TinhThanhTitle":"An Giang","TinhThanhTitleAscii":"/an-giang","QuanHuyenID":0,"NganhNgheTitle":"Sản xuất khác chưa được phân vào đâu","NganhNgheTitleAscii":"/nganh-nghe/san-xuat-khac-chua-duoc-phan-vao-dau","DSTags":["1600974260","An Giang",null]},{"Type":11,"SolrID":"/1600965234-huynh-chau-soc","ID":0,"MaSoThue":"1600965234","NgayCap":"2008-06-17T00:00:00Z","Title":"Huỳnh Chau Sóc","DiaChiCongTy":"ấp Tà Dung Xã Lương Phi - Huyện Tri Tôn - An Giang","Created":"2015-11-16T19:01:26Z","Updated":"2015-11-16T19:01:26Z","IsDelete":false,"RequestChanged":false,"ExitsInGDT":false,"SourceID":0,"TinhThanhID":0,"TinhThanhTitle":"An Giang","TinhThanhTitleAscii":"/an-giang","QuanHuyenID":0,"NganhNgheTitle":"Bán lẻ lương thực trong các cửa hàng chuyên doanh","NganhNgheTitleAscii":"/nganh-nghe/ban-le-luong-thuc-trong-cac-cua-hang-chuyen-doanh","DSTags":["1600965234","An Giang",null]},{"Type":11,"SolrID":"/1600965227-ha-thi-men","ID":0,"MaSoThue":"1600965227","NgayCap":"2008-06-17T00:00:00Z","Title":"Hà Thị Mến","DiaChiCongTy":"ấp An Ninh Xã Lương Phi - Huyện Tri Tôn - An Giang","Created":"2015-11-16T19:01:27Z","Updated":"2015-11-16T19:01:27Z","IsDelete":false,"RequestChanged":false,"ExitsInGDT":false,"SourceID":0,"TinhThanhID":0,"TinhThanhTitle":"An Giang","TinhThanhTitleAscii":"/an-giang","QuanHuyenID":0,"NganhNgheTitle":"Bán lẻ lương thực trong các cửa hàng chuyên doanh","NganhNgheTitleAscii":"/nganh-nghe/ban-le-luong-thuc-trong-cac-cua-hang-chuyen-doanh","DSTags":["1600965227","An Giang",null]},{"Type":11,"SolrID":"/1600965160-le-van-sang","ID":0,"MaSoThue":"1600965160","NgayCap":"2008-06-17T00:00:00Z","Title":"Lê Văn Sang","DiaChiCongTy":"ấp An Lương Xã Lương Phi - Huyện Tri Tôn - An Giang","Created":"2015-11-16T19:01:27Z","Updated":"2015-11-16T19:01:27Z","IsDelete":false,"RequestChanged":false,"ExitsInGDT":false,"SourceID":0,"TinhThanhID":0,"TinhThanhTitle":"An Giang","TinhThanhTitleAscii":"/an-giang","QuanHuyenID":0,"NganhNgheTitle":"Bán lẻ lương thực trong các cửa hàng chuyên doanh","NganhNgheTitleAscii":"/nganh-nghe/ban-le-luong-thuc-trong-cac-cua-hang-chuyen-doanh","DSTags":["1600965160","An Giang",null]},{"Type":11,"SolrID":"/1600965153-huynh-thi-ut","ID":0,"MaSoThue":"1600965153","NgayCap":"2008-06-17T00:00:00Z","Title":"Huỳnh Thị út","DiaChiCongTy":"An Nhơn Xã Lương Phi - Huyện Tri Tôn - An Giang","Created":"2015-11-16T00:34:56Z","Updated":"2015-11-16T00:34:56Z","IsDelete":false,"RequestChanged":false,"ExitsInGDT":false,"SourceID":0,"TinhThanhID":0,"TinhThanhTitle":"An Giang","TinhThanhTitleAscii":"/an-giang","QuanHuyenID":0,"NganhNgheTitle":"Sản xuất thực phẩm khác","NganhNgheTitleAscii":"/nganh-nghe/san-xuat-thuc-pham-khac","DSTags":["1600965153","An Giang",null]},{"Type":11,"SolrID":"/1600847368-nguyen-van-tan","ID":0,"MaSoThue":"1600847368","NgayCap":"2006-08-14T00:00:00Z","Title":"Nguyễn Văn Tân","DiaChiCongTy":"ấp An Lương Xã Lương Phi - Huyện Tri Tôn - An Giang","Created":"2015-11-16T17:37:53Z","Updated":"2015-11-16T17:37:53Z","IsDelete":false,"RequestChanged":false,"ExitsInGDT":false,"SourceID":0,"TinhThanhID":0,"TinhThanhTitle":"An Giang","TinhThanhTitleAscii":"/an-giang","QuanHuyenID":0,"NganhNgheTitle":"Quán rượu, bia, quầy bar","NganhNgheTitleAscii":"/nganh-nghe/quan-ruou-bia-quay-bar","DSTags":["1600847368","An Giang",null]},{"Type":11,"SolrID":"/1600819096-vo-van-sinh","ID":0,"MaSoThue":"1600819096","NgayCap":"2006-01-04T00:00:00Z","Title":"Võ Văn Sinh","DiaChiCongTy":"ấp An Lương Xã Lương Phi - Huyện Tri Tôn - An Giang","Created":"2015-11-16T17:20:53Z","Updated":"2015-11-16T17:20:53Z","IsDelete":false,"RequestChanged":false,"ExitsInGDT":false,"SourceID":0,"TinhThanhID":0,"TinhThanhTitle":"An Giang","TinhThanhTitleAscii":"/an-giang","QuanHuyenID":0,"NganhNgheTitle":"Quán rượu, bia, quầy bar","NganhNgheTitleAscii":"/nganh-nghe/quan-ruou-bia-quay-bar","DSTags":["1600819096","An Giang",null]},{"Type":11,"SolrID":"/1600818688-tran-van-tam","ID":0,"MaSoThue":"1600818688","NgayCap":"2006-01-03T00:00:00Z","Title":"Trần Văn Tâm","DiaChiCongTy":"ấp An Ninh Xã Lương Phi - Huyện Tri Tôn - An Giang","Created":"2015-11-16T04:56:58Z","Updated":"2015-11-16T04:56:58Z","IsDelete":false,"RequestChanged":false,"ExitsInGDT":false,"SourceID":0,"TinhThanhID":0,"TinhThanhTitle":"An Giang","TinhThanhTitleAscii":"/an-giang","QuanHuyenID":0,"NganhNgheTitle":"Quán rượu, bia, quầy bar","NganhNgheTitleAscii":"/nganh-nghe/quan-ruou-bia-quay-bar","DSTags":["1600818688","An Giang",null]},{"Type":11,"SolrID":"/1600674404-truong-mau-giao-luong-phi","ID":0,"MaSoThue":"1600674404","NgayCap":"2003-11-28T00:00:00Z","Title":"Trường Mẫu giáo Lương Phi","DiaChiCongTy":"ấp An Ninh, xã Lương Phi - Xã Lương Phi - Huyện Tri Tôn - An Giang","Created":"2015-11-16T15:31:23Z","Updated":"2015-11-16T15:31:23Z","IsDelete":false,"RequestChanged":false,"ExitsInGDT":false,"SourceID":0,"TinhThanhID":0,"TinhThanhTitle":"An Giang","TinhThanhTitleAscii":"/an-giang","QuanHuyenID":0,"NganhNgheTitle":"Hoạt động dịch vụ phục vụ cá nhân khác còn lại chưa được phân vào đâu","NganhNgheTitleAscii":"/nganh-nghe/hoat-dong-dich-vu-phuc-vu-ca-nhan-khac-con-lai-chua-duoc-phan-vao-dau","DSTags":["1600674404","An Giang",null]},{"Type":11,"SolrID":"/1600674316-truong-tieu-hoc-a-luong-phi","ID":0,"MaSoThue":"1600674316","NgayCap":"2003-11-28T00:00:00Z","Title":"Trường Tiểu học A Lương Phi","DiaChiCongTy":"ấp An Ninh, xã Lương Phi - Xã Lương Phi - Huyện Tri Tôn - An Giang","Created":"2015-11-16T15:31:30Z","Updated":"2015-11-16T15:31:30Z","IsDelete":false,"RequestChanged":false,"ExitsInGDT":false,"SourceID":0,"TinhThanhID":0,"TinhThanhTitle":"An Giang","TinhThanhTitleAscii":"/an-giang","QuanHuyenID":0,"NganhNgheTitle":"Hoạt động dịch vụ phục vụ cá nhân khác còn lại chưa được phân vào đâu","NganhNgheTitleAscii":"/nganh-nghe/hoat-dong-dich-vu-phuc-vu-ca-nhan-khac-con-lai-chua-duoc-phan-vao-dau","DSTags":["1600674316","An Giang",null]},{"Type":11,"SolrID":"/1600674309-truong-tieu-hoc-b-luong-phi","ID":0,"MaSoThue":"1600674309","NgayCap":"2003-11-28T00:00:00Z","Title":"Trường Tiểu học B Lương Phi","DiaChiCongTy":"ấp An Nhơn, xã Lương Phi - Xã Lương Phi - Huyện Tri Tôn - An Giang","Created":"2015-11-16T15:31:31Z","Updated":"2015-11-16T15:31:31Z","IsDelete":false,"RequestChanged":false,"ExitsInGDT":false,"SourceID":0,"TinhThanhID":0,"TinhThanhTitle":"An Giang","TinhThanhTitleAscii":"/an-giang","QuanHuyenID":0,"NganhNgheTitle":"Giáo dục tiểu học","NganhNgheTitleAscii":"/nganh-nghe/giao-duc-tieu-hoc","DSTags":["1600674309","An Giang",null]},{"Type":11,"SolrID":"/1600674556-truong-trung-hoc-co-so-luong-phi","ID":0,"MaSoThue":"1600674556","NgayCap":"2003-11-28T00:00:00Z","Title":"Trường Trung học Cơ sở Lương Phi","DiaChiCongTy":"ấp An Nhơn, xã Lương Phi - Xã Lương Phi - Huyện Tri Tôn - An Giang","Created":"2015-11-16T15:31:40Z","Updated":"2015-11-16T15:31:40Z","IsDelete":false,"RequestChanged":false,"ExitsInGDT":false,"SourceID":0,"TinhThanhID":0,"TinhThanhTitle":"An Giang","TinhThanhTitleAscii":"/an-giang","QuanHuyenID":0,"NganhNgheTitle":"Hoạt động dịch vụ phục vụ cá nhân khác còn lại chưa được phân vào đâu","NganhNgheTitleAscii":"/nganh-nghe/hoat-dong-dich-vu-phuc-vu-ca-nhan-khac-con-lai-chua-duoc-phan-vao-dau","DSTags":["1600674556","An Giang",null]},{"Type":11,"SolrID":"/1600368460-ubnd-xa-luong-phi","ID":0,"MaSoThue":"1600368460","NgayCap":"1998-10-28T00:00:00Z","Title":"UBND xã Lương Phi","DiaChiCongTy":"ấp An Ninh, xã Lương Phi - Huyện Tri Tôn - An Giang","Created":"2015-11-14T17:30:18Z","Updated":"2015-11-14T17:30:18Z","IsDelete":false,"RequestChanged":false,"ExitsInGDT":false,"SourceID":0,"TinhThanhID":0,"TinhThanhTitle":"An Giang","TinhThanhTitleAscii":"/an-giang","QuanHuyenID":0,"NganhNgheTitle":"Hoạt động của Đảng cộng sản, tổ chức chính trị - xã hội, quản lý nhà nước, an ninh quốc phòng và bảo đảm xã hội bắt buộc","NganhNgheTitleAscii":"/nganh-nghe/hoat-dong-cua-dang-cong-san-to-chuc-chinh-tri-xa-hoi-quan-ly-nha-nuoc-an-ninh-quoc-phong-va-bao-dam-xa-hoi-bat-buoc","DSTags":["1600368460","An Giang",null]}]}