{"ID":7539,"SolrID":"/an-giang/huyen-tri-ton/xa-luong-an-tra","Title":"Xã Lương An Trà","TinhThanhTitle":"An Giang","QuanHuyenTitle":"Huyện Tri Tôn","QuanHuyenID":526,"TinhThanhID":35,"Url":"https://thongtindoanhnghiep.co/api/company?l=/an-giang/huyen-tri-ton/xa-luong-an-tra","Total":62,"List":[{"Type":11,"SolrID":"/1602149432-cong-ty-tnhh-mot-thanh-vien-nong-san-duc-chinh","ID":0,"MaSoThue":"1602149432","NgayCap":"2021-07-03T00:00:00Z","Title":"Công Ty TNHH Một Thành Viên Nông Sản Đức Chính","DiaChiCongTy":"Ấp Ninh Phước, Xã Lương An Trà, Huyện Tri Tôn, Tỉnh An Giang","Created":"2021-07-03T15:35:30Z","Updated":"2021-07-03T15:35:30Z","IsDelete":false,"RequestChanged":false,"ExitsInGDT":false,"SourceID":0,"TinhThanhID":0,"TinhThanhTitle":"An Giang","TinhThanhTitleAscii":"/an-giang","QuanHuyenID":0,"NganhNgheTitle":"Bán buôn thực phẩm","NganhNgheTitleAscii":"/nganh-nghe/ban-buon-thuc-pham","DSTags":["1602149432","An Giang",null]},{"Type":11,"SolrID":"/1602149344-doanh-nghiep-tu-nhan-tiem-vang-linh-hue","ID":0,"MaSoThue":"1602149344","NgayCap":"2021-06-30T00:00:00Z","Title":"Doanh Nghiệp Tư Nhân Tiệm Vàng Linh Huệ","DiaChiCongTy":"Số 242, Tổ 13, Ấp Ninh Phước, Xã Lương An Trà, Huyện Tri Tôn, Tỉnh An Giang","Created":"2021-06-30T12:36:48Z","Updated":"2021-06-30T12:36:48Z","IsDelete":false,"RequestChanged":false,"ExitsInGDT":false,"SourceID":0,"TinhThanhID":0,"TinhThanhTitle":"An Giang","TinhThanhTitleAscii":"/an-giang","QuanHuyenID":0,"NganhNgheTitle":"Bán buôn kim loại và quặng kim loại","NganhNgheTitleAscii":"/nganh-nghe/ban-buon-kim-loai-va-quang-kim-loai","DSTags":["1602149344","An Giang",null]},{"Type":11,"SolrID":"/1602089705-cong-ty-tnhh-mot-thanh-vien-nguyen-van-oai","ID":0,"MaSoThue":"1602089705","NgayCap":"2018-12-25T00:00:00Z","Title":"Công Ty TNHH Một Thành Viên Nguyễn Văn Oai","DiaChiCongTy":"Ấp Linh Phước, Xã Lương An Trà, Huyện Tri Tôn, Tỉnh An Giang","Created":"2018-12-25T08:46:19Z","Updated":"2018-12-25T08:46:19Z","IsDelete":false,"RequestChanged":false,"ExitsInGDT":false,"SourceID":0,"TinhThanhID":0,"TinhThanhTitle":"An Giang","TinhThanhTitleAscii":"/an-giang","QuanHuyenID":0,"NganhNgheTitle":"Khai thác và thu gom than non","NganhNgheTitleAscii":"/nganh-nghe/khai-thac-va-thu-gom-than-non","DSTags":["1602089705","An Giang",null]},{"Type":11,"SolrID":"/0312947565-001-chi-nhanh-cong-ty-tnhh-san-xuat-thuong-mai-thuy-sy-tai-an-giang","ID":0,"MaSoThue":"0312947565-001","NgayCap":"2018-01-18T00:00:00Z","Title":"Chi Nhánh Công Ty TNHH Sản Xuất Thương Mại Thụy Sỹ Tại An Giang","DiaChiCongTy":"Ấp Ninh Phước, Xã Lương An Trà, Huyện Tri Tôn, Tỉnh An Giang","Created":"2018-01-20T09:28:11Z","Updated":"2018-01-20T09:28:11Z","IsDelete":false,"RequestChanged":false,"ExitsInGDT":false,"SourceID":0,"TinhThanhID":0,"TinhThanhTitle":"An Giang","TinhThanhTitleAscii":"/an-giang","QuanHuyenID":0,"NganhNgheTitle":"Bán buôn chuyên doanh khác chưa được phân vào đâu","NganhNgheTitleAscii":"/nganh-nghe/ban-buon-chuyen-doanh-khac-chua-duoc-phan-vao-dau","DSTags":["0312947565-001","An Giang",null]},{"Type":11,"SolrID":"/1602053177-cong-ty-cp-aiq-an-giang","ID":0,"MaSoThue":"1602053177","NgayCap":"2017-10-25T00:00:00Z","Title":"Công Ty CP Aiq An Giang","DiaChiCongTy":"Ấp Cà Na, Xã Lương An Trà, Huyện Tri Tôn, Tỉnh An Giang","Created":"2017-10-25T16:36:58Z","Updated":"2017-10-25T16:36:58Z","IsDelete":false,"RequestChanged":false,"ExitsInGDT":false,"SourceID":0,"TinhThanhID":0,"TinhThanhTitle":"An Giang","TinhThanhTitleAscii":"/an-giang","QuanHuyenID":0,"NganhNgheTitle":"Trồng lúa","NganhNgheTitleAscii":"/nganh-nghe/trong-lua","DSTags":["1602053177","An Giang",null]},{"Type":11,"SolrID":"/1602052367-cong-ty-tnhh-san-xuat-thuong-mai-duong-tuyet-hue","ID":0,"MaSoThue":"1602052367","NgayCap":"2017-10-16T00:00:00Z","Title":"Công Ty TNHH Sản Xuất Thương Mại Dương Tuyết Huệ","DiaChiCongTy":"Ấp Ninh Phước, Xã Lương An Trà, Huyện Tri Tôn, Tỉnh An Giang","Created":"2017-10-16T13:35:37Z","Updated":"2017-10-16T13:35:37Z","IsDelete":false,"RequestChanged":false,"ExitsInGDT":false,"SourceID":0,"TinhThanhID":0,"TinhThanhTitle":"An Giang","TinhThanhTitleAscii":"/an-giang","QuanHuyenID":0,"NganhNgheTitle":"Sản xuất phân bón và hợp chất ni tơ","NganhNgheTitleAscii":"/nganh-nghe/san-xuat-phan-bon-va-hop-chat-ni-to","DSTags":["1602052367","An Giang",null]},{"Type":11,"SolrID":"/1602027804-cong-ty-tnhh-dich-vu-thuong-mai-xay-dung-nong-nghiep-phu-lam","ID":0,"MaSoThue":"1602027804","NgayCap":"2016-12-17T00:00:00Z","Title":"Công Ty TNHH Dịch Vụ Thương Mại Xây Dựng Nông Nghiệp Phú Lâm","DiaChiCongTy":"Ấp Giồng Cát, Xã Lương An Trà, Huyện Tri Tôn, Tỉnh An Giang","Created":"2016-12-17T10:43:29Z","Updated":"2016-12-17T10:43:29Z","IsDelete":false,"RequestChanged":false,"ExitsInGDT":false,"SourceID":0,"TinhThanhID":0,"TinhThanhTitle":"An Giang","TinhThanhTitleAscii":"/an-giang","QuanHuyenID":0,"NganhNgheTitle":"Trồng cây ăn quả","NganhNgheTitleAscii":"/nganh-nghe/trong-cay-an-qua","DSTags":["1602027804","An Giang",null]},{"Type":11,"SolrID":"/1602016986-cong-ty-tnhh-xay-dung-hoa-thanh-loi","ID":0,"MaSoThue":"1602016986","NgayCap":"2016-08-17T00:00:00Z","Title":"CôNG TY TNHH XâY DựNG HòA THàNH LợI","DiaChiCongTy":"Số 444, ấp Giồng Cát - Xã Lương An Trà - Huyện Tri Tôn - An Giang","Created":"2016-08-20T19:50:49Z","Updated":"2016-09-10T16:04:53Z","IsDelete":false,"RequestChanged":false,"ExitsInGDT":false,"SourceID":0,"TinhThanhID":0,"TinhThanhTitle":"An Giang","TinhThanhTitleAscii":"/an-giang","QuanHuyenID":0,"DSTags":["1602016986","An Giang",null]},{"Type":11,"SolrID":"/1602006995-cong-ty-tnhh-mot-thanh-vien-nong-nghiep-nong-viet","ID":0,"MaSoThue":"1602006995","NgayCap":"2016-04-12T00:00:00Z","Title":"Công Ty TNHH Một Thành Viên Nông Nghiệp Nông Việt","DiaChiCongTy":"Tổ 6, ấp Giồng Cát - Xã Lương An Trà - Huyện Tri Tôn - An Giang","Created":"2016-04-18T08:15:04Z","Updated":"2016-04-18T08:15:04Z","IsDelete":false,"RequestChanged":false,"ExitsInGDT":false,"SourceID":0,"TinhThanhID":0,"TinhThanhTitle":"An Giang","TinhThanhTitleAscii":"/an-giang","QuanHuyenID":0,"NganhNgheTitle":"Trồng lúa","NganhNgheTitleAscii":"/nganh-nghe/trong-lua","DSTags":["1602006995","An Giang",null]},{"Type":11,"SolrID":"/1601978726-cong-ty-tnhh-san-xuat-thuong-mai-va-dich-vu-hai-thuan-an-giang","ID":0,"MaSoThue":"1601978726","NgayCap":"2015-07-23T00:00:00Z","Title":"Công Ty TNHH Sản Xuất Thương Mại Và Dịch Vụ Hải Thuận An Giang","DiaChiCongTy":"Tổ 17, Đường Tri Tôn - Vàm Rầy, ấp Giồng Cát - Xã Lương An Trà - Huyện Tri Tôn - An Giang","Created":"2015-11-18T21:30:35Z","Updated":"2015-11-18T21:30:35Z","IsDelete":false,"RequestChanged":false,"ExitsInGDT":false,"SourceID":0,"TinhThanhID":0,"TinhThanhTitle":"An Giang","TinhThanhTitleAscii":"/an-giang","QuanHuyenID":0,"NganhNgheTitle":"Chế biến, bảo quản thuỷ sản và các sản phẩm từ thuỷ sản","NganhNgheTitleAscii":"/nganh-nghe/che-bien-bao-quan-thuy-san-va-cac-san-pham-tu-thuy-san","DSTags":["1601978726","An Giang",null]},{"Type":11,"SolrID":"/1601970124-cong-ty-tnhh-mot-thanh-vien-xay-dung-thuong-mai-va-dich-vu-thien-ngoc-thuan","ID":0,"MaSoThue":"1601970124","NgayCap":"2015-04-20T00:00:00Z","Title":"Công Ty TNHH Một Thành Viên Xây Dựng Thương Mại Và Dịch Vụ Thiên Ngọc Thuận","DiaChiCongTy":"Tổ 16, ấp Giồng Cát - Xã Lương An Trà - Huyện Tri Tôn - An Giang","Created":"2015-11-17T09:08:08Z","Updated":"2015-11-17T09:08:08Z","IsDelete":false,"RequestChanged":false,"ExitsInGDT":false,"SourceID":0,"TinhThanhID":0,"TinhThanhTitle":"An Giang","TinhThanhTitleAscii":"/an-giang","QuanHuyenID":0,"NganhNgheTitle":"Xây dựng nhà các loại","NganhNgheTitleAscii":"/nganh-nghe/xay-dung-nha-cac-loai","DSTags":["1601970124","An Giang",null]},{"Type":11,"SolrID":"/1601969898-cong-ty-tnhh-mot-thanh-vien-xay-dung-thuong-mai-va-dich-vu-phu-quy-tri-ton","ID":0,"MaSoThue":"1601969898","NgayCap":"2015-04-15T00:00:00Z","Title":"Công Ty TNHH Một Thành Viên Xây Dựng Thương Mại Và Dịch Vụ Phú Quý Tri Tôn","DiaChiCongTy":"Tổ 16, ấp Giồng Cát - Xã Lương An Trà - Huyện Tri Tôn - An Giang","Created":"2015-11-17T08:42:04Z","Updated":"2015-11-17T08:42:04Z","IsDelete":false,"RequestChanged":false,"ExitsInGDT":false,"SourceID":0,"TinhThanhID":0,"TinhThanhTitle":"An Giang","TinhThanhTitleAscii":"/an-giang","QuanHuyenID":0,"NganhNgheTitle":"Xây dựng nhà các loại","NganhNgheTitleAscii":"/nganh-nghe/xay-dung-nha-cac-loai","DSTags":["1601969898","An Giang",null]},{"Type":11,"SolrID":"/1601932457-cong-ty-tnhh-mot-thanh-vien-xay-dung-thuong-mai-va-dich-vu-thien-thien-ngan","ID":0,"MaSoThue":"1601932457","NgayCap":"2014-07-11T00:00:00Z","Title":"Công Ty TNHH Một Thành Viên Xây Dựng Thương Mại Và Dịch Vụ Thiên Thiên Ngân","DiaChiCongTy":"Tổ 16, ấp Giồng Cát - Xã Lương An Trà - Huyện Tri Tôn - An Giang","Created":"2015-11-09T13:01:08Z","Updated":"2015-11-09T13:01:08Z","IsDelete":false,"RequestChanged":false,"ExitsInGDT":false,"SourceID":0,"TinhThanhID":0,"TinhThanhTitle":"An Giang","TinhThanhTitleAscii":"/an-giang","QuanHuyenID":0,"NganhNgheTitle":"Bán buôn vật liệu, thiết bị lắp đặt khác trong xây dựng","NganhNgheTitleAscii":"/nganh-nghe/ban-buon-vat-lieu-thiet-bi-lap-dat-khac-trong-xay-dung","DSTags":["1601932457","An Giang",null]},{"Type":11,"SolrID":"/1601916889-cong-ty-tnhh-mot-thanh-vien-khiet-thanh","ID":0,"MaSoThue":"1601916889","NgayCap":"2014-03-27T00:00:00Z","Title":"Công Ty TNHH Một Thành Viên Khiết Thành","DiaChiCongTy":"Số 333, ấp Giồng Cát - Xã Lương An Trà - Huyện Tri Tôn - An Giang","Created":"2015-11-09T17:52:12Z","Updated":"2015-11-09T17:52:12Z","IsDelete":false,"RequestChanged":false,"ExitsInGDT":false,"SourceID":0,"TinhThanhID":0,"TinhThanhTitle":"An Giang","TinhThanhTitleAscii":"/an-giang","QuanHuyenID":0,"NganhNgheTitle":"Chăn nuôi trâu, bò","NganhNgheTitleAscii":"/nganh-nghe/chan-nuoi-trau-bo","DSTags":["1601916889","An Giang",null]},{"Type":11,"SolrID":"/1601912757-cong-ty-tnhh-mot-thanh-vien-dao-hai-duong","ID":0,"MaSoThue":"1601912757","NgayCap":"2014-02-28T00:00:00Z","Title":"Công Ty TNHH Một Thành Viên Đào Hải Dương","DiaChiCongTy":"ấp Giồng Cát - Xã Lương An Trà - Huyện Tri Tôn - An Giang","Created":"2015-11-09T13:53:43Z","Updated":"2015-11-09T13:53:43Z","IsDelete":false,"RequestChanged":false,"ExitsInGDT":false,"SourceID":0,"TinhThanhID":0,"TinhThanhTitle":"An Giang","TinhThanhTitleAscii":"/an-giang","QuanHuyenID":0,"NganhNgheTitle":"Xây dựng công trình đường sắt và đường bộ","NganhNgheTitleAscii":"/nganh-nghe/xay-dung-cong-trinh-duong-sat-va-duong-bo","DSTags":["1601912757","An Giang",null]},{"Type":11,"SolrID":"/0300559014-004-xi-nghiep-luong-thuc-tri-ton-chi-nhanh-cong-ty-tnhh-mot-thanh-vien-luong-thuc-thanh-pho-ho-chi-minh","ID":0,"MaSoThue":"0300559014-004","NgayCap":"2014-02-07T00:00:00Z","Title":"Xí Nghiệp Lương Thực Tri Tôn-Chi Nhánh Công Ty TNHH Một Thành Viên Lương Thực Thành Phố Hồ Chí Minh","DiaChiCongTy":"ấp Giồng Cát - Xã Lương An Trà - Huyện Tri Tôn - An Giang","Created":"2015-11-17T13:39:42Z","Updated":"2015-11-17T13:39:42Z","IsDelete":false,"RequestChanged":false,"ExitsInGDT":false,"SourceID":0,"TinhThanhID":0,"TinhThanhTitle":"An Giang","TinhThanhTitleAscii":"/an-giang","QuanHuyenID":0,"NganhNgheTitle":"Bán buôn gạo","NganhNgheTitleAscii":"/nganh-nghe/ban-buon-gao","DSTags":["0300559014-004","An Giang",null]},{"Type":11,"SolrID":"/1601899295-cong-ty-tnhh-mot-thanh-vien-le-hoang-hai","ID":0,"MaSoThue":"1601899295","NgayCap":"2013-12-20T00:00:00Z","Title":"Công Ty TNHH Một Thành Viên Lê Hoàng Hải","DiaChiCongTy":"Tổ 16, ấp Ninh Phước - Xã Lương An Trà - Huyện Tri Tôn - An Giang","Created":"2015-11-09T21:00:14Z","Updated":"2015-11-09T21:00:14Z","IsDelete":false,"RequestChanged":false,"ExitsInGDT":false,"SourceID":0,"TinhThanhID":0,"TinhThanhTitle":"An Giang","TinhThanhTitleAscii":"/an-giang","QuanHuyenID":0,"NganhNgheTitle":"Sản xuất phân bón và hợp chất ni tơ","NganhNgheTitleAscii":"/nganh-nghe/san-xuat-phan-bon-va-hop-chat-ni-to","DSTags":["1601899295","An Giang",null]},{"Type":11,"SolrID":"/1601890038-cong-ty-tnhh-mot-thanh-vien-vinh-phat-loi","ID":0,"MaSoThue":"1601890038","NgayCap":"2013-09-28T00:00:00Z","Title":"Công Ty TNHH Một Thành Viên Vinh Phát Lợi","DiaChiCongTy":"Số 316, Tổ 19, ấp Ninh Phước - Xã Lương An Trà - Huyện Tri Tôn - An Giang","Created":"2015-11-11T18:34:13Z","Updated":"2015-11-11T18:34:13Z","IsDelete":false,"RequestChanged":false,"ExitsInGDT":false,"SourceID":0,"TinhThanhID":0,"TinhThanhTitle":"An Giang","TinhThanhTitleAscii":"/an-giang","QuanHuyenID":0,"NganhNgheTitle":"Xây dựng nhà các loại","NganhNgheTitleAscii":"/nganh-nghe/xay-dung-nha-cac-loai","DSTags":["1601890038","An Giang",null]},{"Type":11,"SolrID":"/1601889138-doanh-nghiep-tn-tiem-vang-anh-nguyet","ID":0,"MaSoThue":"1601889138","NgayCap":"2013-09-18T00:00:00Z","Title":"Doanh Nghiệp TN Tiệm Vàng ánh Nguyệt","DiaChiCongTy":"Số 723, ấp Giồng Cát - Xã Lương An Trà - Huyện Tri Tôn - An Giang","Created":"2015-11-18T04:41:19Z","Updated":"2015-11-18T04:41:19Z","IsDelete":false,"RequestChanged":false,"ExitsInGDT":false,"SourceID":0,"TinhThanhID":0,"TinhThanhTitle":"An Giang","TinhThanhTitleAscii":"/an-giang","QuanHuyenID":0,"NganhNgheTitle":"Bán buôn kim loại và quặng kim loại","NganhNgheTitleAscii":"/nganh-nghe/ban-buon-kim-loai-va-quang-kim-loai","DSTags":["1601889138","An Giang",null]},{"Type":11,"SolrID":"/1601886401-doanh-nghiep-tn-huynh-phuoc-loi","ID":0,"MaSoThue":"1601886401","NgayCap":"2013-08-14T00:00:00Z","Title":"Doanh Nghiệp TN Huỳnh Phước Lợi","DiaChiCongTy":"Tổ 13, ấp Ninh Phước - Xã Lương An Trà - Huyện Tri Tôn - An Giang","Created":"2015-11-18T05:42:00Z","Updated":"2015-11-18T05:42:00Z","IsDelete":false,"RequestChanged":false,"ExitsInGDT":false,"SourceID":0,"TinhThanhID":0,"TinhThanhTitle":"An Giang","TinhThanhTitleAscii":"/an-giang","QuanHuyenID":0,"NganhNgheTitle":"Bán buôn gạo","NganhNgheTitleAscii":"/nganh-nghe/ban-buon-gao","DSTags":["1601886401","An Giang",null]},{"Type":11,"SolrID":"/1601885990-cong-ty-tnhh-thuong-mai-san-xuat-tan-khuong","ID":0,"MaSoThue":"1601885990","NgayCap":"2013-08-12T00:00:00Z","Title":"Công Ty TNHH Thương Mại - Sản Xuất Tấn Khương","DiaChiCongTy":"ấp Giồng Cát - Xã Lương An Trà - Huyện Tri Tôn - An Giang","Created":"2015-11-11T19:31:40Z","Updated":"2015-11-11T19:31:40Z","IsDelete":false,"RequestChanged":false,"ExitsInGDT":false,"SourceID":0,"TinhThanhID":0,"TinhThanhTitle":"An Giang","TinhThanhTitleAscii":"/an-giang","QuanHuyenID":0,"NganhNgheTitle":"Bán buôn nông, lâm sản nguyên liệu (trừ gỗ, tre, nứa) và động vật sống","NganhNgheTitleAscii":"/nganh-nghe/ban-buon-nong-lam-san-nguyen-lieu-tru-go-tre-nua-va-dong-vat-song","DSTags":["1601885990","An Giang",null]},{"Type":11,"SolrID":"/1601884732-trung-tam-chua-benh-giao-duc-ldxh-tinh-an-giang","ID":0,"MaSoThue":"1601884732","NgayCap":"2013-07-25T00:00:00Z","Title":"Trung Tâm Chữa Bệnh - Giáo Dục - LĐXH Tỉnh An Giang","DiaChiCongTy":"Lương An Trà - Xã Lương An Trà - Huyện Tri Tôn - An Giang","Created":"2015-11-16T20:59:51Z","Updated":"2015-11-16T20:59:51Z","IsDelete":false,"RequestChanged":false,"ExitsInGDT":false,"SourceID":0,"TinhThanhID":0,"TinhThanhTitle":"An Giang","TinhThanhTitleAscii":"/an-giang","QuanHuyenID":0,"NganhNgheTitle":"Giáo dục trung học cơ sở và trung học phổ thông","NganhNgheTitleAscii":"/nganh-nghe/giao-duc-trung-hoc-co-so-va-trung-hoc-pho-thong","DSTags":["1601884732","An Giang",null]},{"Type":11,"SolrID":"/1601884034-cong-ty-tnhh-mot-thanh-vien-thien-dinh-an","ID":0,"MaSoThue":"1601884034","NgayCap":"2013-07-16T00:00:00Z","Title":"Công Ty TNHH Một Thành Viên Thiên Định An","DiaChiCongTy":"ấp Cà Na - Xã Lương An Trà - Huyện Tri Tôn - An Giang","Created":"2015-11-11T20:09:30Z","Updated":"2015-11-11T20:09:30Z","IsDelete":false,"RequestChanged":false,"ExitsInGDT":false,"SourceID":0,"TinhThanhID":0,"TinhThanhTitle":"An Giang","TinhThanhTitleAscii":"/an-giang","QuanHuyenID":0,"NganhNgheTitle":"Hoạt động dịch vụ phục vụ cá nhân khác còn lại chưa được phân vào đâu","NganhNgheTitleAscii":"/nganh-nghe/hoat-dong-dich-vu-phuc-vu-ca-nhan-khac-con-lai-chua-duoc-phan-vao-dau","DSTags":["1601884034","An Giang",null]},{"Type":11,"SolrID":"/1601883802-cong-ty-cp-phat-trien-nong-trai-xanh","ID":0,"MaSoThue":"1601883802","NgayCap":"2013-07-15T00:00:00Z","Title":"Công Ty CP Phát Triển Nông Trại Xanh","DiaChiCongTy":"Số 777, ấp Cà Na - Xã Lương An Trà - Huyện Tri Tôn - An Giang","Created":"2015-11-17T08:05:00Z","Updated":"2015-11-17T08:05:00Z","IsDelete":false,"RequestChanged":false,"ExitsInGDT":false,"SourceID":0,"TinhThanhID":0,"TinhThanhTitle":"An Giang","TinhThanhTitleAscii":"/an-giang","QuanHuyenID":0,"NganhNgheTitle":"Bán buôn nông, lâm sản nguyên liệu (trừ gỗ, tre, nứa) và động vật sống","NganhNgheTitleAscii":"/nganh-nghe/ban-buon-nong-lam-san-nguyen-lieu-tru-go-tre-nua-va-dong-vat-song","DSTags":["1601883802","An Giang",null]},{"Type":11,"SolrID":"/1601767637-001-van-phong-dai-dien-cong-ty-cp-nong-nghiep-tan-thanh-nguyen","ID":0,"MaSoThue":"1601767637-001","NgayCap":"2013-07-11T00:00:00Z","Title":"Văn Phòng Đại Diện Công Ty CP Nông Nghiệp Tấn Thành Nguyên","DiaChiCongTy":"Số 78, ấp Ninh Phước - Xã Lương An Trà - Huyện Tri Tôn - An Giang","Created":"2015-11-17T09:31:31Z","Updated":"2015-11-17T09:31:31Z","IsDelete":false,"RequestChanged":false,"ExitsInGDT":false,"SourceID":0,"TinhThanhID":0,"TinhThanhTitle":"An Giang","TinhThanhTitleAscii":"/an-giang","QuanHuyenID":0,"NganhNgheTitle":"Trồng lúa","NganhNgheTitleAscii":"/nganh-nghe/trong-lua","DSTags":["1601767637-001","An Giang",null]},{"Type":11,"SolrID":"/1601882862-cong-ty-tnhh-mot-thanh-vien-luong-thuc-vo-van-thanh","ID":0,"MaSoThue":"1601882862","NgayCap":"2013-07-05T00:00:00Z","Title":"Công Ty TNHH Một Thành Viên Lương Thực Võ Văn Thành","DiaChiCongTy":"ấp Giồng Cát - Xã Lương An Trà - Huyện Tri Tôn - An Giang","Created":"2015-11-11T20:22:48Z","Updated":"2015-11-11T20:22:48Z","IsDelete":false,"RequestChanged":false,"ExitsInGDT":false,"SourceID":0,"TinhThanhID":0,"TinhThanhTitle":"An Giang","TinhThanhTitleAscii":"/an-giang","QuanHuyenID":0,"NganhNgheTitle":"Bán buôn nông, lâm sản nguyên liệu (trừ gỗ, tre, nứa) và động vật sống","NganhNgheTitleAscii":"/nganh-nghe/ban-buon-nong-lam-san-nguyen-lieu-tru-go-tre-nua-va-dong-vat-song","DSTags":["1601882862","An Giang",null]},{"Type":11,"SolrID":"/1601882894-cong-ty-tnhh-mot-thanh-vien-luong-thuc-ngo-minh-nhut","ID":0,"MaSoThue":"1601882894","NgayCap":"2013-07-05T00:00:00Z","Title":"Công Ty TNHH Một Thành Viên Lương Thực Ngô Minh Nhựt","DiaChiCongTy":"Số 415, ấp Giồng Cát - Xã Lương An Trà - Huyện Tri Tôn - An Giang","Created":"2015-11-11T20:22:49Z","Updated":"2016-09-11T04:38:00Z","IsDelete":false,"RequestChanged":false,"ExitsInGDT":false,"SourceID":0,"TinhThanhID":0,"TinhThanhTitle":"An Giang","TinhThanhTitleAscii":"/an-giang","QuanHuyenID":0,"DSTags":["1601882894","An Giang",null]},{"Type":11,"SolrID":"/1601880978-doanh-nghiep-tn-hoang-gia-khanh","ID":0,"MaSoThue":"1601880978","NgayCap":"2013-06-20T00:00:00Z","Title":"Doanh Nghiệp TN Hoàng Gia Khánh","DiaChiCongTy":"Tổ 4, ấp Giồng Cát - Xã Lương An Trà - Huyện Tri Tôn - An Giang","Created":"2015-11-18T05:41:57Z","Updated":"2015-11-18T05:41:57Z","IsDelete":false,"RequestChanged":false,"ExitsInGDT":false,"SourceID":0,"TinhThanhID":0,"TinhThanhTitle":"An Giang","TinhThanhTitleAscii":"/an-giang","QuanHuyenID":0,"NganhNgheTitle":"Bán buôn vật liệu, thiết bị lắp đặt khác trong xây dựng","NganhNgheTitleAscii":"/nganh-nghe/ban-buon-vat-lieu-thiet-bi-lap-dat-khac-trong-xay-dung","DSTags":["1601880978","An Giang",null]},{"Type":11,"SolrID":"/1601879940-cong-ty-tnhh-mot-thanh-vien-nong-phu-khang","ID":0,"MaSoThue":"1601879940","NgayCap":"2013-06-13T00:00:00Z","Title":"Công Ty TNHH Một Thành Viên Nông Phú Khang","DiaChiCongTy":"Số 759, ấp Giồng Cát - Xã Lương An Trà - Huyện Tri Tôn - An Giang","Created":"2015-11-11T20:49:12Z","Updated":"2015-11-11T20:49:12Z","IsDelete":false,"RequestChanged":false,"ExitsInGDT":false,"SourceID":0,"TinhThanhID":0,"TinhThanhTitle":"An Giang","TinhThanhTitleAscii":"/an-giang","QuanHuyenID":0,"NganhNgheTitle":"Xử lý hạt giống để nhân giống","NganhNgheTitleAscii":"/nganh-nghe/xu-ly-hat-giong-de-nhan-giong","DSTags":["1601879940","An Giang",null]},{"Type":11,"SolrID":"/1601869741-cong-ty-tnhh-mot-thanh-vien-xd-tm-dv-son-ba","ID":0,"MaSoThue":"1601869741","NgayCap":"2013-04-08T00:00:00Z","Title":"Công Ty TNHH Một Thành Viên Xd - Tm & Dv Sơn Bá","DiaChiCongTy":"Tổ 6, ấp Giồng Cát - Xã Lương An Trà - Huyện Tri Tôn - An Giang","Created":"2015-11-11T23:26:26Z","Updated":"2015-11-11T23:26:26Z","IsDelete":false,"RequestChanged":false,"ExitsInGDT":false,"SourceID":0,"TinhThanhID":0,"TinhThanhTitle":"An Giang","TinhThanhTitleAscii":"/an-giang","QuanHuyenID":0,"NganhNgheTitle":"Xây dựng nhà các loại","NganhNgheTitleAscii":"/nganh-nghe/xay-dung-nha-cac-loai","DSTags":["1601869741","An Giang",null]},{"Type":11,"SolrID":"/1601869526-cong-ty-tnhh-thuong-mai-dich-vu-san-xuat-va-xuat-nhap-khau-nong-dien-viet-lao","ID":0,"MaSoThue":"1601869526","NgayCap":"2013-04-05T00:00:00Z","Title":"Công Ty TNHH Thương Mại Dịch Vụ Sản Xuất Và Xuất Nhập Khẩu Nông Điền Việt Lào","DiaChiCongTy":"ấp Giồng Cát - Xã Lương An Trà - Huyện Tri Tôn - An Giang","Created":"2015-11-11T23:26:24Z","Updated":"2015-11-11T23:26:24Z","IsDelete":false,"RequestChanged":false,"ExitsInGDT":false,"SourceID":0,"TinhThanhID":0,"TinhThanhTitle":"An Giang","TinhThanhTitleAscii":"/an-giang","QuanHuyenID":0,"NganhNgheTitle":"Xử lý hạt giống để nhân giống","NganhNgheTitleAscii":"/nganh-nghe/xu-ly-hat-giong-de-nhan-giong","DSTags":["1601869526","An Giang",null]},{"Type":11,"SolrID":"/1601834001-cong-ty-tnhh-mot-thanh-vien-luong-thuc-an-tra","ID":0,"MaSoThue":"1601834001","NgayCap":"2012-09-11T00:00:00Z","Title":"Công Ty TNHH Một Thành Viên Lương Thực An Trà","DiaChiCongTy":"ấp Giồng Cát - Xã Lương An Trà - Huyện Tri Tôn - An Giang","Created":"2015-11-11T19:38:06Z","Updated":"2015-11-11T19:38:06Z","IsDelete":false,"RequestChanged":false,"ExitsInGDT":false,"SourceID":0,"TinhThanhID":0,"TinhThanhTitle":"An Giang","TinhThanhTitleAscii":"/an-giang","QuanHuyenID":0,"NganhNgheTitle":"Khai khoáng khác chưa được phân vào đâu","NganhNgheTitleAscii":"/nganh-nghe/khai-khoang-khac-chua-duoc-phan-vao-dau-10612","DSTags":["1601834001","An Giang",null]},{"Type":11,"SolrID":"/1601809340-cong-ty-cp-che-bien-luong-thuc-va-xuat-nhap-khau-an-tra-pht","ID":0,"MaSoThue":"1601809340","NgayCap":"2012-08-10T00:00:00Z","Title":"Công Ty CP Chế Biến Lương Thực Và Xuất Nhập Khẩu An Trà - Pht","DiaChiCongTy":"Tổ 16, ấp Ninh Phước - Xã Lương An Trà - Huyện Tri Tôn - An Giang","Created":"2015-11-12T06:22:23Z","Updated":"2015-11-12T06:22:23Z","IsDelete":false,"RequestChanged":false,"ExitsInGDT":false,"SourceID":0,"TinhThanhID":0,"TinhThanhTitle":"An Giang","TinhThanhTitleAscii":"/an-giang","QuanHuyenID":0,"NganhNgheTitle":"Khai khoáng khác chưa được phân vào đâu","NganhNgheTitleAscii":"/nganh-nghe/khai-khoang-khac-chua-duoc-phan-vao-dau-10612","DSTags":["1601809340","An Giang",null]},{"Type":11,"SolrID":"/0300611539-007-chi-nhanh-tri-ton-cong-ty-tnhh-binh-tay","ID":0,"MaSoThue":"0300611539-007","NgayCap":"2012-06-06T00:00:00Z","Title":"Chi Nhánh Tri Tôn-Công Ty TNHH Bình Tây","DiaChiCongTy":"ấp Giồng Cát - Xã Lương An Trà - Huyện Tri Tôn - An Giang","Created":"2015-11-17T13:41:17Z","Updated":"2015-11-17T13:41:17Z","IsDelete":false,"RequestChanged":false,"ExitsInGDT":false,"SourceID":0,"TinhThanhID":0,"TinhThanhTitle":"An Giang","TinhThanhTitleAscii":"/an-giang","QuanHuyenID":0,"NganhNgheTitle":"Bán buôn gạo","NganhNgheTitleAscii":"/nganh-nghe/ban-buon-gao","DSTags":["0300611539-007","An Giang",null]},{"Type":11,"SolrID":"/1601693625-cong-ty-tnhh-mot-thanh-vien-phu-phu-kim","ID":0,"MaSoThue":"1601693625","NgayCap":"2012-03-28T00:00:00Z","Title":"Công Ty TNHH Một Thành Viên Phú Phú Kim","DiaChiCongTy":"Số 739, ấp Giồng Cát - Xã Lương An Trà - Huyện Tri Tôn - An Giang","Created":"2015-11-09T16:17:06Z","Updated":"2015-11-09T16:17:06Z","IsDelete":false,"RequestChanged":false,"ExitsInGDT":false,"SourceID":0,"TinhThanhID":0,"TinhThanhTitle":"An Giang","TinhThanhTitleAscii":"/an-giang","QuanHuyenID":0,"NganhNgheTitle":"Xử lý hạt giống để nhân giống","NganhNgheTitleAscii":"/nganh-nghe/xu-ly-hat-giong-de-nhan-giong","DSTags":["1601693625","An Giang",null]},{"Type":11,"SolrID":"/6300168237-002-van-phong-dai-dien-cong-ty-co-phan-nong-nghiep-tan-thanh","ID":0,"MaSoThue":"6300168237-002","NgayCap":"2012-03-26T00:00:00Z","Title":"Văn Phòng Đại Diện Công Ty Cổ Phần Nông Nghiệp Tấn Thành","DiaChiCongTy":"ấp Ninh Phước - Xã Lương An Trà - Huyện Tri Tôn - An Giang","Created":"2015-11-11T05:36:24Z","Updated":"2015-11-11T05:36:24Z","IsDelete":false,"RequestChanged":false,"ExitsInGDT":false,"SourceID":0,"TinhThanhID":0,"TinhThanhTitle":"An Giang","TinhThanhTitleAscii":"/an-giang","QuanHuyenID":0,"NganhNgheTitle":"Trồng lúa","NganhNgheTitleAscii":"/nganh-nghe/trong-lua","DSTags":["6300168237-002","An Giang",null]},{"Type":11,"SolrID":"/1601658451-cong-ty-tnhh-xd-tm-dv-nguyen-thanh-phong","ID":0,"MaSoThue":"1601658451","NgayCap":"2012-02-20T00:00:00Z","Title":"Công Ty TNHH Xd-Tm&Dv Nguyễn Thanh Phong","DiaChiCongTy":"Tổ 8, ấp Giồng Cát - Xã Lương An Trà - Huyện Tri Tôn - An Giang","Created":"2015-11-09T21:13:02Z","Updated":"2015-11-09T21:13:02Z","IsDelete":false,"RequestChanged":false,"ExitsInGDT":false,"SourceID":0,"TinhThanhID":0,"TinhThanhTitle":"An Giang","TinhThanhTitleAscii":"/an-giang","QuanHuyenID":0,"NganhNgheTitle":"Bán buôn chuyên doanh khác chưa được phân vào đâu","NganhNgheTitleAscii":"/nganh-nghe/ban-buon-chuyen-doanh-khac-chua-duoc-phan-vao-dau","DSTags":["1601658451","An Giang",null]},{"Type":11,"SolrID":"/1601500922-cong-ty-tnhh-mot-thanh-vien-san-xuat-phan-bon-dien-phu-nong","ID":0,"MaSoThue":"1601500922","NgayCap":"2011-06-28T00:00:00Z","Title":"Công Ty TNHH Một Thành Viên Sản Xuất Phân Bón Điền Phú Nông","DiaChiCongTy":"Số 171, ấp Ninh Phước - Xã Lương An Trà - Huyện Tri Tôn - An Giang","Created":"2015-11-09T12:15:09Z","Updated":"2015-11-09T12:15:09Z","IsDelete":false,"RequestChanged":false,"ExitsInGDT":false,"SourceID":0,"TinhThanhID":0,"TinhThanhTitle":"An Giang","TinhThanhTitleAscii":"/an-giang","QuanHuyenID":0,"NganhNgheTitle":"Sản xuất phân bón và hợp chất ni tơ","NganhNgheTitleAscii":"/nganh-nghe/san-xuat-phan-bon-va-hop-chat-ni-to","DSTags":["1601500922","An Giang",null]},{"Type":11,"SolrID":"/1601488376-cong-ty-tnhh-mot-thanh-vien-trinh-van-phu","ID":0,"MaSoThue":"1601488376","NgayCap":"2011-04-28T00:00:00Z","Title":"Công Ty TNHH Một Thành Viên Trịnh Văn Phú","DiaChiCongTy":"Số 546, ấp Giồng Cát - Xã Lương An Trà - Huyện Tri Tôn - An Giang","Created":"2015-11-09T20:23:17Z","Updated":"2015-11-09T20:23:17Z","IsDelete":false,"RequestChanged":false,"ExitsInGDT":false,"SourceID":0,"TinhThanhID":0,"TinhThanhTitle":"An Giang","TinhThanhTitleAscii":"/an-giang","QuanHuyenID":0,"NganhNgheTitle":"Hoạt động dịch vụ sau thu hoạch","NganhNgheTitleAscii":"/nganh-nghe/hoat-dong-dich-vu-sau-thu-hoach","DSTags":["1601488376","An Giang",null]},{"Type":11,"SolrID":"/1600184590-047-chi-nhanh-cong-ty-tnhh-mot-thanh-vien-xang-dau-an-giang-cua-hang-xang-dau-luong-an-tra","ID":0,"MaSoThue":"1600184590-047","NgayCap":"2010-12-13T00:00:00Z","Title":"Chi Nhánh Công Ty TNHH Một Thành Viên Xăng Dầu An Giang-Cửa Hàng Xăng Dầu Lương An Trà","DiaChiCongTy":"ấp Ninh Phước - Xã Lương An Trà - Huyện Tri Tôn - An Giang","Created":"2015-11-10T01:37:52Z","Updated":"2015-11-10T01:37:52Z","IsDelete":false,"RequestChanged":false,"ExitsInGDT":false,"SourceID":0,"TinhThanhID":0,"TinhThanhTitle":"An Giang","TinhThanhTitleAscii":"/an-giang","QuanHuyenID":0,"NganhNgheTitle":"Bán buôn nhiên liệu rắn, lỏng, khí và các sản phẩm liên quan","NganhNgheTitleAscii":"/nganh-nghe/ban-buon-nhien-lieu-ran-long-khi-va-cac-san-pham-lien-quan","DSTags":["1600184590-047","An Giang",null]},{"Type":11,"SolrID":"/1601431323-cong-ty-tnhh-mot-thanh-vien-minh-tam","ID":0,"MaSoThue":"1601431323","NgayCap":"2010-12-13T00:00:00Z","Title":"Công Ty TNHH Một Thành Viên Minh Tâm","DiaChiCongTy":"Tổ 16, ấp Ninh Phước - Xã Lương An Trà - Huyện Tri Tôn - An Giang","Created":"2015-11-10T01:40:53Z","Updated":"2015-11-10T01:40:53Z","IsDelete":false,"RequestChanged":false,"ExitsInGDT":false,"SourceID":0,"TinhThanhID":0,"TinhThanhTitle":"An Giang","TinhThanhTitleAscii":"/an-giang","QuanHuyenID":0,"NganhNgheTitle":"Sản xuất, phân phối hơi nước, nước nóng, điều hoà không khí và sản xuất nước đá","NganhNgheTitleAscii":"/nganh-nghe/san-xuat-phan-phoi-hoi-nuoc-nuoc-nong-dieu-hoa-khong-khi-va-san-xuat-nuoc-da","DSTags":["1601431323","An Giang",null]},{"Type":11,"SolrID":"/1601403005-cong-ty-tnhh-mot-thanh-vien-trang-trai-anh-huy","ID":0,"MaSoThue":"1601403005","NgayCap":"2010-10-11T00:00:00Z","Title":"Công Ty TNHH Một Thành Viên Trang Trại Anh Huy","DiaChiCongTy":"ấp Ninh Phước - Xã Lương An Trà - Huyện Tri Tôn - An Giang","Created":"2015-11-11T12:44:21Z","Updated":"2015-11-11T12:44:21Z","IsDelete":false,"RequestChanged":false,"ExitsInGDT":false,"SourceID":0,"TinhThanhID":0,"TinhThanhTitle":"An Giang","TinhThanhTitleAscii":"/an-giang","QuanHuyenID":0,"NganhNgheTitle":"Trồng lúa","NganhNgheTitleAscii":"/nganh-nghe/trong-lua","DSTags":["1601403005","An Giang",null]},{"Type":11,"SolrID":"/1601401865-cong-ty-tnhh-mot-thanh-vien-sd","ID":0,"MaSoThue":"1601401865","NgayCap":"2010-10-05T00:00:00Z","Title":"Công Ty TNHH Một Thành Viên Sd","DiaChiCongTy":"Số 666, tổ 19, ấp Giồng Cát - Xã Lương An Trà - Huyện Tri Tôn - An Giang","Created":"2015-11-09T18:50:45Z","Updated":"2015-11-09T18:50:45Z","IsDelete":false,"RequestChanged":false,"ExitsInGDT":false,"SourceID":0,"TinhThanhID":0,"TinhThanhTitle":"An Giang","TinhThanhTitleAscii":"/an-giang","QuanHuyenID":0,"NganhNgheTitle":"Xử lý hạt giống để nhân giống","NganhNgheTitleAscii":"/nganh-nghe/xu-ly-hat-giong-de-nhan-giong","DSTags":["1601401865","An Giang",null]},{"Type":11,"SolrID":"/1601399091-doanh-nghiep-tn-khai-hoan","ID":0,"MaSoThue":"1601399091","NgayCap":"2010-09-22T00:00:00Z","Title":"Doanh Nghiệp TN Khải Hoàn","DiaChiCongTy":"ấp Giồng Cát - Xã Lương An Trà - Huyện Tri Tôn - An Giang","Created":"2015-11-08T23:42:59Z","Updated":"2015-11-08T23:42:59Z","IsDelete":false,"RequestChanged":false,"ExitsInGDT":false,"SourceID":0,"TinhThanhID":0,"TinhThanhTitle":"An Giang","TinhThanhTitleAscii":"/an-giang","QuanHuyenID":0,"NganhNgheTitle":"Bán buôn chuyên doanh khác chưa được phân vào đâu","NganhNgheTitleAscii":"/nganh-nghe/ban-buon-chuyen-doanh-khac-chua-duoc-phan-vao-dau","DSTags":["1601399091","An Giang",null]},{"Type":11,"SolrID":"/1601337666-cong-ty-tnhh-mot-thanh-vien-huy-khanh","ID":0,"MaSoThue":"1601337666","NgayCap":"2010-05-10T00:00:00Z","Title":"Công Ty TNHH Một Thành Viên Huy Khánh","DiaChiCongTy":"Số 757,tổ 10 ấp Giồng Cát - Xã Lương An Trà - Huyện Tri Tôn - An Giang","Created":"2015-11-09T02:27:01Z","Updated":"2015-11-09T02:27:01Z","IsDelete":false,"RequestChanged":false,"ExitsInGDT":false,"SourceID":0,"TinhThanhID":0,"TinhThanhTitle":"An Giang","TinhThanhTitleAscii":"/an-giang","QuanHuyenID":0,"NganhNgheTitle":"Vận tải hàng hóa bằng đường bộ","NganhNgheTitleAscii":"/nganh-nghe/van-tai-hang-hoa-bang-duong-bo","DSTags":["1601337666","An Giang",null]},{"Type":11,"SolrID":"/1600192619-030-cong-ty-co-phan-tap-doan-loc-troi-chi-nhanh-trai-san-xuat-giong-luong-an-tra","ID":0,"MaSoThue":"1600192619-030","NgayCap":"2009-08-07T00:00:00Z","Title":"Công Ty Cổ Phần Tập Đoàn Lộc Trời-Chi Nhánh Trại Sản Xuất Giống Lương An Trà.","DiaChiCongTy":"ấp Giồng Cát - Xã Lương An Trà - Huyện Tri Tôn - An Giang","Created":"2015-11-18T16:14:06Z","Updated":"2015-11-18T16:14:06Z","IsDelete":false,"RequestChanged":false,"ExitsInGDT":false,"SourceID":0,"TinhThanhID":0,"TinhThanhTitle":"An Giang","TinhThanhTitleAscii":"/an-giang","QuanHuyenID":0,"NganhNgheTitle":"Hoạt động dịch vụ trồng trọt","NganhNgheTitleAscii":"/nganh-nghe/hoat-dong-dich-vu-trong-trot","DSTags":["1600192619-030","An Giang",null]},{"Type":11,"SolrID":"/1601189922-cty-tnhh-mot-thanh-vien-trang-trai-anh-huy","ID":0,"MaSoThue":"1601189922","NgayCap":"2009-07-14T00:00:00Z","Title":"Cty TNHH Một Thành Viên Trang Trại Anh Huy","DiaChiCongTy":"ấp Ninh Phước, xã Lương An Trà - Huyện Tri Tôn - An Giang","Created":"2015-11-13T22:29:02Z","Updated":"2015-11-13T22:29:02Z","IsDelete":false,"RequestChanged":false,"ExitsInGDT":false,"SourceID":0,"TinhThanhID":0,"TinhThanhTitle":"An Giang","TinhThanhTitleAscii":"/an-giang","QuanHuyenID":0,"NganhNgheTitle":"Bán buôn (trừ ô tô, mô tô, xe máy và xe có động cơ khác)","NganhNgheTitleAscii":"/nganh-nghe/ban-buon-tru-o-to-mo-to-xe-may-va-xe-co-dong-co-khac","DSTags":["1601189922","An Giang",null]},{"Type":11,"SolrID":"/1601106690-nguyen-thanh-hung","ID":0,"MaSoThue":"1601106690","NgayCap":"2009-04-24T00:00:00Z","Title":"Nguyễn Thanh Hưng","DiaChiCongTy":"ấp Ninh Phước Xã Lương An trà - Huyện Tri Tôn - An Giang","Created":"2015-11-16T14:39:22Z","Updated":"2015-11-16T14:39:22Z","IsDelete":false,"RequestChanged":false,"ExitsInGDT":false,"SourceID":0,"TinhThanhID":0,"TinhThanhTitle":"An Giang","TinhThanhTitleAscii":"/an-giang","QuanHuyenID":0,"NganhNgheTitle":"NÔNG NGHIỆP, LÂM NGHIỆP VÀ THUỶ SẢN","NganhNgheTitleAscii":"/nganh-nghe/nong-nghiep-lam-nghiep-va-thuy-san","DSTags":["1601106690","An Giang",null]},{"Type":11,"SolrID":"/1600977920-dntn-xay-dung-hoa-luc","ID":0,"MaSoThue":"1600977920","NgayCap":"2008-09-23T00:00:00Z","Title":"DNTN Xây Dựng Hoà Lực","DiaChiCongTy":"ấp Giồng cát, xã Lương An Trà - Huyện Tri Tôn - An Giang","Created":"2015-11-11T07:45:58Z","Updated":"2015-11-11T07:45:58Z","IsDelete":false,"RequestChanged":false,"ExitsInGDT":false,"SourceID":0,"TinhThanhID":0,"TinhThanhTitle":"An Giang","TinhThanhTitleAscii":"/an-giang","QuanHuyenID":0,"NganhNgheTitle":"Xây dựng công trình kỹ thuật dân dụng","NganhNgheTitleAscii":"/nganh-nghe/xay-dung-cong-trinh-ky-thuat-dan-dung","DSTags":["1600977920","An Giang",null]},{"Type":11,"SolrID":"/1600969091-nguyen-ngoc-si","ID":0,"MaSoThue":"1600969091","NgayCap":"2008-07-17T00:00:00Z","Title":"Nguyễn Ngọc Sĩ","DiaChiCongTy":"ấp Giồng Cát Xã Lương An Trà - Huyện Tri Tôn - An Giang","Created":"2015-11-16T19:03:43Z","Updated":"2015-11-16T19:03:43Z","IsDelete":false,"RequestChanged":false,"ExitsInGDT":false,"SourceID":0,"TinhThanhID":0,"TinhThanhTitle":"An Giang","TinhThanhTitleAscii":"/an-giang","QuanHuyenID":0,"NganhNgheTitle":"Quán rượu, bia, quầy bar","NganhNgheTitleAscii":"/nganh-nghe/quan-ruou-bia-quay-bar","DSTags":["1600969091","An Giang",null]},{"Type":11,"SolrID":"/1600969077-le-xuan-hung","ID":0,"MaSoThue":"1600969077","NgayCap":"2008-07-17T00:00:00Z","Title":"Lê Xuân Hưng","DiaChiCongTy":"ấp Ninh Phước Xã Lương An Trà - Huyện Tri Tôn - An Giang","Created":"2015-11-16T19:03:44Z","Updated":"2015-11-16T19:03:44Z","IsDelete":false,"RequestChanged":false,"ExitsInGDT":false,"SourceID":0,"TinhThanhID":0,"TinhThanhTitle":"An Giang","TinhThanhTitleAscii":"/an-giang","QuanHuyenID":0,"NganhNgheTitle":"NÔNG NGHIỆP, LÂM NGHIỆP VÀ THUỶ SẢN","NganhNgheTitleAscii":"/nganh-nghe/nong-nghiep-lam-nghiep-va-thuy-san","DSTags":["1600969077","An Giang",null]},{"Type":11,"SolrID":"/1600969084-do-thi-lanh","ID":0,"MaSoThue":"1600969084","NgayCap":"2008-07-17T00:00:00Z","Title":"Đỗ Thị Lành","DiaChiCongTy":"ấp Ninh Phước Xã Lương An Trà - Huyện Tri Tôn - An Giang","Created":"2015-11-16T00:33:26Z","Updated":"2015-11-16T00:33:26Z","IsDelete":false,"RequestChanged":false,"ExitsInGDT":false,"SourceID":0,"TinhThanhID":0,"TinhThanhTitle":"An Giang","TinhThanhTitleAscii":"/an-giang","QuanHuyenID":0,"NganhNgheTitle":"Bán lẻ lương thực trong các cửa hàng chuyên doanh","NganhNgheTitleAscii":"/nganh-nghe/ban-le-luong-thuc-trong-cac-cua-hang-chuyen-doanh","DSTags":["1600969084","An Giang",null]},{"Type":11,"SolrID":"/1600829062-hua-van-ket","ID":0,"MaSoThue":"1600829062","NgayCap":"2006-02-27T00:00:00Z","Title":"Hứa Văn Kết","DiaChiCongTy":"ấp Cây Gòn Xã Lương An Trà - Huyện Tri Tôn - An Giang","Created":"2015-11-16T17:24:30Z","Updated":"2015-11-16T17:24:30Z","IsDelete":false,"RequestChanged":false,"ExitsInGDT":false,"SourceID":0,"TinhThanhID":0,"TinhThanhTitle":"An Giang","TinhThanhTitleAscii":"/an-giang","QuanHuyenID":0,"NganhNgheTitle":"Sản xuất đồ gỗ xây dựng","NganhNgheTitleAscii":"/nganh-nghe/san-xuat-do-go-xay-dung","DSTags":["1600829062","An Giang",null]},{"Type":11,"SolrID":"/1600802487-phung-phat-tai","ID":0,"MaSoThue":"1600802487","NgayCap":"2005-09-07T00:00:00Z","Title":"Phùng Phát Tài","DiaChiCongTy":"ấp Giồng Cát Xã Lương An Trà - Huyện Tri Tôn - An Giang","Created":"2015-11-16T17:07:24Z","Updated":"2015-11-16T17:07:24Z","IsDelete":false,"RequestChanged":false,"ExitsInGDT":false,"SourceID":0,"TinhThanhID":0,"TinhThanhTitle":"An Giang","TinhThanhTitleAscii":"/an-giang","QuanHuyenID":0,"NganhNgheTitle":"Bán lẻ lương thực trong các cửa hàng chuyên doanh","NganhNgheTitleAscii":"/nganh-nghe/ban-le-luong-thuc-trong-cac-cua-hang-chuyen-doanh","DSTags":["1600802487","An Giang",null]},{"Type":11,"SolrID":"/1600745133-truong-mam-non-luong-an-tra","ID":0,"MaSoThue":"1600745133","NgayCap":"2004-11-09T00:00:00Z","Title":"Trường Mầm Non Lương An Trà","DiaChiCongTy":"xã Lương An Trà - Xã Lương An Trà - Huyện Tri Tôn - An Giang","Created":"2015-11-16T16:23:01Z","Updated":"2015-11-16T16:23:01Z","IsDelete":false,"RequestChanged":false,"ExitsInGDT":false,"SourceID":0,"TinhThanhID":0,"TinhThanhTitle":"An Giang","TinhThanhTitleAscii":"/an-giang","QuanHuyenID":0,"NganhNgheTitle":"Giáo dục mầm non","NganhNgheTitleAscii":"/nganh-nghe/giao-duc-mam-non","DSTags":["1600745133","An Giang",null]},{"Type":11,"SolrID":"/1600674612-truong-tieu-hoc-a-luong-an-tra","ID":0,"MaSoThue":"1600674612","NgayCap":"2003-11-28T00:00:00Z","Title":"Trường Tiểu học A Lương An Trà","DiaChiCongTy":"ấp Ninh Phước, xã Lương An Trà - Xã Lương An Trà - Huyện Tri Tôn - An Giang","Created":"2015-11-16T15:31:37Z","Updated":"2015-11-16T15:31:37Z","IsDelete":false,"RequestChanged":false,"ExitsInGDT":false,"SourceID":0,"TinhThanhID":0,"TinhThanhTitle":"An Giang","TinhThanhTitleAscii":"/an-giang","QuanHuyenID":0,"NganhNgheTitle":"Hoạt động dịch vụ phục vụ cá nhân khác còn lại chưa được phân vào đâu","NganhNgheTitleAscii":"/nganh-nghe/hoat-dong-dich-vu-phuc-vu-ca-nhan-khac-con-lai-chua-duoc-phan-vao-dau","DSTags":["1600674612","An Giang",null]},{"Type":11,"SolrID":"/1600674605-truong-tieu-hoc-b-luong-an-tra","ID":0,"MaSoThue":"1600674605","NgayCap":"2003-11-28T00:00:00Z","Title":"Trường Tiểu học B Lương An Trà","DiaChiCongTy":"ấp Giồng Cát, xã Lương An Trà - Huyện Tri Tôn - An Giang","Created":"2015-11-16T05:19:55Z","Updated":"2015-11-16T05:19:55Z","IsDelete":false,"RequestChanged":false,"ExitsInGDT":false,"SourceID":0,"TinhThanhID":0,"TinhThanhTitle":"An Giang","TinhThanhTitleAscii":"/an-giang","QuanHuyenID":0,"NganhNgheTitle":"Hoạt động dịch vụ phục vụ cá nhân khác còn lại chưa được phân vào đâu","NganhNgheTitleAscii":"/nganh-nghe/hoat-dong-dich-vu-phuc-vu-ca-nhan-khac-con-lai-chua-duoc-phan-vao-dau","DSTags":["1600674605","An Giang",null]},{"Type":11,"SolrID":"/1600674524-truong-trung-hoc-co-so-luong-an-tra","ID":0,"MaSoThue":"1600674524","NgayCap":"2003-11-28T00:00:00Z","Title":"Trường Trung học cơ sở Lương An Trà","DiaChiCongTy":"ấp Giồng Cát, xã Lương An Trà - Huyện Tri Tôn - An Giang","Created":"2015-11-16T05:20:01Z","Updated":"2015-11-16T05:20:01Z","IsDelete":false,"RequestChanged":false,"ExitsInGDT":false,"SourceID":0,"TinhThanhID":0,"TinhThanhTitle":"An Giang","TinhThanhTitleAscii":"/an-giang","QuanHuyenID":0,"NganhNgheTitle":"Hoạt động dịch vụ phục vụ cá nhân khác còn lại chưa được phân vào đâu","NganhNgheTitleAscii":"/nganh-nghe/hoat-dong-dich-vu-phuc-vu-ca-nhan-khac-con-lai-chua-duoc-phan-vao-dau","DSTags":["1600674524","An Giang",null]},{"Type":11,"SolrID":"/1600634592-tram-cap-nuoc-xa-luong-an-tra","ID":0,"MaSoThue":"1600634592","NgayCap":"2002-11-22T00:00:00Z","Title":"Trạm Cấp Nước Xã Lương An Trà","DiaChiCongTy":"ấp Giồng Cát Xã Lương An Trà - Huyện Tri Tôn - An Giang","Created":"2015-11-16T05:28:45Z","Updated":"2015-11-16T05:28:45Z","IsDelete":false,"RequestChanged":false,"ExitsInGDT":false,"SourceID":0,"TinhThanhID":0,"TinhThanhTitle":"An Giang","TinhThanhTitleAscii":"/an-giang","QuanHuyenID":0,"NganhNgheTitle":"Khai thác, xử lý và cung cấp nước","NganhNgheTitleAscii":"/nganh-nghe/khai-thac-xu-ly-va-cung-cap-nuoc","DSTags":["1600634592","An Giang",null]},{"Type":11,"SolrID":"/1600619001-doanh-nghiep-tn-thanh-khiet","ID":0,"MaSoThue":"1600619001","NgayCap":"2002-06-20T00:00:00Z","Title":"Doanh Nghiệp TN Thanh Khiết","DiaChiCongTy":"ấP Giồng Cát - Xã Lương An Trà - Huyện Tri Tôn - An Giang","Created":"2015-11-11T01:03:28Z","Updated":"2015-11-11T01:03:28Z","IsDelete":false,"RequestChanged":false,"ExitsInGDT":false,"SourceID":0,"TinhThanhID":0,"TinhThanhTitle":"An Giang","TinhThanhTitleAscii":"/an-giang","QuanHuyenID":0,"NganhNgheTitle":"Hoạt động xây dựng chuyên dụng khác","NganhNgheTitleAscii":"/nganh-nghe/hoat-dong-xay-dung-chuyen-dung-khac","DSTags":["1600619001","An Giang",null]},{"Type":11,"SolrID":"/1600194461-036-nha-may-che-bien-tinh-bot-mi","ID":0,"MaSoThue":"1600194461-036","NgayCap":"1999-02-24T00:00:00Z","Title":"Nhà Máy Chế Biến Tinh Bột Mì","DiaChiCongTy":"ấp giòng Cát xã Lương An Trà - Huyện Tri Tôn - An Giang","Created":"2015-11-18T16:22:36Z","Updated":"2015-11-18T16:22:36Z","IsDelete":false,"RequestChanged":false,"ExitsInGDT":false,"SourceID":0,"TinhThanhID":0,"TinhThanhTitle":"An Giang","TinhThanhTitleAscii":"/an-giang","QuanHuyenID":0,"NganhNgheTitle":"Sản xuất tinh bột và các sản phẩm từ tinh bột","NganhNgheTitleAscii":"/nganh-nghe/san-xuat-tinh-bot-va-cac-san-pham-tu-tinh-bot","DSTags":["1600194461-036","An Giang",null]},{"Type":11,"SolrID":"/1600368372-ubnd-xa-luong-an-tra","ID":0,"MaSoThue":"1600368372","NgayCap":"1998-10-28T00:00:00Z","Title":"UBND xã Lương An Trà","DiaChiCongTy":"ấp Giồng Cát, xã Lương An Trà - Huyện Tri Tôn - An Giang","Created":"2015-11-14T17:30:18Z","Updated":"2015-11-14T17:30:18Z","IsDelete":false,"RequestChanged":false,"ExitsInGDT":false,"SourceID":0,"TinhThanhID":0,"TinhThanhTitle":"An Giang","TinhThanhTitleAscii":"/an-giang","QuanHuyenID":0,"NganhNgheTitle":"Hoạt động của Đảng cộng sản, tổ chức chính trị - xã hội, quản lý nhà nước, an ninh quốc phòng và bảo đảm xã hội bắt buộc","NganhNgheTitleAscii":"/nganh-nghe/hoat-dong-cua-dang-cong-san-to-chuc-chinh-tri-xa-hoi-quan-ly-nha-nuoc-an-ninh-quoc-phong-va-bao-dam-xa-hoi-bat-buoc","DSTags":["1600368372","An Giang",null]}]}