{"ID":3645,"SolrID":"/an-giang/huyen-tri-ton/xa-le-tri","Title":"Xã Lê Trì","TinhThanhTitle":"An Giang","QuanHuyenTitle":"Huyện Tri Tôn","QuanHuyenID":526,"TinhThanhID":35,"Url":"https://thongtindoanhnghiep.co/api/company?l=/an-giang/huyen-tri-ton/xa-le-tri","Total":14,"List":[{"Type":11,"SolrID":"/1601985515-cong-ty-cp-san-xuat-thuong-mai-hanh-tinh-xanh","ID":0,"MaSoThue":"1601985515","NgayCap":"2015-10-16T00:00:00Z","Title":"Công Ty CP Sản Xuất Thương Mại Hành Tinh Xanh","DiaChiCongTy":"ấp Trung An - Xã Lê Trì - Huyện Tri Tôn - An Giang","Created":"2015-11-19T10:39:00Z","Updated":"2015-11-19T10:39:00Z","IsDelete":false,"RequestChanged":false,"ExitsInGDT":false,"SourceID":0,"TinhThanhID":0,"TinhThanhTitle":"An Giang","TinhThanhTitleAscii":"/an-giang","QuanHuyenID":0,"NganhNgheTitle":"Sản xuất khác chưa được phân vào đâu","NganhNgheTitleAscii":"/nganh-nghe/san-xuat-khac-chua-duoc-phan-vao-dau","DSTags":["1601985515","An Giang",null]},{"Type":11,"SolrID":"/1601892980-truong-tieu-hoc-le-tri","ID":0,"MaSoThue":"1601892980","NgayCap":"2013-10-31T00:00:00Z","Title":"Trường Tiểu Học Lê Trì","DiaChiCongTy":"An Thạnh - Xã Lê Trì - Huyện Tri Tôn - An Giang","Created":"2015-11-17T08:17:20Z","Updated":"2015-11-17T08:17:20Z","IsDelete":false,"RequestChanged":false,"ExitsInGDT":false,"SourceID":0,"TinhThanhID":0,"TinhThanhTitle":"An Giang","TinhThanhTitleAscii":"/an-giang","QuanHuyenID":0,"NganhNgheTitle":"Giáo dục và đào tạo","NganhNgheTitleAscii":"/nganh-nghe/giao-duc-va-dao-tao-85","DSTags":["1601892980","An Giang",null]},{"Type":11,"SolrID":"/1601889988-cong-ty-tnhh-mot-thanh-vien-xd-tm-dv-van-tri","ID":0,"MaSoThue":"1601889988","NgayCap":"2013-09-26T00:00:00Z","Title":"Công Ty TNHH Một Thành Viên Xd - Tm & Dv Văn Trí","DiaChiCongTy":"Số 323, Tổ 10, ấp An Thạnh - Xã Lê Trì - Huyện Tri Tôn - An Giang","Created":"2015-11-18T04:41:19Z","Updated":"2015-11-18T04:41:19Z","IsDelete":false,"RequestChanged":false,"ExitsInGDT":false,"SourceID":0,"TinhThanhID":0,"TinhThanhTitle":"An Giang","TinhThanhTitleAscii":"/an-giang","QuanHuyenID":0,"NganhNgheTitle":"Xây dựng nhà các loại","NganhNgheTitleAscii":"/nganh-nghe/xay-dung-nha-cac-loai","DSTags":["1601889988","An Giang",null]},{"Type":11,"SolrID":"/1601329746-cty-tnhh-tm-dv-xnk-son-trang","ID":0,"MaSoThue":"1601329746","NgayCap":"2010-04-15T00:00:00Z","Title":"Cty TNHH TM DV XNK Sơn Trang","DiaChiCongTy":"192 tổ 14 ấp Sóc Tức - Xã Lê Trì - Huyện Tri Tôn - An Giang","Created":"2015-11-09T05:13:51Z","Updated":"2015-11-09T05:13:51Z","IsDelete":false,"RequestChanged":false,"ExitsInGDT":false,"SourceID":0,"TinhThanhID":0,"TinhThanhTitle":"An Giang","TinhThanhTitleAscii":"/an-giang","QuanHuyenID":0,"NganhNgheTitle":"Bán buôn chuyên doanh khác","NganhNgheTitleAscii":"/nganh-nghe/ban-buon-chuyen-doanh-khac","DSTags":["1601329746","An Giang",null]},{"Type":11,"SolrID":"/1600967841-tran-van-son","ID":0,"MaSoThue":"1600967841","NgayCap":"2008-07-09T00:00:00Z","Title":"Trần Văn Sơn","DiaChiCongTy":"Xã Lê Trì - Xã Lê Trì - Huyện Tri Tôn - An Giang","Created":"2015-11-16T19:03:07Z","Updated":"2015-11-16T19:03:07Z","IsDelete":false,"RequestChanged":false,"ExitsInGDT":false,"SourceID":0,"TinhThanhID":0,"TinhThanhTitle":"An Giang","TinhThanhTitleAscii":"/an-giang","QuanHuyenID":0,"NganhNgheTitle":"NÔNG NGHIỆP, LÂM NGHIỆP VÀ THUỶ SẢN","NganhNgheTitleAscii":"/nganh-nghe/nong-nghiep-lam-nghiep-va-thuy-san","DSTags":["1600967841","An Giang",null]},{"Type":11,"SolrID":"/1600967834-hua-hoang-hieu","ID":0,"MaSoThue":"1600967834","NgayCap":"2008-07-09T00:00:00Z","Title":"Hứa Hoàng Hiếu","DiaChiCongTy":"Xã Lê Trì - Huyện Tri Tôn - An Giang","Created":"2015-11-16T19:03:08Z","Updated":"2015-11-16T19:03:08Z","IsDelete":false,"RequestChanged":false,"ExitsInGDT":false,"SourceID":0,"TinhThanhID":0,"TinhThanhTitle":"An Giang","TinhThanhTitleAscii":"/an-giang","QuanHuyenID":0,"NganhNgheTitle":"Quán rượu, bia, quầy bar","NganhNgheTitleAscii":"/nganh-nghe/quan-ruou-bia-quay-bar","DSTags":["1600967834","An Giang",null]},{"Type":11,"SolrID":"/1600967827-huynh-thien-an","ID":0,"MaSoThue":"1600967827","NgayCap":"2008-07-09T00:00:00Z","Title":"Huỳnh Thiện An","DiaChiCongTy":"Xã Lê Trì - Huyện Tri Tôn - An Giang","Created":"2015-11-16T19:03:08Z","Updated":"2015-11-16T19:03:08Z","IsDelete":false,"RequestChanged":false,"ExitsInGDT":false,"SourceID":0,"TinhThanhID":0,"TinhThanhTitle":"An Giang","TinhThanhTitleAscii":"/an-giang","QuanHuyenID":0,"NganhNgheTitle":"Quán rượu, bia, quầy bar","NganhNgheTitleAscii":"/nganh-nghe/quan-ruou-bia-quay-bar","DSTags":["1600967827","An Giang",null]},{"Type":11,"SolrID":"/1600967802-mai-thanh-thuy","ID":0,"MaSoThue":"1600967802","NgayCap":"2008-07-09T00:00:00Z","Title":"Mai Thanh Thuý","DiaChiCongTy":"Xã Lê Trì - Xã Lê Trì - Huyện Tri Tôn - An Giang","Created":"2015-11-16T19:03:09Z","Updated":"2015-11-16T19:03:09Z","IsDelete":false,"RequestChanged":false,"ExitsInGDT":false,"SourceID":0,"TinhThanhID":0,"TinhThanhTitle":"An Giang","TinhThanhTitleAscii":"/an-giang","QuanHuyenID":0,"NganhNgheTitle":"NÔNG NGHIỆP, LÂM NGHIỆP VÀ THUỶ SẢN","NganhNgheTitleAscii":"/nganh-nghe/nong-nghiep-lam-nghiep-va-thuy-san","DSTags":["1600967802","An Giang",null]},{"Type":11,"SolrID":"/1600967792-quach-van-canh","ID":0,"MaSoThue":"1600967792","NgayCap":"2008-07-09T00:00:00Z","Title":"Quách Văn Cảnh","DiaChiCongTy":"Xã Lê Trì - Huyện Tri Tôn - An Giang","Created":"2015-11-16T19:03:10Z","Updated":"2015-11-16T19:03:10Z","IsDelete":false,"RequestChanged":false,"ExitsInGDT":false,"SourceID":0,"TinhThanhID":0,"TinhThanhTitle":"An Giang","TinhThanhTitleAscii":"/an-giang","QuanHuyenID":0,"NganhNgheTitle":"Bán lẻ lương thực trong các cửa hàng chuyên doanh","NganhNgheTitleAscii":"/nganh-nghe/ban-le-luong-thuc-trong-cac-cua-hang-chuyen-doanh","DSTags":["1600967792","An Giang",null]},{"Type":11,"SolrID":"/1600966189-nguyen-kim-trung","ID":0,"MaSoThue":"1600966189","NgayCap":"2008-06-24T00:00:00Z","Title":"Nguyễn Kim Trung","DiaChiCongTy":"Lê Trì - Xã Lê Trì - Huyện Tri Tôn - An Giang","Created":"2015-11-16T19:02:07Z","Updated":"2015-11-16T19:02:07Z","IsDelete":false,"RequestChanged":false,"ExitsInGDT":false,"SourceID":0,"TinhThanhID":0,"TinhThanhTitle":"An Giang","TinhThanhTitleAscii":"/an-giang","QuanHuyenID":0,"NganhNgheTitle":"Sản xuất đồ uống","NganhNgheTitleAscii":"/nganh-nghe/san-xuat-do-uong-110","DSTags":["1600966189","An Giang",null]},{"Type":11,"SolrID":"/1600468296-doanh-nghiep-tn-chac-thanh-dat","ID":0,"MaSoThue":"1600468296","NgayCap":"2004-04-13T00:00:00Z","Title":"Doanh Nghiệp TN Chắc Thành Đạt","DiaChiCongTy":"ấp An Thạnh - Xã Lê Trì - Huyện Tri Tôn - An Giang","Created":"2015-11-09T01:32:05Z","Updated":"2015-11-09T01:32:05Z","IsDelete":false,"RequestChanged":false,"ExitsInGDT":false,"SourceID":0,"TinhThanhID":0,"TinhThanhTitle":"An Giang","TinhThanhTitleAscii":"/an-giang","QuanHuyenID":0,"NganhNgheTitle":"Bán buôn nhiên liệu rắn, lỏng, khí và các sản phẩm liên quan","NganhNgheTitleAscii":"/nganh-nghe/ban-buon-nhien-lieu-ran-long-khi-va-cac-san-pham-lien-quan","DSTags":["1600468296","An Giang",null]},{"Type":11,"SolrID":"/1600674387-truong-mau-giao-le-tri","ID":0,"MaSoThue":"1600674387","NgayCap":"2003-11-28T00:00:00Z","Title":"Trường Mẫu giáo Lê Trì","DiaChiCongTy":"xã Lê Trì - Xã Lê Trì - Huyện Tri Tôn - An Giang","Created":"2015-11-16T15:31:24Z","Updated":"2015-11-16T15:31:24Z","IsDelete":false,"RequestChanged":false,"ExitsInGDT":false,"SourceID":0,"TinhThanhID":0,"TinhThanhTitle":"An Giang","TinhThanhTitleAscii":"/an-giang","QuanHuyenID":0,"NganhNgheTitle":"Hoạt động dịch vụ phục vụ cá nhân khác còn lại chưa được phân vào đâu","NganhNgheTitleAscii":"/nganh-nghe/hoat-dong-dich-vu-phuc-vu-ca-nhan-khac-con-lai-chua-duoc-phan-vao-dau","DSTags":["1600674387","An Giang",null]},{"Type":11,"SolrID":"/1600674482-truong-trung-hoc-co-so-le-tri","ID":0,"MaSoThue":"1600674482","NgayCap":"2003-11-28T00:00:00Z","Title":"Trường Trung học cơ sở Lê Trì","DiaChiCongTy":"ấp An Thạnh, xã Lê Trì - Huyện Tri Tôn - An Giang","Created":"2015-11-16T05:20:00Z","Updated":"2015-11-16T05:20:00Z","IsDelete":false,"RequestChanged":false,"ExitsInGDT":false,"SourceID":0,"TinhThanhID":0,"TinhThanhTitle":"An Giang","TinhThanhTitleAscii":"/an-giang","QuanHuyenID":0,"NganhNgheTitle":"Hoạt động dịch vụ phục vụ cá nhân khác còn lại chưa được phân vào đâu","NganhNgheTitleAscii":"/nganh-nghe/hoat-dong-dich-vu-phuc-vu-ca-nhan-khac-con-lai-chua-duoc-phan-vao-dau","DSTags":["1600674482","An Giang",null]},{"Type":11,"SolrID":"/1600368559-ubnd-xa-le-tri","ID":0,"MaSoThue":"1600368559","NgayCap":"1998-10-28T00:00:00Z","Title":"UBND xã Lê Trì","DiaChiCongTy":"ấp An Thạnh, xã Lê Trì - Huyện Tri Tôn - An Giang","Created":"2015-11-14T17:30:17Z","Updated":"2015-11-14T17:30:17Z","IsDelete":false,"RequestChanged":false,"ExitsInGDT":false,"SourceID":0,"TinhThanhID":0,"TinhThanhTitle":"An Giang","TinhThanhTitleAscii":"/an-giang","QuanHuyenID":0,"NganhNgheTitle":"Hoạt động của Đảng cộng sản, tổ chức chính trị - xã hội, quản lý nhà nước, an ninh quốc phòng và bảo đảm xã hội bắt buộc","NganhNgheTitleAscii":"/nganh-nghe/hoat-dong-cua-dang-cong-san-to-chuc-chinh-tri-xa-hoi-quan-ly-nha-nuoc-an-ninh-quoc-phong-va-bao-dam-xa-hoi-bat-buoc","DSTags":["1600368559","An Giang",null]}]}