{"ID":13041,"SolrID":"/an-giang/huyen-tri-ton/xa-lat","Title":"Xã LAT","TinhThanhTitle":"An Giang","QuanHuyenTitle":"Huyện Tri Tôn","QuanHuyenID":526,"TinhThanhID":35,"Url":"https://thongtindoanhnghiep.co/api/company?l=/an-giang/huyen-tri-ton/xa-lat","Total":3,"List":[{"Type":11,"SolrID":"/1600836045-nguyen-hoang-giang","ID":0,"MaSoThue":"1600836045","NgayCap":"2006-04-20T00:00:00Z","Title":"Nguyễn Hòang Giang","DiaChiCongTy":"ấp gống cát xã LAT - Huyện Tri Tôn - An Giang","Created":"2015-11-16T17:30:40Z","Updated":"2015-11-16T17:30:40Z","IsDelete":false,"RequestChanged":false,"ExitsInGDT":false,"SourceID":0,"TinhThanhID":0,"TinhThanhTitle":"An Giang","TinhThanhTitleAscii":"/an-giang","QuanHuyenID":0,"NganhNgheTitle":"Bán buôn vật liệu, thiết bị lắp đặt khác trong xây dựng","NganhNgheTitleAscii":"/nganh-nghe/ban-buon-vat-lieu-thiet-bi-lap-dat-khac-trong-xay-dung","DSTags":["1600836045","An Giang",null]},{"Type":11,"SolrID":"/1600829048-tran-thanh-sang","ID":0,"MaSoThue":"1600829048","NgayCap":"2006-02-27T00:00:00Z","Title":"Trần Thanh Sang","DiaChiCongTy":"ấp Cây gòn Xã LAT - Huyện Tri Tôn - An Giang","Created":"2015-11-16T17:24:32Z","Updated":"2015-11-16T17:24:32Z","IsDelete":false,"RequestChanged":false,"ExitsInGDT":false,"SourceID":0,"TinhThanhID":0,"TinhThanhTitle":"An Giang","TinhThanhTitleAscii":"/an-giang","QuanHuyenID":0,"NganhNgheTitle":"Sản xuất đồ gỗ xây dựng","NganhNgheTitleAscii":"/nganh-nghe/san-xuat-do-go-xay-dung","DSTags":["1600829048","An Giang",null]},{"Type":11,"SolrID":"/1600829030-le-van-le","ID":0,"MaSoThue":"1600829030","NgayCap":"2006-02-27T00:00:00Z","Title":"Lê Văn Le","DiaChiCongTy":"ấp Cây Gòn Xã LAT - Huyện Tri Tôn - An Giang","Created":"2015-11-16T17:24:34Z","Updated":"2015-11-16T17:24:34Z","IsDelete":false,"RequestChanged":false,"ExitsInGDT":false,"SourceID":0,"TinhThanhID":0,"TinhThanhTitle":"An Giang","TinhThanhTitleAscii":"/an-giang","QuanHuyenID":0,"NganhNgheTitle":"Sản xuất đồ gỗ xây dựng","NganhNgheTitleAscii":"/nganh-nghe/san-xuat-do-go-xay-dung","DSTags":["1600829030","An Giang",null]}]}