{"ID":14503,"SolrID":"/an-giang/huyen-tri-ton/xa-nui-to-huyen-tri-ton","Title":"Xã Núi Tô Huyện Tri Tôn","TinhThanhTitle":"An Giang","QuanHuyenTitle":"Huyện Tri Tôn","QuanHuyenID":526,"TinhThanhID":35,"Url":"https://thongtindoanhnghiep.co/api/company?l=/an-giang/huyen-tri-ton/xa-nui-to-huyen-tri-ton","Total":1,"List":[{"Type":11,"SolrID":"/1601492196-truong-trung-cap-nghe-dan-toc-noi-tru-tinh-an-giang","ID":0,"MaSoThue":"1601492196","NgayCap":"2011-05-23T00:00:00Z","Title":"Trường Trung Cấp Nghề Dân Tộc Nội Trú Tỉnh An Giang","DiaChiCongTy":"ấp tô Hạ, Xã Núi Tô Huyện Tri tôn - Huyện Tri Tôn - An Giang","Created":"2015-11-16T00:56:13Z","Updated":"2015-11-16T00:56:13Z","IsDelete":false,"RequestChanged":false,"ExitsInGDT":false,"SourceID":0,"TinhThanhID":0,"TinhThanhTitle":"An Giang","TinhThanhTitleAscii":"/an-giang","QuanHuyenID":0,"NganhNgheTitle":"Giáo dục trung cấp chuyên nghiệp","NganhNgheTitleAscii":"/nganh-nghe/giao-duc-trung-cap-chuyen-nghiep","DSTags":["1601492196","An Giang",null]}]}