{"ID":12505,"SolrID":"/an-giang/huyen-tri-ton/xa-o-lam","Title":"Xã Ô Lâm","TinhThanhTitle":"An Giang","QuanHuyenTitle":"Huyện Tri Tôn","QuanHuyenID":526,"TinhThanhID":35,"Url":"https://thongtindoanhnghiep.co/api/company?l=/an-giang/huyen-tri-ton/xa-o-lam","Total":16,"List":[{"Type":11,"SolrID":"/1602146336-cong-ty-tnhh-khai-thac-lam-san-tan-phat","ID":0,"MaSoThue":"1602146336","NgayCap":"2021-04-23T00:00:00Z","Title":"Công Ty TNHH Khai Thác Lâm Sản Tấn Phát","DiaChiCongTy":"Tổ 10, Ấp Phước Bình, Xã Ô Lâm, Huyện Tri Tôn, Tỉnh An Giang","Created":"2021-04-23T08:35:56Z","Updated":"2021-04-23T08:35:56Z","IsDelete":false,"RequestChanged":false,"ExitsInGDT":false,"SourceID":0,"TinhThanhID":0,"TinhThanhTitle":"An Giang","TinhThanhTitleAscii":"/an-giang","QuanHuyenID":0,"DSTags":["1602146336","An Giang",null]},{"Type":11,"SolrID":"/1601997895-cong-ty-tnhh-mot-thanh-vien-xang-dau-truong-thanh-tri-ton","ID":0,"MaSoThue":"1601997895","NgayCap":"2016-01-08T00:00:00Z","Title":"Công Ty TNHH Một Thành Viên Xăng Dầu Trường Thành Tri Tôn","DiaChiCongTy":"ấp Phước Bình - Xã ô Lâm - Huyện Tri Tôn - An Giang","Created":"2016-01-15T13:10:05Z","Updated":"2016-01-15T13:10:05Z","IsDelete":false,"RequestChanged":false,"ExitsInGDT":false,"SourceID":0,"TinhThanhID":0,"TinhThanhTitle":"An Giang","TinhThanhTitleAscii":"/an-giang","QuanHuyenID":0,"NganhNgheTitle":"Bán buôn nhiên liệu rắn, lỏng, khí và các sản phẩm liên quan","NganhNgheTitleAscii":"/nganh-nghe/ban-buon-nhien-lieu-ran-long-khi-va-cac-san-pham-lien-quan","DSTags":["1601997895","An Giang",null]},{"Type":11,"SolrID":"/1601875840-001-chi-nhanh-doanh-nghiep-tn-can-hung","ID":0,"MaSoThue":"1601875840-001","NgayCap":"2014-03-25T00:00:00Z","Title":"Chi Nhánh Doanh Nghiệp TN Cần Hứng","DiaChiCongTy":"ấp Phước Lộc - Xã ô Lâm - Huyện Tri Tôn - An Giang","Created":"2015-11-09T18:21:01Z","Updated":"2015-11-09T18:21:01Z","IsDelete":false,"RequestChanged":false,"ExitsInGDT":false,"SourceID":0,"TinhThanhID":0,"TinhThanhTitle":"An Giang","TinhThanhTitleAscii":"/an-giang","QuanHuyenID":0,"NganhNgheTitle":"Bán buôn kim loại và quặng kim loại","NganhNgheTitleAscii":"/nganh-nghe/ban-buon-kim-loai-va-quang-kim-loai","DSTags":["1601875840-001","An Giang",null]},{"Type":11,"SolrID":"/1601875985-doanh-nghiep-tn-chau-sem","ID":0,"MaSoThue":"1601875985","NgayCap":"2013-05-24T00:00:00Z","Title":"Doanh Nghiệp TN Chau Sem","DiaChiCongTy":"ấp Phước Lộc - Xã ô Lâm - Huyện Tri Tôn - An Giang","Created":"2015-11-16T21:09:52Z","Updated":"2015-11-16T21:09:52Z","IsDelete":false,"RequestChanged":false,"ExitsInGDT":false,"SourceID":0,"TinhThanhID":0,"TinhThanhTitle":"An Giang","TinhThanhTitleAscii":"/an-giang","QuanHuyenID":0,"NganhNgheTitle":"Bán buôn kim loại và quặng kim loại","NganhNgheTitleAscii":"/nganh-nghe/ban-buon-kim-loai-va-quang-kim-loai","DSTags":["1601875985","An Giang",null]},{"Type":11,"SolrID":"/1601643550-chau-pa-rang","ID":0,"MaSoThue":"1601643550","NgayCap":"2012-01-13T00:00:00Z","Title":"Chau Pa Răng","DiaChiCongTy":"Xã Ô Lâm - Huyện Tri Tôn - An Giang","Created":"2015-11-16T00:16:11Z","Updated":"2015-11-16T00:16:11Z","IsDelete":false,"RequestChanged":false,"ExitsInGDT":false,"SourceID":0,"TinhThanhID":0,"TinhThanhTitle":"An Giang","TinhThanhTitleAscii":"/an-giang","QuanHuyenID":0,"NganhNgheTitle":"Bán lẻ thiết bị gia đình khác trong các cửa hàng chuyên doanh","NganhNgheTitleAscii":"/nganh-nghe/ban-le-thiet-bi-gia-dinh-khac-trong-cac-cua-hang-chuyen-doanh","DSTags":["1601643550","An Giang",null]},{"Type":11,"SolrID":"/1601250006-neang-veth","ID":0,"MaSoThue":"1601250006","NgayCap":"2009-12-10T00:00:00Z","Title":"Neáng Vếth","DiaChiCongTy":"Xã ô Lâm - Huyện Tri Tôn - An Giang","Created":"2015-11-16T07:04:56Z","Updated":"2015-11-16T07:04:56Z","IsDelete":false,"RequestChanged":false,"ExitsInGDT":false,"SourceID":0,"TinhThanhID":0,"TinhThanhTitle":"An Giang","TinhThanhTitleAscii":"/an-giang","QuanHuyenID":0,"NganhNgheTitle":"Bán lẻ lương thực trong các cửa hàng chuyên doanh","NganhNgheTitleAscii":"/nganh-nghe/ban-le-luong-thuc-trong-cac-cua-hang-chuyen-doanh","DSTags":["1601250006","An Giang",null]},{"Type":11,"SolrID":"/1601209350-truong-tieu-hoc-a-o-lam","ID":0,"MaSoThue":"1601209350","NgayCap":"2009-08-21T00:00:00Z","Title":"Trường Tiểu Học A ô Lâm","DiaChiCongTy":"ấp Phước Lộc Xã ô Lâm - Huyện Tri Tôn - An Giang","Created":"2015-11-15T20:49:03Z","Updated":"2015-11-15T20:49:03Z","IsDelete":false,"RequestChanged":false,"ExitsInGDT":false,"SourceID":0,"TinhThanhID":0,"TinhThanhTitle":"An Giang","TinhThanhTitleAscii":"/an-giang","QuanHuyenID":0,"NganhNgheTitle":"Giáo dục tiểu học","NganhNgheTitleAscii":"/nganh-nghe/giao-duc-tieu-hoc","DSTags":["1601209350","An Giang",null]},{"Type":11,"SolrID":"/1601194915-truong-mau-giao-o-lam","ID":0,"MaSoThue":"1601194915","NgayCap":"2009-07-22T00:00:00Z","Title":"Trường Mẫu Giáo ô Lâm","DiaChiCongTy":"ấp Phước Lộc Xã ô Lâm - Xã ô Lâm - Huyện Tri Tôn - An Giang","Created":"2015-11-16T10:48:45Z","Updated":"2015-11-16T10:48:45Z","IsDelete":false,"RequestChanged":false,"ExitsInGDT":false,"SourceID":0,"TinhThanhID":0,"TinhThanhTitle":"An Giang","TinhThanhTitleAscii":"/an-giang","QuanHuyenID":0,"NganhNgheTitle":"Giáo dục mầm non","NganhNgheTitleAscii":"/nganh-nghe/giao-duc-mam-non","DSTags":["1601194915","An Giang",null]},{"Type":11,"SolrID":"/1600965996-huynh-van-tam","ID":0,"MaSoThue":"1600965996","NgayCap":"2008-06-20T00:00:00Z","Title":"Huỳnh Văn Tâm","DiaChiCongTy":"ấp Phước Lộc Xã ô Lâm - Xã ô Lâm - Huyện Tri Tôn - An Giang","Created":"2015-11-16T19:01:54Z","Updated":"2015-11-16T19:01:54Z","IsDelete":false,"RequestChanged":false,"ExitsInGDT":false,"SourceID":0,"TinhThanhID":0,"TinhThanhTitle":"An Giang","TinhThanhTitleAscii":"/an-giang","QuanHuyenID":0,"NganhNgheTitle":"Quán rượu, bia, quầy bar","NganhNgheTitleAscii":"/nganh-nghe/quan-ruou-bia-quay-bar","DSTags":["1600965996","An Giang",null]},{"Type":11,"SolrID":"/1600965989-chau-pheth","ID":0,"MaSoThue":"1600965989","NgayCap":"2008-06-20T00:00:00Z","Title":"Chau Phếth","DiaChiCongTy":"ấp Phước Long Xã Ô Lâm - Huyện Tri Tôn - An Giang","Created":"2015-11-16T19:01:55Z","Updated":"2015-11-16T19:01:55Z","IsDelete":false,"RequestChanged":false,"ExitsInGDT":false,"SourceID":0,"TinhThanhID":0,"TinhThanhTitle":"An Giang","TinhThanhTitleAscii":"/an-giang","QuanHuyenID":0,"NganhNgheTitle":"Khai khoáng khác chưa được phân vào đâu","NganhNgheTitleAscii":"/nganh-nghe/khai-khoang-khac-chua-duoc-phan-vao-dau-10612","DSTags":["1600965989","An Giang",null]},{"Type":11,"SolrID":"/1600965971-neang-soc-keo","ID":0,"MaSoThue":"1600965971","NgayCap":"2008-06-20T00:00:00Z","Title":"Néang Sóc Keo","DiaChiCongTy":"óâp Phước Lộc Xã Ô Lâm - Huyện Tri Tôn - An Giang","Created":"2015-11-16T19:01:55Z","Updated":"2015-11-16T19:01:55Z","IsDelete":false,"RequestChanged":false,"ExitsInGDT":false,"SourceID":0,"TinhThanhID":0,"TinhThanhTitle":"An Giang","TinhThanhTitleAscii":"/an-giang","QuanHuyenID":0,"NganhNgheTitle":"Bán lẻ lương thực trong các cửa hàng chuyên doanh","NganhNgheTitleAscii":"/nganh-nghe/ban-le-luong-thuc-trong-cac-cua-hang-chuyen-doanh","DSTags":["1600965971","An Giang",null]},{"Type":11,"SolrID":"/1600836119-pham-trung-dung","ID":0,"MaSoThue":"1600836119","NgayCap":"2006-04-20T00:00:00Z","Title":"Phạm Trung Dũng","DiaChiCongTy":"ấp Phước Lộc Xã ô Lâm - Xã ô Lâm - Huyện Tri Tôn - An Giang","Created":"2015-11-16T17:30:38Z","Updated":"2015-11-16T17:30:38Z","IsDelete":false,"RequestChanged":false,"ExitsInGDT":false,"SourceID":0,"TinhThanhID":0,"TinhThanhTitle":"An Giang","TinhThanhTitleAscii":"/an-giang","QuanHuyenID":0,"NganhNgheTitle":"Bán, sửa chữa ô tô, mô tô, xe máy và xe có động cơ khác","NganhNgheTitleAscii":"/nganh-nghe/ban-sua-chua-o-to-mo-to-xe-may-va-xe-co-dong-co-khac","DSTags":["1600836119","An Giang",null]},{"Type":11,"SolrID":"/1600674267-truong-tieu-hoc-a-o-lam","ID":0,"MaSoThue":"1600674267","NgayCap":"2004-01-15T00:00:00Z","Title":"Trường Tiểu Học A ô Lâm","DiaChiCongTy":"xã ô Lâm - Huyện Tri Tôn - An Giang","Created":"2015-11-16T05:18:42Z","Updated":"2015-11-16T05:18:42Z","IsDelete":false,"RequestChanged":false,"ExitsInGDT":false,"SourceID":0,"TinhThanhID":0,"TinhThanhTitle":"An Giang","TinhThanhTitleAscii":"/an-giang","QuanHuyenID":0,"NganhNgheTitle":"Hoạt động dịch vụ phục vụ cá nhân khác còn lại chưa được phân vào đâu","NganhNgheTitleAscii":"/nganh-nghe/hoat-dong-dich-vu-phuc-vu-ca-nhan-khac-con-lai-chua-duoc-phan-vao-dau","DSTags":["1600674267","An Giang",null]},{"Type":11,"SolrID":"/1600676521-truong-trung-hoc-co-so-o-lam","ID":0,"MaSoThue":"1600676521","NgayCap":"2004-01-07T00:00:00Z","Title":"Trường Trung Học Cơ Sở ô Lâm","DiaChiCongTy":"ấp Phước Lộc , xã ô Lâm - Xã ô Lâm - Huyện Tri Tôn - An Giang","Created":"2015-11-16T15:35:50Z","Updated":"2015-11-16T15:35:50Z","IsDelete":false,"RequestChanged":false,"ExitsInGDT":false,"SourceID":0,"TinhThanhID":0,"TinhThanhTitle":"An Giang","TinhThanhTitleAscii":"/an-giang","QuanHuyenID":0,"NganhNgheTitle":"Giáo dục trung học cơ sở và trung học phổ thông","NganhNgheTitleAscii":"/nganh-nghe/giao-duc-trung-hoc-co-so-va-trung-hoc-pho-thong","DSTags":["1600676521","An Giang",null]},{"Type":11,"SolrID":"/1600674450-truong-tieu-hoc-b-o-lam","ID":0,"MaSoThue":"1600674450","NgayCap":"2003-11-28T00:00:00Z","Title":"Trường Tiểu học B ô Lâm","DiaChiCongTy":"ấp Phước Bình, xã ô Lâm - Xã ô Lâm - Huyện Tri Tôn - An Giang","Created":"2015-11-16T15:31:19Z","Updated":"2015-11-16T15:31:19Z","IsDelete":false,"RequestChanged":false,"ExitsInGDT":false,"SourceID":0,"TinhThanhID":0,"TinhThanhTitle":"An Giang","TinhThanhTitleAscii":"/an-giang","QuanHuyenID":0,"NganhNgheTitle":"Hoạt động dịch vụ phục vụ cá nhân khác còn lại chưa được phân vào đâu","NganhNgheTitleAscii":"/nganh-nghe/hoat-dong-dich-vu-phuc-vu-ca-nhan-khac-con-lai-chua-duoc-phan-vao-dau","DSTags":["1600674450","An Giang",null]},{"Type":11,"SolrID":"/1600368823-ubnd-xa-o-lam","ID":0,"MaSoThue":"1600368823","NgayCap":"1998-10-28T00:00:00Z","Title":"UBND xã ô Lâm","DiaChiCongTy":"ấp Phước Lộc, xã ô Lâm - Huyện Tri Tôn - An Giang","Created":"2015-11-14T14:45:10Z","Updated":"2015-11-14T14:45:10Z","IsDelete":false,"RequestChanged":false,"ExitsInGDT":false,"SourceID":0,"TinhThanhID":0,"TinhThanhTitle":"An Giang","TinhThanhTitleAscii":"/an-giang","QuanHuyenID":0,"NganhNgheTitle":"Hoạt động quản lý nhà nước nói chung và kinh tế tổng hợp","NganhNgheTitleAscii":"/nganh-nghe/hoat-dong-quan-ly-nha-nuoc-noi-chung-va-kinh-te-tong-hop","DSTags":["1600368823","An Giang",null]}]}