{"ID":14914,"SolrID":"/an-giang/huyen-tri-ton/xa-tan-tien","Title":"Xã Tân Tiến","TinhThanhTitle":"An Giang","QuanHuyenTitle":"Huyện Tri Tôn","QuanHuyenID":526,"TinhThanhID":35,"Url":"https://thongtindoanhnghiep.co/api/company?l=/an-giang/huyen-tri-ton/xa-tan-tien","Total":1,"List":[{"Type":11,"SolrID":"/1600367280-ubnd-xa-tan-tien","ID":0,"MaSoThue":"1600367280","NgayCap":"1998-10-28T00:00:00Z","Title":"UBND xã Tân Tiến","DiaChiCongTy":"Xã Tân Tiến - Huyện Tri Tôn - An Giang","Created":"2015-11-14T17:30:11Z","Updated":"2015-11-14T17:30:11Z","IsDelete":false,"RequestChanged":false,"ExitsInGDT":false,"SourceID":0,"TinhThanhID":0,"TinhThanhTitle":"An Giang","TinhThanhTitleAscii":"/an-giang","QuanHuyenID":0,"NganhNgheTitle":"Hoạt động quản lý nhà nước nói chung và kinh tế tổng hợp","NganhNgheTitleAscii":"/nganh-nghe/hoat-dong-quan-ly-nha-nuoc-noi-chung-va-kinh-te-tong-hop","DSTags":["1600367280","An Giang",null]}]}