{"ID":12722,"SolrID":"/an-giang/huyen-tri-ton/xa-tan-tuyen","Title":"Xã Tân Tuyến","TinhThanhTitle":"An Giang","QuanHuyenTitle":"Huyện Tri Tôn","QuanHuyenID":526,"TinhThanhID":35,"Url":"https://thongtindoanhnghiep.co/api/company?l=/an-giang/huyen-tri-ton/xa-tan-tuyen","Total":20,"List":[{"Type":11,"SolrID":"/1602087955-cong-ty-tnhh-mot-thanh-vien-xang-dau-vu-trang","ID":0,"MaSoThue":"1602087955","NgayCap":"2018-12-11T00:00:00Z","Title":"Công Ty TNHH Một Thành Viên Xăng Dầu Vũ Trang","DiaChiCongTy":"Ấp Tân Bình, Xã Tân Tuyến, Huyện Tri Tôn, Tỉnh An Giang","Created":"2018-12-11T09:45:48Z","Updated":"2018-12-11T09:45:48Z","IsDelete":false,"RequestChanged":false,"ExitsInGDT":false,"SourceID":0,"TinhThanhID":0,"TinhThanhTitle":"An Giang","TinhThanhTitleAscii":"/an-giang","QuanHuyenID":0,"NganhNgheTitle":"Bán buôn nhiên liệu rắn, lỏng, khí và các sản phẩm liên quan","NganhNgheTitleAscii":"/nganh-nghe/ban-buon-nhien-lieu-ran-long-khi-va-cac-san-pham-lien-quan","DSTags":["1602087955","An Giang",null]},{"Type":11,"SolrID":"/1602037513-cong-ty-tnhh-nong-nghiep-xanh-lu-gia","ID":0,"MaSoThue":"1602037513","NgayCap":"2017-04-06T00:00:00Z","Title":"Công Ty TNHH Nông Nghiệp Xanh Lư Gia","DiaChiCongTy":"Ấp Tân Lập, Xã Tân Tuyến, Huyện Tri Tôn, Tỉnh An Giang","Created":"2017-04-06T08:40:38Z","Updated":"2017-04-06T08:40:38Z","IsDelete":false,"RequestChanged":false,"ExitsInGDT":false,"SourceID":0,"TinhThanhID":0,"TinhThanhTitle":"An Giang","TinhThanhTitleAscii":"/an-giang","QuanHuyenID":0,"NganhNgheTitle":"Trồng trọt, chăn nuôi hỗn hợp","NganhNgheTitleAscii":"/nganh-nghe/trong-trot-chan-nuoi-hon-hop","DSTags":["1602037513","An Giang",null]},{"Type":11,"SolrID":"/1602033903-cong-ty-tnhh-xuat-nhap-khau-nong-san-xanh-viet","ID":0,"MaSoThue":"1602033903","NgayCap":"2017-02-20T00:00:00Z","Title":"Công Ty TNHH Xuất Nhập Khẩu Nông Sản Xanh Việt","DiaChiCongTy":"Ấp Tân Lợi, Xã Tân Tuyến, Huyện Tri Tôn, Tỉnh An Giang","Created":"2017-02-20T15:07:46Z","Updated":"2017-02-20T15:07:46Z","IsDelete":false,"RequestChanged":false,"ExitsInGDT":false,"SourceID":0,"TinhThanhID":0,"TinhThanhTitle":"An Giang","TinhThanhTitleAscii":"/an-giang","QuanHuyenID":0,"NganhNgheTitle":"Trồng cây ăn quả","NganhNgheTitleAscii":"/nganh-nghe/trong-cay-an-qua","DSTags":["1602033903","An Giang",null]},{"Type":11,"SolrID":"/1602011071-hop-tac-xa-nong-nghiep-vinacam-tri-ton","ID":0,"MaSoThue":"1602011071","NgayCap":"2016-05-25T00:00:00Z","Title":"Hợp Tác Xã Nông Nghiệp Vinacam Tri Tôn","DiaChiCongTy":"ấp Tân Lợi - Xã Tân Tuyến - Huyện Tri Tôn - An Giang","Created":"2016-05-26T09:28:07Z","Updated":"2016-05-26T09:28:07Z","IsDelete":false,"RequestChanged":false,"ExitsInGDT":false,"SourceID":0,"TinhThanhID":0,"TinhThanhTitle":"An Giang","TinhThanhTitleAscii":"/an-giang","QuanHuyenID":0,"NganhNgheTitle":"Hoạt động dịch vụ trồng trọt","NganhNgheTitleAscii":"/nganh-nghe/hoat-dong-dich-vu-trong-trot","DSTags":["1602011071","An Giang",null]},{"Type":11,"SolrID":"/1601918477-doanh-nghiep-tn-tuong-trinh-tan-an","ID":0,"MaSoThue":"1601918477","NgayCap":"2014-04-16T00:00:00Z","Title":"Doanh Nghiệp TN Tường Trinh Tân An","DiaChiCongTy":"ấp Tân An - Xã Tân Tuyến - Huyện Tri Tôn - An Giang","Created":"2015-11-09T16:10:31Z","Updated":"2015-11-09T16:10:31Z","IsDelete":false,"RequestChanged":false,"ExitsInGDT":false,"SourceID":0,"TinhThanhID":0,"TinhThanhTitle":"An Giang","TinhThanhTitleAscii":"/an-giang","QuanHuyenID":0,"NganhNgheTitle":"Trồng lúa","NganhNgheTitleAscii":"/nganh-nghe/trong-lua","DSTags":["1601918477","An Giang",null]},{"Type":11,"SolrID":"/1601106771-vo-thi-dep","ID":0,"MaSoThue":"1601106771","NgayCap":"2009-04-24T00:00:00Z","Title":"Võ Thị Đẹp","DiaChiCongTy":"ấp Tân Lợi Xã Tân Tuyến - Huyện Tri Tôn - An Giang","Created":"2015-11-16T14:39:24Z","Updated":"2015-11-16T14:39:24Z","IsDelete":false,"RequestChanged":false,"ExitsInGDT":false,"SourceID":0,"TinhThanhID":0,"TinhThanhTitle":"An Giang","TinhThanhTitleAscii":"/an-giang","QuanHuyenID":0,"NganhNgheTitle":"Bán lẻ lương thực trong các cửa hàng chuyên doanh","NganhNgheTitleAscii":"/nganh-nghe/ban-le-luong-thuc-trong-cac-cua-hang-chuyen-doanh","DSTags":["1601106771","An Giang",null]},{"Type":11,"SolrID":"/1600967739-le-quoc-thai","ID":0,"MaSoThue":"1600967739","NgayCap":"2008-07-09T00:00:00Z","Title":"Lê Quốc Thái","DiaChiCongTy":"ấp Tân Lợi Xã Tân Tuyến - Xã Tân Tuyến - Huyện Tri Tôn - An Giang","Created":"2015-11-16T19:03:11Z","Updated":"2015-11-16T19:03:11Z","IsDelete":false,"RequestChanged":false,"ExitsInGDT":false,"SourceID":0,"TinhThanhID":0,"TinhThanhTitle":"An Giang","TinhThanhTitleAscii":"/an-giang","QuanHuyenID":0,"NganhNgheTitle":"Bán lẻ lương thực trong các cửa hàng chuyên doanh","NganhNgheTitleAscii":"/nganh-nghe/ban-le-luong-thuc-trong-cac-cua-hang-chuyen-doanh","DSTags":["1600967739","An Giang",null]},{"Type":11,"SolrID":"/1600967721-nguyen-van-hua","ID":0,"MaSoThue":"1600967721","NgayCap":"2008-07-09T00:00:00Z","Title":"Nguyễn Văn Húa","DiaChiCongTy":"ấp Tân Lợi Xã Tân Tuyến - Xã Tân Tuyến - Huyện Tri Tôn - An Giang","Created":"2015-11-16T19:03:11Z","Updated":"2015-11-16T19:03:11Z","IsDelete":false,"RequestChanged":false,"ExitsInGDT":false,"SourceID":0,"TinhThanhID":0,"TinhThanhTitle":"An Giang","TinhThanhTitleAscii":"/an-giang","QuanHuyenID":0,"NganhNgheTitle":"Bán lẻ lương thực trong các cửa hàng chuyên doanh","NganhNgheTitleAscii":"/nganh-nghe/ban-le-luong-thuc-trong-cac-cua-hang-chuyen-doanh","DSTags":["1600967721","An Giang",null]},{"Type":11,"SolrID":"/1600967707-phan-thanh-phuong","ID":0,"MaSoThue":"1600967707","NgayCap":"2008-07-09T00:00:00Z","Title":"Phan Thanh Phương","DiaChiCongTy":"ấp Tân Bình Xã Tân Tuyến - Huyện Tri Tôn - An Giang","Created":"2015-11-16T19:03:12Z","Updated":"2015-11-16T19:03:12Z","IsDelete":false,"RequestChanged":false,"ExitsInGDT":false,"SourceID":0,"TinhThanhID":0,"TinhThanhTitle":"An Giang","TinhThanhTitleAscii":"/an-giang","QuanHuyenID":0,"NganhNgheTitle":"Quán rượu, bia, quầy bar","NganhNgheTitleAscii":"/nganh-nghe/quan-ruou-bia-quay-bar","DSTags":["1600967707","An Giang",null]},{"Type":11,"SolrID":"/1600967665-nguyen-thi-lua","ID":0,"MaSoThue":"1600967665","NgayCap":"2008-07-09T00:00:00Z","Title":"Nguyễn Thị Lụa","DiaChiCongTy":"ấp Tân Đức Xã Tân Tuyến - Huyện Tri Tôn - An Giang","Created":"2015-11-16T19:03:13Z","Updated":"2015-11-16T19:03:13Z","IsDelete":false,"RequestChanged":false,"ExitsInGDT":false,"SourceID":0,"TinhThanhID":0,"TinhThanhTitle":"An Giang","TinhThanhTitleAscii":"/an-giang","QuanHuyenID":0,"NganhNgheTitle":"Quán rượu, bia, quầy bar","NganhNgheTitleAscii":"/nganh-nghe/quan-ruou-bia-quay-bar","DSTags":["1600967665","An Giang",null]},{"Type":11,"SolrID":"/1600967658-le-bach-dang","ID":0,"MaSoThue":"1600967658","NgayCap":"2008-07-09T00:00:00Z","Title":"Lê Bạch Đằng","DiaChiCongTy":"ấp Tân Bình Xã Tân Tuyến - Huyện Tri Tôn - An Giang","Created":"2015-11-16T19:03:13Z","Updated":"2015-11-16T19:03:13Z","IsDelete":false,"RequestChanged":false,"ExitsInGDT":false,"SourceID":0,"TinhThanhID":0,"TinhThanhTitle":"An Giang","TinhThanhTitleAscii":"/an-giang","QuanHuyenID":0,"NganhNgheTitle":"Quán rượu, bia, quầy bar","NganhNgheTitleAscii":"/nganh-nghe/quan-ruou-bia-quay-bar","DSTags":["1600967658","An Giang",null]},{"Type":11,"SolrID":"/1600967697-huynh-van-ha","ID":0,"MaSoThue":"1600967697","NgayCap":"2008-07-09T00:00:00Z","Title":"Huỳnh Văn Hà","DiaChiCongTy":"ấp Tân Bình Xã Tân Tuyến - Huyện Tri Tôn - An Giang","Created":"2015-11-16T00:33:48Z","Updated":"2015-11-16T00:33:48Z","IsDelete":false,"RequestChanged":false,"ExitsInGDT":false,"SourceID":0,"TinhThanhID":0,"TinhThanhTitle":"An Giang","TinhThanhTitleAscii":"/an-giang","QuanHuyenID":0,"NganhNgheTitle":"Bán lẻ lương thực trong các cửa hàng chuyên doanh","NganhNgheTitleAscii":"/nganh-nghe/ban-le-luong-thuc-trong-cac-cua-hang-chuyen-doanh","DSTags":["1600967697","An Giang",null]},{"Type":11,"SolrID":"/1600963004-thai-ngoc-tinh","ID":0,"MaSoThue":"1600963004","NgayCap":"2008-05-29T00:00:00Z","Title":"Thái Ngọc Tính","DiaChiCongTy":"ấp Tân Lợi Xã Tân Tuyến - Huyện Tri Tôn - An Giang","Created":"2015-11-16T19:00:15Z","Updated":"2015-11-16T19:00:15Z","IsDelete":false,"RequestChanged":false,"ExitsInGDT":false,"SourceID":0,"TinhThanhID":0,"TinhThanhTitle":"An Giang","TinhThanhTitleAscii":"/an-giang","QuanHuyenID":0,"NganhNgheTitle":"Bán lẻ lương thực trong các cửa hàng chuyên doanh","NganhNgheTitleAscii":"/nganh-nghe/ban-le-luong-thuc-trong-cac-cua-hang-chuyen-doanh","DSTags":["1600963004","An Giang",null]},{"Type":11,"SolrID":"/1600905348-truong-tieu-hoc-tan-tuyen","ID":0,"MaSoThue":"1600905348","NgayCap":"2007-09-20T00:00:00Z","Title":"Trường Tiểu Học Tân Tuyến","DiaChiCongTy":"xã Tân Tuyến - Xã Tân Tuyến - Huyện Tri Tôn - An Giang","Created":"2015-11-16T18:40:59Z","Updated":"2015-11-16T18:40:59Z","IsDelete":false,"RequestChanged":false,"ExitsInGDT":false,"SourceID":0,"TinhThanhID":0,"TinhThanhTitle":"An Giang","TinhThanhTitleAscii":"/an-giang","QuanHuyenID":0,"NganhNgheTitle":"Giáo dục tiểu học","NganhNgheTitleAscii":"/nganh-nghe/giao-duc-tieu-hoc","DSTags":["1600905348","An Giang",null]},{"Type":11,"SolrID":"/1600883983-nguyen-thi-truc-phuong","ID":0,"MaSoThue":"1600883983","NgayCap":"2007-02-14T00:00:00Z","Title":"Nguyễn Thị Trúc Phương","DiaChiCongTy":"Chợ Tân Tuyến - Xã Tân Tuyến - Huyện Tri Tôn - An Giang","Created":"2015-11-16T18:19:42Z","Updated":"2015-11-16T18:19:42Z","IsDelete":false,"RequestChanged":false,"ExitsInGDT":false,"SourceID":0,"TinhThanhID":0,"TinhThanhTitle":"An Giang","TinhThanhTitleAscii":"/an-giang","QuanHuyenID":0,"NganhNgheTitle":"Bán lẻ lương thực trong các cửa hàng chuyên doanh","NganhNgheTitleAscii":"/nganh-nghe/ban-le-luong-thuc-trong-cac-cua-hang-chuyen-doanh","DSTags":["1600883983","An Giang",null]},{"Type":11,"SolrID":"/1600844222-van-cong-qui","ID":0,"MaSoThue":"1600844222","NgayCap":"2006-07-08T00:00:00Z","Title":"Văn Công Quí","DiaChiCongTy":"Xã Tân Tuyến - Huyện Tri Tôn - An Giang","Created":"2015-11-16T01:07:57Z","Updated":"2015-11-16T01:07:57Z","IsDelete":false,"RequestChanged":false,"ExitsInGDT":false,"SourceID":0,"TinhThanhID":0,"TinhThanhTitle":"An Giang","TinhThanhTitleAscii":"/an-giang","QuanHuyenID":0,"NganhNgheTitle":"Bán lẻ trong các cửa hàng kinh doanh tổng hợp","NganhNgheTitleAscii":"/nganh-nghe/ban-le-trong-cac-cua-hang-kinh-doanh-tong-hop","DSTags":["1600844222","An Giang",null]},{"Type":11,"SolrID":"/1600836140-nguyen-thi-tuyen","ID":0,"MaSoThue":"1600836140","NgayCap":"2006-04-20T00:00:00Z","Title":"Nguyễn Thị Tuyền","DiaChiCongTy":"ấp Tân Bình Xã Tân Tuyến - Xã Tân Tuyến - Huyện Tri Tôn - An Giang","Created":"2015-11-16T17:30:36Z","Updated":"2015-11-16T17:30:36Z","IsDelete":false,"RequestChanged":false,"ExitsInGDT":false,"SourceID":0,"TinhThanhID":0,"TinhThanhTitle":"An Giang","TinhThanhTitleAscii":"/an-giang","QuanHuyenID":0,"NganhNgheTitle":"Quán rượu, bia, quầy bar","NganhNgheTitleAscii":"/nganh-nghe/quan-ruou-bia-quay-bar","DSTags":["1600836140","An Giang",null]},{"Type":11,"SolrID":"/1600743506-truong-mau-giao-tan-tuyen","ID":0,"MaSoThue":"1600743506","NgayCap":"2004-11-03T00:00:00Z","Title":"Trường Mẫu giáo Tân Tuyến","DiaChiCongTy":"xã Tân Tuyến - Xã Tân Tuyến - Huyện Tri Tôn - An Giang","Created":"2015-11-16T16:22:45Z","Updated":"2015-11-16T16:22:45Z","IsDelete":false,"RequestChanged":false,"ExitsInGDT":false,"SourceID":0,"TinhThanhID":0,"TinhThanhTitle":"An Giang","TinhThanhTitleAscii":"/an-giang","QuanHuyenID":0,"NganhNgheTitle":"Giáo dục mầm non","NganhNgheTitleAscii":"/nganh-nghe/giao-duc-mam-non","DSTags":["1600743506","An Giang",null]},{"Type":11,"SolrID":"/1600659484-doanh-nghiep-tn-ut-ngon","ID":0,"MaSoThue":"1600659484","NgayCap":"2004-02-06T00:00:00Z","Title":"Doanh Nghiệp TN út Ngon","DiaChiCongTy":"Tổ 3, ấp Tân An - Xã Tân Tuyến - Huyện Tri Tôn - An Giang","Created":"2015-11-11T09:37:46Z","Updated":"2015-11-11T09:37:46Z","IsDelete":false,"RequestChanged":false,"ExitsInGDT":false,"SourceID":0,"TinhThanhID":0,"TinhThanhTitle":"An Giang","TinhThanhTitleAscii":"/an-giang","QuanHuyenID":0,"NganhNgheTitle":"Bán buôn nhiên liệu rắn, lỏng, khí và các sản phẩm liên quan","NganhNgheTitleAscii":"/nganh-nghe/ban-buon-nhien-lieu-ran-long-khi-va-cac-san-pham-lien-quan","DSTags":["1600659484","An Giang",null]},{"Type":11,"SolrID":"/1600674531-truong-trung-hoc-hoc-co-so-tan-tuyen","ID":0,"MaSoThue":"1600674531","NgayCap":"2004-01-15T00:00:00Z","Title":"Trường Trung học học cơ sở Tân Tuyến","DiaChiCongTy":"ấp Tân Bình, xã Tân Tuyến - Xã Tân Tuyến - Huyện Tri Tôn - An Giang","Created":"2015-11-16T15:38:09Z","Updated":"2015-11-16T15:38:09Z","IsDelete":false,"RequestChanged":false,"ExitsInGDT":false,"SourceID":0,"TinhThanhID":0,"TinhThanhTitle":"An Giang","TinhThanhTitleAscii":"/an-giang","QuanHuyenID":0,"NganhNgheTitle":"Hoạt động dịch vụ phục vụ cá nhân khác còn lại chưa được phân vào đâu","NganhNgheTitleAscii":"/nganh-nghe/hoat-dong-dich-vu-phuc-vu-ca-nhan-khac-con-lai-chua-duoc-phan-vao-dau","DSTags":["1600674531","An Giang",null]}]}