{"ID":9167,"SolrID":"/an-giang/huyen-tri-ton/xa-vinh-phuoc","Title":"Xã Vĩnh Phước","TinhThanhTitle":"An Giang","QuanHuyenTitle":"Huyện Tri Tôn","QuanHuyenID":526,"TinhThanhID":35,"Url":"https://thongtindoanhnghiep.co/api/company?l=/an-giang/huyen-tri-ton/xa-vinh-phuoc","Total":9,"List":[{"Type":11,"SolrID":"/1602077883-cong-ty-tnhh-dich-vu-nong-nghep-xanh-hiep-thanh-phat","ID":0,"MaSoThue":"1602077883","NgayCap":"2018-08-03T00:00:00Z","Title":"Công Ty TNHH Dịch Vụ Nông Nghệp Xanh Hiệp Thành Phát","DiaChiCongTy":"Tổ 01, Ấp An Phước, Xã Vĩnh Phước, Huyện Tri Tôn, Tỉnh An Giang","Created":"2018-08-03T16:04:41Z","Updated":"2018-08-03T16:04:41Z","IsDelete":false,"RequestChanged":false,"ExitsInGDT":false,"SourceID":0,"TinhThanhID":0,"TinhThanhTitle":"An Giang","TinhThanhTitleAscii":"/an-giang","QuanHuyenID":0,"NganhNgheTitle":"Chăn nuôi trâu, bò","NganhNgheTitleAscii":"/nganh-nghe/chan-nuoi-trau-bo","DSTags":["1602077883","An Giang",null]},{"Type":11,"SolrID":"/1601935338-cong-ty-tnhh-mot-thanh-vien-trang-trai-duc-cuong","ID":0,"MaSoThue":"1601935338","NgayCap":"2014-08-15T00:00:00Z","Title":"Công Ty TNHH Một Thành Viên Trang Trại Đức Cường","DiaChiCongTy":"ấp Vĩnh Thành 3 - Xã Vĩnh Phước - Huyện Tri Tôn - An Giang","Created":"2015-11-11T04:17:30Z","Updated":"2015-11-11T04:17:30Z","IsDelete":false,"RequestChanged":false,"ExitsInGDT":false,"SourceID":0,"TinhThanhID":0,"TinhThanhTitle":"An Giang","TinhThanhTitleAscii":"/an-giang","QuanHuyenID":0,"NganhNgheTitle":"Chăn nuôi trâu, bò","NganhNgheTitleAscii":"/nganh-nghe/chan-nuoi-trau-bo","DSTags":["1601935338","An Giang",null]},{"Type":11,"SolrID":"/1601845596-hop-tac-xa-vinh-phuoc","ID":0,"MaSoThue":"1601845596","NgayCap":"2012-11-30T00:00:00Z","Title":"Hợp Tác Xã Vĩnh Phước","DiaChiCongTy":"ấp Vĩnh Lợi - Xã Vĩnh Phước - Huyện Tri Tôn - An Giang","Created":"2015-11-18T05:44:27Z","Updated":"2015-11-18T05:44:27Z","IsDelete":false,"RequestChanged":false,"ExitsInGDT":false,"SourceID":0,"TinhThanhID":0,"TinhThanhTitle":"An Giang","TinhThanhTitleAscii":"/an-giang","QuanHuyenID":0,"NganhNgheTitle":"Nông nghiệp và hoạt động dịch vụ có liên quan","NganhNgheTitleAscii":"/nganh-nghe/nong-nghiep-va-hoat-dong-dich-vu-co-lien-quan","DSTags":["1601845596","An Giang",null]},{"Type":11,"SolrID":"/1601767637-cong-ty-cp-nong-nghiep-tan-thanh-nguyen","ID":0,"MaSoThue":"1601767637","NgayCap":"2012-06-13T00:00:00Z","Title":"Công Ty CP Nông Nghiệp Tấn Thành Nguyên","DiaChiCongTy":"ấp Vĩnh Thành - Xã Vĩnh Phước - Huyện Tri Tôn - An Giang","Created":"2015-11-17T03:20:07Z","Updated":"2015-11-17T03:20:07Z","IsDelete":false,"RequestChanged":false,"ExitsInGDT":false,"SourceID":0,"TinhThanhID":0,"TinhThanhTitle":"An Giang","TinhThanhTitleAscii":"/an-giang","QuanHuyenID":0,"NganhNgheTitle":"Trồng lúa","NganhNgheTitleAscii":"/nganh-nghe/trong-lua","DSTags":["1601767637","An Giang",null]},{"Type":11,"SolrID":"/6300168237-001-chi-nhanh-cong-ty-co-phan-nong-nghiep-tan-thanh","ID":0,"MaSoThue":"6300168237-001","NgayCap":"2012-03-26T00:00:00Z","Title":"Chi Nhánh Công Ty Cổ Phần Nông Nghiệp Tấn Thành","DiaChiCongTy":"ấp Vĩnh Thành - Xã Vĩnh Phước - Huyện Tri Tôn - An Giang","Created":"2015-11-10T01:38:07Z","Updated":"2015-11-10T01:38:07Z","IsDelete":false,"RequestChanged":false,"ExitsInGDT":false,"SourceID":0,"TinhThanhID":0,"TinhThanhTitle":"An Giang","TinhThanhTitleAscii":"/an-giang","QuanHuyenID":0,"NganhNgheTitle":"Trồng lúa","NganhNgheTitleAscii":"/nganh-nghe/trong-lua","DSTags":["6300168237-001","An Giang",null]},{"Type":11,"SolrID":"/1600979639-cong-ty-co-phan-tan-phuoc","ID":0,"MaSoThue":"1600979639","NgayCap":"2008-10-06T00:00:00Z","Title":"Công ty Cổ Phần Tân Phước","DiaChiCongTy":"ấp Vĩnh Lộc, xã Vĩnh Phước - Huyện Tri Tôn - An Giang","Created":"2015-11-14T05:10:19Z","Updated":"2015-11-14T05:10:19Z","IsDelete":false,"RequestChanged":false,"ExitsInGDT":false,"SourceID":0,"TinhThanhID":0,"TinhThanhTitle":"An Giang","TinhThanhTitleAscii":"/an-giang","QuanHuyenID":0,"NganhNgheTitle":"Khai thác, nuôi trồng thuỷ sản","NganhNgheTitleAscii":"/nganh-nghe/khai-thac-nuoi-trong-thuy-san","DSTags":["1600979639","An Giang",null]},{"Type":11,"SolrID":"/1600917657-truong-mau-giao-vinh-phuoc","ID":0,"MaSoThue":"1600917657","NgayCap":"2007-12-10T00:00:00Z","Title":"Trường Mẫu Giáo Vĩnh Phước","DiaChiCongTy":"xã Vĩnh Phước - Xã Vĩnh Phước - Huyện Tri Tôn - An Giang","Created":"2015-11-16T18:44:33Z","Updated":"2015-11-16T18:44:33Z","IsDelete":false,"RequestChanged":false,"ExitsInGDT":false,"SourceID":0,"TinhThanhID":0,"TinhThanhTitle":"An Giang","TinhThanhTitleAscii":"/an-giang","QuanHuyenID":0,"NganhNgheTitle":"Giáo dục mầm non","NganhNgheTitleAscii":"/nganh-nghe/giao-duc-mam-non","DSTags":["1600917657","An Giang",null]},{"Type":11,"SolrID":"/1600828196-truong-tieu-hoc-vinh-phuoc","ID":0,"MaSoThue":"1600828196","NgayCap":"2006-02-23T00:00:00Z","Title":"Trường tiểu học Vĩnh Phước","DiaChiCongTy":"ấp An Phước, xã Vĩnh Phước - Xã Vĩnh Phước - Huyện Tri Tôn - An Giang","Created":"2015-11-16T17:24:04Z","Updated":"2015-11-16T17:24:04Z","IsDelete":false,"RequestChanged":false,"ExitsInGDT":false,"SourceID":0,"TinhThanhID":0,"TinhThanhTitle":"An Giang","TinhThanhTitleAscii":"/an-giang","QuanHuyenID":0,"NganhNgheTitle":"Giáo dục tiểu học","NganhNgheTitleAscii":"/nganh-nghe/giao-duc-tieu-hoc","DSTags":["1600828196","An Giang",null]},{"Type":11,"SolrID":"/1600678751-ubnd-xa-vinh-phuoc","ID":0,"MaSoThue":"1600678751","NgayCap":"2004-01-15T00:00:00Z","Title":"UBND Xã Vĩnh Phước","DiaChiCongTy":"Xã Vĩnh Phước - Xã Vĩnh Phước - Huyện Tri Tôn - An Giang","Created":"2015-11-16T15:38:11Z","Updated":"2015-11-16T15:38:11Z","IsDelete":false,"RequestChanged":false,"ExitsInGDT":false,"SourceID":0,"TinhThanhID":0,"TinhThanhTitle":"An Giang","TinhThanhTitleAscii":"/an-giang","QuanHuyenID":0,"NganhNgheTitle":"Hoạt động dịch vụ phục vụ cá nhân khác còn lại chưa được phân vào đâu","NganhNgheTitleAscii":"/nganh-nghe/hoat-dong-dich-vu-phuc-vu-ca-nhan-khac-con-lai-chua-duoc-phan-vao-dau","DSTags":["1600678751","An Giang",null]}]}