{"ID":12304,"SolrID":"/bac-can/huyen-ngan-son/chua-ro","Title":"Chưa rõ","TinhThanhTitle":"Bắc Cạn","QuanHuyenTitle":"Huyện Ngân Sơn","QuanHuyenID":736,"TinhThanhID":47,"Url":"https://thongtindoanhnghiep.co/api/company?l=/bac-can/huyen-ngan-son/chua-ro","Total":33,"List":[{"Type":11,"SolrID":"/4700256300-htx-nong-lam-nghiep-va-dich-vu-tong-hop-sinh-loi-vinh-duong","ID":0,"MaSoThue":"4700256300","NgayCap":"2015-01-30T00:00:00Z","Title":"HTX Nông - Lâm Nghiệp Và Dịch Vụ Tổng Hợp Sinh Lợi Vĩnh Dương","DiaChiCongTy":"Phiêng Khít - Huyện Ngân Sơn - Bắc Cạn","Created":"2015-11-15T19:13:19Z","Updated":"2015-11-15T19:13:19Z","IsDelete":false,"RequestChanged":false,"ExitsInGDT":false,"SourceID":0,"TinhThanhID":0,"TinhThanhTitle":"Bắc Cạn","TinhThanhTitleAscii":"/bac-can","QuanHuyenID":0,"NganhNgheTitle":"Chăn nuôi","NganhNgheTitleAscii":"/nganh-nghe/chan-nuoi","DSTags":["4700256300","Bắc Cạn",null]},{"Type":11,"SolrID":"/4700254511-nong-thi-hien","ID":0,"MaSoThue":"4700254511","NgayCap":"2014-12-15T00:00:00Z","Title":"Nông Thị Hiền","DiaChiCongTy":"Nà Này - Nà Phặc - Huyện Ngân Sơn - Bắc Cạn","Created":"2015-11-14T16:25:01Z","Updated":"2015-11-14T16:25:01Z","IsDelete":false,"RequestChanged":false,"ExitsInGDT":false,"SourceID":0,"TinhThanhID":0,"TinhThanhTitle":"Bắc Cạn","TinhThanhTitleAscii":"/bac-can","QuanHuyenID":0,"NganhNgheTitle":"Bán lẻ (trừ ô tô, mô tô, xe máy và xe có động cơ khác)","NganhNgheTitleAscii":"/nganh-nghe/ban-le-tru-o-to-mo-to-xe-may-va-xe-co-dong-co-khac","DSTags":["4700254511","Bắc Cạn",null]},{"Type":11,"SolrID":"/4700254504-hoang-thi-nguyen","ID":0,"MaSoThue":"4700254504","NgayCap":"2014-12-15T00:00:00Z","Title":"Hoàng Thị Nguyên","DiaChiCongTy":"Nà Này - TT Nà Phặc - Huyện Ngân Sơn - Bắc Cạn","Created":"2015-11-14T16:25:02Z","Updated":"2015-11-14T16:25:02Z","IsDelete":false,"RequestChanged":false,"ExitsInGDT":false,"SourceID":0,"TinhThanhID":0,"TinhThanhTitle":"Bắc Cạn","TinhThanhTitleAscii":"/bac-can","QuanHuyenID":0,"NganhNgheTitle":"Bán lẻ (trừ ô tô, mô tô, xe máy và xe có động cơ khác)","NganhNgheTitleAscii":"/nganh-nghe/ban-le-tru-o-to-mo-to-xe-may-va-xe-co-dong-co-khac","DSTags":["4700254504","Bắc Cạn",null]},{"Type":11,"SolrID":"/4700254494-tran-thi-nhan","ID":0,"MaSoThue":"4700254494","NgayCap":"2014-12-15T00:00:00Z","Title":"Trần Thị Nhàn","DiaChiCongTy":"Nà Nọi - TT Nà phặc - Huyện Ngân Sơn - Bắc Cạn","Created":"2015-11-14T16:25:03Z","Updated":"2015-11-14T16:25:03Z","IsDelete":false,"RequestChanged":false,"ExitsInGDT":false,"SourceID":0,"TinhThanhID":0,"TinhThanhTitle":"Bắc Cạn","TinhThanhTitleAscii":"/bac-can","QuanHuyenID":0,"NganhNgheTitle":"Bán lẻ (trừ ô tô, mô tô, xe máy và xe có động cơ khác)","NganhNgheTitleAscii":"/nganh-nghe/ban-le-tru-o-to-mo-to-xe-may-va-xe-co-dong-co-khac","DSTags":["4700254494","Bắc Cạn",null]},{"Type":11,"SolrID":"/4700254487-bui-thi-gai","ID":0,"MaSoThue":"4700254487","NgayCap":"2014-12-15T00:00:00Z","Title":"Bùi Thị Gái","DiaChiCongTy":"Nà Nọi - TT Nà Phặc - Huyện Ngân Sơn - Bắc Cạn","Created":"2015-11-14T16:25:05Z","Updated":"2015-11-14T16:25:05Z","IsDelete":false,"RequestChanged":false,"ExitsInGDT":false,"SourceID":0,"TinhThanhID":0,"TinhThanhTitle":"Bắc Cạn","TinhThanhTitleAscii":"/bac-can","QuanHuyenID":0,"NganhNgheTitle":"Bán lẻ (trừ ô tô, mô tô, xe máy và xe có động cơ khác)","NganhNgheTitleAscii":"/nganh-nghe/ban-le-tru-o-to-mo-to-xe-may-va-xe-co-dong-co-khac","DSTags":["4700254487","Bắc Cạn",null]},{"Type":11,"SolrID":"/4700253003-doi-quan-ly-thi-truong-ngan-son","ID":0,"MaSoThue":"4700253003","NgayCap":"2014-07-15T00:00:00Z","Title":"Đội Quản Lý Thị Trường Ngân Sơn","DiaChiCongTy":"Khu I - Huyện Ngân Sơn - Bắc Cạn","Created":"2015-11-15T10:14:18Z","Updated":"2015-11-15T10:14:18Z","IsDelete":false,"RequestChanged":false,"ExitsInGDT":false,"SourceID":0,"TinhThanhID":0,"TinhThanhTitle":"Bắc Cạn","TinhThanhTitleAscii":"/bac-can","QuanHuyenID":0,"NganhNgheTitle":"NÔNG NGHIỆP, LÂM NGHIỆP VÀ THUỶ SẢN","NganhNgheTitleAscii":"/nganh-nghe/nong-nghiep-lam-nghiep-va-thuy-san","DSTags":["4700253003","Bắc Cạn",null]},{"Type":11,"SolrID":"/4700249617-phong-dan-toc","ID":0,"MaSoThue":"4700249617","NgayCap":"2014-05-29T00:00:00Z","Title":"PHòNG DâN TộC","DiaChiCongTy":"Khu I - Huyện Ngân Sơn - Bắc Cạn","Created":"2015-11-15T10:19:19Z","Updated":"2015-11-15T10:19:19Z","IsDelete":false,"RequestChanged":false,"ExitsInGDT":false,"SourceID":0,"TinhThanhID":0,"TinhThanhTitle":"Bắc Cạn","TinhThanhTitleAscii":"/bac-can","QuanHuyenID":0,"NganhNgheTitle":"NÔNG NGHIỆP, LÂM NGHIỆP VÀ THUỶ SẢN","NganhNgheTitleAscii":"/nganh-nghe/nong-nghiep-lam-nghiep-va-thuy-san","DSTags":["4700249617","Bắc Cạn",null]},{"Type":11,"SolrID":"/4700249430-truong-tieu-hoc-bang-van","ID":0,"MaSoThue":"4700249430","NgayCap":"2014-05-22T00:00:00Z","Title":"TRườNG TIểU HọC BằNG VâN","DiaChiCongTy":"Tiểu khu I - Huyện Ngân Sơn - Bắc Cạn","Created":"2015-11-15T10:19:52Z","Updated":"2015-11-15T10:19:52Z","IsDelete":false,"RequestChanged":false,"ExitsInGDT":false,"SourceID":0,"TinhThanhID":0,"TinhThanhTitle":"Bắc Cạn","TinhThanhTitleAscii":"/bac-can","QuanHuyenID":0,"NganhNgheTitle":"Giáo dục khác","NganhNgheTitleAscii":"/nganh-nghe/giao-duc-khac","DSTags":["4700249430","Bắc Cạn",null]},{"Type":11,"SolrID":"/4700249455-truong-thcs-bang-van","ID":0,"MaSoThue":"4700249455","NgayCap":"2014-05-22T00:00:00Z","Title":"TRUờNG THCS BằNG VâN","DiaChiCongTy":"Tiểu khu I - Huyện Ngân Sơn - Bắc Cạn","Created":"2015-11-15T10:19:54Z","Updated":"2015-11-15T10:19:54Z","IsDelete":false,"RequestChanged":false,"ExitsInGDT":false,"SourceID":0,"TinhThanhID":0,"TinhThanhTitle":"Bắc Cạn","TinhThanhTitleAscii":"/bac-can","QuanHuyenID":0,"NganhNgheTitle":"Giáo dục khác","NganhNgheTitleAscii":"/nganh-nghe/giao-duc-khac","DSTags":["4700249455","Bắc Cạn",null]},{"Type":11,"SolrID":"/4700249462-truong-mam-non-bang-van","ID":0,"MaSoThue":"4700249462","NgayCap":"2014-05-22T00:00:00Z","Title":"TRườNG MầM NON BằNG VâN","DiaChiCongTy":"Tiểu khu I - Huyện Ngân Sơn - Bắc Cạn","Created":"2015-11-15T10:19:55Z","Updated":"2015-11-15T10:19:55Z","IsDelete":false,"RequestChanged":false,"ExitsInGDT":false,"SourceID":0,"TinhThanhID":0,"TinhThanhTitle":"Bắc Cạn","TinhThanhTitleAscii":"/bac-can","QuanHuyenID":0,"NganhNgheTitle":"Giáo dục khác","NganhNgheTitleAscii":"/nganh-nghe/giao-duc-khac","DSTags":["4700249462","Bắc Cạn",null]},{"Type":11,"SolrID":"/4700245073-doi-thue-tncn","ID":0,"MaSoThue":"4700245073","NgayCap":"2013-10-09T00:00:00Z","Title":"ĐộI THUế TNCN","DiaChiCongTy":"Khu Phố - Huyện Ngân Sơn - Bắc Cạn","Created":"2015-11-15T20:50:43Z","Updated":"2015-11-15T20:50:43Z","IsDelete":false,"RequestChanged":false,"ExitsInGDT":false,"SourceID":0,"TinhThanhID":0,"TinhThanhTitle":"Bắc Cạn","TinhThanhTitleAscii":"/bac-can","QuanHuyenID":0,"NganhNgheTitle":"Bán lẻ (trừ ô tô, mô tô, xe máy và xe có động cơ khác)","NganhNgheTitleAscii":"/nganh-nghe/ban-le-tru-o-to-mo-to-xe-may-va-xe-co-dong-co-khac","DSTags":["4700245073","Bắc Cạn",null]},{"Type":11,"SolrID":"/4700241551-truong-tieu-hoc-duc-van-ngan-son-bac-kan","ID":0,"MaSoThue":"4700241551","NgayCap":"2013-04-10T00:00:00Z","Title":"TRườNG TIểU HọC ĐứC VâN, NGâN SơN, BắC KạN","DiaChiCongTy":"Bản Dăm - Huyện Ngân Sơn - Bắc Cạn","Created":"2015-11-16T08:21:18Z","Updated":"2015-11-16T08:21:18Z","IsDelete":false,"RequestChanged":false,"ExitsInGDT":false,"SourceID":0,"TinhThanhID":0,"TinhThanhTitle":"Bắc Cạn","TinhThanhTitleAscii":"/bac-can","QuanHuyenID":0,"NganhNgheTitle":"Giáo dục khác","NganhNgheTitleAscii":"/nganh-nghe/giao-duc-khac","DSTags":["4700241551","Bắc Cạn",null]},{"Type":11,"SolrID":"/4700241544-truong-mam-non-duc-van-ngan-son-bac-kan","ID":0,"MaSoThue":"4700241544","NgayCap":"2013-04-10T00:00:00Z","Title":"TRườNG MầM NON ĐứC VâN, NGâN SơN, BắC KạN","DiaChiCongTy":"Bản Đăm - Huyện Ngân Sơn - Bắc Cạn","Created":"2015-11-16T08:21:20Z","Updated":"2015-11-16T08:21:20Z","IsDelete":false,"RequestChanged":false,"ExitsInGDT":false,"SourceID":0,"TinhThanhID":0,"TinhThanhTitle":"Bắc Cạn","TinhThanhTitleAscii":"/bac-can","QuanHuyenID":0,"NganhNgheTitle":"Giáo dục khác","NganhNgheTitleAscii":"/nganh-nghe/giao-duc-khac","DSTags":["4700241544","Bắc Cạn",null]},{"Type":11,"SolrID":"/4700240639-doanh-nghiep-tn-dung-dung-ngan-son","ID":0,"MaSoThue":"4700240639","NgayCap":"2013-01-16T00:00:00Z","Title":"Doanh Nghiệp TN Dũng Dung Ngân Sơn","DiaChiCongTy":"Khu phố - Huyện Ngân Sơn - Bắc Cạn","Created":"2015-11-16T08:56:09Z","Updated":"2015-11-16T08:56:09Z","IsDelete":false,"RequestChanged":false,"ExitsInGDT":false,"SourceID":0,"TinhThanhID":0,"TinhThanhTitle":"Bắc Cạn","TinhThanhTitleAscii":"/bac-can","QuanHuyenID":0,"NganhNgheTitle":"Bán lẻ hàng hóa khác mới trong các cửa hàng chuyên doanh","NganhNgheTitleAscii":"/nganh-nghe/ban-le-hang-hoa-khac-moi-trong-cac-cua-hang-chuyen-doanh","DSTags":["4700240639","Bắc Cạn",null]},{"Type":11,"SolrID":"/4700205955-cong-ty-tnhh-mot-thanh-vien-quoc-thap","ID":0,"MaSoThue":"4700205955","NgayCap":"2011-07-25T00:00:00Z","Title":"Công Ty TNHH Một Thành Viên Quốc Thập","DiaChiCongTy":"Thôn Bản Mạch - Huyện Ngân Sơn - Bắc Cạn","Created":"2015-11-14T04:02:33Z","Updated":"2015-11-14T04:02:33Z","IsDelete":false,"RequestChanged":false,"ExitsInGDT":false,"SourceID":0,"TinhThanhID":0,"TinhThanhTitle":"Bắc Cạn","TinhThanhTitleAscii":"/bac-can","QuanHuyenID":0,"NganhNgheTitle":"Khai thác đá, cát, sỏi, đất sét","NganhNgheTitleAscii":"/nganh-nghe/khai-thac-da-cat-soi-dat-set","DSTags":["4700205955","Bắc Cạn",null]},{"Type":11,"SolrID":"/4700202538-truong-man-non-quoc-lap-na-khoang","ID":0,"MaSoThue":"4700202538","NgayCap":"2011-05-05T00:00:00Z","Title":"Trường Mần Non Quốc Lập Nà Khoang","DiaChiCongTy":"Thôn Nà Nọi, TT Nà Phặc - Huyện Ngân Sơn - Bắc Cạn","Created":"2015-11-16T00:59:20Z","Updated":"2015-11-16T00:59:20Z","IsDelete":false,"RequestChanged":false,"ExitsInGDT":false,"SourceID":0,"TinhThanhID":0,"TinhThanhTitle":"Bắc Cạn","TinhThanhTitleAscii":"/bac-can","QuanHuyenID":0,"NganhNgheTitle":"Giáo dục mầm non","NganhNgheTitleAscii":"/nganh-nghe/giao-duc-mam-non","DSTags":["4700202538","Bắc Cạn",null]},{"Type":11,"SolrID":"/4700202545-truong-tieu-hoc-va-trung-hoc-co-so-na-khoang","ID":0,"MaSoThue":"4700202545","NgayCap":"2011-05-05T00:00:00Z","Title":"Trường Tiểu học và Trung học Cơ sở Nà Khoang","DiaChiCongTy":"Thôn Nà Nọi, TT Nà Phặc - Huyện Ngân Sơn - Bắc Cạn","Created":"2015-11-16T00:59:21Z","Updated":"2015-11-16T00:59:21Z","IsDelete":false,"RequestChanged":false,"ExitsInGDT":false,"SourceID":0,"TinhThanhID":0,"TinhThanhTitle":"Bắc Cạn","TinhThanhTitleAscii":"/bac-can","QuanHuyenID":0,"NganhNgheTitle":"Giáo dục và đào tạo","NganhNgheTitleAscii":"/nganh-nghe/giao-duc-va-dao-tao-85","DSTags":["4700202545","Bắc Cạn",null]},{"Type":11,"SolrID":"/4700202552-truong-tieu-hoc-na-phac","ID":0,"MaSoThue":"4700202552","NgayCap":"2011-05-05T00:00:00Z","Title":"Trưởng tiểu học Nà Phặc","DiaChiCongTy":"Thôn Nà Này, TT Nà Phặc - Huyện Ngân Sơn - Bắc Cạn","Created":"2015-11-16T00:59:23Z","Updated":"2015-11-16T00:59:23Z","IsDelete":false,"RequestChanged":false,"ExitsInGDT":false,"SourceID":0,"TinhThanhID":0,"TinhThanhTitle":"Bắc Cạn","TinhThanhTitleAscii":"/bac-can","QuanHuyenID":0,"NganhNgheTitle":"Giáo dục tiểu học","NganhNgheTitleAscii":"/nganh-nghe/giao-duc-tieu-hoc","DSTags":["4700202552","Bắc Cạn",null]},{"Type":11,"SolrID":"/4700202577-truong-man-non-lang-ngam","ID":0,"MaSoThue":"4700202577","NgayCap":"2011-05-05T00:00:00Z","Title":"Trường Mần Non Lãng Ngâm","DiaChiCongTy":"Thôn Nà Lan - Huyện Ngân Sơn - Bắc Cạn","Created":"2015-11-16T00:59:23Z","Updated":"2015-11-16T00:59:23Z","IsDelete":false,"RequestChanged":false,"ExitsInGDT":false,"SourceID":0,"TinhThanhID":0,"TinhThanhTitle":"Bắc Cạn","TinhThanhTitleAscii":"/bac-can","QuanHuyenID":0,"NganhNgheTitle":"Giáo dục mầm non","NganhNgheTitleAscii":"/nganh-nghe/giao-duc-mam-non","DSTags":["4700202577","Bắc Cạn",null]},{"Type":11,"SolrID":"/4700202591-truong-tieu-hoc-lang-ngam","ID":0,"MaSoThue":"4700202591","NgayCap":"2011-05-05T00:00:00Z","Title":"Trường tiểu học Lãng Ngâm","DiaChiCongTy":"Thôn Nà Lạn - Huyện Ngân Sơn - Bắc Cạn","Created":"2015-11-16T00:59:25Z","Updated":"2015-11-16T00:59:25Z","IsDelete":false,"RequestChanged":false,"ExitsInGDT":false,"SourceID":0,"TinhThanhID":0,"TinhThanhTitle":"Bắc Cạn","TinhThanhTitleAscii":"/bac-can","QuanHuyenID":0,"NganhNgheTitle":"Giáo dục tiểu học","NganhNgheTitleAscii":"/nganh-nghe/giao-duc-tieu-hoc","DSTags":["4700202591","Bắc Cạn",null]},{"Type":11,"SolrID":"/4700202640-truong-man-non-trung-hoa","ID":0,"MaSoThue":"4700202640","NgayCap":"2011-05-05T00:00:00Z","Title":"Trường Mần Non Trung Hòa","DiaChiCongTy":"Trường Mần Non Trung Hòa - Huyện Ngân Sơn - Bắc Cạn","Created":"2015-11-16T00:59:30Z","Updated":"2015-11-16T00:59:30Z","IsDelete":false,"RequestChanged":false,"ExitsInGDT":false,"SourceID":0,"TinhThanhID":0,"TinhThanhTitle":"Bắc Cạn","TinhThanhTitleAscii":"/bac-can","QuanHuyenID":0,"NganhNgheTitle":"Giáo dục mầm non","NganhNgheTitleAscii":"/nganh-nghe/giao-duc-mam-non","DSTags":["4700202640","Bắc Cạn",null]},{"Type":11,"SolrID":"/4700202584-truong-trung-hoc-co-so-lang-ngam","ID":0,"MaSoThue":"4700202584","NgayCap":"2011-05-05T00:00:00Z","Title":"Trường Trung học Cơ sở Lãng Ngâm","DiaChiCongTy":"Thôn Nà Lạn - Huyện Ngân Sơn - Bắc Cạn","Created":"2015-11-15T20:01:57Z","Updated":"2015-11-15T20:01:57Z","IsDelete":false,"RequestChanged":false,"ExitsInGDT":false,"SourceID":0,"TinhThanhID":0,"TinhThanhTitle":"Bắc Cạn","TinhThanhTitleAscii":"/bac-can","QuanHuyenID":0,"NganhNgheTitle":"Giáo dục trung học cơ sở","NganhNgheTitleAscii":"/nganh-nghe/giao-duc-trung-hoc-co-so","DSTags":["4700202584","Bắc Cạn",null]},{"Type":11,"SolrID":"/4700200530-cong-ty-tnhh-dam-tuan","ID":0,"MaSoThue":"4700200530","NgayCap":"2011-01-21T00:00:00Z","Title":"Công Ty TNHH Đàm Tuấn","DiaChiCongTy":"Tiểu Khu 2 - Huyện Ngân Sơn - Bắc Cạn","Created":"2015-11-14T04:03:58Z","Updated":"2015-11-14T04:03:58Z","IsDelete":false,"RequestChanged":false,"ExitsInGDT":false,"SourceID":0,"TinhThanhID":0,"TinhThanhTitle":"Bắc Cạn","TinhThanhTitleAscii":"/bac-can","QuanHuyenID":0,"NganhNgheTitle":"Xây dựng nhà các loại","NganhNgheTitleAscii":"/nganh-nghe/xay-dung-nha-cac-loai","DSTags":["4700200530","Bắc Cạn",null]},{"Type":11,"SolrID":"/4700193629-cong-ty-co-phan-xay-dung-hung-cuong","ID":0,"MaSoThue":"4700193629","NgayCap":"2010-04-07T00:00:00Z","Title":"Công ty cổ phần xây dựng Hùng Cường","DiaChiCongTy":"Khu I - Huyện Ngân Sơn - Bắc Cạn","Created":"2015-11-13T23:44:23Z","Updated":"2015-11-13T23:44:23Z","IsDelete":false,"RequestChanged":false,"ExitsInGDT":false,"SourceID":0,"TinhThanhID":0,"TinhThanhTitle":"Bắc Cạn","TinhThanhTitleAscii":"/bac-can","QuanHuyenID":0,"NganhNgheTitle":"Xây dựng công trình kỹ thuật dân dụng","NganhNgheTitleAscii":"/nganh-nghe/xay-dung-cong-trinh-ky-thuat-dan-dung","DSTags":["4700193629","Bắc Cạn",null]},{"Type":11,"SolrID":"/4700172837-truong-thpt-na-phac","ID":0,"MaSoThue":"4700172837","NgayCap":"2009-04-07T00:00:00Z","Title":"Trường THPT Nà Phặc","DiaChiCongTy":"- Huyện Ngân Sơn - Bắc Cạn","Created":"2015-11-16T15:20:37Z","Updated":"2015-11-16T15:20:37Z","IsDelete":false,"RequestChanged":false,"ExitsInGDT":false,"SourceID":0,"TinhThanhID":0,"TinhThanhTitle":"Bắc Cạn","TinhThanhTitleAscii":"/bac-can","QuanHuyenID":0,"NganhNgheTitle":"Giáo dục trung học cơ sở và trung học phổ thông","NganhNgheTitleAscii":"/nganh-nghe/giao-duc-trung-hoc-co-so-va-trung-hoc-pho-thong","DSTags":["4700172837","Bắc Cạn",null]},{"Type":11,"SolrID":"/4700169785-trung-tam-y-te","ID":0,"MaSoThue":"4700169785","NgayCap":"2009-04-01T00:00:00Z","Title":"Trung tâm y tế","DiaChiCongTy":"Bản Sùng, Vân Tùng - Huyện Ngân Sơn - Bắc Cạn","Created":"2015-11-16T23:36:12Z","Updated":"2015-11-16T23:36:12Z","IsDelete":false,"RequestChanged":false,"ExitsInGDT":false,"SourceID":0,"TinhThanhID":0,"TinhThanhTitle":"Bắc Cạn","TinhThanhTitleAscii":"/bac-can","QuanHuyenID":0,"NganhNgheTitle":"Hoạt động quản lý nhà nước nói chung và kinh tế tổng hợp","NganhNgheTitleAscii":"/nganh-nghe/hoat-dong-quan-ly-nha-nuoc-noi-chung-va-kinh-te-tong-hop","DSTags":["4700169785","Bắc Cạn",null]},{"Type":11,"SolrID":"/4700169802-huyen-uy-ngan-son","ID":0,"MaSoThue":"4700169802","NgayCap":"2009-04-01T00:00:00Z","Title":"Huyện Uỷ Ngân Sơn","DiaChiCongTy":"Khu I, Vân Tùng - Huyện Ngân Sơn - Bắc Cạn","Created":"2015-11-16T15:30:14Z","Updated":"2015-11-16T15:30:14Z","IsDelete":false,"RequestChanged":false,"ExitsInGDT":false,"SourceID":0,"TinhThanhID":0,"TinhThanhTitle":"Bắc Cạn","TinhThanhTitleAscii":"/bac-can","QuanHuyenID":0,"NganhNgheTitle":"Hoạt động quản lý nhà nước nói chung và kinh tế tổng hợp","NganhNgheTitleAscii":"/nganh-nghe/hoat-dong-quan-ly-nha-nuoc-noi-chung-va-kinh-te-tong-hop","DSTags":["4700169802","Bắc Cạn",null]},{"Type":11,"SolrID":"/4700169827-huyen-doan-ngan-son","ID":0,"MaSoThue":"4700169827","NgayCap":"2009-04-01T00:00:00Z","Title":"Huyện đoàn Ngân Sơn","DiaChiCongTy":"Vân Tùng - Huyện Ngân Sơn - Bắc Cạn","Created":"2015-11-16T15:30:15Z","Updated":"2015-11-16T15:30:15Z","IsDelete":false,"RequestChanged":false,"ExitsInGDT":false,"SourceID":0,"TinhThanhID":0,"TinhThanhTitle":"Bắc Cạn","TinhThanhTitleAscii":"/bac-can","QuanHuyenID":0,"NganhNgheTitle":"Hoạt động quản lý nhà nước trong các lĩnh vực kinh tế chuyên ngành","NganhNgheTitleAscii":"/nganh-nghe/hoat-dong-quan-ly-nha-nuoc-trong-cac-linh-vuc-kinh-te-chuyen-nganh","DSTags":["4700169827","Bắc Cạn",null]},{"Type":11,"SolrID":"/4700169859-hoi-nong-dan-huyen-ngan-son","ID":0,"MaSoThue":"4700169859","NgayCap":"2009-04-01T00:00:00Z","Title":"Hội nông dân huyện Ngân sơn","DiaChiCongTy":"Vân Tùng - Huyện Ngân Sơn - Bắc Cạn","Created":"2015-11-16T15:30:17Z","Updated":"2015-11-16T15:30:17Z","IsDelete":false,"RequestChanged":false,"ExitsInGDT":false,"SourceID":0,"TinhThanhID":0,"TinhThanhTitle":"Bắc Cạn","TinhThanhTitleAscii":"/bac-can","QuanHuyenID":0,"NganhNgheTitle":"Hoạt động quản lý nhà nước trong các lĩnh vực kinh tế chuyên ngành","NganhNgheTitleAscii":"/nganh-nghe/hoat-dong-quan-ly-nha-nuoc-trong-cac-linh-vuc-kinh-te-chuyen-nganh","DSTags":["4700169859","Bắc Cạn",null]},{"Type":11,"SolrID":"/4700169866-hoi-phu-nu-huyen-ngan-son","ID":0,"MaSoThue":"4700169866","NgayCap":"2009-04-01T00:00:00Z","Title":"Hội phụ nữ huyện Ngân Sơn","DiaChiCongTy":"Vân Tùng - Huyện Ngân Sơn - Bắc Cạn","Created":"2015-11-16T15:30:17Z","Updated":"2015-11-16T15:30:17Z","IsDelete":false,"RequestChanged":false,"ExitsInGDT":false,"SourceID":0,"TinhThanhID":0,"TinhThanhTitle":"Bắc Cạn","TinhThanhTitleAscii":"/bac-can","QuanHuyenID":0,"NganhNgheTitle":"Hoạt động quản lý nhà nước trong các lĩnh vực kinh tế chuyên ngành","NganhNgheTitleAscii":"/nganh-nghe/hoat-dong-quan-ly-nha-nuoc-trong-cac-linh-vuc-kinh-te-chuyen-nganh","DSTags":["4700169866","Bắc Cạn",null]},{"Type":11,"SolrID":"/4700169954-vien-kiem-sat-nd-huyen-ngan-son","ID":0,"MaSoThue":"4700169954","NgayCap":"2009-04-01T00:00:00Z","Title":"Viện Kiểm sát ND huyện Ngân sơn","DiaChiCongTy":"Khu I, Vân Tùng - Huyện Ngân Sơn - Bắc Cạn","Created":"2015-11-16T15:30:22Z","Updated":"2015-11-16T15:30:22Z","IsDelete":false,"RequestChanged":false,"ExitsInGDT":false,"SourceID":0,"TinhThanhID":0,"TinhThanhTitle":"Bắc Cạn","TinhThanhTitleAscii":"/bac-can","QuanHuyenID":0,"NganhNgheTitle":"Hoạt động quản lý nhà nước nói chung và kinh tế tổng hợp","NganhNgheTitleAscii":"/nganh-nghe/hoat-dong-quan-ly-nha-nuoc-noi-chung-va-kinh-te-tong-hop","DSTags":["4700169954","Bắc Cạn",null]},{"Type":11,"SolrID":"/4700169961-phong-van-hoa-va-thong-tin-ngan-son","ID":0,"MaSoThue":"4700169961","NgayCap":"2009-04-01T00:00:00Z","Title":"Phòng văn hoá và thông tin Ngân Sơn","DiaChiCongTy":"Khu I, Vân Tùng - Huyện Ngân Sơn - Bắc Cạn","Created":"2015-11-16T15:30:23Z","Updated":"2015-11-16T15:30:23Z","IsDelete":false,"RequestChanged":false,"ExitsInGDT":false,"SourceID":0,"TinhThanhID":0,"TinhThanhTitle":"Bắc Cạn","TinhThanhTitleAscii":"/bac-can","QuanHuyenID":0,"NganhNgheTitle":"Hoạt động sáng tác, nghệ thuật và giải trí","NganhNgheTitleAscii":"/nganh-nghe/hoat-dong-sang-tac-nghe-thuat-va-giai-tri","DSTags":["4700169961","Bắc Cạn",null]},{"Type":11,"SolrID":"/4700164850-cong-ty-cp-xay-dung-t-l","ID":0,"MaSoThue":"4700164850","NgayCap":"2009-02-14T00:00:00Z","Title":"Công Ty CP Xây Dựng T&L","DiaChiCongTy":"Tiểu khu II - Huyện Ngân Sơn - Bắc Cạn","Created":"2015-11-14T01:01:48Z","Updated":"2015-11-14T01:01:48Z","IsDelete":false,"RequestChanged":false,"ExitsInGDT":false,"SourceID":0,"TinhThanhID":0,"TinhThanhTitle":"Bắc Cạn","TinhThanhTitleAscii":"/bac-can","QuanHuyenID":0,"NganhNgheTitle":"Xây dựng nhà các loại","NganhNgheTitleAscii":"/nganh-nghe/xay-dung-nha-cac-loai","DSTags":["4700164850","Bắc Cạn",null]}]}