{"ID":9316,"SolrID":"/bac-can/huyen-ngan-son/xa-huong-ne","Title":"Xã Hương Nê","TinhThanhTitle":"Bắc Cạn","QuanHuyenTitle":"Huyện Ngân Sơn","QuanHuyenID":736,"TinhThanhID":47,"Url":"https://thongtindoanhnghiep.co/api/company?l=/bac-can/huyen-ngan-son/xa-huong-ne","Total":5,"List":[{"Type":11,"SolrID":"/4700256621-truong-mam-non-huong-ne","ID":0,"MaSoThue":"4700256621","NgayCap":"2015-03-31T00:00:00Z","Title":"TRườNG MầM NON HươNG Nê","DiaChiCongTy":"Phiêng Phục - Xã Hương Nê - Huyện Ngân Sơn - Bắc Cạn","Created":"2015-11-17T06:23:48Z","Updated":"2015-11-17T06:23:48Z","IsDelete":false,"RequestChanged":false,"ExitsInGDT":false,"SourceID":0,"TinhThanhID":0,"TinhThanhTitle":"Bắc Cạn","TinhThanhTitleAscii":"/bac-can","QuanHuyenID":0,"NganhNgheTitle":"Giáo dục khác","NganhNgheTitleAscii":"/nganh-nghe/giao-duc-khac","DSTags":["4700256621","Bắc Cạn",null]},{"Type":11,"SolrID":"/4700245034-truong-mam-non-huong-ne","ID":0,"MaSoThue":"4700245034","NgayCap":"2013-10-07T00:00:00Z","Title":"TRườNG MầM NON HươNG Nê","DiaChiCongTy":"Xã Hương Nê - Huyện Ngân Sơn - Bắc Cạn","Created":"2015-11-17T07:53:27Z","Updated":"2015-11-17T07:53:27Z","IsDelete":false,"RequestChanged":false,"ExitsInGDT":false,"SourceID":0,"TinhThanhID":0,"TinhThanhTitle":"Bắc Cạn","TinhThanhTitleAscii":"/bac-can","QuanHuyenID":0,"NganhNgheTitle":"NÔNG NGHIỆP, LÂM NGHIỆP VÀ THUỶ SẢN","NganhNgheTitleAscii":"/nganh-nghe/nong-nghiep-lam-nghiep-va-thuy-san","DSTags":["4700245034","Bắc Cạn",null]},{"Type":11,"SolrID":"/4700241625-truong-tieu-hoc-huong-ne","ID":0,"MaSoThue":"4700241625","NgayCap":"2013-04-17T00:00:00Z","Title":"TRườNG TIểU HọC HươNG Nê","DiaChiCongTy":"Xã Hương Nê - Xã Hương Nê - Huyện Ngân Sơn - Bắc Cạn","Created":"2015-11-17T07:54:37Z","Updated":"2015-11-17T07:54:37Z","IsDelete":false,"RequestChanged":false,"ExitsInGDT":false,"SourceID":0,"TinhThanhID":0,"TinhThanhTitle":"Bắc Cạn","TinhThanhTitleAscii":"/bac-can","QuanHuyenID":0,"NganhNgheTitle":"Giáo dục khác","NganhNgheTitleAscii":"/nganh-nghe/giao-duc-khac","DSTags":["4700241625","Bắc Cạn",null]},{"Type":11,"SolrID":"/0102291238-003-chi-nhanh-cong-ty-co-phan-thuong-mai-mai-hoa-tai-bac-kan","ID":0,"MaSoThue":"0102291238-003","NgayCap":"2012-09-17T00:00:00Z","Title":"Chi Nhánh Công Ty Cổ Phần Thương Mại Mai Hoa Tại Bắc Kạn","DiaChiCongTy":"Thôn Nà Cà - Xã Hương Nê - Huyện Ngân Sơn - Bắc Cạn","Created":"2015-11-18T04:40:56Z","Updated":"2015-11-18T04:40:56Z","IsDelete":false,"RequestChanged":false,"ExitsInGDT":false,"SourceID":0,"TinhThanhID":0,"TinhThanhTitle":"Bắc Cạn","TinhThanhTitleAscii":"/bac-can","QuanHuyenID":0,"NganhNgheTitle":"Bán buôn nông, lâm sản nguyên liệu (trừ gỗ, tre, nứa) và động vật sống","NganhNgheTitleAscii":"/nganh-nghe/ban-buon-nong-lam-san-nguyen-lieu-tru-go-tre-nua-va-dong-vat-song","DSTags":["0102291238-003","Bắc Cạn",null]},{"Type":11,"SolrID":"/4700125428-ubnd-xa-huong-ne","ID":0,"MaSoThue":"4700125428","NgayCap":"2000-05-08T00:00:00Z","Title":"UBND xã Hương Nê","DiaChiCongTy":"Xã Hương Nê - Huyện Ngân Sơn - Bắc Cạn","Created":"2015-11-16T14:35:24Z","Updated":"2015-11-16T14:35:24Z","IsDelete":false,"RequestChanged":false,"ExitsInGDT":false,"SourceID":0,"TinhThanhID":0,"TinhThanhTitle":"Bắc Cạn","TinhThanhTitleAscii":"/bac-can","QuanHuyenID":0,"NganhNgheTitle":"Hoạt động dịch vụ tài chính khác chưa được phân vào đâu (trừ bảo hiểm và bảo hiểm xã hội)","NganhNgheTitleAscii":"/nganh-nghe/hoat-dong-dich-vu-tai-chinh-khac-chua-duoc-phan-vao-dau-tru-bao-hiem-va-bao-hiem-xa-hoi","DSTags":["4700125428","Bắc Cạn",null]}]}