{"ID":13526,"SolrID":"/bac-can/huyen-ngan-son/xa-lang-ngam","Title":"Xã Lãng Ngâm","TinhThanhTitle":"Bắc Cạn","QuanHuyenTitle":"Huyện Ngân Sơn","QuanHuyenID":736,"TinhThanhID":47,"Url":"https://thongtindoanhnghiep.co/api/company?l=/bac-can/huyen-ngan-son/xa-lang-ngam","Total":3,"List":[{"Type":11,"SolrID":"/4700194654-doanh-nghiep-tu-nhan-tuan-long","ID":0,"MaSoThue":"4700194654","NgayCap":"2010-05-18T00:00:00Z","Title":"Doanh Nghiệp Tư Nhân  Tuấn Long","DiaChiCongTy":"Thôn Nà Lạn - Xã Lãng Ngâm - Huyện Ngân Sơn - Bắc Cạn","Created":"2015-11-11T12:04:39Z","Updated":"2015-11-11T12:04:39Z","IsDelete":false,"RequestChanged":false,"ExitsInGDT":false,"SourceID":0,"TinhThanhID":0,"TinhThanhTitle":"Bắc Cạn","TinhThanhTitleAscii":"/bac-can","QuanHuyenID":0,"NganhNgheTitle":"Bán buôn xăng dầu và các sản phẩm liên quan","NganhNgheTitleAscii":"/nganh-nghe/ban-buon-xang-dau-va-cac-san-pham-lien-quan","DSTags":["4700194654","Bắc Cạn",null]},{"Type":11,"SolrID":"/4700151636-doanh-nghiep-tu-nhan-hoa-le","ID":0,"MaSoThue":"4700151636","NgayCap":"2007-07-23T00:00:00Z","Title":"Doanh Nghiệp Tư Nhân Hoa Lê","DiaChiCongTy":"Thôn Pù Cà - Xã Lãng Ngâm - Huyện Ngân Sơn - Bắc Cạn","Created":"2015-11-11T09:19:48Z","Updated":"2015-11-11T09:19:48Z","IsDelete":false,"RequestChanged":false,"ExitsInGDT":false,"SourceID":0,"TinhThanhID":0,"TinhThanhTitle":"Bắc Cạn","TinhThanhTitleAscii":"/bac-can","QuanHuyenID":0,"NganhNgheTitle":"Xây dựng nhà các loại","NganhNgheTitleAscii":"/nganh-nghe/xay-dung-nha-cac-loai","DSTags":["4700151636","Bắc Cạn",null]},{"Type":11,"SolrID":"/4700125435-ubnd-xa-lang-ngam","ID":0,"MaSoThue":"4700125435","NgayCap":"2000-05-08T00:00:00Z","Title":"UBND xã Lãng Ngâm","DiaChiCongTy":"Xã Lãng Ngâm - Huyện Ngân Sơn - Bắc Cạn","Created":"2015-11-16T14:35:24Z","Updated":"2015-11-16T14:35:24Z","IsDelete":false,"RequestChanged":false,"ExitsInGDT":false,"SourceID":0,"TinhThanhID":0,"TinhThanhTitle":"Bắc Cạn","TinhThanhTitleAscii":"/bac-can","QuanHuyenID":0,"NganhNgheTitle":"Hoạt động dịch vụ tài chính khác chưa được phân vào đâu (trừ bảo hiểm và bảo hiểm xã hội)","NganhNgheTitleAscii":"/nganh-nghe/hoat-dong-dich-vu-tai-chinh-khac-chua-duoc-phan-vao-dau-tru-bao-hiem-va-bao-hiem-xa-hoi","DSTags":["4700125435","Bắc Cạn",null]}]}