{"ID":14496,"SolrID":"/bac-can/huyen-ngan-son/xa-thuong-quan","Title":"Xã Thượng Quan","TinhThanhTitle":"Bắc Cạn","QuanHuyenTitle":"Huyện Ngân Sơn","QuanHuyenID":736,"TinhThanhID":47,"Url":"https://thongtindoanhnghiep.co/api/company?l=/bac-can/huyen-ngan-son/xa-thuong-quan","Total":5,"List":[{"Type":11,"SolrID":"/4700202619-truong-tieu-hoc-thuong-quan","ID":0,"MaSoThue":"4700202619","NgayCap":"2011-05-05T00:00:00Z","Title":"Trường Tiểu học Thương Quan","DiaChiCongTy":"Xã Thượng Quan - Huyện Ngân Sơn - Bắc Cạn","Created":"2015-11-16T00:59:26Z","Updated":"2015-11-16T00:59:26Z","IsDelete":false,"RequestChanged":false,"ExitsInGDT":false,"SourceID":0,"TinhThanhID":0,"TinhThanhTitle":"Bắc Cạn","TinhThanhTitleAscii":"/bac-can","QuanHuyenID":0,"NganhNgheTitle":"Giáo dục tiểu học","NganhNgheTitleAscii":"/nganh-nghe/giao-duc-tieu-hoc","DSTags":["4700202619","Bắc Cạn",null]},{"Type":11,"SolrID":"/4700202626-truong-trung-hoc-co-so-thuong-quan","ID":0,"MaSoThue":"4700202626","NgayCap":"2011-05-05T00:00:00Z","Title":"Trường Trung học Cơ sở Thương Quan","DiaChiCongTy":"Xã Thượng Quan - Huyện Ngân Sơn - Bắc Cạn","Created":"2015-11-16T00:59:28Z","Updated":"2015-11-16T00:59:28Z","IsDelete":false,"RequestChanged":false,"ExitsInGDT":false,"SourceID":0,"TinhThanhID":0,"TinhThanhTitle":"Bắc Cạn","TinhThanhTitleAscii":"/bac-can","QuanHuyenID":0,"NganhNgheTitle":"Giáo dục trung học cơ sở","NganhNgheTitleAscii":"/nganh-nghe/giao-duc-trung-hoc-co-so","DSTags":["4700202626","Bắc Cạn",null]},{"Type":11,"SolrID":"/4700202633-truong-tieu-hoc-thuan-hung","ID":0,"MaSoThue":"4700202633","NgayCap":"2011-05-05T00:00:00Z","Title":"Trường Tiểu học Thuận Hưng","DiaChiCongTy":"Xã Thượng Quan - Huyện Ngân Sơn - Bắc Cạn","Created":"2015-11-16T00:59:28Z","Updated":"2015-11-16T00:59:28Z","IsDelete":false,"RequestChanged":false,"ExitsInGDT":false,"SourceID":0,"TinhThanhID":0,"TinhThanhTitle":"Bắc Cạn","TinhThanhTitleAscii":"/bac-can","QuanHuyenID":0,"NganhNgheTitle":"Giáo dục tiểu học","NganhNgheTitleAscii":"/nganh-nghe/giao-duc-tieu-hoc","DSTags":["4700202633","Bắc Cạn",null]},{"Type":11,"SolrID":"/4700202601-truong-man-non-thuong-quan","ID":0,"MaSoThue":"4700202601","NgayCap":"2011-05-05T00:00:00Z","Title":"Trường Mần Non Thương Quan","DiaChiCongTy":"...Xã Thượng Quan - Huyện Ngân Sơn - Bắc Cạn","Created":"2015-11-15T20:01:58Z","Updated":"2015-11-15T20:01:58Z","IsDelete":false,"RequestChanged":false,"ExitsInGDT":false,"SourceID":0,"TinhThanhID":0,"TinhThanhTitle":"Bắc Cạn","TinhThanhTitleAscii":"/bac-can","QuanHuyenID":0,"NganhNgheTitle":"Giáo dục mầm non","NganhNgheTitleAscii":"/nganh-nghe/giao-duc-mam-non","DSTags":["4700202601","Bắc Cạn",null]},{"Type":11,"SolrID":"/4700149595-005-xi-nghiep-khai-thac-va-che-bien-khoang-san-ngan-son","ID":0,"MaSoThue":"4700149595-005","NgayCap":"2006-07-10T00:00:00Z","Title":"Xí nghiệp khai thác và chế biến khoáng sản Ngân Sơn","DiaChiCongTy":"Xã Thượng Quan - Huyện Ngân Sơn - Bắc Cạn","Created":"2015-11-11T01:45:01Z","Updated":"2015-11-11T01:45:01Z","IsDelete":false,"RequestChanged":false,"ExitsInGDT":false,"SourceID":0,"TinhThanhID":0,"TinhThanhTitle":"Bắc Cạn","TinhThanhTitleAscii":"/bac-can","QuanHuyenID":0,"NganhNgheTitle":"Khai thác quặng sắt","NganhNgheTitleAscii":"/nganh-nghe/khai-thac-quang-sat","DSTags":["4700149595-005","Bắc Cạn",null]}]}