{"ID":14397,"SolrID":"/bac-can/huyen-ngan-son/xa-trung-hoa","Title":"Xã Trung Hoà","TinhThanhTitle":"Bắc Cạn","QuanHuyenTitle":"Huyện Ngân Sơn","QuanHuyenID":736,"TinhThanhID":47,"Url":"https://thongtindoanhnghiep.co/api/company?l=/bac-can/huyen-ngan-son/xa-trung-hoa","Total":2,"List":[{"Type":11,"SolrID":"/4700202658-truong-tieu-hoc-trung-hoa","ID":0,"MaSoThue":"4700202658","NgayCap":"2011-05-05T00:00:00Z","Title":"Trưởng Tiểu học Trung Hòa","DiaChiCongTy":"Xã Trung Hòa - Huyện Ngân Sơn - Bắc Cạn","Created":"2015-11-16T00:59:31Z","Updated":"2015-11-16T00:59:31Z","IsDelete":false,"RequestChanged":false,"ExitsInGDT":false,"SourceID":0,"TinhThanhID":0,"TinhThanhTitle":"Bắc Cạn","TinhThanhTitleAscii":"/bac-can","QuanHuyenID":0,"NganhNgheTitle":"Giáo dục tiểu học","NganhNgheTitleAscii":"/nganh-nghe/giao-duc-tieu-hoc","DSTags":["4700202658","Bắc Cạn",null]},{"Type":11,"SolrID":"/4700125467-ubnd-xa-trung-hoa","ID":0,"MaSoThue":"4700125467","NgayCap":"2000-05-08T00:00:00Z","Title":"UBND xã Trung Hoà","DiaChiCongTy":"Xã Trung Hoà - Huyện Ngân Sơn - Bắc Cạn","Created":"2015-11-16T05:39:43Z","Updated":"2015-11-16T05:39:43Z","IsDelete":false,"RequestChanged":false,"ExitsInGDT":false,"SourceID":0,"TinhThanhID":0,"TinhThanhTitle":"Bắc Cạn","TinhThanhTitleAscii":"/bac-can","QuanHuyenID":0,"NganhNgheTitle":"Hoạt động dịch vụ tài chính khác chưa được phân vào đâu (trừ bảo hiểm và bảo hiểm xã hội)","NganhNgheTitleAscii":"/nganh-nghe/hoat-dong-dich-vu-tai-chinh-khac-chua-duoc-phan-vao-dau-tru-bao-hiem-va-bao-hiem-xa-hoi","DSTags":["4700125467","Bắc Cạn",null]}]}