{"ID":12466,"SolrID":"/bac-can/huyen-ngan-son/xa-thuong-an","Title":"Xã Thượng Ân","TinhThanhTitle":"Bắc Cạn","QuanHuyenTitle":"Huyện Ngân Sơn","QuanHuyenID":736,"TinhThanhID":47,"Url":"https://thongtindoanhnghiep.co/api/company?l=/bac-can/huyen-ngan-son/xa-thuong-an","Total":5,"List":[{"Type":11,"SolrID":"/4700242266-truong-tieu-hoc-thuong-an","ID":0,"MaSoThue":"4700242266","NgayCap":"2013-06-13T00:00:00Z","Title":"TRườNG TIểU HọC THượNG âN","DiaChiCongTy":"Kéo Bang - Xã Thượng ân - Huyện Ngân Sơn - Bắc Cạn","Created":"2015-11-16T21:37:03Z","Updated":"2015-11-16T21:37:03Z","IsDelete":false,"RequestChanged":false,"ExitsInGDT":false,"SourceID":0,"TinhThanhID":0,"TinhThanhTitle":"Bắc Cạn","TinhThanhTitleAscii":"/bac-can","QuanHuyenID":0,"NganhNgheTitle":"NÔNG NGHIỆP, LÂM NGHIỆP VÀ THUỶ SẢN","NganhNgheTitleAscii":"/nganh-nghe/nong-nghiep-lam-nghiep-va-thuy-san","DSTags":["4700242266","Bắc Cạn",null]},{"Type":11,"SolrID":"/4700242273-truong-mam-non-thuong-an","ID":0,"MaSoThue":"4700242273","NgayCap":"2013-06-13T00:00:00Z","Title":"TRườNG MầM NON THượNG âN","DiaChiCongTy":"Kéo Bang - Xã Thượng ân - Huyện Ngân Sơn - Bắc Cạn","Created":"2015-11-16T21:37:06Z","Updated":"2015-11-16T21:37:06Z","IsDelete":false,"RequestChanged":false,"ExitsInGDT":false,"SourceID":0,"TinhThanhID":0,"TinhThanhTitle":"Bắc Cạn","TinhThanhTitleAscii":"/bac-can","QuanHuyenID":0,"NganhNgheTitle":"NÔNG NGHIỆP, LÂM NGHIỆP VÀ THUỶ SẢN","NganhNgheTitleAscii":"/nganh-nghe/nong-nghiep-lam-nghiep-va-thuy-san","DSTags":["4700242273","Bắc Cạn",null]},{"Type":11,"SolrID":"/4700242280-truong-thcs-thuong-an","ID":0,"MaSoThue":"4700242280","NgayCap":"2013-06-13T00:00:00Z","Title":"TRườNG THCS THượNG âN","DiaChiCongTy":"Kéo Bang - Xã Thượng ân - Huyện Ngân Sơn - Bắc Cạn","Created":"2015-11-16T21:37:07Z","Updated":"2015-11-16T21:37:07Z","IsDelete":false,"RequestChanged":false,"ExitsInGDT":false,"SourceID":0,"TinhThanhID":0,"TinhThanhTitle":"Bắc Cạn","TinhThanhTitleAscii":"/bac-can","QuanHuyenID":0,"NganhNgheTitle":"NÔNG NGHIỆP, LÂM NGHIỆP VÀ THUỶ SẢN","NganhNgheTitleAscii":"/nganh-nghe/nong-nghiep-lam-nghiep-va-thuy-san","DSTags":["4700242280","Bắc Cạn",null]},{"Type":11,"SolrID":"/4700145992-cong-ty-co-phan-dien-khoang-bac-kan","ID":0,"MaSoThue":"4700145992","NgayCap":"2005-05-10T00:00:00Z","Title":"Công ty cổ phần điện khoáng Bắc Kạn","DiaChiCongTy":"Bản Sành- Xã Thượng Ân - Huyện Ngân Sơn - Bắc Cạn","Created":"2015-11-09T02:53:20Z","Updated":"2015-11-09T02:53:20Z","IsDelete":false,"RequestChanged":false,"ExitsInGDT":false,"SourceID":0,"TinhThanhID":0,"TinhThanhTitle":"Bắc Cạn","TinhThanhTitleAscii":"/bac-can","QuanHuyenID":0,"NganhNgheTitle":"Xây dựng công trình kỹ thuật dân dụng","NganhNgheTitleAscii":"/nganh-nghe/xay-dung-cong-trinh-ky-thuat-dan-dung","DSTags":["4700145992","Bắc Cạn",null]},{"Type":11,"SolrID":"/4700125379-ubnd-xa-thuong-an","ID":0,"MaSoThue":"4700125379","NgayCap":"2000-05-08T00:00:00Z","Title":"UBND xã Thượng ân","DiaChiCongTy":"Xã Thượng ân - Huyện Ngân Sơn - Bắc Cạn","Created":"2015-11-16T14:35:34Z","Updated":"2015-11-16T14:35:34Z","IsDelete":false,"RequestChanged":false,"ExitsInGDT":false,"SourceID":0,"TinhThanhID":0,"TinhThanhTitle":"Bắc Cạn","TinhThanhTitleAscii":"/bac-can","QuanHuyenID":0,"NganhNgheTitle":"Hoạt động dịch vụ tài chính khác chưa được phân vào đâu (trừ bảo hiểm và bảo hiểm xã hội)","NganhNgheTitleAscii":"/nganh-nghe/hoat-dong-dich-vu-tai-chinh-khac-chua-duoc-phan-vao-dau-tru-bao-hiem-va-bao-hiem-xa-hoi","DSTags":["4700125379","Bắc Cạn",null]}]}