{"ID":11952,"SolrID":"/bac-can/huyen-ngan-son/xa-thuan-mang","Title":"Xã Thuần Mang","TinhThanhTitle":"Bắc Cạn","QuanHuyenTitle":"Huyện Ngân Sơn","QuanHuyenID":736,"TinhThanhID":47,"Url":"https://thongtindoanhnghiep.co/api/company?l=/bac-can/huyen-ngan-son/xa-thuan-mang","Total":6,"List":[{"Type":11,"SolrID":"/4700263837-cong-ty-tnhh-dau-tu-khu-vui-choi-gai-tri-hai-dang","ID":0,"MaSoThue":"4700263837","NgayCap":"2016-08-31T00:00:00Z","Title":"CôNG TY TNHH ĐầU Tư KHU VUI CHơI GảI TRí HảI ĐăNG","DiaChiCongTy":"Thôn Nà Chúa - Xã Thuần Mang - Huyện Ngân Sơn - Bắc Cạn","Created":"2016-09-09T13:06:58Z","Updated":"2016-09-10T13:07:18Z","IsDelete":false,"RequestChanged":false,"ExitsInGDT":false,"SourceID":0,"TinhThanhID":0,"TinhThanhTitle":"Bắc Cạn","TinhThanhTitleAscii":"/bac-can","QuanHuyenID":0,"NganhNgheTitle":"Hoạt động vui chơi giải trí khác chưa được phân vào đâu","NganhNgheTitleAscii":"/nganh-nghe/hoat-dong-vui-choi-giai-tri-khac-chua-duoc-phan-vao-dau","DSTags":["4700263837","Bắc Cạn",null]},{"Type":11,"SolrID":"/4700241914-truong-mam-non-xa-thuan-mang","ID":0,"MaSoThue":"4700241914","NgayCap":"2013-05-08T00:00:00Z","Title":"TRườNG MầM NON Xã THUầN MANG","DiaChiCongTy":"Khu Chợ - Xã Thuần Mang - Huyện Ngân Sơn - Bắc Cạn","Created":"2015-11-16T10:50:38Z","Updated":"2015-11-16T10:50:38Z","IsDelete":false,"RequestChanged":false,"ExitsInGDT":false,"SourceID":0,"TinhThanhID":0,"TinhThanhTitle":"Bắc Cạn","TinhThanhTitleAscii":"/bac-can","QuanHuyenID":0,"NganhNgheTitle":"NÔNG NGHIỆP, LÂM NGHIỆP VÀ THUỶ SẢN","NganhNgheTitleAscii":"/nganh-nghe/nong-nghiep-lam-nghiep-va-thuy-san","DSTags":["4700241914","Bắc Cạn",null]},{"Type":11,"SolrID":"/4700241907-truong-thcs-xa-thuan-mang","ID":0,"MaSoThue":"4700241907","NgayCap":"2013-05-08T00:00:00Z","Title":"TRườNG THCS Xã THUầN MANG","DiaChiCongTy":"Khu Chợ - Xã Thuần Mang - Huyện Ngân Sơn - Bắc Cạn","Created":"2015-11-16T10:50:40Z","Updated":"2015-11-16T10:50:40Z","IsDelete":false,"RequestChanged":false,"ExitsInGDT":false,"SourceID":0,"TinhThanhID":0,"TinhThanhTitle":"Bắc Cạn","TinhThanhTitleAscii":"/bac-can","QuanHuyenID":0,"NganhNgheTitle":"NÔNG NGHIỆP, LÂM NGHIỆP VÀ THUỶ SẢN","NganhNgheTitleAscii":"/nganh-nghe/nong-nghiep-lam-nghiep-va-thuy-san","DSTags":["4700241907","Bắc Cạn",null]},{"Type":11,"SolrID":"/4700241897-truong-tieu-hoc-thuan-mang","ID":0,"MaSoThue":"4700241897","NgayCap":"2013-05-08T00:00:00Z","Title":"TRườNG TIểU HọC THUầN MANG","DiaChiCongTy":"Khu Chợ - Xã Thuần Mang - Huyện Ngân Sơn - Bắc Cạn","Created":"2015-11-16T10:50:41Z","Updated":"2015-11-16T10:50:41Z","IsDelete":false,"RequestChanged":false,"ExitsInGDT":false,"SourceID":0,"TinhThanhID":0,"TinhThanhTitle":"Bắc Cạn","TinhThanhTitleAscii":"/bac-can","QuanHuyenID":0,"NganhNgheTitle":"NÔNG NGHIỆP, LÂM NGHIỆP VÀ THUỶ SẢN","NganhNgheTitleAscii":"/nganh-nghe/nong-nghiep-lam-nghiep-va-thuy-san","DSTags":["4700241897","Bắc Cạn",null]},{"Type":11,"SolrID":"/4700159709-doanh-nghiep-tu-nhan-sang-the","ID":0,"MaSoThue":"4700159709","NgayCap":"2008-02-26T00:00:00Z","Title":"Doanh Nghiệp Tư Nhân Sáng Thế","DiaChiCongTy":"Khu Xóm Chợ - Xã Thuần Mang - Huyện Ngân Sơn - Bắc Cạn","Created":"2015-11-17T03:35:11Z","Updated":"2015-11-17T03:35:11Z","IsDelete":false,"RequestChanged":false,"ExitsInGDT":false,"SourceID":0,"TinhThanhID":0,"TinhThanhTitle":"Bắc Cạn","TinhThanhTitleAscii":"/bac-can","QuanHuyenID":0,"NganhNgheTitle":"Bán buôn xăng dầu và các sản phẩm liên quan","NganhNgheTitleAscii":"/nganh-nghe/ban-buon-xang-dau-va-cac-san-pham-lien-quan","DSTags":["4700159709","Bắc Cạn",null]},{"Type":11,"SolrID":"/4700125410-ubnd-xa-thuan-mang","ID":0,"MaSoThue":"4700125410","NgayCap":"2000-05-08T00:00:00Z","Title":"UBND xã Thuần Mang","DiaChiCongTy":"Xã Thuần Mang - Xã Thuần Mang - Huyện Ngân Sơn - Bắc Cạn","Created":"2015-11-16T14:35:26Z","Updated":"2015-11-16T14:35:26Z","IsDelete":false,"RequestChanged":false,"ExitsInGDT":false,"SourceID":0,"TinhThanhID":0,"TinhThanhTitle":"Bắc Cạn","TinhThanhTitleAscii":"/bac-can","QuanHuyenID":0,"NganhNgheTitle":"Hoạt động dịch vụ tài chính khác chưa được phân vào đâu (trừ bảo hiểm và bảo hiểm xã hội)","NganhNgheTitleAscii":"/nganh-nghe/hoat-dong-dich-vu-tai-chinh-khac-chua-duoc-phan-vao-dau-tru-bao-hiem-va-bao-hiem-xa-hoi","DSTags":["4700125410","Bắc Cạn",null]}]}