{"ID":15962,"SolrID":"/bac-can/huyen-ngan-son/xa-thuong-quang","Title":"Xã Thượng Quang","TinhThanhTitle":"Bắc Cạn","QuanHuyenTitle":"Huyện Ngân Sơn","QuanHuyenID":736,"TinhThanhID":47,"Url":"https://thongtindoanhnghiep.co/api/company?l=/bac-can/huyen-ngan-son/xa-thuong-quang","Total":1,"List":[{"Type":11,"SolrID":"/4700121688-cong-ty-392-cao-bang","ID":0,"MaSoThue":"4700121688","NgayCap":"1999-04-08T00:00:00Z","Title":"Công ty 392 Cao Bằng","DiaChiCongTy":"Xã Thượng Quang - Huyện Ngân Sơn - Bắc Cạn","Created":"2015-11-12T12:18:20Z","Updated":"2015-11-12T12:18:20Z","IsDelete":false,"RequestChanged":false,"ExitsInGDT":false,"SourceID":0,"TinhThanhID":0,"TinhThanhTitle":"Bắc Cạn","TinhThanhTitleAscii":"/bac-can","QuanHuyenID":0,"NganhNgheTitle":"NÔNG NGHIỆP, LÂM NGHIỆP VÀ THUỶ SẢN","NganhNgheTitleAscii":"/nganh-nghe/nong-nghiep-lam-nghiep-va-thuy-san","DSTags":["4700121688","Bắc Cạn",null]}]}