{"ID":5513,"SolrID":"/bac-can/huyen-ngan-son/xa-van-tung","Title":"Xã Vân Tùng","TinhThanhTitle":"Bắc Cạn","QuanHuyenTitle":"Huyện Ngân Sơn","QuanHuyenID":736,"TinhThanhID":47,"Url":"https://thongtindoanhnghiep.co/api/company?l=/bac-can/huyen-ngan-son/xa-van-tung","Total":70,"List":[{"Type":11,"SolrID":"/4700263026-doanh-nghiep-tu-nhan-minh-nhan-nsbk","ID":0,"MaSoThue":"4700263026","NgayCap":"2016-06-23T00:00:00Z","Title":"Doanh Nghiệp Tư Nhân Minh Nhàn Nsbk","DiaChiCongTy":"Khu I - Xã Vân Tùng - Huyện Ngân Sơn - Bắc Cạn","Created":"2016-06-25T14:12:56Z","Updated":"2016-06-25T14:12:56Z","IsDelete":false,"RequestChanged":false,"ExitsInGDT":false,"SourceID":0,"TinhThanhID":0,"TinhThanhTitle":"Bắc Cạn","TinhThanhTitleAscii":"/bac-can","QuanHuyenID":0,"NganhNgheTitle":"Xây dựng nhà các loại","NganhNgheTitleAscii":"/nganh-nghe/xay-dung-nha-cac-loai","DSTags":["4700263026","Bắc Cạn",null]},{"Type":11,"SolrID":"/4700113341-008-chi-nhanh-vat-tu-nong-nghiep-huyen-ngan-son-cong-ty-cp-vat-tu-ky-thuat-nong-nghiep-bac-kan","ID":0,"MaSoThue":"4700113341-008","NgayCap":"2016-01-06T00:00:00Z","Title":"Chi Nhánh Vật Tư Nông Nghiệp Huyện Ngân Sơn, Công Ty CP Vật Tư Kỹ Thuật Nông Nghiệp Bắc Kạn","DiaChiCongTy":"Khu 2 - Xã Vân Tùng - Huyện Ngân Sơn - Bắc Cạn","Created":"2016-01-13T12:59:59Z","Updated":"2016-01-13T12:59:59Z","IsDelete":false,"RequestChanged":false,"ExitsInGDT":false,"SourceID":0,"TinhThanhID":0,"TinhThanhTitle":"Bắc Cạn","TinhThanhTitleAscii":"/bac-can","QuanHuyenID":0,"NganhNgheTitle":"Hoạt động dịch vụ trồng trọt","NganhNgheTitleAscii":"/nganh-nghe/hoat-dong-dich-vu-trong-trot","DSTags":["4700113341-008","Bắc Cạn",null]},{"Type":11,"SolrID":"/4700259492-cong-ty-tnhh-th-duc-long","ID":0,"MaSoThue":"4700259492","NgayCap":"2015-11-26T00:00:00Z","Title":"Công Ty TNHH Th Đức Long","DiaChiCongTy":"Khu phố - Xã Vân Tùng - Huyện Ngân Sơn - Bắc Cạn","Created":"2015-11-26T13:50:41Z","Updated":"2015-11-26T13:50:41Z","IsDelete":false,"RequestChanged":false,"ExitsInGDT":false,"SourceID":0,"TinhThanhID":0,"TinhThanhTitle":"Bắc Cạn","TinhThanhTitleAscii":"/bac-can","QuanHuyenID":0,"NganhNgheTitle":"Bảo dưỡng và sửa chữa mô tô, xe máy","NganhNgheTitleAscii":"/nganh-nghe/bao-duong-va-sua-chua-mo-to-xe-may","DSTags":["4700259492","Bắc Cạn",null]},{"Type":11,"SolrID":"/4700258241-van-phong-dang-ki-quyen-su-dung-dat-huyen-ngan-son","ID":0,"MaSoThue":"4700258241","NgayCap":"2015-08-24T00:00:00Z","Title":"Văn Phòng Đăng Kí Quyền Sử Dụng Đất Huyện Ngân Sơn","DiaChiCongTy":"Khu I - Xã Vân Tùng - Huyện Ngân Sơn - Bắc Cạn","Created":"2015-11-19T00:15:06Z","Updated":"2015-11-19T00:15:06Z","IsDelete":false,"RequestChanged":false,"ExitsInGDT":false,"SourceID":0,"TinhThanhID":0,"TinhThanhTitle":"Bắc Cạn","TinhThanhTitleAscii":"/bac-can","QuanHuyenID":0,"NganhNgheTitle":"Hoạt động quản lý nhà nước nói chung và kinh tế tổng hợp","NganhNgheTitleAscii":"/nganh-nghe/hoat-dong-quan-ly-nha-nuoc-noi-chung-va-kinh-te-tong-hop","DSTags":["4700258241","Bắc Cạn",null]},{"Type":11,"SolrID":"/4700258234-trung-tam-day-nghe-huyen-ngan-son","ID":0,"MaSoThue":"4700258234","NgayCap":"2015-08-24T00:00:00Z","Title":"TRUNG TâM DạY NGHề HUYệN NGâN SơN","DiaChiCongTy":"Khu I - Xã Vân Tùng - Huyện Ngân Sơn - Bắc Cạn","Created":"2015-11-19T00:15:11Z","Updated":"2015-11-19T00:15:11Z","IsDelete":false,"RequestChanged":false,"ExitsInGDT":false,"SourceID":0,"TinhThanhID":0,"TinhThanhTitle":"Bắc Cạn","TinhThanhTitleAscii":"/bac-can","QuanHuyenID":0,"NganhNgheTitle":"Giáo dục khác","NganhNgheTitleAscii":"/nganh-nghe/giao-duc-khac","DSTags":["4700258234","Bắc Cạn",null]},{"Type":11,"SolrID":"/0100686174-648-ngan-hang-nong-nghiep-va-phat-trien-nong-thon-viet-nam-chi-nhanh-huyen-ngan-son-bac-kan","ID":0,"MaSoThue":"0100686174-648","NgayCap":"2013-10-16T00:00:00Z","Title":"Ngân Hàng Nông Nghiệp Và Phát Triển Nông Thôn Việt Nam - Chi Nhánh Huyện Ngân Sơn Bắc Kạn","DiaChiCongTy":"Khu I - Xã Vân Tùng - Huyện Ngân Sơn - Bắc Cạn","Created":"2015-11-18T18:22:55Z","Updated":"2015-11-18T18:22:55Z","IsDelete":false,"RequestChanged":false,"ExitsInGDT":false,"SourceID":0,"TinhThanhID":0,"TinhThanhTitle":"Bắc Cạn","TinhThanhTitleAscii":"/bac-can","QuanHuyenID":0,"NganhNgheTitle":"Hoạt động trung gian tiền tệ khác","NganhNgheTitleAscii":"/nganh-nghe/hoat-dong-trung-gian-tien-te-khac","DSTags":["0100686174-648","Bắc Cạn",null]},{"Type":11,"SolrID":"/4700245080-doi-thue-lien-xa","ID":0,"MaSoThue":"4700245080","NgayCap":"2013-10-11T00:00:00Z","Title":"ĐộI THUế LIêN Xã","DiaChiCongTy":"Khu phố - Xã Vân Tùng - Huyện Ngân Sơn - Bắc Cạn","Created":"2015-11-17T07:14:41Z","Updated":"2015-11-17T07:14:41Z","IsDelete":false,"RequestChanged":false,"ExitsInGDT":false,"SourceID":0,"TinhThanhID":0,"TinhThanhTitle":"Bắc Cạn","TinhThanhTitleAscii":"/bac-can","QuanHuyenID":0,"NganhNgheTitle":"Bán lẻ (trừ ô tô, mô tô, xe máy và xe có động cơ khác)","NganhNgheTitleAscii":"/nganh-nghe/ban-le-tru-o-to-mo-to-xe-may-va-xe-co-dong-co-khac","DSTags":["4700245080","Bắc Cạn",null]},{"Type":11,"SolrID":"/4700245098-bo-phan-mot-cua","ID":0,"MaSoThue":"4700245098","NgayCap":"2013-10-11T00:00:00Z","Title":"Bộ PHậN MộT CửA","DiaChiCongTy":"Khu Phố - Xã Vân Tùng - Huyện Ngân Sơn - Bắc Cạn","Created":"2015-11-17T07:14:42Z","Updated":"2015-11-17T07:14:42Z","IsDelete":false,"RequestChanged":false,"ExitsInGDT":false,"SourceID":0,"TinhThanhID":0,"TinhThanhTitle":"Bắc Cạn","TinhThanhTitleAscii":"/bac-can","QuanHuyenID":0,"NganhNgheTitle":"Bán lẻ (trừ ô tô, mô tô, xe máy và xe có động cơ khác)","NganhNgheTitleAscii":"/nganh-nghe/ban-le-tru-o-to-mo-to-xe-may-va-xe-co-dong-co-khac","DSTags":["4700245098","Bắc Cạn",null]},{"Type":11,"SolrID":"/4700244591-doanh-nghiep-tn-huyen-nhat-ngan-son","ID":0,"MaSoThue":"4700244591","NgayCap":"2013-08-28T00:00:00Z","Title":"Doanh Nghiệp TN Huyền Nhật Ngân Sơn","DiaChiCongTy":"Khu 2 - Xã Vân Tùng - Huyện Ngân Sơn - Bắc Cạn","Created":"2015-11-16T14:10:10Z","Updated":"2015-11-16T14:10:10Z","IsDelete":false,"RequestChanged":false,"ExitsInGDT":false,"SourceID":0,"TinhThanhID":0,"TinhThanhTitle":"Bắc Cạn","TinhThanhTitleAscii":"/bac-can","QuanHuyenID":0,"NganhNgheTitle":"Xây dựng nhà các loại","NganhNgheTitleAscii":"/nganh-nghe/xay-dung-nha-cac-loai","DSTags":["4700244591","Bắc Cạn",null]},{"Type":11,"SolrID":"/4800215805-001-van-phong-dai-dien-cong-ty-tnhh-xay-lap-86-doan-799-quan-khu-i","ID":0,"MaSoThue":"4800215805-001","NgayCap":"2013-08-20T00:00:00Z","Title":"Văn Phòng Đại Diện Công Ty TNHH Xây Lắp 86 Đoàn 799 Quân Khu I","DiaChiCongTy":"Khu I - Xã Vân Tùng - Huyện Ngân Sơn - Bắc Cạn","Created":"2015-11-11T01:35:05Z","Updated":"2015-11-11T01:35:05Z","IsDelete":false,"RequestChanged":false,"ExitsInGDT":false,"SourceID":0,"TinhThanhID":0,"TinhThanhTitle":"Bắc Cạn","TinhThanhTitleAscii":"/bac-can","QuanHuyenID":0,"NganhNgheTitle":"Xây dựng công trình kỹ thuật dân dụng khác","NganhNgheTitleAscii":"/nganh-nghe/xay-dung-cong-trinh-ky-thuat-dan-dung-khac","DSTags":["4800215805-001","Bắc Cạn",null]},{"Type":11,"SolrID":"/4700241632-phong-giao-dich-ngan-hang-chinh-sach-xa-hoi-huyen-ngan-son","ID":0,"MaSoThue":"4700241632","NgayCap":"2013-04-17T00:00:00Z","Title":"PHòNG GIAO DịCH NGâN HàNG CHíNH SáCH Xã HộI HUYệN NGâN SơN","DiaChiCongTy":"Khu I - Xã Vân Tùng - Huyện Ngân Sơn - Bắc Cạn","Created":"2015-11-17T07:54:38Z","Updated":"2015-11-17T07:54:38Z","IsDelete":false,"RequestChanged":false,"ExitsInGDT":false,"SourceID":0,"TinhThanhID":0,"TinhThanhTitle":"Bắc Cạn","TinhThanhTitleAscii":"/bac-can","QuanHuyenID":0,"NganhNgheTitle":"NÔNG NGHIỆP, LÂM NGHIỆP VÀ THUỶ SẢN","NganhNgheTitleAscii":"/nganh-nghe/nong-nghiep-lam-nghiep-va-thuy-san","DSTags":["4700241632","Bắc Cạn",null]},{"Type":11,"SolrID":"/4700241488-truong-thcs-van-tung","ID":0,"MaSoThue":"4700241488","NgayCap":"2013-04-04T00:00:00Z","Title":"TRườNG THCS VâN TùNG","DiaChiCongTy":"Khu II - Xã Vân Tùng - Huyện Ngân Sơn - Bắc Cạn","Created":"2015-11-16T21:40:05Z","Updated":"2015-11-16T21:40:05Z","IsDelete":false,"RequestChanged":false,"ExitsInGDT":false,"SourceID":0,"TinhThanhID":0,"TinhThanhTitle":"Bắc Cạn","TinhThanhTitleAscii":"/bac-can","QuanHuyenID":0,"NganhNgheTitle":"Giáo dục khác","NganhNgheTitleAscii":"/nganh-nghe/giao-duc-khac","DSTags":["4700241488","Bắc Cạn",null]},{"Type":11,"SolrID":"/4700241470-truong-tieu-hoc-van-tung","ID":0,"MaSoThue":"4700241470","NgayCap":"2013-04-04T00:00:00Z","Title":"TRườNG TIểU HọC VâN TùNG","DiaChiCongTy":"Khu II - Xã Vân Tùng - Huyện Ngân Sơn - Bắc Cạn","Created":"2015-11-16T21:40:07Z","Updated":"2015-11-16T21:40:07Z","IsDelete":false,"RequestChanged":false,"ExitsInGDT":false,"SourceID":0,"TinhThanhID":0,"TinhThanhTitle":"Bắc Cạn","TinhThanhTitleAscii":"/bac-can","QuanHuyenID":0,"NganhNgheTitle":"Giáo dục khác","NganhNgheTitleAscii":"/nganh-nghe/giao-duc-khac","DSTags":["4700241470","Bắc Cạn",null]},{"Type":11,"SolrID":"/4700241463-truong-mam-non-van-tung","ID":0,"MaSoThue":"4700241463","NgayCap":"2013-04-04T00:00:00Z","Title":"TRườNG MầM NON VâN TùNG","DiaChiCongTy":"Khu II - Xã Vân Tùng - Huyện Ngân Sơn - Bắc Cạn","Created":"2015-11-16T21:40:09Z","Updated":"2015-11-16T21:40:09Z","IsDelete":false,"RequestChanged":false,"ExitsInGDT":false,"SourceID":0,"TinhThanhID":0,"TinhThanhTitle":"Bắc Cạn","TinhThanhTitleAscii":"/bac-can","QuanHuyenID":0,"NganhNgheTitle":"Giáo dục khác","NganhNgheTitleAscii":"/nganh-nghe/giao-duc-khac","DSTags":["4700241463","Bắc Cạn",null]},{"Type":11,"SolrID":"/4700240607-doanh-nghiep-tn-vang-bac-vuong-tham","ID":0,"MaSoThue":"4700240607","NgayCap":"2013-01-15T00:00:00Z","Title":"Doanh Nghiệp TN Vàng Bạc Vượng Thắm","DiaChiCongTy":"Khu II - Xã Vân Tùng - Huyện Ngân Sơn - Bắc Cạn","Created":"2015-11-17T07:07:13Z","Updated":"2015-11-17T07:07:13Z","IsDelete":false,"RequestChanged":false,"ExitsInGDT":false,"SourceID":0,"TinhThanhID":0,"TinhThanhTitle":"Bắc Cạn","TinhThanhTitleAscii":"/bac-can","QuanHuyenID":0,"NganhNgheTitle":"Bán lẻ hàng hóa khác mới trong các cửa hàng chuyên doanh","NganhNgheTitleAscii":"/nganh-nghe/ban-le-hang-hoa-khac-moi-trong-cac-cua-hang-chuyen-doanh","DSTags":["4700240607","Bắc Cạn",null]},{"Type":11,"SolrID":"/4700229586-cong-ty-tnhh-phat-trien-ht","ID":0,"MaSoThue":"4700229586","NgayCap":"2012-04-17T00:00:00Z","Title":"Công Ty TNHH Phát Triển Ht","DiaChiCongTy":"Tiểu Khu 2 - Xã Vân Tùng - Huyện Ngân Sơn - Bắc Cạn","Created":"2015-11-10T02:05:10Z","Updated":"2015-11-10T02:05:10Z","IsDelete":false,"RequestChanged":false,"ExitsInGDT":false,"SourceID":0,"TinhThanhID":0,"TinhThanhTitle":"Bắc Cạn","TinhThanhTitleAscii":"/bac-can","QuanHuyenID":0,"NganhNgheTitle":"Xây dựng nhà các loại","NganhNgheTitleAscii":"/nganh-nghe/xay-dung-nha-cac-loai","DSTags":["4700229586","Bắc Cạn",null]},{"Type":11,"SolrID":"/4700225824-doanh-nghiep-tu-nhan-viet-han-bac-kanj","ID":0,"MaSoThue":"4700225824","NgayCap":"2012-02-20T00:00:00Z","Title":"Doanh nghiệp tư nhân Việt -Hàn Bắc Kanj","DiaChiCongTy":"Thôn Đông Piầu - Xã Vân Tùng - Huyện Ngân Sơn - Bắc Cạn","Created":"2015-11-17T07:33:35Z","Updated":"2015-11-17T07:33:35Z","IsDelete":false,"RequestChanged":false,"ExitsInGDT":false,"SourceID":0,"TinhThanhID":0,"TinhThanhTitle":"Bắc Cạn","TinhThanhTitleAscii":"/bac-can","QuanHuyenID":0,"NganhNgheTitle":"NÔNG NGHIỆP, LÂM NGHIỆP VÀ THUỶ SẢN","NganhNgheTitleAscii":"/nganh-nghe/nong-nghiep-lam-nghiep-va-thuy-san","DSTags":["4700225824","Bắc Cạn",null]},{"Type":11,"SolrID":"/4700214452-cong-ty-tnhh-mot-thanh-vien-hoang-anh-bac-kan","ID":0,"MaSoThue":"4700214452","NgayCap":"2011-11-21T00:00:00Z","Title":"Công Ty TNHH Một Thành Viên Hoàng Anh Bắc Kạn","DiaChiCongTy":"Khu I - Xã Vân Tùng - Huyện Ngân Sơn - Bắc Cạn","Created":"2015-11-10T02:04:56Z","Updated":"2015-11-10T02:04:56Z","IsDelete":false,"RequestChanged":false,"ExitsInGDT":false,"SourceID":0,"TinhThanhID":0,"TinhThanhTitle":"Bắc Cạn","TinhThanhTitleAscii":"/bac-can","QuanHuyenID":0,"NganhNgheTitle":"Xây dựng nhà các loại","NganhNgheTitleAscii":"/nganh-nghe/xay-dung-nha-cac-loai","DSTags":["4700214452","Bắc Cạn",null]},{"Type":11,"SolrID":"/4700162645-001-chi-nhanh-cong-ty-tnhh-hoang-tien-tai-ngan-son","ID":0,"MaSoThue":"4700162645-001","NgayCap":"2011-09-30T00:00:00Z","Title":"Chi Nhánh Công Ty TNHH  Hoàng Tiến Tại Ngân Sơn","DiaChiCongTy":"Thôn Đèo Gió - Xã Vân Tùng - Huyện Ngân Sơn - Bắc Cạn","Created":"2015-11-10T02:05:26Z","Updated":"2015-11-10T02:05:26Z","IsDelete":false,"RequestChanged":false,"ExitsInGDT":false,"SourceID":0,"TinhThanhID":0,"TinhThanhTitle":"Bắc Cạn","TinhThanhTitleAscii":"/bac-can","QuanHuyenID":0,"NganhNgheTitle":"Bán buôn xăng dầu và các sản phẩm liên quan","NganhNgheTitleAscii":"/nganh-nghe/ban-buon-xang-dau-va-cac-san-pham-lien-quan","DSTags":["4700162645-001","Bắc Cạn",null]},{"Type":11,"SolrID":"/4700205842-trung-tam-giao-duc-thuong-xuyen-ngan-son","ID":0,"MaSoThue":"4700205842","NgayCap":"2011-07-20T00:00:00Z","Title":"Trung Tâm Giáo Dục Thường Xuyên Ngân Sơn","DiaChiCongTy":"Khu I - Xã Vân Tùng - Huyện Ngân Sơn - Bắc Cạn","Created":"2015-11-16T20:03:39Z","Updated":"2015-11-16T20:03:39Z","IsDelete":false,"RequestChanged":false,"ExitsInGDT":false,"SourceID":0,"TinhThanhID":0,"TinhThanhTitle":"Bắc Cạn","TinhThanhTitleAscii":"/bac-can","QuanHuyenID":0,"NganhNgheTitle":"Giáo dục khác","NganhNgheTitleAscii":"/nganh-nghe/giao-duc-khac","DSTags":["4700205842","Bắc Cạn",null]},{"Type":11,"SolrID":"/4700199405-cong-ty-cp-vu-thanh","ID":0,"MaSoThue":"4700199405","NgayCap":"2011-01-11T00:00:00Z","Title":"Công Ty CP Vũ Thành","DiaChiCongTy":"Khu II - Xã Vân Tùng - Huyện Ngân Sơn - Bắc Cạn","Created":"2015-11-10T02:05:27Z","Updated":"2015-11-10T02:05:27Z","IsDelete":false,"RequestChanged":false,"ExitsInGDT":false,"SourceID":0,"TinhThanhID":0,"TinhThanhTitle":"Bắc Cạn","TinhThanhTitleAscii":"/bac-can","QuanHuyenID":0,"NganhNgheTitle":"Xây dựng nhà các loại","NganhNgheTitleAscii":"/nganh-nghe/xay-dung-nha-cac-loai","DSTags":["4700199405","Bắc Cạn",null]},{"Type":11,"SolrID":"/0104585177-002-chi-nhanh-cong-ty-co-phan-kinh-doanh-va-dich-vu-thien-phu-tai-bac-kan","ID":0,"MaSoThue":"0104585177-002","NgayCap":"2010-12-06T00:00:00Z","Title":"Chi Nhánh Công Ty Cổ Phần Kinh Doanh Và Dịch Vụ Thiên Phú Tại Bắc Kạn","DiaChiCongTy":"Khu  I - Xã Vân Tùng - Huyện Ngân Sơn - Bắc Cạn","Created":"2015-11-10T02:05:00Z","Updated":"2015-11-10T02:05:00Z","IsDelete":false,"RequestChanged":false,"ExitsInGDT":false,"SourceID":0,"TinhThanhID":0,"TinhThanhTitle":"Bắc Cạn","TinhThanhTitleAscii":"/bac-can","QuanHuyenID":0,"NganhNgheTitle":"Sản xuất vật liệu xây dựng từ đất sét","NganhNgheTitleAscii":"/nganh-nghe/san-xuat-vat-lieu-xay-dung-tu-dat-set","DSTags":["0104585177-002","Bắc Cạn",null]},{"Type":11,"SolrID":"/4700195873-doanh-nghiep-tu-nhan-son-anh","ID":0,"MaSoThue":"4700195873","NgayCap":"2010-07-20T00:00:00Z","Title":"Doanh nghiệp tư nhân Sơn Anh","DiaChiCongTy":"Khu I, xã Vân Tùng - Huyện Ngân Sơn - Bắc Cạn","Created":"2015-11-16T20:56:53Z","Updated":"2015-11-16T20:56:53Z","IsDelete":false,"RequestChanged":false,"ExitsInGDT":false,"SourceID":0,"TinhThanhID":0,"TinhThanhTitle":"Bắc Cạn","TinhThanhTitleAscii":"/bac-can","QuanHuyenID":0,"NganhNgheTitle":"Khai thác gỗ và lâm sản khác","NganhNgheTitleAscii":"/nganh-nghe/khai-thac-go-va-lam-san-khac","DSTags":["4700195873","Bắc Cạn",null]},{"Type":11,"SolrID":"/4700195859-cong-ty-co-phan-thanh-son","ID":0,"MaSoThue":"4700195859","NgayCap":"2010-07-19T00:00:00Z","Title":"Công ty cổ phần Thành Sơn","DiaChiCongTy":"Khu II, xã Vân Tùng - Huyện Ngân Sơn - Bắc Cạn","Created":"2015-11-13T23:44:21Z","Updated":"2015-11-13T23:44:21Z","IsDelete":false,"RequestChanged":false,"ExitsInGDT":false,"SourceID":0,"TinhThanhID":0,"TinhThanhTitle":"Bắc Cạn","TinhThanhTitleAscii":"/bac-can","QuanHuyenID":0,"NganhNgheTitle":"Nông nghiệp và hoạt động dịch vụ có liên quan","NganhNgheTitleAscii":"/nganh-nghe/nong-nghiep-va-hoat-dong-dich-vu-co-lien-quan","DSTags":["4700195859","Bắc Cạn",null]},{"Type":11,"SolrID":"/4700195432-cong-ty-co-phan-son-trung","ID":0,"MaSoThue":"4700195432","NgayCap":"2010-06-21T00:00:00Z","Title":"Công ty cổ phần Sơn Trung","DiaChiCongTy":"Khu 1, xã Vân Tùng - Huyện Ngân Sơn - Bắc Cạn","Created":"2015-11-09T00:21:50Z","Updated":"2015-11-09T00:21:50Z","IsDelete":false,"RequestChanged":false,"ExitsInGDT":false,"SourceID":0,"TinhThanhID":0,"TinhThanhTitle":"Bắc Cạn","TinhThanhTitleAscii":"/bac-can","QuanHuyenID":0,"NganhNgheTitle":"Trồng rừng và chăm sóc rừng","NganhNgheTitleAscii":"/nganh-nghe/trong-rung-va-cham-soc-rung","DSTags":["4700195432","Bắc Cạn",null]},{"Type":11,"SolrID":"/4700191170-cong-ty-cp-thuong-mai-va-xay-dung-van-tai-xuan-tuyen","ID":0,"MaSoThue":"4700191170","NgayCap":"2009-12-08T00:00:00Z","Title":"Công Ty CP Thương Mại Và Xây Dựng Vận Tải Xuân Tuyên","DiaChiCongTy":"Đèo Gió - Xã Vân Tùng - Huyện Ngân Sơn - Bắc Cạn","Created":"2015-11-10T02:05:19Z","Updated":"2015-11-10T02:05:19Z","IsDelete":false,"RequestChanged":false,"ExitsInGDT":false,"SourceID":0,"TinhThanhID":0,"TinhThanhTitle":"Bắc Cạn","TinhThanhTitleAscii":"/bac-can","QuanHuyenID":0,"NganhNgheTitle":"Vận tải đường bộ khác","NganhNgheTitleAscii":"/nganh-nghe/van-tai-duong-bo-khac","DSTags":["4700191170","Bắc Cạn",null]},{"Type":11,"SolrID":"/4700189478-doanh-nghiep-tu-nhan-son-tung","ID":0,"MaSoThue":"4700189478","NgayCap":"2009-08-31T00:00:00Z","Title":"Doanh nghiệp tư nhân Sơn Tùng","DiaChiCongTy":"Khu phố, xã Vân Tùng - Huyện Ngân Sơn - Bắc Cạn","Created":"2015-11-19T03:22:22Z","Updated":"2015-11-19T03:22:22Z","IsDelete":false,"RequestChanged":false,"ExitsInGDT":false,"SourceID":0,"TinhThanhID":0,"TinhThanhTitle":"Bắc Cạn","TinhThanhTitleAscii":"/bac-can","QuanHuyenID":0,"NganhNgheTitle":"Bán lẻ hình thức khác (trừ bán lẻ tại cửa hàng, lưu động hoặc tại chợ)","NganhNgheTitleAscii":"/nganh-nghe/ban-le-hinh-thuc-khac-tru-ban-le-tai-cua-hang-luu-dong-hoac-tai-cho","DSTags":["4700189478","Bắc Cạn",null]},{"Type":11,"SolrID":"/4700188876-phong-lao-dong-thuong-binh-va-xa-hoi","ID":0,"MaSoThue":"4700188876","NgayCap":"2009-08-12T00:00:00Z","Title":"Phòng lao động - Thương binh và xã hội","DiaChiCongTy":"Khu I, xã Vân Tùng - Huyện Ngân Sơn - Bắc Cạn","Created":"2015-11-16T09:34:22Z","Updated":"2015-11-16T09:34:22Z","IsDelete":false,"RequestChanged":false,"ExitsInGDT":false,"SourceID":0,"TinhThanhID":0,"TinhThanhTitle":"Bắc Cạn","TinhThanhTitleAscii":"/bac-can","QuanHuyenID":0,"NganhNgheTitle":"Hoạt động quản lý nhà nước nói chung và kinh tế tổng hợp","NganhNgheTitleAscii":"/nganh-nghe/hoat-dong-quan-ly-nha-nuoc-noi-chung-va-kinh-te-tong-hop","DSTags":["4700188876","Bắc Cạn",null]},{"Type":11,"SolrID":"/4700188883-ngan-hang-csxh-huyen-ngan-son","ID":0,"MaSoThue":"4700188883","NgayCap":"2009-08-12T00:00:00Z","Title":"Ngân hàng CSXH huyện Ngân Sơn","DiaChiCongTy":"Khu I, xã Vân Tùng - Huyện Ngân Sơn - Bắc Cạn","Created":"2015-11-16T09:34:25Z","Updated":"2015-11-16T09:34:25Z","IsDelete":false,"RequestChanged":false,"ExitsInGDT":false,"SourceID":0,"TinhThanhID":0,"TinhThanhTitle":"Bắc Cạn","TinhThanhTitleAscii":"/bac-can","QuanHuyenID":0,"NganhNgheTitle":"Hoạt động trung gian tiền tệ khác","NganhNgheTitleAscii":"/nganh-nghe/hoat-dong-trung-gian-tien-te-khac","DSTags":["4700188883","Bắc Cạn",null]},{"Type":11,"SolrID":"/4700187784-trung-tam-boi-duong-chinh-tri","ID":0,"MaSoThue":"4700187784","NgayCap":"2009-07-22T00:00:00Z","Title":"Trung tâm bồi dưỡng chính trị","DiaChiCongTy":"Khu I, xã Vân Tùng - Huyện Ngân Sơn - Bắc Cạn","Created":"2015-11-16T22:32:33Z","Updated":"2015-11-16T22:32:33Z","IsDelete":false,"RequestChanged":false,"ExitsInGDT":false,"SourceID":0,"TinhThanhID":0,"TinhThanhTitle":"Bắc Cạn","TinhThanhTitleAscii":"/bac-can","QuanHuyenID":0,"NganhNgheTitle":"Hoạt động quản lý nhà nước nói chung và kinh tế tổng hợp","NganhNgheTitleAscii":"/nganh-nghe/hoat-dong-quan-ly-nha-nuoc-noi-chung-va-kinh-te-tong-hop","DSTags":["4700187784","Bắc Cạn",null]},{"Type":11,"SolrID":"/4700187752-ban-qldadt-xd-huyen-ngan-son","ID":0,"MaSoThue":"4700187752","NgayCap":"2009-07-22T00:00:00Z","Title":"Ban QLDAĐT & XD huyện Ngân Sơn","DiaChiCongTy":"xã Vân Tùng - Huyện Ngân Sơn - Bắc Cạn","Created":"2015-11-16T10:44:50Z","Updated":"2015-11-16T10:44:50Z","IsDelete":false,"RequestChanged":false,"ExitsInGDT":false,"SourceID":0,"TinhThanhID":0,"TinhThanhTitle":"Bắc Cạn","TinhThanhTitleAscii":"/bac-can","QuanHuyenID":0,"NganhNgheTitle":"Hoạt động của Đảng cộng sản, tổ chức chính trị - xã hội, hoạt động quản lý nhà nước nói chung và kinh tế tổng hợp","NganhNgheTitleAscii":"/nganh-nghe/hoat-dong-cua-dang-cong-san-to-chuc-chinh-tri-xa-hoi-hoat-dong-quan-ly-nha-nuoc-noi-chung-va-kinh-te-tong-hop","DSTags":["4700187752","Bắc Cạn",null]},{"Type":11,"SolrID":"/4700187777-phong-tai-nguyen-moi-truong","ID":0,"MaSoThue":"4700187777","NgayCap":"2009-07-22T00:00:00Z","Title":"Phòng tài nguyên - môi trường","DiaChiCongTy":"Khu I, xã Vân Tùng - Huyện Ngân Sơn - Bắc Cạn","Created":"2015-11-16T10:44:52Z","Updated":"2015-11-16T10:44:52Z","IsDelete":false,"RequestChanged":false,"ExitsInGDT":false,"SourceID":0,"TinhThanhID":0,"TinhThanhTitle":"Bắc Cạn","TinhThanhTitleAscii":"/bac-can","QuanHuyenID":0,"NganhNgheTitle":"Hoạt động quản lý nhà nước nói chung và kinh tế tổng hợp","NganhNgheTitleAscii":"/nganh-nghe/hoat-dong-quan-ly-nha-nuoc-noi-chung-va-kinh-te-tong-hop","DSTags":["4700187777","Bắc Cạn",null]},{"Type":11,"SolrID":"/4700113334-004-ngan-hang-nong-nghiep-va-phat-trien-nong-thon-huyen-ngan-son","ID":0,"MaSoThue":"4700113334-004","NgayCap":"2009-07-01T00:00:00Z","Title":"Ngân hàng nông nghiệp và phát triển nông thôn huyện Ngân Sơn","DiaChiCongTy":"Khu I xã Vân Tùng - Huyện Ngân Sơn - Bắc Cạn","Created":"2015-11-19T05:39:06Z","Updated":"2015-11-19T05:39:06Z","IsDelete":false,"RequestChanged":false,"ExitsInGDT":false,"SourceID":0,"TinhThanhID":0,"TinhThanhTitle":"Bắc Cạn","TinhThanhTitleAscii":"/bac-can","QuanHuyenID":0,"NganhNgheTitle":"NÔNG NGHIỆP, LÂM NGHIỆP VÀ THUỶ SẢN","NganhNgheTitleAscii":"/nganh-nghe/nong-nghiep-lam-nghiep-va-thuy-san","DSTags":["4700113334-004","Bắc Cạn",null]},{"Type":11,"SolrID":"/4700144766-004-hieu-thuoc-huyen-ngan-son","ID":0,"MaSoThue":"4700144766-004","NgayCap":"2009-06-23T00:00:00Z","Title":"Hiệu thuốc huyện Ngân Sơn","DiaChiCongTy":"Tiểu khu II, xã Vân Tùng - Huyện Ngân Sơn - Bắc Cạn","Created":"2015-11-19T05:38:48Z","Updated":"2015-11-19T05:38:48Z","IsDelete":false,"RequestChanged":false,"ExitsInGDT":false,"SourceID":0,"TinhThanhID":0,"TinhThanhTitle":"Bắc Cạn","TinhThanhTitleAscii":"/bac-can","QuanHuyenID":0,"NganhNgheTitle":"Bán lẻ thuốc, dụng cụ y tế, mỹ phẩm và vật phẩm vệ sinh trong các cửa hàng chuyên doanh","NganhNgheTitleAscii":"/nganh-nghe/ban-le-thuoc-dung-cu-y-te-my-pham-va-vat-pham-ve-sinh-trong-cac-cua-hang-chuyen-doanh","DSTags":["4700144766-004","Bắc Cạn",null]},{"Type":11,"SolrID":"/4700178701-cong-ty-trach-nhiem-huu-han-thuong-mai-dien-thuong","ID":0,"MaSoThue":"4700178701","NgayCap":"2009-05-15T00:00:00Z","Title":"Công ty trách nhiệm hữu hạn thương mại Điền Thương","DiaChiCongTy":"Khu phố, xã Vân Tùng - Huyện Ngân Sơn - Bắc Cạn","Created":"2015-11-11T12:05:31Z","Updated":"2015-11-11T12:05:31Z","IsDelete":false,"RequestChanged":false,"ExitsInGDT":false,"SourceID":0,"TinhThanhID":0,"TinhThanhTitle":"Bắc Cạn","TinhThanhTitleAscii":"/bac-can","QuanHuyenID":0,"NganhNgheTitle":"Hoạt động dịch vụ hỗ trợ kinh doanh khác chưa được phân vào đâu","NganhNgheTitleAscii":"/nganh-nghe/hoat-dong-dich-vu-ho-tro-kinh-doanh-khac-chua-duoc-phan-vao-dau","DSTags":["4700178701","Bắc Cạn",null]},{"Type":11,"SolrID":"/4700172795-van-phong-hdnd-ubnd","ID":0,"MaSoThue":"4700172795","NgayCap":"2009-04-07T00:00:00Z","Title":"Văn phòng HĐND, UBND","DiaChiCongTy":"Khu I, Xã Vân Tùng - Huyện Ngân Sơn - Bắc Cạn","Created":"2015-11-16T23:33:04Z","Updated":"2015-11-16T23:33:04Z","IsDelete":false,"RequestChanged":false,"ExitsInGDT":false,"SourceID":0,"TinhThanhID":0,"TinhThanhTitle":"Bắc Cạn","TinhThanhTitleAscii":"/bac-can","QuanHuyenID":0,"NganhNgheTitle":"Hoạt động quản lý nhà nước nói chung và kinh tế tổng hợp","NganhNgheTitleAscii":"/nganh-nghe/hoat-dong-quan-ly-nha-nuoc-noi-chung-va-kinh-te-tong-hop","DSTags":["4700172795","Bắc Cạn",null]},{"Type":11,"SolrID":"/4700172805-phong-thong-ke-huyen-ngan-son","ID":0,"MaSoThue":"4700172805","NgayCap":"2009-04-07T00:00:00Z","Title":"Phòng thông kê huyện Ngân Sơn","DiaChiCongTy":"Xã Vân Tùng - Huyện Ngân Sơn - Bắc Cạn","Created":"2015-11-16T15:20:35Z","Updated":"2015-11-16T15:20:35Z","IsDelete":false,"RequestChanged":false,"ExitsInGDT":false,"SourceID":0,"TinhThanhID":0,"TinhThanhTitle":"Bắc Cạn","TinhThanhTitleAscii":"/bac-can","QuanHuyenID":0,"NganhNgheTitle":"Hoạt động quản lý nhà nước nói chung và kinh tế tổng hợp","NganhNgheTitleAscii":"/nganh-nghe/hoat-dong-quan-ly-nha-nuoc-noi-chung-va-kinh-te-tong-hop","DSTags":["4700172805","Bắc Cạn",null]},{"Type":11,"SolrID":"/4700172812-phong-cong-thuong","ID":0,"MaSoThue":"4700172812","NgayCap":"2009-04-07T00:00:00Z","Title":"Phòng công Thương","DiaChiCongTy":"Xã vân Tùng - Huyện Ngân Sơn - Bắc Cạn","Created":"2015-11-16T15:20:37Z","Updated":"2015-11-16T15:20:37Z","IsDelete":false,"RequestChanged":false,"ExitsInGDT":false,"SourceID":0,"TinhThanhID":0,"TinhThanhTitle":"Bắc Cạn","TinhThanhTitleAscii":"/bac-can","QuanHuyenID":0,"NganhNgheTitle":"Hoạt động quản lý nhà nước nói chung và kinh tế tổng hợp","NganhNgheTitleAscii":"/nganh-nghe/hoat-dong-quan-ly-nha-nuoc-noi-chung-va-kinh-te-tong-hop","DSTags":["4700172812","Bắc Cạn",null]},{"Type":11,"SolrID":"/4700172731-tram-thu-y","ID":0,"MaSoThue":"4700172731","NgayCap":"2009-04-07T00:00:00Z","Title":"Trạm thú y","DiaChiCongTy":"Xã Vân Tùng - Huyện Ngân Sơn - Bắc Cạn","Created":"2015-11-16T15:20:43Z","Updated":"2015-11-16T15:20:43Z","IsDelete":false,"RequestChanged":false,"ExitsInGDT":false,"SourceID":0,"TinhThanhID":0,"TinhThanhTitle":"Bắc Cạn","TinhThanhTitleAscii":"/bac-can","QuanHuyenID":0,"NganhNgheTitle":"Hoạt động quản lý nhà nước trong các lĩnh vực kinh tế chuyên ngành","NganhNgheTitleAscii":"/nganh-nghe/hoat-dong-quan-ly-nha-nuoc-trong-cac-linh-vuc-kinh-te-chuyen-nganh","DSTags":["4700172731","Bắc Cạn",null]},{"Type":11,"SolrID":"/4700172749-uy-ban-mat-tran-to-quoc-huyen-ngan-son","ID":0,"MaSoThue":"4700172749","NgayCap":"2009-04-07T00:00:00Z","Title":"Uỷ ban mặt trận Tổ Quốc huyện Ngân Sơn","DiaChiCongTy":"Khu I, Xã vân Tùng - Huyện Ngân Sơn - Bắc Cạn","Created":"2015-11-16T15:20:44Z","Updated":"2015-11-16T15:20:44Z","IsDelete":false,"RequestChanged":false,"ExitsInGDT":false,"SourceID":0,"TinhThanhID":0,"TinhThanhTitle":"Bắc Cạn","TinhThanhTitleAscii":"/bac-can","QuanHuyenID":0,"NganhNgheTitle":"Hoạt động quản lý nhà nước nói chung và kinh tế tổng hợp","NganhNgheTitleAscii":"/nganh-nghe/hoat-dong-quan-ly-nha-nuoc-noi-chung-va-kinh-te-tong-hop","DSTags":["4700172749","Bắc Cạn",null]},{"Type":11,"SolrID":"/4700172756-lien-doan-lao-dong-huyen-ngan-son","ID":0,"MaSoThue":"4700172756","NgayCap":"2009-04-07T00:00:00Z","Title":"Liên đoàn lao động huyện Ngân Sơn","DiaChiCongTy":"Khu I, Xã Vân Tùng - Huyện Ngân Sơn - Bắc Cạn","Created":"2015-11-16T15:20:45Z","Updated":"2015-11-16T15:20:45Z","IsDelete":false,"RequestChanged":false,"ExitsInGDT":false,"SourceID":0,"TinhThanhID":0,"TinhThanhTitle":"Bắc Cạn","TinhThanhTitleAscii":"/bac-can","QuanHuyenID":0,"NganhNgheTitle":"Hoạt động quản lý nhà nước nói chung và kinh tế tổng hợp","NganhNgheTitleAscii":"/nganh-nghe/hoat-dong-quan-ly-nha-nuoc-noi-chung-va-kinh-te-tong-hop","DSTags":["4700172756","Bắc Cạn",null]},{"Type":11,"SolrID":"/4700172763-hoi-cuu-chien-binh-huyen-ngan-son","ID":0,"MaSoThue":"4700172763","NgayCap":"2009-04-07T00:00:00Z","Title":"Hội cựu chiến binh huyện Ngân Sơn","DiaChiCongTy":"Xã Vân Tùng - Huyện Ngân Sơn - Bắc Cạn","Created":"2015-11-16T15:20:47Z","Updated":"2015-11-16T15:20:47Z","IsDelete":false,"RequestChanged":false,"ExitsInGDT":false,"SourceID":0,"TinhThanhID":0,"TinhThanhTitle":"Bắc Cạn","TinhThanhTitleAscii":"/bac-can","QuanHuyenID":0,"NganhNgheTitle":"Hoạt động quản lý nhà nước nói chung và kinh tế tổng hợp","NganhNgheTitleAscii":"/nganh-nghe/hoat-dong-quan-ly-nha-nuoc-noi-chung-va-kinh-te-tong-hop","DSTags":["4700172763","Bắc Cạn",null]},{"Type":11,"SolrID":"/4700172770-dai-phat-thanh-truyen-hinh-ngan-son","ID":0,"MaSoThue":"4700172770","NgayCap":"2009-04-07T00:00:00Z","Title":"Đài phát thanh - Truyền hình Ngân Sơn","DiaChiCongTy":"Khu I, Xã Vân Tùng - Huyện Ngân Sơn - Bắc Cạn","Created":"2015-11-16T15:20:47Z","Updated":"2015-11-16T15:20:47Z","IsDelete":false,"RequestChanged":false,"ExitsInGDT":false,"SourceID":0,"TinhThanhID":0,"TinhThanhTitle":"Bắc Cạn","TinhThanhTitleAscii":"/bac-can","QuanHuyenID":0,"NganhNgheTitle":"Hoạt động phát thanh, truyền hình","NganhNgheTitleAscii":"/nganh-nghe/hoat-dong-phat-thanh-truyen-hinh","DSTags":["4700172770","Bắc Cạn",null]},{"Type":11,"SolrID":"/4700172788-phong-thanh-tra","ID":0,"MaSoThue":"4700172788","NgayCap":"2009-04-07T00:00:00Z","Title":"Phòng Thanh tra","DiaChiCongTy":"Khu I, Xã Vân Tùng - Huyện Ngân Sơn - Bắc Cạn","Created":"2015-11-16T15:20:48Z","Updated":"2015-11-16T15:20:48Z","IsDelete":false,"RequestChanged":false,"ExitsInGDT":false,"SourceID":0,"TinhThanhID":0,"TinhThanhTitle":"Bắc Cạn","TinhThanhTitleAscii":"/bac-can","QuanHuyenID":0,"NganhNgheTitle":"Hoạt động quản lý nhà nước nói chung và kinh tế tổng hợp","NganhNgheTitleAscii":"/nganh-nghe/hoat-dong-quan-ly-nha-nuoc-noi-chung-va-kinh-te-tong-hop","DSTags":["4700172788","Bắc Cạn",null]},{"Type":11,"SolrID":"/4700172499-phong-nong-nghiep-va-phat-trien-nong-thon","ID":0,"MaSoThue":"4700172499","NgayCap":"2009-04-03T00:00:00Z","Title":"Phòng Nông nghiệp và phát triển nông thôn","DiaChiCongTy":"Xã Vân Tùng - Huyện Ngân Sơn - Bắc Cạn","Created":"2015-11-16T15:23:10Z","Updated":"2015-11-16T15:23:10Z","IsDelete":false,"RequestChanged":false,"ExitsInGDT":false,"SourceID":0,"TinhThanhID":0,"TinhThanhTitle":"Bắc Cạn","TinhThanhTitleAscii":"/bac-can","QuanHuyenID":0,"NganhNgheTitle":"Hoạt động quản lý nhà nước nói chung và kinh tế tổng hợp","NganhNgheTitleAscii":"/nganh-nghe/hoat-dong-quan-ly-nha-nuoc-noi-chung-va-kinh-te-tong-hop","DSTags":["4700172499","Bắc Cạn",null]},{"Type":11,"SolrID":"/4700172717-kho-bac-nha-nuoc-ngan-son","ID":0,"MaSoThue":"4700172717","NgayCap":"2009-04-03T00:00:00Z","Title":"Kho bạc nhà nước Ngân Sơn","DiaChiCongTy":"Khu I, Xã Vân Tùng - Huyện Ngân Sơn - Bắc Cạn","Created":"2015-11-16T15:23:11Z","Updated":"2015-11-16T15:23:11Z","IsDelete":false,"RequestChanged":false,"ExitsInGDT":false,"SourceID":0,"TinhThanhID":0,"TinhThanhTitle":"Bắc Cạn","TinhThanhTitleAscii":"/bac-can","QuanHuyenID":0,"NganhNgheTitle":"Hoạt động quản lý nhà nước nói chung và kinh tế tổng hợp","NganhNgheTitleAscii":"/nganh-nghe/hoat-dong-quan-ly-nha-nuoc-noi-chung-va-kinh-te-tong-hop","DSTags":["4700172717","Bắc Cạn",null]},{"Type":11,"SolrID":"/4700170131-truong-ptdt-noi-tru-ngan-son","ID":0,"MaSoThue":"4700170131","NgayCap":"2009-04-02T00:00:00Z","Title":"Trường PTDT nội trú Ngân Sơn","DiaChiCongTy":"Khu I, xã Vân Tùng - Huyện Ngân Sơn - Bắc Cạn","Created":"2015-11-16T15:26:56Z","Updated":"2015-11-16T15:26:56Z","IsDelete":false,"RequestChanged":false,"ExitsInGDT":false,"SourceID":0,"TinhThanhID":0,"TinhThanhTitle":"Bắc Cạn","TinhThanhTitleAscii":"/bac-can","QuanHuyenID":0,"NganhNgheTitle":"Giáo dục trung học cơ sở và trung học phổ thông","NganhNgheTitleAscii":"/nganh-nghe/giao-duc-trung-hoc-co-so-va-trung-hoc-pho-thong","DSTags":["4700170131","Bắc Cạn",null]},{"Type":11,"SolrID":"/4700170156-phong-noi-vu","ID":0,"MaSoThue":"4700170156","NgayCap":"2009-04-02T00:00:00Z","Title":"Phòng Nội vụ","DiaChiCongTy":"Khu I, Xã Vân Tùng - Huyện Ngân Sơn - Bắc Cạn","Created":"2015-11-16T15:26:59Z","Updated":"2015-11-16T15:26:59Z","IsDelete":false,"RequestChanged":false,"ExitsInGDT":false,"SourceID":0,"TinhThanhID":0,"TinhThanhTitle":"Bắc Cạn","TinhThanhTitleAscii":"/bac-can","QuanHuyenID":0,"NganhNgheTitle":"Hoạt động quản lý nhà nước nói chung và kinh tế tổng hợp","NganhNgheTitleAscii":"/nganh-nghe/hoat-dong-quan-ly-nha-nuoc-noi-chung-va-kinh-te-tong-hop","DSTags":["4700170156","Bắc Cạn",null]},{"Type":11,"SolrID":"/4700170075-tram-khi-tuong-ngan-son","ID":0,"MaSoThue":"4700170075","NgayCap":"2009-04-01T00:00:00Z","Title":"Trạm khí tượng Ngân Sơn","DiaChiCongTy":"Khu I, Xã Vân Tùng - Huyện Ngân Sơn - Bắc Cạn","Created":"2015-11-16T15:30:11Z","Updated":"2015-11-16T15:30:11Z","IsDelete":false,"RequestChanged":false,"ExitsInGDT":false,"SourceID":0,"TinhThanhID":0,"TinhThanhTitle":"Bắc Cạn","TinhThanhTitleAscii":"/bac-can","QuanHuyenID":0,"NganhNgheTitle":"Hoạt động quản lý nhà nước trong các lĩnh vực kinh tế chuyên ngành","NganhNgheTitleAscii":"/nganh-nghe/hoat-dong-quan-ly-nha-nuoc-trong-cac-linh-vuc-kinh-te-chuyen-nganh","DSTags":["4700170075","Bắc Cạn",null]},{"Type":11,"SolrID":"/4700169792-phong-y-te","ID":0,"MaSoThue":"4700169792","NgayCap":"2009-04-01T00:00:00Z","Title":"Phòng y tế","DiaChiCongTy":"Khu II, xã Vân Tùng - Huyện Ngân Sơn - Bắc Cạn","Created":"2015-11-16T15:30:13Z","Updated":"2015-11-16T15:30:13Z","IsDelete":false,"RequestChanged":false,"ExitsInGDT":false,"SourceID":0,"TinhThanhID":0,"TinhThanhTitle":"Bắc Cạn","TinhThanhTitleAscii":"/bac-can","QuanHuyenID":0,"NganhNgheTitle":"Hoạt động quản lý nhà nước nói chung và kinh tế tổng hợp","NganhNgheTitleAscii":"/nganh-nghe/hoat-dong-quan-ly-nha-nuoc-noi-chung-va-kinh-te-tong-hop","DSTags":["4700169792","Bắc Cạn",null]},{"Type":11,"SolrID":"/4700169908-toa-an-nhan-dan","ID":0,"MaSoThue":"4700169908","NgayCap":"2009-04-01T00:00:00Z","Title":"Toà án nhân dân","DiaChiCongTy":"Khu I, Xã vân Tùng - Huyện Ngân Sơn - Bắc Cạn","Created":"2015-11-16T15:30:19Z","Updated":"2015-11-16T15:30:19Z","IsDelete":false,"RequestChanged":false,"ExitsInGDT":false,"SourceID":0,"TinhThanhID":0,"TinhThanhTitle":"Bắc Cạn","TinhThanhTitleAscii":"/bac-can","QuanHuyenID":0,"NganhNgheTitle":"Hoạt động quản lý nhà nước nói chung và kinh tế tổng hợp","NganhNgheTitleAscii":"/nganh-nghe/hoat-dong-quan-ly-nha-nuoc-noi-chung-va-kinh-te-tong-hop","DSTags":["4700169908","Bắc Cạn",null]},{"Type":11,"SolrID":"/4700169947-hat-kiem-lam","ID":0,"MaSoThue":"4700169947","NgayCap":"2009-04-01T00:00:00Z","Title":"Hạt kiểm lâm","DiaChiCongTy":"Khu I, xã Vân tùng - Huyện Ngân Sơn - Bắc Cạn","Created":"2015-11-16T15:30:20Z","Updated":"2015-11-16T15:30:20Z","IsDelete":false,"RequestChanged":false,"ExitsInGDT":false,"SourceID":0,"TinhThanhID":0,"TinhThanhTitle":"Bắc Cạn","TinhThanhTitleAscii":"/bac-can","QuanHuyenID":0,"NganhNgheTitle":"Hoạt động quản lý nhà nước nói chung và kinh tế tổng hợp","NganhNgheTitleAscii":"/nganh-nghe/hoat-dong-quan-ly-nha-nuoc-noi-chung-va-kinh-te-tong-hop","DSTags":["4700169947","Bắc Cạn",null]},{"Type":11,"SolrID":"/4700169979-bao-hiem-xa-hoi-huyen-ngan-son","ID":0,"MaSoThue":"4700169979","NgayCap":"2009-04-01T00:00:00Z","Title":"Bảo hiểm xã hội huyện Ngân sơn","DiaChiCongTy":"Khu I, Xã Vân Tùng - Huyện Ngân Sơn - Bắc Cạn","Created":"2015-11-16T15:30:25Z","Updated":"2015-11-16T15:30:25Z","IsDelete":false,"RequestChanged":false,"ExitsInGDT":false,"SourceID":0,"TinhThanhID":0,"TinhThanhTitle":"Bắc Cạn","TinhThanhTitleAscii":"/bac-can","QuanHuyenID":0,"NganhNgheTitle":"Hoạt động bảo đảm xã hội bắt buộc","NganhNgheTitleAscii":"/nganh-nghe/hoat-dong-bao-dam-xa-hoi-bat-buoc","DSTags":["4700169979","Bắc Cạn",null]},{"Type":11,"SolrID":"/4700169986-truong-thpt-ngan-son","ID":0,"MaSoThue":"4700169986","NgayCap":"2009-04-01T00:00:00Z","Title":"Trường THPT Ngân Sơn","DiaChiCongTy":"Khu I, Xã Vân Tùng - Huyện Ngân Sơn - Bắc Cạn","Created":"2015-11-16T15:30:26Z","Updated":"2015-11-16T15:30:26Z","IsDelete":false,"RequestChanged":false,"ExitsInGDT":false,"SourceID":0,"TinhThanhID":0,"TinhThanhTitle":"Bắc Cạn","TinhThanhTitleAscii":"/bac-can","QuanHuyenID":0,"NganhNgheTitle":"Giáo dục trung học cơ sở và trung học phổ thông","NganhNgheTitleAscii":"/nganh-nghe/giao-duc-trung-hoc-co-so-va-trung-hoc-pho-thong","DSTags":["4700169986","Bắc Cạn",null]},{"Type":11,"SolrID":"/4700169760-phong-giao-duc-va-dao-tao","ID":0,"MaSoThue":"4700169760","NgayCap":"2009-03-31T00:00:00Z","Title":"Phòng giáo dục và đào tạo","DiaChiCongTy":"Khu I, Xã Vân Tùng - Huyện Ngân Sơn - Bắc Cạn","Created":"2015-11-16T15:32:52Z","Updated":"2015-11-16T15:32:52Z","IsDelete":false,"RequestChanged":false,"ExitsInGDT":false,"SourceID":0,"TinhThanhID":0,"TinhThanhTitle":"Bắc Cạn","TinhThanhTitleAscii":"/bac-can","QuanHuyenID":0,"NganhNgheTitle":"Hoạt động quản lý nhà nước nói chung và kinh tế tổng hợp","NganhNgheTitleAscii":"/nganh-nghe/hoat-dong-quan-ly-nha-nuoc-noi-chung-va-kinh-te-tong-hop","DSTags":["4700169760","Bắc Cạn",null]},{"Type":11,"SolrID":"/4700164339-doanh-nghiep-tu-nhan-hai-hue","ID":0,"MaSoThue":"4700164339","NgayCap":"2009-01-07T00:00:00Z","Title":"Doanh Nghiệp Tư Nhân Hải Huế","DiaChiCongTy":"Thôn Bản Sũng - Xã Vân Tùng - Huyện Ngân Sơn - Bắc Cạn","Created":"2015-11-09T09:50:05Z","Updated":"2015-11-09T09:50:05Z","IsDelete":false,"RequestChanged":false,"ExitsInGDT":false,"SourceID":0,"TinhThanhID":0,"TinhThanhTitle":"Bắc Cạn","TinhThanhTitleAscii":"/bac-can","QuanHuyenID":0,"NganhNgheTitle":"Xây dựng nhà các loại","NganhNgheTitleAscii":"/nganh-nghe/xay-dung-nha-cac-loai","DSTags":["4700164339","Bắc Cạn",null]},{"Type":11,"SolrID":"/4700164219-doanh-nghiep-tu-nhan-vu-duy-phe","ID":0,"MaSoThue":"4700164219","NgayCap":"2008-12-26T00:00:00Z","Title":"Doanh nghiệp tư nhân Vũ Duy Phê","DiaChiCongTy":"Tiểu khu 2, Xã Vân Tùng - Huyện Ngân Sơn - Bắc Cạn","Created":"2015-11-17T01:05:42Z","Updated":"2015-11-17T01:05:42Z","IsDelete":false,"RequestChanged":false,"ExitsInGDT":false,"SourceID":0,"TinhThanhID":0,"TinhThanhTitle":"Bắc Cạn","TinhThanhTitleAscii":"/bac-can","QuanHuyenID":0,"NganhNgheTitle":"Bán lẻ thiết bị gia đình khác trong các cửa hàng chuyên doanh","NganhNgheTitleAscii":"/nganh-nghe/ban-le-thiet-bi-gia-dinh-khac-trong-cac-cua-hang-chuyen-doanh","DSTags":["4700164219","Bắc Cạn",null]},{"Type":11,"SolrID":"/4700163078-cong-ty-co-phan-minh-dat","ID":0,"MaSoThue":"4700163078","NgayCap":"2008-11-22T00:00:00Z","Title":"Công ty cổ phần Minh Đạt","DiaChiCongTy":"Tiểu khu II, xã Vân Tùng - Huyện Ngân Sơn - Bắc Cạn","Created":"2015-11-14T02:51:43Z","Updated":"2015-11-14T02:51:43Z","IsDelete":false,"RequestChanged":false,"ExitsInGDT":false,"SourceID":0,"TinhThanhID":0,"TinhThanhTitle":"Bắc Cạn","TinhThanhTitleAscii":"/bac-can","QuanHuyenID":0,"NganhNgheTitle":"Xây dựng công trình kỹ thuật dân dụng","NganhNgheTitleAscii":"/nganh-nghe/xay-dung-cong-trinh-ky-thuat-dan-dung","DSTags":["4700163078","Bắc Cạn",null]},{"Type":11,"SolrID":"/4700143730-007-chi-nhanh-cong-ty-tnhh-mot-thanh-vien-lam-nghiep-bac-kan-lam-truong-ngan-son","ID":0,"MaSoThue":"4700143730-007","NgayCap":"2006-04-21T00:00:00Z","Title":"Chi nhánh Công ty TNHH một thành viên lâm nghiệp Bắc Kạn - Lâm trường Ngân Sơn","DiaChiCongTy":"Vân Tùng - Xã Vân Tùng - Huyện Ngân Sơn - Bắc Cạn","Created":"2015-11-18T13:34:31Z","Updated":"2015-11-18T13:34:31Z","IsDelete":false,"RequestChanged":false,"ExitsInGDT":false,"SourceID":0,"TinhThanhID":0,"TinhThanhTitle":"Bắc Cạn","TinhThanhTitleAscii":"/bac-can","QuanHuyenID":0,"NganhNgheTitle":"Lâm nghiệp và hoạt động dịch vụ có liên quan","NganhNgheTitleAscii":"/nganh-nghe/lam-nghiep-va-hoat-dong-dich-vu-co-lien-quan","DSTags":["4700143730-007","Bắc Cạn",null]},{"Type":11,"SolrID":"/4700147372-cong-ty-cp-dau-tu-thuong-mai-va-dich-vu-ngan-son","ID":0,"MaSoThue":"4700147372","NgayCap":"2005-05-14T00:00:00Z","Title":"Công Ty CP Đầu Tư, Thương Mại Và Dịch Vụ Ngân Sơn","DiaChiCongTy":"Khu phố Ngân Sơn - Xã Vân Tùng - Huyện Ngân Sơn - Bắc Cạn","Created":"2015-11-09T02:41:40Z","Updated":"2015-11-09T02:41:40Z","IsDelete":false,"RequestChanged":false,"ExitsInGDT":false,"SourceID":0,"TinhThanhID":0,"TinhThanhTitle":"Bắc Cạn","TinhThanhTitleAscii":"/bac-can","QuanHuyenID":0,"NganhNgheTitle":"Bán buôn (trừ ô tô, mô tô, xe máy và xe có động cơ khác)","NganhNgheTitleAscii":"/nganh-nghe/ban-buon-tru-o-to-mo-to-xe-may-va-xe-co-dong-co-khac","DSTags":["4700147372","Bắc Cạn",null]},{"Type":11,"SolrID":"/0100100199-004-chi-nhanh-cong-ty-co-phan-ngan-son-tai-bac-kan","ID":0,"MaSoThue":"0100100199-004","NgayCap":"2005-03-16T00:00:00Z","Title":"Chi Nhánh Công Ty Cổ Phần Ngân Sơn Tại Bắc Kạn","DiaChiCongTy":"Khu II - Xã Vân Tùng - Huyện Ngân Sơn - Bắc Cạn","Created":"2015-11-17T22:55:13Z","Updated":"2015-11-17T22:55:13Z","IsDelete":false,"RequestChanged":false,"ExitsInGDT":false,"SourceID":0,"TinhThanhID":0,"TinhThanhTitle":"Bắc Cạn","TinhThanhTitleAscii":"/bac-can","QuanHuyenID":0,"NganhNgheTitle":"Trồng cây thuốc lá, thuốc lào","NganhNgheTitleAscii":"/nganh-nghe/trong-cay-thuoc-la-thuoc-lao","DSTags":["0100100199-004","Bắc Cạn",null]},{"Type":11,"SolrID":"/4700141652-cong-ty-tnhh-bien-thuy","ID":0,"MaSoThue":"4700141652","NgayCap":"2003-03-06T00:00:00Z","Title":"Công Ty TNHH Biên Thuỳ","DiaChiCongTy":"Khu I - Xã Vân Tùng - Huyện Ngân Sơn - Bắc Cạn","Created":"2015-11-09T13:05:17Z","Updated":"2015-11-09T13:05:17Z","IsDelete":false,"RequestChanged":false,"ExitsInGDT":false,"SourceID":0,"TinhThanhID":0,"TinhThanhTitle":"Bắc Cạn","TinhThanhTitleAscii":"/bac-can","QuanHuyenID":0,"NganhNgheTitle":"Xây dựng công trình công ích","NganhNgheTitleAscii":"/nganh-nghe/xay-dung-cong-trinh-cong-ich","DSTags":["4700141652","Bắc Cạn",null]},{"Type":11,"SolrID":"/4700135810-cong-ty-tnhh-hai-son","ID":0,"MaSoThue":"4700135810","NgayCap":"2001-11-27T00:00:00Z","Title":"Công ty TNHH Hải Sơn","DiaChiCongTy":"Xã Vân Tùng - Huyện Ngân Sơn - Bắc Cạn","Created":"2015-11-12T12:15:02Z","Updated":"2015-11-12T12:15:02Z","IsDelete":false,"RequestChanged":false,"ExitsInGDT":false,"SourceID":0,"TinhThanhID":0,"TinhThanhTitle":"Bắc Cạn","TinhThanhTitleAscii":"/bac-can","QuanHuyenID":0,"NganhNgheTitle":"Xây dựng công trình kỹ thuật dân dụng","NganhNgheTitleAscii":"/nganh-nghe/xay-dung-cong-trinh-ky-thuat-dan-dung","DSTags":["4700135810","Bắc Cạn",null]},{"Type":11,"SolrID":"/4700129260-doanh-nghiep-tu-nhan-hoang-luu","ID":0,"MaSoThue":"4700129260","NgayCap":"2001-02-27T00:00:00Z","Title":"Doanh nghiệp tư nhân Hoàng Lưu","DiaChiCongTy":"Tiểu khu II- Xã Vân Tùng - Huyện Ngân Sơn - Bắc Cạn","Created":"2015-11-17T02:57:41Z","Updated":"2015-11-17T02:57:41Z","IsDelete":false,"RequestChanged":false,"ExitsInGDT":false,"SourceID":0,"TinhThanhID":0,"TinhThanhTitle":"Bắc Cạn","TinhThanhTitleAscii":"/bac-can","QuanHuyenID":0,"NganhNgheTitle":"Khai thác đá, cát, sỏi, đất sét","NganhNgheTitleAscii":"/nganh-nghe/khai-thac-da-cat-soi-dat-set","DSTags":["4700129260","Bắc Cạn",null]},{"Type":11,"SolrID":"/4700125499-ubnd-xa-thuong-quan","ID":0,"MaSoThue":"4700125499","NgayCap":"2000-05-17T00:00:00Z","Title":"UBND xã Thượng Quan","DiaChiCongTy":"Xã Vân Tùng - Huyện Ngân Sơn - Bắc Cạn","Created":"2015-11-16T14:36:07Z","Updated":"2015-11-16T14:36:07Z","IsDelete":false,"RequestChanged":false,"ExitsInGDT":false,"SourceID":0,"TinhThanhID":0,"TinhThanhTitle":"Bắc Cạn","TinhThanhTitleAscii":"/bac-can","QuanHuyenID":0,"NganhNgheTitle":"Hoạt động dịch vụ tài chính khác chưa được phân vào đâu (trừ bảo hiểm và bảo hiểm xã hội)","NganhNgheTitleAscii":"/nganh-nghe/hoat-dong-dich-vu-tai-chinh-khac-chua-duoc-phan-vao-dau-tru-bao-hiem-va-bao-hiem-xa-hoi","DSTags":["4700125499","Bắc Cạn",null]},{"Type":11,"SolrID":"/4700125347-phong-tu-phap-huyen-ngan-son","ID":0,"MaSoThue":"4700125347","NgayCap":"2000-05-08T00:00:00Z","Title":"Phòng Tư pháp huyện Ngân Sơn","DiaChiCongTy":"Xã Vân Tùng - Huyện Ngân Sơn - Bắc Cạn","Created":"2015-11-16T05:39:40Z","Updated":"2015-11-16T05:39:40Z","IsDelete":false,"RequestChanged":false,"ExitsInGDT":false,"SourceID":0,"TinhThanhID":0,"TinhThanhTitle":"Bắc Cạn","TinhThanhTitleAscii":"/bac-can","QuanHuyenID":0,"NganhNgheTitle":"Hoạt động dịch vụ tài chính khác chưa được phân vào đâu (trừ bảo hiểm và bảo hiểm xã hội)","NganhNgheTitleAscii":"/nganh-nghe/hoat-dong-dich-vu-tai-chinh-khac-chua-duoc-phan-vao-dau-tru-bao-hiem-va-bao-hiem-xa-hoi","DSTags":["4700125347","Bắc Cạn",null]},{"Type":11,"SolrID":"/4700125403-ubnd-xa-van-tung","ID":0,"MaSoThue":"4700125403","NgayCap":"2000-05-08T00:00:00Z","Title":"UBND xã Vân Tùng","DiaChiCongTy":"Xã Vân Tùng - Huyện Ngân Sơn - Bắc Cạn","Created":"2015-11-16T14:35:28Z","Updated":"2015-11-16T14:35:28Z","IsDelete":false,"RequestChanged":false,"ExitsInGDT":false,"SourceID":0,"TinhThanhID":0,"TinhThanhTitle":"Bắc Cạn","TinhThanhTitleAscii":"/bac-can","QuanHuyenID":0,"NganhNgheTitle":"Hoạt động dịch vụ tài chính khác chưa được phân vào đâu (trừ bảo hiểm và bảo hiểm xã hội)","NganhNgheTitleAscii":"/nganh-nghe/hoat-dong-dich-vu-tai-chinh-khac-chua-duoc-phan-vao-dau-tru-bao-hiem-va-bao-hiem-xa-hoi","DSTags":["4700125403","Bắc Cạn",null]},{"Type":11,"SolrID":"/4700125361-phong-tai-chinh-ke-hoach","ID":0,"MaSoThue":"4700125361","NgayCap":"2000-05-08T00:00:00Z","Title":"Phòng Tài chính Kế hoạch","DiaChiCongTy":"Xã Vân Tùng - Huyện Ngân Sơn - Bắc Cạn","Created":"2015-11-16T14:35:31Z","Updated":"2015-11-16T14:35:31Z","IsDelete":false,"RequestChanged":false,"ExitsInGDT":false,"SourceID":0,"TinhThanhID":0,"TinhThanhTitle":"Bắc Cạn","TinhThanhTitleAscii":"/bac-can","QuanHuyenID":0,"NganhNgheTitle":"Hoạt động dịch vụ tài chính khác chưa được phân vào đâu (trừ bảo hiểm và bảo hiểm xã hội)","NganhNgheTitleAscii":"/nganh-nghe/hoat-dong-dich-vu-tai-chinh-khac-chua-duoc-phan-vao-dau-tru-bao-hiem-va-bao-hiem-xa-hoi","DSTags":["4700125361","Bắc Cạn",null]},{"Type":11,"SolrID":"/4700125354-chi-cuc-thi-hanh-an-dan-su-huyen-ngan-son","ID":0,"MaSoThue":"4700125354","NgayCap":"2000-05-08T00:00:00Z","Title":"CHI CụC THI HàNH áN DâN Sự HUYệN NGâN SơN","DiaChiCongTy":"Xã Vân Tùng - Huyện Ngân Sơn - Bắc Cạn","Created":"2015-11-16T14:35:32Z","Updated":"2015-11-16T14:35:32Z","IsDelete":false,"RequestChanged":false,"ExitsInGDT":false,"SourceID":0,"TinhThanhID":0,"TinhThanhTitle":"Bắc Cạn","TinhThanhTitleAscii":"/bac-can","QuanHuyenID":0,"NganhNgheTitle":"Hoạt động dịch vụ tài chính khác chưa được phân vào đâu (trừ bảo hiểm và bảo hiểm xã hội)","NganhNgheTitleAscii":"/nganh-nghe/hoat-dong-dich-vu-tai-chinh-khac-chua-duoc-phan-vao-dau-tru-bao-hiem-va-bao-hiem-xa-hoi","DSTags":["4700125354","Bắc Cạn",null]},{"Type":11,"SolrID":"/4700113415-006-buu-dien-ngan-son","ID":0,"MaSoThue":"4700113415-006","NgayCap":"1999-04-12T00:00:00Z","Title":"Bưu điện Ngân Sơn","DiaChiCongTy":"Xã Vân Tùng - Huyện Ngân Sơn - Bắc Cạn","Created":"2015-11-18T13:17:16Z","Updated":"2015-11-18T13:17:16Z","IsDelete":false,"RequestChanged":false,"ExitsInGDT":false,"SourceID":0,"TinhThanhID":0,"TinhThanhTitle":"Bắc Cạn","TinhThanhTitleAscii":"/bac-can","QuanHuyenID":0,"NganhNgheTitle":"Viễn thông","NganhNgheTitleAscii":"/nganh-nghe/vien-thong","DSTags":["4700113415-006","Bắc Cạn",null]}]}