{"ID":15334,"SolrID":"/bac-giang/thanh-pho-bac-giang/cum-cong-nghiep-tan-my","Title":"Cụm Công Nghiệp Tân Mỹ","TinhThanhTitle":"Bắc Giang","QuanHuyenTitle":"Thành Phố  Bắc Giang","QuanHuyenID":180,"TinhThanhID":54,"Url":"https://thongtindoanhnghiep.co/api/company?l=/bac-giang/thanh-pho-bac-giang/cum-cong-nghiep-tan-my","Total":1,"List":[{"Type":11,"SolrID":"/2400541261-cong-ty-tnhh-mot-thanh-vien-yujin-tech","ID":0,"MaSoThue":"2400541261","NgayCap":"2011-03-01T00:00:00Z","Title":"Công Ty TNHH Một Thành Viên Yujin Tech","DiaChiCongTy":"Cụm Công nghiệp Tân Mỹ - Thành phố  Bắc Giang - Bắc Giang","Created":"2015-11-14T03:24:58Z","Updated":"2015-11-14T03:24:58Z","IsDelete":false,"RequestChanged":false,"ExitsInGDT":false,"SourceID":0,"TinhThanhID":0,"TinhThanhTitle":"Bắc Giang","TinhThanhTitleAscii":"/bac-giang","QuanHuyenID":0,"NganhNgheTitle":"Sản xuất sản phẩm từ plastic","NganhNgheTitleAscii":"/nganh-nghe/san-xuat-san-pham-tu-plastic","DSTags":["2400541261","Bắc Giang",null]}]}