{"ID":15184,"SolrID":"/bac-giang/thanh-pho-bac-giang/cum-cong-nghiep-dinh-ke","Title":"Cụm Công Nghiệp Dĩnh Kế","TinhThanhTitle":"Bắc Giang","QuanHuyenTitle":"Thành Phố  Bắc Giang","QuanHuyenID":180,"TinhThanhID":54,"Url":"https://thongtindoanhnghiep.co/api/company?l=/bac-giang/thanh-pho-bac-giang/cum-cong-nghiep-dinh-ke","Total":6,"List":[{"Type":11,"SolrID":"/2400559036-cong-ty-tnhh-mot-thanh-vien-ngoc-huong-bac-giang","ID":0,"MaSoThue":"2400559036","NgayCap":"2011-08-04T00:00:00Z","Title":"Công Ty TNHH Một Thành Viên Ngọc Hường Bắc Giang","DiaChiCongTy":"Lô 1246 đường Lê Lợi, cụm công nghiệp Dĩnh Kế - Thành phố  Bắc Giang - Bắc Giang","Created":"2015-11-13T23:41:17Z","Updated":"2015-11-13T23:41:17Z","IsDelete":false,"RequestChanged":false,"ExitsInGDT":false,"SourceID":0,"TinhThanhID":0,"TinhThanhTitle":"Bắc Giang","TinhThanhTitleAscii":"/bac-giang","QuanHuyenID":0,"NganhNgheTitle":"Bán buôn thiết bị và linh kiện điện tử, viễn thông","NganhNgheTitleAscii":"/nganh-nghe/ban-buon-thiet-bi-va-linh-kien-dien-tu-vien-thong","DSTags":["2400559036","Bắc Giang",null]},{"Type":11,"SolrID":"/2400552785-cong-ty-tnhh-mot-thanh-vien-hoa-phat-bg","ID":0,"MaSoThue":"2400552785","NgayCap":"2011-06-14T00:00:00Z","Title":"Công Ty TNHH Một Thành Viên Hòa Phát Bg","DiaChiCongTy":"Số 1025-1027 Cụm công nghiệp Dĩnh Kế - Thành phố  Bắc Giang - Bắc Giang","Created":"2015-11-14T03:09:26Z","Updated":"2015-11-14T03:09:26Z","IsDelete":false,"RequestChanged":false,"ExitsInGDT":false,"SourceID":0,"TinhThanhID":0,"TinhThanhTitle":"Bắc Giang","TinhThanhTitleAscii":"/bac-giang","QuanHuyenID":0,"NganhNgheTitle":"Bán buôn vật liệu, thiết bị lắp đặt khác trong xây dựng","NganhNgheTitleAscii":"/nganh-nghe/ban-buon-vat-lieu-thiet-bi-lap-dat-khac-trong-xay-dung","DSTags":["2400552785","Bắc Giang",null]},{"Type":11,"SolrID":"/2400530693-cong-ty-tnhh-mot-thanh-vien-thanh-xuan","ID":0,"MaSoThue":"2400530693","NgayCap":"2010-11-30T00:00:00Z","Title":"Công Ty TNHH Một Thành Viên Thanh Xuân","DiaChiCongTy":"1017, Cụm Công nghiệp Dĩnh Kế - Thành phố  Bắc Giang - Bắc Giang","Created":"2015-11-14T03:44:14Z","Updated":"2015-11-14T03:44:14Z","IsDelete":false,"RequestChanged":false,"ExitsInGDT":false,"SourceID":0,"TinhThanhID":0,"TinhThanhTitle":"Bắc Giang","TinhThanhTitleAscii":"/bac-giang","QuanHuyenID":0,"NganhNgheTitle":"Bán buôn thiết bị và linh kiện điện tử, viễn thông","NganhNgheTitleAscii":"/nganh-nghe/ban-buon-thiet-bi-va-linh-kien-dien-tu-vien-thong","DSTags":["2400530693","Bắc Giang",null]},{"Type":11,"SolrID":"/0104035222-cong-ty-co-phan-tu-van-thiet-ke-giao-thong-van-tai-viet-nam","ID":0,"MaSoThue":"0104035222","NgayCap":"2009-07-08T00:00:00Z","Title":"Công Ty Cổ Phần Tư Vấn Thiết Kế Giao Thông Vận Tải Việt Nam","DiaChiCongTy":"Cụm công nghiệp Dĩnh Kế - Thành phố  Bắc Giang - Bắc Giang","Created":"2015-11-14T08:06:49Z","Updated":"2015-11-14T08:06:49Z","IsDelete":false,"RequestChanged":false,"ExitsInGDT":false,"SourceID":0,"TinhThanhID":0,"TinhThanhTitle":"Bắc Giang","TinhThanhTitleAscii":"/bac-giang","QuanHuyenID":0,"NganhNgheTitle":"Sản xuất sản phẩm từ plastic","NganhNgheTitleAscii":"/nganh-nghe/san-xuat-san-pham-tu-plastic","DSTags":["0104035222","Bắc Giang",null]},{"Type":11,"SolrID":"/5700534341-001-cong-ty-co-phan-tien-dong-chi-nhanh-bac-giang","ID":0,"MaSoThue":"5700534341-001","NgayCap":"2008-10-21T00:00:00Z","Title":"Công ty Cổ phần Tiên Đồng - Chi nhánh Bắc Giang","DiaChiCongTy":"Cụm Công nghiệp Dĩnh Kế - Thành phố  Bắc Giang - Bắc Giang","Created":"2015-11-11T05:45:17Z","Updated":"2015-11-11T05:45:17Z","IsDelete":false,"RequestChanged":false,"ExitsInGDT":false,"SourceID":0,"TinhThanhID":0,"TinhThanhTitle":"Bắc Giang","TinhThanhTitleAscii":"/bac-giang","QuanHuyenID":0,"NganhNgheTitle":"Bán buôn vật liệu, thiết bị lắp đặt khác trong xây dựng","NganhNgheTitleAscii":"/nganh-nghe/ban-buon-vat-lieu-thiet-bi-lap-dat-khac-trong-xay-dung","DSTags":["5700534341-001","Bắc Giang",null]},{"Type":11,"SolrID":"/2400382075-cong-ty-tnhh-mot-thanh-vien-anh-tuan","ID":0,"MaSoThue":"2400382075","NgayCap":"2007-08-20T00:00:00Z","Title":"Công ty TNHH một thành viên Anh Tuấn","DiaChiCongTy":"Cụm công nghiệp Dĩnh Kế - Thành phố  Bắc Giang - Bắc Giang","Created":"2015-11-12T12:36:33Z","Updated":"2015-11-12T12:36:33Z","IsDelete":false,"RequestChanged":false,"ExitsInGDT":false,"SourceID":0,"TinhThanhID":0,"TinhThanhTitle":"Bắc Giang","TinhThanhTitleAscii":"/bac-giang","QuanHuyenID":0,"NganhNgheTitle":"Bán buôn ô tô và xe có động cơ khác","NganhNgheTitleAscii":"/nganh-nghe/ban-buon-o-to-va-xe-co-dong-co-khac","DSTags":["2400382075","Bắc Giang",null]}]}