{"ID":14883,"SolrID":"/bac-giang/thanh-pho-bac-giang/cum-cong-nghiep-tho-xuong","Title":"Cụm Công Nghiệp Thọ Xương","TinhThanhTitle":"Bắc Giang","QuanHuyenTitle":"Thành Phố  Bắc Giang","QuanHuyenID":180,"TinhThanhID":54,"Url":"https://thongtindoanhnghiep.co/api/company?l=/bac-giang/thanh-pho-bac-giang/cum-cong-nghiep-tho-xuong","Total":3,"List":[{"Type":11,"SolrID":"/2400557166-cong-ty-tnhh-in-tai-chinh-bac-giang","ID":0,"MaSoThue":"2400557166","NgayCap":"2011-07-19T00:00:00Z","Title":"Công Ty TNHH In Tài Chính Bắc Giang","DiaChiCongTy":"Lô 2, Cụm công nghiệp Thọ Xương - Thành phố  Bắc Giang - Bắc Giang","Created":"2015-11-14T03:07:33Z","Updated":"2015-11-14T03:07:33Z","IsDelete":false,"RequestChanged":false,"ExitsInGDT":false,"SourceID":0,"TinhThanhID":0,"TinhThanhTitle":"Bắc Giang","TinhThanhTitleAscii":"/bac-giang","QuanHuyenID":0,"NganhNgheTitle":"In ấn","NganhNgheTitleAscii":"/nganh-nghe/in-an","DSTags":["2400557166","Bắc Giang",null]},{"Type":11,"SolrID":"/2400523544-cong-ty-tnhh-vat-tu-va-co-khi-phan-dam","ID":0,"MaSoThue":"2400523544","NgayCap":"2010-09-06T00:00:00Z","Title":"Công ty TNHH vật tư và cơ khí Phân đạm","DiaChiCongTy":"lô 4/7 cụm công nghiệp Thọ Xương - Thành phố  Bắc Giang - Bắc Giang","Created":"2015-11-14T04:00:57Z","Updated":"2015-11-14T04:00:57Z","IsDelete":false,"RequestChanged":false,"ExitsInGDT":false,"SourceID":0,"TinhThanhID":0,"TinhThanhTitle":"Bắc Giang","TinhThanhTitleAscii":"/bac-giang","QuanHuyenID":0,"NganhNgheTitle":"Bán buôn vật liệu, thiết bị lắp đặt khác trong xây dựng","NganhNgheTitleAscii":"/nganh-nghe/ban-buon-vat-lieu-thiet-bi-lap-dat-khac-trong-xay-dung","DSTags":["2400523544","Bắc Giang",null]},{"Type":11,"SolrID":"/2400103959-xuong-nghien-cuu-thuc-nghiem-cong-nghe-moi","ID":0,"MaSoThue":"2400103959","NgayCap":"1998-08-20T00:00:00Z","Title":"Xưởng nghiên cứu thực nghiệm công nghệ mới","DiaChiCongTy":"Lô 14+15 cụm công nghiệp Thọ Xương - Thành phố  Bắc Giang - Bắc Giang","Created":"2015-11-14T18:18:20Z","Updated":"2015-11-14T18:18:20Z","IsDelete":false,"RequestChanged":false,"ExitsInGDT":false,"SourceID":0,"TinhThanhID":0,"TinhThanhTitle":"Bắc Giang","TinhThanhTitleAscii":"/bac-giang","QuanHuyenID":0,"NganhNgheTitle":"Sản xuất hoá chất cơ bản","NganhNgheTitleAscii":"/nganh-nghe/san-xuat-hoa-chat-co-ban","DSTags":["2400103959","Bắc Giang",null]}]}