{"ID":15947,"SolrID":"/bac-giang/thanh-pho-bac-giang/cum-cong-nghiep-dinh-tri","Title":"Cụm Công Nghiệp Dĩnh Trì","TinhThanhTitle":"Bắc Giang","QuanHuyenTitle":"Thành Phố  Bắc Giang","QuanHuyenID":180,"TinhThanhID":54,"Url":"https://thongtindoanhnghiep.co/api/company?l=/bac-giang/thanh-pho-bac-giang/cum-cong-nghiep-dinh-tri","Total":1,"List":[{"Type":11,"SolrID":"/2400483323-cong-ty-tnhh-the-thao-thanh-cong","ID":0,"MaSoThue":"2400483323","NgayCap":"2009-08-28T00:00:00Z","Title":"Công Ty TNHH Thể Thao Thành Công","DiaChiCongTy":"Cụm Công nghiệp Dĩnh Trì - Thành phố  Bắc Giang - Bắc Giang","Created":"2015-11-12T12:36:39Z","Updated":"2015-11-12T12:36:39Z","IsDelete":false,"RequestChanged":false,"ExitsInGDT":false,"SourceID":0,"TinhThanhID":0,"TinhThanhTitle":"Bắc Giang","TinhThanhTitleAscii":"/bac-giang","QuanHuyenID":0,"NganhNgheTitle":"Sản xuất plastic và cao su tổng hợp dạng nguyên sinh","NganhNgheTitleAscii":"/nganh-nghe/san-xuat-plastic-va-cao-su-tong-hop-dang-nguyen-sinh","DSTags":["2400483323","Bắc Giang",null]}]}