{"ID":15950,"SolrID":"/bac-giang/thanh-pho-bac-giang/khu-cong-nghiep-quan-thanh","Title":"Khu Công Nghiệp Quán Thành","TinhThanhTitle":"Bắc Giang","QuanHuyenTitle":"Thành Phố  Bắc Giang","QuanHuyenID":180,"TinhThanhID":54,"Url":"https://thongtindoanhnghiep.co/api/company?l=/bac-giang/thanh-pho-bac-giang/khu-cong-nghiep-quan-thanh","Total":1,"List":[{"Type":11,"SolrID":"/2400289894-cong-ty-lien-doanh-vthk-bac-ha","ID":0,"MaSoThue":"2400289894","NgayCap":"2002-12-17T00:00:00Z","Title":"Công ty liên doanh VTHK Bắc Hà","DiaChiCongTy":"Ngã ba quán Thành khu công nghiệp Quán Thành - Thành phố  Bắc Giang - Bắc Giang","Created":"2015-11-12T12:31:47Z","Updated":"2015-11-12T12:31:47Z","IsDelete":false,"RequestChanged":false,"ExitsInGDT":false,"SourceID":0,"TinhThanhID":0,"TinhThanhTitle":"Bắc Giang","TinhThanhTitleAscii":"/bac-giang","QuanHuyenID":0,"NganhNgheTitle":"Vận tải đường bộ khác","NganhNgheTitleAscii":"/nganh-nghe/van-tai-duong-bo-khac","DSTags":["2400289894","Bắc Giang",null]}]}