{"ID":430,"SolrID":"/bac-giang/thanh-pho-bac-giang/phuong-my-do","Title":"Phường Mỹ Độ","TinhThanhTitle":"Bắc Giang","QuanHuyenTitle":"Thành Phố  Bắc Giang","QuanHuyenID":180,"TinhThanhID":54,"Url":"https://thongtindoanhnghiep.co/api/company?l=/bac-giang/thanh-pho-bac-giang/phuong-my-do","Total":83,"List":[{"Type":11,"SolrID":"/2400913287-cong-ty-tnhh-duoc-pham-ay","ID":0,"MaSoThue":"2400913287","NgayCap":"2021-07-02T00:00:00Z","Title":"Công Ty TNHH Dược Phẩm Ay","DiaChiCongTy":"260 Thân Nhân Trung, Phường Mỹ Độ, Thành phố  Bắc Giang, Tỉnh Bắc Giang","Created":"2021-07-02T11:45:37Z","Updated":"2021-07-02T11:45:37Z","IsDelete":false,"RequestChanged":false,"ExitsInGDT":false,"SourceID":0,"TinhThanhID":0,"TinhThanhTitle":"Bắc Giang","TinhThanhTitleAscii":"/bac-giang","QuanHuyenID":0,"NganhNgheTitle":"Bán buôn thực phẩm","NganhNgheTitleAscii":"/nganh-nghe/ban-buon-thuc-pham","DSTags":["2400913287","Bắc Giang",null]},{"Type":11,"SolrID":"/2400911963-cong-ty-tnhh-dau-tu-xay-dung-va-thuong-mai-uy-vu-bg","ID":0,"MaSoThue":"2400911963","NgayCap":"2021-05-20T00:00:00Z","Title":"Công Ty TNHH Đầu Tư Xây Dựng Và Thương Mại Uy Vũ Bg","DiaChiCongTy":"Số nhà 234 - đường Thân Nhân Trung, Phường Mỹ Độ, Thành phố  Bắc Giang, Tỉnh Bắc Giang","Created":"2021-05-20T09:37:58Z","Updated":"2021-05-20T09:37:58Z","IsDelete":false,"RequestChanged":false,"ExitsInGDT":false,"SourceID":0,"TinhThanhID":0,"TinhThanhTitle":"Bắc Giang","TinhThanhTitleAscii":"/bac-giang","QuanHuyenID":0,"NganhNgheTitle":"Kinh doanh bất động sản, quyền sử dụng đất thuộc chủ sở hữu, chủ sử dụng hoặc đi thuê","NganhNgheTitleAscii":"/nganh-nghe/kinh-doanh-bat-dong-san-quyen-su-dung-dat-thuoc-chu-so-huu-chu-su-dung-hoac-di-thue","DSTags":["2400911963","Bắc Giang",null]},{"Type":11,"SolrID":"/2400903440-cong-ty-cp-tu-van-va-xay-dung-tien-thang","ID":0,"MaSoThue":"2400903440","NgayCap":"2021-01-18T00:00:00Z","Title":"Công Ty CP Tư Vấn Và Xây Dựng Tiến Thắng","DiaChiCongTy":"Số 236 Thân Nhân Trung, Phường Mỹ Độ, Thành phố  Bắc Giang, Tỉnh Bắc Giang","Created":"2021-01-18T11:37:28Z","Updated":"2021-01-18T11:37:28Z","IsDelete":false,"RequestChanged":false,"ExitsInGDT":false,"SourceID":0,"TinhThanhID":0,"TinhThanhTitle":"Bắc Giang","TinhThanhTitleAscii":"/bac-giang","QuanHuyenID":0,"DSTags":["2400903440","Bắc Giang",null]},{"Type":11,"SolrID":"/2400844883-cong-ty-tnhh-thuong-mai-va-duoc-pham-ha-hoa","ID":0,"MaSoThue":"2400844883","NgayCap":"2018-08-07T00:00:00Z","Title":"Công Ty TNHH Thương Mại Và Dược Phẩm Hà Hòa","DiaChiCongTy":"Số nhà 36, Phố Mỹ Độ, Tổ dân phố số 2, Phường Mỹ Độ, Thành phố  Bắc Giang, Tỉnh Bắc Giang","Created":"2018-08-08T09:20:32Z","Updated":"2018-08-08T09:20:32Z","IsDelete":false,"RequestChanged":false,"ExitsInGDT":false,"SourceID":0,"TinhThanhID":0,"TinhThanhTitle":"Bắc Giang","TinhThanhTitleAscii":"/bac-giang","QuanHuyenID":0,"NganhNgheTitle":"Bán buôn thực phẩm","NganhNgheTitleAscii":"/nganh-nghe/ban-buon-thuc-pham","DSTags":["2400844883","Bắc Giang",null]},{"Type":11,"SolrID":"/2400842653-cong-ty-tnhh-dau-tu-va-phat-trien-thien-phu-viet-nam","ID":0,"MaSoThue":"2400842653","NgayCap":"2018-07-04T00:00:00Z","Title":"Công Ty TNHH Đầu Tư Và Phát Triển Thiên Phú Việt Nam","DiaChiCongTy":"Số nhà 75, ngõ 69, Tổ 4, Phường Mỹ Độ, Thành phố  Bắc Giang, Tỉnh Bắc Giang","Created":"2018-07-04T15:36:05Z","Updated":"2018-07-04T15:36:05Z","IsDelete":false,"RequestChanged":false,"ExitsInGDT":false,"SourceID":0,"TinhThanhID":0,"TinhThanhTitle":"Bắc Giang","TinhThanhTitleAscii":"/bac-giang","QuanHuyenID":0,"NganhNgheTitle":"Bán buôn thực phẩm","NganhNgheTitleAscii":"/nganh-nghe/ban-buon-thuc-pham","DSTags":["2400842653","Bắc Giang",null]},{"Type":11,"SolrID":"/2400836628-cong-ty-tnhh-yuwon-hitech-viet-nam","ID":0,"MaSoThue":"2400836628","NgayCap":"2018-04-19T00:00:00Z","Title":"Công Ty TNHH Yuwon Hitech Việt Nam","DiaChiCongTy":"Số 270, tổ 3, Lò Vôi, Phường Mỹ Độ, Thành phố  Bắc Giang, Tỉnh Bắc Giang","Created":"2018-04-19T15:34:49Z","Updated":"2018-04-19T15:34:49Z","IsDelete":false,"RequestChanged":false,"ExitsInGDT":false,"SourceID":0,"TinhThanhID":0,"TinhThanhTitle":"Bắc Giang","TinhThanhTitleAscii":"/bac-giang","QuanHuyenID":0,"NganhNgheTitle":"Sản xuất linh kiện điện tử","NganhNgheTitleAscii":"/nganh-nghe/san-xuat-linh-kien-dien-tu","DSTags":["2400836628","Bắc Giang",null]},{"Type":11,"SolrID":"/2400835920-cong-ty-tnhh-bac-truong-giang","ID":0,"MaSoThue":"2400835920","NgayCap":"2018-04-09T00:00:00Z","Title":"Công Ty TNHH Bắc Trường Giang","DiaChiCongTy":"Tổ 3, Phường Mỹ Độ, Thành phố  Bắc Giang, Tỉnh Bắc Giang","Created":"2018-04-09T17:05:28Z","Updated":"2018-04-09T17:05:28Z","IsDelete":false,"RequestChanged":false,"ExitsInGDT":false,"SourceID":0,"TinhThanhID":0,"TinhThanhTitle":"Bắc Giang","TinhThanhTitleAscii":"/bac-giang","QuanHuyenID":0,"NganhNgheTitle":"Bán buôn chuyên doanh khác chưa được phân vào đâu","NganhNgheTitleAscii":"/nganh-nghe/ban-buon-chuyen-doanh-khac-chua-duoc-phan-vao-dau","DSTags":["2400835920","Bắc Giang",null]},{"Type":11,"SolrID":"/2400833419-cong-ty-tnhh-galaxy-tuyet-anh","ID":0,"MaSoThue":"2400833419","NgayCap":"2018-03-06T00:00:00Z","Title":"Công Ty TNHH Galaxy Tuyết Anh","DiaChiCongTy":"Số nhà 206 - đường Thân Nhân Trung, Phường Mỹ Độ, Thành phố  Bắc Giang, Tỉnh Bắc Giang","Created":"2018-03-06T11:35:44Z","Updated":"2018-03-06T11:35:44Z","IsDelete":false,"RequestChanged":false,"ExitsInGDT":false,"SourceID":0,"TinhThanhID":0,"TinhThanhTitle":"Bắc Giang","TinhThanhTitleAscii":"/bac-giang","QuanHuyenID":0,"NganhNgheTitle":"Bán buôn vật liệu, thiết bị lắp đặt khác trong xây dựng","NganhNgheTitleAscii":"/nganh-nghe/ban-buon-vat-lieu-thiet-bi-lap-dat-khac-trong-xay-dung","DSTags":["2400833419","Bắc Giang",null]},{"Type":11,"SolrID":"/2400823918-cong-ty-tnhh-an-thanh-dat-bac-giang","ID":0,"MaSoThue":"2400823918","NgayCap":"2017-10-16T00:00:00Z","Title":"Công Ty TNHH An Thành Đạt Bắc Giang","DiaChiCongTy":"Số 13, Tổ dân phố số 3, Phường Mỹ Độ, Thành phố  Bắc Giang, Tỉnh Bắc Giang","Created":"2017-10-16T10:35:52Z","Updated":"2017-10-16T10:35:52Z","IsDelete":false,"RequestChanged":false,"ExitsInGDT":false,"SourceID":0,"TinhThanhID":0,"TinhThanhTitle":"Bắc Giang","TinhThanhTitleAscii":"/bac-giang","QuanHuyenID":0,"NganhNgheTitle":"Chuẩn bị mặt bằng","NganhNgheTitleAscii":"/nganh-nghe/chuan-bi-mat-bang","DSTags":["2400823918","Bắc Giang",null]},{"Type":11,"SolrID":"/2400822174-cong-ty-tnhh-vien-thong-thanh-tung-lam","ID":0,"MaSoThue":"2400822174","NgayCap":"2017-09-13T00:00:00Z","Title":"Công Ty TNHH Viễn Thông Thanh Tùng Lâm","DiaChiCongTy":"Số nhà 34 đường Thân Nhân Trung, Phường Mỹ Độ, Thành phố  Bắc Giang, Tỉnh Bắc Giang","Created":"2017-09-13T11:25:25Z","Updated":"2017-09-13T11:25:25Z","IsDelete":false,"RequestChanged":false,"ExitsInGDT":false,"SourceID":0,"TinhThanhID":0,"TinhThanhTitle":"Bắc Giang","TinhThanhTitleAscii":"/bac-giang","QuanHuyenID":0,"NganhNgheTitle":"Bán lẻ máy vi tính, thiết bị ngoại vi, phần mềm và thiết bị viễn thông trong các cửa hàng chuyên doanh","NganhNgheTitleAscii":"/nganh-nghe/ban-le-may-vi-tinh-thiet-bi-ngoai-vi-phan-mem-va-thiet-bi-vien-thong-trong-cac-cua-hang-chuyen-doanh","DSTags":["2400822174","Bắc Giang",null]},{"Type":11,"SolrID":"/2400822008-cong-ty-tnhh-tiep-van-hana","ID":0,"MaSoThue":"2400822008","NgayCap":"2017-09-08T00:00:00Z","Title":"Công Ty TNHH Tiếp Vận Hana","DiaChiCongTy":"Số nhà 02 ngõ 39 đường Thân Nhân Trung, Phường Mỹ Độ, Thành phố  Bắc Giang, Tỉnh Bắc Giang","Created":"2017-09-08T14:42:08Z","Updated":"2017-09-08T14:42:08Z","IsDelete":false,"RequestChanged":false,"ExitsInGDT":false,"SourceID":0,"TinhThanhID":0,"TinhThanhTitle":"Bắc Giang","TinhThanhTitleAscii":"/bac-giang","QuanHuyenID":0,"NganhNgheTitle":"Hoạt động dịch vụ hỗ trợ kinh doanh khác còn lại chưa được phân vào đâu","NganhNgheTitleAscii":"/nganh-nghe/hoat-dong-dich-vu-ho-tro-kinh-doanh-khac-con-lai-chua-duoc-phan-vao-dau","DSTags":["2400822008","Bắc Giang",null]},{"Type":11,"SolrID":"/2400819862-cong-ty-tnhh-ts-tuan-son","ID":0,"MaSoThue":"2400819862","NgayCap":"2017-08-01T00:00:00Z","Title":"Công Ty TNHH Ts Tuấn Sơn","DiaChiCongTy":"Lô 179, Làn 3, Đường Thân Nhân Trung, Phường Mỹ Độ, Thành phố  Bắc Giang, Tỉnh Bắc Giang","Created":"2017-08-01T14:41:01Z","Updated":"2017-08-01T14:41:01Z","IsDelete":false,"RequestChanged":false,"ExitsInGDT":false,"SourceID":0,"TinhThanhID":0,"TinhThanhTitle":"Bắc Giang","TinhThanhTitleAscii":"/bac-giang","QuanHuyenID":0,"NganhNgheTitle":"Hoạt động xây dựng chuyên dụng khác","NganhNgheTitleAscii":"/nganh-nghe/hoat-dong-xay-dung-chuyen-dung-khac","DSTags":["2400819862","Bắc Giang",null]},{"Type":11,"SolrID":"/2400815836-cong-ty-tnhh-kien-truc-noi-that-viet-cuong","ID":0,"MaSoThue":"2400815836","NgayCap":"2017-06-05T00:00:00Z","Title":"Công Ty TNHH Kiến Trúc Nội Thất Việt Cường","DiaChiCongTy":"Lô đất số 49, khu tái định cư cầu đường bộ, đường Thân Nhân Trung, Phường Mỹ Độ, Thành phố  Bắc Giang, Tỉnh Bắc Giang","Created":"2017-06-05T15:23:12Z","Updated":"2017-06-05T15:23:12Z","IsDelete":false,"RequestChanged":false,"ExitsInGDT":false,"SourceID":0,"TinhThanhID":0,"TinhThanhTitle":"Bắc Giang","TinhThanhTitleAscii":"/bac-giang","QuanHuyenID":0,"NganhNgheTitle":"Hoạt động kiến trúc và tư vấn kỹ thuật có liên quan","NganhNgheTitleAscii":"/nganh-nghe/hoat-dong-kien-truc-va-tu-van-ky-thuat-co-lien-quan","DSTags":["2400815836","Bắc Giang",null]},{"Type":11,"SolrID":"/2400814582-cong-ty-tnhh-lien-doanh-dau-tu-quoc-te-group-phu-quy-oibc","ID":0,"MaSoThue":"2400814582","NgayCap":"2017-05-11T00:00:00Z","Title":"Công Ty TNHH Liên Doanh Đầu Tư Quốc Tế Group Phú Quý Oibc","DiaChiCongTy":"Khu phố 3, Phường Mỹ Độ, Thành phố  Bắc Giang, Tỉnh Bắc Giang","Created":"2017-05-11T08:44:06Z","Updated":"2017-05-11T08:44:06Z","IsDelete":false,"RequestChanged":false,"ExitsInGDT":false,"SourceID":0,"TinhThanhID":0,"TinhThanhTitle":"Bắc Giang","TinhThanhTitleAscii":"/bac-giang","QuanHuyenID":0,"NganhNgheTitle":"Hoạt động của các bệnh viện, trạm xá","NganhNgheTitleAscii":"/nganh-nghe/hoat-dong-cua-cac-benh-vien-tram-xa","DSTags":["2400814582","Bắc Giang",null]},{"Type":11,"SolrID":"/2400811824-cong-ty-tnhh-mot-thanh-vien-gians","ID":0,"MaSoThue":"2400811824","NgayCap":"2017-03-27T00:00:00Z","Title":"Công Ty TNHH Một Thành Viên Gians","DiaChiCongTy":"Số nhà 160, đường Thân Nhân Trung, Phường Mỹ Độ, Thành phố  Bắc Giang, Tỉnh Bắc Giang","Created":"2017-03-27T11:08:35Z","Updated":"2017-03-27T11:08:35Z","IsDelete":false,"RequestChanged":false,"ExitsInGDT":false,"SourceID":0,"TinhThanhID":0,"TinhThanhTitle":"Bắc Giang","TinhThanhTitleAscii":"/bac-giang","QuanHuyenID":0,"NganhNgheTitle":"Bán buôn thực phẩm","NganhNgheTitleAscii":"/nganh-nghe/ban-buon-thuc-pham","DSTags":["2400811824","Bắc Giang",null]},{"Type":11,"SolrID":"/2400810796-cong-ty-tnhh-tmdv-d-t","ID":0,"MaSoThue":"2400810796","NgayCap":"2017-03-09T00:00:00Z","Title":"Công Ty TNHH Tmdv Đ&t","DiaChiCongTy":"số 39 đường Thân Nhân Trung, Phường Mỹ Độ, Thành phố  Bắc Giang, Tỉnh Bắc Giang","Created":"2017-03-09T09:07:50Z","Updated":"2017-03-09T09:07:50Z","IsDelete":false,"RequestChanged":false,"ExitsInGDT":false,"SourceID":0,"TinhThanhID":0,"TinhThanhTitle":"Bắc Giang","TinhThanhTitleAscii":"/bac-giang","QuanHuyenID":0,"NganhNgheTitle":"Bán lẻ khác trong các cửa hàng kinh doanh tổng hợp","NganhNgheTitleAscii":"/nganh-nghe/ban-le-khac-trong-cac-cua-hang-kinh-doanh-tong-hop","DSTags":["2400810796","Bắc Giang",null]},{"Type":11,"SolrID":"/2400809952-cong-ty-tnhh-mot-thanh-vien-thuong-mai-bao-toan-bac-giang","ID":0,"MaSoThue":"2400809952","NgayCap":"2017-02-21T00:00:00Z","Title":"Công Ty TNHH Một Thành Viên Thương Mại Bảo Toàn Bắc Giang","DiaChiCongTy":"Số nhà 58, đường Thân Nhân Trung, Phường Mỹ Độ, Thành phố  Bắc Giang, Tỉnh Bắc Giang","Created":"2017-02-21T15:07:58Z","Updated":"2017-02-21T15:07:58Z","IsDelete":false,"RequestChanged":false,"ExitsInGDT":false,"SourceID":0,"TinhThanhID":0,"TinhThanhTitle":"Bắc Giang","TinhThanhTitleAscii":"/bac-giang","QuanHuyenID":0,"NganhNgheTitle":"Xây dựng nhà các loại","NganhNgheTitleAscii":"/nganh-nghe/xay-dung-nha-cac-loai","DSTags":["2400809952","Bắc Giang",null]},{"Type":11,"SolrID":"/2400809423-cong-ty-tnhh-sx-va-kd-lam-san-bac-giang","ID":0,"MaSoThue":"2400809423","NgayCap":"2017-02-09T00:00:00Z","Title":"Công Ty TNHH Sx Và Kd Lâm Sản Bắc Giang","DiaChiCongTy":"Số 403 đường Mỹ Độ, Phường Mỹ Độ, Thành phố  Bắc Giang, Tỉnh Bắc Giang","Created":"2017-02-09T16:37:59Z","Updated":"2017-02-09T16:37:59Z","IsDelete":false,"RequestChanged":false,"ExitsInGDT":false,"SourceID":0,"TinhThanhID":0,"TinhThanhTitle":"Bắc Giang","TinhThanhTitleAscii":"/bac-giang","QuanHuyenID":0,"NganhNgheTitle":"Sản xuất giường, tủ, bàn, ghế","NganhNgheTitleAscii":"/nganh-nghe/san-xuat-giuong-tu-ban-ghe","DSTags":["2400809423","Bắc Giang",null]},{"Type":11,"SolrID":"/2400807306-cong-ty-tnhh-linh-ttp","ID":0,"MaSoThue":"2400807306","NgayCap":"2017-01-06T00:00:00Z","Title":"Công Ty TNHH Linh Ttp","DiaChiCongTy":"Số nhà 77 đường Mỹ Độ, Phường Mỹ Độ, Thành phố  Bắc Giang, Tỉnh Bắc Giang","Created":"2017-01-06T15:38:15Z","Updated":"2017-01-06T15:38:15Z","IsDelete":false,"RequestChanged":false,"ExitsInGDT":false,"SourceID":0,"TinhThanhID":0,"TinhThanhTitle":"Bắc Giang","TinhThanhTitleAscii":"/bac-giang","QuanHuyenID":0,"NganhNgheTitle":"Bán buôn máy móc, thiết bị và phụ tùng máy nông nghiệp","NganhNgheTitleAscii":"/nganh-nghe/ban-buon-may-moc-thiet-bi-va-phu-tung-may-nong-nghiep","DSTags":["2400807306","Bắc Giang",null]},{"Type":11,"SolrID":"/2400803118-cong-ty-tnhh-thuong-mai-va-dich-vu-thiet-ke-adn-viet-nam","ID":0,"MaSoThue":"2400803118","NgayCap":"2016-11-14T00:00:00Z","Title":"Công Ty TNHH Thương Mại Và Dịch Vụ Thiết Kế Adn Việt Nam","DiaChiCongTy":"Số nhà 10, ngõ 25, tổ 1 - Phường Mỹ Độ - Thành phố  Bắc Giang - Bắc Giang","Created":"2016-11-19T18:38:35Z","Updated":"2016-11-19T18:38:35Z","IsDelete":false,"RequestChanged":false,"ExitsInGDT":false,"SourceID":0,"TinhThanhID":0,"TinhThanhTitle":"Bắc Giang","TinhThanhTitleAscii":"/bac-giang","QuanHuyenID":0,"NganhNgheTitle":"Hoạt động kiến trúc và tư vấn kỹ thuật có liên quan","NganhNgheTitleAscii":"/nganh-nghe/hoat-dong-kien-truc-va-tu-van-ky-thuat-co-lien-quan","DSTags":["2400803118","Bắc Giang",null]},{"Type":11,"SolrID":"/2400802308-cong-ty-tnhh-bcq-dong-tien","ID":0,"MaSoThue":"2400802308","NgayCap":"2016-10-25T00:00:00Z","Title":"Công Ty TNHH Bcq Đồng Tiến","DiaChiCongTy":"Số 317 tổ 1 - Phường Mỹ Độ - Thành phố  Bắc Giang - Bắc Giang","Created":"2016-10-31T23:11:31Z","Updated":"2016-10-31T23:11:31Z","IsDelete":false,"RequestChanged":false,"ExitsInGDT":false,"SourceID":0,"TinhThanhID":0,"TinhThanhTitle":"Bắc Giang","TinhThanhTitleAscii":"/bac-giang","QuanHuyenID":0,"NganhNgheTitle":"Xây dựng công trình kỹ thuật dân dụng khác","NganhNgheTitleAscii":"/nganh-nghe/xay-dung-cong-trinh-ky-thuat-dan-dung-khac","DSTags":["2400802308","Bắc Giang",null]},{"Type":11,"SolrID":"/2400799704-hop-tac-xa-dau-tu-dich-vu-sao-thien-vuong","ID":0,"MaSoThue":"2400799704","NgayCap":"2016-08-29T00:00:00Z","Title":"Hợp tác xã đầu tư dịch vụ Sao Thiên Vương","DiaChiCongTy":"Số 210 đường Thân Nhân Trung - Phường Mỹ Độ - Thành phố  Bắc Giang - Bắc Giang","Created":"2016-09-01T08:03:44Z","Updated":"2016-09-10T10:40:37Z","IsDelete":false,"RequestChanged":false,"ExitsInGDT":false,"SourceID":0,"TinhThanhID":0,"TinhThanhTitle":"Bắc Giang","TinhThanhTitleAscii":"/bac-giang","QuanHuyenID":0,"DSTags":["2400799704","Bắc Giang",null]},{"Type":11,"SolrID":"/2400799214-cong-ty-tnhh-tk-tech","ID":0,"MaSoThue":"2400799214","NgayCap":"2016-08-15T00:00:00Z","Title":"CôNG TY TNHH TK - TECH","DiaChiCongTy":"Số nhà 41, đường Thân Nhân Trung - Phường Mỹ Độ - Thành phố  Bắc Giang - Bắc Giang","Created":"2016-08-18T08:48:52Z","Updated":"2016-09-10T16:31:33Z","IsDelete":false,"RequestChanged":false,"ExitsInGDT":false,"SourceID":0,"TinhThanhID":0,"TinhThanhTitle":"Bắc Giang","TinhThanhTitleAscii":"/bac-giang","QuanHuyenID":0,"DSTags":["2400799214","Bắc Giang",null]},{"Type":11,"SolrID":"/2400798757-cong-ty-tnhh-xay-dung-va-thuong-mai-tdt","ID":0,"MaSoThue":"2400798757","NgayCap":"2016-08-02T00:00:00Z","Title":"CôNG TY TNHH XâY DựNG Và THươNG MạI TDT","DiaChiCongTy":"Số nhà 5, ngõ 6, đường Mỹ Độ - Phường Mỹ Độ - Thành phố  Bắc Giang - Bắc Giang","Created":"2016-08-03T14:31:03Z","Updated":"2016-09-10T18:26:22Z","IsDelete":false,"RequestChanged":false,"ExitsInGDT":false,"SourceID":0,"TinhThanhID":0,"TinhThanhTitle":"Bắc Giang","TinhThanhTitleAscii":"/bac-giang","QuanHuyenID":0,"DSTags":["2400798757","Bắc Giang",null]},{"Type":11,"SolrID":"/2400794287-cong-ty-tnhh-tu-van-dau-tu-xay-dung-va-thuong-mai-hd","ID":0,"MaSoThue":"2400794287","NgayCap":"2016-04-28T00:00:00Z","Title":"Công Ty TNHH Tư Vấn Đầu Tư Xây Dựng Và Thương Mại Hd","DiaChiCongTy":"Số nhà 56, Tổ 04 - Phường Mỹ Độ - Thành phố  Bắc Giang - Bắc Giang","Created":"2016-04-29T08:40:30Z","Updated":"2016-04-29T08:40:30Z","IsDelete":false,"RequestChanged":false,"ExitsInGDT":false,"SourceID":0,"TinhThanhID":0,"TinhThanhTitle":"Bắc Giang","TinhThanhTitleAscii":"/bac-giang","QuanHuyenID":0,"NganhNgheTitle":"Hoạt động kiến trúc và tư vấn kỹ thuật có liên quan","NganhNgheTitleAscii":"/nganh-nghe/hoat-dong-kien-truc-va-tu-van-ky-thuat-co-lien-quan","DSTags":["2400794287","Bắc Giang",null]},{"Type":11,"SolrID":"/2400792226-cong-ty-tnhh-thiet-bi-phuong-chi","ID":0,"MaSoThue":"2400792226","NgayCap":"2016-03-18T00:00:00Z","Title":"Công Ty TNHH Thiết Bị Phương Chi","DiaChiCongTy":"Số 05, đường Thân Nhân Trung - Phường Mỹ Độ - Thành phố  Bắc Giang - Bắc Giang","Created":"2016-03-22T11:42:25Z","Updated":"2016-03-22T11:42:25Z","IsDelete":false,"RequestChanged":false,"ExitsInGDT":false,"SourceID":0,"TinhThanhID":0,"TinhThanhTitle":"Bắc Giang","TinhThanhTitleAscii":"/bac-giang","QuanHuyenID":0,"NganhNgheTitle":"Bán buôn máy móc, thiết bị và phụ tùng máy khác","NganhNgheTitleAscii":"/nganh-nghe/ban-buon-may-moc-thiet-bi-va-phu-tung-may-khac","DSTags":["2400792226","Bắc Giang",null]},{"Type":11,"SolrID":"/2400791984-cong-ty-tnhh-thuong-mai-du-lich-va-quang-cao-gia-khanh","ID":0,"MaSoThue":"2400791984","NgayCap":"2016-03-14T00:00:00Z","Title":"Công Ty TNHH Thương Mại, Du Lịch Và Quảng Cáo Gia Khánh","DiaChiCongTy":"Tổ dân phố số 03 - Phường Mỹ Độ - Thành phố  Bắc Giang - Bắc Giang","Created":"2016-03-15T16:39:55Z","Updated":"2016-03-15T16:39:55Z","IsDelete":false,"RequestChanged":false,"ExitsInGDT":false,"SourceID":0,"TinhThanhID":0,"TinhThanhTitle":"Bắc Giang","TinhThanhTitleAscii":"/bac-giang","QuanHuyenID":0,"NganhNgheTitle":"Quảng cáo","NganhNgheTitleAscii":"/nganh-nghe/quang-cao","DSTags":["2400791984","Bắc Giang",null]},{"Type":11,"SolrID":"/2400774097-cong-ty-co-phan-thiet-ke-trong-rung-bac-giang","ID":0,"MaSoThue":"2400774097","NgayCap":"2015-11-19T00:00:00Z","Title":"Công Ty Cổ Phần Thiết Kế Trồng Rừng Bắc Giang","DiaChiCongTy":"Số 22, ngõ 48, Khu phố 3 - Phường Mỹ Độ - Thành phố  Bắc Giang - Bắc Giang","Created":"2015-11-23T23:21:44Z","Updated":"2015-11-23T23:21:44Z","IsDelete":false,"RequestChanged":false,"ExitsInGDT":false,"SourceID":0,"TinhThanhID":0,"TinhThanhTitle":"Bắc Giang","TinhThanhTitleAscii":"/bac-giang","QuanHuyenID":0,"NganhNgheTitle":"Hoạt động dịch vụ lâm nghiệp","NganhNgheTitleAscii":"/nganh-nghe/hoat-dong-dich-vu-lam-nghiep","DSTags":["2400774097","Bắc Giang",null]},{"Type":11,"SolrID":"/2400773865-cong-ty-co-phan-dinh-duong-tan-thanh-phat","ID":0,"MaSoThue":"2400773865","NgayCap":"2015-11-18T00:00:00Z","Title":"Công Ty Cổ Phần Dinh Dưỡng Tân Thành Phát","DiaChiCongTy":"Số 197 đường Mỹ Độ - Phường Mỹ Độ - Thành phố  Bắc Giang - Bắc Giang","Created":"2015-11-20T16:14:24Z","Updated":"2015-11-20T16:14:24Z","IsDelete":false,"RequestChanged":false,"ExitsInGDT":false,"SourceID":0,"TinhThanhID":0,"TinhThanhTitle":"Bắc Giang","TinhThanhTitleAscii":"/bac-giang","QuanHuyenID":0,"NganhNgheTitle":"Sản xuất thức ăn gia súc, gia cầm và thuỷ sản","NganhNgheTitleAscii":"/nganh-nghe/san-xuat-thuc-an-gia-suc-gia-cam-va-thuy-san","DSTags":["2400773865","Bắc Giang",null]},{"Type":11,"SolrID":"/2400772692-cong-ty-tnhh-gas-hoang-vu","ID":0,"MaSoThue":"2400772692","NgayCap":"2015-10-27T00:00:00Z","Title":"Công Ty TNHH Gas Hoàng Vũ","DiaChiCongTy":"Số 9 ngõ 36, tổ 3 - Phường Mỹ Độ - Thành phố  Bắc Giang - Bắc Giang","Created":"2015-11-19T11:42:09Z","Updated":"2015-11-19T11:42:09Z","IsDelete":false,"RequestChanged":false,"ExitsInGDT":false,"SourceID":0,"TinhThanhID":0,"TinhThanhTitle":"Bắc Giang","TinhThanhTitleAscii":"/bac-giang","QuanHuyenID":0,"NganhNgheTitle":"Bán buôn nhiên liệu rắn, lỏng, khí và các sản phẩm liên quan","NganhNgheTitleAscii":"/nganh-nghe/ban-buon-nhien-lieu-ran-long-khi-va-cac-san-pham-lien-quan","DSTags":["2400772692","Bắc Giang",null]},{"Type":11,"SolrID":"/2400772484-cong-ty-tnhh-thuong-mai-xay-dung-phuc-lam","ID":0,"MaSoThue":"2400772484","NgayCap":"2015-10-16T00:00:00Z","Title":"Công Ty TNHH Thương Mại Xây Dựng Phúc Lâm","DiaChiCongTy":"Số 178, tổ 15, Cụm 3 - Phường Mỹ Độ - Thành phố  Bắc Giang - Bắc Giang","Created":"2015-11-19T11:01:52Z","Updated":"2015-11-19T11:01:52Z","IsDelete":false,"RequestChanged":false,"ExitsInGDT":false,"SourceID":0,"TinhThanhID":0,"TinhThanhTitle":"Bắc Giang","TinhThanhTitleAscii":"/bac-giang","QuanHuyenID":0,"NganhNgheTitle":"Bán buôn nhiên liệu rắn, lỏng, khí và các sản phẩm liên quan","NganhNgheTitleAscii":"/nganh-nghe/ban-buon-nhien-lieu-ran-long-khi-va-cac-san-pham-lien-quan","DSTags":["2400772484","Bắc Giang",null]},{"Type":11,"SolrID":"/2400771353-cong-ty-tnhh-gu-tech","ID":0,"MaSoThue":"2400771353","NgayCap":"2015-09-28T00:00:00Z","Title":"Công Ty TNHH Gu Tech","DiaChiCongTy":"Số nhà 148 đường Thân Nhân Trung - Phường Mỹ Độ - Thành phố  Bắc Giang - Bắc Giang","Created":"2015-11-19T05:19:20Z","Updated":"2015-11-19T05:19:20Z","IsDelete":false,"RequestChanged":false,"ExitsInGDT":false,"SourceID":0,"TinhThanhID":0,"TinhThanhTitle":"Bắc Giang","TinhThanhTitleAscii":"/bac-giang","QuanHuyenID":0,"NganhNgheTitle":"Sản xuất linh kiện điện tử","NganhNgheTitleAscii":"/nganh-nghe/san-xuat-linh-kien-dien-tu","DSTags":["2400771353","Bắc Giang",null]},{"Type":11,"SolrID":"/2400761958-cong-ty-tnhh-van-phong-pham-va-bao-ho-lao-dong-an-tien","ID":0,"MaSoThue":"2400761958","NgayCap":"2015-03-16T00:00:00Z","Title":"Công Ty TNHH Văn Phòng Phẩm Và Bảo Hộ Lao Động An Tiến","DiaChiCongTy":"Số 234, tổ 3 - Phường Mỹ Độ - Thành phố  Bắc Giang - Bắc Giang","Created":"2015-11-17T05:39:18Z","Updated":"2015-11-17T05:39:18Z","IsDelete":false,"RequestChanged":false,"ExitsInGDT":false,"SourceID":0,"TinhThanhID":0,"TinhThanhTitle":"Bắc Giang","TinhThanhTitleAscii":"/bac-giang","QuanHuyenID":0,"NganhNgheTitle":"Bán buôn đồ dùng khác cho gia đình","NganhNgheTitleAscii":"/nganh-nghe/ban-buon-do-dung-khac-cho-gia-dinh","DSTags":["2400761958","Bắc Giang",null]},{"Type":11,"SolrID":"/2400759839-cong-ty-tnhh-cong-nghe-ngoc-vu","ID":0,"MaSoThue":"2400759839","NgayCap":"2015-02-11T00:00:00Z","Title":"Công Ty TNHH Công Nghệ Ngọc Vũ","DiaChiCongTy":"Số 30 đường Thân Nhân Trung - Phường Mỹ Độ - Thành phố  Bắc Giang - Bắc Giang","Created":"2015-11-16T19:31:57Z","Updated":"2015-11-16T19:31:57Z","IsDelete":false,"RequestChanged":false,"ExitsInGDT":false,"SourceID":0,"TinhThanhID":0,"TinhThanhTitle":"Bắc Giang","TinhThanhTitleAscii":"/bac-giang","QuanHuyenID":0,"NganhNgheTitle":"Dịch vụ hỗ trợ giáo dục","NganhNgheTitleAscii":"/nganh-nghe/dich-vu-ho-tro-giao-duc","DSTags":["2400759839","Bắc Giang",null]},{"Type":11,"SolrID":"/2400759067-doi-thue-so-1-phuong-my-do","ID":0,"MaSoThue":"2400759067","NgayCap":"2015-02-03T00:00:00Z","Title":"Đội thuế số 1 - Phường Mỹ Độ","DiaChiCongTy":"Phường Mỹ Độ - Phường Mỹ Độ - Thành phố  Bắc Giang - Bắc Giang","Created":"2015-11-18T04:55:54Z","Updated":"2015-11-18T04:55:54Z","IsDelete":false,"RequestChanged":false,"ExitsInGDT":false,"SourceID":0,"TinhThanhID":0,"TinhThanhTitle":"Bắc Giang","TinhThanhTitleAscii":"/bac-giang","QuanHuyenID":0,"NganhNgheTitle":"NÔNG NGHIỆP, LÂM NGHIỆP VÀ THUỶ SẢN","NganhNgheTitleAscii":"/nganh-nghe/nong-nghiep-lam-nghiep-va-thuy-san","DSTags":["2400759067","Bắc Giang",null]},{"Type":11,"SolrID":"/2400651338-cong-ty-cp-dau-tu-hoa-phat","ID":0,"MaSoThue":"2400651338","NgayCap":"2013-11-13T00:00:00Z","Title":"Công Ty CP Đầu Tư Hòa Phát","DiaChiCongTy":"Tổ dân phố 3 - Phường Mỹ Độ - Thành phố  Bắc Giang - Bắc Giang","Created":"2015-11-11T18:06:08Z","Updated":"2015-11-11T18:06:08Z","IsDelete":false,"RequestChanged":false,"ExitsInGDT":false,"SourceID":0,"TinhThanhID":0,"TinhThanhTitle":"Bắc Giang","TinhThanhTitleAscii":"/bac-giang","QuanHuyenID":0,"NganhNgheTitle":"Xây dựng nhà các loại","NganhNgheTitleAscii":"/nganh-nghe/xay-dung-nha-cac-loai","DSTags":["2400651338","Bắc Giang",null]},{"Type":11,"SolrID":"/2400370841-001-van-phong-dai-dien-cong-ty-tnhh-hanh-phuc","ID":0,"MaSoThue":"2400370841-001","NgayCap":"2013-07-04T00:00:00Z","Title":"Văn Phòng Đại Diện Công Ty TNHH Hạnh Phúc","DiaChiCongTy":"Số 64, Phố Mỹ Độ - Phường Mỹ Độ - Thành phố  Bắc Giang - Bắc Giang","Created":"2015-11-11T01:39:33Z","Updated":"2015-11-11T01:39:33Z","IsDelete":false,"RequestChanged":false,"ExitsInGDT":false,"SourceID":0,"TinhThanhID":0,"TinhThanhTitle":"Bắc Giang","TinhThanhTitleAscii":"/bac-giang","QuanHuyenID":0,"NganhNgheTitle":"Sản xuất thực phẩm khác chưa được phân vào đâu","NganhNgheTitleAscii":"/nganh-nghe/san-xuat-thuc-pham-khac-chua-duoc-phan-vao-dau","DSTags":["2400370841-001","Bắc Giang",null]},{"Type":11,"SolrID":"/2400644027-cong-ty-tnhh-vat-tu-kim-khi-minh-phuong","ID":0,"MaSoThue":"2400644027","NgayCap":"2013-05-15T00:00:00Z","Title":"Công Ty TNHH Vật Tư Kim Khí Minh Phương","DiaChiCongTy":"Số nhà 146 phố Mỹ Độ - Phường Mỹ Độ - Thành phố  Bắc Giang - Bắc Giang","Created":"2015-11-10T01:13:47Z","Updated":"2015-11-10T01:13:47Z","IsDelete":false,"RequestChanged":false,"ExitsInGDT":false,"SourceID":0,"TinhThanhID":0,"TinhThanhTitle":"Bắc Giang","TinhThanhTitleAscii":"/bac-giang","QuanHuyenID":0,"NganhNgheTitle":"Bán lẻ đồ ngũ kim, sơn, kính và thiết bị lắp đặt khác trong xây dựng trong các cửa hàng chuyên doanh","NganhNgheTitleAscii":"/nganh-nghe/ban-le-do-ngu-kim-son-kinh-va-thiet-bi-lap-dat-khac-trong-xay-dung-trong-cac-cua-hang-chuyen-doanh","DSTags":["2400644027","Bắc Giang",null]},{"Type":11,"SolrID":"/2400623965-cong-ty-tnhh-mot-thanh-vien-san-xuat-va-dich-vu-viet-thang","ID":0,"MaSoThue":"2400623965","NgayCap":"2012-10-24T00:00:00Z","Title":"Công Ty TNHH Một Thành Viên Sản Xuất Và Dịch Vụ Việt Thắng","DiaChiCongTy":"Số 162, đường Thân Nhân Trung - Phường Mỹ Độ - Thành phố  Bắc Giang - Bắc Giang","Created":"2015-11-12T03:24:26Z","Updated":"2015-11-12T03:24:26Z","IsDelete":false,"RequestChanged":false,"ExitsInGDT":false,"SourceID":0,"TinhThanhID":0,"TinhThanhTitle":"Bắc Giang","TinhThanhTitleAscii":"/bac-giang","QuanHuyenID":0,"NganhNgheTitle":"Bán buôn đường, sữa và các sản phẩm sữa, bánh kẹo và các sản phẩm chế biến từ ngũ cốc, bột, tinh bột","NganhNgheTitleAscii":"/nganh-nghe/ban-buon-duong-sua-va-cac-san-pham-sua-banh-keo-va-cac-san-pham-che-bien-tu-ngu-coc-bot-tinh-bot","DSTags":["2400623965","Bắc Giang",null]},{"Type":11,"SolrID":"/2400617376-cong-ty-co-phan-tu-van-va-xay-dung-viet-phuong","ID":0,"MaSoThue":"2400617376","NgayCap":"2012-08-10T00:00:00Z","Title":"Công Ty Cổ Phần Tư Vấn Và Xây Dựng Việt Phương","DiaChiCongTy":"Số 202 đường Mỹ Độ - Phường Mỹ Độ - Thành phố  Bắc Giang - Bắc Giang","Created":"2015-11-10T01:06:42Z","Updated":"2015-11-10T01:06:42Z","IsDelete":false,"RequestChanged":false,"ExitsInGDT":false,"SourceID":0,"TinhThanhID":0,"TinhThanhTitle":"Bắc Giang","TinhThanhTitleAscii":"/bac-giang","QuanHuyenID":0,"NganhNgheTitle":"Xây dựng nhà các loại","NganhNgheTitleAscii":"/nganh-nghe/xay-dung-nha-cac-loai","DSTags":["2400617376","Bắc Giang",null]},{"Type":11,"SolrID":"/2400610564-cong-ty-tnhh-mot-thanh-vien-thuong-mai-dich-vu-tong-hop-yen-nhan","ID":0,"MaSoThue":"2400610564","NgayCap":"2012-06-14T00:00:00Z","Title":"Công Ty TNHH Một Thành Viên Thương Mại Dịch Vụ Tổng Hợp Yến Nhân","DiaChiCongTy":"Số nhà 85 làng Mỹ Độ - Phường Mỹ Độ - Thành phố  Bắc Giang - Bắc Giang","Created":"2015-11-12T13:50:08Z","Updated":"2015-11-12T13:50:08Z","IsDelete":false,"RequestChanged":false,"ExitsInGDT":false,"SourceID":0,"TinhThanhID":0,"TinhThanhTitle":"Bắc Giang","TinhThanhTitleAscii":"/bac-giang","QuanHuyenID":0,"NganhNgheTitle":"Bán buôn vật liệu, thiết bị lắp đặt khác trong xây dựng","NganhNgheTitleAscii":"/nganh-nghe/ban-buon-vat-lieu-thiet-bi-lap-dat-khac-trong-xay-dung","DSTags":["2400610564","Bắc Giang",null]},{"Type":11,"SolrID":"/2400610596-cong-ty-tnhh-mot-thanh-vien-xay-dung-va-thuong-mai-tong-hop-viet-thai-bg","ID":0,"MaSoThue":"2400610596","NgayCap":"2012-06-14T00:00:00Z","Title":"Công Ty TNHH Một Thành Viên Xây Dựng Và Thương Mại Tổng Hợp Việt Thái Bg","DiaChiCongTy":"Số 162 phố Mỹ Độ - Phường Mỹ Độ - Thành phố  Bắc Giang - Bắc Giang","Created":"2015-11-12T13:50:10Z","Updated":"2015-11-12T13:50:10Z","IsDelete":false,"RequestChanged":false,"ExitsInGDT":false,"SourceID":0,"TinhThanhID":0,"TinhThanhTitle":"Bắc Giang","TinhThanhTitleAscii":"/bac-giang","QuanHuyenID":0,"NganhNgheTitle":"Bán buôn vật liệu, thiết bị lắp đặt khác trong xây dựng","NganhNgheTitleAscii":"/nganh-nghe/ban-buon-vat-lieu-thiet-bi-lap-dat-khac-trong-xay-dung-46639","DSTags":["2400610596","Bắc Giang",null]},{"Type":11,"SolrID":"/2400607201-cong-ty-tnhh-mot-thanh-vien-huy-cuong-bg","ID":0,"MaSoThue":"2400607201","NgayCap":"2012-05-23T00:00:00Z","Title":"Công Ty TNHH Một Thành Viên Huy Cường Bg","DiaChiCongTy":"152, Tổ 3 đường Thân Nhân Trung - Phường Mỹ Độ - Thành phố  Bắc Giang - Bắc Giang","Created":"2015-11-12T13:53:40Z","Updated":"2015-11-12T13:53:40Z","IsDelete":false,"RequestChanged":false,"ExitsInGDT":false,"SourceID":0,"TinhThanhID":0,"TinhThanhTitle":"Bắc Giang","TinhThanhTitleAscii":"/bac-giang","QuanHuyenID":0,"NganhNgheTitle":"Vận tải hàng hóa bằng đường bộ","NganhNgheTitleAscii":"/nganh-nghe/van-tai-hang-hoa-bang-duong-bo","DSTags":["2400607201","Bắc Giang",null]},{"Type":11,"SolrID":"/2400572598-cong-ty-tnhh-mot-thanh-vien-hoang-hiep-bac-giang","ID":0,"MaSoThue":"2400572598","NgayCap":"2011-11-07T00:00:00Z","Title":"Công Ty TNHH Một Thành Viên Hoàng Hiệp Bắc Giang","DiaChiCongTy":"Tổ 8 khu phố 4, đường Thân Nhân Trung - Phường Mỹ Độ - Thành phố  Bắc Giang - Bắc Giang","Created":"2015-11-10T02:03:46Z","Updated":"2015-11-10T02:03:46Z","IsDelete":false,"RequestChanged":false,"ExitsInGDT":false,"SourceID":0,"TinhThanhID":0,"TinhThanhTitle":"Bắc Giang","TinhThanhTitleAscii":"/bac-giang","QuanHuyenID":0,"NganhNgheTitle":"Vận tải hành khách đường bộ khác","NganhNgheTitleAscii":"/nganh-nghe/van-tai-hanh-khach-duong-bo-khac","DSTags":["2400572598","Bắc Giang",null]},{"Type":11,"SolrID":"/2400571731-cong-ty-tnhh-mot-thanh-vien-thanh-duy-bac-giang","ID":0,"MaSoThue":"2400571731","NgayCap":"2011-10-28T00:00:00Z","Title":"Công Ty TNHH Một Thành Viên Thành Duy Bắc Giang","DiaChiCongTy":"Tổ 14, cụm 3 - Phường Mỹ Độ - Thành phố  Bắc Giang - Bắc Giang","Created":"2015-11-09T16:16:09Z","Updated":"2015-11-09T16:16:09Z","IsDelete":false,"RequestChanged":false,"ExitsInGDT":false,"SourceID":0,"TinhThanhID":0,"TinhThanhTitle":"Bắc Giang","TinhThanhTitleAscii":"/bac-giang","QuanHuyenID":0,"NganhNgheTitle":"Bán buôn vật liệu, thiết bị lắp đặt khác trong xây dựng","NganhNgheTitleAscii":"/nganh-nghe/ban-buon-vat-lieu-thiet-bi-lap-dat-khac-trong-xay-dung","DSTags":["2400571731","Bắc Giang",null]},{"Type":11,"SolrID":"/2400568305-cong-ty-tnhh-thuong-mai-va-dich-vu-binh-huong-giang","ID":0,"MaSoThue":"2400568305","NgayCap":"2011-10-10T00:00:00Z","Title":"Công Ty TNHH Thương Mại Và Dịch Vụ Bình Hương Giang","DiaChiCongTy":"Tổ 4, phường Mỹ Độ - Phường Mỹ Độ - Thành phố  Bắc Giang - Bắc Giang","Created":"2015-11-10T02:03:50Z","Updated":"2015-11-10T02:03:50Z","IsDelete":false,"RequestChanged":false,"ExitsInGDT":false,"SourceID":0,"TinhThanhID":0,"TinhThanhTitle":"Bắc Giang","TinhThanhTitleAscii":"/bac-giang","QuanHuyenID":0,"NganhNgheTitle":"Nhà hàng và các dịch vụ ăn uống phục vụ lưu động","NganhNgheTitleAscii":"/nganh-nghe/nha-hang-va-cac-dich-vu-an-uong-phuc-vu-luu-dong","DSTags":["2400568305","Bắc Giang",null]},{"Type":11,"SolrID":"/2400566266-cong-ty-co-phan-thuoc-thu-y-vinavet","ID":0,"MaSoThue":"2400566266","NgayCap":"2011-09-26T00:00:00Z","Title":"Công Ty Cổ Phần Thuốc Thú Y Vinavet","DiaChiCongTy":"Số 220, đường Thân Nhân Trung, Phường Mỹ Độ, Thành phố  Bắc Giang, Tỉnh Bắc Giang","Created":"2015-11-09T11:34:41Z","Updated":"2020-11-03T16:45:26Z","IsDelete":false,"RequestChanged":false,"ExitsInGDT":false,"SourceID":0,"TinhThanhID":0,"TinhThanhTitle":"Bắc Giang","TinhThanhTitleAscii":"/bac-giang","QuanHuyenID":0,"NganhNgheTitle":"Sản xuất thức ăn gia súc, gia cầm và thuỷ sản","NganhNgheTitleAscii":"/nganh-nghe/san-xuat-thuc-an-gia-suc-gia-cam-va-thuy-san","DSTags":["2400566266","Bắc Giang",null]},{"Type":11,"SolrID":"/2400562455-cong-ty-tnhh-mot-thanh-vien-dau-tu-thuong-mai-thao-ngoc","ID":0,"MaSoThue":"2400562455","NgayCap":"2011-09-08T00:00:00Z","Title":"Công Ty TNHH Một Thành Viên Đầu Tư Thương Mại Thảo Ngọc","DiaChiCongTy":"Số nhà 249, khu 1, tổ 1 - Phường Mỹ Độ - Thành phố  Bắc Giang - Bắc Giang","Created":"2015-11-10T02:03:30Z","Updated":"2015-11-10T02:03:30Z","IsDelete":false,"RequestChanged":false,"ExitsInGDT":false,"SourceID":0,"TinhThanhID":0,"TinhThanhTitle":"Bắc Giang","TinhThanhTitleAscii":"/bac-giang","QuanHuyenID":0,"NganhNgheTitle":"Bán buôn thực phẩm","NganhNgheTitleAscii":"/nganh-nghe/ban-buon-thuc-pham","DSTags":["2400562455","Bắc Giang",null]},{"Type":11,"SolrID":"/0105169074-cong-ty-co-phan-newlife","ID":0,"MaSoThue":"0105169074","NgayCap":"2011-03-01T00:00:00Z","Title":"Công Ty Cổ Phần Newlife","DiaChiCongTy":"Số 152, khu số 4, đường Thân Nhân Trung - Phường Mỹ Độ - Thành phố  Bắc Giang - Bắc Giang","Created":"2015-11-09T11:42:53Z","Updated":"2015-11-09T11:42:53Z","IsDelete":false,"RequestChanged":false,"ExitsInGDT":false,"SourceID":0,"TinhThanhID":0,"TinhThanhTitle":"Bắc Giang","TinhThanhTitleAscii":"/bac-giang","QuanHuyenID":0,"NganhNgheTitle":"Xây dựng nhà các loại","NganhNgheTitleAscii":"/nganh-nghe/xay-dung-nha-cac-loai","DSTags":["0105169074","Bắc Giang",null]},{"Type":11,"SolrID":"/2400524474-cong-ty-tnhh-tm-va-dv-thanh-an-phat","ID":0,"MaSoThue":"2400524474","NgayCap":"2010-09-22T00:00:00Z","Title":"Công Ty TNHH Tm Và Dv Thành An Phát","DiaChiCongTy":"Tổ 9, khu phố 4 đường Thân Nhân Trung - Phường Mỹ Độ - Thành phố  Bắc Giang - Bắc Giang","Created":"2015-11-09T13:05:30Z","Updated":"2015-11-09T13:05:30Z","IsDelete":false,"RequestChanged":false,"ExitsInGDT":false,"SourceID":0,"TinhThanhID":0,"TinhThanhTitle":"Bắc Giang","TinhThanhTitleAscii":"/bac-giang","QuanHuyenID":0,"NganhNgheTitle":"Sản xuất bột giấy, giấy và bìa","NganhNgheTitleAscii":"/nganh-nghe/san-xuat-bot-giay-giay-va-bia","DSTags":["2400524474","Bắc Giang",null]},{"Type":11,"SolrID":"/2400518103-cong-ty-tnhh-tu-van-dau-tu-xay-dung-va-thuong-mai-3d","ID":0,"MaSoThue":"2400518103","NgayCap":"2010-07-21T00:00:00Z","Title":"Công Ty TNHH Tư Vấn Đầu Tư Xây Dựng Và Thương Mại 3d","DiaChiCongTy":"Số nhà 83, tổ 4 - Phường Mỹ Độ - Thành phố  Bắc Giang - Bắc Giang","Created":"2015-11-09T20:44:32Z","Updated":"2015-11-09T20:44:32Z","IsDelete":false,"RequestChanged":false,"ExitsInGDT":false,"SourceID":0,"TinhThanhID":0,"TinhThanhTitle":"Bắc Giang","TinhThanhTitleAscii":"/bac-giang","QuanHuyenID":0,"NganhNgheTitle":"Xây dựng nhà các loại","NganhNgheTitleAscii":"/nganh-nghe/xay-dung-nha-cac-loai","DSTags":["2400518103","Bắc Giang",null]},{"Type":11,"SolrID":"/2400512373-cong-ty-co-phan-tuan-kiet","ID":0,"MaSoThue":"2400512373","NgayCap":"2010-05-28T00:00:00Z","Title":"Công Ty Cổ Phần Tuấn Kiệt","DiaChiCongTy":"Số 194 đường Thân Nhân Trung - Phường Mỹ Độ - Thành phố  Bắc Giang - Bắc Giang","Created":"2015-11-09T18:10:53Z","Updated":"2015-11-09T18:10:53Z","IsDelete":false,"RequestChanged":false,"ExitsInGDT":false,"SourceID":0,"TinhThanhID":0,"TinhThanhTitle":"Bắc Giang","TinhThanhTitleAscii":"/bac-giang","QuanHuyenID":0,"NganhNgheTitle":"Bán buôn ô tô và xe có động cơ khác","NganhNgheTitleAscii":"/nganh-nghe/ban-buon-o-to-va-xe-co-dong-co-khac","DSTags":["2400512373","Bắc Giang",null]},{"Type":11,"SolrID":"/2400503869-cong-ty-tnhh-phat-trien-cong-nghe-quang-cao-trung-huyen","ID":0,"MaSoThue":"2400503869","NgayCap":"2010-04-29T00:00:00Z","Title":"Công ty TNHH phát triển công nghệ quảng cáo Trung Huyền","DiaChiCongTy":"đường Thân Nhân Trung - Phường Mỹ Độ - Thành phố  Bắc Giang - Bắc Giang","Created":"2015-11-08T23:50:41Z","Updated":"2015-11-08T23:50:41Z","IsDelete":false,"RequestChanged":false,"ExitsInGDT":false,"SourceID":0,"TinhThanhID":0,"TinhThanhTitle":"Bắc Giang","TinhThanhTitleAscii":"/bac-giang","QuanHuyenID":0,"NganhNgheTitle":"Bán buôn chuyên doanh khác chưa được phân vào đâu","NganhNgheTitleAscii":"/nganh-nghe/ban-buon-chuyen-doanh-khac-chua-duoc-phan-vao-dau","DSTags":["2400503869","Bắc Giang",null]},{"Type":11,"SolrID":"/2400497693-cong-ty-tnhh-mot-thanh-vien-tu-van-va-xay-dung-nam-giang","ID":0,"MaSoThue":"2400497693","NgayCap":"2010-03-17T00:00:00Z","Title":"Công ty TNHH một thành viên tư vấn và xây dựng Nam Giang","DiaChiCongTy":"số 211 đường Mỹ Độ - Phường Mỹ Độ - Thành phố  Bắc Giang - Bắc Giang","Created":"2015-11-12T12:29:10Z","Updated":"2015-11-12T12:29:10Z","IsDelete":false,"RequestChanged":false,"ExitsInGDT":false,"SourceID":0,"TinhThanhID":0,"TinhThanhTitle":"Bắc Giang","TinhThanhTitleAscii":"/bac-giang","QuanHuyenID":0,"NganhNgheTitle":"Xây dựng công trình kỹ thuật dân dụng","NganhNgheTitleAscii":"/nganh-nghe/xay-dung-cong-trinh-ky-thuat-dan-dung","DSTags":["2400497693","Bắc Giang",null]},{"Type":11,"SolrID":"/2400497622-cong-ty-tnhh-mot-thanh-vien-hoa-thuy","ID":0,"MaSoThue":"2400497622","NgayCap":"2010-03-15T00:00:00Z","Title":"Công Ty TNHH Một Thành Viên Hoa Thuỷ","DiaChiCongTy":"Lô 148 tổ 4 - Phường Mỹ Độ - Thành phố  Bắc Giang - Bắc Giang","Created":"2015-11-12T12:29:13Z","Updated":"2015-11-12T12:29:13Z","IsDelete":false,"RequestChanged":false,"ExitsInGDT":false,"SourceID":0,"TinhThanhID":0,"TinhThanhTitle":"Bắc Giang","TinhThanhTitleAscii":"/bac-giang","QuanHuyenID":0,"NganhNgheTitle":"Bán buôn vật liệu, thiết bị lắp đặt khác trong xây dựng","NganhNgheTitleAscii":"/nganh-nghe/ban-buon-vat-lieu-thiet-bi-lap-dat-khac-trong-xay-dung","DSTags":["2400497622","Bắc Giang",null]},{"Type":11,"SolrID":"/2400494011-cong-ty-tnhh-mot-thanh-vien-thuong-mai-va-dich-vu-phu-quy","ID":0,"MaSoThue":"2400494011","NgayCap":"2010-01-06T00:00:00Z","Title":"Công Ty TNHH Một Thành Viên Thương Mại Và Dịch Vụ Phú Quý","DiaChiCongTy":"Khu phố 3 - Phường Mỹ Độ - Thành phố  Bắc Giang - Bắc Giang","Created":"2015-11-09T01:14:48Z","Updated":"2015-11-09T01:14:48Z","IsDelete":false,"RequestChanged":false,"ExitsInGDT":false,"SourceID":0,"TinhThanhID":0,"TinhThanhTitle":"Bắc Giang","TinhThanhTitleAscii":"/bac-giang","QuanHuyenID":0,"NganhNgheTitle":"Sản xuất khác chưa được phân vào đâu","NganhNgheTitleAscii":"/nganh-nghe/san-xuat-khac-chua-duoc-phan-vao-dau","DSTags":["2400494011","Bắc Giang",null]},{"Type":11,"SolrID":"/0306481029-001-chi-nhanh-cong-ty-co-phan-dich-vu-mam-non-han-viet","ID":0,"MaSoThue":"0306481029-001","NgayCap":"2009-12-17T00:00:00Z","Title":"Chi nhánh công ty Cổ phần dịch vụ mầm non Hàn Việt","DiaChiCongTy":"số 319 đường Mỹ Độ, phường Mỹ Độ - Thành phố  Bắc Giang - Bắc Giang","Created":"2015-11-11T07:54:20Z","Updated":"2015-11-11T07:54:20Z","IsDelete":false,"RequestChanged":false,"ExitsInGDT":false,"SourceID":0,"TinhThanhID":0,"TinhThanhTitle":"Bắc Giang","TinhThanhTitleAscii":"/bac-giang","QuanHuyenID":0,"NganhNgheTitle":"Giáo dục mầm non","NganhNgheTitleAscii":"/nganh-nghe/giao-duc-mam-non","DSTags":["0306481029-001","Bắc Giang",null]},{"Type":11,"SolrID":"/2400490779-cong-ty-tnhh-mot-thanh-vien-phat-trien-thuong-mai-va-dich-vu-tuan-cuong","ID":0,"MaSoThue":"2400490779","NgayCap":"2009-11-16T00:00:00Z","Title":"Công Ty TNHH Một Thành Viên Phát Triển Thương Mại Và Dịch Vụ Tuấn Cường","DiaChiCongTy":"Tổ 4, đường Thân Nhân Trung - Phường Mỹ Độ - Thành phố  Bắc Giang - Bắc Giang","Created":"2015-11-12T12:32:41Z","Updated":"2015-11-12T12:32:41Z","IsDelete":false,"RequestChanged":false,"ExitsInGDT":false,"SourceID":0,"TinhThanhID":0,"TinhThanhTitle":"Bắc Giang","TinhThanhTitleAscii":"/bac-giang","QuanHuyenID":0,"NganhNgheTitle":"Hoạt động dịch vụ hỗ trợ kinh doanh khác chưa được phân vào đâu","NganhNgheTitleAscii":"/nganh-nghe/hoat-dong-dich-vu-ho-tro-kinh-doanh-khac-chua-duoc-phan-vao-dau","DSTags":["2400490779","Bắc Giang",null]},{"Type":11,"SolrID":"/2400489766-cong-ty-co-phan-dau-tu-phat-trien-giao-duc-minh-thuan","ID":0,"MaSoThue":"2400489766","NgayCap":"2009-11-04T00:00:00Z","Title":"Công ty Cổ phần đầu tư phát triển giáo dục Minh Thuận","DiaChiCongTy":"tổ 4, phường Mỹ độ - Thành phố  Bắc Giang - Bắc Giang","Created":"2015-11-12T12:33:15Z","Updated":"2015-11-12T12:33:15Z","IsDelete":false,"RequestChanged":false,"ExitsInGDT":false,"SourceID":0,"TinhThanhID":0,"TinhThanhTitle":"Bắc Giang","TinhThanhTitleAscii":"/bac-giang","QuanHuyenID":0,"NganhNgheTitle":"Giáo dục và đào tạo","NganhNgheTitleAscii":"/nganh-nghe/giao-duc-va-dao-tao-85","DSTags":["2400489766","Bắc Giang",null]},{"Type":11,"SolrID":"/2400477513-cong-ty-tnhh-lam-san-son-ha","ID":0,"MaSoThue":"2400477513","NgayCap":"2009-07-24T00:00:00Z","Title":"Công Ty TNHH Lâm Sản Sơn Hà","DiaChiCongTy":"Số nhà 46, tổ 6, khu phố 3 - Phường Mỹ Độ - Thành phố  Bắc Giang - Bắc Giang","Created":"2015-11-12T12:38:05Z","Updated":"2015-11-12T12:38:05Z","IsDelete":false,"RequestChanged":false,"ExitsInGDT":false,"SourceID":0,"TinhThanhID":0,"TinhThanhTitle":"Bắc Giang","TinhThanhTitleAscii":"/bac-giang","QuanHuyenID":0,"NganhNgheTitle":"Khai thác lâm sản khác trừ gỗ","NganhNgheTitleAscii":"/nganh-nghe/khai-thac-lam-san-khac-tru-go","DSTags":["2400477513","Bắc Giang",null]},{"Type":11,"SolrID":"/2400472089-truong-trung-hoc-co-so-my-do","ID":0,"MaSoThue":"2400472089","NgayCap":"2009-07-13T00:00:00Z","Title":"Trường trung học cơ sở Mỹ Độ","DiaChiCongTy":"Khu phố 4 - Phường  Mỹ Độ - Thành phố  Bắc Giang - Bắc Giang","Created":"2015-11-16T11:40:31Z","Updated":"2015-11-16T11:40:31Z","IsDelete":false,"RequestChanged":false,"ExitsInGDT":false,"SourceID":0,"TinhThanhID":0,"TinhThanhTitle":"Bắc Giang","TinhThanhTitleAscii":"/bac-giang","QuanHuyenID":0,"NganhNgheTitle":"Giáo dục trung học cơ sở và trung học phổ thông","NganhNgheTitleAscii":"/nganh-nghe/giao-duc-trung-hoc-co-so-va-trung-hoc-pho-thong","DSTags":["2400472089","Bắc Giang",null]},{"Type":11,"SolrID":"/2400471180-truong-mam-non-my-do","ID":0,"MaSoThue":"2400471180","NgayCap":"2009-07-13T00:00:00Z","Title":"Trường mầm non Mỹ Độ","DiaChiCongTy":"Tổ 1 - Phường Mỹ Độ - Thành phố  Bắc Giang - Bắc Giang","Created":"2015-11-16T11:40:43Z","Updated":"2015-11-16T11:40:43Z","IsDelete":false,"RequestChanged":false,"ExitsInGDT":false,"SourceID":0,"TinhThanhID":0,"TinhThanhTitle":"Bắc Giang","TinhThanhTitleAscii":"/bac-giang","QuanHuyenID":0,"NganhNgheTitle":"Giáo dục mầm non","NganhNgheTitleAscii":"/nganh-nghe/giao-duc-mam-non","DSTags":["2400471180","Bắc Giang",null]},{"Type":11,"SolrID":"/2400471303-truong-tieu-hoc-minh-khai","ID":0,"MaSoThue":"2400471303","NgayCap":"2009-07-13T00:00:00Z","Title":"Trường tiểu học Minh Khai","DiaChiCongTy":"Cụm 4 - Phường Mỹ Độ - Thành phố  Bắc Giang - Bắc Giang","Created":"2015-11-16T11:40:51Z","Updated":"2015-11-16T11:40:51Z","IsDelete":false,"RequestChanged":false,"ExitsInGDT":false,"SourceID":0,"TinhThanhID":0,"TinhThanhTitle":"Bắc Giang","TinhThanhTitleAscii":"/bac-giang","QuanHuyenID":0,"NganhNgheTitle":"Giáo dục tiểu học","NganhNgheTitleAscii":"/nganh-nghe/giao-duc-tieu-hoc","DSTags":["2400471303","Bắc Giang",null]},{"Type":11,"SolrID":"/2400467466-cong-ty-co-phan-san-xuat-va-xuat-nhap-khau-vat-lieu-xay-dung-vinh-cuu","ID":0,"MaSoThue":"2400467466","NgayCap":"2009-06-29T00:00:00Z","Title":"Công Ty Cổ Phần Sản Xuất Và Xuất Nhập Khẩu Vật Liệu Xây Dựng Vĩnh Cửu","DiaChiCongTy":"Tổ 1, khu phố I - Phường Mỹ Độ - Thành phố  Bắc Giang - Bắc Giang","Created":"2015-11-11T07:17:08Z","Updated":"2015-11-11T07:17:08Z","IsDelete":false,"RequestChanged":false,"ExitsInGDT":false,"SourceID":0,"TinhThanhID":0,"TinhThanhTitle":"Bắc Giang","TinhThanhTitleAscii":"/bac-giang","QuanHuyenID":0,"NganhNgheTitle":"Sản xuất vật liệu xây dựng từ đất sét","NganhNgheTitleAscii":"/nganh-nghe/san-xuat-vat-lieu-xay-dung-tu-dat-set","DSTags":["2400467466","Bắc Giang",null]},{"Type":11,"SolrID":"/2400453632-cong-ty-cp-san-xuat-va-thuong-mai-quang-phu","ID":0,"MaSoThue":"2400453632","NgayCap":"2009-05-20T00:00:00Z","Title":"Công Ty CP Sản Xuất Và Thương Mại Quang Phú","DiaChiCongTy":"Tổ 6, khu phố 3 - Phường Mỹ Độ - Thành phố  Bắc Giang - Bắc Giang","Created":"2015-11-09T02:58:04Z","Updated":"2015-11-09T02:58:04Z","IsDelete":false,"RequestChanged":false,"ExitsInGDT":false,"SourceID":0,"TinhThanhID":0,"TinhThanhTitle":"Bắc Giang","TinhThanhTitleAscii":"/bac-giang","QuanHuyenID":0,"NganhNgheTitle":"Xây dựng công trình kỹ thuật dân dụng","NganhNgheTitleAscii":"/nganh-nghe/xay-dung-cong-trinh-ky-thuat-dan-dung","DSTags":["2400453632","Bắc Giang",null]},{"Type":11,"SolrID":"/2400425561-cong-ty-tnhh-mot-thanh-vien-trung-phong","ID":0,"MaSoThue":"2400425561","NgayCap":"2009-01-05T00:00:00Z","Title":"Công ty TNHH một thành viên Trung Phong","DiaChiCongTy":"số 134 tổ 3, phường Mỹ độ - Thành phố  Bắc Giang - Bắc Giang","Created":"2015-11-12T12:50:55Z","Updated":"2015-11-12T12:50:55Z","IsDelete":false,"RequestChanged":false,"ExitsInGDT":false,"SourceID":0,"TinhThanhID":0,"TinhThanhTitle":"Bắc Giang","TinhThanhTitleAscii":"/bac-giang","QuanHuyenID":0,"NganhNgheTitle":"Bán buôn nông, lâm sản nguyên liệu (trừ gỗ, tre, nứa) và động vật sống","NganhNgheTitleAscii":"/nganh-nghe/ban-buon-nong-lam-san-nguyen-lieu-tru-go-tre-nua-va-dong-vat-song","DSTags":["2400425561","Bắc Giang",null]},{"Type":11,"SolrID":"/2400423317-cong-ty-tnhh-mot-thanh-vien-huu-hung","ID":0,"MaSoThue":"2400423317","NgayCap":"2008-12-22T00:00:00Z","Title":"Công Ty TNHH Một Thành Viên Hữu Hùng","DiaChiCongTy":"Lô 29 khu C - khu phố 4 Đường Thân Nhân Trung - Phường Mỹ Độ - Thành phố  Bắc Giang - Bắc Giang","Created":"2015-11-10T02:03:26Z","Updated":"2015-11-10T02:03:26Z","IsDelete":false,"RequestChanged":false,"ExitsInGDT":false,"SourceID":0,"TinhThanhID":0,"TinhThanhTitle":"Bắc Giang","TinhThanhTitleAscii":"/bac-giang","QuanHuyenID":0,"NganhNgheTitle":"Bán buôn đồ dùng khác cho gia đình","NganhNgheTitleAscii":"/nganh-nghe/ban-buon-do-dung-khac-cho-gia-dinh","DSTags":["2400423317","Bắc Giang",null]},{"Type":11,"SolrID":"/2400412770-cong-ty-tnhh-hoa-hien","ID":0,"MaSoThue":"2400412770","NgayCap":"2008-11-19T00:00:00Z","Title":"Công ty TNHH Hòa Hiên","DiaChiCongTy":"Số 247 - Mỹ độ - Phường  Mỹ độ - Thành phố  Bắc Giang - Bắc Giang","Created":"2015-11-12T12:58:50Z","Updated":"2015-11-12T12:58:50Z","IsDelete":false,"RequestChanged":false,"ExitsInGDT":false,"SourceID":0,"TinhThanhID":0,"TinhThanhTitle":"Bắc Giang","TinhThanhTitleAscii":"/bac-giang","QuanHuyenID":0,"NganhNgheTitle":"Bán buôn kim loại và quặng kim loại","NganhNgheTitleAscii":"/nganh-nghe/ban-buon-kim-loai-va-quang-kim-loai","DSTags":["2400412770","Bắc Giang",null]},{"Type":11,"SolrID":"/2400403222-cong-ty-tnhh-thuong-mai-uyen-cuong","ID":0,"MaSoThue":"2400403222","NgayCap":"2008-06-20T00:00:00Z","Title":"Công Ty TNHH Thương Mại Uyên Cường","DiaChiCongTy":"Lô C3.10 - Đường Thân Nhân Trung - Phường Mỹ Độ - Thành phố  Bắc Giang - Bắc Giang","Created":"2015-11-11T10:05:08Z","Updated":"2015-11-11T10:05:08Z","IsDelete":false,"RequestChanged":false,"ExitsInGDT":false,"SourceID":0,"TinhThanhID":0,"TinhThanhTitle":"Bắc Giang","TinhThanhTitleAscii":"/bac-giang","QuanHuyenID":0,"NganhNgheTitle":"Bán buôn vật liệu, thiết bị lắp đặt khác trong xây dựng","NganhNgheTitleAscii":"/nganh-nghe/ban-buon-vat-lieu-thiet-bi-lap-dat-khac-trong-xay-dung","DSTags":["2400403222","Bắc Giang",null]},{"Type":11,"SolrID":"/2400392161-cong-ty-tnhh-mot-thanh-vien-khanh-an","ID":0,"MaSoThue":"2400392161","NgayCap":"2007-12-31T00:00:00Z","Title":"Công ty TNHH một thành viên Khánh An","DiaChiCongTy":"Tổ 9, khu phố 4, Phường  Mỹ độ - Thành phố  Bắc Giang - Bắc Giang","Created":"2015-11-12T12:30:54Z","Updated":"2015-11-12T12:30:54Z","IsDelete":false,"RequestChanged":false,"ExitsInGDT":false,"SourceID":0,"TinhThanhID":0,"TinhThanhTitle":"Bắc Giang","TinhThanhTitleAscii":"/bac-giang","QuanHuyenID":0,"NganhNgheTitle":"Viễn thông","NganhNgheTitleAscii":"/nganh-nghe/vien-thong","DSTags":["2400392161","Bắc Giang",null]},{"Type":11,"SolrID":"/2400379354-cong-ty-tnhh-nhung-trieu","ID":0,"MaSoThue":"2400379354","NgayCap":"2007-07-20T00:00:00Z","Title":"Công Ty TNHH Nhung Triệu","DiaChiCongTy":"Số 160 đường Mỹ Độ - Phường Mỹ Độ - Thành phố  Bắc Giang - Bắc Giang","Created":"2015-11-09T01:08:55Z","Updated":"2015-11-09T01:08:55Z","IsDelete":false,"RequestChanged":false,"ExitsInGDT":false,"SourceID":0,"TinhThanhID":0,"TinhThanhTitle":"Bắc Giang","TinhThanhTitleAscii":"/bac-giang","QuanHuyenID":0,"NganhNgheTitle":"Bán buôn gạo","NganhNgheTitleAscii":"/nganh-nghe/ban-buon-gao","DSTags":["2400379354","Bắc Giang",null]},{"Type":11,"SolrID":"/2300247629-001-chi-nhanh-cong-ty-trung-phong-tnhh","ID":0,"MaSoThue":"2300247629-001","NgayCap":"2007-06-29T00:00:00Z","Title":"Chi nhánh công ty Trung Phong (TNHH)","DiaChiCongTy":"số 134 tổ 7, khu phố 3, phường Mỹ Độ - Thành phố  Bắc Giang - Bắc Giang","Created":"2015-11-19T05:50:29Z","Updated":"2015-11-19T05:50:29Z","IsDelete":false,"RequestChanged":false,"ExitsInGDT":false,"SourceID":0,"TinhThanhID":0,"TinhThanhTitle":"Bắc Giang","TinhThanhTitleAscii":"/bac-giang","QuanHuyenID":0,"NganhNgheTitle":"Sản xuất sản phẩm khác từ gỗ; sản xuất sản phẩm từ tre, nứa, rơm, rạ và vật liệu tết bện","NganhNgheTitleAscii":"/nganh-nghe/san-xuat-san-pham-khac-tu-go-san-xuat-san-pham-tu-tre-nua-rom-ra-va-vat-lieu-tet-ben","DSTags":["2300247629-001","Bắc Giang",null]},{"Type":11,"SolrID":"/2400373419-cong-ty-tnhh-thuong-mai-phuong-vuong","ID":0,"MaSoThue":"2400373419","NgayCap":"2007-03-23T00:00:00Z","Title":"Công Ty TNHH Thương Mại Phương Vượng","DiaChiCongTy":"Số 55 đường Mỹ Độ - Phường Mỹ Độ - Thành phố  Bắc Giang - Bắc Giang","Created":"2015-11-09T14:49:09Z","Updated":"2015-11-09T14:49:09Z","IsDelete":false,"RequestChanged":false,"ExitsInGDT":false,"SourceID":0,"TinhThanhID":0,"TinhThanhTitle":"Bắc Giang","TinhThanhTitleAscii":"/bac-giang","QuanHuyenID":0,"NganhNgheTitle":"Bán buôn vật liệu, thiết bị lắp đặt khác trong xây dựng","NganhNgheTitleAscii":"/nganh-nghe/ban-buon-vat-lieu-thiet-bi-lap-dat-khac-trong-xay-dung","DSTags":["2400373419","Bắc Giang",null]},{"Type":11,"SolrID":"/0101221703-001-cn-cong-ty-tnhh-dau-tu-dong-luc-tai-bac-giang","ID":0,"MaSoThue":"0101221703-001","NgayCap":"2007-01-19T00:00:00Z","Title":"CN công ty TNHH đầu tư Đồng Lực tại Bắc Giang","DiaChiCongTy":"Tổ 8 khu phố 4 phường Mỹ Độ - Thành phố  Bắc Giang - Bắc Giang","Created":"2015-11-19T00:28:05Z","Updated":"2015-11-19T00:28:05Z","IsDelete":false,"RequestChanged":false,"ExitsInGDT":false,"SourceID":0,"TinhThanhID":0,"TinhThanhTitle":"Bắc Giang","TinhThanhTitleAscii":"/bac-giang","QuanHuyenID":0,"NganhNgheTitle":"Xây dựng công trình kỹ thuật dân dụng","NganhNgheTitleAscii":"/nganh-nghe/xay-dung-cong-trinh-ky-thuat-dan-dung","DSTags":["0101221703-001","Bắc Giang",null]},{"Type":11,"SolrID":"/2400358964-cong-ty-cp-xay-dung-truong-son-viet-nam","ID":0,"MaSoThue":"2400358964","NgayCap":"2006-06-16T00:00:00Z","Title":"Công Ty CP Xây Dựng Trường Sơn Việt Nam","DiaChiCongTy":"Số 8, tổ 3 - Phường Mỹ Độ - Thành phố  Bắc Giang - Bắc Giang","Created":"2015-11-11T08:09:42Z","Updated":"2015-11-11T08:09:42Z","IsDelete":false,"RequestChanged":false,"ExitsInGDT":false,"SourceID":0,"TinhThanhID":0,"TinhThanhTitle":"Bắc Giang","TinhThanhTitleAscii":"/bac-giang","QuanHuyenID":0,"NganhNgheTitle":"Xây dựng nhà các loại","NganhNgheTitleAscii":"/nganh-nghe/xay-dung-nha-cac-loai","DSTags":["2400358964","Bắc Giang",null]},{"Type":11,"SolrID":"/2400336897-cong-ty-tnhh-xay-dung-va-thuong-mai-bao-lam","ID":0,"MaSoThue":"2400336897","NgayCap":"2005-10-26T00:00:00Z","Title":"Công Ty TNHH Xây Dựng Và Thương Mại Bảo Lâm","DiaChiCongTy":"162 đường Sông Thương - Phường Mỹ Độ - Thành phố  Bắc Giang - Bắc Giang","Created":"2015-11-09T04:26:58Z","Updated":"2015-11-09T04:26:58Z","IsDelete":false,"RequestChanged":false,"ExitsInGDT":false,"SourceID":0,"TinhThanhID":0,"TinhThanhTitle":"Bắc Giang","TinhThanhTitleAscii":"/bac-giang","QuanHuyenID":0,"NganhNgheTitle":"Xây dựng nhà các loại","NganhNgheTitleAscii":"/nganh-nghe/xay-dung-nha-cac-loai","DSTags":["2400336897","Bắc Giang",null]},{"Type":11,"SolrID":"/2400329787-cong-ty-tnhh-minh-anh","ID":0,"MaSoThue":"2400329787","NgayCap":"2004-08-18T00:00:00Z","Title":"Công ty TNHH Minh Anh","DiaChiCongTy":"23 Mỹ Độ phường Mỹ Độ - Thành phố  Bắc Giang - Bắc Giang","Created":"2015-11-09T09:56:57Z","Updated":"2015-11-09T09:56:57Z","IsDelete":false,"RequestChanged":false,"ExitsInGDT":false,"SourceID":0,"TinhThanhID":0,"TinhThanhTitle":"Bắc Giang","TinhThanhTitleAscii":"/bac-giang","QuanHuyenID":0,"NganhNgheTitle":"Bán lẻ hàng hóa khác trong các cửa hàng chuyên doanh","NganhNgheTitleAscii":"/nganh-nghe/ban-le-hang-hoa-khac-trong-cac-cua-hang-chuyen-doanh","DSTags":["2400329787","Bắc Giang",null]},{"Type":11,"SolrID":"/2400327701-cong-ty-tnhh-phuong-nam","ID":0,"MaSoThue":"2400327701","NgayCap":"2004-07-29T00:00:00Z","Title":"Công Ty TNHH Phương Nam","DiaChiCongTy":"Lô CC3.10, đường Thân Nhân Trung - Phường Mỹ Độ - Thành phố  Bắc Giang - Bắc Giang","Created":"2015-11-12T12:49:47Z","Updated":"2015-11-12T12:49:47Z","IsDelete":false,"RequestChanged":false,"ExitsInGDT":false,"SourceID":0,"TinhThanhID":0,"TinhThanhTitle":"Bắc Giang","TinhThanhTitleAscii":"/bac-giang","QuanHuyenID":0,"NganhNgheTitle":"Xây dựng nhà các loại","NganhNgheTitleAscii":"/nganh-nghe/xay-dung-nha-cac-loai","DSTags":["2400327701","Bắc Giang",null]},{"Type":11,"SolrID":"/2400295055-cong-ty-tnhh-xay-dung-469","ID":0,"MaSoThue":"2400295055","NgayCap":"2003-11-07T00:00:00Z","Title":"Công Ty TNHH Xây Dựng 469","DiaChiCongTy":"Số 14, cụm 3 - Phường Mỹ Độ - Thành phố  Bắc Giang - Bắc Giang","Created":"2015-11-09T02:54:59Z","Updated":"2015-11-09T02:54:59Z","IsDelete":false,"RequestChanged":false,"ExitsInGDT":false,"SourceID":0,"TinhThanhID":0,"TinhThanhTitle":"Bắc Giang","TinhThanhTitleAscii":"/bac-giang","QuanHuyenID":0,"NganhNgheTitle":"Xây dựng công trình kỹ thuật dân dụng","NganhNgheTitleAscii":"/nganh-nghe/xay-dung-cong-trinh-ky-thuat-dan-dung","DSTags":["2400295055","Bắc Giang",null]},{"Type":11,"SolrID":"/2400287047-cong-ty-cp-giay-xuat-khau-bac-giang","ID":0,"MaSoThue":"2400287047","NgayCap":"2002-05-24T00:00:00Z","Title":"Công Ty CP Giấy Xuất Khẩu Bắc Giang.","DiaChiCongTy":"phường Mỹ Độ - Phường Mỹ Độ - Thành phố  Bắc Giang - Bắc Giang","Created":"2015-11-12T12:34:01Z","Updated":"2015-11-12T12:34:01Z","IsDelete":false,"RequestChanged":false,"ExitsInGDT":false,"SourceID":0,"TinhThanhID":0,"TinhThanhTitle":"Bắc Giang","TinhThanhTitleAscii":"/bac-giang","QuanHuyenID":0,"NganhNgheTitle":"Sản xuất bột giấy, giấy và bìa","NganhNgheTitleAscii":"/nganh-nghe/san-xuat-bot-giay-giay-va-bia","DSTags":["2400287047","Bắc Giang",null]},{"Type":11,"SolrID":"/2400120030-006-xi-nghiep-thiet-ke-va-phuc-vu-trong-rung-thuoc-cong-ty-tnhh-mot-thanh-vien-lam-nghiep-dong-bac","ID":0,"MaSoThue":"2400120030-006","NgayCap":"1998-09-01T00:00:00Z","Title":"Xí nghiệp Thiết kế và phục vụ trồng rừng - thuộc Công ty TNHH Một thành viên Lâm nghiệp Đông Bắc","DiaChiCongTy":"Tổ 14 phường Mỹ Độ - Thành phố  Bắc Giang - Bắc Giang","Created":"2015-11-17T22:17:25Z","Updated":"2015-11-17T22:17:25Z","IsDelete":false,"RequestChanged":false,"ExitsInGDT":false,"SourceID":0,"TinhThanhID":0,"TinhThanhTitle":"Bắc Giang","TinhThanhTitleAscii":"/bac-giang","QuanHuyenID":0,"NganhNgheTitle":"Lâm nghiệp và hoạt động dịch vụ có liên quan","NganhNgheTitleAscii":"/nganh-nghe/lam-nghiep-va-hoat-dong-dich-vu-co-lien-quan","DSTags":["2400120030-006","Bắc Giang",null]},{"Type":11,"SolrID":"/2400145204-cong-ty-tnhh-lam-san-viet-nam-newzealand","ID":0,"MaSoThue":"2400145204","NgayCap":"1998-08-31T00:00:00Z","Title":"Công Ty TNHH Lâm Sản Việt Nam - Newzealand","DiaChiCongTy":"Tổ 6, khu phố 3 - Phường Mỹ Độ - Thành phố  Bắc Giang - Bắc Giang","Created":"2015-11-12T12:43:29Z","Updated":"2015-11-12T12:43:29Z","IsDelete":false,"RequestChanged":false,"ExitsInGDT":false,"SourceID":0,"TinhThanhID":0,"TinhThanhTitle":"Bắc Giang","TinhThanhTitleAscii":"/bac-giang","QuanHuyenID":0,"NganhNgheTitle":"Sản xuất sản phẩm khác từ gỗ; sản xuất sản phẩm từ tre, nứa, rơm, rạ và vật liệu tết bện","NganhNgheTitleAscii":"/nganh-nghe/san-xuat-san-pham-khac-tu-go-san-xuat-san-pham-tu-tre-nua-rom-ra-va-vat-lieu-tet-ben","DSTags":["2400145204","Bắc Giang",null]},{"Type":11,"SolrID":"/2400125014-cong-ty-giay-xk-bac-giang","ID":0,"MaSoThue":"2400125014","NgayCap":"1998-08-29T00:00:00Z","Title":"Công ty giấy XK Bắc Giang","DiaChiCongTy":"Phường Mỹ Độ - Thành phố  Bắc Giang - Bắc Giang","Created":"2015-11-12T12:51:27Z","Updated":"2015-11-12T12:51:27Z","IsDelete":false,"RequestChanged":false,"ExitsInGDT":false,"SourceID":0,"TinhThanhID":0,"TinhThanhTitle":"Bắc Giang","TinhThanhTitleAscii":"/bac-giang","QuanHuyenID":0,"NganhNgheTitle":"Sản xuất các sản phẩm khác từ giấy và bìa chưa được phân vào đâu","NganhNgheTitleAscii":"/nganh-nghe/san-xuat-cac-san-pham-khac-tu-giay-va-bia-chua-duoc-phan-vao-dau","DSTags":["2400125014","Bắc Giang",null]}]}