{"ID":15938,"SolrID":"/bac-giang/thanh-pho-bac-giang/phuong-tranu","Title":"Phường Trầnú","TinhThanhTitle":"Bắc Giang","QuanHuyenTitle":"Thành Phố  Bắc Giang","QuanHuyenID":180,"TinhThanhID":54,"Url":"https://thongtindoanhnghiep.co/api/company?l=/bac-giang/thanh-pho-bac-giang/phuong-tranu","Total":1,"List":[{"Type":11,"SolrID":"/2400360071-cong-ty-tnhh-thuong-mai-hung-hoa","ID":0,"MaSoThue":"2400360071","NgayCap":"2006-06-20T00:00:00Z","Title":"Công ty TNHH thương mại Hùng Hoa","DiaChiCongTy":"Quầy số 10 - Khách sạn du lịch - Đ. Nguyễn Văn Cừ - Phường  Trầnú - Thành phố  Bắc Giang - Bắc Giang","Created":"2015-11-12T12:41:26Z","Updated":"2015-11-12T12:41:26Z","IsDelete":false,"RequestChanged":false,"ExitsInGDT":false,"SourceID":0,"TinhThanhID":0,"TinhThanhTitle":"Bắc Giang","TinhThanhTitleAscii":"/bac-giang","QuanHuyenID":0,"NganhNgheTitle":"Bán buôn đồ dùng khác cho gia đình","NganhNgheTitleAscii":"/nganh-nghe/ban-buon-do-dung-khac-cho-gia-dinh","DSTags":["2400360071","Bắc Giang",null]}]}