{"ID":15940,"SolrID":"/bac-giang/thanh-pho-bac-giang/phuong-tran-pgu","Title":"Phường Trần Pgú","TinhThanhTitle":"Bắc Giang","QuanHuyenTitle":"Thành Phố  Bắc Giang","QuanHuyenID":180,"TinhThanhID":54,"Url":"https://thongtindoanhnghiep.co/api/company?l=/bac-giang/thanh-pho-bac-giang/phuong-tran-pgu","Total":1,"List":[{"Type":11,"SolrID":"/2400468678-cong-ty-tnhh-mot-thanh-vien-tai-thu","ID":0,"MaSoThue":"2400468678","NgayCap":"2009-07-01T00:00:00Z","Title":"Công ty TNHH một thành viên Tài Thu","DiaChiCongTy":"số 09 phố Quang Trung, phường Trần Pgú - Thành phố  Bắc Giang - Bắc Giang","Created":"2015-11-12T12:40:17Z","Updated":"2015-11-12T12:40:17Z","IsDelete":false,"RequestChanged":false,"ExitsInGDT":false,"SourceID":0,"TinhThanhID":0,"TinhThanhTitle":"Bắc Giang","TinhThanhTitleAscii":"/bac-giang","QuanHuyenID":0,"NganhNgheTitle":"Bán buôn chuyên doanh khác","NganhNgheTitleAscii":"/nganh-nghe/ban-buon-chuyen-doanh-khac","DSTags":["2400468678","Bắc Giang",null]}]}