{"ID":1938,"SolrID":"/bac-giang/thanh-pho-bac-giang/phuong-da-mai","Title":"Phường Đa Mai","TinhThanhTitle":"Bắc Giang","QuanHuyenTitle":"Thành Phố  Bắc Giang","QuanHuyenID":180,"TinhThanhID":54,"Url":"https://thongtindoanhnghiep.co/api/company?l=/bac-giang/thanh-pho-bac-giang/phuong-da-mai","Total":48,"List":[{"Type":11,"SolrID":"/2400918782-cong-ty-co-phan-khi-cong-nghiep-thanh-hang","ID":0,"MaSoThue":"2400918782","NgayCap":"2021-09-01T00:00:00Z","Title":"Công Ty Cổ Phần Khí Công Nghiệp Thanh Hằng","DiaChiCongTy":"Số 190B, Đường Hoàng Hoa Thám, Phường Đa Mai, Thành phố  Bắc Giang, Tỉnh Bắc Giang","Created":"2021-09-01T12:35:55Z","Updated":"2021-09-01T12:35:55Z","IsDelete":false,"RequestChanged":false,"ExitsInGDT":false,"SourceID":0,"TinhThanhID":0,"TinhThanhTitle":"Bắc Giang","TinhThanhTitleAscii":"/bac-giang","QuanHuyenID":0,"NganhNgheTitle":"Bán buôn chuyên doanh khác chưa được phân vào đâu","NganhNgheTitleAscii":"/nganh-nghe/ban-buon-chuyen-doanh-khac-chua-duoc-phan-vao-dau","DSTags":["2400918782","Bắc Giang",null]},{"Type":11,"SolrID":"/2400915326-cong-ty-co-phan-duoc-pham-fullen-pharma","ID":0,"MaSoThue":"2400915326","NgayCap":"2021-07-26T00:00:00Z","Title":"Công Ty Cổ Phần  Dược Phẩm Fullen Pharma","DiaChiCongTy":"Số 164 đường Hoàng Hoa Thám , Phường Đa Mai, Thành phố  Bắc Giang, Tỉnh Bắc Giang","Created":"2021-07-26T16:37:07Z","Updated":"2021-07-26T16:37:07Z","IsDelete":false,"RequestChanged":false,"ExitsInGDT":false,"SourceID":0,"TinhThanhID":0,"TinhThanhTitle":"Bắc Giang","TinhThanhTitleAscii":"/bac-giang","QuanHuyenID":0,"NganhNgheTitle":"Bán lẻ thuốc, dụng cụ y tế, mỹ phẩm và vật phẩm vệ sinh trong các cửa hàng chuyên doanh","NganhNgheTitleAscii":"/nganh-nghe/ban-le-thuoc-dung-cu-y-te-my-pham-va-vat-pham-ve-sinh-trong-cac-cua-hang-chuyen-doanh","DSTags":["2400915326","Bắc Giang",null]},{"Type":11,"SolrID":"/2400910134-cong-ty-tnhh-cmc-car-services","ID":0,"MaSoThue":"2400910134","NgayCap":"2021-04-20T00:00:00Z","Title":"Công Ty TNHH Cmc Car-services","DiaChiCongTy":"Km số 2, quốc lộ 17, đường Hoàng Hoa Thám, Phường Đa Mai, Thành phố  Bắc Giang, Tỉnh Bắc Giang","Created":"2021-04-20T18:36:06Z","Updated":"2021-04-20T18:36:06Z","IsDelete":false,"RequestChanged":false,"ExitsInGDT":false,"SourceID":0,"TinhThanhID":0,"TinhThanhTitle":"Bắc Giang","TinhThanhTitleAscii":"/bac-giang","QuanHuyenID":0,"NganhNgheTitle":"Bảo dưỡng, sửa chữa ô tô và xe có động cơ khác","NganhNgheTitleAscii":"/nganh-nghe/bao-duong-sua-chua-o-to-va-xe-co-dong-co-khac","DSTags":["2400910134","Bắc Giang",null]},{"Type":11,"SolrID":"/2400909668-cong-ty-tnhh-tm-dv-hoan-ha","ID":0,"MaSoThue":"2400909668","NgayCap":"2021-04-15T00:00:00Z","Title":"Công Ty TNHH Tm & Dv Hoàn Hà","DiaChiCongTy":"Số 457-459 đường Hoàng Hoa Thám, Phường Đa Mai, Thành phố  Bắc Giang, Tỉnh Bắc Giang","Created":"2021-04-15T17:36:27Z","Updated":"2021-04-15T17:36:27Z","IsDelete":false,"RequestChanged":false,"ExitsInGDT":false,"SourceID":0,"TinhThanhID":0,"TinhThanhTitle":"Bắc Giang","TinhThanhTitleAscii":"/bac-giang","QuanHuyenID":0,"NganhNgheTitle":"Bán buôn đồ uống","NganhNgheTitleAscii":"/nganh-nghe/ban-buon-do-uong","DSTags":["2400909668","Bắc Giang",null]},{"Type":11,"SolrID":"/2400908375-cong-ty-tnhh-xay-dung-phu-truong-vinh","ID":0,"MaSoThue":"2400908375","NgayCap":"2021-03-31T00:00:00Z","Title":"Công Ty TNHH Xây Dựng Phú Trường Vinh","DiaChiCongTy":"Tổ dân phố Tân Mai, Phường Đa Mai, Thành phố  Bắc Giang, Tỉnh Bắc Giang","Created":"2021-03-31T16:38:11Z","Updated":"2021-03-31T16:38:11Z","IsDelete":false,"RequestChanged":false,"ExitsInGDT":false,"SourceID":0,"TinhThanhID":0,"TinhThanhTitle":"Bắc Giang","TinhThanhTitleAscii":"/bac-giang","QuanHuyenID":0,"NganhNgheTitle":"Hoạt động kiến trúc và tư vấn kỹ thuật có liên quan","NganhNgheTitleAscii":"/nganh-nghe/hoat-dong-kien-truc-va-tu-van-ky-thuat-co-lien-quan","DSTags":["2400908375","Bắc Giang",null]},{"Type":11,"SolrID":"/2400906018-cong-ty-tnhh-tmdv-minh-phuc","ID":0,"MaSoThue":"2400906018","NgayCap":"2021-03-03T00:00:00Z","Title":"Công Ty TNHH Tmdv Minh Phúc","DiaChiCongTy":"Số 33-35, Tổ dân phố Mai Sẫu, Phường Đa Mai, Thành phố  Bắc Giang, Tỉnh Bắc Giang","Created":"2021-03-03T16:36:30Z","Updated":"2021-03-03T16:36:30Z","IsDelete":false,"RequestChanged":false,"ExitsInGDT":false,"SourceID":0,"TinhThanhID":0,"TinhThanhTitle":"Bắc Giang","TinhThanhTitleAscii":"/bac-giang","QuanHuyenID":0,"NganhNgheTitle":"Nhà hàng và các dịch vụ ăn uống phục vụ lưu động","NganhNgheTitleAscii":"/nganh-nghe/nha-hang-va-cac-dich-vu-an-uong-phuc-vu-luu-dong","DSTags":["2400906018","Bắc Giang",null]},{"Type":11,"SolrID":"/2400839065-cong-ty-tnhh-vat-lieu-xay-dung-va-thuong-mai-bao-tien","ID":0,"MaSoThue":"2400839065","NgayCap":"2018-05-16T00:00:00Z","Title":"Công Ty TNHH Vật Liệu Xây Dựng Và Thương Mại Bảo Tiến","DiaChiCongTy":"Số 493 đường Hoàng Hoa Thám, Phường Đa Mai, Thành phố  Bắc Giang, Tỉnh Bắc Giang","Created":"2018-05-16T17:39:29Z","Updated":"2018-05-16T17:39:29Z","IsDelete":false,"RequestChanged":false,"ExitsInGDT":false,"SourceID":0,"TinhThanhID":0,"TinhThanhTitle":"Bắc Giang","TinhThanhTitleAscii":"/bac-giang","QuanHuyenID":0,"NganhNgheTitle":"Bán buôn vật liệu, thiết bị lắp đặt khác trong xây dựng","NganhNgheTitleAscii":"/nganh-nghe/ban-buon-vat-lieu-thiet-bi-lap-dat-khac-trong-xay-dung","DSTags":["2400839065","Bắc Giang",null]},{"Type":11,"SolrID":"/2400834606-cong-ty-tnhh-gia-thanh-plastic","ID":0,"MaSoThue":"2400834606","NgayCap":"2018-03-21T00:00:00Z","Title":"Công Ty TNHH Gia Thành Plastic","DiaChiCongTy":"Lô 01 đường Lương Văn Can, Phường Đa Mai, Thành phố  Bắc Giang, Tỉnh Bắc Giang","Created":"2018-03-21T17:41:19Z","Updated":"2018-03-21T17:41:19Z","IsDelete":false,"RequestChanged":false,"ExitsInGDT":false,"SourceID":0,"TinhThanhID":0,"TinhThanhTitle":"Bắc Giang","TinhThanhTitleAscii":"/bac-giang","QuanHuyenID":0,"NganhNgheTitle":"Sản xuất các cấu kiện kim loại","NganhNgheTitleAscii":"/nganh-nghe/san-xuat-cac-cau-kien-kim-loai","DSTags":["2400834606","Bắc Giang",null]},{"Type":11,"SolrID":"/2400834317-cong-ty-tnhh-phat-trien-trung-hop-duc-tan","ID":0,"MaSoThue":"2400834317","NgayCap":"2018-03-20T00:00:00Z","Title":"Công Ty TNHH Phát Triển Trung Hợp Đức Tân","DiaChiCongTy":"Số nhà 145, đường Hoàng Hoa Thám, tổ dân phố Tân Thành, Phường Đa Mai, Thành phố  Bắc Giang, Tỉnh Bắc Giang","Created":"2018-03-20T15:05:25Z","Updated":"2018-03-20T15:05:25Z","IsDelete":false,"RequestChanged":false,"ExitsInGDT":false,"SourceID":0,"TinhThanhID":0,"TinhThanhTitle":"Bắc Giang","TinhThanhTitleAscii":"/bac-giang","QuanHuyenID":0,"NganhNgheTitle":"Bán buôn thực phẩm","NganhNgheTitleAscii":"/nganh-nghe/ban-buon-thuc-pham","DSTags":["2400834317","Bắc Giang",null]},{"Type":11,"SolrID":"/2400833602-cong-ty-tnhh-p-m-p-usa","ID":0,"MaSoThue":"2400833602","NgayCap":"2018-03-14T00:00:00Z","Title":"Công Ty TNHH P.m.p Usa","DiaChiCongTy":"Lô số 9-10 LK5, Khu Đồng Dộc Phóng, Phường Đa Mai, Thành phố  Bắc Giang, Tỉnh Bắc Giang","Created":"2018-03-14T15:42:01Z","Updated":"2018-03-14T15:42:01Z","IsDelete":false,"RequestChanged":false,"ExitsInGDT":false,"SourceID":0,"TinhThanhID":0,"TinhThanhTitle":"Bắc Giang","TinhThanhTitleAscii":"/bac-giang","QuanHuyenID":0,"NganhNgheTitle":"Bán buôn chuyên doanh khác chưa được phân vào đâu","NganhNgheTitleAscii":"/nganh-nghe/ban-buon-chuyen-doanh-khac-chua-duoc-phan-vao-dau","DSTags":["2400833602","Bắc Giang",null]},{"Type":11,"SolrID":"/2400832214-cong-ty-tnhh-xay-dung-kdth-hoang-anh","ID":0,"MaSoThue":"2400832214","NgayCap":"2018-02-01T00:00:00Z","Title":"Công Ty TNHH Xây Dựng – Kdth Hoàng Anh","DiaChiCongTy":"Thôn Mai Sẫu, Phường Đa Mai, Thành phố  Bắc Giang, Tỉnh Bắc Giang","Created":"2018-02-01T14:54:48Z","Updated":"2018-02-01T14:54:48Z","IsDelete":false,"RequestChanged":false,"ExitsInGDT":false,"SourceID":0,"TinhThanhID":0,"TinhThanhTitle":"Bắc Giang","TinhThanhTitleAscii":"/bac-giang","QuanHuyenID":0,"NganhNgheTitle":"Xây dựng nhà các loại","NganhNgheTitleAscii":"/nganh-nghe/xay-dung-nha-cac-loai","DSTags":["2400832214","Bắc Giang",null]},{"Type":11,"SolrID":"/2400823555-cong-ty-tnhh-tmdv-van-tai-nam-son","ID":0,"MaSoThue":"2400823555","NgayCap":"2017-10-11T00:00:00Z","Title":"Công Ty TNHH Tmdv Vận Tải Nam Sơn","DiaChiCongTy":"Số nhà 112, Đường Hoàng Hoa Thám, Phường Đa Mai, Thành phố  Bắc Giang, Tỉnh Bắc Giang","Created":"2017-10-11T08:38:41Z","Updated":"2017-10-11T08:38:41Z","IsDelete":false,"RequestChanged":false,"ExitsInGDT":false,"SourceID":0,"TinhThanhID":0,"TinhThanhTitle":"Bắc Giang","TinhThanhTitleAscii":"/bac-giang","QuanHuyenID":0,"NganhNgheTitle":"Dịch vụ ăn uống khác","NganhNgheTitleAscii":"/nganh-nghe/dich-vu-an-uong-khac","DSTags":["2400823555","Bắc Giang",null]},{"Type":11,"SolrID":"/2400818379-cong-ty-tnhh-dich-vu-vien-thong-hong-anh","ID":0,"MaSoThue":"2400818379","NgayCap":"2017-07-11T00:00:00Z","Title":"Công Ty TNHH Dịch Vụ Viễn Thông Hồng Anh","DiaChiCongTy":"Số nhà 182, đường Hoàng Hoa Thám, Phường Đa Mai, Thành phố  Bắc Giang, Tỉnh Bắc Giang","Created":"2017-07-11T11:40:09Z","Updated":"2017-07-11T11:40:09Z","IsDelete":false,"RequestChanged":false,"ExitsInGDT":false,"SourceID":0,"TinhThanhID":0,"TinhThanhTitle":"Bắc Giang","TinhThanhTitleAscii":"/bac-giang","QuanHuyenID":0,"NganhNgheTitle":"Hoạt động viễn thông không dây","NganhNgheTitleAscii":"/nganh-nghe/hoat-dong-vien-thong-khong-day","DSTags":["2400818379","Bắc Giang",null]},{"Type":11,"SolrID":"/2400816445-cong-ty-tnhh-thuong-mai-dich-vu-hung-doan","ID":0,"MaSoThue":"2400816445","NgayCap":"2017-06-12T00:00:00Z","Title":"Công Ty TNHH Thương Mại Dịch Vụ Hưng Đoàn","DiaChiCongTy":"Số 89 đường Bảo Ngọc, tổ dân phố Mai Đình, Phường Đa Mai, Thành phố  Bắc Giang, Tỉnh Bắc Giang","Created":"2017-06-12T14:23:23Z","Updated":"2017-06-12T14:23:23Z","IsDelete":false,"RequestChanged":false,"ExitsInGDT":false,"SourceID":0,"TinhThanhID":0,"TinhThanhTitle":"Bắc Giang","TinhThanhTitleAscii":"/bac-giang","QuanHuyenID":0,"NganhNgheTitle":"Bán buôn nhiên liệu rắn, lỏng, khí và các sản phẩm liên quan","NganhNgheTitleAscii":"/nganh-nghe/ban-buon-nhien-lieu-ran-long-khi-va-cac-san-pham-lien-quan","DSTags":["2400816445","Bắc Giang",null]},{"Type":11,"SolrID":"/2400816389-cong-ty-tnhh-tm-dv-du-lich-sen-viet","ID":0,"MaSoThue":"2400816389","NgayCap":"2017-06-09T00:00:00Z","Title":"Công Ty TNHH Tm&dv Du Lịch Sen Việt","DiaChiCongTy":"Số 213 đường Hoàng Hoa Thám, Phường Đa Mai, Thành phố  Bắc Giang, Tỉnh Bắc Giang","Created":"2017-06-09T08:50:22Z","Updated":"2017-06-09T08:50:22Z","IsDelete":false,"RequestChanged":false,"ExitsInGDT":false,"SourceID":0,"TinhThanhID":0,"TinhThanhTitle":"Bắc Giang","TinhThanhTitleAscii":"/bac-giang","QuanHuyenID":0,"NganhNgheTitle":"Dịch vụ hỗ trợ liên quan đến quảng bá và tổ chức tua du lịch","NganhNgheTitleAscii":"/nganh-nghe/dich-vu-ho-tro-lien-quan-den-quang-ba-va-to-chuc-tua-du-lich","DSTags":["2400816389","Bắc Giang",null]},{"Type":11,"SolrID":"/2400816131-cong-ty-tnhh-hqt-duc-kien","ID":0,"MaSoThue":"2400816131","NgayCap":"2017-06-09T00:00:00Z","Title":"Công Ty TNHH Hqt - Đức Kiên","DiaChiCongTy":"Số 15, Đường Bảo Ngọc, Phường Đa Mai, Thành phố  Bắc Giang, Tỉnh Bắc Giang","Created":"2017-06-09T11:38:01Z","Updated":"2017-06-09T11:38:01Z","IsDelete":false,"RequestChanged":false,"ExitsInGDT":false,"SourceID":0,"TinhThanhID":0,"TinhThanhTitle":"Bắc Giang","TinhThanhTitleAscii":"/bac-giang","QuanHuyenID":0,"NganhNgheTitle":"Bán buôn vật liệu, thiết bị lắp đặt khác trong xây dựng","NganhNgheTitleAscii":"/nganh-nghe/ban-buon-vat-lieu-thiet-bi-lap-dat-khac-trong-xay-dung","DSTags":["2400816131","Bắc Giang",null]},{"Type":11,"SolrID":"/2400815593-cong-ty-co-phan-grefoo","ID":0,"MaSoThue":"2400815593","NgayCap":"2017-05-29T00:00:00Z","Title":"Công Ty Cổ Phần Grefoo","DiaChiCongTy":"Số nhà 175 đường Bảo Ngọc, Phường Đa Mai, Thành phố  Bắc Giang, Tỉnh Bắc Giang","Created":"2017-05-29T15:08:03Z","Updated":"2017-05-29T15:08:03Z","IsDelete":false,"RequestChanged":false,"ExitsInGDT":false,"SourceID":0,"TinhThanhID":0,"TinhThanhTitle":"Bắc Giang","TinhThanhTitleAscii":"/bac-giang","QuanHuyenID":0,"NganhNgheTitle":"Hoạt động dịch vụ hỗ trợ kinh doanh khác còn lại chưa được phân vào đâu","NganhNgheTitleAscii":"/nganh-nghe/hoat-dong-dich-vu-ho-tro-kinh-doanh-khac-con-lai-chua-duoc-phan-vao-dau","DSTags":["2400815593","Bắc Giang",null]},{"Type":11,"SolrID":"/2400815579-cong-ty-tnhh-thiet-bi-nang-ha-tri-dung","ID":0,"MaSoThue":"2400815579","NgayCap":"2017-05-29T00:00:00Z","Title":"Công Ty TNHH Thiết Bị Nâng Hạ Trí Dũng","DiaChiCongTy":"Tổ dân phố Mai Sẫu, Phường Đa Mai, Thành phố  Bắc Giang, Tỉnh Bắc Giang","Created":"2017-05-29T15:08:18Z","Updated":"2017-05-29T15:08:18Z","IsDelete":false,"RequestChanged":false,"ExitsInGDT":false,"SourceID":0,"TinhThanhID":0,"TinhThanhTitle":"Bắc Giang","TinhThanhTitleAscii":"/bac-giang","QuanHuyenID":0,"NganhNgheTitle":"Sản xuất các thiết bị nâng, hạ và bốc xếp","NganhNgheTitleAscii":"/nganh-nghe/san-xuat-cac-thiet-bi-nang-ha-va-boc-xep","DSTags":["2400815579","Bắc Giang",null]},{"Type":11,"SolrID":"/2400813860-cong-ty-tnhh-thuong-mai-xuat-nhap-khau-minh-phu","ID":0,"MaSoThue":"2400813860","NgayCap":"2017-04-26T00:00:00Z","Title":"Công Ty TNHH Thương Mại Xuất Nhập Khẩu Minh Phú","DiaChiCongTy":"Số nhà 339 đường Bảo Ngọc, Phường Đa Mai, Thành phố  Bắc Giang, Tỉnh Bắc Giang","Created":"2017-04-26T14:11:27Z","Updated":"2017-04-26T14:11:27Z","IsDelete":false,"RequestChanged":false,"ExitsInGDT":false,"SourceID":0,"TinhThanhID":0,"TinhThanhTitle":"Bắc Giang","TinhThanhTitleAscii":"/bac-giang","QuanHuyenID":0,"NganhNgheTitle":"Bán buôn đồ dùng khác cho gia đình","NganhNgheTitleAscii":"/nganh-nghe/ban-buon-do-dung-khac-cho-gia-dinh","DSTags":["2400813860","Bắc Giang",null]},{"Type":11,"SolrID":"/2400811126-cong-ty-tnhh-thuong-mai-va-dich-vu-d-ktech","ID":0,"MaSoThue":"2400811126","NgayCap":"2017-03-14T00:00:00Z","Title":"Công Ty TNHH Thương Mại Và Dịch Vụ D-ktech","DiaChiCongTy":"Số 42 đường Hoàng Hoa Thám, Phường Đa Mai, Thành phố  Bắc Giang, Tỉnh Bắc Giang","Created":"2017-03-14T10:09:14Z","Updated":"2017-03-14T10:09:14Z","IsDelete":false,"RequestChanged":false,"ExitsInGDT":false,"SourceID":0,"TinhThanhID":0,"TinhThanhTitle":"Bắc Giang","TinhThanhTitleAscii":"/bac-giang","QuanHuyenID":0,"NganhNgheTitle":"Bán buôn nhiên liệu rắn, lỏng, khí và các sản phẩm liên quan","NganhNgheTitleAscii":"/nganh-nghe/ban-buon-nhien-lieu-ran-long-khi-va-cac-san-pham-lien-quan","DSTags":["2400811126","Bắc Giang",null]},{"Type":11,"SolrID":"/2400810958-cong-ty-tnhh-an-san-vina","ID":0,"MaSoThue":"2400810958","NgayCap":"2017-03-10T00:00:00Z","Title":"Công Ty TNHH An San Vina","DiaChiCongTy":"Số nhà 12, ngõ 13 tổ dân phố Hòa Sơn, Phường Đa Mai, Thành phố  Bắc Giang, Tỉnh Bắc Giang","Created":"2017-03-10T09:38:05Z","Updated":"2017-03-10T09:38:05Z","IsDelete":false,"RequestChanged":false,"ExitsInGDT":false,"SourceID":0,"TinhThanhID":0,"TinhThanhTitle":"Bắc Giang","TinhThanhTitleAscii":"/bac-giang","QuanHuyenID":0,"NganhNgheTitle":"Tái chế phế liệu","NganhNgheTitleAscii":"/nganh-nghe/tai-che-phe-lieu","DSTags":["2400810958","Bắc Giang",null]},{"Type":11,"SolrID":"/2400810891-cong-ty-co-phan-quoc-te-tqt","ID":0,"MaSoThue":"2400810891","NgayCap":"2017-03-09T00:00:00Z","Title":"Công Ty Cổ Phần Quốc Tế Tqt","DiaChiCongTy":"Số nhà 14, ngõ 108 đường Bảo Ngọc, Phường Đa Mai, Thành phố  Bắc Giang, Tỉnh Bắc Giang","Created":"2017-03-09T16:38:36Z","Updated":"2017-03-09T16:38:36Z","IsDelete":false,"RequestChanged":false,"ExitsInGDT":false,"SourceID":0,"TinhThanhID":0,"TinhThanhTitle":"Bắc Giang","TinhThanhTitleAscii":"/bac-giang","QuanHuyenID":0,"NganhNgheTitle":"Xây dựng nhà các loại","NganhNgheTitleAscii":"/nganh-nghe/xay-dung-nha-cac-loai","DSTags":["2400810891","Bắc Giang",null]},{"Type":11,"SolrID":"/2400809695-cong-ty-tnhh-thuong-mai-va-ky-thuat-an-vinh","ID":0,"MaSoThue":"2400809695","NgayCap":"2017-02-28T00:00:00Z","Title":"Công Ty TNHH Thương Mại Và Kỹ Thuật An Vinh","DiaChiCongTy":"202, Đường Hoàng Hoa Thám, Phường Đa Mai, Thành phố  Bắc Giang, Tỉnh Bắc Giang","Created":"2017-02-28T11:38:09Z","Updated":"2017-02-28T11:38:09Z","IsDelete":false,"RequestChanged":false,"ExitsInGDT":false,"SourceID":0,"TinhThanhID":0,"TinhThanhTitle":"Bắc Giang","TinhThanhTitleAscii":"/bac-giang","QuanHuyenID":0,"NganhNgheTitle":"Sản xuất linh kiện điện tử","NganhNgheTitleAscii":"/nganh-nghe/san-xuat-linh-kien-dien-tu","DSTags":["2400809695","Bắc Giang",null]},{"Type":11,"SolrID":"/2400799373-cong-ty-co-phan-dau-tu-ha-tang-nuoc-dnp-bac-giang","ID":0,"MaSoThue":"2400799373","NgayCap":"2016-08-18T00:00:00Z","Title":"CôNG TY Cổ PHầN ĐầU Tư Hạ TầNG NướC DNP - BắC GIANG","DiaChiCongTy":"Số 3, Đường Bảo Ngọc, Tổ dân phố Hòa Sơn - Phường Đa Mai - Thành phố  Bắc Giang - Bắc Giang","Created":"2016-08-19T08:43:04Z","Updated":"2016-09-10T16:18:38Z","IsDelete":false,"RequestChanged":false,"ExitsInGDT":false,"SourceID":0,"TinhThanhID":0,"TinhThanhTitle":"Bắc Giang","TinhThanhTitleAscii":"/bac-giang","QuanHuyenID":0,"DSTags":["2400799373","Bắc Giang",null]},{"Type":11,"SolrID":"/2400798362-cong-ty-tnhh-hong-phuc-bac-giang","ID":0,"MaSoThue":"2400798362","NgayCap":"2016-07-27T00:00:00Z","Title":"CôNG TY TNHH HồNG PHúC BắC GIANG","DiaChiCongTy":"Số nhà 64, đường Hoàng Hoa Thám - Phường Đa Mai - Thành phố  Bắc Giang - Bắc Giang","Created":"2016-07-28T08:10:02Z","Updated":"2016-09-10T19:43:55Z","IsDelete":false,"RequestChanged":false,"ExitsInGDT":false,"SourceID":0,"TinhThanhID":0,"TinhThanhTitle":"Bắc Giang","TinhThanhTitleAscii":"/bac-giang","QuanHuyenID":0,"DSTags":["2400798362","Bắc Giang",null]},{"Type":11,"SolrID":"/0102025067-003-cong-ty-tnhh-taka-viet-nam-chi-nhanh-bac-giang","ID":0,"MaSoThue":"0102025067-003","NgayCap":"2016-05-30T00:00:00Z","Title":"Công Ty TNHH Taka Việt Nam - Chi Nhánh Bắc Giang","DiaChiCongTy":"Số 35, dường Hoàng Hoa Thám - Phường Đa Mai - Thành phố  Bắc Giang - Bắc Giang","Created":"2016-05-31T12:00:55Z","Updated":"2016-05-31T12:00:55Z","IsDelete":false,"RequestChanged":false,"ExitsInGDT":false,"SourceID":0,"TinhThanhID":0,"TinhThanhTitle":"Bắc Giang","TinhThanhTitleAscii":"/bac-giang","QuanHuyenID":0,"NganhNgheTitle":"Bán buôn đồ dùng khác cho gia đình","NganhNgheTitleAscii":"/nganh-nghe/ban-buon-do-dung-khac-cho-gia-dinh","DSTags":["0102025067-003","Bắc Giang",null]},{"Type":11,"SolrID":"/0102025067-cong-ty-tnhh-taka-viet-nam","ID":0,"MaSoThue":"0102025067","NgayCap":"2016-05-30T00:00:00Z","Title":"Công Ty Cổ Phần Taka Việt Nam - Chi Nhánh Bắc Giang","DiaChiCongTy":"Số 35, đường Hoàng Hoa Thám, Phường Đa Mai, Thành phố  Bắc Giang, Tỉnh Bắc Giang","Created":"2015-11-13T02:39:32Z","Updated":"2021-05-19T15:06:08Z","IsDelete":false,"RequestChanged":false,"ExitsInGDT":false,"SourceID":0,"TinhThanhID":0,"TinhThanhTitle":"Bắc Giang","TinhThanhTitleAscii":"/bac-giang","QuanHuyenID":0,"NganhNgheTitle":"Bán buôn đồ dùng khác cho gia đình","NganhNgheTitleAscii":"/nganh-nghe/ban-buon-do-dung-khac-cho-gia-dinh","DSTags":["0102025067","Bắc Giang",null]},{"Type":11,"SolrID":"/2400792716-cong-ty-tnhh-thuong-mai-dich-vu-minh-duc-phuc","ID":0,"MaSoThue":"2400792716","NgayCap":"2016-03-31T00:00:00Z","Title":"Công Ty TNHH Thương Mại Dịch Vụ Minh Đức Phúc","DiaChiCongTy":"Số 70, đường Bảo Ngọc, Tổ Dân Phố Mai Đình - Phường Đa Mai - Thành phố  Bắc Giang - Bắc Giang","Created":"2016-04-03T23:25:21Z","Updated":"2016-04-03T23:25:21Z","IsDelete":false,"RequestChanged":false,"ExitsInGDT":false,"SourceID":0,"TinhThanhID":0,"TinhThanhTitle":"Bắc Giang","TinhThanhTitleAscii":"/bac-giang","QuanHuyenID":0,"NganhNgheTitle":"Bán buôn nhiên liệu rắn, lỏng, khí và các sản phẩm liên quan","NganhNgheTitleAscii":"/nganh-nghe/ban-buon-nhien-lieu-ran-long-khi-va-cac-san-pham-lien-quan","DSTags":["2400792716","Bắc Giang",null]},{"Type":11,"SolrID":"/2400773047-cong-ty-tnhh-mot-thanh-vien-auto-hq","ID":0,"MaSoThue":"2400773047","NgayCap":"2015-11-04T00:00:00Z","Title":"Công Ty TNHH Một Thành Viên Auto Hq","DiaChiCongTy":"Ngách 8 ngõ 24 tổ Mai Sẫu - Phường Đa Mai - Thành phố  Bắc Giang - Bắc Giang","Created":"2015-11-19T13:03:47Z","Updated":"2015-11-19T13:03:47Z","IsDelete":false,"RequestChanged":false,"ExitsInGDT":false,"SourceID":0,"TinhThanhID":0,"TinhThanhTitle":"Bắc Giang","TinhThanhTitleAscii":"/bac-giang","QuanHuyenID":0,"NganhNgheTitle":"Bán lẻ ô tô con (loại 12 chỗ ngồi trở xuống)","NganhNgheTitleAscii":"/nganh-nghe/ban-le-o-to-con-loai-12-cho-ngoi-tro-xuong","DSTags":["2400773047","Bắc Giang",null]},{"Type":11,"SolrID":"/2400768449-hop-tac-xa-co-phan-dong-tam","ID":0,"MaSoThue":"2400768449","NgayCap":"2015-08-20T00:00:00Z","Title":"Hợp Tác Xã Cổ Phần Đồng Tâm","DiaChiCongTy":"Tổ dân phố Tân Thành - Phường Đa Mai - Thành phố  Bắc Giang - Bắc Giang","Created":"2015-11-18T23:54:18Z","Updated":"2015-11-18T23:54:18Z","IsDelete":false,"RequestChanged":false,"ExitsInGDT":false,"SourceID":0,"TinhThanhID":0,"TinhThanhTitle":"Bắc Giang","TinhThanhTitleAscii":"/bac-giang","QuanHuyenID":0,"NganhNgheTitle":"Dịch vụ ăn uống","NganhNgheTitleAscii":"/nganh-nghe/dich-vu-an-uong","DSTags":["2400768449","Bắc Giang",null]},{"Type":11,"SolrID":"/2400768047-cong-ty-co-phan-truyen-thong-va-cong-nghe-bac-giang","ID":0,"MaSoThue":"2400768047","NgayCap":"2015-08-11T00:00:00Z","Title":"Công Ty Cổ Phần Truyền Thông Và Công Nghệ Bắc Giang","DiaChiCongTy":"Số 641 đường Hoàng Hoa Thám - Phường Đa Mai - Thành phố  Bắc Giang - Bắc Giang","Created":"2015-11-18T23:15:03Z","Updated":"2015-11-18T23:15:03Z","IsDelete":false,"RequestChanged":false,"ExitsInGDT":false,"SourceID":0,"TinhThanhID":0,"TinhThanhTitle":"Bắc Giang","TinhThanhTitleAscii":"/bac-giang","QuanHuyenID":0,"NganhNgheTitle":"Bán buôn máy vi tính, thiết bị ngoại vi và phần mềm","NganhNgheTitleAscii":"/nganh-nghe/ban-buon-may-vi-tinh-thiet-bi-ngoai-vi-va-phan-mem","DSTags":["2400768047","Bắc Giang",null]},{"Type":11,"SolrID":"/2400766392-cong-ty-tnhh-tu-van-kien-truc-va-dau-tu-xay-dung-hoang-minh","ID":0,"MaSoThue":"2400766392","NgayCap":"2015-07-06T00:00:00Z","Title":"Công Ty TNHH Tư Vấn Kiến Trúc Và Đầu Tư Xây Dựng Hoàng Minh","DiaChiCongTy":"Số 346 đường Hoàng Hoa Thám - Phường Đa Mai - Thành phố  Bắc Giang - Bắc Giang","Created":"2015-11-18T19:04:21Z","Updated":"2015-11-18T19:04:21Z","IsDelete":false,"RequestChanged":false,"ExitsInGDT":false,"SourceID":0,"TinhThanhID":0,"TinhThanhTitle":"Bắc Giang","TinhThanhTitleAscii":"/bac-giang","QuanHuyenID":0,"NganhNgheTitle":"Xây dựng công trình đường sắt và đường bộ","NganhNgheTitleAscii":"/nganh-nghe/xay-dung-cong-trinh-duong-sat-va-duong-bo","DSTags":["2400766392","Bắc Giang",null]},{"Type":11,"SolrID":"/2400765286-cong-ty-tnhh-phat-trien-cong-nghe-vt-viet-nam","ID":0,"MaSoThue":"2400765286","NgayCap":"2015-06-02T00:00:00Z","Title":"Công Ty TNHH Phát Triển Công Nghệ Vt Việt Nam","DiaChiCongTy":"Số nhà 6 đường Bảo Ngọc - Phường Đa Mai - Thành phố  Bắc Giang - Bắc Giang","Created":"2015-11-18T05:25:04Z","Updated":"2015-11-18T05:25:04Z","IsDelete":false,"RequestChanged":false,"ExitsInGDT":false,"SourceID":0,"TinhThanhID":0,"TinhThanhTitle":"Bắc Giang","TinhThanhTitleAscii":"/bac-giang","QuanHuyenID":0,"NganhNgheTitle":"Sản xuất linh kiện điện tử","NganhNgheTitleAscii":"/nganh-nghe/san-xuat-linh-kien-dien-tu","DSTags":["2400765286","Bắc Giang",null]},{"Type":11,"SolrID":"/2400763539-hop-tac-xa-bun-banh-da-mai","ID":0,"MaSoThue":"2400763539","NgayCap":"2015-04-10T00:00:00Z","Title":"Hợp Tác Xã Bún Bánh Đa Mai","DiaChiCongTy":"Trung tâm học tập cộng đồng, tổ dân phố Mai Đọ - Phường Đa Mai - Thành phố  Bắc Giang - Bắc Giang","Created":"2015-11-17T08:12:52Z","Updated":"2015-11-17T08:12:52Z","IsDelete":false,"RequestChanged":false,"ExitsInGDT":false,"SourceID":0,"TinhThanhID":0,"TinhThanhTitle":"Bắc Giang","TinhThanhTitleAscii":"/bac-giang","QuanHuyenID":0,"NganhNgheTitle":"Sản xuất chế biến thực phẩm","NganhNgheTitleAscii":"/nganh-nghe/san-xuat-che-bien-thuc-pham","DSTags":["2400763539","Bắc Giang",null]},{"Type":11,"SolrID":"/2400760513-cong-ty-co-phan-smac","ID":0,"MaSoThue":"2400760513","NgayCap":"2015-02-12T00:00:00Z","Title":"Công Ty Cổ Phần Smac","DiaChiCongTy":"Số 51 đường Mai Sẫu - Phường Đa Mai - Thành phố  Bắc Giang - Bắc Giang","Created":"2015-11-16T20:24:43Z","Updated":"2015-11-16T20:24:43Z","IsDelete":false,"RequestChanged":false,"ExitsInGDT":false,"SourceID":0,"TinhThanhID":0,"TinhThanhTitle":"Bắc Giang","TinhThanhTitleAscii":"/bac-giang","QuanHuyenID":0,"NganhNgheTitle":"Lập trình máy vi tính","NganhNgheTitleAscii":"/nganh-nghe/lap-trinh-may-vi-tinh","DSTags":["2400760513","Bắc Giang",null]},{"Type":11,"SolrID":"/2400760062-hop-tac-xa-san-xuat-rau-sach-viet-nga","ID":0,"MaSoThue":"2400760062","NgayCap":"2015-02-10T00:00:00Z","Title":"Hợp Tác Xã Sản Xuất Rau Sạch Việt Nga","DiaChiCongTy":"Tân Thành - Phường Đa Mai - Thành phố  Bắc Giang - Bắc Giang","Created":"2015-11-17T00:10:39Z","Updated":"2015-11-17T00:10:39Z","IsDelete":false,"RequestChanged":false,"ExitsInGDT":false,"SourceID":0,"TinhThanhID":0,"TinhThanhTitle":"Bắc Giang","TinhThanhTitleAscii":"/bac-giang","QuanHuyenID":0,"NganhNgheTitle":"Nông nghiệp và hoạt động dịch vụ có liên quan","NganhNgheTitleAscii":"/nganh-nghe/nong-nghiep-va-hoat-dong-dich-vu-co-lien-quan","DSTags":["2400760062","Bắc Giang",null]},{"Type":11,"SolrID":"/2400759010-doi-thue-so-1-xa-da-mai","ID":0,"MaSoThue":"2400759010","NgayCap":"2015-02-03T00:00:00Z","Title":"Đội thuế số 1 - Xã Đa Mai","DiaChiCongTy":"Xã Đa Mai - Phường Đa Mai - Thành phố  Bắc Giang - Bắc Giang","Created":"2015-11-18T04:55:55Z","Updated":"2015-11-18T04:55:55Z","IsDelete":false,"RequestChanged":false,"ExitsInGDT":false,"SourceID":0,"TinhThanhID":0,"TinhThanhTitle":"Bắc Giang","TinhThanhTitleAscii":"/bac-giang","QuanHuyenID":0,"NganhNgheTitle":"NÔNG NGHIỆP, LÂM NGHIỆP VÀ THUỶ SẢN","NganhNgheTitleAscii":"/nganh-nghe/nong-nghiep-lam-nghiep-va-thuy-san","DSTags":["2400759010","Bắc Giang",null]},{"Type":11,"SolrID":"/2400741736-cong-ty-tnhh-mot-thanh-vien-xuat-nhap-khau-duc-lam","ID":0,"MaSoThue":"2400741736","NgayCap":"2014-09-26T00:00:00Z","Title":"Công Ty TNHH Một Thành Viên Xuất Nhập Khẩu Đức Lâm","DiaChiCongTy":"Số 417 đường Hoàng Hoa Thám - Phường Đa Mai - Thành phố  Bắc Giang - Bắc Giang","Created":"2015-11-10T13:32:35Z","Updated":"2015-11-10T13:32:35Z","IsDelete":false,"RequestChanged":false,"ExitsInGDT":false,"SourceID":0,"TinhThanhID":0,"TinhThanhTitle":"Bắc Giang","TinhThanhTitleAscii":"/bac-giang","QuanHuyenID":0,"NganhNgheTitle":"Khai thác gỗ","NganhNgheTitleAscii":"/nganh-nghe/khai-thac-go","DSTags":["2400741736","Bắc Giang",null]},{"Type":11,"SolrID":"/2400648409-cong-ty-tnhh-thao-van-bac-giang","ID":0,"MaSoThue":"2400648409","NgayCap":"2013-09-23T00:00:00Z","Title":"Công Ty TNHH Thảo Vân Bắc Giang","DiaChiCongTy":"Tổ dân phố Hòa Sơn - Phường Đa Mai - Thành phố  Bắc Giang - Bắc Giang","Created":"2015-11-09T22:43:26Z","Updated":"2015-11-09T22:43:26Z","IsDelete":false,"RequestChanged":false,"ExitsInGDT":false,"SourceID":0,"TinhThanhID":0,"TinhThanhTitle":"Bắc Giang","TinhThanhTitleAscii":"/bac-giang","QuanHuyenID":0,"NganhNgheTitle":"Hoạt động kiến trúc và tư vấn kỹ thuật có liên quan","NganhNgheTitleAscii":"/nganh-nghe/hoat-dong-kien-truc-va-tu-van-ky-thuat-co-lien-quan","DSTags":["2400648409","Bắc Giang",null]},{"Type":11,"SolrID":"/0106252800-cong-ty-co-phan-cong-nghe-xu-ly-moi-truong-kinh-bac","ID":0,"MaSoThue":"0106252800","NgayCap":"2013-08-01T00:00:00Z","Title":"Công Ty Cổ Phần Công Nghệ Xử Lý Môi Trường Kinh Bắc","DiaChiCongTy":"Ngõ 28, đường Bờ Đê, tổ Tân Thành - Phường Đa Mai - Thành phố  Bắc Giang - Bắc Giang","Created":"2015-11-11T19:36:29Z","Updated":"2015-11-11T19:36:29Z","IsDelete":false,"RequestChanged":false,"ExitsInGDT":false,"SourceID":0,"TinhThanhID":0,"TinhThanhTitle":"Bắc Giang","TinhThanhTitleAscii":"/bac-giang","QuanHuyenID":0,"NganhNgheTitle":"Xử lý và tiêu huỷ rác thải độc hại","NganhNgheTitleAscii":"/nganh-nghe/xu-ly-va-tieu-huy-rac-thai-doc-hai","DSTags":["0106252800","Bắc Giang",null]},{"Type":11,"SolrID":"/0900669058-cong-ty-tnhh-san-xuat-thuong-mai-tvt","ID":0,"MaSoThue":"0900669058","NgayCap":"2011-04-04T00:00:00Z","Title":"Công Ty TNHH Sản Xuất Thương Mại Tvt","DiaChiCongTy":"Lô số 7, cụm công nghiệp Làng nghề Đa Mai - Phường Đa Mai - Thành phố  Bắc Giang - Bắc Giang","Created":"2015-11-12T12:05:54Z","Updated":"2015-11-12T12:05:54Z","IsDelete":false,"RequestChanged":false,"ExitsInGDT":false,"SourceID":0,"TinhThanhID":0,"TinhThanhTitle":"Bắc Giang","TinhThanhTitleAscii":"/bac-giang","QuanHuyenID":0,"NganhNgheTitle":"Sản xuất sản phẩm từ plastic","NganhNgheTitleAscii":"/nganh-nghe/san-xuat-san-pham-tu-plastic","DSTags":["0900669058","Bắc Giang",null]},{"Type":11,"SolrID":"/2400401377-hop-tac-xa-30-4-bac-giang","ID":0,"MaSoThue":"2400401377","NgayCap":"2008-05-20T00:00:00Z","Title":"Hợp tác xã 30 - 4 Bắc Giang","DiaChiCongTy":"thôn 1 xóm Chùa, xã Đa Mai - Phường Đa Mai - Thành phố  Bắc Giang - Bắc Giang","Created":"2015-11-17T11:00:27Z","Updated":"2015-11-17T11:00:27Z","IsDelete":false,"RequestChanged":false,"ExitsInGDT":false,"SourceID":0,"TinhThanhID":0,"TinhThanhTitle":"Bắc Giang","TinhThanhTitleAscii":"/bac-giang","QuanHuyenID":0,"NganhNgheTitle":"Sản xuất khác chưa được phân vào đâu","NganhNgheTitleAscii":"/nganh-nghe/san-xuat-khac-chua-duoc-phan-vao-dau","DSTags":["2400401377","Bắc Giang",null]},{"Type":11,"SolrID":"/2400351969-doanh-nghiep-tn-thanh-nha","ID":0,"MaSoThue":"2400351969","NgayCap":"2006-03-21T00:00:00Z","Title":"Doanh Nghiệp TN Thanh Nhã","DiaChiCongTy":"Số 31 Hoàng Hoa Thám - Phường Đa Mai - Thành phố  Bắc Giang - Bắc Giang","Created":"2016-04-22T19:24:44Z","Updated":"2016-04-22T19:24:44Z","IsDelete":false,"RequestChanged":false,"ExitsInGDT":false,"SourceID":0,"TinhThanhID":0,"TinhThanhTitle":"Bắc Giang","TinhThanhTitleAscii":"/bac-giang","QuanHuyenID":0,"NganhNgheTitle":"Bán buôn vật liệu, thiết bị lắp đặt khác trong xây dựng","NganhNgheTitleAscii":"/nganh-nghe/ban-buon-vat-lieu-thiet-bi-lap-dat-khac-trong-xay-dung","DSTags":["2400351969","Bắc Giang",null]},{"Type":11,"SolrID":"/2400351422-cong-ty-co-phan-phong-diet-moi-phu-son","ID":0,"MaSoThue":"2400351422","NgayCap":"2006-02-28T00:00:00Z","Title":"Công Ty Cổ Phần Phòng Diệt Mối Phú Sơn","DiaChiCongTy":"Số 482, cụm Tân Mai - Phường Đa Mai - Thành phố  Bắc Giang - Bắc Giang","Created":"2015-11-09T04:27:52Z","Updated":"2015-11-09T04:27:52Z","IsDelete":false,"RequestChanged":false,"ExitsInGDT":false,"SourceID":0,"TinhThanhID":0,"TinhThanhTitle":"Bắc Giang","TinhThanhTitleAscii":"/bac-giang","QuanHuyenID":0,"NganhNgheTitle":"Hoạt động xây dựng chuyên dụng khác","NganhNgheTitleAscii":"/nganh-nghe/hoat-dong-xay-dung-chuyen-dung-khac","DSTags":["2400351422","Bắc Giang",null]},{"Type":11,"SolrID":"/2400350651-cong-ty-tnhh-thuong-mai-hoa-quyen","ID":0,"MaSoThue":"2400350651","NgayCap":"2006-01-03T00:00:00Z","Title":"Công Ty TNHH Thương Mại Hoa Quyền","DiaChiCongTy":"Số 118, đường Hoàng Hoa Thám, tổ Tân Thành - Phường Đa Mai - Thành phố  Bắc Giang - Bắc Giang","Created":"2015-11-09T11:39:32Z","Updated":"2015-11-09T11:39:32Z","IsDelete":false,"RequestChanged":false,"ExitsInGDT":false,"SourceID":0,"TinhThanhID":0,"TinhThanhTitle":"Bắc Giang","TinhThanhTitleAscii":"/bac-giang","QuanHuyenID":0,"NganhNgheTitle":"Bán lẻ ô tô con (loại 12 chỗ ngồi trở xuống)","NganhNgheTitleAscii":"/nganh-nghe/ban-le-o-to-con-loai-12-cho-ngoi-tro-xuong","DSTags":["2400350651","Bắc Giang",null]},{"Type":11,"SolrID":"/2400333712-cong-ty-tnhh-thuong-mai-xay-dung-dien-nuoc-dai-phuc","ID":0,"MaSoThue":"2400333712","NgayCap":"2005-03-16T00:00:00Z","Title":"Công Ty TNHH Thương Mại Xây Dựng Điện Nước Đại Phúc","DiaChiCongTy":"47 Hoàng Hoa Thám - Phường Đa Mai - Thành phố  Bắc Giang - Bắc Giang","Created":"2015-11-09T15:53:49Z","Updated":"2015-11-09T15:53:49Z","IsDelete":false,"RequestChanged":false,"ExitsInGDT":false,"SourceID":0,"TinhThanhID":0,"TinhThanhTitle":"Bắc Giang","TinhThanhTitleAscii":"/bac-giang","QuanHuyenID":0,"NganhNgheTitle":"Khai thác, xử lý và cung cấp nước","NganhNgheTitleAscii":"/nganh-nghe/khai-thac-xu-ly-va-cung-cap-nuoc","DSTags":["2400333712","Bắc Giang",null]},{"Type":11,"SolrID":"/2400272192-cong-ty-cp-nhua-bac-giang","ID":0,"MaSoThue":"2400272192","NgayCap":"2000-10-20T00:00:00Z","Title":"Công Ty CP Nhựa Bắc Giang","DiaChiCongTy":"Số 190B, đường Hoàng Hoa Thám - Phường Đa Mai - Thành phố  Bắc Giang - Bắc Giang","Created":"2015-11-12T12:39:25Z","Updated":"2015-11-12T12:39:25Z","IsDelete":false,"RequestChanged":false,"ExitsInGDT":false,"SourceID":0,"TinhThanhID":0,"TinhThanhTitle":"Bắc Giang","TinhThanhTitleAscii":"/bac-giang","QuanHuyenID":0,"NganhNgheTitle":"Sản xuất sản phẩm từ plastic","NganhNgheTitleAscii":"/nganh-nghe/san-xuat-san-pham-tu-plastic","DSTags":["2400272192","Bắc Giang",null]},{"Type":11,"SolrID":"/2400103116-cong-ty-tnhh-viet-nga","ID":0,"MaSoThue":"2400103116","NgayCap":"1998-08-20T00:00:00Z","Title":"Công Ty TNHH Việt Nga","DiaChiCongTy":"Ngõ 28, Đường Bờ Đê, Cụm Tân Thành - Phường Đa Mai - Thành phố  Bắc Giang - Bắc Giang","Created":"2015-11-08T22:19:22Z","Updated":"2015-11-08T22:19:22Z","IsDelete":false,"RequestChanged":false,"ExitsInGDT":false,"SourceID":0,"TinhThanhID":0,"TinhThanhTitle":"Bắc Giang","TinhThanhTitleAscii":"/bac-giang","QuanHuyenID":0,"NganhNgheTitle":"Xây dựng nhà các loại","NganhNgheTitleAscii":"/nganh-nghe/xay-dung-nha-cac-loai","DSTags":["2400103116","Bắc Giang",null]}]}