{"ID":14952,"SolrID":"/bac-giang/thanh-pho-bac-giang/xa-bac-giang","Title":"Xã Bắc Giang","TinhThanhTitle":"Bắc Giang","QuanHuyenTitle":"Thành Phố  Bắc Giang","QuanHuyenID":180,"TinhThanhID":54,"Url":"https://thongtindoanhnghiep.co/api/company?l=/bac-giang/thanh-pho-bac-giang/xa-bac-giang","Total":2,"List":[{"Type":11,"SolrID":"/2400214345-phong-van-hoa-thong-tin-va-the-thao","ID":0,"MaSoThue":"2400214345","NgayCap":"1999-01-23T00:00:00Z","Title":"Phòng văn hoá thông tin và thể thao","DiaChiCongTy":"UBND Thị xã Bắc Giang - Thành phố  Bắc Giang - Bắc Giang","Created":"2015-11-14T16:44:00Z","Updated":"2015-11-14T16:44:00Z","IsDelete":false,"RequestChanged":false,"ExitsInGDT":false,"SourceID":0,"TinhThanhID":0,"TinhThanhTitle":"Bắc Giang","TinhThanhTitleAscii":"/bac-giang","QuanHuyenID":0,"NganhNgheTitle":"Hoạt động thể thao","NganhNgheTitleAscii":"/nganh-nghe/hoat-dong-the-thao","DSTags":["2400214345","Bắc Giang",null]},{"Type":11,"SolrID":"/2400212718-cong-ty-quan-ly-cong-trinh-do-thi-thi-xa-bac-giang","ID":0,"MaSoThue":"2400212718","NgayCap":"1998-11-23T00:00:00Z","Title":"Công Ty Quản Lý Công Trình Đô Thị Thị xã Bắc Giang","DiaChiCongTy":"Thị Xã Bắc Giang - Thành phố  Bắc Giang - Bắc Giang","Created":"2015-11-12T12:59:10Z","Updated":"2015-11-12T12:59:10Z","IsDelete":false,"RequestChanged":false,"ExitsInGDT":false,"SourceID":0,"TinhThanhID":0,"TinhThanhTitle":"Bắc Giang","TinhThanhTitleAscii":"/bac-giang","QuanHuyenID":0,"NganhNgheTitle":"Hoạt động tài chính khác","NganhNgheTitleAscii":"/nganh-nghe/hoat-dong-tai-chinh-khac","DSTags":["2400212718","Bắc Giang",null]}]}