{"ID":427,"SolrID":"/bac-giang/thanh-pho-bac-giang/xa-dinh-tri","Title":"Xã Dĩnh Trì","TinhThanhTitle":"Bắc Giang","QuanHuyenTitle":"Thành Phố  Bắc Giang","QuanHuyenID":180,"TinhThanhID":54,"Url":"https://thongtindoanhnghiep.co/api/company?l=/bac-giang/thanh-pho-bac-giang/xa-dinh-tri","Total":74,"List":[{"Type":11,"SolrID":"/2400918020-cong-ty-tnhh-thuong-mai-va-dich-vu-hai-minh-long","ID":0,"MaSoThue":"2400918020","NgayCap":"2021-08-23T00:00:00Z","Title":"Công Ty TNHH Thương Mại Và Dịch Vụ Hải Minh Long","DiaChiCongTy":"Thôn Riễu, Xã Dĩnh Trì, Thành phố  Bắc Giang, Tỉnh Bắc Giang","Created":"2021-08-23T11:35:41Z","Updated":"2021-08-23T11:35:41Z","IsDelete":false,"RequestChanged":false,"ExitsInGDT":false,"SourceID":0,"TinhThanhID":0,"TinhThanhTitle":"Bắc Giang","TinhThanhTitleAscii":"/bac-giang","QuanHuyenID":0,"NganhNgheTitle":"Lắp đặt hệ thống xây dựng khác","NganhNgheTitleAscii":"/nganh-nghe/lap-dat-he-thong-xay-dung-khac","DSTags":["2400918020","Bắc Giang",null]},{"Type":11,"SolrID":"/2400917676-cong-ty-tnhh-dau-tu-xay-dung-cc-i","ID":0,"MaSoThue":"2400917676","NgayCap":"2021-08-16T00:00:00Z","Title":"Công Ty TNHH Đầu Tư Xây Dựng Cc&i","DiaChiCongTy":"CCN Dĩnh Trì, Xã Dĩnh Trì, Thành phố  Bắc Giang, Tỉnh Bắc Giang","Created":"2021-08-16T09:40:46Z","Updated":"2021-08-16T09:40:46Z","IsDelete":false,"RequestChanged":false,"ExitsInGDT":false,"SourceID":0,"TinhThanhID":0,"TinhThanhTitle":"Bắc Giang","TinhThanhTitleAscii":"/bac-giang","QuanHuyenID":0,"NganhNgheTitle":"Kinh doanh bất động sản, quyền sử dụng đất thuộc chủ sở hữu, chủ sử dụng hoặc đi thuê","NganhNgheTitleAscii":"/nganh-nghe/kinh-doanh-bat-dong-san-quyen-su-dung-dat-thuoc-chu-so-huu-chu-su-dung-hoac-di-thue","DSTags":["2400917676","Bắc Giang",null]},{"Type":11,"SolrID":"/2400916418-cong-ty-tnhh-khoa-hoc-ky-thuat-shengkai-viet-nam","ID":0,"MaSoThue":"2400916418","NgayCap":"2021-08-02T00:00:00Z","Title":"Công Ty TNHH Khoa Học Kỹ Thuật Shengkai Việt Nam","DiaChiCongTy":"Khu đô thị mới Chợ Cốc, Xã Dĩnh Trì, Thành phố  Bắc Giang, Tỉnh Bắc Giang","Created":"2021-08-02T16:37:03Z","Updated":"2021-08-02T16:37:03Z","IsDelete":false,"RequestChanged":false,"ExitsInGDT":false,"SourceID":0,"TinhThanhID":0,"TinhThanhTitle":"Bắc Giang","TinhThanhTitleAscii":"/bac-giang","QuanHuyenID":0,"NganhNgheTitle":"Gia công cơ khí; xử lý và tráng phủ kim loại","NganhNgheTitleAscii":"/nganh-nghe/gia-cong-co-khi-xu-ly-va-trang-phu-kim-loai","DSTags":["2400916418","Bắc Giang",null]},{"Type":11,"SolrID":"/2400915012-cong-ty-co-phan-dau-tu-xay-dung-va-thuong-mai-linh-thao","ID":0,"MaSoThue":"2400915012","NgayCap":"2021-07-19T00:00:00Z","Title":"Công Ty Cổ Phần Đầu Tư Xây Dựng Và Thương Mại Linh Thảo","DiaChiCongTy":"Bãi Ổi, Xã Dĩnh Trì, Thành phố  Bắc Giang, Tỉnh Bắc Giang","Created":"2021-07-19T15:36:08Z","Updated":"2021-07-19T15:36:08Z","IsDelete":false,"RequestChanged":false,"ExitsInGDT":false,"SourceID":0,"TinhThanhID":0,"TinhThanhTitle":"Bắc Giang","TinhThanhTitleAscii":"/bac-giang","QuanHuyenID":0,"NganhNgheTitle":"Sản xuất linh kiện điện tử","NganhNgheTitleAscii":"/nganh-nghe/san-xuat-linh-kien-dien-tu","DSTags":["2400915012","Bắc Giang",null]},{"Type":11,"SolrID":"/2400912639-cong-ty-tnhh-phan-phoi-my-pham-phuong-yen","ID":0,"MaSoThue":"2400912639","NgayCap":"2021-06-09T00:00:00Z","Title":"Công Ty TNHH Phân Phối Mỹ Phẩm Phương Yến","DiaChiCongTy":"Thôn Riễu, Xã Dĩnh Trì, Thành phố  Bắc Giang, Tỉnh Bắc Giang","Created":"2021-06-09T10:40:13Z","Updated":"2021-06-09T10:40:13Z","IsDelete":false,"RequestChanged":false,"ExitsInGDT":false,"SourceID":0,"TinhThanhID":0,"TinhThanhTitle":"Bắc Giang","TinhThanhTitleAscii":"/bac-giang","QuanHuyenID":0,"NganhNgheTitle":"Bán buôn đồ dùng khác cho gia đình","NganhNgheTitleAscii":"/nganh-nghe/ban-buon-do-dung-khac-cho-gia-dinh","DSTags":["2400912639","Bắc Giang",null]},{"Type":11,"SolrID":"/2400907660-cong-ty-cp-buildmix-bac-giang","ID":0,"MaSoThue":"2400907660","NgayCap":"2021-03-24T00:00:00Z","Title":"Công Ty CP Buildmix Bắc Giang","DiaChiCongTy":"Số nhà 20, Xã Dĩnh Trì, Thành phố  Bắc Giang, Tỉnh Bắc Giang","Created":"2021-03-24T09:35:36Z","Updated":"2021-03-24T09:35:36Z","IsDelete":false,"RequestChanged":false,"ExitsInGDT":false,"SourceID":0,"TinhThanhID":0,"TinhThanhTitle":"Bắc Giang","TinhThanhTitleAscii":"/bac-giang","QuanHuyenID":0,"DSTags":["2400907660","Bắc Giang",null]},{"Type":11,"SolrID":"/2400906392-cong-ty-tnhh-thuong-mai-dich-vu-xuat-nhap-khau-tien-thang","ID":0,"MaSoThue":"2400906392","NgayCap":"2021-03-09T00:00:00Z","Title":"Công Ty TNHH Thương Mại Dịch Vụ Xuất Nhập Khẩu Tiến Thắng","DiaChiCongTy":"Lô 01K11, Khu đô thị mới Chợ Cốc, Xã Dĩnh Trì, Thành phố  Bắc Giang, Tỉnh Bắc Giang","Created":"2021-03-09T17:38:39Z","Updated":"2021-03-09T17:38:39Z","IsDelete":false,"RequestChanged":false,"ExitsInGDT":false,"SourceID":0,"TinhThanhID":0,"TinhThanhTitle":"Bắc Giang","TinhThanhTitleAscii":"/bac-giang","QuanHuyenID":0,"NganhNgheTitle":"Bán buôn thực phẩm","NganhNgheTitleAscii":"/nganh-nghe/ban-buon-thuc-pham","DSTags":["2400906392","Bắc Giang",null]},{"Type":11,"SolrID":"/2400905021-cong-ty-co-phan-kien-truc-noi-that-tien-dat","ID":0,"MaSoThue":"2400905021","NgayCap":"2021-02-03T00:00:00Z","Title":"Công Ty Cổ Phần Kiến Trúc Nội Thất Tiến Đạt","DiaChiCongTy":"Lô 16, Cụm công nghiệp Dĩnh Trì, Xã Dĩnh Trì, Thành phố  Bắc Giang, Tỉnh Bắc Giang","Created":"2021-02-03T16:35:47Z","Updated":"2021-02-03T16:35:47Z","IsDelete":false,"RequestChanged":false,"ExitsInGDT":false,"SourceID":0,"TinhThanhID":0,"TinhThanhTitle":"Bắc Giang","TinhThanhTitleAscii":"/bac-giang","QuanHuyenID":0,"DSTags":["2400905021","Bắc Giang",null]},{"Type":11,"SolrID":"/2400904885-cong-ty-tnhh-dich-vu-thuong-mai-yen-thuy","ID":0,"MaSoThue":"2400904885","NgayCap":"2021-02-02T00:00:00Z","Title":"Công Ty TNHH Dịch Vụ Thương Mại Yến Thủy","DiaChiCongTy":"Khu dân cư mới thôn Nguận, Xã Dĩnh Trì, Thành phố  Bắc Giang, Tỉnh Bắc Giang","Created":"2021-02-02T14:38:17Z","Updated":"2021-02-02T14:38:17Z","IsDelete":false,"RequestChanged":false,"ExitsInGDT":false,"SourceID":0,"TinhThanhID":0,"TinhThanhTitle":"Bắc Giang","TinhThanhTitleAscii":"/bac-giang","QuanHuyenID":0,"NganhNgheTitle":"Nhà hàng và các dịch vụ ăn uống phục vụ lưu động","NganhNgheTitleAscii":"/nganh-nghe/nha-hang-va-cac-dich-vu-an-uong-phuc-vu-luu-dong","DSTags":["2400904885","Bắc Giang",null]},{"Type":11,"SolrID":"/2400855451-cong-ty-tnhh-cong-nghiep-dls-vina","ID":0,"MaSoThue":"2400855451","NgayCap":"2018-12-26T00:00:00Z","Title":"Công Ty TNHH Công Nghiệp Dls Vina","DiaChiCongTy":"Số nhà 66,Thôn Riễu, Xã Dĩnh Trì, Thành phố  Bắc Giang, Tỉnh Bắc Giang","Created":"2018-12-26T14:34:03Z","Updated":"2018-12-26T14:34:03Z","IsDelete":false,"RequestChanged":false,"ExitsInGDT":false,"SourceID":0,"TinhThanhID":0,"TinhThanhTitle":"Bắc Giang","TinhThanhTitleAscii":"/bac-giang","QuanHuyenID":0,"NganhNgheTitle":"Sản xuất hoá chất cơ bản","NganhNgheTitleAscii":"/nganh-nghe/san-xuat-hoa-chat-co-ban","DSTags":["2400855451","Bắc Giang",null]},{"Type":11,"SolrID":"/2400842646-cong-ty-tnhh-van-phong-pham-va-bao-ho-lao-dong-an-phat","ID":0,"MaSoThue":"2400842646","NgayCap":"2018-07-03T00:00:00Z","Title":"Công Ty TNHH Văn Phòng Phẩm Và Bảo Hộ Lao Động An Phát","DiaChiCongTy":"Thôn Đồi Nên, Xã Dĩnh Trì, Thành phố  Bắc Giang, Tỉnh Bắc Giang","Created":"2018-07-03T17:04:25Z","Updated":"2018-07-03T17:04:25Z","IsDelete":false,"RequestChanged":false,"ExitsInGDT":false,"SourceID":0,"TinhThanhID":0,"TinhThanhTitle":"Bắc Giang","TinhThanhTitleAscii":"/bac-giang","QuanHuyenID":0,"NganhNgheTitle":"Bán buôn đồ dùng khác cho gia đình","NganhNgheTitleAscii":"/nganh-nghe/ban-buon-do-dung-khac-cho-gia-dinh","DSTags":["2400842646","Bắc Giang",null]},{"Type":11,"SolrID":"/2400839058-cong-ty-tnhh-san-xuat-thuong-mai-dich-vu-xuan-phat-dat","ID":0,"MaSoThue":"2400839058","NgayCap":"2018-05-18T00:00:00Z","Title":"Công Ty TNHH Sản Xuất Thương Mại & Dịch Vụ Xuân Phát Đạt","DiaChiCongTy":"106 phố Cốc, Xã Dĩnh Trì, Thành phố  Bắc Giang, Tỉnh Bắc Giang","Created":"2018-05-18T14:35:21Z","Updated":"2018-05-18T14:35:21Z","IsDelete":false,"RequestChanged":false,"ExitsInGDT":false,"SourceID":0,"TinhThanhID":0,"TinhThanhTitle":"Bắc Giang","TinhThanhTitleAscii":"/bac-giang","QuanHuyenID":0,"NganhNgheTitle":"Bán buôn đồ dùng khác cho gia đình","NganhNgheTitleAscii":"/nganh-nghe/ban-buon-do-dung-khac-cho-gia-dinh","DSTags":["2400839058","Bắc Giang",null]},{"Type":11,"SolrID":"/2400839026-cong-ty-co-phan-dich-vu-doi-no-trung-tin","ID":0,"MaSoThue":"2400839026","NgayCap":"2018-05-16T00:00:00Z","Title":"Công Ty Cổ Phần Dịch Vụ Đòi Nợ Trung Tín","DiaChiCongTy":"Thôn Đồi Nên, Xã Dĩnh Trì, Thành phố  Bắc Giang, Tỉnh Bắc Giang","Created":"2018-05-16T17:05:04Z","Updated":"2018-05-16T17:05:04Z","IsDelete":false,"RequestChanged":false,"ExitsInGDT":false,"SourceID":0,"TinhThanhID":0,"TinhThanhTitle":"Bắc Giang","TinhThanhTitleAscii":"/bac-giang","QuanHuyenID":0,"NganhNgheTitle":"Hoạt động dịch vụ hỗ trợ thanh toán, tín dụng","NganhNgheTitleAscii":"/nganh-nghe/hoat-dong-dich-vu-ho-tro-thanh-toan-tin-dung","DSTags":["2400839026","Bắc Giang",null]},{"Type":11,"SolrID":"/2400838255-cong-ty-co-phan-vlxd-dai-lam-bac-giang","ID":0,"MaSoThue":"2400838255","NgayCap":"2018-05-04T00:00:00Z","Title":"Công Ty Cổ Phần Vlxd Đại Lâm Bắc Giang","DiaChiCongTy":"Số 328 đường 31, Thôn Đồi Nên , Xã Dĩnh Trì, Thành phố  Bắc Giang, Tỉnh Bắc Giang","Created":"2018-05-04T10:04:27Z","Updated":"2018-05-04T10:04:27Z","IsDelete":false,"RequestChanged":false,"ExitsInGDT":false,"SourceID":0,"TinhThanhID":0,"TinhThanhTitle":"Bắc Giang","TinhThanhTitleAscii":"/bac-giang","QuanHuyenID":0,"NganhNgheTitle":"Bán buôn vật liệu, thiết bị lắp đặt khác trong xây dựng","NganhNgheTitleAscii":"/nganh-nghe/ban-buon-vat-lieu-thiet-bi-lap-dat-khac-trong-xay-dung","DSTags":["2400838255","Bắc Giang",null]},{"Type":11,"SolrID":"/2400836561-cong-ty-co-phan-kinh-doanh-va-dich-vu-toyota-bac-giang","ID":0,"MaSoThue":"2400836561","NgayCap":"2018-04-18T00:00:00Z","Title":"Công Ty Cổ Phần Kinh Doanh Và Dịch Vụ Toyota Bắc Giang","DiaChiCongTy":"Thôn Riễu, Xã Dĩnh Trì, Thành phố  Bắc Giang, Tỉnh Bắc Giang","Created":"2018-04-18T12:05:42Z","Updated":"2018-04-18T12:05:42Z","IsDelete":false,"RequestChanged":false,"ExitsInGDT":false,"SourceID":0,"TinhThanhID":0,"TinhThanhTitle":"Bắc Giang","TinhThanhTitleAscii":"/bac-giang","QuanHuyenID":0,"NganhNgheTitle":"Đại lý ô tô và xe có động cơ khác","NganhNgheTitleAscii":"/nganh-nghe/dai-ly-o-to-va-xe-co-dong-co-khac","DSTags":["2400836561","Bắc Giang",null]},{"Type":11,"SolrID":"/2400835381-cong-ty-tnhh-tm-dv-jangsung-tech","ID":0,"MaSoThue":"2400835381","NgayCap":"2018-04-05T00:00:00Z","Title":"Công Ty TNHH Tm & Dv Jangsung Tech","DiaChiCongTy":"32A, Thôn Riễu, Xã Dĩnh Trì, Thành phố  Bắc Giang, Tỉnh Bắc Giang","Created":"2018-04-05T14:34:39Z","Updated":"2018-04-05T14:34:39Z","IsDelete":false,"RequestChanged":false,"ExitsInGDT":false,"SourceID":0,"TinhThanhID":0,"TinhThanhTitle":"Bắc Giang","TinhThanhTitleAscii":"/bac-giang","QuanHuyenID":0,"NganhNgheTitle":"Bán buôn thiết bị và linh kiện điện tử, viễn thông","NganhNgheTitleAscii":"/nganh-nghe/ban-buon-thiet-bi-va-linh-kien-dien-tu-vien-thong","DSTags":["2400835381","Bắc Giang",null]},{"Type":11,"SolrID":"/2400835409-cong-ty-tnhh-tu-van-thiet-ke-va-xay-dung-song-thuong","ID":0,"MaSoThue":"2400835409","NgayCap":"2018-04-03T00:00:00Z","Title":"Công Ty TNHH Tư Vấn Thiết Kế Và Xây Dựng Sông Thương","DiaChiCongTy":"Thôn Diễu, Xã Dĩnh Trì, Thành phố  Bắc Giang, Tỉnh Bắc Giang","Created":"2018-04-03T11:21:46Z","Updated":"2018-04-03T11:21:46Z","IsDelete":false,"RequestChanged":false,"ExitsInGDT":false,"SourceID":0,"TinhThanhID":0,"TinhThanhTitle":"Bắc Giang","TinhThanhTitleAscii":"/bac-giang","QuanHuyenID":0,"NganhNgheTitle":"Hoạt động kiến trúc và tư vấn kỹ thuật có liên quan","NganhNgheTitleAscii":"/nganh-nghe/hoat-dong-kien-truc-va-tu-van-ky-thuat-co-lien-quan","DSTags":["2400835409","Bắc Giang",null]},{"Type":11,"SolrID":"/2400834684-cong-ty-tnhh-mtv-vina-apparel","ID":0,"MaSoThue":"2400834684","NgayCap":"2018-03-26T00:00:00Z","Title":"Công Ty TNHH  Mtv Vina Apparel","DiaChiCongTy":"Số 215 Phố Cốc, Xã Dĩnh Trì, Thành phố  Bắc Giang, Tỉnh Bắc Giang","Created":"2018-03-26T11:18:55Z","Updated":"2018-03-26T11:18:55Z","IsDelete":false,"RequestChanged":false,"ExitsInGDT":false,"SourceID":0,"TinhThanhID":0,"TinhThanhTitle":"Bắc Giang","TinhThanhTitleAscii":"/bac-giang","QuanHuyenID":0,"NganhNgheTitle":"May trang phục (trừ trang phục từ da lông thú)","NganhNgheTitleAscii":"/nganh-nghe/may-trang-phuc-tru-trang-phuc-tu-da-long-thu","DSTags":["2400834684","Bắc Giang",null]},{"Type":11,"SolrID":"/2400832574-cong-ty-tnhh-tu-van-dau-tu-xay-dung-nam-bac","ID":0,"MaSoThue":"2400832574","NgayCap":"2018-02-02T00:00:00Z","Title":"Công Ty TNHH Tư Vấn Đầu Tư Xây Dựng Nam Bắc","DiaChiCongTy":"Thôn Thuyền, Xã Dĩnh Trì, Thành phố  Bắc Giang, Tỉnh Bắc Giang","Created":"2018-02-02T16:18:10Z","Updated":"2018-02-02T16:18:10Z","IsDelete":false,"RequestChanged":false,"ExitsInGDT":false,"SourceID":0,"TinhThanhID":0,"TinhThanhTitle":"Bắc Giang","TinhThanhTitleAscii":"/bac-giang","QuanHuyenID":0,"NganhNgheTitle":"Hoạt động kiến trúc và tư vấn kỹ thuật có liên quan","NganhNgheTitleAscii":"/nganh-nghe/hoat-dong-kien-truc-va-tu-van-ky-thuat-co-lien-quan","DSTags":["2400832574","Bắc Giang",null]},{"Type":11,"SolrID":"/2400829412-cong-ty-tnhh-dau-tu-sx-tm-kinh-bac","ID":0,"MaSoThue":"2400829412","NgayCap":"2017-12-26T00:00:00Z","Title":"Công Ty TNHH Đầu Tư Sx&tm Kinh Bắc","DiaChiCongTy":"Thôn Đông Nghè, Xã Dĩnh Trì, Thành phố  Bắc Giang, Tỉnh Bắc Giang","Created":"2017-12-26T15:19:16Z","Updated":"2017-12-26T15:19:16Z","IsDelete":false,"RequestChanged":false,"ExitsInGDT":false,"SourceID":0,"TinhThanhID":0,"TinhThanhTitle":"Bắc Giang","TinhThanhTitleAscii":"/bac-giang","QuanHuyenID":0,"NganhNgheTitle":"Bán buôn tổng hợp","NganhNgheTitleAscii":"/nganh-nghe/ban-buon-tong-hop","DSTags":["2400829412","Bắc Giang",null]},{"Type":11,"SolrID":"/2400826933-cong-ty-tnhh-thuong-mai-dich-vu-north-star","ID":0,"MaSoThue":"2400826933","NgayCap":"2017-11-30T00:00:00Z","Title":"Công Ty TNHH Thương Mại Dịch Vụ North Star","DiaChiCongTy":"Thôn Đông Mo, Xã Dĩnh Trì, Thành phố  Bắc Giang, Tỉnh Bắc Giang","Created":"2017-11-30T18:32:53Z","Updated":"2017-11-30T18:32:53Z","IsDelete":false,"RequestChanged":false,"ExitsInGDT":false,"SourceID":0,"TinhThanhID":0,"TinhThanhTitle":"Bắc Giang","TinhThanhTitleAscii":"/bac-giang","QuanHuyenID":0,"DSTags":["2400826933","Bắc Giang",null]},{"Type":11,"SolrID":"/2400823812-cong-ty-tnhh-thuong-mai-thpd-va-dich-vu-hai-dang","ID":0,"MaSoThue":"2400823812","NgayCap":"2017-10-13T00:00:00Z","Title":"Công Ty TNHH Thương Mại Thpđ Và Dịch Vụ Hải Đăng","DiaChiCongTy":"Số 03, ngách 06, ngõ 49 thôn Đông Nghè, Xã Dĩnh Trì, Thành phố  Bắc Giang, Tỉnh Bắc Giang","Created":"2017-10-13T08:14:17Z","Updated":"2017-10-13T08:14:17Z","IsDelete":false,"RequestChanged":false,"ExitsInGDT":false,"SourceID":0,"TinhThanhID":0,"TinhThanhTitle":"Bắc Giang","TinhThanhTitleAscii":"/bac-giang","QuanHuyenID":0,"NganhNgheTitle":"Vệ sinh chung nhà cửa","NganhNgheTitleAscii":"/nganh-nghe/ve-sinh-chung-nha-cua","DSTags":["2400823812","Bắc Giang",null]},{"Type":11,"SolrID":"/2400822939-cong-ty-tnhh-dich-vu-hung-thinh-group","ID":0,"MaSoThue":"2400822939","NgayCap":"2017-09-28T00:00:00Z","Title":"Công Ty TNHH Dịch Vụ Hưng Thịnh Group","DiaChiCongTy":"Cụm công nghiệp Dĩnh Trì, Xã Dĩnh Trì, Thành phố  Bắc Giang, Tỉnh Bắc Giang","Created":"2017-09-28T08:42:10Z","Updated":"2017-09-28T08:42:10Z","IsDelete":false,"RequestChanged":false,"ExitsInGDT":false,"SourceID":0,"TinhThanhID":0,"TinhThanhTitle":"Bắc Giang","TinhThanhTitleAscii":"/bac-giang","QuanHuyenID":0,"NganhNgheTitle":"Nhà hàng và các dịch vụ ăn uống phục vụ lưu động","NganhNgheTitleAscii":"/nganh-nghe/nha-hang-va-cac-dich-vu-an-uong-phuc-vu-luu-dong","DSTags":["2400822939","Bắc Giang",null]},{"Type":11,"SolrID":"/2400822914-cong-ty-tnhh-truong-an-group","ID":0,"MaSoThue":"2400822914","NgayCap":"2017-09-28T00:00:00Z","Title":"Công Ty TNHH Trường An Group","DiaChiCongTy":"Cụm công nghiệp Dĩnh Trì, Xã Dĩnh Trì, Thành phố  Bắc Giang, Tỉnh Bắc Giang","Created":"2017-09-28T08:44:00Z","Updated":"2017-09-28T08:44:00Z","IsDelete":false,"RequestChanged":false,"ExitsInGDT":false,"SourceID":0,"TinhThanhID":0,"TinhThanhTitle":"Bắc Giang","TinhThanhTitleAscii":"/bac-giang","QuanHuyenID":0,"NganhNgheTitle":"Giáo dục tiểu học","NganhNgheTitleAscii":"/nganh-nghe/giao-duc-tieu-hoc","DSTags":["2400822914","Bắc Giang",null]},{"Type":11,"SolrID":"/2400822946-cong-ty-tnhh-an-binh-group","ID":0,"MaSoThue":"2400822946","NgayCap":"2017-09-28T00:00:00Z","Title":"Công Ty TNHH An Bình Group","DiaChiCongTy":"Cụm công nghiệp Dĩnh Trì, Xã Dĩnh Trì, Thành phố  Bắc Giang, Tỉnh Bắc Giang","Created":"2017-09-28T08:45:06Z","Updated":"2017-09-28T08:45:06Z","IsDelete":false,"RequestChanged":false,"ExitsInGDT":false,"SourceID":0,"TinhThanhID":0,"TinhThanhTitle":"Bắc Giang","TinhThanhTitleAscii":"/bac-giang","QuanHuyenID":0,"NganhNgheTitle":"Giáo dục mầm non","NganhNgheTitleAscii":"/nganh-nghe/giao-duc-mam-non","DSTags":["2400822946","Bắc Giang",null]},{"Type":11,"SolrID":"/2400822569-cong-ty-co-phan-an-ninh-trung-tin","ID":0,"MaSoThue":"2400822569","NgayCap":"2017-09-21T00:00:00Z","Title":"Công Ty Cổ Phần An Ninh Trung Tín","DiaChiCongTy":"Thôn Đồi Nên, Xã Dĩnh Trì, Thành phố  Bắc Giang, Tỉnh Bắc Giang","Created":"2018-04-18T13:46:52Z","Updated":"2018-04-18T13:46:52Z","IsDelete":false,"RequestChanged":false,"ExitsInGDT":false,"SourceID":0,"TinhThanhID":0,"TinhThanhTitle":"Bắc Giang","TinhThanhTitleAscii":"/bac-giang","QuanHuyenID":0,"NganhNgheTitle":"Hoạt động bảo vệ cá nhân","NganhNgheTitleAscii":"/nganh-nghe/hoat-dong-bao-ve-ca-nhan","DSTags":["2400822569","Bắc Giang",null]},{"Type":11,"SolrID":"/2400819012-cong-ty-tnhh-dau-tu-bac-giang","ID":0,"MaSoThue":"2400819012","NgayCap":"2017-07-20T00:00:00Z","Title":"Công Ty TNHH Đầu Tư Bắc Giang","DiaChiCongTy":"Số nhà 287 thôn Phố Cốc, Xã Dĩnh Trì, Thành phố  Bắc Giang, Tỉnh Bắc Giang","Created":"2017-07-20T10:08:10Z","Updated":"2017-07-20T10:08:10Z","IsDelete":false,"RequestChanged":false,"ExitsInGDT":false,"SourceID":0,"TinhThanhID":0,"TinhThanhTitle":"Bắc Giang","TinhThanhTitleAscii":"/bac-giang","QuanHuyenID":0,"NganhNgheTitle":"Kinh doanh bất động sản, quyền sử dụng đất thuộc chủ sở hữu, chủ sử dụng hoặc đi thuê","NganhNgheTitleAscii":"/nganh-nghe/kinh-doanh-bat-dong-san-quyen-su-dung-dat-thuoc-chu-so-huu-chu-su-dung-hoac-di-thue","DSTags":["2400819012","Bắc Giang",null]},{"Type":11,"SolrID":"/2400817135-cong-ty-co-phan-thuong-mai-va-dich-vu-bac-nam-viet","ID":0,"MaSoThue":"2400817135","NgayCap":"2017-06-23T00:00:00Z","Title":"Công Ty Cổ Phần Thương Mại Và Dịch Vụ Bắc Nam Việt","DiaChiCongTy":"Thôn Thành Trung, Xã Dĩnh Trì, Thành phố  Bắc Giang, Tỉnh Bắc Giang","Created":"2017-06-23T08:08:16Z","Updated":"2017-06-23T08:08:16Z","IsDelete":false,"RequestChanged":false,"ExitsInGDT":false,"SourceID":0,"TinhThanhID":0,"TinhThanhTitle":"Bắc Giang","TinhThanhTitleAscii":"/bac-giang","QuanHuyenID":0,"NganhNgheTitle":"Cho thuê xe có động cơ","NganhNgheTitleAscii":"/nganh-nghe/cho-thue-xe-co-dong-co","DSTags":["2400817135","Bắc Giang",null]},{"Type":11,"SolrID":"/2400817230-cong-ty-tnhh-may-xuat-khau-va-thuong-mai-thien-ha","ID":0,"MaSoThue":"2400817230","NgayCap":"2017-06-23T00:00:00Z","Title":"Công Ty TNHH May Xuất Khẩu Và Thương Mại Thiên Hà","DiaChiCongTy":"Số 197 phố Cốc, Xã Dĩnh Trì, Thành phố  Bắc Giang, Tỉnh Bắc Giang","Created":"2017-06-23T09:08:08Z","Updated":"2017-06-23T09:08:08Z","IsDelete":false,"RequestChanged":false,"ExitsInGDT":false,"SourceID":0,"TinhThanhID":0,"TinhThanhTitle":"Bắc Giang","TinhThanhTitleAscii":"/bac-giang","QuanHuyenID":0,"NganhNgheTitle":"May trang phục (trừ trang phục từ da lông thú)","NganhNgheTitleAscii":"/nganh-nghe/may-trang-phuc-tru-trang-phuc-tu-da-long-thu","DSTags":["2400817230","Bắc Giang",null]},{"Type":11,"SolrID":"/2400811140-cong-ty-tnhh-xay-dung-va-thuong-mai-257","ID":0,"MaSoThue":"2400811140","NgayCap":"2017-03-14T00:00:00Z","Title":"Công Ty TNHH Xây Dựng Và Thương Mại 257","DiaChiCongTy":"Thôn Nguộn, Xã Dĩnh Trì, Thành phố  Bắc Giang, Tỉnh Bắc Giang","Created":"2017-03-14T21:07:45Z","Updated":"2017-03-14T21:07:45Z","IsDelete":false,"RequestChanged":false,"ExitsInGDT":false,"SourceID":0,"TinhThanhID":0,"TinhThanhTitle":"Bắc Giang","TinhThanhTitleAscii":"/bac-giang","QuanHuyenID":0,"NganhNgheTitle":"Hoạt động kiến trúc và tư vấn kỹ thuật có liên quan","NganhNgheTitleAscii":"/nganh-nghe/hoat-dong-kien-truc-va-tu-van-ky-thuat-co-lien-quan","DSTags":["2400811140","Bắc Giang",null]},{"Type":11,"SolrID":"/2400806101-cong-ty-co-phan-thuong-mai-xay-dung-thanh-dat-bac-giang","ID":0,"MaSoThue":"2400806101","NgayCap":"2016-12-26T00:00:00Z","Title":"Công Ty Cổ Phần Thương Mại Xây Dựng Thành Đạt Bắc Giang","DiaChiCongTy":"Cụm công nghiệp, đường Cầu Cháy, Xã Dĩnh Trì, Thành phố  Bắc Giang, Tỉnh Bắc Giang","Created":"2016-12-26T16:40:44Z","Updated":"2016-12-26T16:40:44Z","IsDelete":false,"RequestChanged":false,"ExitsInGDT":false,"SourceID":0,"TinhThanhID":0,"TinhThanhTitle":"Bắc Giang","TinhThanhTitleAscii":"/bac-giang","QuanHuyenID":0,"NganhNgheTitle":"Xây dựng nhà các loại","NganhNgheTitleAscii":"/nganh-nghe/xay-dung-nha-cac-loai","DSTags":["2400806101","Bắc Giang",null]},{"Type":11,"SolrID":"/2400805080-cong-ty-tnhh-logistics-an-hai","ID":0,"MaSoThue":"2400805080","NgayCap":"2016-12-19T00:00:00Z","Title":"Công Ty TNHH Logistics An Hải","DiaChiCongTy":"Cụm công nghiệp Dĩnh Trì, Xã Dĩnh Trì, Thành phố  Bắc Giang, Tỉnh Bắc Giang","Created":"2016-12-19T11:40:37Z","Updated":"2016-12-19T11:40:37Z","IsDelete":false,"RequestChanged":false,"ExitsInGDT":false,"SourceID":0,"TinhThanhID":0,"TinhThanhTitle":"Bắc Giang","TinhThanhTitleAscii":"/bac-giang","QuanHuyenID":0,"NganhNgheTitle":"Vận tải hàng hóa bằng đường bộ","NganhNgheTitleAscii":"/nganh-nghe/van-tai-hang-hoa-bang-duong-bo","DSTags":["2400805080","Bắc Giang",null]},{"Type":11,"SolrID":"/2400803559-cong-ty-co-phan-anphacare","ID":0,"MaSoThue":"2400803559","NgayCap":"2016-11-22T00:00:00Z","Title":"Công Ty Cổ Phần Anphacare","DiaChiCongTy":"Số nhà 173 phố Cốc, Xã Dĩnh Trì, Thành phố  Bắc Giang, Tỉnh Bắc Giang","Created":"2016-12-05T02:14:26Z","Updated":"2016-12-05T02:14:26Z","IsDelete":false,"RequestChanged":false,"ExitsInGDT":false,"SourceID":0,"TinhThanhID":0,"TinhThanhTitle":"Bắc Giang","TinhThanhTitleAscii":"/bac-giang","QuanHuyenID":0,"NganhNgheTitle":"Bán buôn tổng hợp","NganhNgheTitleAscii":"/nganh-nghe/ban-buon-tong-hop","DSTags":["2400803559","Bắc Giang",null]},{"Type":11,"SolrID":"/2400802114-cong-ty-tnhh-to-chuc-su-kien-va-xuc-tien-thuong-mai-minh-phu","ID":0,"MaSoThue":"2400802114","NgayCap":"2016-10-20T00:00:00Z","Title":"Công Ty TNHH Tổ Chức Sự Kiện Và Xúc Tiến Thương Mại Minh Phú","DiaChiCongTy":"Số 461 Bãi ổi - Xã Dĩnh Trì - Thành phố  Bắc Giang - Bắc Giang","Created":"2016-11-04T08:08:27Z","Updated":"2016-11-04T08:08:27Z","IsDelete":false,"RequestChanged":false,"ExitsInGDT":false,"SourceID":0,"TinhThanhID":0,"TinhThanhTitle":"Bắc Giang","TinhThanhTitleAscii":"/bac-giang","QuanHuyenID":0,"NganhNgheTitle":"Tổ chức giới thiệu và xúc tiến thương mại","NganhNgheTitleAscii":"/nganh-nghe/to-chuc-gioi-thieu-va-xuc-tien-thuong-mai","DSTags":["2400802114","Bắc Giang",null]},{"Type":11,"SolrID":"/2400796728-cong-ty-tnhh-tm-va-dv-manh-quynh","ID":0,"MaSoThue":"2400796728","NgayCap":"2016-06-21T00:00:00Z","Title":"Công Ty TNHH Tm Và Dv Mạnh Quỳnh","DiaChiCongTy":"Thôn Đồi Nên - Xã Dĩnh Trì - Thành phố  Bắc Giang - Bắc Giang","Created":"2016-06-24T08:16:02Z","Updated":"2016-06-24T08:16:02Z","IsDelete":false,"RequestChanged":false,"ExitsInGDT":false,"SourceID":0,"TinhThanhID":0,"TinhThanhTitle":"Bắc Giang","TinhThanhTitleAscii":"/bac-giang","QuanHuyenID":0,"NganhNgheTitle":"Hoạt động cấp tín dụng khác","NganhNgheTitleAscii":"/nganh-nghe/hoat-dong-cap-tin-dung-khac","DSTags":["2400796728","Bắc Giang",null]},{"Type":11,"SolrID":"/2400791776-cong-ty-co-phan-hb-group-viet-nam","ID":0,"MaSoThue":"2400791776","NgayCap":"2016-03-09T00:00:00Z","Title":"Công Ty Cổ Phần Hb Group Việt Nam","DiaChiCongTy":"số 18 thôn Núi - Xã Dĩnh Trì - Thành phố  Bắc Giang - Bắc Giang","Created":"2016-03-11T09:10:43Z","Updated":"2016-09-11T00:27:18Z","IsDelete":false,"RequestChanged":false,"ExitsInGDT":false,"SourceID":0,"TinhThanhID":0,"TinhThanhTitle":"Bắc Giang","TinhThanhTitleAscii":"/bac-giang","QuanHuyenID":0,"DSTags":["2400791776","Bắc Giang",null]},{"Type":11,"SolrID":"/2400791783-cong-ty-tnhh-thuong-mai-tong-hop-van-son","ID":0,"MaSoThue":"2400791783","NgayCap":"2016-03-09T00:00:00Z","Title":"Công Ty TNHH Thương Mại Tổng Hợp Vân Sơn","DiaChiCongTy":"số 11 thôn Riễu - Xã Dĩnh Trì - Thành phố  Bắc Giang - Bắc Giang","Created":"2016-03-11T09:10:43Z","Updated":"2016-09-11T00:27:17Z","IsDelete":false,"RequestChanged":false,"ExitsInGDT":false,"SourceID":0,"TinhThanhID":0,"TinhThanhTitle":"Bắc Giang","TinhThanhTitleAscii":"/bac-giang","QuanHuyenID":0,"DSTags":["2400791783","Bắc Giang",null]},{"Type":11,"SolrID":"/2400790035-cong-ty-tnhh-greenfam","ID":0,"MaSoThue":"2400790035","NgayCap":"2016-02-29T00:00:00Z","Title":"Công Ty TNHH Greenfam","DiaChiCongTy":"số 09 thôn Bãi ổi - Xã Dĩnh Trì - Thành phố  Bắc Giang - Bắc Giang","Created":"2016-03-01T16:50:39Z","Updated":"2016-07-23T23:22:34Z","IsDelete":false,"RequestChanged":false,"ExitsInGDT":false,"SourceID":0,"TinhThanhID":0,"TinhThanhTitle":"Bắc Giang","TinhThanhTitleAscii":"/bac-giang","QuanHuyenID":0,"NganhNgheTitle":"Sản xuất thuốc trừ sâu và sản phẩm hoá chất khác dùng trong nông nghiệp","NganhNgheTitleAscii":"/nganh-nghe/san-xuat-thuoc-tru-sau-va-san-pham-hoa-chat-khac-dung-trong-nong-nghiep","DSTags":["2400790035","Bắc Giang",null]},{"Type":11,"SolrID":"/2400789449-cong-ty-co-phan-phat-trien-bt-group","ID":0,"MaSoThue":"2400789449","NgayCap":"2016-02-03T00:00:00Z","Title":"Công Ty Cổ Phần Phát Triển Bt Group","DiaChiCongTy":"cụm công nghiệp Dĩnh Trì - Xã Dĩnh Trì - Thành phố  Bắc Giang - Bắc Giang","Created":"2016-02-04T11:52:41Z","Updated":"2016-02-04T11:52:41Z","IsDelete":false,"RequestChanged":false,"ExitsInGDT":false,"SourceID":0,"TinhThanhID":0,"TinhThanhTitle":"Bắc Giang","TinhThanhTitleAscii":"/bac-giang","QuanHuyenID":0,"NganhNgheTitle":"Khai thác đá, cát, sỏi, đất sét","NganhNgheTitleAscii":"/nganh-nghe/khai-thac-da-cat-soi-dat-set","DSTags":["2400789449","Bắc Giang",null]},{"Type":11,"SolrID":"/2400773833-cong-ty-tnhh-xay-dung-thuong-mai-minh-chien","ID":0,"MaSoThue":"2400773833","NgayCap":"2015-11-18T00:00:00Z","Title":"Công Ty TNHH Xây Dựng Thương Mại Minh Chiến","DiaChiCongTy":"Số 16, thôn Đồi Nên - Xã Dĩnh Trì - Thành phố  Bắc Giang - Bắc Giang","Created":"2015-11-20T16:14:27Z","Updated":"2015-11-20T16:14:27Z","IsDelete":false,"RequestChanged":false,"ExitsInGDT":false,"SourceID":0,"TinhThanhID":0,"TinhThanhTitle":"Bắc Giang","TinhThanhTitleAscii":"/bac-giang","QuanHuyenID":0,"NganhNgheTitle":"Lắp đặt hệ thống cấp, thoát nước, lò sưởi và điều hoà không khí","NganhNgheTitleAscii":"/nganh-nghe/lap-dat-he-thong-cap-thoat-nuoc-lo-suoi-va-dieu-hoa-khong-khi","DSTags":["2400773833","Bắc Giang",null]},{"Type":11,"SolrID":"/2400772678-cong-ty-tnhh-toyota-bac-giang","ID":0,"MaSoThue":"2400772678","NgayCap":"2015-10-26T00:00:00Z","Title":"Công Ty TNHH Toyota Bắc Giang","DiaChiCongTy":"Cụm công nghiệp Dĩnh Trì - Xã Dĩnh Trì - Thành phố  Bắc Giang - Bắc Giang","Created":"2015-11-19T11:46:08Z","Updated":"2015-11-19T11:46:08Z","IsDelete":false,"RequestChanged":false,"ExitsInGDT":false,"SourceID":0,"TinhThanhID":0,"TinhThanhTitle":"Bắc Giang","TinhThanhTitleAscii":"/bac-giang","QuanHuyenID":0,"NganhNgheTitle":"Bán phụ tùng và các bộ phận phụ trợ của ô tô và xe có động cơ khác","NganhNgheTitleAscii":"/nganh-nghe/ban-phu-tung-va-cac-bo-phan-phu-tro-cua-o-to-va-xe-co-dong-co-khac","DSTags":["2400772678","Bắc Giang",null]},{"Type":11,"SolrID":"/2400771868-cong-ty-co-phan-quoc-te-c-o-c","ID":0,"MaSoThue":"2400771868","NgayCap":"2015-10-07T00:00:00Z","Title":"Công Ty Cổ Phần Quốc Tế C.O.C","DiaChiCongTy":"Số 253 Phố Cốc - Xã Dĩnh Trì - Thành phố  Bắc Giang - Bắc Giang","Created":"2015-11-19T10:56:39Z","Updated":"2015-11-19T10:56:39Z","IsDelete":false,"RequestChanged":false,"ExitsInGDT":false,"SourceID":0,"TinhThanhID":0,"TinhThanhTitle":"Bắc Giang","TinhThanhTitleAscii":"/bac-giang","QuanHuyenID":0,"NganhNgheTitle":"Dịch vụ hỗ trợ giáo dục","NganhNgheTitleAscii":"/nganh-nghe/dich-vu-ho-tro-giao-duc","DSTags":["2400771868","Bắc Giang",null]},{"Type":11,"SolrID":"/2400768061-cong-ty-tnhh-dao-tao-va-cung-ung-nhan-luc-phuong-nam","ID":0,"MaSoThue":"2400768061","NgayCap":"2015-08-12T00:00:00Z","Title":"Công Ty TNHH Đào Tạo Và Cung ứng Nhân Lực Phương Nam","DiaChiCongTy":"Số 465 Bãi ổi - Xã Dĩnh Trì - Thành phố  Bắc Giang - Bắc Giang","Created":"2015-11-18T23:20:12Z","Updated":"2015-11-18T23:20:12Z","IsDelete":false,"RequestChanged":false,"ExitsInGDT":false,"SourceID":0,"TinhThanhID":0,"TinhThanhTitle":"Bắc Giang","TinhThanhTitleAscii":"/bac-giang","QuanHuyenID":0,"NganhNgheTitle":"Dịch vụ hỗ trợ giáo dục","NganhNgheTitleAscii":"/nganh-nghe/dich-vu-ho-tro-giao-duc","DSTags":["2400768061","Bắc Giang",null]},{"Type":11,"SolrID":"/2400766385-cong-ty-tnhh-mot-thanh-vien-dvtm-duc-thinh","ID":0,"MaSoThue":"2400766385","NgayCap":"2015-07-06T00:00:00Z","Title":"Công Ty TNHH Một Thành Viên Dvtm Đức Thịnh","DiaChiCongTy":"Thôn Thuyền - Xã Dĩnh Trì - Thành phố  Bắc Giang - Bắc Giang","Created":"2015-11-18T19:04:22Z","Updated":"2015-11-18T19:04:22Z","IsDelete":false,"RequestChanged":false,"ExitsInGDT":false,"SourceID":0,"TinhThanhID":0,"TinhThanhTitle":"Bắc Giang","TinhThanhTitleAscii":"/bac-giang","QuanHuyenID":0,"NganhNgheTitle":"Đại lý ô tô và xe có động cơ khác","NganhNgheTitleAscii":"/nganh-nghe/dai-ly-o-to-va-xe-co-dong-co-khac","DSTags":["2400766385","Bắc Giang",null]},{"Type":11,"SolrID":"/2400765455-cong-ty-tnhh-mot-thanh-vien-tuyen-mo","ID":0,"MaSoThue":"2400765455","NgayCap":"2015-06-08T00:00:00Z","Title":"Công Ty TNHH Một Thành Viên Tuyển Mơ","DiaChiCongTy":"Thôn Thuyền - Xã Dĩnh Trì - Thành phố  Bắc Giang - Bắc Giang","Created":"2015-11-18T06:03:03Z","Updated":"2015-11-18T06:03:03Z","IsDelete":false,"RequestChanged":false,"ExitsInGDT":false,"SourceID":0,"TinhThanhID":0,"TinhThanhTitle":"Bắc Giang","TinhThanhTitleAscii":"/bac-giang","QuanHuyenID":0,"NganhNgheTitle":"Bảo dưỡng, sửa chữa ô tô và xe có động cơ khác","NganhNgheTitleAscii":"/nganh-nghe/bao-duong-sua-chua-o-to-va-xe-co-dong-co-khac","DSTags":["2400765455","Bắc Giang",null]},{"Type":11,"SolrID":"/2400764035-cong-ty-co-phan-bg-truong-an","ID":0,"MaSoThue":"2400764035","NgayCap":"2015-04-24T00:00:00Z","Title":"Công Ty Cổ Phần Bg Trường An","DiaChiCongTy":"Số nhà 18, thôn Núi - Xã Dĩnh Trì - Thành phố  Bắc Giang - Bắc Giang","Created":"2015-11-17T09:33:08Z","Updated":"2015-11-17T09:33:08Z","IsDelete":false,"RequestChanged":false,"ExitsInGDT":false,"SourceID":0,"TinhThanhID":0,"TinhThanhTitle":"Bắc Giang","TinhThanhTitleAscii":"/bac-giang","QuanHuyenID":0,"NganhNgheTitle":"Bán lẻ thực phẩm trong các cửa hàng chuyên doanh","NganhNgheTitleAscii":"/nganh-nghe/ban-le-thuc-pham-trong-cac-cua-hang-chuyen-doanh","DSTags":["2400764035","Bắc Giang",null]},{"Type":11,"SolrID":"/2400762165-cong-ty-tnhh-mot-thanh-vien-cong-nghe-moi-vntech","ID":0,"MaSoThue":"2400762165","NgayCap":"2015-03-18T00:00:00Z","Title":"Công Ty TNHH Một Thành Viên Công Nghệ Mới Vntech","DiaChiCongTy":"Số 5, ngõ 25 thôn Núm - Xã Dĩnh Trì - Thành phố  Bắc Giang - Bắc Giang","Created":"2015-11-17T05:29:12Z","Updated":"2016-06-07T09:54:22Z","IsDelete":false,"RequestChanged":false,"ExitsInGDT":false,"SourceID":0,"TinhThanhID":0,"TinhThanhTitle":"Bắc Giang","TinhThanhTitleAscii":"/bac-giang","QuanHuyenID":0,"NganhNgheTitle":"Bán buôn máy móc, thiết bị và phụ tùng máy khác","NganhNgheTitleAscii":"/nganh-nghe/ban-buon-may-moc-thiet-bi-va-phu-tung-may-khac","DSTags":["2400762165","Bắc Giang",null]},{"Type":11,"SolrID":"/2400759645-hop-tac-xa-moc-bai-oi","ID":0,"MaSoThue":"2400759645","NgayCap":"2015-02-04T00:00:00Z","Title":"Hợp Tác Xã Mộc Bãi ổi","DiaChiCongTy":"Số 1 ngõ 10, thôn Bãi ổi - Xã Dĩnh Trì - Thành phố  Bắc Giang - Bắc Giang","Created":"2015-11-16T10:17:28Z","Updated":"2015-11-16T10:17:28Z","IsDelete":false,"RequestChanged":false,"ExitsInGDT":false,"SourceID":0,"TinhThanhID":0,"TinhThanhTitle":"Bắc Giang","TinhThanhTitleAscii":"/bac-giang","QuanHuyenID":0,"NganhNgheTitle":"Chế biến gỗ và sản xuất sản phẩm từ gỗ, tre, nứa (trừ giường, tủ, bàn, ghế); sản xuất sản phẩm từ rơm, rạ và vật liệu tết bện","NganhNgheTitleAscii":"/nganh-nghe/che-bien-go-va-san-xuat-san-pham-tu-go-tre-nua-tru-giuong-tu-ban-ghe-san-xuat-san-pham-tu-rom-ra-va-vat-lieu-tet-ben","DSTags":["2400759645","Bắc Giang",null]},{"Type":11,"SolrID":"/2400759162-doi-thue-so-2-xa-dinh-tri","ID":0,"MaSoThue":"2400759162","NgayCap":"2015-02-03T00:00:00Z","Title":"Đội thuế số 2 - Xã Dĩnh Trì","DiaChiCongTy":"Xã Dĩnh Trì - Xã Dĩnh Trì - Thành phố  Bắc Giang - Bắc Giang","Created":"2015-11-18T04:56:02Z","Updated":"2015-11-18T04:56:02Z","IsDelete":false,"RequestChanged":false,"ExitsInGDT":false,"SourceID":0,"TinhThanhID":0,"TinhThanhTitle":"Bắc Giang","TinhThanhTitleAscii":"/bac-giang","QuanHuyenID":0,"NganhNgheTitle":"NÔNG NGHIỆP, LÂM NGHIỆP VÀ THUỶ SẢN","NganhNgheTitleAscii":"/nganh-nghe/nong-nghiep-lam-nghiep-va-thuy-san","DSTags":["2400759162","Bắc Giang",null]},{"Type":11,"SolrID":"/2400746942-cua-hang-trang-loan","ID":0,"MaSoThue":"2400746942","NgayCap":"2014-12-22T00:00:00Z","Title":"Cửa hàng Trang Loan","DiaChiCongTy":"Số 06 Đồi Nên - Xã Dĩnh Trì - Thành phố  Bắc Giang - Bắc Giang","Created":"2015-11-18T04:55:49Z","Updated":"2015-11-18T04:55:49Z","IsDelete":false,"RequestChanged":false,"ExitsInGDT":false,"SourceID":0,"TinhThanhID":0,"TinhThanhTitle":"Bắc Giang","TinhThanhTitleAscii":"/bac-giang","QuanHuyenID":0,"NganhNgheTitle":"Bán lẻ trong các cửa hàng kinh doanh tổng hợp","NganhNgheTitleAscii":"/nganh-nghe/ban-le-trong-cac-cua-hang-kinh-doanh-tong-hop","DSTags":["2400746942","Bắc Giang",null]},{"Type":11,"SolrID":"/2400727851-cong-ty-tnhh-van-phong-pham-va-bao-ho-lao-dong-lam-son","ID":0,"MaSoThue":"2400727851","NgayCap":"2014-04-21T00:00:00Z","Title":"Công Ty TNHH Văn Phòng Phẩm Và Bảo Hộ Lao Động Lâm Sơn","DiaChiCongTy":"Thôn Đồi Nên - Xã Dĩnh Trì - Thành phố  Bắc Giang - Bắc Giang","Created":"2015-11-09T16:20:23Z","Updated":"2015-11-09T16:20:23Z","IsDelete":false,"RequestChanged":false,"ExitsInGDT":false,"SourceID":0,"TinhThanhID":0,"TinhThanhTitle":"Bắc Giang","TinhThanhTitleAscii":"/bac-giang","QuanHuyenID":0,"NganhNgheTitle":"Hoạt động dịch vụ hỗ trợ kinh doanh khác còn lại chưa được phân vào đâu","NganhNgheTitleAscii":"/nganh-nghe/hoat-dong-dich-vu-ho-tro-kinh-doanh-khac-con-lai-chua-duoc-phan-vao-dau","DSTags":["2400727851","Bắc Giang",null]},{"Type":11,"SolrID":"/2400708143-cong-ty-tnhh-mot-thanh-vien-xuat-nhap-khau-tan-loc-hoa","ID":0,"MaSoThue":"2400708143","NgayCap":"2014-02-28T00:00:00Z","Title":"Công Ty TNHH Một Thành Viên Xuất Nhập Khẩu Tân Lộc Hoa","DiaChiCongTy":"Thôn Đồi Nên - Xã Dĩnh Trì - Thành phố  Bắc Giang - Bắc Giang","Created":"2015-11-09T22:11:59Z","Updated":"2015-11-09T22:11:59Z","IsDelete":false,"RequestChanged":false,"ExitsInGDT":false,"SourceID":0,"TinhThanhID":0,"TinhThanhTitle":"Bắc Giang","TinhThanhTitleAscii":"/bac-giang","QuanHuyenID":0,"NganhNgheTitle":"May trang phục (trừ trang phục từ da lông thú)","NganhNgheTitleAscii":"/nganh-nghe/may-trang-phuc-tru-trang-phuc-tu-da-long-thu","DSTags":["2400708143","Bắc Giang",null]},{"Type":11,"SolrID":"/2400708792-cong-ty-viet-ha","ID":0,"MaSoThue":"2400708792","NgayCap":"2014-02-25T00:00:00Z","Title":"Công Ty Việt Hà","DiaChiCongTy":"Dĩnh Trì - Xã Dĩnh Trì - Thành phố  Bắc Giang - Bắc Giang","Created":"2015-11-11T16:56:34Z","Updated":"2015-11-11T16:56:34Z","IsDelete":false,"RequestChanged":false,"ExitsInGDT":false,"SourceID":0,"TinhThanhID":0,"TinhThanhTitle":"Bắc Giang","TinhThanhTitleAscii":"/bac-giang","QuanHuyenID":0,"NganhNgheTitle":"Vận tải hàng hóa bằng đường bộ","NganhNgheTitleAscii":"/nganh-nghe/van-tai-hang-hoa-bang-duong-bo","DSTags":["2400708792","Bắc Giang",null]},{"Type":11,"SolrID":"/0106392484-cong-ty-tnhh-tj-ha-noi-apparel","ID":0,"MaSoThue":"0106392484","NgayCap":"2013-12-13T00:00:00Z","Title":"Công Ty TNHH Tj Hà Nội Apparel","DiaChiCongTy":"Bãi ổi - Xã Dĩnh Trì - Thành phố  Bắc Giang - Bắc Giang","Created":"2015-11-11T17:45:22Z","Updated":"2015-11-11T17:45:22Z","IsDelete":false,"RequestChanged":false,"ExitsInGDT":false,"SourceID":0,"TinhThanhID":0,"TinhThanhTitle":"Bắc Giang","TinhThanhTitleAscii":"/bac-giang","QuanHuyenID":0,"NganhNgheTitle":"May trang phục (trừ trang phục từ da lông thú)","NganhNgheTitleAscii":"/nganh-nghe/may-trang-phuc-tru-trang-phuc-tu-da-long-thu","DSTags":["0106392484","Bắc Giang",null]},{"Type":11,"SolrID":"/2400644901-truong-cao-dang-nghe-cong-nghe-viet-han-bac-giang","ID":0,"MaSoThue":"2400644901","NgayCap":"2013-06-04T00:00:00Z","Title":"Trường Cao đẳng nghề công nghệ Việt - Hàn Bắc Giang","DiaChiCongTy":"Dĩnh Trì - Xã Dĩnh Trì - Thành phố  Bắc Giang - Bắc Giang","Created":"2015-11-16T11:42:02Z","Updated":"2015-11-16T11:42:02Z","IsDelete":false,"RequestChanged":false,"ExitsInGDT":false,"SourceID":0,"TinhThanhID":0,"TinhThanhTitle":"Bắc Giang","TinhThanhTitleAscii":"/bac-giang","QuanHuyenID":0,"NganhNgheTitle":"Giáo dục nghề nghiệp","NganhNgheTitleAscii":"/nganh-nghe/giao-duc-nghe-nghiep","DSTags":["2400644901","Bắc Giang",null]},{"Type":11,"SolrID":"/2300640325-001-van-phong-dai-dien-tinh-bac-giang-cong-ty-cp-dich-vu-va-thuong-mai-hanna","ID":0,"MaSoThue":"2300640325-001","NgayCap":"2013-05-16T00:00:00Z","Title":"Văn Phòng Đại Diện Tỉnh Bắc Giang - Công Ty CP Dịch Vụ Và Thương Mại Hanna","DiaChiCongTy":"Số nhà 253. phố Cốc - Xã Dĩnh Trì - Thành phố  Bắc Giang - Bắc Giang","Created":"2015-11-09T01:32:19Z","Updated":"2015-11-09T01:32:19Z","IsDelete":false,"RequestChanged":false,"ExitsInGDT":false,"SourceID":0,"TinhThanhID":0,"TinhThanhTitle":"Bắc Giang","TinhThanhTitleAscii":"/bac-giang","QuanHuyenID":0,"NganhNgheTitle":"Giáo dục nghề nghiệp","NganhNgheTitleAscii":"/nganh-nghe/giao-duc-nghe-nghiep","DSTags":["2300640325-001","Bắc Giang",null]},{"Type":11,"SolrID":"/2400615072-truong-mam-non-dinh-tri","ID":0,"MaSoThue":"2400615072","NgayCap":"2012-07-19T00:00:00Z","Title":"Trường Mầm Non Dĩnh Trì","DiaChiCongTy":"Thôn Núi, Dĩnh Trì - Xã Dĩnh Trì - Thành phố  Bắc Giang - Bắc Giang","Created":"2015-11-16T10:35:13Z","Updated":"2015-11-16T10:35:13Z","IsDelete":false,"RequestChanged":false,"ExitsInGDT":false,"SourceID":0,"TinhThanhID":0,"TinhThanhTitle":"Bắc Giang","TinhThanhTitleAscii":"/bac-giang","QuanHuyenID":0,"NganhNgheTitle":"Giáo dục mầm non","NganhNgheTitleAscii":"/nganh-nghe/giao-duc-mam-non","DSTags":["2400615072","Bắc Giang",null]},{"Type":11,"SolrID":"/2400593742-cong-ty-tnhh-mot-thanh-vien-thuong-mai-dich-vu-van-tai-vinh-thinh","ID":0,"MaSoThue":"2400593742","NgayCap":"2012-04-03T00:00:00Z","Title":"Công Ty TNHH Một Thành Viên Thương Mại Dịch Vụ Vận Tải Vĩnh Thịnh","DiaChiCongTy":"Thôn Thuyền - Xã Dĩnh Trì - Thành phố  Bắc Giang - Bắc Giang","Created":"2015-11-13T08:51:40Z","Updated":"2015-11-13T08:51:40Z","IsDelete":false,"RequestChanged":false,"ExitsInGDT":false,"SourceID":0,"TinhThanhID":0,"TinhThanhTitle":"Bắc Giang","TinhThanhTitleAscii":"/bac-giang","QuanHuyenID":0,"NganhNgheTitle":"Tái chế phế liệu","NganhNgheTitleAscii":"/nganh-nghe/tai-che-phe-lieu","DSTags":["2400593742","Bắc Giang",null]},{"Type":11,"SolrID":"/2400586720-cong-ty-tnhh-co-khi-va-xay-dung-phuc-hoa-68","ID":0,"MaSoThue":"2400586720","NgayCap":"2012-02-20T00:00:00Z","Title":"Công Ty TNHH Cơ Khí Và Xây Dựng Phúc Hòa 68","DiaChiCongTy":"Thôn Núi - Xã Dĩnh Trì - Thành phố  Bắc Giang - Bắc Giang","Created":"2015-11-10T01:59:43Z","Updated":"2015-11-10T01:59:43Z","IsDelete":false,"RequestChanged":false,"ExitsInGDT":false,"SourceID":0,"TinhThanhID":0,"TinhThanhTitle":"Bắc Giang","TinhThanhTitleAscii":"/bac-giang","QuanHuyenID":0,"NganhNgheTitle":"Gia công cơ khí; xử lý và tráng phủ kim loại","NganhNgheTitleAscii":"/nganh-nghe/gia-cong-co-khi-xu-ly-va-trang-phu-kim-loai","DSTags":["2400586720","Bắc Giang",null]},{"Type":11,"SolrID":"/2400584385-cong-ty-tnhh-mot-thanh-vien-an-binh-bac-giang","ID":0,"MaSoThue":"2400584385","NgayCap":"2012-01-12T00:00:00Z","Title":"Công Ty TNHH Một Thành Viên An Bình Bắc Giang","DiaChiCongTy":"Phố Nguộn - Xã Dĩnh Trì - Thành phố  Bắc Giang - Bắc Giang","Created":"2015-11-10T02:02:53Z","Updated":"2015-11-10T02:02:53Z","IsDelete":false,"RequestChanged":false,"ExitsInGDT":false,"SourceID":0,"TinhThanhID":0,"TinhThanhTitle":"Bắc Giang","TinhThanhTitleAscii":"/bac-giang","QuanHuyenID":0,"NganhNgheTitle":"Sản xuất phân bón và hợp chất ni tơ","NganhNgheTitleAscii":"/nganh-nghe/san-xuat-phan-bon-va-hop-chat-ni-to","DSTags":["2400584385","Bắc Giang",null]},{"Type":11,"SolrID":"/2400568288-cong-ty-cp-san-xuat-dich-vu-thuong-mai-tan-hoang-phuc","ID":0,"MaSoThue":"2400568288","NgayCap":"2011-10-13T00:00:00Z","Title":"Công Ty CP Sản Xuất Dịch Vụ Thương Mại Tân Hoàng Phúc","DiaChiCongTy":"Xóm Nguộn - Xã Dĩnh Trì - Thành phố  Bắc Giang - Bắc Giang","Created":"2015-11-09T18:06:41Z","Updated":"2015-11-09T18:06:41Z","IsDelete":false,"RequestChanged":false,"ExitsInGDT":false,"SourceID":0,"TinhThanhID":0,"TinhThanhTitle":"Bắc Giang","TinhThanhTitleAscii":"/bac-giang","QuanHuyenID":0,"NganhNgheTitle":"Vận tải hành khách đường bộ khác","NganhNgheTitleAscii":"/nganh-nghe/van-tai-hanh-khach-duong-bo-khac","DSTags":["2400568288","Bắc Giang",null]},{"Type":11,"SolrID":"/2400489445-cong-ty-tnhh-mot-thanh-vien-tu-van-va-xay-dung-cat-tuong","ID":0,"MaSoThue":"2400489445","NgayCap":"2009-10-27T00:00:00Z","Title":"Công ty TNHH một thành viên tư vấn và xây dựng Cát Tường","DiaChiCongTy":"xóm Thuyền, xã Dĩnh Trì - Xã Dĩnh Trì - Thành phố  Bắc Giang - Bắc Giang","Created":"2015-11-12T12:33:10Z","Updated":"2015-11-12T12:33:10Z","IsDelete":false,"RequestChanged":false,"ExitsInGDT":false,"SourceID":0,"TinhThanhID":0,"TinhThanhTitle":"Bắc Giang","TinhThanhTitleAscii":"/bac-giang","QuanHuyenID":0,"NganhNgheTitle":"Xây dựng công trình kỹ thuật dân dụng","NganhNgheTitleAscii":"/nganh-nghe/xay-dung-cong-trinh-ky-thuat-dan-dung","DSTags":["2400489445","Bắc Giang",null]},{"Type":11,"SolrID":"/2400465934-cong-ty-tnhh-minh-hieu","ID":0,"MaSoThue":"2400465934","NgayCap":"2009-06-22T00:00:00Z","Title":"Công Ty TNHH Minh Hiếu","DiaChiCongTy":"thôn Đồi Nên - Xã Dĩnh Trì - Thành phố  Bắc Giang - Bắc Giang","Created":"2015-11-10T02:02:37Z","Updated":"2015-11-10T02:02:37Z","IsDelete":false,"RequestChanged":false,"ExitsInGDT":false,"SourceID":0,"TinhThanhID":0,"TinhThanhTitle":"Bắc Giang","TinhThanhTitleAscii":"/bac-giang","QuanHuyenID":0,"NganhNgheTitle":"Bán buôn chuyên doanh khác chưa được phân vào đâu","NganhNgheTitleAscii":"/nganh-nghe/ban-buon-chuyen-doanh-khac-chua-duoc-phan-vao-dau","DSTags":["2400465934","Bắc Giang",null]},{"Type":11,"SolrID":"/2400411590-cong-ty-tnhh-sua-chua-o-to-thien-ha","ID":0,"MaSoThue":"2400411590","NgayCap":"2008-10-21T00:00:00Z","Title":"Công Ty TNHH Sửa Chữa ô Tô Thiên Hà","DiaChiCongTy":"Cụm công nghiệp Dĩnh Trì - Xã Dĩnh Trì - Thành phố  Bắc Giang - Bắc Giang","Created":"2015-11-09T03:48:38Z","Updated":"2015-11-09T03:48:38Z","IsDelete":false,"RequestChanged":false,"ExitsInGDT":false,"SourceID":0,"TinhThanhID":0,"TinhThanhTitle":"Bắc Giang","TinhThanhTitleAscii":"/bac-giang","QuanHuyenID":0,"NganhNgheTitle":"Bảo dưỡng, sửa chữa ô tô và xe có động cơ khác","NganhNgheTitleAscii":"/nganh-nghe/bao-duong-sua-chua-o-to-va-xe-co-dong-co-khac","DSTags":["2400411590","Bắc Giang",null]},{"Type":11,"SolrID":"/2400395839-cong-ty-tnhh-bac-hong-ha","ID":0,"MaSoThue":"2400395839","NgayCap":"2008-02-13T00:00:00Z","Title":"Công Ty TNHH Bắc Hồng Hà","DiaChiCongTy":"Số 20, Thôn Cầu, Xã Dĩnh Trì, Thành phố  Bắc Giang, Tỉnh Bắc Giang","Created":"2015-11-09T04:49:18Z","Updated":"2020-09-14T10:50:25Z","IsDelete":false,"RequestChanged":false,"ExitsInGDT":false,"SourceID":0,"TinhThanhID":0,"TinhThanhTitle":"Bắc Giang","TinhThanhTitleAscii":"/bac-giang","QuanHuyenID":0,"NganhNgheTitle":"Hoạt động thiết kế chuyên dụng","NganhNgheTitleAscii":"/nganh-nghe/hoat-dong-thiet-ke-chuyen-dung","DSTags":["2400395839","Bắc Giang",null]},{"Type":11,"SolrID":"/2400390421-cong-ty-tnhh-truong-hai-dao-duong","ID":0,"MaSoThue":"2400390421","NgayCap":"2007-12-18T00:00:00Z","Title":"Công Ty TNHH Trường Hải Đào Dương","DiaChiCongTy":"Khu Công nghiệp Dĩnh Trì - Xã Dĩnh Trì - Thành phố  Bắc Giang - Bắc Giang","Created":"2015-11-09T11:53:53Z","Updated":"2015-11-09T11:53:53Z","IsDelete":false,"RequestChanged":false,"ExitsInGDT":false,"SourceID":0,"TinhThanhID":0,"TinhThanhTitle":"Bắc Giang","TinhThanhTitleAscii":"/bac-giang","QuanHuyenID":0,"NganhNgheTitle":"Bán lẻ ô tô con (loại 12 chỗ ngồi trở xuống)","NganhNgheTitleAscii":"/nganh-nghe/ban-le-o-to-con-loai-12-cho-ngoi-tro-xuong","DSTags":["2400390421","Bắc Giang",null]},{"Type":11,"SolrID":"/2400382999-cong-ty-tnhh-thuong-mai-ngoc-son","ID":0,"MaSoThue":"2400382999","NgayCap":"2007-08-31T00:00:00Z","Title":"Công ty TNHH thương mại Ngọc Sơn","DiaChiCongTy":"Xóm Núi, xã Dĩnh Trì - Xã Dĩnh Trì - Thành phố  Bắc Giang - Bắc Giang","Created":"2015-11-12T12:36:16Z","Updated":"2015-11-12T12:36:16Z","IsDelete":false,"RequestChanged":false,"ExitsInGDT":false,"SourceID":0,"TinhThanhID":0,"TinhThanhTitle":"Bắc Giang","TinhThanhTitleAscii":"/bac-giang","QuanHuyenID":0,"NganhNgheTitle":"Sản xuất đồ uống không cồn","NganhNgheTitleAscii":"/nganh-nghe/san-xuat-do-uong-khong-con","DSTags":["2400382999","Bắc Giang",null]},{"Type":11,"SolrID":"/2400375134-cong-ty-co-phan-xay-dung-thanh-do-bac-giang","ID":0,"MaSoThue":"2400375134","NgayCap":"2007-04-20T00:00:00Z","Title":"Công Ty Cổ Phần Xây Dựng Thành Đô Bắc Giang","DiaChiCongTy":"Cụm công nghiệp, đường Cầu Cháy - Xã Dĩnh Trì - Thành phố  Bắc Giang - Bắc Giang","Created":"2015-11-09T14:03:01Z","Updated":"2015-11-09T14:03:01Z","IsDelete":false,"RequestChanged":false,"ExitsInGDT":false,"SourceID":0,"TinhThanhID":0,"TinhThanhTitle":"Bắc Giang","TinhThanhTitleAscii":"/bac-giang","QuanHuyenID":0,"NganhNgheTitle":"Xây dựng nhà các loại","NganhNgheTitleAscii":"/nganh-nghe/xay-dung-nha-cac-loai","DSTags":["2400375134","Bắc Giang",null]},{"Type":11,"SolrID":"/2400331828-cong-ty-co-phan-dai-hoang-yen","ID":0,"MaSoThue":"2400331828","NgayCap":"2004-11-29T00:00:00Z","Title":"Công Ty Cổ Phần Đại Hoàng Yến","DiaChiCongTy":"Thôn Đồi Nên - Xã Dĩnh Trì - Thành phố  Bắc Giang - Bắc Giang","Created":"2015-11-09T12:34:06Z","Updated":"2015-11-09T12:34:06Z","IsDelete":false,"RequestChanged":false,"ExitsInGDT":false,"SourceID":0,"TinhThanhID":0,"TinhThanhTitle":"Bắc Giang","TinhThanhTitleAscii":"/bac-giang","QuanHuyenID":0,"NganhNgheTitle":"Bán buôn đồ dùng khác cho gia đình","NganhNgheTitleAscii":"/nganh-nghe/ban-buon-do-dung-khac-cho-gia-dinh","DSTags":["2400331828","Bắc Giang",null]},{"Type":11,"SolrID":"/2400331225-cong-ty-tnhh-san-xuat-thuong-mai-dich-vu-cuong-anh","ID":0,"MaSoThue":"2400331225","NgayCap":"2004-10-11T00:00:00Z","Title":"Công ty TNHH sản xuất  - thương mại dịch vụ Cường Anh","DiaChiCongTy":"Phố Cốc  - Xã Dĩnh Trì  - Huyện Lạng Giang - Xã Dĩnh Trì - Thành phố  Bắc Giang - Bắc Giang","Created":"2015-11-11T10:06:31Z","Updated":"2015-11-11T10:06:31Z","IsDelete":false,"RequestChanged":false,"ExitsInGDT":false,"SourceID":0,"TinhThanhID":0,"TinhThanhTitle":"Bắc Giang","TinhThanhTitleAscii":"/bac-giang","QuanHuyenID":0,"NganhNgheTitle":"Sản xuất thức ăn gia súc, gia cầm và thuỷ sản","NganhNgheTitleAscii":"/nganh-nghe/san-xuat-thuc-an-gia-suc-gia-cam-va-thuy-san","DSTags":["2400331225","Bắc Giang",null]},{"Type":11,"SolrID":"/2400300146-cong-ty-tnhh-flexcon-viet-nam","ID":0,"MaSoThue":"2400300146","NgayCap":"2004-04-16T00:00:00Z","Title":"CôNG TY TNHH FLEXCON VIệT NAM","DiaChiCongTy":"Xã Dĩnh Trì - Xã Dĩnh Trì - Thành phố  Bắc Giang - Bắc Giang","Created":"2015-11-12T13:03:29Z","Updated":"2015-11-12T13:03:29Z","IsDelete":false,"RequestChanged":false,"ExitsInGDT":false,"SourceID":0,"TinhThanhID":0,"TinhThanhTitle":"Bắc Giang","TinhThanhTitleAscii":"/bac-giang","QuanHuyenID":0,"NganhNgheTitle":"May trang phục (trừ trang phục từ da lông thú)","NganhNgheTitleAscii":"/nganh-nghe/may-trang-phuc-tru-trang-phuc-tu-da-long-thu","DSTags":["2400300146","Bắc Giang",null]},{"Type":11,"SolrID":"/2400292671-cong-ty-cp-san-xuat-va-xuat-nhap-khau-thanh-cong","ID":0,"MaSoThue":"2400292671","NgayCap":"2003-09-15T00:00:00Z","Title":"Công Ty CP Sản Xuất Và Xuất Nhập Khẩu Thành Công.","DiaChiCongTy":"Cụm Công nghiệp Dĩnh Trì - Xã Dĩnh Trì - Thành phố  Bắc Giang - Bắc Giang","Created":"2015-11-12T12:30:14Z","Updated":"2015-11-12T12:30:14Z","IsDelete":false,"RequestChanged":false,"ExitsInGDT":false,"SourceID":0,"TinhThanhID":0,"TinhThanhTitle":"Bắc Giang","TinhThanhTitleAscii":"/bac-giang","QuanHuyenID":0,"NganhNgheTitle":"Sản xuất sản phẩm từ cao su và plastic","NganhNgheTitleAscii":"/nganh-nghe/san-xuat-san-pham-tu-cao-su-va-plastic","DSTags":["2400292671","Bắc Giang",null]},{"Type":11,"SolrID":"/2400289728-cong-ty-co-phan-tu-van-dau-tu-xay-dung-phuong-hoang","ID":0,"MaSoThue":"2400289728","NgayCap":"2002-11-25T00:00:00Z","Title":"Công ty Cổ phần tư vấn đầu tư - xây dựng  Phượng Hoàng","DiaChiCongTy":"khu tập thể Giao thông, phố Cốc - Xã Dĩnh Trì - Thành phố  Bắc Giang - Bắc Giang","Created":"2015-11-12T12:31:51Z","Updated":"2015-11-12T12:31:51Z","IsDelete":false,"RequestChanged":false,"ExitsInGDT":false,"SourceID":0,"TinhThanhID":0,"TinhThanhTitle":"Bắc Giang","TinhThanhTitleAscii":"/bac-giang","QuanHuyenID":0,"NganhNgheTitle":"Xây dựng công trình kỹ thuật dân dụng","NganhNgheTitleAscii":"/nganh-nghe/xay-dung-cong-trinh-ky-thuat-dan-dung","DSTags":["2400289728","Bắc Giang",null]},{"Type":11,"SolrID":"/2400211584-ubnd-xa-dinh-tri","ID":0,"MaSoThue":"2400211584","NgayCap":"1998-11-23T00:00:00Z","Title":"UBND Xã Dĩnh Trì","DiaChiCongTy":"Xã Dĩnh Trì - Thành phố  Bắc Giang - Bắc Giang","Created":"2015-11-16T06:34:43Z","Updated":"2015-11-16T06:34:43Z","IsDelete":false,"RequestChanged":false,"ExitsInGDT":false,"SourceID":0,"TinhThanhID":0,"TinhThanhTitle":"Bắc Giang","TinhThanhTitleAscii":"/bac-giang","QuanHuyenID":0,"NganhNgheTitle":"Hoạt động tài chính khác","NganhNgheTitleAscii":"/nganh-nghe/hoat-dong-tai-chinh-khac","DSTags":["2400211584","Bắc Giang",null]}]}