{"ID":12285,"SolrID":"/bac-giang/thanh-pho-bac-giang/xa-que-nham","Title":"Xã Quế Nham","TinhThanhTitle":"Bắc Giang","QuanHuyenTitle":"Thành Phố  Bắc Giang","QuanHuyenID":180,"TinhThanhID":54,"Url":"https://thongtindoanhnghiep.co/api/company?l=/bac-giang/thanh-pho-bac-giang/xa-que-nham","Total":1,"List":[{"Type":11,"SolrID":"/2400434277-trung-tam-nuoi-duong-dieu-duong-thuong-benh-binh-nang-va-nguoi-co-cong-tinh-bac-giang","ID":0,"MaSoThue":"2400434277","NgayCap":"2009-03-17T00:00:00Z","Title":"Trung tâm nuôi dưỡng, điều dưỡng thương bệnh binh nặng và người có công tỉnh Bắc Giang","DiaChiCongTy":"thôn đông La, xã Quế Nham - Thành phố  Bắc Giang - Bắc Giang","Created":"2015-11-16T23:48:11Z","Updated":"2015-11-16T23:48:11Z","IsDelete":false,"RequestChanged":false,"ExitsInGDT":false,"SourceID":0,"TinhThanhID":0,"TinhThanhTitle":"Bắc Giang","TinhThanhTitleAscii":"/bac-giang","QuanHuyenID":0,"NganhNgheTitle":"Hoạt động y tế khác chưa được phân vào đâu","NganhNgheTitleAscii":"/nganh-nghe/hoat-dong-y-te-khac-chua-duoc-phan-vao-dau","DSTags":["2400434277","Bắc Giang",null]}]}