{"ID":6178,"SolrID":"/bac-giang/thanh-pho-bac-giang/xa-tho-xuong","Title":"Xã Thọ Xương","TinhThanhTitle":"Bắc Giang","QuanHuyenTitle":"Thành Phố  Bắc Giang","QuanHuyenID":180,"TinhThanhID":54,"Url":"https://thongtindoanhnghiep.co/api/company?l=/bac-giang/thanh-pho-bac-giang/xa-tho-xuong","Total":4,"List":[{"Type":11,"SolrID":"/2400213398-doanh-nghiep-tu-nhan-ngoc-thanh","ID":0,"MaSoThue":"2400213398","NgayCap":"1999-01-04T00:00:00Z","Title":"Doanh nghiệp tư nhân Ngọc Thành","DiaChiCongTy":"Số nhà 96 khu cơ khí xã Thọ Xương - Thành phố  Bắc Giang - Bắc Giang","Created":"2015-11-19T03:10:06Z","Updated":"2015-11-19T03:10:06Z","IsDelete":false,"RequestChanged":false,"ExitsInGDT":false,"SourceID":0,"TinhThanhID":0,"TinhThanhTitle":"Bắc Giang","TinhThanhTitleAscii":"/bac-giang","QuanHuyenID":0,"NganhNgheTitle":"Bán buôn gạo, thực phẩm, đồ uống và sản phẩm thuốc lá, thuốc lào","NganhNgheTitleAscii":"/nganh-nghe/ban-buon-gao-thuc-pham-do-uong-va-san-pham-thuoc-la-thuoc-lao","DSTags":["2400213398","Bắc Giang",null]},{"Type":11,"SolrID":"/2400119701-cong-ty-giong-cay-trong-bac-giang","ID":0,"MaSoThue":"2400119701","NgayCap":"1998-08-29T00:00:00Z","Title":"Công ty giống cây trồng Bắc Giang","DiaChiCongTy":"Xã Thọ Xương - Thành phố  Bắc Giang - Bắc Giang","Created":"2015-11-12T12:56:35Z","Updated":"2015-11-12T12:56:35Z","IsDelete":false,"RequestChanged":false,"ExitsInGDT":false,"SourceID":0,"TinhThanhID":0,"TinhThanhTitle":"Bắc Giang","TinhThanhTitleAscii":"/bac-giang","QuanHuyenID":0,"NganhNgheTitle":"Nông nghiệp và hoạt động dịch vụ có liên quan","NganhNgheTitleAscii":"/nganh-nghe/nong-nghiep-va-hoat-dong-dich-vu-co-lien-quan","DSTags":["2400119701","Bắc Giang",null]},{"Type":11,"SolrID":"/2400109421-cong-ty-co-khi-nong-nghiep-bac-giang","ID":0,"MaSoThue":"2400109421","NgayCap":"1998-08-21T00:00:00Z","Title":"Công Ty cơ khí nông nghiệp Bắc Giang","DiaChiCongTy":"Quán Thành xã Thọ Xương - Thành phố  Bắc Giang - Bắc Giang","Created":"2015-11-12T13:00:20Z","Updated":"2015-11-12T13:00:20Z","IsDelete":false,"RequestChanged":false,"ExitsInGDT":false,"SourceID":0,"TinhThanhID":0,"TinhThanhTitle":"Bắc Giang","TinhThanhTitleAscii":"/bac-giang","QuanHuyenID":0,"NganhNgheTitle":"Hoạt động dịch vụ nông nghiệp","NganhNgheTitleAscii":"/nganh-nghe/hoat-dong-dich-vu-nong-nghiep","DSTags":["2400109421","Bắc Giang",null]},{"Type":11,"SolrID":"/2400107417-htx-che-bien-lam-san-tho-xuong","ID":0,"MaSoThue":"2400107417","NgayCap":"1998-08-21T00:00:00Z","Title":"HTX chế biến Lâm sản Thọ Xương","DiaChiCongTy":"Đường Giáp Hải,thôn Xương Giang,xã Thọ Xương - Thành phố  Bắc Giang - Bắc Giang","Created":"2015-11-14T18:18:11Z","Updated":"2015-11-14T18:18:11Z","IsDelete":false,"RequestChanged":false,"ExitsInGDT":false,"SourceID":0,"TinhThanhID":0,"TinhThanhTitle":"Bắc Giang","TinhThanhTitleAscii":"/bac-giang","QuanHuyenID":0,"NganhNgheTitle":"Sản xuất giường, tủ, bàn, ghế","NganhNgheTitleAscii":"/nganh-nghe/san-xuat-giuong-tu-ban-ghe","DSTags":["2400107417","Bắc Giang",null]}]}