{"ID":14057,"SolrID":"/bac-can/huyen-na-ri/thi-tran-na-ri","Title":"Thị Trấn Na Rì","TinhThanhTitle":"Bắc Cạn","QuanHuyenTitle":"Huyện Na Rì","QuanHuyenID":345,"TinhThanhID":47,"Url":"https://thongtindoanhnghiep.co/api/company?l=/bac-can/huyen-na-ri/thi-tran-na-ri","Total":1,"List":[{"Type":11,"SolrID":"/4700189012-phong-nong-nghiep-va-ptnt-huyen-na-ri","ID":0,"MaSoThue":"4700189012","NgayCap":"2009-08-17T00:00:00Z","Title":"Phòng nông nghiệp và PTNT huyện Na Rì","DiaChiCongTy":"Tổ nhân dân Pàn Bái, Thị trấn Na Rì - Huyện Na Rì - Bắc Cạn","Created":"2015-11-16T09:21:35Z","Updated":"2015-11-16T09:21:35Z","IsDelete":false,"RequestChanged":false,"ExitsInGDT":false,"SourceID":0,"TinhThanhID":0,"TinhThanhTitle":"Bắc Cạn","TinhThanhTitleAscii":"/bac-can","QuanHuyenID":0,"NganhNgheTitle":"Hoạt động quản lý nhà nước nói chung và kinh tế tổng hợp","NganhNgheTitleAscii":"/nganh-nghe/hoat-dong-quan-ly-nha-nuoc-noi-chung-va-kinh-te-tong-hop","DSTags":["4700189012","Bắc Cạn",null]}]}