{"ID":4902,"SolrID":"/bac-can/huyen-na-ri/thi-tran-yen-lac","Title":"Thị Trấn Yến Lạc","TinhThanhTitle":"Bắc Cạn","QuanHuyenTitle":"Huyện Na Rì","QuanHuyenID":345,"TinhThanhID":47,"Url":"https://thongtindoanhnghiep.co/api/company?l=/bac-can/huyen-na-ri/thi-tran-yen-lac","Total":79,"List":[{"Type":11,"SolrID":"/4700262128-cong-ty-tnhh-mtv-kinh-doanh-thuong-mai-va-dich-vu-du-lich-hiep-bang","ID":0,"MaSoThue":"4700262128","NgayCap":"2016-04-22T00:00:00Z","Title":"Công Ty TNHH Mtv Kinh Doanh Thương Mại Và Dịch Vụ Du Lịch Hiệp Bang","DiaChiCongTy":"Tổ ND Hát Deng - Thị trấn Yến Lạc - Huyện Na Rì - Bắc Cạn","Created":"2016-04-25T14:29:50Z","Updated":"2016-04-25T14:29:50Z","IsDelete":false,"RequestChanged":false,"ExitsInGDT":false,"SourceID":0,"TinhThanhID":0,"TinhThanhTitle":"Bắc Cạn","TinhThanhTitleAscii":"/bac-can","QuanHuyenID":0,"NganhNgheTitle":"Nhà hàng và các dịch vụ ăn uống phục vụ lưu động","NganhNgheTitleAscii":"/nganh-nghe/nha-hang-va-cac-dich-vu-an-uong-phuc-vu-luu-dong","DSTags":["4700262128","Bắc Cạn",null]},{"Type":11,"SolrID":"/4700261621-cong-ty-tnhh-yen-lac","ID":0,"MaSoThue":"4700261621","NgayCap":"2016-03-21T00:00:00Z","Title":"Công Ty TNHH Yến Lạc","DiaChiCongTy":"Tổ nhân dân Nà Đăng - Thị trấn Yến Lạc - Huyện Na Rì - Bắc Cạn","Created":"2016-03-22T10:41:34Z","Updated":"2016-03-22T10:41:34Z","IsDelete":false,"RequestChanged":false,"ExitsInGDT":false,"SourceID":0,"TinhThanhID":0,"TinhThanhTitle":"Bắc Cạn","TinhThanhTitleAscii":"/bac-can","QuanHuyenID":0,"NganhNgheTitle":"Bán buôn vật liệu, thiết bị lắp đặt khác trong xây dựng","NganhNgheTitleAscii":"/nganh-nghe/ban-buon-vat-lieu-thiet-bi-lap-dat-khac-trong-xay-dung","DSTags":["4700261621","Bắc Cạn",null]},{"Type":11,"SolrID":"/4700113341-013-chi-nhanh-vat-tu-nong-nghiep-huyen-na-ri-cong-ty-cp-vat-tu-ky-thuat-nong-nghiep-bac-kan","ID":0,"MaSoThue":"4700113341-013","NgayCap":"2016-01-06T00:00:00Z","Title":"Chi Nhánh Vật Tư Nông Nghiệp Huyện Na Rì, Công Ty CP Vật Tư Kỹ Thuật Nông Nghiệp Bắc Kạn","DiaChiCongTy":"Tổ nhân dân phố A - Thị trấn Yến Lạc - Huyện Na Rì - Bắc Cạn","Created":"2016-01-13T13:09:59Z","Updated":"2016-01-13T13:09:59Z","IsDelete":false,"RequestChanged":false,"ExitsInGDT":false,"SourceID":0,"TinhThanhID":0,"TinhThanhTitle":"Bắc Cạn","TinhThanhTitleAscii":"/bac-can","QuanHuyenID":0,"NganhNgheTitle":"Hoạt động dịch vụ trồng trọt","NganhNgheTitleAscii":"/nganh-nghe/hoat-dong-dich-vu-trong-trot","DSTags":["4700113341-013","Bắc Cạn",null]},{"Type":11,"SolrID":"/4700258001-cong-ty-cp-an-thinh-hiep","ID":0,"MaSoThue":"4700258001","NgayCap":"2015-07-20T00:00:00Z","Title":"Công Ty CP An Thịnh Hiệp","DiaChiCongTy":"Thôn Pò Đon - Thị trấn Yến Lạc - Huyện Na Rì - Bắc Cạn","Created":"2015-11-18T20:24:03Z","Updated":"2015-11-18T20:24:03Z","IsDelete":false,"RequestChanged":false,"ExitsInGDT":false,"SourceID":0,"TinhThanhID":0,"TinhThanhTitle":"Bắc Cạn","TinhThanhTitleAscii":"/bac-can","QuanHuyenID":0,"NganhNgheTitle":"Xây dựng nhà các loại","NganhNgheTitleAscii":"/nganh-nghe/xay-dung-nha-cac-loai","DSTags":["4700258001","Bắc Cạn",null]},{"Type":11,"SolrID":"/4700254430-doi-thue-lien-xa-chi-cuc-thue","ID":0,"MaSoThue":"4700254430","NgayCap":"2014-12-10T00:00:00Z","Title":"Đội Thuế Liên Xã Chi cục Thuế","DiaChiCongTy":"Thị Trấn Yên Lạc - Huyện Na Rì - Bắc Cạn","Created":"2015-11-15T09:18:06Z","Updated":"2015-11-15T09:18:06Z","IsDelete":false,"RequestChanged":false,"ExitsInGDT":false,"SourceID":0,"TinhThanhID":0,"TinhThanhTitle":"Bắc Cạn","TinhThanhTitleAscii":"/bac-can","QuanHuyenID":0,"NganhNgheTitle":"NÔNG NGHIỆP, LÂM NGHIỆP VÀ THUỶ SẢN","NganhNgheTitleAscii":"/nganh-nghe/nong-nghiep-lam-nghiep-va-thuy-san","DSTags":["4700254430","Bắc Cạn",null]},{"Type":11,"SolrID":"/4700253691-cong-ty-cp-sao-mai-bac-kan","ID":0,"MaSoThue":"4700253691","NgayCap":"2014-09-19T00:00:00Z","Title":"Công Ty CP Sao Mai Bắc Kạn","DiaChiCongTy":"Tổ nhân dân Nà Đăng - Thị trấn Yến Lạc - Huyện Na Rì - Bắc Cạn","Created":"2015-11-09T10:59:36Z","Updated":"2015-11-09T10:59:36Z","IsDelete":false,"RequestChanged":false,"ExitsInGDT":false,"SourceID":0,"TinhThanhID":0,"TinhThanhTitle":"Bắc Cạn","TinhThanhTitleAscii":"/bac-can","QuanHuyenID":0,"NganhNgheTitle":"Khai thác đá, cát, sỏi, đất sét","NganhNgheTitleAscii":"/nganh-nghe/khai-thac-da-cat-soi-dat-set","DSTags":["4700253691","Bắc Cạn",null]},{"Type":11,"SolrID":"/0100686174-647-ngan-hang-nong-nghiep-va-phat-trien-nong-thon-viet-nam-chi-nhanh-huyen-na-ri-bac-kan","ID":0,"MaSoThue":"0100686174-647","NgayCap":"2013-10-16T00:00:00Z","Title":"Ngân Hàng Nông Nghiệp Và Phát Triển Nông Thôn Việt Nam - Chi Nhánh Huyện Na Rì Bắc Kạn","DiaChiCongTy":"Thôn Pàn Bái - Thị trấn Yến Lạc - Huyện Na Rì - Bắc Cạn","Created":"2015-11-18T18:22:53Z","Updated":"2015-11-18T18:22:53Z","IsDelete":false,"RequestChanged":false,"ExitsInGDT":false,"SourceID":0,"TinhThanhID":0,"TinhThanhTitle":"Bắc Cạn","TinhThanhTitleAscii":"/bac-can","QuanHuyenID":0,"NganhNgheTitle":"Hoạt động trung gian tiền tệ khác","NganhNgheTitleAscii":"/nganh-nghe/hoat-dong-trung-gian-tien-te-khac","DSTags":["0100686174-647","Bắc Cạn",null]},{"Type":11,"SolrID":"/4700244601-cong-ty-tnhh-mot-thanh-vien-bao-ngoc-na-ri","ID":0,"MaSoThue":"4700244601","NgayCap":"2013-08-28T00:00:00Z","Title":"Công Ty TNHH Một Thành Viên Bảo Ngọc Na Rì","DiaChiCongTy":"Thôn Cốc Coóc - Thị trấn Yến Lạc - Huyện Na Rì - Bắc Cạn","Created":"2015-11-11T18:27:03Z","Updated":"2015-11-11T18:27:03Z","IsDelete":false,"RequestChanged":false,"ExitsInGDT":false,"SourceID":0,"TinhThanhID":0,"TinhThanhTitle":"Bắc Cạn","TinhThanhTitleAscii":"/bac-can","QuanHuyenID":0,"NganhNgheTitle":"Xây dựng công trình đường sắt và đường bộ","NganhNgheTitleAscii":"/nganh-nghe/xay-dung-cong-trinh-duong-sat-va-duong-bo","DSTags":["4700244601","Bắc Cạn",null]},{"Type":11,"SolrID":"/4700241375-cong-ty-tnhh-trung-luu","ID":0,"MaSoThue":"4700241375","NgayCap":"2013-03-29T00:00:00Z","Title":"Công Ty TNHH Trung Lưu","DiaChiCongTy":"Thôn phố A - Thị trấn Yến Lạc - Huyện Na Rì - Bắc Cạn","Created":"2015-11-11T22:41:29Z","Updated":"2015-11-11T22:41:29Z","IsDelete":false,"RequestChanged":false,"ExitsInGDT":false,"SourceID":0,"TinhThanhID":0,"TinhThanhTitle":"Bắc Cạn","TinhThanhTitleAscii":"/bac-can","QuanHuyenID":0,"NganhNgheTitle":"Xây dựng nhà các loại","NganhNgheTitleAscii":"/nganh-nghe/xay-dung-nha-cac-loai","DSTags":["4700241375","Bắc Cạn",null]},{"Type":11,"SolrID":"/4700236311-doanh-nghiep-tn-vang-bac-vinh-tin-na-ri","ID":0,"MaSoThue":"4700236311","NgayCap":"2012-09-26T00:00:00Z","Title":"Doanh Nghiệp TN Vàng Bạc Vĩnh Tín Na Rì","DiaChiCongTy":"Thôn Pò Đon - Thị trấn Yến Lạc - Huyện Na Rì - Bắc Cạn","Created":"2015-11-16T23:40:05Z","Updated":"2015-11-16T23:40:05Z","IsDelete":false,"RequestChanged":false,"ExitsInGDT":false,"SourceID":0,"TinhThanhID":0,"TinhThanhTitle":"Bắc Cạn","TinhThanhTitleAscii":"/bac-can","QuanHuyenID":0,"NganhNgheTitle":"Bán lẻ hàng hóa khác mới trong các cửa hàng chuyên doanh","NganhNgheTitleAscii":"/nganh-nghe/ban-le-hang-hoa-khac-moi-trong-cac-cua-hang-chuyen-doanh","DSTags":["4700236311","Bắc Cạn",null]},{"Type":11,"SolrID":"/4700222887-cong-ty-cp-tu-van-xay-dung-phuc-kim-bac-kan","ID":0,"MaSoThue":"4700222887","NgayCap":"2012-01-03T00:00:00Z","Title":"Công Ty CP Tư Vấn - Xây Dựng Phúc Kim Bắc Kạn","DiaChiCongTy":"Tổ nhân dân Nà Đăng - Thị trấn Yến Lạc - Huyện Na Rì - Bắc Cạn","Created":"2015-11-10T02:05:14Z","Updated":"2015-11-10T02:05:14Z","IsDelete":false,"RequestChanged":false,"ExitsInGDT":false,"SourceID":0,"TinhThanhID":0,"TinhThanhTitle":"Bắc Cạn","TinhThanhTitleAscii":"/bac-can","QuanHuyenID":0,"NganhNgheTitle":"Xây dựng nhà các loại","NganhNgheTitleAscii":"/nganh-nghe/xay-dung-nha-cac-loai","DSTags":["4700222887","Bắc Cạn",null]},{"Type":11,"SolrID":"/4700214734-cong-ty-tnhh-xay-dung-va-thuong-mai-kim-anh-bac-kan","ID":0,"MaSoThue":"4700214734","NgayCap":"2011-11-24T00:00:00Z","Title":"Công Ty TNHH Xây Dựng Và Thương Mại Kim Anh Bắc Kạn","DiaChiCongTy":"Thôn Nà Đăng - Thị trấn Yến Lạc - Huyện Na Rì - Bắc Cạn","Created":"2015-11-10T02:04:43Z","Updated":"2015-11-10T02:04:43Z","IsDelete":false,"RequestChanged":false,"ExitsInGDT":false,"SourceID":0,"TinhThanhID":0,"TinhThanhTitle":"Bắc Cạn","TinhThanhTitleAscii":"/bac-can","QuanHuyenID":0,"NganhNgheTitle":"Xây dựng nhà các loại","NganhNgheTitleAscii":"/nganh-nghe/xay-dung-nha-cac-loai","DSTags":["4700214734","Bắc Cạn",null]},{"Type":11,"SolrID":"/4700212871-cong-ty-cp-vuong-phat-na-ri","ID":0,"MaSoThue":"4700212871","NgayCap":"2011-10-17T00:00:00Z","Title":"Công Ty CP Vượng Phát Na Rì","DiaChiCongTy":"Pàn Chầu - Thị trấn Yến Lạc - Huyện Na Rì - Bắc Cạn","Created":"2015-11-10T02:05:17Z","Updated":"2015-11-10T02:05:17Z","IsDelete":false,"RequestChanged":false,"ExitsInGDT":false,"SourceID":0,"TinhThanhID":0,"TinhThanhTitle":"Bắc Cạn","TinhThanhTitleAscii":"/bac-can","QuanHuyenID":0,"NganhNgheTitle":"Khai thác quặng kim loại khác không chứa sắt","NganhNgheTitleAscii":"/nganh-nghe/khai-thac-quang-kim-loai-khac-khong-chua-sat","DSTags":["4700212871","Bắc Cạn",null]},{"Type":11,"SolrID":"/4700210602-phong-dan-toc-huyen-na-ri","ID":0,"MaSoThue":"4700210602","NgayCap":"2011-09-12T00:00:00Z","Title":"Phòng Dân Tộc huyện Na Rì","DiaChiCongTy":"Thị Trấn Yến Lạc - Huyện Na Rì - Bắc Cạn","Created":"2015-11-16T00:38:44Z","Updated":"2015-11-16T00:38:44Z","IsDelete":false,"RequestChanged":false,"ExitsInGDT":false,"SourceID":0,"TinhThanhID":0,"TinhThanhTitle":"Bắc Cạn","TinhThanhTitleAscii":"/bac-can","QuanHuyenID":0,"NganhNgheTitle":"Hoạt động của Đảng cộng sản, tổ chức chính trị - xã hội","NganhNgheTitleAscii":"/nganh-nghe/hoat-dong-cua-dang-cong-san-to-chuc-chinh-tri-xa-hoi","DSTags":["4700210602","Bắc Cạn",null]},{"Type":11,"SolrID":"/4700208258-cong-ty-cp-dau-tu-va-xay-dung-dai-phong-bac-kan","ID":0,"MaSoThue":"4700208258","NgayCap":"2011-08-25T00:00:00Z","Title":"Công Ty CP Đầu Tư Và Xây Dựng Đại Phong Bắc Kạn","DiaChiCongTy":"Tổ nhân dân Phố Mới - Thị trấn Yến Lạc - Huyện Na Rì - Bắc Cạn","Created":"2015-11-10T02:04:19Z","Updated":"2015-11-10T02:04:19Z","IsDelete":false,"RequestChanged":false,"ExitsInGDT":false,"SourceID":0,"TinhThanhID":0,"TinhThanhTitle":"Bắc Cạn","TinhThanhTitleAscii":"/bac-can","QuanHuyenID":0,"NganhNgheTitle":"Xây dựng nhà các loại","NganhNgheTitleAscii":"/nganh-nghe/xay-dung-nha-cac-loai","DSTags":["4700208258","Bắc Cạn",null]},{"Type":11,"SolrID":"/4700204990-doanh-nghiep-tn-quan-sang-na-ri","ID":0,"MaSoThue":"4700204990","NgayCap":"2011-07-11T00:00:00Z","Title":"Doanh Nghiệp TN Quân Sang Na Rì","DiaChiCongTy":"Thôn Pò Đon - Thị trấn Yến Lạc - Huyện Na Rì - Bắc Cạn","Created":"2015-11-16T19:56:06Z","Updated":"2015-11-16T19:56:06Z","IsDelete":false,"RequestChanged":false,"ExitsInGDT":false,"SourceID":0,"TinhThanhID":0,"TinhThanhTitle":"Bắc Cạn","TinhThanhTitleAscii":"/bac-can","QuanHuyenID":0,"NganhNgheTitle":"Xây dựng nhà các loại","NganhNgheTitleAscii":"/nganh-nghe/xay-dung-nha-cac-loai","DSTags":["4700204990","Bắc Cạn",null]},{"Type":11,"SolrID":"/4700199148-cong-ty-cp-nam-manh-hung","ID":0,"MaSoThue":"4700199148","NgayCap":"2010-12-17T00:00:00Z","Title":"Công Ty CP Nam Mạnh Hưng","DiaChiCongTy":"Tổ Pò Đon - Thị trấn Yến Lạc - Huyện Na Rì - Bắc Cạn","Created":"2015-11-10T02:04:40Z","Updated":"2015-11-10T02:04:40Z","IsDelete":false,"RequestChanged":false,"ExitsInGDT":false,"SourceID":0,"TinhThanhID":0,"TinhThanhTitle":"Bắc Cạn","TinhThanhTitleAscii":"/bac-can","QuanHuyenID":0,"NganhNgheTitle":"Bán buôn máy vi tính, thiết bị ngoại vi và phần mềm","NganhNgheTitleAscii":"/nganh-nghe/ban-buon-may-vi-tinh-thiet-bi-ngoai-vi-va-phan-mem","DSTags":["4700199148","Bắc Cạn",null]},{"Type":11,"SolrID":"/4700198232-doanh-nghiep-tn-minh-hue","ID":0,"MaSoThue":"4700198232","NgayCap":"2010-10-28T00:00:00Z","Title":"Doanh Nghiệp TN Minh Huệ","DiaChiCongTy":"Thôn Hát Deng - Thị trấn Yến Lạc - Huyện Na Rì - Bắc Cạn","Created":"2015-11-16T21:25:46Z","Updated":"2015-11-16T21:25:46Z","IsDelete":false,"RequestChanged":false,"ExitsInGDT":false,"SourceID":0,"TinhThanhID":0,"TinhThanhTitle":"Bắc Cạn","TinhThanhTitleAscii":"/bac-can","QuanHuyenID":0,"NganhNgheTitle":"Xây dựng công trình đường bộ","NganhNgheTitleAscii":"/nganh-nghe/xay-dung-cong-trinh-duong-bo","DSTags":["4700198232","Bắc Cạn",null]},{"Type":11,"SolrID":"/4700193509-ban-quan-ly-co-so-ha-tang-ky-thuat","ID":0,"MaSoThue":"4700193509","NgayCap":"2010-04-05T00:00:00Z","Title":"Ban quản lý cơ sở hạ tầng kỹ thuật","DiaChiCongTy":"- Thị trấn Yến Lạc - Huyện Na Rì - Bắc Cạn","Created":"2015-11-16T21:29:02Z","Updated":"2015-11-16T21:29:02Z","IsDelete":false,"RequestChanged":false,"ExitsInGDT":false,"SourceID":0,"TinhThanhID":0,"TinhThanhTitle":"Bắc Cạn","TinhThanhTitleAscii":"/bac-can","QuanHuyenID":0,"NganhNgheTitle":"Lắp đặt hệ thống điện, hệ thống cấp thoát nước và lắp đặt xây dựng khác","NganhNgheTitleAscii":"/nganh-nghe/lap-dat-he-thong-dien-he-thong-cap-thoat-nuoc-va-lap-dat-xay-dung-khac","DSTags":["4700193509","Bắc Cạn",null]},{"Type":11,"SolrID":"/4700192431-cong-ty-co-phan-khanh-kien","ID":0,"MaSoThue":"4700192431","NgayCap":"2010-02-03T00:00:00Z","Title":"Công ty cổ phần Khánh Kiên","DiaChiCongTy":"- Thị trấn Yến Lạc - Huyện Na Rì - Bắc Cạn","Created":"2015-11-09T10:34:58Z","Updated":"2015-11-09T10:34:58Z","IsDelete":false,"RequestChanged":false,"ExitsInGDT":false,"SourceID":0,"TinhThanhID":0,"TinhThanhTitle":"Bắc Cạn","TinhThanhTitleAscii":"/bac-can","QuanHuyenID":0,"NganhNgheTitle":"Xây dựng công trình kỹ thuật dân dụng","NganhNgheTitleAscii":"/nganh-nghe/xay-dung-cong-trinh-ky-thuat-dan-dung","DSTags":["4700192431","Bắc Cạn",null]},{"Type":11,"SolrID":"/4700190226-ban-quan-ly-cac-du-an-na-ri","ID":0,"MaSoThue":"4700190226","NgayCap":"2009-10-08T00:00:00Z","Title":"Ban quản lý các dự án Na Rì","DiaChiCongTy":"Tổ nhân dân Pàn Bái, thị trấn Yến Lạc - Huyện Na Rì - Bắc Cạn","Created":"2015-11-16T22:49:15Z","Updated":"2015-11-16T22:49:15Z","IsDelete":false,"RequestChanged":false,"ExitsInGDT":false,"SourceID":0,"TinhThanhID":0,"TinhThanhTitle":"Bắc Cạn","TinhThanhTitleAscii":"/bac-can","QuanHuyenID":0,"NganhNgheTitle":"Hoạt động của Đảng cộng sản, tổ chức chính trị - xã hội, hoạt động quản lý nhà nước nói chung và kinh tế tổng hợp","NganhNgheTitleAscii":"/nganh-nghe/hoat-dong-cua-dang-cong-san-to-chuc-chinh-tri-xa-hoi-hoat-dong-quan-ly-nha-nuoc-noi-chung-va-kinh-te-tong-hop","DSTags":["4700190226","Bắc Cạn",null]},{"Type":11,"SolrID":"/4700190233-van-phong-dang-ky-quyen-su-dung-dat-huyen-na-ri","ID":0,"MaSoThue":"4700190233","NgayCap":"2009-10-08T00:00:00Z","Title":"Văn phòng đăng ký quyền sử dụng đất huyện Na Rì","DiaChiCongTy":"Tổ nhân dân Pàn Bái, thị trấn Yến Lạc - Huyện Na Rì - Bắc Cạn","Created":"2015-11-16T22:49:16Z","Updated":"2015-11-16T22:49:16Z","IsDelete":false,"RequestChanged":false,"ExitsInGDT":false,"SourceID":0,"TinhThanhID":0,"TinhThanhTitle":"Bắc Cạn","TinhThanhTitleAscii":"/bac-can","QuanHuyenID":0,"NganhNgheTitle":"Hoạt động dịch vụ tài chính khác chưa được phân vào đâu (trừ bảo hiểm và bảo hiểm xã hội)","NganhNgheTitleAscii":"/nganh-nghe/hoat-dong-dich-vu-tai-chinh-khac-chua-duoc-phan-vao-dau-tru-bao-hiem-va-bao-hiem-xa-hoi","DSTags":["4700190233","Bắc Cạn",null]},{"Type":11,"SolrID":"/4700189799-toa-an-nhan-dan-huyen-na-ri-tinh-bac-kan","ID":0,"MaSoThue":"4700189799","NgayCap":"2009-09-14T00:00:00Z","Title":"Tòa án nhân dân huyện Na Rì- tỉnh Bắc Kạn","DiaChiCongTy":"thị trấn Yến Lạc - Huyện Na Rì - Bắc Cạn","Created":"2015-11-16T08:03:53Z","Updated":"2015-11-16T08:03:53Z","IsDelete":false,"RequestChanged":false,"ExitsInGDT":false,"SourceID":0,"TinhThanhID":0,"TinhThanhTitle":"Bắc Cạn","TinhThanhTitleAscii":"/bac-can","QuanHuyenID":0,"NganhNgheTitle":"Hoạt động quản lý nhà nước nói chung và kinh tế tổng hợp","NganhNgheTitleAscii":"/nganh-nghe/hoat-dong-quan-ly-nha-nuoc-noi-chung-va-kinh-te-tong-hop","DSTags":["4700189799","Bắc Cạn",null]},{"Type":11,"SolrID":"/4700189580-kho-bac-nha-nuoc-na-ri","ID":0,"MaSoThue":"4700189580","NgayCap":"2009-09-07T00:00:00Z","Title":"Kho bạc nhà nước Na Rì","DiaChiCongTy":"Tổ nhân dân Pàn Bãi, thị trấn Yến Lạc - Huyện Na Rì - Bắc Cạn","Created":"2015-11-16T08:24:08Z","Updated":"2015-11-16T08:24:08Z","IsDelete":false,"RequestChanged":false,"ExitsInGDT":false,"SourceID":0,"TinhThanhID":0,"TinhThanhTitle":"Bắc Cạn","TinhThanhTitleAscii":"/bac-can","QuanHuyenID":0,"NganhNgheTitle":"Hoạt động quản lý nhà nước nói chung và kinh tế tổng hợp","NganhNgheTitleAscii":"/nganh-nghe/hoat-dong-quan-ly-nha-nuoc-noi-chung-va-kinh-te-tong-hop","DSTags":["4700189580","Bắc Cạn",null]},{"Type":11,"SolrID":"/4700189340-van-phong-hdnd-ubnd-huyen-na-ri","ID":0,"MaSoThue":"4700189340","NgayCap":"2009-08-25T00:00:00Z","Title":"Văn phòng HĐND-UBND huyện Na Rì","DiaChiCongTy":"Tổ nhân dân Pàn Bái, Thị trấn Yến Lạc - Huyện Na Rì - Bắc Cạn","Created":"2015-11-17T07:14:53Z","Updated":"2015-11-17T07:14:53Z","IsDelete":false,"RequestChanged":false,"ExitsInGDT":false,"SourceID":0,"TinhThanhID":0,"TinhThanhTitle":"Bắc Cạn","TinhThanhTitleAscii":"/bac-can","QuanHuyenID":0,"NganhNgheTitle":"Hoạt động quản lý nhà nước nói chung và kinh tế tổng hợp","NganhNgheTitleAscii":"/nganh-nghe/hoat-dong-quan-ly-nha-nuoc-noi-chung-va-kinh-te-tong-hop","DSTags":["4700189340","Bắc Cạn",null]},{"Type":11,"SolrID":"/4700189333-phong-van-hoa-va-thong-tin-huyen-na-ri","ID":0,"MaSoThue":"4700189333","NgayCap":"2009-08-25T00:00:00Z","Title":"Phòng Văn hoá và Thông tin huyện Na Rì","DiaChiCongTy":"Tổ nhân dân Phố Mới, Thị trấn Yến Lạc - Huyện Na Rì - Bắc Cạn","Created":"2015-11-16T08:55:09Z","Updated":"2015-11-16T08:55:09Z","IsDelete":false,"RequestChanged":false,"ExitsInGDT":false,"SourceID":0,"TinhThanhID":0,"TinhThanhTitle":"Bắc Cạn","TinhThanhTitleAscii":"/bac-can","QuanHuyenID":0,"NganhNgheTitle":"Hoạt động sáng tác, nghệ thuật và giải trí","NganhNgheTitleAscii":"/nganh-nghe/hoat-dong-sang-tac-nghe-thuat-va-giai-tri","DSTags":["4700189333","Bắc Cạn",null]},{"Type":11,"SolrID":"/4700189365-thanh-tra-huyen-na-ri","ID":0,"MaSoThue":"4700189365","NgayCap":"2009-08-25T00:00:00Z","Title":"Thanh tra huyện Na Rì","DiaChiCongTy":"Tổ nhân dân Pàn Bái, thị trấn Yến Lạc - Huyện Na Rì - Bắc Cạn","Created":"2015-11-15T20:47:50Z","Updated":"2015-11-15T20:47:50Z","IsDelete":false,"RequestChanged":false,"ExitsInGDT":false,"SourceID":0,"TinhThanhID":0,"TinhThanhTitle":"Bắc Cạn","TinhThanhTitleAscii":"/bac-can","QuanHuyenID":0,"NganhNgheTitle":"Hoạt động quản lý nhà nước nói chung và kinh tế tổng hợp","NganhNgheTitleAscii":"/nganh-nghe/hoat-dong-quan-ly-nha-nuoc-noi-chung-va-kinh-te-tong-hop","DSTags":["4700189365","Bắc Cạn",null]},{"Type":11,"SolrID":"/4700189037-phong-tai-nguyen-va-moi-truong","ID":0,"MaSoThue":"4700189037","NgayCap":"2009-08-17T00:00:00Z","Title":"Phòng tài nguyên và môi trường","DiaChiCongTy":"Tổ ND Pàn Bái, Thị trấn Yến Lạc - Huyện Na Rì - Bắc Cạn","Created":"2015-11-16T09:21:37Z","Updated":"2015-11-16T09:21:37Z","IsDelete":false,"RequestChanged":false,"ExitsInGDT":false,"SourceID":0,"TinhThanhID":0,"TinhThanhTitle":"Bắc Cạn","TinhThanhTitleAscii":"/bac-can","QuanHuyenID":0,"NganhNgheTitle":"Hoạt động quản lý nhà nước nói chung và kinh tế tổng hợp","NganhNgheTitleAscii":"/nganh-nghe/hoat-dong-quan-ly-nha-nuoc-noi-chung-va-kinh-te-tong-hop","DSTags":["4700189037","Bắc Cạn",null]},{"Type":11,"SolrID":"/4700188918-phong-giao-dich-ngan-hang-chinh-sach-xa-hoi-huyen-na-ri","ID":0,"MaSoThue":"4700188918","NgayCap":"2009-08-12T00:00:00Z","Title":"Phòng giao dịch ngân hàng chính sách xã hội huyện Na Rì","DiaChiCongTy":"Phố A, Thị trấn Yến Lạc - Huyện Na Rì - Bắc Cạn","Created":"2015-11-16T09:34:30Z","Updated":"2015-11-16T09:34:30Z","IsDelete":false,"RequestChanged":false,"ExitsInGDT":false,"SourceID":0,"TinhThanhID":0,"TinhThanhTitle":"Bắc Cạn","TinhThanhTitleAscii":"/bac-can","QuanHuyenID":0,"NganhNgheTitle":"Hoạt động trung gian tiền tệ","NganhNgheTitleAscii":"/nganh-nghe/hoat-dong-trung-gian-tien-te","DSTags":["4700188918","Bắc Cạn",null]},{"Type":11,"SolrID":"/4700188361-huyen-uy-na-ri","ID":0,"MaSoThue":"4700188361","NgayCap":"2009-08-04T00:00:00Z","Title":"Huyện Uỷ Na Rì","DiaChiCongTy":"Thị trấn Yến Lạc - Huyện Na Rì - Bắc Cạn","Created":"2015-11-15T20:59:51Z","Updated":"2015-11-15T20:59:51Z","IsDelete":false,"RequestChanged":false,"ExitsInGDT":false,"SourceID":0,"TinhThanhID":0,"TinhThanhTitle":"Bắc Cạn","TinhThanhTitleAscii":"/bac-can","QuanHuyenID":0,"NganhNgheTitle":"Hoạt động quản lý nhà nước nói chung và kinh tế tổng hợp","NganhNgheTitleAscii":"/nganh-nghe/hoat-dong-quan-ly-nha-nuoc-noi-chung-va-kinh-te-tong-hop","DSTags":["4700188361","Bắc Cạn",null]},{"Type":11,"SolrID":"/4700188139-phong-lao-dong-tb-xh","ID":0,"MaSoThue":"4700188139","NgayCap":"2009-07-28T00:00:00Z","Title":"Phòng lao động - TB & XH","DiaChiCongTy":"Tổ nhân dân Pàn Bái, thị trấn Yến Lạc - Huyện Na Rì - Bắc Cạn","Created":"2015-11-16T10:14:50Z","Updated":"2015-11-16T10:14:50Z","IsDelete":false,"RequestChanged":false,"ExitsInGDT":false,"SourceID":0,"TinhThanhID":0,"TinhThanhTitle":"Bắc Cạn","TinhThanhTitleAscii":"/bac-can","QuanHuyenID":0,"NganhNgheTitle":"Hoạt động quản lý nhà nước nói chung và kinh tế tổng hợp","NganhNgheTitleAscii":"/nganh-nghe/hoat-dong-quan-ly-nha-nuoc-noi-chung-va-kinh-te-tong-hop","DSTags":["4700188139","Bắc Cạn",null]},{"Type":11,"SolrID":"/4700188153-phong-noi-vu-huyen-na-ri","ID":0,"MaSoThue":"4700188153","NgayCap":"2009-07-28T00:00:00Z","Title":"Phòng Nội Vụ huyện Na Rì","DiaChiCongTy":"Tổ nhân dân Pàn Bái, thị trấn Yến Lạc - Huyện Na Rì - Bắc Cạn","Created":"2015-11-16T10:14:53Z","Updated":"2015-11-16T10:14:53Z","IsDelete":false,"RequestChanged":false,"ExitsInGDT":false,"SourceID":0,"TinhThanhID":0,"TinhThanhTitle":"Bắc Cạn","TinhThanhTitleAscii":"/bac-can","QuanHuyenID":0,"NganhNgheTitle":"Hoạt động quản lý nhà nước nói chung và kinh tế tổng hợp","NganhNgheTitleAscii":"/nganh-nghe/hoat-dong-quan-ly-nha-nuoc-noi-chung-va-kinh-te-tong-hop","DSTags":["4700188153","Bắc Cạn",null]},{"Type":11,"SolrID":"/4700173799-trung-tam-y-te-huyen-na-ri","ID":0,"MaSoThue":"4700173799","NgayCap":"2009-04-10T00:00:00Z","Title":"Trung tâm y tế huyện Na Rì","DiaChiCongTy":"Thôn Pàn Chầu, Thị trấn Yến Lạc - Huyện Na Rì - Bắc Cạn","Created":"2015-11-17T07:24:38Z","Updated":"2015-11-17T07:24:38Z","IsDelete":false,"RequestChanged":false,"ExitsInGDT":false,"SourceID":0,"TinhThanhID":0,"TinhThanhTitle":"Bắc Cạn","TinhThanhTitleAscii":"/bac-can","QuanHuyenID":0,"NganhNgheTitle":"Hoạt động quản lý nhà nước nói chung và kinh tế tổng hợp","NganhNgheTitleAscii":"/nganh-nghe/hoat-dong-quan-ly-nha-nuoc-noi-chung-va-kinh-te-tong-hop","DSTags":["4700173799","Bắc Cạn",null]},{"Type":11,"SolrID":"/4700173728-huyen-doan-na-ri","ID":0,"MaSoThue":"4700173728","NgayCap":"2009-04-10T00:00:00Z","Title":"Huyện đoàn Na Rì","DiaChiCongTy":"Tổ dân phố A, Thị trấn Yến Lạc - Huyện Na Rì - Bắc Cạn","Created":"2015-11-16T15:12:42Z","Updated":"2015-11-16T15:12:42Z","IsDelete":false,"RequestChanged":false,"ExitsInGDT":false,"SourceID":0,"TinhThanhID":0,"TinhThanhTitle":"Bắc Cạn","TinhThanhTitleAscii":"/bac-can","QuanHuyenID":0,"NganhNgheTitle":"Hoạt động quản lý nhà nước trong các lĩnh vực kinh tế chuyên ngành","NganhNgheTitleAscii":"/nganh-nghe/hoat-dong-quan-ly-nha-nuoc-trong-cac-linh-vuc-kinh-te-chuyen-nganh","DSTags":["4700173728","Bắc Cạn",null]},{"Type":11,"SolrID":"/4700173742-vien-kiem-sat-nhan-dan-huyen-na-ri","ID":0,"MaSoThue":"4700173742","NgayCap":"2009-04-10T00:00:00Z","Title":"Viện kiểm sát nhân dân huyện Na Rì","DiaChiCongTy":"Phố mới, Thị trấn Yến Lạc - Huyện Na Rì - Bắc Cạn","Created":"2015-11-16T15:12:44Z","Updated":"2015-11-16T15:12:44Z","IsDelete":false,"RequestChanged":false,"ExitsInGDT":false,"SourceID":0,"TinhThanhID":0,"TinhThanhTitle":"Bắc Cạn","TinhThanhTitleAscii":"/bac-can","QuanHuyenID":0,"NganhNgheTitle":"Hoạt động quản lý nhà nước nói chung và kinh tế tổng hợp","NganhNgheTitleAscii":"/nganh-nghe/hoat-dong-quan-ly-nha-nuoc-noi-chung-va-kinh-te-tong-hop","DSTags":["4700173742","Bắc Cạn",null]},{"Type":11,"SolrID":"/4700173767-truong-trung-hoc-pho-thong-na-ri","ID":0,"MaSoThue":"4700173767","NgayCap":"2009-04-10T00:00:00Z","Title":"Trường trung học phổ thông Na Rì","DiaChiCongTy":"Thôn Giả Dìa, thị trấn Yến Lạc - Huyện Na Rì - Bắc Cạn","Created":"2015-11-16T15:12:46Z","Updated":"2015-11-16T15:12:46Z","IsDelete":false,"RequestChanged":false,"ExitsInGDT":false,"SourceID":0,"TinhThanhID":0,"TinhThanhTitle":"Bắc Cạn","TinhThanhTitleAscii":"/bac-can","QuanHuyenID":0,"NganhNgheTitle":"Giáo dục trung học cơ sở và trung học phổ thông","NganhNgheTitleAscii":"/nganh-nghe/giao-duc-trung-hoc-co-so-va-trung-hoc-pho-thong","DSTags":["4700173767","Bắc Cạn",null]},{"Type":11,"SolrID":"/4700173774-dai-phat-thanh-truyen-hinh-na-ri","ID":0,"MaSoThue":"4700173774","NgayCap":"2009-04-10T00:00:00Z","Title":"Đài phát thanh- Truyền hình Na Rì","DiaChiCongTy":"Tổ dân Hát Gieng- Thị trấn Yến Lạc - Huyện Na Rì - Bắc Cạn","Created":"2015-11-16T15:12:47Z","Updated":"2015-11-16T15:12:47Z","IsDelete":false,"RequestChanged":false,"ExitsInGDT":false,"SourceID":0,"TinhThanhID":0,"TinhThanhTitle":"Bắc Cạn","TinhThanhTitleAscii":"/bac-can","QuanHuyenID":0,"NganhNgheTitle":"Hoạt động phát thanh, truyền hình","NganhNgheTitleAscii":"/nganh-nghe/hoat-dong-phat-thanh-truyen-hinh","DSTags":["4700173774","Bắc Cạn",null]},{"Type":11,"SolrID":"/4700173809-bao-hiem-xa-hoi-huyen-na-ri","ID":0,"MaSoThue":"4700173809","NgayCap":"2009-04-10T00:00:00Z","Title":"Bảo hiểm xã hội huyện Na Rì","DiaChiCongTy":"Tổ nhân dân Pàn bái, Thị trấn Yến Lạc - Huyện Na Rì - Bắc Cạn","Created":"2015-11-16T15:12:49Z","Updated":"2015-11-16T15:12:49Z","IsDelete":false,"RequestChanged":false,"ExitsInGDT":false,"SourceID":0,"TinhThanhID":0,"TinhThanhTitle":"Bắc Cạn","TinhThanhTitleAscii":"/bac-can","QuanHuyenID":0,"NganhNgheTitle":"Hoạt động bảo đảm xã hội bắt buộc","NganhNgheTitleAscii":"/nganh-nghe/hoat-dong-bao-dam-xa-hoi-bat-buoc","DSTags":["4700173809","Bắc Cạn",null]},{"Type":11,"SolrID":"/4700173816-chi-cuc-thong-ke-huyen-na-ri","ID":0,"MaSoThue":"4700173816","NgayCap":"2009-04-10T00:00:00Z","Title":"Chi cục Thống Kê huyện Na Rì","DiaChiCongTy":"Tổ nhân dân Pàn Bái, Thị trấn Yến Lạc - Huyện Na Rì - Bắc Cạn","Created":"2015-11-16T15:12:49Z","Updated":"2015-11-16T15:12:49Z","IsDelete":false,"RequestChanged":false,"ExitsInGDT":false,"SourceID":0,"TinhThanhID":0,"TinhThanhTitle":"Bắc Cạn","TinhThanhTitleAscii":"/bac-can","QuanHuyenID":0,"NganhNgheTitle":"Hoạt động quản lý nhà nước nói chung và kinh tế tổng hợp","NganhNgheTitleAscii":"/nganh-nghe/hoat-dong-quan-ly-nha-nuoc-noi-chung-va-kinh-te-tong-hop","DSTags":["4700173816","Bắc Cạn",null]},{"Type":11,"SolrID":"/4700173710-trung-tam-boi-duong-chinh-tri","ID":0,"MaSoThue":"4700173710","NgayCap":"2009-04-09T00:00:00Z","Title":"Trung tâm bồi dưỡng chính trị","DiaChiCongTy":"Tổ dân phố A, Thị trấn Yến Lạc - Huyện Na Rì - Bắc Cạn","Created":"2015-11-17T12:23:47Z","Updated":"2015-11-17T12:23:47Z","IsDelete":false,"RequestChanged":false,"ExitsInGDT":false,"SourceID":0,"TinhThanhID":0,"TinhThanhTitle":"Bắc Cạn","TinhThanhTitleAscii":"/bac-can","QuanHuyenID":0,"NganhNgheTitle":"Hoạt động quản lý nhà nước nói chung và kinh tế tổng hợp","NganhNgheTitleAscii":"/nganh-nghe/hoat-dong-quan-ly-nha-nuoc-noi-chung-va-kinh-te-tong-hop","DSTags":["4700173710","Bắc Cạn",null]},{"Type":11,"SolrID":"/4700173252-trung-tam-day-nghe-huyen-na-ri","ID":0,"MaSoThue":"4700173252","NgayCap":"2009-04-08T00:00:00Z","Title":"Trung tâm dạy nghề huyện Na Rì","DiaChiCongTy":"Tổ dân phố Pò Đon, thị trấn Yến Lạc - Huyện Na Rì - Bắc Cạn","Created":"2015-11-17T07:26:24Z","Updated":"2015-11-17T07:26:24Z","IsDelete":false,"RequestChanged":false,"ExitsInGDT":false,"SourceID":0,"TinhThanhID":0,"TinhThanhTitle":"Bắc Cạn","TinhThanhTitleAscii":"/bac-can","QuanHuyenID":0,"NganhNgheTitle":"Giáo dục nghề nghiệp","NganhNgheTitleAscii":"/nganh-nghe/giao-duc-nghe-nghiep","DSTags":["4700173252","Bắc Cạn",null]},{"Type":11,"SolrID":"/4700173284-trung-tam-dan-so-khhgd-huyen-na-ri","ID":0,"MaSoThue":"4700173284","NgayCap":"2009-04-08T00:00:00Z","Title":"Trung tâm dân số- KHHGĐ huyện Na Rì","DiaChiCongTy":"Pàn Bái, Thị trấn Yến Lạc - Huyện Na Rì - Bắc Cạn","Created":"2015-11-17T07:26:25Z","Updated":"2015-11-17T07:26:25Z","IsDelete":false,"RequestChanged":false,"ExitsInGDT":false,"SourceID":0,"TinhThanhID":0,"TinhThanhTitle":"Bắc Cạn","TinhThanhTitleAscii":"/bac-can","QuanHuyenID":0,"NganhNgheTitle":"Hoạt động quản lý nhà nước nói chung và kinh tế tổng hợp","NganhNgheTitleAscii":"/nganh-nghe/hoat-dong-quan-ly-nha-nuoc-noi-chung-va-kinh-te-tong-hop","DSTags":["4700173284","Bắc Cạn",null]},{"Type":11,"SolrID":"/4700173245-hoi-lien-hiep-phu-nu-na-ri","ID":0,"MaSoThue":"4700173245","NgayCap":"2009-04-08T00:00:00Z","Title":"Hội liên hiệp phụ nữ Na Rì","DiaChiCongTy":"Tổ dân phố A, Thị trấn Yến Lạc - Huyện Na Rì - Bắc Cạn","Created":"2015-11-16T15:17:40Z","Updated":"2015-11-16T15:17:40Z","IsDelete":false,"RequestChanged":false,"ExitsInGDT":false,"SourceID":0,"TinhThanhID":0,"TinhThanhTitle":"Bắc Cạn","TinhThanhTitleAscii":"/bac-can","QuanHuyenID":0,"NganhNgheTitle":"Hoạt động quản lý nhà nước trong các lĩnh vực kinh tế chuyên ngành","NganhNgheTitleAscii":"/nganh-nghe/hoat-dong-quan-ly-nha-nuoc-trong-cac-linh-vuc-kinh-te-chuyen-nganh","DSTags":["4700173245","Bắc Cạn",null]},{"Type":11,"SolrID":"/4700173372-phong-y-te-huyen-na-ri","ID":0,"MaSoThue":"4700173372","NgayCap":"2009-04-08T00:00:00Z","Title":"Phòng y tế huyện Na Rì","DiaChiCongTy":"Tổ nhân dân Pàn Bái, Thị trấn Yến Lạc - Huyện Na Rì - Bắc Cạn","Created":"2015-11-16T15:17:41Z","Updated":"2015-11-16T15:17:41Z","IsDelete":false,"RequestChanged":false,"ExitsInGDT":false,"SourceID":0,"TinhThanhID":0,"TinhThanhTitle":"Bắc Cạn","TinhThanhTitleAscii":"/bac-can","QuanHuyenID":0,"NganhNgheTitle":"Hoạt động quản lý nhà nước nói chung và kinh tế tổng hợp","NganhNgheTitleAscii":"/nganh-nghe/hoat-dong-quan-ly-nha-nuoc-noi-chung-va-kinh-te-tong-hop","DSTags":["4700173372","Bắc Cạn",null]},{"Type":11,"SolrID":"/4700173213-hoi-cuu-chien-binh-na-ri","ID":0,"MaSoThue":"4700173213","NgayCap":"2009-04-08T00:00:00Z","Title":"Hội cựu chiến binh Na Rì","DiaChiCongTy":"Tổ dân phố A, Thị trấn Yến Lạc - Huyện Na Rì - Bắc Cạn","Created":"2015-11-16T15:17:43Z","Updated":"2015-11-16T15:17:43Z","IsDelete":false,"RequestChanged":false,"ExitsInGDT":false,"SourceID":0,"TinhThanhID":0,"TinhThanhTitle":"Bắc Cạn","TinhThanhTitleAscii":"/bac-can","QuanHuyenID":0,"NganhNgheTitle":"Hoạt động của công đoàn","NganhNgheTitleAscii":"/nganh-nghe/hoat-dong-cua-cong-doan","DSTags":["4700173213","Bắc Cạn",null]},{"Type":11,"SolrID":"/4700173220-uy-ban-mat-tran-to-quoc","ID":0,"MaSoThue":"4700173220","NgayCap":"2009-04-08T00:00:00Z","Title":"Uỷ ban mặt trận Tổ Quốc","DiaChiCongTy":"Tổ dân phố A, Thị trấn Yến Lạc - Huyện Na Rì - Bắc Cạn","Created":"2015-11-16T15:17:43Z","Updated":"2015-11-16T15:17:43Z","IsDelete":false,"RequestChanged":false,"ExitsInGDT":false,"SourceID":0,"TinhThanhID":0,"TinhThanhTitle":"Bắc Cạn","TinhThanhTitleAscii":"/bac-can","QuanHuyenID":0,"NganhNgheTitle":"Hoạt động quản lý nhà nước nói chung và kinh tế tổng hợp","NganhNgheTitleAscii":"/nganh-nghe/hoat-dong-quan-ly-nha-nuoc-noi-chung-va-kinh-te-tong-hop","DSTags":["4700173220","Bắc Cạn",null]},{"Type":11,"SolrID":"/4700173164-lien-doan-lao-dong-huyen-na-ri","ID":0,"MaSoThue":"4700173164","NgayCap":"2009-04-07T00:00:00Z","Title":"Liên đoàn lao động huyện Na Rì","DiaChiCongTy":"Phố B, Thị trấn Yến lạc - Huyện Na Rì - Bắc Cạn","Created":"2015-11-16T15:20:39Z","Updated":"2015-11-16T15:20:39Z","IsDelete":false,"RequestChanged":false,"ExitsInGDT":false,"SourceID":0,"TinhThanhID":0,"TinhThanhTitle":"Bắc Cạn","TinhThanhTitleAscii":"/bac-can","QuanHuyenID":0,"NganhNgheTitle":"Hoạt động quản lý nhà nước nói chung và kinh tế tổng hợp","NganhNgheTitleAscii":"/nganh-nghe/hoat-dong-quan-ly-nha-nuoc-noi-chung-va-kinh-te-tong-hop","DSTags":["4700173164","Bắc Cạn",null]},{"Type":11,"SolrID":"/4700173171-truong-pho-thong-dan-toc-noi-tru","ID":0,"MaSoThue":"4700173171","NgayCap":"2009-04-07T00:00:00Z","Title":"Trường phổ thông dân tộc nội trú","DiaChiCongTy":"Phố A, Thị trấn Yến Lạc - Huyện Na Rì - Bắc Cạn","Created":"2015-11-16T15:20:40Z","Updated":"2015-11-16T15:20:40Z","IsDelete":false,"RequestChanged":false,"ExitsInGDT":false,"SourceID":0,"TinhThanhID":0,"TinhThanhTitle":"Bắc Cạn","TinhThanhTitleAscii":"/bac-can","QuanHuyenID":0,"NganhNgheTitle":"Giáo dục trung học cơ sở và trung học phổ thông","NganhNgheTitleAscii":"/nganh-nghe/giao-duc-trung-hoc-co-so-va-trung-hoc-pho-thong","DSTags":["4700173171","Bắc Cạn",null]},{"Type":11,"SolrID":"/4700173189-hoi-nong-dan-huyen-na-ri","ID":0,"MaSoThue":"4700173189","NgayCap":"2009-04-07T00:00:00Z","Title":"Hội nông dân huyện Na Rì","DiaChiCongTy":"Phố A, Thị trấn Yến Lạc - Huyện Na Rì - Bắc Cạn","Created":"2015-11-16T15:20:41Z","Updated":"2015-11-16T15:20:41Z","IsDelete":false,"RequestChanged":false,"ExitsInGDT":false,"SourceID":0,"TinhThanhID":0,"TinhThanhTitle":"Bắc Cạn","TinhThanhTitleAscii":"/bac-can","QuanHuyenID":0,"NganhNgheTitle":"Hoạt động quản lý nhà nước trong các lĩnh vực kinh tế chuyên ngành","NganhNgheTitleAscii":"/nganh-nghe/hoat-dong-quan-ly-nha-nuoc-trong-cac-linh-vuc-kinh-te-chuyen-nganh","DSTags":["4700173189","Bắc Cạn",null]},{"Type":11,"SolrID":"/4700162444-phong-van-hoa-va-thong-tin","ID":0,"MaSoThue":"4700162444","NgayCap":"2008-09-18T00:00:00Z","Title":"Phòng Văn hoá và Thông tin","DiaChiCongTy":"Thị trấn Yến Lạc - Huyện Na Rì - Bắc Cạn","Created":"2015-11-16T00:30:36Z","Updated":"2015-11-16T00:30:36Z","IsDelete":false,"RequestChanged":false,"ExitsInGDT":false,"SourceID":0,"TinhThanhID":0,"TinhThanhTitle":"Bắc Cạn","TinhThanhTitleAscii":"/bac-can","QuanHuyenID":0,"NganhNgheTitle":"Hoạt động sáng tác, nghệ thuật và giải trí","NganhNgheTitleAscii":"/nganh-nghe/hoat-dong-sang-tac-nghe-thuat-va-giai-tri","DSTags":["4700162444","Bắc Cạn",null]},{"Type":11,"SolrID":"/4700161641-phong-kinh-te-va-ha-tang-huyen-na-ri","ID":0,"MaSoThue":"4700161641","NgayCap":"2008-07-01T00:00:00Z","Title":"Phòng Kinh tế và Hạ tầng huyện Na Rì","DiaChiCongTy":"UBUD Huyện Na Rì - Thị trấn Yến Lạc - Huyện Na Rì - Bắc Cạn","Created":"2015-11-16T19:02:40Z","Updated":"2015-11-16T19:02:40Z","IsDelete":false,"RequestChanged":false,"ExitsInGDT":false,"SourceID":0,"TinhThanhID":0,"TinhThanhTitle":"Bắc Cạn","TinhThanhTitleAscii":"/bac-can","QuanHuyenID":0,"NganhNgheTitle":"Hoạt động dịch vụ tài chính khác chưa được phân vào đâu (trừ bảo hiểm và bảo hiểm xã hội)","NganhNgheTitleAscii":"/nganh-nghe/hoat-dong-dich-vu-tai-chinh-khac-chua-duoc-phan-vao-dau-tru-bao-hiem-va-bao-hiem-xa-hoi","DSTags":["4700161641","Bắc Cạn",null]},{"Type":11,"SolrID":"/4700150671-cong-ty-cp-dau-tu-va-xay-dung-bac-ha","ID":0,"MaSoThue":"4700150671","NgayCap":"2007-01-08T00:00:00Z","Title":"Công Ty CP Đầu Tư Và Xây Dựng Bắc Hà","DiaChiCongTy":"Thị trấn Yến Lạc - Thị trấn Yến Lạc - Huyện Na Rì - Bắc Cạn","Created":"2015-11-10T02:04:55Z","Updated":"2015-11-10T02:04:55Z","IsDelete":false,"RequestChanged":false,"ExitsInGDT":false,"SourceID":0,"TinhThanhID":0,"TinhThanhTitle":"Bắc Cạn","TinhThanhTitleAscii":"/bac-can","QuanHuyenID":0,"NganhNgheTitle":"Xây dựng công trình kỹ thuật dân dụng","NganhNgheTitleAscii":"/nganh-nghe/xay-dung-cong-trinh-ky-thuat-dan-dung","DSTags":["4700150671","Bắc Cạn",null]},{"Type":11,"SolrID":"/4700149556-nha-khach-huyen-na-ri","ID":0,"MaSoThue":"4700149556","NgayCap":"2006-06-05T00:00:00Z","Title":"Nhà Khách Huyện Na Rì","DiaChiCongTy":"Thị Trấn Yến Lạc - Thị trấn Yến Lạc - Huyện Na Rì - Bắc Cạn","Created":"2015-11-17T06:52:39Z","Updated":"2015-11-17T06:52:39Z","IsDelete":false,"RequestChanged":false,"ExitsInGDT":false,"SourceID":0,"TinhThanhID":0,"TinhThanhTitle":"Bắc Cạn","TinhThanhTitleAscii":"/bac-can","QuanHuyenID":0,"NganhNgheTitle":"Dịch vụ lưu trú ngắn ngày","NganhNgheTitleAscii":"/nganh-nghe/dich-vu-luu-tru-ngan-ngay","DSTags":["4700149556","Bắc Cạn",null]},{"Type":11,"SolrID":"/4700148792-cong-ty-tnhh-dam-thoai","ID":0,"MaSoThue":"4700148792","NgayCap":"2006-01-18T00:00:00Z","Title":"Công Ty TNHH Đàm Thoại","DiaChiCongTy":"Thôn Pò Đon - Thị trấn Yến Lạc - Huyện Na Rì - Bắc Cạn","Created":"2015-11-17T01:45:11Z","Updated":"2015-11-17T01:45:11Z","IsDelete":false,"RequestChanged":false,"ExitsInGDT":false,"SourceID":0,"TinhThanhID":0,"TinhThanhTitle":"Bắc Cạn","TinhThanhTitleAscii":"/bac-can","QuanHuyenID":0,"NganhNgheTitle":"Xây dựng nhà các loại","NganhNgheTitleAscii":"/nganh-nghe/xay-dung-nha-cac-loai","DSTags":["4700148792","Bắc Cạn",null]},{"Type":11,"SolrID":"/4700148129-tram-cap-nuoc-sinh-hoat","ID":0,"MaSoThue":"4700148129","NgayCap":"2005-10-07T00:00:00Z","Title":"Trạm cấp nước sinh hoạt","DiaChiCongTy":"Thị Trấn Yên Lạc - Huyện Na Rì - Bắc Cạn","Created":"2015-11-16T17:11:15Z","Updated":"2015-11-16T17:11:15Z","IsDelete":false,"RequestChanged":false,"ExitsInGDT":false,"SourceID":0,"TinhThanhID":0,"TinhThanhTitle":"Bắc Cạn","TinhThanhTitleAscii":"/bac-can","QuanHuyenID":0,"NganhNgheTitle":"Khai thác, xử lý và cung cấp nước","NganhNgheTitleAscii":"/nganh-nghe/khai-thac-xu-ly-va-cung-cap-nuoc","DSTags":["4700148129","Bắc Cạn",null]},{"Type":11,"SolrID":"/4700147319-cong-ty-cp-dau-tu-thuong-mai-va-dich-vu-na-ri","ID":0,"MaSoThue":"4700147319","NgayCap":"2005-05-05T00:00:00Z","Title":"Công Ty CP Đầu Tư, Thương Mại Và Dịch Vụ Na Rì","DiaChiCongTy":"Thị trấn Yến Lạc Na Rì - Thị trấn Yến Lạc - Huyện Na Rì - Bắc Cạn","Created":"2015-11-08T23:53:26Z","Updated":"2015-11-08T23:53:26Z","IsDelete":false,"RequestChanged":false,"ExitsInGDT":false,"SourceID":0,"TinhThanhID":0,"TinhThanhTitle":"Bắc Cạn","TinhThanhTitleAscii":"/bac-can","QuanHuyenID":0,"NganhNgheTitle":"Bán buôn (trừ ô tô, mô tô, xe máy và xe có động cơ khác)","NganhNgheTitleAscii":"/nganh-nghe/ban-buon-tru-o-to-mo-to-xe-may-va-xe-co-dong-co-khac","DSTags":["4700147319","Bắc Cạn",null]},{"Type":11,"SolrID":"/4700145174-cong-ty-cp-dau-tu-va-xay-dung-bac-kan","ID":0,"MaSoThue":"4700145174","NgayCap":"2004-06-07T00:00:00Z","Title":"Công Ty CP Đầu Tư Và Xây Dựng Bắc Kạn","DiaChiCongTy":"Thị trấn Yến Lạc - Thị trấn Yến Lạc - Huyện Na Rì - Bắc Cạn","Created":"2015-11-17T05:10:24Z","Updated":"2015-11-17T05:10:24Z","IsDelete":false,"RequestChanged":false,"ExitsInGDT":false,"SourceID":0,"TinhThanhID":0,"TinhThanhTitle":"Bắc Cạn","TinhThanhTitleAscii":"/bac-can","QuanHuyenID":0,"NganhNgheTitle":"Xây dựng nhà các loại","NganhNgheTitleAscii":"/nganh-nghe/xay-dung-nha-cac-loai","DSTags":["4700145174","Bắc Cạn",null]},{"Type":11,"SolrID":"/4700145167-cong-ty-tnhh-sh-son-ha","ID":0,"MaSoThue":"4700145167","NgayCap":"2004-06-07T00:00:00Z","Title":"Công Ty TNHH Sh Sơn Hà","DiaChiCongTy":"Tổ nhân dân Pàn Bái - Thị trấn Yến Lạc - Huyện Na Rì - Bắc Cạn","Created":"2015-11-11T12:20:29Z","Updated":"2015-11-11T12:20:29Z","IsDelete":false,"RequestChanged":false,"ExitsInGDT":false,"SourceID":0,"TinhThanhID":0,"TinhThanhTitle":"Bắc Cạn","TinhThanhTitleAscii":"/bac-can","QuanHuyenID":0,"NganhNgheTitle":"Xây dựng nhà các loại","NganhNgheTitleAscii":"/nganh-nghe/xay-dung-nha-cac-loai","DSTags":["4700145167","Bắc Cạn",null]},{"Type":11,"SolrID":"/4700144413-ban-quan-ly-cho-ben-xe","ID":0,"MaSoThue":"4700144413","NgayCap":"2004-01-16T00:00:00Z","Title":"Ban quản lý chợ - Bến xe","DiaChiCongTy":"Thị trấn Yến Lạc - Huyện Na Rì - Bắc Cạn","Created":"2015-11-17T04:51:48Z","Updated":"2015-11-17T04:51:48Z","IsDelete":false,"RequestChanged":false,"ExitsInGDT":false,"SourceID":0,"TinhThanhID":0,"TinhThanhTitle":"Bắc Cạn","TinhThanhTitleAscii":"/bac-can","QuanHuyenID":0,"NganhNgheTitle":"Hoạt động dịch vụ tài chính khác chưa được phân vào đâu (trừ bảo hiểm và bảo hiểm xã hội)","NganhNgheTitleAscii":"/nganh-nghe/hoat-dong-dich-vu-tai-chinh-khac-chua-duoc-phan-vao-dau-tru-bao-hiem-va-bao-hiem-xa-hoi","DSTags":["4700144413","Bắc Cạn",null]},{"Type":11,"SolrID":"/4700121254-005-chi-cuc-thue-huyen-na-ri","ID":0,"MaSoThue":"4700121254-005","NgayCap":"2003-07-23T00:00:00Z","Title":"Chi cục thuế huyện Na Rì","DiaChiCongTy":"Thị trấn Yến Lạc - Huyện Na Rì - Bắc Cạn","Created":"2015-11-19T05:38:52Z","Updated":"2015-11-19T05:38:52Z","IsDelete":false,"RequestChanged":false,"ExitsInGDT":false,"SourceID":0,"TinhThanhID":0,"TinhThanhTitle":"Bắc Cạn","TinhThanhTitleAscii":"/bac-can","QuanHuyenID":0,"NganhNgheTitle":"Hoạt động quản lý nhà nước nói chung và kinh tế tổng hợp","NganhNgheTitleAscii":"/nganh-nghe/hoat-dong-quan-ly-nha-nuoc-noi-chung-va-kinh-te-tong-hop","DSTags":["4700121254-005","Bắc Cạn",null]},{"Type":11,"SolrID":"/4700141980-doanh-nghiep-tu-nhan-phu-hang","ID":0,"MaSoThue":"4700141980","NgayCap":"2003-04-21T00:00:00Z","Title":"Doanh nghiệp tư nhân Phú Hằng","DiaChiCongTy":"Thôn Pò Đon Thị trấn Yến Lạc - Huyện Na Rì - Bắc Cạn","Created":"2015-11-10T02:05:24Z","Updated":"2015-11-10T02:05:24Z","IsDelete":false,"RequestChanged":false,"ExitsInGDT":false,"SourceID":0,"TinhThanhID":0,"TinhThanhTitle":"Bắc Cạn","TinhThanhTitleAscii":"/bac-can","QuanHuyenID":0,"NganhNgheTitle":"Vận tải đường bộ khác","NganhNgheTitleAscii":"/nganh-nghe/van-tai-duong-bo-khac","DSTags":["4700141980","Bắc Cạn",null]},{"Type":11,"SolrID":"/4700141028-cong-ty-cp-dau-tu-va-xay-dung-me-linh","ID":0,"MaSoThue":"4700141028","NgayCap":"2002-12-31T00:00:00Z","Title":"Công Ty CP Đầu Tư Và Xây Dựng Mê Linh","DiaChiCongTy":"Thị trấn Yến Lạc - Thị trấn Yến Lạc - Huyện Na Rì - Bắc Cạn","Created":"2015-11-12T12:12:51Z","Updated":"2015-11-12T12:12:51Z","IsDelete":false,"RequestChanged":false,"ExitsInGDT":false,"SourceID":0,"TinhThanhID":0,"TinhThanhTitle":"Bắc Cạn","TinhThanhTitleAscii":"/bac-can","QuanHuyenID":0,"NganhNgheTitle":"Xây dựng nhà các loại","NganhNgheTitleAscii":"/nganh-nghe/xay-dung-nha-cac-loai","DSTags":["4700141028","Bắc Cạn",null]},{"Type":11,"SolrID":"/4700136797-cong-ty-co-phan-thuan-duc","ID":0,"MaSoThue":"4700136797","NgayCap":"2002-01-24T00:00:00Z","Title":"Công ty Cổ phần Thuận Đức","DiaChiCongTy":"Thị trấn Yến Lạc - Huyện Na Rì - Bắc Cạn","Created":"2015-11-12T12:14:23Z","Updated":"2015-11-12T12:14:23Z","IsDelete":false,"RequestChanged":false,"ExitsInGDT":false,"SourceID":0,"TinhThanhID":0,"TinhThanhTitle":"Bắc Cạn","TinhThanhTitleAscii":"/bac-can","QuanHuyenID":0,"NganhNgheTitle":"Xây dựng công trình kỹ thuật dân dụng","NganhNgheTitleAscii":"/nganh-nghe/xay-dung-cong-trinh-ky-thuat-dan-dung","DSTags":["4700136797","Bắc Cạn",null]},{"Type":11,"SolrID":"/4700136740-doanh-nghiep-tu-nhan-toan-vui","ID":0,"MaSoThue":"4700136740","NgayCap":"2002-01-07T00:00:00Z","Title":"Doanh nghiệp tư nhân Toàn Vui","DiaChiCongTy":"Thị trấn Yến Lạc - Thị trấn Yến Lạc - Huyện Na Rì - Bắc Cạn","Created":"2015-11-17T02:50:22Z","Updated":"2015-11-17T02:50:22Z","IsDelete":false,"RequestChanged":false,"ExitsInGDT":false,"SourceID":0,"TinhThanhID":0,"TinhThanhTitle":"Bắc Cạn","TinhThanhTitleAscii":"/bac-can","QuanHuyenID":0,"NganhNgheTitle":"Xây dựng công trình kỹ thuật dân dụng","NganhNgheTitleAscii":"/nganh-nghe/xay-dung-cong-trinh-ky-thuat-dan-dung","DSTags":["4700136740","Bắc Cạn",null]},{"Type":11,"SolrID":"/4700136758-cong-ty-tnhh-xay-dung-bac-kan","ID":0,"MaSoThue":"4700136758","NgayCap":"2002-01-07T00:00:00Z","Title":"Công ty TNHH xây dựng Bắc Kạn","DiaChiCongTy":"Thị trấn Yến Lạc - Huyện Na Rì - Bắc Cạn","Created":"2015-11-12T12:14:37Z","Updated":"2015-11-12T12:14:37Z","IsDelete":false,"RequestChanged":false,"ExitsInGDT":false,"SourceID":0,"TinhThanhID":0,"TinhThanhTitle":"Bắc Cạn","TinhThanhTitleAscii":"/bac-can","QuanHuyenID":0,"NganhNgheTitle":"Xây dựng công trình kỹ thuật dân dụng","NganhNgheTitleAscii":"/nganh-nghe/xay-dung-cong-trinh-ky-thuat-dan-dung","DSTags":["4700136758","Bắc Cạn",null]},{"Type":11,"SolrID":"/4700136042-doanh-nghiep-tu-nhan-thinh-quang","ID":0,"MaSoThue":"4700136042","NgayCap":"2001-12-17T00:00:00Z","Title":"Doanh nghiệp tư nhân Thịnh Quang","DiaChiCongTy":"Cầu Tranh- Thị trấn Yến Lạc - Huyện Na Rì - Bắc Cạn","Created":"2015-11-11T10:56:46Z","Updated":"2015-11-11T10:56:46Z","IsDelete":false,"RequestChanged":false,"ExitsInGDT":false,"SourceID":0,"TinhThanhID":0,"TinhThanhTitle":"Bắc Cạn","TinhThanhTitleAscii":"/bac-can","QuanHuyenID":0,"NganhNgheTitle":"Bán lẻ nhiên liệu động cơ trong các cửa hàng chuyên doanh","NganhNgheTitleAscii":"/nganh-nghe/ban-le-nhien-lieu-dong-co-trong-cac-cua-hang-chuyen-doanh","DSTags":["4700136042","Bắc Cạn",null]},{"Type":11,"SolrID":"/2600196319-001-chi-nhanh-cong-ty-co-phan-xay-lap-dien-nuoc-hai-ha","ID":0,"MaSoThue":"2600196319-001","NgayCap":"2001-12-12T00:00:00Z","Title":"Chi nhánh Công ty cổ phần xây lắp điện nước Hải Hà","DiaChiCongTy":"Thị trấn Yến Lạc - Huyện Na Rì - Bắc Cạn","Created":"2015-11-19T07:36:06Z","Updated":"2015-11-19T07:36:06Z","IsDelete":false,"RequestChanged":false,"ExitsInGDT":false,"SourceID":0,"TinhThanhID":0,"TinhThanhTitle":"Bắc Cạn","TinhThanhTitleAscii":"/bac-can","QuanHuyenID":0,"NganhNgheTitle":"Xây dựng công trình kỹ thuật dân dụng","NganhNgheTitleAscii":"/nganh-nghe/xay-dung-cong-trinh-ky-thuat-dan-dung","DSTags":["2600196319-001","Bắc Cạn",null]},{"Type":11,"SolrID":"/4700134951-cong-ty-tnhh-the-cuong","ID":0,"MaSoThue":"4700134951","NgayCap":"2001-09-07T00:00:00Z","Title":"Công ty TNHH Thế Cường","DiaChiCongTy":"Thị trấn Yến Lạc - Huyện Na Rì - Bắc Cạn","Created":"2015-11-12T12:15:04Z","Updated":"2015-11-12T12:15:04Z","IsDelete":false,"RequestChanged":false,"ExitsInGDT":false,"SourceID":0,"TinhThanhID":0,"TinhThanhTitle":"Bắc Cạn","TinhThanhTitleAscii":"/bac-can","QuanHuyenID":0,"NganhNgheTitle":"Xây dựng công trình kỹ thuật dân dụng","NganhNgheTitleAscii":"/nganh-nghe/xay-dung-cong-trinh-ky-thuat-dan-dung","DSTags":["4700134951","Bắc Cạn",null]},{"Type":11,"SolrID":"/4700133179-cong-ty-cp-nghia-son","ID":0,"MaSoThue":"4700133179","NgayCap":"2001-07-03T00:00:00Z","Title":"Công Ty CP Nghĩa Sơn","DiaChiCongTy":"Thị Trấn Yến Lạc - Thị trấn Yến Lạc - Huyện Na Rì - Bắc Cạn","Created":"2015-11-11T09:29:10Z","Updated":"2015-11-11T09:29:10Z","IsDelete":false,"RequestChanged":false,"ExitsInGDT":false,"SourceID":0,"TinhThanhID":0,"TinhThanhTitle":"Bắc Cạn","TinhThanhTitleAscii":"/bac-can","QuanHuyenID":0,"NganhNgheTitle":"Xây dựng công trình đường bộ","NganhNgheTitleAscii":"/nganh-nghe/xay-dung-cong-trinh-duong-bo","DSTags":["4700133179","Bắc Cạn",null]},{"Type":11,"SolrID":"/4700127827-cong-ty-tnhh-an-thinh-na-ri","ID":0,"MaSoThue":"4700127827","NgayCap":"2000-08-25T00:00:00Z","Title":"Công ty TNHH An Thịnh - Na Rì","DiaChiCongTy":"Thị trấn Yến Lạc - Huyện Na Rì - Bắc Cạn","Created":"2015-11-12T12:17:21Z","Updated":"2015-11-12T12:17:21Z","IsDelete":false,"RequestChanged":false,"ExitsInGDT":false,"SourceID":0,"TinhThanhID":0,"TinhThanhTitle":"Bắc Cạn","TinhThanhTitleAscii":"/bac-can","QuanHuyenID":0,"NganhNgheTitle":"Xây dựng công trình kỹ thuật dân dụng","NganhNgheTitleAscii":"/nganh-nghe/xay-dung-cong-trinh-ky-thuat-dan-dung","DSTags":["4700127827","Bắc Cạn",null]},{"Type":11,"SolrID":"/4700113398-007-cua-hang-thuong-nghiep-tong-hop-na-ri","ID":0,"MaSoThue":"4700113398-007","NgayCap":"2000-01-12T00:00:00Z","Title":"Cửa hàng thương nghiệp tổng hợp Na Rì","DiaChiCongTy":"Thị trấn Yến Lạc - Huyện Na Rì - Bắc Cạn","Created":"2015-11-19T03:21:33Z","Updated":"2015-11-19T03:21:33Z","IsDelete":false,"RequestChanged":false,"ExitsInGDT":false,"SourceID":0,"TinhThanhID":0,"TinhThanhTitle":"Bắc Cạn","TinhThanhTitleAscii":"/bac-can","QuanHuyenID":0,"NganhNgheTitle":"Bán lẻ hình thức khác (trừ bán lẻ tại cửa hàng, lưu động hoặc tại chợ)","NganhNgheTitleAscii":"/nganh-nghe/ban-le-hinh-thuc-khac-tru-ban-le-tai-cua-hang-luu-dong-hoac-tai-cho","DSTags":["4700113398-007","Bắc Cạn",null]},{"Type":11,"SolrID":"/4700123075-hat-kiem-lam-na-ri","ID":0,"MaSoThue":"4700123075","NgayCap":"1999-05-22T00:00:00Z","Title":"Hạt kiểm lâm Na Rì","DiaChiCongTy":"Thị trấn Yến Lạc - Huyện Na Rì - Bắc Cạn","Created":"2015-11-16T07:13:33Z","Updated":"2015-11-16T07:13:33Z","IsDelete":false,"RequestChanged":false,"ExitsInGDT":false,"SourceID":0,"TinhThanhID":0,"TinhThanhTitle":"Bắc Cạn","TinhThanhTitleAscii":"/bac-can","QuanHuyenID":0,"NganhNgheTitle":"Hoạt động dịch vụ tài chính khác chưa được phân vào đâu (trừ bảo hiểm và bảo hiểm xã hội)","NganhNgheTitleAscii":"/nganh-nghe/hoat-dong-dich-vu-tai-chinh-khac-chua-duoc-phan-vao-dau-tru-bao-hiem-va-bao-hiem-xa-hoi","DSTags":["4700123075","Bắc Cạn",null]},{"Type":11,"SolrID":"/4700123068-phong-tai-chinh-ke-hoach-huyen-na-ri","ID":0,"MaSoThue":"4700123068","NgayCap":"1999-05-22T00:00:00Z","Title":"Phòng Tài chính - Kế hoạch huyện Na Rì","DiaChiCongTy":"Thị trấn Yến Lạc - Huyện Na Rì - Bắc Cạn","Created":"2015-11-16T07:13:34Z","Updated":"2015-11-16T07:13:34Z","IsDelete":false,"RequestChanged":false,"ExitsInGDT":false,"SourceID":0,"TinhThanhID":0,"TinhThanhTitle":"Bắc Cạn","TinhThanhTitleAscii":"/bac-can","QuanHuyenID":0,"NganhNgheTitle":"Hoạt động dịch vụ tài chính khác chưa được phân vào đâu (trừ bảo hiểm và bảo hiểm xã hội)","NganhNgheTitleAscii":"/nganh-nghe/hoat-dong-dich-vu-tai-chinh-khac-chua-duoc-phan-vao-dau-tru-bao-hiem-va-bao-hiem-xa-hoi","DSTags":["4700123068","Bắc Cạn",null]},{"Type":11,"SolrID":"/4700123050-cong-an-huyen-na-ri","ID":0,"MaSoThue":"4700123050","NgayCap":"1999-05-22T00:00:00Z","Title":"Công an huyện Na Rì","DiaChiCongTy":"Thị trấn Yến Lạc - Huyện Na Rì - Bắc Cạn","Created":"2015-11-16T05:50:29Z","Updated":"2015-11-16T05:50:29Z","IsDelete":false,"RequestChanged":false,"ExitsInGDT":false,"SourceID":0,"TinhThanhID":0,"TinhThanhTitle":"Bắc Cạn","TinhThanhTitleAscii":"/bac-can","QuanHuyenID":0,"NganhNgheTitle":"Hoạt động dịch vụ tài chính khác chưa được phân vào đâu (trừ bảo hiểm và bảo hiểm xã hội)","NganhNgheTitleAscii":"/nganh-nghe/hoat-dong-dich-vu-tai-chinh-khac-chua-duoc-phan-vao-dau-tru-bao-hiem-va-bao-hiem-xa-hoi","DSTags":["4700123050","Bắc Cạn",null]},{"Type":11,"SolrID":"/4700123082-phong-tu-phap-huyen-na-ri","ID":0,"MaSoThue":"4700123082","NgayCap":"1999-05-22T00:00:00Z","Title":"Phòng Tư pháp huyện Na Rì","DiaChiCongTy":"Thị trấn Yến Lạc - Huyện Na Rì - Bắc Cạn","Created":"2015-11-16T05:50:31Z","Updated":"2015-11-16T05:50:31Z","IsDelete":false,"RequestChanged":false,"ExitsInGDT":false,"SourceID":0,"TinhThanhID":0,"TinhThanhTitle":"Bắc Cạn","TinhThanhTitleAscii":"/bac-can","QuanHuyenID":0,"NganhNgheTitle":"Hoạt động dịch vụ tài chính khác chưa được phân vào đâu (trừ bảo hiểm và bảo hiểm xã hội)","NganhNgheTitleAscii":"/nganh-nghe/hoat-dong-dich-vu-tai-chinh-khac-chua-duoc-phan-vao-dau-tru-bao-hiem-va-bao-hiem-xa-hoi","DSTags":["4700123082","Bắc Cạn",null]},{"Type":11,"SolrID":"/4700123117-thi-hanh-an-huyen-na-ri","ID":0,"MaSoThue":"4700123117","NgayCap":"1999-05-22T00:00:00Z","Title":"Thi hành án huyện Na Rì","DiaChiCongTy":"Thị trấn Yến Lạc - Huyện Na Rì - Bắc Cạn","Created":"2015-11-16T05:50:32Z","Updated":"2015-11-16T05:50:32Z","IsDelete":false,"RequestChanged":false,"ExitsInGDT":false,"SourceID":0,"TinhThanhID":0,"TinhThanhTitle":"Bắc Cạn","TinhThanhTitleAscii":"/bac-can","QuanHuyenID":0,"NganhNgheTitle":"Hoạt động dịch vụ tài chính khác chưa được phân vào đâu (trừ bảo hiểm và bảo hiểm xã hội)","NganhNgheTitleAscii":"/nganh-nghe/hoat-dong-dich-vu-tai-chinh-khac-chua-duoc-phan-vao-dau-tru-bao-hiem-va-bao-hiem-xa-hoi","DSTags":["4700123117","Bắc Cạn",null]},{"Type":11,"SolrID":"/4700122787-ubnd-thi-tran-yen-lac","ID":0,"MaSoThue":"4700122787","NgayCap":"1999-04-21T00:00:00Z","Title":"UBND thị trấn Yến Lạc","DiaChiCongTy":"Thị trấn Yến Lạc - Huyện Na Rì - Bắc Cạn","Created":"2015-11-16T06:53:24Z","Updated":"2015-11-16T06:53:24Z","IsDelete":false,"RequestChanged":false,"ExitsInGDT":false,"SourceID":0,"TinhThanhID":0,"TinhThanhTitle":"Bắc Cạn","TinhThanhTitleAscii":"/bac-can","QuanHuyenID":0,"NganhNgheTitle":"Hoạt động dịch vụ tài chính khác chưa được phân vào đâu (trừ bảo hiểm và bảo hiểm xã hội)","NganhNgheTitleAscii":"/nganh-nghe/hoat-dong-dich-vu-tai-chinh-khac-chua-duoc-phan-vao-dau-tru-bao-hiem-va-bao-hiem-xa-hoi","DSTags":["4700122787","Bắc Cạn",null]},{"Type":11,"SolrID":"/4700113415-003-buu-dien-huyen-na-ri","ID":0,"MaSoThue":"4700113415-003","NgayCap":"1998-11-11T00:00:00Z","Title":"Bưu điện huyện Na Rì","DiaChiCongTy":"Thị trấn Yến Lạc - Huyện Na Rì - Bắc Cạn","Created":"2015-11-18T11:23:54Z","Updated":"2015-11-18T11:23:54Z","IsDelete":false,"RequestChanged":false,"ExitsInGDT":false,"SourceID":0,"TinhThanhID":0,"TinhThanhTitle":"Bắc Cạn","TinhThanhTitleAscii":"/bac-can","QuanHuyenID":0,"NganhNgheTitle":"Viễn thông","NganhNgheTitleAscii":"/nganh-nghe/vien-thong","DSTags":["4700113415-003","Bắc Cạn",null]},{"Type":11,"SolrID":"/4700111792-cong-ty-thuong-nghiep-tong-hop-huyen-na-ri","ID":0,"MaSoThue":"4700111792","NgayCap":"1998-10-09T00:00:00Z","Title":"Công ty thương nghiệp tổng hợp huyện Na Rì","DiaChiCongTy":"Thị trấn Yến Lạc - Huyện Na Rì - Bắc Cạn","Created":"2015-11-12T12:20:10Z","Updated":"2015-11-12T12:20:10Z","IsDelete":false,"RequestChanged":false,"ExitsInGDT":false,"SourceID":0,"TinhThanhID":0,"TinhThanhTitle":"Bắc Cạn","TinhThanhTitleAscii":"/bac-can","QuanHuyenID":0,"NganhNgheTitle":"Bán lẻ hình thức khác (trừ bán lẻ tại cửa hàng, lưu động hoặc tại chợ)","NganhNgheTitleAscii":"/nganh-nghe/ban-le-hinh-thuc-khac-tru-ban-le-tai-cua-hang-luu-dong-hoac-tai-cho","DSTags":["4700111792","Bắc Cạn",null]}]}