{"ID":11348,"SolrID":"/bac-can/huyen-na-ri/xa-cu-le","Title":"Xã Cư Lễ","TinhThanhTitle":"Bắc Cạn","QuanHuyenTitle":"Huyện Na Rì","QuanHuyenID":345,"TinhThanhID":47,"Url":"https://thongtindoanhnghiep.co/api/company?l=/bac-can/huyen-na-ri/xa-cu-le","Total":6,"List":[{"Type":11,"SolrID":"/4600972237-001-chi-nhanh-doanh-nghiep-tu-nhan-nhat-quang-song-cong-tai-huyen-na-ri-tinh-bac-kan","ID":0,"MaSoThue":"4600972237-001","NgayCap":"2012-09-05T00:00:00Z","Title":"Chi Nhánh Doanh Nghiệp Tư Nhân Nhật Quang Sông Công Tại Huyện Na Rì- Tỉnh Bắc Kạn","DiaChiCongTy":"Thôn Pác Phàn - Xã Cư Lễ - Huyện Na Rì - Bắc Cạn","Created":"2015-11-17T08:31:04Z","Updated":"2015-11-17T08:31:04Z","IsDelete":false,"RequestChanged":false,"ExitsInGDT":false,"SourceID":0,"TinhThanhID":0,"TinhThanhTitle":"Bắc Cạn","TinhThanhTitleAscii":"/bac-can","QuanHuyenID":0,"NganhNgheTitle":"Bán buôn vật liệu, thiết bị lắp đặt khác trong xây dựng","NganhNgheTitleAscii":"/nganh-nghe/ban-buon-vat-lieu-thiet-bi-lap-dat-khac-trong-xay-dung","DSTags":["4600972237-001","Bắc Cạn",null]},{"Type":11,"SolrID":"/4700226786-truong-thcs-cu-le","ID":0,"MaSoThue":"4700226786","NgayCap":"2012-03-19T00:00:00Z","Title":"Trường THCS Cư Lễ","DiaChiCongTy":"- Xã Cư Lễ - Huyện Na Rì - Bắc Cạn","Created":"2015-11-16T11:46:46Z","Updated":"2015-11-16T11:46:46Z","IsDelete":false,"RequestChanged":false,"ExitsInGDT":false,"SourceID":0,"TinhThanhID":0,"TinhThanhTitle":"Bắc Cạn","TinhThanhTitleAscii":"/bac-can","QuanHuyenID":0,"NganhNgheTitle":"Giáo dục trung học cơ sở","NganhNgheTitleAscii":"/nganh-nghe/giao-duc-trung-hoc-co-so","DSTags":["4700226786","Bắc Cạn",null]},{"Type":11,"SolrID":"/4700226779-truong-mam-non-cu-le","ID":0,"MaSoThue":"4700226779","NgayCap":"2012-03-19T00:00:00Z","Title":"Trường Mầm Non Cư Lễ","DiaChiCongTy":"- Xã Cư Lễ - Huyện Na Rì - Bắc Cạn","Created":"2015-11-16T11:46:48Z","Updated":"2015-11-16T11:46:48Z","IsDelete":false,"RequestChanged":false,"ExitsInGDT":false,"SourceID":0,"TinhThanhID":0,"TinhThanhTitle":"Bắc Cạn","TinhThanhTitleAscii":"/bac-can","QuanHuyenID":0,"NganhNgheTitle":"Giáo dục mầm non","NganhNgheTitleAscii":"/nganh-nghe/giao-duc-mam-non","DSTags":["4700226779","Bắc Cạn",null]},{"Type":11,"SolrID":"/4700226761-truong-tieu-hoc-cu-le","ID":0,"MaSoThue":"4700226761","NgayCap":"2012-03-19T00:00:00Z","Title":"Trường Tiểu Học Cư Lễ","DiaChiCongTy":"- Xã Cư Lễ - Huyện Na Rì - Bắc Cạn","Created":"2015-11-16T11:46:49Z","Updated":"2015-11-16T11:46:49Z","IsDelete":false,"RequestChanged":false,"ExitsInGDT":false,"SourceID":0,"TinhThanhID":0,"TinhThanhTitle":"Bắc Cạn","TinhThanhTitleAscii":"/bac-can","QuanHuyenID":0,"NganhNgheTitle":"Giáo dục mầm non","NganhNgheTitleAscii":"/nganh-nghe/giao-duc-mam-non","DSTags":["4700226761","Bắc Cạn",null]},{"Type":11,"SolrID":"/4700133436-doanh-nghiep-tu-nhan-thanh-lien","ID":0,"MaSoThue":"4700133436","NgayCap":"2009-07-10T00:00:00Z","Title":"Doanh nghiệp tư nhân Thành Liên","DiaChiCongTy":"Thôn Khau An, xã Cư Lễ - Huyện Na Rì - Bắc Cạn","Created":"2015-11-09T18:52:43Z","Updated":"2015-11-09T18:52:43Z","IsDelete":false,"RequestChanged":false,"ExitsInGDT":false,"SourceID":0,"TinhThanhID":0,"TinhThanhTitle":"Bắc Cạn","TinhThanhTitleAscii":"/bac-can","QuanHuyenID":0,"NganhNgheTitle":"Khai thác đá, cát, sỏi, đất sét","NganhNgheTitleAscii":"/nganh-nghe/khai-thac-da-cat-soi-dat-set","DSTags":["4700133436","Bắc Cạn",null]},{"Type":11,"SolrID":"/4700122699-ubnd-xa-cu-le","ID":0,"MaSoThue":"4700122699","NgayCap":"1999-04-21T00:00:00Z","Title":"UBND xã Cư Lễ","DiaChiCongTy":"Xã Cư Lễ - Huyện Na Rì - Bắc Cạn","Created":"2015-11-16T05:52:01Z","Updated":"2015-11-16T05:52:01Z","IsDelete":false,"RequestChanged":false,"ExitsInGDT":false,"SourceID":0,"TinhThanhID":0,"TinhThanhTitle":"Bắc Cạn","TinhThanhTitleAscii":"/bac-can","QuanHuyenID":0,"NganhNgheTitle":"Hoạt động dịch vụ tài chính khác chưa được phân vào đâu (trừ bảo hiểm và bảo hiểm xã hội)","NganhNgheTitleAscii":"/nganh-nghe/hoat-dong-dich-vu-tai-chinh-khac-chua-duoc-phan-vao-dau-tru-bao-hiem-va-bao-hiem-xa-hoi","DSTags":["4700122699","Bắc Cạn",null]}]}