{"ID":5515,"SolrID":"/bac-can/huyen-na-ri/xa-con-minh","Title":"Xã Côn Minh","TinhThanhTitle":"Bắc Cạn","QuanHuyenTitle":"Huyện Na Rì","QuanHuyenID":345,"TinhThanhID":47,"Url":"https://thongtindoanhnghiep.co/api/company?l=/bac-can/huyen-na-ri/xa-con-minh","Total":10,"List":[{"Type":11,"SolrID":"/4700248074-hop-tac-xa-hien-hoa","ID":0,"MaSoThue":"4700248074","NgayCap":"2014-02-17T00:00:00Z","Title":"Hợp tác xã Hiến Hoa","DiaChiCongTy":"Chợ B - Xã Côn Minh - Huyện Na Rì - Bắc Cạn","Created":"2015-11-16T11:32:57Z","Updated":"2015-11-16T11:32:57Z","IsDelete":false,"RequestChanged":false,"ExitsInGDT":false,"SourceID":0,"TinhThanhID":0,"TinhThanhTitle":"Bắc Cạn","TinhThanhTitleAscii":"/bac-can","QuanHuyenID":0,"NganhNgheTitle":"Sản xuất tinh bột và các sản phẩm từ tinh bột","NganhNgheTitleAscii":"/nganh-nghe/san-xuat-tinh-bot-va-cac-san-pham-tu-tinh-bot","DSTags":["4700248074","Bắc Cạn",null]},{"Type":11,"SolrID":"/4700248081-hop-tac-xa-huong-quynh","ID":0,"MaSoThue":"4700248081","NgayCap":"2014-02-17T00:00:00Z","Title":"Hợp tác xã Hương Quỳnh","DiaChiCongTy":"Chợ A - Xã Côn Minh - Huyện Na Rì - Bắc Cạn","Created":"2015-11-16T11:32:59Z","Updated":"2015-11-16T11:32:59Z","IsDelete":false,"RequestChanged":false,"ExitsInGDT":false,"SourceID":0,"TinhThanhID":0,"TinhThanhTitle":"Bắc Cạn","TinhThanhTitleAscii":"/bac-can","QuanHuyenID":0,"NganhNgheTitle":"Sản xuất tinh bột và các sản phẩm từ tinh bột","NganhNgheTitleAscii":"/nganh-nghe/san-xuat-tinh-bot-va-cac-san-pham-tu-tinh-bot","DSTags":["4700248081","Bắc Cạn",null]},{"Type":11,"SolrID":"/4700226810-truong-mam-non-con-minh","ID":0,"MaSoThue":"4700226810","NgayCap":"2012-03-19T00:00:00Z","Title":"Trường Mầm Non Côn Minh","DiaChiCongTy":"- Xã Côn Minh - Huyện Na Rì - Bắc Cạn","Created":"2015-11-16T11:45:39Z","Updated":"2015-11-16T11:45:39Z","IsDelete":false,"RequestChanged":false,"ExitsInGDT":false,"SourceID":0,"TinhThanhID":0,"TinhThanhTitle":"Bắc Cạn","TinhThanhTitleAscii":"/bac-can","QuanHuyenID":0,"NganhNgheTitle":"Giáo dục mầm non","NganhNgheTitleAscii":"/nganh-nghe/giao-duc-mam-non","DSTags":["4700226810","Bắc Cạn",null]},{"Type":11,"SolrID":"/4700226803-truong-thcs-con-minh","ID":0,"MaSoThue":"4700226803","NgayCap":"2012-03-19T00:00:00Z","Title":"Trường THCS Côn Minh","DiaChiCongTy":"- Xã Côn Minh - Huyện Na Rì - Bắc Cạn","Created":"2015-11-16T11:46:43Z","Updated":"2015-11-16T11:46:43Z","IsDelete":false,"RequestChanged":false,"ExitsInGDT":false,"SourceID":0,"TinhThanhID":0,"TinhThanhTitle":"Bắc Cạn","TinhThanhTitleAscii":"/bac-can","QuanHuyenID":0,"NganhNgheTitle":"Giáo dục trung học cơ sở","NganhNgheTitleAscii":"/nganh-nghe/giao-duc-trung-hoc-co-so","DSTags":["4700226803","Bắc Cạn",null]},{"Type":11,"SolrID":"/4700226793-truong-tieu-hoc-con-minh","ID":0,"MaSoThue":"4700226793","NgayCap":"2012-03-19T00:00:00Z","Title":"Trường Tiểu Học Côn Minh","DiaChiCongTy":"- Xã Côn Minh - Huyện Na Rì - Bắc Cạn","Created":"2015-11-16T11:46:45Z","Updated":"2015-11-16T11:46:45Z","IsDelete":false,"RequestChanged":false,"ExitsInGDT":false,"SourceID":0,"TinhThanhID":0,"TinhThanhTitle":"Bắc Cạn","TinhThanhTitleAscii":"/bac-can","QuanHuyenID":0,"NganhNgheTitle":"Giáo dục tiểu học","NganhNgheTitleAscii":"/nganh-nghe/giao-duc-tieu-hoc","DSTags":["4700226793","Bắc Cạn",null]},{"Type":11,"SolrID":"/4700210754-doanh-nghiep-tn-thuy-kiem","ID":0,"MaSoThue":"4700210754","NgayCap":"2011-09-27T00:00:00Z","Title":"Doanh Nghiệp TN Thúy Kiệm","DiaChiCongTy":"Thôn Lũng Vạng - Xã Côn Minh - Huyện Na Rì - Bắc Cạn","Created":"2015-11-10T02:05:23Z","Updated":"2015-11-10T02:05:23Z","IsDelete":false,"RequestChanged":false,"ExitsInGDT":false,"SourceID":0,"TinhThanhID":0,"TinhThanhTitle":"Bắc Cạn","TinhThanhTitleAscii":"/bac-can","QuanHuyenID":0,"NganhNgheTitle":"Sản xuất gỗ dán, gỗ lạng, ván ép và ván mỏng khác","NganhNgheTitleAscii":"/nganh-nghe/san-xuat-go-dan-go-lang-van-ep-va-van-mong-khac","DSTags":["4700210754","Bắc Cạn",null]},{"Type":11,"SolrID":"/4700209300-doanh-nghiep-tn-chung-van","ID":0,"MaSoThue":"4700209300","NgayCap":"2011-09-01T00:00:00Z","Title":"Doanh Nghiệp TN Chung Vân","DiaChiCongTy":"Thôn Chợ A - Xã Côn Minh - Huyện Na Rì - Bắc Cạn","Created":"2015-11-10T02:04:19Z","Updated":"2015-11-10T02:04:19Z","IsDelete":false,"RequestChanged":false,"ExitsInGDT":false,"SourceID":0,"TinhThanhID":0,"TinhThanhTitle":"Bắc Cạn","TinhThanhTitleAscii":"/bac-can","QuanHuyenID":0,"NganhNgheTitle":"Sản xuất tinh bột và các sản phẩm từ tinh bột","NganhNgheTitleAscii":"/nganh-nghe/san-xuat-tinh-bot-va-cac-san-pham-tu-tinh-bot","DSTags":["4700209300","Bắc Cạn",null]},{"Type":11,"SolrID":"/4700164096-001-chi-nhanh-cong-ty-may-tinh-bac-kan-tai-huyen-na-ri-tinh-bac-kan","ID":0,"MaSoThue":"4700164096-001","NgayCap":"2009-03-31T00:00:00Z","Title":"Chi nhánh công ty máy tính Bắc Kạn tại Huyện Na Rì tỉnh Bắc Kạn","DiaChiCongTy":"Thôn chợ A, xã Côn Minh - Huyện Na Rì - Bắc Cạn","Created":"2015-11-19T05:38:47Z","Updated":"2015-11-19T05:38:47Z","IsDelete":false,"RequestChanged":false,"ExitsInGDT":false,"SourceID":0,"TinhThanhID":0,"TinhThanhTitle":"Bắc Cạn","TinhThanhTitleAscii":"/bac-can","QuanHuyenID":0,"NganhNgheTitle":"Bán lẻ hàng hóa khác trong các cửa hàng chuyên doanh","NganhNgheTitleAscii":"/nganh-nghe/ban-le-hang-hoa-khac-trong-cac-cua-hang-chuyen-doanh","DSTags":["4700164096-001","Bắc Cạn",null]},{"Type":11,"SolrID":"/4700150505-doanh-nghiep-tu-nhan-tuyen-bac","ID":0,"MaSoThue":"4700150505","NgayCap":"2006-10-19T00:00:00Z","Title":"Doanh nghiệp tư nhân Tuyên Bắc","DiaChiCongTy":"Xã Côn Minh - Huyện Na Rì - Bắc Cạn","Created":"2015-11-11T12:21:58Z","Updated":"2015-11-11T12:21:58Z","IsDelete":false,"RequestChanged":false,"ExitsInGDT":false,"SourceID":0,"TinhThanhID":0,"TinhThanhTitle":"Bắc Cạn","TinhThanhTitleAscii":"/bac-can","QuanHuyenID":0,"NganhNgheTitle":"Chế biến gỗ và sản xuất sản phẩm từ gỗ, tre, nứa (trừ giường, tủ, bàn, ghế); sản xuất sản phẩm từ rơm, rạ và vật liệu tết bện","NganhNgheTitleAscii":"/nganh-nghe/che-bien-go-va-san-xuat-san-pham-tu-go-tre-nua-tru-giuong-tu-ban-ghe-san-xuat-san-pham-tu-rom-ra-va-vat-lieu-tet-ben","DSTags":["4700150505","Bắc Cạn",null]},{"Type":11,"SolrID":"/4700123124-ubnd-xa-con-minh","ID":0,"MaSoThue":"4700123124","NgayCap":"1999-05-22T00:00:00Z","Title":"UBND xã Côn Minh","DiaChiCongTy":"Xã Côn Minh - Huyện Na Rì - Bắc Cạn","Created":"2015-11-16T07:13:32Z","Updated":"2015-11-16T07:13:32Z","IsDelete":false,"RequestChanged":false,"ExitsInGDT":false,"SourceID":0,"TinhThanhID":0,"TinhThanhTitle":"Bắc Cạn","TinhThanhTitleAscii":"/bac-can","QuanHuyenID":0,"NganhNgheTitle":"Hoạt động dịch vụ tài chính khác chưa được phân vào đâu (trừ bảo hiểm và bảo hiểm xã hội)","NganhNgheTitleAscii":"/nganh-nghe/hoat-dong-dich-vu-tai-chinh-khac-chua-duoc-phan-vao-dau-tru-bao-hiem-va-bao-hiem-xa-hoi","DSTags":["4700123124","Bắc Cạn",null]}]}