{"ID":14257,"SolrID":"/bac-can/huyen-na-ri/xa-dong-xa","Title":"Xã Đổng Xá","TinhThanhTitle":"Bắc Cạn","QuanHuyenTitle":"Huyện Na Rì","QuanHuyenID":345,"TinhThanhID":47,"Url":"https://thongtindoanhnghiep.co/api/company?l=/bac-can/huyen-na-ri/xa-dong-xa","Total":3,"List":[{"Type":11,"SolrID":"/4700254286-doanh-nghiep-tu-nhan-phu-lam-bac-kan","ID":0,"MaSoThue":"4700254286","NgayCap":"2014-12-02T00:00:00Z","Title":"Doanh Nghiệp Tư Nhân Phú Lâm Bắc Kạn","DiaChiCongTy":"Thôn Nà Quản - Xã Đổng Xá - Huyện Na Rì - Bắc Cạn","Created":"2015-11-11T18:57:08Z","Updated":"2015-11-11T18:57:08Z","IsDelete":false,"RequestChanged":false,"ExitsInGDT":false,"SourceID":0,"TinhThanhID":0,"TinhThanhTitle":"Bắc Cạn","TinhThanhTitleAscii":"/bac-can","QuanHuyenID":0,"NganhNgheTitle":"Xây dựng nhà các loại","NganhNgheTitleAscii":"/nganh-nghe/xay-dung-nha-cac-loai","DSTags":["4700254286","Bắc Cạn",null]},{"Type":11,"SolrID":"/4700212670-doanh-nghiep-tn-na-thac","ID":0,"MaSoThue":"4700212670","NgayCap":"2011-10-11T00:00:00Z","Title":"Doanh Nghiệp TN Nà Thác","DiaChiCongTy":"Thôn Nà Thác - Xã Đổng Xá - Huyện Na Rì - Bắc Cạn","Created":"2015-11-10T02:05:17Z","Updated":"2015-11-10T02:05:17Z","IsDelete":false,"RequestChanged":false,"ExitsInGDT":false,"SourceID":0,"TinhThanhID":0,"TinhThanhTitle":"Bắc Cạn","TinhThanhTitleAscii":"/bac-can","QuanHuyenID":0,"NganhNgheTitle":"Sản xuất sản phẩm khác từ gỗ","NganhNgheTitleAscii":"/nganh-nghe/san-xuat-san-pham-khac-tu-go","DSTags":["4700212670","Bắc Cạn",null]},{"Type":11,"SolrID":"/4700123149-ubnd-xa-dong-xa","ID":0,"MaSoThue":"4700123149","NgayCap":"1999-05-22T00:00:00Z","Title":"UBND xã Đổng Xá","DiaChiCongTy":"Xã Đổng Xá - Huyện Na Rì - Bắc Cạn","Created":"2015-11-16T07:13:30Z","Updated":"2015-11-16T07:13:30Z","IsDelete":false,"RequestChanged":false,"ExitsInGDT":false,"SourceID":0,"TinhThanhID":0,"TinhThanhTitle":"Bắc Cạn","TinhThanhTitleAscii":"/bac-can","QuanHuyenID":0,"NganhNgheTitle":"Hoạt động dịch vụ tài chính khác chưa được phân vào đâu (trừ bảo hiểm và bảo hiểm xã hội)","NganhNgheTitleAscii":"/nganh-nghe/hoat-dong-dich-vu-tai-chinh-khac-chua-duoc-phan-vao-dau-tru-bao-hiem-va-bao-hiem-xa-hoi","DSTags":["4700123149","Bắc Cạn",null]}]}