{"ID":12113,"SolrID":"/bac-can/huyen-na-ri/xa-huu-thac","Title":"Xã Hữu Thác","TinhThanhTitle":"Bắc Cạn","QuanHuyenTitle":"Huyện Na Rì","QuanHuyenID":345,"TinhThanhID":47,"Url":"https://thongtindoanhnghiep.co/api/company?l=/bac-can/huyen-na-ri/xa-huu-thac","Total":2,"List":[{"Type":11,"SolrID":"/4600307752-001-chi-nhanh-cong-ty-tnhh-tan-thinh-tai-tinh-bac-kan","ID":0,"MaSoThue":"4600307752-001","NgayCap":"2008-05-20T00:00:00Z","Title":"Chi nhánh Công ty TNHH Tân Thịnh tại Tỉnh Bắc Kạn","DiaChiCongTy":"Thôn Khuổi Khiếu, Xã Hữu Thác - Huyện Na Rì - Bắc Cạn","Created":"2015-11-17T02:01:33Z","Updated":"2015-11-17T02:01:33Z","IsDelete":false,"RequestChanged":false,"ExitsInGDT":false,"SourceID":0,"TinhThanhID":0,"TinhThanhTitle":"Bắc Cạn","TinhThanhTitleAscii":"/bac-can","QuanHuyenID":0,"NganhNgheTitle":"Xây dựng công trình kỹ thuật dân dụng","NganhNgheTitleAscii":"/nganh-nghe/xay-dung-cong-trinh-ky-thuat-dan-dung","DSTags":["4600307752-001","Bắc Cạn",null]},{"Type":11,"SolrID":"/4700123131-ubnd-xa-huu-thac","ID":0,"MaSoThue":"4700123131","NgayCap":"1999-05-22T00:00:00Z","Title":"UBND xã Hữu Thác","DiaChiCongTy":"Xã Hữu Thác - Huyện Na Rì - Bắc Cạn","Created":"2015-11-16T07:13:31Z","Updated":"2015-11-16T07:13:31Z","IsDelete":false,"RequestChanged":false,"ExitsInGDT":false,"SourceID":0,"TinhThanhID":0,"TinhThanhTitle":"Bắc Cạn","TinhThanhTitleAscii":"/bac-can","QuanHuyenID":0,"NganhNgheTitle":"Hoạt động dịch vụ tài chính khác chưa được phân vào đâu (trừ bảo hiểm và bảo hiểm xã hội)","NganhNgheTitleAscii":"/nganh-nghe/hoat-dong-dich-vu-tai-chinh-khac-chua-duoc-phan-vao-dau-tru-bao-hiem-va-bao-hiem-xa-hoi","DSTags":["4700123131","Bắc Cạn",null]}]}