{"ID":13827,"SolrID":"/bac-can/huyen-na-ri/xa-kim-hy","Title":"Xã Kim Hỷ","TinhThanhTitle":"Bắc Cạn","QuanHuyenTitle":"Huyện Na Rì","QuanHuyenID":345,"TinhThanhID":47,"Url":"https://thongtindoanhnghiep.co/api/company?l=/bac-can/huyen-na-ri/xa-kim-hy","Total":4,"List":[{"Type":11,"SolrID":"/4700227807-truong-tieu-hoc-kim-hy","ID":0,"MaSoThue":"4700227807","NgayCap":"2012-03-28T00:00:00Z","Title":"Trường Tiểu Học Kim Hỷ","DiaChiCongTy":"Pò Đon - Xã Kim Hỷ - Huyện Na Rì - Bắc Cạn","Created":"2015-11-16T11:38:36Z","Updated":"2015-11-16T11:38:36Z","IsDelete":false,"RequestChanged":false,"ExitsInGDT":false,"SourceID":0,"TinhThanhID":0,"TinhThanhTitle":"Bắc Cạn","TinhThanhTitleAscii":"/bac-can","QuanHuyenID":0,"NganhNgheTitle":"Giáo dục tiểu học","NganhNgheTitleAscii":"/nganh-nghe/giao-duc-tieu-hoc","DSTags":["4700227807","Bắc Cạn",null]},{"Type":11,"SolrID":"/4700227772-truong-thcs-kim-hy","ID":0,"MaSoThue":"4700227772","NgayCap":"2012-03-28T00:00:00Z","Title":"Trường THCS Kim Hỷ","DiaChiCongTy":"Pò Đon - Xã Kim Hỷ - Huyện Na Rì - Bắc Cạn","Created":"2015-11-16T11:38:38Z","Updated":"2015-11-16T11:38:38Z","IsDelete":false,"RequestChanged":false,"ExitsInGDT":false,"SourceID":0,"TinhThanhID":0,"TinhThanhTitle":"Bắc Cạn","TinhThanhTitleAscii":"/bac-can","QuanHuyenID":0,"NganhNgheTitle":"Giáo dục trung học cơ sở","NganhNgheTitleAscii":"/nganh-nghe/giao-duc-trung-hoc-co-so","DSTags":["4700227772","Bắc Cạn",null]},{"Type":11,"SolrID":"/4700227765-truong-mam-non-kim-hy","ID":0,"MaSoThue":"4700227765","NgayCap":"2012-03-28T00:00:00Z","Title":"Trường Mầm Non Kim Hỷ","DiaChiCongTy":"Nà Mỏ - Xã Kim Hỷ - Huyện Na Rì - Bắc Cạn","Created":"2015-11-16T11:38:40Z","Updated":"2015-11-16T11:38:40Z","IsDelete":false,"RequestChanged":false,"ExitsInGDT":false,"SourceID":0,"TinhThanhID":0,"TinhThanhTitle":"Bắc Cạn","TinhThanhTitleAscii":"/bac-can","QuanHuyenID":0,"NganhNgheTitle":"Giáo dục mầm non","NganhNgheTitleAscii":"/nganh-nghe/giao-duc-mam-non","DSTags":["4700227765","Bắc Cạn",null]},{"Type":11,"SolrID":"/4700122667-ubnd-xa-kim-hy","ID":0,"MaSoThue":"4700122667","NgayCap":"1999-04-21T00:00:00Z","Title":"UBND xã Kim Hỷ","DiaChiCongTy":"Xã Kim Hỷ - Huyện Na Rì - Bắc Cạn","Created":"2015-11-16T06:53:37Z","Updated":"2015-11-16T06:53:37Z","IsDelete":false,"RequestChanged":false,"ExitsInGDT":false,"SourceID":0,"TinhThanhID":0,"TinhThanhTitle":"Bắc Cạn","TinhThanhTitleAscii":"/bac-can","QuanHuyenID":0,"NganhNgheTitle":"Hoạt động dịch vụ tài chính khác chưa được phân vào đâu (trừ bảo hiểm và bảo hiểm xã hội)","NganhNgheTitleAscii":"/nganh-nghe/hoat-dong-dich-vu-tai-chinh-khac-chua-duoc-phan-vao-dau-tru-bao-hiem-va-bao-hiem-xa-hoi","DSTags":["4700122667","Bắc Cạn",null]}]}