{"ID":12080,"SolrID":"/bac-can/huyen-na-ri/xa-lam-son","Title":"Xã Lam Sơn","TinhThanhTitle":"Bắc Cạn","QuanHuyenTitle":"Huyện Na Rì","QuanHuyenID":345,"TinhThanhID":47,"Url":"https://thongtindoanhnghiep.co/api/company?l=/bac-can/huyen-na-ri/xa-lam-son","Total":7,"List":[{"Type":11,"SolrID":"/4700262960-htx-chan-nuoi-xuong-cua","ID":0,"MaSoThue":"4700262960","NgayCap":"2016-06-15T00:00:00Z","Title":"HTX Chăn nuôi Xưởng Cưa","DiaChiCongTy":"Xưởng Cưa - Xã Lam Sơn - Huyện Na Rì - Bắc Cạn","Created":"2016-06-17T08:15:54Z","Updated":"2016-06-17T08:15:54Z","IsDelete":false,"RequestChanged":false,"ExitsInGDT":false,"SourceID":0,"TinhThanhID":0,"TinhThanhTitle":"Bắc Cạn","TinhThanhTitleAscii":"/bac-can","QuanHuyenID":0,"NganhNgheTitle":"Chăn nuôi lợn","NganhNgheTitleAscii":"/nganh-nghe/chan-nuoi-lon","DSTags":["4700262960","Bắc Cạn",null]},{"Type":11,"SolrID":"/4700198923-cong-ty-tnhh-san-xuat-va-thuong-mai-phu-lam","ID":0,"MaSoThue":"4700198923","NgayCap":"2010-12-06T00:00:00Z","Title":"Công Ty TNHH Sản Xuất Và Thương Mại Phú Lâm","DiaChiCongTy":"Thôn Xưởng Cưa - Xã Lam Sơn - Huyện Na Rì - Bắc Cạn","Created":"2015-11-10T02:04:50Z","Updated":"2015-11-10T02:04:50Z","IsDelete":false,"RequestChanged":false,"ExitsInGDT":false,"SourceID":0,"TinhThanhID":0,"TinhThanhTitle":"Bắc Cạn","TinhThanhTitleAscii":"/bac-can","QuanHuyenID":0,"NganhNgheTitle":"Bán buôn nông, lâm sản nguyên liệu (trừ gỗ, tre, nứa) và động vật sống","NganhNgheTitleAscii":"/nganh-nghe/ban-buon-nong-lam-san-nguyen-lieu-tru-go-tre-nua-va-dong-vat-song","DSTags":["4700198923","Bắc Cạn",null]},{"Type":11,"SolrID":"/4700194005-doanh-nghiep-tu-nhan-xay-dung-an-khanh","ID":0,"MaSoThue":"4700194005","NgayCap":"2010-04-26T00:00:00Z","Title":"Doanh Nghiệp Tư Nhân  Xây Dựng An Khánh","DiaChiCongTy":"Thôn Chợ Mới - Xã Lam Sơn - Huyện Na Rì - Bắc Cạn","Created":"2015-11-17T02:12:52Z","Updated":"2015-11-17T02:12:52Z","IsDelete":false,"RequestChanged":false,"ExitsInGDT":false,"SourceID":0,"TinhThanhID":0,"TinhThanhTitle":"Bắc Cạn","TinhThanhTitleAscii":"/bac-can","QuanHuyenID":0,"NganhNgheTitle":"Xây dựng nhà các loại","NganhNgheTitleAscii":"/nganh-nghe/xay-dung-nha-cac-loai","DSTags":["4700194005","Bắc Cạn",null]},{"Type":11,"SolrID":"/4700162476-doanh-nghiep-tu-nhan-ngoc-luat","ID":0,"MaSoThue":"4700162476","NgayCap":"2009-08-18T00:00:00Z","Title":"Doanh Nghiệp Tư Nhân Ngọc Luật","DiaChiCongTy":"Thôn Pò Chẹt - Xã Lam Sơn - Huyện Na Rì - Bắc Cạn","Created":"2015-11-09T01:16:48Z","Updated":"2015-11-09T01:16:48Z","IsDelete":false,"RequestChanged":false,"ExitsInGDT":false,"SourceID":0,"TinhThanhID":0,"TinhThanhTitle":"Bắc Cạn","TinhThanhTitleAscii":"/bac-can","QuanHuyenID":0,"NganhNgheTitle":"Bán buôn thức ăn và nguyên liệu làm thức ăn cho gia súc, gia cầm và thuỷ sản","NganhNgheTitleAscii":"/nganh-nghe/ban-buon-thuc-an-va-nguyen-lieu-lam-thuc-an-cho-gia-suc-gia-cam-va-thuy-san","DSTags":["4700162476","Bắc Cạn",null]},{"Type":11,"SolrID":"/4700162331-doanh-nghiep-tu-nhan-xuan-truong","ID":0,"MaSoThue":"4700162331","NgayCap":"2008-09-04T00:00:00Z","Title":"Doanh nghiệp tư nhân Xuân Trường","DiaChiCongTy":"Ngã ba Xã Lam Sơn - Huyện Na Rì - Bắc Cạn","Created":"2015-11-11T07:34:57Z","Updated":"2015-11-11T07:34:57Z","IsDelete":false,"RequestChanged":false,"ExitsInGDT":false,"SourceID":0,"TinhThanhID":0,"TinhThanhTitle":"Bắc Cạn","TinhThanhTitleAscii":"/bac-can","QuanHuyenID":0,"NganhNgheTitle":"Bán buôn ô tô và xe có động cơ khác","NganhNgheTitleAscii":"/nganh-nghe/ban-buon-o-to-va-xe-co-dong-co-khac","DSTags":["4700162331","Bắc Cạn",null]},{"Type":11,"SolrID":"/5000233099-001-chi-nhanh-cong-ty-tnhh-thuong-mai-quang-ha-tai-bac-kan","ID":0,"MaSoThue":"5000233099-001","NgayCap":"2007-09-19T00:00:00Z","Title":"Chi nhánh công ty TNHH thương mại Quảng Hà tại Bắc Kạn","DiaChiCongTy":"Thôn Pò Chẹt, Xã Lam Sơn - Huyện Na Rì - Bắc Cạn","Created":"2015-11-15T19:35:36Z","Updated":"2015-11-15T19:35:36Z","IsDelete":false,"RequestChanged":false,"ExitsInGDT":false,"SourceID":0,"TinhThanhID":0,"TinhThanhTitle":"Bắc Cạn","TinhThanhTitleAscii":"/bac-can","QuanHuyenID":0,"NganhNgheTitle":"Bán buôn nông, lâm sản nguyên liệu (trừ gỗ, tre, nứa) và động vật sống","NganhNgheTitleAscii":"/nganh-nghe/ban-buon-nong-lam-san-nguyen-lieu-tru-go-tre-nua-va-dong-vat-song","DSTags":["5000233099-001","Bắc Cạn",null]},{"Type":11,"SolrID":"/4700122681-ubnd-xa-lam-son","ID":0,"MaSoThue":"4700122681","NgayCap":"1999-04-21T00:00:00Z","Title":"UBND xã Lam Sơn","DiaChiCongTy":"Xã Lam Sơn - Huyện Na Rì - Bắc Cạn","Created":"2015-11-16T06:53:34Z","Updated":"2015-11-16T06:53:34Z","IsDelete":false,"RequestChanged":false,"ExitsInGDT":false,"SourceID":0,"TinhThanhID":0,"TinhThanhTitle":"Bắc Cạn","TinhThanhTitleAscii":"/bac-can","QuanHuyenID":0,"NganhNgheTitle":"Hoạt động dịch vụ tài chính khác chưa được phân vào đâu (trừ bảo hiểm và bảo hiểm xã hội)","NganhNgheTitleAscii":"/nganh-nghe/hoat-dong-dich-vu-tai-chinh-khac-chua-duoc-phan-vao-dau-tru-bao-hiem-va-bao-hiem-xa-hoi","DSTags":["4700122681","Bắc Cạn",null]}]}