{"ID":14275,"SolrID":"/bac-can/huyen-na-ri/xa-luong-thanh","Title":"Xã Lương Thành","TinhThanhTitle":"Bắc Cạn","QuanHuyenTitle":"Huyện Na Rì","QuanHuyenID":345,"TinhThanhID":47,"Url":"https://thongtindoanhnghiep.co/api/company?l=/bac-can/huyen-na-ri/xa-luong-thanh","Total":1,"List":[{"Type":11,"SolrID":"/4700122762-ubnd-xa-luong-thanh","ID":0,"MaSoThue":"4700122762","NgayCap":"1999-04-21T00:00:00Z","Title":"UBND xã Lương Thành","DiaChiCongTy":"Xã Lương Thành - Huyện Na Rì - Bắc Cạn","Created":"2015-11-16T06:53:25Z","Updated":"2015-11-16T06:53:25Z","IsDelete":false,"RequestChanged":false,"ExitsInGDT":false,"SourceID":0,"TinhThanhID":0,"TinhThanhTitle":"Bắc Cạn","TinhThanhTitleAscii":"/bac-can","QuanHuyenID":0,"NganhNgheTitle":"Hoạt động dịch vụ tài chính khác chưa được phân vào đâu (trừ bảo hiểm và bảo hiểm xã hội)","NganhNgheTitleAscii":"/nganh-nghe/hoat-dong-dich-vu-tai-chinh-khac-chua-duoc-phan-vao-dau-tru-bao-hiem-va-bao-hiem-xa-hoi","DSTags":["4700122762","Bắc Cạn",null]}]}