{"ID":6060,"SolrID":"/bac-can/huyen-na-ri/xa-lang-san","Title":"Xã Lạng San","TinhThanhTitle":"Bắc Cạn","QuanHuyenTitle":"Huyện Na Rì","QuanHuyenID":345,"TinhThanhID":47,"Url":"https://thongtindoanhnghiep.co/api/company?l=/bac-can/huyen-na-ri/xa-lang-san","Total":6,"List":[{"Type":11,"SolrID":"/4700243735-doanh-nghiep-tn-vang-bac-hue-huong","ID":0,"MaSoThue":"4700243735","NgayCap":"2013-07-23T00:00:00Z","Title":"Doanh Nghiệp TN Vàng Bạc Huệ Hương","DiaChiCongTy":"Chợ Tân An - Xã Lạng San - Huyện Na Rì - Bắc Cạn","Created":"2015-11-17T08:01:10Z","Updated":"2015-11-17T08:01:10Z","IsDelete":false,"RequestChanged":false,"ExitsInGDT":false,"SourceID":0,"TinhThanhID":0,"TinhThanhTitle":"Bắc Cạn","TinhThanhTitleAscii":"/bac-can","QuanHuyenID":0,"NganhNgheTitle":"Bán lẻ hàng hóa khác mới trong các cửa hàng chuyên doanh","NganhNgheTitleAscii":"/nganh-nghe/ban-le-hang-hoa-khac-moi-trong-cac-cua-hang-chuyen-doanh","DSTags":["4700243735","Bắc Cạn",null]},{"Type":11,"SolrID":"/4700233261-hop-tac-xa-viet-cuong","ID":0,"MaSoThue":"4700233261","NgayCap":"2012-06-07T00:00:00Z","Title":"Hợp Tác Xã Việt Cường","DiaChiCongTy":"Thôn Chợ Mới - Xã Lạng San - Huyện Na Rì - Bắc Cạn","Created":"2015-11-16T10:57:04Z","Updated":"2015-11-16T10:57:04Z","IsDelete":false,"RequestChanged":false,"ExitsInGDT":false,"SourceID":0,"TinhThanhID":0,"TinhThanhTitle":"Bắc Cạn","TinhThanhTitleAscii":"/bac-can","QuanHuyenID":0,"NganhNgheTitle":"Hoạt động dịch vụ trồng trọt","NganhNgheTitleAscii":"/nganh-nghe/hoat-dong-dich-vu-trong-trot","DSTags":["4700233261","Bắc Cạn",null]},{"Type":11,"SolrID":"/4700190466-ban-quan-ly-khu-bao-ton-thien-nhien-kim-hy","ID":0,"MaSoThue":"4700190466","NgayCap":"2009-10-16T00:00:00Z","Title":"Ban quản lý khu bảo tồn thiên nhiên Kim Hỷ","DiaChiCongTy":"xã Lạng San - Huyện Na Rì - Bắc Cạn","Created":"2015-11-16T22:45:43Z","Updated":"2015-11-16T22:45:43Z","IsDelete":false,"RequestChanged":false,"ExitsInGDT":false,"SourceID":0,"TinhThanhID":0,"TinhThanhTitle":"Bắc Cạn","TinhThanhTitleAscii":"/bac-can","QuanHuyenID":0,"NganhNgheTitle":"Trồng cây hàng năm khác","NganhNgheTitleAscii":"/nganh-nghe/trong-cay-hang-nam-khac","DSTags":["4700190466","Bắc Cạn",null]},{"Type":11,"SolrID":"/4700166135-001-chi-nhanh-cong-ty-co-phan-du-lich-va-khai-khoang-bac-kan","ID":0,"MaSoThue":"4700166135-001","NgayCap":"2009-07-16T00:00:00Z","Title":"Chi nhánh công ty cổ phần Du lịch và khai khoáng Bắc kạn","DiaChiCongTy":"Xã Lạng San - Huyện Na Rì - Bắc Cạn","Created":"2015-11-19T03:22:21Z","Updated":"2015-11-19T03:22:21Z","IsDelete":false,"RequestChanged":false,"ExitsInGDT":false,"SourceID":0,"TinhThanhID":0,"TinhThanhTitle":"Bắc Cạn","TinhThanhTitleAscii":"/bac-can","QuanHuyenID":0,"NganhNgheTitle":"Dịch vụ lưu trú ngắn ngày","NganhNgheTitleAscii":"/nganh-nghe/dich-vu-luu-tru-ngan-ngay","DSTags":["4700166135-001","Bắc Cạn",null]},{"Type":11,"SolrID":"/4700119738-004-mo-vang-tan-an","ID":0,"MaSoThue":"4700119738-004","NgayCap":"2003-11-05T00:00:00Z","Title":"Mỏ Vàng Tân An","DiaChiCongTy":"Xã Lạng San - Huyện Na Rì - Bắc Cạn","Created":"2015-11-19T03:21:31Z","Updated":"2015-11-19T03:21:31Z","IsDelete":false,"RequestChanged":false,"ExitsInGDT":false,"SourceID":0,"TinhThanhID":0,"TinhThanhTitle":"Bắc Cạn","TinhThanhTitleAscii":"/bac-can","QuanHuyenID":0,"NganhNgheTitle":"Khai thác quặng kim loại","NganhNgheTitleAscii":"/nganh-nghe/khai-thac-quang-kim-loai","DSTags":["4700119738-004","Bắc Cạn",null]},{"Type":11,"SolrID":"/4700122709-ubnd-xa-lang-san","ID":0,"MaSoThue":"4700122709","NgayCap":"1999-04-21T00:00:00Z","Title":"UBND xã Lạng San","DiaChiCongTy":"Xã Lạng San - Huyện Na Rì - Bắc Cạn","Created":"2015-11-16T06:53:32Z","Updated":"2015-11-16T06:53:32Z","IsDelete":false,"RequestChanged":false,"ExitsInGDT":false,"SourceID":0,"TinhThanhID":0,"TinhThanhTitle":"Bắc Cạn","TinhThanhTitleAscii":"/bac-can","QuanHuyenID":0,"NganhNgheTitle":"Hoạt động dịch vụ tài chính khác chưa được phân vào đâu (trừ bảo hiểm và bảo hiểm xã hội)","NganhNgheTitleAscii":"/nganh-nghe/hoat-dong-dich-vu-tai-chinh-khac-chua-duoc-phan-vao-dau-tru-bao-hiem-va-bao-hiem-xa-hoi","DSTags":["4700122709","Bắc Cạn",null]}]}