{"ID":4520,"SolrID":"/bac-can/huyen-na-ri/xa-quang-phong","Title":"Xã Quang Phong","TinhThanhTitle":"Bắc Cạn","QuanHuyenTitle":"Huyện Na Rì","QuanHuyenID":345,"TinhThanhID":47,"Url":"https://thongtindoanhnghiep.co/api/company?l=/bac-can/huyen-na-ri/xa-quang-phong","Total":3,"List":[{"Type":11,"SolrID":"/4700231874-001-cong-ty-cp-thuong-mai-dau-tu-khanh-thanh-a-dong-chi-nhanh-tai-huyen-na-ri","ID":0,"MaSoThue":"4700231874-001","NgayCap":"2015-01-16T00:00:00Z","Title":"Công Ty CP Thương Mại - Đầu Tư Khánh Thành á Đông - Chi Nhánh Tại Huyện Na Rì","DiaChiCongTy":"Thôn Quan Làng - Xã Quang Phong - Huyện Na Rì - Bắc Cạn","Created":"2015-11-19T08:49:03Z","Updated":"2015-11-19T08:49:03Z","IsDelete":false,"RequestChanged":false,"ExitsInGDT":false,"SourceID":0,"TinhThanhID":0,"TinhThanhTitle":"Bắc Cạn","TinhThanhTitleAscii":"/bac-can","QuanHuyenID":0,"NganhNgheTitle":"Trồng rừng và chăm sóc rừng","NganhNgheTitleAscii":"/nganh-nghe/trong-rung-va-cham-soc-rung","DSTags":["4700231874-001","Bắc Cạn",null]},{"Type":11,"SolrID":"/4600434895-001-chi-nhanh-cong-ty-co-phan-thuong-mai-va-che-bien-nong-lam-san-quyet-thang-tai-bac-kan","ID":0,"MaSoThue":"4600434895-001","NgayCap":"2008-08-08T00:00:00Z","Title":"Chi nhánh Công ty cổ phần thương mại và chế biến nông lâm sản Quyết Thắng tại Bắc Kạn","DiaChiCongTy":"Xóm Quan Làng, xã Quang Phong - Huyện Na Rì - Bắc Cạn","Created":"2015-11-19T03:21:38Z","Updated":"2015-11-19T03:21:38Z","IsDelete":false,"RequestChanged":false,"ExitsInGDT":false,"SourceID":0,"TinhThanhID":0,"TinhThanhTitle":"Bắc Cạn","TinhThanhTitleAscii":"/bac-can","QuanHuyenID":0,"NganhNgheTitle":"Sản xuất sản phẩm khác từ gỗ; sản xuất sản phẩm từ tre, nứa, rơm, rạ và vật liệu tết bện","NganhNgheTitleAscii":"/nganh-nghe/san-xuat-san-pham-khac-tu-go-san-xuat-san-pham-tu-tre-nua-rom-ra-va-vat-lieu-tet-ben","DSTags":["4600434895-001","Bắc Cạn",null]},{"Type":11,"SolrID":"/4700123156-ubnd-xa-quang-phong","ID":0,"MaSoThue":"4700123156","NgayCap":"1999-05-22T00:00:00Z","Title":"UBND xã Quang Phong","DiaChiCongTy":"Xã Quang Phong - Huyện Na Rì - Bắc Cạn","Created":"2015-11-16T07:13:29Z","Updated":"2015-11-16T07:13:29Z","IsDelete":false,"RequestChanged":false,"ExitsInGDT":false,"SourceID":0,"TinhThanhID":0,"TinhThanhTitle":"Bắc Cạn","TinhThanhTitleAscii":"/bac-can","QuanHuyenID":0,"NganhNgheTitle":"Hoạt động dịch vụ tài chính khác chưa được phân vào đâu (trừ bảo hiểm và bảo hiểm xã hội)","NganhNgheTitleAscii":"/nganh-nghe/hoat-dong-dich-vu-tai-chinh-khac-chua-duoc-phan-vao-dau-tru-bao-hiem-va-bao-hiem-xa-hoi","DSTags":["4700123156","Bắc Cạn",null]}]}