{"ID":13942,"SolrID":"/bac-can/huyen-na-ri/xa-van-hoc","Title":"Xã Văn Học","TinhThanhTitle":"Bắc Cạn","QuanHuyenTitle":"Huyện Na Rì","QuanHuyenID":345,"TinhThanhID":47,"Url":"https://thongtindoanhnghiep.co/api/company?l=/bac-can/huyen-na-ri/xa-van-hoc","Total":2,"List":[{"Type":11,"SolrID":"/4700248677-truong-mam-non-van-hoc","ID":0,"MaSoThue":"4700248677","NgayCap":"2014-03-31T00:00:00Z","Title":"Trường Mầm Non Văn Học","DiaChiCongTy":"Văn Học - Xã Văn Học - Huyện Na Rì - Bắc Cạn","Created":"2015-11-16T10:30:19Z","Updated":"2015-11-16T10:30:19Z","IsDelete":false,"RequestChanged":false,"ExitsInGDT":false,"SourceID":0,"TinhThanhID":0,"TinhThanhTitle":"Bắc Cạn","TinhThanhTitleAscii":"/bac-can","QuanHuyenID":0,"NganhNgheTitle":"Giáo dục mầm non","NganhNgheTitleAscii":"/nganh-nghe/giao-duc-mam-non","DSTags":["4700248677","Bắc Cạn",null]},{"Type":11,"SolrID":"/4700122755-ubnd-xa-van-hoc","ID":0,"MaSoThue":"4700122755","NgayCap":"1999-04-21T00:00:00Z","Title":"UBND xã Văn Học","DiaChiCongTy":"Xã Văn Học - Huyện Na Rì - Bắc Cạn","Created":"2015-11-16T06:53:29Z","Updated":"2015-11-16T06:53:29Z","IsDelete":false,"RequestChanged":false,"ExitsInGDT":false,"SourceID":0,"TinhThanhID":0,"TinhThanhTitle":"Bắc Cạn","TinhThanhTitleAscii":"/bac-can","QuanHuyenID":0,"NganhNgheTitle":"Hoạt động dịch vụ tài chính khác chưa được phân vào đâu (trừ bảo hiểm và bảo hiểm xã hội)","NganhNgheTitleAscii":"/nganh-nghe/hoat-dong-dich-vu-tai-chinh-khac-chua-duoc-phan-vao-dau-tru-bao-hiem-va-bao-hiem-xa-hoi","DSTags":["4700122755","Bắc Cạn",null]}]}