{"ID":9791,"SolrID":"/bac-can/huyen-na-ri/xa-van-minh","Title":"Xã Văn Minh","TinhThanhTitle":"Bắc Cạn","QuanHuyenTitle":"Huyện Na Rì","QuanHuyenID":345,"TinhThanhID":47,"Url":"https://thongtindoanhnghiep.co/api/company?l=/bac-can/huyen-na-ri/xa-van-minh","Total":4,"List":[{"Type":11,"SolrID":"/4700257216-cong-ty-cp-an-phat-dai-lam","ID":0,"MaSoThue":"4700257216","NgayCap":"2015-05-18T00:00:00Z","Title":"Công Ty CP An Phát Đại Lâm","DiaChiCongTy":"Thôn Nà Slo - Xã Văn Minh - Huyện Na Rì - Bắc Cạn","Created":"2015-11-17T23:46:12Z","Updated":"2015-11-17T23:46:12Z","IsDelete":false,"RequestChanged":false,"ExitsInGDT":false,"SourceID":0,"TinhThanhID":0,"TinhThanhTitle":"Bắc Cạn","TinhThanhTitleAscii":"/bac-can","QuanHuyenID":0,"NganhNgheTitle":"Trồng rừng và chăm sóc rừng","NganhNgheTitleAscii":"/nganh-nghe/trong-rung-va-cham-soc-rung","DSTags":["4700257216","Bắc Cạn",null]},{"Type":11,"SolrID":"/4700237121-cong-ty-cp-phat-trien-rung-xanh","ID":0,"MaSoThue":"4700237121","NgayCap":"2012-10-26T00:00:00Z","Title":"Công Ty CP Phát Triển Rừng Xanh","DiaChiCongTy":"Thôn Khuổi Thục - Xã Văn Minh - Huyện Na Rì - Bắc Cạn","Created":"2015-11-12T03:25:19Z","Updated":"2015-11-12T03:25:19Z","IsDelete":false,"RequestChanged":false,"ExitsInGDT":false,"SourceID":0,"TinhThanhID":0,"TinhThanhTitle":"Bắc Cạn","TinhThanhTitleAscii":"/bac-can","QuanHuyenID":0,"NganhNgheTitle":"Cưa, xẻ, bào gỗ và bảo quản gỗ","NganhNgheTitleAscii":"/nganh-nghe/cua-xe-bao-go-va-bao-quan-go","DSTags":["4700237121","Bắc Cạn",null]},{"Type":11,"SolrID":"/4700196676-hop-tac-xa-khai-thac-so-che-go-lam-san-san-xuat-do-moc-dan-dung","ID":0,"MaSoThue":"4700196676","NgayCap":"2010-08-04T00:00:00Z","Title":"Hợp tác xã khai thác sơ chế gỗ lâm sản, sản xuất đồ mộc dân dụng","DiaChiCongTy":"Thôn Nà Dụ, xã Văn Minh - Xã Văn Minh - Huyện Na Rì - Bắc Cạn","Created":"2015-11-16T21:20:32Z","Updated":"2016-05-22T09:49:07Z","IsDelete":false,"RequestChanged":false,"ExitsInGDT":false,"SourceID":0,"TinhThanhID":0,"TinhThanhTitle":"Bắc Cạn","TinhThanhTitleAscii":"/bac-can","QuanHuyenID":0,"NganhNgheTitle":"Khai thác gỗ và lâm sản khác","NganhNgheTitleAscii":"/nganh-nghe/khai-thac-go-va-lam-san-khac","DSTags":["4700196676","Bắc Cạn",null]},{"Type":11,"SolrID":"/4700122748-ubnd-xa-van-minh","ID":0,"MaSoThue":"4700122748","NgayCap":"1999-04-21T00:00:00Z","Title":"UBND xã Văn Minh","DiaChiCongTy":"Xã Văn Minh - Huyện Na Rì - Bắc Cạn","Created":"2015-11-16T05:52:02Z","Updated":"2015-11-16T05:52:02Z","IsDelete":false,"RequestChanged":false,"ExitsInGDT":false,"SourceID":0,"TinhThanhID":0,"TinhThanhTitle":"Bắc Cạn","TinhThanhTitleAscii":"/bac-can","QuanHuyenID":0,"NganhNgheTitle":"Hoạt động dịch vụ tài chính khác chưa được phân vào đâu (trừ bảo hiểm và bảo hiểm xã hội)","NganhNgheTitleAscii":"/nganh-nghe/hoat-dong-dich-vu-tai-chinh-khac-chua-duoc-phan-vao-dau-tru-bao-hiem-va-bao-hiem-xa-hoi","DSTags":["4700122748","Bắc Cạn",null]}]}