{"ID":20174,"SolrID":"/bac-giang/so-363-duong-le-loi/chua-ro","Title":"Chưa rõ","TinhThanhTitle":"Bắc Giang","QuanHuyenTitle":"Số 363 Đường Lê Lợi","QuanHuyenID":843,"TinhThanhID":54,"Url":"https://thongtindoanhnghiep.co/api/company?l=/bac-giang/so-363-duong-le-loi/chua-ro","Total":1,"List":[{"Type":11,"SolrID":"/2400389560-doanh-nghiep-tu-nhan-nam-phuong","ID":0,"MaSoThue":"2400389560","NgayCap":"2007-12-04T00:00:00Z","Title":"Doanh Nghiệp Tư Nhân Nam Phương","DiaChiCongTy":"Số 363 đường Lê Lợi, Tỉnh Bắc Giang","Created":"2018-05-03T15:20:43Z","Updated":"2018-05-03T15:20:43Z","IsDelete":false,"RequestChanged":false,"ExitsInGDT":false,"SourceID":0,"TinhThanhID":0,"TinhThanhTitle":"Bắc Giang","TinhThanhTitleAscii":"/bac-giang","QuanHuyenID":0,"DSTags":["2400389560","Bắc Giang",null]}]}