{"ID":14071,"SolrID":"/bac-can/huyen-bach-thong/chua-ro","Title":"Chưa rõ","TinhThanhTitle":"Bắc Cạn","QuanHuyenTitle":"Huyện Bạch Thông","QuanHuyenID":443,"TinhThanhID":47,"Url":"https://thongtindoanhnghiep.co/api/company?l=/bac-can/huyen-bach-thong/chua-ro","Total":24,"List":[{"Type":11,"SolrID":"/4700246408-hop-tac-xa-khien-giang","ID":0,"MaSoThue":"4700246408","NgayCap":"2013-11-25T00:00:00Z","Title":"Hợp Tác Xã Khiên Giang","DiaChiCongTy":"Nà Lốc - Huyện Bạch Thông - Bắc Cạn","Created":"2015-11-16T06:59:03Z","Updated":"2015-11-16T06:59:03Z","IsDelete":false,"RequestChanged":false,"ExitsInGDT":false,"SourceID":0,"TinhThanhID":0,"TinhThanhTitle":"Bắc Cạn","TinhThanhTitleAscii":"/bac-can","QuanHuyenID":0,"NganhNgheTitle":"Sản xuất vật liệu xây dựng từ đất sét","NganhNgheTitleAscii":"/nganh-nghe/san-xuat-vat-lieu-xay-dung-tu-dat-set","DSTags":["4700246408","Bắc Cạn",null]},{"Type":11,"SolrID":"/4700245002-trung-tam-dan-so-khhgd-bach-thong","ID":0,"MaSoThue":"4700245002","NgayCap":"2013-10-02T00:00:00Z","Title":"TRUNG TâM DâN Số KHHGĐ BạCH THôNG","DiaChiCongTy":"TT Phủ Thông - Huyện Bạch Thông - Bắc Cạn","Created":"2015-11-16T07:39:39Z","Updated":"2015-11-16T07:39:39Z","IsDelete":false,"RequestChanged":false,"ExitsInGDT":false,"SourceID":0,"TinhThanhID":0,"TinhThanhTitle":"Bắc Cạn","TinhThanhTitleAscii":"/bac-can","QuanHuyenID":0,"NganhNgheTitle":"Hoạt động y tế khác chưa được phân vào đâu","NganhNgheTitleAscii":"/nganh-nghe/hoat-dong-y-te-khac-chua-duoc-phan-vao-dau","DSTags":["4700245002","Bắc Cạn",null]},{"Type":11,"SolrID":"/4700241978-phong-dan-toc","ID":0,"MaSoThue":"4700241978","NgayCap":"2013-05-16T00:00:00Z","Title":"Phòng Dân Tộc","DiaChiCongTy":"Ngã Ba - Huyện Bạch Thông - Bắc Cạn","Created":"2015-11-15T21:36:47Z","Updated":"2015-11-15T21:36:47Z","IsDelete":false,"RequestChanged":false,"ExitsInGDT":false,"SourceID":0,"TinhThanhID":0,"TinhThanhTitle":"Bắc Cạn","TinhThanhTitleAscii":"/bac-can","QuanHuyenID":0,"NganhNgheTitle":"Dịch vụ hành chính văn phòng tổng hợp","NganhNgheTitleAscii":"/nganh-nghe/dich-vu-hanh-chinh-van-phong-tong-hop","DSTags":["4700241978","Bắc Cạn",null]},{"Type":11,"SolrID":"/4700241086-truong-tieu-hoc-cam-giang","ID":0,"MaSoThue":"4700241086","NgayCap":"2013-02-28T00:00:00Z","Title":"Trường Tiểu Học Cẩm Giàng","DiaChiCongTy":"Cẩm Giàng - Huyện Bạch Thông - Bắc Cạn","Created":"2015-11-16T08:41:30Z","Updated":"2015-11-16T08:41:30Z","IsDelete":false,"RequestChanged":false,"ExitsInGDT":false,"SourceID":0,"TinhThanhID":0,"TinhThanhTitle":"Bắc Cạn","TinhThanhTitleAscii":"/bac-can","QuanHuyenID":0,"NganhNgheTitle":"Giáo dục tiểu học","NganhNgheTitleAscii":"/nganh-nghe/giao-duc-tieu-hoc","DSTags":["4700241086","Bắc Cạn",null]},{"Type":11,"SolrID":"/4700241110-truong-mam-non-duong-phong","ID":0,"MaSoThue":"4700241110","NgayCap":"2013-02-28T00:00:00Z","Title":"Trường Mầm Non Dương Phong","DiaChiCongTy":"Tổng Ngay - Huyện Bạch Thông - Bắc Cạn","Created":"2015-11-16T08:41:34Z","Updated":"2015-11-16T08:41:34Z","IsDelete":false,"RequestChanged":false,"ExitsInGDT":false,"SourceID":0,"TinhThanhID":0,"TinhThanhTitle":"Bắc Cạn","TinhThanhTitleAscii":"/bac-can","QuanHuyenID":0,"NganhNgheTitle":"Giáo dục mầm non","NganhNgheTitleAscii":"/nganh-nghe/giao-duc-mam-non","DSTags":["4700241110","Bắc Cạn",null]},{"Type":11,"SolrID":"/4700241103-truong-trung-hoc-co-so-duong-phong","ID":0,"MaSoThue":"4700241103","NgayCap":"2013-02-28T00:00:00Z","Title":"Trường Trung Học Cơ Sở Dương Phong","DiaChiCongTy":"Tổng Ngay - Huyện Bạch Thông - Bắc Cạn","Created":"2015-11-16T08:41:35Z","Updated":"2015-11-16T08:41:35Z","IsDelete":false,"RequestChanged":false,"ExitsInGDT":false,"SourceID":0,"TinhThanhID":0,"TinhThanhTitle":"Bắc Cạn","TinhThanhTitleAscii":"/bac-can","QuanHuyenID":0,"NganhNgheTitle":"Giáo dục trung học cơ sở và trung học phổ thông","NganhNgheTitleAscii":"/nganh-nghe/giao-duc-trung-hoc-co-so-va-trung-hoc-pho-thong","DSTags":["4700241103","Bắc Cạn",null]},{"Type":11,"SolrID":"/4700241093-truong-tieu-hoc-duong-phong","ID":0,"MaSoThue":"4700241093","NgayCap":"2013-02-28T00:00:00Z","Title":"Trường Tiểu Học Dương Phong","DiaChiCongTy":"Tổng Ngay - Huyện Bạch Thông - Bắc Cạn","Created":"2015-11-16T08:41:36Z","Updated":"2015-11-16T08:41:36Z","IsDelete":false,"RequestChanged":false,"ExitsInGDT":false,"SourceID":0,"TinhThanhID":0,"TinhThanhTitle":"Bắc Cạn","TinhThanhTitleAscii":"/bac-can","QuanHuyenID":0,"NganhNgheTitle":"Giáo dục tiểu học","NganhNgheTitleAscii":"/nganh-nghe/giao-duc-tieu-hoc","DSTags":["4700241093","Bắc Cạn",null]},{"Type":11,"SolrID":"/4700241079-truong-mam-non-cam-giang","ID":0,"MaSoThue":"4700241079","NgayCap":"2013-02-28T00:00:00Z","Title":"Trường Mầm Non Cẩm Giàng","DiaChiCongTy":"Thôn Nà Tu - Huyện Bạch Thông - Bắc Cạn","Created":"2015-11-16T08:41:43Z","Updated":"2015-11-16T08:41:43Z","IsDelete":false,"RequestChanged":false,"ExitsInGDT":false,"SourceID":0,"TinhThanhID":0,"TinhThanhTitle":"Bắc Cạn","TinhThanhTitleAscii":"/bac-can","QuanHuyenID":0,"NganhNgheTitle":"Giáo dục mầm non","NganhNgheTitleAscii":"/nganh-nghe/giao-duc-mam-non","DSTags":["4700241079","Bắc Cạn",null]},{"Type":11,"SolrID":"/4700241061-truong-trung-hoc-co-so-cam-giang","ID":0,"MaSoThue":"4700241061","NgayCap":"2013-02-28T00:00:00Z","Title":"Trường Trung Học Cơ Sở Cẩm Giàng","DiaChiCongTy":"Thôn Đầu Cầu - Huyện Bạch Thông - Bắc Cạn","Created":"2015-11-16T08:41:44Z","Updated":"2015-11-16T08:41:44Z","IsDelete":false,"RequestChanged":false,"ExitsInGDT":false,"SourceID":0,"TinhThanhID":0,"TinhThanhTitle":"Bắc Cạn","TinhThanhTitleAscii":"/bac-can","QuanHuyenID":0,"NganhNgheTitle":"Giáo dục trung học cơ sở và trung học phổ thông","NganhNgheTitleAscii":"/nganh-nghe/giao-duc-trung-hoc-co-so-va-trung-hoc-pho-thong","DSTags":["4700241061","Bắc Cạn",null]},{"Type":11,"SolrID":"/4700240967-truong-mam-non-luc-binh","ID":0,"MaSoThue":"4700240967","NgayCap":"2013-02-23T00:00:00Z","Title":"Trường Mầm Non Lục Bình","DiaChiCongTy":"Thôn Bắc Lanh Chang - Huyện Bạch Thông - Bắc Cạn","Created":"2015-11-16T08:43:43Z","Updated":"2015-11-16T08:43:43Z","IsDelete":false,"RequestChanged":false,"ExitsInGDT":false,"SourceID":0,"TinhThanhID":0,"TinhThanhTitle":"Bắc Cạn","TinhThanhTitleAscii":"/bac-can","QuanHuyenID":0,"NganhNgheTitle":"Giáo dục mầm non","NganhNgheTitleAscii":"/nganh-nghe/giao-duc-mam-non","DSTags":["4700240967","Bắc Cạn",null]},{"Type":11,"SolrID":"/4700240942-truong-mam-non-vu-muon","ID":0,"MaSoThue":"4700240942","NgayCap":"2013-02-23T00:00:00Z","Title":"Trường Mầm Non Vũ Muộn","DiaChiCongTy":"Xóm Tân Lập - Huyện Bạch Thông - Bắc Cạn","Created":"2015-11-16T08:43:44Z","Updated":"2015-11-16T08:43:44Z","IsDelete":false,"RequestChanged":false,"ExitsInGDT":false,"SourceID":0,"TinhThanhID":0,"TinhThanhTitle":"Bắc Cạn","TinhThanhTitleAscii":"/bac-can","QuanHuyenID":0,"NganhNgheTitle":"Giáo dục mầm non","NganhNgheTitleAscii":"/nganh-nghe/giao-duc-mam-non","DSTags":["4700240942","Bắc Cạn",null]},{"Type":11,"SolrID":"/4700240759-truong-tieu-hoc-phuong-thong","ID":0,"MaSoThue":"4700240759","NgayCap":"2013-02-04T00:00:00Z","Title":"TRườNG TIểU HọC PHươNG THôNG","DiaChiCongTy":"Phố Chính - Huyện Bạch Thông - Bắc Cạn","Created":"2015-11-16T08:47:15Z","Updated":"2015-11-16T08:47:15Z","IsDelete":false,"RequestChanged":false,"ExitsInGDT":false,"SourceID":0,"TinhThanhID":0,"TinhThanhTitle":"Bắc Cạn","TinhThanhTitleAscii":"/bac-can","QuanHuyenID":0,"NganhNgheTitle":"Giáo dục tiểu học","NganhNgheTitleAscii":"/nganh-nghe/giao-duc-tieu-hoc","DSTags":["4700240759","Bắc Cạn",null]},{"Type":11,"SolrID":"/4700240406-doanh-nghiep-tn-vang-bac-doan-thom","ID":0,"MaSoThue":"4700240406","NgayCap":"2012-12-25T00:00:00Z","Title":"Doanh Nghiệp TN Vàng Bạc Đoan Thơm","DiaChiCongTy":"Phố Ngã Ba - Huyện Bạch Thông - Bắc Cạn","Created":"2015-11-16T09:05:52Z","Updated":"2015-11-16T09:05:52Z","IsDelete":false,"RequestChanged":false,"ExitsInGDT":false,"SourceID":0,"TinhThanhID":0,"TinhThanhTitle":"Bắc Cạn","TinhThanhTitleAscii":"/bac-can","QuanHuyenID":0,"NganhNgheTitle":"Bán lẻ hàng hóa khác mới trong các cửa hàng chuyên doanh","NganhNgheTitleAscii":"/nganh-nghe/ban-le-hang-hoa-khac-moi-trong-cac-cua-hang-chuyen-doanh","DSTags":["4700240406","Bắc Cạn",null]},{"Type":11,"SolrID":"/4700239619-trung-tam-day-nghe-huyen-bach-thong","ID":0,"MaSoThue":"4700239619","NgayCap":"2012-12-03T00:00:00Z","Title":"Trung tâm dạy nghề Huyện Bạch Thông","DiaChiCongTy":"Phố Ngã Ba - Huyện Bạch Thông - Bắc Cạn","Created":"2015-11-16T09:17:24Z","Updated":"2015-11-16T09:17:24Z","IsDelete":false,"RequestChanged":false,"ExitsInGDT":false,"SourceID":0,"TinhThanhID":0,"TinhThanhTitle":"Bắc Cạn","TinhThanhTitleAscii":"/bac-can","QuanHuyenID":0,"NganhNgheTitle":"Giáo dục nghề nghiệp","NganhNgheTitleAscii":"/nganh-nghe/giao-duc-nghe-nghiep","DSTags":["4700239619","Bắc Cạn",null]},{"Type":11,"SolrID":"/4700226754-truong-thph-phu-thong","ID":0,"MaSoThue":"4700226754","NgayCap":"2012-03-16T00:00:00Z","Title":"Trưởng THPH Phủ Thông","DiaChiCongTy":"phố Chính - Huyện Bạch Thông - Bắc Cạn","Created":"2015-11-16T00:11:31Z","Updated":"2015-11-16T00:11:31Z","IsDelete":false,"RequestChanged":false,"ExitsInGDT":false,"SourceID":0,"TinhThanhID":0,"TinhThanhTitle":"Bắc Cạn","TinhThanhTitleAscii":"/bac-can","QuanHuyenID":0,"NganhNgheTitle":"Giáo dục trung học phổ thông","NganhNgheTitleAscii":"/nganh-nghe/giao-duc-trung-hoc-pho-thong","DSTags":["4700226754","Bắc Cạn",null]},{"Type":11,"SolrID":"/4700222118-cong-ty-tnhh-che-bien-go-na-tu","ID":0,"MaSoThue":"4700222118","NgayCap":"2011-12-28T00:00:00Z","Title":"Công Ty TNHH Chế Biến Gỗ Nà Tu","DiaChiCongTy":"Nà Tu - Huyện Bạch Thông - Bắc Cạn","Created":"2015-11-14T03:43:43Z","Updated":"2015-11-14T03:43:43Z","IsDelete":false,"RequestChanged":false,"ExitsInGDT":false,"SourceID":0,"TinhThanhID":0,"TinhThanhTitle":"Bắc Cạn","TinhThanhTitleAscii":"/bac-can","QuanHuyenID":0,"NganhNgheTitle":"Trồng rừng và chăm sóc rừng","NganhNgheTitleAscii":"/nganh-nghe/trong-rung-va-cham-soc-rung","DSTags":["4700222118","Bắc Cạn",null]},{"Type":11,"SolrID":"/4700207511-ban-chi-dao-du-an-quy-toan-cau-phong-chong-hiv-aids-huyen-bach-thong","ID":0,"MaSoThue":"4700207511","NgayCap":"2011-08-16T00:00:00Z","Title":"Ban chỉ đạo dự án Quỹ toàn cầu phòng chống HIV/AIDS huyện Bạch Thông","DiaChiCongTy":"Phố Nà Hái - Huyện Bạch Thông - Bắc Cạn","Created":"2015-11-16T00:42:38Z","Updated":"2015-11-16T00:42:38Z","IsDelete":false,"RequestChanged":false,"ExitsInGDT":false,"SourceID":0,"TinhThanhID":0,"TinhThanhTitle":"Bắc Cạn","TinhThanhTitleAscii":"/bac-can","QuanHuyenID":0,"NganhNgheTitle":"NÔNG NGHIỆP, LÂM NGHIỆP VÀ THUỶ SẢN","NganhNgheTitleAscii":"/nganh-nghe/nong-nghiep-lam-nghiep-va-thuy-san","DSTags":["4700207511","Bắc Cạn",null]},{"Type":11,"SolrID":"/4700207007-cong-ty-tnhh-quoc-thai-bac-kan","ID":0,"MaSoThue":"4700207007","NgayCap":"2011-08-09T00:00:00Z","Title":"Công Ty TNHH Quốc Thái Bắc Kạn","DiaChiCongTy":"Nà Thoi - Huyện Bạch Thông - Bắc Cạn","Created":"2015-11-14T04:02:37Z","Updated":"2015-11-14T04:02:37Z","IsDelete":false,"RequestChanged":false,"ExitsInGDT":false,"SourceID":0,"TinhThanhID":0,"TinhThanhTitle":"Bắc Cạn","TinhThanhTitleAscii":"/bac-can","QuanHuyenID":0,"NganhNgheTitle":"Sản xuất sản phẩm khác từ gỗ; sản xuất sản phẩm từ tre, nứa, rơm, rạ và vật liệu tết bện","NganhNgheTitleAscii":"/nganh-nghe/san-xuat-san-pham-khac-tu-go-san-xuat-san-pham-tu-tre-nua-rom-ra-va-vat-lieu-tet-ben","DSTags":["4700207007","Bắc Cạn",null]},{"Type":11,"SolrID":"/4700205948-cong-ty-tnhh-mot-thanh-vien-tuan-mai-bac-kan","ID":0,"MaSoThue":"4700205948","NgayCap":"2011-07-25T00:00:00Z","Title":"Công Ty TNHH Một Thành Viên Tuấn Mai Bắc Kạn","DiaChiCongTy":"Thôn Đầu Cầu - Huyện Bạch Thông - Bắc Cạn","Created":"2015-11-14T04:03:00Z","Updated":"2015-11-14T04:03:00Z","IsDelete":false,"RequestChanged":false,"ExitsInGDT":false,"SourceID":0,"TinhThanhID":0,"TinhThanhTitle":"Bắc Cạn","TinhThanhTitleAscii":"/bac-can","QuanHuyenID":0,"NganhNgheTitle":"Xây dựng nhà các loại","NganhNgheTitleAscii":"/nganh-nghe/xay-dung-nha-cac-loai","DSTags":["4700205948","Bắc Cạn",null]},{"Type":11,"SolrID":"/4700194037-cong-ty-co-phan-xay-dung-va-phat-trien-lam-nghiep-ha-bac","ID":0,"MaSoThue":"4700194037","NgayCap":"2010-04-26T00:00:00Z","Title":"Công ty cổ phần xây dựng và phát triển lâm nghiệp Hà Bắc","DiaChiCongTy":"Đèo Giàng - Huyện Bạch Thông - Bắc Cạn","Created":"2015-11-13T23:44:28Z","Updated":"2015-11-13T23:44:28Z","IsDelete":false,"RequestChanged":false,"ExitsInGDT":false,"SourceID":0,"TinhThanhID":0,"TinhThanhTitle":"Bắc Cạn","TinhThanhTitleAscii":"/bac-can","QuanHuyenID":0,"NganhNgheTitle":"Chế biến gỗ và sản xuất sản phẩm từ gỗ, tre, nứa (trừ giường, tủ, bàn, ghế); sản xuất sản phẩm từ rơm, rạ và vật liệu tết bện","NganhNgheTitleAscii":"/nganh-nghe/che-bien-go-va-san-xuat-san-pham-tu-go-tre-nua-tru-giuong-tu-ban-ghe-san-xuat-san-pham-tu-rom-ra-va-vat-lieu-tet-ben","DSTags":["4700194037","Bắc Cạn",null]},{"Type":11,"SolrID":"/4700190385-ubnd-xa-cao-son","ID":0,"MaSoThue":"4700190385","NgayCap":"2009-10-09T00:00:00Z","Title":"UBND xã Cao Sơn","DiaChiCongTy":"- Huyện Bạch Thông - Bắc Cạn","Created":"2015-11-15T20:26:37Z","Updated":"2015-11-15T20:26:37Z","IsDelete":false,"RequestChanged":false,"ExitsInGDT":false,"SourceID":0,"TinhThanhID":0,"TinhThanhTitle":"Bắc Cạn","TinhThanhTitleAscii":"/bac-can","QuanHuyenID":0,"NganhNgheTitle":"Hoạt động dịch vụ tài chính khác chưa được phân vào đâu (trừ bảo hiểm và bảo hiểm xã hội)","NganhNgheTitleAscii":"/nganh-nghe/hoat-dong-dich-vu-tai-chinh-khac-chua-duoc-phan-vao-dau-tru-bao-hiem-va-bao-hiem-xa-hoi","DSTags":["4700190385","Bắc Cạn",null]},{"Type":11,"SolrID":"/4700189781-hat-kiem-lam-bach-thong","ID":0,"MaSoThue":"4700189781","NgayCap":"2009-09-14T00:00:00Z","Title":"Hạt kiểm lâm Bạch Thông","DiaChiCongTy":"Cẩm Giàng - Huyện Bạch Thông - Bắc Cạn","Created":"2015-11-15T20:37:08Z","Updated":"2015-11-15T20:37:08Z","IsDelete":false,"RequestChanged":false,"ExitsInGDT":false,"SourceID":0,"TinhThanhID":0,"TinhThanhTitle":"Bắc Cạn","TinhThanhTitleAscii":"/bac-can","QuanHuyenID":0,"NganhNgheTitle":"Hoạt động quản lý nhà nước nói chung và kinh tế tổng hợp","NganhNgheTitleAscii":"/nganh-nghe/hoat-dong-quan-ly-nha-nuoc-noi-chung-va-kinh-te-tong-hop","DSTags":["4700189781","Bắc Cạn",null]},{"Type":11,"SolrID":"/4700162765-cong-ty-tnhh-dang-linh","ID":0,"MaSoThue":"4700162765","NgayCap":"2008-10-20T00:00:00Z","Title":"Công Ty TNHH Đăng Linh","DiaChiCongTy":"bản Mới - Huyện Bạch Thông - Bắc Cạn","Created":"2015-11-13T23:42:22Z","Updated":"2015-11-13T23:42:22Z","IsDelete":false,"RequestChanged":false,"ExitsInGDT":false,"SourceID":0,"TinhThanhID":0,"TinhThanhTitle":"Bắc Cạn","TinhThanhTitleAscii":"/bac-can","QuanHuyenID":0,"NganhNgheTitle":"Xây dựng công trình kỹ thuật dân dụng","NganhNgheTitleAscii":"/nganh-nghe/xay-dung-cong-trinh-ky-thuat-dan-dung","DSTags":["4700162765","Bắc Cạn",null]},{"Type":11,"SolrID":"/4700151918-cong-ty-tnhh-mot-thanh-vien-phiabjooc","ID":0,"MaSoThue":"4700151918","NgayCap":"2007-08-31T00:00:00Z","Title":"Công Ty TNHH Một Thành Viên Phiabjoóc","DiaChiCongTy":"Nà Hái - Huyện Bạch Thông - Bắc Cạn","Created":"2015-11-14T03:08:57Z","Updated":"2015-11-14T03:08:57Z","IsDelete":false,"RequestChanged":false,"ExitsInGDT":false,"SourceID":0,"TinhThanhID":0,"TinhThanhTitle":"Bắc Cạn","TinhThanhTitleAscii":"/bac-can","QuanHuyenID":0,"NganhNgheTitle":"Khai thác đá","NganhNgheTitleAscii":"/nganh-nghe/khai-thac-da","DSTags":["4700151918","Bắc Cạn",null]}]}