{"ID":15350,"SolrID":"/bac-can/huyen-bach-thong/phuong","Title":"Phường","TinhThanhTitle":"Bắc Cạn","QuanHuyenTitle":"Huyện Bạch Thông","QuanHuyenID":443,"TinhThanhID":47,"Url":"https://thongtindoanhnghiep.co/api/company?l=/bac-can/huyen-bach-thong/phuong","Total":1,"List":[{"Type":11,"SolrID":"/4700198200-cong-ty-cp-thuong-mai-va-xay-dung-cong-trinh-bach-thong-bac-kan","ID":0,"MaSoThue":"4700198200","NgayCap":"2010-10-27T00:00:00Z","Title":"Công Ty CP Thương Mại Và Xây Dựng Công Trình Bạch Thông Bắc Kạn","DiaChiCongTy":"Thôn Ba Phường - Huyện Bạch Thông - Bắc Cạn","Created":"2015-11-14T02:48:37Z","Updated":"2015-11-14T02:48:37Z","IsDelete":false,"RequestChanged":false,"ExitsInGDT":false,"SourceID":0,"TinhThanhID":0,"TinhThanhTitle":"Bắc Cạn","TinhThanhTitleAscii":"/bac-can","QuanHuyenID":0,"NganhNgheTitle":"Bán buôn gạch xây, ngói, đá, cát, sỏi","NganhNgheTitleAscii":"/nganh-nghe/ban-buon-gach-xay-ngoi-da-cat-soi","DSTags":["4700198200","Bắc Cạn",null]}]}