{"ID":1792,"SolrID":"/bac-can/huyen-bach-thong/thi-tran-phu-thong","Title":"Thị Trấn Phủ Thông","TinhThanhTitle":"Bắc Cạn","QuanHuyenTitle":"Huyện Bạch Thông","QuanHuyenID":443,"TinhThanhID":47,"Url":"https://thongtindoanhnghiep.co/api/company?l=/bac-can/huyen-bach-thong/thi-tran-phu-thong","Total":49,"List":[{"Type":11,"SolrID":"/4700113341-012-chi-nhanh-vat-tu-nong-nghiep-huyen-bach-thong-cong-ty-cp-vat-tu-ky-thuat-nong-nghiep-bac-kan","ID":0,"MaSoThue":"4700113341-012","NgayCap":"2016-01-06T00:00:00Z","Title":"Chi Nhánh Vật Tư Nông Nghiệp Huyện Bạch Thông, Công Ty CP Vật Tư Kỹ Thuật Nông Nghiệp Bắc Kạn","DiaChiCongTy":"Phố Chính - Thị trấn Phủ Thông - Huyện Bạch Thông - Bắc Cạn","Created":"2016-01-13T13:09:58Z","Updated":"2016-01-13T13:09:58Z","IsDelete":false,"RequestChanged":false,"ExitsInGDT":false,"SourceID":0,"TinhThanhID":0,"TinhThanhTitle":"Bắc Cạn","TinhThanhTitleAscii":"/bac-can","QuanHuyenID":0,"NganhNgheTitle":"Hoạt động dịch vụ trồng trọt","NganhNgheTitleAscii":"/nganh-nghe/hoat-dong-dich-vu-trong-trot","DSTags":["4700113341-012","Bắc Cạn",null]},{"Type":11,"SolrID":"/4700259132-vien-kiem-sat-nhan-dan-huyen-bach-thong","ID":0,"MaSoThue":"4700259132","NgayCap":"2015-11-05T00:00:00Z","Title":"Viện kiểm sát nhân dân huyện Bạch Thông","DiaChiCongTy":"TT Phủ Thông - Thị trấn Phủ Thông - Huyện Bạch Thông - Bắc Cạn","Created":"2015-11-19T13:11:25Z","Updated":"2015-11-19T13:11:25Z","IsDelete":false,"RequestChanged":false,"ExitsInGDT":false,"SourceID":0,"TinhThanhID":0,"TinhThanhTitle":"Bắc Cạn","TinhThanhTitleAscii":"/bac-can","QuanHuyenID":0,"NganhNgheTitle":"Hoạt động quản lý nhà nước nói chung và kinh tế tổng hợp","NganhNgheTitleAscii":"/nganh-nghe/hoat-dong-quan-ly-nha-nuoc-noi-chung-va-kinh-te-tong-hop","DSTags":["4700259132","Bắc Cạn",null]},{"Type":11,"SolrID":"/4700159145-002-buu-dien-huyen-bach-thong","ID":0,"MaSoThue":"4700159145-002","NgayCap":"2015-09-22T00:00:00Z","Title":"Bưu điện Huyện Bạch Thông","DiaChiCongTy":"Thị trấn Phủ Thông - Thị trấn Phủ Thông - Huyện Bạch Thông - Bắc Cạn","Created":"2015-11-19T01:53:44Z","Updated":"2015-11-19T01:53:44Z","IsDelete":false,"RequestChanged":false,"ExitsInGDT":false,"SourceID":0,"TinhThanhID":0,"TinhThanhTitle":"Bắc Cạn","TinhThanhTitleAscii":"/bac-can","QuanHuyenID":0,"NganhNgheTitle":"Bưu chính","NganhNgheTitleAscii":"/nganh-nghe/buu-chinh","DSTags":["4700159145-002","Bắc Cạn",null]},{"Type":11,"SolrID":"/4700256572-hop-tac-xa-hoang-thai","ID":0,"MaSoThue":"4700256572","NgayCap":"2015-03-23T00:00:00Z","Title":"Hợp tác xã Hoàng Thái","DiaChiCongTy":"Phố Nà Hái - Thị trấn Phủ Thông - Huyện Bạch Thông - Bắc Cạn","Created":"2015-11-17T05:48:11Z","Updated":"2015-11-17T05:48:11Z","IsDelete":false,"RequestChanged":false,"ExitsInGDT":false,"SourceID":0,"TinhThanhID":0,"TinhThanhTitle":"Bắc Cạn","TinhThanhTitleAscii":"/bac-can","QuanHuyenID":0,"NganhNgheTitle":"Chế biến gỗ và sản xuất sản phẩm từ gỗ, tre, nứa (trừ giường, tủ, bàn, ghế); sản xuất sản phẩm từ rơm, rạ và vật liệu tết bện","NganhNgheTitleAscii":"/nganh-nghe/che-bien-go-va-san-xuat-san-pham-tu-go-tre-nua-tru-giuong-tu-ban-ghe-san-xuat-san-pham-tu-rom-ra-va-vat-lieu-tet-ben","DSTags":["4700256572","Bắc Cạn",null]},{"Type":11,"SolrID":"/4700245411-cong-ty-tnhh-tu-van-va-xay-dung-hoa-lu","ID":0,"MaSoThue":"4700245411","NgayCap":"2013-11-11T00:00:00Z","Title":"Công Ty TNHH Tư Vấn Và Xây Dựng Hoa Lư","DiaChiCongTy":"Đầu Cầu - Thị trấn Phủ Thông - Huyện Bạch Thông - Bắc Cạn","Created":"2015-11-09T21:02:37Z","Updated":"2015-11-09T21:02:37Z","IsDelete":false,"RequestChanged":false,"ExitsInGDT":false,"SourceID":0,"TinhThanhID":0,"TinhThanhTitle":"Bắc Cạn","TinhThanhTitleAscii":"/bac-can","QuanHuyenID":0,"NganhNgheTitle":"Xây dựng công trình đường sắt và đường bộ","NganhNgheTitleAscii":"/nganh-nghe/xay-dung-cong-trinh-duong-sat-va-duong-bo","DSTags":["4700245411","Bắc Cạn",null]},{"Type":11,"SolrID":"/0100686174-715-ngan-hang-nong-nghiep-va-phat-trien-nong-thon-viet-nam-chi-nhanh-huyen-bach-thong-bac-kan","ID":0,"MaSoThue":"0100686174-715","NgayCap":"2013-10-16T00:00:00Z","Title":"Ngân Hàng Nông Nghiệp Và Phát Triển Nông Thôn Việt Nam - Chi Nhánh Huyện Bạch Thông Bắc Kạn","DiaChiCongTy":"Phố Nà Hái - Thị trấn Phủ Thông - Huyện Bạch Thông - Bắc Cạn","Created":"2015-11-18T18:27:10Z","Updated":"2015-11-18T18:27:10Z","IsDelete":false,"RequestChanged":false,"ExitsInGDT":false,"SourceID":0,"TinhThanhID":0,"TinhThanhTitle":"Bắc Cạn","TinhThanhTitleAscii":"/bac-can","QuanHuyenID":0,"NganhNgheTitle":"Hoạt động trung gian tiền tệ khác","NganhNgheTitleAscii":"/nganh-nghe/hoat-dong-trung-gian-tien-te-khac","DSTags":["0100686174-715","Bắc Cạn",null]},{"Type":11,"SolrID":"/4700120846-001-chi-nhanh-quan-ly-cho-thi-tran-phu-thong","ID":0,"MaSoThue":"4700120846-001","NgayCap":"2013-08-06T00:00:00Z","Title":"Chi Nhánh Quản Lý Chợ Thị Trấn Phủ Thông","DiaChiCongTy":"Phố Ngã Ba - Thị trấn Phủ Thông - Huyện Bạch Thông - Bắc Cạn","Created":"2015-11-19T08:48:47Z","Updated":"2015-11-19T08:48:47Z","IsDelete":false,"RequestChanged":false,"ExitsInGDT":false,"SourceID":0,"TinhThanhID":0,"TinhThanhTitle":"Bắc Cạn","TinhThanhTitleAscii":"/bac-can","QuanHuyenID":0,"NganhNgheTitle":"Hoạt động dịch vụ hỗ trợ kinh doanh khác còn lại chưa được phân vào đâu","NganhNgheTitleAscii":"/nganh-nghe/hoat-dong-dich-vu-ho-tro-kinh-doanh-khac-con-lai-chua-duoc-phan-vao-dau","DSTags":["4700120846-001","Bắc Cạn",null]},{"Type":11,"SolrID":"/4700241985-van-phong-dang-ky-quyen-su-dung-dat","ID":0,"MaSoThue":"4700241985","NgayCap":"2013-05-16T00:00:00Z","Title":"VăN PHòNG ĐăNG Ký QUYềN Sử DụNG ĐấT","DiaChiCongTy":"Thị Trấn Phủ Thông - Thị trấn Phủ Thông - Huyện Bạch Thông - Bắc Cạn","Created":"2015-11-16T11:04:25Z","Updated":"2015-11-16T11:04:25Z","IsDelete":false,"RequestChanged":false,"ExitsInGDT":false,"SourceID":0,"TinhThanhID":0,"TinhThanhTitle":"Bắc Cạn","TinhThanhTitleAscii":"/bac-can","QuanHuyenID":0,"NganhNgheTitle":"Dịch vụ hành chính văn phòng tổng hợp","NganhNgheTitleAscii":"/nganh-nghe/dich-vu-hanh-chinh-van-phong-tong-hop","DSTags":["4700241985","Bắc Cạn",null]},{"Type":11,"SolrID":"/4700229120-ban-quan-ly-du-an-huyen-bach-thong","ID":0,"MaSoThue":"4700229120","NgayCap":"2012-04-12T00:00:00Z","Title":"Ban Quản Lý Dự án Huyện Bạch Thông","DiaChiCongTy":"Thị Trấn Phủ Thông - Thị trấn Phủ Thông - Huyện Bạch Thông - Bắc Cạn","Created":"2015-11-16T11:30:12Z","Updated":"2015-11-16T11:30:12Z","IsDelete":false,"RequestChanged":false,"ExitsInGDT":false,"SourceID":0,"TinhThanhID":0,"TinhThanhTitle":"Bắc Cạn","TinhThanhTitleAscii":"/bac-can","QuanHuyenID":0,"NganhNgheTitle":"Hoạt động quản lý nhà nước nói chung và kinh tế tổng hợp","NganhNgheTitleAscii":"/nganh-nghe/hoat-dong-quan-ly-nha-nuoc-noi-chung-va-kinh-te-tong-hop","DSTags":["4700229120","Bắc Cạn",null]},{"Type":11,"SolrID":"/4700225983-cong-ty-tnhh-mot-thanh-vien-tri-manh-bac-kan","ID":0,"MaSoThue":"4700225983","NgayCap":"2012-02-24T00:00:00Z","Title":"Công Ty TNHH Một Thành Viên Trí Mạnh Bắc Kạn","DiaChiCongTy":"Phố Ngã Ba - Thị trấn Phủ Thông - Huyện Bạch Thông - Bắc Cạn","Created":"2015-11-10T02:04:25Z","Updated":"2015-11-10T02:04:25Z","IsDelete":false,"RequestChanged":false,"ExitsInGDT":false,"SourceID":0,"TinhThanhID":0,"TinhThanhTitle":"Bắc Cạn","TinhThanhTitleAscii":"/bac-can","QuanHuyenID":0,"NganhNgheTitle":"Bán buôn gạch xây, ngói, đá, cát, sỏi","NganhNgheTitleAscii":"/nganh-nghe/ban-buon-gach-xay-ngoi-da-cat-soi","DSTags":["4700225983","Bắc Cạn",null]},{"Type":11,"SolrID":"/4700204870-doanh-nghiep-tn-nam-tu-bach-thong","ID":0,"MaSoThue":"4700204870","NgayCap":"2011-07-05T00:00:00Z","Title":"Doanh Nghiệp TN Nam Tư  Bạch Thông","DiaChiCongTy":"Phố Ngã Ba - Thị trấn Phủ Thông - Huyện Bạch Thông - Bắc Cạn","Created":"2015-11-16T19:57:14Z","Updated":"2015-11-16T19:57:14Z","IsDelete":false,"RequestChanged":false,"ExitsInGDT":false,"SourceID":0,"TinhThanhID":0,"TinhThanhTitle":"Bắc Cạn","TinhThanhTitleAscii":"/bac-can","QuanHuyenID":0,"NganhNgheTitle":"Sản xuất sản phẩm khác từ gỗ","NganhNgheTitleAscii":"/nganh-nghe/san-xuat-san-pham-khac-tu-go","DSTags":["4700204870","Bắc Cạn",null]},{"Type":11,"SolrID":"/4700189196-ngan-hang-chinh-sach-xa-hoi-huyen-bach-thong","ID":0,"MaSoThue":"4700189196","NgayCap":"2009-08-19T00:00:00Z","Title":"Ngân hàng chính sách xã hội huyện Bạch Thông","DiaChiCongTy":"Phố Ngã ba, Thị trấn Phủ Thông - Huyện Bạch Thông - Bắc Cạn","Created":"2015-11-16T09:12:37Z","Updated":"2015-11-16T09:12:37Z","IsDelete":false,"RequestChanged":false,"ExitsInGDT":false,"SourceID":0,"TinhThanhID":0,"TinhThanhTitle":"Bắc Cạn","TinhThanhTitleAscii":"/bac-can","QuanHuyenID":0,"NganhNgheTitle":"Hoạt động trung gian tiền tệ khác","NganhNgheTitleAscii":"/nganh-nghe/hoat-dong-trung-gian-tien-te-khac","DSTags":["4700189196","Bắc Cạn",null]},{"Type":11,"SolrID":"/4700188675-thanh-tra-huyen-bach-thong","ID":0,"MaSoThue":"4700188675","NgayCap":"2009-08-07T00:00:00Z","Title":"Thanh tra huyện Bạch Thông","DiaChiCongTy":"Phố Ngã ba, Thị trấn Phủ Thông - Huyện Bạch Thông - Bắc Cạn","Created":"2015-11-16T09:53:14Z","Updated":"2015-11-16T09:53:14Z","IsDelete":false,"RequestChanged":false,"ExitsInGDT":false,"SourceID":0,"TinhThanhID":0,"TinhThanhTitle":"Bắc Cạn","TinhThanhTitleAscii":"/bac-can","QuanHuyenID":0,"NganhNgheTitle":"Hoạt động quản lý nhà nước nói chung và kinh tế tổng hợp","NganhNgheTitleAscii":"/nganh-nghe/hoat-dong-quan-ly-nha-nuoc-noi-chung-va-kinh-te-tong-hop","DSTags":["4700188675","Bắc Cạn",null]},{"Type":11,"SolrID":"/4700188724-phong-tu-phap-huyen-bach-thong","ID":0,"MaSoThue":"4700188724","NgayCap":"2009-08-07T00:00:00Z","Title":"Phòng tư pháp huyện Bạch Thông","DiaChiCongTy":"Phố Ngã ba, Thị trấn Phủ Thông - Huyện Bạch Thông - Bắc Cạn","Created":"2015-11-16T09:53:14Z","Updated":"2015-11-16T09:53:14Z","IsDelete":false,"RequestChanged":false,"ExitsInGDT":false,"SourceID":0,"TinhThanhID":0,"TinhThanhTitle":"Bắc Cạn","TinhThanhTitleAscii":"/bac-can","QuanHuyenID":0,"NganhNgheTitle":"Hoạt động quản lý nhà nước nói chung và kinh tế tổng hợp","NganhNgheTitleAscii":"/nganh-nghe/hoat-dong-quan-ly-nha-nuoc-noi-chung-va-kinh-te-tong-hop","DSTags":["4700188724","Bắc Cạn",null]},{"Type":11,"SolrID":"/4700188731-toa-an-nhan-dan-huyen-bach-thong","ID":0,"MaSoThue":"4700188731","NgayCap":"2009-08-07T00:00:00Z","Title":"Toà án nhân dân huyện Bạch Thông","DiaChiCongTy":"Phố Ngã ba, Thị trấn Phủ Thông - Huyện Bạch Thông - Bắc Cạn","Created":"2015-11-16T09:53:15Z","Updated":"2015-11-16T09:53:15Z","IsDelete":false,"RequestChanged":false,"ExitsInGDT":false,"SourceID":0,"TinhThanhID":0,"TinhThanhTitle":"Bắc Cạn","TinhThanhTitleAscii":"/bac-can","QuanHuyenID":0,"NganhNgheTitle":"Hoạt động quản lý nhà nước nói chung và kinh tế tổng hợp","NganhNgheTitleAscii":"/nganh-nghe/hoat-dong-quan-ly-nha-nuoc-noi-chung-va-kinh-te-tong-hop","DSTags":["4700188731","Bắc Cạn",null]},{"Type":11,"SolrID":"/4700188749-huyen-uy-bach-thong","ID":0,"MaSoThue":"4700188749","NgayCap":"2009-08-07T00:00:00Z","Title":"Huyện Uỷ Bạch Thông","DiaChiCongTy":"Phố Ngã ba, Thị trấn Phủ Thông - Huyện Bạch Thông - Bắc Cạn","Created":"2015-11-15T20:57:10Z","Updated":"2015-11-15T20:57:10Z","IsDelete":false,"RequestChanged":false,"ExitsInGDT":false,"SourceID":0,"TinhThanhID":0,"TinhThanhTitle":"Bắc Cạn","TinhThanhTitleAscii":"/bac-can","QuanHuyenID":0,"NganhNgheTitle":"Hoạt động quản lý nhà nước nói chung và kinh tế tổng hợp","NganhNgheTitleAscii":"/nganh-nghe/hoat-dong-quan-ly-nha-nuoc-noi-chung-va-kinh-te-tong-hop","DSTags":["4700188749","Bắc Cạn",null]},{"Type":11,"SolrID":"/4700188682-phong-noi-vu-huyen-bach-thong","ID":0,"MaSoThue":"4700188682","NgayCap":"2009-08-07T00:00:00Z","Title":"Phòng nội vụ huyện Bạch Thông","DiaChiCongTy":"Phố Ngã ba, Thị trấn Phủ Thông - Huyện Bạch Thông - Bắc Cạn","Created":"2015-11-15T20:57:12Z","Updated":"2015-11-15T20:57:12Z","IsDelete":false,"RequestChanged":false,"ExitsInGDT":false,"SourceID":0,"TinhThanhID":0,"TinhThanhTitle":"Bắc Cạn","TinhThanhTitleAscii":"/bac-can","QuanHuyenID":0,"NganhNgheTitle":"Hoạt động quản lý nhà nước nói chung và kinh tế tổng hợp","NganhNgheTitleAscii":"/nganh-nghe/hoat-dong-quan-ly-nha-nuoc-noi-chung-va-kinh-te-tong-hop","DSTags":["4700188682","Bắc Cạn",null]},{"Type":11,"SolrID":"/4700188629-trung-tam-boi-duong-chinh-tri-huyen-bach-thong","ID":0,"MaSoThue":"4700188629","NgayCap":"2009-08-06T00:00:00Z","Title":"Trung tâm bồi dưỡng chính trị huyện Bạch Thông","DiaChiCongTy":"Thị trấn Phủ Thông - Huyện Bạch Thông - Bắc Cạn","Created":"2015-11-16T22:56:46Z","Updated":"2015-11-16T22:56:46Z","IsDelete":false,"RequestChanged":false,"ExitsInGDT":false,"SourceID":0,"TinhThanhID":0,"TinhThanhTitle":"Bắc Cạn","TinhThanhTitleAscii":"/bac-can","QuanHuyenID":0,"NganhNgheTitle":"Hoạt động quản lý nhà nước nói chung và kinh tế tổng hợp","NganhNgheTitleAscii":"/nganh-nghe/hoat-dong-quan-ly-nha-nuoc-noi-chung-va-kinh-te-tong-hop","DSTags":["4700188629","Bắc Cạn",null]},{"Type":11,"SolrID":"/4700188587-bao-hiem-xa-hoi-huyen-bach-thong","ID":0,"MaSoThue":"4700188587","NgayCap":"2009-08-06T00:00:00Z","Title":"Bảo hiểm xã hội huyện Bạch Thông","DiaChiCongTy":"Phố Nà Hái, Thị trấn Phủ Thông - Huyện Bạch Thông - Bắc Cạn","Created":"2015-11-16T09:54:21Z","Updated":"2015-11-16T09:54:21Z","IsDelete":false,"RequestChanged":false,"ExitsInGDT":false,"SourceID":0,"TinhThanhID":0,"TinhThanhTitle":"Bắc Cạn","TinhThanhTitleAscii":"/bac-can","QuanHuyenID":0,"NganhNgheTitle":"Hoạt động bảo đảm xã hội bắt buộc","NganhNgheTitleAscii":"/nganh-nghe/hoat-dong-bao-dam-xa-hoi-bat-buoc","DSTags":["4700188587","Bắc Cạn",null]},{"Type":11,"SolrID":"/4700188604-phong-tai-nguyen-va-moi-truong-huyen-bach-thong","ID":0,"MaSoThue":"4700188604","NgayCap":"2009-08-06T00:00:00Z","Title":"Phòng Tài nguyên và Môi trường huyện Bạch Thông","DiaChiCongTy":"Thị trấn Phủ Thông - Huyện Bạch Thông - Bắc Cạn","Created":"2015-11-16T09:54:22Z","Updated":"2015-11-16T09:54:22Z","IsDelete":false,"RequestChanged":false,"ExitsInGDT":false,"SourceID":0,"TinhThanhID":0,"TinhThanhTitle":"Bắc Cạn","TinhThanhTitleAscii":"/bac-can","QuanHuyenID":0,"NganhNgheTitle":"Hoạt động quản lý nhà nước nói chung và kinh tế tổng hợp","NganhNgheTitleAscii":"/nganh-nghe/hoat-dong-quan-ly-nha-nuoc-noi-chung-va-kinh-te-tong-hop","DSTags":["4700188604","Bắc Cạn",null]},{"Type":11,"SolrID":"/4700188611-thi-hanh-an-dan-su-huyen-bach-thong","ID":0,"MaSoThue":"4700188611","NgayCap":"2009-08-06T00:00:00Z","Title":"Thi hành án dân sự huyện Bạch Thông","DiaChiCongTy":"Phố Ngã ba, Thị trấn Phủ Thông - Huyện Bạch Thông - Bắc Cạn","Created":"2015-11-16T09:54:23Z","Updated":"2015-11-16T09:54:23Z","IsDelete":false,"RequestChanged":false,"ExitsInGDT":false,"SourceID":0,"TinhThanhID":0,"TinhThanhTitle":"Bắc Cạn","TinhThanhTitleAscii":"/bac-can","QuanHuyenID":0,"NganhNgheTitle":"Hoạt động quản lý nhà nước nói chung và kinh tế tổng hợp","NganhNgheTitleAscii":"/nganh-nghe/hoat-dong-quan-ly-nha-nuoc-noi-chung-va-kinh-te-tong-hop","DSTags":["4700188611","Bắc Cạn",null]},{"Type":11,"SolrID":"/4700188636-dai-pt-th-bach-thong","ID":0,"MaSoThue":"4700188636","NgayCap":"2009-08-06T00:00:00Z","Title":"Đài PT- TH Bạch Thông","DiaChiCongTy":"Phố chính, Thị trấn Phủ Thông - Huyện Bạch Thông - Bắc Cạn","Created":"2015-11-16T09:54:23Z","Updated":"2015-11-16T09:54:23Z","IsDelete":false,"RequestChanged":false,"ExitsInGDT":false,"SourceID":0,"TinhThanhID":0,"TinhThanhTitle":"Bắc Cạn","TinhThanhTitleAscii":"/bac-can","QuanHuyenID":0,"NganhNgheTitle":"Hoạt động phát thanh, truyền hình","NganhNgheTitleAscii":"/nganh-nghe/hoat-dong-phat-thanh-truyen-hinh","DSTags":["4700188636","Bắc Cạn",null]},{"Type":11,"SolrID":"/4700188668-phong-van-hoa-thong-tin-huyen-bach-thong","ID":0,"MaSoThue":"4700188668","NgayCap":"2009-08-06T00:00:00Z","Title":"Phòng văn hoá thông tin huyện Bạch Thông","DiaChiCongTy":"Phố chính, Thị trấn Phủ Thông - Huyện Bạch Thông - Bắc Cạn","Created":"2015-11-16T09:54:24Z","Updated":"2015-11-16T09:54:24Z","IsDelete":false,"RequestChanged":false,"ExitsInGDT":false,"SourceID":0,"TinhThanhID":0,"TinhThanhTitle":"Bắc Cạn","TinhThanhTitleAscii":"/bac-can","QuanHuyenID":0,"NganhNgheTitle":"Hoạt động sáng tác, nghệ thuật và giải trí","NganhNgheTitleAscii":"/nganh-nghe/hoat-dong-sang-tac-nghe-thuat-va-giai-tri","DSTags":["4700188668","Bắc Cạn",null]},{"Type":11,"SolrID":"/4700188594-kho-bac-nha-nuoc-bach-thong","ID":0,"MaSoThue":"4700188594","NgayCap":"2009-08-06T00:00:00Z","Title":"Kho Bạc Nhà Nước Bạch Thông","DiaChiCongTy":"Phố Nà Hái, Thị trấn Phủ Thông - Huyện Bạch Thông - Bắc Cạn","Created":"2015-11-15T20:57:45Z","Updated":"2015-11-15T20:57:45Z","IsDelete":false,"RequestChanged":false,"ExitsInGDT":false,"SourceID":0,"TinhThanhID":0,"TinhThanhTitle":"Bắc Cạn","TinhThanhTitleAscii":"/bac-can","QuanHuyenID":0,"NganhNgheTitle":"Hoạt động quản lý nhà nước nói chung và kinh tế tổng hợp","NganhNgheTitleAscii":"/nganh-nghe/hoat-dong-quan-ly-nha-nuoc-noi-chung-va-kinh-te-tong-hop","DSTags":["4700188594","Bắc Cạn",null]},{"Type":11,"SolrID":"/4700188650-phong-giao-duc-dao-tao-bach-thong","ID":0,"MaSoThue":"4700188650","NgayCap":"2009-08-06T00:00:00Z","Title":"Phòng giáo dục- Đào tạo Bạch Thông","DiaChiCongTy":"Thị trấn Phủ Thông - Huyện Bạch Thông - Bắc Cạn","Created":"2015-11-15T20:57:46Z","Updated":"2015-11-15T20:57:46Z","IsDelete":false,"RequestChanged":false,"ExitsInGDT":false,"SourceID":0,"TinhThanhID":0,"TinhThanhTitle":"Bắc Cạn","TinhThanhTitleAscii":"/bac-can","QuanHuyenID":0,"NganhNgheTitle":"Hoạt động quản lý nhà nước nói chung và kinh tế tổng hợp","NganhNgheTitleAscii":"/nganh-nghe/hoat-dong-quan-ly-nha-nuoc-noi-chung-va-kinh-te-tong-hop","DSTags":["4700188650","Bắc Cạn",null]},{"Type":11,"SolrID":"/4700188428-phong-ld-tbxh-huyen-bach-thong","ID":0,"MaSoThue":"4700188428","NgayCap":"2009-08-05T00:00:00Z","Title":"Phòng LĐ & TBXH huyện Bạch Thông","DiaChiCongTy":"Phố Ngã Ba, Thị trấn Phủ Thông - Huyện Bạch Thông - Bắc Cạn","Created":"2015-11-16T09:56:19Z","Updated":"2015-11-16T09:56:19Z","IsDelete":false,"RequestChanged":false,"ExitsInGDT":false,"SourceID":0,"TinhThanhID":0,"TinhThanhTitle":"Bắc Cạn","TinhThanhTitleAscii":"/bac-can","QuanHuyenID":0,"NganhNgheTitle":"Hoạt động quản lý nhà nước nói chung và kinh tế tổng hợp","NganhNgheTitleAscii":"/nganh-nghe/hoat-dong-quan-ly-nha-nuoc-noi-chung-va-kinh-te-tong-hop","DSTags":["4700188428","Bắc Cạn",null]},{"Type":11,"SolrID":"/4700188435-phong-y-te-huyen-bach-thong","ID":0,"MaSoThue":"4700188435","NgayCap":"2009-08-05T00:00:00Z","Title":"Phòng y tế huyện Bạch Thông","DiaChiCongTy":"Phố Ngã Ba, Thị trấn Phủ Thông - Huyện Bạch Thông - Bắc Cạn","Created":"2015-11-16T09:56:20Z","Updated":"2015-11-16T09:56:20Z","IsDelete":false,"RequestChanged":false,"ExitsInGDT":false,"SourceID":0,"TinhThanhID":0,"TinhThanhTitle":"Bắc Cạn","TinhThanhTitleAscii":"/bac-can","QuanHuyenID":0,"NganhNgheTitle":"Hoạt động quản lý nhà nước nói chung và kinh tế tổng hợp","NganhNgheTitleAscii":"/nganh-nghe/hoat-dong-quan-ly-nha-nuoc-noi-chung-va-kinh-te-tong-hop","DSTags":["4700188435","Bắc Cạn",null]},{"Type":11,"SolrID":"/4700188442-hoi-lien-hiep-phu-nu-huyen-bach-thong","ID":0,"MaSoThue":"4700188442","NgayCap":"2009-08-05T00:00:00Z","Title":"Hội liên hiệp phụ nữ huyện Bạch Thông","DiaChiCongTy":"Phố Ngã Ba, Thị trấn Phủ Thông - Huyện Bạch Thông - Bắc Cạn","Created":"2015-11-16T09:56:21Z","Updated":"2015-11-16T09:56:21Z","IsDelete":false,"RequestChanged":false,"ExitsInGDT":false,"SourceID":0,"TinhThanhID":0,"TinhThanhTitle":"Bắc Cạn","TinhThanhTitleAscii":"/bac-can","QuanHuyenID":0,"NganhNgheTitle":"Hoạt động quản lý nhà nước trong các lĩnh vực kinh tế chuyên ngành","NganhNgheTitleAscii":"/nganh-nghe/hoat-dong-quan-ly-nha-nuoc-trong-cac-linh-vuc-kinh-te-chuyen-nganh","DSTags":["4700188442","Bắc Cạn",null]},{"Type":11,"SolrID":"/4700188474-hoi-cuu-chien-binh-huyen-bach-thong","ID":0,"MaSoThue":"4700188474","NgayCap":"2009-08-05T00:00:00Z","Title":"Hội cựu chiến binh huyện Bạch Thông","DiaChiCongTy":"Phố Ngã ba, Thị trấn Phủ Thông - Huyện Bạch Thông - Bắc Cạn","Created":"2015-11-16T09:56:21Z","Updated":"2015-11-16T09:56:21Z","IsDelete":false,"RequestChanged":false,"ExitsInGDT":false,"SourceID":0,"TinhThanhID":0,"TinhThanhTitle":"Bắc Cạn","TinhThanhTitleAscii":"/bac-can","QuanHuyenID":0,"NganhNgheTitle":"Hoạt động của công đoàn","NganhNgheTitleAscii":"/nganh-nghe/hoat-dong-cua-cong-doan","DSTags":["4700188474","Bắc Cạn",null]},{"Type":11,"SolrID":"/4700188516-uy-ban-mat-tran-to-quoc-huyen-bach-thong","ID":0,"MaSoThue":"4700188516","NgayCap":"2009-08-05T00:00:00Z","Title":"Uỷ ban mặt trận Tổ Quốc  huyện Bạch Thông","DiaChiCongTy":"Phố Ngã Ba, Thị trấn Phủ Thông - Huyện Bạch Thông - Bắc Cạn","Created":"2015-11-16T09:56:22Z","Updated":"2015-11-16T09:56:22Z","IsDelete":false,"RequestChanged":false,"ExitsInGDT":false,"SourceID":0,"TinhThanhID":0,"TinhThanhTitle":"Bắc Cạn","TinhThanhTitleAscii":"/bac-can","QuanHuyenID":0,"NganhNgheTitle":"Hoạt động quản lý nhà nước nói chung và kinh tế tổng hợp","NganhNgheTitleAscii":"/nganh-nghe/hoat-dong-quan-ly-nha-nuoc-noi-chung-va-kinh-te-tong-hop","DSTags":["4700188516","Bắc Cạn",null]},{"Type":11,"SolrID":"/4700188523-hoi-nong-dan-huyen-bach-thong","ID":0,"MaSoThue":"4700188523","NgayCap":"2009-08-05T00:00:00Z","Title":"Hội nông dân huyện Bạch Thông","DiaChiCongTy":"Thị trấn Phủ Thông - Huyện Bạch Thông - Bắc Cạn","Created":"2015-11-16T09:56:22Z","Updated":"2015-11-16T09:56:22Z","IsDelete":false,"RequestChanged":false,"ExitsInGDT":false,"SourceID":0,"TinhThanhID":0,"TinhThanhTitle":"Bắc Cạn","TinhThanhTitleAscii":"/bac-can","QuanHuyenID":0,"NganhNgheTitle":"Hoạt động quản lý nhà nước nói chung và kinh tế tổng hợp","NganhNgheTitleAscii":"/nganh-nghe/hoat-dong-quan-ly-nha-nuoc-noi-chung-va-kinh-te-tong-hop","DSTags":["4700188523","Bắc Cạn",null]},{"Type":11,"SolrID":"/4700188403-doan-tncs-ho-chi-minh-huyen-bach-thong","ID":0,"MaSoThue":"4700188403","NgayCap":"2009-08-05T00:00:00Z","Title":"Đoàn TNCS Hồ Chí Minh huyện Bạch Thông","DiaChiCongTy":"Thị trấn phủ thông - Huyện Bạch Thông - Bắc Cạn","Created":"2015-11-15T20:58:46Z","Updated":"2015-11-15T20:58:46Z","IsDelete":false,"RequestChanged":false,"ExitsInGDT":false,"SourceID":0,"TinhThanhID":0,"TinhThanhTitle":"Bắc Cạn","TinhThanhTitleAscii":"/bac-can","QuanHuyenID":0,"NganhNgheTitle":"Hoạt động quản lý nhà nước trong các lĩnh vực kinh tế chuyên ngành","NganhNgheTitleAscii":"/nganh-nghe/hoat-dong-quan-ly-nha-nuoc-trong-cac-linh-vuc-kinh-te-chuyen-nganh","DSTags":["4700188403","Bắc Cạn",null]},{"Type":11,"SolrID":"/4700188530-phong-nong-nghiep-ptnt-huyen-bach-thong","ID":0,"MaSoThue":"4700188530","NgayCap":"2009-08-05T00:00:00Z","Title":"Phòng nông nghiệp & PTNT huyện Bạch Thông","DiaChiCongTy":"Phố Ngã Ba, thị trấn Phủ Thông - Huyện Bạch Thông - Bắc Cạn","Created":"2015-11-15T20:58:48Z","Updated":"2015-11-15T20:58:48Z","IsDelete":false,"RequestChanged":false,"ExitsInGDT":false,"SourceID":0,"TinhThanhID":0,"TinhThanhTitle":"Bắc Cạn","TinhThanhTitleAscii":"/bac-can","QuanHuyenID":0,"NganhNgheTitle":"Hoạt động quản lý nhà nước nói chung và kinh tế tổng hợp","NganhNgheTitleAscii":"/nganh-nghe/hoat-dong-quan-ly-nha-nuoc-noi-chung-va-kinh-te-tong-hop","DSTags":["4700188530","Bắc Cạn",null]},{"Type":11,"SolrID":"/4700184889-ban-qlda-pc-sot-ret-quy-toan-cau-huyen-bach-thong","ID":0,"MaSoThue":"4700184889","NgayCap":"2009-06-30T00:00:00Z","Title":"Ban QLDA - PC - Sốt rét - Quỹ Toàn Cầu Huyện Bạch Thông","DiaChiCongTy":"Thị trấn Phủ Thông - Huyện Bạch Thông - Bắc Cạn","Created":"2015-11-16T12:32:49Z","Updated":"2015-11-16T12:32:49Z","IsDelete":false,"RequestChanged":false,"ExitsInGDT":false,"SourceID":0,"TinhThanhID":0,"TinhThanhTitle":"Bắc Cạn","TinhThanhTitleAscii":"/bac-can","QuanHuyenID":0,"NganhNgheTitle":"Hoạt động quản lý nhà nước nói chung và kinh tế tổng hợp","NganhNgheTitleAscii":"/nganh-nghe/hoat-dong-quan-ly-nha-nuoc-noi-chung-va-kinh-te-tong-hop","DSTags":["4700184889","Bắc Cạn",null]},{"Type":11,"SolrID":"/4700130467-doanh-nghiep-tu-nhan-xe-may-minh-chin","ID":0,"MaSoThue":"4700130467","NgayCap":"2008-01-25T00:00:00Z","Title":"Doanh nghiệp tư nhân xe máy Minh Chín","DiaChiCongTy":"Nà Hái, Thị trấn Phủ Thông - Huyện Bạch Thông - Bắc Cạn","Created":"2015-11-15T19:48:55Z","Updated":"2015-11-15T19:48:55Z","IsDelete":false,"RequestChanged":false,"ExitsInGDT":false,"SourceID":0,"TinhThanhID":0,"TinhThanhTitle":"Bắc Cạn","TinhThanhTitleAscii":"/bac-can","QuanHuyenID":0,"NganhNgheTitle":"Bán buôn ô tô và xe có động cơ khác","NganhNgheTitleAscii":"/nganh-nghe/ban-buon-o-to-va-xe-co-dong-co-khac","DSTags":["4700130467","Bắc Cạn",null]},{"Type":11,"SolrID":"/4700151643-cong-ty-trach-nhiem-huu-han-trung-anh","ID":0,"MaSoThue":"4700151643","NgayCap":"2007-07-30T00:00:00Z","Title":"Công ty trách nhiệm hữu hạn Trung Anh","DiaChiCongTy":"Phố Nà Hái, Thị Trấn Phủ Thông - Huyện Bạch Thông - Bắc Cạn","Created":"2015-11-11T06:38:56Z","Updated":"2015-11-11T06:38:56Z","IsDelete":false,"RequestChanged":false,"ExitsInGDT":false,"SourceID":0,"TinhThanhID":0,"TinhThanhTitle":"Bắc Cạn","TinhThanhTitleAscii":"/bac-can","QuanHuyenID":0,"NganhNgheTitle":"Xây dựng công trình kỹ thuật dân dụng","NganhNgheTitleAscii":"/nganh-nghe/xay-dung-cong-trinh-ky-thuat-dan-dung","DSTags":["4700151643","Bắc Cạn",null]},{"Type":11,"SolrID":"/4700146957-002-chi-nhanh-cong-ty-trach-nhiem-huu-han-hoang-hac-tai-phu-thong","ID":0,"MaSoThue":"4700146957-002","NgayCap":"2007-06-11T00:00:00Z","Title":"Chi nhánh công ty trách nhiệm hữu hạn Hoàng Hạc tại Phủ Thông","DiaChiCongTy":"Thị trấn Phủ Thông - Huyện Bạch Thông - Bắc Cạn","Created":"2015-11-19T03:22:14Z","Updated":"2015-11-19T03:22:14Z","IsDelete":false,"RequestChanged":false,"ExitsInGDT":false,"SourceID":0,"TinhThanhID":0,"TinhThanhTitle":"Bắc Cạn","TinhThanhTitleAscii":"/bac-can","QuanHuyenID":0,"NganhNgheTitle":"Bán buôn ô tô và xe có động cơ khác","NganhNgheTitleAscii":"/nganh-nghe/ban-buon-o-to-va-xe-co-dong-co-khac","DSTags":["4700146957-002","Bắc Cạn",null]},{"Type":11,"SolrID":"/0100632806-003-tram-nguyen-lieu-thuoc-la-phu-thong","ID":0,"MaSoThue":"0100632806-003","NgayCap":"2007-05-15T00:00:00Z","Title":"Trạm nguyên liệu thuốc lá Phủ Thông","DiaChiCongTy":"Thị trấn Phủ Thông - Huyện Bạch Thông - Bắc Cạn","Created":"2015-11-09T00:59:31Z","Updated":"2015-11-09T00:59:31Z","IsDelete":false,"RequestChanged":false,"ExitsInGDT":false,"SourceID":0,"TinhThanhID":0,"TinhThanhTitle":"Bắc Cạn","TinhThanhTitleAscii":"/bac-can","QuanHuyenID":0,"NganhNgheTitle":"Trồng cây hàng năm khác","NganhNgheTitleAscii":"/nganh-nghe/trong-cay-hang-nam-khac","DSTags":["0100632806-003","Bắc Cạn",null]},{"Type":11,"SolrID":"/4700151160-xuong-che-bien-go-chi-nhanh-cong-ty-trach-nhiem-huu-han-mot-thanh-vien-van-an","ID":0,"MaSoThue":"4700151160","NgayCap":"2007-04-17T00:00:00Z","Title":"Xưởng chế biến gỗ- chi nhánh công ty trách nhiệm hữu hạn một thành viên Vạn An","DiaChiCongTy":"Thị trấn Phủ Thông - Huyện Bạch Thông - Bắc Cạn","Created":"2015-11-14T03:09:13Z","Updated":"2015-11-14T03:09:13Z","IsDelete":false,"RequestChanged":false,"ExitsInGDT":false,"SourceID":0,"TinhThanhID":0,"TinhThanhTitle":"Bắc Cạn","TinhThanhTitleAscii":"/bac-can","QuanHuyenID":0,"NganhNgheTitle":"Sản xuất sản phẩm từ gỗ, tre, nứa (trừ giường, tủ, bàn, ghế); sản xuất sản phẩm từ rơm, rạ và vật liệu tết bện","NganhNgheTitleAscii":"/nganh-nghe/san-xuat-san-pham-tu-go-tre-nua-tru-giuong-tu-ban-ghe-san-xuat-san-pham-tu-rom-ra-va-vat-lieu-tet-ben","DSTags":["4700151160","Bắc Cạn",null]},{"Type":11,"SolrID":"/4900254068-001-xuong-che-bien-go-chi-nhanh-cong-ty-tnhh-mot-thanh-vien-van-an-tai-bac-kan","ID":0,"MaSoThue":"4900254068-001","NgayCap":"2007-04-17T00:00:00Z","Title":"Xưởng chế biến gỗ- chi nhánh công ty TNHH một thành viên Vạn An tại Bắc Kạn","DiaChiCongTy":"Thị trấn Phủ Thông - Huyện Bạch Thông - Bắc Cạn","Created":"2015-11-19T03:23:51Z","Updated":"2015-11-19T03:23:51Z","IsDelete":false,"RequestChanged":false,"ExitsInGDT":false,"SourceID":0,"TinhThanhID":0,"TinhThanhTitle":"Bắc Cạn","TinhThanhTitleAscii":"/bac-can","QuanHuyenID":0,"NganhNgheTitle":"Sản xuất sản phẩm từ gỗ, tre, nứa (trừ giường, tủ, bàn, ghế); sản xuất sản phẩm từ rơm, rạ và vật liệu tết bện","NganhNgheTitleAscii":"/nganh-nghe/san-xuat-san-pham-tu-go-tre-nua-tru-giuong-tu-ban-ghe-san-xuat-san-pham-tu-rom-ra-va-vat-lieu-tet-ben","DSTags":["4900254068-001","Bắc Cạn",null]},{"Type":11,"SolrID":"/4700150230-cong-ty-co-phan-tan-thanh","ID":0,"MaSoThue":"4700150230","NgayCap":"2006-09-14T00:00:00Z","Title":"Công ty cổ phần Tấn Thành","DiaChiCongTy":"Phố Ngã ba- Thị Trấn Phủ Thông - Huyện Bạch Thông - Bắc Cạn","Created":"2015-11-14T03:09:49Z","Updated":"2015-11-14T03:09:49Z","IsDelete":false,"RequestChanged":false,"ExitsInGDT":false,"SourceID":0,"TinhThanhID":0,"TinhThanhTitle":"Bắc Cạn","TinhThanhTitleAscii":"/bac-can","QuanHuyenID":0,"NganhNgheTitle":"Khai thác quặng sắt","NganhNgheTitleAscii":"/nganh-nghe/khai-thac-quang-sat","DSTags":["4700150230","Bắc Cạn",null]},{"Type":11,"SolrID":"/4700147333-phong-kinh-te-va-ha-tang-huyen-bach-thong","ID":0,"MaSoThue":"4700147333","NgayCap":"2005-05-10T00:00:00Z","Title":"Phòng Kinh tế và Hạ Tầng huyện Bạch Thông","DiaChiCongTy":"Thị trấn Phủ Thông - Huyện Bạch Thông - Bắc Cạn","Created":"2015-11-16T05:03:23Z","Updated":"2015-11-16T05:03:23Z","IsDelete":false,"RequestChanged":false,"ExitsInGDT":false,"SourceID":0,"TinhThanhID":0,"TinhThanhTitle":"Bắc Cạn","TinhThanhTitleAscii":"/bac-can","QuanHuyenID":0,"NganhNgheTitle":"Khai thác, xử lý và cung cấp nước","NganhNgheTitleAscii":"/nganh-nghe/khai-thac-xu-ly-va-cung-cap-nuoc","DSTags":["4700147333","Bắc Cạn",null]},{"Type":11,"SolrID":"/4700121254-006-chi-cuc-thue-huyen-bach-thong","ID":0,"MaSoThue":"4700121254-006","NgayCap":"2003-07-23T00:00:00Z","Title":"Chi cục thuế huyện Bạch Thông","DiaChiCongTy":"Thị trấn Phủ Thông - Huyện Bạch Thông - Bắc Cạn","Created":"2015-11-19T05:38:51Z","Updated":"2015-11-19T05:38:51Z","IsDelete":false,"RequestChanged":false,"ExitsInGDT":false,"SourceID":0,"TinhThanhID":0,"TinhThanhTitle":"Bắc Cạn","TinhThanhTitleAscii":"/bac-can","QuanHuyenID":0,"NganhNgheTitle":"Hoạt động quản lý nhà nước nói chung và kinh tế tổng hợp","NganhNgheTitleAscii":"/nganh-nghe/hoat-dong-quan-ly-nha-nuoc-noi-chung-va-kinh-te-tong-hop","DSTags":["4700121254-006","Bắc Cạn",null]},{"Type":11,"SolrID":"/4700139639-doanh-nghiep-tu-nhan-xay-dung-nam-cuong","ID":0,"MaSoThue":"4700139639","NgayCap":"2002-09-04T00:00:00Z","Title":"Doanh nghiệp tư nhân xây dựng Nam Cường","DiaChiCongTy":"Thị trấn Phủ Thông - Huyện Bạch Thông - Bắc Cạn","Created":"2015-11-17T02:47:28Z","Updated":"2015-11-17T02:47:28Z","IsDelete":false,"RequestChanged":false,"ExitsInGDT":false,"SourceID":0,"TinhThanhID":0,"TinhThanhTitle":"Bắc Cạn","TinhThanhTitleAscii":"/bac-can","QuanHuyenID":0,"NganhNgheTitle":"Xây dựng công trình kỹ thuật dân dụng","NganhNgheTitleAscii":"/nganh-nghe/xay-dung-cong-trinh-ky-thuat-dan-dung","DSTags":["4700139639","Bắc Cạn",null]},{"Type":11,"SolrID":"/4700130298-doanh-nghiep-tu-nhan-hoang-yen","ID":0,"MaSoThue":"4700130298","NgayCap":"2001-05-02T00:00:00Z","Title":"Doanh Nghiệp Tư Nhân Hoàng Yến","DiaChiCongTy":"Phố Ngã Ba - Thị trấn Phủ Thông - Huyện Bạch Thông - Bắc Cạn","Created":"2015-11-11T05:06:12Z","Updated":"2015-11-11T05:06:12Z","IsDelete":false,"RequestChanged":false,"ExitsInGDT":false,"SourceID":0,"TinhThanhID":0,"TinhThanhTitle":"Bắc Cạn","TinhThanhTitleAscii":"/bac-can","QuanHuyenID":0,"NganhNgheTitle":"Xây dựng nhà các loại","NganhNgheTitleAscii":"/nganh-nghe/xay-dung-nha-cac-loai","DSTags":["4700130298","Bắc Cạn",null]},{"Type":11,"SolrID":"/4700113398-002-cua-hang-thuong-nghiep-tong-hop-huyen-bach-thong","ID":0,"MaSoThue":"4700113398-002","NgayCap":"2000-01-12T00:00:00Z","Title":"Cửa hàng thương nghiệp tổng hợp huyện Bạch Thông","DiaChiCongTy":"Thị trấn Phủ Thông - Huyện Bạch Thông - Bắc Cạn","Created":"2015-11-19T05:39:04Z","Updated":"2015-11-19T05:39:04Z","IsDelete":false,"RequestChanged":false,"ExitsInGDT":false,"SourceID":0,"TinhThanhID":0,"TinhThanhTitle":"Bắc Cạn","TinhThanhTitleAscii":"/bac-can","QuanHuyenID":0,"NganhNgheTitle":"Bán lẻ hình thức khác (trừ bán lẻ tại cửa hàng, lưu động hoặc tại chợ)","NganhNgheTitleAscii":"/nganh-nghe/ban-le-hinh-thuc-khac-tru-ban-le-tai-cua-hang-luu-dong-hoac-tai-cho","DSTags":["4700113398-002","Bắc Cạn",null]},{"Type":11,"SolrID":"/4700121462-phong-dia-chinh-bach-thong","ID":0,"MaSoThue":"4700121462","NgayCap":"1999-03-15T00:00:00Z","Title":"Phòng Địa chính Bạch Thông","DiaChiCongTy":"Thị trấn Phủ Thông - Huyện Bạch Thông - Bắc Cạn","Created":"2015-11-16T05:54:17Z","Updated":"2015-11-16T05:54:17Z","IsDelete":false,"RequestChanged":false,"ExitsInGDT":false,"SourceID":0,"TinhThanhID":0,"TinhThanhTitle":"Bắc Cạn","TinhThanhTitleAscii":"/bac-can","QuanHuyenID":0,"NganhNgheTitle":"Hoạt động dịch vụ tài chính khác chưa được phân vào đâu (trừ bảo hiểm và bảo hiểm xã hội)","NganhNgheTitleAscii":"/nganh-nghe/hoat-dong-dich-vu-tai-chinh-khac-chua-duoc-phan-vao-dau-tru-bao-hiem-va-bao-hiem-xa-hoi","DSTags":["4700121462","Bắc Cạn",null]},{"Type":11,"SolrID":"/4700121582-ubnd-thi-tran-phu-thong","ID":0,"MaSoThue":"4700121582","NgayCap":"1999-03-15T00:00:00Z","Title":"UBND thị trấn Phủ Thông","DiaChiCongTy":"Thị trấn Phủ Thông - Huyện Bạch Thông - Bắc Cạn","Created":"2015-11-16T05:58:17Z","Updated":"2015-11-16T05:58:17Z","IsDelete":false,"RequestChanged":false,"ExitsInGDT":false,"SourceID":0,"TinhThanhID":0,"TinhThanhTitle":"Bắc Cạn","TinhThanhTitleAscii":"/bac-can","QuanHuyenID":0,"NganhNgheTitle":"Hoạt động dịch vụ tài chính khác chưa được phân vào đâu (trừ bảo hiểm và bảo hiểm xã hội)","NganhNgheTitleAscii":"/nganh-nghe/hoat-dong-dich-vu-tai-chinh-khac-chua-duoc-phan-vao-dau-tru-bao-hiem-va-bao-hiem-xa-hoi","DSTags":["4700121582","Bắc Cạn",null]},{"Type":11,"SolrID":"/4700121455-phong-tai-chinh-ke-hoach-huyen-bach-thong","ID":0,"MaSoThue":"4700121455","NgayCap":"1999-03-15T00:00:00Z","Title":"Phòng Tài chính - Kế hoạch huyện Bạch Thông","DiaChiCongTy":"Thị trấn Phủ Thông - Huyện Bạch Thông - Bắc Cạn","Created":"2015-11-16T05:59:30Z","Updated":"2015-11-16T05:59:30Z","IsDelete":false,"RequestChanged":false,"ExitsInGDT":false,"SourceID":0,"TinhThanhID":0,"TinhThanhTitle":"Bắc Cạn","TinhThanhTitleAscii":"/bac-can","QuanHuyenID":0,"NganhNgheTitle":"Hoạt động dịch vụ tài chính khác chưa được phân vào đâu (trừ bảo hiểm và bảo hiểm xã hội)","NganhNgheTitleAscii":"/nganh-nghe/hoat-dong-dich-vu-tai-chinh-khac-chua-duoc-phan-vao-dau-tru-bao-hiem-va-bao-hiem-xa-hoi","DSTags":["4700121455","Bắc Cạn",null]}]}