{"ID":7307,"SolrID":"/bac-can/huyen-bach-thong/xa-cam-giang","Title":"Xã Cẩm Giàng","TinhThanhTitle":"Bắc Cạn","QuanHuyenTitle":"Huyện Bạch Thông","QuanHuyenID":443,"TinhThanhID":47,"Url":"https://thongtindoanhnghiep.co/api/company?l=/bac-can/huyen-bach-thong/xa-cam-giang","Total":11,"List":[{"Type":11,"SolrID":"/4700260307-cong-ty-tnhh-thuong-mai-xnk-dang-tien-long-chau-quang-tay-cong-ty-cp-ks-tay-giang-bac-kan-nop-thay","ID":0,"MaSoThue":"4700260307","NgayCap":"2015-12-17T00:00:00Z","Title":"Công ty TNHH Thương mại XNK Đằng Tiến Long Châu Quảng Tây (Công ty CP KS Tây Giang Bắc Kạn nộp thay)","DiaChiCongTy":"Thôn 3 - Xã Cẩm Giàng - Huyện Bạch Thông - Bắc Cạn","Created":"2015-12-19T05:04:52Z","Updated":"2015-12-19T05:04:52Z","IsDelete":false,"RequestChanged":false,"ExitsInGDT":false,"SourceID":0,"TinhThanhID":0,"TinhThanhTitle":"Bắc Cạn","TinhThanhTitleAscii":"/bac-can","QuanHuyenID":0,"NganhNgheTitle":"Hoạt động chuyên môn, khoa học và công nghệ khác","NganhNgheTitleAscii":"/nganh-nghe/hoat-dong-chuyen-mon-khoa-hoc-va-cong-nghe-khac","DSTags":["4700260307","Bắc Cạn",null]},{"Type":11,"SolrID":"/4700258153-cong-ty-tnhh-mot-thanh-vien-truong-bich","ID":0,"MaSoThue":"4700258153","NgayCap":"2015-08-10T00:00:00Z","Title":"Công Ty TNHH Một Thành Viên Trường Bích","DiaChiCongTy":"Thôn Nà Cù - Xã Cẩm Giàng - Huyện Bạch Thông - Bắc Cạn","Created":"2015-11-18T23:07:53Z","Updated":"2015-11-18T23:07:53Z","IsDelete":false,"RequestChanged":false,"ExitsInGDT":false,"SourceID":0,"TinhThanhID":0,"TinhThanhTitle":"Bắc Cạn","TinhThanhTitleAscii":"/bac-can","QuanHuyenID":0,"NganhNgheTitle":"Vận tải hàng hóa bằng đường bộ","NganhNgheTitleAscii":"/nganh-nghe/van-tai-hang-hoa-bang-duong-bo","DSTags":["4700258153","Bắc Cạn",null]},{"Type":11,"SolrID":"/4700253187-cong-ty-cp-khoang-san-tay-giang-bac-kan","ID":0,"MaSoThue":"4700253187","NgayCap":"2014-07-24T00:00:00Z","Title":"Công Ty CP Khoáng Sản Tây Giang Bắc Kạn","DiaChiCongTy":"Thôn 3 - Xã Cẩm Giàng - Huyện Bạch Thông - Bắc Cạn","Created":"2015-11-09T12:56:16Z","Updated":"2015-11-09T12:56:16Z","IsDelete":false,"RequestChanged":false,"ExitsInGDT":false,"SourceID":0,"TinhThanhID":0,"TinhThanhTitle":"Bắc Cạn","TinhThanhTitleAscii":"/bac-can","QuanHuyenID":0,"NganhNgheTitle":"Khai thác quặng sắt","NganhNgheTitleAscii":"/nganh-nghe/khai-thac-quang-sat","DSTags":["4700253187","Bắc Cạn",null]},{"Type":11,"SolrID":"/4700252264-doanh-nghiep-tn-vang-kiu","ID":0,"MaSoThue":"4700252264","NgayCap":"2014-06-25T00:00:00Z","Title":"Doanh Nghiệp TN Vàng Kiu","DiaChiCongTy":"Nà Tu - Xã Cẩm Giàng - Huyện Bạch Thông - Bắc Cạn","Created":"2015-11-09T12:56:56Z","Updated":"2015-11-09T12:56:56Z","IsDelete":false,"RequestChanged":false,"ExitsInGDT":false,"SourceID":0,"TinhThanhID":0,"TinhThanhTitle":"Bắc Cạn","TinhThanhTitleAscii":"/bac-can","QuanHuyenID":0,"NganhNgheTitle":"Xây dựng nhà các loại","NganhNgheTitleAscii":"/nganh-nghe/xay-dung-nha-cac-loai","DSTags":["4700252264","Bắc Cạn",null]},{"Type":11,"SolrID":"/4800165865-001-cong-ty-co-phan-phu-son-chi-nhanh-bac-kan","ID":0,"MaSoThue":"4800165865-001","NgayCap":"2014-04-04T00:00:00Z","Title":"Công Ty Cổ Phần Phú Sơn - Chi Nhánh Bắc Kạn","DiaChiCongTy":"Thôn 3 - Xã Cẩm Giàng - Huyện Bạch Thông - Bắc Cạn","Created":"2015-11-11T01:46:39Z","Updated":"2015-11-11T01:46:39Z","IsDelete":false,"RequestChanged":false,"ExitsInGDT":false,"SourceID":0,"TinhThanhID":0,"TinhThanhTitle":"Bắc Cạn","TinhThanhTitleAscii":"/bac-can","QuanHuyenID":0,"NganhNgheTitle":"Khai thác quặng sắt","NganhNgheTitleAscii":"/nganh-nghe/khai-thac-quang-sat","DSTags":["4800165865-001","Bắc Cạn",null]},{"Type":11,"SolrID":"/4700235269-cong-ty-tnhh-mot-thanh-vien-tuan-dung-bac-kan","ID":0,"MaSoThue":"4700235269","NgayCap":"2012-08-16T00:00:00Z","Title":"Công Ty TNHH Một Thành Viên  Tuấn Dũng Bắc Kạn","DiaChiCongTy":"Thôn Nà Pẻng - Xã Cẩm Giàng - Huyện Bạch Thông - Bắc Cạn","Created":"2015-11-12T06:48:27Z","Updated":"2015-11-12T06:48:27Z","IsDelete":false,"RequestChanged":false,"ExitsInGDT":false,"SourceID":0,"TinhThanhID":0,"TinhThanhTitle":"Bắc Cạn","TinhThanhTitleAscii":"/bac-can","QuanHuyenID":0,"NganhNgheTitle":"Xây dựng công trình đường sắt và đường bộ","NganhNgheTitleAscii":"/nganh-nghe/xay-dung-cong-trinh-duong-sat-va-duong-bo","DSTags":["4700235269","Bắc Cạn",null]},{"Type":11,"SolrID":"/0100100336-015-chi-nhanh-cong-ty-co-phan-vat-tu-va-thiet-bi-toan-bo-nha-may-gang-thep-bac-kan","ID":0,"MaSoThue":"0100100336-015","NgayCap":"2011-12-20T00:00:00Z","Title":"Chi Nhánh Công Ty Cổ Phần Vật Tư Và Thiết Bị Toàn Bộ - Nhà Máy Gang Thép Bắc Kạn","DiaChiCongTy":"- Xã Cẩm Giàng - Huyện Bạch Thông - Bắc Cạn","Created":"2015-11-10T02:04:44Z","Updated":"2015-11-10T02:04:44Z","IsDelete":false,"RequestChanged":false,"ExitsInGDT":false,"SourceID":0,"TinhThanhID":0,"TinhThanhTitle":"Bắc Cạn","TinhThanhTitleAscii":"/bac-can","QuanHuyenID":0,"NganhNgheTitle":"Sản xuất sắt, thép, gang","NganhNgheTitleAscii":"/nganh-nghe/san-xuat-sat-thep-gang","DSTags":["0100100336-015","Bắc Cạn",null]},{"Type":11,"SolrID":"/4700198881-cong-ty-tnhh-xay-dung-188","ID":0,"MaSoThue":"4700198881","NgayCap":"2010-12-01T00:00:00Z","Title":"Công Ty TNHH Xây Dựng 188","DiaChiCongTy":"Nà Tu - Xã Cẩm Giàng - Huyện Bạch Thông - Bắc Cạn","Created":"2015-11-10T02:05:03Z","Updated":"2015-11-10T02:05:03Z","IsDelete":false,"RequestChanged":false,"ExitsInGDT":false,"SourceID":0,"TinhThanhID":0,"TinhThanhTitle":"Bắc Cạn","TinhThanhTitleAscii":"/bac-can","QuanHuyenID":0,"NganhNgheTitle":"Xây dựng nhà các loại","NganhNgheTitleAscii":"/nganh-nghe/xay-dung-nha-cac-loai","DSTags":["4700198881","Bắc Cạn",null]},{"Type":11,"SolrID":"/4700145230-authi-tram","ID":0,"MaSoThue":"4700145230","NgayCap":"2004-06-24T00:00:00Z","Title":"âuThị Trâm","DiaChiCongTy":"Cẩm Giàng - Xã Cẩm Giàng - Huyện Bạch Thông - Bắc Cạn","Created":"2015-11-16T16:15:40Z","Updated":"2015-11-16T16:15:40Z","IsDelete":false,"RequestChanged":false,"ExitsInGDT":false,"SourceID":0,"TinhThanhID":0,"TinhThanhTitle":"Bắc Cạn","TinhThanhTitleAscii":"/bac-can","QuanHuyenID":0,"NganhNgheTitle":"Quán rượu, bia, quầy bar","NganhNgheTitleAscii":"/nganh-nghe/quan-ruou-bia-quay-bar","DSTags":["4700145230","Bắc Cạn",null]},{"Type":11,"SolrID":"/0100103866-002-chi-nhanh-tong-cong-ty-may-dong-luc-va-may-nong-nghiep","ID":0,"MaSoThue":"0100103866-002","NgayCap":"2003-05-20T00:00:00Z","Title":"Chi Nhánh Tổng Công Ty Máy Động Lực Và Máy Nông Nghiệp","DiaChiCongTy":"Thôn 3a, Xã Cẩm Giàng - Xã Cẩm Giàng - Huyện Bạch Thông - Bắc Cạn","Created":"2015-11-17T23:00:15Z","Updated":"2015-11-17T23:00:15Z","IsDelete":false,"RequestChanged":false,"ExitsInGDT":false,"SourceID":0,"TinhThanhID":0,"TinhThanhTitle":"Bắc Cạn","TinhThanhTitleAscii":"/bac-can","QuanHuyenID":0,"NganhNgheTitle":"Sản xuất sản phẩm khác bằng kim loại; các dịch vụ xử lý, gia công kim loại","NganhNgheTitleAscii":"/nganh-nghe/san-xuat-san-pham-khac-bang-kim-loai-cac-dich-vu-xu-ly-gia-cong-kim-loai","DSTags":["0100103866-002","Bắc Cạn",null]},{"Type":11,"SolrID":"/4700121504-ubnd-xa-cam-giang","ID":0,"MaSoThue":"4700121504","NgayCap":"1999-03-15T00:00:00Z","Title":"UBND xã Cẩm Giàng","DiaChiCongTy":"Xã Cẩm Giàng - Huyện Bạch Thông - Bắc Cạn","Created":"2015-11-16T05:59:27Z","Updated":"2015-11-16T05:59:27Z","IsDelete":false,"RequestChanged":false,"ExitsInGDT":false,"SourceID":0,"TinhThanhID":0,"TinhThanhTitle":"Bắc Cạn","TinhThanhTitleAscii":"/bac-can","QuanHuyenID":0,"NganhNgheTitle":"Hoạt động dịch vụ tài chính khác chưa được phân vào đâu (trừ bảo hiểm và bảo hiểm xã hội)","NganhNgheTitleAscii":"/nganh-nghe/hoat-dong-dich-vu-tai-chinh-khac-chua-duoc-phan-vao-dau-tru-bao-hiem-va-bao-hiem-xa-hoi","DSTags":["4700121504","Bắc Cạn",null]}]}