{"ID":11531,"SolrID":"/bac-can/huyen-bach-thong/xa-luc-binh","Title":"Xã Lục Bình","TinhThanhTitle":"Bắc Cạn","QuanHuyenTitle":"Huyện Bạch Thông","QuanHuyenID":443,"TinhThanhID":47,"Url":"https://thongtindoanhnghiep.co/api/company?l=/bac-can/huyen-bach-thong/xa-luc-binh","Total":3,"List":[{"Type":11,"SolrID":"/4700240974-truong-tieu-hoc-luc-binh","ID":0,"MaSoThue":"4700240974","NgayCap":"2013-02-23T00:00:00Z","Title":"Trường Tiểu Học Lục Bình","DiaChiCongTy":"Bắc Lanh Chang - Xã Lục Bình - Huyện Bạch Thông - Bắc Cạn","Created":"2015-11-16T22:35:03Z","Updated":"2015-11-16T22:35:03Z","IsDelete":false,"RequestChanged":false,"ExitsInGDT":false,"SourceID":0,"TinhThanhID":0,"TinhThanhTitle":"Bắc Cạn","TinhThanhTitleAscii":"/bac-can","QuanHuyenID":0,"NganhNgheTitle":"Giáo dục tiểu học","NganhNgheTitleAscii":"/nganh-nghe/giao-duc-tieu-hoc","DSTags":["4700240974","Bắc Cạn",null]},{"Type":11,"SolrID":"/4700206331-hop-tac-xa-the-thuat","ID":0,"MaSoThue":"4700206331","NgayCap":"2011-08-03T00:00:00Z","Title":"Hợp tác xã Thế Thuật","DiaChiCongTy":"Thôn Bắc Lanh Trang - Xã Lục Bình - Huyện Bạch Thông - Bắc Cạn","Created":"2015-11-17T07:30:42Z","Updated":"2015-11-17T07:30:42Z","IsDelete":false,"RequestChanged":false,"ExitsInGDT":false,"SourceID":0,"TinhThanhID":0,"TinhThanhTitle":"Bắc Cạn","TinhThanhTitleAscii":"/bac-can","QuanHuyenID":0,"NganhNgheTitle":"NÔNG NGHIỆP, LÂM NGHIỆP VÀ THUỶ SẢN","NganhNgheTitleAscii":"/nganh-nghe/nong-nghiep-lam-nghiep-va-thuy-san","DSTags":["4700206331","Bắc Cạn",null]},{"Type":11,"SolrID":"/4700121487-ubnd-xa-luc-binh","ID":0,"MaSoThue":"4700121487","NgayCap":"1999-03-15T00:00:00Z","Title":"UBND xã Lục Bình","DiaChiCongTy":"Xã Lục Bình - Huyện Bạch Thông - Bắc Cạn","Created":"2015-11-16T05:59:30Z","Updated":"2015-11-16T05:59:30Z","IsDelete":false,"RequestChanged":false,"ExitsInGDT":false,"SourceID":0,"TinhThanhID":0,"TinhThanhTitle":"Bắc Cạn","TinhThanhTitleAscii":"/bac-can","QuanHuyenID":0,"NganhNgheTitle":"Hoạt động dịch vụ tài chính khác chưa được phân vào đâu (trừ bảo hiểm và bảo hiểm xã hội)","NganhNgheTitleAscii":"/nganh-nghe/hoat-dong-dich-vu-tai-chinh-khac-chua-duoc-phan-vao-dau-tru-bao-hiem-va-bao-hiem-xa-hoi","DSTags":["4700121487","Bắc Cạn",null]}]}