{"ID":13945,"SolrID":"/bac-can/huyen-bach-thong/xa-my-thanh","Title":"Xã Mỹ Thanh","TinhThanhTitle":"Bắc Cạn","QuanHuyenTitle":"Huyện Bạch Thông","QuanHuyenID":443,"TinhThanhID":47,"Url":"https://thongtindoanhnghiep.co/api/company?l=/bac-can/huyen-bach-thong/xa-my-thanh","Total":4,"List":[{"Type":11,"SolrID":"/4700241720-truong-mam-non-my-thanh","ID":0,"MaSoThue":"4700241720","NgayCap":"2013-04-22T00:00:00Z","Title":"TRườNG MầM NON Mỹ THANH","DiaChiCongTy":"Bản Luông1 - Xã Mỹ Thanh - Huyện Bạch Thông - Bắc Cạn","Created":"2015-11-16T10:29:52Z","Updated":"2015-11-16T10:29:52Z","IsDelete":false,"RequestChanged":false,"ExitsInGDT":false,"SourceID":0,"TinhThanhID":0,"TinhThanhTitle":"Bắc Cạn","TinhThanhTitleAscii":"/bac-can","QuanHuyenID":0,"NganhNgheTitle":"Giáo dục mầm non","NganhNgheTitleAscii":"/nganh-nghe/giao-duc-mam-non","DSTags":["4700241720","Bắc Cạn",null]},{"Type":11,"SolrID":"/4700241713-truong-trung-hoc-co-so-my-thanh","ID":0,"MaSoThue":"4700241713","NgayCap":"2013-04-22T00:00:00Z","Title":"TRườNG TRUNG HọC Cơ Sở Mỹ THANH","DiaChiCongTy":"Bản Luông1 - Xã Mỹ Thanh - Huyện Bạch Thông - Bắc Cạn","Created":"2015-11-16T10:29:53Z","Updated":"2015-11-16T10:29:53Z","IsDelete":false,"RequestChanged":false,"ExitsInGDT":false,"SourceID":0,"TinhThanhID":0,"TinhThanhTitle":"Bắc Cạn","TinhThanhTitleAscii":"/bac-can","QuanHuyenID":0,"NganhNgheTitle":"Giáo dục trung học cơ sở và trung học phổ thông","NganhNgheTitleAscii":"/nganh-nghe/giao-duc-trung-hoc-co-so-va-trung-hoc-pho-thong","DSTags":["4700241713","Bắc Cạn",null]},{"Type":11,"SolrID":"/4700241689-truong-tieu-hoc-my-thanh","ID":0,"MaSoThue":"4700241689","NgayCap":"2013-04-22T00:00:00Z","Title":"TRườNG TIểU HọC Mỹ THANH","DiaChiCongTy":"Bản Luông 1 - Xã Mỹ Thanh - Huyện Bạch Thông - Bắc Cạn","Created":"2015-11-16T10:29:54Z","Updated":"2015-11-16T10:29:54Z","IsDelete":false,"RequestChanged":false,"ExitsInGDT":false,"SourceID":0,"TinhThanhID":0,"TinhThanhTitle":"Bắc Cạn","TinhThanhTitleAscii":"/bac-can","QuanHuyenID":0,"NganhNgheTitle":"Giáo dục tiểu học","NganhNgheTitleAscii":"/nganh-nghe/giao-duc-tieu-hoc","DSTags":["4700241689","Bắc Cạn",null]},{"Type":11,"SolrID":"/4700121494-ubnd-xa-my-thanh","ID":0,"MaSoThue":"4700121494","NgayCap":"1999-03-15T00:00:00Z","Title":"UBND xã Mỹ Thanh","DiaChiCongTy":"Xã Mỹ Thanh - Huyện Bạch Thông - Bắc Cạn","Created":"2015-11-16T05:59:28Z","Updated":"2015-11-16T05:59:28Z","IsDelete":false,"RequestChanged":false,"ExitsInGDT":false,"SourceID":0,"TinhThanhID":0,"TinhThanhTitle":"Bắc Cạn","TinhThanhTitleAscii":"/bac-can","QuanHuyenID":0,"NganhNgheTitle":"Hoạt động dịch vụ tài chính khác chưa được phân vào đâu (trừ bảo hiểm và bảo hiểm xã hội)","NganhNgheTitleAscii":"/nganh-nghe/hoat-dong-dich-vu-tai-chinh-khac-chua-duoc-phan-vao-dau-tru-bao-hiem-va-bao-hiem-xa-hoi","DSTags":["4700121494","Bắc Cạn",null]}]}