{"ID":14365,"SolrID":"/bac-can/huyen-bach-thong/xa-phuong-linh","Title":"Xã Phương Linh","TinhThanhTitle":"Bắc Cạn","QuanHuyenTitle":"Huyện Bạch Thông","QuanHuyenID":443,"TinhThanhID":47,"Url":"https://thongtindoanhnghiep.co/api/company?l=/bac-can/huyen-bach-thong/xa-phuong-linh","Total":2,"List":[{"Type":11,"SolrID":"/4700193241-cong-ty-tnhh-hoang-khuyen","ID":0,"MaSoThue":"4700193241","NgayCap":"2010-03-22T00:00:00Z","Title":"Công Ty TNHH Hoàng Khuyên","DiaChiCongTy":"Thôn Nà Món - Xã Phương Linh - Huyện Bạch Thông - Bắc Cạn","Created":"2015-11-11T13:07:41Z","Updated":"2015-11-11T13:07:41Z","IsDelete":false,"RequestChanged":false,"ExitsInGDT":false,"SourceID":0,"TinhThanhID":0,"TinhThanhTitle":"Bắc Cạn","TinhThanhTitleAscii":"/bac-can","QuanHuyenID":0,"NganhNgheTitle":"Xây dựng công trình kỹ thuật dân dụng","NganhNgheTitleAscii":"/nganh-nghe/xay-dung-cong-trinh-ky-thuat-dan-dung","DSTags":["4700193241","Bắc Cạn",null]},{"Type":11,"SolrID":"/4700121617-ubnd-xa-phuong-linh","ID":0,"MaSoThue":"4700121617","NgayCap":"1999-03-15T00:00:00Z","Title":"UBND xã Phương Linh","DiaChiCongTy":"Xã Phương Linh - Huyện Bạch Thông - Bắc Cạn","Created":"2015-11-16T05:58:16Z","Updated":"2015-11-16T05:58:16Z","IsDelete":false,"RequestChanged":false,"ExitsInGDT":false,"SourceID":0,"TinhThanhID":0,"TinhThanhTitle":"Bắc Cạn","TinhThanhTitleAscii":"/bac-can","QuanHuyenID":0,"NganhNgheTitle":"Hoạt động dịch vụ tài chính khác chưa được phân vào đâu (trừ bảo hiểm và bảo hiểm xã hội)","NganhNgheTitleAscii":"/nganh-nghe/hoat-dong-dich-vu-tai-chinh-khac-chua-duoc-phan-vao-dau-tru-bao-hiem-va-bao-hiem-xa-hoi","DSTags":["4700121617","Bắc Cạn",null]}]}