{"ID":12416,"SolrID":"/bac-can/huyen-bach-thong/xa-quan-binh","Title":"Xã Quân Bình","TinhThanhTitle":"Bắc Cạn","QuanHuyenTitle":"Huyện Bạch Thông","QuanHuyenID":443,"TinhThanhID":47,"Url":"https://thongtindoanhnghiep.co/api/company?l=/bac-can/huyen-bach-thong/xa-quan-binh","Total":5,"List":[{"Type":11,"SolrID":"/4700253564-cong-ty-tnhh-mot-thanh-vien-118","ID":0,"MaSoThue":"4700253564","NgayCap":"2014-09-11T00:00:00Z","Title":"Công Ty TNHH Một Thành Viên 118","DiaChiCongTy":"Thôn Nà Pò - Xã Quân Bình - Huyện Bạch Thông - Bắc Cạn","Created":"2015-11-09T11:05:44Z","Updated":"2015-11-09T11:05:44Z","IsDelete":false,"RequestChanged":false,"ExitsInGDT":false,"SourceID":0,"TinhThanhID":0,"TinhThanhTitle":"Bắc Cạn","TinhThanhTitleAscii":"/bac-can","QuanHuyenID":0,"NganhNgheTitle":"Xây dựng nhà các loại","NganhNgheTitleAscii":"/nganh-nghe/xay-dung-nha-cac-loai","DSTags":["4700253564","Bắc Cạn",null]},{"Type":11,"SolrID":"/4700246503-doanh-nghiep-tn-chien-thang-bac-kan","ID":0,"MaSoThue":"4700246503","NgayCap":"2013-12-02T00:00:00Z","Title":"Doanh Nghiệp TN Chiến Thắng - Bắc Kạn","DiaChiCongTy":"Thôn Nà Pò - Xã Quân Bình - Huyện Bạch Thông - Bắc Cạn","Created":"2015-11-09T11:30:17Z","Updated":"2015-11-09T11:30:17Z","IsDelete":false,"RequestChanged":false,"ExitsInGDT":false,"SourceID":0,"TinhThanhID":0,"TinhThanhTitle":"Bắc Cạn","TinhThanhTitleAscii":"/bac-can","QuanHuyenID":0,"NganhNgheTitle":"Bán buôn nhiên liệu rắn, lỏng, khí và các sản phẩm liên quan","NganhNgheTitleAscii":"/nganh-nghe/ban-buon-nhien-lieu-ran-long-khi-va-cac-san-pham-lien-quan","DSTags":["4700246503","Bắc Cạn",null]},{"Type":11,"SolrID":"/4700241022-truong-mam-non-quan-binh","ID":0,"MaSoThue":"4700241022","NgayCap":"2013-02-27T00:00:00Z","Title":"TRườNG MầM NON QUâN BìNH","DiaChiCongTy":"Thái Bình - Xã Quân Bình - Huyện Bạch Thông - Bắc Cạn","Created":"2015-11-16T22:31:26Z","Updated":"2015-11-16T22:31:26Z","IsDelete":false,"RequestChanged":false,"ExitsInGDT":false,"SourceID":0,"TinhThanhID":0,"TinhThanhTitle":"Bắc Cạn","TinhThanhTitleAscii":"/bac-can","QuanHuyenID":0,"NganhNgheTitle":"Giáo dục mầm non","NganhNgheTitleAscii":"/nganh-nghe/giao-duc-mam-non","DSTags":["4700241022","Bắc Cạn",null]},{"Type":11,"SolrID":"/4700240815-truong-tieu-hoc-quan-binh","ID":0,"MaSoThue":"4700240815","NgayCap":"2013-02-22T00:00:00Z","Title":"TRườNG TIểU HọC QUâN BìNH","DiaChiCongTy":"Thái Bình - Xã Quân Bình - Huyện Bạch Thông - Bắc Cạn","Created":"2015-11-16T22:35:44Z","Updated":"2015-11-16T22:35:44Z","IsDelete":false,"RequestChanged":false,"ExitsInGDT":false,"SourceID":0,"TinhThanhID":0,"TinhThanhTitle":"Bắc Cạn","TinhThanhTitleAscii":"/bac-can","QuanHuyenID":0,"NganhNgheTitle":"Giáo dục tiểu học","NganhNgheTitleAscii":"/nganh-nghe/giao-duc-tieu-hoc","DSTags":["4700240815","Bắc Cạn",null]},{"Type":11,"SolrID":"/4700121631-ubnd-xa-quan-binh","ID":0,"MaSoThue":"4700121631","NgayCap":"1999-03-15T00:00:00Z","Title":"UBND xã Quân Bình","DiaChiCongTy":"Xã Quân Bình - Huyện Bạch Thông - Bắc Cạn","Created":"2015-11-16T05:58:15Z","Updated":"2015-11-16T05:58:15Z","IsDelete":false,"RequestChanged":false,"ExitsInGDT":false,"SourceID":0,"TinhThanhID":0,"TinhThanhTitle":"Bắc Cạn","TinhThanhTitleAscii":"/bac-can","QuanHuyenID":0,"NganhNgheTitle":"Hoạt động dịch vụ tài chính khác chưa được phân vào đâu (trừ bảo hiểm và bảo hiểm xã hội)","NganhNgheTitleAscii":"/nganh-nghe/hoat-dong-dich-vu-tai-chinh-khac-chua-duoc-phan-vao-dau-tru-bao-hiem-va-bao-hiem-xa-hoi","DSTags":["4700121631","Bắc Cạn",null]}]}