{"ID":1503,"SolrID":"/bac-can/huyen-bach-thong/xa-quang-thuan","Title":"Xã Quang Thuận","TinhThanhTitle":"Bắc Cạn","QuanHuyenTitle":"Huyện Bạch Thông","QuanHuyenID":443,"TinhThanhID":47,"Url":"https://thongtindoanhnghiep.co/api/company?l=/bac-can/huyen-bach-thong/xa-quang-thuan","Total":4,"List":[{"Type":11,"SolrID":"/4700259291-hop-tac-xa-dai-ha","ID":0,"MaSoThue":"4700259291","NgayCap":"2015-11-12T00:00:00Z","Title":"Hợp tác xã Đại Hà","DiaChiCongTy":"Nà Kha - Xã Quang Thuận - Huyện Bạch Thông - Bắc Cạn","Created":"2015-11-19T13:23:22Z","Updated":"2015-11-19T13:23:22Z","IsDelete":false,"RequestChanged":false,"ExitsInGDT":false,"SourceID":0,"TinhThanhID":0,"TinhThanhTitle":"Bắc Cạn","TinhThanhTitleAscii":"/bac-can","QuanHuyenID":0,"NganhNgheTitle":"Nhân và chăm sóc cây giống nông nghiệp","NganhNgheTitleAscii":"/nganh-nghe/nhan-va-cham-soc-cay-giong-nong-nghiep","DSTags":["4700259291","Bắc Cạn",null]},{"Type":11,"SolrID":"/4700241199-truong-pho-thong-co-so-quang-thuan","ID":0,"MaSoThue":"4700241199","NgayCap":"2013-03-11T00:00:00Z","Title":"Trường Phổ Thông Cơ Sở Quang Thuận","DiaChiCongTy":"Nà Kha - Xã Quang Thuận - Huyện Bạch Thông - Bắc Cạn","Created":"2015-11-17T07:59:46Z","Updated":"2015-11-17T07:59:46Z","IsDelete":false,"RequestChanged":false,"ExitsInGDT":false,"SourceID":0,"TinhThanhID":0,"TinhThanhTitle":"Bắc Cạn","TinhThanhTitleAscii":"/bac-can","QuanHuyenID":0,"NganhNgheTitle":"Giáo dục trung học cơ sở và trung học phổ thông","NganhNgheTitleAscii":"/nganh-nghe/giao-duc-trung-hoc-co-so-va-trung-hoc-pho-thong","DSTags":["4700241199","Bắc Cạn",null]},{"Type":11,"SolrID":"/4700241181-truong-mam-non-quang-thuan","ID":0,"MaSoThue":"4700241181","NgayCap":"2013-03-08T00:00:00Z","Title":"TRườNG MầM NON QUANG THUậN","DiaChiCongTy":"Nà Kha - Xã Quang Thuận - Huyện Bạch Thông - Bắc Cạn","Created":"2015-11-17T07:06:32Z","Updated":"2015-11-17T07:06:32Z","IsDelete":false,"RequestChanged":false,"ExitsInGDT":false,"SourceID":0,"TinhThanhID":0,"TinhThanhTitle":"Bắc Cạn","TinhThanhTitleAscii":"/bac-can","QuanHuyenID":0,"NganhNgheTitle":"Giáo dục mầm non","NganhNgheTitleAscii":"/nganh-nghe/giao-duc-mam-non","DSTags":["4700241181","Bắc Cạn",null]},{"Type":11,"SolrID":"/4700121543-ubnd-xa-quang-thuan","ID":0,"MaSoThue":"4700121543","NgayCap":"1999-03-15T00:00:00Z","Title":"UBND xã Quang Thuận","DiaChiCongTy":"Xã Quang Thuận - Huyện Bạch Thông - Bắc Cạn","Created":"2015-11-16T05:58:21Z","Updated":"2015-11-16T05:58:21Z","IsDelete":false,"RequestChanged":false,"ExitsInGDT":false,"SourceID":0,"TinhThanhID":0,"TinhThanhTitle":"Bắc Cạn","TinhThanhTitleAscii":"/bac-can","QuanHuyenID":0,"NganhNgheTitle":"Hoạt động dịch vụ tài chính khác chưa được phân vào đâu (trừ bảo hiểm và bảo hiểm xã hội)","NganhNgheTitleAscii":"/nganh-nghe/hoat-dong-dich-vu-tai-chinh-khac-chua-duoc-phan-vao-dau-tru-bao-hiem-va-bao-hiem-xa-hoi","DSTags":["4700121543","Bắc Cạn",null]}]}