{"ID":14282,"SolrID":"/bac-can/huyen-bach-thong/xa-sy-binh","Title":"Xã Sỹ Bình","TinhThanhTitle":"Bắc Cạn","QuanHuyenTitle":"Huyện Bạch Thông","QuanHuyenID":443,"TinhThanhID":47,"Url":"https://thongtindoanhnghiep.co/api/company?l=/bac-can/huyen-bach-thong/xa-sy-binh","Total":1,"List":[{"Type":11,"SolrID":"/4700122071-ubnd-xa-sy-binh","ID":0,"MaSoThue":"4700122071","NgayCap":"1999-04-08T00:00:00Z","Title":"UBND xã Sỹ Bình","DiaChiCongTy":"UBND xã Sỹ Bình - Huyện Bạch Thông - Bắc Cạn","Created":"2015-11-16T06:51:05Z","Updated":"2015-11-16T06:51:05Z","IsDelete":false,"RequestChanged":false,"ExitsInGDT":false,"SourceID":0,"TinhThanhID":0,"TinhThanhTitle":"Bắc Cạn","TinhThanhTitleAscii":"/bac-can","QuanHuyenID":0,"NganhNgheTitle":"Hoạt động dịch vụ tài chính khác chưa được phân vào đâu (trừ bảo hiểm và bảo hiểm xã hội)","NganhNgheTitleAscii":"/nganh-nghe/hoat-dong-dich-vu-tai-chinh-khac-chua-duoc-phan-vao-dau-tru-bao-hiem-va-bao-hiem-xa-hoi","DSTags":["4700122071","Bắc Cạn",null]}]}