{"ID":12420,"SolrID":"/bac-can/huyen-bach-thong/xa-si-binh","Title":"Xã Sĩ Bình","TinhThanhTitle":"Bắc Cạn","QuanHuyenTitle":"Huyện Bạch Thông","QuanHuyenID":443,"TinhThanhID":47,"Url":"https://thongtindoanhnghiep.co/api/company?l=/bac-can/huyen-bach-thong/xa-si-binh","Total":3,"List":[{"Type":11,"SolrID":"/4700263146-hop-tac-xa-binh-son","ID":0,"MaSoThue":"4700263146","NgayCap":"2016-07-06T00:00:00Z","Title":"HợP TáC Xã BìNH SơN","DiaChiCongTy":"Thôn 1B Khâu Cưởm - Xã Sĩ Bình - Huyện Bạch Thông - Bắc Cạn","Created":"2016-07-07T10:09:47Z","Updated":"2016-07-07T10:09:47Z","IsDelete":false,"RequestChanged":false,"ExitsInGDT":false,"SourceID":0,"TinhThanhID":0,"TinhThanhTitle":"Bắc Cạn","TinhThanhTitleAscii":"/bac-can","QuanHuyenID":0,"NganhNgheTitle":"Trồng trọt, chăn nuôi hỗn hợp","NganhNgheTitleAscii":"/nganh-nghe/trong-trot-chan-nuoi-hon-hop","DSTags":["4700263146","Bắc Cạn",null]},{"Type":11,"SolrID":"/4700241047-truong-mam-non-sy-binh","ID":0,"MaSoThue":"4700241047","NgayCap":"2013-02-27T00:00:00Z","Title":"Trường Mầm Non Sỹ Bình","DiaChiCongTy":"Lọ Cặp - Xã Sĩ Bình - Huyện Bạch Thông - Bắc Cạn","Created":"2015-11-16T22:31:28Z","Updated":"2015-11-16T22:31:28Z","IsDelete":false,"RequestChanged":false,"ExitsInGDT":false,"SourceID":0,"TinhThanhID":0,"TinhThanhTitle":"Bắc Cạn","TinhThanhTitleAscii":"/bac-can","QuanHuyenID":0,"NganhNgheTitle":"Giáo dục mầm non","NganhNgheTitleAscii":"/nganh-nghe/giao-duc-mam-non","DSTags":["4700241047","Bắc Cạn",null]},{"Type":11,"SolrID":"/4700241054-truong-pho-thong-co-so-sy-binh","ID":0,"MaSoThue":"4700241054","NgayCap":"2013-02-27T00:00:00Z","Title":"Trường Phổ Thông Cơ Sở Sỹ Bình","DiaChiCongTy":"Lọ Cặp - Xã Sĩ Bình - Huyện Bạch Thông - Bắc Cạn","Created":"2015-11-16T22:31:29Z","Updated":"2015-11-16T22:31:29Z","IsDelete":false,"RequestChanged":false,"ExitsInGDT":false,"SourceID":0,"TinhThanhID":0,"TinhThanhTitle":"Bắc Cạn","TinhThanhTitleAscii":"/bac-can","QuanHuyenID":0,"NganhNgheTitle":"Giáo dục trung học cơ sở và trung học phổ thông","NganhNgheTitleAscii":"/nganh-nghe/giao-duc-trung-hoc-co-so-va-trung-hoc-pho-thong","DSTags":["4700241054","Bắc Cạn",null]}]}