{"ID":12235,"SolrID":"/bac-can/huyen-bach-thong/xa-tan-tien","Title":"Xã Tân Tiến","TinhThanhTitle":"Bắc Cạn","QuanHuyenTitle":"Huyện Bạch Thông","QuanHuyenID":443,"TinhThanhID":47,"Url":"https://thongtindoanhnghiep.co/api/company?l=/bac-can/huyen-bach-thong/xa-tan-tien","Total":4,"List":[{"Type":11,"SolrID":"/4700240886-truong-mam-non-tan-tien","ID":0,"MaSoThue":"4700240886","NgayCap":"2013-02-22T00:00:00Z","Title":"TRườNG MầM NON TâN TIếN","DiaChiCongTy":"Xóm Còi Mò - Xã Tân Tiến - Huyện Bạch Thông - Bắc Cạn","Created":"2015-11-16T22:35:53Z","Updated":"2015-11-16T22:35:53Z","IsDelete":false,"RequestChanged":false,"ExitsInGDT":false,"SourceID":0,"TinhThanhID":0,"TinhThanhTitle":"Bắc Cạn","TinhThanhTitleAscii":"/bac-can","QuanHuyenID":0,"NganhNgheTitle":"Giáo dục mầm non","NganhNgheTitleAscii":"/nganh-nghe/giao-duc-mam-non","DSTags":["4700240886","Bắc Cạn",null]},{"Type":11,"SolrID":"/4700240893-truong-tieu-hoc-tan-tien","ID":0,"MaSoThue":"4700240893","NgayCap":"2013-02-22T00:00:00Z","Title":"Trường Tiểu học Tân Tiến","DiaChiCongTy":"Xóm Còi Mò - Xã Tân Tiến - Huyện Bạch Thông - Bắc Cạn","Created":"2015-11-16T22:35:55Z","Updated":"2015-11-16T22:35:55Z","IsDelete":false,"RequestChanged":false,"ExitsInGDT":false,"SourceID":0,"TinhThanhID":0,"TinhThanhTitle":"Bắc Cạn","TinhThanhTitleAscii":"/bac-can","QuanHuyenID":0,"NganhNgheTitle":"Giáo dục tiểu học","NganhNgheTitleAscii":"/nganh-nghe/giao-duc-tieu-hoc","DSTags":["4700240893","Bắc Cạn",null]},{"Type":11,"SolrID":"/4700146989-doanh-nghiep-tu-nhan-tran-trong","ID":0,"MaSoThue":"4700146989","NgayCap":"2005-03-22T00:00:00Z","Title":"Doanh nghiệp tư nhân Trân Trọng","DiaChiCongTy":"Thôn 5 - xã Tân Tiến - Huyện Bạch Thông - Bắc Cạn","Created":"2015-11-17T00:25:36Z","Updated":"2015-11-17T00:25:36Z","IsDelete":false,"RequestChanged":false,"ExitsInGDT":false,"SourceID":0,"TinhThanhID":0,"TinhThanhTitle":"Bắc Cạn","TinhThanhTitleAscii":"/bac-can","QuanHuyenID":0,"NganhNgheTitle":"Sản xuất sản phẩm từ gỗ, tre, nứa (trừ giường, tủ, bàn, ghế); sản xuất sản phẩm từ rơm, rạ và vật liệu tết bện","NganhNgheTitleAscii":"/nganh-nghe/san-xuat-san-pham-tu-go-tre-nua-tru-giuong-tu-ban-ghe-san-xuat-san-pham-tu-rom-ra-va-vat-lieu-tet-ben","DSTags":["4700146989","Bắc Cạn",null]},{"Type":11,"SolrID":"/4700121624-ubnd-xa-tan-tien","ID":0,"MaSoThue":"4700121624","NgayCap":"1999-03-15T00:00:00Z","Title":"UBND xã Tân Tiến","DiaChiCongTy":"Xã Tân Tiến - Huyện Bạch Thông - Bắc Cạn","Created":"2015-11-16T05:54:20Z","Updated":"2015-11-16T05:54:20Z","IsDelete":false,"RequestChanged":false,"ExitsInGDT":false,"SourceID":0,"TinhThanhID":0,"TinhThanhTitle":"Bắc Cạn","TinhThanhTitleAscii":"/bac-can","QuanHuyenID":0,"NganhNgheTitle":"Hoạt động dịch vụ tài chính khác chưa được phân vào đâu (trừ bảo hiểm và bảo hiểm xã hội)","NganhNgheTitleAscii":"/nganh-nghe/hoat-dong-dich-vu-tai-chinh-khac-chua-duoc-phan-vao-dau-tru-bao-hiem-va-bao-hiem-xa-hoi","DSTags":["4700121624","Bắc Cạn",null]}]}