{"ID":14377,"SolrID":"/bac-can/huyen-bach-thong/xa-vy-huong","Title":"Xã Vy Hương","TinhThanhTitle":"Bắc Cạn","QuanHuyenTitle":"Huyện Bạch Thông","QuanHuyenID":443,"TinhThanhID":47,"Url":"https://thongtindoanhnghiep.co/api/company?l=/bac-can/huyen-bach-thong/xa-vy-huong","Total":1,"List":[{"Type":11,"SolrID":"/4700121575-ubnd-xa-vy-huong","ID":0,"MaSoThue":"4700121575","NgayCap":"1999-03-15T00:00:00Z","Title":"UBND xã Vy Hương","DiaChiCongTy":"Xã Vy Hương - Huyện Bạch Thông - Bắc Cạn","Created":"2015-11-16T05:54:19Z","Updated":"2015-11-16T05:54:19Z","IsDelete":false,"RequestChanged":false,"ExitsInGDT":false,"SourceID":0,"TinhThanhID":0,"TinhThanhTitle":"Bắc Cạn","TinhThanhTitleAscii":"/bac-can","QuanHuyenID":0,"NganhNgheTitle":"Hoạt động dịch vụ tài chính khác chưa được phân vào đâu (trừ bảo hiểm và bảo hiểm xã hội)","NganhNgheTitleAscii":"/nganh-nghe/hoat-dong-dich-vu-tai-chinh-khac-chua-duoc-phan-vao-dau-tru-bao-hiem-va-bao-hiem-xa-hoi","DSTags":["4700121575","Bắc Cạn",null]}]}