{"ID":11548,"SolrID":"/bac-can/huyen-bach-thong/xa-vu-muon","Title":"Xã Vũ Muộn","TinhThanhTitle":"Bắc Cạn","QuanHuyenTitle":"Huyện Bạch Thông","QuanHuyenID":443,"TinhThanhID":47,"Url":"https://thongtindoanhnghiep.co/api/company?l=/bac-can/huyen-bach-thong/xa-vu-muon","Total":2,"List":[{"Type":11,"SolrID":"/4700240928-truong-phu-thong-co-so-vu-muon","ID":0,"MaSoThue":"4700240928","NgayCap":"2013-02-22T00:00:00Z","Title":"TRườNG PHủ THôNG Cơ Sở Vũ MUộN","DiaChiCongTy":"Tân Lập - Xã Vũ Muộn - Huyện Bạch Thông - Bắc Cạn","Created":"2015-11-17T07:24:35Z","Updated":"2015-11-17T07:24:35Z","IsDelete":false,"RequestChanged":false,"ExitsInGDT":false,"SourceID":0,"TinhThanhID":0,"TinhThanhTitle":"Bắc Cạn","TinhThanhTitleAscii":"/bac-can","QuanHuyenID":0,"NganhNgheTitle":"Giáo dục trung học cơ sở và trung học phổ thông","NganhNgheTitleAscii":"/nganh-nghe/giao-duc-trung-hoc-co-so-va-trung-hoc-pho-thong","DSTags":["4700240928","Bắc Cạn",null]},{"Type":11,"SolrID":"/4700122089-ubnd-xa-vu-muon","ID":0,"MaSoThue":"4700122089","NgayCap":"1999-04-08T00:00:00Z","Title":"UBND xã Vũ Muộn","DiaChiCongTy":"UBND xã Vũ Muộn - Huyện Bạch Thông - Bắc Cạn","Created":"2015-11-16T06:51:04Z","Updated":"2015-11-16T06:51:04Z","IsDelete":false,"RequestChanged":false,"ExitsInGDT":false,"SourceID":0,"TinhThanhID":0,"TinhThanhTitle":"Bắc Cạn","TinhThanhTitleAscii":"/bac-can","QuanHuyenID":0,"NganhNgheTitle":"Hoạt động dịch vụ tài chính khác chưa được phân vào đâu (trừ bảo hiểm và bảo hiểm xã hội)","NganhNgheTitleAscii":"/nganh-nghe/hoat-dong-dich-vu-tai-chinh-khac-chua-duoc-phan-vao-dau-tru-bao-hiem-va-bao-hiem-xa-hoi","DSTags":["4700122089","Bắc Cạn",null]}]}