{"ID":20210,"SolrID":"/bac-giang/thon-trung-dong/chua-ro","Title":"Chưa rõ","TinhThanhTitle":"Bắc Giang","QuanHuyenTitle":"Thôn Trung Đồng","QuanHuyenID":849,"TinhThanhID":54,"Url":"https://thongtindoanhnghiep.co/api/company?l=/bac-giang/thon-trung-dong/chua-ro","Total":1,"List":[{"Type":11,"SolrID":"/2400397508-doanh-nghiep-tu-nhan-xang-dau-chung-dong","ID":0,"MaSoThue":"2400397508","NgayCap":"2008-03-21T00:00:00Z","Title":"Doanh Nghiệp Tư Nhân Xăng Dầu Chung Đồng","DiaChiCongTy":"Thôn Trung Đồng, Tỉnh Bắc Giang","Created":"2018-07-13T08:35:53Z","Updated":"2018-07-13T08:35:53Z","IsDelete":false,"RequestChanged":false,"ExitsInGDT":false,"SourceID":0,"TinhThanhID":0,"TinhThanhTitle":"Bắc Giang","TinhThanhTitleAscii":"/bac-giang","QuanHuyenID":0,"DSTags":["2400397508","Bắc Giang",null]}]}