{"ID":15271,"SolrID":"/an-giang/huyen-chau-thanh/khu-cong-nghiep-binh-hoa","Title":"Khu Công Nghiệp Bình Hòa","TinhThanhTitle":"An Giang","QuanHuyenTitle":"Huyện Châu Thành","QuanHuyenID":394,"TinhThanhID":35,"Url":"https://thongtindoanhnghiep.co/api/company?l=/an-giang/huyen-chau-thanh/khu-cong-nghiep-binh-hoa","Total":4,"List":[{"Type":11,"SolrID":"/1601931164-cong-ty-tnhh-mot-thanh-vien-nang-luong-thai-binh-duong-viet-nam","ID":0,"MaSoThue":"1601931164","NgayCap":"2014-06-30T00:00:00Z","Title":"Công ty TNHH Một Thành Viên Năng lượng Thái Bình Dương Việt Nam","DiaChiCongTy":"Lô 6 Khu công nghiệp Bình Hòa - Huyện Châu Thành - An Giang","Created":"2015-11-11T15:11:22Z","Updated":"2015-11-11T15:11:22Z","IsDelete":false,"RequestChanged":false,"ExitsInGDT":false,"SourceID":0,"TinhThanhID":0,"TinhThanhTitle":"An Giang","TinhThanhTitleAscii":"/an-giang","QuanHuyenID":0,"NganhNgheTitle":"Truyền tải và phân phối điện","NganhNgheTitleAscii":"/nganh-nghe/truyen-tai-va-phan-phoi-dien","DSTags":["1601931164","An Giang",null]},{"Type":11,"SolrID":"/1601925107-cong-ty-tnhh-an-giang-samho","ID":0,"MaSoThue":"1601925107","NgayCap":"2014-06-05T00:00:00Z","Title":"Công ty TNHH An Giang SAMHO","DiaChiCongTy":"Khu công nghiệp Bình Hòa - Huyện Châu Thành - An Giang","Created":"2015-11-11T15:29:09Z","Updated":"2015-11-11T15:29:09Z","IsDelete":false,"RequestChanged":false,"ExitsInGDT":false,"SourceID":0,"TinhThanhID":0,"TinhThanhTitle":"An Giang","TinhThanhTitleAscii":"/an-giang","QuanHuyenID":0,"NganhNgheTitle":"Sản xuất hàng may sẵn (trừ trang phục)","NganhNgheTitleAscii":"/nganh-nghe/san-xuat-hang-may-san-tru-trang-phuc","DSTags":["1601925107","An Giang",null]},{"Type":11,"SolrID":"/1601403069-cong-ty-cp-sao-viet-an-giang","ID":0,"MaSoThue":"1601403069","NgayCap":"2010-10-12T00:00:00Z","Title":"Công Ty CP Sao Việt An Giang","DiaChiCongTy":"Lô C1, C2, Quốc lộ 91, Khu Công Nghiệp Bình Hòa - Huyện Châu Thành - An Giang","Created":"2015-11-14T05:18:39Z","Updated":"2015-11-14T05:18:39Z","IsDelete":false,"RequestChanged":false,"ExitsInGDT":false,"SourceID":0,"TinhThanhID":0,"TinhThanhTitle":"An Giang","TinhThanhTitleAscii":"/an-giang","QuanHuyenID":0,"NganhNgheTitle":"Sản xuất giày dép","NganhNgheTitleAscii":"/nganh-nghe/san-xuat-giay-dep","DSTags":["1601403069","An Giang",null]},{"Type":11,"SolrID":"/1600949803-cong-ty-tnhh-sx-ruou-thuong-mai-bac-my","ID":0,"MaSoThue":"1600949803","NgayCap":"2008-03-21T00:00:00Z","Title":"Công ty TNHH SX Rượu Thương Mại Bắc Mỹ","DiaChiCongTy":"Lô C2, Khu Công nghiệp Bình Hoà - Huyện Châu Thành - An Giang","Created":"2015-11-13T22:39:29Z","Updated":"2015-11-13T22:39:29Z","IsDelete":false,"RequestChanged":false,"ExitsInGDT":false,"SourceID":0,"TinhThanhID":0,"TinhThanhTitle":"An Giang","TinhThanhTitleAscii":"/an-giang","QuanHuyenID":0,"NganhNgheTitle":"Bán buôn chuyên doanh khác","NganhNgheTitleAscii":"/nganh-nghe/ban-buon-chuyen-doanh-khac","DSTags":["1600949803","An Giang",null]}]}