{"ID":10405,"SolrID":"/an-giang/huyen-chau-thanh/xa-binh-thanh","Title":"Xã Bình Thạnh","TinhThanhTitle":"An Giang","QuanHuyenTitle":"Huyện Châu Thành","QuanHuyenID":394,"TinhThanhID":35,"Url":"https://thongtindoanhnghiep.co/api/company?l=/an-giang/huyen-chau-thanh/xa-binh-thanh","Total":14,"List":[{"Type":11,"SolrID":"/1602142652-cong-ty-tnhh-san-lap-ngan-tam","ID":0,"MaSoThue":"1602142652","NgayCap":"2021-03-09T00:00:00Z","Title":"Công Ty TNHH San Lấp Ngân Tâm","DiaChiCongTy":"Số 69, Ấp Thạnh Phú, Xã Bình Thạnh, Huyện Châu Thành, Tỉnh An Giang","Created":"2021-03-09T08:37:32Z","Updated":"2021-03-09T08:37:32Z","IsDelete":false,"RequestChanged":false,"ExitsInGDT":false,"SourceID":0,"TinhThanhID":0,"TinhThanhTitle":"An Giang","TinhThanhTitleAscii":"/an-giang","QuanHuyenID":0,"NganhNgheTitle":"Chuẩn bị mặt bằng","NganhNgheTitleAscii":"/nganh-nghe/chuan-bi-mat-bang","DSTags":["1602142652","An Giang",null]},{"Type":11,"SolrID":"/1602034103-cong-ty-tnhh-mot-thanh-vien-ngoc-liem-binh-hoa","ID":0,"MaSoThue":"1602034103","NgayCap":"2017-02-22T00:00:00Z","Title":"Công Ty TNHH Một Thành Viên Ngọc Liêm Bình Hòa","DiaChiCongTy":"Ấp Tân Phú B2, Xã Bình Thạnh, Huyện Châu Thành, Tỉnh An Giang","Created":"2017-02-22T17:08:36Z","Updated":"2017-02-22T17:08:36Z","IsDelete":false,"RequestChanged":false,"ExitsInGDT":false,"SourceID":0,"TinhThanhID":0,"TinhThanhTitle":"An Giang","TinhThanhTitleAscii":"/an-giang","QuanHuyenID":0,"NganhNgheTitle":"Bán buôn nhiên liệu rắn, lỏng, khí và các sản phẩm liên quan","NganhNgheTitleAscii":"/nganh-nghe/ban-buon-nhien-lieu-ran-long-khi-va-cac-san-pham-lien-quan","DSTags":["1602034103","An Giang",null]},{"Type":11,"SolrID":"/1602022531-doanh-nghiep-tn-khai-thac-cho-trung-hung","ID":0,"MaSoThue":"1602022531","NgayCap":"2016-10-31T00:00:00Z","Title":"Doanh Nghiệp Tn Khai Thác Chợ Trung Hưng","DiaChiCongTy":"ấp Thạnh Nhơn, Tổ 6 - Xã Bình Thạnh - Huyện Châu Thành - An Giang","Created":"2016-11-04T08:14:49Z","Updated":"2016-11-04T08:14:49Z","IsDelete":false,"RequestChanged":false,"ExitsInGDT":false,"SourceID":0,"TinhThanhID":0,"TinhThanhTitle":"An Giang","TinhThanhTitleAscii":"/an-giang","QuanHuyenID":0,"NganhNgheTitle":"Hoạt động dịch vụ hỗ trợ kinh doanh khác còn lại chưa được phân vào đâu","NganhNgheTitleAscii":"/nganh-nghe/hoat-dong-dich-vu-ho-tro-kinh-doanh-khac-con-lai-chua-duoc-phan-vao-dau","DSTags":["1602022531","An Giang",null]},{"Type":11,"SolrID":"/1601998923-cong-ty-tnhh-mot-thanh-vien-ngoc-nguyen-binh-hoa","ID":0,"MaSoThue":"1601998923","NgayCap":"2016-01-19T00:00:00Z","Title":"Công Ty TNHH Một Thành Viên Ngọc Nguyên Bình Hòa","DiaChiCongTy":"ấp Thạnh Nhơn - Xã Bình Thạnh - Huyện Châu Thành - An Giang","Created":"2016-01-21T11:50:01Z","Updated":"2016-01-21T11:50:01Z","IsDelete":false,"RequestChanged":false,"ExitsInGDT":false,"SourceID":0,"TinhThanhID":0,"TinhThanhTitle":"An Giang","TinhThanhTitleAscii":"/an-giang","QuanHuyenID":0,"NganhNgheTitle":"Bán buôn nhiên liệu rắn, lỏng, khí và các sản phẩm liên quan","NganhNgheTitleAscii":"/nganh-nghe/ban-buon-nhien-lieu-ran-long-khi-va-cac-san-pham-lien-quan","DSTags":["1601998923","An Giang",null]},{"Type":11,"SolrID":"/1601926414-cong-ty-tnhh-mot-thanh-vien-new-horizon-viet-nam","ID":0,"MaSoThue":"1601926414","NgayCap":"2014-06-11T00:00:00Z","Title":"Công ty TNHH Một Thành Viên NEW HORIZON VIệT NAM","DiaChiCongTy":"ấp Thạnh Phú - Xã Bình Thạnh - Huyện Châu Thành - An Giang","Created":"2015-11-11T15:22:21Z","Updated":"2015-11-11T15:22:21Z","IsDelete":false,"RequestChanged":false,"ExitsInGDT":false,"SourceID":0,"TinhThanhID":0,"TinhThanhTitle":"An Giang","TinhThanhTitleAscii":"/an-giang","QuanHuyenID":0,"NganhNgheTitle":"Bán buôn thủy sản","NganhNgheTitleAscii":"/nganh-nghe/ban-buon-thuy-san","DSTags":["1601926414","An Giang",null]},{"Type":11,"SolrID":"/1601910083-doanh-nghiep-tn-xang-dau-huynh-diem","ID":0,"MaSoThue":"1601910083","NgayCap":"2014-02-14T00:00:00Z","Title":"Doanh Nghiệp TN Xăng Dầu Huỳnh Diễm","DiaChiCongTy":"Xà lan số AG-10761, ấp Thạnh Nhơn - Xã Bình Thạnh - Huyện Châu Thành - An Giang","Created":"2015-11-09T18:06:40Z","Updated":"2015-11-09T18:06:40Z","IsDelete":false,"RequestChanged":false,"ExitsInGDT":false,"SourceID":0,"TinhThanhID":0,"TinhThanhTitle":"An Giang","TinhThanhTitleAscii":"/an-giang","QuanHuyenID":0,"NganhNgheTitle":"Bán buôn nhiên liệu rắn, lỏng, khí và các sản phẩm liên quan","NganhNgheTitleAscii":"/nganh-nghe/ban-buon-nhien-lieu-ran-long-khi-va-cac-san-pham-lien-quan","DSTags":["1601910083","An Giang",null]},{"Type":11,"SolrID":"/1601658740-doanh-nghiep-tn-hung-son-nhung","ID":0,"MaSoThue":"1601658740","NgayCap":"2012-02-20T00:00:00Z","Title":"Doanh Nghiệp TN Hùng Sơn Nhung","DiaChiCongTy":"Xà lan AG-10761-H, ấp Thạnh Nhơn - Xã Bình Thạnh - Huyện Châu Thành - An Giang","Created":"2015-11-09T18:04:11Z","Updated":"2015-11-09T18:04:11Z","IsDelete":false,"RequestChanged":false,"ExitsInGDT":false,"SourceID":0,"TinhThanhID":0,"TinhThanhTitle":"An Giang","TinhThanhTitleAscii":"/an-giang","QuanHuyenID":0,"NganhNgheTitle":"Bán buôn nhiên liệu rắn, lỏng, khí và các sản phẩm liên quan","NganhNgheTitleAscii":"/nganh-nghe/ban-buon-nhien-lieu-ran-long-khi-va-cac-san-pham-lien-quan","DSTags":["1601658740","An Giang",null]},{"Type":11,"SolrID":"/1601604625-cong-ty-tnhh-mot-thanh-vien-loc-phat-thanh","ID":0,"MaSoThue":"1601604625","NgayCap":"2011-11-24T00:00:00Z","Title":"Công Ty TNHH Một Thành Viên Lộc Phát Thành","DiaChiCongTy":"ấp Thạnh Phú - Xã Bình Thạnh - Huyện Châu Thành - An Giang","Created":"2015-11-10T01:37:35Z","Updated":"2015-11-10T01:37:35Z","IsDelete":false,"RequestChanged":false,"ExitsInGDT":false,"SourceID":0,"TinhThanhID":0,"TinhThanhTitle":"An Giang","TinhThanhTitleAscii":"/an-giang","QuanHuyenID":0,"NganhNgheTitle":"Hoạt động kiến trúc và tư vấn kỹ thuật có liên quan","NganhNgheTitleAscii":"/nganh-nghe/hoat-dong-kien-truc-va-tu-van-ky-thuat-co-lien-quan","DSTags":["1601604625","An Giang",null]},{"Type":11,"SolrID":"/1600448412-001-chi-nhanh-hung-son-i","ID":0,"MaSoThue":"1600448412-001","NgayCap":"2009-12-23T00:00:00Z","Title":"Chi Nhánh Hùng Sơn I","DiaChiCongTy":"Xà Lan AG-10761-H, ấp Thạnh Nhơn - Xã Bình Thạnh - Huyện Châu Thành - An Giang","Created":"2015-11-09T02:33:11Z","Updated":"2015-11-09T02:33:11Z","IsDelete":false,"RequestChanged":false,"ExitsInGDT":false,"SourceID":0,"TinhThanhID":0,"TinhThanhTitle":"An Giang","TinhThanhTitleAscii":"/an-giang","QuanHuyenID":0,"NganhNgheTitle":"Bán buôn nhiên liệu rắn, lỏng, khí và các sản phẩm liên quan","NganhNgheTitleAscii":"/nganh-nghe/ban-buon-nhien-lieu-ran-long-khi-va-cac-san-pham-lien-quan","DSTags":["1600448412-001","An Giang",null]},{"Type":11,"SolrID":"/1601129296-doanh-nghiep-tn-thuong-mai-va-dich-vu-to-sang","ID":0,"MaSoThue":"1601129296","NgayCap":"2009-05-19T00:00:00Z","Title":"Doanh Nghiệp TN Thương Mại Và Dịch Vụ Tô Sáng","DiaChiCongTy":"ấp Thạnh Nhơn - Xã Bình Thạnh - Huyện Châu Thành - An Giang","Created":"2015-11-11T06:47:10Z","Updated":"2015-11-11T06:47:10Z","IsDelete":false,"RequestChanged":false,"ExitsInGDT":false,"SourceID":0,"TinhThanhID":0,"TinhThanhTitle":"An Giang","TinhThanhTitleAscii":"/an-giang","QuanHuyenID":0,"NganhNgheTitle":"Chuẩn bị mặt bằng","NganhNgheTitleAscii":"/nganh-nghe/chuan-bi-mat-bang","DSTags":["1601129296","An Giang",null]},{"Type":11,"SolrID":"/1600691696-truong-trung-hoc-co-so-binh-thanh","ID":0,"MaSoThue":"1600691696","NgayCap":"2004-04-14T00:00:00Z","Title":"Trường Trung học cơ sở Bình Thạnh","DiaChiCongTy":"ấp Thạnh Nhơn, xã Bình Thạnh - Huyện Châu Thành - An Giang","Created":"2015-11-16T16:03:57Z","Updated":"2015-11-16T16:03:57Z","IsDelete":false,"RequestChanged":false,"ExitsInGDT":false,"SourceID":0,"TinhThanhID":0,"TinhThanhTitle":"An Giang","TinhThanhTitleAscii":"/an-giang","QuanHuyenID":0,"NganhNgheTitle":"Giáo dục trung học cơ sở và trung học phổ thông","NganhNgheTitleAscii":"/nganh-nghe/giao-duc-trung-hoc-co-so-va-trung-hoc-pho-thong","DSTags":["1600691696","An Giang",null]},{"Type":11,"SolrID":"/1600380651-012-truong-tieu-hoc-a-binh-thanh","ID":0,"MaSoThue":"1600380651-012","NgayCap":"1999-02-23T00:00:00Z","Title":"Trường Tiểu học \"A\" Bình Thạnh","DiaChiCongTy":"ấp Thạnh Hòa, xã Bình Thạnh - Huyện Châu Thành - An Giang","Created":"2015-11-17T19:51:26Z","Updated":"2015-11-17T19:51:26Z","IsDelete":false,"RequestChanged":false,"ExitsInGDT":false,"SourceID":0,"TinhThanhID":0,"TinhThanhTitle":"An Giang","TinhThanhTitleAscii":"/an-giang","QuanHuyenID":0,"NganhNgheTitle":"Giáo dục tiểu học","NganhNgheTitleAscii":"/nganh-nghe/giao-duc-tieu-hoc","DSTags":["1600380651-012","An Giang",null]},{"Type":11,"SolrID":"/1600380651-013-truong-tieu-hoc-b-binh-thanh","ID":0,"MaSoThue":"1600380651-013","NgayCap":"1999-02-23T00:00:00Z","Title":"Trường Tiểu học \"B\"  Bình Thạnh","DiaChiCongTy":"ấp Thạnh Phú, xã Bình Thạnh - Huyện Châu Thành - An Giang","Created":"2015-11-17T19:51:27Z","Updated":"2015-11-17T19:51:27Z","IsDelete":false,"RequestChanged":false,"ExitsInGDT":false,"SourceID":0,"TinhThanhID":0,"TinhThanhTitle":"An Giang","TinhThanhTitleAscii":"/an-giang","QuanHuyenID":0,"NganhNgheTitle":"Giáo dục tiểu học","NganhNgheTitleAscii":"/nganh-nghe/giao-duc-tieu-hoc","DSTags":["1600380651-013","An Giang",null]},{"Type":11,"SolrID":"/1600375348-ubnd-xa-binh-thanh","ID":0,"MaSoThue":"1600375348","NgayCap":"1998-11-30T00:00:00Z","Title":"UBND xã Bình Thạnh","DiaChiCongTy":"ấp Thạnh Hòa-Xã Bình Thạnh - Huyện Châu Thành - An Giang","Created":"2015-11-14T17:12:15Z","Updated":"2015-11-14T17:12:15Z","IsDelete":false,"RequestChanged":false,"ExitsInGDT":false,"SourceID":0,"TinhThanhID":0,"TinhThanhTitle":"An Giang","TinhThanhTitleAscii":"/an-giang","QuanHuyenID":0,"NganhNgheTitle":"Hoạt động quản lý nhà nước nói chung và kinh tế tổng hợp","NganhNgheTitleAscii":"/nganh-nghe/hoat-dong-quan-ly-nha-nuoc-noi-chung-va-kinh-te-tong-hop","DSTags":["1600375348","An Giang",null]}]}