{"ID":16126,"SolrID":"/an-giang/huyen-chau-thanh/xa-binh-hoa-huyen-chau-thanh","Title":"Xã Bình Hoà Huyện Châu Thành","TinhThanhTitle":"An Giang","QuanHuyenTitle":"Huyện Châu Thành","QuanHuyenID":394,"TinhThanhID":35,"Url":"https://thongtindoanhnghiep.co/api/company?l=/an-giang/huyen-chau-thanh/xa-binh-hoa-huyen-chau-thanh","Total":1,"List":[{"Type":11,"SolrID":"/1600167411-cong-ty-tnhh-mien-tay","ID":0,"MaSoThue":"1600167411","NgayCap":"1998-09-18T00:00:00Z","Title":"Công Ty TNHH Miền Tây","DiaChiCongTy":"Tổ ấp Bình Phú Xã Bình Hoà Huyện Châu Thành - Huyện Châu Thành - An Giang","Created":"2015-11-12T06:12:42Z","Updated":"2015-11-12T06:12:42Z","IsDelete":false,"RequestChanged":false,"ExitsInGDT":false,"SourceID":0,"TinhThanhID":0,"TinhThanhTitle":"An Giang","TinhThanhTitleAscii":"/an-giang","QuanHuyenID":0,"NganhNgheTitle":"Bán buôn nông, lâm sản nguyên liệu (trừ gỗ, tre, nứa) và động vật sống","NganhNgheTitleAscii":"/nganh-nghe/ban-buon-nong-lam-san-nguyen-lieu-tru-go-tre-nua-va-dong-vat-song","DSTags":["1600167411","An Giang",null]}]}