{"ID":1195,"SolrID":"/an-giang/huyen-chau-thanh/xa-binh-hoa","Title":"Xã Bình Hòa","TinhThanhTitle":"An Giang","QuanHuyenTitle":"Huyện Châu Thành","QuanHuyenID":394,"TinhThanhID":35,"Url":"https://thongtindoanhnghiep.co/api/company?l=/an-giang/huyen-chau-thanh/xa-binh-hoa","Total":130,"List":[{"Type":11,"SolrID":"/1602150050-cong-ty-tnhh-mot-thanh-vien-hd-oil","ID":0,"MaSoThue":"1602150050","NgayCap":"2021-08-16T00:00:00Z","Title":"Công Ty TNHH Một Thành Viên Hd Oil","DiaChiCongTy":"Tổ 35, Ấp Phú Hòa 2, Xã Bình Hòa, Huyện Châu Thành, Tỉnh An Giang","Created":"2021-08-16T16:36:20Z","Updated":"2021-08-16T16:36:20Z","IsDelete":false,"RequestChanged":false,"ExitsInGDT":false,"SourceID":0,"TinhThanhID":0,"TinhThanhTitle":"An Giang","TinhThanhTitleAscii":"/an-giang","QuanHuyenID":0,"NganhNgheTitle":"Bán buôn nhiên liệu rắn, lỏng, khí và các sản phẩm liên quan","NganhNgheTitleAscii":"/nganh-nghe/ban-buon-nhien-lieu-ran-long-khi-va-cac-san-pham-lien-quan","DSTags":["1602150050","An Giang",null]},{"Type":11,"SolrID":"/1602149390-cong-ty-tnhh-mtv-xay-dung-va-trang-tri-noi-that-tpl","ID":0,"MaSoThue":"1602149390","NgayCap":"2021-07-02T00:00:00Z","Title":"Công Ty TNHH Mtv Xây Dựng Và Trang Trí Nội Thất Tpl","DiaChiCongTy":"Lô 18-5, Đường số 14, Khu Nhà Ở Xã Hội, Xã Bình Hòa, Huyện Châu Thành, Tỉnh An Giang","Created":"2021-07-02T14:35:47Z","Updated":"2021-07-02T14:35:47Z","IsDelete":false,"RequestChanged":false,"ExitsInGDT":false,"SourceID":0,"TinhThanhID":0,"TinhThanhTitle":"An Giang","TinhThanhTitleAscii":"/an-giang","QuanHuyenID":0,"NganhNgheTitle":"Hoàn thiện công trình xây dựng","NganhNgheTitleAscii":"/nganh-nghe/hoan-thien-cong-trinh-xay-dung","DSTags":["1602149390","An Giang",null]},{"Type":11,"SolrID":"/1602149263-cong-ty-tnhh-mot-thanh-vien-xang-dau-dong-phat","ID":0,"MaSoThue":"1602149263","NgayCap":"2021-06-28T00:00:00Z","Title":"Công Ty TNHH Một Thành Viên Xăng Dầu Đồng Phát","DiaChiCongTy":"Ấp Phú Hòa 2, Xã Bình Hòa, Huyện Châu Thành, Tỉnh An Giang","Created":"2021-06-28T08:36:08Z","Updated":"2021-06-28T08:36:08Z","IsDelete":false,"RequestChanged":false,"ExitsInGDT":false,"SourceID":0,"TinhThanhID":0,"TinhThanhTitle":"An Giang","TinhThanhTitleAscii":"/an-giang","QuanHuyenID":0,"NganhNgheTitle":"Bán buôn nhiên liệu rắn, lỏng, khí và các sản phẩm liên quan","NganhNgheTitleAscii":"/nganh-nghe/ban-buon-nhien-lieu-ran-long-khi-va-cac-san-pham-lien-quan","DSTags":["1602149263","An Giang",null]},{"Type":11,"SolrID":"/1602148710-cong-ty-tnhh-xuat-nhap-khau-vina-thai-binh-duong-an-giang","ID":0,"MaSoThue":"1602148710","NgayCap":"2021-06-12T00:00:00Z","Title":"Công Ty TNHH Xuất Nhập Khẩu Vina Thái Bình Dương - An Giang","DiaChiCongTy":"L4-7 KDC Bình Hoà, Xã Bình Hòa, Huyện Châu Thành, Tỉnh An Giang","Created":"2021-06-12T15:10:28Z","Updated":"2021-06-12T15:10:28Z","IsDelete":false,"RequestChanged":false,"ExitsInGDT":false,"SourceID":0,"TinhThanhID":0,"TinhThanhTitle":"An Giang","TinhThanhTitleAscii":"/an-giang","QuanHuyenID":0,"NganhNgheTitle":"Hoạt động dịch vụ hỗ trợ kinh doanh khác còn lại chưa được phân vào đâu","NganhNgheTitleAscii":"/nganh-nghe/hoat-dong-dich-vu-ho-tro-kinh-doanh-khac-con-lai-chua-duoc-phan-vao-dau","DSTags":["1602148710","An Giang",null]},{"Type":11,"SolrID":"/1602147474-cong-ty-tnhh-cong-nghe-may-mac-spectre-an-giang-viet-nam","ID":0,"MaSoThue":"1602147474","NgayCap":"2021-05-19T00:00:00Z","Title":"Công Ty TNHH Công Nghệ May Mặc Spectre An Giang Việt Nam","DiaChiCongTy":"Lô C6, Khu Công Nghiệp Bình Hòa, Xã Bình Hòa, Huyện Châu Thành, Tỉnh An Giang","Created":"2021-05-19T14:43:57Z","Updated":"2021-05-19T14:43:57Z","IsDelete":false,"RequestChanged":false,"ExitsInGDT":false,"SourceID":0,"TinhThanhID":0,"TinhThanhTitle":"An Giang","TinhThanhTitleAscii":"/an-giang","QuanHuyenID":0,"NganhNgheTitle":"May trang phục (trừ trang phục từ da lông thú)","NganhNgheTitleAscii":"/nganh-nghe/may-trang-phuc-tru-trang-phuc-tu-da-long-thu","DSTags":["1602147474","An Giang",null]},{"Type":11,"SolrID":"/1602144032-cong-ty-tnhh-mot-thanh-vien-xay-dung-thang-loi-long-xuyen","ID":0,"MaSoThue":"1602144032","NgayCap":"2021-03-23T00:00:00Z","Title":"Công Ty TNHH Một Thành Viên Xây Dựng Thắng Lợi Long Xuyên","DiaChiCongTy":"Tổ 17 Ấp Bình Phú 2, Xã Bình Hòa, Huyện Châu Thành, Tỉnh An Giang","Created":"2021-03-23T08:39:08Z","Updated":"2021-03-23T08:39:08Z","IsDelete":false,"RequestChanged":false,"ExitsInGDT":false,"SourceID":0,"TinhThanhID":0,"TinhThanhTitle":"An Giang","TinhThanhTitleAscii":"/an-giang","QuanHuyenID":0,"DSTags":["1602144032","An Giang",null]},{"Type":11,"SolrID":"/1602143261-cong-ty-tnhh-mot-thanh-vien-dich-vu-bao-ve-nga-an-khang","ID":0,"MaSoThue":"1602143261","NgayCap":"2021-03-13T00:00:00Z","Title":"Công Ty TNHH Một Thành Viên Dịch Vụ Bảo Vệ Nga An Khang.","DiaChiCongTy":"Ấp Phú Hòa 2, Xã Bình Hòa, Huyện Châu Thành, Tỉnh An Giang","Created":"2021-03-13T11:35:43Z","Updated":"2021-03-13T11:35:43Z","IsDelete":false,"RequestChanged":false,"ExitsInGDT":false,"SourceID":0,"TinhThanhID":0,"TinhThanhTitle":"An Giang","TinhThanhTitleAscii":"/an-giang","QuanHuyenID":0,"NganhNgheTitle":"Hoạt động bảo vệ cá nhân","NganhNgheTitleAscii":"/nganh-nghe/hoat-dong-bao-ve-ca-nhan","DSTags":["1602143261","An Giang",null]},{"Type":11,"SolrID":"/1602141793-cong-ty-tnhh-mot-thanh-vien-golden-paddy","ID":0,"MaSoThue":"1602141793","NgayCap":"2021-02-26T00:00:00Z","Title":"Công Ty TNHH Một Thành Viên Golden Paddy","DiaChiCongTy":"Ấp Phú Hòa 2, Xã Bình Hòa, Huyện Châu Thành, Tỉnh An Giang","Created":"2021-02-26T10:36:07Z","Updated":"2021-02-26T10:36:07Z","IsDelete":false,"RequestChanged":false,"ExitsInGDT":false,"SourceID":0,"TinhThanhID":0,"TinhThanhTitle":"An Giang","TinhThanhTitleAscii":"/an-giang","QuanHuyenID":0,"NganhNgheTitle":"Khai khoáng khác chưa được phân vào đâu","NganhNgheTitleAscii":"/nganh-nghe/khai-khoang-khac-chua-duoc-phan-vao-dau-10612","DSTags":["1602141793","An Giang",null]},{"Type":11,"SolrID":"/1602140302-cong-ty-co-phan-mastereal-an-giang","ID":0,"MaSoThue":"1602140302","NgayCap":"2021-02-03T00:00:00Z","Title":"Công Ty Cổ Phần Mastereal An Giang","DiaChiCongTy":"ấp Bình Phú 2, Xã Bình Hòa, Huyện Châu Thành, Tỉnh An Giang","Created":"2021-02-03T09:36:31Z","Updated":"2021-02-03T09:36:31Z","IsDelete":false,"RequestChanged":false,"ExitsInGDT":false,"SourceID":0,"TinhThanhID":0,"TinhThanhTitle":"An Giang","TinhThanhTitleAscii":"/an-giang","QuanHuyenID":0,"NganhNgheTitle":"Kinh doanh bất động sản, quyền sử dụng đất thuộc chủ sở hữu, chủ sử dụng hoặc đi thuê","NganhNgheTitleAscii":"/nganh-nghe/kinh-doanh-bat-dong-san-quyen-su-dung-dat-thuoc-chu-so-huu-chu-su-dung-hoac-di-thue","DSTags":["1602140302","An Giang",null]},{"Type":11,"SolrID":"/1602137765-cong-ty-tnhh-mot-thanh-vien-tuyet-bao-ngoc","ID":0,"MaSoThue":"1602137765","NgayCap":"2020-12-29T00:00:00Z","Title":"Công Ty TNHH Một Thành Viên Tuyết Bảo Ngọc","DiaChiCongTy":"Tổ 16, Ấp Phú An 2, Xã Bình Hòa, Huyện Châu Thành, Tỉnh An Giang","Created":"2020-12-29T14:38:05Z","Updated":"2020-12-29T14:38:05Z","IsDelete":false,"RequestChanged":false,"ExitsInGDT":false,"SourceID":0,"TinhThanhID":0,"TinhThanhTitle":"An Giang","TinhThanhTitleAscii":"/an-giang","QuanHuyenID":0,"NganhNgheTitle":"Giáo dục khác chưa được phân vào đâu","NganhNgheTitleAscii":"/nganh-nghe/giao-duc-khac-chua-duoc-phan-vao-dau","DSTags":["1602137765","An Giang",null]},{"Type":11,"SolrID":"/1602116405-cong-ty-tnhh-tu-quy-ag","ID":0,"MaSoThue":"1602116405","NgayCap":"2020-01-09T00:00:00Z","Title":"Công Ty TNHH Tứ Quý Ag","DiaChiCongTy":"Tổ 35, Ấp Phú Hòa 2, Xã Bình Hòa, Huyện Châu Thành, Tỉnh An Giang","Created":"2020-01-09T16:35:43Z","Updated":"2020-12-26T16:20:24Z","IsDelete":false,"RequestChanged":false,"ExitsInGDT":false,"SourceID":0,"TinhThanhID":0,"TinhThanhTitle":"An Giang","TinhThanhTitleAscii":"/an-giang","QuanHuyenID":0,"DSTags":["1602116405","An Giang",null]},{"Type":11,"SolrID":"/1602085073-cong-ty-tnhh-mot-thanh-vien-san-xuat-giong-nong-phat","ID":0,"MaSoThue":"1602085073","NgayCap":"2018-11-06T00:00:00Z","Title":"Công Ty TNHH Một Thành Viên Sản Xuất Giống Nông Phát","DiaChiCongTy":"Ấp Bình An 2, Xã Bình Hòa, Huyện Châu Thành, Tỉnh An Giang","Created":"2018-11-06T18:39:49Z","Updated":"2018-11-06T18:39:49Z","IsDelete":false,"RequestChanged":false,"ExitsInGDT":false,"SourceID":0,"TinhThanhID":0,"TinhThanhTitle":"An Giang","TinhThanhTitleAscii":"/an-giang","QuanHuyenID":0,"NganhNgheTitle":"Bán buôn nông, lâm sản nguyên liệu (trừ gỗ, tre, nứa) và động vật sống","NganhNgheTitleAscii":"/nganh-nghe/ban-buon-nong-lam-san-nguyen-lieu-tru-go-tre-nua-va-dong-vat-song","DSTags":["1602085073","An Giang",null]},{"Type":11,"SolrID":"/1602082241-cong-ty-tnhh-thuong-mai-san-xuat-xuat-nhap-khau-dinh-gia-phat","ID":0,"MaSoThue":"1602082241","NgayCap":"2018-10-04T00:00:00Z","Title":"Công Ty TNHH Thương Mại Sản Xuất Xuất Nhập Khẩu Đinh Gia Phát","DiaChiCongTy":"Số 673, Ấp Bình Phú 2, Xã Bình Hòa, Huyện Châu Thành, Tỉnh An Giang","Created":"2018-10-04T08:04:14Z","Updated":"2018-10-04T08:04:14Z","IsDelete":false,"RequestChanged":false,"ExitsInGDT":false,"SourceID":0,"TinhThanhID":0,"TinhThanhTitle":"An Giang","TinhThanhTitleAscii":"/an-giang","QuanHuyenID":0,"NganhNgheTitle":"Sản xuất thuốc trừ sâu và sản phẩm hoá chất khác dùng trong nông nghiệp","NganhNgheTitleAscii":"/nganh-nghe/san-xuat-thuoc-tru-sau-va-san-pham-hoa-chat-khac-dung-trong-nong-nghiep","DSTags":["1602082241","An Giang",null]},{"Type":11,"SolrID":"/1602077435-cong-ty-tnhh-mot-thanh-vien-trafram","ID":0,"MaSoThue":"1602077435","NgayCap":"2018-07-28T00:00:00Z","Title":"Công Ty TNHH Một Thành Viên Trafram","DiaChiCongTy":"Ấp Bình Phú 1, Xã Bình Hòa, Huyện Châu Thành, Tỉnh An Giang","Created":"2018-07-28T10:13:52Z","Updated":"2018-07-28T10:13:52Z","IsDelete":false,"RequestChanged":false,"ExitsInGDT":false,"SourceID":0,"TinhThanhID":0,"TinhThanhTitle":"An Giang","TinhThanhTitleAscii":"/an-giang","QuanHuyenID":0,"NganhNgheTitle":"Bán buôn gạo","NganhNgheTitleAscii":"/nganh-nghe/ban-buon-gao","DSTags":["1602077435","An Giang",null]},{"Type":11,"SolrID":"/1602073889-cong-ty-tnhh-mot-thanh-vien-pa-envi","ID":0,"MaSoThue":"1602073889","NgayCap":"2018-06-08T00:00:00Z","Title":"Công Ty TNHH Một Thành Viên Pa Envi","DiaChiCongTy":"Số 2835/13H, Tổ 18, Ấp Phú Hòa 1 , Xã Bình Hòa, Huyện Châu Thành, Tỉnh An Giang","Created":"2018-06-08T08:04:20Z","Updated":"2018-06-08T08:04:20Z","IsDelete":false,"RequestChanged":false,"ExitsInGDT":false,"SourceID":0,"TinhThanhID":0,"TinhThanhTitle":"An Giang","TinhThanhTitleAscii":"/an-giang","QuanHuyenID":0,"NganhNgheTitle":"Bán buôn chuyên doanh khác chưa được phân vào đâu","NganhNgheTitleAscii":"/nganh-nghe/ban-buon-chuyen-doanh-khac-chua-duoc-phan-vao-dau","DSTags":["1602073889","An Giang",null]},{"Type":11,"SolrID":"/1602073783-cong-ty-tnhh-mot-thanh-vien-vat-lieu-xay-dung-hoang-tuyet","ID":0,"MaSoThue":"1602073783","NgayCap":"2018-06-06T00:00:00Z","Title":"Công Ty TNHH Một Thành Viên Vật Liệu Xây Dựng Hoàng Tuyết","DiaChiCongTy":"QL 91, Ấp Bình Phú 2, Xã Bình Hòa, Huyện Châu Thành, Tỉnh An Giang","Created":"2018-06-06T16:04:53Z","Updated":"2018-06-06T16:04:53Z","IsDelete":false,"RequestChanged":false,"ExitsInGDT":false,"SourceID":0,"TinhThanhID":0,"TinhThanhTitle":"An Giang","TinhThanhTitleAscii":"/an-giang","QuanHuyenID":0,"NganhNgheTitle":"Bán buôn vật liệu, thiết bị lắp đặt khác trong xây dựng","NganhNgheTitleAscii":"/nganh-nghe/ban-buon-vat-lieu-thiet-bi-lap-dat-khac-trong-xay-dung","DSTags":["1602073783","An Giang",null]},{"Type":11,"SolrID":"/1602071786-cong-ty-tnhh-thuan-thien-group","ID":0,"MaSoThue":"1602071786","NgayCap":"2018-05-11T00:00:00Z","Title":"Công Ty TNHH Thuận Thiên Group","DiaChiCongTy":"Ấp Phú Hòa 1, Xã Bình Hòa, Huyện Châu Thành, Tỉnh An Giang","Created":"2018-05-11T16:35:50Z","Updated":"2018-05-11T16:35:50Z","IsDelete":false,"RequestChanged":false,"ExitsInGDT":false,"SourceID":0,"TinhThanhID":0,"TinhThanhTitle":"An Giang","TinhThanhTitleAscii":"/an-giang","QuanHuyenID":0,"NganhNgheTitle":"Bán buôn vật liệu, thiết bị lắp đặt khác trong xây dựng","NganhNgheTitleAscii":"/nganh-nghe/ban-buon-vat-lieu-thiet-bi-lap-dat-khac-trong-xay-dung","DSTags":["1602071786","An Giang",null]},{"Type":11,"SolrID":"/1602067412-cong-ty-tnhh-mot-thanh-vien-nem-khanh-huy","ID":0,"MaSoThue":"1602067412","NgayCap":"2018-03-28T00:00:00Z","Title":"Công Ty TNHH Một Thành Viên Nệm Khánh Huy","DiaChiCongTy":"Ấp Phú Hòa 1, Xã Bình Hòa, Huyện Châu Thành, Tỉnh An Giang","Created":"2018-03-28T16:05:26Z","Updated":"2018-03-28T16:05:26Z","IsDelete":false,"RequestChanged":false,"ExitsInGDT":false,"SourceID":0,"TinhThanhID":0,"TinhThanhTitle":"An Giang","TinhThanhTitleAscii":"/an-giang","QuanHuyenID":0,"NganhNgheTitle":"Sản xuất sản phẩm khác từ cao su","NganhNgheTitleAscii":"/nganh-nghe/san-xuat-san-pham-khac-tu-cao-su","DSTags":["1602067412","An Giang",null]},{"Type":11,"SolrID":"/1602067155-cong-ty-tnhh-vat-tu-nong-nghiep-duc-ha","ID":0,"MaSoThue":"1602067155","NgayCap":"2018-03-23T00:00:00Z","Title":"Công Ty TNHH Vật Tư Nông Nghiệp Đức Hà","DiaChiCongTy":"Số 742, Tổ 36, Ấp Bình Phú 1, Xã Bình Hòa, Huyện Châu Thành, Tỉnh An Giang","Created":"2018-03-23T15:05:50Z","Updated":"2018-03-23T15:05:50Z","IsDelete":false,"RequestChanged":false,"ExitsInGDT":false,"SourceID":0,"TinhThanhID":0,"TinhThanhTitle":"An Giang","TinhThanhTitleAscii":"/an-giang","QuanHuyenID":0,"NganhNgheTitle":"Bán buôn chuyên doanh khác chưa được phân vào đâu","NganhNgheTitleAscii":"/nganh-nghe/ban-buon-chuyen-doanh-khac-chua-duoc-phan-vao-dau","DSTags":["1602067155","An Giang",null]},{"Type":11,"SolrID":"/1602065006-cong-ty-tnhh-che-bien-luong-thuc-phu-hoa-chau-thanh","ID":0,"MaSoThue":"1602065006","NgayCap":"2018-03-08T00:00:00Z","Title":"Công Ty TNHH Chế Biến Lương Thực Phú Hòa Châu Thành","DiaChiCongTy":"Ấp Phú Hòa 2, Xã Bình Hòa, Huyện Châu Thành, Tỉnh An Giang","Created":"2018-03-08T14:26:30Z","Updated":"2018-03-08T14:26:30Z","IsDelete":false,"RequestChanged":false,"ExitsInGDT":false,"SourceID":0,"TinhThanhID":0,"TinhThanhTitle":"An Giang","TinhThanhTitleAscii":"/an-giang","QuanHuyenID":0,"NganhNgheTitle":"Bán buôn đồ uống","NganhNgheTitleAscii":"/nganh-nghe/ban-buon-do-uong","DSTags":["1602065006","An Giang",null]},{"Type":11,"SolrID":"/1602065013-cong-ty-tnhh-che-bien-luong-thuc-binh-hoa","ID":0,"MaSoThue":"1602065013","NgayCap":"2018-03-08T00:00:00Z","Title":"Công Ty TNHH Chế Biến Lương Thực Bình Hòa","DiaChiCongTy":"Ấp Phú Hòa, Xã Bình Hòa, Huyện Châu Thành, Tỉnh An Giang","Created":"2018-03-08T14:27:41Z","Updated":"2018-03-08T14:27:41Z","IsDelete":false,"RequestChanged":false,"ExitsInGDT":false,"SourceID":0,"TinhThanhID":0,"TinhThanhTitle":"An Giang","TinhThanhTitleAscii":"/an-giang","QuanHuyenID":0,"NganhNgheTitle":"Bán buôn nhiên liệu rắn, lỏng, khí và các sản phẩm liên quan","NganhNgheTitleAscii":"/nganh-nghe/ban-buon-nhien-lieu-ran-long-khi-va-cac-san-pham-lien-quan","DSTags":["1602065013","An Giang",null]},{"Type":11,"SolrID":"/1602063841-cong-ty-tnhh-nong-duoc-dong-duong","ID":0,"MaSoThue":"1602063841","NgayCap":"2018-02-07T00:00:00Z","Title":"Công Ty TNHH Nông Dược Đông Dương","DiaChiCongTy":"TL 941, Ấp Phú Hòa 1, Xã Bình Hòa, Huyện Châu Thành, Tỉnh An Giang","Created":"2018-02-07T12:36:09Z","Updated":"2018-02-07T12:36:09Z","IsDelete":false,"RequestChanged":false,"ExitsInGDT":false,"SourceID":0,"TinhThanhID":0,"TinhThanhTitle":"An Giang","TinhThanhTitleAscii":"/an-giang","QuanHuyenID":0,"NganhNgheTitle":"Bán buôn chuyên doanh khác chưa được phân vào đâu","NganhNgheTitleAscii":"/nganh-nghe/ban-buon-chuyen-doanh-khac-chua-duoc-phan-vao-dau","DSTags":["1602063841","An Giang",null]},{"Type":11,"SolrID":"/1602063584-cong-ty-tnhh-mot-thanh-vien-khi-cong-nghiep-van-tan-phat","ID":0,"MaSoThue":"1602063584","NgayCap":"2018-02-01T00:00:00Z","Title":"Công Ty TNHH Một Thành Viên Khí Công Nghiệp Vạn Tấn Phát","DiaChiCongTy":"Số 624, Quốc lộ 91, Ấp Bình Phú 2, Xã Bình Hòa, Huyện Châu Thành, Tỉnh An Giang","Created":"2018-02-01T17:34:28Z","Updated":"2018-02-01T17:34:28Z","IsDelete":false,"RequestChanged":false,"ExitsInGDT":false,"SourceID":0,"TinhThanhID":0,"TinhThanhTitle":"An Giang","TinhThanhTitleAscii":"/an-giang","QuanHuyenID":0,"NganhNgheTitle":"Bán buôn nhiên liệu rắn, lỏng, khí và các sản phẩm liên quan","NganhNgheTitleAscii":"/nganh-nghe/ban-buon-nhien-lieu-ran-long-khi-va-cac-san-pham-lien-quan","DSTags":["1602063584","An Giang",null]},{"Type":11,"SolrID":"/1602058457-cong-ty-tnhh-agri-phu-sa","ID":0,"MaSoThue":"1602058457","NgayCap":"2017-12-18T00:00:00Z","Title":"Công Ty TNHH Agri Phù Sa","DiaChiCongTy":"Tổ 1, Ấp Bình Phú 2, Xã Bình Hòa, Huyện Châu Thành, Tỉnh An Giang","Created":"2017-12-20T12:58:39Z","Updated":"2017-12-20T12:58:39Z","IsDelete":false,"RequestChanged":false,"ExitsInGDT":false,"SourceID":0,"TinhThanhID":0,"TinhThanhTitle":"An Giang","TinhThanhTitleAscii":"/an-giang","QuanHuyenID":0,"NganhNgheTitle":"Bán buôn chuyên doanh khác chưa được phân vào đâu","NganhNgheTitleAscii":"/nganh-nghe/ban-buon-chuyen-doanh-khac-chua-duoc-phan-vao-dau","DSTags":["1602058457","An Giang",null]},{"Type":11,"SolrID":"/1602056604-cong-ty-tnhh-mot-thanh-vien-69-binh-hoa","ID":0,"MaSoThue":"1602056604","NgayCap":"2017-12-05T00:00:00Z","Title":"Công Ty TNHH Một Thành Viên 69 Bình Hòa","DiaChiCongTy":"Số 108, tổ 36, Ấp Phú Hòa 2, Xã Bình Hòa, Huyện Châu Thành, Tỉnh An Giang","Created":"2017-12-05T08:08:42Z","Updated":"2017-12-05T08:08:42Z","IsDelete":false,"RequestChanged":false,"ExitsInGDT":false,"SourceID":0,"TinhThanhID":0,"TinhThanhTitle":"An Giang","TinhThanhTitleAscii":"/an-giang","QuanHuyenID":0,"NganhNgheTitle":"Bán buôn đồ dùng khác cho gia đình","NganhNgheTitleAscii":"/nganh-nghe/ban-buon-do-dung-khac-cho-gia-dinh","DSTags":["1602056604","An Giang",null]},{"Type":11,"SolrID":"/1602054188-cong-ty-tnhh-mot-thanh-vien-hoa-bien-xanh","ID":0,"MaSoThue":"1602054188","NgayCap":"2017-11-04T00:00:00Z","Title":"Công Ty TNHH Một Thành Viên Hoa Biển Xanh","DiaChiCongTy":"Tổ 37, Ấp Bình Phú 1, Xã Bình Hòa, Huyện Châu Thành, Tỉnh An Giang","Created":"2017-11-04T09:06:07Z","Updated":"2017-11-04T09:06:07Z","IsDelete":false,"RequestChanged":false,"ExitsInGDT":false,"SourceID":0,"TinhThanhID":0,"TinhThanhTitle":"An Giang","TinhThanhTitleAscii":"/an-giang","QuanHuyenID":0,"NganhNgheTitle":"Bán buôn nông, lâm sản nguyên liệu (trừ gỗ, tre, nứa) và động vật sống","NganhNgheTitleAscii":"/nganh-nghe/ban-buon-nong-lam-san-nguyen-lieu-tru-go-tre-nua-va-dong-vat-song","DSTags":["1602054188","An Giang",null]},{"Type":11,"SolrID":"/1602042369-cong-ty-tnhh-lu-tin","ID":0,"MaSoThue":"1602042369","NgayCap":"2017-06-12T00:00:00Z","Title":"Công Ty TNHH Lư Tín","DiaChiCongTy":"679, Quốc lộ 91, Ấp Bình Phú 2, Xã Bình Hòa, Huyện Châu Thành, Tỉnh An Giang","Created":"2017-06-12T13:49:55Z","Updated":"2017-06-12T13:49:55Z","IsDelete":false,"RequestChanged":false,"ExitsInGDT":false,"SourceID":0,"TinhThanhID":0,"TinhThanhTitle":"An Giang","TinhThanhTitleAscii":"/an-giang","QuanHuyenID":0,"NganhNgheTitle":"Dịch vụ ăn uống khác","NganhNgheTitleAscii":"/nganh-nghe/dich-vu-an-uong-khac","DSTags":["1602042369","An Giang",null]},{"Type":11,"SolrID":"/1602041319-cong-ty-tnhh-mot-thanh-vien-xay-dung-thuan-kien-phat","ID":0,"MaSoThue":"1602041319","NgayCap":"2017-05-29T00:00:00Z","Title":"Công Ty TNHH Một Thành Viên Xây Dựng Thuấn Kiến Phát","DiaChiCongTy":"Ấp Bình Phú 1, Xã Bình Hòa, Huyện Châu Thành, Tỉnh An Giang","Created":"2017-05-29T13:37:57Z","Updated":"2017-05-29T13:37:57Z","IsDelete":false,"RequestChanged":false,"ExitsInGDT":false,"SourceID":0,"TinhThanhID":0,"TinhThanhTitle":"An Giang","TinhThanhTitleAscii":"/an-giang","QuanHuyenID":0,"NganhNgheTitle":"Xây dựng nhà các loại","NganhNgheTitleAscii":"/nganh-nghe/xay-dung-nha-cac-loai","DSTags":["1602041319","An Giang",null]},{"Type":11,"SolrID":"/1602035989-cong-ty-tnhh-thuong-mai-dich-vu-bao-huan","ID":0,"MaSoThue":"1602035989","NgayCap":"2017-03-20T00:00:00Z","Title":"Công Ty TNHH Thương Mại Dịch Vụ Bảo Huân","DiaChiCongTy":"Quốc lộ 91, Ấp Bình Phú 2, Xã Bình Hòa, Huyện Châu Thành, Tỉnh An Giang","Created":"2017-03-20T12:07:46Z","Updated":"2017-03-20T12:07:46Z","IsDelete":false,"RequestChanged":false,"ExitsInGDT":false,"SourceID":0,"TinhThanhID":0,"TinhThanhTitle":"An Giang","TinhThanhTitleAscii":"/an-giang","QuanHuyenID":0,"NganhNgheTitle":"Dịch vụ lưu trú ngắn ngày","NganhNgheTitleAscii":"/nganh-nghe/dich-vu-luu-tru-ngan-ngay","DSTags":["1602035989","An Giang",null]},{"Type":11,"SolrID":"/1602035185-cong-ty-tnhh-mot-thanh-vien-xang-dau-tho-nga","ID":0,"MaSoThue":"1602035185","NgayCap":"2017-03-09T00:00:00Z","Title":"Công Ty TNHH Một Thành Viên Xăng Dầu Thọ Nga","DiaChiCongTy":"Ấp Bình Phú 1, Xã Bình Hòa, Huyện Châu Thành, Tỉnh An Giang","Created":"2017-03-09T08:38:06Z","Updated":"2017-03-09T08:38:06Z","IsDelete":false,"RequestChanged":false,"ExitsInGDT":false,"SourceID":0,"TinhThanhID":0,"TinhThanhTitle":"An Giang","TinhThanhTitleAscii":"/an-giang","QuanHuyenID":0,"NganhNgheTitle":"Bán buôn nhiên liệu rắn, lỏng, khí và các sản phẩm liên quan","NganhNgheTitleAscii":"/nganh-nghe/ban-buon-nhien-lieu-ran-long-khi-va-cac-san-pham-lien-quan","DSTags":["1602035185","An Giang",null]},{"Type":11,"SolrID":"/1602034671-cong-ty-cp-phuoc-lien-mien-nam","ID":0,"MaSoThue":"1602034671","NgayCap":"2017-03-01T00:00:00Z","Title":"Công Ty CP Phước Liên Miền Nam","DiaChiCongTy":"ấp Bình Phú 2, Xã Bình Hòa, Huyện Châu Thành, Tỉnh An Giang","Created":"2017-03-01T17:37:36Z","Updated":"2017-03-01T17:37:36Z","IsDelete":false,"RequestChanged":false,"ExitsInGDT":false,"SourceID":0,"TinhThanhID":0,"TinhThanhTitle":"An Giang","TinhThanhTitleAscii":"/an-giang","QuanHuyenID":0,"NganhNgheTitle":"Bán buôn đồ dùng khác cho gia đình","NganhNgheTitleAscii":"/nganh-nghe/ban-buon-do-dung-khac-cho-gia-dinh","DSTags":["1602034671","An Giang",null]},{"Type":11,"SolrID":"/1602031293-cong-ty-tnhh-nong-nghiep-cong-nghe-cao-son-huy","ID":0,"MaSoThue":"1602031293","NgayCap":"2017-01-12T00:00:00Z","Title":"Công Ty TNHH Nông Nghiệp Công Nghệ Cao Sơn Huy","DiaChiCongTy":"Ấp Bình Phú 2, Xã Bình Hòa, Huyện Châu Thành, Tỉnh An Giang","Created":"2017-01-12T08:10:40Z","Updated":"2017-01-12T08:10:40Z","IsDelete":false,"RequestChanged":false,"ExitsInGDT":false,"SourceID":0,"TinhThanhID":0,"TinhThanhTitle":"An Giang","TinhThanhTitleAscii":"/an-giang","QuanHuyenID":0,"NganhNgheTitle":"Trồng cây ăn quả","NganhNgheTitleAscii":"/nganh-nghe/trong-cay-an-qua","DSTags":["1602031293","An Giang",null]},{"Type":11,"SolrID":"/1602023574-cong-ty-tnhh-mot-thanh-vien-thuong-mai-dich-vu-nong-nghiep-huynh-nam","ID":0,"MaSoThue":"1602023574","NgayCap":"2016-11-09T00:00:00Z","Title":"Công Ty TNHH Một Thành Viên Thương Mại Dịch Vụ Nông Nghiệp Huỳnh Nam","DiaChiCongTy":"ấp Phú An 1 - Xã Bình Hòa - Huyện Châu Thành - An Giang","Created":"2016-11-10T22:37:11Z","Updated":"2016-11-10T22:37:11Z","IsDelete":false,"RequestChanged":false,"ExitsInGDT":false,"SourceID":0,"TinhThanhID":0,"TinhThanhTitle":"An Giang","TinhThanhTitleAscii":"/an-giang","QuanHuyenID":0,"NganhNgheTitle":"Bán buôn chuyên doanh khác chưa được phân vào đâu","NganhNgheTitleAscii":"/nganh-nghe/ban-buon-chuyen-doanh-khac-chua-duoc-phan-vao-dau","DSTags":["1602023574","An Giang",null]},{"Type":11,"SolrID":"/1602023461-cong-ty-tnhh-thuc-pham-chuc-nang-vivo-life","ID":0,"MaSoThue":"1602023461","NgayCap":"2016-11-08T00:00:00Z","Title":"Công Ty TNHH Thực Phẩm Chức Năng Vivo Life","DiaChiCongTy":"Tổ 55, ấp Phú Hòa 1 - Xã Bình Hòa - Huyện Châu Thành - An Giang","Created":"2016-11-10T22:37:01Z","Updated":"2016-11-10T22:37:01Z","IsDelete":false,"RequestChanged":false,"ExitsInGDT":false,"SourceID":0,"TinhThanhID":0,"TinhThanhTitle":"An Giang","TinhThanhTitleAscii":"/an-giang","QuanHuyenID":0,"NganhNgheTitle":"Bán buôn thực phẩm","NganhNgheTitleAscii":"/nganh-nghe/ban-buon-thuc-pham","DSTags":["1602023461","An Giang",null]},{"Type":11,"SolrID":"/1602019151-cong-ty-tnhh-van-tai-dang-toan","ID":0,"MaSoThue":"1602019151","NgayCap":"2016-09-16T00:00:00Z","Title":"Công Ty TNHH Vận Tải Đặng Toàn","DiaChiCongTy":"743, Tổ 20, ấp Bình Phú 2 - Xã Bình Hòa - Huyện Châu Thành - An Giang","Created":"2016-09-17T09:43:56Z","Updated":"2016-09-17T09:43:56Z","IsDelete":false,"RequestChanged":false,"ExitsInGDT":false,"SourceID":0,"TinhThanhID":0,"TinhThanhTitle":"An Giang","TinhThanhTitleAscii":"/an-giang","QuanHuyenID":0,"DSTags":["1602019151","An Giang",null]},{"Type":11,"SolrID":"/1602018983-cong-ty-tnhh-trang-tri-noi-that-hong-nhan","ID":0,"MaSoThue":"1602018983","NgayCap":"2016-09-15T00:00:00Z","Title":"Công Ty TNHH Trang Trí Nội Thất Hồng Nhân","DiaChiCongTy":"Tổ 44, ấp Bình Phú I - Xã Bình Hòa - Huyện Châu Thành - An Giang","Created":"2016-09-15T18:46:24Z","Updated":"2016-09-15T18:46:24Z","IsDelete":false,"RequestChanged":false,"ExitsInGDT":false,"SourceID":0,"TinhThanhID":0,"TinhThanhTitle":"An Giang","TinhThanhTitleAscii":"/an-giang","QuanHuyenID":0,"NganhNgheTitle":"Bán buôn đồ dùng khác cho gia đình","NganhNgheTitleAscii":"/nganh-nghe/ban-buon-do-dung-khac-cho-gia-dinh","DSTags":["1602018983","An Giang",null]},{"Type":11,"SolrID":"/1602014308-cong-ty-tnhh-mot-thanh-vien-gas-tin-nghia","ID":0,"MaSoThue":"1602014308","NgayCap":"2016-07-13T00:00:00Z","Title":"Công Ty TNHH Một Thành Viên Gas Tín Nghĩa","DiaChiCongTy":"Tổ 33, ấp Phú Hòa 2 - Xã Bình Hòa - Huyện Châu Thành - An Giang","Created":"2016-07-14T08:33:54Z","Updated":"2016-09-10T22:45:57Z","IsDelete":false,"RequestChanged":false,"ExitsInGDT":false,"SourceID":0,"TinhThanhID":0,"TinhThanhTitle":"An Giang","TinhThanhTitleAscii":"/an-giang","QuanHuyenID":0,"DSTags":["1602014308","An Giang",null]},{"Type":11,"SolrID":"/0307526635-015-chi-nhanh-an-giang-cong-ty-co-phan-son-ha-sai-gon","ID":0,"MaSoThue":"0307526635-015","NgayCap":"2016-06-20T00:00:00Z","Title":"Chi Nhánh An Giang - Công Ty Cổ Phần Sơn Hà Sài Gòn","DiaChiCongTy":"Số 572 Quốc lộ 91, ấp Phú Bình 2 - Xã Bình Hòa - Huyện Châu Thành - An Giang","Created":"2016-06-25T14:19:10Z","Updated":"2016-06-25T14:19:10Z","IsDelete":false,"RequestChanged":false,"ExitsInGDT":false,"SourceID":0,"TinhThanhID":0,"TinhThanhTitle":"An Giang","TinhThanhTitleAscii":"/an-giang","QuanHuyenID":0,"NganhNgheTitle":"Bán buôn vật liệu, thiết bị lắp đặt khác trong xây dựng","NganhNgheTitleAscii":"/nganh-nghe/ban-buon-vat-lieu-thiet-bi-lap-dat-khac-trong-xay-dung","DSTags":["0307526635-015","An Giang",null]},{"Type":11,"SolrID":"/1600383490-011-chi-nhanh-10-doanh-nghiep-tn-hiep-hung","ID":0,"MaSoThue":"1600383490-011","NgayCap":"2016-04-07T00:00:00Z","Title":"Chi Nhánh 10 - Doanh Nghiệp TN Hiệp Hưng","DiaChiCongTy":"Xà lan AG 19543, ấp Bình Phú 1 - Xã Bình Hòa - Huyện Châu Thành - An Giang","Created":"2016-04-21T22:55:19Z","Updated":"2016-04-21T22:55:19Z","IsDelete":false,"RequestChanged":false,"ExitsInGDT":false,"SourceID":0,"TinhThanhID":0,"TinhThanhTitle":"An Giang","TinhThanhTitleAscii":"/an-giang","QuanHuyenID":0,"NganhNgheTitle":"Bán buôn nhiên liệu rắn, lỏng, khí và các sản phẩm liên quan","NganhNgheTitleAscii":"/nganh-nghe/ban-buon-nhien-lieu-ran-long-khi-va-cac-san-pham-lien-quan","DSTags":["1600383490-011","An Giang",null]},{"Type":11,"SolrID":"/1601996475-cong-ty-tnhh-nv-apparel","ID":0,"MaSoThue":"1601996475","NgayCap":"2015-12-30T00:00:00Z","Title":"Công Ty TNHH Nv Apparel","DiaChiCongTy":"Lô C1 Khu Công nghiệp Bình Hòa - Xã Bình Hòa - Huyện Châu Thành - An Giang","Created":"2016-01-04T18:39:59Z","Updated":"2016-01-04T18:39:59Z","IsDelete":false,"RequestChanged":false,"ExitsInGDT":false,"SourceID":0,"TinhThanhID":0,"TinhThanhTitle":"An Giang","TinhThanhTitleAscii":"/an-giang","QuanHuyenID":0,"NganhNgheTitle":"May trang phục (trừ trang phục từ da lông thú)","NganhNgheTitleAscii":"/nganh-nghe/may-trang-phuc-tru-trang-phuc-tu-da-long-thu","DSTags":["1601996475","An Giang",null]},{"Type":11,"SolrID":"/1601996073-cong-ty-tnhh-may-mac-lu-an","ID":0,"MaSoThue":"1601996073","NgayCap":"2015-12-29T00:00:00Z","Title":"Công Ty TNHH May Mặc Lu An","DiaChiCongTy":"Lô C4 Khu Công nghiệp Bình Hòa - Xã Bình Hòa - Huyện Châu Thành - An Giang","Created":"2015-12-31T09:55:59Z","Updated":"2016-07-12T14:41:56Z","IsDelete":false,"RequestChanged":false,"ExitsInGDT":false,"SourceID":0,"TinhThanhID":0,"TinhThanhTitle":"An Giang","TinhThanhTitleAscii":"/an-giang","QuanHuyenID":0,"NganhNgheTitle":"May trang phục (trừ trang phục từ da lông thú)","NganhNgheTitleAscii":"/nganh-nghe/may-trang-phuc-tru-trang-phuc-tu-da-long-thu","DSTags":["1601996073","An Giang",null]},{"Type":11,"SolrID":"/1601604590-003-chi-nhanh-cong-ty-tnhh-mot-thanh-vien-moi-truong-do-thi-an-giang-xi-nghiep-moi-truong-do-thi-chau","ID":0,"MaSoThue":"1601604590-003","NgayCap":"2015-12-28T00:00:00Z","Title":"Chi Nhánh Công Ty TNHH Một Thành Viên Môi Trường Đô Thị An Giang - Xí Nghiệp Môi Trường Đô Thị Châu","DiaChiCongTy":"ấp Bình Phú 1 - Xã Bình Hòa - Huyện Châu Thành - An Giang","Created":"2016-01-15T14:16:32Z","Updated":"2016-01-15T14:16:32Z","IsDelete":false,"RequestChanged":false,"ExitsInGDT":false,"SourceID":0,"TinhThanhID":0,"TinhThanhTitle":"An Giang","TinhThanhTitleAscii":"/an-giang","QuanHuyenID":0,"NganhNgheTitle":"Vệ sinh nhà cửa và các công trình khác","NganhNgheTitleAscii":"/nganh-nghe/ve-sinh-nha-cua-va-cac-cong-trinh-khac","DSTags":["1601604590-003","An Giang",null]},{"Type":11,"SolrID":"/1601988379-cong-ty-tnhh-mot-thanh-vien-thuong-mai-dich-vu-an-thinh-phat","ID":0,"MaSoThue":"1601988379","NgayCap":"2015-11-20T00:00:00Z","Title":"Công Ty TNHH Một Thành Viên Thương Mại Dịch Vụ An Thịnh Phát","DiaChiCongTy":"Tổ 42, ấp Phú Hòa - Xã Bình Hòa - Huyện Châu Thành - An Giang","Created":"2015-11-24T10:04:53Z","Updated":"2015-11-24T10:04:53Z","IsDelete":false,"RequestChanged":false,"ExitsInGDT":false,"SourceID":0,"TinhThanhID":0,"TinhThanhTitle":"An Giang","TinhThanhTitleAscii":"/an-giang","QuanHuyenID":0,"NganhNgheTitle":"Bán buôn nhiên liệu rắn, lỏng, khí và các sản phẩm liên quan","NganhNgheTitleAscii":"/nganh-nghe/ban-buon-nhien-lieu-ran-long-khi-va-cac-san-pham-lien-quan","DSTags":["1601988379","An Giang",null]},{"Type":11,"SolrID":"/1601988227-cong-ty-tnhh-oriental-garment-an-giang","ID":0,"MaSoThue":"1601988227","NgayCap":"2015-11-19T00:00:00Z","Title":"Công ty TNHH ORIENTAL  GARMENT AN GIANG","DiaChiCongTy":"Lô K, Khu công nghiệp Bình Hòa - Xã Bình Hòa - Huyện Châu Thành - An Giang","Created":"2015-11-23T23:21:11Z","Updated":"2015-11-23T23:21:11Z","IsDelete":false,"RequestChanged":false,"ExitsInGDT":false,"SourceID":0,"TinhThanhID":0,"TinhThanhTitle":"An Giang","TinhThanhTitleAscii":"/an-giang","QuanHuyenID":0,"NganhNgheTitle":"Bán buôn máy vi tính, thiết bị ngoại vi và phần mềm","NganhNgheTitleAscii":"/nganh-nghe/ban-buon-may-vi-tinh-thiet-bi-ngoai-vi-va-phan-mem","DSTags":["1601988227","An Giang",null]},{"Type":11,"SolrID":"/1601987079-cong-ty-tnhh-mot-thanh-vien-giong-cay-trong-nong-phat","ID":0,"MaSoThue":"1601987079","NgayCap":"2015-11-13T00:00:00Z","Title":"Công Ty TNHH Một Thành Viên Giống Cây Trồng Nông Phát","DiaChiCongTy":"Tổ 11, ấp Phú Hòa 1 - Xã Bình Hòa - Huyện Châu Thành - An Giang","Created":"2015-11-19T13:35:31Z","Updated":"2015-11-19T13:35:31Z","IsDelete":false,"RequestChanged":false,"ExitsInGDT":false,"SourceID":0,"TinhThanhID":0,"TinhThanhTitle":"An Giang","TinhThanhTitleAscii":"/an-giang","QuanHuyenID":0,"NganhNgheTitle":"Xử lý hạt giống để nhân giống","NganhNgheTitleAscii":"/nganh-nghe/xu-ly-hat-giong-de-nhan-giong","DSTags":["1601987079","An Giang",null]},{"Type":11,"SolrID":"/3700413079-001-chi-nhanh-doanh-nghiep-tu-nhan-tan-loc-tai-chau-thanh","ID":0,"MaSoThue":"3700413079-001","NgayCap":"2015-10-08T00:00:00Z","Title":"Chi Nhánh Doanh Nghiệp Tư Nhân Tấn Lộc Tại Châu Thành","DiaChiCongTy":"Lô C3, Khu Công Nghiệp Bình Hòa - Xã Bình Hòa - Huyện Châu Thành - An Giang","Created":"2015-11-19T11:31:18Z","Updated":"2015-11-19T11:31:18Z","IsDelete":false,"RequestChanged":false,"ExitsInGDT":false,"SourceID":0,"TinhThanhID":0,"TinhThanhTitle":"An Giang","TinhThanhTitleAscii":"/an-giang","QuanHuyenID":0,"NganhNgheTitle":"Dịch vụ ăn uống khác","NganhNgheTitleAscii":"/nganh-nghe/dich-vu-an-uong-khac","DSTags":["3700413079-001","An Giang",null]},{"Type":11,"SolrID":"/1601984582-cong-ty-tnhh-mot-thanh-vien-thuong-mai-dich-vu-phuc-thinh-phat","ID":0,"MaSoThue":"1601984582","NgayCap":"2015-10-02T00:00:00Z","Title":"Công Ty TNHH Một Thành Viên Thương Mại Dịch Vụ Phúc Thịnh Phát","DiaChiCongTy":"ấp Phú An 2 - Xã Bình Hòa - Huyện Châu Thành - An Giang","Created":"2015-11-19T02:33:00Z","Updated":"2015-11-19T02:33:00Z","IsDelete":false,"RequestChanged":false,"ExitsInGDT":false,"SourceID":0,"TinhThanhID":0,"TinhThanhTitle":"An Giang","TinhThanhTitleAscii":"/an-giang","QuanHuyenID":0,"NganhNgheTitle":"Trồng rừng và chăm sóc rừng","NganhNgheTitleAscii":"/nganh-nghe/trong-rung-va-cham-soc-rung","DSTags":["1601984582","An Giang",null]},{"Type":11,"SolrID":"/1601981944-ban-chi-huy-quan-su-huyen-chau-thanh","ID":0,"MaSoThue":"1601981944","NgayCap":"2015-09-04T00:00:00Z","Title":"Ban Chỉ Huy Quân Sự Huyện Châu Thành","DiaChiCongTy":"ấp Bình Phú 1 - Xã Bình Hòa - Huyện Châu Thành - An Giang","Created":"2015-11-19T00:52:39Z","Updated":"2015-11-19T00:52:39Z","IsDelete":false,"RequestChanged":false,"ExitsInGDT":false,"SourceID":0,"TinhThanhID":0,"TinhThanhTitle":"An Giang","TinhThanhTitleAscii":"/an-giang","QuanHuyenID":0,"NganhNgheTitle":"Hoạt động của Đảng cộng sản, tổ chức chính trị - xã hội, quản lý nhà nước, an ninh quốc phòng và bảo đảm xã hội bắt buộc","NganhNgheTitleAscii":"/nganh-nghe/hoat-dong-cua-dang-cong-san-to-chuc-chinh-tri-xa-hoi-quan-ly-nha-nuoc-an-ninh-quoc-phong-va-bao-dam-xa-hoi-bat-buoc","DSTags":["1601981944","An Giang",null]},{"Type":11,"SolrID":"/1601978388-cong-ty-tnhh-giong-cay-trong-nong-hung-phat","ID":0,"MaSoThue":"1601978388","NgayCap":"2015-07-20T00:00:00Z","Title":"Công Ty TNHH Giống Cây Trồng Nông Hưng Phát","DiaChiCongTy":"Tổ 6, ấp Phú Hòa I - Xã Bình Hòa - Huyện Châu Thành - An Giang","Created":"2015-11-18T20:27:22Z","Updated":"2015-11-18T20:27:22Z","IsDelete":false,"RequestChanged":false,"ExitsInGDT":false,"SourceID":0,"TinhThanhID":0,"TinhThanhTitle":"An Giang","TinhThanhTitleAscii":"/an-giang","QuanHuyenID":0,"NganhNgheTitle":"Xử lý hạt giống để nhân giống","NganhNgheTitleAscii":"/nganh-nghe/xu-ly-hat-giong-de-nhan-giong","DSTags":["1601978388","An Giang",null]},{"Type":11,"SolrID":"/1601977049-cong-ty-tnhh-thien-nhuan","ID":0,"MaSoThue":"1601977049","NgayCap":"2015-07-03T00:00:00Z","Title":"Công Ty TNHH Thiện Nhuận","DiaChiCongTy":"Số 1119, ấp Phú Hòa I - Xã Bình Hòa - Huyện Châu Thành - An Giang","Created":"2015-11-18T18:57:03Z","Updated":"2015-11-18T18:57:03Z","IsDelete":false,"RequestChanged":false,"ExitsInGDT":false,"SourceID":0,"TinhThanhID":0,"TinhThanhTitle":"An Giang","TinhThanhTitleAscii":"/an-giang","QuanHuyenID":0,"NganhNgheTitle":"Bán buôn vải, hàng may sẵn, giày dép","NganhNgheTitleAscii":"/nganh-nghe/ban-buon-vai-hang-may-san-giay-dep","DSTags":["1601977049","An Giang",null]},{"Type":11,"SolrID":"/3601638233-013-chi-nhanh-cong-ty-co-phan-nang-luong-tan-hung-tai-an-giang","ID":0,"MaSoThue":"3601638233-013","NgayCap":"2015-05-12T00:00:00Z","Title":"Chi Nhánh Công Ty Cổ Phần Năng Lượng Tân Hưng Tại An Giang","DiaChiCongTy":"Quốc lộ 91, ấp Bình Phú 2 - Xã Bình Hòa - Huyện Châu Thành - An Giang","Created":"2015-11-18T15:03:18Z","Updated":"2015-11-18T15:03:18Z","IsDelete":false,"RequestChanged":false,"ExitsInGDT":false,"SourceID":0,"TinhThanhID":0,"TinhThanhTitle":"An Giang","TinhThanhTitleAscii":"/an-giang","QuanHuyenID":0,"NganhNgheTitle":"Bán lẻ hàng hóa khác mới trong các cửa hàng chuyên doanh","NganhNgheTitleAscii":"/nganh-nghe/ban-le-hang-hoa-khac-moi-trong-cac-cua-hang-chuyen-doanh","DSTags":["3601638233-013","An Giang",null]},{"Type":11,"SolrID":"/1601733652-003-chi-nhanh-cong-ty-tnhh-mot-thanh-vien-tran-hoai-bao-tai-chau-thanh","ID":0,"MaSoThue":"1601733652-003","NgayCap":"2015-05-07T00:00:00Z","Title":"Chi Nhánh Công Ty TNHH Một Thành Viên Trần Hoài Bảo Tại Châu Thành","DiaChiCongTy":"685, ấp Bình Phú 2 - Xã Bình Hòa - Huyện Châu Thành - An Giang","Created":"2015-11-18T12:03:49Z","Updated":"2015-11-18T12:03:49Z","IsDelete":false,"RequestChanged":false,"ExitsInGDT":false,"SourceID":0,"TinhThanhID":0,"TinhThanhTitle":"An Giang","TinhThanhTitleAscii":"/an-giang","QuanHuyenID":0,"NganhNgheTitle":"Bán buôn nhiên liệu rắn, lỏng, khí và các sản phẩm liên quan","NganhNgheTitleAscii":"/nganh-nghe/ban-buon-nhien-lieu-ran-long-khi-va-cac-san-pham-lien-quan","DSTags":["1601733652-003","An Giang",null]},{"Type":11,"SolrID":"/1601970597-cong-ty-cp-khi-cong-nghiep-minh-phat","ID":0,"MaSoThue":"1601970597","NgayCap":"2015-04-22T00:00:00Z","Title":"Công Ty CP Khí Công Nghiệp Minh Phát","DiaChiCongTy":"ấp Bình Phú 2 - Xã Bình Hòa - Huyện Châu Thành - An Giang","Created":"2015-11-17T09:26:27Z","Updated":"2015-11-17T09:26:27Z","IsDelete":false,"RequestChanged":false,"ExitsInGDT":false,"SourceID":0,"TinhThanhID":0,"TinhThanhTitle":"An Giang","TinhThanhTitleAscii":"/an-giang","QuanHuyenID":0,"NganhNgheTitle":"Bán buôn chuyên doanh khác chưa được phân vào đâu","NganhNgheTitleAscii":"/nganh-nghe/ban-buon-chuyen-doanh-khac-chua-duoc-phan-vao-dau","DSTags":["1601970597","An Giang",null]},{"Type":11,"SolrID":"/1800676945-004-chi-nhanh-cong-ty-tnhh-mot-thanh-vien-thuong-mai-xuat-nhap-khau-phung-hoang","ID":0,"MaSoThue":"1800676945-004","NgayCap":"2015-03-09T00:00:00Z","Title":"Chi Nhánh Công Ty TNHH  Một Thành Viên Thương Mại Xuất Nhập Khẩu Phụng Hoàng","DiaChiCongTy":"ấp Phú Hòa 2 - Xã Bình Hòa - Huyện Châu Thành - An Giang","Created":"2015-11-17T09:09:34Z","Updated":"2015-11-17T09:09:34Z","IsDelete":false,"RequestChanged":false,"ExitsInGDT":false,"SourceID":0,"TinhThanhID":0,"TinhThanhTitle":"An Giang","TinhThanhTitleAscii":"/an-giang","QuanHuyenID":0,"NganhNgheTitle":"Bán buôn gạo","NganhNgheTitleAscii":"/nganh-nghe/ban-buon-gao","DSTags":["1800676945-004","An Giang",null]},{"Type":11,"SolrID":"/1601941109-001-chi-nhanh-cong-ty-tnhh-nuoc-giai-khat-buu-khang","ID":0,"MaSoThue":"1601941109-001","NgayCap":"2014-11-17T00:00:00Z","Title":"Chi Nhánh Công Ty TNHH Nước Giải Khát Bửu Khang","DiaChiCongTy":"ấp Bình Phú 1 - Xã Bình Hòa - Huyện Châu Thành - An Giang","Created":"2015-11-11T12:35:54Z","Updated":"2015-11-11T12:35:54Z","IsDelete":false,"RequestChanged":false,"ExitsInGDT":false,"SourceID":0,"TinhThanhID":0,"TinhThanhTitle":"An Giang","TinhThanhTitleAscii":"/an-giang","QuanHuyenID":0,"NganhNgheTitle":"Bán buôn đồ uống","NganhNgheTitleAscii":"/nganh-nghe/ban-buon-do-uong","DSTags":["1601941109-001","An Giang",null]},{"Type":11,"SolrID":"/1601944692-cong-ty-co-phan-giong-cay-trong-dong-phat-an-giang","ID":0,"MaSoThue":"1601944692","NgayCap":"2014-11-03T00:00:00Z","Title":"Công Ty Cổ Phần Giống Cây Trồng Đồng Phát An Giang","DiaChiCongTy":"ấp Phú Hòa 1 - Xã Bình Hòa - Huyện Châu Thành - An Giang","Created":"2015-11-11T05:49:31Z","Updated":"2015-11-11T05:49:31Z","IsDelete":false,"RequestChanged":false,"ExitsInGDT":false,"SourceID":0,"TinhThanhID":0,"TinhThanhTitle":"An Giang","TinhThanhTitleAscii":"/an-giang","QuanHuyenID":0,"NganhNgheTitle":"Xử lý hạt giống để nhân giống","NganhNgheTitleAscii":"/nganh-nghe/xu-ly-hat-giong-de-nhan-giong","DSTags":["1601944692","An Giang",null]},{"Type":11,"SolrID":"/1601944685-doanh-nghiep-tn-thao-thom-chau-thanh","ID":0,"MaSoThue":"1601944685","NgayCap":"2014-11-03T00:00:00Z","Title":"Doanh Nghiệp TN Thảo Thơm Châu Thành","DiaChiCongTy":"ấp Phú An 2 - Xã Bình Hòa - Huyện Châu Thành - An Giang","Created":"2015-11-11T06:27:51Z","Updated":"2015-11-11T06:27:51Z","IsDelete":false,"RequestChanged":false,"ExitsInGDT":false,"SourceID":0,"TinhThanhID":0,"TinhThanhTitle":"An Giang","TinhThanhTitleAscii":"/an-giang","QuanHuyenID":0,"NganhNgheTitle":"Nhà hàng và các dịch vụ ăn uống phục vụ lưu động","NganhNgheTitleAscii":"/nganh-nghe/nha-hang-va-cac-dich-vu-an-uong-phuc-vu-luu-dong","DSTags":["1601944685","An Giang",null]},{"Type":11,"SolrID":"/1601943515-cong-ty-tnhh-mot-thanh-vien-tcsoft-chau-thanh","ID":0,"MaSoThue":"1601943515","NgayCap":"2014-10-22T00:00:00Z","Title":"Công Ty TNHH Một Thành Viên Tcsoft Châu Thành","DiaChiCongTy":"ấp Bình Phú 2 - Xã Bình Hòa - Huyện Châu Thành - An Giang","Created":"2015-11-11T06:27:50Z","Updated":"2015-11-11T06:27:50Z","IsDelete":false,"RequestChanged":false,"ExitsInGDT":false,"SourceID":0,"TinhThanhID":0,"TinhThanhTitle":"An Giang","TinhThanhTitleAscii":"/an-giang","QuanHuyenID":0,"NganhNgheTitle":"Bán buôn đồ dùng khác cho gia đình","NganhNgheTitleAscii":"/nganh-nghe/ban-buon-do-dung-khac-cho-gia-dinh","DSTags":["1601943515","An Giang",null]},{"Type":11,"SolrID":"/1601942991-doanh-nghiep-tn-xang-dau-khanh-vy","ID":0,"MaSoThue":"1601942991","NgayCap":"2014-10-16T00:00:00Z","Title":"Doanh Nghiệp TN Xăng Dầu Khánh Vy","DiaChiCongTy":"ấp Phú Hòa 2 - Xã Bình Hòa - Huyện Châu Thành - An Giang","Created":"2015-11-11T04:33:55Z","Updated":"2015-11-11T04:33:55Z","IsDelete":false,"RequestChanged":false,"ExitsInGDT":false,"SourceID":0,"TinhThanhID":0,"TinhThanhTitle":"An Giang","TinhThanhTitleAscii":"/an-giang","QuanHuyenID":0,"NganhNgheTitle":"Bán buôn nhiên liệu rắn, lỏng, khí và các sản phẩm liên quan","NganhNgheTitleAscii":"/nganh-nghe/ban-buon-nhien-lieu-ran-long-khi-va-cac-san-pham-lien-quan","DSTags":["1601942991","An Giang",null]},{"Type":11,"SolrID":"/1601936282-cong-ty-tnhh-mot-thanh-vien-thuan-phat-garment","ID":0,"MaSoThue":"1601936282","NgayCap":"2014-08-25T00:00:00Z","Title":"Công Ty TNHH Một Thành Viên Thuận Phát Garment","DiaChiCongTy":"Số 576, tổ 21, ấp Bình Phú 2 - Xã Bình Hòa - Huyện Châu Thành - An Giang","Created":"2015-11-09T12:00:16Z","Updated":"2015-11-09T12:00:16Z","IsDelete":false,"RequestChanged":false,"ExitsInGDT":false,"SourceID":0,"TinhThanhID":0,"TinhThanhTitle":"An Giang","TinhThanhTitleAscii":"/an-giang","QuanHuyenID":0,"NganhNgheTitle":"May trang phục (trừ trang phục từ da lông thú)","NganhNgheTitleAscii":"/nganh-nghe/may-trang-phuc-tru-trang-phuc-tu-da-long-thu","DSTags":["1601936282","An Giang",null]},{"Type":11,"SolrID":"/1601924914-cong-ty-tnhh-cong-nghe-tien-nam","ID":0,"MaSoThue":"1601924914","NgayCap":"2014-06-03T00:00:00Z","Title":"Công Ty TNHH Công Nghệ Tiến Nam","DiaChiCongTy":"Tổ 24, ấp Bình Phú 1 - Xã Bình Hòa - Huyện Châu Thành - An Giang","Created":"2015-11-09T14:09:56Z","Updated":"2015-11-09T14:09:56Z","IsDelete":false,"RequestChanged":false,"ExitsInGDT":false,"SourceID":0,"TinhThanhID":0,"TinhThanhTitle":"An Giang","TinhThanhTitleAscii":"/an-giang","QuanHuyenID":0,"NganhNgheTitle":"Bán buôn chuyên doanh khác chưa được phân vào đâu","NganhNgheTitleAscii":"/nganh-nghe/ban-buon-chuyen-doanh-khac-chua-duoc-phan-vao-dau","DSTags":["1601924914","An Giang",null]},{"Type":11,"SolrID":"/1601916455-cong-ty-cp-dau-tu-xay-dung-thach-anh-binh-hoa","ID":0,"MaSoThue":"1601916455","NgayCap":"2014-03-25T00:00:00Z","Title":"Công Ty CP Đầu Tư Xây Dựng Thạch Anh Bình Hòa","DiaChiCongTy":"ấp Bình Phú 1 - Xã Bình Hòa - Huyện Châu Thành - An Giang","Created":"2015-11-09T18:36:36Z","Updated":"2015-11-09T18:36:36Z","IsDelete":false,"RequestChanged":false,"ExitsInGDT":false,"SourceID":0,"TinhThanhID":0,"TinhThanhTitle":"An Giang","TinhThanhTitleAscii":"/an-giang","QuanHuyenID":0,"NganhNgheTitle":"Sản xuất bê tông và các sản phẩm từ xi măng và thạch cao","NganhNgheTitleAscii":"/nganh-nghe/san-xuat-be-tong-va-cac-san-pham-tu-xi-mang-va-thach-cao","DSTags":["1601916455","An Giang",null]},{"Type":11,"SolrID":"/1601912732-cong-ty-tnhh-mot-thanh-vien-giong-cay-trong-phuong-nam","ID":0,"MaSoThue":"1601912732","NgayCap":"2014-02-28T00:00:00Z","Title":"Công Ty TNHH Một Thành Viên Giống Cây Trồng Phương Nam","DiaChiCongTy":"ấp Phú Hòa 2 - Xã Bình Hòa - Huyện Châu Thành - An Giang","Created":"2015-11-09T21:10:37Z","Updated":"2015-11-09T21:10:37Z","IsDelete":false,"RequestChanged":false,"ExitsInGDT":false,"SourceID":0,"TinhThanhID":0,"TinhThanhTitle":"An Giang","TinhThanhTitleAscii":"/an-giang","QuanHuyenID":0,"NganhNgheTitle":"Nhân và chăm sóc cây giống nông nghiệp","NganhNgheTitleAscii":"/nganh-nghe/nhan-va-cham-soc-cay-giong-nong-nghiep","DSTags":["1601912732","An Giang",null]},{"Type":11,"SolrID":"/1601890750-cong-ty-tnhh-an-nong-binh-hoa","ID":0,"MaSoThue":"1601890750","NgayCap":"2013-10-03T00:00:00Z","Title":"Công Ty TNHH An Nông Bình Hòa","DiaChiCongTy":"Số 618, Quốc lộ 91, ấp Bình Phú 2 - Xã Bình Hòa - Huyện Châu Thành - An Giang","Created":"2015-11-11T18:33:29Z","Updated":"2015-11-11T18:33:29Z","IsDelete":false,"RequestChanged":false,"ExitsInGDT":false,"SourceID":0,"TinhThanhID":0,"TinhThanhTitle":"An Giang","TinhThanhTitleAscii":"/an-giang","QuanHuyenID":0,"NganhNgheTitle":"Chăn nuôi trâu, bò","NganhNgheTitleAscii":"/nganh-nghe/chan-nuoi-trau-bo","DSTags":["1601890750","An Giang",null]},{"Type":11,"SolrID":"/1601889628-cong-ty-tnhh-mot-thanh-vien-thuong-mai-dai-thong","ID":0,"MaSoThue":"1601889628","NgayCap":"2013-09-21T00:00:00Z","Title":"Công Ty TNHH Một Thành Viên Thương Mại Đại Thông","DiaChiCongTy":"Tổ 18, ấp Phú Hòa 1 - Xã Bình Hòa - Huyện Châu Thành - An Giang","Created":"2015-11-11T18:41:33Z","Updated":"2015-11-11T18:41:33Z","IsDelete":false,"RequestChanged":false,"ExitsInGDT":false,"SourceID":0,"TinhThanhID":0,"TinhThanhTitle":"An Giang","TinhThanhTitleAscii":"/an-giang","QuanHuyenID":0,"NganhNgheTitle":"Gia công cơ khí; xử lý và tráng phủ kim loại","NganhNgheTitleAscii":"/nganh-nghe/gia-cong-co-khi-xu-ly-va-trang-phu-kim-loai","DSTags":["1601889628","An Giang",null]},{"Type":11,"SolrID":"/0312222914-001-chi-nhanh-cong-ty-tnhh-thai-phuong-lam-kho-chua-hang","ID":0,"MaSoThue":"0312222914-001","NgayCap":"2013-09-20T00:00:00Z","Title":"Chi Nhánh Công Ty TNHH Thái Phương Lâm - Kho Chứa Hàng","DiaChiCongTy":"Số 685, ấp Bình Phú - Xã Bình Hòa - Huyện Châu Thành - An Giang","Created":"2015-11-18T04:18:53Z","Updated":"2015-11-18T04:18:53Z","IsDelete":false,"RequestChanged":false,"ExitsInGDT":false,"SourceID":0,"TinhThanhID":0,"TinhThanhTitle":"An Giang","TinhThanhTitleAscii":"/an-giang","QuanHuyenID":0,"NganhNgheTitle":"Sản xuất dầu, mỡ động, thực vật","NganhNgheTitleAscii":"/nganh-nghe/san-xuat-dau-mo-dong-thuc-vat","DSTags":["0312222914-001","An Giang",null]},{"Type":11,"SolrID":"/1601887860-doanh-nghiep-tn-hai-thanh-chau-thanh","ID":0,"MaSoThue":"1601887860","NgayCap":"2013-08-29T00:00:00Z","Title":"Doanh Nghiệp TN Hải Thành Châu Thành","DiaChiCongTy":"ấp Phú Hòa 2 - Xã Bình Hòa - Huyện Châu Thành - An Giang","Created":"2015-11-16T20:29:10Z","Updated":"2015-11-16T20:29:10Z","IsDelete":false,"RequestChanged":false,"ExitsInGDT":false,"SourceID":0,"TinhThanhID":0,"TinhThanhTitle":"An Giang","TinhThanhTitleAscii":"/an-giang","QuanHuyenID":0,"NganhNgheTitle":"Dịch vụ ăn uống khác","NganhNgheTitleAscii":"/nganh-nghe/dich-vu-an-uong-khac","DSTags":["1601887860","An Giang",null]},{"Type":11,"SolrID":"/1601877220-doanh-nghiep-tn-tiem-vang-ngoc-phuong","ID":0,"MaSoThue":"1601877220","NgayCap":"2013-05-29T00:00:00Z","Title":"Doanh Nghiệp TN Tiệm Vàng Ngọc Phượng","DiaChiCongTy":"ấp Phú Hòa I - Xã Bình Hòa - Huyện Châu Thành - An Giang","Created":"2015-11-17T08:11:41Z","Updated":"2015-11-17T08:11:41Z","IsDelete":false,"RequestChanged":false,"ExitsInGDT":false,"SourceID":0,"TinhThanhID":0,"TinhThanhTitle":"An Giang","TinhThanhTitleAscii":"/an-giang","QuanHuyenID":0,"NganhNgheTitle":"Bán buôn kim loại và quặng kim loại","NganhNgheTitleAscii":"/nganh-nghe/ban-buon-kim-loai-va-quang-kim-loai","DSTags":["1601877220","An Giang",null]},{"Type":11,"SolrID":"/1601872423-cong-ty-tnhh-may-mac-xuat-nhap-khau-paoyuan-an-giang","ID":0,"MaSoThue":"1601872423","NgayCap":"2013-04-26T00:00:00Z","Title":"Công ty TNHH May Mặc Xuất nhập khẩu PAOYUAN AN GIANG","DiaChiCongTy":"Lô C3 KCN Bình Hòa - Xã Bình Hòa - Huyện Châu Thành - An Giang","Created":"2015-11-11T22:38:00Z","Updated":"2015-11-11T22:38:00Z","IsDelete":false,"RequestChanged":false,"ExitsInGDT":false,"SourceID":0,"TinhThanhID":0,"TinhThanhTitle":"An Giang","TinhThanhTitleAscii":"/an-giang","QuanHuyenID":0,"NganhNgheTitle":"Sản xuất hàng may sẵn (trừ trang phục)","NganhNgheTitleAscii":"/nganh-nghe/san-xuat-hang-may-san-tru-trang-phuc","DSTags":["1601872423","An Giang",null]},{"Type":11,"SolrID":"/1600942942-001-chi-nhanh-cong-ty-tnhh-xay-dung-loc-phat","ID":0,"MaSoThue":"1600942942-001","NgayCap":"2013-04-18T00:00:00Z","Title":"Chi Nhánh Công Ty TNHH Xây Dựng Lộc Phát","DiaChiCongTy":"ấp Bình Phú 1 - Xã Bình Hòa - Huyện Châu Thành - An Giang","Created":"2015-11-11T01:14:52Z","Updated":"2015-11-11T01:14:52Z","IsDelete":false,"RequestChanged":false,"ExitsInGDT":false,"SourceID":0,"TinhThanhID":0,"TinhThanhTitle":"An Giang","TinhThanhTitleAscii":"/an-giang","QuanHuyenID":0,"NganhNgheTitle":"Sản xuất sản phẩm khác bằng kim loại chưa được phân vào đâu","NganhNgheTitleAscii":"/nganh-nghe/san-xuat-san-pham-khac-bang-kim-loai-chua-duoc-phan-vao-dau","DSTags":["1600942942-001","An Giang",null]},{"Type":11,"SolrID":"/1601868762-doanh-nghiep-tn-tiem-vang-hong-ngoc-phu","ID":0,"MaSoThue":"1601868762","NgayCap":"2013-03-30T00:00:00Z","Title":"Doanh Nghiệp TN Tiệm Vàng Hồng Ngọc Phú","DiaChiCongTy":"ấp Phú Hòa - Xã Bình Hòa - Huyện Châu Thành - An Giang","Created":"2015-11-16T21:50:54Z","Updated":"2015-11-16T21:50:54Z","IsDelete":false,"RequestChanged":false,"ExitsInGDT":false,"SourceID":0,"TinhThanhID":0,"TinhThanhTitle":"An Giang","TinhThanhTitleAscii":"/an-giang","QuanHuyenID":0,"NganhNgheTitle":"Bán buôn kim loại và quặng kim loại","NganhNgheTitleAscii":"/nganh-nghe/ban-buon-kim-loai-va-quang-kim-loai","DSTags":["1601868762","An Giang",null]},{"Type":11,"SolrID":"/1601859165-doanh-nghiep-tn-ngo-soi-sau-hoa","ID":0,"MaSoThue":"1601859165","NgayCap":"2013-01-23T00:00:00Z","Title":"Doanh Nghiệp TN Ngô Sồi Sáu Hòa","DiaChiCongTy":"ấp Phú Hòa I - Xã Bình Hòa - Huyện Châu Thành - An Giang","Created":"2015-11-17T20:37:51Z","Updated":"2015-11-17T20:37:51Z","IsDelete":false,"RequestChanged":false,"ExitsInGDT":false,"SourceID":0,"TinhThanhID":0,"TinhThanhTitle":"An Giang","TinhThanhTitleAscii":"/an-giang","QuanHuyenID":0,"NganhNgheTitle":"Bán buôn kim loại và quặng kim loại","NganhNgheTitleAscii":"/nganh-nghe/ban-buon-kim-loai-va-quang-kim-loai","DSTags":["1601859165","An Giang",null]},{"Type":11,"SolrID":"/1601858073-cong-ty-tnhh-mot-thanh-vien-thuy-san-vinh","ID":0,"MaSoThue":"1601858073","NgayCap":"2013-01-17T00:00:00Z","Title":"Công Ty TNHH Một Thành Viên Thủy Sản Vinh","DiaChiCongTy":"Tổ 21, ấp Bình Phú - Xã Bình Hòa - Huyện Châu Thành - An Giang","Created":"2015-11-12T00:59:24Z","Updated":"2015-11-12T00:59:24Z","IsDelete":false,"RequestChanged":false,"ExitsInGDT":false,"SourceID":0,"TinhThanhID":0,"TinhThanhTitle":"An Giang","TinhThanhTitleAscii":"/an-giang","QuanHuyenID":0,"NganhNgheTitle":"Bán buôn nông, lâm sản nguyên liệu (trừ gỗ, tre, nứa) và động vật sống","NganhNgheTitleAscii":"/nganh-nghe/ban-buon-nong-lam-san-nguyen-lieu-tru-go-tre-nua-va-dong-vat-song","DSTags":["1601858073","An Giang",null]},{"Type":11,"SolrID":"/1601850821-cong-ty-tnhh-mot-thanh-vien-xay-dung-thuong-mai-van-tai-toi","ID":0,"MaSoThue":"1601850821","NgayCap":"2012-12-21T00:00:00Z","Title":"Công Ty TNHH Một Thành Viên Xây Dựng Thương Mại Vận Tải Tới","DiaChiCongTy":"Số 855, Tổ 36, ấp Bình Phú 1 - Xã Bình Hòa - Huyện Châu Thành - An Giang","Created":"2015-11-12T01:00:18Z","Updated":"2015-11-12T01:00:18Z","IsDelete":false,"RequestChanged":false,"ExitsInGDT":false,"SourceID":0,"TinhThanhID":0,"TinhThanhTitle":"An Giang","TinhThanhTitleAscii":"/an-giang","QuanHuyenID":0,"NganhNgheTitle":"Bán buôn nông, lâm sản nguyên liệu (trừ gỗ, tre, nứa) và động vật sống","NganhNgheTitleAscii":"/nganh-nghe/ban-buon-nong-lam-san-nguyen-lieu-tru-go-tre-nua-va-dong-vat-song","DSTags":["1601850821","An Giang",null]},{"Type":11,"SolrID":"/1601845116-cong-ty-tnhh-nong-nghiep-sinh-thai-mekong","ID":0,"MaSoThue":"1601845116","NgayCap":"2012-11-30T00:00:00Z","Title":"Công Ty TNHH Nông Nghiệp Sinh Thái Mekong","DiaChiCongTy":"ấp Bình Phú 2 - Xã Bình Hòa - Huyện Châu Thành - An Giang","Created":"2015-11-12T01:01:16Z","Updated":"2015-11-12T01:01:16Z","IsDelete":false,"RequestChanged":false,"ExitsInGDT":false,"SourceID":0,"TinhThanhID":0,"TinhThanhTitle":"An Giang","TinhThanhTitleAscii":"/an-giang","QuanHuyenID":0,"NganhNgheTitle":"Bán buôn gạo","NganhNgheTitleAscii":"/nganh-nghe/ban-buon-gao","DSTags":["1601845116","An Giang",null]},{"Type":11,"SolrID":"/1601780444-cong-ty-tnhh-mot-thanh-vien-tm-dv-xd-xnk-dien-tan","ID":0,"MaSoThue":"1601780444","NgayCap":"2012-06-28T00:00:00Z","Title":"Công Ty TNHH Một Thành Viên Tm-Dv-Xd-Xnk Điền Tân","DiaChiCongTy":"Số 678 Quốc lộ 91, ấp Bình Phú 2 - Xã Bình Hòa - Huyện Châu Thành - An Giang","Created":"2015-11-12T06:42:03Z","Updated":"2015-11-12T06:42:03Z","IsDelete":false,"RequestChanged":false,"ExitsInGDT":false,"SourceID":0,"TinhThanhID":0,"TinhThanhTitle":"An Giang","TinhThanhTitleAscii":"/an-giang","QuanHuyenID":0,"NganhNgheTitle":"Bán buôn gạo","NganhNgheTitleAscii":"/nganh-nghe/ban-buon-gao","DSTags":["1601780444","An Giang",null]},{"Type":11,"SolrID":"/1601761057-doanh-nghiep-tn-bao-ngoc-phat","ID":0,"MaSoThue":"1601761057","NgayCap":"2012-06-06T00:00:00Z","Title":"Doanh Nghiệp TN Bảo Ngọc Phát","DiaChiCongTy":"Tổ 4, ấp Phú An 1 - Xã Bình Hòa - Huyện Châu Thành - An Giang","Created":"2015-11-17T07:37:31Z","Updated":"2015-11-17T07:37:31Z","IsDelete":false,"RequestChanged":false,"ExitsInGDT":false,"SourceID":0,"TinhThanhID":0,"TinhThanhTitle":"An Giang","TinhThanhTitleAscii":"/an-giang","QuanHuyenID":0,"NganhNgheTitle":"Xây dựng công trình đường sắt và đường bộ","NganhNgheTitleAscii":"/nganh-nghe/xay-dung-cong-trinh-duong-sat-va-duong-bo","DSTags":["1601761057","An Giang",null]},{"Type":11,"SolrID":"/1601753391-cong-ty-tnhh-mot-thanh-vien-thinh-triet","ID":0,"MaSoThue":"1601753391","NgayCap":"2012-05-28T00:00:00Z","Title":"Công Ty TNHH Một Thành Viên Thịnh Triết","DiaChiCongTy":"ấp Bình Phú 2 - Xã Bình Hòa - Huyện Châu Thành - An Giang","Created":"2015-11-18T04:48:03Z","Updated":"2015-11-18T04:48:03Z","IsDelete":false,"RequestChanged":false,"ExitsInGDT":false,"SourceID":0,"TinhThanhID":0,"TinhThanhTitle":"An Giang","TinhThanhTitleAscii":"/an-giang","QuanHuyenID":0,"NganhNgheTitle":"Bán buôn đồ dùng khác cho gia đình","NganhNgheTitleAscii":"/nganh-nghe/ban-buon-do-dung-khac-cho-gia-dinh","DSTags":["1601753391","An Giang",null]},{"Type":11,"SolrID":"/1601688350-doanh-nghiep-tn-doan-nam-phuong","ID":0,"MaSoThue":"1601688350","NgayCap":"2012-03-23T00:00:00Z","Title":"Doanh Nghiệp TN Đoàn Nam Phương","DiaChiCongTy":"Số 1276, ấp Phú Hòa 2 - Xã Bình Hòa - Huyện Châu Thành - An Giang","Created":"2015-11-10T01:39:51Z","Updated":"2015-11-10T01:39:51Z","IsDelete":false,"RequestChanged":false,"ExitsInGDT":false,"SourceID":0,"TinhThanhID":0,"TinhThanhTitle":"An Giang","TinhThanhTitleAscii":"/an-giang","QuanHuyenID":0,"NganhNgheTitle":"Sản xuất sản phẩm gốm sứ khác","NganhNgheTitleAscii":"/nganh-nghe/san-xuat-san-pham-gom-su-khac","DSTags":["1601688350","An Giang",null]},{"Type":11,"SolrID":"/1601678835-cong-ty-tnhh-van-phuoc-tin","ID":0,"MaSoThue":"1601678835","NgayCap":"2012-03-15T00:00:00Z","Title":"Công Ty TNHH Vạn Phước Tín","DiaChiCongTy":"ấp Bình Phú 1 - Xã Bình Hòa - Huyện Châu Thành - An Giang","Created":"2015-11-13T08:56:39Z","Updated":"2015-11-13T08:56:39Z","IsDelete":false,"RequestChanged":false,"ExitsInGDT":false,"SourceID":0,"TinhThanhID":0,"TinhThanhTitle":"An Giang","TinhThanhTitleAscii":"/an-giang","QuanHuyenID":0,"NganhNgheTitle":"Chuẩn bị mặt bằng","NganhNgheTitleAscii":"/nganh-nghe/chuan-bi-mat-bang","DSTags":["1601678835","An Giang",null]},{"Type":11,"SolrID":"/1601579866-doanh-nghiep-tn-i-thao-nguyen","ID":0,"MaSoThue":"1601579866","NgayCap":"2011-10-24T00:00:00Z","Title":"Doanh Nghiệp TN I Thảo Nguyên","DiaChiCongTy":"ấp Bình Phú I - Xã Bình Hòa - Huyện Châu Thành - An Giang","Created":"2015-11-10T01:38:28Z","Updated":"2015-11-10T01:38:28Z","IsDelete":false,"RequestChanged":false,"ExitsInGDT":false,"SourceID":0,"TinhThanhID":0,"TinhThanhTitle":"An Giang","TinhThanhTitleAscii":"/an-giang","QuanHuyenID":0,"NganhNgheTitle":"Dịch vụ lưu trú ngắn ngày","NganhNgheTitleAscii":"/nganh-nghe/dich-vu-luu-tru-ngan-ngay","DSTags":["1601579866","An Giang",null]},{"Type":11,"SolrID":"/1601529720-cong-ty-tnhh-thien-phuc-hung","ID":0,"MaSoThue":"1601529720","NgayCap":"2011-08-19T00:00:00Z","Title":"Công Ty TNHH Thiên Phúc Hưng","DiaChiCongTy":"Số 960, tổ 33 ấp Phú Hòa II - Xã Bình Hòa - Huyện Châu Thành - An Giang","Created":"2015-11-10T01:39:28Z","Updated":"2015-11-10T01:39:28Z","IsDelete":false,"RequestChanged":false,"ExitsInGDT":false,"SourceID":0,"TinhThanhID":0,"TinhThanhTitle":"An Giang","TinhThanhTitleAscii":"/an-giang","QuanHuyenID":0,"NganhNgheTitle":"Nhân và chăm sóc cây giống nông nghiệp","NganhNgheTitleAscii":"/nganh-nghe/nhan-va-cham-soc-cay-giong-nong-nghiep","DSTags":["1601529720","An Giang",null]},{"Type":11,"SolrID":"/1601527762-cong-ty-tnhh-san-xuat-kinh-doanh-ruou-canada","ID":0,"MaSoThue":"1601527762","NgayCap":"2011-08-16T00:00:00Z","Title":"Công ty TNHH Sản Xuất & Kinh Doanh Rượu CANADA","DiaChiCongTy":"Lô K, KCN Bình Hoà - Xã Bình Hòa - Huyện Châu Thành - An Giang","Created":"2015-11-13T22:19:29Z","Updated":"2016-07-24T09:07:50Z","IsDelete":false,"RequestChanged":false,"ExitsInGDT":false,"SourceID":0,"TinhThanhID":0,"TinhThanhTitle":"An Giang","TinhThanhTitleAscii":"/an-giang","QuanHuyenID":0,"NganhNgheTitle":"Sản xuất rượu vang","NganhNgheTitleAscii":"/nganh-nghe/san-xuat-ruou-vang","DSTags":["1601527762","An Giang",null]},{"Type":11,"SolrID":"/1601508495-doanh-nghiep-tn-tran-quoc-ut","ID":0,"MaSoThue":"1601508495","NgayCap":"2011-07-18T00:00:00Z","Title":"Doanh Nghiệp TN Trần Quốc út","DiaChiCongTy":"Xà lan V67-09132, ấp Phú Hòa 1 - Xã Bình Hòa - Huyện Châu Thành - An Giang","Created":"2015-11-16T19:54:39Z","Updated":"2015-11-16T19:54:39Z","IsDelete":false,"RequestChanged":false,"ExitsInGDT":false,"SourceID":0,"TinhThanhID":0,"TinhThanhTitle":"An Giang","TinhThanhTitleAscii":"/an-giang","QuanHuyenID":0,"NganhNgheTitle":"Bán buôn nhiên liệu rắn, lỏng, khí và các sản phẩm liên quan","NganhNgheTitleAscii":"/nganh-nghe/ban-buon-nhien-lieu-ran-long-khi-va-cac-san-pham-lien-quan","DSTags":["1601508495","An Giang",null]},{"Type":11,"SolrID":"/1601507484-cong-ty-tnhh-shyang-ho-hsin","ID":0,"MaSoThue":"1601507484","NgayCap":"2011-07-14T00:00:00Z","Title":"Công ty TNHH SHYANG HO HSIN","DiaChiCongTy":"Lô C6 KCN Bình Hoà - Xã Bình Hòa - Huyện Châu Thành - An Giang","Created":"2015-11-13T22:24:14Z","Updated":"2016-07-06T14:24:17Z","IsDelete":false,"RequestChanged":false,"ExitsInGDT":false,"SourceID":0,"TinhThanhID":0,"TinhThanhTitle":"An Giang","TinhThanhTitleAscii":"/an-giang","QuanHuyenID":0,"NganhNgheTitle":"Bán buôn giày dép","NganhNgheTitleAscii":"/nganh-nghe/ban-buon-giay-dep","DSTags":["1601507484","An Giang",null]},{"Type":11,"SolrID":"/1601501330-cong-ty-tnhh-may-thong-my","ID":0,"MaSoThue":"1601501330","NgayCap":"2011-06-29T00:00:00Z","Title":"Công Ty TNHH May Thông Mỹ","DiaChiCongTy":"Số 576, Tổ 21, ấp Bình Phú 2 - Xã Bình Hòa - Huyện Châu Thành - An Giang","Created":"2015-11-09T12:36:25Z","Updated":"2015-11-09T12:36:25Z","IsDelete":false,"RequestChanged":false,"ExitsInGDT":false,"SourceID":0,"TinhThanhID":0,"TinhThanhTitle":"An Giang","TinhThanhTitleAscii":"/an-giang","QuanHuyenID":0,"NganhNgheTitle":"May trang phục (trừ trang phục từ da lông thú)","NganhNgheTitleAscii":"/nganh-nghe/may-trang-phuc-tru-trang-phuc-tu-da-long-thu","DSTags":["1601501330","An Giang",null]},{"Type":11,"SolrID":"/1601402410-001-chi-nhanh-doanh-nghiep-tu-nhan-anh-thu-chi-nhanh-1","ID":0,"MaSoThue":"1601402410-001","NgayCap":"2011-01-17T00:00:00Z","Title":"Chi Nhánh Doanh Nghiệp Tư Nhân Anh Thu-Chi Nhánh 1","DiaChiCongTy":"ấp Phú Hòa - Xã Bình Hòa - Huyện Châu Thành - An Giang","Created":"2015-11-17T00:14:51Z","Updated":"2015-11-17T00:14:51Z","IsDelete":false,"RequestChanged":false,"ExitsInGDT":false,"SourceID":0,"TinhThanhID":0,"TinhThanhTitle":"An Giang","TinhThanhTitleAscii":"/an-giang","QuanHuyenID":0,"NganhNgheTitle":"Bán buôn đồ dùng khác cho gia đình","NganhNgheTitleAscii":"/nganh-nghe/ban-buon-do-dung-khac-cho-gia-dinh","DSTags":["1601402410-001","An Giang",null]},{"Type":11,"SolrID":"/1601433345-cong-ty-tnhh-mot-thanh-vien-ha-thanh","ID":0,"MaSoThue":"1601433345","NgayCap":"2010-12-15T00:00:00Z","Title":"Công Ty TNHH Một Thành Viên Hà Thanh","DiaChiCongTy":"ấp Bình Phú - Xã Bình Hòa - Huyện Châu Thành - An Giang","Created":"2015-11-10T01:43:48Z","Updated":"2015-11-10T01:43:48Z","IsDelete":false,"RequestChanged":false,"ExitsInGDT":false,"SourceID":0,"TinhThanhID":0,"TinhThanhTitle":"An Giang","TinhThanhTitleAscii":"/an-giang","QuanHuyenID":0,"NganhNgheTitle":"Khai khoáng khác chưa được phân vào đâu","NganhNgheTitleAscii":"/nganh-nghe/khai-khoang-khac-chua-duoc-phan-vao-dau-10612","DSTags":["1601433345","An Giang",null]},{"Type":11,"SolrID":"/1601423146-cong-ty-co-phan-lemna-an-giang","ID":0,"MaSoThue":"1601423146","NgayCap":"2010-12-03T00:00:00Z","Title":"Công ty Cổ phần LEMNA An Giang","DiaChiCongTy":"Xã Bình Hoà - Huyện Châu Thành - An Giang","Created":"2015-11-14T05:18:54Z","Updated":"2015-11-14T05:18:54Z","IsDelete":false,"RequestChanged":false,"ExitsInGDT":false,"SourceID":0,"TinhThanhID":0,"TinhThanhTitle":"An Giang","TinhThanhTitleAscii":"/an-giang","QuanHuyenID":0,"NganhNgheTitle":"Xử lý và tiêu huỷ rác thải","NganhNgheTitleAscii":"/nganh-nghe/xu-ly-va-tieu-huy-rac-thai","DSTags":["1601423146","An Giang",null]},{"Type":11,"SolrID":"/1600191767-028-chi-nhanh-cong-ty-cp-du-lich-an-giang-nha-may-che-bien-gao-xuat-khau-phu-hoa","ID":0,"MaSoThue":"1600191767-028","NgayCap":"2010-11-10T00:00:00Z","Title":"Chi Nhánh Công Ty CP Du Lịch An Giang - Nhà Máy Chế Biến Gạo Xuất Khẩu Phú Hòa","DiaChiCongTy":"ấp Phú Hòa 2 - Xã Bình Hòa - Huyện Châu Thành - An Giang","Created":"2015-11-17T19:46:11Z","Updated":"2015-11-17T19:46:11Z","IsDelete":false,"RequestChanged":false,"ExitsInGDT":false,"SourceID":0,"TinhThanhID":0,"TinhThanhTitle":"An Giang","TinhThanhTitleAscii":"/an-giang","QuanHuyenID":0,"NganhNgheTitle":"Khai khoáng khác chưa được phân vào đâu","NganhNgheTitleAscii":"/nganh-nghe/khai-khoang-khac-chua-duoc-phan-vao-dau-10612","DSTags":["1600191767-028","An Giang",null]},{"Type":11,"SolrID":"/1600191767-031-chi-nhanh-cong-ty-co-phan-du-lich-an-giang-nha-may-che-bien-gao-xuat-khau-binh-hoa","ID":0,"MaSoThue":"1600191767-031","NgayCap":"2010-11-09T00:00:00Z","Title":"Chi Nhánh Công Ty Cổ Phần Du Lịch An Giang - Nhà Máy Chế Biến Gạo Xuất Khẩu Bình Hoà","DiaChiCongTy":"ấp Phú Hoà - Xã Bình Hòa - Huyện Châu Thành - An Giang","Created":"2015-11-17T19:46:14Z","Updated":"2015-11-17T19:46:14Z","IsDelete":false,"RequestChanged":false,"ExitsInGDT":false,"SourceID":0,"TinhThanhID":0,"TinhThanhTitle":"An Giang","TinhThanhTitleAscii":"/an-giang","QuanHuyenID":0,"NganhNgheTitle":"Bán lẻ lương thực, thực phẩm, đồ uống, thuốc lá, thuốc lào chiếm tỷ trọng lớn trong các cửa hàng kinh doanh tổng hợp","NganhNgheTitleAscii":"/nganh-nghe/ban-le-luong-thuc-thuc-pham-do-uong-thuoc-la-thuoc-lao-chiem-ty-trong-lon-trong-cac-cua-hang-kinh-doanh-tong-hop","DSTags":["1600191767-031","An Giang",null]},{"Type":11,"SolrID":"/1601399038-cong-ty-tnhh-san-xuat-thuong-mai-xuat-nhap-khau-gia-lac","ID":0,"MaSoThue":"1601399038","NgayCap":"2010-09-21T00:00:00Z","Title":"Công Ty TNHH Sản Xuất - Thương Mại - Xuất Nhập Khẩu Gia Lạc","DiaChiCongTy":"ấp Bình Phú 2 - Xã Bình Hòa - Huyện Châu Thành - An Giang","Created":"2015-11-11T08:03:49Z","Updated":"2015-11-11T08:03:49Z","IsDelete":false,"RequestChanged":false,"ExitsInGDT":false,"SourceID":0,"TinhThanhID":0,"TinhThanhTitle":"An Giang","TinhThanhTitleAscii":"/an-giang","QuanHuyenID":0,"NganhNgheTitle":"Sản xuất sơn, véc ni và các chất sơn, quét tương tự; sản xuất mực in và ma tít","NganhNgheTitleAscii":"/nganh-nghe/san-xuat-son-vec-ni-va-cac-chat-son-quet-tuong-tu-san-xuat-muc-in-va-ma-tit","DSTags":["1601399038","An Giang",null]},{"Type":11,"SolrID":"/1601359028-cty-tnhh-may-mac-masata","ID":0,"MaSoThue":"1601359028","NgayCap":"2010-06-09T00:00:00Z","Title":"Cty TNHH May Mặc MASATA","DiaChiCongTy":"ấp Phú Hoà 2 - Xã Bình Hòa - Huyện Châu Thành - An Giang","Created":"2015-11-08T22:50:55Z","Updated":"2015-11-08T22:50:55Z","IsDelete":false,"RequestChanged":false,"ExitsInGDT":false,"SourceID":0,"TinhThanhID":0,"TinhThanhTitle":"An Giang","TinhThanhTitleAscii":"/an-giang","QuanHuyenID":0,"NganhNgheTitle":"Sản xuất máy cho ngành dệt, may và da","NganhNgheTitleAscii":"/nganh-nghe/san-xuat-may-cho-nganh-det-may-va-da","DSTags":["1601359028","An Giang",null]},{"Type":11,"SolrID":"/1100665779-002-chi-nhanh-cty-tnhh-an-nong-ag","ID":0,"MaSoThue":"1100665779-002","NgayCap":"2010-04-29T00:00:00Z","Title":"Chi nhánh Cty TNHH An Nông AG","DiaChiCongTy":"QL 91 ấp Phú Hoà 1 - Xã Bình Hòa - Huyện Châu Thành - An Giang","Created":"2015-11-17T18:37:57Z","Updated":"2015-11-17T18:37:57Z","IsDelete":false,"RequestChanged":false,"ExitsInGDT":false,"SourceID":0,"TinhThanhID":0,"TinhThanhTitle":"An Giang","TinhThanhTitleAscii":"/an-giang","QuanHuyenID":0,"NganhNgheTitle":"Bán buôn phân bón, thuốc trừ sâu và hóa chất khác sử dụng trong nông nghiệp","NganhNgheTitleAscii":"/nganh-nghe/ban-buon-phan-bon-thuoc-tru-sau-va-hoa-chat-khac-su-dung-trong-nong-nghiep","DSTags":["1100665779-002","An Giang",null]},{"Type":11,"SolrID":"/1601332114-cong-ty-tnhh-mtv-tm-sx-dv-quoc-anh","ID":0,"MaSoThue":"1601332114","NgayCap":"2010-04-21T00:00:00Z","Title":"Công Ty TNHH MTV TM - SX - DV Quốc Anh","DiaChiCongTy":"Tổ 34, ấp Bình Phú 1 - Xã Bình Hòa - Huyện Châu Thành - An Giang","Created":"2015-11-11T10:23:10Z","Updated":"2015-11-11T10:23:10Z","IsDelete":false,"RequestChanged":false,"ExitsInGDT":false,"SourceID":0,"TinhThanhID":0,"TinhThanhTitle":"An Giang","TinhThanhTitleAscii":"/an-giang","QuanHuyenID":0,"NganhNgheTitle":"Vận tải hàng hóa bằng đường bộ","NganhNgheTitleAscii":"/nganh-nghe/van-tai-hang-hoa-bang-duong-bo","DSTags":["1601332114","An Giang",null]},{"Type":11,"SolrID":"/1601313841-cty-tnhh-thanh-long-long-xuyen","ID":0,"MaSoThue":"1601313841","NgayCap":"2010-03-19T00:00:00Z","Title":"Cty TNHH Thanh Long Long Xuyên","DiaChiCongTy":"QL 91 ấp Bình Phú 2 - Xã Bình Hòa - Huyện Châu Thành - An Giang","Created":"2015-11-09T09:47:21Z","Updated":"2015-11-09T09:47:21Z","IsDelete":false,"RequestChanged":false,"ExitsInGDT":false,"SourceID":0,"TinhThanhID":0,"TinhThanhTitle":"An Giang","TinhThanhTitleAscii":"/an-giang","QuanHuyenID":0,"NganhNgheTitle":"Bán buôn vật liệu, thiết bị lắp đặt khác trong xây dựng","NganhNgheTitleAscii":"/nganh-nghe/ban-buon-vat-lieu-thiet-bi-lap-dat-khac-trong-xay-dung","DSTags":["1601313841","An Giang",null]},{"Type":11,"SolrID":"/1601293313-doanh-nghiep-tn-sau-nghiep","ID":0,"MaSoThue":"1601293313","NgayCap":"2010-02-01T00:00:00Z","Title":"Doanh Nghiệp TN Sáu Nghiệp","DiaChiCongTy":"ấp Bình Phú 1 - Xã Bình Hòa - Huyện Châu Thành - An Giang","Created":"2015-11-16T22:03:59Z","Updated":"2015-11-16T22:03:59Z","IsDelete":false,"RequestChanged":false,"ExitsInGDT":false,"SourceID":0,"TinhThanhID":0,"TinhThanhTitle":"An Giang","TinhThanhTitleAscii":"/an-giang","QuanHuyenID":0,"NganhNgheTitle":"Khách sạn","NganhNgheTitleAscii":"/nganh-nghe/khach-san","DSTags":["1601293313","An Giang",null]},{"Type":11,"SolrID":"/1601289437-cong-ty-tnhh-mot-thanh-vien-tam-tri-vi","ID":0,"MaSoThue":"1601289437","NgayCap":"2010-01-18T00:00:00Z","Title":"Công Ty TNHH Một Thành Viên Tâm Trí Vĩ","DiaChiCongTy":"Tổ 4, ấp Phú An I - Xã Bình Hòa - Huyện Châu Thành - An Giang","Created":"2015-11-09T20:25:44Z","Updated":"2015-11-09T20:25:44Z","IsDelete":false,"RequestChanged":false,"ExitsInGDT":false,"SourceID":0,"TinhThanhID":0,"TinhThanhTitle":"An Giang","TinhThanhTitleAscii":"/an-giang","QuanHuyenID":0,"NganhNgheTitle":"Cưa, xẻ, bào gỗ và bảo quản gỗ","NganhNgheTitleAscii":"/nganh-nghe/cua-xe-bao-go-va-bao-quan-go","DSTags":["1601289437","An Giang",null]},{"Type":11,"SolrID":"/1601225835-cong-ty-cp-tu-van-dau-tu-me-kong","ID":0,"MaSoThue":"1601225835","NgayCap":"2009-10-16T00:00:00Z","Title":"Công Ty CP Tư Vấn Đầu Tư Me Kong","DiaChiCongTy":"Số 832, tổ 29, ấp Phú Hòa 2 - Xã Bình Hòa - Huyện Châu Thành - An Giang","Created":"2015-11-11T10:57:21Z","Updated":"2015-11-11T10:57:21Z","IsDelete":false,"RequestChanged":false,"ExitsInGDT":false,"SourceID":0,"TinhThanhID":0,"TinhThanhTitle":"An Giang","TinhThanhTitleAscii":"/an-giang","QuanHuyenID":0,"NganhNgheTitle":"Bán buôn chuyên doanh khác","NganhNgheTitleAscii":"/nganh-nghe/ban-buon-chuyen-doanh-khac","DSTags":["1601225835","An Giang",null]},{"Type":11,"SolrID":"/2400285787-003-chi-nhanh-cty-co-phan-dai-hoang-son-tai-an-giang","ID":0,"MaSoThue":"2400285787-003","NgayCap":"2009-08-05T00:00:00Z","Title":"Chi nhánh Cty Cổ phần Đại Hoàng Sơn tại An Giang","DiaChiCongTy":"QL 91, tổ 20, ấp Bình Phú 2, xã Bình Hoà - Huyện Châu Thành - An Giang","Created":"2015-11-18T11:33:36Z","Updated":"2015-11-18T11:33:36Z","IsDelete":false,"RequestChanged":false,"ExitsInGDT":false,"SourceID":0,"TinhThanhID":0,"TinhThanhTitle":"An Giang","TinhThanhTitleAscii":"/an-giang","QuanHuyenID":0,"NganhNgheTitle":"Xây dựng công trình kỹ thuật dân dụng","NganhNgheTitleAscii":"/nganh-nghe/xay-dung-cong-trinh-ky-thuat-dan-dung","DSTags":["2400285787-003","An Giang",null]},{"Type":11,"SolrID":"/1601201337-cty-tnhh-san-xuat-tm-thien-xanh","ID":0,"MaSoThue":"1601201337","NgayCap":"2009-07-29T00:00:00Z","Title":"Cty TNHH Sản xuất & TM Thiên Xanh","DiaChiCongTy":"618 Quốc lộ 91, Tổ 20, ấp Bình Phú 2, xã Bình Hòa - Huyện Châu Thành - An Giang","Created":"2015-11-13T22:29:03Z","Updated":"2015-11-13T22:29:03Z","IsDelete":false,"RequestChanged":false,"ExitsInGDT":false,"SourceID":0,"TinhThanhID":0,"TinhThanhTitle":"An Giang","TinhThanhTitleAscii":"/an-giang","QuanHuyenID":0,"NganhNgheTitle":"Sản xuất than cốc","NganhNgheTitleAscii":"/nganh-nghe/san-xuat-than-coc","DSTags":["1601201337","An Giang",null]},{"Type":11,"SolrID":"/1601195193-cty-tnhh-mot-thanh-vien-le-thi-the","ID":0,"MaSoThue":"1601195193","NgayCap":"2009-07-22T00:00:00Z","Title":"Cty TNHH Một Thành Viên Lê Thị Thẻ","DiaChiCongTy":"Tổ 4 ấp Phú An, xã Bình Hoà - Huyện Châu Thành - An Giang","Created":"2015-11-09T02:29:27Z","Updated":"2015-11-09T02:29:27Z","IsDelete":false,"RequestChanged":false,"ExitsInGDT":false,"SourceID":0,"TinhThanhID":0,"TinhThanhTitle":"An Giang","TinhThanhTitleAscii":"/an-giang","QuanHuyenID":0,"NganhNgheTitle":"Vận tải đường bộ khác","NganhNgheTitleAscii":"/nganh-nghe/van-tai-duong-bo-khac","DSTags":["1601195193","An Giang",null]},{"Type":11,"SolrID":"/1600986379-001-cn-cty-tnhh-tu-van-xay-dung-hoa-luc","ID":0,"MaSoThue":"1600986379-001","NgayCap":"2009-06-10T00:00:00Z","Title":"CN Cty TNHH Tư Vấn & Xây dựng Hoà Lực","DiaChiCongTy":"682 QL 91, ấp Bình Phú II, xã Bình Hoà - Huyện Châu Thành - An Giang","Created":"2015-11-19T06:32:21Z","Updated":"2015-11-19T06:32:21Z","IsDelete":false,"RequestChanged":false,"ExitsInGDT":false,"SourceID":0,"TinhThanhID":0,"TinhThanhTitle":"An Giang","TinhThanhTitleAscii":"/an-giang","QuanHuyenID":0,"NganhNgheTitle":"Xây dựng công trình kỹ thuật dân dụng","NganhNgheTitleAscii":"/nganh-nghe/xay-dung-cong-trinh-ky-thuat-dan-dung","DSTags":["1600986379-001","An Giang",null]},{"Type":11,"SolrID":"/1600954271-003-chi-nhanh-iii-nha-nghi-thanh-trung","ID":0,"MaSoThue":"1600954271-003","NgayCap":"2009-05-26T00:00:00Z","Title":"Chi nhánh III Nhà nghỉ Thành Trung","DiaChiCongTy":"839 QL 91, xã Bình Hoà - Huyện Châu Thành - An Giang","Created":"2015-11-10T01:42:21Z","Updated":"2015-11-10T01:42:21Z","IsDelete":false,"RequestChanged":false,"ExitsInGDT":false,"SourceID":0,"TinhThanhID":0,"TinhThanhTitle":"An Giang","TinhThanhTitleAscii":"/an-giang","QuanHuyenID":0,"NganhNgheTitle":"Dịch vụ lưu trú ngắn ngày","NganhNgheTitleAscii":"/nganh-nghe/dich-vu-luu-tru-ngan-ngay","DSTags":["1600954271-003","An Giang",null]},{"Type":11,"SolrID":"/1601043176-cty-tnhh-mot-thanh-vien-tm-xd-gia-an","ID":0,"MaSoThue":"1601043176","NgayCap":"2009-02-25T00:00:00Z","Title":"Cty TNHH Một Thành Viên TM - XD Gia An","DiaChiCongTy":"ấp Phú Hoà 2, xã Bình Hoà - Huyện Châu Thành - An Giang","Created":"2015-11-13T22:32:51Z","Updated":"2015-11-13T22:32:51Z","IsDelete":false,"RequestChanged":false,"ExitsInGDT":false,"SourceID":0,"TinhThanhID":0,"TinhThanhTitle":"An Giang","TinhThanhTitleAscii":"/an-giang","QuanHuyenID":0,"NganhNgheTitle":"Xây dựng công trình kỹ thuật dân dụng","NganhNgheTitleAscii":"/nganh-nghe/xay-dung-cong-trinh-ky-thuat-dan-dung","DSTags":["1601043176","An Giang",null]},{"Type":11,"SolrID":"/1600376599-doanh-nghiep-tn-my-dung-i","ID":0,"MaSoThue":"1600376599","NgayCap":"2009-02-19T00:00:00Z","Title":"Doanh Nghiệp TN Mỹ Dung I","DiaChiCongTy":"Số 1125, ấp Phú Hòa 1 - Xã Bình Hòa - Huyện Châu Thành - An Giang","Created":"2015-11-17T00:05:38Z","Updated":"2015-11-17T00:05:38Z","IsDelete":false,"RequestChanged":false,"ExitsInGDT":false,"SourceID":0,"TinhThanhID":0,"TinhThanhTitle":"An Giang","TinhThanhTitleAscii":"/an-giang","QuanHuyenID":0,"NganhNgheTitle":"Bán buôn nhiên liệu rắn, lỏng, khí và các sản phẩm liên quan","NganhNgheTitleAscii":"/nganh-nghe/ban-buon-nhien-lieu-ran-long-khi-va-cac-san-pham-lien-quan","DSTags":["1600376599","An Giang",null]},{"Type":11,"SolrID":"/1601030547-cong-ty-tnhh-mot-thanh-vien-van-loi-chau-thanh","ID":0,"MaSoThue":"1601030547","NgayCap":"2009-02-07T00:00:00Z","Title":"Công Ty TNHH Một Thành Viên Vạn Lợi Châu Thành","DiaChiCongTy":"Tổ 30, ấp Bình Phú 2 - Xã Bình Hòa - Huyện Châu Thành - An Giang","Created":"2015-11-09T21:30:35Z","Updated":"2015-11-09T21:30:35Z","IsDelete":false,"RequestChanged":false,"ExitsInGDT":false,"SourceID":0,"TinhThanhID":0,"TinhThanhTitle":"An Giang","TinhThanhTitleAscii":"/an-giang","QuanHuyenID":0,"NganhNgheTitle":"Sản xuất các cấu kiện kim loại","NganhNgheTitleAscii":"/nganh-nghe/san-xuat-cac-cau-kien-kim-loai","DSTags":["1601030547","An Giang",null]},{"Type":11,"SolrID":"/0302327629-009-chi-nhanh-cong-ty-co-phan-khu-trung-viet-nam-tai-an-giang","ID":0,"MaSoThue":"0302327629-009","NgayCap":"2008-08-05T00:00:00Z","Title":"Chi Nhánh Công Ty Cổ Phần Khử Trùng Việt Nam Tại An Giang","DiaChiCongTy":"Số 612, Quốc lộ 91, ấp Bình Phú 2 - Xã Bình Hòa - Huyện Châu Thành - An Giang","Created":"2015-11-08T12:17:34Z","Updated":"2015-11-08T12:17:34Z","IsDelete":false,"RequestChanged":false,"ExitsInGDT":false,"SourceID":0,"TinhThanhID":0,"TinhThanhTitle":"An Giang","TinhThanhTitleAscii":"/an-giang","QuanHuyenID":0,"NganhNgheTitle":"Bán buôn chuyên doanh khác chưa được phân vào đâu","NganhNgheTitleAscii":"/nganh-nghe/ban-buon-chuyen-doanh-khac-chua-duoc-phan-vao-dau","DSTags":["0302327629-009","An Giang",null]},{"Type":11,"SolrID":"/1600947059-dntn-tam-phuoc","ID":0,"MaSoThue":"1600947059","NgayCap":"2008-03-11T00:00:00Z","Title":"DNTN Tâm Phước","DiaChiCongTy":"ấp Phú Hoà 2, xã Bình Hoà - Huyện Châu Thành - An Giang","Created":"2015-11-11T08:12:52Z","Updated":"2015-11-11T08:12:52Z","IsDelete":false,"RequestChanged":false,"ExitsInGDT":false,"SourceID":0,"TinhThanhID":0,"TinhThanhTitle":"An Giang","TinhThanhTitleAscii":"/an-giang","QuanHuyenID":0,"NganhNgheTitle":"Giáo dục nghề nghiệp","NganhNgheTitleAscii":"/nganh-nghe/giao-duc-nghe-nghiep","DSTags":["1600947059","An Giang",null]},{"Type":11,"SolrID":"/1600926161-cty-co-phan-che-bien-xnk-thuy-san-binh-hoa","ID":0,"MaSoThue":"1600926161","NgayCap":"2007-12-19T00:00:00Z","Title":"Cty Cổ Phần Chế Biến XNK Thuỷ Sản Bình Hoà","DiaChiCongTy":"Lô C1 Khu Công nghiệp, xã Bình Hoà - Huyện Châu Thành - An Giang","Created":"2015-11-13T22:40:48Z","Updated":"2015-11-13T22:40:48Z","IsDelete":false,"RequestChanged":false,"ExitsInGDT":false,"SourceID":0,"TinhThanhID":0,"TinhThanhTitle":"An Giang","TinhThanhTitleAscii":"/an-giang","QuanHuyenID":0,"NganhNgheTitle":"Khai thác, nuôi trồng thuỷ sản","NganhNgheTitleAscii":"/nganh-nghe/khai-thac-nuoi-trong-thuy-san","DSTags":["1600926161","An Giang",null]},{"Type":11,"SolrID":"/1600923072-cong-ty-tnhh-hiep-phu","ID":0,"MaSoThue":"1600923072","NgayCap":"2007-12-17T00:00:00Z","Title":"Công Ty TNHH Hiệp Phú","DiaChiCongTy":"Tổ 19, ấp Bình Phú I - Xã Bình Hòa - Huyện Châu Thành - An Giang","Created":"2015-11-09T04:00:48Z","Updated":"2015-11-09T04:00:48Z","IsDelete":false,"RequestChanged":false,"ExitsInGDT":false,"SourceID":0,"TinhThanhID":0,"TinhThanhTitle":"An Giang","TinhThanhTitleAscii":"/an-giang","QuanHuyenID":0,"NganhNgheTitle":"Bán buôn nông, lâm sản nguyên liệu (trừ gỗ, tre, nứa) và động vật sống","NganhNgheTitleAscii":"/nganh-nghe/ban-buon-nong-lam-san-nguyen-lieu-tru-go-tre-nua-va-dong-vat-song","DSTags":["1600923072","An Giang",null]},{"Type":11,"SolrID":"/1600849936-doanh-nghiep-tu-nhan-hai-nga","ID":0,"MaSoThue":"1600849936","NgayCap":"2006-08-24T00:00:00Z","Title":"Doanh Nghiệp Tư Nhân Hai Ngà","DiaChiCongTy":"Quốc lộ 91, ấp Phú Hòa 1, Xã Bình Hòa, Huyện Châu Thành, Tỉnh An Giang","Created":"2018-06-07T10:35:58Z","Updated":"2018-06-07T10:35:58Z","IsDelete":false,"RequestChanged":false,"ExitsInGDT":false,"SourceID":0,"TinhThanhID":0,"TinhThanhTitle":"An Giang","TinhThanhTitleAscii":"/an-giang","QuanHuyenID":0,"DSTags":["1600849936","An Giang",null]},{"Type":11,"SolrID":"/1600847625-cong-ty-tnhh-tien-bo","ID":0,"MaSoThue":"1600847625","NgayCap":"2006-08-15T00:00:00Z","Title":"Công ty TNHH Tiến Bộ","DiaChiCongTy":"Lô C2 KCN Bình Hoà, xã Bình Hoà - Huyện Châu Thành - An Giang","Created":"2015-11-13T22:44:21Z","Updated":"2015-11-13T22:44:21Z","IsDelete":false,"RequestChanged":false,"ExitsInGDT":false,"SourceID":0,"TinhThanhID":0,"TinhThanhTitle":"An Giang","TinhThanhTitleAscii":"/an-giang","QuanHuyenID":0,"NganhNgheTitle":"Đúc sắt thép","NganhNgheTitleAscii":"/nganh-nghe/duc-sat-thep","DSTags":["1600847625","An Giang",null]},{"Type":11,"SolrID":"/1600828277-cong-ty-tnhh-thuong-mai-xay-dung-minh-duc","ID":0,"MaSoThue":"1600828277","NgayCap":"2006-02-24T00:00:00Z","Title":"Công Ty TNHH Thương Mại-Xây Dựng Minh Đức","DiaChiCongTy":"Quốc lộ 91, ấp Bình Phú 2 - Xã Bình Hòa - Huyện Châu Thành - An Giang","Created":"2015-11-09T02:12:22Z","Updated":"2015-11-09T02:12:22Z","IsDelete":false,"RequestChanged":false,"ExitsInGDT":false,"SourceID":0,"TinhThanhID":0,"TinhThanhTitle":"An Giang","TinhThanhTitleAscii":"/an-giang","QuanHuyenID":0,"NganhNgheTitle":"Xây dựng nhà các loại","NganhNgheTitleAscii":"/nganh-nghe/xay-dung-nha-cac-loai","DSTags":["1600828277","An Giang",null]},{"Type":11,"SolrID":"/1600824096-doanh-nghiep-tn-le-phat","ID":0,"MaSoThue":"1600824096","NgayCap":"2006-01-20T00:00:00Z","Title":"Doanh Nghiệp TN Lê Phát","DiaChiCongTy":"Tổ 32, ấp Phú Hòa 1 - Xã Bình Hòa - Huyện Châu Thành - An Giang","Created":"2015-11-09T22:33:13Z","Updated":"2015-11-09T22:33:13Z","IsDelete":false,"RequestChanged":false,"ExitsInGDT":false,"SourceID":0,"TinhThanhID":0,"TinhThanhTitle":"An Giang","TinhThanhTitleAscii":"/an-giang","QuanHuyenID":0,"NganhNgheTitle":"Xây dựng công trình kỹ thuật dân dụng khác","NganhNgheTitleAscii":"/nganh-nghe/xay-dung-cong-trinh-ky-thuat-dan-dung-khac","DSTags":["1600824096","An Giang",null]},{"Type":11,"SolrID":"/1600787976-cong-ty-co-phan-khoang-san-thach-quyen","ID":0,"MaSoThue":"1600787976","NgayCap":"2005-07-04T00:00:00Z","Title":"Công ty cổ phần khoáng sản Thạch Quyền","DiaChiCongTy":"ấp Bình Phú, xã Bình Hoà - Huyện Châu Thành - An Giang","Created":"2015-11-13T22:46:16Z","Updated":"2015-11-13T22:46:16Z","IsDelete":false,"RequestChanged":false,"ExitsInGDT":false,"SourceID":0,"TinhThanhID":0,"TinhThanhTitle":"An Giang","TinhThanhTitleAscii":"/an-giang","QuanHuyenID":0,"NganhNgheTitle":"Khai thác đá, cát, sỏi, đất sét","NganhNgheTitleAscii":"/nganh-nghe/khai-thac-da-cat-soi-dat-set","DSTags":["1600787976","An Giang",null]},{"Type":11,"SolrID":"/1600691544-truong-trung-hoc-co-so-quan-co-thanh","ID":0,"MaSoThue":"1600691544","NgayCap":"2004-04-14T00:00:00Z","Title":"Trường Trung học cơ sở Quản Cơ Thành","DiaChiCongTy":"xã Bình Hoà - Huyện Châu Thành - An Giang","Created":"2015-11-16T16:04:07Z","Updated":"2015-11-16T16:04:07Z","IsDelete":false,"RequestChanged":false,"ExitsInGDT":false,"SourceID":0,"TinhThanhID":0,"TinhThanhTitle":"An Giang","TinhThanhTitleAscii":"/an-giang","QuanHuyenID":0,"NganhNgheTitle":"Giáo dục trung học cơ sở và trung học phổ thông","NganhNgheTitleAscii":"/nganh-nghe/giao-duc-trung-hoc-co-so-va-trung-hoc-pho-thong","DSTags":["1600691544","An Giang",null]},{"Type":11,"SolrID":"/1600691537-truong-trung-hoc-ban-cong-tien-duc","ID":0,"MaSoThue":"1600691537","NgayCap":"2004-04-14T00:00:00Z","Title":"Trường Trung học bán công Tiến Đức","DiaChiCongTy":"xã Bình Hoà - Huyện Châu Thành - An Giang","Created":"2015-11-16T16:04:09Z","Updated":"2015-11-16T16:04:09Z","IsDelete":false,"RequestChanged":false,"ExitsInGDT":false,"SourceID":0,"TinhThanhID":0,"TinhThanhTitle":"An Giang","TinhThanhTitleAscii":"/an-giang","QuanHuyenID":0,"NganhNgheTitle":"Giáo dục trung học cơ sở và trung học phổ thông","NganhNgheTitleAscii":"/nganh-nghe/giao-duc-trung-hoc-co-so-va-trung-hoc-pho-thong","DSTags":["1600691537","An Giang",null]},{"Type":11,"SolrID":"/1600599588-doanh-nghiep-tn-thanh-son-i","ID":0,"MaSoThue":"1600599588","NgayCap":"2004-02-23T00:00:00Z","Title":"Doanh Nghiệp TN Thanh Sơn I","DiaChiCongTy":"Xà Lan AG-10471-H, Tổ 17, ấp Phú Hòa 2 - Xã Bình Hòa - Huyện Châu Thành - An Giang","Created":"2015-11-11T05:26:58Z","Updated":"2015-11-11T05:26:58Z","IsDelete":false,"RequestChanged":false,"ExitsInGDT":false,"SourceID":0,"TinhThanhID":0,"TinhThanhTitle":"An Giang","TinhThanhTitleAscii":"/an-giang","QuanHuyenID":0,"NganhNgheTitle":"Bán buôn nhiên liệu rắn, lỏng, khí và các sản phẩm liên quan","NganhNgheTitleAscii":"/nganh-nghe/ban-buon-nhien-lieu-ran-long-khi-va-cac-san-pham-lien-quan","DSTags":["1600599588","An Giang",null]},{"Type":11,"SolrID":"/1600638903-doanh-nghiep-tn-minh-thuy","ID":0,"MaSoThue":"1600638903","NgayCap":"2004-02-09T00:00:00Z","Title":"Doanh Nghiệp TN Minh Thúy","DiaChiCongTy":"Tổ 20, ấp Bình Phú 2 - Xã Bình Hòa - Huyện Châu Thành - An Giang","Created":"2015-11-17T00:38:15Z","Updated":"2015-11-17T00:38:15Z","IsDelete":false,"RequestChanged":false,"ExitsInGDT":false,"SourceID":0,"TinhThanhID":0,"TinhThanhTitle":"An Giang","TinhThanhTitleAscii":"/an-giang","QuanHuyenID":0,"NganhNgheTitle":"Bán buôn nhiên liệu rắn, lỏng, khí và các sản phẩm liên quan","NganhNgheTitleAscii":"/nganh-nghe/ban-buon-nhien-lieu-ran-long-khi-va-cac-san-pham-lien-quan","DSTags":["1600638903","An Giang",null]},{"Type":11,"SolrID":"/1600629105-le-hoang-dung","ID":0,"MaSoThue":"1600629105","NgayCap":"2002-09-18T00:00:00Z","Title":"Lê Hoàng Dũng","DiaChiCongTy":"Tổ 5, ấp Phú Hoà 2 Xã Bình Hoà - Huyện Châu Thành - An Giang","Created":"2015-11-14T13:00:21Z","Updated":"2015-11-14T13:00:21Z","IsDelete":false,"RequestChanged":false,"ExitsInGDT":false,"SourceID":0,"TinhThanhID":0,"TinhThanhTitle":"An Giang","TinhThanhTitleAscii":"/an-giang","QuanHuyenID":0,"NganhNgheTitle":"Bán buôn vật liệu, thiết bị lắp đặt khác trong xây dựng","NganhNgheTitleAscii":"/nganh-nghe/ban-buon-vat-lieu-thiet-bi-lap-dat-khac-trong-xay-dung","DSTags":["1600629105","An Giang",null]},{"Type":11,"SolrID":"/1600591405-cong-ty-tnhh-thuong-mai-xay-dung-hoang-huong","ID":0,"MaSoThue":"1600591405","NgayCap":"2001-12-20T00:00:00Z","Title":"Công Ty TNHH Thương Mại - Xây Dựng Hoàng Hương","DiaChiCongTy":"Quốc lộ 91, Tổ 30, ấp Bình Phú 2 - Xã Bình Hòa - Huyện Châu Thành - An Giang","Created":"2015-11-09T21:30:35Z","Updated":"2015-11-09T21:30:35Z","IsDelete":false,"RequestChanged":false,"ExitsInGDT":false,"SourceID":0,"TinhThanhID":0,"TinhThanhTitle":"An Giang","TinhThanhTitleAscii":"/an-giang","QuanHuyenID":0,"NganhNgheTitle":"Bán buôn vật liệu, thiết bị lắp đặt khác trong xây dựng","NganhNgheTitleAscii":"/nganh-nghe/ban-buon-vat-lieu-thiet-bi-lap-dat-khac-trong-xay-dung","DSTags":["1600591405","An Giang",null]},{"Type":11,"SolrID":"/1600249791-005-xi-nghiep-dien-nuoc-huyen-chau-thanh","ID":0,"MaSoThue":"1600249791-005","NgayCap":"1999-02-24T00:00:00Z","Title":"Xí Nghiệp Điện Nước                         Huyện Châu Thành","DiaChiCongTy":"xã Bình Hoà - Huyện Châu Thành - An Giang","Created":"2015-11-17T19:47:32Z","Updated":"2015-11-17T19:47:32Z","IsDelete":false,"RequestChanged":false,"ExitsInGDT":false,"SourceID":0,"TinhThanhID":0,"TinhThanhTitle":"An Giang","TinhThanhTitleAscii":"/an-giang","QuanHuyenID":0,"NganhNgheTitle":"Sản xuất, truyền tải và phân phối điện","NganhNgheTitleAscii":"/nganh-nghe/san-xuat-truyen-tai-va-phan-phoi-dien","DSTags":["1600249791-005","An Giang",null]},{"Type":11,"SolrID":"/1600380651-009-truong-tieu-hoc-a-binh-hoa","ID":0,"MaSoThue":"1600380651-009","NgayCap":"1999-02-23T00:00:00Z","Title":"Trường Tiểu học \"A\" Bình Hòa","DiaChiCongTy":"ấp Phú Hoà 1, xã Bình Hòa - Huyện Châu Thành - An Giang","Created":"2015-11-17T19:51:24Z","Updated":"2015-11-17T19:51:24Z","IsDelete":false,"RequestChanged":false,"ExitsInGDT":false,"SourceID":0,"TinhThanhID":0,"TinhThanhTitle":"An Giang","TinhThanhTitleAscii":"/an-giang","QuanHuyenID":0,"NganhNgheTitle":"Giáo dục tiểu học","NganhNgheTitleAscii":"/nganh-nghe/giao-duc-tieu-hoc","DSTags":["1600380651-009","An Giang",null]},{"Type":11,"SolrID":"/1600380651-010-truong-tieu-hoc-b-binh-hoa","ID":0,"MaSoThue":"1600380651-010","NgayCap":"1999-02-23T00:00:00Z","Title":"Trường Tiểu học \"B\" Bình Hòa","DiaChiCongTy":"ấp Bình Phú, xã Bình Hòa - Huyện Châu Thành - An Giang","Created":"2015-11-17T19:51:25Z","Updated":"2015-11-17T19:51:25Z","IsDelete":false,"RequestChanged":false,"ExitsInGDT":false,"SourceID":0,"TinhThanhID":0,"TinhThanhTitle":"An Giang","TinhThanhTitleAscii":"/an-giang","QuanHuyenID":0,"NganhNgheTitle":"Giáo dục tiểu học","NganhNgheTitleAscii":"/nganh-nghe/giao-duc-tieu-hoc","DSTags":["1600380651-010","An Giang",null]},{"Type":11,"SolrID":"/1600380651-011-truong-tieu-hoc-c-binh-hoa","ID":0,"MaSoThue":"1600380651-011","NgayCap":"1999-02-23T00:00:00Z","Title":"Trường Tiểu học \"C\"  Bình Hòa","DiaChiCongTy":"ấp Phú An 1, xã Bình Hoà - Huyện Châu Thành - An Giang","Created":"2015-11-17T19:51:25Z","Updated":"2015-11-17T19:51:25Z","IsDelete":false,"RequestChanged":false,"ExitsInGDT":false,"SourceID":0,"TinhThanhID":0,"TinhThanhTitle":"An Giang","TinhThanhTitleAscii":"/an-giang","QuanHuyenID":0,"NganhNgheTitle":"Giáo dục tiểu học","NganhNgheTitleAscii":"/nganh-nghe/giao-duc-tieu-hoc","DSTags":["1600380651-011","An Giang",null]},{"Type":11,"SolrID":"/1600376937-dntn-binh-an","ID":0,"MaSoThue":"1600376937","NgayCap":"1999-01-02T00:00:00Z","Title":"DNTN Bình An","DiaChiCongTy":"ấp Bình An I Xã Bình Hoà - Huyện Châu Thành - An Giang","Created":"2015-11-14T16:53:41Z","Updated":"2015-11-14T16:53:41Z","IsDelete":false,"RequestChanged":false,"ExitsInGDT":false,"SourceID":0,"TinhThanhID":0,"TinhThanhTitle":"An Giang","TinhThanhTitleAscii":"/an-giang","QuanHuyenID":0,"NganhNgheTitle":"Bán buôn gạo, thực phẩm, đồ uống và sản phẩm thuốc lá, thuốc lào","NganhNgheTitleAscii":"/nganh-nghe/ban-buon-gao-thuc-pham-do-uong-va-san-pham-thuoc-la-thuoc-lao","DSTags":["1600376937","An Giang",null]},{"Type":11,"SolrID":"/1600184590-005-chi-nhanh-cong-ty-tnhh-mot-thanh-vien-xang-dau-an-giang-cua-hang-xang-dau-binh-hoa","ID":0,"MaSoThue":"1600184590-005","NgayCap":"1998-12-18T00:00:00Z","Title":"Chi Nhánh Công Ty TNHH Một Thành Viên Xăng Dầu An Giang - Cửa Hàng Xăng Dầu Bình Hoà","DiaChiCongTy":"ấp Bình Phú 1 - Xã Bình Hòa - Huyện Châu Thành - An Giang","Created":"2015-11-10T01:41:52Z","Updated":"2015-11-10T01:41:52Z","IsDelete":false,"RequestChanged":false,"ExitsInGDT":false,"SourceID":0,"TinhThanhID":0,"TinhThanhTitle":"An Giang","TinhThanhTitleAscii":"/an-giang","QuanHuyenID":0,"NganhNgheTitle":"Bán buôn nhiên liệu rắn, lỏng, khí và các sản phẩm liên quan","NganhNgheTitleAscii":"/nganh-nghe/ban-buon-nhien-lieu-ran-long-khi-va-cac-san-pham-lien-quan","DSTags":["1600184590-005","An Giang",null]},{"Type":11,"SolrID":"/1600229273-012-nha-may-an-giang-9","ID":0,"MaSoThue":"1600229273-012","NgayCap":"1998-12-18T00:00:00Z","Title":"Nhà Máy An Giang 9","DiaChiCongTy":"ấp Phú Hoà Xã Bình Hoà - Huyện Châu Thành - An Giang","Created":"2015-11-19T09:42:54Z","Updated":"2015-11-19T09:42:54Z","IsDelete":false,"RequestChanged":false,"ExitsInGDT":false,"SourceID":0,"TinhThanhID":0,"TinhThanhTitle":"An Giang","TinhThanhTitleAscii":"/an-giang","QuanHuyenID":0,"NganhNgheTitle":"Khai khoáng khác chưa được phân vào đâu","NganhNgheTitleAscii":"/nganh-nghe/khai-khoang-khac-chua-duoc-phan-vao-dau-10612","DSTags":["1600229273-012","An Giang",null]},{"Type":11,"SolrID":"/1600375228-ban-dieu-hanh-ben-xe-tau-huyen-chau-thanh","ID":0,"MaSoThue":"1600375228","NgayCap":"1998-11-26T00:00:00Z","Title":"Ban điều hành bến xe - tàu huyện Châu Thành","DiaChiCongTy":"ấp Bình Phú, xã Bình Hoà - Huyện Châu Thành - An Giang","Created":"2015-11-14T17:13:12Z","Updated":"2015-11-14T17:13:12Z","IsDelete":false,"RequestChanged":false,"ExitsInGDT":false,"SourceID":0,"TinhThanhID":0,"TinhThanhTitle":"An Giang","TinhThanhTitleAscii":"/an-giang","QuanHuyenID":0,"NganhNgheTitle":"Hoạt động quản lý nhà nước nói chung và kinh tế tổng hợp","NganhNgheTitleAscii":"/nganh-nghe/hoat-dong-quan-ly-nha-nuoc-noi-chung-va-kinh-te-tong-hop","DSTags":["1600375228","An Giang",null]}]}