{"ID":2966,"SolrID":"/an-giang/huyen-chau-thanh/xa-can-dang","Title":"Xã Cần Đăng","TinhThanhTitle":"An Giang","QuanHuyenTitle":"Huyện Châu Thành","QuanHuyenID":394,"TinhThanhID":35,"Url":"https://thongtindoanhnghiep.co/api/company?l=/an-giang/huyen-chau-thanh/xa-can-dang","Total":45,"List":[{"Type":11,"SolrID":"/1602146110-cong-ty-tnhh-mot-thanh-vien-nuoc-giai-khat-loi-phuoc","ID":0,"MaSoThue":"1602146110","NgayCap":"2021-04-17T00:00:00Z","Title":"Công Ty TNHH Một Thành Viên Nước Giải Khát Lợi Phước","DiaChiCongTy":"Số 330, Tỉnh lộ 941, Ấp Cần Thạnh, Xã Cần Đăng, Huyện Châu Thành, Tỉnh An Giang","Created":"2021-04-17T17:55:27Z","Updated":"2021-04-17T17:55:27Z","IsDelete":false,"RequestChanged":false,"ExitsInGDT":false,"SourceID":0,"TinhThanhID":0,"TinhThanhTitle":"An Giang","TinhThanhTitleAscii":"/an-giang","QuanHuyenID":0,"NganhNgheTitle":"Bán buôn đồ uống","NganhNgheTitleAscii":"/nganh-nghe/ban-buon-do-uong","DSTags":["1602146110","An Giang",null]},{"Type":11,"SolrID":"/1602144385-cong-ty-tnhh-xuat-nhap-khau-nong-san-an-giang","ID":0,"MaSoThue":"1602144385","NgayCap":"2021-03-25T00:00:00Z","Title":"Công Ty TNHH Xuất Nhập Khẩu Nông Sản An Giang","DiaChiCongTy":"Tổ 1, Ấp Cần Thạnh, Xã Cần Đăng, Huyện Châu Thành, Tỉnh An Giang","Created":"2021-03-25T16:38:57Z","Updated":"2021-03-25T16:38:57Z","IsDelete":false,"RequestChanged":false,"ExitsInGDT":false,"SourceID":0,"TinhThanhID":0,"TinhThanhTitle":"An Giang","TinhThanhTitleAscii":"/an-giang","QuanHuyenID":0,"NganhNgheTitle":"Bán buôn nông, lâm sản nguyên liệu (trừ gỗ, tre, nứa) và động vật sống","NganhNgheTitleAscii":"/nganh-nghe/ban-buon-nong-lam-san-nguyen-lieu-tru-go-tre-nua-va-dong-vat-song","DSTags":["1602144385","An Giang",null]},{"Type":11,"SolrID":"/1602142074-cong-ty-tnhh-thiet-bi-cong-nghe-va-giai-phap-nang-luong-ctu","ID":0,"MaSoThue":"1602142074","NgayCap":"2021-03-03T00:00:00Z","Title":"Công Ty TNHH Thiết Bị Công Nghệ Và Giải Pháp Năng Lượng Ctu","DiaChiCongTy":"Tổ 24, Ấp Cần Thới, Xã Cần Đăng, Huyện Châu Thành, Tỉnh An Giang","Created":"2021-03-03T11:36:07Z","Updated":"2021-03-03T11:36:07Z","IsDelete":false,"RequestChanged":false,"ExitsInGDT":false,"SourceID":0,"TinhThanhID":0,"TinhThanhTitle":"An Giang","TinhThanhTitleAscii":"/an-giang","QuanHuyenID":0,"NganhNgheTitle":"Hoạt động kiến trúc và tư vấn kỹ thuật có liên quan","NganhNgheTitleAscii":"/nganh-nghe/hoat-dong-kien-truc-va-tu-van-ky-thuat-co-lien-quan","DSTags":["1602142074","An Giang",null]},{"Type":11,"SolrID":"/1602077428-cong-ty-tnhh-mot-thanh-vien-pearl-rice","ID":0,"MaSoThue":"1602077428","NgayCap":"2018-07-28T00:00:00Z","Title":"Công Ty TNHH Một Thành Viên Pearl Rice","DiaChiCongTy":"Ấp Cần Thạnh, Xã Cần Đăng, Huyện Châu Thành, Tỉnh An Giang","Created":"2018-07-28T10:13:33Z","Updated":"2018-07-28T10:13:33Z","IsDelete":false,"RequestChanged":false,"ExitsInGDT":false,"SourceID":0,"TinhThanhID":0,"TinhThanhTitle":"An Giang","TinhThanhTitleAscii":"/an-giang","QuanHuyenID":0,"NganhNgheTitle":"Bán buôn gạo","NganhNgheTitleAscii":"/nganh-nghe/ban-buon-gao","DSTags":["1602077428","An Giang",null]},{"Type":11,"SolrID":"/1602065574-cong-ty-tnhh-xang-dau-ru-mo-ni","ID":0,"MaSoThue":"1602065574","NgayCap":"2018-03-16T00:00:00Z","Title":"Công Ty TNHH Xăng Dầu Ru Mơ Ni","DiaChiCongTy":"Ấp Cần Thuận, Xã Cần Đăng, Huyện Châu Thành, Tỉnh An Giang","Created":"2018-03-16T08:04:14Z","Updated":"2018-03-16T08:04:14Z","IsDelete":false,"RequestChanged":false,"ExitsInGDT":false,"SourceID":0,"TinhThanhID":0,"TinhThanhTitle":"An Giang","TinhThanhTitleAscii":"/an-giang","QuanHuyenID":0,"NganhNgheTitle":"Bán buôn nhiên liệu rắn, lỏng, khí và các sản phẩm liên quan","NganhNgheTitleAscii":"/nganh-nghe/ban-buon-nhien-lieu-ran-long-khi-va-cac-san-pham-lien-quan","DSTags":["1602065574","An Giang",null]},{"Type":11,"SolrID":"/1602063376-cong-ty-tnhh-cong-nghe-sinh-hoc-loc-phat","ID":0,"MaSoThue":"1602063376","NgayCap":"2018-01-31T00:00:00Z","Title":"Công Ty TNHH Công Nghệ Sinh Học Lộc Phát","DiaChiCongTy":"537 Ấp Cần Thới, Xã Cần Đăng, Huyện Châu Thành, Tỉnh An Giang","Created":"2018-01-31T13:34:53Z","Updated":"2018-01-31T13:34:53Z","IsDelete":false,"RequestChanged":false,"ExitsInGDT":false,"SourceID":0,"TinhThanhID":0,"TinhThanhTitle":"An Giang","TinhThanhTitleAscii":"/an-giang","QuanHuyenID":0,"NganhNgheTitle":"Bán buôn chuyên doanh khác chưa được phân vào đâu","NganhNgheTitleAscii":"/nganh-nghe/ban-buon-chuyen-doanh-khac-chua-duoc-phan-vao-dau","DSTags":["1602063376","An Giang",null]},{"Type":11,"SolrID":"/1602049212-cong-ty-tnhh-mot-thanh-vien-huynh-ngoc-phat","ID":0,"MaSoThue":"1602049212","NgayCap":"2017-09-06T00:00:00Z","Title":"Công Ty TNHH Một Thành Viên Huỳnh Ngọc Phát","DiaChiCongTy":"Số 147, Ấp Cần Thới, Xã Cần Đăng, Huyện Châu Thành, Tỉnh An Giang","Created":"2017-09-06T13:44:23Z","Updated":"2017-09-06T13:44:23Z","IsDelete":false,"RequestChanged":false,"ExitsInGDT":false,"SourceID":0,"TinhThanhID":0,"TinhThanhTitle":"An Giang","TinhThanhTitleAscii":"/an-giang","QuanHuyenID":0,"NganhNgheTitle":"Chuẩn bị mặt bằng","NganhNgheTitleAscii":"/nganh-nghe/chuan-bi-mat-bang","DSTags":["1602049212","An Giang",null]},{"Type":11,"SolrID":"/1602044990-cong-ty-tnhh-mot-thanh-vien-vien-thong-vivi","ID":0,"MaSoThue":"1602044990","NgayCap":"2017-07-11T00:00:00Z","Title":"Công Ty TNHH Một Thành Viên Viễn Thông Vivi","DiaChiCongTy":"Tổ 18 Ấp Cần Thạnh, Xã Cần Đăng, Huyện Châu Thành, Tỉnh An Giang","Created":"2017-07-11T10:28:54Z","Updated":"2017-07-11T10:28:54Z","IsDelete":false,"RequestChanged":false,"ExitsInGDT":false,"SourceID":0,"TinhThanhID":0,"TinhThanhTitle":"An Giang","TinhThanhTitleAscii":"/an-giang","QuanHuyenID":0,"NganhNgheTitle":"Bán buôn thiết bị và linh kiện điện tử, viễn thông","NganhNgheTitleAscii":"/nganh-nghe/ban-buon-thiet-bi-va-linh-kien-dien-tu-vien-thong","DSTags":["1602044990","An Giang",null]},{"Type":11,"SolrID":"/1602039581-doanh-nghiep-tn-tiem-vang-thanh-binh-can-dang","ID":0,"MaSoThue":"1602039581","NgayCap":"2017-05-04T00:00:00Z","Title":"Doanh Nghiệp Tn Tiệm Vàng Thanh Bình Cần Đăng","DiaChiCongTy":"Ấp Cần Thạnh, Xã Cần Đăng, Huyện Châu Thành, Tỉnh An Giang","Created":"2017-05-04T13:10:46Z","Updated":"2017-05-04T13:10:46Z","IsDelete":false,"RequestChanged":false,"ExitsInGDT":false,"SourceID":0,"TinhThanhID":0,"TinhThanhTitle":"An Giang","TinhThanhTitleAscii":"/an-giang","QuanHuyenID":0,"NganhNgheTitle":"Bán buôn kim loại và quặng kim loại","NganhNgheTitleAscii":"/nganh-nghe/ban-buon-kim-loai-va-quang-kim-loai","DSTags":["1602039581","An Giang",null]},{"Type":11,"SolrID":"/1602018969-cong-ty-tnhh-mot-thanh-vien-san-xuat-thuong-mai-nem-kim-linh","ID":0,"MaSoThue":"1602018969","NgayCap":"2016-09-14T00:00:00Z","Title":"Công Ty TNHH Một Thành Viên Sản Xuất Thương Mại Nệm Kim Linh","DiaChiCongTy":"ấp Cần Thạnh - Xã Cần Đăng - Huyện Châu Thành - An Giang","Created":"2016-09-15T18:25:45Z","Updated":"2016-09-15T18:25:45Z","IsDelete":false,"RequestChanged":false,"ExitsInGDT":false,"SourceID":0,"TinhThanhID":0,"TinhThanhTitle":"An Giang","TinhThanhTitleAscii":"/an-giang","QuanHuyenID":0,"NganhNgheTitle":"Bán buôn đồ dùng khác cho gia đình","NganhNgheTitleAscii":"/nganh-nghe/ban-buon-do-dung-khac-cho-gia-dinh","DSTags":["1602018969","An Giang",null]},{"Type":11,"SolrID":"/1602011402-cong-ty-tnhh-mot-thanh-vien-hoang-viet-thinh","ID":0,"MaSoThue":"1602011402","NgayCap":"2016-05-31T00:00:00Z","Title":"Công Ty TNHH Một Thành Viên Hoàng Việt Thịnh","DiaChiCongTy":"Số 310, Tổ 12, ấp Cần Thạnh - Xã Cần Đăng - Huyện Châu Thành - An Giang","Created":"2016-06-01T08:57:45Z","Updated":"2016-06-01T08:57:45Z","IsDelete":false,"RequestChanged":false,"ExitsInGDT":false,"SourceID":0,"TinhThanhID":0,"TinhThanhTitle":"An Giang","TinhThanhTitleAscii":"/an-giang","QuanHuyenID":0,"NganhNgheTitle":"Bán buôn gạo","NganhNgheTitleAscii":"/nganh-nghe/ban-buon-gao","DSTags":["1602011402","An Giang",null]},{"Type":11,"SolrID":"/1602008865-cong-ty-tnhh-tran-trung-hau","ID":0,"MaSoThue":"1602008865","NgayCap":"2016-05-09T00:00:00Z","Title":"Công Ty TNHH Trần Trung Hậu","DiaChiCongTy":"Tổ 14, ấp Cần Thạnh - Xã Cần Đăng - Huyện Châu Thành - An Giang","Created":"2016-05-12T08:19:46Z","Updated":"2016-05-12T08:19:46Z","IsDelete":false,"RequestChanged":false,"ExitsInGDT":false,"SourceID":0,"TinhThanhID":0,"TinhThanhTitle":"An Giang","TinhThanhTitleAscii":"/an-giang","QuanHuyenID":0,"NganhNgheTitle":"Bán lẻ đồ điện gia dụng, giường, tủ, bàn, ghế và đồ nội thất tương tự, đèn và bộ đèn điện, đồ dùng gia đình khác chưa được phân vào đâu trong các cửa hàng chuyên doanh","NganhNgheTitleAscii":"/nganh-nghe/ban-le-do-dien-gia-dung-giuong-tu-ban-ghe-va-do-noi-that-tuong-tu-den-va-bo-den-dien-do-dung-gia-dinh-khac-chua-duoc-phan-vao-dau-trong-cac-cua-hang-chuyen-doanh","DSTags":["1602008865","An Giang",null]},{"Type":11,"SolrID":"/1601985963-doanh-nghiep-tn-khanh-hao","ID":0,"MaSoThue":"1601985963","NgayCap":"2015-10-26T00:00:00Z","Title":"Doanh Nghiệp TN Khanh Hào","DiaChiCongTy":"Số 1066, ấp Cần Thạnh - Xã Cần Đăng - Huyện Châu Thành - An Giang","Created":"2015-11-19T11:42:41Z","Updated":"2015-11-19T11:42:41Z","IsDelete":false,"RequestChanged":false,"ExitsInGDT":false,"SourceID":0,"TinhThanhID":0,"TinhThanhTitle":"An Giang","TinhThanhTitleAscii":"/an-giang","QuanHuyenID":0,"NganhNgheTitle":"Khai khoáng khác chưa được phân vào đâu","NganhNgheTitleAscii":"/nganh-nghe/khai-khoang-khac-chua-duoc-phan-vao-dau-10612","DSTags":["1601985963","An Giang",null]},{"Type":11,"SolrID":"/1601965893-doanh-nghiep-tn-xang-dau-hoa-binh-3-chau-thanh","ID":0,"MaSoThue":"1601965893","NgayCap":"2015-03-09T00:00:00Z","Title":"Doanh Nghiệp TN Xăng Dầu Hòa Bình 3 Châu Thành","DiaChiCongTy":"Tổ 29, ấp Cần Thuận - Xã Cần Đăng - Huyện Châu Thành - An Giang","Created":"2015-11-17T01:43:43Z","Updated":"2015-11-17T01:43:43Z","IsDelete":false,"RequestChanged":false,"ExitsInGDT":false,"SourceID":0,"TinhThanhID":0,"TinhThanhTitle":"An Giang","TinhThanhTitleAscii":"/an-giang","QuanHuyenID":0,"NganhNgheTitle":"Bán buôn nhiên liệu rắn, lỏng, khí và các sản phẩm liên quan","NganhNgheTitleAscii":"/nganh-nghe/ban-buon-nhien-lieu-ran-long-khi-va-cac-san-pham-lien-quan","DSTags":["1601965893","An Giang",null]},{"Type":11,"SolrID":"/1601941109-cong-ty-tnhh-nuoc-giai-khat-buu-khang","ID":0,"MaSoThue":"1601941109","NgayCap":"2014-09-30T00:00:00Z","Title":"Công Ty TNHH Nước Giải Khát Bửu Khang","DiaChiCongTy":"Số 326, Tổ 20, ấp Cần Thạnh - Xã Cần Đăng - Huyện Châu Thành - An Giang","Created":"2015-11-11T01:49:37Z","Updated":"2015-11-11T01:49:37Z","IsDelete":false,"RequestChanged":false,"ExitsInGDT":false,"SourceID":0,"TinhThanhID":0,"TinhThanhTitle":"An Giang","TinhThanhTitleAscii":"/an-giang","QuanHuyenID":0,"NganhNgheTitle":"Bán buôn đồ uống","NganhNgheTitleAscii":"/nganh-nghe/ban-buon-do-uong","DSTags":["1601941109","An Giang",null]},{"Type":11,"SolrID":"/1601900568-cong-ty-tnhh-mot-thanh-vien-trung-ly","ID":0,"MaSoThue":"1601900568","NgayCap":"2013-12-23T00:00:00Z","Title":"Công Ty TNHH Một Thành Viên Trung Lý","DiaChiCongTy":"Số 3/15 Vĩnh Hòa A - Xã Cần Đăng - Huyện Châu Thành - An Giang","Created":"2015-11-09T22:54:35Z","Updated":"2015-11-09T22:54:35Z","IsDelete":false,"RequestChanged":false,"ExitsInGDT":false,"SourceID":0,"TinhThanhID":0,"TinhThanhTitle":"An Giang","TinhThanhTitleAscii":"/an-giang","QuanHuyenID":0,"NganhNgheTitle":"Vận tải hàng hóa đường thuỷ nội địa","NganhNgheTitleAscii":"/nganh-nghe/van-tai-hang-hoa-duong-thuy-noi-dia","DSTags":["1601900568","An Giang",null]},{"Type":11,"SolrID":"/1601881668-doanh-nghiep-tn-tiem-vang-kim-my-2","ID":0,"MaSoThue":"1601881668","NgayCap":"2013-06-26T00:00:00Z","Title":"Doanh Nghiệp TN Tiệm Vàng Kim Mỹ 2","DiaChiCongTy":"ấp Cần Thạnh - Xã Cần Đăng - Huyện Châu Thành - An Giang","Created":"2015-11-18T05:41:55Z","Updated":"2015-11-18T05:41:55Z","IsDelete":false,"RequestChanged":false,"ExitsInGDT":false,"SourceID":0,"TinhThanhID":0,"TinhThanhTitle":"An Giang","TinhThanhTitleAscii":"/an-giang","QuanHuyenID":0,"NganhNgheTitle":"Bán buôn kim loại và quặng kim loại","NganhNgheTitleAscii":"/nganh-nghe/ban-buon-kim-loai-va-quang-kim-loai","DSTags":["1601881668","An Giang",null]},{"Type":11,"SolrID":"/1601880350-doanh-nghiep-tn-tiem-vang-ngoc-thao-can-dang","ID":0,"MaSoThue":"1601880350","NgayCap":"2013-06-18T00:00:00Z","Title":"Doanh Nghiệp TN Tiệm Vàng Ngọc Thảo Cần Đăng","DiaChiCongTy":"Tổ 11, ấp Cần Thạnh - Xã Cần Đăng - Huyện Châu Thành - An Giang","Created":"2015-11-16T11:56:39Z","Updated":"2015-11-16T11:56:39Z","IsDelete":false,"RequestChanged":false,"ExitsInGDT":false,"SourceID":0,"TinhThanhID":0,"TinhThanhTitle":"An Giang","TinhThanhTitleAscii":"/an-giang","QuanHuyenID":0,"NganhNgheTitle":"Bán buôn kim loại và quặng kim loại","NganhNgheTitleAscii":"/nganh-nghe/ban-buon-kim-loai-va-quang-kim-loai","DSTags":["1601880350","An Giang",null]},{"Type":11,"SolrID":"/1601878739-cong-ty-tnhh-thuong-mai-xuat-nhap-khau-hong-nhung-chau-thanh","ID":0,"MaSoThue":"1601878739","NgayCap":"2013-06-06T00:00:00Z","Title":"Công Ty TNHH Thương Mại - Xuất Nhập Khẩu Hồng Nhung - Châu Thành","DiaChiCongTy":"Số 409, Tổ 27, ấp Cần Thạnh - Xã Cần Đăng - Huyện Châu Thành - An Giang","Created":"2015-11-11T21:15:24Z","Updated":"2015-11-11T21:15:24Z","IsDelete":false,"RequestChanged":false,"ExitsInGDT":false,"SourceID":0,"TinhThanhID":0,"TinhThanhTitle":"An Giang","TinhThanhTitleAscii":"/an-giang","QuanHuyenID":0,"NganhNgheTitle":"Bán buôn thực phẩm","NganhNgheTitleAscii":"/nganh-nghe/ban-buon-thuc-pham","DSTags":["1601878739","An Giang",null]},{"Type":11,"SolrID":"/1601877238-doanh-nghiep-tn-kim-dang","ID":0,"MaSoThue":"1601877238","NgayCap":"2013-05-29T00:00:00Z","Title":"Doanh Nghiệp TN Kim Đặng","DiaChiCongTy":"Số 417, ấp Cần Thạnh - Xã Cần Đăng - Huyện Châu Thành - An Giang","Created":"2015-11-17T08:11:42Z","Updated":"2015-11-17T08:11:42Z","IsDelete":false,"RequestChanged":false,"ExitsInGDT":false,"SourceID":0,"TinhThanhID":0,"TinhThanhTitle":"An Giang","TinhThanhTitleAscii":"/an-giang","QuanHuyenID":0,"NganhNgheTitle":"Bán buôn kim loại và quặng kim loại","NganhNgheTitleAscii":"/nganh-nghe/ban-buon-kim-loai-va-quang-kim-loai","DSTags":["1601877238","An Giang",null]},{"Type":11,"SolrID":"/1601875671-doanh-nghiep-tn-tiem-vang-thuy-phuong","ID":0,"MaSoThue":"1601875671","NgayCap":"2013-05-22T00:00:00Z","Title":"Doanh Nghiệp TN Tiệm Vàng Thúy Phượng","DiaChiCongTy":"Tổ 12, ấp Cần Thạnh - Xã Cần Đăng - Huyện Châu Thành - An Giang","Created":"2015-11-16T20:55:40Z","Updated":"2015-11-16T20:55:40Z","IsDelete":false,"RequestChanged":false,"ExitsInGDT":false,"SourceID":0,"TinhThanhID":0,"TinhThanhTitle":"An Giang","TinhThanhTitleAscii":"/an-giang","QuanHuyenID":0,"NganhNgheTitle":"Bán buôn kim loại và quặng kim loại","NganhNgheTitleAscii":"/nganh-nghe/ban-buon-kim-loai-va-quang-kim-loai","DSTags":["1601875671","An Giang",null]},{"Type":11,"SolrID":"/1601874660-doanh-nghiep-tn-tiem-vang-thanh-hiep","ID":0,"MaSoThue":"1601874660","NgayCap":"2013-05-16T00:00:00Z","Title":"Doanh Nghiệp TN Tiệm Vàng Thành Hiệp","DiaChiCongTy":"Tổ 37, ấp Cần Thạnh - Xã Cần Đăng - Huyện Châu Thành - An Giang","Created":"2015-11-18T04:46:50Z","Updated":"2015-11-18T04:46:50Z","IsDelete":false,"RequestChanged":false,"ExitsInGDT":false,"SourceID":0,"TinhThanhID":0,"TinhThanhTitle":"An Giang","TinhThanhTitleAscii":"/an-giang","QuanHuyenID":0,"NganhNgheTitle":"Bán buôn kim loại và quặng kim loại","NganhNgheTitleAscii":"/nganh-nghe/ban-buon-kim-loai-va-quang-kim-loai","DSTags":["1601874660","An Giang",null]},{"Type":11,"SolrID":"/1601872014-doanh-nghiep-tn-ngoc-tim","ID":0,"MaSoThue":"1601872014","NgayCap":"2013-04-24T00:00:00Z","Title":"Doanh Nghiệp TN Ngọc Tím","DiaChiCongTy":"ấp Cần Thạnh - Xã Cần Đăng - Huyện Châu Thành - An Giang","Created":"2015-11-10T00:08:39Z","Updated":"2015-11-10T00:08:39Z","IsDelete":false,"RequestChanged":false,"ExitsInGDT":false,"SourceID":0,"TinhThanhID":0,"TinhThanhTitle":"An Giang","TinhThanhTitleAscii":"/an-giang","QuanHuyenID":0,"NganhNgheTitle":"Bán buôn kim loại và quặng kim loại","NganhNgheTitleAscii":"/nganh-nghe/ban-buon-kim-loai-va-quang-kim-loai","DSTags":["1601872014","An Giang",null]},{"Type":11,"SolrID":"/1601868748-doanh-nghiep-tn-tiem-vang-binh-ro-y","ID":0,"MaSoThue":"1601868748","NgayCap":"2013-03-30T00:00:00Z","Title":"Doanh Nghiệp TN Tiệm Vàng Bình Rô-Y","DiaChiCongTy":"Tổ 10, ấp Cần Thạnh - Xã Cần Đăng - Huyện Châu Thành - An Giang","Created":"2015-11-09T18:07:32Z","Updated":"2015-11-09T18:07:32Z","IsDelete":false,"RequestChanged":false,"ExitsInGDT":false,"SourceID":0,"TinhThanhID":0,"TinhThanhTitle":"An Giang","TinhThanhTitleAscii":"/an-giang","QuanHuyenID":0,"NganhNgheTitle":"Bán buôn kim loại và quặng kim loại","NganhNgheTitleAscii":"/nganh-nghe/ban-buon-kim-loai-va-quang-kim-loai","DSTags":["1601868748","An Giang",null]},{"Type":11,"SolrID":"/1601868071-doanh-nghiep-tn-sang-ro-y","ID":0,"MaSoThue":"1601868071","NgayCap":"2013-03-26T00:00:00Z","Title":"Doanh Nghiệp TN Sang Rô Y","DiaChiCongTy":"Tổ 8, ấp Cần Thạnh - Xã Cần Đăng - Huyện Châu Thành - An Giang","Created":"2015-11-17T07:58:12Z","Updated":"2015-11-17T07:58:12Z","IsDelete":false,"RequestChanged":false,"ExitsInGDT":false,"SourceID":0,"TinhThanhID":0,"TinhThanhTitle":"An Giang","TinhThanhTitleAscii":"/an-giang","QuanHuyenID":0,"NganhNgheTitle":"Bán buôn kim loại và quặng kim loại","NganhNgheTitleAscii":"/nganh-nghe/ban-buon-kim-loai-va-quang-kim-loai","DSTags":["1601868071","An Giang",null]},{"Type":11,"SolrID":"/1601863919-doanh-nghiep-tn-binh-ngoc-bich","ID":0,"MaSoThue":"1601863919","NgayCap":"2013-02-27T00:00:00Z","Title":"Doanh Nghiệp TN Bình Ngọc Bích","DiaChiCongTy":"ấp Cần Thạnh - Xã Cần Đăng - Huyện Châu Thành - An Giang","Created":"2015-11-09T13:53:46Z","Updated":"2015-11-09T13:53:46Z","IsDelete":false,"RequestChanged":false,"ExitsInGDT":false,"SourceID":0,"TinhThanhID":0,"TinhThanhTitle":"An Giang","TinhThanhTitleAscii":"/an-giang","QuanHuyenID":0,"NganhNgheTitle":"Bán buôn kim loại và quặng kim loại","NganhNgheTitleAscii":"/nganh-nghe/ban-buon-kim-loai-va-quang-kim-loai","DSTags":["1601863919","An Giang",null]},{"Type":11,"SolrID":"/1601649390-cong-ty-tnhh-thuong-mai-dich-vu-tu-sieu","ID":0,"MaSoThue":"1601649390","NgayCap":"2012-02-01T00:00:00Z","Title":"Công Ty TNHH Thương Mại Dịch Vụ Tư - Siêu","DiaChiCongTy":"Số 227-229, ấp Cần Thạnh - Xã Cần Đăng - Huyện Châu Thành - An Giang","Created":"2015-11-10T01:45:37Z","Updated":"2015-11-10T01:45:37Z","IsDelete":false,"RequestChanged":false,"ExitsInGDT":false,"SourceID":0,"TinhThanhID":0,"TinhThanhTitle":"An Giang","TinhThanhTitleAscii":"/an-giang","QuanHuyenID":0,"NganhNgheTitle":"Bán buôn vật liệu, thiết bị lắp đặt khác trong xây dựng","NganhNgheTitleAscii":"/nganh-nghe/ban-buon-vat-lieu-thiet-bi-lap-dat-khac-trong-xay-dung","DSTags":["1601649390","An Giang",null]},{"Type":11,"SolrID":"/1601625022-cong-ty-cp-giong-cay-trong-mam-xanh-an-giang","ID":0,"MaSoThue":"1601625022","NgayCap":"2011-12-27T00:00:00Z","Title":"Công Ty CP Giống Cây Trồng Mầm Xanh An Giang","DiaChiCongTy":"ấp Cần Thuận - Xã Cần Đăng - Huyện Châu Thành - An Giang","Created":"2015-11-11T06:05:31Z","Updated":"2015-11-11T06:05:31Z","IsDelete":false,"RequestChanged":false,"ExitsInGDT":false,"SourceID":0,"TinhThanhID":0,"TinhThanhTitle":"An Giang","TinhThanhTitleAscii":"/an-giang","QuanHuyenID":0,"NganhNgheTitle":"Xử lý hạt giống để nhân giống","NganhNgheTitleAscii":"/nganh-nghe/xu-ly-hat-giong-de-nhan-giong","DSTags":["1601625022","An Giang",null]},{"Type":11,"SolrID":"/1601576488-cong-ty-tnhh-nang-luong-pnb","ID":0,"MaSoThue":"1601576488","NgayCap":"2011-10-17T00:00:00Z","Title":"Công Ty TNHH Năng Lượng Pnb","DiaChiCongTy":"ấp Cần Thạnh - Xã Cần Đăng - Huyện Châu Thành - An Giang","Created":"2015-11-10T01:37:39Z","Updated":"2015-11-10T01:37:39Z","IsDelete":false,"RequestChanged":false,"ExitsInGDT":false,"SourceID":0,"TinhThanhID":0,"TinhThanhTitle":"An Giang","TinhThanhTitleAscii":"/an-giang","QuanHuyenID":0,"NganhNgheTitle":"Tái chế phế liệu","NganhNgheTitleAscii":"/nganh-nghe/tai-che-phe-lieu","DSTags":["1601576488","An Giang",null]},{"Type":11,"SolrID":"/1601495704-hop-tac-xa-phong-vinh","ID":0,"MaSoThue":"1601495704","NgayCap":"2011-06-08T00:00:00Z","Title":"Hợp Tác Xã Phong Vinh","DiaChiCongTy":"881 Tổ 23, ấp Cần Thạnh, xã Cần Đăng - Huyện Châu Thành - An Giang","Created":"2015-11-18T05:43:28Z","Updated":"2015-11-18T05:43:28Z","IsDelete":false,"RequestChanged":false,"ExitsInGDT":false,"SourceID":0,"TinhThanhID":0,"TinhThanhTitle":"An Giang","TinhThanhTitleAscii":"/an-giang","QuanHuyenID":0,"NganhNgheTitle":"Bán buôn nông, lâm sản nguyên liệu (trừ gỗ, tre, nứa) và động vật sống","NganhNgheTitleAscii":"/nganh-nghe/ban-buon-nong-lam-san-nguyen-lieu-tru-go-tre-nua-va-dong-vat-song","DSTags":["1601495704","An Giang",null]},{"Type":11,"SolrID":"/1600184590-053-chi-nhanh-cong-ty-tnhh-mot-thanh-vien-xang-dau-an-giang-cua-hang-xang-dau-can-dang","ID":0,"MaSoThue":"1600184590-053","NgayCap":"2010-12-15T00:00:00Z","Title":"Chi Nhánh Công Ty TNHH Một Thành Viên Xăng Dầu An Giang-Cửa Hàng Xăng Dầu Cần Đăng","DiaChiCongTy":"Tổ 20, tỉnh lộ 941, ấp Cần Thuận - Xã Cần Đăng - Huyện Châu Thành - An Giang","Created":"2015-11-10T01:45:00Z","Updated":"2015-11-10T01:45:00Z","IsDelete":false,"RequestChanged":false,"ExitsInGDT":false,"SourceID":0,"TinhThanhID":0,"TinhThanhTitle":"An Giang","TinhThanhTitleAscii":"/an-giang","QuanHuyenID":0,"NganhNgheTitle":"Bán buôn nhiên liệu rắn, lỏng, khí và các sản phẩm liên quan","NganhNgheTitleAscii":"/nganh-nghe/ban-buon-nhien-lieu-ran-long-khi-va-cac-san-pham-lien-quan","DSTags":["1600184590-053","An Giang",null]},{"Type":11,"SolrID":"/1601345610-doanh-nghiep-tu-nhan-dau-tu-xay-dung-hoang-phuc-phat","ID":0,"MaSoThue":"1601345610","NgayCap":"2010-05-19T00:00:00Z","Title":"Doanh Nghiệp Tư Nhân Đầu Tư Xây Dựng Hoàng Phúc Phát","DiaChiCongTy":"Ấp cần Thạnh, Xã Cần Đăng, Huyện Châu Thành, Tỉnh An Giang","Created":"2018-06-07T10:36:01Z","Updated":"2018-06-07T10:36:01Z","IsDelete":false,"RequestChanged":false,"ExitsInGDT":false,"SourceID":0,"TinhThanhID":0,"TinhThanhTitle":"An Giang","TinhThanhTitleAscii":"/an-giang","QuanHuyenID":0,"DSTags":["1601345610","An Giang",null]},{"Type":11,"SolrID":"/1601326720-cong-ty-tnhh-mot-thanh-vien-hung-dat","ID":0,"MaSoThue":"1601326720","NgayCap":"2010-04-09T00:00:00Z","Title":"Công Ty TNHH Một Thành Viên Hưng Đạt","DiaChiCongTy":"Tổ 4, ấp Cần Thới, Xã Cần Đăng, Huyện Châu Thành, Tỉnh An Giang","Created":"2015-11-09T01:59:14Z","Updated":"2020-04-27T12:40:24Z","IsDelete":false,"RequestChanged":false,"ExitsInGDT":false,"SourceID":0,"TinhThanhID":0,"TinhThanhTitle":"An Giang","TinhThanhTitleAscii":"/an-giang","QuanHuyenID":0,"NganhNgheTitle":"Hoạt động xây dựng chuyên dụng khác","NganhNgheTitleAscii":"/nganh-nghe/hoat-dong-xay-dung-chuyen-dung-khac","DSTags":["1601326720","An Giang",null]},{"Type":11,"SolrID":"/1800783030-001-chi-nhanh-cty-tnhh-mot-tvien-dien-hien","ID":0,"MaSoThue":"1800783030-001","NgayCap":"2010-02-04T00:00:00Z","Title":"Chi nhánh Cty TNHH Một TViên Điện Hiền","DiaChiCongTy":"Tổ 11 ấp Cần Thạnh - Xã Cần Đăng - Huyện Châu Thành - An Giang","Created":"2015-11-11T12:11:58Z","Updated":"2015-11-11T12:11:58Z","IsDelete":false,"RequestChanged":false,"ExitsInGDT":false,"SourceID":0,"TinhThanhID":0,"TinhThanhTitle":"An Giang","TinhThanhTitleAscii":"/an-giang","QuanHuyenID":0,"NganhNgheTitle":"Bán lẻ nhiên liệu động cơ trong các cửa hàng chuyên doanh","NganhNgheTitleAscii":"/nganh-nghe/ban-le-nhien-lieu-dong-co-trong-cac-cua-hang-chuyen-doanh","DSTags":["1800783030-001","An Giang",null]},{"Type":11,"SolrID":"/1600292081-doanh-nghiep-tn-ngoc-thong","ID":0,"MaSoThue":"1600292081","NgayCap":"2008-11-21T00:00:00Z","Title":"Doanh Nghiệp TN Ngọc Thông","DiaChiCongTy":"Số 290, tổ 9, ấp Cần Thạnh - Xã Cần Đăng - Huyện Châu Thành - An Giang","Created":"2015-11-09T01:49:50Z","Updated":"2015-11-09T01:49:50Z","IsDelete":false,"RequestChanged":false,"ExitsInGDT":false,"SourceID":0,"TinhThanhID":0,"TinhThanhTitle":"An Giang","TinhThanhTitleAscii":"/an-giang","QuanHuyenID":0,"NganhNgheTitle":"Bán buôn đồ uống","NganhNgheTitleAscii":"/nganh-nghe/ban-buon-do-uong","DSTags":["1600292081","An Giang",null]},{"Type":11,"SolrID":"/1600852858-dntn-le-thanh","ID":0,"MaSoThue":"1600852858","NgayCap":"2006-10-31T00:00:00Z","Title":"DNTN Lê Thanh","DiaChiCongTy":"ấp Hòa A, xã Cần Đăng - Huyện Châu Thành - An Giang","Created":"2015-11-09T04:53:56Z","Updated":"2015-11-09T04:53:56Z","IsDelete":false,"RequestChanged":false,"ExitsInGDT":false,"SourceID":0,"TinhThanhID":0,"TinhThanhTitle":"An Giang","TinhThanhTitleAscii":"/an-giang","QuanHuyenID":0,"NganhNgheTitle":"Bán lẻ nhiên liệu động cơ trong các cửa hàng chuyên doanh","NganhNgheTitleAscii":"/nganh-nghe/ban-le-nhien-lieu-dong-co-trong-cac-cua-hang-chuyen-doanh","DSTags":["1600852858","An Giang",null]},{"Type":11,"SolrID":"/1600779534-dntn-thuong-mai-va-dich-vu-phat-quynh","ID":0,"MaSoThue":"1600779534","NgayCap":"2005-05-06T00:00:00Z","Title":"DNTN thương mại và dịch vụ Phát Quỳnh","DiaChiCongTy":"ấp Cần Thuận, xã Cần Đăng - Huyện Châu Thành - An Giang","Created":"2015-11-19T03:06:10Z","Updated":"2015-11-19T03:06:10Z","IsDelete":false,"RequestChanged":false,"ExitsInGDT":false,"SourceID":0,"TinhThanhID":0,"TinhThanhTitle":"An Giang","TinhThanhTitleAscii":"/an-giang","QuanHuyenID":0,"NganhNgheTitle":"Bán lẻ nhiên liệu động cơ trong các cửa hàng chuyên doanh","NganhNgheTitleAscii":"/nganh-nghe/ban-le-nhien-lieu-dong-co-trong-cac-cua-hang-chuyen-doanh","DSTags":["1600779534","An Giang",null]},{"Type":11,"SolrID":"/1600753896-truong-trung-hoc-co-so-can-dang","ID":0,"MaSoThue":"1600753896","NgayCap":"2004-12-08T00:00:00Z","Title":"Trường Trung học Cơ sở Cần Đăng","DiaChiCongTy":"ấp Cần Thuận, xã Cần Đăng - Huyện Châu Thành - An Giang","Created":"2015-11-16T16:24:20Z","Updated":"2015-11-16T16:24:20Z","IsDelete":false,"RequestChanged":false,"ExitsInGDT":false,"SourceID":0,"TinhThanhID":0,"TinhThanhTitle":"An Giang","TinhThanhTitleAscii":"/an-giang","QuanHuyenID":0,"NganhNgheTitle":"Giáo dục trung học cơ sở và trung học phổ thông","NganhNgheTitleAscii":"/nganh-nghe/giao-duc-trung-hoc-co-so-va-trung-hoc-pho-thong","DSTags":["1600753896","An Giang",null]},{"Type":11,"SolrID":"/1600753889-truong-trung-hoc-pho-thong-can-dang","ID":0,"MaSoThue":"1600753889","NgayCap":"2004-12-08T00:00:00Z","Title":"Trường Trung học Phổ thông Cần Đăng","DiaChiCongTy":"ấp Cần Thuận, xã Cần Đăng - Huyện Châu Thành - An Giang","Created":"2015-11-16T05:08:15Z","Updated":"2015-11-16T05:08:15Z","IsDelete":false,"RequestChanged":false,"ExitsInGDT":false,"SourceID":0,"TinhThanhID":0,"TinhThanhTitle":"An Giang","TinhThanhTitleAscii":"/an-giang","QuanHuyenID":0,"NganhNgheTitle":"Giáo dục trung học cơ sở và trung học phổ thông","NganhNgheTitleAscii":"/nganh-nghe/giao-duc-trung-hoc-co-so-va-trung-hoc-pho-thong","DSTags":["1600753889","An Giang",null]},{"Type":11,"SolrID":"/1600699737-cong-ty-tnhh-loi-dong","ID":0,"MaSoThue":"1600699737","NgayCap":"2004-06-18T00:00:00Z","Title":"Công ty TNHH Lợi Đồng","DiaChiCongTy":"ấp Cần Thuận, xã Cần Đăng - Huyện Châu Thành - An Giang","Created":"2015-11-13T23:40:01Z","Updated":"2015-11-13T23:40:01Z","IsDelete":false,"RequestChanged":false,"ExitsInGDT":false,"SourceID":0,"TinhThanhID":0,"TinhThanhTitle":"An Giang","TinhThanhTitleAscii":"/an-giang","QuanHuyenID":0,"NganhNgheTitle":"Xây dựng công trình kỹ thuật dân dụng","NganhNgheTitleAscii":"/nganh-nghe/xay-dung-cong-trinh-ky-thuat-dan-dung","DSTags":["1600699737","An Giang",null]},{"Type":11,"SolrID":"/1600672118-doanh-nghiep-tn-huy-dung","ID":0,"MaSoThue":"1600672118","NgayCap":"2003-10-20T00:00:00Z","Title":"Doanh Nghiệp TN Huy Dũng","DiaChiCongTy":"Số 498, ấp Cần Thạnh - Xã Cần Đăng - Huyện Châu Thành - An Giang","Created":"2015-11-09T18:04:09Z","Updated":"2015-11-09T18:04:09Z","IsDelete":false,"RequestChanged":false,"ExitsInGDT":false,"SourceID":0,"TinhThanhID":0,"TinhThanhTitle":"An Giang","TinhThanhTitleAscii":"/an-giang","QuanHuyenID":0,"NganhNgheTitle":"Bán buôn nhiên liệu rắn, lỏng, khí và các sản phẩm liên quan","NganhNgheTitleAscii":"/nganh-nghe/ban-buon-nhien-lieu-ran-long-khi-va-cac-san-pham-lien-quan","DSTags":["1600672118","An Giang",null]},{"Type":11,"SolrID":"/1600652778-dntn-phu-tuong","ID":0,"MaSoThue":"1600652778","NgayCap":"2003-04-22T00:00:00Z","Title":"DNTN Phú Tường","DiaChiCongTy":"ấp Cần Thạnh Xã Cần Đăng - Huyện Châu Thành - An Giang","Created":"2015-11-17T00:57:32Z","Updated":"2015-11-17T00:57:32Z","IsDelete":false,"RequestChanged":false,"ExitsInGDT":false,"SourceID":0,"TinhThanhID":0,"TinhThanhTitle":"An Giang","TinhThanhTitleAscii":"/an-giang","QuanHuyenID":0,"NganhNgheTitle":"Khai khoáng khác chưa được phân vào đâu","NganhNgheTitleAscii":"/nganh-nghe/khai-khoang-khac-chua-duoc-phan-vao-dau-10612","DSTags":["1600652778","An Giang",null]},{"Type":11,"SolrID":"/1600488486-dntn-nhan-hoa","ID":0,"MaSoThue":"1600488486","NgayCap":"2000-04-04T00:00:00Z","Title":"Dntn Nhẫn Hòa","DiaChiCongTy":"1130 Tổ 17 ấp Cần Thạnh - Xã Cần Đăng - Huyện Châu Thành - An Giang","Created":"2015-11-17T01:21:34Z","Updated":"2015-11-17T01:21:34Z","IsDelete":false,"RequestChanged":false,"ExitsInGDT":false,"SourceID":0,"TinhThanhID":0,"TinhThanhTitle":"An Giang","TinhThanhTitleAscii":"/an-giang","QuanHuyenID":0,"NganhNgheTitle":"Bán buôn nông, lâm sản nguyên liệu (trừ gỗ, tre, nứa) và động vật sống","NganhNgheTitleAscii":"/nganh-nghe/ban-buon-nong-lam-san-nguyen-lieu-tru-go-tre-nua-va-dong-vat-song","DSTags":["1600488486","An Giang",null]},{"Type":11,"SolrID":"/1600376743-qtd-nhan-dan-xa-can-dang","ID":0,"MaSoThue":"1600376743","NgayCap":"1998-12-26T00:00:00Z","Title":"QTD Nhân dân xã Cần Đăng","DiaChiCongTy":"Tổ 11 Cần Thạnh, xã Cần Đăng - Huyện Châu Thành - An Giang","Created":"2015-11-14T16:55:46Z","Updated":"2015-11-14T16:55:46Z","IsDelete":false,"RequestChanged":false,"ExitsInGDT":false,"SourceID":0,"TinhThanhID":0,"TinhThanhTitle":"An Giang","TinhThanhTitleAscii":"/an-giang","QuanHuyenID":0,"NganhNgheTitle":"Hoạt động trung gian tiền tệ khác","NganhNgheTitleAscii":"/nganh-nghe/hoat-dong-trung-gian-tien-te-khac","DSTags":["1600376743","An Giang",null]},{"Type":11,"SolrID":"/1600166785-003-cua-hang-hoa-binh-3","ID":0,"MaSoThue":"1600166785-003","NgayCap":"1998-12-18T00:00:00Z","Title":"Cửa Hàng Hoà Bình 3","DiaChiCongTy":"ấp Cần Thuận Xã Cần Đăng - Huyện Châu Thành - An Giang","Created":"2015-11-19T03:05:26Z","Updated":"2015-11-19T03:05:26Z","IsDelete":false,"RequestChanged":false,"ExitsInGDT":false,"SourceID":0,"TinhThanhID":0,"TinhThanhTitle":"An Giang","TinhThanhTitleAscii":"/an-giang","QuanHuyenID":0,"NganhNgheTitle":"Bán lẻ nhiên liệu động cơ trong các cửa hàng chuyên doanh","NganhNgheTitleAscii":"/nganh-nghe/ban-le-nhien-lieu-dong-co-trong-cac-cua-hang-chuyen-doanh","DSTags":["1600166785-003","An Giang",null]}]}