{"ID":8239,"SolrID":"/an-giang/huyen-chau-thanh/xa-hoa-an","Title":"Xã Hoà An","TinhThanhTitle":"An Giang","QuanHuyenTitle":"Huyện Châu Thành","QuanHuyenID":394,"TinhThanhID":35,"Url":"https://thongtindoanhnghiep.co/api/company?l=/an-giang/huyen-chau-thanh/xa-hoa-an","Total":1,"List":[{"Type":11,"SolrID":"/1600230737-012-xi-nghiep-che-bien-luong-thuc-ii","ID":0,"MaSoThue":"1600230737-012","NgayCap":"1999-01-14T00:00:00Z","Title":"Xí Nghiệp Chế Biến lương Thực II","DiaChiCongTy":"ấp An Hoà Xã Hoà An - Huyện Châu Thành - An Giang","Created":"2015-11-18T14:54:59Z","Updated":"2015-11-18T14:54:59Z","IsDelete":false,"RequestChanged":false,"ExitsInGDT":false,"SourceID":0,"TinhThanhID":0,"TinhThanhTitle":"An Giang","TinhThanhTitleAscii":"/an-giang","QuanHuyenID":0,"NganhNgheTitle":"Bán buôn gạo, thực phẩm, đồ uống và sản phẩm thuốc lá, thuốc lào","NganhNgheTitleAscii":"/nganh-nghe/ban-buon-gao-thuc-pham-do-uong-va-san-pham-thuoc-la-thuoc-lao","DSTags":["1600230737-012","An Giang",null]}]}