{"ID":3459,"SolrID":"/an-giang/huyen-chau-thanh/xa-tan-phu","Title":"Xã Tân Phú","TinhThanhTitle":"An Giang","QuanHuyenTitle":"Huyện Châu Thành","QuanHuyenID":394,"TinhThanhID":35,"Url":"https://thongtindoanhnghiep.co/api/company?l=/an-giang/huyen-chau-thanh/xa-tan-phu","Total":8,"List":[{"Type":11,"SolrID":"/1601985882-doanh-nghiep-tn-buoc-toi","ID":0,"MaSoThue":"1601985882","NgayCap":"2015-10-21T00:00:00Z","Title":"Doanh Nghiệp TN Bước Tới","DiaChiCongTy":"ấp Tân Lợi - Xã Tân Phú - Huyện Châu Thành - An Giang","Created":"2015-11-19T10:57:08Z","Updated":"2015-11-19T10:57:08Z","IsDelete":false,"RequestChanged":false,"ExitsInGDT":false,"SourceID":0,"TinhThanhID":0,"TinhThanhTitle":"An Giang","TinhThanhTitleAscii":"/an-giang","QuanHuyenID":0,"NganhNgheTitle":"Hoạt động dịch vụ sau thu hoạch","NganhNgheTitleAscii":"/nganh-nghe/hoat-dong-dich-vu-sau-thu-hoach","DSTags":["1601985882","An Giang",null]},{"Type":11,"SolrID":"/1601876770-doanh-nghiep-tn-tiem-vang-thu-huong-chau-thanh","ID":0,"MaSoThue":"1601876770","NgayCap":"2013-05-29T00:00:00Z","Title":"Doanh Nghiệp TN Tiệm Vàng Thu Hương Châu Thành","DiaChiCongTy":"ấp Tân Lợi - Xã Tân Phú - Huyện Châu Thành - An Giang","Created":"2015-11-17T08:12:15Z","Updated":"2015-11-17T08:12:15Z","IsDelete":false,"RequestChanged":false,"ExitsInGDT":false,"SourceID":0,"TinhThanhID":0,"TinhThanhTitle":"An Giang","TinhThanhTitleAscii":"/an-giang","QuanHuyenID":0,"NganhNgheTitle":"Bán buôn kim loại và quặng kim loại","NganhNgheTitleAscii":"/nganh-nghe/ban-buon-kim-loai-va-quang-kim-loai","DSTags":["1601876770","An Giang",null]},{"Type":11,"SolrID":"/1600846068-truong-mau-giao-xa-tan-phu","ID":0,"MaSoThue":"1600846068","NgayCap":"2006-08-03T00:00:00Z","Title":"Trường Mẫu giáo xã Tân Phú","DiaChiCongTy":"ấp Tân Lợi, xã Tân Phú - Huyện Châu Thành - An Giang","Created":"2015-11-16T17:37:23Z","Updated":"2015-11-16T17:37:23Z","IsDelete":false,"RequestChanged":false,"ExitsInGDT":false,"SourceID":0,"TinhThanhID":0,"TinhThanhTitle":"An Giang","TinhThanhTitleAscii":"/an-giang","QuanHuyenID":0,"NganhNgheTitle":"Giáo dục mầm non","NganhNgheTitleAscii":"/nganh-nghe/giao-duc-mam-non","DSTags":["1600846068","An Giang",null]},{"Type":11,"SolrID":"/1600754508-doanh-nghiep-tn-khoe-man","ID":0,"MaSoThue":"1600754508","NgayCap":"2004-12-13T00:00:00Z","Title":"Doanh Nghiệp TN Khoe Mân","DiaChiCongTy":"Tổ 11, ấp Tân Lợi - Xã Tân Phú - Huyện Châu Thành - An Giang","Created":"2015-11-11T04:40:22Z","Updated":"2015-11-11T04:40:22Z","IsDelete":false,"RequestChanged":false,"ExitsInGDT":false,"SourceID":0,"TinhThanhID":0,"TinhThanhTitle":"An Giang","TinhThanhTitleAscii":"/an-giang","QuanHuyenID":0,"NganhNgheTitle":"Bán buôn nhiên liệu rắn, lỏng, khí và các sản phẩm liên quan","NganhNgheTitleAscii":"/nganh-nghe/ban-buon-nhien-lieu-ran-long-khi-va-cac-san-pham-lien-quan","DSTags":["1600754508","An Giang",null]},{"Type":11,"SolrID":"/1600691569-truong-tieu-hoc-b-tan-phu","ID":0,"MaSoThue":"1600691569","NgayCap":"2004-04-14T00:00:00Z","Title":"Trường Tiểu học \"B\" Tân Phú","DiaChiCongTy":"ấp Tân Thành, xã Tân Phú - Huyện Châu Thành - An Giang","Created":"2015-11-16T16:04:06Z","Updated":"2015-11-16T16:04:06Z","IsDelete":false,"RequestChanged":false,"ExitsInGDT":false,"SourceID":0,"TinhThanhID":0,"TinhThanhTitle":"An Giang","TinhThanhTitleAscii":"/an-giang","QuanHuyenID":0,"NganhNgheTitle":"Giáo dục tiểu học","NganhNgheTitleAscii":"/nganh-nghe/giao-duc-tieu-hoc","DSTags":["1600691569","An Giang",null]},{"Type":11,"SolrID":"/1600691512-truong-trung-hoc-co-so-tan-phu","ID":0,"MaSoThue":"1600691512","NgayCap":"2004-04-14T00:00:00Z","Title":"Trường Trung học cơ sở Tân Phú","DiaChiCongTy":"ấp Tân Thành, xã Tân Phú - Huyện Châu Thành - An Giang","Created":"2015-11-16T16:04:10Z","Updated":"2015-11-16T16:04:10Z","IsDelete":false,"RequestChanged":false,"ExitsInGDT":false,"SourceID":0,"TinhThanhID":0,"TinhThanhTitle":"An Giang","TinhThanhTitleAscii":"/an-giang","QuanHuyenID":0,"NganhNgheTitle":"Giáo dục trung học cơ sở và trung học phổ thông","NganhNgheTitleAscii":"/nganh-nghe/giao-duc-trung-hoc-co-so-va-trung-hoc-pho-thong","DSTags":["1600691512","An Giang",null]},{"Type":11,"SolrID":"/1600691495-ubnd-xa-tan-phu","ID":0,"MaSoThue":"1600691495","NgayCap":"2004-04-14T00:00:00Z","Title":"UBND xã Tân Phú","DiaChiCongTy":"ấp Tân Lợi, xã Tân Phú - Huyện Châu Thành - An Giang","Created":"2015-11-16T16:04:11Z","Updated":"2015-11-16T16:04:11Z","IsDelete":false,"RequestChanged":false,"ExitsInGDT":false,"SourceID":0,"TinhThanhID":0,"TinhThanhTitle":"An Giang","TinhThanhTitleAscii":"/an-giang","QuanHuyenID":0,"NganhNgheTitle":"Hoạt động của Đảng cộng sản, tổ chức chính trị - xã hội, hoạt động quản lý nhà nước nói chung và kinh tế tổng hợp","NganhNgheTitleAscii":"/nganh-nghe/hoat-dong-cua-dang-cong-san-to-chuc-chinh-tri-xa-hoi-hoat-dong-quan-ly-nha-nuoc-noi-chung-va-kinh-te-tong-hop","DSTags":["1600691495","An Giang",null]},{"Type":11,"SolrID":"/1600326767-dntn-huynh-chon","ID":0,"MaSoThue":"1600326767","NgayCap":"2004-01-27T00:00:00Z","Title":"DNTN Huỳnh Chon","DiaChiCongTy":"tổ 12 ấp Tân Lợi , Xã Tân Phú - Huyện Châu Thành - An Giang","Created":"2015-11-11T06:36:37Z","Updated":"2015-11-11T06:36:37Z","IsDelete":false,"RequestChanged":false,"ExitsInGDT":false,"SourceID":0,"TinhThanhID":0,"TinhThanhTitle":"An Giang","TinhThanhTitleAscii":"/an-giang","QuanHuyenID":0,"NganhNgheTitle":"Bán lẻ nhiên liệu động cơ trong các cửa hàng chuyên doanh","NganhNgheTitleAscii":"/nganh-nghe/ban-le-nhien-lieu-dong-co-trong-cac-cua-hang-chuyen-doanh","DSTags":["1600326767","An Giang",null]}]}