{"ID":4985,"SolrID":"/an-giang/huyen-chau-thanh/xa-vinh-binh","Title":"Xã Vĩnh Bình","TinhThanhTitle":"An Giang","QuanHuyenTitle":"Huyện Châu Thành","QuanHuyenID":394,"TinhThanhID":35,"Url":"https://thongtindoanhnghiep.co/api/company?l=/an-giang/huyen-chau-thanh/xa-vinh-binh","Total":31,"List":[{"Type":11,"SolrID":"/1602041407-cong-ty-tnhh-mot-thanh-vien-xang-dau-chau-hoang-dung","ID":0,"MaSoThue":"1602041407","NgayCap":"2017-05-29T00:00:00Z","Title":"Công Ty TNHH Một Thành Viên Xăng Dầu Châu Hoàng Dũng","DiaChiCongTy":"Số 68, Tỉnh lộ 941, Tổ 07, Ấp Vĩnh Phước, Xã Vĩnh Bình, Huyện Châu Thành, Tỉnh An Giang","Created":"2017-05-29T16:20:21Z","Updated":"2017-05-29T16:20:21Z","IsDelete":false,"RequestChanged":false,"ExitsInGDT":false,"SourceID":0,"TinhThanhID":0,"TinhThanhTitle":"An Giang","TinhThanhTitleAscii":"/an-giang","QuanHuyenID":0,"NganhNgheTitle":"Bán buôn nhiên liệu rắn, lỏng, khí và các sản phẩm liên quan","NganhNgheTitleAscii":"/nganh-nghe/ban-buon-nhien-lieu-ran-long-khi-va-cac-san-pham-lien-quan","DSTags":["1602041407","An Giang",null]},{"Type":11,"SolrID":"/1602037947-cong-ty-tnhh-nong-nghiep-sinh-thai-nam-viet","ID":0,"MaSoThue":"1602037947","NgayCap":"2017-04-12T00:00:00Z","Title":"Công Ty TNHH Nông Nghiệp Sinh Thái Nam Việt","DiaChiCongTy":"Lô E - Khu Nông Nghiệp Ứng Dụng Công Nghệ Cao, Ấp Vĩnh Phước, Xã Vĩnh Bình, Huyện Châu Thành, Tỉnh An Giang","Created":"2017-04-12T15:41:28Z","Updated":"2017-04-12T15:41:28Z","IsDelete":false,"RequestChanged":false,"ExitsInGDT":false,"SourceID":0,"TinhThanhID":0,"TinhThanhTitle":"An Giang","TinhThanhTitleAscii":"/an-giang","QuanHuyenID":0,"NganhNgheTitle":"Trồng rau, đậu các loại và trồng hoa, cây cảnh","NganhNgheTitleAscii":"/nganh-nghe/trong-rau-dau-cac-loai-va-trong-hoa-cay-canh","DSTags":["1602037947","An Giang",null]},{"Type":11,"SolrID":"/1602037425-cong-ty-tnhh-nhien-lieu-nguyen-van-nhat","ID":0,"MaSoThue":"1602037425","NgayCap":"2017-04-05T00:00:00Z","Title":"Công Ty TNHH Nhiên Liệu Nguyễn Văn Nhật","DiaChiCongTy":"Số 413, Tổ 12, Ấp Vĩnh Lộc, Xã Vĩnh Bình, Huyện Châu Thành, Tỉnh An Giang","Created":"2017-04-05T15:11:25Z","Updated":"2017-04-05T15:11:25Z","IsDelete":false,"RequestChanged":false,"ExitsInGDT":false,"SourceID":0,"TinhThanhID":0,"TinhThanhTitle":"An Giang","TinhThanhTitleAscii":"/an-giang","QuanHuyenID":0,"NganhNgheTitle":"Bán buôn nhiên liệu rắn, lỏng, khí và các sản phẩm liên quan","NganhNgheTitleAscii":"/nganh-nghe/ban-buon-nhien-lieu-ran-long-khi-va-cac-san-pham-lien-quan","DSTags":["1602037425","An Giang",null]},{"Type":11,"SolrID":"/1602036319-cong-ty-tnhh-mot-thanh-vien-nong-nghiep-bao-trang","ID":0,"MaSoThue":"1602036319","NgayCap":"2017-03-23T00:00:00Z","Title":"Công Ty TNHH Một Thành Viên Nông Nghiệp Bảo Trang","DiaChiCongTy":"Tổ 5, Ấp Phước Thành, Xã Vĩnh Bình, Huyện Châu Thành, Tỉnh An Giang","Created":"2017-03-23T09:08:44Z","Updated":"2020-05-06T15:05:25Z","IsDelete":false,"RequestChanged":false,"ExitsInGDT":false,"SourceID":0,"TinhThanhID":0,"TinhThanhTitle":"An Giang","TinhThanhTitleAscii":"/an-giang","QuanHuyenID":0,"NganhNgheTitle":"Bán buôn chuyên doanh khác chưa được phân vào đâu","NganhNgheTitleAscii":"/nganh-nghe/ban-buon-chuyen-doanh-khac-chua-duoc-phan-vao-dau","DSTags":["1602036319","An Giang",null]},{"Type":11,"SolrID":"/1900592914-025-chi-nhanh-3-doanh-nghiep-tu-nhan-giai-tri-thanh-toan","ID":0,"MaSoThue":"1900592914-025","NgayCap":"2015-12-07T00:00:00Z","Title":"Chi Nhánh 3 Doanh Nghiệp Tư Nhân Giải Trí Thanh Toàn","DiaChiCongTy":"Tổ 34, ấp Lĩnh Lộc - Xã Vĩnh Bình - Huyện Châu Thành - An Giang","Created":"2015-12-08T15:34:53Z","Updated":"2015-12-08T15:34:53Z","IsDelete":false,"RequestChanged":false,"ExitsInGDT":false,"SourceID":0,"TinhThanhID":0,"TinhThanhTitle":"An Giang","TinhThanhTitleAscii":"/an-giang","QuanHuyenID":0,"NganhNgheTitle":"Hoạt động vui chơi giải trí khác chưa được phân vào đâu","NganhNgheTitleAscii":"/nganh-nghe/hoat-dong-vui-choi-giai-tri-khac-chua-duoc-phan-vao-dau","DSTags":["1900592914-025","An Giang",null]},{"Type":11,"SolrID":"/1900592914-022-doanh-nghiep-tu-nhan-giai-tri-thanh-toan-chi-nhanh-1","ID":0,"MaSoThue":"1900592914-022","NgayCap":"2015-10-01T00:00:00Z","Title":"Doanh Nghiệp Tư Nhân Giải Trí Thanh Toàn-Chi Nhánh 1","DiaChiCongTy":"Số 807, tổ 26, ấp Vĩnh Lộc - Xã Vĩnh Bình - Huyện Châu Thành - An Giang","Created":"2015-11-19T02:37:30Z","Updated":"2015-11-19T02:37:30Z","IsDelete":false,"RequestChanged":false,"ExitsInGDT":false,"SourceID":0,"TinhThanhID":0,"TinhThanhTitle":"An Giang","TinhThanhTitleAscii":"/an-giang","QuanHuyenID":0,"NganhNgheTitle":"Hoạt động vui chơi giải trí khác chưa được phân vào đâu","NganhNgheTitleAscii":"/nganh-nghe/hoat-dong-vui-choi-giai-tri-khac-chua-duoc-phan-vao-dau","DSTags":["1900592914-022","An Giang",null]},{"Type":11,"SolrID":"/1601969834-cong-ty-tnhh-mot-thanh-vien-giong-cay-trong-viet-thai","ID":0,"MaSoThue":"1601969834","NgayCap":"2015-04-15T00:00:00Z","Title":"Công Ty TNHH Một Thành Viên Giống Cây Trồng Việt Thái","DiaChiCongTy":"ấp Vĩnh Phước - Xã Vĩnh Bình - Huyện Châu Thành - An Giang","Created":"2015-11-17T08:42:00Z","Updated":"2015-11-17T08:42:00Z","IsDelete":false,"RequestChanged":false,"ExitsInGDT":false,"SourceID":0,"TinhThanhID":0,"TinhThanhTitle":"An Giang","TinhThanhTitleAscii":"/an-giang","QuanHuyenID":0,"NganhNgheTitle":"Xử lý hạt giống để nhân giống","NganhNgheTitleAscii":"/nganh-nghe/xu-ly-hat-giong-de-nhan-giong","DSTags":["1601969834","An Giang",null]},{"Type":11,"SolrID":"/1601964554-doanh-nghiep-tn-tiem-vang-ngoc-anh-vinh-binh","ID":0,"MaSoThue":"1601964554","NgayCap":"2015-02-10T00:00:00Z","Title":"Doanh Nghiệp TN Tiệm Vàng Ngọc ánh Vĩnh Bình","DiaChiCongTy":"ấp Vĩnh Lộc - Xã Vĩnh Bình - Huyện Châu Thành - An Giang","Created":"2015-11-16T16:30:40Z","Updated":"2015-11-16T16:30:40Z","IsDelete":false,"RequestChanged":false,"ExitsInGDT":false,"SourceID":0,"TinhThanhID":0,"TinhThanhTitle":"An Giang","TinhThanhTitleAscii":"/an-giang","QuanHuyenID":0,"NganhNgheTitle":"Bán buôn kim loại và quặng kim loại","NganhNgheTitleAscii":"/nganh-nghe/ban-buon-kim-loai-va-quang-kim-loai","DSTags":["1601964554","An Giang",null]},{"Type":11,"SolrID":"/1601930298-doanh-nghiep-tn-kinh-doanh-xang-dau-ut-tuyet","ID":0,"MaSoThue":"1601930298","NgayCap":"2014-06-25T00:00:00Z","Title":"Doanh Nghiệp TN Kinh Doanh Xăng Dầu út Tuyết","DiaChiCongTy":"ấp Vĩnh Thọ - Xã Vĩnh Bình - Huyện Châu Thành - An Giang","Created":"2015-11-09T13:53:56Z","Updated":"2015-11-09T13:53:56Z","IsDelete":false,"RequestChanged":false,"ExitsInGDT":false,"SourceID":0,"TinhThanhID":0,"TinhThanhTitle":"An Giang","TinhThanhTitleAscii":"/an-giang","QuanHuyenID":0,"NganhNgheTitle":"Bán buôn nhiên liệu rắn, lỏng, khí và các sản phẩm liên quan","NganhNgheTitleAscii":"/nganh-nghe/ban-buon-nhien-lieu-ran-long-khi-va-cac-san-pham-lien-quan","DSTags":["1601930298","An Giang",null]},{"Type":11,"SolrID":"/0303610212-006-van-phong-dai-dien-cong-ty-tnhh-dich-vu-bao-ve-nam-hai-son","ID":0,"MaSoThue":"0303610212-006","NgayCap":"2014-06-17T00:00:00Z","Title":"Văn Phòng Đại Diện Công Ty TNHH Dịch Vụ Bảo Vệ Nam Hải Sơn","DiaChiCongTy":"ấp Vĩnh Lộc - Xã Vĩnh Bình - Huyện Châu Thành - An Giang","Created":"2015-11-08T21:36:31Z","Updated":"2015-11-08T21:36:31Z","IsDelete":false,"RequestChanged":false,"ExitsInGDT":false,"SourceID":0,"TinhThanhID":0,"TinhThanhTitle":"An Giang","TinhThanhTitleAscii":"/an-giang","QuanHuyenID":0,"NganhNgheTitle":"Hoạt động bảo vệ cá nhân","NganhNgheTitleAscii":"/nganh-nghe/hoat-dong-bao-ve-ca-nhan","DSTags":["0303610212-006","An Giang",null]},{"Type":11,"SolrID":"/1800909614-001-chi-nhanh-doanh-nghiep-tn-xang-dau-bich-lien-1","ID":0,"MaSoThue":"1800909614-001","NgayCap":"2013-12-10T00:00:00Z","Title":"Chi Nhánh Doanh Nghiệp TN Xăng Dầu Bích Liên 1","DiaChiCongTy":"Ponton số CT-07276, Tổ 10, ấp Vĩnh Lộc - Xã Vĩnh Bình - Huyện Châu Thành - An Giang","Created":"2015-11-17T08:31:16Z","Updated":"2015-11-17T08:31:16Z","IsDelete":false,"RequestChanged":false,"ExitsInGDT":false,"SourceID":0,"TinhThanhID":0,"TinhThanhTitle":"An Giang","TinhThanhTitleAscii":"/an-giang","QuanHuyenID":0,"NganhNgheTitle":"Bán buôn nhiên liệu rắn, lỏng, khí và các sản phẩm liên quan","NganhNgheTitleAscii":"/nganh-nghe/ban-buon-nhien-lieu-ran-long-khi-va-cac-san-pham-lien-quan","DSTags":["1800909614-001","An Giang",null]},{"Type":11,"SolrID":"/1601887003-doanh-nghiep-tn-tiem-vang-loc-tho-vinh-binh","ID":0,"MaSoThue":"1601887003","NgayCap":"2013-08-21T00:00:00Z","Title":"Doanh Nghiệp TN Tiệm Vàng Lộc Thọ Vĩnh Bình","DiaChiCongTy":"ấp Vĩnh Lộc - Xã Vĩnh Bình - Huyện Châu Thành - An Giang","Created":"2015-11-18T05:41:56Z","Updated":"2015-11-18T05:41:56Z","IsDelete":false,"RequestChanged":false,"ExitsInGDT":false,"SourceID":0,"TinhThanhID":0,"TinhThanhTitle":"An Giang","TinhThanhTitleAscii":"/an-giang","QuanHuyenID":0,"NganhNgheTitle":"Bán buôn kim loại và quặng kim loại","NganhNgheTitleAscii":"/nganh-nghe/ban-buon-kim-loai-va-quang-kim-loai","DSTags":["1601887003","An Giang",null]},{"Type":11,"SolrID":"/1601881386-doanh-nghiep-tn-tiem-vang-mai-dung-tam","ID":0,"MaSoThue":"1601881386","NgayCap":"2013-06-21T00:00:00Z","Title":"Doanh Nghiệp TN Tiệm Vàng Mai Dũng Tâm","DiaChiCongTy":"ấp Vĩnh Lộc - Xã Vĩnh Bình - Huyện Châu Thành - An Giang","Created":"2015-11-17T07:48:04Z","Updated":"2015-11-17T07:48:04Z","IsDelete":false,"RequestChanged":false,"ExitsInGDT":false,"SourceID":0,"TinhThanhID":0,"TinhThanhTitle":"An Giang","TinhThanhTitleAscii":"/an-giang","QuanHuyenID":0,"NganhNgheTitle":"Bán buôn kim loại và quặng kim loại","NganhNgheTitleAscii":"/nganh-nghe/ban-buon-kim-loai-va-quang-kim-loai","DSTags":["1601881386","An Giang",null]},{"Type":11,"SolrID":"/1601876555-doanh-nghiep-tn-tiem-vang-thuan-suong","ID":0,"MaSoThue":"1601876555","NgayCap":"2013-05-28T00:00:00Z","Title":"Doanh Nghiệp TN Tiệm Vàng Thuận Sương","DiaChiCongTy":"Tổ 10, ấp Vĩnh Lộc - Xã Vĩnh Bình - Huyện Châu Thành - An Giang","Created":"2015-11-16T11:26:57Z","Updated":"2015-11-16T11:26:57Z","IsDelete":false,"RequestChanged":false,"ExitsInGDT":false,"SourceID":0,"TinhThanhID":0,"TinhThanhTitle":"An Giang","TinhThanhTitleAscii":"/an-giang","QuanHuyenID":0,"NganhNgheTitle":"Bán buôn kim loại và quặng kim loại","NganhNgheTitleAscii":"/nganh-nghe/ban-buon-kim-loai-va-quang-kim-loai","DSTags":["1601876555","An Giang",null]},{"Type":11,"SolrID":"/1601837080-001-chi-nhanh-cong-ty-tnhh-mot-thanh-vien-bach-vinh-lam-kho-vat-tu-nong-nghiep-bach-vinh-lam","ID":0,"MaSoThue":"1601837080-001","NgayCap":"2012-12-21T00:00:00Z","Title":"Chi Nhánh Công Ty TNHH Một Thành Viên Bách Vinh Lâm - Kho Vật Tư Nông Nghiệp Bách Vinh Lâm","DiaChiCongTy":"ấp Vĩnh Thọ - Xã Vĩnh Bình - Huyện Châu Thành - An Giang","Created":"2015-11-10T22:36:19Z","Updated":"2015-11-10T22:36:19Z","IsDelete":false,"RequestChanged":false,"ExitsInGDT":false,"SourceID":0,"TinhThanhID":0,"TinhThanhTitle":"An Giang","TinhThanhTitleAscii":"/an-giang","QuanHuyenID":0,"NganhNgheTitle":"Bán buôn chuyên doanh khác chưa được phân vào đâu","NganhNgheTitleAscii":"/nganh-nghe/ban-buon-chuyen-doanh-khac-chua-duoc-phan-vao-dau","DSTags":["1601837080-001","An Giang",null]},{"Type":11,"SolrID":"/1600375203-001-phong-kham-da-khoa-khu-vuc-vinh-binh","ID":0,"MaSoThue":"1600375203-001","NgayCap":"2012-11-16T00:00:00Z","Title":"Phòng Khám Đa Khoa Khu Vực Vĩnh Bình","DiaChiCongTy":"ấp Vĩnh Lộc - Xã Vĩnh Bình - Huyện Châu Thành - An Giang","Created":"2015-11-17T19:51:03Z","Updated":"2015-11-17T19:51:03Z","IsDelete":false,"RequestChanged":false,"ExitsInGDT":false,"SourceID":0,"TinhThanhID":0,"TinhThanhTitle":"An Giang","TinhThanhTitleAscii":"/an-giang","QuanHuyenID":0,"NganhNgheTitle":"Hoạt động của các bệnh viện, trạm xá","NganhNgheTitleAscii":"/nganh-nghe/hoat-dong-cua-cac-benh-vien-tram-xa","DSTags":["1600375203-001","An Giang",null]},{"Type":11,"SolrID":"/1601837080-cong-ty-tnhh-mot-thanh-vien-bach-vinh-lam","ID":0,"MaSoThue":"1601837080","NgayCap":"2012-10-08T00:00:00Z","Title":"Công Ty TNHH Một Thành Viên Bách Vinh Lâm","DiaChiCongTy":"Đường số 4, ấp Vĩnh Lộc - Xã Vĩnh Bình - Huyện Châu Thành - An Giang","Created":"2015-11-09T20:53:28Z","Updated":"2015-11-09T20:53:28Z","IsDelete":false,"RequestChanged":false,"ExitsInGDT":false,"SourceID":0,"TinhThanhID":0,"TinhThanhTitle":"An Giang","TinhThanhTitleAscii":"/an-giang","QuanHuyenID":0,"NganhNgheTitle":"Bán buôn chuyên doanh khác chưa được phân vào đâu","NganhNgheTitleAscii":"/nganh-nghe/ban-buon-chuyen-doanh-khac-chua-duoc-phan-vao-dau","DSTags":["1601837080","An Giang",null]},{"Type":11,"SolrID":"/1601834072-cong-ty-tnhh-tu-loi","ID":0,"MaSoThue":"1601834072","NgayCap":"2012-09-11T00:00:00Z","Title":"Công Ty TNHH Tư Lợi","DiaChiCongTy":"Số 3037, ấp Vĩnh Lộc - Xã Vĩnh Bình - Huyện Châu Thành - An Giang","Created":"2015-11-09T20:23:37Z","Updated":"2015-11-09T20:23:37Z","IsDelete":false,"RequestChanged":false,"ExitsInGDT":false,"SourceID":0,"TinhThanhID":0,"TinhThanhTitle":"An Giang","TinhThanhTitleAscii":"/an-giang","QuanHuyenID":0,"NganhNgheTitle":"Bán buôn chuyên doanh khác chưa được phân vào đâu","NganhNgheTitleAscii":"/nganh-nghe/ban-buon-chuyen-doanh-khac-chua-duoc-phan-vao-dau","DSTags":["1601834072","An Giang",null]},{"Type":11,"SolrID":"/1601696954-cong-ty-tnhh-tran-hien-kim-cuong","ID":0,"MaSoThue":"1601696954","NgayCap":"2012-03-29T00:00:00Z","Title":"Công Ty TNHH Trần Hiền Kim Cương","DiaChiCongTy":"Số 3093, Tổ 9, ấp Vĩnh Lộc - Xã Vĩnh Bình - Huyện Châu Thành - An Giang","Created":"2015-11-13T08:36:21Z","Updated":"2015-11-13T08:36:21Z","IsDelete":false,"RequestChanged":false,"ExitsInGDT":false,"SourceID":0,"TinhThanhID":0,"TinhThanhTitle":"An Giang","TinhThanhTitleAscii":"/an-giang","QuanHuyenID":0,"NganhNgheTitle":"Bán buôn chuyên doanh khác chưa được phân vào đâu","NganhNgheTitleAscii":"/nganh-nghe/ban-buon-chuyen-doanh-khac-chua-duoc-phan-vao-dau","DSTags":["1601696954","An Giang",null]},{"Type":11,"SolrID":"/1601633432-cong-ty-tnhh-mot-thanh-vien-luong-thuc-vinh-binh","ID":0,"MaSoThue":"1601633432","NgayCap":"2011-12-31T00:00:00Z","Title":"Công Ty TNHH Một Thành Viên Lương Thực Vĩnh Bình","DiaChiCongTy":"ấp Vĩnh Lộc - Xã Vĩnh Bình - Huyện Châu Thành - An Giang","Created":"2015-11-10T01:39:20Z","Updated":"2015-11-10T01:39:20Z","IsDelete":false,"RequestChanged":false,"ExitsInGDT":false,"SourceID":0,"TinhThanhID":0,"TinhThanhTitle":"An Giang","TinhThanhTitleAscii":"/an-giang","QuanHuyenID":0,"NganhNgheTitle":"Khai khoáng khác chưa được phân vào đâu","NganhNgheTitleAscii":"/nganh-nghe/khai-khoang-khac-chua-duoc-phan-vao-dau-10612","DSTags":["1601633432","An Giang",null]},{"Type":11,"SolrID":"/1600192619-041-chi-nhanh-cong-ty-cp-bao-ve-thuc-vat-an-giang-xi-nghiep-che-bien-gao-xuat-khau-vinh-binh","ID":0,"MaSoThue":"1600192619-041","NgayCap":"2010-10-28T00:00:00Z","Title":"Chi Nhánh Công Ty CP Bảo Vệ Thực Vật An Giang - Xí Nghiệp Chế Biến Gạo Xuất Khẩu Vĩnh Bình","DiaChiCongTy":"ấp Vĩnh Lộc - Xã Vĩnh Bình - Huyện Châu Thành - An Giang","Created":"2015-11-18T16:31:38Z","Updated":"2015-11-18T16:31:38Z","IsDelete":false,"RequestChanged":false,"ExitsInGDT":false,"SourceID":0,"TinhThanhID":0,"TinhThanhTitle":"An Giang","TinhThanhTitleAscii":"/an-giang","QuanHuyenID":0,"NganhNgheTitle":"Bán buôn gạo","NganhNgheTitleAscii":"/nganh-nghe/ban-buon-gao","DSTags":["1600192619-041","An Giang",null]},{"Type":11,"SolrID":"/1601341052-doanh-nghiep-tn-bay-man","ID":0,"MaSoThue":"1601341052","NgayCap":"2010-05-12T00:00:00Z","Title":"Doanh Nghiệp TN Bảy Mẫn","DiaChiCongTy":"ấp Vĩnh Lộc - Xã Vĩnh Bình - Huyện Châu Thành - An Giang","Created":"2015-11-11T01:49:42Z","Updated":"2015-11-11T01:49:42Z","IsDelete":false,"RequestChanged":false,"ExitsInGDT":false,"SourceID":0,"TinhThanhID":0,"TinhThanhTitle":"An Giang","TinhThanhTitleAscii":"/an-giang","QuanHuyenID":0,"NganhNgheTitle":"Bán buôn nhiên liệu rắn, lỏng, khí và các sản phẩm liên quan","NganhNgheTitleAscii":"/nganh-nghe/ban-buon-nhien-lieu-ran-long-khi-va-cac-san-pham-lien-quan","DSTags":["1601341052","An Giang",null]},{"Type":11,"SolrID":"/1600816987-dntn-thanh-long-2","ID":0,"MaSoThue":"1600816987","NgayCap":"2009-09-23T00:00:00Z","Title":"DNTN Thanh Long 2","DiaChiCongTy":"ấp Vĩnh Lộc, xã Vĩnh Bình - Huyện Châu Thành - An Giang","Created":"2015-11-17T07:22:54Z","Updated":"2015-11-17T07:22:54Z","IsDelete":false,"RequestChanged":false,"ExitsInGDT":false,"SourceID":0,"TinhThanhID":0,"TinhThanhTitle":"An Giang","TinhThanhTitleAscii":"/an-giang","QuanHuyenID":0,"NganhNgheTitle":"Bán lẻ nhiên liệu động cơ trong các cửa hàng chuyên doanh","NganhNgheTitleAscii":"/nganh-nghe/ban-le-nhien-lieu-dong-co-trong-cac-cua-hang-chuyen-doanh","DSTags":["1600816987","An Giang",null]},{"Type":11,"SolrID":"/1600677130-001-chi-nhanh-dntn-hoang-kieu","ID":0,"MaSoThue":"1600677130-001","NgayCap":"2009-06-15T00:00:00Z","Title":"Chi nhánh DNTN Hoàng Kiều","DiaChiCongTy":"ấp Vĩnh Lợi, xã Vĩnh Bình - Huyện Châu Thành - An Giang","Created":"2015-11-19T03:06:06Z","Updated":"2015-11-19T03:06:06Z","IsDelete":false,"RequestChanged":false,"ExitsInGDT":false,"SourceID":0,"TinhThanhID":0,"TinhThanhTitle":"An Giang","TinhThanhTitleAscii":"/an-giang","QuanHuyenID":0,"NganhNgheTitle":"Bán lẻ nhiên liệu động cơ trong các cửa hàng chuyên doanh","NganhNgheTitleAscii":"/nganh-nghe/ban-le-nhien-lieu-dong-co-trong-cac-cua-hang-chuyen-doanh","DSTags":["1600677130-001","An Giang",null]},{"Type":11,"SolrID":"/1601018500-cty-tnhh-tm-dv-du-lich-ngoc-thanh","ID":0,"MaSoThue":"1601018500","NgayCap":"2009-01-09T00:00:00Z","Title":"Cty TNHH TM & DV Du Lịch Ngọc Thanh","DiaChiCongTy":"Đường số 06, Lô 09 KDC,  Xã Vĩnh Bình - Huyện Châu Thành - An Giang","Created":"2015-11-13T22:34:48Z","Updated":"2015-11-13T22:34:48Z","IsDelete":false,"RequestChanged":false,"ExitsInGDT":false,"SourceID":0,"TinhThanhID":0,"TinhThanhTitle":"An Giang","TinhThanhTitleAscii":"/an-giang","QuanHuyenID":0,"NganhNgheTitle":"Bán buôn vật liệu, thiết bị lắp đặt khác trong xây dựng","NganhNgheTitleAscii":"/nganh-nghe/ban-buon-vat-lieu-thiet-bi-lap-dat-khac-trong-xay-dung","DSTags":["1601018500","An Giang",null]},{"Type":11,"SolrID":"/1600902756-doanh-nghiep-tn-hoang-khuong","ID":0,"MaSoThue":"1600902756","NgayCap":"2007-08-28T00:00:00Z","Title":"Doanh Nghiệp TN Hoàng Khương","DiaChiCongTy":"Tổ 10, ấp Vĩnh Lộc - Xã Vĩnh Bình - Huyện Châu Thành - An Giang","Created":"2015-11-09T23:43:40Z","Updated":"2015-11-09T23:43:40Z","IsDelete":false,"RequestChanged":false,"ExitsInGDT":false,"SourceID":0,"TinhThanhID":0,"TinhThanhTitle":"An Giang","TinhThanhTitleAscii":"/an-giang","QuanHuyenID":0,"NganhNgheTitle":"Bán buôn nhiên liệu rắn, lỏng, khí và các sản phẩm liên quan","NganhNgheTitleAscii":"/nganh-nghe/ban-buon-nhien-lieu-ran-long-khi-va-cac-san-pham-lien-quan","DSTags":["1600902756","An Giang",null]},{"Type":11,"SolrID":"/1600606877-001-chi-nhanh-cong-ty-tnhh-xd-kd-pt-dia-oc-vuong-thang","ID":0,"MaSoThue":"1600606877-001","NgayCap":"2006-03-10T00:00:00Z","Title":"Chi nhánh Công ty TNHH XD-KD-PT Địa ốc Vương Thắng","DiaChiCongTy":"ấp Vĩnh Lộc, xã Vĩnh Bình - Huyện Châu Thành - An Giang","Created":"2015-11-19T07:29:04Z","Updated":"2015-11-19T07:29:04Z","IsDelete":false,"RequestChanged":false,"ExitsInGDT":false,"SourceID":0,"TinhThanhID":0,"TinhThanhTitle":"An Giang","TinhThanhTitleAscii":"/an-giang","QuanHuyenID":0,"NganhNgheTitle":"Kinh doanh bất động sản, quyền sử dụng đất thuộc chủ sở hữu, chủ sử dụng hoặc đi thuê","NganhNgheTitleAscii":"/nganh-nghe/kinh-doanh-bat-dong-san-quyen-su-dung-dat-thuoc-chu-so-huu-chu-su-dung-hoac-di-thue","DSTags":["1600606877-001","An Giang",null]},{"Type":11,"SolrID":"/1600777752-truong-trung-hoc-co-so-vinh-binh","ID":0,"MaSoThue":"1600777752","NgayCap":"2005-04-29T00:00:00Z","Title":"Trường Trung học Cơ sở Vĩnh Bình","DiaChiCongTy":"ấp Vĩnh Lộc, xã Vĩnh Bình - Huyện Châu Thành - An Giang","Created":"2015-11-16T16:48:08Z","Updated":"2015-11-16T16:48:08Z","IsDelete":false,"RequestChanged":false,"ExitsInGDT":false,"SourceID":0,"TinhThanhID":0,"TinhThanhTitle":"An Giang","TinhThanhTitleAscii":"/an-giang","QuanHuyenID":0,"NganhNgheTitle":"Giáo dục trung học cơ sở và trung học phổ thông","NganhNgheTitleAscii":"/nganh-nghe/giao-duc-trung-hoc-co-so-va-trung-hoc-pho-thong","DSTags":["1600777752","An Giang",null]},{"Type":11,"SolrID":"/1600691551-truong-trung-hoc-pho-thong-vinh-binh","ID":0,"MaSoThue":"1600691551","NgayCap":"2004-04-14T00:00:00Z","Title":"Trường Trung Học Phổ Thông Vĩnh Bình","DiaChiCongTy":"ấp Vĩnh Lộc, xã Vĩnh Bình - Huyện Châu Thành - An Giang","Created":"2015-11-16T16:04:25Z","Updated":"2015-11-16T16:04:25Z","IsDelete":false,"RequestChanged":false,"ExitsInGDT":false,"SourceID":0,"TinhThanhID":0,"TinhThanhTitle":"An Giang","TinhThanhTitleAscii":"/an-giang","QuanHuyenID":0,"NganhNgheTitle":"Giáo dục trung học cơ sở và trung học phổ thông","NganhNgheTitleAscii":"/nganh-nghe/giao-duc-trung-hoc-co-so-va-trung-hoc-pho-thong","DSTags":["1600691551","An Giang",null]},{"Type":11,"SolrID":"/1600380651-024-truong-tieu-hoc-a-vinh-binh","ID":0,"MaSoThue":"1600380651-024","NgayCap":"1999-02-23T00:00:00Z","Title":"Trường Tiểu học \"A\"  Vĩnh Bình","DiaChiCongTy":"ấp Vĩnh Phước, xã Vĩnh Bình - Huyện Châu Thành - An Giang","Created":"2015-11-17T19:51:36Z","Updated":"2015-11-17T19:51:36Z","IsDelete":false,"RequestChanged":false,"ExitsInGDT":false,"SourceID":0,"TinhThanhID":0,"TinhThanhTitle":"An Giang","TinhThanhTitleAscii":"/an-giang","QuanHuyenID":0,"NganhNgheTitle":"Giáo dục tiểu học","NganhNgheTitleAscii":"/nganh-nghe/giao-duc-tieu-hoc","DSTags":["1600380651-024","An Giang",null]},{"Type":11,"SolrID":"/1600375323-ubnd-xa-vinh-binh","ID":0,"MaSoThue":"1600375323","NgayCap":"1998-11-30T00:00:00Z","Title":"UBND xã Vĩnh Bình","DiaChiCongTy":"ấp Vĩnh Lộc, xã Vĩnh Bình - Huyện Châu Thành - An Giang","Created":"2015-11-14T17:12:17Z","Updated":"2015-11-14T17:12:17Z","IsDelete":false,"RequestChanged":false,"ExitsInGDT":false,"SourceID":0,"TinhThanhID":0,"TinhThanhTitle":"An Giang","TinhThanhTitleAscii":"/an-giang","QuanHuyenID":0,"NganhNgheTitle":"Hoạt động quản lý nhà nước nói chung và kinh tế tổng hợp","NganhNgheTitleAscii":"/nganh-nghe/hoat-dong-quan-ly-nha-nuoc-noi-chung-va-kinh-te-tong-hop","DSTags":["1600375323","An Giang",null]}]}