{"ID":7353,"SolrID":"/an-giang/huyen-chau-thanh/xa-vinh-thanh","Title":"Xã Vĩnh Thành","TinhThanhTitle":"An Giang","QuanHuyenTitle":"Huyện Châu Thành","QuanHuyenID":394,"TinhThanhID":35,"Url":"https://thongtindoanhnghiep.co/api/company?l=/an-giang/huyen-chau-thanh/xa-vinh-thanh","Total":36,"List":[{"Type":11,"SolrID":"/1602150004-cong-ty-tnhh-dich-vu-thuong-mai-xay-dung-dat-thanh","ID":0,"MaSoThue":"1602150004","NgayCap":"2021-08-11T00:00:00Z","Title":"Công Ty TNHH Dịch Vụ Thương Mại Xây Dựng Đạt Thành","DiaChiCongTy":"Số 518, tổ 22, ấp Đông Bình Trạch, Xã Vĩnh Thành, Huyện Châu Thành, Tỉnh An Giang","Created":"2021-08-11T09:37:08Z","Updated":"2021-08-11T09:37:08Z","IsDelete":false,"RequestChanged":false,"ExitsInGDT":false,"SourceID":0,"TinhThanhID":0,"TinhThanhTitle":"An Giang","TinhThanhTitleAscii":"/an-giang","QuanHuyenID":0,"NganhNgheTitle":"Hoạt động kiến trúc và tư vấn kỹ thuật có liên quan","NganhNgheTitleAscii":"/nganh-nghe/hoat-dong-kien-truc-va-tu-van-ky-thuat-co-lien-quan","DSTags":["1602150004","An Giang",null]},{"Type":11,"SolrID":"/1602139339-cong-ty-tnhh-mot-thanh-vien-to-dai-khanh","ID":0,"MaSoThue":"1602139339","NgayCap":"2021-01-18T00:00:00Z","Title":"Công Ty TNHH Một Thành Viên Tô Đại Khánh","DiaChiCongTy":"Số 421, Ấp Đông Bình Nhất, Xã Vĩnh Thành, Huyện Châu Thành, Tỉnh An Giang","Created":"2021-01-18T17:36:09Z","Updated":"2021-01-18T17:36:09Z","IsDelete":false,"RequestChanged":false,"ExitsInGDT":false,"SourceID":0,"TinhThanhID":0,"TinhThanhTitle":"An Giang","TinhThanhTitleAscii":"/an-giang","QuanHuyenID":0,"NganhNgheTitle":"Hoạt động dịch vụ hỗ trợ kinh doanh khác còn lại chưa được phân vào đâu","NganhNgheTitleAscii":"/nganh-nghe/hoat-dong-dich-vu-ho-tro-kinh-doanh-khac-con-lai-chua-duoc-phan-vao-dau","DSTags":["1602139339","An Giang",null]},{"Type":11,"SolrID":"/1602137370-cong-ty-tnhh-xuat-nhap-khau-thuy-san-hoang-anh","ID":0,"MaSoThue":"1602137370","NgayCap":"2020-12-25T00:00:00Z","Title":"Công Ty TNHH Xuất Nhập Khẩu Thủy Sản Hoàng Anh","DiaChiCongTy":"số 622, tổ 33, ấp Đông Bình Nhất, Xã Vĩnh Thành, Huyện Châu Thành, Tỉnh An Giang","Created":"2020-12-25T08:35:32Z","Updated":"2020-12-25T08:35:32Z","IsDelete":false,"RequestChanged":false,"ExitsInGDT":false,"SourceID":0,"TinhThanhID":0,"TinhThanhTitle":"An Giang","TinhThanhTitleAscii":"/an-giang","QuanHuyenID":0,"NganhNgheTitle":"Bán buôn thực phẩm","NganhNgheTitleAscii":"/nganh-nghe/ban-buon-thuc-pham","DSTags":["1602137370","An Giang",null]},{"Type":11,"SolrID":"/1602072116-cong-ty-tnhh-mot-thanh-vien-quang-cao-an-hai","ID":0,"MaSoThue":"1602072116","NgayCap":"2018-05-15T00:00:00Z","Title":"Công Ty TNHH Một Thành Viên Quảng Cáo An Hải","DiaChiCongTy":"Ấp Tân Thành, Xã Vĩnh Thành, Huyện Châu Thành, Tỉnh An Giang","Created":"2018-05-15T15:36:06Z","Updated":"2018-05-15T15:36:06Z","IsDelete":false,"RequestChanged":false,"ExitsInGDT":false,"SourceID":0,"TinhThanhID":0,"TinhThanhTitle":"An Giang","TinhThanhTitleAscii":"/an-giang","QuanHuyenID":0,"NganhNgheTitle":"Quảng cáo","NganhNgheTitleAscii":"/nganh-nghe/quang-cao","DSTags":["1602072116","An Giang",null]},{"Type":11,"SolrID":"/1602071810-cong-ty-tnhh-xang-dau-huynh-minh-phat","ID":0,"MaSoThue":"1602071810","NgayCap":"2018-05-12T00:00:00Z","Title":"Công Ty TNHH Xăng Dầu Huỳnh Minh Phát","DiaChiCongTy":"Ponton CT-07319, Ấp Trung Thành, Xã Vĩnh Thành, Huyện Châu Thành, Tỉnh An Giang","Created":"2018-05-12T09:27:24Z","Updated":"2018-05-12T09:27:24Z","IsDelete":false,"RequestChanged":false,"ExitsInGDT":false,"SourceID":0,"TinhThanhID":0,"TinhThanhTitle":"An Giang","TinhThanhTitleAscii":"/an-giang","QuanHuyenID":0,"NganhNgheTitle":"Bán buôn nhiên liệu rắn, lỏng, khí và các sản phẩm liên quan","NganhNgheTitleAscii":"/nganh-nghe/ban-buon-nhien-lieu-ran-long-khi-va-cac-san-pham-lien-quan","DSTags":["1602071810","An Giang",null]},{"Type":11,"SolrID":"/1602070983-cong-ty-tnhh-xay-dung-dien-hong-phuoc","ID":0,"MaSoThue":"1602070983","NgayCap":"2018-05-04T00:00:00Z","Title":"Công Ty TNHH Xây Dựng Điện Hồng Phước","DiaChiCongTy":"Ấp Đông Bình I, Xã Vĩnh Thành, Huyện Châu Thành, Tỉnh An Giang","Created":"2018-05-04T07:34:25Z","Updated":"2018-05-04T07:34:25Z","IsDelete":false,"RequestChanged":false,"ExitsInGDT":false,"SourceID":0,"TinhThanhID":0,"TinhThanhTitle":"An Giang","TinhThanhTitleAscii":"/an-giang","QuanHuyenID":0,"NganhNgheTitle":"Lắp đặt hệ thống điện","NganhNgheTitleAscii":"/nganh-nghe/lap-dat-he-thong-dien","DSTags":["1602070983","An Giang",null]},{"Type":11,"SolrID":"/1602068543-cong-ty-co-phan-nong-lam-nghiep-thanh-an","ID":0,"MaSoThue":"1602068543","NgayCap":"2018-04-04T00:00:00Z","Title":"Công Ty Cổ Phần Nông Lâm Nghiệp Thành An","DiaChiCongTy":"ấp Đông Bình Trạch, Xã Vĩnh Thành, Huyện Châu Thành, Tỉnh An Giang","Created":"2018-04-04T13:57:28Z","Updated":"2018-04-04T13:57:28Z","IsDelete":false,"RequestChanged":false,"ExitsInGDT":false,"SourceID":0,"TinhThanhID":0,"TinhThanhTitle":"An Giang","TinhThanhTitleAscii":"/an-giang","QuanHuyenID":0,"NganhNgheTitle":"Sản xuất phân bón và hợp chất ni tơ","NganhNgheTitleAscii":"/nganh-nghe/san-xuat-phan-bon-va-hop-chat-ni-to","DSTags":["1602068543","An Giang",null]},{"Type":11,"SolrID":"/1602055801-cong-ty-tnhh-vien-thong-kha-ai","ID":0,"MaSoThue":"1602055801","NgayCap":"2017-11-25T00:00:00Z","Title":"Công Ty TNHH Viễn Thông Khả Ái","DiaChiCongTy":"Ấp Đông Bình Nhất, Xã Vĩnh Thành, Huyện Châu Thành, Tỉnh An Giang","Created":"2017-11-25T11:38:12Z","Updated":"2017-11-25T11:38:12Z","IsDelete":false,"RequestChanged":false,"ExitsInGDT":false,"SourceID":0,"TinhThanhID":0,"TinhThanhTitle":"An Giang","TinhThanhTitleAscii":"/an-giang","QuanHuyenID":0,"NganhNgheTitle":"Bán buôn thiết bị và linh kiện điện tử, viễn thông","NganhNgheTitleAscii":"/nganh-nghe/ban-buon-thiet-bi-va-linh-kien-dien-tu-vien-thong","DSTags":["1602055801","An Giang",null]},{"Type":11,"SolrID":"/1602037591-cong-ty-tnhh-thuong-mai-dich-vu-vinh-thanh-hung","ID":0,"MaSoThue":"1602037591","NgayCap":"2017-04-08T00:00:00Z","Title":"Công Ty TNHH Thương Mại Dịch Vụ Vĩnh Thành Hưng","DiaChiCongTy":"Ấp Đông Bình Trạch, Xã Vĩnh Thành, Huyện Châu Thành, Tỉnh An Giang","Created":"2017-04-08T09:10:50Z","Updated":"2017-04-08T09:10:50Z","IsDelete":false,"RequestChanged":false,"ExitsInGDT":false,"SourceID":0,"TinhThanhID":0,"TinhThanhTitle":"An Giang","TinhThanhTitleAscii":"/an-giang","QuanHuyenID":0,"NganhNgheTitle":"Bán buôn chuyên doanh khác chưa được phân vào đâu","NganhNgheTitleAscii":"/nganh-nghe/ban-buon-chuyen-doanh-khac-chua-duoc-phan-vao-dau","DSTags":["1602037591","An Giang",null]},{"Type":11,"SolrID":"/1602033011-cong-ty-tnhh-mot-thanh-vien-nam-an-vinh-thanh","ID":0,"MaSoThue":"1602033011","NgayCap":"2017-02-08T00:00:00Z","Title":"Công Ty TNHH Một Thành Viên Năm An Vĩnh Thành","DiaChiCongTy":"Đông Bình Trạch, Xã Vĩnh Thành, Huyện Châu Thành, Tỉnh An Giang","Created":"2017-02-08T11:07:41Z","Updated":"2017-02-08T11:07:41Z","IsDelete":false,"RequestChanged":false,"ExitsInGDT":false,"SourceID":0,"TinhThanhID":0,"TinhThanhTitle":"An Giang","TinhThanhTitleAscii":"/an-giang","QuanHuyenID":0,"NganhNgheTitle":"Bán buôn vật liệu, thiết bị lắp đặt khác trong xây dựng","NganhNgheTitleAscii":"/nganh-nghe/ban-buon-vat-lieu-thiet-bi-lap-dat-khac-trong-xay-dung","DSTags":["1602033011","An Giang",null]},{"Type":11,"SolrID":"/1602025099-cong-ty-tnhh-loc-nhu-y-an-giang","ID":0,"MaSoThue":"1602025099","NgayCap":"2016-11-29T00:00:00Z","Title":"Công Ty TNHH Lộc Như Ý An Giang","DiaChiCongTy":"Số 27, Ấp Đông Bình 1, Xã Vĩnh Thành, Huyện Châu Thành, Tỉnh An Giang","Created":"2016-12-05T02:16:07Z","Updated":"2016-12-05T02:16:07Z","IsDelete":false,"RequestChanged":false,"ExitsInGDT":false,"SourceID":0,"TinhThanhID":0,"TinhThanhTitle":"An Giang","TinhThanhTitleAscii":"/an-giang","QuanHuyenID":0,"NganhNgheTitle":"Bán buôn đồ dùng khác cho gia đình","NganhNgheTitleAscii":"/nganh-nghe/ban-buon-do-dung-khac-cho-gia-dinh","DSTags":["1602025099","An Giang",null]},{"Type":11,"SolrID":"/0312247732-004-van-phong-dai-dien-cong-ty-co-phan-dau-tu-va-phat-trien-nang-luong-sai-gon","ID":0,"MaSoThue":"0312247732-004","NgayCap":"2016-01-16T00:00:00Z","Title":"Văn Phòng Đại Diện Công Ty Cổ Phần Đầu Tư Và Phát Triển Năng Lượng Sài Gòn","DiaChiCongTy":"Ấp Hòa Lợi 2, Xã Vĩnh Thành, Huyện Châu Thành, Tỉnh An Giang","Created":"2018-05-16T16:58:36Z","Updated":"2018-05-16T16:58:36Z","IsDelete":false,"RequestChanged":false,"ExitsInGDT":false,"SourceID":0,"TinhThanhID":0,"TinhThanhTitle":"An Giang","TinhThanhTitleAscii":"/an-giang","QuanHuyenID":0,"DSTags":["0312247732-004","An Giang",null]},{"Type":11,"SolrID":"/1601994132-cong-ty-tnhh-vat-lieu-xay-dung-nam-an","ID":0,"MaSoThue":"1601994132","NgayCap":"2015-12-22T00:00:00Z","Title":"Công Ty TNHH Vật Liệu Xây Dựng Năm An","DiaChiCongTy":"ấp Đông Bình Trạch - Xã Vĩnh Thành - Huyện Châu Thành - An Giang","Created":"2015-12-22T11:45:17Z","Updated":"2015-12-22T11:45:17Z","IsDelete":false,"RequestChanged":false,"ExitsInGDT":false,"SourceID":0,"TinhThanhID":0,"TinhThanhTitle":"An Giang","TinhThanhTitleAscii":"/an-giang","QuanHuyenID":0,"NganhNgheTitle":"Bán buôn vật liệu, thiết bị lắp đặt khác trong xây dựng","NganhNgheTitleAscii":"/nganh-nghe/ban-buon-vat-lieu-thiet-bi-lap-dat-khac-trong-xay-dung","DSTags":["1601994132","An Giang",null]},{"Type":11,"SolrID":"/1601992248-cong-ty-tnhh-mot-thanh-vien-san-lap-thuan-hoa","ID":0,"MaSoThue":"1601992248","NgayCap":"2015-12-16T00:00:00Z","Title":"Công Ty TNHH Một Thành Viên San Lấp Thuận Hòa","DiaChiCongTy":"ấp Tân Thành - Xã Vĩnh Thành - Huyện Châu Thành - An Giang","Created":"2015-12-19T02:19:55Z","Updated":"2015-12-19T02:19:55Z","IsDelete":false,"RequestChanged":false,"ExitsInGDT":false,"SourceID":0,"TinhThanhID":0,"TinhThanhTitle":"An Giang","TinhThanhTitleAscii":"/an-giang","QuanHuyenID":0,"NganhNgheTitle":"Chuẩn bị mặt bằng","NganhNgheTitleAscii":"/nganh-nghe/chuan-bi-mat-bang","DSTags":["1601992248","An Giang",null]},{"Type":11,"SolrID":"/1600435685-001-chi-nhanh-cong-ty-tnhh-thanh-dat-tai-chau-thanh","ID":0,"MaSoThue":"1600435685-001","NgayCap":"2015-07-20T00:00:00Z","Title":"Chi Nhánh Công Ty TNHH Thành Đạt Tại Châu Thành","DiaChiCongTy":"ấp Đông Bình Nhất - Xã Vĩnh Thành - Huyện Châu Thành - An Giang","Created":"2015-11-18T22:35:14Z","Updated":"2015-11-18T22:35:14Z","IsDelete":false,"RequestChanged":false,"ExitsInGDT":false,"SourceID":0,"TinhThanhID":0,"TinhThanhTitle":"An Giang","TinhThanhTitleAscii":"/an-giang","QuanHuyenID":0,"NganhNgheTitle":"Hoạt động dịch vụ sau thu hoạch","NganhNgheTitleAscii":"/nganh-nghe/hoat-dong-dich-vu-sau-thu-hoach","DSTags":["1600435685-001","An Giang",null]},{"Type":11,"SolrID":"/1801337832-001-chi-nhanh-2-cong-ty-tnhh-mot-thanh-vien-xang-dau-hong-hao","ID":0,"MaSoThue":"1801337832-001","NgayCap":"2014-10-15T00:00:00Z","Title":"Chi Nhánh 2 Công Ty TNHH Một Thành Viên Xăng Dầu Hồng Hào","DiaChiCongTy":"ấp Trung Thành - Xã Vĩnh Thành - Huyện Châu Thành - An Giang","Created":"2015-11-11T05:52:48Z","Updated":"2015-11-11T05:52:48Z","IsDelete":false,"RequestChanged":false,"ExitsInGDT":false,"SourceID":0,"TinhThanhID":0,"TinhThanhTitle":"An Giang","TinhThanhTitleAscii":"/an-giang","QuanHuyenID":0,"NganhNgheTitle":"Bán buôn nhiên liệu rắn, lỏng, khí và các sản phẩm liên quan","NganhNgheTitleAscii":"/nganh-nghe/ban-buon-nhien-lieu-ran-long-khi-va-cac-san-pham-lien-quan","DSTags":["1801337832-001","An Giang",null]},{"Type":11,"SolrID":"/1601885246-cong-ty-tnhh-mot-thanh-vien-xay-dung-797","ID":0,"MaSoThue":"1601885246","NgayCap":"2013-08-01T00:00:00Z","Title":"Công Ty TNHH Một Thành Viên Xây Dựng 797","DiaChiCongTy":"Số 480, Tổ 24, ấp Tân Thành - Xã Vĩnh Thành - Huyện Châu Thành - An Giang","Created":"2015-11-11T12:45:06Z","Updated":"2015-11-11T12:45:06Z","IsDelete":false,"RequestChanged":false,"ExitsInGDT":false,"SourceID":0,"TinhThanhID":0,"TinhThanhTitle":"An Giang","TinhThanhTitleAscii":"/an-giang","QuanHuyenID":0,"NganhNgheTitle":"Chuẩn bị mặt bằng","NganhNgheTitleAscii":"/nganh-nghe/chuan-bi-mat-bang","DSTags":["1601885246","An Giang",null]},{"Type":11,"SolrID":"/1601874290-doanh-nghiep-tn-tiem-vang-liet-hen","ID":0,"MaSoThue":"1601874290","NgayCap":"2013-05-14T00:00:00Z","Title":"Doanh Nghiệp TN Tiệm Vàng Liệt Hên","DiaChiCongTy":"Tổ 22, ấp Đông Bình I - Xã Vĩnh Thành - Huyện Châu Thành - An Giang","Created":"2015-11-16T10:56:59Z","Updated":"2015-11-16T10:56:59Z","IsDelete":false,"RequestChanged":false,"ExitsInGDT":false,"SourceID":0,"TinhThanhID":0,"TinhThanhTitle":"An Giang","TinhThanhTitleAscii":"/an-giang","QuanHuyenID":0,"NganhNgheTitle":"Bán buôn kim loại và quặng kim loại","NganhNgheTitleAscii":"/nganh-nghe/ban-buon-kim-loai-va-quang-kim-loai","DSTags":["1601874290","An Giang",null]},{"Type":11,"SolrID":"/1601872952-doanh-nghiep-tn-tiem-vang-vu-linh","ID":0,"MaSoThue":"1601872952","NgayCap":"2013-05-07T00:00:00Z","Title":"Doanh Nghiệp TN Tiệm Vàng Vũ Linh","DiaChiCongTy":"ấp Tân Thành - Xã Vĩnh Thành - Huyện Châu Thành - An Giang","Created":"2015-11-16T10:49:09Z","Updated":"2015-11-16T10:49:09Z","IsDelete":false,"RequestChanged":false,"ExitsInGDT":false,"SourceID":0,"TinhThanhID":0,"TinhThanhTitle":"An Giang","TinhThanhTitleAscii":"/an-giang","QuanHuyenID":0,"NganhNgheTitle":"Bán buôn kim loại và quặng kim loại","NganhNgheTitleAscii":"/nganh-nghe/ban-buon-kim-loai-va-quang-kim-loai","DSTags":["1601872952","An Giang",null]},{"Type":11,"SolrID":"/1601872504-cong-ty-tnhh-mot-thanh-vien-du-lich-ky-nguyen-xanh","ID":0,"MaSoThue":"1601872504","NgayCap":"2013-05-02T00:00:00Z","Title":"Công Ty TNHH Một Thành Viên Du Lịch Kỷ Nguyên Xanh","DiaChiCongTy":"Số 273, Tổ 14, ấp Đông Phú 1 - Xã Vĩnh Thành - Huyện Châu Thành - An Giang","Created":"2015-11-11T22:38:01Z","Updated":"2015-11-11T22:38:01Z","IsDelete":false,"RequestChanged":false,"ExitsInGDT":false,"SourceID":0,"TinhThanhID":0,"TinhThanhTitle":"An Giang","TinhThanhTitleAscii":"/an-giang","QuanHuyenID":0,"NganhNgheTitle":"Đại lý du lịch","NganhNgheTitleAscii":"/nganh-nghe/dai-ly-du-lich","DSTags":["1601872504","An Giang",null]},{"Type":11,"SolrID":"/1601868032-doanh-nghiep-tn-tiem-vang-ngoc-binh","ID":0,"MaSoThue":"1601868032","NgayCap":"2013-03-26T00:00:00Z","Title":"Doanh Nghiệp TN Tiệm Vàng Ngọc Bình","DiaChiCongTy":"Tổ 2, ấp Tân Thành - Xã Vĩnh Thành - Huyện Châu Thành - An Giang","Created":"2015-11-17T07:58:11Z","Updated":"2015-11-17T07:58:11Z","IsDelete":false,"RequestChanged":false,"ExitsInGDT":false,"SourceID":0,"TinhThanhID":0,"TinhThanhTitle":"An Giang","TinhThanhTitleAscii":"/an-giang","QuanHuyenID":0,"NganhNgheTitle":"Bán buôn kim loại và quặng kim loại","NganhNgheTitleAscii":"/nganh-nghe/ban-buon-kim-loai-va-quang-kim-loai","DSTags":["1601868032","An Giang",null]},{"Type":11,"SolrID":"/1601863891-cong-ty-tnhh-mot-thanh-vien-oto-phuoc-loc","ID":0,"MaSoThue":"1601863891","NgayCap":"2013-02-27T00:00:00Z","Title":"Công Ty TNHH Một Thành Viên ôtô Phước Lộc","DiaChiCongTy":"ấp Tân Thành - Xã Vĩnh Thành - Huyện Châu Thành - An Giang","Created":"2015-11-12T00:24:49Z","Updated":"2015-11-12T00:24:49Z","IsDelete":false,"RequestChanged":false,"ExitsInGDT":false,"SourceID":0,"TinhThanhID":0,"TinhThanhTitle":"An Giang","TinhThanhTitleAscii":"/an-giang","QuanHuyenID":0,"NganhNgheTitle":"Bán buôn ô tô và xe có động cơ khác","NganhNgheTitleAscii":"/nganh-nghe/ban-buon-o-to-va-xe-co-dong-co-khac","DSTags":["1601863891","An Giang",null]},{"Type":11,"SolrID":"/1601195203-cty-tnhh-mot-thanh-vien-vinh-thanh-phat","ID":0,"MaSoThue":"1601195203","NgayCap":"2009-07-22T00:00:00Z","Title":"Cty TNHH Một Thành Viên Vĩnh Thành Phát","DiaChiCongTy":"ấp Đông Bình Trạch, xã Vĩnh Thành - Huyện Châu Thành - An Giang","Created":"2015-11-14T00:57:16Z","Updated":"2015-11-14T00:57:16Z","IsDelete":false,"RequestChanged":false,"ExitsInGDT":false,"SourceID":0,"TinhThanhID":0,"TinhThanhTitle":"An Giang","TinhThanhTitleAscii":"/an-giang","QuanHuyenID":0,"NganhNgheTitle":"Bán buôn (trừ ô tô, mô tô, xe máy và xe có động cơ khác)","NganhNgheTitleAscii":"/nganh-nghe/ban-buon-tru-o-to-mo-to-xe-may-va-xe-co-dong-co-khac","DSTags":["1601195203","An Giang",null]},{"Type":11,"SolrID":"/1600638237-002-cn-cty-tnhh-tm-dv-my-hoa-2","ID":0,"MaSoThue":"1600638237-002","NgayCap":"2009-06-12T00:00:00Z","Title":"CN Cty TNHH TM-DV Mỹ Hoà 2","DiaChiCongTy":"ấp Đông Bình Trạch, Đường Liên Xã, xã Vĩnh Thành - Huyện Châu Thành - An Giang","Created":"2015-11-10T01:46:21Z","Updated":"2015-11-10T01:46:21Z","IsDelete":false,"RequestChanged":false,"ExitsInGDT":false,"SourceID":0,"TinhThanhID":0,"TinhThanhTitle":"An Giang","TinhThanhTitleAscii":"/an-giang","QuanHuyenID":0,"NganhNgheTitle":"Bán lẻ nhiên liệu động cơ trong các cửa hàng chuyên doanh","NganhNgheTitleAscii":"/nganh-nghe/ban-le-nhien-lieu-dong-co-trong-cac-cua-hang-chuyen-doanh","DSTags":["1600638237-002","An Giang",null]},{"Type":11,"SolrID":"/1600638237-004-chi-nhanh-cong-ty-tnhh-thuong-mai-dich-vu-my-hoa-4","ID":0,"MaSoThue":"1600638237-004","NgayCap":"2009-06-12T00:00:00Z","Title":"Chi Nhánh Công Ty TNHH Thương Mại -Dịch Vụ Mỹ Hòa 4","DiaChiCongTy":"ấp Tân Thành - Xã Vĩnh Thành - Huyện Châu Thành - An Giang","Created":"2015-11-10T01:46:22Z","Updated":"2015-11-10T01:46:22Z","IsDelete":false,"RequestChanged":false,"ExitsInGDT":false,"SourceID":0,"TinhThanhID":0,"TinhThanhTitle":"An Giang","TinhThanhTitleAscii":"/an-giang","QuanHuyenID":0,"NganhNgheTitle":"Bán buôn nhiên liệu rắn, lỏng, khí và các sản phẩm liên quan","NganhNgheTitleAscii":"/nganh-nghe/ban-buon-nhien-lieu-ran-long-khi-va-cac-san-pham-lien-quan","DSTags":["1600638237-004","An Giang",null]},{"Type":11,"SolrID":"/1601161596-cty-tnhh-mot-thanh-vien-tm-sx-tran-quang-thao","ID":0,"MaSoThue":"1601161596","NgayCap":"2009-06-11T00:00:00Z","Title":"Cty TNHH Một Thành Viên TM-SX Trần Quang Thảo","DiaChiCongTy":"ấp Đông Bình I, Xã Vĩnh Thành - Huyện Châu Thành - An Giang","Created":"2015-11-09T10:23:08Z","Updated":"2015-11-09T10:23:08Z","IsDelete":false,"RequestChanged":false,"ExitsInGDT":false,"SourceID":0,"TinhThanhID":0,"TinhThanhTitle":"An Giang","TinhThanhTitleAscii":"/an-giang","QuanHuyenID":0,"NganhNgheTitle":"Bán buôn (trừ ô tô, mô tô, xe máy và xe có động cơ khác)","NganhNgheTitleAscii":"/nganh-nghe/ban-buon-tru-o-to-mo-to-xe-may-va-xe-co-dong-co-khac","DSTags":["1601161596","An Giang",null]},{"Type":11,"SolrID":"/1600441047-doanh-nghiep-tn-phu-dong","ID":0,"MaSoThue":"1600441047","NgayCap":"2009-04-07T00:00:00Z","Title":"Doanh Nghiệp TN Phù Đỗng","DiaChiCongTy":"ấp Trung Thành - Xã Vĩnh Thành - Huyện Châu Thành - An Giang","Created":"2015-11-11T05:27:48Z","Updated":"2015-11-11T05:27:48Z","IsDelete":false,"RequestChanged":false,"ExitsInGDT":false,"SourceID":0,"TinhThanhID":0,"TinhThanhTitle":"An Giang","TinhThanhTitleAscii":"/an-giang","QuanHuyenID":0,"NganhNgheTitle":"Bán buôn nhiên liệu rắn, lỏng, khí và các sản phẩm liên quan","NganhNgheTitleAscii":"/nganh-nghe/ban-buon-nhien-lieu-ran-long-khi-va-cac-san-pham-lien-quan","DSTags":["1600441047","An Giang",null]},{"Type":11,"SolrID":"/1600172450-doanh-nghiep-tn-vinh-thanh-hung","ID":0,"MaSoThue":"1600172450","NgayCap":"2008-10-06T00:00:00Z","Title":"Doanh Nghiệp TN Vĩnh Thành Hưng","DiaChiCongTy":"ấp Đông Bình Trạch - Xã Vĩnh Thành - Huyện Châu Thành - An Giang","Created":"2015-11-17T19:45:49Z","Updated":"2015-11-17T19:45:49Z","IsDelete":false,"RequestChanged":false,"ExitsInGDT":false,"SourceID":0,"TinhThanhID":0,"TinhThanhTitle":"An Giang","TinhThanhTitleAscii":"/an-giang","QuanHuyenID":0,"NganhNgheTitle":"Bán buôn chuyên doanh khác chưa được phân vào đâu","NganhNgheTitleAscii":"/nganh-nghe/ban-buon-chuyen-doanh-khac-chua-duoc-phan-vao-dau","DSTags":["1600172450","An Giang",null]},{"Type":11,"SolrID":"/1600966855-dntn-nguyen-dieu","ID":0,"MaSoThue":"1600966855","NgayCap":"2008-07-02T00:00:00Z","Title":"DNTN Nguyễn Điều","DiaChiCongTy":"602 ấp Tân Thành, xã  Vĩnh Thành - Huyện Châu Thành - An Giang","Created":"2015-11-11T08:06:45Z","Updated":"2015-11-11T08:06:45Z","IsDelete":false,"RequestChanged":false,"ExitsInGDT":false,"SourceID":0,"TinhThanhID":0,"TinhThanhTitle":"An Giang","TinhThanhTitleAscii":"/an-giang","QuanHuyenID":0,"NganhNgheTitle":"Xây dựng công trình kỹ thuật dân dụng","NganhNgheTitleAscii":"/nganh-nghe/xay-dung-cong-trinh-ky-thuat-dan-dung","DSTags":["1600966855","An Giang",null]},{"Type":11,"SolrID":"/1600943135-truong-mau-giao-vinh-thanh","ID":0,"MaSoThue":"1600943135","NgayCap":"2008-02-19T00:00:00Z","Title":"Trường Mẫu Giáo Vĩnh Thành","DiaChiCongTy":"xã Vĩnh Thành - Huyện Châu Thành - An Giang","Created":"2015-11-16T18:51:42Z","Updated":"2015-11-16T18:51:42Z","IsDelete":false,"RequestChanged":false,"ExitsInGDT":false,"SourceID":0,"TinhThanhID":0,"TinhThanhTitle":"An Giang","TinhThanhTitleAscii":"/an-giang","QuanHuyenID":0,"NganhNgheTitle":"Giáo dục mầm non","NganhNgheTitleAscii":"/nganh-nghe/giao-duc-mam-non","DSTags":["1600943135","An Giang",null]},{"Type":11,"SolrID":"/1600802448-doanh-nghiep-tn-ky-quang","ID":0,"MaSoThue":"1600802448","NgayCap":"2005-09-07T00:00:00Z","Title":"Doanh Nghiệp TN Kỳ Quang","DiaChiCongTy":"ấp Đông Phú I - Xã Vĩnh Thành - Huyện Châu Thành - An Giang","Created":"2015-11-11T11:05:03Z","Updated":"2015-11-11T11:05:03Z","IsDelete":false,"RequestChanged":false,"ExitsInGDT":false,"SourceID":0,"TinhThanhID":0,"TinhThanhTitle":"An Giang","TinhThanhTitleAscii":"/an-giang","QuanHuyenID":0,"NganhNgheTitle":"Bán buôn nhiên liệu rắn, lỏng, khí và các sản phẩm liên quan","NganhNgheTitleAscii":"/nganh-nghe/ban-buon-nhien-lieu-ran-long-khi-va-cac-san-pham-lien-quan","DSTags":["1600802448","An Giang",null]},{"Type":11,"SolrID":"/1600691657-truong-trung-hoc-co-so-vinh-thanh","ID":0,"MaSoThue":"1600691657","NgayCap":"2004-04-14T00:00:00Z","Title":"Trường Trung học cơ sở Vĩnh Thành","DiaChiCongTy":"ấp Trung Thành, xã Vĩnh Thành - Huyện Châu Thành - An Giang","Created":"2015-11-16T16:04:24Z","Updated":"2015-11-16T16:04:24Z","IsDelete":false,"RequestChanged":false,"ExitsInGDT":false,"SourceID":0,"TinhThanhID":0,"TinhThanhTitle":"An Giang","TinhThanhTitleAscii":"/an-giang","QuanHuyenID":0,"NganhNgheTitle":"Giáo dục trung học cơ sở và trung học phổ thông","NganhNgheTitleAscii":"/nganh-nghe/giao-duc-trung-hoc-co-so-va-trung-hoc-pho-thong","DSTags":["1600691657","An Giang",null]},{"Type":11,"SolrID":"/1600638163-dntn-quang-duy","ID":0,"MaSoThue":"1600638163","NgayCap":"2003-01-02T00:00:00Z","Title":"DNTN Quang Duy","DiaChiCongTy":"Tổ 1 ấp Trung Thành, Xã Vĩnh Thành - Huyện Châu Thành - An Giang","Created":"2015-11-11T09:37:35Z","Updated":"2015-11-11T09:37:35Z","IsDelete":false,"RequestChanged":false,"ExitsInGDT":false,"SourceID":0,"TinhThanhID":0,"TinhThanhTitle":"An Giang","TinhThanhTitleAscii":"/an-giang","QuanHuyenID":0,"NganhNgheTitle":"Xây dựng công trình kỹ thuật dân dụng","NganhNgheTitleAscii":"/nganh-nghe/xay-dung-cong-trinh-ky-thuat-dan-dung","DSTags":["1600638163","An Giang",null]},{"Type":11,"SolrID":"/1600583771-doanh-nghiep-tn-cang-truong","ID":0,"MaSoThue":"1600583771","NgayCap":"2001-10-03T00:00:00Z","Title":"Doanh Nghiệp TN Cang Trường","DiaChiCongTy":"ấp Đông Bình 1 - Xã Vĩnh Thành - Huyện Châu Thành - An Giang","Created":"2015-11-11T06:51:06Z","Updated":"2015-11-11T06:51:06Z","IsDelete":false,"RequestChanged":false,"ExitsInGDT":false,"SourceID":0,"TinhThanhID":0,"TinhThanhTitle":"An Giang","TinhThanhTitleAscii":"/an-giang","QuanHuyenID":0,"NganhNgheTitle":"Xây dựng nhà các loại","NganhNgheTitleAscii":"/nganh-nghe/xay-dung-nha-cac-loai","DSTags":["1600583771","An Giang",null]},{"Type":11,"SolrID":"/1600380651-033-truong-tieu-hoc-a-vinh-thanh","ID":0,"MaSoThue":"1600380651-033","NgayCap":"1999-02-23T00:00:00Z","Title":"Trường Tiểu học \"A\" Vĩnh Thành","DiaChiCongTy":"ấp Tân Thành, xã Vĩnh Thành - Huyện Châu Thành - An Giang","Created":"2015-11-17T19:51:44Z","Updated":"2015-11-17T19:51:44Z","IsDelete":false,"RequestChanged":false,"ExitsInGDT":false,"SourceID":0,"TinhThanhID":0,"TinhThanhTitle":"An Giang","TinhThanhTitleAscii":"/an-giang","QuanHuyenID":0,"NganhNgheTitle":"Giáo dục tiểu học","NganhNgheTitleAscii":"/nganh-nghe/giao-duc-tieu-hoc","DSTags":["1600380651-033","An Giang",null]},{"Type":11,"SolrID":"/1600380644-ubnd-xa-vinh-thanh","ID":0,"MaSoThue":"1600380644","NgayCap":"1999-01-20T00:00:00Z","Title":"UBND Xã Vĩnh Thành","DiaChiCongTy":"ấp Trung Thành, xã Vĩnh Thành - Huyện Châu Thành - An Giang","Created":"2015-11-14T16:44:27Z","Updated":"2015-11-14T16:44:27Z","IsDelete":false,"RequestChanged":false,"ExitsInGDT":false,"SourceID":0,"TinhThanhID":0,"TinhThanhTitle":"An Giang","TinhThanhTitleAscii":"/an-giang","QuanHuyenID":0,"NganhNgheTitle":"Hoạt động quản lý nhà nước nói chung và kinh tế tổng hợp","NganhNgheTitleAscii":"/nganh-nghe/hoat-dong-quan-ly-nha-nuoc-noi-chung-va-kinh-te-tong-hop","DSTags":["1600380644","An Giang",null]}]}