{"ID":9020,"SolrID":"/an-giang/huyen-chau-thanh/xa-vinh-an","Title":"Xã Vĩnh An","TinhThanhTitle":"An Giang","QuanHuyenTitle":"Huyện Châu Thành","QuanHuyenID":394,"TinhThanhID":35,"Url":"https://thongtindoanhnghiep.co/api/company?l=/an-giang/huyen-chau-thanh/xa-vinh-an","Total":15,"List":[{"Type":11,"SolrID":"/1602021217-cong-ty-tnhh-tu-van-xay-dung-phuong-hung-phat","ID":0,"MaSoThue":"1602021217","NgayCap":"2016-10-13T00:00:00Z","Title":"Công Ty TNHH Tư Vấn Xây Dựng Phương Hùng Phát","DiaChiCongTy":"Số 4383, tổ 14, ấp Vĩnh Thành - Xã Vĩnh An - Huyện Châu Thành - An Giang","Created":"2016-10-19T10:38:39Z","Updated":"2016-10-19T10:38:39Z","IsDelete":false,"RequestChanged":false,"ExitsInGDT":false,"SourceID":0,"TinhThanhID":0,"TinhThanhTitle":"An Giang","TinhThanhTitleAscii":"/an-giang","QuanHuyenID":0,"NganhNgheTitle":"Xây dựng nhà các loại","NganhNgheTitleAscii":"/nganh-nghe/xay-dung-nha-cac-loai","DSTags":["1602021217","An Giang",null]},{"Type":11,"SolrID":"/1601973171-cong-ty-tnhh-mot-thanh-vien-thinh-phat-chau-thanh","ID":0,"MaSoThue":"1601973171","NgayCap":"2015-05-22T00:00:00Z","Title":"Công Ty TNHH Một Thành Viên Thịnh Phát Châu Thành","DiaChiCongTy":"Số 4643, Tổ 4, ấp Vĩnh Thành - Xã Vĩnh An - Huyện Châu Thành - An Giang","Created":"2015-11-18T03:40:55Z","Updated":"2015-11-18T03:40:55Z","IsDelete":false,"RequestChanged":false,"ExitsInGDT":false,"SourceID":0,"TinhThanhID":0,"TinhThanhTitle":"An Giang","TinhThanhTitleAscii":"/an-giang","QuanHuyenID":0,"NganhNgheTitle":"Bán buôn vật liệu, thiết bị lắp đặt khác trong xây dựng","NganhNgheTitleAscii":"/nganh-nghe/ban-buon-vat-lieu-thiet-bi-lap-dat-khac-trong-xay-dung","DSTags":["1601973171","An Giang",null]},{"Type":11,"SolrID":"/1600933440-001-chi-nhanh-doanh-nghiep-tn-thu-trang-tai-chau-thanh","ID":0,"MaSoThue":"1600933440-001","NgayCap":"2014-09-24T00:00:00Z","Title":"Chi Nhánh Doanh Nghiệp TN Thu Trang Tại Châu Thành","DiaChiCongTy":"Đường tỉnh 941, Tổ 4, ấp Vĩnh Thành - Xã Vĩnh An - Huyện Châu Thành - An Giang","Created":"2015-11-11T05:44:01Z","Updated":"2015-11-11T05:44:01Z","IsDelete":false,"RequestChanged":false,"ExitsInGDT":false,"SourceID":0,"TinhThanhID":0,"TinhThanhTitle":"An Giang","TinhThanhTitleAscii":"/an-giang","QuanHuyenID":0,"NganhNgheTitle":"Bán buôn nhiên liệu rắn, lỏng, khí và các sản phẩm liên quan","NganhNgheTitleAscii":"/nganh-nghe/ban-buon-nhien-lieu-ran-long-khi-va-cac-san-pham-lien-quan","DSTags":["1600933440-001","An Giang",null]},{"Type":11,"SolrID":"/1601859207-cong-ty-tnhh-khoi-nghia","ID":0,"MaSoThue":"1601859207","NgayCap":"2013-01-23T00:00:00Z","Title":"Công Ty TNHH Khởi Nghĩa","DiaChiCongTy":"Tổ 16, ấp Vĩnh Quới - Xã Vĩnh An - Huyện Châu Thành - An Giang","Created":"2015-11-12T00:59:21Z","Updated":"2015-11-12T00:59:21Z","IsDelete":false,"RequestChanged":false,"ExitsInGDT":false,"SourceID":0,"TinhThanhID":0,"TinhThanhTitle":"An Giang","TinhThanhTitleAscii":"/an-giang","QuanHuyenID":0,"NganhNgheTitle":"Cưa, xẻ, bào gỗ và bảo quản gỗ","NganhNgheTitleAscii":"/nganh-nghe/cua-xe-bao-go-va-bao-quan-go","DSTags":["1601859207","An Giang",null]},{"Type":11,"SolrID":"/1601651872-cong-ty-tnhh-mot-thanh-vien-tu-van-dau-tu-xay-dung-vo-trieu-799","ID":0,"MaSoThue":"1601651872","NgayCap":"2012-02-06T00:00:00Z","Title":"Công Ty TNHH Một Thành Viên Tư Vấn Đầu Tư & Xây Dựng Võ Triều 799","DiaChiCongTy":"Tổ 28, ấp Vĩnh Quới - Xã Vĩnh An - Huyện Châu Thành - An Giang","Created":"2015-11-10T01:44:31Z","Updated":"2015-11-10T01:44:31Z","IsDelete":false,"RequestChanged":false,"ExitsInGDT":false,"SourceID":0,"TinhThanhID":0,"TinhThanhTitle":"An Giang","TinhThanhTitleAscii":"/an-giang","QuanHuyenID":0,"NganhNgheTitle":"Hoạt động kiến trúc và tư vấn kỹ thuật có liên quan","NganhNgheTitleAscii":"/nganh-nghe/hoat-dong-kien-truc-va-tu-van-ky-thuat-co-lien-quan","DSTags":["1601651872","An Giang",null]},{"Type":11,"SolrID":"/1601497370-doanh-nghiep-tn-ba-hum","ID":0,"MaSoThue":"1601497370","NgayCap":"2011-06-17T00:00:00Z","Title":"Doanh Nghiệp TN Ba Hùm","DiaChiCongTy":"ấp Vĩnh Phú - Xã Vĩnh An - Huyện Châu Thành - An Giang","Created":"2015-11-18T05:43:19Z","Updated":"2015-11-18T05:43:19Z","IsDelete":false,"RequestChanged":false,"ExitsInGDT":false,"SourceID":0,"TinhThanhID":0,"TinhThanhTitle":"An Giang","TinhThanhTitleAscii":"/an-giang","QuanHuyenID":0,"NganhNgheTitle":"Xây dựng công trình kỹ thuật dân dụng khác","NganhNgheTitleAscii":"/nganh-nghe/xay-dung-cong-trinh-ky-thuat-dan-dung-khac","DSTags":["1601497370","An Giang",null]},{"Type":11,"SolrID":"/1600297643-001-chi-nhanh-doanh-nghiep-tu-nhan-nguyen-thi-a-cua-hang-so-2","ID":0,"MaSoThue":"1600297643-001","NgayCap":"2009-07-13T00:00:00Z","Title":"Chi Nhánh Doanh Nghiệp Tư Nhân Nguyễn Thị A-Cửa Hàng Số 2","DiaChiCongTy":"Xà Lan AG-9238-H, tổ 14, ấp Vĩnh Quới - Xã Vĩnh An - Huyện Châu Thành - An Giang","Created":"2015-11-17T06:06:08Z","Updated":"2015-11-17T06:06:08Z","IsDelete":false,"RequestChanged":false,"ExitsInGDT":false,"SourceID":0,"TinhThanhID":0,"TinhThanhTitle":"An Giang","TinhThanhTitleAscii":"/an-giang","QuanHuyenID":0,"NganhNgheTitle":"Bán buôn nhiên liệu rắn, lỏng, khí và các sản phẩm liên quan","NganhNgheTitleAscii":"/nganh-nghe/ban-buon-nhien-lieu-ran-long-khi-va-cac-san-pham-lien-quan","DSTags":["1600297643-001","An Giang",null]},{"Type":11,"SolrID":"/1600933440-doanh-nghiep-tn-thu-trang","ID":0,"MaSoThue":"1600933440","NgayCap":"2008-01-08T00:00:00Z","Title":"Doanh Nghiệp TN Thu Trang","DiaChiCongTy":"ấp Vĩnh Thành - Xã Vĩnh An - Huyện Châu Thành - An Giang","Created":"2015-11-10T01:38:23Z","Updated":"2015-11-10T01:38:23Z","IsDelete":false,"RequestChanged":false,"ExitsInGDT":false,"SourceID":0,"TinhThanhID":0,"TinhThanhTitle":"An Giang","TinhThanhTitleAscii":"/an-giang","QuanHuyenID":0,"NganhNgheTitle":"Bán buôn nhiên liệu rắn, lỏng, khí và các sản phẩm liên quan","NganhNgheTitleAscii":"/nganh-nghe/ban-buon-nhien-lieu-ran-long-khi-va-cac-san-pham-lien-quan","DSTags":["1600933440","An Giang",null]},{"Type":11,"SolrID":"/1600327104-dntn-xang-dau-vinh-quoi","ID":0,"MaSoThue":"1600327104","NgayCap":"2004-09-08T00:00:00Z","Title":"DNTN Xăng dầu Vĩnh Quới","DiaChiCongTy":"Tổ 7 ấp Vĩnh Quới, xã Vĩnh An - Huyện Châu Thành - An Giang","Created":"2015-11-11T07:17:58Z","Updated":"2015-11-11T07:17:58Z","IsDelete":false,"RequestChanged":false,"ExitsInGDT":false,"SourceID":0,"TinhThanhID":0,"TinhThanhTitle":"An Giang","TinhThanhTitleAscii":"/an-giang","QuanHuyenID":0,"NganhNgheTitle":"Bán lẻ nhiên liệu động cơ trong các cửa hàng chuyên doanh","NganhNgheTitleAscii":"/nganh-nghe/ban-le-nhien-lieu-dong-co-trong-cac-cua-hang-chuyen-doanh","DSTags":["1600327104","An Giang",null]},{"Type":11,"SolrID":"/1600691618-truong-trung-hoc-co-so-vinh-an","ID":0,"MaSoThue":"1600691618","NgayCap":"2004-04-14T00:00:00Z","Title":"Trường Trung học cơ sở Vĩnh An","DiaChiCongTy":"ấp Vĩnh Quới, xã Vĩnh An - Huyện Châu Thành - An Giang","Created":"2015-11-16T05:14:57Z","Updated":"2015-11-16T05:14:57Z","IsDelete":false,"RequestChanged":false,"ExitsInGDT":false,"SourceID":0,"TinhThanhID":0,"TinhThanhTitle":"An Giang","TinhThanhTitleAscii":"/an-giang","QuanHuyenID":0,"NganhNgheTitle":"Giáo dục trung học cơ sở và trung học phổ thông","NganhNgheTitleAscii":"/nganh-nghe/giao-duc-trung-hoc-co-so-va-trung-hoc-pho-thong","DSTags":["1600691618","An Giang",null]},{"Type":11,"SolrID":"/1600206156-doanh-nghiep-tu-nhan-phu-cuong-i","ID":0,"MaSoThue":"1600206156","NgayCap":"2004-04-02T00:00:00Z","Title":"Doanh Nghiệp Tư Nhân Phú Cường I","DiaChiCongTy":"Xà Lan AG-19694, ấp Vĩnh Quới - Xã Vĩnh An - Huyện Châu Thành - An Giang","Created":"2015-11-11T09:33:58Z","Updated":"2015-11-11T09:33:58Z","IsDelete":false,"RequestChanged":false,"ExitsInGDT":false,"SourceID":0,"TinhThanhID":0,"TinhThanhTitle":"An Giang","TinhThanhTitleAscii":"/an-giang","QuanHuyenID":0,"NganhNgheTitle":"Bán lẻ nhiên liệu động cơ trong các cửa hàng chuyên doanh","NganhNgheTitleAscii":"/nganh-nghe/ban-le-nhien-lieu-dong-co-trong-cac-cua-hang-chuyen-doanh","DSTags":["1600206156","An Giang",null]},{"Type":11,"SolrID":"/1600297643-doanh-nghiep-tn-nguyen-thi-a","ID":0,"MaSoThue":"1600297643","NgayCap":"2004-02-06T00:00:00Z","Title":"Doanh Nghiệp TN Nguyễn Thị A","DiaChiCongTy":"Tổ 14, ấp Vĩnh Quới - Xã Vĩnh An - Huyện Châu Thành - An Giang","Created":"2015-11-17T04:54:10Z","Updated":"2015-11-17T04:54:10Z","IsDelete":false,"RequestChanged":false,"ExitsInGDT":false,"SourceID":0,"TinhThanhID":0,"TinhThanhTitle":"An Giang","TinhThanhTitleAscii":"/an-giang","QuanHuyenID":0,"NganhNgheTitle":"Bán buôn nhiên liệu rắn, lỏng, khí và các sản phẩm liên quan","NganhNgheTitleAscii":"/nganh-nghe/ban-buon-nhien-lieu-ran-long-khi-va-cac-san-pham-lien-quan","DSTags":["1600297643","An Giang",null]},{"Type":11,"SolrID":"/1600169112-001-phong-giao-dich-vinh-an-ngan-hang-tmcpnt-my-xuyen","ID":0,"MaSoThue":"1600169112-001","NgayCap":"2000-02-03T00:00:00Z","Title":"Phòng Giao Dịch Vĩnh An Ngân Hàng TMCPNT Mỹ Xuyên","DiaChiCongTy":"Cầu số 8 Xã Vĩnh An - Huyện Châu Thành - An Giang","Created":"2015-11-18T09:35:45Z","Updated":"2015-11-18T09:35:45Z","IsDelete":false,"RequestChanged":false,"ExitsInGDT":false,"SourceID":0,"TinhThanhID":0,"TinhThanhTitle":"An Giang","TinhThanhTitleAscii":"/an-giang","QuanHuyenID":0,"NganhNgheTitle":"Hoạt động cấp tín dụng khác","NganhNgheTitleAscii":"/nganh-nghe/hoat-dong-cap-tin-dung-khac","DSTags":["1600169112-001","An Giang",null]},{"Type":11,"SolrID":"/1600380651-022-truong-tieu-hoc-b-vinh-an","ID":0,"MaSoThue":"1600380651-022","NgayCap":"1999-02-23T00:00:00Z","Title":"Trường Tiểu học \"B\" Vĩnh An","DiaChiCongTy":"ấp Vĩnh Thành, xã Vĩnh An - Huyện Châu Thành - An Giang","Created":"2015-11-17T19:51:35Z","Updated":"2015-11-17T19:51:35Z","IsDelete":false,"RequestChanged":false,"ExitsInGDT":false,"SourceID":0,"TinhThanhID":0,"TinhThanhTitle":"An Giang","TinhThanhTitleAscii":"/an-giang","QuanHuyenID":0,"NganhNgheTitle":"Giáo dục tiểu học","NganhNgheTitleAscii":"/nganh-nghe/giao-duc-tieu-hoc","DSTags":["1600380651-022","An Giang",null]},{"Type":11,"SolrID":"/1600375281-ubnd-xa-vinh-an","ID":0,"MaSoThue":"1600375281","NgayCap":"1998-11-26T00:00:00Z","Title":"UBND xã Vĩnh An","DiaChiCongTy":"ấp Vĩnh Quới, xã Vĩnh An - Huyện Châu Thành - An Giang","Created":"2015-11-14T17:13:06Z","Updated":"2015-11-14T17:13:06Z","IsDelete":false,"RequestChanged":false,"ExitsInGDT":false,"SourceID":0,"TinhThanhID":0,"TinhThanhTitle":"An Giang","TinhThanhTitleAscii":"/an-giang","QuanHuyenID":0,"NganhNgheTitle":"Hoạt động quản lý nhà nước nói chung và kinh tế tổng hợp","NganhNgheTitleAscii":"/nganh-nghe/hoat-dong-quan-ly-nha-nuoc-noi-chung-va-kinh-te-tong-hop","DSTags":["1600375281","An Giang",null]}]}