{"ID":10403,"SolrID":"/an-giang/huyen-chau-thanh/xa-vinh-nhuan","Title":"Xã Vĩnh Nhuận","TinhThanhTitle":"An Giang","QuanHuyenTitle":"Huyện Châu Thành","QuanHuyenID":394,"TinhThanhID":35,"Url":"https://thongtindoanhnghiep.co/api/company?l=/an-giang/huyen-chau-thanh/xa-vinh-nhuan","Total":14,"List":[{"Type":11,"SolrID":"/1602041189-cong-ty-tnhh-mot-thanh-vien-gia-han-sim-so","ID":0,"MaSoThue":"1602041189","NgayCap":"2017-05-26T00:00:00Z","Title":"Công Ty TNHH Một Thành Viên Gia Hân Sim Số","DiaChiCongTy":"Ấp Vĩnh Thuận, Xã Vĩnh Nhuận, Huyện Châu Thành, Tỉnh An Giang","Created":"2017-05-26T08:38:30Z","Updated":"2017-05-26T08:38:30Z","IsDelete":false,"RequestChanged":false,"ExitsInGDT":false,"SourceID":0,"TinhThanhID":0,"TinhThanhTitle":"An Giang","TinhThanhTitleAscii":"/an-giang","QuanHuyenID":0,"NganhNgheTitle":"Bán buôn thiết bị và linh kiện điện tử, viễn thông","NganhNgheTitleAscii":"/nganh-nghe/ban-buon-thiet-bi-va-linh-kien-dien-tu-vien-thong","DSTags":["1602041189","An Giang",null]},{"Type":11,"SolrID":"/1602037312-cong-ty-tnhh-mot-thanh-vien-nong-nghiep-quoc-nong","ID":0,"MaSoThue":"1602037312","NgayCap":"2017-04-04T00:00:00Z","Title":"Công Ty TNHH Một Thành Viên Nông Nghiệp Quốc Nông","DiaChiCongTy":"Số 27, Ấp Vĩnh Hiệp 1, Xã Vĩnh Nhuận, Huyện Châu Thành, Tỉnh An Giang","Created":"2017-04-04T09:34:55Z","Updated":"2017-04-04T09:34:55Z","IsDelete":false,"RequestChanged":false,"ExitsInGDT":false,"SourceID":0,"TinhThanhID":0,"TinhThanhTitle":"An Giang","TinhThanhTitleAscii":"/an-giang","QuanHuyenID":0,"NganhNgheTitle":"Bán buôn chuyên doanh khác chưa được phân vào đâu","NganhNgheTitleAscii":"/nganh-nghe/ban-buon-chuyen-doanh-khac-chua-duoc-phan-vao-dau","DSTags":["1602037312","An Giang",null]},{"Type":11,"SolrID":"/1602022309-cong-ty-tnhh-mot-thanh-vien-xay-dung-cau-duong-thien-vu","ID":0,"MaSoThue":"1602022309","NgayCap":"2016-10-31T00:00:00Z","Title":"Công Ty TNHH Một Thành Viên Xây Dựng Cầu Đường Thiện Vủ","DiaChiCongTy":"ấp Vĩnh Hòa 1 - Xã Vĩnh Nhuận - Huyện Châu Thành - An Giang","Created":"2016-11-03T14:08:03Z","Updated":"2016-11-03T14:08:03Z","IsDelete":false,"RequestChanged":false,"ExitsInGDT":false,"SourceID":0,"TinhThanhID":0,"TinhThanhTitle":"An Giang","TinhThanhTitleAscii":"/an-giang","QuanHuyenID":0,"NganhNgheTitle":"Xây dựng công trình đường sắt và đường bộ","NganhNgheTitleAscii":"/nganh-nghe/xay-dung-cong-trinh-duong-sat-va-duong-bo","DSTags":["1602022309","An Giang",null]},{"Type":11,"SolrID":"/1601877326-doanh-nghiep-tn-tiem-vang-the-tri","ID":0,"MaSoThue":"1601877326","NgayCap":"2013-05-29T00:00:00Z","Title":"Doanh Nghiệp TN Tiệm Vàng Thế Trí","DiaChiCongTy":"ấp Vĩnh Thuận - Xã Vĩnh Nhuận - Huyện Châu Thành - An Giang","Created":"2015-11-17T08:11:50Z","Updated":"2015-11-17T08:11:50Z","IsDelete":false,"RequestChanged":false,"ExitsInGDT":false,"SourceID":0,"TinhThanhID":0,"TinhThanhTitle":"An Giang","TinhThanhTitleAscii":"/an-giang","QuanHuyenID":0,"NganhNgheTitle":"Bán buôn kim loại và quặng kim loại","NganhNgheTitleAscii":"/nganh-nghe/ban-buon-kim-loai-va-quang-kim-loai","DSTags":["1601877326","An Giang",null]},{"Type":11,"SolrID":"/1601873547-doanh-nghiep-tn-tiem-vang-my-linh-chau-thanh","ID":0,"MaSoThue":"1601873547","NgayCap":"2013-05-09T00:00:00Z","Title":"Doanh Nghiệp TN Tiệm Vàng Mỹ Linh Châu Thành","DiaChiCongTy":"Số 227, ấp Vĩnh Thuận - Xã Vĩnh Nhuận - Huyện Châu Thành - An Giang","Created":"2015-11-17T07:44:32Z","Updated":"2015-11-17T07:44:32Z","IsDelete":false,"RequestChanged":false,"ExitsInGDT":false,"SourceID":0,"TinhThanhID":0,"TinhThanhTitle":"An Giang","TinhThanhTitleAscii":"/an-giang","QuanHuyenID":0,"NganhNgheTitle":"Bán buôn kim loại và quặng kim loại","NganhNgheTitleAscii":"/nganh-nghe/ban-buon-kim-loai-va-quang-kim-loai","DSTags":["1601873547","An Giang",null]},{"Type":11,"SolrID":"/1601872078-doanh-nghiep-tn-tiem-vang-phuoc-xuan","ID":0,"MaSoThue":"1601872078","NgayCap":"2013-04-24T00:00:00Z","Title":"Doanh Nghiệp TN Tiệm Vàng Phước Xuân","DiaChiCongTy":"ấp Vĩnh Thuận - Xã Vĩnh Nhuận - Huyện Châu Thành - An Giang","Created":"2015-11-16T10:36:03Z","Updated":"2015-11-16T10:36:03Z","IsDelete":false,"RequestChanged":false,"ExitsInGDT":false,"SourceID":0,"TinhThanhID":0,"TinhThanhTitle":"An Giang","TinhThanhTitleAscii":"/an-giang","QuanHuyenID":0,"NganhNgheTitle":"Bán buôn kim loại và quặng kim loại","NganhNgheTitleAscii":"/nganh-nghe/ban-buon-kim-loai-va-quang-kim-loai","DSTags":["1601872078","An Giang",null]},{"Type":11,"SolrID":"/1601360520-doanh-nghiep-tu-nhan-nguyen-hue","ID":0,"MaSoThue":"1601360520","NgayCap":"2010-06-15T00:00:00Z","Title":"Doanh Nghiệp Tư Nhân Nguyễn Huệ","DiaChiCongTy":"ấp Vĩnh Thuận - Xã Vĩnh Nhuận - Huyện Châu Thành - An Giang","Created":"2015-11-11T07:21:17Z","Updated":"2015-11-11T07:21:17Z","IsDelete":false,"RequestChanged":false,"ExitsInGDT":false,"SourceID":0,"TinhThanhID":0,"TinhThanhTitle":"An Giang","TinhThanhTitleAscii":"/an-giang","QuanHuyenID":0,"NganhNgheTitle":"Bán buôn nhiên liệu rắn, lỏng, khí và các sản phẩm liên quan","NganhNgheTitleAscii":"/nganh-nghe/ban-buon-nhien-lieu-ran-long-khi-va-cac-san-pham-lien-quan","DSTags":["1601360520","An Giang",null]},{"Type":11,"SolrID":"/1600691858-dntn-cam-ha","ID":0,"MaSoThue":"1600691858","NgayCap":"2004-04-21T00:00:00Z","Title":"DNTN Cẩm Hà","DiaChiCongTy":"Tổ 20 ấp Vĩnh Thuận, xã Vĩnh Nhuận - Huyện Châu Thành - An Giang","Created":"2015-11-11T08:44:29Z","Updated":"2015-11-11T08:44:29Z","IsDelete":false,"RequestChanged":false,"ExitsInGDT":false,"SourceID":0,"TinhThanhID":0,"TinhThanhTitle":"An Giang","TinhThanhTitleAscii":"/an-giang","QuanHuyenID":0,"NganhNgheTitle":"Bán lẻ nhiên liệu động cơ trong các cửa hàng chuyên doanh","NganhNgheTitleAscii":"/nganh-nghe/ban-le-nhien-lieu-dong-co-trong-cac-cua-hang-chuyen-doanh","DSTags":["1600691858","An Giang",null]},{"Type":11,"SolrID":"/1600691576-truong-mau-giao-vinh-nhuan","ID":0,"MaSoThue":"1600691576","NgayCap":"2004-04-14T00:00:00Z","Title":"Trường Mẫu giáo Vĩnh Nhuận","DiaChiCongTy":"ấp Vĩnh Thuận, xã Vĩnh Nhuận - Huyện Châu Thành - An Giang","Created":"2015-11-16T16:04:05Z","Updated":"2015-11-16T16:04:05Z","IsDelete":false,"RequestChanged":false,"ExitsInGDT":false,"SourceID":0,"TinhThanhID":0,"TinhThanhTitle":"An Giang","TinhThanhTitleAscii":"/an-giang","QuanHuyenID":0,"NganhNgheTitle":"Giáo dục mầm non","NganhNgheTitleAscii":"/nganh-nghe/giao-duc-mam-non","DSTags":["1600691576","An Giang",null]},{"Type":11,"SolrID":"/1600691632-truong-trung-hoc-co-so-vinh-nhuan","ID":0,"MaSoThue":"1600691632","NgayCap":"2004-04-14T00:00:00Z","Title":"Trường Trung học cơ sở Vĩnh Nhuận","DiaChiCongTy":"ấp Vĩnh Lợi, xã Vĩnh Nhuận - Huyện Châu Thành - An Giang","Created":"2015-11-16T05:14:59Z","Updated":"2015-11-16T05:14:59Z","IsDelete":false,"RequestChanged":false,"ExitsInGDT":false,"SourceID":0,"TinhThanhID":0,"TinhThanhTitle":"An Giang","TinhThanhTitleAscii":"/an-giang","QuanHuyenID":0,"NganhNgheTitle":"Giáo dục trung học cơ sở và trung học phổ thông","NganhNgheTitleAscii":"/nganh-nghe/giao-duc-trung-hoc-co-so-va-trung-hoc-pho-thong","DSTags":["1600691632","An Giang",null]},{"Type":11,"SolrID":"/1600380651-029-truong-tieu-hoc-a-vinh-nhuan","ID":0,"MaSoThue":"1600380651-029","NgayCap":"1999-02-23T00:00:00Z","Title":"Trường Tiểu học \"A\" Vĩnh Nhuận","DiaChiCongTy":"ấp Vĩnh Thuận, xã Vĩnh Nhuận - Huyện Châu Thành - An Giang","Created":"2015-11-17T19:51:41Z","Updated":"2015-11-17T19:51:41Z","IsDelete":false,"RequestChanged":false,"ExitsInGDT":false,"SourceID":0,"TinhThanhID":0,"TinhThanhTitle":"An Giang","TinhThanhTitleAscii":"/an-giang","QuanHuyenID":0,"NganhNgheTitle":"Giáo dục tiểu học","NganhNgheTitleAscii":"/nganh-nghe/giao-duc-tieu-hoc","DSTags":["1600380651-029","An Giang",null]},{"Type":11,"SolrID":"/1600380651-030-truong-tieu-hoc-b-vinh-nhuan","ID":0,"MaSoThue":"1600380651-030","NgayCap":"1999-02-23T00:00:00Z","Title":"Trường Tiểu học \"B\"  Vĩnh Nhuận","DiaChiCongTy":"ấp Vĩnh Hòa 1, xã Vĩnh Nhuận - Huyện Châu Thành - An Giang","Created":"2015-11-17T19:51:42Z","Updated":"2015-11-17T19:51:42Z","IsDelete":false,"RequestChanged":false,"ExitsInGDT":false,"SourceID":0,"TinhThanhID":0,"TinhThanhTitle":"An Giang","TinhThanhTitleAscii":"/an-giang","QuanHuyenID":0,"NganhNgheTitle":"Giáo dục tiểu học","NganhNgheTitleAscii":"/nganh-nghe/giao-duc-tieu-hoc","DSTags":["1600380651-030","An Giang",null]},{"Type":11,"SolrID":"/1600380651-031-truong-tieu-hoc-c-vinh-nhuan","ID":0,"MaSoThue":"1600380651-031","NgayCap":"1999-02-23T00:00:00Z","Title":"Trường Tiểu học \"C\"  Vĩnh Nhuận","DiaChiCongTy":"ấp Vĩnh Thuận, xã Vĩnh Nhuận - Huyện Châu Thành - An Giang","Created":"2015-11-17T19:51:43Z","Updated":"2015-11-17T19:51:43Z","IsDelete":false,"RequestChanged":false,"ExitsInGDT":false,"SourceID":0,"TinhThanhID":0,"TinhThanhTitle":"An Giang","TinhThanhTitleAscii":"/an-giang","QuanHuyenID":0,"NganhNgheTitle":"Giáo dục tiểu học","NganhNgheTitleAscii":"/nganh-nghe/giao-duc-tieu-hoc","DSTags":["1600380651-031","An Giang",null]},{"Type":11,"SolrID":"/1600375316-ubnd-xa-vinh-nhuan","ID":0,"MaSoThue":"1600375316","NgayCap":"1998-11-26T00:00:00Z","Title":"UBND xã Vĩnh Nhuận","DiaChiCongTy":"ấp Vĩnh Thuận, xã Vĩnh Nhuận - Huyện Châu Thành - An Giang","Created":"2015-11-14T17:13:13Z","Updated":"2015-11-14T17:13:13Z","IsDelete":false,"RequestChanged":false,"ExitsInGDT":false,"SourceID":0,"TinhThanhID":0,"TinhThanhTitle":"An Giang","TinhThanhTitleAscii":"/an-giang","QuanHuyenID":0,"NganhNgheTitle":"Hoạt động quản lý nhà nước nói chung và kinh tế tổng hợp","NganhNgheTitleAscii":"/nganh-nghe/hoat-dong-quan-ly-nha-nuoc-noi-chung-va-kinh-te-tong-hop","DSTags":["1600375316","An Giang",null]}]}