{"ID":1836,"SolrID":"/an-giang/huyen-chau-thanh/xa-vinh-hanh","Title":"Xã Vĩnh Hanh","TinhThanhTitle":"An Giang","QuanHuyenTitle":"Huyện Châu Thành","QuanHuyenID":394,"TinhThanhID":35,"Url":"https://thongtindoanhnghiep.co/api/company?l=/an-giang/huyen-chau-thanh/xa-vinh-hanh","Total":30,"List":[{"Type":11,"SolrID":"/1602075420-cong-ty-tnhh-mot-thanh-vien-phan-bon-joko","ID":0,"MaSoThue":"1602075420","NgayCap":"2018-06-28T00:00:00Z","Title":"Công Ty TNHH Một Thành Viên Phân Bón Joko","DiaChiCongTy":"Tổ 15, Ấp Vĩnh Lợi, Xã Vĩnh Hanh, Huyện Châu Thành, Tỉnh An Giang","Created":"2018-06-28T08:04:18Z","Updated":"2018-06-28T08:04:18Z","IsDelete":false,"RequestChanged":false,"ExitsInGDT":false,"SourceID":0,"TinhThanhID":0,"TinhThanhTitle":"An Giang","TinhThanhTitleAscii":"/an-giang","QuanHuyenID":0,"NganhNgheTitle":"Bán buôn chuyên doanh khác chưa được phân vào đâu","NganhNgheTitleAscii":"/nganh-nghe/ban-buon-chuyen-doanh-khac-chua-duoc-phan-vao-dau","DSTags":["1602075420","An Giang",null]},{"Type":11,"SolrID":"/1602063908-cong-ty-tnhh-mot-thanh-vien-xay-lap-le-nguyen-viet","ID":0,"MaSoThue":"1602063908","NgayCap":"2018-02-07T00:00:00Z","Title":"Công Ty TNHH Một Thành Viên Xây Lắp Lê Nguyễn Việt","DiaChiCongTy":"Ấp Vĩnh Phú, Xã Vĩnh Hanh, Huyện Châu Thành, Tỉnh An Giang","Created":"2018-02-07T16:05:54Z","Updated":"2018-02-07T16:05:54Z","IsDelete":false,"RequestChanged":false,"ExitsInGDT":false,"SourceID":0,"TinhThanhID":0,"TinhThanhTitle":"An Giang","TinhThanhTitleAscii":"/an-giang","QuanHuyenID":0,"NganhNgheTitle":"Chuẩn bị mặt bằng","NganhNgheTitleAscii":"/nganh-nghe/chuan-bi-mat-bang","DSTags":["1602063908","An Giang",null]},{"Type":11,"SolrID":"/1602056227-cong-ty-tnhh-nuoi-trong-thuy-san-thien-khoa","ID":0,"MaSoThue":"1602056227","NgayCap":"2017-11-30T00:00:00Z","Title":"Công Ty TNHH Nuôi Trồng Thủy Sản Thiện Khoa","DiaChiCongTy":"Ấp Vĩnh Phúc, Xã Vĩnh Hanh, Huyện Châu Thành, Tỉnh An Giang","Created":"2017-11-30T13:21:25Z","Updated":"2017-11-30T13:21:25Z","IsDelete":false,"RequestChanged":false,"ExitsInGDT":false,"SourceID":0,"TinhThanhID":0,"TinhThanhTitle":"An Giang","TinhThanhTitleAscii":"/an-giang","QuanHuyenID":0,"NganhNgheTitle":"Nuôi trồng thuỷ sản nội địa","NganhNgheTitleAscii":"/nganh-nghe/nuoi-trong-thuy-san-noi-dia","DSTags":["1602056227","An Giang",null]},{"Type":11,"SolrID":"/1602052342-doanh-nghiep-tn-khai-thac-cho-hieu-duc","ID":0,"MaSoThue":"1602052342","NgayCap":"2017-10-16T00:00:00Z","Title":"Doanh Nghiệp Tn Khai Thác Chợ Hiếu Đức","DiaChiCongTy":"Ấp Vĩnh Thuận, Xã Vĩnh Hanh, Huyện Châu Thành, Tỉnh An Giang","Created":"2017-10-16T13:35:34Z","Updated":"2017-10-16T13:35:34Z","IsDelete":false,"RequestChanged":false,"ExitsInGDT":false,"SourceID":0,"TinhThanhID":0,"TinhThanhTitle":"An Giang","TinhThanhTitleAscii":"/an-giang","QuanHuyenID":0,"NganhNgheTitle":"Hoạt động dịch vụ hỗ trợ kinh doanh khác còn lại chưa được phân vào đâu","NganhNgheTitleAscii":"/nganh-nghe/hoat-dong-dich-vu-ho-tro-kinh-doanh-khac-con-lai-chua-duoc-phan-vao-dau","DSTags":["1602052342","An Giang",null]},{"Type":11,"SolrID":"/1602049910-doanh-nghiep-tn-thanh-danh-vinh-nhuan","ID":0,"MaSoThue":"1602049910","NgayCap":"2017-09-12T00:00:00Z","Title":"Doanh Nghiệp Tn Thành Danh Vĩnh Nhuận","DiaChiCongTy":"Ấp Vĩnh Lợi , Xã Vĩnh Hanh, Huyện Châu Thành, Tỉnh An Giang","Created":"2017-09-12T11:56:25Z","Updated":"2017-09-12T11:56:25Z","IsDelete":false,"RequestChanged":false,"ExitsInGDT":false,"SourceID":0,"TinhThanhID":0,"TinhThanhTitle":"An Giang","TinhThanhTitleAscii":"/an-giang","QuanHuyenID":0,"NganhNgheTitle":"Hoạt động dịch vụ hỗ trợ kinh doanh khác còn lại chưa được phân vào đâu","NganhNgheTitleAscii":"/nganh-nghe/hoat-dong-dich-vu-ho-tro-kinh-doanh-khac-con-lai-chua-duoc-phan-vao-dau","DSTags":["1602049910","An Giang",null]},{"Type":11,"SolrID":"/1601986798-doanh-nghiep-tn-khai-thac-cho-phuong-an","ID":0,"MaSoThue":"1601986798","NgayCap":"2015-11-10T00:00:00Z","Title":"Doanh Nghiệp TN Khai Thác Chợ Phương An","DiaChiCongTy":"ấp Vĩnh Phúc - Xã Vĩnh Hanh - Huyện Châu Thành - An Giang","Created":"2015-11-19T13:09:11Z","Updated":"2015-11-19T13:09:11Z","IsDelete":false,"RequestChanged":false,"ExitsInGDT":false,"SourceID":0,"TinhThanhID":0,"TinhThanhTitle":"An Giang","TinhThanhTitleAscii":"/an-giang","QuanHuyenID":0,"NganhNgheTitle":"Hoạt động dịch vụ hỗ trợ kinh doanh khác còn lại chưa được phân vào đâu","NganhNgheTitleAscii":"/nganh-nghe/hoat-dong-dich-vu-ho-tro-kinh-doanh-khac-con-lai-chua-duoc-phan-vao-dau","DSTags":["1601986798","An Giang",null]},{"Type":11,"SolrID":"/1601974231-cong-ty-tnhh-mot-thanh-vien-thien-duc-hang-viet","ID":0,"MaSoThue":"1601974231","NgayCap":"2015-06-03T00:00:00Z","Title":"Công Ty TNHH Một Thành Viên Thiện Đức Hàng Việt","DiaChiCongTy":"Tổ 10, ấp Vĩnh Phúc - Xã Vĩnh Hanh - Huyện Châu Thành - An Giang","Created":"2015-11-18T05:51:49Z","Updated":"2015-11-18T05:51:49Z","IsDelete":false,"RequestChanged":false,"ExitsInGDT":false,"SourceID":0,"TinhThanhID":0,"TinhThanhTitle":"An Giang","TinhThanhTitleAscii":"/an-giang","QuanHuyenID":0,"NganhNgheTitle":"Bán buôn thiết bị và linh kiện điện tử, viễn thông","NganhNgheTitleAscii":"/nganh-nghe/ban-buon-thiet-bi-va-linh-kien-dien-tu-vien-thong","DSTags":["1601974231","An Giang",null]},{"Type":11,"SolrID":"/1801337832-003-chi-nhanh-3-cong-ty-tnhh-mot-thanh-vien-xang-dau-hong-hao","ID":0,"MaSoThue":"1801337832-003","NgayCap":"2015-01-19T00:00:00Z","Title":"Chi Nhánh 3 Công Ty TNHH Một Thành Viên Xăng Dầu Hồng Hào","DiaChiCongTy":"Tổ 14, ấp Vĩnh Phúc - Xã Vĩnh Hanh - Huyện Châu Thành - An Giang","Created":"2015-11-18T10:59:51Z","Updated":"2015-11-18T10:59:51Z","IsDelete":false,"RequestChanged":false,"ExitsInGDT":false,"SourceID":0,"TinhThanhID":0,"TinhThanhTitle":"An Giang","TinhThanhTitleAscii":"/an-giang","QuanHuyenID":0,"NganhNgheTitle":"Bán buôn nhiên liệu rắn, lỏng, khí và các sản phẩm liên quan","NganhNgheTitleAscii":"/nganh-nghe/ban-buon-nhien-lieu-ran-long-khi-va-cac-san-pham-lien-quan","DSTags":["1801337832-003","An Giang",null]},{"Type":11,"SolrID":"/1600678705-007-chi-nhanh-cong-ty-tnhh-xang-dau-huy-hoang-cua-hang-xang-dau-ho-tuan-huy","ID":0,"MaSoThue":"1600678705-007","NgayCap":"2014-05-14T00:00:00Z","Title":"Chi Nhánh Công Ty TNHH Xăng Dầu Huy Hoàng - Cửa Hàng Xăng Dầu Hồ Tuấn Huy","DiaChiCongTy":"ấp Vĩnh Thuận - Xã Vĩnh Hanh - Huyện Châu Thành - An Giang","Created":"2015-11-11T01:35:44Z","Updated":"2015-11-11T01:35:44Z","IsDelete":false,"RequestChanged":false,"ExitsInGDT":false,"SourceID":0,"TinhThanhID":0,"TinhThanhTitle":"An Giang","TinhThanhTitleAscii":"/an-giang","QuanHuyenID":0,"NganhNgheTitle":"Bán buôn nhiên liệu rắn, lỏng, khí và các sản phẩm liên quan","NganhNgheTitleAscii":"/nganh-nghe/ban-buon-nhien-lieu-ran-long-khi-va-cac-san-pham-lien-quan","DSTags":["1600678705-007","An Giang",null]},{"Type":11,"SolrID":"/1800545050-005-chi-nhanh-cong-ty-tnhh-kinh-doanh-xang-dau-cam-thuy-cua-hang-xang-dau-cam-thuy-17","ID":0,"MaSoThue":"1800545050-005","NgayCap":"2014-04-23T00:00:00Z","Title":"Chi Nhánh Công Ty TNHH Kinh Doanh Xăng Dầu Cam Thủy-Cửa Hàng Xăng Dầu Cam Thủy 17","DiaChiCongTy":"Ponton số CT-07320, Tổ 14, ấp Vĩnh Phúc - Xã Vĩnh Hanh - Huyện Châu Thành - An Giang","Created":"2015-11-17T21:00:34Z","Updated":"2015-11-17T21:00:34Z","IsDelete":false,"RequestChanged":false,"ExitsInGDT":false,"SourceID":0,"TinhThanhID":0,"TinhThanhTitle":"An Giang","TinhThanhTitleAscii":"/an-giang","QuanHuyenID":0,"NganhNgheTitle":"Bán buôn nhiên liệu rắn, lỏng, khí và các sản phẩm liên quan","NganhNgheTitleAscii":"/nganh-nghe/ban-buon-nhien-lieu-ran-long-khi-va-cac-san-pham-lien-quan","DSTags":["1800545050-005","An Giang",null]},{"Type":11,"SolrID":"/1601913302-doanh-nghiep-tn-tiem-vang-kim-tuyen-vinh-hanh","ID":0,"MaSoThue":"1601913302","NgayCap":"2014-03-05T00:00:00Z","Title":"Doanh Nghiệp TN Tiệm Vàng Kim Tuyến Vĩnh Hanh","DiaChiCongTy":"Tổ 9, ấp Vĩnh Thuận - Xã Vĩnh Hanh - Huyện Châu Thành - An Giang","Created":"2015-11-09T20:53:30Z","Updated":"2015-11-09T20:53:30Z","IsDelete":false,"RequestChanged":false,"ExitsInGDT":false,"SourceID":0,"TinhThanhID":0,"TinhThanhTitle":"An Giang","TinhThanhTitleAscii":"/an-giang","QuanHuyenID":0,"NganhNgheTitle":"Bán buôn kim loại và quặng kim loại","NganhNgheTitleAscii":"/nganh-nghe/ban-buon-kim-loai-va-quang-kim-loai","DSTags":["1601913302","An Giang",null]},{"Type":11,"SolrID":"/1601879676-doanh-nghiep-tn-tiem-vang-mai-loc","ID":0,"MaSoThue":"1601879676","NgayCap":"2013-06-12T00:00:00Z","Title":"Doanh Nghiệp TN Tiệm Vàng Mai Lộc","DiaChiCongTy":"ấp Vĩnh Phúc - Xã Vĩnh Hanh - Huyện Châu Thành - An Giang","Created":"2015-11-16T11:54:08Z","Updated":"2015-11-16T11:54:08Z","IsDelete":false,"RequestChanged":false,"ExitsInGDT":false,"SourceID":0,"TinhThanhID":0,"TinhThanhTitle":"An Giang","TinhThanhTitleAscii":"/an-giang","QuanHuyenID":0,"NganhNgheTitle":"Bán buôn kim loại và quặng kim loại","NganhNgheTitleAscii":"/nganh-nghe/ban-buon-kim-loai-va-quang-kim-loai","DSTags":["1601879676","An Giang",null]},{"Type":11,"SolrID":"/1601877830-doanh-nghiep-tn-tiem-vang-son-sau-kia","ID":0,"MaSoThue":"1601877830","NgayCap":"2013-05-31T00:00:00Z","Title":"Doanh Nghiệp TN Tiệm Vàng Sơn Sáu Kia","DiaChiCongTy":"ấp Vĩnh Phúc - Xã Vĩnh Hanh - Huyện Châu Thành - An Giang","Created":"2015-11-16T11:40:06Z","Updated":"2015-11-16T11:40:06Z","IsDelete":false,"RequestChanged":false,"ExitsInGDT":false,"SourceID":0,"TinhThanhID":0,"TinhThanhTitle":"An Giang","TinhThanhTitleAscii":"/an-giang","QuanHuyenID":0,"NganhNgheTitle":"Bán buôn kim loại và quặng kim loại","NganhNgheTitleAscii":"/nganh-nghe/ban-buon-kim-loai-va-quang-kim-loai","DSTags":["1601877830","An Giang",null]},{"Type":11,"SolrID":"/1601876594-doanh-nghiep-tn-tiem-vang-sau-kia","ID":0,"MaSoThue":"1601876594","NgayCap":"2013-05-28T00:00:00Z","Title":"Doanh Nghiệp TN Tiệm Vàng Sáu Kia","DiaChiCongTy":"Tổ 10, ấp Vĩnh Thuận - Xã Vĩnh Hanh - Huyện Châu Thành - An Giang","Created":"2015-11-16T11:26:54Z","Updated":"2015-11-16T11:26:54Z","IsDelete":false,"RequestChanged":false,"ExitsInGDT":false,"SourceID":0,"TinhThanhID":0,"TinhThanhTitle":"An Giang","TinhThanhTitleAscii":"/an-giang","QuanHuyenID":0,"NganhNgheTitle":"Bán buôn kim loại và quặng kim loại","NganhNgheTitleAscii":"/nganh-nghe/ban-buon-kim-loai-va-quang-kim-loai","DSTags":["1601876594","An Giang",null]},{"Type":11,"SolrID":"/1601772563-doanh-nghiep-tn-ninh-nguyen-diem-phuc","ID":0,"MaSoThue":"1601772563","NgayCap":"2012-06-20T00:00:00Z","Title":"Doanh Nghiệp TN Ninh Nguyễn Diễm Phúc","DiaChiCongTy":"ấp Vĩnh Thuận - Xã Vĩnh Hanh - Huyện Châu Thành - An Giang","Created":"2015-11-17T07:35:26Z","Updated":"2015-11-17T07:35:26Z","IsDelete":false,"RequestChanged":false,"ExitsInGDT":false,"SourceID":0,"TinhThanhID":0,"TinhThanhTitle":"An Giang","TinhThanhTitleAscii":"/an-giang","QuanHuyenID":0,"NganhNgheTitle":"Xuất bản phần mềm","NganhNgheTitleAscii":"/nganh-nghe/xuat-ban-phan-mem","DSTags":["1601772563","An Giang",null]},{"Type":11,"SolrID":"/1601623057-cong-ty-tnhh-mot-thanh-vien-san-xuat-thuong-mai-dich-vu-le-thuan","ID":0,"MaSoThue":"1601623057","NgayCap":"2011-12-23T00:00:00Z","Title":"Công Ty TNHH Một Thành Viên Sản Xuất-Thương Mại-Dịch Vụ Lê Thuấn","DiaChiCongTy":"Số 1595, Tỉnh lộ 941, ấp Vĩnh Thuận - Xã Vĩnh Hanh - Huyện Châu Thành - An Giang","Created":"2015-11-10T01:39:06Z","Updated":"2015-11-10T01:39:06Z","IsDelete":false,"RequestChanged":false,"ExitsInGDT":false,"SourceID":0,"TinhThanhID":0,"TinhThanhTitle":"An Giang","TinhThanhTitleAscii":"/an-giang","QuanHuyenID":0,"NganhNgheTitle":"Sản xuất mỹ phẩm, xà phòng, chất tẩy rửa, làm bóng và chế phẩm vệ sinh","NganhNgheTitleAscii":"/nganh-nghe/san-xuat-my-pham-xa-phong-chat-tay-rua-lam-bong-va-che-pham-ve-sinh","DSTags":["1601623057","An Giang",null]},{"Type":11,"SolrID":"/1601610932-cong-ty-tnhh-thuong-mai-dich-vu-xuat-nhap-khau-tam-song-viet","ID":0,"MaSoThue":"1601610932","NgayCap":"2011-12-05T00:00:00Z","Title":"Công Ty TNHH Thương Mại - Dịch Vụ - Xuất Nhập Khẩu Tâm Sông Việt","DiaChiCongTy":"Số 1705, Tỉnh lộ 941, ấp Vĩnh Thuận - Xã Vĩnh Hanh - Huyện Châu Thành - An Giang","Created":"2015-11-10T01:38:51Z","Updated":"2015-11-10T01:38:51Z","IsDelete":false,"RequestChanged":false,"ExitsInGDT":false,"SourceID":0,"TinhThanhID":0,"TinhThanhTitle":"An Giang","TinhThanhTitleAscii":"/an-giang","QuanHuyenID":0,"NganhNgheTitle":"Bán buôn nông, lâm sản nguyên liệu (trừ gỗ, tre, nứa) và động vật sống","NganhNgheTitleAscii":"/nganh-nghe/ban-buon-nong-lam-san-nguyen-lieu-tru-go-tre-nua-va-dong-vat-song","DSTags":["1601610932","An Giang",null]},{"Type":11,"SolrID":"/1601454472-doanh-nghiep-tn-ba-viet","ID":0,"MaSoThue":"1601454472","NgayCap":"2011-02-16T00:00:00Z","Title":"Doanh Nghiệp TN Ba Việt","DiaChiCongTy":"Số 17/445, ấp Vĩnh Lợi - Xã Vĩnh Hanh - Huyện Châu Thành - An Giang","Created":"2015-11-17T02:45:13Z","Updated":"2015-11-17T02:45:13Z","IsDelete":false,"RequestChanged":false,"ExitsInGDT":false,"SourceID":0,"TinhThanhID":0,"TinhThanhTitle":"An Giang","TinhThanhTitleAscii":"/an-giang","QuanHuyenID":0,"NganhNgheTitle":"Xây dựng công trình kỹ thuật dân dụng khác","NganhNgheTitleAscii":"/nganh-nghe/xay-dung-cong-trinh-ky-thuat-dan-dung-khac","DSTags":["1601454472","An Giang",null]},{"Type":11,"SolrID":"/1601357905-doanh-nghiep-tn-xang-dau-nhot-ut-ro","ID":0,"MaSoThue":"1601357905","NgayCap":"2010-06-04T00:00:00Z","Title":"Doanh Nghiệp TN Xăng-Dầu-Nhớt út Rô","DiaChiCongTy":"ấp Vĩnh Lợi - Xã Vĩnh Hanh - Huyện Châu Thành - An Giang","Created":"2015-11-16T20:35:19Z","Updated":"2015-11-16T20:35:19Z","IsDelete":false,"RequestChanged":false,"ExitsInGDT":false,"SourceID":0,"TinhThanhID":0,"TinhThanhTitle":"An Giang","TinhThanhTitleAscii":"/an-giang","QuanHuyenID":0,"NganhNgheTitle":"Bán buôn nhiên liệu rắn, lỏng, khí và các sản phẩm liên quan","NganhNgheTitleAscii":"/nganh-nghe/ban-buon-nhien-lieu-ran-long-khi-va-cac-san-pham-lien-quan","DSTags":["1601357905","An Giang",null]},{"Type":11,"SolrID":"/1600816987-001-chi-nhanh-doanh-nghiep-tu-nhan-thanh-long-2","ID":0,"MaSoThue":"1600816987-001","NgayCap":"2009-10-01T00:00:00Z","Title":"Chi Nhánh Doanh Nghiệp Tư Nhân Thanh Long 2","DiaChiCongTy":"Tổ 14, ấp Vĩnh Phúc - Xã Vĩnh Hanh - Huyện Châu Thành - An Giang","Created":"2015-11-17T08:31:12Z","Updated":"2015-11-17T08:31:12Z","IsDelete":false,"RequestChanged":false,"ExitsInGDT":false,"SourceID":0,"TinhThanhID":0,"TinhThanhTitle":"An Giang","TinhThanhTitleAscii":"/an-giang","QuanHuyenID":0,"NganhNgheTitle":"Bán buôn nhiên liệu rắn, lỏng, khí và các sản phẩm liên quan","NganhNgheTitleAscii":"/nganh-nghe/ban-buon-nhien-lieu-ran-long-khi-va-cac-san-pham-lien-quan","DSTags":["1600816987-001","An Giang",null]},{"Type":11,"SolrID":"/1600554234-001-chi-nhanh-dntn-thanh-long-2","ID":0,"MaSoThue":"1600554234-001","NgayCap":"2009-08-19T00:00:00Z","Title":"Chi nhánh DNTN Thanh Long 2","DiaChiCongTy":"ấp Vĩnh Phúc, xã Vĩnh Hanh - Huyện Châu Thành - An Giang","Created":"2015-11-19T07:28:58Z","Updated":"2015-11-19T07:28:58Z","IsDelete":false,"RequestChanged":false,"ExitsInGDT":false,"SourceID":0,"TinhThanhID":0,"TinhThanhTitle":"An Giang","TinhThanhTitleAscii":"/an-giang","QuanHuyenID":0,"NganhNgheTitle":"Bán buôn chuyên doanh khác chưa được phân vào đâu","NganhNgheTitleAscii":"/nganh-nghe/ban-buon-chuyen-doanh-khac-chua-duoc-phan-vao-dau","DSTags":["1600554234-001","An Giang",null]},{"Type":11,"SolrID":"/1600745239-truong-mau-giao-vinh-hanh","ID":0,"MaSoThue":"1600745239","NgayCap":"2004-11-11T00:00:00Z","Title":"Trường Mẫu giáo Vĩnh Hanh","DiaChiCongTy":"ấp Vĩnh Thới, xã Vĩnh Hanh - Huyện Châu Thành - An Giang","Created":"2015-11-16T16:23:16Z","Updated":"2015-11-16T16:23:16Z","IsDelete":false,"RequestChanged":false,"ExitsInGDT":false,"SourceID":0,"TinhThanhID":0,"TinhThanhTitle":"An Giang","TinhThanhTitleAscii":"/an-giang","QuanHuyenID":0,"NganhNgheTitle":"Giáo dục mầm non","NganhNgheTitleAscii":"/nganh-nghe/giao-duc-mam-non","DSTags":["1600745239","An Giang",null]},{"Type":11,"SolrID":"/1600497755-doanh-nghiep-tn-ho-tuan-huy","ID":0,"MaSoThue":"1600497755","NgayCap":"2004-09-08T00:00:00Z","Title":"Doanh Nghiệp TN Hồ Tuấn Huy","DiaChiCongTy":"ấp Vĩnh Thuận - Xã Vĩnh Hanh - Huyện Châu Thành - An Giang","Created":"2015-11-11T09:39:56Z","Updated":"2015-11-11T09:39:56Z","IsDelete":false,"RequestChanged":false,"ExitsInGDT":false,"SourceID":0,"TinhThanhID":0,"TinhThanhTitle":"An Giang","TinhThanhTitleAscii":"/an-giang","QuanHuyenID":0,"NganhNgheTitle":"Cho thuê máy móc, thiết bị và đồ dùng hữu hình khác","NganhNgheTitleAscii":"/nganh-nghe/cho-thue-may-moc-thiet-bi-va-do-dung-huu-hinh-khac","DSTags":["1600497755","An Giang",null]},{"Type":11,"SolrID":"/1600691625-truong-trung-hoc-co-so-vinh-hanh","ID":0,"MaSoThue":"1600691625","NgayCap":"2004-04-14T00:00:00Z","Title":"Trường Trung học cơ sở Vĩnh Hanh","DiaChiCongTy":"ấp Vĩnh Thuận, xã Vĩnh Hanh - Huyện Châu Thành - An Giang","Created":"2015-11-16T16:04:01Z","Updated":"2015-11-16T16:04:01Z","IsDelete":false,"RequestChanged":false,"ExitsInGDT":false,"SourceID":0,"TinhThanhID":0,"TinhThanhTitle":"An Giang","TinhThanhTitleAscii":"/an-giang","QuanHuyenID":0,"NganhNgheTitle":"Giáo dục trung học cơ sở và trung học phổ thông","NganhNgheTitleAscii":"/nganh-nghe/giao-duc-trung-hoc-co-so-va-trung-hoc-pho-thong","DSTags":["1600691625","An Giang",null]},{"Type":11,"SolrID":"/1600375411-doanh-nghiep-tn-nguyen-van-den","ID":0,"MaSoThue":"1600375411","NgayCap":"2004-01-16T00:00:00Z","Title":"Doanh Nghiệp TN Nguyễn Văn Đến","DiaChiCongTy":"ấp Vĩnh Lợi - Xã Vĩnh Hanh - Huyện Châu Thành - An Giang","Created":"2015-11-17T04:52:00Z","Updated":"2015-11-17T04:52:00Z","IsDelete":false,"RequestChanged":false,"ExitsInGDT":false,"SourceID":0,"TinhThanhID":0,"TinhThanhTitle":"An Giang","TinhThanhTitleAscii":"/an-giang","QuanHuyenID":0,"NganhNgheTitle":"Bán buôn nhiên liệu rắn, lỏng, khí và các sản phẩm liên quan","NganhNgheTitleAscii":"/nganh-nghe/ban-buon-nhien-lieu-ran-long-khi-va-cac-san-pham-lien-quan","DSTags":["1600375411","An Giang",null]},{"Type":11,"SolrID":"/1600590803-doanh-nghiep-tn-huu-vinh","ID":0,"MaSoThue":"1600590803","NgayCap":"2001-12-13T00:00:00Z","Title":"Doanh Nghiệp TN Hữu Vinh","DiaChiCongTy":"ấp Vĩnh Thuận - Xã Vĩnh Hanh - Huyện Châu Thành - An Giang","Created":"2015-11-11T01:25:14Z","Updated":"2015-11-11T01:25:14Z","IsDelete":false,"RequestChanged":false,"ExitsInGDT":false,"SourceID":0,"TinhThanhID":0,"TinhThanhTitle":"An Giang","TinhThanhTitleAscii":"/an-giang","QuanHuyenID":0,"NganhNgheTitle":"Bán buôn nhiên liệu rắn, lỏng, khí và các sản phẩm liên quan","NganhNgheTitleAscii":"/nganh-nghe/ban-buon-nhien-lieu-ran-long-khi-va-cac-san-pham-lien-quan","DSTags":["1600590803","An Giang",null]},{"Type":11,"SolrID":"/1600380355-ubnd-xa-vinh-hanh","ID":0,"MaSoThue":"1600380355","NgayCap":"1999-02-24T00:00:00Z","Title":"UBND xã Vĩnh Hanh","DiaChiCongTy":"ấp Vĩnh Thuận, xã Vĩnh Hanh - Huyện Châu Thành - An Giang","Created":"2015-11-14T14:36:24Z","Updated":"2015-11-14T14:36:24Z","IsDelete":false,"RequestChanged":false,"ExitsInGDT":false,"SourceID":0,"TinhThanhID":0,"TinhThanhTitle":"An Giang","TinhThanhTitleAscii":"/an-giang","QuanHuyenID":0,"NganhNgheTitle":"Hoạt động của Đảng cộng sản, tổ chức chính trị - xã hội, hoạt động quản lý nhà nước nói chung và kinh tế tổng hợp","NganhNgheTitleAscii":"/nganh-nghe/hoat-dong-cua-dang-cong-san-to-chuc-chinh-tri-xa-hoi-hoat-dong-quan-ly-nha-nuoc-noi-chung-va-kinh-te-tong-hop","DSTags":["1600380355","An Giang",null]},{"Type":11,"SolrID":"/1600380651-026-truong-tieu-hoc-a-vinh-hanh","ID":0,"MaSoThue":"1600380651-026","NgayCap":"1999-02-23T00:00:00Z","Title":"Trường Tiểu học \"A\"  Vĩnh Hanh","DiaChiCongTy":"ấp Vĩnh Thuận, xã Vĩnh hanh - Huyện Châu Thành - An Giang","Created":"2015-11-17T19:51:38Z","Updated":"2015-11-17T19:51:38Z","IsDelete":false,"RequestChanged":false,"ExitsInGDT":false,"SourceID":0,"TinhThanhID":0,"TinhThanhTitle":"An Giang","TinhThanhTitleAscii":"/an-giang","QuanHuyenID":0,"NganhNgheTitle":"Giáo dục tiểu học","NganhNgheTitleAscii":"/nganh-nghe/giao-duc-tieu-hoc","DSTags":["1600380651-026","An Giang",null]},{"Type":11,"SolrID":"/1600380651-027-truong-tieu-hoc-b-vinh-hanh","ID":0,"MaSoThue":"1600380651-027","NgayCap":"1999-02-23T00:00:00Z","Title":"Trường Tiểu học \"B\" Vĩnh Hanh","DiaChiCongTy":"ấp Vĩnh Phúc,  xã Vĩnh Hanh - Huyện Châu Thành - An Giang","Created":"2015-11-17T19:51:39Z","Updated":"2015-11-17T19:51:39Z","IsDelete":false,"RequestChanged":false,"ExitsInGDT":false,"SourceID":0,"TinhThanhID":0,"TinhThanhTitle":"An Giang","TinhThanhTitleAscii":"/an-giang","QuanHuyenID":0,"NganhNgheTitle":"Giáo dục tiểu học","NganhNgheTitleAscii":"/nganh-nghe/giao-duc-tieu-hoc","DSTags":["1600380651-027","An Giang",null]},{"Type":11,"SolrID":"/1600380651-028-truong-tieu-hoc-c-vinh-hanh","ID":0,"MaSoThue":"1600380651-028","NgayCap":"1999-02-23T00:00:00Z","Title":"Trường Tiểu học \"C\" Vĩnh Hanh","DiaChiCongTy":"ấp Vĩnh Lợi, xã Vĩnh Hanh - Huyện Châu Thành - An Giang","Created":"2015-11-17T19:51:40Z","Updated":"2015-11-17T19:51:40Z","IsDelete":false,"RequestChanged":false,"ExitsInGDT":false,"SourceID":0,"TinhThanhID":0,"TinhThanhTitle":"An Giang","TinhThanhTitleAscii":"/an-giang","QuanHuyenID":0,"NganhNgheTitle":"Giáo dục tiểu học","NganhNgheTitleAscii":"/nganh-nghe/giao-duc-tieu-hoc","DSTags":["1600380651-028","An Giang",null]}]}