{"ID":8968,"SolrID":"/an-giang/huyen-chau-thanh/xa-vinh-loi","Title":"Xã Vĩnh Lợi","TinhThanhTitle":"An Giang","QuanHuyenTitle":"Huyện Châu Thành","QuanHuyenID":394,"TinhThanhID":35,"Url":"https://thongtindoanhnghiep.co/api/company?l=/an-giang/huyen-chau-thanh/xa-vinh-loi","Total":9,"List":[{"Type":11,"SolrID":"/0312247732-005-van-phong-dai-dien-cong-ty-co-phan-dau-tu-va-phat-trien-nang-luong-sai-gon-tai-chau-thanh","ID":0,"MaSoThue":"0312247732-005","NgayCap":"2016-08-03T00:00:00Z","Title":"VăN PHòNG ĐạI DIệN CôNG TY Cổ PHầN ĐầU Tư Và PHáT TRIểN NăNG LượNG SàI GòN TạI CHâU THàNH","DiaChiCongTy":"ấp Hòa Lợi 1 - Xã Vĩnh Lợi - Huyện Châu Thành - An Giang","Created":"2016-08-11T22:30:56Z","Updated":"2016-09-10T17:14:23Z","IsDelete":false,"RequestChanged":false,"ExitsInGDT":false,"SourceID":0,"TinhThanhID":0,"TinhThanhTitle":"An Giang","TinhThanhTitleAscii":"/an-giang","QuanHuyenID":0,"DSTags":["0312247732-005","An Giang",null]},{"Type":11,"SolrID":"/1601974697-cong-ty-tnhh-mot-thanh-vien-thuong-mai-dich-vu-van-tai-94","ID":0,"MaSoThue":"1601974697","NgayCap":"2015-06-09T00:00:00Z","Title":"Công Ty TNHH Một Thành Viên Thương Mại Dịch Vụ Vận Tải 94","DiaChiCongTy":"Số 347, ấp Hòa Lợi 3 - Xã Vĩnh Lợi - Huyện Châu Thành - An Giang","Created":"2015-11-18T06:05:28Z","Updated":"2015-11-18T06:05:28Z","IsDelete":false,"RequestChanged":false,"ExitsInGDT":false,"SourceID":0,"TinhThanhID":0,"TinhThanhTitle":"An Giang","TinhThanhTitleAscii":"/an-giang","QuanHuyenID":0,"NganhNgheTitle":"Vận tải hàng hóa bằng đường bộ","NganhNgheTitleAscii":"/nganh-nghe/van-tai-hang-hoa-bang-duong-bo","DSTags":["1601974697","An Giang",null]},{"Type":11,"SolrID":"/0305598232-002-van-phong-dai-dien-cong-ty-tnhh-san-xuat-thuong-mai-dich-vu-tieu-diem","ID":0,"MaSoThue":"0305598232-002","NgayCap":"2014-11-28T00:00:00Z","Title":"Văn Phòng Đại Điện Công Ty TNHH Sản Xuất Thương Mại Dịch Vụ Tiêu Điểm","DiaChiCongTy":"ấp Hòa Lợi 1 - Xã Vĩnh Lợi - Huyện Châu Thành - An Giang","Created":"2015-11-18T09:52:58Z","Updated":"2015-11-18T09:52:58Z","IsDelete":false,"RequestChanged":false,"ExitsInGDT":false,"SourceID":0,"TinhThanhID":0,"TinhThanhTitle":"An Giang","TinhThanhTitleAscii":"/an-giang","QuanHuyenID":0,"NganhNgheTitle":"Sản xuất thiết bị điện chiếu sáng","NganhNgheTitleAscii":"/nganh-nghe/san-xuat-thiet-bi-dien-chieu-sang","DSTags":["0305598232-002","An Giang",null]},{"Type":11,"SolrID":"/1601881403-doanh-nghiep-tn-tiem-vang-tuan-vinh-loi","ID":0,"MaSoThue":"1601881403","NgayCap":"2013-06-21T00:00:00Z","Title":"Doanh Nghiệp TN Tiệm Vàng Tuấn Vĩnh Lợi","DiaChiCongTy":"ấp Hòa Lợi II - Xã Vĩnh Lợi - Huyện Châu Thành - An Giang","Created":"2015-11-18T05:41:55Z","Updated":"2015-11-18T05:41:55Z","IsDelete":false,"RequestChanged":false,"ExitsInGDT":false,"SourceID":0,"TinhThanhID":0,"TinhThanhTitle":"An Giang","TinhThanhTitleAscii":"/an-giang","QuanHuyenID":0,"NganhNgheTitle":"Bán buôn kim loại và quặng kim loại","NganhNgheTitleAscii":"/nganh-nghe/ban-buon-kim-loai-va-quang-kim-loai","DSTags":["1601881403","An Giang",null]},{"Type":11,"SolrID":"/1600943174-truong-mau-giao-vinh-loi","ID":0,"MaSoThue":"1600943174","NgayCap":"2008-02-19T00:00:00Z","Title":"Trường Mẫu Giáo Vĩnh Lợi","DiaChiCongTy":"Xã Vĩnh Lợi - Huyện Châu Thành - An Giang","Created":"2015-11-16T18:51:45Z","Updated":"2015-11-16T18:51:45Z","IsDelete":false,"RequestChanged":false,"ExitsInGDT":false,"SourceID":0,"TinhThanhID":0,"TinhThanhTitle":"An Giang","TinhThanhTitleAscii":"/an-giang","QuanHuyenID":0,"NganhNgheTitle":"Giáo dục mầm non","NganhNgheTitleAscii":"/nganh-nghe/giao-duc-mam-non","DSTags":["1600943174","An Giang",null]},{"Type":11,"SolrID":"/1600691505-truong-trung-hoc-co-so-vinh-loi","ID":0,"MaSoThue":"1600691505","NgayCap":"2004-04-14T00:00:00Z","Title":"Trường Trung học cơ sở Vĩnh Lợi","DiaChiCongTy":"ấp Hoà Lợi, xã Vĩnh Lợi - Huyện Châu Thành - An Giang","Created":"2015-11-16T05:14:55Z","Updated":"2015-11-16T05:14:55Z","IsDelete":false,"RequestChanged":false,"ExitsInGDT":false,"SourceID":0,"TinhThanhID":0,"TinhThanhTitle":"An Giang","TinhThanhTitleAscii":"/an-giang","QuanHuyenID":0,"NganhNgheTitle":"Giáo dục trung học cơ sở và trung học phổ thông","NganhNgheTitleAscii":"/nganh-nghe/giao-duc-trung-hoc-co-so-va-trung-hoc-pho-thong","DSTags":["1600691505","An Giang",null]},{"Type":11,"SolrID":"/1600320839-doanh-nghiep-tn-sau-van","ID":0,"MaSoThue":"1600320839","NgayCap":"2004-02-03T00:00:00Z","Title":"Doanh Nghiệp TN Sáu Vân","DiaChiCongTy":"Tổ 8, ấp Hòa Lợi 2 - Xã Vĩnh Lợi - Huyện Châu Thành - An Giang","Created":"2015-11-09T13:20:13Z","Updated":"2015-11-09T13:20:13Z","IsDelete":false,"RequestChanged":false,"ExitsInGDT":false,"SourceID":0,"TinhThanhID":0,"TinhThanhTitle":"An Giang","TinhThanhTitleAscii":"/an-giang","QuanHuyenID":0,"NganhNgheTitle":"Bán buôn nhiên liệu rắn, lỏng, khí và các sản phẩm liên quan","NganhNgheTitleAscii":"/nganh-nghe/ban-buon-nhien-lieu-ran-long-khi-va-cac-san-pham-lien-quan","DSTags":["1600320839","An Giang",null]},{"Type":11,"SolrID":"/1600319791-doanh-nghiep-tn-thuy-lieu","ID":0,"MaSoThue":"1600319791","NgayCap":"2004-02-03T00:00:00Z","Title":"Doanh Nghiệp TN Thúy Liễu","DiaChiCongTy":"Xà Lan AG-10850-H, Tổ 8, ấp Hòa Lợi II - Xã Vĩnh Lợi - Huyện Châu Thành - An Giang","Created":"2015-11-17T01:08:08Z","Updated":"2015-11-17T01:08:08Z","IsDelete":false,"RequestChanged":false,"ExitsInGDT":false,"SourceID":0,"TinhThanhID":0,"TinhThanhTitle":"An Giang","TinhThanhTitleAscii":"/an-giang","QuanHuyenID":0,"NganhNgheTitle":"Bán buôn nhiên liệu rắn, lỏng, khí và các sản phẩm liên quan","NganhNgheTitleAscii":"/nganh-nghe/ban-buon-nhien-lieu-ran-long-khi-va-cac-san-pham-lien-quan","DSTags":["1600319791","An Giang",null]},{"Type":11,"SolrID":"/1600380348-uy-ban-nhan-dan-xa-vinh-loi","ID":0,"MaSoThue":"1600380348","NgayCap":"1999-02-24T00:00:00Z","Title":"Uỷ Ban Nhân Dân  Xã Vĩnh Lợi","DiaChiCongTy":"ấp Hoà Lợi Xã Vĩnh Lợi - Huyện Châu Thành - An Giang","Created":"2015-11-14T14:36:25Z","Updated":"2015-11-14T14:36:25Z","IsDelete":false,"RequestChanged":false,"ExitsInGDT":false,"SourceID":0,"TinhThanhID":0,"TinhThanhTitle":"An Giang","TinhThanhTitleAscii":"/an-giang","QuanHuyenID":0,"NganhNgheTitle":"Hoạt động của Đảng cộng sản, tổ chức chính trị - xã hội, hoạt động quản lý nhà nước nói chung và kinh tế tổng hợp","NganhNgheTitleAscii":"/nganh-nghe/hoat-dong-cua-dang-cong-san-to-chuc-chinh-tri-xa-hoi-hoat-dong-quan-ly-nha-nuoc-noi-chung-va-kinh-te-tong-hop","DSTags":["1600380348","An Giang",null]}]}