{"ID":4992,"SolrID":"/an-giang/tinh-an-giang/chua-ro","Title":"Chưa rõ","TinhThanhTitle":"An Giang","QuanHuyenTitle":"Tỉnh An Giang","QuanHuyenID":719,"TinhThanhID":35,"Url":"https://thongtindoanhnghiep.co/api/company?l=/an-giang/tinh-an-giang/chua-ro","Total":41,"List":[{"Type":11,"SolrID":"/1601223517-huynh-thi-phuong","ID":0,"MaSoThue":"1601223517","NgayCap":"2009-10-06T00:00:00Z","Title":"Huỳnh Thị Phượng","DiaChiCongTy":"- Tỉnh An Giang - An Giang","Created":"2015-11-16T07:47:50Z","Updated":"2015-11-16T07:47:50Z","IsDelete":false,"RequestChanged":false,"ExitsInGDT":false,"SourceID":0,"TinhThanhID":0,"TinhThanhTitle":"An Giang","TinhThanhTitleAscii":"/an-giang","QuanHuyenID":0,"NganhNgheTitle":"Bảo hiểm phi nhân thọ khác","NganhNgheTitleAscii":"/nganh-nghe/bao-hiem-phi-nhan-tho-khac","DSTags":["1601223517","An Giang",null]},{"Type":11,"SolrID":"/1601223309-trac-thi-mong-thuy","ID":0,"MaSoThue":"1601223309","NgayCap":"2009-10-06T00:00:00Z","Title":"Trác Thị Mộng Thuý","DiaChiCongTy":"- Tỉnh An Giang - An Giang","Created":"2015-11-16T07:47:51Z","Updated":"2015-11-16T07:47:51Z","IsDelete":false,"RequestChanged":false,"ExitsInGDT":false,"SourceID":0,"TinhThanhID":0,"TinhThanhTitle":"An Giang","TinhThanhTitleAscii":"/an-giang","QuanHuyenID":0,"NganhNgheTitle":"Bảo hiểm phi nhân thọ khác","NganhNgheTitleAscii":"/nganh-nghe/bao-hiem-phi-nhan-tho-khac","DSTags":["1601223309","An Giang",null]},{"Type":11,"SolrID":"/1600583588-008-xi-nghiep-che-bien-thuc-pham","ID":0,"MaSoThue":"1600583588-008","NgayCap":"2005-03-11T00:00:00Z","Title":"Xí nghiệp chế biến Thực Phẩm","DiaChiCongTy":"1234 Trần Hưng Đạo, Bình Đức - Tỉnh An Giang - An Giang","Created":"2015-11-18T13:53:54Z","Updated":"2015-11-18T13:53:54Z","IsDelete":false,"RequestChanged":false,"ExitsInGDT":false,"SourceID":0,"TinhThanhID":0,"TinhThanhTitle":"An Giang","TinhThanhTitleAscii":"/an-giang","QuanHuyenID":0,"NganhNgheTitle":"Sản xuất chế biến thực phẩm","NganhNgheTitleAscii":"/nganh-nghe/san-xuat-che-bien-thuc-pham","DSTags":["1600583588-008","An Giang",null]},{"Type":11,"SolrID":"/1600682437-thu-vien-tinh-an-giang","ID":0,"MaSoThue":"1600682437","NgayCap":"2004-02-25T00:00:00Z","Title":"Thư viện tỉnh An Giang","DiaChiCongTy":"16 Lê Triệu Kiết, Mỹ Bình - Tỉnh An Giang - An Giang","Created":"2015-11-16T15:46:50Z","Updated":"2015-11-16T15:46:50Z","IsDelete":false,"RequestChanged":false,"ExitsInGDT":false,"SourceID":0,"TinhThanhID":0,"TinhThanhTitle":"An Giang","TinhThanhTitleAscii":"/an-giang","QuanHuyenID":0,"NganhNgheTitle":"Hoạt động dịch vụ phục vụ cá nhân khác còn lại chưa được phân vào đâu","NganhNgheTitleAscii":"/nganh-nghe/hoat-dong-dich-vu-phuc-vu-ca-nhan-khac-con-lai-chua-duoc-phan-vao-dau","DSTags":["1600682437","An Giang",null]},{"Type":11,"SolrID":"/1600677331-toa-soan-tap-chi-van-hoa-lich-su-an-giang","ID":0,"MaSoThue":"1600677331","NgayCap":"2004-01-07T00:00:00Z","Title":"Toà Soan Tạp Chí Văn Hoá-Lịch Sử An Giang","DiaChiCongTy":"14 Lê Triệu Kiết, Mỹ Bình - Tỉnh An Giang - An Giang","Created":"2015-11-16T15:36:01Z","Updated":"2015-11-16T15:36:01Z","IsDelete":false,"RequestChanged":false,"ExitsInGDT":false,"SourceID":0,"TinhThanhID":0,"TinhThanhTitle":"An Giang","TinhThanhTitleAscii":"/an-giang","QuanHuyenID":0,"NganhNgheTitle":"Xuất bản báo, tạp chí và các ấn phẩm định kỳ","NganhNgheTitleAscii":"/nganh-nghe/xuat-ban-bao-tap-chi-va-cac-an-pham-dinh-ky","DSTags":["1600677331","An Giang",null]},{"Type":11,"SolrID":"/1600678279-bao-an-giang","ID":0,"MaSoThue":"1600678279","NgayCap":"2004-01-06T00:00:00Z","Title":"Báo An Giang","DiaChiCongTy":"399B Hà Hoàng Hỗ, Mỹ Xuyên - Tỉnh An Giang - An Giang","Created":"2015-11-16T15:35:06Z","Updated":"2015-11-16T15:35:06Z","IsDelete":false,"RequestChanged":false,"ExitsInGDT":false,"SourceID":0,"TinhThanhID":0,"TinhThanhTitle":"An Giang","TinhThanhTitleAscii":"/an-giang","QuanHuyenID":0,"NganhNgheTitle":"Xuất bản báo, tạp chí và các ấn phẩm định kỳ","NganhNgheTitleAscii":"/nganh-nghe/xuat-ban-bao-tap-chi-va-cac-an-pham-dinh-ky","DSTags":["1600678279","An Giang",null]},{"Type":11,"SolrID":"/0100695387-059-chi-nhanh-ngan-hang-chinh-sach-xa-hoi-tinh-an-giang","ID":0,"MaSoThue":"0100695387-059","NgayCap":"2003-12-19T00:00:00Z","Title":"Chi Nhánh Ngân Hàng Chính Sách xã Hội tỉnh An Giang","DiaChiCongTy":"7-9 Nguyễn Trãi, Mỹ Long - Tỉnh An Giang - An Giang","Created":"2015-11-18T16:55:01Z","Updated":"2015-11-18T16:55:01Z","IsDelete":false,"RequestChanged":false,"ExitsInGDT":false,"SourceID":0,"TinhThanhID":0,"TinhThanhTitle":"An Giang","TinhThanhTitleAscii":"/an-giang","QuanHuyenID":0,"NganhNgheTitle":"Hoạt động cấp tín dụng khác","NganhNgheTitleAscii":"/nganh-nghe/hoat-dong-cap-tin-dung-khac","DSTags":["0100695387-059","An Giang",null]},{"Type":11,"SolrID":"/1600666499-so-the-duc-the-thao-an-giang","ID":0,"MaSoThue":"1600666499","NgayCap":"2003-07-29T00:00:00Z","Title":"Sở Thể Dục Thể Thao An Giang","DiaChiCongTy":"100 Trần Hưng Đạo, An Giang - Tỉnh An Giang - An Giang","Created":"2015-11-16T15:11:14Z","Updated":"2015-11-16T15:11:14Z","IsDelete":false,"RequestChanged":false,"ExitsInGDT":false,"SourceID":0,"TinhThanhID":0,"TinhThanhTitle":"An Giang","TinhThanhTitleAscii":"/an-giang","QuanHuyenID":0,"NganhNgheTitle":"Hoạt động thể thao, vui chơi và giải trí","NganhNgheTitleAscii":"/nganh-nghe/hoat-dong-the-thao-vui-choi-va-giai-tri","DSTags":["1600666499","An Giang",null]},{"Type":11,"SolrID":"/1600191767-023-trung-tam-dich-vu-du-lich","ID":0,"MaSoThue":"1600191767-023","NgayCap":"2003-07-24T00:00:00Z","Title":"Trung Tâm dịch vụ Du Lịch","DiaChiCongTy":"80E Trần Hưng Đạo, Mỹ Xuyên - Tỉnh An Giang - An Giang","Created":"2015-11-17T19:46:10Z","Updated":"2015-11-17T19:46:10Z","IsDelete":false,"RequestChanged":false,"ExitsInGDT":false,"SourceID":0,"TinhThanhID":0,"TinhThanhTitle":"An Giang","TinhThanhTitleAscii":"/an-giang","QuanHuyenID":0,"NganhNgheTitle":"Hoạt động của các đại lý du lịch, kinh doanh tua du lịch","NganhNgheTitleAscii":"/nganh-nghe/hoat-dong-cua-cac-dai-ly-du-lich-kinh-doanh-tua-du-lich","DSTags":["1600191767-023","An Giang",null]},{"Type":11,"SolrID":"/1600169225-009-cua-hang-vat-lieu-xay-dung-long-xuyen","ID":0,"MaSoThue":"1600169225-009","NgayCap":"2003-06-17T00:00:00Z","Title":"Cửa Hàng Vật Liệu Xây Dựng Long Xuyên","DiaChiCongTy":"Tổ 53 ấp Tây Khánh, Mỹ Hoà - Tỉnh An Giang - An Giang","Created":"2015-11-18T14:13:45Z","Updated":"2015-11-18T14:13:45Z","IsDelete":false,"RequestChanged":false,"ExitsInGDT":false,"SourceID":0,"TinhThanhID":0,"TinhThanhTitle":"An Giang","TinhThanhTitleAscii":"/an-giang","QuanHuyenID":0,"NganhNgheTitle":"Bán buôn vật liệu, thiết bị lắp đặt khác trong xây dựng","NganhNgheTitleAscii":"/nganh-nghe/ban-buon-vat-lieu-thiet-bi-lap-dat-khac-trong-xay-dung","DSTags":["1600169225-009","An Giang",null]},{"Type":11,"SolrID":"/0700210394-005-chi-nhanh-cong-ty-luong-thuc-ha-nam-ninh","ID":0,"MaSoThue":"0700210394-005","NgayCap":"2003-01-02T00:00:00Z","Title":"Chi Nhánh Công Ty Lương Thực Hà Nam Ninh","DiaChiCongTy":"16/1B Khóm An Hưng, Mỹ Thới - Tỉnh An Giang - An Giang","Created":"2015-11-19T00:54:59Z","Updated":"2015-11-19T00:54:59Z","IsDelete":false,"RequestChanged":false,"ExitsInGDT":false,"SourceID":0,"TinhThanhID":0,"TinhThanhTitle":"An Giang","TinhThanhTitleAscii":"/an-giang","QuanHuyenID":0,"NganhNgheTitle":"Bán buôn gạo, thực phẩm, đồ uống và sản phẩm thuốc lá, thuốc lào","NganhNgheTitleAscii":"/nganh-nghe/ban-buon-gao-thuc-pham-do-uong-va-san-pham-thuoc-la-thuoc-lao","DSTags":["0700210394-005","An Giang",null]},{"Type":11,"SolrID":"/1700105881-003-tram-phan-phoi-xi-mang","ID":0,"MaSoThue":"1700105881-003","NgayCap":"2002-11-13T00:00:00Z","Title":"Trạm Phân Phối Xi Măng","DiaChiCongTy":"229/20 Thoại Ngọc Hầu Mỹ Phước - Tỉnh An Giang - An Giang","Created":"2015-11-19T06:32:06Z","Updated":"2015-11-19T06:32:06Z","IsDelete":false,"RequestChanged":false,"ExitsInGDT":false,"SourceID":0,"TinhThanhID":0,"TinhThanhTitle":"An Giang","TinhThanhTitleAscii":"/an-giang","QuanHuyenID":0,"NganhNgheTitle":"Bán buôn vật liệu, thiết bị lắp đặt khác trong xây dựng","NganhNgheTitleAscii":"/nganh-nghe/ban-buon-vat-lieu-thiet-bi-lap-dat-khac-trong-xay-dung","DSTags":["1700105881-003","An Giang",null]},{"Type":11,"SolrID":"/1600631979-benh-vien-mat-tai-mui-hong-rang-ham-mat","ID":0,"MaSoThue":"1600631979","NgayCap":"2002-10-16T00:00:00Z","Title":"Bệnh viện Mắt - Tai Mũi Họng - Răng Hàm Mặt","DiaChiCongTy":"12B Lê Lợi Mỹ Bình - Tỉnh An Giang - An Giang","Created":"2015-11-14T12:57:36Z","Updated":"2015-11-14T12:57:36Z","IsDelete":false,"RequestChanged":false,"ExitsInGDT":false,"SourceID":0,"TinhThanhID":0,"TinhThanhTitle":"An Giang","TinhThanhTitleAscii":"/an-giang","QuanHuyenID":0,"NganhNgheTitle":"Hoạt động của các phòng khám đa khoa, chuyên khoa và nha khoa","NganhNgheTitleAscii":"/nganh-nghe/hoat-dong-cua-cac-phong-kham-da-khoa-chuyen-khoa-va-nha-khoa","DSTags":["1600631979","An Giang",null]},{"Type":11,"SolrID":"/1600220016-008-nha-may-gach-ceramic-an-giang","ID":0,"MaSoThue":"1600220016-008","NgayCap":"2002-07-18T00:00:00Z","Title":"Nhà Máy Gạch CERAMIC An Giang","DiaChiCongTy":"QL91 Đông Thạnh Mỹ Thạnh - Tỉnh An Giang - An Giang","Created":"2015-11-18T14:02:20Z","Updated":"2015-11-18T14:02:20Z","IsDelete":false,"RequestChanged":false,"ExitsInGDT":false,"SourceID":0,"TinhThanhID":0,"TinhThanhTitle":"An Giang","TinhThanhTitleAscii":"/an-giang","QuanHuyenID":0,"NganhNgheTitle":"Sản xuất vật liệu xây dựng từ đất sét","NganhNgheTitleAscii":"/nganh-nghe/san-xuat-vat-lieu-xay-dung-tu-dat-set","DSTags":["1600220016-008","An Giang",null]},{"Type":11,"SolrID":"/1500170900-012-tram-che-bien-kinh-doanh-luong-thuc-so-1","ID":0,"MaSoThue":"1500170900-012","NgayCap":"2002-04-24T00:00:00Z","Title":"Trạm Chế Biến & Kinh Doanh Lương Thực Số 1","DiaChiCongTy":"Khóm An Hưng Mỹ Thới - Tỉnh An Giang - An Giang","Created":"2015-11-18T14:54:52Z","Updated":"2015-11-18T14:54:52Z","IsDelete":false,"RequestChanged":false,"ExitsInGDT":false,"SourceID":0,"TinhThanhID":0,"TinhThanhTitle":"An Giang","TinhThanhTitleAscii":"/an-giang","QuanHuyenID":0,"NganhNgheTitle":"Bán buôn gạo, thực phẩm, đồ uống và sản phẩm thuốc lá, thuốc lào","NganhNgheTitleAscii":"/nganh-nghe/ban-buon-gao-thuc-pham-do-uong-va-san-pham-thuoc-la-thuoc-lao","DSTags":["1500170900-012","An Giang",null]},{"Type":11,"SolrID":"/1600561182-cty-da-giay-an-giang","ID":0,"MaSoThue":"1600561182","NgayCap":"2001-03-07T00:00:00Z","Title":"CTY Da Giày AN Giang","DiaChiCongTy":"54/20 Trần Hưng Đạo Mỹ Thới - Tỉnh An Giang - An Giang","Created":"2015-11-12T06:13:59Z","Updated":"2015-11-12T06:13:59Z","IsDelete":false,"RequestChanged":false,"ExitsInGDT":false,"SourceID":0,"TinhThanhID":0,"TinhThanhTitle":"An Giang","TinhThanhTitleAscii":"/an-giang","QuanHuyenID":0,"NganhNgheTitle":"Sản xuất giày dép","NganhNgheTitleAscii":"/nganh-nghe/san-xuat-giay-dep","DSTags":["1600561182","An Giang",null]},{"Type":11,"SolrID":"/1600561217-cong-ty-may-xuat-khau-an-giang","ID":0,"MaSoThue":"1600561217","NgayCap":"2001-03-07T00:00:00Z","Title":"Công Ty May Xuất Khẩu An Giang","DiaChiCongTy":"đường Trần Hưng đạo Mỹ Qúi - Tỉnh An Giang - An Giang","Created":"2015-11-12T06:14:00Z","Updated":"2015-11-12T06:14:00Z","IsDelete":false,"RequestChanged":false,"ExitsInGDT":false,"SourceID":0,"TinhThanhID":0,"TinhThanhTitle":"An Giang","TinhThanhTitleAscii":"/an-giang","QuanHuyenID":0,"NganhNgheTitle":"Sản xuất hàng may sẵn (trừ trang phục)","NganhNgheTitleAscii":"/nganh-nghe/san-xuat-hang-may-san-tru-trang-phuc","DSTags":["1600561217","An Giang",null]},{"Type":11,"SolrID":"/1600547251-002-xi-nghiep-nuoc-da","ID":0,"MaSoThue":"1600547251-002","NgayCap":"2000-11-29T00:00:00Z","Title":"Xí  Nghiệp Nước Đá","DiaChiCongTy":"1232/62B Trần Hưng Đạo- Bình Đức - Tỉnh An Giang - An Giang","Created":"2015-11-19T04:02:33Z","Updated":"2015-11-19T04:02:33Z","IsDelete":false,"RequestChanged":false,"ExitsInGDT":false,"SourceID":0,"TinhThanhID":0,"TinhThanhTitle":"An Giang","TinhThanhTitleAscii":"/an-giang","QuanHuyenID":0,"NganhNgheTitle":"Chế biến, bảo quản thịt và các sản phẩm từ thịt","NganhNgheTitleAscii":"/nganh-nghe/che-bien-bao-quan-thit-va-cac-san-pham-tu-thit","DSTags":["1600547251-002","An Giang",null]},{"Type":11,"SolrID":"/1600547205-cong-ty-co-phan-hoan-my","ID":0,"MaSoThue":"1600547205","NgayCap":"2000-11-28T00:00:00Z","Title":"Công Ty Cổ Phần Hoàn Mỹ","DiaChiCongTy":"Số 1 - Lê Hồng Phong - Mỹ Bình - Tỉnh An Giang - An Giang","Created":"2015-11-12T06:15:40Z","Updated":"2015-11-12T06:15:40Z","IsDelete":false,"RequestChanged":false,"ExitsInGDT":false,"SourceID":0,"TinhThanhID":0,"TinhThanhTitle":"An Giang","TinhThanhTitleAscii":"/an-giang","QuanHuyenID":0,"NganhNgheTitle":"Dịch vụ lưu trú ngắn ngày","NganhNgheTitleAscii":"/nganh-nghe/dich-vu-luu-tru-ngan-ngay","DSTags":["1600547205","An Giang",null]},{"Type":11,"SolrID":"/1600191767-018-trung-tam-thuong-mai-dich-vu","ID":0,"MaSoThue":"1600191767-018","NgayCap":"2000-10-30T00:00:00Z","Title":"Trung Tâm Thương Mại Dịch Vụ","DiaChiCongTy":"80E Trần Hưng Đạo - Tỉnh An Giang - An Giang","Created":"2015-11-17T19:46:09Z","Updated":"2015-11-17T19:46:09Z","IsDelete":false,"RequestChanged":false,"ExitsInGDT":false,"SourceID":0,"TinhThanhID":0,"TinhThanhTitle":"An Giang","TinhThanhTitleAscii":"/an-giang","QuanHuyenID":0,"NganhNgheTitle":"Quán rượu, bia, quầy bar","NganhNgheTitleAscii":"/nganh-nghe/quan-ruou-bia-quay-bar","DSTags":["1600191767-018","An Giang",null]},{"Type":11,"SolrID":"/1600220016-005-xi-nghiep-tu-van-thiet-ke-xay-dung","ID":0,"MaSoThue":"1600220016-005","NgayCap":"2000-10-09T00:00:00Z","Title":"Xí Nghiệp Tư Vấn Thiết Kế Xây Dựng","DiaChiCongTy":"316/1A lầu 1, Trần Hưng Đạo - Tỉnh An Giang - An Giang","Created":"2015-11-11T01:35:14Z","Updated":"2015-11-11T01:35:14Z","IsDelete":false,"RequestChanged":false,"ExitsInGDT":false,"SourceID":0,"TinhThanhID":0,"TinhThanhTitle":"An Giang","TinhThanhTitleAscii":"/an-giang","QuanHuyenID":0,"NganhNgheTitle":"Hoạt động xây dựng chuyên dụng","NganhNgheTitleAscii":"/nganh-nghe/hoat-dong-xay-dung-chuyen-dung","DSTags":["1600220016-005","An Giang",null]},{"Type":11,"SolrID":"/1600230014-003-cua-hang-vat-tu-nong-nghiep-long-xuyen","ID":0,"MaSoThue":"1600230014-003","NgayCap":"2000-04-04T00:00:00Z","Title":"Cửa Hàng Vật Tư Nông Nghiệp Long Xuyên","DiaChiCongTy":"01 Nguyễn Trãi Mỹ Long - Tỉnh An Giang - An Giang","Created":"2015-11-18T11:30:20Z","Updated":"2015-11-18T11:30:20Z","IsDelete":false,"RequestChanged":false,"ExitsInGDT":false,"SourceID":0,"TinhThanhID":0,"TinhThanhTitle":"An Giang","TinhThanhTitleAscii":"/an-giang","QuanHuyenID":0,"NganhNgheTitle":"Bán mô tô, xe máy","NganhNgheTitleAscii":"/nganh-nghe/ban-mo-to-xe-may","DSTags":["1600230014-003","An Giang",null]},{"Type":11,"SolrID":"/1600230014-002-cua-hang-vat-tu-nong-nghiep-nguyen-hue","ID":0,"MaSoThue":"1600230014-002","NgayCap":"2000-04-04T00:00:00Z","Title":"Cửa Hàng Vật Tư Nông Nghiệp Nguyễn Huệ","DiaChiCongTy":"69-71-73 Nguyễn Huệ B Mỹ Long - Tỉnh An Giang - An Giang","Created":"2015-11-18T10:34:41Z","Updated":"2015-11-18T10:34:41Z","IsDelete":false,"RequestChanged":false,"ExitsInGDT":false,"SourceID":0,"TinhThanhID":0,"TinhThanhTitle":"An Giang","TinhThanhTitleAscii":"/an-giang","QuanHuyenID":0,"NganhNgheTitle":"Bán mô tô, xe máy","NganhNgheTitleAscii":"/nganh-nghe/ban-mo-to-xe-may","DSTags":["1600230014-002","An Giang",null]},{"Type":11,"SolrID":"/1600230014-004-cua-hang-vat-tu-nong-nghiep-tri-ton","ID":0,"MaSoThue":"1600230014-004","NgayCap":"2000-04-04T00:00:00Z","Title":"Cửa Hàng Vật Tư Nông Nghiệp Tri Tôn","DiaChiCongTy":"TT Tri Tôn - Tỉnh An Giang - An Giang","Created":"2015-11-18T12:25:27Z","Updated":"2015-11-18T12:25:27Z","IsDelete":false,"RequestChanged":false,"ExitsInGDT":false,"SourceID":0,"TinhThanhID":0,"TinhThanhTitle":"An Giang","TinhThanhTitleAscii":"/an-giang","QuanHuyenID":0,"NganhNgheTitle":"Bán mô tô, xe máy","NganhNgheTitleAscii":"/nganh-nghe/ban-mo-to-xe-may","DSTags":["1600230014-004","An Giang",null]},{"Type":11,"SolrID":"/1600487958-cty-xo-so-kien-thiet-an-giang","ID":0,"MaSoThue":"1600487958","NgayCap":"2000-03-08T00:00:00Z","Title":"CTy Xổ Số Kiến Thiết An Giang","DiaChiCongTy":"64 C Nguyễn Thái Học Mỹ Bình - Tỉnh An Giang - An Giang","Created":"2015-11-12T06:07:13Z","Updated":"2015-11-12T06:07:13Z","IsDelete":false,"RequestChanged":false,"ExitsInGDT":false,"SourceID":0,"TinhThanhID":0,"TinhThanhTitle":"An Giang","TinhThanhTitleAscii":"/an-giang","QuanHuyenID":0,"NganhNgheTitle":"Hoạt động dịch vụ phục vụ cá nhân khác còn lại chưa được phân vào đâu","NganhNgheTitleAscii":"/nganh-nghe/hoat-dong-dich-vu-phuc-vu-ca-nhan-khac-con-lai-chua-duoc-phan-vao-dau","DSTags":["1600487958","An Giang",null]},{"Type":11,"SolrID":"/1600398835-ban-quan-ly-du-an-cap-nuoc-ve-sinh-nha-may-nuoc-long-xuyen","ID":0,"MaSoThue":"1600398835","NgayCap":"1999-03-26T00:00:00Z","Title":"Ban Quản lý dự án cấp Nước & Vệ sinh Nhà máy nước Long Xuyên","DiaChiCongTy":"80/1 Bùi Văn Danh Mỹ Xuyên - Tỉnh An Giang - An Giang","Created":"2015-11-14T15:47:56Z","Updated":"2015-11-14T15:47:56Z","IsDelete":false,"RequestChanged":false,"ExitsInGDT":false,"SourceID":0,"TinhThanhID":0,"TinhThanhTitle":"An Giang","TinhThanhTitleAscii":"/an-giang","QuanHuyenID":0,"NganhNgheTitle":"Hoạt động xây dựng chuyên dụng","NganhNgheTitleAscii":"/nganh-nghe/hoat-dong-xay-dung-chuyen-dung","DSTags":["1600398835","An Giang",null]},{"Type":11,"SolrID":"/1600184590-001-cua-hang-vat-tu-tong-hop","ID":0,"MaSoThue":"1600184590-001","NgayCap":"1999-03-20T00:00:00Z","Title":"Cửa Hàng Vật Tư Tổng Hợp","DiaChiCongTy":"315 Trần Hưng Đạo Mỹ Long - Tỉnh An Giang - An Giang","Created":"2015-11-10T01:40:16Z","Updated":"2015-11-10T01:40:16Z","IsDelete":false,"RequestChanged":false,"ExitsInGDT":false,"SourceID":0,"TinhThanhID":0,"TinhThanhTitle":"An Giang","TinhThanhTitleAscii":"/an-giang","QuanHuyenID":0,"NganhNgheTitle":"Bán buôn (trừ ô tô, mô tô, xe máy và xe có động cơ khác)","NganhNgheTitleAscii":"/nganh-nghe/ban-buon-tru-o-to-mo-to-xe-may-va-xe-co-dong-co-khac","DSTags":["1600184590-001","An Giang",null]},{"Type":11,"SolrID":"/1600184590-002-cua-hang-dai-ly-xe-may-vmep","ID":0,"MaSoThue":"1600184590-002","NgayCap":"1999-03-20T00:00:00Z","Title":"Cửa Hàng Đại Lý Xe Máy VMEP","DiaChiCongTy":"25 Nguyễn Trãi Mỹ Long - Tỉnh An Giang - An Giang","Created":"2015-11-18T10:34:35Z","Updated":"2015-11-18T10:34:35Z","IsDelete":false,"RequestChanged":false,"ExitsInGDT":false,"SourceID":0,"TinhThanhID":0,"TinhThanhTitle":"An Giang","TinhThanhTitleAscii":"/an-giang","QuanHuyenID":0,"NganhNgheTitle":"Bán mô tô, xe máy","NganhNgheTitleAscii":"/nganh-nghe/ban-mo-to-xe-may","DSTags":["1600184590-002","An Giang",null]},{"Type":11,"SolrID":"/1600194461-039-trai-chan-nuoi-chau-thanh","ID":0,"MaSoThue":"1600194461-039","NgayCap":"1999-02-24T00:00:00Z","Title":"Trại Chăn Nuôi Châu Thành","DiaChiCongTy":"ấp Hoà Phú An Phú - Tỉnh An Giang - An Giang","Created":"2015-11-18T16:27:58Z","Updated":"2015-11-18T16:27:58Z","IsDelete":false,"RequestChanged":false,"ExitsInGDT":false,"SourceID":0,"TinhThanhID":0,"TinhThanhTitle":"An Giang","TinhThanhTitleAscii":"/an-giang","QuanHuyenID":0,"NganhNgheTitle":"Bán buôn gạo, thực phẩm, đồ uống và sản phẩm thuốc lá, thuốc lào","NganhNgheTitleAscii":"/nganh-nghe/ban-buon-gao-thuc-pham-do-uong-va-san-pham-thuoc-la-thuoc-lao","DSTags":["1600194461-039","An Giang",null]},{"Type":11,"SolrID":"/1600249791-002-xi-nghiep-dien-nuoc-huyen-an-phu","ID":0,"MaSoThue":"1600249791-002","NgayCap":"1999-02-24T00:00:00Z","Title":"Xí Nghiệp Điện nước                             Huyện An Phú","DiaChiCongTy":"TT An Phú - Tỉnh An Giang - An Giang","Created":"2015-11-17T19:47:29Z","Updated":"2015-11-17T19:47:29Z","IsDelete":false,"RequestChanged":false,"ExitsInGDT":false,"SourceID":0,"TinhThanhID":0,"TinhThanhTitle":"An Giang","TinhThanhTitleAscii":"/an-giang","QuanHuyenID":0,"NganhNgheTitle":"Sản xuất, truyền tải và phân phối điện","NganhNgheTitleAscii":"/nganh-nghe/san-xuat-truyen-tai-va-phan-phoi-dien","DSTags":["1600249791-002","An Giang",null]},{"Type":11,"SolrID":"/1600249791-003-xi-nghiep-dien-nuoc-huyen-tan-chau","ID":0,"MaSoThue":"1600249791-003","NgayCap":"1999-02-24T00:00:00Z","Title":"Xí Nghiệp Điện Nước                           Huyện Tân Châu","DiaChiCongTy":"TT Tân Châu - Tỉnh An Giang - An Giang","Created":"2015-11-17T19:47:30Z","Updated":"2015-11-17T19:47:30Z","IsDelete":false,"RequestChanged":false,"ExitsInGDT":false,"SourceID":0,"TinhThanhID":0,"TinhThanhTitle":"An Giang","TinhThanhTitleAscii":"/an-giang","QuanHuyenID":0,"NganhNgheTitle":"Sản xuất, truyền tải và phân phối điện","NganhNgheTitleAscii":"/nganh-nghe/san-xuat-truyen-tai-va-phan-phoi-dien","DSTags":["1600249791-003","An Giang",null]},{"Type":11,"SolrID":"/1600388763-cty-co-phan-van-tai-lanh-an-giang","ID":0,"MaSoThue":"1600388763","NgayCap":"1999-02-23T00:00:00Z","Title":"CTy Cổ Phần Vận Tải Lạnh An Giang","DiaChiCongTy":"1234 Trần Hưng Đạo - Tỉnh An Giang - An Giang","Created":"2015-11-12T06:06:42Z","Updated":"2015-11-12T06:06:42Z","IsDelete":false,"RequestChanged":false,"ExitsInGDT":false,"SourceID":0,"TinhThanhID":0,"TinhThanhTitle":"An Giang","TinhThanhTitleAscii":"/an-giang","QuanHuyenID":0,"NganhNgheTitle":"Vận tải đường bộ khác","NganhNgheTitleAscii":"/nganh-nghe/van-tai-duong-bo-khac","DSTags":["1600388763","An Giang",null]},{"Type":11,"SolrID":"/1600111049-002-cua-hang-vat-tu-cong-nghiep-va-tieu-thu-cong-nghiep","ID":0,"MaSoThue":"1600111049-002","NgayCap":"1999-01-29T00:00:00Z","Title":"Cửa Hàng Vật Tư Công Nghiệp Và Tiểu Thủ Công Nghiệp","DiaChiCongTy":"103 Nguyễn Huệ B - Tỉnh An Giang - An Giang","Created":"2015-11-18T10:16:07Z","Updated":"2015-11-18T10:16:07Z","IsDelete":false,"RequestChanged":false,"ExitsInGDT":false,"SourceID":0,"TinhThanhID":0,"TinhThanhTitle":"An Giang","TinhThanhTitleAscii":"/an-giang","QuanHuyenID":0,"NganhNgheTitle":"Bán buôn máy móc, thiết bị và phụ tùng máy","NganhNgheTitleAscii":"/nganh-nghe/ban-buon-may-moc-thiet-bi-va-phu-tung-may","DSTags":["1600111049-002","An Giang",null]},{"Type":11,"SolrID":"/0300565201-002-chi-nhanh-visacoop","ID":0,"MaSoThue":"0300565201-002","NgayCap":"1999-01-14T00:00:00Z","Title":"Chi Nhánh VISACOOP","DiaChiCongTy":"11 Đường Lý Tự Trọng - Mỹ Long - Tỉnh An Giang - An Giang","Created":"2015-11-18T10:28:40Z","Updated":"2015-11-18T10:28:40Z","IsDelete":false,"RequestChanged":false,"ExitsInGDT":false,"SourceID":0,"TinhThanhID":0,"TinhThanhTitle":"An Giang","TinhThanhTitleAscii":"/an-giang","QuanHuyenID":0,"NganhNgheTitle":"Đại lý, môi giới, đấu giá","NganhNgheTitleAscii":"/nganh-nghe/dai-ly-moi-gioi-dau-gia","DSTags":["0300565201-002","An Giang",null]},{"Type":11,"SolrID":"/1600249791-001-xi-nghiep-dien-nuoc-huyen-tri-ton","ID":0,"MaSoThue":"1600249791-001","NgayCap":"1999-01-14T00:00:00Z","Title":"Xí Nghiệp Điện Nước Huyện Tri Tôn","DiaChiCongTy":"TT Tri Tôn - Tỉnh An Giang - An Giang","Created":"2015-11-17T19:47:28Z","Updated":"2015-11-17T19:47:28Z","IsDelete":false,"RequestChanged":false,"ExitsInGDT":false,"SourceID":0,"TinhThanhID":0,"TinhThanhTitle":"An Giang","TinhThanhTitleAscii":"/an-giang","QuanHuyenID":0,"NganhNgheTitle":"Sản xuất, truyền tải và phân phối điện","NganhNgheTitleAscii":"/nganh-nghe/san-xuat-truyen-tai-va-phan-phoi-dien","DSTags":["1600249791-001","An Giang",null]},{"Type":11,"SolrID":"/1600191767-009-xi-nghiep-che-bien-xuat-khau-nong-san-i","ID":0,"MaSoThue":"1600191767-009","NgayCap":"1999-01-12T00:00:00Z","Title":"Xí Nghiệp Chế Biến Xuất Khẩu                      Nông Sản I","DiaChiCongTy":"72 Trần Hưng đạo - Tỉnh An Giang - An Giang","Created":"2015-11-17T19:46:07Z","Updated":"2015-11-17T19:46:07Z","IsDelete":false,"RequestChanged":false,"ExitsInGDT":false,"SourceID":0,"TinhThanhID":0,"TinhThanhTitle":"An Giang","TinhThanhTitleAscii":"/an-giang","QuanHuyenID":0,"NganhNgheTitle":"Khai khoáng khác chưa được phân vào đâu","NganhNgheTitleAscii":"/nganh-nghe/khai-khoang-khac-chua-duoc-phan-vao-dau-10612","DSTags":["1600191767-009","An Giang",null]},{"Type":11,"SolrID":"/1600219892-001-cua-hang-sach-va-vat-pham-van-hoa-so-02","ID":0,"MaSoThue":"1600219892-001","NgayCap":"1998-12-18T00:00:00Z","Title":"Cửa Hàng Sách Và Vật Phẩm                      Văn Hoá Số 02","DiaChiCongTy":"10 Hai Bà Trưng - Tỉnh An Giang - An Giang","Created":"2015-11-19T07:28:14Z","Updated":"2015-11-19T07:28:14Z","IsDelete":false,"RequestChanged":false,"ExitsInGDT":false,"SourceID":0,"TinhThanhID":0,"TinhThanhTitle":"An Giang","TinhThanhTitleAscii":"/an-giang","QuanHuyenID":0,"NganhNgheTitle":"Bán buôn đồ dùng khác cho gia đình","NganhNgheTitleAscii":"/nganh-nghe/ban-buon-do-dung-khac-cho-gia-dinh","DSTags":["1600219892-001","An Giang",null]},{"Type":11,"SolrID":"/1600193771-003-cong-ty-xay-lap-buu-dien","ID":0,"MaSoThue":"1600193771-003","NgayCap":"1998-11-30T00:00:00Z","Title":"Công Ty Xây Lắp Bưu Điện","DiaChiCongTy":"01 Lê Hồng phong - Mỹ Bình - Tỉnh An Giang - An Giang","Created":"2015-11-18T11:30:16Z","Updated":"2015-11-18T11:30:16Z","IsDelete":false,"RequestChanged":false,"ExitsInGDT":false,"SourceID":0,"TinhThanhID":0,"TinhThanhTitle":"An Giang","TinhThanhTitleAscii":"/an-giang","QuanHuyenID":0,"NganhNgheTitle":"Bưu chính","NganhNgheTitleAscii":"/nganh-nghe/buu-chinh","DSTags":["1600193771-003","An Giang",null]},{"Type":11,"SolrID":"/1600193771-001-cong-ty-buu-chinh-phat-hanh-bao-chi","ID":0,"MaSoThue":"1600193771-001","NgayCap":"1998-11-30T00:00:00Z","Title":"Công Ty Bưu Chính -                      Phát Hành Báo Chí","DiaChiCongTy":"106 Trần Hưng Đạo - Tỉnh An Giang - An Giang","Created":"2015-11-18T09:35:47Z","Updated":"2015-11-18T09:35:47Z","IsDelete":false,"RequestChanged":false,"ExitsInGDT":false,"SourceID":0,"TinhThanhID":0,"TinhThanhTitle":"An Giang","TinhThanhTitleAscii":"/an-giang","QuanHuyenID":0,"NganhNgheTitle":"Bưu chính","NganhNgheTitleAscii":"/nganh-nghe/buu-chinh","DSTags":["1600193771-001","An Giang",null]},{"Type":11,"SolrID":"/1600230737-005-cua-hang-chuyen-doanh-trung","ID":0,"MaSoThue":"1600230737-005","NgayCap":"1998-11-26T00:00:00Z","Title":"Cửa Hàng Chuyên Doanh Trứng","DiaChiCongTy":"Số 5 Phan Bội Châu - Tỉnh An Giang - An Giang","Created":"2015-11-18T13:00:21Z","Updated":"2015-11-18T13:00:21Z","IsDelete":false,"RequestChanged":false,"ExitsInGDT":false,"SourceID":0,"TinhThanhID":0,"TinhThanhTitle":"An Giang","TinhThanhTitleAscii":"/an-giang","QuanHuyenID":0,"NganhNgheTitle":"Bán lẻ lương thực, thực phẩm, đồ uống, thuốc lá, thuốc lào chiếm tỷ trọng lớn trong các cửa hàng kinh doanh tổng hợp","NganhNgheTitleAscii":"/nganh-nghe/ban-le-luong-thuc-thuc-pham-do-uong-thuoc-la-thuoc-lao-chiem-ty-trong-lon-trong-cac-cua-hang-kinh-doanh-tong-hop","DSTags":["1600230737-005","An Giang",null]},{"Type":11,"SolrID":"/1600250892-so-tu-phap-an-giang","ID":0,"MaSoThue":"1600250892","NgayCap":"1998-10-02T00:00:00Z","Title":"Sở Tư Pháp An Giang","DiaChiCongTy":"Số 5 Lê Hồng Phong-Mỹ Bình - Tỉnh An Giang - An Giang","Created":"2015-11-14T17:42:24Z","Updated":"2015-11-14T17:42:24Z","IsDelete":false,"RequestChanged":false,"ExitsInGDT":false,"SourceID":0,"TinhThanhID":0,"TinhThanhTitle":"An Giang","TinhThanhTitleAscii":"/an-giang","QuanHuyenID":0,"NganhNgheTitle":"Hoạt động của Đảng cộng sản, tổ chức chính trị - xã hội, hoạt động quản lý nhà nước nói chung và kinh tế tổng hợp","NganhNgheTitleAscii":"/nganh-nghe/hoat-dong-cua-dang-cong-san-to-chuc-chinh-tri-xa-hoi-hoat-dong-quan-ly-nha-nuoc-noi-chung-va-kinh-te-tong-hop","DSTags":["1600250892","An Giang",null]}]}