{"ID":8158,"SolrID":"/an-giang/tinh-an-giang/phuong-my-long","Title":"Phường  Mỹ Long","TinhThanhTitle":"An Giang","QuanHuyenTitle":"Tỉnh An Giang","QuanHuyenID":719,"TinhThanhID":35,"Url":"https://thongtindoanhnghiep.co/api/company?l=/an-giang/tinh-an-giang/phuong-my-long","Total":3,"List":[{"Type":11,"SolrID":"/1601210839-so-ngoai-vu-tinh-an-giang","ID":0,"MaSoThue":"1601210839","NgayCap":"2009-08-31T00:00:00Z","Title":"Sở Ngoại Vụ tỉnh An Giang","DiaChiCongTy":"28 Ngô Gia Tự, Phường  Mỹ Long - Tỉnh An Giang - An Giang","Created":"2015-11-16T08:33:44Z","Updated":"2015-11-16T08:33:44Z","IsDelete":false,"RequestChanged":false,"ExitsInGDT":false,"SourceID":0,"TinhThanhID":0,"TinhThanhTitle":"An Giang","TinhThanhTitleAscii":"/an-giang","QuanHuyenID":0,"NganhNgheTitle":"Hoạt động dịch vụ phục vụ cá nhân khác còn lại chưa được phân vào đâu","NganhNgheTitleAscii":"/nganh-nghe/hoat-dong-dich-vu-phuc-vu-ca-nhan-khac-con-lai-chua-duoc-phan-vao-dau","DSTags":["1601210839","An Giang",null]},{"Type":11,"SolrID":"/0100111761-016-cong-ty-bao-hiem-an-giang","ID":0,"MaSoThue":"0100111761-016","NgayCap":"2004-04-09T00:00:00Z","Title":"Công ty Bảo hiểm  An Giang","DiaChiCongTy":"Số 379 Trần Hưng Đạo Phường   Mỹ Long - Tỉnh An Giang - An Giang","Created":"2015-11-18T15:20:38Z","Updated":"2015-11-18T15:20:38Z","IsDelete":false,"RequestChanged":false,"ExitsInGDT":false,"SourceID":0,"TinhThanhID":0,"TinhThanhTitle":"An Giang","TinhThanhTitleAscii":"/an-giang","QuanHuyenID":0,"NganhNgheTitle":"Bảo hiểm nhân thọ","NganhNgheTitleAscii":"/nganh-nghe/bao-hiem-nhan-tho","DSTags":["0100111761-016","An Giang",null]},{"Type":11,"SolrID":"/1600547251-cong-ty-thoai-ha","ID":0,"MaSoThue":"1600547251","NgayCap":"2000-11-28T00:00:00Z","Title":"CÔNG TY   Thoại  Hà","DiaChiCongTy":"19 - 21 Nguyễn Trãi - Phường Mỹ Long - Tỉnh An Giang - An Giang","Created":"2015-11-12T06:15:19Z","Updated":"2015-11-12T06:15:19Z","IsDelete":false,"RequestChanged":false,"ExitsInGDT":false,"SourceID":0,"TinhThanhID":0,"TinhThanhTitle":"An Giang","TinhThanhTitleAscii":"/an-giang","QuanHuyenID":0,"NganhNgheTitle":"Chế biến, bảo quản thịt và các sản phẩm từ thịt","NganhNgheTitleAscii":"/nganh-nghe/che-bien-bao-quan-thit-va-cac-san-pham-tu-thit","DSTags":["1600547251","An Giang",null]}]}