{"ID":5862,"SolrID":"/an-giang/tinh-an-giang/phuong-my-quy","Title":"Phường Mỹ Quý","TinhThanhTitle":"An Giang","QuanHuyenTitle":"Tỉnh An Giang","QuanHuyenID":719,"TinhThanhID":35,"Url":"https://thongtindoanhnghiep.co/api/company?l=/an-giang/tinh-an-giang/phuong-my-quy","Total":1,"List":[{"Type":11,"SolrID":"/3600239028-002-chi-nhanh-ban-gioi-thieu-san-pham-ma-cong-nghiep-vingal","ID":0,"MaSoThue":"3600239028-002","NgayCap":"2001-01-09T00:00:00Z","Title":"Chi Nhánh Bán & Giới Thiệu Sản Phẩm Mạ - Công Nghiệp Vingal","DiaChiCongTy":"12/10C Trần Hưng Đạo, Phường Mỹ Quý - Tỉnh An Giang - An Giang","Created":"2015-11-19T04:06:14Z","Updated":"2015-11-19T04:06:14Z","IsDelete":false,"RequestChanged":false,"ExitsInGDT":false,"SourceID":0,"TinhThanhID":0,"TinhThanhTitle":"An Giang","TinhThanhTitleAscii":"/an-giang","QuanHuyenID":0,"NganhNgheTitle":"Sản xuất sắt, thép, gang","NganhNgheTitleAscii":"/nganh-nghe/san-xuat-sat-thep-gang","DSTags":["3600239028-002","An Giang",null]}]}