{"ID":8105,"SolrID":"/an-giang/tinh-an-giang/phuong-my-thanh","Title":"Phường Mỹ Thạnh","TinhThanhTitle":"An Giang","QuanHuyenTitle":"Tỉnh An Giang","QuanHuyenID":719,"TinhThanhID":35,"Url":"https://thongtindoanhnghiep.co/api/company?l=/an-giang/tinh-an-giang/phuong-my-thanh","Total":1,"List":[{"Type":11,"SolrID":"/1600191767-021-nha-may-che-bien-gao-xuat-khau-v","ID":0,"MaSoThue":"1600191767-021","NgayCap":"2003-07-24T00:00:00Z","Title":"Nhà máy chế biến gạo xuất khẩu V","DiaChiCongTy":"ấp Đông Thạnh B, Phường Mỹ Thạnh - Tỉnh An Giang - An Giang","Created":"2015-11-18T15:49:52Z","Updated":"2015-11-18T15:49:52Z","IsDelete":false,"RequestChanged":false,"ExitsInGDT":false,"SourceID":0,"TinhThanhID":0,"TinhThanhTitle":"An Giang","TinhThanhTitleAscii":"/an-giang","QuanHuyenID":0,"NganhNgheTitle":"Bán buôn gạo, thực phẩm, đồ uống và sản phẩm thuốc lá, thuốc lào","NganhNgheTitleAscii":"/nganh-nghe/ban-buon-gao-thuc-pham-do-uong-va-san-pham-thuoc-la-thuoc-lao","DSTags":["1600191767-021","An Giang",null]}]}