{"ID":8848,"SolrID":"/an-giang/tinh-an-giang/phuong-my-binh","Title":"Phường Mỹ Bình","TinhThanhTitle":"An Giang","QuanHuyenTitle":"Tỉnh An Giang","QuanHuyenID":719,"TinhThanhID":35,"Url":"https://thongtindoanhnghiep.co/api/company?l=/an-giang/tinh-an-giang/phuong-my-binh","Total":6,"List":[{"Type":11,"SolrID":"/1601219711-thanh-tra-tinh-an-giang","ID":0,"MaSoThue":"1601219711","NgayCap":"2009-09-24T00:00:00Z","Title":"Thanh Tra tỉnh An Giang","DiaChiCongTy":"01 Lê Quí Đôn, Phường Mỹ Bình - Tỉnh An Giang - An Giang","Created":"2015-11-16T07:53:04Z","Updated":"2015-11-16T07:53:04Z","IsDelete":false,"RequestChanged":false,"ExitsInGDT":false,"SourceID":0,"TinhThanhID":0,"TinhThanhTitle":"An Giang","TinhThanhTitleAscii":"/an-giang","QuanHuyenID":0,"NganhNgheTitle":"Hoạt động của Đảng cộng sản, tổ chức chính trị - xã hội, hoạt động quản lý nhà nước nói chung và kinh tế tổng hợp","NganhNgheTitleAscii":"/nganh-nghe/hoat-dong-cua-dang-cong-san-to-chuc-chinh-tri-xa-hoi-hoat-dong-quan-ly-nha-nuoc-noi-chung-va-kinh-te-tong-hop","DSTags":["1601219711","An Giang",null]},{"Type":11,"SolrID":"/1601212829-ban-dan-toc-tinh-an-giang","ID":0,"MaSoThue":"1601212829","NgayCap":"2009-09-01T00:00:00Z","Title":"Ban Dân Tộc tỉnh An Giang","DiaChiCongTy":"16C Tôn Đức Thắng, Phường  Mỹ Bình - Tỉnh An Giang - An Giang","Created":"2015-11-15T20:44:04Z","Updated":"2015-11-15T20:44:04Z","IsDelete":false,"RequestChanged":false,"ExitsInGDT":false,"SourceID":0,"TinhThanhID":0,"TinhThanhTitle":"An Giang","TinhThanhTitleAscii":"/an-giang","QuanHuyenID":0,"NganhNgheTitle":"Hoạt động dịch vụ phục vụ cá nhân khác còn lại chưa được phân vào đâu","NganhNgheTitleAscii":"/nganh-nghe/hoat-dong-dich-vu-phuc-vu-ca-nhan-khac-con-lai-chua-duoc-phan-vao-dau","DSTags":["1601212829","An Giang",null]},{"Type":11,"SolrID":"/1601198324-bao-hiem-xa-hoi-tinh-an-giang","ID":0,"MaSoThue":"1601198324","NgayCap":"2009-07-24T00:00:00Z","Title":"Bảo Hiểm Xã Hội tỉnh An Giang","DiaChiCongTy":"11 Lê Triệt Kiết, Phường  Mỹ Bình - Tỉnh An Giang - An Giang","Created":"2015-11-16T10:31:18Z","Updated":"2015-11-16T10:31:18Z","IsDelete":false,"RequestChanged":false,"ExitsInGDT":false,"SourceID":0,"TinhThanhID":0,"TinhThanhTitle":"An Giang","TinhThanhTitleAscii":"/an-giang","QuanHuyenID":0,"NganhNgheTitle":"Bảo hiểm phi nhân thọ khác","NganhNgheTitleAscii":"/nganh-nghe/bao-hiem-phi-nhan-tho-khac","DSTags":["1601198324","An Giang",null]},{"Type":11,"SolrID":"/1601194351-cuc-thong-ke-an-giang","ID":0,"MaSoThue":"1601194351","NgayCap":"2009-07-21T00:00:00Z","Title":"Cục Thống Kê An Giang","DiaChiCongTy":"1/9 Lý Thường Kiệt,P. Mỹ Bình - Tỉnh An Giang - An Giang","Created":"2015-11-16T10:59:13Z","Updated":"2015-11-16T10:59:13Z","IsDelete":false,"RequestChanged":false,"ExitsInGDT":false,"SourceID":0,"TinhThanhID":0,"TinhThanhTitle":"An Giang","TinhThanhTitleAscii":"/an-giang","QuanHuyenID":0,"NganhNgheTitle":"Hoạt động của Đảng cộng sản, tổ chức chính trị - xã hội, hoạt động quản lý nhà nước nói chung và kinh tế tổng hợp","NganhNgheTitleAscii":"/nganh-nghe/hoat-dong-cua-dang-cong-san-to-chuc-chinh-tri-xa-hoi-hoat-dong-quan-ly-nha-nuoc-noi-chung-va-kinh-te-tong-hop","DSTags":["1601194351","An Giang",null]},{"Type":11,"SolrID":"/1600800183-so-du-lich-an-giang","ID":0,"MaSoThue":"1600800183","NgayCap":"2005-08-04T00:00:00Z","Title":"Sở Du Lịch An Giang","DiaChiCongTy":"Số 10 Lê Triệu Kiết, Phường Mỹ Bình - Tỉnh An Giang - An Giang","Created":"2015-11-16T17:04:29Z","Updated":"2015-11-16T17:04:29Z","IsDelete":false,"RequestChanged":false,"ExitsInGDT":false,"SourceID":0,"TinhThanhID":0,"TinhThanhTitle":"An Giang","TinhThanhTitleAscii":"/an-giang","QuanHuyenID":0,"NganhNgheTitle":"Hoạt động của Đảng cộng sản, tổ chức chính trị - xã hội, hoạt động quản lý nhà nước nói chung và kinh tế tổng hợp","NganhNgheTitleAscii":"/nganh-nghe/hoat-dong-cua-dang-cong-san-to-chuc-chinh-tri-xa-hoi-hoat-dong-quan-ly-nha-nuoc-noi-chung-va-kinh-te-tong-hop","DSTags":["1600800183","An Giang",null]},{"Type":11,"SolrID":"/1600193771-002-cong-ty-dien-bao-dienthoai","ID":0,"MaSoThue":"1600193771-002","NgayCap":"1998-11-30T00:00:00Z","Title":"Công Ty Điện Báo ĐiệnThoại","DiaChiCongTy":"02 Lê Lợi phường Mỹ Bình - Tỉnh An Giang - An Giang","Created":"2015-11-18T10:34:38Z","Updated":"2015-11-18T10:34:38Z","IsDelete":false,"RequestChanged":false,"ExitsInGDT":false,"SourceID":0,"TinhThanhID":0,"TinhThanhTitle":"An Giang","TinhThanhTitleAscii":"/an-giang","QuanHuyenID":0,"NganhNgheTitle":"Viễn thông","NganhNgheTitleAscii":"/nganh-nghe/vien-thong","DSTags":["1600193771-002","An Giang",null]}]}