{"ID":9022,"SolrID":"/an-giang/tinh-an-giang/phuong-chau-phu-a","Title":"Phường Châu Phú A","TinhThanhTitle":"An Giang","QuanHuyenTitle":"Tỉnh An Giang","QuanHuyenID":719,"TinhThanhID":35,"Url":"https://thongtindoanhnghiep.co/api/company?l=/an-giang/tinh-an-giang/phuong-chau-phu-a","Total":1,"List":[{"Type":11,"SolrID":"/1600155529-001-chi-nhanh-dntn-kim-yen-tiem-vang-kim-yen-2","ID":0,"MaSoThue":"1600155529-001","NgayCap":"2009-07-08T00:00:00Z","Title":"Chi nhánh DNTN Kim Yến - Tiệm Vàng Kim Yến 2","DiaChiCongTy":"39A Nguyễn Hữu Cảnh, Phường  Châu Phú A - Tỉnh An Giang - An Giang","Created":"2015-11-18T09:35:42Z","Updated":"2015-11-18T09:35:42Z","IsDelete":false,"RequestChanged":false,"ExitsInGDT":false,"SourceID":0,"TinhThanhID":0,"TinhThanhTitle":"An Giang","TinhThanhTitleAscii":"/an-giang","QuanHuyenID":0,"NganhNgheTitle":"Bán lẻ hàng hóa khác trong các cửa hàng chuyên doanh","NganhNgheTitleAscii":"/nganh-nghe/ban-le-hang-hoa-khac-trong-cac-cua-hang-chuyen-doanh","DSTags":["1600155529-001","An Giang",null]}]}