{"ID":16422,"SolrID":"/an-giang/tinh-an-giang/phuong-my-hoa","Title":"Phường Mỹ Hoà","TinhThanhTitle":"An Giang","QuanHuyenTitle":"Tỉnh An Giang","QuanHuyenID":719,"TinhThanhID":35,"Url":"https://thongtindoanhnghiep.co/api/company?l=/an-giang/tinh-an-giang/phuong-my-hoa","Total":1,"List":[{"Type":11,"SolrID":"/1600638237-001-chi-nhanh-cty-tnhh-tm-dv-my-hoa","ID":0,"MaSoThue":"1600638237-001","NgayCap":"2009-02-17T00:00:00Z","Title":"Chi nhánh Cty TNHH TM & DV Mỹ Hoà","DiaChiCongTy":"719/12A, Tỉnh Lộ 943, Phường  Mỹ Hoà - Tỉnh An Giang - An Giang","Created":"2015-11-10T01:46:20Z","Updated":"2015-11-10T01:46:20Z","IsDelete":false,"RequestChanged":false,"ExitsInGDT":false,"SourceID":0,"TinhThanhID":0,"TinhThanhTitle":"An Giang","TinhThanhTitleAscii":"/an-giang","QuanHuyenID":0,"NganhNgheTitle":"Bán lẻ hàng hóa khác trong các cửa hàng chuyên doanh","NganhNgheTitleAscii":"/nganh-nghe/ban-le-hang-hoa-khac-trong-cac-cua-hang-chuyen-doanh","DSTags":["1600638237-001","An Giang",null]}]}