{"ID":8151,"SolrID":"/an-giang/tinh-an-giang/xa-long-an","Title":"Xã Long An","TinhThanhTitle":"An Giang","QuanHuyenTitle":"Tỉnh An Giang","QuanHuyenID":719,"TinhThanhID":35,"Url":"https://thongtindoanhnghiep.co/api/company?l=/an-giang/tinh-an-giang/xa-long-an","Total":1,"List":[{"Type":11,"SolrID":"/1400102336-017-tram-kinh-doanh-luong-thuc","ID":0,"MaSoThue":"1400102336-017","NgayCap":"2004-02-23T00:00:00Z","Title":"Trạm Kinh Doanh Lương Thực","DiaChiCongTy":"ấp Long Thạnh, xã Long An - Tỉnh An Giang - An Giang","Created":"2015-11-18T15:22:33Z","Updated":"2015-11-18T15:22:33Z","IsDelete":false,"RequestChanged":false,"ExitsInGDT":false,"SourceID":0,"TinhThanhID":0,"TinhThanhTitle":"An Giang","TinhThanhTitleAscii":"/an-giang","QuanHuyenID":0,"NganhNgheTitle":"Khai khoáng khác chưa được phân vào đâu","NganhNgheTitleAscii":"/nganh-nghe/khai-khoang-khac-chua-duoc-phan-vao-dau-10612","DSTags":["1400102336-017","An Giang",null]}]}