{"ID":10414,"SolrID":"/an-giang/tinh-an-giang/xa-my-thoi","Title":"Xã Mỹ Thới","TinhThanhTitle":"An Giang","QuanHuyenTitle":"Tỉnh An Giang","QuanHuyenID":719,"TinhThanhID":35,"Url":"https://thongtindoanhnghiep.co/api/company?l=/an-giang/tinh-an-giang/xa-my-thoi","Total":1,"List":[{"Type":11,"SolrID":"/1600191767-008-xi-nghiep-che-bien-hat-dieu-nhan-xuat-khau","ID":0,"MaSoThue":"1600191767-008","NgayCap":"1999-01-12T00:00:00Z","Title":"Xí Nghiệp Chế Biến hạt Điều                   Nhân xuất khẩu","DiaChiCongTy":"ấp Tây An Xã Mỹ Thới - Tỉnh An Giang - An Giang","Created":"2015-11-17T19:46:06Z","Updated":"2015-11-17T19:46:06Z","IsDelete":false,"RequestChanged":false,"ExitsInGDT":false,"SourceID":0,"TinhThanhID":0,"TinhThanhTitle":"An Giang","TinhThanhTitleAscii":"/an-giang","QuanHuyenID":0,"NganhNgheTitle":"Chế biến, bảo quản thịt và các sản phẩm từ thịt","NganhNgheTitleAscii":"/nganh-nghe/che-bien-bao-quan-thit-va-cac-san-pham-tu-thit","DSTags":["1600191767-008","An Giang",null]}]}