{"ID":7840,"SolrID":"/bac-giang/huyen-yen-dung/thi-tran-tan-dan","Title":"Thị Trấn Tân Dân","TinhThanhTitle":"Bắc Giang","QuanHuyenTitle":"Huyện Yên Dũng","QuanHuyenID":354,"TinhThanhID":54,"Url":"https://thongtindoanhnghiep.co/api/company?l=/bac-giang/huyen-yen-dung/thi-tran-tan-dan","Total":38,"List":[{"Type":11,"SolrID":"/2400842075-cong-ty-co-phan-dau-tu-phat-trien-dtc-viet-nam","ID":0,"MaSoThue":"2400842075","NgayCap":"2018-06-22T00:00:00Z","Title":"Công Ty Cổ Phần Đầu Tư Phát Triển Dtc Việt Nam","DiaChiCongTy":"Tổ Trung 2, Thị Trấn Tân Dân, Huyện Yên Dũng, Tỉnh Bắc Giang","Created":"2018-06-22T09:05:16Z","Updated":"2018-06-22T09:05:16Z","IsDelete":false,"RequestChanged":false,"ExitsInGDT":false,"SourceID":0,"TinhThanhID":0,"TinhThanhTitle":"Bắc Giang","TinhThanhTitleAscii":"/bac-giang","QuanHuyenID":0,"NganhNgheTitle":"Sản xuất thức ăn gia súc, gia cầm và thuỷ sản","NganhNgheTitleAscii":"/nganh-nghe/san-xuat-thuc-an-gia-suc-gia-cam-va-thuy-san","DSTags":["2400842075","Bắc Giang",null]},{"Type":11,"SolrID":"/2400841875-doanh-nghiep-tu-nhan-vang-bac-chung-duc","ID":0,"MaSoThue":"2400841875","NgayCap":"2018-06-20T00:00:00Z","Title":"Doanh Nghiệp Tư Nhân Vàng Bạc Chung Đức","DiaChiCongTy":"Tổ dân phố Quán Trắng, Thị Trấn Tân Dân, Huyện Yên Dũng, Tỉnh Bắc Giang","Created":"2018-06-20T20:10:55Z","Updated":"2018-06-20T20:10:55Z","IsDelete":false,"RequestChanged":false,"ExitsInGDT":false,"SourceID":0,"TinhThanhID":0,"TinhThanhTitle":"Bắc Giang","TinhThanhTitleAscii":"/bac-giang","QuanHuyenID":0,"NganhNgheTitle":"Bán lẻ hàng hóa khác mới trong các cửa hàng chuyên doanh","NganhNgheTitleAscii":"/nganh-nghe/ban-le-hang-hoa-khac-moi-trong-cac-cua-hang-chuyen-doanh","DSTags":["2400841875","Bắc Giang",null]},{"Type":11,"SolrID":"/2400841762-cong-ty-tnhh-tm-dv-khong-gia","ID":0,"MaSoThue":"2400841762","NgayCap":"2018-06-19T00:00:00Z","Title":"Công Ty TNHH Tm - Dv Khổng Gia","DiaChiCongTy":"Tổ dân phố Quán Trắng, Thị Trấn Tân Dân, Huyện Yên Dũng, Tỉnh Bắc Giang","Created":"2018-06-19T15:36:46Z","Updated":"2018-06-19T15:36:46Z","IsDelete":false,"RequestChanged":false,"ExitsInGDT":false,"SourceID":0,"TinhThanhID":0,"TinhThanhTitle":"Bắc Giang","TinhThanhTitleAscii":"/bac-giang","QuanHuyenID":0,"NganhNgheTitle":"Đại lý, môi giới, đấu giá","NganhNgheTitleAscii":"/nganh-nghe/dai-ly-moi-gioi-dau-gia","DSTags":["2400841762","Bắc Giang",null]},{"Type":11,"SolrID":"/2400841441-cong-ty-tnhh-family-bac-giang","ID":0,"MaSoThue":"2400841441","NgayCap":"2018-06-11T00:00:00Z","Title":"Công Ty TNHH Family Bắc Giang","DiaChiCongTy":"Tổ dân phố Khôi, Thị Trấn Tân Dân, Huyện Yên Dũng, Tỉnh Bắc Giang","Created":"2018-06-11T15:34:19Z","Updated":"2018-06-11T15:34:19Z","IsDelete":false,"RequestChanged":false,"ExitsInGDT":false,"SourceID":0,"TinhThanhID":0,"TinhThanhTitle":"Bắc Giang","TinhThanhTitleAscii":"/bac-giang","QuanHuyenID":0,"NganhNgheTitle":"Sản xuất hàng may sẵn (trừ trang phục)","NganhNgheTitleAscii":"/nganh-nghe/san-xuat-hang-may-san-tru-trang-phuc","DSTags":["2400841441","Bắc Giang",null]},{"Type":11,"SolrID":"/2400836829-cong-ty-tnhh-co-khi-xay-dung-huy-hung","ID":0,"MaSoThue":"2400836829","NgayCap":"2018-04-23T00:00:00Z","Title":"Công Ty TNHH Cơ Khí Xây Dựng Huy Hùng","DiaChiCongTy":"Tổ dân phố Trung 2, Thị Trấn Tân Dân, Huyện Yên Dũng, Tỉnh Bắc Giang","Created":"2018-04-23T17:09:54Z","Updated":"2018-04-23T17:09:54Z","IsDelete":false,"RequestChanged":false,"ExitsInGDT":false,"SourceID":0,"TinhThanhID":0,"TinhThanhTitle":"Bắc Giang","TinhThanhTitleAscii":"/bac-giang","QuanHuyenID":0,"NganhNgheTitle":"Gia công cơ khí; xử lý và tráng phủ kim loại","NganhNgheTitleAscii":"/nganh-nghe/gia-cong-co-khi-xu-ly-va-trang-phu-kim-loai","DSTags":["2400836829","Bắc Giang",null]},{"Type":11,"SolrID":"/2400836219-cong-ty-tnhh-xay-dung-c-a-star","ID":0,"MaSoThue":"2400836219","NgayCap":"2018-04-16T00:00:00Z","Title":"Công Ty TNHH Xây Dựng C&a Star","DiaChiCongTy":"Thôn Khôi, Thị Trấn Tân Dân, Huyện Yên Dũng, Tỉnh Bắc Giang","Created":"2018-04-16T08:36:50Z","Updated":"2018-04-16T08:36:50Z","IsDelete":false,"RequestChanged":false,"ExitsInGDT":false,"SourceID":0,"TinhThanhID":0,"TinhThanhTitle":"Bắc Giang","TinhThanhTitleAscii":"/bac-giang","QuanHuyenID":0,"NganhNgheTitle":"Xây dựng nhà các loại","NganhNgheTitleAscii":"/nganh-nghe/xay-dung-nha-cac-loai","DSTags":["2400836219","Bắc Giang",null]},{"Type":11,"SolrID":"/2400836307-cong-ty-co-phan-may-xuat-nhap-khau-minh-phuc","ID":0,"MaSoThue":"2400836307","NgayCap":"2018-04-16T00:00:00Z","Title":"Công Ty Cổ Phần May Xuất Nhập Khẩu Minh Phúc","DiaChiCongTy":"Tổ dân phố Quán Trắng, Thị Trấn Tân Dân, Huyện Yên Dũng, Tỉnh Bắc Giang","Created":"2018-04-16T16:35:11Z","Updated":"2018-04-16T16:35:11Z","IsDelete":false,"RequestChanged":false,"ExitsInGDT":false,"SourceID":0,"TinhThanhID":0,"TinhThanhTitle":"Bắc Giang","TinhThanhTitleAscii":"/bac-giang","QuanHuyenID":0,"NganhNgheTitle":"Sản xuất hàng may sẵn (trừ trang phục)","NganhNgheTitleAscii":"/nganh-nghe/san-xuat-hang-may-san-tru-trang-phuc","DSTags":["2400836307","Bắc Giang",null]},{"Type":11,"SolrID":"/2400833232-cong-ty-tnhh-hhd-vina","ID":0,"MaSoThue":"2400833232","NgayCap":"2018-02-27T00:00:00Z","Title":"Công Ty TNHH Hhd Vina","DiaChiCongTy":"Tổ dân phố Trung 1, Thị Trấn Tân Dân, Huyện Yên Dũng, Tỉnh Bắc Giang","Created":"2018-02-27T17:08:24Z","Updated":"2018-02-27T17:08:24Z","IsDelete":false,"RequestChanged":false,"ExitsInGDT":false,"SourceID":0,"TinhThanhID":0,"TinhThanhTitle":"Bắc Giang","TinhThanhTitleAscii":"/bac-giang","QuanHuyenID":0,"NganhNgheTitle":"Dịch vụ ăn uống khác","NganhNgheTitleAscii":"/nganh-nghe/dich-vu-an-uong-khac","DSTags":["2400833232","Bắc Giang",null]},{"Type":11,"SolrID":"/2400825672-cong-ty-tnhh-to-chuc-su-kien-truyen-thong-va-quang-cao-duc-tung","ID":0,"MaSoThue":"2400825672","NgayCap":"2017-11-17T00:00:00Z","Title":"Công Ty TNHH Tổ Chức Sự Kiện Truyền Thông Và Quảng Cáo Đức Tùng","DiaChiCongTy":"Tổ dân phố Hương, Thị Trấn Tân Dân, Huyện Yên Dũng, Tỉnh Bắc Giang","Created":"2017-11-17T15:35:55Z","Updated":"2017-11-17T15:35:55Z","IsDelete":false,"RequestChanged":false,"ExitsInGDT":false,"SourceID":0,"TinhThanhID":0,"TinhThanhTitle":"Bắc Giang","TinhThanhTitleAscii":"/bac-giang","QuanHuyenID":0,"NganhNgheTitle":"Tổ chức giới thiệu và xúc tiến thương mại","NganhNgheTitleAscii":"/nganh-nghe/to-chuc-gioi-thieu-va-xuc-tien-thuong-mai","DSTags":["2400825672","Bắc Giang",null]},{"Type":11,"SolrID":"/2400817022-cong-ty-tnhh-thiet-bi-cong-nghe-va-xay-dung-duc-phat","ID":0,"MaSoThue":"2400817022","NgayCap":"2017-06-23T00:00:00Z","Title":"Công Ty TNHH Thiết Bị Công Nghệ Và Xây Dựng Đức Phát","DiaChiCongTy":"Phố Tân An , Thị Trấn Tân Dân, Huyện Yên Dũng, Tỉnh Bắc Giang","Created":"2017-06-23T08:08:13Z","Updated":"2017-06-23T08:08:13Z","IsDelete":false,"RequestChanged":false,"ExitsInGDT":false,"SourceID":0,"TinhThanhID":0,"TinhThanhTitle":"Bắc Giang","TinhThanhTitleAscii":"/bac-giang","QuanHuyenID":0,"NganhNgheTitle":"Xây dựng nhà các loại","NganhNgheTitleAscii":"/nganh-nghe/xay-dung-nha-cac-loai","DSTags":["2400817022","Bắc Giang",null]},{"Type":11,"SolrID":"/2400811831-cong-ty-tnhh-dau-tu-xay-dung-va-thuong-mai-thanh-nga","ID":0,"MaSoThue":"2400811831","NgayCap":"2017-03-24T00:00:00Z","Title":"Công Ty TNHH Đầu Tư Xây Dựng Và Thương Mại Thanh Nga","DiaChiCongTy":"Phố Tân An, Thị Trấn Tân Dân, Huyện Yên Dũng, Tỉnh Bắc Giang","Created":"2017-03-24T09:05:00Z","Updated":"2017-03-24T09:05:00Z","IsDelete":false,"RequestChanged":false,"ExitsInGDT":false,"SourceID":0,"TinhThanhID":0,"TinhThanhTitle":"Bắc Giang","TinhThanhTitleAscii":"/bac-giang","QuanHuyenID":0,"NganhNgheTitle":"Bán buôn vật liệu, thiết bị lắp đặt khác trong xây dựng","NganhNgheTitleAscii":"/nganh-nghe/ban-buon-vat-lieu-thiet-bi-lap-dat-khac-trong-xay-dung","DSTags":["2400811831","Bắc Giang",null]},{"Type":11,"SolrID":"/2400807708-cong-ty-tnhh-cph-bac-giang","ID":0,"MaSoThue":"2400807708","NgayCap":"2017-01-10T00:00:00Z","Title":"Công Ty TNHH Cph Bắc Giang","DiaChiCongTy":"Tổ dân phố Trung 2, Thị Trấn Tân Dân, Huyện Yên Dũng, Tỉnh Bắc Giang","Created":"2017-01-10T09:38:03Z","Updated":"2017-01-10T09:38:03Z","IsDelete":false,"RequestChanged":false,"ExitsInGDT":false,"SourceID":0,"TinhThanhID":0,"TinhThanhTitle":"Bắc Giang","TinhThanhTitleAscii":"/bac-giang","QuanHuyenID":0,"NganhNgheTitle":"Sản xuất sản phẩm từ plastic","NganhNgheTitleAscii":"/nganh-nghe/san-xuat-san-pham-tu-plastic","DSTags":["2400807708","Bắc Giang",null]},{"Type":11,"SolrID":"/2400802315-cong-ty-tnhh-an-khanh-van","ID":0,"MaSoThue":"2400802315","NgayCap":"2016-10-25T00:00:00Z","Title":"Công Ty TNHH An Khánh Vân","DiaChiCongTy":"Tổ dân phố Quán Trắng - Thị Trấn Tân Dân - Huyện Yên Dũng - Bắc Giang","Created":"2016-11-01T09:28:01Z","Updated":"2016-11-01T09:28:01Z","IsDelete":false,"RequestChanged":false,"ExitsInGDT":false,"SourceID":0,"TinhThanhID":0,"TinhThanhTitle":"Bắc Giang","TinhThanhTitleAscii":"/bac-giang","QuanHuyenID":0,"NganhNgheTitle":"Sản xuất khác chưa được phân vào đâu","NganhNgheTitleAscii":"/nganh-nghe/san-xuat-khac-chua-duoc-phan-vao-dau","DSTags":["2400802315","Bắc Giang",null]},{"Type":11,"SolrID":"/2400799461-cong-ty-tnhh-van-phong-pham-oanh-son","ID":0,"MaSoThue":"2400799461","NgayCap":"2016-08-23T00:00:00Z","Title":"CôNG TY TNHH VăN PHòNG PHẩM OANH SơN","DiaChiCongTy":"Tổ dân phố Trung 2 - Thị Trấn Tân Dân - Huyện Yên Dũng - Bắc Giang","Created":"2016-08-24T08:45:43Z","Updated":"2016-09-10T15:51:54Z","IsDelete":false,"RequestChanged":false,"ExitsInGDT":false,"SourceID":0,"TinhThanhID":0,"TinhThanhTitle":"Bắc Giang","TinhThanhTitleAscii":"/bac-giang","QuanHuyenID":0,"DSTags":["2400799461","Bắc Giang",null]},{"Type":11,"SolrID":"/2400798316-cong-ty-tnhh-may-tinh-tri-duc","ID":0,"MaSoThue":"2400798316","NgayCap":"2016-07-26T00:00:00Z","Title":"CôNG TY TNHH MáY TíNH TRí ĐứC","DiaChiCongTy":"Tổ dân phố Hương - Thị Trấn Tân Dân - Huyện Yên Dũng - Bắc Giang","Created":"2016-07-27T10:24:11Z","Updated":"2016-09-10T19:51:48Z","IsDelete":false,"RequestChanged":false,"ExitsInGDT":false,"SourceID":0,"TinhThanhID":0,"TinhThanhTitle":"Bắc Giang","TinhThanhTitleAscii":"/bac-giang","QuanHuyenID":0,"DSTags":["2400798316","Bắc Giang",null]},{"Type":11,"SolrID":"/2400793847-cong-ty-tnhh-in-va-quang-cao-viet-thang","ID":0,"MaSoThue":"2400793847","NgayCap":"2016-04-20T00:00:00Z","Title":"Công Ty TNHH In Và Quảng Cáo Việt Thắng","DiaChiCongTy":"Tổ dân phố Trung 02 - Thị Trấn Tân Dân - Huyện Yên Dũng - Bắc Giang","Created":"2016-04-21T11:20:43Z","Updated":"2016-04-21T11:20:43Z","IsDelete":false,"RequestChanged":false,"ExitsInGDT":false,"SourceID":0,"TinhThanhID":0,"TinhThanhTitle":"Bắc Giang","TinhThanhTitleAscii":"/bac-giang","QuanHuyenID":0,"NganhNgheTitle":"In ấn","NganhNgheTitleAscii":"/nganh-nghe/in-an","DSTags":["2400793847","Bắc Giang",null]},{"Type":11,"SolrID":"/2400786906-cong-ty-tnhh-thuong-mai-va-cong-nghiep-nam-huy","ID":0,"MaSoThue":"2400786906","NgayCap":"2016-01-08T00:00:00Z","Title":"Công Ty TNHH Thương Mại Và Công Nghiệp Nam Huy","DiaChiCongTy":"phố Tân An - Thị Trấn Tân Dân - Huyện Yên Dũng - Bắc Giang","Created":"2016-01-12T08:59:00Z","Updated":"2016-01-12T08:59:00Z","IsDelete":false,"RequestChanged":false,"ExitsInGDT":false,"SourceID":0,"TinhThanhID":0,"TinhThanhTitle":"Bắc Giang","TinhThanhTitleAscii":"/bac-giang","QuanHuyenID":0,"NganhNgheTitle":"Bán buôn máy móc, thiết bị và phụ tùng máy khác","NganhNgheTitleAscii":"/nganh-nghe/ban-buon-may-moc-thiet-bi-va-phu-tung-may-khac","DSTags":["2400786906","Bắc Giang",null]},{"Type":11,"SolrID":"/2400766307-hop-tac-xa-dong-phat","ID":0,"MaSoThue":"2400766307","NgayCap":"2015-07-01T00:00:00Z","Title":"HợP TáC Xã ĐồNG PHáT","DiaChiCongTy":"Quán Trắng - Thị Trấn Tân Dân - Huyện Yên Dũng - Bắc Giang","Created":"2015-11-18T18:43:32Z","Updated":"2015-11-18T18:43:32Z","IsDelete":false,"RequestChanged":false,"ExitsInGDT":false,"SourceID":0,"TinhThanhID":0,"TinhThanhTitle":"Bắc Giang","TinhThanhTitleAscii":"/bac-giang","QuanHuyenID":0,"NganhNgheTitle":"Vận tải hành khách đường bộ khác","NganhNgheTitleAscii":"/nganh-nghe/van-tai-hanh-khach-duong-bo-khac","DSTags":["2400766307","Bắc Giang",null]},{"Type":11,"SolrID":"/2400766120-cong-ty-tnhh-dich-vu-an-uong-lanh-ngoc","ID":0,"MaSoThue":"2400766120","NgayCap":"2015-06-24T00:00:00Z","Title":"Công Ty TNHH Dịch Vụ ăn Uống Lanh Ngọc","DiaChiCongTy":"Tổ dân phố Quán Trắng - Thị Trấn Tân Dân - Huyện Yên Dũng - Bắc Giang","Created":"2015-11-18T14:07:24Z","Updated":"2015-11-18T14:07:24Z","IsDelete":false,"RequestChanged":false,"ExitsInGDT":false,"SourceID":0,"TinhThanhID":0,"TinhThanhTitle":"Bắc Giang","TinhThanhTitleAscii":"/bac-giang","QuanHuyenID":0,"NganhNgheTitle":"Chế biến, bảo quản thịt và các sản phẩm từ thịt","NganhNgheTitleAscii":"/nganh-nghe/che-bien-bao-quan-thit-va-cac-san-pham-tu-thit","DSTags":["2400766120","Bắc Giang",null]},{"Type":11,"SolrID":"/2400737923-cong-ty-tnhh-mot-thanh-vien-san-xuat-va-thuong-mai-tan-manh","ID":0,"MaSoThue":"2400737923","NgayCap":"2014-05-26T00:00:00Z","Title":"Công Ty TNHH Một Thành Viên Sản Xuất Và Thương Mại Tấn Mạnh","DiaChiCongTy":"Tổ dân phố Quán Trắng - Thị Trấn Tân Dân - Huyện Yên Dũng - Bắc Giang","Created":"2015-11-09T14:48:29Z","Updated":"2015-11-09T14:48:29Z","IsDelete":false,"RequestChanged":false,"ExitsInGDT":false,"SourceID":0,"TinhThanhID":0,"TinhThanhTitle":"Bắc Giang","TinhThanhTitleAscii":"/bac-giang","QuanHuyenID":0,"NganhNgheTitle":"May trang phục (trừ trang phục từ da lông thú)","NganhNgheTitleAscii":"/nganh-nghe/may-trang-phuc-tru-trang-phuc-tu-da-long-thu","DSTags":["2400737923","Bắc Giang",null]},{"Type":11,"SolrID":"/2400646786-cong-ty-tnhh-mot-thanh-vien-dv-tm-phu-giang","ID":0,"MaSoThue":"2400646786","NgayCap":"2013-07-30T00:00:00Z","Title":"Công Ty TNHH Một Thành Viên Dv & Tm Phú Giang","DiaChiCongTy":"Tổ 4 - Phố Tân An - Thị Trấn Tân Dân - Huyện Yên Dũng - Bắc Giang","Created":"2015-11-16T13:59:55Z","Updated":"2015-11-16T13:59:55Z","IsDelete":false,"RequestChanged":false,"ExitsInGDT":false,"SourceID":0,"TinhThanhID":0,"TinhThanhTitle":"Bắc Giang","TinhThanhTitleAscii":"/bac-giang","QuanHuyenID":0,"NganhNgheTitle":"Bán buôn đồ dùng khác cho gia đình","NganhNgheTitleAscii":"/nganh-nghe/ban-buon-do-dung-khac-cho-gia-dinh","DSTags":["2400646786","Bắc Giang",null]},{"Type":11,"SolrID":"/2400644443-doanh-nghiep-tu-nhan-vang-bac-tuan-hung","ID":0,"MaSoThue":"2400644443","NgayCap":"2013-05-23T00:00:00Z","Title":"Doanh Nghiệp Tư Nhân Vàng Bạc Tuấn Hưng","DiaChiCongTy":"Tổ dân phố Tân An - Thị Trấn Tân Dân - Huyện Yên Dũng - Bắc Giang","Created":"2015-11-17T08:15:35Z","Updated":"2015-11-17T08:15:35Z","IsDelete":false,"RequestChanged":false,"ExitsInGDT":false,"SourceID":0,"TinhThanhID":0,"TinhThanhTitle":"Bắc Giang","TinhThanhTitleAscii":"/bac-giang","QuanHuyenID":0,"NganhNgheTitle":"Bán lẻ vàng, bạc, đá quí và đá bán quí, đồ trang sức trong các cửa hàng chuyên doanh","NganhNgheTitleAscii":"/nganh-nghe/ban-le-vang-bac-da-qui-va-da-ban-qui-do-trang-suc-trong-cac-cua-hang-chuyen-doanh","DSTags":["2400644443","Bắc Giang",null]},{"Type":11,"SolrID":"/2400620996-cong-ty-tnhh-unico-global-vn","ID":0,"MaSoThue":"2400620996","NgayCap":"2012-09-17T00:00:00Z","Title":"Công ty TNHH Unico Global VN","DiaChiCongTy":"- Thị Trấn Tân Dân - Huyện Yên Dũng - Bắc Giang","Created":"2015-11-12T05:25:49Z","Updated":"2015-11-12T05:25:49Z","IsDelete":false,"RequestChanged":false,"ExitsInGDT":false,"SourceID":0,"TinhThanhID":0,"TinhThanhTitle":"Bắc Giang","TinhThanhTitleAscii":"/bac-giang","QuanHuyenID":0,"NganhNgheTitle":"Bán buôn máy móc, thiết bị và phụ tùng máy dệt, may, da giày","NganhNgheTitleAscii":"/nganh-nghe/ban-buon-may-moc-thiet-bi-va-phu-tung-may-det-may-da-giay","DSTags":["2400620996","Bắc Giang",null]},{"Type":11,"SolrID":"/0104637805-001-chi-nhanh-cong-ty-co-phan-san-xuat-thuong-mai-va-dich-vu-anh-quoc-tai-bac-giang","ID":0,"MaSoThue":"0104637805-001","NgayCap":"2012-09-04T00:00:00Z","Title":"Chi Nhánh Công Ty Cổ Phần Sản Xuất Thương Mại Và Dịch Vụ Anh Quốc Tại Bắc Giang","DiaChiCongTy":"Tổ dân phố Thượng - Thị Trấn Tân Dân - Huyện Yên Dũng - Bắc Giang","Created":"2015-11-11T05:11:24Z","Updated":"2015-11-11T05:11:24Z","IsDelete":false,"RequestChanged":false,"ExitsInGDT":false,"SourceID":0,"TinhThanhID":0,"TinhThanhTitle":"Bắc Giang","TinhThanhTitleAscii":"/bac-giang","QuanHuyenID":0,"NganhNgheTitle":"Sản xuất thức ăn gia súc, gia cầm và thuỷ sản","NganhNgheTitleAscii":"/nganh-nghe/san-xuat-thuc-an-gia-suc-gia-cam-va-thuy-san","DSTags":["0104637805-001","Bắc Giang",null]},{"Type":11,"SolrID":"/2400617785-cong-ty-tnhh-cong-nghe-thuc-pham-viet-a","ID":0,"MaSoThue":"2400617785","NgayCap":"2012-08-16T00:00:00Z","Title":"Công Ty TNHH Công Nghệ Thực Phẩm Việt á","DiaChiCongTy":"Khu Quán Trắng - Thị Trấn Tân Dân - Huyện Yên Dũng - Bắc Giang","Created":"2015-11-12T06:44:28Z","Updated":"2015-11-12T06:44:28Z","IsDelete":false,"RequestChanged":false,"ExitsInGDT":false,"SourceID":0,"TinhThanhID":0,"TinhThanhTitle":"Bắc Giang","TinhThanhTitleAscii":"/bac-giang","QuanHuyenID":0,"NganhNgheTitle":"Sản xuất thực phẩm khác chưa được phân vào đâu","NganhNgheTitleAscii":"/nganh-nghe/san-xuat-thuc-pham-khac-chua-duoc-phan-vao-dau","DSTags":["2400617785","Bắc Giang",null]},{"Type":11,"SolrID":"/2400586745-cong-ty-tnhh-mot-thanh-vien-long-anh-bac-giang","ID":0,"MaSoThue":"2400586745","NgayCap":"2012-02-20T00:00:00Z","Title":"Công Ty TNHH Một Thành Viên Long Anh - Bắc Giang","DiaChiCongTy":"Lô 61 làn 2 khu đất mới - Thị Trấn Tân Dân - Huyện Yên Dũng - Bắc Giang","Created":"2015-11-10T02:03:33Z","Updated":"2015-11-10T02:03:33Z","IsDelete":false,"RequestChanged":false,"ExitsInGDT":false,"SourceID":0,"TinhThanhID":0,"TinhThanhTitle":"Bắc Giang","TinhThanhTitleAscii":"/bac-giang","QuanHuyenID":0,"NganhNgheTitle":"Gia công cơ khí; xử lý và tráng phủ kim loại","NganhNgheTitleAscii":"/nganh-nghe/gia-cong-co-khi-xu-ly-va-trang-phu-kim-loai","DSTags":["2400586745","Bắc Giang",null]},{"Type":11,"SolrID":"/0104776485-cong-ty-co-phan-van-tai-xay-dung-va-thuong-mai-trung-nghia","ID":0,"MaSoThue":"0104776485","NgayCap":"2010-06-24T00:00:00Z","Title":"Công Ty Cổ Phần Vận Tải Xây Dựng Và Thương Mại Trung Nghĩa","DiaChiCongTy":"Phố Tân An - Thị Trấn Tân Dân - Huyện Yên Dũng - Bắc Giang","Created":"2015-11-10T11:28:29Z","Updated":"2015-11-10T11:28:29Z","IsDelete":false,"RequestChanged":false,"ExitsInGDT":false,"SourceID":0,"TinhThanhID":0,"TinhThanhTitle":"Bắc Giang","TinhThanhTitleAscii":"/bac-giang","QuanHuyenID":0,"NganhNgheTitle":"Sản xuất sợi","NganhNgheTitleAscii":"/nganh-nghe/san-xuat-soi","DSTags":["0104776485","Bắc Giang",null]},{"Type":11,"SolrID":"/2400496499-cong-ty-tnhh-mot-thanh-vien-trang-hai","ID":0,"MaSoThue":"2400496499","NgayCap":"2010-02-11T00:00:00Z","Title":"Công ty TNHH một thành viên Trang Hải","DiaChiCongTy":"phố Tân Dân - Thị Trấn Tân Dân - Huyện Yên Dũng - Bắc Giang","Created":"2015-11-12T12:29:52Z","Updated":"2015-11-12T12:29:52Z","IsDelete":false,"RequestChanged":false,"ExitsInGDT":false,"SourceID":0,"TinhThanhID":0,"TinhThanhTitle":"Bắc Giang","TinhThanhTitleAscii":"/bac-giang","QuanHuyenID":0,"NganhNgheTitle":"Dịch vụ lưu trú","NganhNgheTitleAscii":"/nganh-nghe/dich-vu-luu-tru","DSTags":["2400496499","Bắc Giang",null]},{"Type":11,"SolrID":"/0104466620-cong-ty-tnhh-dau-tu-xay-dung-va-thuong-mai-dich-vu-phuong-dong","ID":0,"MaSoThue":"0104466620","NgayCap":"2010-02-08T00:00:00Z","Title":"Công Ty TNHH Đầu Tư Xây Dựng Và Thương Mại Dịch Vụ Phương Đông","DiaChiCongTy":"Phố Tân An - Thị Trấn Tân Dân - Huyện Yên Dũng - Bắc Giang","Created":"2015-11-11T09:14:16Z","Updated":"2015-11-11T09:14:16Z","IsDelete":false,"RequestChanged":false,"ExitsInGDT":false,"SourceID":0,"TinhThanhID":0,"TinhThanhTitle":"Bắc Giang","TinhThanhTitleAscii":"/bac-giang","QuanHuyenID":0,"NganhNgheTitle":"Xây dựng nhà các loại","NganhNgheTitleAscii":"/nganh-nghe/xay-dung-nha-cac-loai","DSTags":["0104466620","Bắc Giang",null]},{"Type":11,"SolrID":"/2400492617-cong-ty-tnhh-mot-thanh-vien-long-hung","ID":0,"MaSoThue":"2400492617","NgayCap":"2009-12-22T00:00:00Z","Title":"Công ty TNHH một thành viên Long Hùng","DiaChiCongTy":"phố Tân An, thị trấn Tân Dân - Huyện Yên Dũng - Bắc Giang","Created":"2015-11-13T22:12:33Z","Updated":"2015-11-13T22:12:33Z","IsDelete":false,"RequestChanged":false,"ExitsInGDT":false,"SourceID":0,"TinhThanhID":0,"TinhThanhTitle":"Bắc Giang","TinhThanhTitleAscii":"/bac-giang","QuanHuyenID":0,"NganhNgheTitle":"Bán buôn nhiên liệu rắn, lỏng, khí và các sản phẩm liên quan","NganhNgheTitleAscii":"/nganh-nghe/ban-buon-nhien-lieu-ran-long-khi-va-cac-san-pham-lien-quan","DSTags":["2400492617","Bắc Giang",null]},{"Type":11,"SolrID":"/2400491275-cong-ty-tnhh-unico-global-vn","ID":0,"MaSoThue":"2400491275","NgayCap":"2009-11-30T00:00:00Z","Title":"Công ty TNHH UNICO GLOBAL VN","DiaChiCongTy":"Tân Dân - Thị Trấn Tân Dân - Huyện Yên Dũng - Bắc Giang","Created":"2015-11-12T12:32:09Z","Updated":"2016-05-28T09:44:27Z","IsDelete":false,"RequestChanged":false,"ExitsInGDT":false,"SourceID":0,"TinhThanhID":0,"TinhThanhTitle":"Bắc Giang","TinhThanhTitleAscii":"/bac-giang","QuanHuyenID":0,"NganhNgheTitle":"May trang phục (trừ trang phục từ da lông thú)","NganhNgheTitleAscii":"/nganh-nghe/may-trang-phuc-tru-trang-phuc-tu-da-long-thu","DSTags":["2400491275","Bắc Giang",null]},{"Type":11,"SolrID":"/2400487568-cong-ty-tnhh-mot-thanh-vien-thang-quy","ID":0,"MaSoThue":"2400487568","NgayCap":"2009-10-06T00:00:00Z","Title":"Công ty TNHH một thành viên Thắng Quý","DiaChiCongTy":"phố Tân An, thị trấn Tân Dân - Huyện Yên Dũng - Bắc Giang","Created":"2015-11-12T12:34:44Z","Updated":"2015-11-12T12:34:44Z","IsDelete":false,"RequestChanged":false,"ExitsInGDT":false,"SourceID":0,"TinhThanhID":0,"TinhThanhTitle":"Bắc Giang","TinhThanhTitleAscii":"/bac-giang","QuanHuyenID":0,"NganhNgheTitle":"Vận tải đường bộ khác","NganhNgheTitleAscii":"/nganh-nghe/van-tai-duong-bo-khac","DSTags":["2400487568","Bắc Giang",null]},{"Type":11,"SolrID":"/2400475428-cong-ty-tnhh-mot-thanh-vien-dien-tu-tin-hoc-gia-minh","ID":0,"MaSoThue":"2400475428","NgayCap":"2009-07-17T00:00:00Z","Title":"Công ty TNHH một thành viên điện tử - tin học - Gia Minh","DiaChiCongTy":"phố Tân An, thị trấn Tân Dân - Huyện Yên Dũng - Bắc Giang","Created":"2015-11-12T12:38:42Z","Updated":"2015-11-12T12:38:42Z","IsDelete":false,"RequestChanged":false,"ExitsInGDT":false,"SourceID":0,"TinhThanhID":0,"TinhThanhTitle":"Bắc Giang","TinhThanhTitleAscii":"/bac-giang","QuanHuyenID":0,"NganhNgheTitle":"Bán buôn máy móc, thiết bị và phụ tùng máy","NganhNgheTitleAscii":"/nganh-nghe/ban-buon-may-moc-thiet-bi-va-phu-tung-may","DSTags":["2400475428","Bắc Giang",null]},{"Type":11,"SolrID":"/2400467787-025-truong-tieu-hoc-thi-tran-tan-dan","ID":0,"MaSoThue":"2400467787-025","NgayCap":"2009-07-01T00:00:00Z","Title":"Trương Tiểu học thị trấn Tân Dân","DiaChiCongTy":"thị trấn Tân Dân - Huyện Yên Dũng - Bắc Giang","Created":"2015-11-18T16:02:01Z","Updated":"2015-11-18T16:02:01Z","IsDelete":false,"RequestChanged":false,"ExitsInGDT":false,"SourceID":0,"TinhThanhID":0,"TinhThanhTitle":"Bắc Giang","TinhThanhTitleAscii":"/bac-giang","QuanHuyenID":0,"NganhNgheTitle":"Giáo dục tiểu học","NganhNgheTitleAscii":"/nganh-nghe/giao-duc-tieu-hoc","DSTags":["2400467787-025","Bắc Giang",null]},{"Type":11,"SolrID":"/2400467787-011-truong-trung-hoc-co-so-thi-tran-tan-dan","ID":0,"MaSoThue":"2400467787-011","NgayCap":"2009-06-30T00:00:00Z","Title":"Trường Trung học cơ sở thị trấn Tân Dân","DiaChiCongTy":"thị trấn Tân Dân - Huyện Yên Dũng - Bắc Giang","Created":"2015-11-17T22:24:18Z","Updated":"2015-11-17T22:24:18Z","IsDelete":false,"RequestChanged":false,"ExitsInGDT":false,"SourceID":0,"TinhThanhID":0,"TinhThanhTitle":"Bắc Giang","TinhThanhTitleAscii":"/bac-giang","QuanHuyenID":0,"NganhNgheTitle":"Giáo dục trung học cơ sở và trung học phổ thông","NganhNgheTitleAscii":"/nganh-nghe/giao-duc-trung-hoc-co-so-va-trung-hoc-pho-thong","DSTags":["2400467787-011","Bắc Giang",null]},{"Type":11,"SolrID":"/2400409520-cong-ty-tnhh-mot-thanh-vien-ngoc-hoang","ID":0,"MaSoThue":"2400409520","NgayCap":"2008-09-17T00:00:00Z","Title":"Công ty TNHH một thành viên Ngọc Hoàng","DiaChiCongTy":"đường 299 khu vực chợ Rào, thị trấn Tân Dân - Huyện Yên Dũng - Bắc Giang","Created":"2015-11-12T12:59:55Z","Updated":"2015-11-12T12:59:55Z","IsDelete":false,"RequestChanged":false,"ExitsInGDT":false,"SourceID":0,"TinhThanhID":0,"TinhThanhTitle":"Bắc Giang","TinhThanhTitleAscii":"/bac-giang","QuanHuyenID":0,"NganhNgheTitle":"Vận tải đường bộ khác","NganhNgheTitleAscii":"/nganh-nghe/van-tai-duong-bo-khac","DSTags":["2400409520","Bắc Giang",null]},{"Type":11,"SolrID":"/2400400895-cong-ty-tnhh-lam-long","ID":0,"MaSoThue":"2400400895","NgayCap":"2008-05-15T00:00:00Z","Title":"Công Ty TNHH Lâm Long","DiaChiCongTy":"Tổ dân phố Quán Trắng - Thị Trấn Tân Dân - Huyện Yên Dũng - Bắc Giang","Created":"2015-11-12T13:03:02Z","Updated":"2015-11-12T13:03:02Z","IsDelete":false,"RequestChanged":false,"ExitsInGDT":false,"SourceID":0,"TinhThanhID":0,"TinhThanhTitle":"Bắc Giang","TinhThanhTitleAscii":"/bac-giang","QuanHuyenID":0,"NganhNgheTitle":"Bán buôn vật liệu, thiết bị lắp đặt khác trong xây dựng","NganhNgheTitleAscii":"/nganh-nghe/ban-buon-vat-lieu-thiet-bi-lap-dat-khac-trong-xay-dung","DSTags":["2400400895","Bắc Giang",null]},{"Type":11,"SolrID":"/2400384604-uy-ban-nhan-dan-thi-tran-tan-dan","ID":0,"MaSoThue":"2400384604","NgayCap":"2007-09-20T00:00:00Z","Title":"Uỷ ban nhân dân thị trấn Tân Dân","DiaChiCongTy":"phố Tân An, thị trấn Tân Dân - Thị Trấn Tân Dân - Huyện Yên Dũng - Bắc Giang","Created":"2015-11-16T18:41:00Z","Updated":"2015-11-16T18:41:00Z","IsDelete":false,"RequestChanged":false,"ExitsInGDT":false,"SourceID":0,"TinhThanhID":0,"TinhThanhTitle":"Bắc Giang","TinhThanhTitleAscii":"/bac-giang","QuanHuyenID":0,"NganhNgheTitle":"Hoạt động quản lý nhà nước nói chung và kinh tế tổng hợp","NganhNgheTitleAscii":"/nganh-nghe/hoat-dong-quan-ly-nha-nuoc-noi-chung-va-kinh-te-tong-hop","DSTags":["2400384604","Bắc Giang",null]}]}