{"ID":9334,"SolrID":"/bac-giang/huyen-yen-dung/xa-canh-thuy","Title":"Xã Cảnh Thụy","TinhThanhTitle":"Bắc Giang","QuanHuyenTitle":"Huyện Yên Dũng","QuanHuyenID":354,"TinhThanhID":54,"Url":"https://thongtindoanhnghiep.co/api/company?l=/bac-giang/huyen-yen-dung/xa-canh-thuy","Total":30,"List":[{"Type":11,"SolrID":"/2400904204-cong-ty-tnhh-khanh-nam-group","ID":0,"MaSoThue":"2400904204","NgayCap":"2021-01-26T00:00:00Z","Title":"Công Ty TNHH Khánh Nam Group","DiaChiCongTy":"Thôn Nhất, Xã Cảnh Thụy, Huyện Yên Dũng, Tỉnh Bắc Giang","Created":"2021-01-26T15:37:05Z","Updated":"2021-01-26T15:37:05Z","IsDelete":false,"RequestChanged":false,"ExitsInGDT":false,"SourceID":0,"TinhThanhID":0,"TinhThanhTitle":"Bắc Giang","TinhThanhTitleAscii":"/bac-giang","QuanHuyenID":0,"DSTags":["2400904204","Bắc Giang",null]},{"Type":11,"SolrID":"/2400854320-cong-ty-tnhh-moi-truong-xanh-ngoc-tan","ID":0,"MaSoThue":"2400854320","NgayCap":"2018-12-17T00:00:00Z","Title":"Công Ty TNHH Môi Trường Xanh Ngọc Tân","DiaChiCongTy":"Thôn Nhất, Xã Cảnh Thụy, Huyện Yên Dũng, Tỉnh Bắc Giang","Created":"2018-12-17T10:34:41Z","Updated":"2018-12-17T10:34:41Z","IsDelete":false,"RequestChanged":false,"ExitsInGDT":false,"SourceID":0,"TinhThanhID":0,"TinhThanhTitle":"Bắc Giang","TinhThanhTitleAscii":"/bac-giang","QuanHuyenID":0,"NganhNgheTitle":"Bán buôn chuyên doanh khác chưa được phân vào đâu","NganhNgheTitleAscii":"/nganh-nghe/ban-buon-chuyen-doanh-khac-chua-duoc-phan-vao-dau","DSTags":["2400854320","Bắc Giang",null]},{"Type":11,"SolrID":"/2400836120-cong-ty-tnhh-lg-tech-vina","ID":0,"MaSoThue":"2400836120","NgayCap":"2018-04-13T00:00:00Z","Title":"Công Ty TNHH Lg Tech Vina","DiaChiCongTy":"Thôn Đông, Xã Cảnh Thụy, Huyện Yên Dũng, Tỉnh Bắc Giang","Created":"2018-04-13T14:44:51Z","Updated":"2018-04-13T14:44:51Z","IsDelete":false,"RequestChanged":false,"ExitsInGDT":false,"SourceID":0,"TinhThanhID":0,"TinhThanhTitle":"Bắc Giang","TinhThanhTitleAscii":"/bac-giang","QuanHuyenID":0,"NganhNgheTitle":"Sản xuất linh kiện điện tử","NganhNgheTitleAscii":"/nganh-nghe/san-xuat-linh-kien-dien-tu","DSTags":["2400836120","Bắc Giang",null]},{"Type":11,"SolrID":"/2400824358-cong-ty-tnhh-thai-eco","ID":0,"MaSoThue":"2400824358","NgayCap":"2017-10-26T00:00:00Z","Title":"Công Ty TNHH Thái Eco","DiaChiCongTy":"Thôn Bẩy, Xã Cảnh Thụy, Huyện Yên Dũng, Tỉnh Bắc Giang","Created":"2017-10-26T10:36:59Z","Updated":"2017-10-26T10:36:59Z","IsDelete":false,"RequestChanged":false,"ExitsInGDT":false,"SourceID":0,"TinhThanhID":0,"TinhThanhTitle":"Bắc Giang","TinhThanhTitleAscii":"/bac-giang","QuanHuyenID":0,"NganhNgheTitle":"Bán buôn nông, lâm sản nguyên liệu (trừ gỗ, tre, nứa) và động vật sống","NganhNgheTitleAscii":"/nganh-nghe/ban-buon-nong-lam-san-nguyen-lieu-tru-go-tre-nua-va-dong-vat-song","DSTags":["2400824358","Bắc Giang",null]},{"Type":11,"SolrID":"/2400817488-cong-ty-co-phan-thuong-mai-dvth-du-lich-thien-an","ID":0,"MaSoThue":"2400817488","NgayCap":"2017-06-28T00:00:00Z","Title":"Công Ty Cổ Phần Thương Mại Dvth Du Lịch Thiên An","DiaChiCongTy":"Thôn Nhất, Xã Cảnh Thụy, Huyện Yên Dũng, Tỉnh Bắc Giang","Created":"2017-06-28T09:38:40Z","Updated":"2017-06-28T09:38:40Z","IsDelete":false,"RequestChanged":false,"ExitsInGDT":false,"SourceID":0,"TinhThanhID":0,"TinhThanhTitle":"Bắc Giang","TinhThanhTitleAscii":"/bac-giang","QuanHuyenID":0,"NganhNgheTitle":"Điều hành tua du lịch","NganhNgheTitleAscii":"/nganh-nghe/dieu-hanh-tua-du-lich","DSTags":["2400817488","Bắc Giang",null]},{"Type":11,"SolrID":"/2400816974-cong-ty-tnhh-dien-tu-dien-lanh-phuong-nam","ID":0,"MaSoThue":"2400816974","NgayCap":"2017-06-22T00:00:00Z","Title":"Công Ty TNHH Điện Tử Điện Lạnh Phương Nam","DiaChiCongTy":"Thôn Bình Voi, Xã Cảnh Thụy, Huyện Yên Dũng, Tỉnh Bắc Giang","Created":"2017-06-22T09:08:27Z","Updated":"2017-06-22T09:08:27Z","IsDelete":false,"RequestChanged":false,"ExitsInGDT":false,"SourceID":0,"TinhThanhID":0,"TinhThanhTitle":"Bắc Giang","TinhThanhTitleAscii":"/bac-giang","QuanHuyenID":0,"NganhNgheTitle":"Bán buôn đồ dùng khác cho gia đình","NganhNgheTitleAscii":"/nganh-nghe/ban-buon-do-dung-khac-cho-gia-dinh","DSTags":["2400816974","Bắc Giang",null]},{"Type":11,"SolrID":"/2400798323-cong-ty-tnhh-dynamis-viet-nam","ID":0,"MaSoThue":"2400798323","NgayCap":"2016-07-26T00:00:00Z","Title":"CôNG TY TNHH DYNAMIS VIệT NAM","DiaChiCongTy":"Thôn Tân Mỹ - Xã Cảnh Thụy - Huyện Yên Dũng - Bắc Giang","Created":"2016-07-27T10:23:32Z","Updated":"2016-09-10T19:51:50Z","IsDelete":false,"RequestChanged":false,"ExitsInGDT":false,"SourceID":0,"TinhThanhID":0,"TinhThanhTitle":"Bắc Giang","TinhThanhTitleAscii":"/bac-giang","QuanHuyenID":0,"DSTags":["2400798323","Bắc Giang",null]},{"Type":11,"SolrID":"/2400794872-cong-ty-tnhh-quoc-te-bao-phat","ID":0,"MaSoThue":"2400794872","NgayCap":"2016-05-10T00:00:00Z","Title":"Công Ty TNHH Quốc Tế Bảo Phát","DiaChiCongTy":"Lô số 04, Xóm Đông - Xã Cảnh Thụy - Huyện Yên Dũng - Bắc Giang","Created":"2016-05-13T04:54:49Z","Updated":"2016-05-13T04:54:49Z","IsDelete":false,"RequestChanged":false,"ExitsInGDT":false,"SourceID":0,"TinhThanhID":0,"TinhThanhTitle":"Bắc Giang","TinhThanhTitleAscii":"/bac-giang","QuanHuyenID":0,"NganhNgheTitle":"Vận tải hàng hóa bằng đường bộ","NganhNgheTitleAscii":"/nganh-nghe/van-tai-hang-hoa-bang-duong-bo","DSTags":["2400794872","Bắc Giang",null]},{"Type":11,"SolrID":"/2400789914-cong-ty-tnhh-thuy-san-van-son","ID":0,"MaSoThue":"2400789914","NgayCap":"2016-02-25T00:00:00Z","Title":"Công Ty TNHH Thủy Sản Văn Sơn","DiaChiCongTy":"Thôn Bẩy - Xã Cảnh Thụy - Huyện Yên Dũng - Bắc Giang","Created":"2016-03-01T17:41:19Z","Updated":"2016-03-01T17:41:19Z","IsDelete":false,"RequestChanged":false,"ExitsInGDT":false,"SourceID":0,"TinhThanhID":0,"TinhThanhTitle":"Bắc Giang","TinhThanhTitleAscii":"/bac-giang","QuanHuyenID":0,"NganhNgheTitle":"Bán buôn thủy sản","NganhNgheTitleAscii":"/nganh-nghe/ban-buon-thuy-san","DSTags":["2400789914","Bắc Giang",null]},{"Type":11,"SolrID":"/2400784828-truong-thpt-dan-lap-quang-trung-yen-dung","ID":0,"MaSoThue":"2400784828","NgayCap":"2015-12-28T00:00:00Z","Title":"Trường THPT Dân lập Quang Trung - Yên Dũng","DiaChiCongTy":"Cảnh Thụy - Xã Cảnh Thụy - Huyện Yên Dũng - Bắc Giang","Created":"2015-12-29T10:35:10Z","Updated":"2015-12-29T10:35:10Z","IsDelete":false,"RequestChanged":false,"ExitsInGDT":false,"SourceID":0,"TinhThanhID":0,"TinhThanhTitle":"Bắc Giang","TinhThanhTitleAscii":"/bac-giang","QuanHuyenID":0,"NganhNgheTitle":"Giáo dục trung học cơ sở và trung học phổ thông","NganhNgheTitleAscii":"/nganh-nghe/giao-duc-trung-hoc-co-so-va-trung-hoc-pho-thong","DSTags":["2400784828","Bắc Giang",null]},{"Type":11,"SolrID":"/2400765141-cong-ty-tnhh-tuan-anh-van","ID":0,"MaSoThue":"2400765141","NgayCap":"2015-05-28T00:00:00Z","Title":"Công Ty TNHH Tuấn Anh Vân","DiaChiCongTy":"Thôn Nhất - Xã Cảnh Thụy - Huyện Yên Dũng - Bắc Giang","Created":"2015-11-18T04:35:40Z","Updated":"2015-11-18T04:35:40Z","IsDelete":false,"RequestChanged":false,"ExitsInGDT":false,"SourceID":0,"TinhThanhID":0,"TinhThanhTitle":"Bắc Giang","TinhThanhTitleAscii":"/bac-giang","QuanHuyenID":0,"NganhNgheTitle":"Cung ứng và quản lý nguồn lao động trong nước","NganhNgheTitleAscii":"/nganh-nghe/cung-ung-va-quan-ly-nguon-lao-dong-trong-nuoc","DSTags":["2400765141","Bắc Giang",null]},{"Type":11,"SolrID":"/2400742994-cong-ty-tnhh-thuy-san-khanh-ha","ID":0,"MaSoThue":"2400742994","NgayCap":"2014-11-03T00:00:00Z","Title":"Công Ty TNHH Thủy Sản Khánh Hà","DiaChiCongTy":"Thôn Bẩy - Xã Cảnh Thụy - Huyện Yên Dũng - Bắc Giang","Created":"2015-11-11T05:46:56Z","Updated":"2015-11-11T05:46:56Z","IsDelete":false,"RequestChanged":false,"ExitsInGDT":false,"SourceID":0,"TinhThanhID":0,"TinhThanhTitle":"Bắc Giang","TinhThanhTitleAscii":"/bac-giang","QuanHuyenID":0,"NganhNgheTitle":"Bán buôn thủy sản","NganhNgheTitleAscii":"/nganh-nghe/ban-buon-thuy-san","DSTags":["2400742994","Bắc Giang",null]},{"Type":11,"SolrID":"/2400738684-cong-ty-tnhh-dao-tao-nhan-luc-hdi-quang-vinh","ID":0,"MaSoThue":"2400738684","NgayCap":"2014-06-20T00:00:00Z","Title":"Công Ty TNHH Đào Tạo Nhân Lực - Hdi Quang Vinh","DiaChiCongTy":"Xóm Nhất - Xã Cảnh Thụy - Huyện Yên Dũng - Bắc Giang","Created":"2015-11-09T14:06:04Z","Updated":"2015-11-09T14:06:04Z","IsDelete":false,"RequestChanged":false,"ExitsInGDT":false,"SourceID":0,"TinhThanhID":0,"TinhThanhTitle":"Bắc Giang","TinhThanhTitleAscii":"/bac-giang","QuanHuyenID":0,"NganhNgheTitle":"Giáo dục nghề nghiệp","NganhNgheTitleAscii":"/nganh-nghe/giao-duc-nghe-nghiep","DSTags":["2400738684","Bắc Giang",null]},{"Type":11,"SolrID":"/2400645574-cong-ty-tnhh-mot-thanh-vien-thuy-san-tuan-kiet","ID":0,"MaSoThue":"2400645574","NgayCap":"2013-06-26T00:00:00Z","Title":"Công Ty TNHH Một Thành Viên Thủy Sản Tuấn Kiệt","DiaChiCongTy":"Xóm 7 - Xã Cảnh Thụy - Huyện Yên Dũng - Bắc Giang","Created":"2015-11-16T21:24:01Z","Updated":"2015-11-16T21:24:01Z","IsDelete":false,"RequestChanged":false,"ExitsInGDT":false,"SourceID":0,"TinhThanhID":0,"TinhThanhTitle":"Bắc Giang","TinhThanhTitleAscii":"/bac-giang","QuanHuyenID":0,"NganhNgheTitle":"Khai thác thuỷ sản nội địa","NganhNgheTitleAscii":"/nganh-nghe/khai-thac-thuy-san-noi-dia","DSTags":["2400645574","Bắc Giang",null]},{"Type":11,"SolrID":"/2400640262-cong-ty-tnhh-mot-thanh-vien-to-chuc-su-kien-nham-bien","ID":0,"MaSoThue":"2400640262","NgayCap":"2013-03-19T00:00:00Z","Title":"Công Ty TNHH Một Thành Viên Tổ Chức Sự Kiện Nham Biền","DiaChiCongTy":"Xóm Bảy - Xã Cảnh Thụy - Huyện Yên Dũng - Bắc Giang","Created":"2015-11-11T23:56:42Z","Updated":"2015-11-11T23:56:42Z","IsDelete":false,"RequestChanged":false,"ExitsInGDT":false,"SourceID":0,"TinhThanhID":0,"TinhThanhTitle":"Bắc Giang","TinhThanhTitleAscii":"/bac-giang","QuanHuyenID":0,"NganhNgheTitle":"Tổ chức giới thiệu và xúc tiến thương mại","NganhNgheTitleAscii":"/nganh-nghe/to-chuc-gioi-thieu-va-xuc-tien-thuong-mai","DSTags":["2400640262","Bắc Giang",null]},{"Type":11,"SolrID":"/2400617030-truong-thpt-yen-dung-so-3","ID":0,"MaSoThue":"2400617030","NgayCap":"2012-08-07T00:00:00Z","Title":"Trường THPT Yên Dũng số 3","DiaChiCongTy":"Xã Cảnh Thụy - Xã Cảnh Thụy - Huyện Yên Dũng - Bắc Giang","Created":"2015-11-17T07:40:13Z","Updated":"2015-11-17T07:40:13Z","IsDelete":false,"RequestChanged":false,"ExitsInGDT":false,"SourceID":0,"TinhThanhID":0,"TinhThanhTitle":"Bắc Giang","TinhThanhTitleAscii":"/bac-giang","QuanHuyenID":0,"NganhNgheTitle":"Giáo dục trung học cơ sở và trung học phổ thông","NganhNgheTitleAscii":"/nganh-nghe/giao-duc-trung-hoc-co-so-va-trung-hoc-pho-thong","DSTags":["2400617030","Bắc Giang",null]},{"Type":11,"SolrID":"/2400615770-cong-ty-tnhh-xay-dung-ydc","ID":0,"MaSoThue":"2400615770","NgayCap":"2012-07-26T00:00:00Z","Title":"Công Ty TNHH Xây Dựng Ydc","DiaChiCongTy":"Thôn Bình Voi - Xã Cảnh Thụy - Huyện Yên Dũng - Bắc Giang","Created":"2015-11-12T06:46:42Z","Updated":"2015-11-12T06:46:42Z","IsDelete":false,"RequestChanged":false,"ExitsInGDT":false,"SourceID":0,"TinhThanhID":0,"TinhThanhTitle":"Bắc Giang","TinhThanhTitleAscii":"/bac-giang","QuanHuyenID":0,"NganhNgheTitle":"Xây dựng nhà các loại","NganhNgheTitleAscii":"/nganh-nghe/xay-dung-nha-cac-loai","DSTags":["2400615770","Bắc Giang",null]},{"Type":11,"SolrID":"/2400605412-cong-ty-tnhh-mot-thanh-vien-vina-thanh-dat","ID":0,"MaSoThue":"2400605412","NgayCap":"2012-05-14T00:00:00Z","Title":"Công Ty TNHH Một Thành Viên Vina Thành Đạt","DiaChiCongTy":"Phố Chùa - Xã Cảnh Thụy - Huyện Yên Dũng - Bắc Giang","Created":"2015-11-10T02:01:13Z","Updated":"2015-11-10T02:01:13Z","IsDelete":false,"RequestChanged":false,"ExitsInGDT":false,"SourceID":0,"TinhThanhID":0,"TinhThanhTitle":"Bắc Giang","TinhThanhTitleAscii":"/bac-giang","QuanHuyenID":0,"NganhNgheTitle":"Cung ứng và quản lý nguồn lao động","NganhNgheTitleAscii":"/nganh-nghe/cung-ung-va-quan-ly-nguon-lao-dong","DSTags":["2400605412","Bắc Giang",null]},{"Type":11,"SolrID":"/2400573489-cong-ty-tnhh-mot-thanh-vien-thuong-mai-va-dich-vu-anh-thu","ID":0,"MaSoThue":"2400573489","NgayCap":"2011-11-11T00:00:00Z","Title":"Công Ty TNHH Một Thành Viên Thương Mại Và Dịch Vụ Anh Thư","DiaChiCongTy":"Thôn Bình Voi - Xã Cảnh Thụy - Huyện Yên Dũng - Bắc Giang","Created":"2015-11-10T02:02:51Z","Updated":"2015-11-10T02:02:51Z","IsDelete":false,"RequestChanged":false,"ExitsInGDT":false,"SourceID":0,"TinhThanhID":0,"TinhThanhTitle":"Bắc Giang","TinhThanhTitleAscii":"/bac-giang","QuanHuyenID":0,"NganhNgheTitle":"Xây dựng nhà các loại","NganhNgheTitleAscii":"/nganh-nghe/xay-dung-nha-cac-loai","DSTags":["2400573489","Bắc Giang",null]},{"Type":11,"SolrID":"/2400492624-cong-ty-tnhh-mot-thanh-vien-san-xuat-va-dich-vu-thuong-mai-thien-phong-vu","ID":0,"MaSoThue":"2400492624","NgayCap":"2009-12-22T00:00:00Z","Title":"Công ty TNHH một thành viên sản xuất và dịch vụ thương mại Thiên Phong Vũ","DiaChiCongTy":"Thôn Bình Voi, xã Cảnh Thuỵ - Huyện Yên Dũng - Bắc Giang","Created":"2015-11-12T12:31:11Z","Updated":"2015-11-12T12:31:11Z","IsDelete":false,"RequestChanged":false,"ExitsInGDT":false,"SourceID":0,"TinhThanhID":0,"TinhThanhTitle":"Bắc Giang","TinhThanhTitleAscii":"/bac-giang","QuanHuyenID":0,"NganhNgheTitle":"Sản xuất đồ uống không cồn","NganhNgheTitleAscii":"/nganh-nghe/san-xuat-do-uong-khong-con","DSTags":["2400492624","Bắc Giang",null]},{"Type":11,"SolrID":"/2400467787-041-truong-tieu-hoc-canh-thuy","ID":0,"MaSoThue":"2400467787-041","NgayCap":"2009-08-07T00:00:00Z","Title":"Trường Tiểu học Cảnh Thuỵ","DiaChiCongTy":"Xóm Nhất - xã Cảnh thuỵ - Huyện Yên Dũng - Bắc Giang","Created":"2015-11-17T22:24:44Z","Updated":"2015-11-17T22:24:44Z","IsDelete":false,"RequestChanged":false,"ExitsInGDT":false,"SourceID":0,"TinhThanhID":0,"TinhThanhTitle":"Bắc Giang","TinhThanhTitleAscii":"/bac-giang","QuanHuyenID":0,"NganhNgheTitle":"Giáo dục tiểu học","NganhNgheTitleAscii":"/nganh-nghe/giao-duc-tieu-hoc","DSTags":["2400467787-041","Bắc Giang",null]},{"Type":11,"SolrID":"/2400469199-hop-tac-xa-tieu-thu-dien-nang-xa-canh-thuy","ID":0,"MaSoThue":"2400469199","NgayCap":"2009-07-06T00:00:00Z","Title":"Hợp tác xã tiêu thụ điện năng xã Cảnh Thuỵ","DiaChiCongTy":"Trụ sở UBND xã Cảnh Thuỵ - Huyện Yên Dũng - Bắc Giang","Created":"2015-11-16T22:45:36Z","Updated":"2015-11-16T22:45:36Z","IsDelete":false,"RequestChanged":false,"ExitsInGDT":false,"SourceID":0,"TinhThanhID":0,"TinhThanhTitle":"Bắc Giang","TinhThanhTitleAscii":"/bac-giang","QuanHuyenID":0,"NganhNgheTitle":"Hoạt động dịch vụ hỗ trợ kinh doanh khác chưa được phân vào đâu","NganhNgheTitleAscii":"/nganh-nghe/hoat-dong-dich-vu-ho-tro-kinh-doanh-khac-chua-duoc-phan-vao-dau","DSTags":["2400469199","Bắc Giang",null]},{"Type":11,"SolrID":"/2400467787-018-truong-trung-hoc-co-so-canh-thuy","ID":0,"MaSoThue":"2400467787-018","NgayCap":"2009-07-01T00:00:00Z","Title":"Trường Trung học cơ sở Cảnh Thuỵ","DiaChiCongTy":"Thôn Nhất - xã Cảnh Thuỵ - Huyện Yên Dũng - Bắc Giang","Created":"2015-11-17T22:24:24Z","Updated":"2015-11-17T22:24:24Z","IsDelete":false,"RequestChanged":false,"ExitsInGDT":false,"SourceID":0,"TinhThanhID":0,"TinhThanhTitle":"Bắc Giang","TinhThanhTitleAscii":"/bac-giang","QuanHuyenID":0,"NganhNgheTitle":"Giáo dục trung học cơ sở và trung học phổ thông","NganhNgheTitleAscii":"/nganh-nghe/giao-duc-trung-hoc-co-so-va-trung-hoc-pho-thong","DSTags":["2400467787-018","Bắc Giang",null]},{"Type":11,"SolrID":"/2400451272-phong-van-phong","ID":0,"MaSoThue":"2400451272","NgayCap":"2009-05-07T00:00:00Z","Title":"Phòng Văn Phong","DiaChiCongTy":"Thôn Bẩy- xã Cảnh Thuỵ - Huyện Yên Dũng - Bắc Giang","Created":"2015-11-17T22:22:33Z","Updated":"2015-11-17T22:22:33Z","IsDelete":false,"RequestChanged":false,"ExitsInGDT":false,"SourceID":0,"TinhThanhID":0,"TinhThanhTitle":"Bắc Giang","TinhThanhTitleAscii":"/bac-giang","QuanHuyenID":0,"NganhNgheTitle":"NÔNG NGHIỆP, LÂM NGHIỆP VÀ THUỶ SẢN","NganhNgheTitleAscii":"/nganh-nghe/nong-nghiep-lam-nghiep-va-thuy-san","DSTags":["2400451272","Bắc Giang",null]},{"Type":11,"SolrID":"/2400398371-cong-ty-tnhh-habok","ID":0,"MaSoThue":"2400398371","NgayCap":"2008-04-11T00:00:00Z","Title":"Công ty TNHH HABOK","DiaChiCongTy":"Xã Cảnh Thụy - Huyện Yên Dũng - Bắc Giang","Created":"2015-11-11T18:06:22Z","Updated":"2015-11-11T18:06:22Z","IsDelete":false,"RequestChanged":false,"ExitsInGDT":false,"SourceID":0,"TinhThanhID":0,"TinhThanhTitle":"Bắc Giang","TinhThanhTitleAscii":"/bac-giang","QuanHuyenID":0,"NganhNgheTitle":"Sản xuất khác chưa được phân vào đâu","NganhNgheTitleAscii":"/nganh-nghe/san-xuat-khac-chua-duoc-phan-vao-dau","DSTags":["2400398371","Bắc Giang",null]},{"Type":11,"SolrID":"/2400395740-cong-ty-tnhh-hoa-linh","ID":0,"MaSoThue":"2400395740","NgayCap":"2008-01-31T00:00:00Z","Title":"Công ty TNHH Hoa Linh","DiaChiCongTy":"Xóm Dưới, xã Cảnh Thụy - Huyện Yên Dũng - Bắc Giang","Created":"2015-11-12T12:29:27Z","Updated":"2015-11-12T12:29:27Z","IsDelete":false,"RequestChanged":false,"ExitsInGDT":false,"SourceID":0,"TinhThanhID":0,"TinhThanhTitle":"Bắc Giang","TinhThanhTitleAscii":"/bac-giang","QuanHuyenID":0,"NganhNgheTitle":"Vận tải đường bộ khác","NganhNgheTitleAscii":"/nganh-nghe/van-tai-duong-bo-khac","DSTags":["2400395740","Bắc Giang",null]},{"Type":11,"SolrID":"/2400389352-cong-ty-tnhh-samku-vina","ID":0,"MaSoThue":"2400389352","NgayCap":"2007-11-22T00:00:00Z","Title":"Công ty TNHH SAMKU VINA","DiaChiCongTy":"Xã Cảnh Thụy - Huyện Yên Dũng - Bắc Giang","Created":"2015-11-12T12:32:34Z","Updated":"2015-11-12T12:32:34Z","IsDelete":false,"RequestChanged":false,"ExitsInGDT":false,"SourceID":0,"TinhThanhID":0,"TinhThanhTitle":"Bắc Giang","TinhThanhTitleAscii":"/bac-giang","QuanHuyenID":0,"NganhNgheTitle":"May trang phục (trừ trang phục từ da lông thú)","NganhNgheTitleAscii":"/nganh-nghe/may-trang-phuc-tru-trang-phuc-tu-da-long-thu","DSTags":["2400389352","Bắc Giang",null]},{"Type":11,"SolrID":"/2400389306-cong-ty-tnhh-mot-thanh-vien-thuong-mai-nhat-minh","ID":0,"MaSoThue":"2400389306","NgayCap":"2007-11-21T00:00:00Z","Title":"Công Ty TNHH Một Thành Viên  Thương Mại Nhật Minh","DiaChiCongTy":"xóm Nhất - Xã Cảnh Thụy - Huyện Yên Dũng - Bắc Giang","Created":"2015-11-12T12:32:37Z","Updated":"2015-11-12T12:32:37Z","IsDelete":false,"RequestChanged":false,"ExitsInGDT":false,"SourceID":0,"TinhThanhID":0,"TinhThanhTitle":"Bắc Giang","TinhThanhTitleAscii":"/bac-giang","QuanHuyenID":0,"NganhNgheTitle":"Bán buôn thiết bị và linh kiện điện tử, viễn thông","NganhNgheTitleAscii":"/nganh-nghe/ban-buon-thiet-bi-va-linh-kien-dien-tu-vien-thong","DSTags":["2400389306","Bắc Giang",null]},{"Type":11,"SolrID":"/2400352289-cong-ty-tnhh-cung-ung-nhan-luc-vu-tien","ID":0,"MaSoThue":"2400352289","NgayCap":"2006-03-12T00:00:00Z","Title":"Công Ty TNHH Cung Ứng Nhân Lực Vũ Tiến","DiaChiCongTy":"Thôn Bẩy, Xã Cảnh Thụy, Huyện Yên Dũng, Tỉnh Bắc Giang","Created":"2018-05-07T15:21:13Z","Updated":"2018-05-07T15:21:13Z","IsDelete":false,"RequestChanged":false,"ExitsInGDT":false,"SourceID":0,"TinhThanhID":0,"TinhThanhTitle":"Bắc Giang","TinhThanhTitleAscii":"/bac-giang","QuanHuyenID":0,"DSTags":["2400352289","Bắc Giang",null]},{"Type":11,"SolrID":"/2400211150-ubnd-xa-canh-thuy","ID":0,"MaSoThue":"2400211150","NgayCap":"1998-11-23T00:00:00Z","Title":"UBND Xã Cảnh Thụy","DiaChiCongTy":"Xã Cảnh Thụy - Huyện Yên Dũng - Bắc Giang","Created":"2015-11-16T06:33:54Z","Updated":"2015-11-16T06:33:54Z","IsDelete":false,"RequestChanged":false,"ExitsInGDT":false,"SourceID":0,"TinhThanhID":0,"TinhThanhTitle":"Bắc Giang","TinhThanhTitleAscii":"/bac-giang","QuanHuyenID":0,"NganhNgheTitle":"Hoạt động tài chính khác","NganhNgheTitleAscii":"/nganh-nghe/hoat-dong-tai-chinh-khac","DSTags":["2400211150","Bắc Giang",null]}]}