{"ID":3888,"SolrID":"/bac-giang/huyen-yen-dung/xa-duc-giang","Title":"Xã Đức Giang","TinhThanhTitle":"Bắc Giang","QuanHuyenTitle":"Huyện Yên Dũng","QuanHuyenID":354,"TinhThanhID":54,"Url":"https://thongtindoanhnghiep.co/api/company?l=/bac-giang/huyen-yen-dung/xa-duc-giang","Total":21,"List":[{"Type":11,"SolrID":"/2400845319-cong-ty-tnhh-y-te-duc-giang-ha-noi","ID":0,"MaSoThue":"2400845319","NgayCap":"2018-08-10T00:00:00Z","Title":"Công Ty TNHH Y Tế Đức Giang - Hà Nội","DiaChiCongTy":"Thôn Mồ, Xã Đức Giang, Huyện Yên Dũng, Tỉnh Bắc Giang","Created":"2018-08-10T14:34:59Z","Updated":"2018-08-10T14:34:59Z","IsDelete":false,"RequestChanged":false,"ExitsInGDT":false,"SourceID":0,"TinhThanhID":0,"TinhThanhTitle":"Bắc Giang","TinhThanhTitleAscii":"/bac-giang","QuanHuyenID":0,"NganhNgheTitle":"Hoạt động của các phòng khám đa khoa, chuyên khoa và nha khoa","NganhNgheTitleAscii":"/nganh-nghe/hoat-dong-cua-cac-phong-kham-da-khoa-chuyen-khoa-va-nha-khoa","DSTags":["2400845319","Bắc Giang",null]},{"Type":11,"SolrID":"/2400834677-cong-ty-tnhh-thanh-phuong-yen-dung","ID":0,"MaSoThue":"2400834677","NgayCap":"2018-03-26T00:00:00Z","Title":"Công Ty TNHH Thanh Phương Yên Dũng","DiaChiCongTy":"Thôn Trung Sơn, Xã Đức Giang, Huyện Yên Dũng, Tỉnh Bắc Giang","Created":"2018-03-26T09:38:03Z","Updated":"2018-03-26T09:38:03Z","IsDelete":false,"RequestChanged":false,"ExitsInGDT":false,"SourceID":0,"TinhThanhID":0,"TinhThanhTitle":"Bắc Giang","TinhThanhTitleAscii":"/bac-giang","QuanHuyenID":0,"NganhNgheTitle":"Bán buôn nhiên liệu rắn, lỏng, khí và các sản phẩm liên quan","NganhNgheTitleAscii":"/nganh-nghe/ban-buon-nhien-lieu-ran-long-khi-va-cac-san-pham-lien-quan","DSTags":["2400834677","Bắc Giang",null]},{"Type":11,"SolrID":"/2400830584-cong-ty-tnhh-dau-tu-thuong-mai-va-xuat-nhap-khau-son-ha","ID":0,"MaSoThue":"2400830584","NgayCap":"2018-01-15T00:00:00Z","Title":"Công Ty TNHH Đầu Tư Thương Mại Và Xuất Nhập Khẩu Sơn Hà","DiaChiCongTy":"Thôn Cát, Xã Đức Giang, Huyện Yên Dũng, Tỉnh Bắc Giang","Created":"2018-01-15T12:02:56Z","Updated":"2018-01-15T12:02:56Z","IsDelete":false,"RequestChanged":false,"ExitsInGDT":false,"SourceID":0,"TinhThanhID":0,"TinhThanhTitle":"Bắc Giang","TinhThanhTitleAscii":"/bac-giang","QuanHuyenID":0,"NganhNgheTitle":"Bán buôn vật liệu, thiết bị lắp đặt khác trong xây dựng","NganhNgheTitleAscii":"/nganh-nghe/ban-buon-vat-lieu-thiet-bi-lap-dat-khac-trong-xay-dung","DSTags":["2400830584","Bắc Giang",null]},{"Type":11,"SolrID":"/2400830471-cong-ty-tnhh-alibaba-tien-hung","ID":0,"MaSoThue":"2400830471","NgayCap":"2018-01-09T00:00:00Z","Title":"Công Ty TNHH Alibaba Tiên Hưng","DiaChiCongTy":"Thôn Tiên La, Xã Đức Giang, Huyện Yên Dũng, Tỉnh Bắc Giang","Created":"2018-01-10T09:02:32Z","Updated":"2018-01-10T09:02:32Z","IsDelete":false,"RequestChanged":false,"ExitsInGDT":false,"SourceID":0,"TinhThanhID":0,"TinhThanhTitle":"Bắc Giang","TinhThanhTitleAscii":"/bac-giang","QuanHuyenID":0,"NganhNgheTitle":"Bán lẻ lương thực, thực phẩm, đồ uống, thuốc lá, thuốc lào chiếm tỷ trọng lớn trong các cửa hàng kinh doanh tổng hợp","NganhNgheTitleAscii":"/nganh-nghe/ban-le-luong-thuc-thuc-pham-do-uong-thuoc-la-thuoc-lao-chiem-ty-trong-lon-trong-cac-cua-hang-kinh-doanh-tong-hop","DSTags":["2400830471","Bắc Giang",null]},{"Type":11,"SolrID":"/2400829571-cong-ty-tnhh-phan-phoi-hang-tieu-dung-bac-giang","ID":0,"MaSoThue":"2400829571","NgayCap":"2018-01-02T00:00:00Z","Title":"Công Ty TNHH Phân Phối Hàng Tiêu Dùng Bắc Giang","DiaChiCongTy":"Thôn Hồng Giang, Xã Đức Giang, Huyện Yên Dũng, Tỉnh Bắc Giang","Created":"2018-01-02T14:40:38Z","Updated":"2018-01-02T14:40:38Z","IsDelete":false,"RequestChanged":false,"ExitsInGDT":false,"SourceID":0,"TinhThanhID":0,"TinhThanhTitle":"Bắc Giang","TinhThanhTitleAscii":"/bac-giang","QuanHuyenID":0,"NganhNgheTitle":"Bán buôn tổng hợp","NganhNgheTitleAscii":"/nganh-nghe/ban-buon-tong-hop","DSTags":["2400829571","Bắc Giang",null]},{"Type":11,"SolrID":"/2400828786-cong-ty-tnhh-dau-tu-phat-trien-xay-dung-nguyen-phuong","ID":0,"MaSoThue":"2400828786","NgayCap":"2017-12-21T00:00:00Z","Title":"Công Ty TNHH Đầu Tư Phát Triển Xây Dựng Nguyễn Phượng","DiaChiCongTy":"Thôn Hồng Giang, Xã Đức Giang, Huyện Yên Dũng, Tỉnh Bắc Giang","Created":"2017-12-21T09:06:05Z","Updated":"2017-12-21T09:06:05Z","IsDelete":false,"RequestChanged":false,"ExitsInGDT":false,"SourceID":0,"TinhThanhID":0,"TinhThanhTitle":"Bắc Giang","TinhThanhTitleAscii":"/bac-giang","QuanHuyenID":0,"NganhNgheTitle":"Bán buôn vật liệu, thiết bị lắp đặt khác trong xây dựng","NganhNgheTitleAscii":"/nganh-nghe/ban-buon-vat-lieu-thiet-bi-lap-dat-khac-trong-xay-dung","DSTags":["2400828786","Bắc Giang",null]},{"Type":11,"SolrID":"/2300990150-cong-ty-co-phan-dinh-duong-quoc-te-vietsun","ID":0,"MaSoThue":"2300990150","NgayCap":"2017-07-31T00:00:00Z","Title":"Công Ty Cổ Phần Dinh Dưỡng Quốc Tế Vietsun","DiaChiCongTy":"Thôn Hồng Giang, Xã Đức Giang, Huyện Yên Dũng, Tỉnh Bắc Giang","Created":"2017-10-25T08:21:11Z","Updated":"2017-10-25T08:21:11Z","IsDelete":false,"RequestChanged":false,"ExitsInGDT":false,"SourceID":0,"TinhThanhID":0,"TinhThanhTitle":"Bắc Giang","TinhThanhTitleAscii":"/bac-giang","QuanHuyenID":0,"NganhNgheTitle":"Sản xuất thức ăn gia súc, gia cầm và thuỷ sản","NganhNgheTitleAscii":"/nganh-nghe/san-xuat-thuc-an-gia-suc-gia-cam-va-thuy-san","DSTags":["2300990150","Bắc Giang",null]},{"Type":11,"SolrID":"/2400815554-cong-ty-tnhh-co-khi-xay-dung-ha-bac","ID":0,"MaSoThue":"2400815554","NgayCap":"2017-05-31T00:00:00Z","Title":"Công Ty TNHH Cơ Khí Xây Dựng Hà Bắc","DiaChiCongTy":"Thôn Tiên La, Xã Đức Giang, Huyện Yên Dũng, Tỉnh Bắc Giang","Created":"2017-05-31T09:20:45Z","Updated":"2017-05-31T09:20:45Z","IsDelete":false,"RequestChanged":false,"ExitsInGDT":false,"SourceID":0,"TinhThanhID":0,"TinhThanhTitle":"Bắc Giang","TinhThanhTitleAscii":"/bac-giang","QuanHuyenID":0,"NganhNgheTitle":"Lắp đặt hệ thống cấp, thoát nước, lò sưởi và điều hoà không khí","NganhNgheTitleAscii":"/nganh-nghe/lap-dat-he-thong-cap-thoat-nuoc-lo-suoi-va-dieu-hoa-khong-khi","DSTags":["2400815554","Bắc Giang",null]},{"Type":11,"SolrID":"/2400771963-cong-ty-tnhh-dau-tu-xay-dung-va-thuong-mai-nguyen-thanh","ID":0,"MaSoThue":"2400771963","NgayCap":"2015-10-09T00:00:00Z","Title":"Công Ty TNHH Đầu Tư Xây Dựng Và Thương Mại Nguyên Thành","DiaChiCongTy":"Thôn Cát - Xã Đức Giang - Huyện Yên Dũng - Bắc Giang","Created":"2015-11-19T09:59:00Z","Updated":"2015-11-19T09:59:00Z","IsDelete":false,"RequestChanged":false,"ExitsInGDT":false,"SourceID":0,"TinhThanhID":0,"TinhThanhTitle":"Bắc Giang","TinhThanhTitleAscii":"/bac-giang","QuanHuyenID":0,"NganhNgheTitle":"Hoạt động kiến trúc và tư vấn kỹ thuật có liên quan","NganhNgheTitleAscii":"/nganh-nghe/hoat-dong-kien-truc-va-tu-van-ky-thuat-co-lien-quan","DSTags":["2400771963","Bắc Giang",null]},{"Type":11,"SolrID":"/2400768921-cong-ty-tnhh-thuong-mai-twt","ID":0,"MaSoThue":"2400768921","NgayCap":"2015-08-27T00:00:00Z","Title":"Công Ty TNHH Thương Mại Twt","DiaChiCongTy":"Thôn Hồng Giang - Xã Đức Giang - Huyện Yên Dũng - Bắc Giang","Created":"2015-11-19T01:37:59Z","Updated":"2015-11-19T01:37:59Z","IsDelete":false,"RequestChanged":false,"ExitsInGDT":false,"SourceID":0,"TinhThanhID":0,"TinhThanhTitle":"Bắc Giang","TinhThanhTitleAscii":"/bac-giang","QuanHuyenID":0,"NganhNgheTitle":"Bán buôn vải, hàng may sẵn, giày dép","NganhNgheTitleAscii":"/nganh-nghe/ban-buon-vai-hang-may-san-giay-dep","DSTags":["2400768921","Bắc Giang",null]},{"Type":11,"SolrID":"/2400741084-cong-ty-tnhh-duong-dai-phat","ID":0,"MaSoThue":"2400741084","NgayCap":"2014-09-08T00:00:00Z","Title":"Công Ty TNHH Đường Đại Phát","DiaChiCongTy":"Thôn Hồng Giang - Xã Đức Giang - Huyện Yên Dũng - Bắc Giang","Created":"2015-11-09T11:47:46Z","Updated":"2015-11-09T11:47:46Z","IsDelete":false,"RequestChanged":false,"ExitsInGDT":false,"SourceID":0,"TinhThanhID":0,"TinhThanhTitle":"Bắc Giang","TinhThanhTitleAscii":"/bac-giang","QuanHuyenID":0,"NganhNgheTitle":"Bán buôn nông, lâm sản nguyên liệu (trừ gỗ, tre, nứa) và động vật sống","NganhNgheTitleAscii":"/nganh-nghe/ban-buon-nong-lam-san-nguyen-lieu-tru-go-tre-nua-va-dong-vat-song","DSTags":["2400741084","Bắc Giang",null]},{"Type":11,"SolrID":"/2400738109-cong-ty-tnhh-thuong-mai-va-tu-van-dau-tu-toan-thang","ID":0,"MaSoThue":"2400738109","NgayCap":"2014-06-02T00:00:00Z","Title":"Công Ty TNHH Thương Mại Và Tư Vấn Đầu Tư Toàn Thắng","DiaChiCongTy":"Thôn Trung Sơn - Xã Đức Giang - Huyện Yên Dũng - Bắc Giang","Created":"2015-11-09T14:39:52Z","Updated":"2015-11-09T14:39:52Z","IsDelete":false,"RequestChanged":false,"ExitsInGDT":false,"SourceID":0,"TinhThanhID":0,"TinhThanhTitle":"Bắc Giang","TinhThanhTitleAscii":"/bac-giang","QuanHuyenID":0,"NganhNgheTitle":"Hoạt động hỗ trợ dịch vụ tài chính chưa được phân vào đâu","NganhNgheTitleAscii":"/nganh-nghe/hoat-dong-ho-tro-dich-vu-tai-chinh-chua-duoc-phan-vao-dau","DSTags":["2400738109","Bắc Giang",null]},{"Type":11,"SolrID":"/2400643792-doanh-nghiep-tu-nhan-vang-bac-hung-dung","ID":0,"MaSoThue":"2400643792","NgayCap":"2013-05-10T00:00:00Z","Title":"Doanh Nghiệp Tư Nhân Vàng Bạc Hùng Dũng","DiaChiCongTy":"Xóm Hồng Giang - Xã Đức Giang - Huyện Yên Dũng - Bắc Giang","Created":"2015-11-16T20:38:41Z","Updated":"2015-11-16T20:38:41Z","IsDelete":false,"RequestChanged":false,"ExitsInGDT":false,"SourceID":0,"TinhThanhID":0,"TinhThanhTitle":"Bắc Giang","TinhThanhTitleAscii":"/bac-giang","QuanHuyenID":0,"NganhNgheTitle":"Bán lẻ vàng, bạc, đá quí và đá bán quí, đồ trang sức trong các cửa hàng chuyên doanh","NganhNgheTitleAscii":"/nganh-nghe/ban-le-vang-bac-da-qui-va-da-ban-qui-do-trang-suc-trong-cac-cua-hang-chuyen-doanh","DSTags":["2400643792","Bắc Giang",null]},{"Type":11,"SolrID":"/2400643249-doanh-nghiep-tu-nhan-vang-bac-soi-mai","ID":0,"MaSoThue":"2400643249","NgayCap":"2013-05-02T00:00:00Z","Title":"Doanh Nghiệp Tư Nhân Vàng Bạc Sợi Mai","DiaChiCongTy":"Thôn Hồng Giang - Xã Đức Giang - Huyện Yên Dũng - Bắc Giang","Created":"2015-11-17T07:53:01Z","Updated":"2015-11-17T07:53:01Z","IsDelete":false,"RequestChanged":false,"ExitsInGDT":false,"SourceID":0,"TinhThanhID":0,"TinhThanhTitle":"Bắc Giang","TinhThanhTitleAscii":"/bac-giang","QuanHuyenID":0,"NganhNgheTitle":"Bán lẻ vàng, bạc, đá quí và đá bán quí, đồ trang sức trong các cửa hàng chuyên doanh","NganhNgheTitleAscii":"/nganh-nghe/ban-le-vang-bac-da-qui-va-da-ban-qui-do-trang-suc-trong-cac-cua-hang-chuyen-doanh","DSTags":["2400643249","Bắc Giang",null]},{"Type":11,"SolrID":"/2400541663-doanh-nghiep-tn-truong-cuong","ID":0,"MaSoThue":"2400541663","NgayCap":"2011-03-04T00:00:00Z","Title":"Doanh Nghiệp TN Trường Cường","DiaChiCongTy":"Thôn Thanh Vân - Xã Đức Giang - Huyện Yên Dũng - Bắc Giang","Created":"2015-11-17T11:01:50Z","Updated":"2015-11-17T11:01:50Z","IsDelete":false,"RequestChanged":false,"ExitsInGDT":false,"SourceID":0,"TinhThanhID":0,"TinhThanhTitle":"Bắc Giang","TinhThanhTitleAscii":"/bac-giang","QuanHuyenID":0,"NganhNgheTitle":"Bán buôn xăng dầu và các sản phẩm liên quan","NganhNgheTitleAscii":"/nganh-nghe/ban-buon-xang-dau-va-cac-san-pham-lien-quan","DSTags":["2400541663","Bắc Giang",null]},{"Type":11,"SolrID":"/2400521995-doanh-nghiep-tu-nhan-nguyen-van-linh","ID":0,"MaSoThue":"2400521995","NgayCap":"2010-08-13T00:00:00Z","Title":"Doanh nghiệp tư nhân Nguyễn Văn Linh","DiaChiCongTy":"thôn Thanh Vân - Xã Đức Giang - Huyện Yên Dũng - Bắc Giang","Created":"2015-11-17T01:30:31Z","Updated":"2015-11-17T01:30:31Z","IsDelete":false,"RequestChanged":false,"ExitsInGDT":false,"SourceID":0,"TinhThanhID":0,"TinhThanhTitle":"Bắc Giang","TinhThanhTitleAscii":"/bac-giang","QuanHuyenID":0,"NganhNgheTitle":"Bán buôn nhiên liệu rắn, lỏng, khí và các sản phẩm liên quan","NganhNgheTitleAscii":"/nganh-nghe/ban-buon-nhien-lieu-ran-long-khi-va-cac-san-pham-lien-quan","DSTags":["2400521995","Bắc Giang",null]},{"Type":11,"SolrID":"/2400496072-hop-tac-xa-dich-vu-tong-hop-va-san-xuat-nong-nghiep-lua-vang","ID":0,"MaSoThue":"2400496072","NgayCap":"2010-01-26T00:00:00Z","Title":"Hợp tác xã dịch vụ tổng hợp và sản xuất nông nghiệp Lúa Vàng","DiaChiCongTy":"Hồng Giang - Xã Đức Giang - Huyện Yên Dũng - Bắc Giang","Created":"2015-11-17T11:01:36Z","Updated":"2015-11-17T11:01:36Z","IsDelete":false,"RequestChanged":false,"ExitsInGDT":false,"SourceID":0,"TinhThanhID":0,"TinhThanhTitle":"Bắc Giang","TinhThanhTitleAscii":"/bac-giang","QuanHuyenID":0,"NganhNgheTitle":"NÔNG NGHIỆP, LÂM NGHIỆP VÀ THUỶ SẢN","NganhNgheTitleAscii":"/nganh-nghe/nong-nghiep-lam-nghiep-va-thuy-san","DSTags":["2400496072","Bắc Giang",null]},{"Type":11,"SolrID":"/2400467787-023-truong-tieu-hoc-duc-giang","ID":0,"MaSoThue":"2400467787-023","NgayCap":"2009-07-01T00:00:00Z","Title":"Trường Tiểu học Đức Giang","DiaChiCongTy":"Thôn Mồ - xã Đức Giang - Huyện Yên Dũng - Bắc Giang","Created":"2015-11-17T22:24:28Z","Updated":"2015-11-17T22:24:28Z","IsDelete":false,"RequestChanged":false,"ExitsInGDT":false,"SourceID":0,"TinhThanhID":0,"TinhThanhTitle":"Bắc Giang","TinhThanhTitleAscii":"/bac-giang","QuanHuyenID":0,"NganhNgheTitle":"Giáo dục tiểu học","NganhNgheTitleAscii":"/nganh-nghe/giao-duc-tieu-hoc","DSTags":["2400467787-023","Bắc Giang",null]},{"Type":11,"SolrID":"/2400467787-008-truong-trung-hoc-co-so-duc-giang","ID":0,"MaSoThue":"2400467787-008","NgayCap":"2009-06-30T00:00:00Z","Title":"Trường Trung học cơ sở Đức Giang","DiaChiCongTy":"xã Đức Giang - Huyện Yên Dũng - Bắc Giang","Created":"2015-11-17T22:24:15Z","Updated":"2015-11-17T22:24:15Z","IsDelete":false,"RequestChanged":false,"ExitsInGDT":false,"SourceID":0,"TinhThanhID":0,"TinhThanhTitle":"Bắc Giang","TinhThanhTitleAscii":"/bac-giang","QuanHuyenID":0,"NganhNgheTitle":"Giáo dục trung học cơ sở và trung học phổ thông","NganhNgheTitleAscii":"/nganh-nghe/giao-duc-trung-hoc-co-so-va-trung-hoc-pho-thong","DSTags":["2400467787-008","Bắc Giang",null]},{"Type":11,"SolrID":"/2400264032-doanh-nghiep-tu-nhan-nguyen-van-toan","ID":0,"MaSoThue":"2400264032","NgayCap":"2005-06-14T00:00:00Z","Title":"Doanh nghiệp tư nhân Nguyễn Văn Toán","DiaChiCongTy":"Thôn Thanh Vân xã Đức Giang - Huyện Yên Dũng - Bắc Giang","Created":"2015-11-17T01:12:30Z","Updated":"2015-11-17T01:12:30Z","IsDelete":false,"RequestChanged":false,"ExitsInGDT":false,"SourceID":0,"TinhThanhID":0,"TinhThanhTitle":"Bắc Giang","TinhThanhTitleAscii":"/bac-giang","QuanHuyenID":0,"NganhNgheTitle":"Bán lẻ nhiên liệu động cơ trong các cửa hàng chuyên doanh","NganhNgheTitleAscii":"/nganh-nghe/ban-le-nhien-lieu-dong-co-trong-cac-cua-hang-chuyen-doanh","DSTags":["2400264032","Bắc Giang",null]},{"Type":11,"SolrID":"/2400211263-ubnd-xa-duc-giang","ID":0,"MaSoThue":"2400211263","NgayCap":"1998-11-23T00:00:00Z","Title":"UBND Xã Đức Giang","DiaChiCongTy":"Xã Đức Giang - Huyện Yên Dũng - Bắc Giang","Created":"2015-11-16T06:34:22Z","Updated":"2015-11-16T06:34:22Z","IsDelete":false,"RequestChanged":false,"ExitsInGDT":false,"SourceID":0,"TinhThanhID":0,"TinhThanhTitle":"Bắc Giang","TinhThanhTitleAscii":"/bac-giang","QuanHuyenID":0,"NganhNgheTitle":"Hoạt động tài chính khác","NganhNgheTitleAscii":"/nganh-nghe/hoat-dong-tai-chinh-khac","DSTags":["2400211263","Bắc Giang",null]}]}