{"ID":10220,"SolrID":"/bac-giang/huyen-yen-dung/xa-dong-phuc","Title":"Xã Đồng Phúc","TinhThanhTitle":"Bắc Giang","QuanHuyenTitle":"Huyện Yên Dũng","QuanHuyenID":354,"TinhThanhID":54,"Url":"https://thongtindoanhnghiep.co/api/company?l=/bac-giang/huyen-yen-dung/xa-dong-phuc","Total":11,"List":[{"Type":11,"SolrID":"/2400917891-cong-ty-tnhh-thuong-mai-va-xay-dung-cong-ha","ID":0,"MaSoThue":"2400917891","NgayCap":"2021-08-18T00:00:00Z","Title":"Công Ty TNHH Thương Mại Và Xây Dựng Công Hà","DiaChiCongTy":"Thôn Việt Thắng Làng, Xã Đồng Phúc, Huyện Yên Dũng, Tỉnh Bắc Giang","Created":"2021-08-18T07:35:46Z","Updated":"2021-08-18T07:35:46Z","IsDelete":false,"RequestChanged":false,"ExitsInGDT":false,"SourceID":0,"TinhThanhID":0,"TinhThanhTitle":"Bắc Giang","TinhThanhTitleAscii":"/bac-giang","QuanHuyenID":0,"DSTags":["2400917891","Bắc Giang",null]},{"Type":11,"SolrID":"/2400905656-cong-ty-co-phan-dich-vu-do-luong-bac-giang","ID":0,"MaSoThue":"2400905656","NgayCap":"2021-02-26T00:00:00Z","Title":"Công Ty Cổ Phần Dịch Vụ Đo Lường Bắc Giang","DiaChiCongTy":"Thôn Đồng Nhân, Xã Đồng Phúc, Huyện Yên Dũng, Tỉnh Bắc Giang","Created":"2021-02-26T11:40:41Z","Updated":"2021-02-26T11:40:41Z","IsDelete":false,"RequestChanged":false,"ExitsInGDT":false,"SourceID":0,"TinhThanhID":0,"TinhThanhTitle":"Bắc Giang","TinhThanhTitleAscii":"/bac-giang","QuanHuyenID":0,"NganhNgheTitle":"Kiểm tra và phân tích kỹ thuật","NganhNgheTitleAscii":"/nganh-nghe/kiem-tra-va-phan-tich-ky-thuat","DSTags":["2400905656","Bắc Giang",null]},{"Type":11,"SolrID":"/2400835550-cong-ty-co-phan-thuong-mai-va-san-xuat-vlxd-phuc-thinh","ID":0,"MaSoThue":"2400835550","NgayCap":"2018-04-05T00:00:00Z","Title":"Công Ty Cổ Phần Thương Mại Và Sản Xuất Vlxd Phúc Thịnh","DiaChiCongTy":"Thôn Cựu Dưới, Xã Đồng Phúc, Huyện Yên Dũng, Tỉnh Bắc Giang","Created":"2018-04-05T14:34:53Z","Updated":"2018-04-05T14:34:53Z","IsDelete":false,"RequestChanged":false,"ExitsInGDT":false,"SourceID":0,"TinhThanhID":0,"TinhThanhTitle":"Bắc Giang","TinhThanhTitleAscii":"/bac-giang","QuanHuyenID":0,"NganhNgheTitle":"Sản xuất vật liệu xây dựng từ đất sét","NganhNgheTitleAscii":"/nganh-nghe/san-xuat-vat-lieu-xay-dung-tu-dat-set","DSTags":["2400835550","Bắc Giang",null]},{"Type":11,"SolrID":"/2400815459-cong-ty-tnhh-phat-trien-bao-ve-moi-truong-t-b","ID":0,"MaSoThue":"2400815459","NgayCap":"2017-05-26T00:00:00Z","Title":"Công Ty TNHH Phát Triển, Bảo Vệ Môi Trường T&b","DiaChiCongTy":"Thôn Việt Thắng, Xã Đồng Phúc, Huyện Yên Dũng, Tỉnh Bắc Giang","Created":"2017-05-26T22:37:55Z","Updated":"2017-05-26T22:37:55Z","IsDelete":false,"RequestChanged":false,"ExitsInGDT":false,"SourceID":0,"TinhThanhID":0,"TinhThanhTitle":"Bắc Giang","TinhThanhTitleAscii":"/bac-giang","QuanHuyenID":0,"NganhNgheTitle":"Thu gom rác thải không độc hại","NganhNgheTitleAscii":"/nganh-nghe/thu-gom-rac-thai-khong-doc-hai","DSTags":["2400815459","Bắc Giang",null]},{"Type":11,"SolrID":"/2400811937-cong-ty-tnhh-thuong-mai-va-san-xuat-van-thinh","ID":0,"MaSoThue":"2400811937","NgayCap":"2017-03-29T00:00:00Z","Title":"Công Ty TNHH Thương Mại Và Sản Xuất Vạn Thịnh","DiaChiCongTy":"Thôn Cựu Dưới, Xã Đồng Phúc, Huyện Yên Dũng, Tỉnh Bắc Giang","Created":"2017-03-29T09:07:52Z","Updated":"2017-03-29T09:07:52Z","IsDelete":false,"RequestChanged":false,"ExitsInGDT":false,"SourceID":0,"TinhThanhID":0,"TinhThanhTitle":"Bắc Giang","TinhThanhTitleAscii":"/bac-giang","QuanHuyenID":0,"NganhNgheTitle":"Bán buôn vật liệu, thiết bị lắp đặt khác trong xây dựng","NganhNgheTitleAscii":"/nganh-nghe/ban-buon-vat-lieu-thiet-bi-lap-dat-khac-trong-xay-dung","DSTags":["2400811937","Bắc Giang",null]},{"Type":11,"SolrID":"/2400791896-cong-ty-tnhh-duyen-tien-anh","ID":0,"MaSoThue":"2400791896","NgayCap":"2016-03-10T00:00:00Z","Title":"Công Ty TNHH Duyên Tiến Anh","DiaChiCongTy":"Thôn Hoàng Phúc - Xã Đồng Phúc - Huyện Yên Dũng - Bắc Giang","Created":"2016-03-11T09:11:10Z","Updated":"2016-09-11T00:26:21Z","IsDelete":false,"RequestChanged":false,"ExitsInGDT":false,"SourceID":0,"TinhThanhID":0,"TinhThanhTitle":"Bắc Giang","TinhThanhTitleAscii":"/bac-giang","QuanHuyenID":0,"DSTags":["2400791896","Bắc Giang",null]},{"Type":11,"SolrID":"/2400631116-cong-ty-tnhh-mot-thanh-vien-dong-duc-thang","ID":0,"MaSoThue":"2400631116","NgayCap":"2012-12-27T00:00:00Z","Title":"Công Ty TNHH Một Thành Viên Đồng Đức Thắng","DiaChiCongTy":"Thôn Việt Thắng - Xã Đồng Phúc - Huyện Yên Dũng - Bắc Giang","Created":"2015-11-12T01:19:11Z","Updated":"2015-11-12T01:19:11Z","IsDelete":false,"RequestChanged":false,"ExitsInGDT":false,"SourceID":0,"TinhThanhID":0,"TinhThanhTitle":"Bắc Giang","TinhThanhTitleAscii":"/bac-giang","QuanHuyenID":0,"NganhNgheTitle":"Xây dựng nhà các loại","NganhNgheTitleAscii":"/nganh-nghe/xay-dung-nha-cac-loai","DSTags":["2400631116","Bắc Giang",null]},{"Type":11,"SolrID":"/2400467787-021-truong-tieu-hoc-dong-phuc","ID":0,"MaSoThue":"2400467787-021","NgayCap":"2009-07-01T00:00:00Z","Title":"Trường Tiểu học Đồng Phúc","DiaChiCongTy":"xã Đồng Phúc - Huyện Yên Dũng - Bắc Giang","Created":"2015-11-17T22:24:26Z","Updated":"2015-11-17T22:24:26Z","IsDelete":false,"RequestChanged":false,"ExitsInGDT":false,"SourceID":0,"TinhThanhID":0,"TinhThanhTitle":"Bắc Giang","TinhThanhTitleAscii":"/bac-giang","QuanHuyenID":0,"NganhNgheTitle":"Giáo dục tiểu học","NganhNgheTitleAscii":"/nganh-nghe/giao-duc-tieu-hoc","DSTags":["2400467787-021","Bắc Giang",null]},{"Type":11,"SolrID":"/2400467787-003-truong-trung-hoc-co-so-dong-phuc","ID":0,"MaSoThue":"2400467787-003","NgayCap":"2009-06-30T00:00:00Z","Title":"Trường Trung học cơ sở Đồng Phúc","DiaChiCongTy":"xã Đồng Phúc - Huyện Yên Dũng - Bắc Giang","Created":"2015-11-17T22:24:10Z","Updated":"2015-11-17T22:24:10Z","IsDelete":false,"RequestChanged":false,"ExitsInGDT":false,"SourceID":0,"TinhThanhID":0,"TinhThanhTitle":"Bắc Giang","TinhThanhTitleAscii":"/bac-giang","QuanHuyenID":0,"NganhNgheTitle":"Giáo dục trung học cơ sở và trung học phổ thông","NganhNgheTitleAscii":"/nganh-nghe/giao-duc-trung-hoc-co-so-va-trung-hoc-pho-thong","DSTags":["2400467787-003","Bắc Giang",null]},{"Type":11,"SolrID":"/2400289830-cong-ty-tnhh-xay-dung-thinh-long","ID":0,"MaSoThue":"2400289830","NgayCap":"2002-12-17T00:00:00Z","Title":"Công ty TNHH xây dựng Thịnh Long","DiaChiCongTy":"Thôn Hạ Long xã Đồng Phúc - Huyện Yên Dũng - Bắc Giang","Created":"2015-11-12T12:31:54Z","Updated":"2015-11-12T12:31:54Z","IsDelete":false,"RequestChanged":false,"ExitsInGDT":false,"SourceID":0,"TinhThanhID":0,"TinhThanhTitle":"Bắc Giang","TinhThanhTitleAscii":"/bac-giang","QuanHuyenID":0,"NganhNgheTitle":"Xây dựng công trình kỹ thuật dân dụng","NganhNgheTitleAscii":"/nganh-nghe/xay-dung-cong-trinh-ky-thuat-dan-dung","DSTags":["2400289830","Bắc Giang",null]},{"Type":11,"SolrID":"/2400211129-ubnd-xa-dong-phuc","ID":0,"MaSoThue":"2400211129","NgayCap":"1998-11-23T00:00:00Z","Title":"UBND Xã Đồng Phúc","DiaChiCongTy":"Xã Đồng Phúc - Huyện Yên Dũng - Bắc Giang","Created":"2015-11-16T06:33:57Z","Updated":"2015-11-16T06:33:57Z","IsDelete":false,"RequestChanged":false,"ExitsInGDT":false,"SourceID":0,"TinhThanhID":0,"TinhThanhTitle":"Bắc Giang","TinhThanhTitleAscii":"/bac-giang","QuanHuyenID":0,"NganhNgheTitle":"Hoạt động tài chính khác","NganhNgheTitleAscii":"/nganh-nghe/hoat-dong-tai-chinh-khac","DSTags":["2400211129","Bắc Giang",null]}]}