{"ID":10219,"SolrID":"/bac-giang/huyen-yen-dung/xa-huong-gian","Title":"Xã Hương Gián","TinhThanhTitle":"Bắc Giang","QuanHuyenTitle":"Huyện Yên Dũng","QuanHuyenID":354,"TinhThanhID":54,"Url":"https://thongtindoanhnghiep.co/api/company?l=/bac-giang/huyen-yen-dung/xa-huong-gian","Total":19,"List":[{"Type":11,"SolrID":"/2400918302-cong-ty-co-phan-phat-trien-thuong-mai-va-dau-tu-minh-quan","ID":0,"MaSoThue":"2400918302","NgayCap":"2021-08-25T00:00:00Z","Title":"Công Ty Cổ Phần Phát Triển Thương Mại Và Đầu Tư Minh Quân","DiaChiCongTy":"Thôn Tây, Xã Hương Gián, Huyện Yên Dũng, Tỉnh Bắc Giang","Created":"2021-08-25T20:37:15Z","Updated":"2021-08-25T20:37:15Z","IsDelete":false,"RequestChanged":false,"ExitsInGDT":false,"SourceID":0,"TinhThanhID":0,"TinhThanhTitle":"Bắc Giang","TinhThanhTitleAscii":"/bac-giang","QuanHuyenID":0,"NganhNgheTitle":"Đại lý, môi giới, đấu giá","NganhNgheTitleAscii":"/nganh-nghe/dai-ly-moi-gioi-dau-gia","DSTags":["2400918302","Bắc Giang",null]},{"Type":11,"SolrID":"/2400910310-cong-ty-co-phan-dau-tu-xay-dung-nhat-thanh","ID":0,"MaSoThue":"2400910310","NgayCap":"2021-04-23T00:00:00Z","Title":"Công Ty Cổ Phần Đầu Tư Xây Dựng Nhất Thành","DiaChiCongTy":"Thôn Tân Tiến, Xã Hương Gián, Huyện Yên Dũng, Tỉnh Bắc Giang","Created":"2021-04-23T11:35:32Z","Updated":"2021-04-23T11:35:32Z","IsDelete":false,"RequestChanged":false,"ExitsInGDT":false,"SourceID":0,"TinhThanhID":0,"TinhThanhTitle":"Bắc Giang","TinhThanhTitleAscii":"/bac-giang","QuanHuyenID":0,"DSTags":["2400910310","Bắc Giang",null]},{"Type":11,"SolrID":"/2400851496-cong-ty-tnhh-minh-thu-mmt","ID":0,"MaSoThue":"2400851496","NgayCap":"2018-11-05T00:00:00Z","Title":"Công Ty TNHH Minh Thu Mmt","DiaChiCongTy":"Thôn Dũng Tiến, Xã Hương Gián, Huyện Yên Dũng, Tỉnh Bắc Giang","Created":"2018-11-05T14:33:56Z","Updated":"2018-11-05T14:33:56Z","IsDelete":false,"RequestChanged":false,"ExitsInGDT":false,"SourceID":0,"TinhThanhID":0,"TinhThanhTitle":"Bắc Giang","TinhThanhTitleAscii":"/bac-giang","QuanHuyenID":0,"NganhNgheTitle":"Cho thuê máy móc, thiết bị và đồ dùng hữu hình khác","NganhNgheTitleAscii":"/nganh-nghe/cho-thue-may-moc-thiet-bi-va-do-dung-huu-hinh-khac","DSTags":["2400851496","Bắc Giang",null]},{"Type":11,"SolrID":"/2400844509-cong-ty-tnhh-xay-dung-tm-nhat-minh-bac-giang","ID":0,"MaSoThue":"2400844509","NgayCap":"2018-08-02T00:00:00Z","Title":"Công Ty TNHH Xây Dựng Tm Nhật Minh Bắc Giang","DiaChiCongTy":"Xóm Dõng, Xã Hương Gián, Huyện Yên Dũng, Tỉnh Bắc Giang","Created":"2018-08-02T15:47:04Z","Updated":"2018-08-02T15:47:04Z","IsDelete":false,"RequestChanged":false,"ExitsInGDT":false,"SourceID":0,"TinhThanhID":0,"TinhThanhTitle":"Bắc Giang","TinhThanhTitleAscii":"/bac-giang","QuanHuyenID":0,"NganhNgheTitle":"Gia công cơ khí; xử lý và tráng phủ kim loại","NganhNgheTitleAscii":"/nganh-nghe/gia-cong-co-khi-xu-ly-va-trang-phu-kim-loai","DSTags":["2400844509","Bắc Giang",null]},{"Type":11,"SolrID":"/2400839393-cong-ty-tnhh-dau-tu-xay-dung-dai-duong-bac-giang","ID":0,"MaSoThue":"2400839393","NgayCap":"2018-05-22T00:00:00Z","Title":"Công Ty TNHH Đầu Tư Xây Dựng Đại Dương Bắc Giang","DiaChiCongTy":"Thôn Dõng, Xã Hương Gián, Huyện Yên Dũng, Tỉnh Bắc Giang","Created":"2018-05-22T17:04:39Z","Updated":"2018-05-22T17:04:39Z","IsDelete":false,"RequestChanged":false,"ExitsInGDT":false,"SourceID":0,"TinhThanhID":0,"TinhThanhTitle":"Bắc Giang","TinhThanhTitleAscii":"/bac-giang","QuanHuyenID":0,"NganhNgheTitle":"Xây dựng nhà các loại","NganhNgheTitleAscii":"/nganh-nghe/xay-dung-nha-cac-loai","DSTags":["2400839393","Bắc Giang",null]},{"Type":11,"SolrID":"/2400820089-cong-ty-tnhh-dau-tu-xd-tm-thanh-dat-bac-giang","ID":0,"MaSoThue":"2400820089","NgayCap":"2017-08-04T00:00:00Z","Title":"Công Ty TNHH Đầu Tư Xd-tm Thành Đạt Bắc Giang","DiaChiCongTy":"Thôn Dõng, Xã Hương Gián, Huyện Yên Dũng, Tỉnh Bắc Giang","Created":"2017-08-04T13:38:08Z","Updated":"2017-08-04T13:38:08Z","IsDelete":false,"RequestChanged":false,"ExitsInGDT":false,"SourceID":0,"TinhThanhID":0,"TinhThanhTitle":"Bắc Giang","TinhThanhTitleAscii":"/bac-giang","QuanHuyenID":0,"NganhNgheTitle":"Xây dựng công trình kỹ thuật dân dụng khác","NganhNgheTitleAscii":"/nganh-nghe/xay-dung-cong-trinh-ky-thuat-dan-dung-khac","DSTags":["2400820089","Bắc Giang",null]},{"Type":11,"SolrID":"/2400815258-cong-ty-tnhh-xay-dung-va-thuong-mai-dong-tien-bac-giang","ID":0,"MaSoThue":"2400815258","NgayCap":"2017-05-25T00:00:00Z","Title":"Công Ty TNHH Xây Dựng Và Thương Mại Đồng Tiến Bắc Giang","DiaChiCongTy":"Thôn Dõng, Xã Hương Gián, Huyện Yên Dũng, Tỉnh Bắc Giang","Created":"2017-05-25T07:49:52Z","Updated":"2017-05-25T07:49:52Z","IsDelete":false,"RequestChanged":false,"ExitsInGDT":false,"SourceID":0,"TinhThanhID":0,"TinhThanhTitle":"Bắc Giang","TinhThanhTitleAscii":"/bac-giang","QuanHuyenID":0,"NganhNgheTitle":"Xây dựng nhà các loại","NganhNgheTitleAscii":"/nganh-nghe/xay-dung-nha-cac-loai","DSTags":["2400815258","Bắc Giang",null]},{"Type":11,"SolrID":"/2400796580-cong-ty-tnhh-an-tam-phat-loc","ID":0,"MaSoThue":"2400796580","NgayCap":"2016-06-16T00:00:00Z","Title":"Công Ty TNHH An Tâm Phát Lộc","DiaChiCongTy":"Thôn Chanh - Xã Hương Gián - Huyện Yên Dũng - Bắc Giang","Created":"2016-06-21T09:57:47Z","Updated":"2016-06-21T09:57:47Z","IsDelete":false,"RequestChanged":false,"ExitsInGDT":false,"SourceID":0,"TinhThanhID":0,"TinhThanhTitle":"Bắc Giang","TinhThanhTitleAscii":"/bac-giang","QuanHuyenID":0,"NganhNgheTitle":"Hoạt động của đại lý và môi giới bảo hiểm","NganhNgheTitleAscii":"/nganh-nghe/hoat-dong-cua-dai-ly-va-moi-gioi-bao-hiem","DSTags":["2400796580","Bắc Giang",null]},{"Type":11,"SolrID":"/2400794343-cong-ty-tnhh-tm-xay-dung-hieu-thao","ID":0,"MaSoThue":"2400794343","NgayCap":"2016-04-27T00:00:00Z","Title":"Công Ty TNHH Tm Xây Dựng Hiếu Thảo","DiaChiCongTy":"Thôn Dung - Xã Hương Gián - Huyện Yên Dũng - Bắc Giang","Created":"2016-04-29T07:50:02Z","Updated":"2016-04-29T07:50:02Z","IsDelete":false,"RequestChanged":false,"ExitsInGDT":false,"SourceID":0,"TinhThanhID":0,"TinhThanhTitle":"Bắc Giang","TinhThanhTitleAscii":"/bac-giang","QuanHuyenID":0,"NganhNgheTitle":"Sản xuất bê tông và các sản phẩm từ xi măng và thạch cao","NganhNgheTitleAscii":"/nganh-nghe/san-xuat-be-tong-va-cac-san-pham-tu-xi-mang-va-thach-cao","DSTags":["2400794343","Bắc Giang",null]},{"Type":11,"SolrID":"/2400497333-cong-ty-tnhh-thuong-mai-dich-vu-va-xay-dung-phu-gia-hung","ID":0,"MaSoThue":"2400497333","NgayCap":"2010-03-11T00:00:00Z","Title":"Công Ty TNHH Thương Mại Dịch Vụ Và Xây Dựng Phú Gia Hưng","DiaChiCongTy":"Thôn Can - Xã Hương Gián - Huyện Yên Dũng - Bắc Giang","Created":"2015-11-12T12:29:04Z","Updated":"2015-11-12T12:29:04Z","IsDelete":false,"RequestChanged":false,"ExitsInGDT":false,"SourceID":0,"TinhThanhID":0,"TinhThanhTitle":"Bắc Giang","TinhThanhTitleAscii":"/bac-giang","QuanHuyenID":0,"NganhNgheTitle":"Xây dựng công trình kỹ thuật dân dụng","NganhNgheTitleAscii":"/nganh-nghe/xay-dung-cong-trinh-ky-thuat-dan-dung","DSTags":["2400497333","Bắc Giang",null]},{"Type":11,"SolrID":"/2400487261-cong-ty-tnhh-thuong-lien","ID":0,"MaSoThue":"2400487261","NgayCap":"2009-09-29T00:00:00Z","Title":"Công ty TNHH Thương Liên","DiaChiCongTy":"Xóm Hấn, xã Hương Gián - Huyện Yên Dũng - Bắc Giang","Created":"2015-11-11T11:01:52Z","Updated":"2015-11-11T11:01:52Z","IsDelete":false,"RequestChanged":false,"ExitsInGDT":false,"SourceID":0,"TinhThanhID":0,"TinhThanhTitle":"Bắc Giang","TinhThanhTitleAscii":"/bac-giang","QuanHuyenID":0,"NganhNgheTitle":"Bán buôn nhiên liệu rắn, lỏng, khí và các sản phẩm liên quan","NganhNgheTitleAscii":"/nganh-nghe/ban-buon-nhien-lieu-ran-long-khi-va-cac-san-pham-lien-quan","DSTags":["2400487261","Bắc Giang",null]},{"Type":11,"SolrID":"/2400467787-027-truong-tieu-hoc-huong-gian","ID":0,"MaSoThue":"2400467787-027","NgayCap":"2009-07-01T00:00:00Z","Title":"Trường Tiểu học Hương Gián","DiaChiCongTy":"xã Hương Gián - Huyện Yên Dũng - Bắc Giang","Created":"2015-11-17T22:24:31Z","Updated":"2015-11-17T22:24:31Z","IsDelete":false,"RequestChanged":false,"ExitsInGDT":false,"SourceID":0,"TinhThanhID":0,"TinhThanhTitle":"Bắc Giang","TinhThanhTitleAscii":"/bac-giang","QuanHuyenID":0,"NganhNgheTitle":"Giáo dục tiểu học","NganhNgheTitleAscii":"/nganh-nghe/giao-duc-tieu-hoc","DSTags":["2400467787-027","Bắc Giang",null]},{"Type":11,"SolrID":"/2400467787-014-truong-trung-hoc-co-so-huong-gian","ID":0,"MaSoThue":"2400467787-014","NgayCap":"2009-06-30T00:00:00Z","Title":"Trường Trung học cơ sở Hương Gián","DiaChiCongTy":"Thôn Hấn - xã Hương Gián - Huyện Yên Dũng - Bắc Giang","Created":"2015-11-17T22:24:20Z","Updated":"2015-11-17T22:24:20Z","IsDelete":false,"RequestChanged":false,"ExitsInGDT":false,"SourceID":0,"TinhThanhID":0,"TinhThanhTitle":"Bắc Giang","TinhThanhTitleAscii":"/bac-giang","QuanHuyenID":0,"NganhNgheTitle":"Giáo dục trung học cơ sở và trung học phổ thông","NganhNgheTitleAscii":"/nganh-nghe/giao-duc-trung-hoc-co-so-va-trung-hoc-pho-thong","DSTags":["2400467787-014","Bắc Giang",null]},{"Type":11,"SolrID":"/2400467498-cong-ty-tnhh-mot-thanh-vien-xay-dung-va-thuong-mai-khanh-hung","ID":0,"MaSoThue":"2400467498","NgayCap":"2009-06-29T00:00:00Z","Title":"Công ty TNHH một thành viên xây dựng và thương mại Khánh Hưng","DiaChiCongTy":"thôn Hấn, xã Hương Gián - Huyện Yên Dũng - Bắc Giang","Created":"2015-11-11T10:52:36Z","Updated":"2015-11-11T10:52:36Z","IsDelete":false,"RequestChanged":false,"ExitsInGDT":false,"SourceID":0,"TinhThanhID":0,"TinhThanhTitle":"Bắc Giang","TinhThanhTitleAscii":"/bac-giang","QuanHuyenID":0,"NganhNgheTitle":"Bán buôn vật liệu, thiết bị lắp đặt khác trong xây dựng","NganhNgheTitleAscii":"/nganh-nghe/ban-buon-vat-lieu-thiet-bi-lap-dat-khac-trong-xay-dung","DSTags":["2400467498","Bắc Giang",null]},{"Type":11,"SolrID":"/2400453350-hop-tac-xa-dung-nuoc-nong-nghiep-huong-gian","ID":0,"MaSoThue":"2400453350","NgayCap":"2009-05-18T00:00:00Z","Title":"Hợp tác xã dùng nước nông nghiệp Hương Gián","DiaChiCongTy":"UBND xã Hương Gián - Huyện Yên Dũng - Bắc Giang","Created":"2015-11-17T12:36:07Z","Updated":"2015-11-17T12:36:07Z","IsDelete":false,"RequestChanged":false,"ExitsInGDT":false,"SourceID":0,"TinhThanhID":0,"TinhThanhTitle":"Bắc Giang","TinhThanhTitleAscii":"/bac-giang","QuanHuyenID":0,"NganhNgheTitle":"Hoạt động dịch vụ nông nghiệp","NganhNgheTitleAscii":"/nganh-nghe/hoat-dong-dich-vu-nong-nghiep","DSTags":["2400453350","Bắc Giang",null]},{"Type":11,"SolrID":"/2400452967-cong-ty-tnhh-mot-thanh-vien-nuoc-tinh-khiet-tung-duong","ID":0,"MaSoThue":"2400452967","NgayCap":"2009-05-15T00:00:00Z","Title":"Công ty TNHH một thành viên nước tinh khiết Tùng Dương","DiaChiCongTy":"thôn Lạc Gián, xã Hương Gián - Huyện Yên Dũng - Bắc Giang","Created":"2015-11-08T22:41:39Z","Updated":"2015-11-08T22:41:39Z","IsDelete":false,"RequestChanged":false,"ExitsInGDT":false,"SourceID":0,"TinhThanhID":0,"TinhThanhTitle":"Bắc Giang","TinhThanhTitleAscii":"/bac-giang","QuanHuyenID":0,"NganhNgheTitle":"Sản xuất đồ uống","NganhNgheTitleAscii":"/nganh-nghe/san-xuat-do-uong-110","DSTags":["2400452967","Bắc Giang",null]},{"Type":11,"SolrID":"/2400409577-cong-ty-tnhh-mot-thanh-vien-bieu-dien-nghe-thuat-huong-ninh","ID":0,"MaSoThue":"2400409577","NgayCap":"2008-09-17T00:00:00Z","Title":"Công ty TNHH một thành viên biểu diễn nghệ thuật Hương Ninh","DiaChiCongTy":"thôn Gáo, xã Hương Gián - Huyện Yên Dũng - Bắc Giang","Created":"2015-11-12T12:59:56Z","Updated":"2015-11-12T12:59:56Z","IsDelete":false,"RequestChanged":false,"ExitsInGDT":false,"SourceID":0,"TinhThanhID":0,"TinhThanhTitle":"Bắc Giang","TinhThanhTitleAscii":"/bac-giang","QuanHuyenID":0,"NganhNgheTitle":"Hoạt động sáng tác, nghệ thuật và giải trí","NganhNgheTitleAscii":"/nganh-nghe/hoat-dong-sang-tac-nghe-thuat-va-giai-tri","DSTags":["2400409577","Bắc Giang",null]},{"Type":11,"SolrID":"/2400339873-cong-ty-cp-duoc-pham-minh-hai","ID":0,"MaSoThue":"2400339873","NgayCap":"2005-06-08T00:00:00Z","Title":"Công Ty CP Dược Phẩm Minh Hải .","DiaChiCongTy":"thôn Dõng - Xã Hương Gián - Huyện Yên Dũng - Bắc Giang","Created":"2015-11-10T02:02:40Z","Updated":"2015-11-10T02:02:40Z","IsDelete":false,"RequestChanged":false,"ExitsInGDT":false,"SourceID":0,"TinhThanhID":0,"TinhThanhTitle":"Bắc Giang","TinhThanhTitleAscii":"/bac-giang","QuanHuyenID":0,"NganhNgheTitle":"Bán lẻ thuốc, dụng cụ y tế, mỹ phẩm và vật phẩm vệ sinh trong các cửa hàng chuyên doanh","NganhNgheTitleAscii":"/nganh-nghe/ban-le-thuoc-dung-cu-y-te-my-pham-va-vat-pham-ve-sinh-trong-cac-cua-hang-chuyen-doanh","DSTags":["2400339873","Bắc Giang",null]},{"Type":11,"SolrID":"/2400211175-ubnd-xa-huong-gian","ID":0,"MaSoThue":"2400211175","NgayCap":"1998-11-23T00:00:00Z","Title":"UBND Xã Hương Gián","DiaChiCongTy":"Xã Hương Gián - Huyện Yên Dũng - Bắc Giang","Created":"2015-11-16T06:10:33Z","Updated":"2015-11-16T06:10:33Z","IsDelete":false,"RequestChanged":false,"ExitsInGDT":false,"SourceID":0,"TinhThanhID":0,"TinhThanhTitle":"Bắc Giang","TinhThanhTitleAscii":"/bac-giang","QuanHuyenID":0,"NganhNgheTitle":"Hoạt động tài chính khác","NganhNgheTitleAscii":"/nganh-nghe/hoat-dong-tai-chinh-khac","DSTags":["2400211175","Bắc Giang",null]}]}