{"ID":5708,"SolrID":"/bac-giang/huyen-yen-dung/xa-lang-son","Title":"Xã Lãng Sơn","TinhThanhTitle":"Bắc Giang","QuanHuyenTitle":"Huyện Yên Dũng","QuanHuyenID":354,"TinhThanhID":54,"Url":"https://thongtindoanhnghiep.co/api/company?l=/bac-giang/huyen-yen-dung/xa-lang-son","Total":22,"List":[{"Type":11,"SolrID":"/2400917323-cong-ty-tnhh-xay-dung-va-thuong-mai-hoang-kim-long","ID":0,"MaSoThue":"2400917323","NgayCap":"2021-08-11T00:00:00Z","Title":"Công Ty TNHH Xây Dựng Và Thương Mại Hoàng Kim Long","DiaChiCongTy":"Thôn Phú Thịnh, Xã Lãng Sơn, Huyện Yên Dũng, Tỉnh Bắc Giang","Created":"2021-08-11T11:35:49Z","Updated":"2021-08-11T11:35:49Z","IsDelete":false,"RequestChanged":false,"ExitsInGDT":false,"SourceID":0,"TinhThanhID":0,"TinhThanhTitle":"Bắc Giang","TinhThanhTitleAscii":"/bac-giang","QuanHuyenID":0,"NganhNgheTitle":"Bán buôn vật liệu, thiết bị lắp đặt khác trong xây dựng","NganhNgheTitleAscii":"/nganh-nghe/ban-buon-vat-lieu-thiet-bi-lap-dat-khac-trong-xay-dung","DSTags":["2400917323","Bắc Giang",null]},{"Type":11,"SolrID":"/2400853937-cong-ty-tnhh-manh-hung-electronics","ID":0,"MaSoThue":"2400853937","NgayCap":"2018-12-12T00:00:00Z","Title":"Công Ty TNHH Mạnh Hưng Electronics","DiaChiCongTy":"Thôn Tam Sơn, Xã Lãng Sơn, Huyện Yên Dũng, Tỉnh Bắc Giang","Created":"2018-12-12T16:35:33Z","Updated":"2018-12-12T16:35:33Z","IsDelete":false,"RequestChanged":false,"ExitsInGDT":false,"SourceID":0,"TinhThanhID":0,"TinhThanhTitle":"Bắc Giang","TinhThanhTitleAscii":"/bac-giang","QuanHuyenID":0,"NganhNgheTitle":"Sản xuất linh kiện điện tử","NganhNgheTitleAscii":"/nganh-nghe/san-xuat-linh-kien-dien-tu","DSTags":["2400853937","Bắc Giang",null]},{"Type":11,"SolrID":"/2400848341-cong-ty-tnhh-dich-vu-thuong-mai-va-xay-dung-bac-hai-thinh","ID":0,"MaSoThue":"2400848341","NgayCap":"2018-10-01T00:00:00Z","Title":"Công Ty TNHH Dịch Vụ Thương Mại Và Xây Dựng Bắc Hải Thịnh","DiaChiCongTy":"Thôn Phú Thịnh, Xã Lãng Sơn, Huyện Yên Dũng, Tỉnh Bắc Giang","Created":"2018-10-01T17:04:22Z","Updated":"2018-10-01T17:04:22Z","IsDelete":false,"RequestChanged":false,"ExitsInGDT":false,"SourceID":0,"TinhThanhID":0,"TinhThanhTitle":"Bắc Giang","TinhThanhTitleAscii":"/bac-giang","QuanHuyenID":0,"NganhNgheTitle":"Bán buôn vật liệu, thiết bị lắp đặt khác trong xây dựng","NganhNgheTitleAscii":"/nganh-nghe/ban-buon-vat-lieu-thiet-bi-lap-dat-khac-trong-xay-dung","DSTags":["2400848341","Bắc Giang",null]},{"Type":11,"SolrID":"/2400845100-cong-ty-tnhh-dich-vu-tong-hop-phu-an","ID":0,"MaSoThue":"2400845100","NgayCap":"2018-08-09T00:00:00Z","Title":"Công Ty TNHH Dịch Vụ Tổng Hợp Phú An","DiaChiCongTy":"Thôn Phú Thịnh , Xã Lãng Sơn, Huyện Yên Dũng, Tỉnh Bắc Giang","Created":"2018-08-09T15:30:17Z","Updated":"2018-08-09T15:30:17Z","IsDelete":false,"RequestChanged":false,"ExitsInGDT":false,"SourceID":0,"TinhThanhID":0,"TinhThanhTitle":"Bắc Giang","TinhThanhTitleAscii":"/bac-giang","QuanHuyenID":0,"NganhNgheTitle":"Giáo dục mầm non","NganhNgheTitleAscii":"/nganh-nghe/giao-duc-mam-non","DSTags":["2400845100","Bắc Giang",null]},{"Type":11,"SolrID":"/2400842766-cong-ty-tnhh-gia-khang-group","ID":0,"MaSoThue":"2400842766","NgayCap":"2018-07-05T00:00:00Z","Title":"Công Ty TNHH Gia Khang Group","DiaChiCongTy":"Làng nghề mộc Đông Thượng, Xã Lãng Sơn, Huyện Yên Dũng, Tỉnh Bắc Giang","Created":"2018-07-05T17:05:30Z","Updated":"2018-07-05T17:05:30Z","IsDelete":false,"RequestChanged":false,"ExitsInGDT":false,"SourceID":0,"TinhThanhID":0,"TinhThanhTitle":"Bắc Giang","TinhThanhTitleAscii":"/bac-giang","QuanHuyenID":0,"NganhNgheTitle":"Bán buôn nhiên liệu rắn, lỏng, khí và các sản phẩm liên quan","NganhNgheTitleAscii":"/nganh-nghe/ban-buon-nhien-lieu-ran-long-khi-va-cac-san-pham-lien-quan","DSTags":["2400842766","Bắc Giang",null]},{"Type":11,"SolrID":"/2400829726-cong-ty-tnhh-moi-truong-yen-dung","ID":0,"MaSoThue":"2400829726","NgayCap":"2017-12-29T00:00:00Z","Title":"Công Ty TNHH Môi Trường Yên Dũng","DiaChiCongTy":"Nhà riêng ông Trần Văn Phú, thôn Mỹ Tượng, Xã Lãng Sơn, Huyện Yên Dũng, Tỉnh Bắc Giang","Created":"2017-12-29T12:01:15Z","Updated":"2017-12-29T12:01:15Z","IsDelete":false,"RequestChanged":false,"ExitsInGDT":false,"SourceID":0,"TinhThanhID":0,"TinhThanhTitle":"Bắc Giang","TinhThanhTitleAscii":"/bac-giang","QuanHuyenID":0,"NganhNgheTitle":"Tái chế phế liệu","NganhNgheTitleAscii":"/nganh-nghe/tai-che-phe-lieu","DSTags":["2400829726","Bắc Giang",null]},{"Type":11,"SolrID":"/2400821445-cong-ty-tnhh-adn-design-viet-nam","ID":0,"MaSoThue":"2400821445","NgayCap":"2017-08-30T00:00:00Z","Title":"Công Ty TNHH Adn Design Việt Nam","DiaChiCongTy":"Thôn Sơn Thịnh, Xã Lãng Sơn, Huyện Yên Dũng, Tỉnh Bắc Giang","Created":"2017-08-30T16:40:49Z","Updated":"2017-08-30T16:40:49Z","IsDelete":false,"RequestChanged":false,"ExitsInGDT":false,"SourceID":0,"TinhThanhID":0,"TinhThanhTitle":"Bắc Giang","TinhThanhTitleAscii":"/bac-giang","QuanHuyenID":0,"NganhNgheTitle":"Hoạt động thiết kế chuyên dụng","NganhNgheTitleAscii":"/nganh-nghe/hoat-dong-thiet-ke-chuyen-dung","DSTags":["2400821445","Bắc Giang",null]},{"Type":11,"SolrID":"/2400816124-cong-ty-tnhh-my-pham-thao-duoc-globe","ID":0,"MaSoThue":"2400816124","NgayCap":"2017-06-07T00:00:00Z","Title":"Công Ty TNHH Mỹ Phẩm Thảo Dược Globe","DiaChiCongTy":"Thôn Trại Thượng, Xã Lãng Sơn, Huyện Yên Dũng, Tỉnh Bắc Giang","Created":"2017-06-07T14:20:20Z","Updated":"2017-06-07T14:20:20Z","IsDelete":false,"RequestChanged":false,"ExitsInGDT":false,"SourceID":0,"TinhThanhID":0,"TinhThanhTitle":"Bắc Giang","TinhThanhTitleAscii":"/bac-giang","QuanHuyenID":0,"NganhNgheTitle":"Sản xuất mỹ phẩm, xà phòng, chất tẩy rửa, làm bóng và chế phẩm vệ sinh","NganhNgheTitleAscii":"/nganh-nghe/san-xuat-my-pham-xa-phong-chat-tay-rua-lam-bong-va-che-pham-ve-sinh","DSTags":["2400816124","Bắc Giang",null]},{"Type":11,"SolrID":"/2400813490-cong-ty-tnhh-xay-dung-va-dich-vu-gia-long","ID":0,"MaSoThue":"2400813490","NgayCap":"2017-04-20T00:00:00Z","Title":"Công Ty TNHH Xây Dựng Và Dịch Vụ Gia Long","DiaChiCongTy":"Thôn Tân Mỹ, Xã Lãng Sơn, Huyện Yên Dũng, Tỉnh Bắc Giang","Created":"2017-04-20T08:11:05Z","Updated":"2017-04-20T08:11:05Z","IsDelete":false,"RequestChanged":false,"ExitsInGDT":false,"SourceID":0,"TinhThanhID":0,"TinhThanhTitle":"Bắc Giang","TinhThanhTitleAscii":"/bac-giang","QuanHuyenID":0,"NganhNgheTitle":"Hoàn thiện công trình xây dựng","NganhNgheTitleAscii":"/nganh-nghe/hoan-thien-cong-trinh-xay-dung","DSTags":["2400813490","Bắc Giang",null]},{"Type":11,"SolrID":"/2400811905-cong-ty-tnhh-phat-trien-thuong-mai-an-thanh-dat","ID":0,"MaSoThue":"2400811905","NgayCap":"2017-03-29T00:00:00Z","Title":"Công Ty TNHH Phát Triển Thương Mại An Thành Đạt","DiaChiCongTy":"Xóm Mỹ Tượng, Xã Lãng Sơn, Huyện Yên Dũng, Tỉnh Bắc Giang","Created":"2017-03-29T09:10:59Z","Updated":"2017-03-29T09:10:59Z","IsDelete":false,"RequestChanged":false,"ExitsInGDT":false,"SourceID":0,"TinhThanhID":0,"TinhThanhTitle":"Bắc Giang","TinhThanhTitleAscii":"/bac-giang","QuanHuyenID":0,"NganhNgheTitle":"Bán buôn vải, hàng may sẵn, giày dép","NganhNgheTitleAscii":"/nganh-nghe/ban-buon-vai-hang-may-san-giay-dep","DSTags":["2400811905","Bắc Giang",null]},{"Type":11,"SolrID":"/2400799327-cong-ty-tnhh-do-go-noi-that-nguyen-cuong","ID":0,"MaSoThue":"2400799327","NgayCap":"2016-08-18T00:00:00Z","Title":"CôNG TY TNHH Đồ Gỗ NộI THấT NGUYễN CườNG","DiaChiCongTy":"Thôn Trại Thượng - Xã Lãng Sơn - Huyện Yên Dũng - Bắc Giang","Created":"2016-08-19T16:00:56Z","Updated":"2016-09-10T16:17:18Z","IsDelete":false,"RequestChanged":false,"ExitsInGDT":false,"SourceID":0,"TinhThanhID":0,"TinhThanhTitle":"Bắc Giang","TinhThanhTitleAscii":"/bac-giang","QuanHuyenID":0,"DSTags":["2400799327","Bắc Giang",null]},{"Type":11,"SolrID":"/2400796781-cong-ty-tnhh-tm-dv-hieu-duong","ID":0,"MaSoThue":"2400796781","NgayCap":"2016-06-23T00:00:00Z","Title":"Công Ty TNHH Tm & Dv Hiếu Dương","DiaChiCongTy":"Thôn Sơn Thịnh - Xã Lãng Sơn - Huyện Yên Dũng - Bắc Giang","Created":"2016-06-25T14:13:15Z","Updated":"2016-06-25T14:13:15Z","IsDelete":false,"RequestChanged":false,"ExitsInGDT":false,"SourceID":0,"TinhThanhID":0,"TinhThanhTitle":"Bắc Giang","TinhThanhTitleAscii":"/bac-giang","QuanHuyenID":0,"NganhNgheTitle":"Tư vấn, môi giới, đấu giá bất động sản, đấu giá quyền sử dụng đất","NganhNgheTitleAscii":"/nganh-nghe/tu-van-moi-gioi-dau-gia-bat-dong-san-dau-gia-quyen-su-dung-dat","DSTags":["2400796781","Bắc Giang",null]},{"Type":11,"SolrID":"/2400794223-cong-ty-tnhh-nuoc-va-moi-truong-hai-binh","ID":0,"MaSoThue":"2400794223","NgayCap":"2016-04-25T00:00:00Z","Title":"Công Ty TNHH Nước Và Môi Trường Hải Bình","DiaChiCongTy":"Thôn Hồng Sơn - Xã Lãng Sơn - Huyện Yên Dũng - Bắc Giang","Created":"2016-04-29T08:54:57Z","Updated":"2016-07-30T09:23:19Z","IsDelete":false,"RequestChanged":false,"ExitsInGDT":false,"SourceID":0,"TinhThanhID":0,"TinhThanhTitle":"Bắc Giang","TinhThanhTitleAscii":"/bac-giang","QuanHuyenID":0,"NganhNgheTitle":"Khai thác, xử lý và cung cấp nước","NganhNgheTitleAscii":"/nganh-nghe/khai-thac-xu-ly-va-cung-cap-nuoc","DSTags":["2400794223","Bắc Giang",null]},{"Type":11,"SolrID":"/2400789801-truong-mam-non-lang-son","ID":0,"MaSoThue":"2400789801","NgayCap":"2016-02-23T00:00:00Z","Title":"Trường mầm non Lãng Sơn","DiaChiCongTy":"Tân Mỹ - Xã Lãng Sơn - Huyện Yên Dũng - Bắc Giang","Created":"2016-02-24T12:09:41Z","Updated":"2016-02-24T12:09:41Z","IsDelete":false,"RequestChanged":false,"ExitsInGDT":false,"SourceID":0,"TinhThanhID":0,"TinhThanhTitle":"Bắc Giang","TinhThanhTitleAscii":"/bac-giang","QuanHuyenID":0,"NganhNgheTitle":"Giáo dục và đào tạo","NganhNgheTitleAscii":"/nganh-nghe/giao-duc-va-dao-tao-85","DSTags":["2400789801","Bắc Giang",null]},{"Type":11,"SolrID":"/2400771113-cong-ty-tnhh-mot-thanh-vien-thuong-mai-va-van-tai-689","ID":0,"MaSoThue":"2400771113","NgayCap":"2015-09-21T00:00:00Z","Title":"Công Ty TNHH Một Thành Viên Thương Mại Và Vận Tải 689","DiaChiCongTy":"Thôn Phú Thịnh - Xã Lãng Sơn - Huyện Yên Dũng - Bắc Giang","Created":"2015-11-19T04:57:05Z","Updated":"2015-11-19T04:57:05Z","IsDelete":false,"RequestChanged":false,"ExitsInGDT":false,"SourceID":0,"TinhThanhID":0,"TinhThanhTitle":"Bắc Giang","TinhThanhTitleAscii":"/bac-giang","QuanHuyenID":0,"NganhNgheTitle":"Vận tải hàng hóa bằng đường bộ","NganhNgheTitleAscii":"/nganh-nghe/van-tai-hang-hoa-bang-duong-bo","DSTags":["2400771113","Bắc Giang",null]},{"Type":11,"SolrID":"/2400763930-cong-ty-tnhh-dich-vu-an-uong-dai-long","ID":0,"MaSoThue":"2400763930","NgayCap":"2015-04-23T00:00:00Z","Title":"Công Ty TNHH Dịch Vụ ăn Uống Đại Long","DiaChiCongTy":"Làng Nghề - Xã Lãng Sơn - Huyện Yên Dũng - Bắc Giang","Created":"2015-11-17T09:20:08Z","Updated":"2015-11-17T09:20:08Z","IsDelete":false,"RequestChanged":false,"ExitsInGDT":false,"SourceID":0,"TinhThanhID":0,"TinhThanhTitle":"Bắc Giang","TinhThanhTitleAscii":"/bac-giang","QuanHuyenID":0,"NganhNgheTitle":"Sản xuất món ăn, thức ăn chế biến sẵn","NganhNgheTitleAscii":"/nganh-nghe/san-xuat-mon-an-thuc-an-che-bien-san","DSTags":["2400763930","Bắc Giang",null]},{"Type":11,"SolrID":"/2400647412-cong-ty-tnhh-an-thao-minh","ID":0,"MaSoThue":"2400647412","NgayCap":"2013-08-22T00:00:00Z","Title":"Công Ty TNHH An Thảo Minh","DiaChiCongTy":"Thôn Phú Thịnh - Xã Lãng Sơn - Huyện Yên Dũng - Bắc Giang","Created":"2015-11-10T00:48:37Z","Updated":"2015-11-10T00:48:37Z","IsDelete":false,"RequestChanged":false,"ExitsInGDT":false,"SourceID":0,"TinhThanhID":0,"TinhThanhTitle":"Bắc Giang","TinhThanhTitleAscii":"/bac-giang","QuanHuyenID":0,"NganhNgheTitle":"Bán buôn vật liệu, thiết bị lắp đặt khác trong xây dựng","NganhNgheTitleAscii":"/nganh-nghe/ban-buon-vat-lieu-thiet-bi-lap-dat-khac-trong-xay-dung","DSTags":["2400647412","Bắc Giang",null]},{"Type":11,"SolrID":"/2400620315-cong-ty-co-phan-bai-dau","ID":0,"MaSoThue":"2400620315","NgayCap":"2012-09-10T00:00:00Z","Title":"Công Ty Cổ Phần Bãi Dâu","DiaChiCongTy":"Mỹ Tượng - Xã Lãng Sơn - Huyện Yên Dũng - Bắc Giang","Created":"2015-11-12T05:26:34Z","Updated":"2015-11-12T05:26:34Z","IsDelete":false,"RequestChanged":false,"ExitsInGDT":false,"SourceID":0,"TinhThanhID":0,"TinhThanhTitle":"Bắc Giang","TinhThanhTitleAscii":"/bac-giang","QuanHuyenID":0,"NganhNgheTitle":"Vận tải hàng hóa bằng đường bộ","NganhNgheTitleAscii":"/nganh-nghe/van-tai-hang-hoa-bang-duong-bo","DSTags":["2400620315","Bắc Giang",null]},{"Type":11,"SolrID":"/2400496026-cong-ty-tnhh-thuong-mai-dich-vu-quang-tung","ID":0,"MaSoThue":"2400496026","NgayCap":"2010-01-20T00:00:00Z","Title":"Công ty TNHH thương mại & dịch vụ Quang Tùng","DiaChiCongTy":"Khu làng nghề Đông Loan - Xã Lãng Sơn - Huyện Yên Dũng - Bắc Giang","Created":"2015-11-12T12:30:07Z","Updated":"2015-11-12T12:30:07Z","IsDelete":false,"RequestChanged":false,"ExitsInGDT":false,"SourceID":0,"TinhThanhID":0,"TinhThanhTitle":"Bắc Giang","TinhThanhTitleAscii":"/bac-giang","QuanHuyenID":0,"NganhNgheTitle":"Sản xuất sản phẩm từ gỗ, tre, nứa (trừ giường, tủ, bàn, ghế); sản xuất sản phẩm từ rơm, rạ và vật liệu tết bện","NganhNgheTitleAscii":"/nganh-nghe/san-xuat-san-pham-tu-go-tre-nua-tru-giuong-tu-ban-ghe-san-xuat-san-pham-tu-rom-ra-va-vat-lieu-tet-ben","DSTags":["2400496026","Bắc Giang",null]},{"Type":11,"SolrID":"/2400467787-024-truong-tieu-hoc-lang-son","ID":0,"MaSoThue":"2400467787-024","NgayCap":"2009-07-01T00:00:00Z","Title":"Trường tiểu học Lãng Sơn","DiaChiCongTy":"xã Lãng Sơn - Huyện Yên Dũng - Bắc Giang","Created":"2015-11-17T22:24:29Z","Updated":"2015-11-17T22:24:29Z","IsDelete":false,"RequestChanged":false,"ExitsInGDT":false,"SourceID":0,"TinhThanhID":0,"TinhThanhTitle":"Bắc Giang","TinhThanhTitleAscii":"/bac-giang","QuanHuyenID":0,"NganhNgheTitle":"Giáo dục tiểu học","NganhNgheTitleAscii":"/nganh-nghe/giao-duc-tieu-hoc","DSTags":["2400467787-024","Bắc Giang",null]},{"Type":11,"SolrID":"/2400467787-004-truong-trung-hoc-co-so-lang-son","ID":0,"MaSoThue":"2400467787-004","NgayCap":"2009-06-30T00:00:00Z","Title":"Trường Trung học cơ sở Lãng Sơn","DiaChiCongTy":"thôn Tân Mỹ - xã Lãng Sơn - Huyện Yên Dũng - Bắc Giang","Created":"2015-11-17T22:24:11Z","Updated":"2015-11-17T22:24:11Z","IsDelete":false,"RequestChanged":false,"ExitsInGDT":false,"SourceID":0,"TinhThanhID":0,"TinhThanhTitle":"Bắc Giang","TinhThanhTitleAscii":"/bac-giang","QuanHuyenID":0,"NganhNgheTitle":"Giáo dục trung học cơ sở và trung học phổ thông","NganhNgheTitleAscii":"/nganh-nghe/giao-duc-trung-hoc-co-so-va-trung-hoc-pho-thong","DSTags":["2400467787-004","Bắc Giang",null]},{"Type":11,"SolrID":"/2400211249-ubnd-xa-lang-son","ID":0,"MaSoThue":"2400211249","NgayCap":"1998-11-23T00:00:00Z","Title":"UBND Xã Lãng Sơn","DiaChiCongTy":"Xã Lãng Sơn - Huyện Yên Dũng - Bắc Giang","Created":"2015-11-16T06:34:23Z","Updated":"2015-11-16T06:34:23Z","IsDelete":false,"RequestChanged":false,"ExitsInGDT":false,"SourceID":0,"TinhThanhID":0,"TinhThanhTitle":"Bắc Giang","TinhThanhTitleAscii":"/bac-giang","QuanHuyenID":0,"NganhNgheTitle":"Hoạt động tài chính khác","NganhNgheTitleAscii":"/nganh-nghe/hoat-dong-tai-chinh-khac","DSTags":["2400211249","Bắc Giang",null]}]}