{"ID":10212,"SolrID":"/bac-giang/huyen-yen-dung/xa-song-khe","Title":"Xã Song Khê","TinhThanhTitle":"Bắc Giang","QuanHuyenTitle":"Huyện Yên Dũng","QuanHuyenID":354,"TinhThanhID":54,"Url":"https://thongtindoanhnghiep.co/api/company?l=/bac-giang/huyen-yen-dung/xa-song-khe","Total":4,"List":[{"Type":11,"SolrID":"/2400467787-050-truong-trung-hoc-co-so-nguyen-khac-nhu","ID":0,"MaSoThue":"2400467787-050","NgayCap":"2009-08-24T00:00:00Z","Title":"Trường Trung học cơ sở Nguyễn Khắc Nhu","DiaChiCongTy":"Thôn Song Khê - xã Song Khê - Huyện Yên Dũng - Bắc Giang","Created":"2015-11-17T22:24:51Z","Updated":"2015-11-17T22:24:51Z","IsDelete":false,"RequestChanged":false,"ExitsInGDT":false,"SourceID":0,"TinhThanhID":0,"TinhThanhTitle":"Bắc Giang","TinhThanhTitleAscii":"/bac-giang","QuanHuyenID":0,"NganhNgheTitle":"Giáo dục trung học cơ sở và trung học phổ thông","NganhNgheTitleAscii":"/nganh-nghe/giao-duc-trung-hoc-co-so-va-trung-hoc-pho-thong","DSTags":["2400467787-050","Bắc Giang",null]},{"Type":11,"SolrID":"/2400467787-048-truong-tieu-hoc-nguyen-khac-nhu","ID":0,"MaSoThue":"2400467787-048","NgayCap":"2009-08-14T00:00:00Z","Title":"Trường tiểu học Nguyễn Khắc Nhu","DiaChiCongTy":"xóm Song Khê - xã Song Khê - Huyện Yên Dũng - Bắc Giang","Created":"2015-11-17T22:24:49Z","Updated":"2015-11-17T22:24:49Z","IsDelete":false,"RequestChanged":false,"ExitsInGDT":false,"SourceID":0,"TinhThanhID":0,"TinhThanhTitle":"Bắc Giang","TinhThanhTitleAscii":"/bac-giang","QuanHuyenID":0,"NganhNgheTitle":"Giáo dục tiểu học","NganhNgheTitleAscii":"/nganh-nghe/giao-duc-tieu-hoc","DSTags":["2400467787-048","Bắc Giang",null]},{"Type":11,"SolrID":"/2400348370-cong-ty-co-phan-may-xuat-khau-dong-do","ID":0,"MaSoThue":"2400348370","NgayCap":"2005-11-17T00:00:00Z","Title":"Công ty cổ phần may xuất khẩu Đông Đô","DiaChiCongTy":"Thôn Lịm Xuyên xã Song Khê - Huyện Yên Dũng - Bắc Giang","Created":"2015-11-11T07:49:05Z","Updated":"2015-11-11T07:49:05Z","IsDelete":false,"RequestChanged":false,"ExitsInGDT":false,"SourceID":0,"TinhThanhID":0,"TinhThanhTitle":"Bắc Giang","TinhThanhTitleAscii":"/bac-giang","QuanHuyenID":0,"NganhNgheTitle":"May trang phục (trừ trang phục từ da lông thú)","NganhNgheTitleAscii":"/nganh-nghe/may-trang-phuc-tru-trang-phuc-tu-da-long-thu","DSTags":["2400348370","Bắc Giang",null]},{"Type":11,"SolrID":"/2400329843-cong-ty-co-phan-tu-van-dau-tu-xay-dung-tuan-son","ID":0,"MaSoThue":"2400329843","NgayCap":"2004-08-19T00:00:00Z","Title":"Công ty cổ phần tư vấn đầu tư xây dựng Tuấn Sơn","DiaChiCongTy":"Xã Song Khê - Huyện Yên Dũng - Bắc Giang","Created":"2015-11-12T12:48:54Z","Updated":"2015-11-12T12:48:54Z","IsDelete":false,"RequestChanged":false,"ExitsInGDT":false,"SourceID":0,"TinhThanhID":0,"TinhThanhTitle":"Bắc Giang","TinhThanhTitleAscii":"/bac-giang","QuanHuyenID":0,"NganhNgheTitle":"Xây dựng công trình kỹ thuật dân dụng","NganhNgheTitleAscii":"/nganh-nghe/xay-dung-cong-trinh-ky-thuat-dan-dung","DSTags":["2400329843","Bắc Giang",null]}]}