{"ID":10215,"SolrID":"/bac-giang/huyen-yen-dung/xa-tan-my","Title":"Xã Tân Mỹ","TinhThanhTitle":"Bắc Giang","QuanHuyenTitle":"Huyện Yên Dũng","QuanHuyenID":354,"TinhThanhID":54,"Url":"https://thongtindoanhnghiep.co/api/company?l=/bac-giang/huyen-yen-dung/xa-tan-my","Total":8,"List":[{"Type":11,"SolrID":"/2400467787-016-truong-trung-hoc-co-so-tan-my","ID":0,"MaSoThue":"2400467787-016","NgayCap":"2009-07-01T00:00:00Z","Title":"Trường Trung học cơ sở Tân Mỹ","DiaChiCongTy":"xã Tân Mỹ - Huyện Yên Dũng - Bắc Giang","Created":"2015-11-17T22:24:22Z","Updated":"2015-11-17T22:24:22Z","IsDelete":false,"RequestChanged":false,"ExitsInGDT":false,"SourceID":0,"TinhThanhID":0,"TinhThanhTitle":"Bắc Giang","TinhThanhTitleAscii":"/bac-giang","QuanHuyenID":0,"NganhNgheTitle":"Giáo dục trung học cơ sở và trung học phổ thông","NganhNgheTitleAscii":"/nganh-nghe/giao-duc-trung-hoc-co-so-va-trung-hoc-pho-thong","DSTags":["2400467787-016","Bắc Giang",null]},{"Type":11,"SolrID":"/2400467787-035-truong-tieu-hoc-tan-my","ID":0,"MaSoThue":"2400467787-035","NgayCap":"2009-07-01T00:00:00Z","Title":"Trường Tiểu học Tân Mỹ","DiaChiCongTy":"xã Tân Mỹ - Huyện Yên Dũng - Bắc Giang","Created":"2015-11-17T22:24:39Z","Updated":"2015-11-17T22:24:39Z","IsDelete":false,"RequestChanged":false,"ExitsInGDT":false,"SourceID":0,"TinhThanhID":0,"TinhThanhTitle":"Bắc Giang","TinhThanhTitleAscii":"/bac-giang","QuanHuyenID":0,"NganhNgheTitle":"Giáo dục tiểu học","NganhNgheTitleAscii":"/nganh-nghe/giao-duc-tieu-hoc","DSTags":["2400467787-035","Bắc Giang",null]},{"Type":11,"SolrID":"/2400404071-cong-ty-trach-nhiem-huu-han-linh-kien-thep-duc-vinh-vuong","ID":0,"MaSoThue":"2400404071","NgayCap":"2008-07-04T00:00:00Z","Title":"Công ty trách nhiệm hữu hạn linh kiện thép đúc Vĩnh Vượng","DiaChiCongTy":"thôn Lò, xã Tân Mỹ - Huyện Yên Dũng - Bắc Giang","Created":"2015-11-12T13:01:57Z","Updated":"2015-11-12T13:01:57Z","IsDelete":false,"RequestChanged":false,"ExitsInGDT":false,"SourceID":0,"TinhThanhID":0,"TinhThanhTitle":"Bắc Giang","TinhThanhTitleAscii":"/bac-giang","QuanHuyenID":0,"NganhNgheTitle":"Sản xuất khác chưa được phân vào đâu","NganhNgheTitleAscii":"/nganh-nghe/san-xuat-khac-chua-duoc-phan-vao-dau","DSTags":["2400404071","Bắc Giang",null]},{"Type":11,"SolrID":"/2300272128-001-chi-nhanh-cong-ty-tnhh-thuong-mai-dich-vu-phuong-linh","ID":0,"MaSoThue":"2300272128-001","NgayCap":"2007-05-30T00:00:00Z","Title":"Chi nhánh công ty TNHH thương mại dịch vụ Phương Linh","DiaChiCongTy":"Ki ốt số 14 Trung tâm thương mại thể thao Lam Sơn, xã Tân Mỹ - Huyện Yên Dũng - Bắc Giang","Created":"2015-11-17T22:14:25Z","Updated":"2015-11-17T22:14:25Z","IsDelete":false,"RequestChanged":false,"ExitsInGDT":false,"SourceID":0,"TinhThanhID":0,"TinhThanhTitle":"Bắc Giang","TinhThanhTitleAscii":"/bac-giang","QuanHuyenID":0,"NganhNgheTitle":"Bán buôn gạo, thực phẩm, đồ uống và sản phẩm thuốc lá, thuốc lào","NganhNgheTitleAscii":"/nganh-nghe/ban-buon-gao-thuc-pham-do-uong-va-san-pham-thuoc-la-thuoc-lao","DSTags":["2300272128-001","Bắc Giang",null]},{"Type":11,"SolrID":"/2400368578-cong-ty-co-phan-thai-thanh-son","ID":0,"MaSoThue":"2400368578","NgayCap":"2006-10-23T00:00:00Z","Title":"Công ty cổ phần Thái Thanh Sơn","DiaChiCongTy":"phố bãi Bò - xã Tân Mỹ - Huyện Yên Dũng - Bắc Giang","Created":"2015-11-12T12:39:51Z","Updated":"2015-11-12T12:39:51Z","IsDelete":false,"RequestChanged":false,"ExitsInGDT":false,"SourceID":0,"TinhThanhID":0,"TinhThanhTitle":"Bắc Giang","TinhThanhTitleAscii":"/bac-giang","QuanHuyenID":0,"NganhNgheTitle":"Sản xuất thiết bị điện khác","NganhNgheTitleAscii":"/nganh-nghe/san-xuat-thiet-bi-dien-khac","DSTags":["2400368578","Bắc Giang",null]},{"Type":11,"SolrID":"/2400330856-cong-ty-trach-nhiem-huu-han-chuc-ha","ID":0,"MaSoThue":"2400330856","NgayCap":"2004-09-27T00:00:00Z","Title":"Công ty trách nhiệm hữu hạn Chúc Hà","DiaChiCongTy":"Bãi bò xã Tân Mỹ - Huyện Yên Dũng - Bắc Giang","Created":"2015-11-12T12:48:36Z","Updated":"2015-11-12T12:48:36Z","IsDelete":false,"RequestChanged":false,"ExitsInGDT":false,"SourceID":0,"TinhThanhID":0,"TinhThanhTitle":"Bắc Giang","TinhThanhTitleAscii":"/bac-giang","QuanHuyenID":0,"NganhNgheTitle":"Xây dựng công trình kỹ thuật dân dụng","NganhNgheTitleAscii":"/nganh-nghe/xay-dung-cong-trinh-ky-thuat-dan-dung","DSTags":["2400330856","Bắc Giang",null]},{"Type":11,"SolrID":"/2400300361-cong-ty-tnhh-son-chong-tham-patiry","ID":0,"MaSoThue":"2400300361","NgayCap":"2004-05-07T00:00:00Z","Title":"Công ty TNHH sơn chống thấm PATIRY","DiaChiCongTy":"Phố Ngọc Lâm xã Tân Mỹ - Huyện Yên Dũng - Bắc Giang","Created":"2015-11-12T13:02:58Z","Updated":"2015-11-12T13:02:58Z","IsDelete":false,"RequestChanged":false,"ExitsInGDT":false,"SourceID":0,"TinhThanhID":0,"TinhThanhTitle":"Bắc Giang","TinhThanhTitleAscii":"/bac-giang","QuanHuyenID":0,"NganhNgheTitle":"Sản xuất sản phẩm từ plastic","NganhNgheTitleAscii":"/nganh-nghe/san-xuat-san-pham-tu-plastic","DSTags":["2400300361","Bắc Giang",null]},{"Type":11,"SolrID":"/2400144112-cong-ty-xay-lap-duong-day-va-tram-bac-giang","ID":0,"MaSoThue":"2400144112","NgayCap":"1998-08-31T00:00:00Z","Title":"Công ty xây lắp đường dây và trạm Bắc giang","DiaChiCongTy":"Xã tân mỹ - Huyện Yên Dũng - Bắc Giang","Created":"2015-11-12T12:43:51Z","Updated":"2015-11-12T12:43:51Z","IsDelete":false,"RequestChanged":false,"ExitsInGDT":false,"SourceID":0,"TinhThanhID":0,"TinhThanhTitle":"Bắc Giang","TinhThanhTitleAscii":"/bac-giang","QuanHuyenID":0,"NganhNgheTitle":"Xây dựng công trình kỹ thuật dân dụng","NganhNgheTitleAscii":"/nganh-nghe/xay-dung-cong-trinh-ky-thuat-dan-dung","DSTags":["2400144112","Bắc Giang",null]}]}