{"ID":10213,"SolrID":"/bac-giang/huyen-yen-dung/xa-tan-lieu","Title":"Xã Tân Liễu","TinhThanhTitle":"Bắc Giang","QuanHuyenTitle":"Huyện Yên Dũng","QuanHuyenID":354,"TinhThanhID":54,"Url":"https://thongtindoanhnghiep.co/api/company?l=/bac-giang/huyen-yen-dung/xa-tan-lieu","Total":8,"List":[{"Type":11,"SolrID":"/2400916841-cong-ty-tnhh-thuong-mai-va-xang-dau-yen-dung","ID":0,"MaSoThue":"2400916841","NgayCap":"2021-08-06T00:00:00Z","Title":"Công Ty TNHH Thương Mại Và Xăng Dầu Yên Dũng","DiaChiCongTy":"Thôn Tân Độ, Xã Tân Liễu, Huyện Yên Dũng, Tỉnh Bắc Giang","Created":"2021-08-06T08:36:20Z","Updated":"2021-08-06T08:36:20Z","IsDelete":false,"RequestChanged":false,"ExitsInGDT":false,"SourceID":0,"TinhThanhID":0,"TinhThanhTitle":"Bắc Giang","TinhThanhTitleAscii":"/bac-giang","QuanHuyenID":0,"NganhNgheTitle":"Bán lẻ nhiên liệu động cơ trong các cửa hàng chuyên doanh","NganhNgheTitleAscii":"/nganh-nghe/ban-le-nhien-lieu-dong-co-trong-cac-cua-hang-chuyen-doanh","DSTags":["2400916841","Bắc Giang",null]},{"Type":11,"SolrID":"/2400738758-cong-ty-tnhh-mot-thanh-vien-truong-hien","ID":0,"MaSoThue":"2400738758","NgayCap":"2014-06-27T00:00:00Z","Title":"Công Ty TNHH Một Thành Viên Trường Hiền","DiaChiCongTy":"Đội 7, thôn Tân Độ - Xã Tân Liễu - Huyện Yên Dũng - Bắc Giang","Created":"2015-11-09T13:59:15Z","Updated":"2015-11-09T13:59:15Z","IsDelete":false,"RequestChanged":false,"ExitsInGDT":false,"SourceID":0,"TinhThanhID":0,"TinhThanhTitle":"Bắc Giang","TinhThanhTitleAscii":"/bac-giang","QuanHuyenID":0,"NganhNgheTitle":"Hoạt động của các trung tâm, đại lý tư vấn, giới thiệu và môi giới lao động, việc làm","NganhNgheTitleAscii":"/nganh-nghe/hoat-dong-cua-cac-trung-tam-dai-ly-tu-van-gioi-thieu-va-moi-gioi-lao-dong-viec-lam","DSTags":["2400738758","Bắc Giang",null]},{"Type":11,"SolrID":"/2400569316-cong-ty-tnhh-1-tv-tm-giay-an-phu","ID":0,"MaSoThue":"2400569316","NgayCap":"2011-10-18T00:00:00Z","Title":"Công Ty TNHH - 1 Tv Tm Giấy An Phú","DiaChiCongTy":"xóm Liễu Nham - Xã Tân Liễu - Huyện Yên Dũng - Bắc Giang","Created":"2015-11-10T02:03:03Z","Updated":"2015-11-10T02:03:03Z","IsDelete":false,"RequestChanged":false,"ExitsInGDT":false,"SourceID":0,"TinhThanhID":0,"TinhThanhTitle":"Bắc Giang","TinhThanhTitleAscii":"/bac-giang","QuanHuyenID":0,"NganhNgheTitle":"Vận tải hàng hóa bằng đường bộ","NganhNgheTitleAscii":"/nganh-nghe/van-tai-hang-hoa-bang-duong-bo","DSTags":["2400569316","Bắc Giang",null]},{"Type":11,"SolrID":"/2400501607-cong-ty-co-phan-thuong-mai-ngoc-thach","ID":0,"MaSoThue":"2400501607","NgayCap":"2010-04-19T00:00:00Z","Title":"Công ty Cổ phần thương mại Ngọc Thạch","DiaChiCongTy":"thôn Tân Độ, xã Tân Liễu - Xã Tân Liễu - Huyện Yên Dũng - Bắc Giang","Created":"2015-11-09T05:03:39Z","Updated":"2015-11-09T05:03:39Z","IsDelete":false,"RequestChanged":false,"ExitsInGDT":false,"SourceID":0,"TinhThanhID":0,"TinhThanhTitle":"Bắc Giang","TinhThanhTitleAscii":"/bac-giang","QuanHuyenID":0,"NganhNgheTitle":"Bán buôn vật liệu, thiết bị lắp đặt khác trong xây dựng","NganhNgheTitleAscii":"/nganh-nghe/ban-buon-vat-lieu-thiet-bi-lap-dat-khac-trong-xay-dung","DSTags":["2400501607","Bắc Giang",null]},{"Type":11,"SolrID":"/2400467787-049-truong-tieu-hoc-tan-lieu","ID":0,"MaSoThue":"2400467787-049","NgayCap":"2010-03-18T00:00:00Z","Title":"Trường Tiểu học Tân Liễu","DiaChiCongTy":"Thôn Tân Độ - Xã Tân Liễu - Huyện Yên Dũng - Bắc Giang","Created":"2015-11-17T22:24:50Z","Updated":"2015-11-17T22:24:50Z","IsDelete":false,"RequestChanged":false,"ExitsInGDT":false,"SourceID":0,"TinhThanhID":0,"TinhThanhTitle":"Bắc Giang","TinhThanhTitleAscii":"/bac-giang","QuanHuyenID":0,"NganhNgheTitle":"Giáo dục tiểu học","NganhNgheTitleAscii":"/nganh-nghe/giao-duc-tieu-hoc","DSTags":["2400467787-049","Bắc Giang",null]},{"Type":11,"SolrID":"/2400467787-045-truong-trung-hoc-co-so-tan-lieu","ID":0,"MaSoThue":"2400467787-045","NgayCap":"2009-08-12T00:00:00Z","Title":"Trường trung học cơ sở Tân Liễu","DiaChiCongTy":"Xóm Tân Độ - Xã Tân Liễu - Huyện Yên Dũng - Bắc Giang","Created":"2015-11-17T22:24:46Z","Updated":"2015-11-17T22:24:46Z","IsDelete":false,"RequestChanged":false,"ExitsInGDT":false,"SourceID":0,"TinhThanhID":0,"TinhThanhTitle":"Bắc Giang","TinhThanhTitleAscii":"/bac-giang","QuanHuyenID":0,"NganhNgheTitle":"Giáo dục trung học cơ sở và trung học phổ thông","NganhNgheTitleAscii":"/nganh-nghe/giao-duc-trung-hoc-co-so-va-trung-hoc-pho-thong","DSTags":["2400467787-045","Bắc Giang",null]},{"Type":11,"SolrID":"/2400453375-cong-ty-co-phan-thuong-mai-ha-dong","ID":0,"MaSoThue":"2400453375","NgayCap":"2009-05-18T00:00:00Z","Title":"Công ty Cổ phần thương mại Hà đông","DiaChiCongTy":"thôn Tân độ, xã Tân Liễu - Huyện Yên Dũng - Bắc Giang","Created":"2015-11-09T03:24:36Z","Updated":"2015-11-09T03:24:36Z","IsDelete":false,"RequestChanged":false,"ExitsInGDT":false,"SourceID":0,"TinhThanhID":0,"TinhThanhTitle":"Bắc Giang","TinhThanhTitleAscii":"/bac-giang","QuanHuyenID":0,"NganhNgheTitle":"Sản xuất sản phẩm khác từ gỗ; sản xuất sản phẩm từ tre, nứa, rơm, rạ và vật liệu tết bện","NganhNgheTitleAscii":"/nganh-nghe/san-xuat-san-pham-khac-tu-go-san-xuat-san-pham-tu-tre-nua-rom-ra-va-vat-lieu-tet-ben","DSTags":["2400453375","Bắc Giang",null]},{"Type":11,"SolrID":"/2400211369-ubnd-xa-tan-lieu","ID":0,"MaSoThue":"2400211369","NgayCap":"1998-11-23T00:00:00Z","Title":"UBND Xã Tân Liễu","DiaChiCongTy":"Xã Tân Liễu - Huyện Yên Dũng - Bắc Giang","Created":"2015-11-16T06:34:13Z","Updated":"2015-11-16T06:34:13Z","IsDelete":false,"RequestChanged":false,"ExitsInGDT":false,"SourceID":0,"TinhThanhID":0,"TinhThanhTitle":"Bắc Giang","TinhThanhTitleAscii":"/bac-giang","QuanHuyenID":0,"NganhNgheTitle":"Hoạt động tài chính khác","NganhNgheTitleAscii":"/nganh-nghe/hoat-dong-tai-chinh-khac","DSTags":["2400211369","Bắc Giang",null]}]}