{"ID":10218,"SolrID":"/bac-giang/huyen-yen-dung/xa-tien-dung","Title":"Xã Tiến Dũng","TinhThanhTitle":"Bắc Giang","QuanHuyenTitle":"Huyện Yên Dũng","QuanHuyenID":354,"TinhThanhID":54,"Url":"https://thongtindoanhnghiep.co/api/company?l=/bac-giang/huyen-yen-dung/xa-tien-dung","Total":17,"List":[{"Type":11,"SolrID":"/2400910991-cong-ty-tnhh-thuong-mai-va-dich-vu-truong-hoai","ID":0,"MaSoThue":"2400910991","NgayCap":"2021-04-29T00:00:00Z","Title":"Công Ty TNHH Thương Mại Và Dịch Vụ Trương Hoài","DiaChiCongTy":"Thôn Thuận Lý, Xã Tiến Dũng, Huyện Yên Dũng, Tỉnh Bắc Giang","Created":"2021-04-29T18:35:53Z","Updated":"2021-04-29T18:35:53Z","IsDelete":false,"RequestChanged":false,"ExitsInGDT":false,"SourceID":0,"TinhThanhID":0,"TinhThanhTitle":"Bắc Giang","TinhThanhTitleAscii":"/bac-giang","QuanHuyenID":0,"NganhNgheTitle":"Bán buôn đồ dùng khác cho gia đình","NganhNgheTitleAscii":"/nganh-nghe/ban-buon-do-dung-khac-cho-gia-dinh","DSTags":["2400910991","Bắc Giang",null]},{"Type":11,"SolrID":"/2400905536-cong-ty-tnhh-xay-dung-thuong-mai-tong-hop-huong-mai","ID":0,"MaSoThue":"2400905536","NgayCap":"2021-02-25T00:00:00Z","Title":"Công Ty TNHH Xây Dựng, Thương Mại Tổng Hợp Hương Mai","DiaChiCongTy":"Thôn Đông Thắng, Xã Tiến Dũng, Huyện Yên Dũng, Tỉnh Bắc Giang","Created":"2021-02-25T10:36:22Z","Updated":"2021-02-25T10:36:22Z","IsDelete":false,"RequestChanged":false,"ExitsInGDT":false,"SourceID":0,"TinhThanhID":0,"TinhThanhTitle":"Bắc Giang","TinhThanhTitleAscii":"/bac-giang","QuanHuyenID":0,"NganhNgheTitle":"Bán buôn vật liệu, thiết bị lắp đặt khác trong xây dựng","NganhNgheTitleAscii":"/nganh-nghe/ban-buon-vat-lieu-thiet-bi-lap-dat-khac-trong-xay-dung","DSTags":["2400905536","Bắc Giang",null]},{"Type":11,"SolrID":"/2400902831-cong-ty-tnhh-xay-dung-chuyen-qua","ID":0,"MaSoThue":"2400902831","NgayCap":"2021-01-11T00:00:00Z","Title":"Công Ty TNHH Xây Dựng Chuyên Quả","DiaChiCongTy":"Thôn Thuận Lý , Xã Tiến Dũng, Huyện Yên Dũng, Tỉnh Bắc Giang","Created":"2021-01-11T09:40:35Z","Updated":"2021-01-11T09:40:35Z","IsDelete":false,"RequestChanged":false,"ExitsInGDT":false,"SourceID":0,"TinhThanhID":0,"TinhThanhTitle":"Bắc Giang","TinhThanhTitleAscii":"/bac-giang","QuanHuyenID":0,"DSTags":["2400902831","Bắc Giang",null]},{"Type":11,"SolrID":"/2400842639-cong-ty-tnhh-quoc-bao-door","ID":0,"MaSoThue":"2400842639","NgayCap":"2018-07-05T00:00:00Z","Title":"Công Ty TNHH Quốc Bảo Door","DiaChiCongTy":"Xóm Thuận Lý, Xã Tiến Dũng, Huyện Yên Dũng, Tỉnh Bắc Giang","Created":"2018-07-05T11:36:08Z","Updated":"2018-07-05T11:36:08Z","IsDelete":false,"RequestChanged":false,"ExitsInGDT":false,"SourceID":0,"TinhThanhID":0,"TinhThanhTitle":"Bắc Giang","TinhThanhTitleAscii":"/bac-giang","QuanHuyenID":0,"NganhNgheTitle":"Bán buôn vật liệu, thiết bị lắp đặt khác trong xây dựng","NganhNgheTitleAscii":"/nganh-nghe/ban-buon-vat-lieu-thiet-bi-lap-dat-khac-trong-xay-dung","DSTags":["2400842639","Bắc Giang",null]},{"Type":11,"SolrID":"/4900773377-001-co-so-san-xuat-chi-nhanh-cong-ty-tnhh-mtv-mb-cao-thanh","ID":0,"MaSoThue":"4900773377-001","NgayCap":"2018-06-07T00:00:00Z","Title":"Cơ Sở Sản Xuất - Chi Nhánh Công Ty TNHH Mtv Mb Cao Thành","DiaChiCongTy":"Thôn Ninh Xuyên, Xã Tiến Dũng, Huyện Yên Dũng, Tỉnh Bắc Giang","Created":"2018-06-13T10:28:19Z","Updated":"2018-06-13T10:28:19Z","IsDelete":false,"RequestChanged":false,"ExitsInGDT":false,"SourceID":0,"TinhThanhID":0,"TinhThanhTitle":"Bắc Giang","TinhThanhTitleAscii":"/bac-giang","QuanHuyenID":0,"NganhNgheTitle":"Sản xuất dao kéo, dụng cụ cầm tay và đồ kim loại thông dụng","NganhNgheTitleAscii":"/nganh-nghe/san-xuat-dao-keo-dung-cu-cam-tay-va-do-kim-loai-thong-dung","DSTags":["4900773377-001","Bắc Giang",null]},{"Type":11,"SolrID":"/2400840617-cong-ty-tnhh-tm-xnk-hiep-hung-bac-giang","ID":0,"MaSoThue":"2400840617","NgayCap":"2018-06-05T00:00:00Z","Title":"Công Ty TNHH Tm Xnk Hiệp Hưng Bắc Giang","DiaChiCongTy":"Thôn Chùa, Xã Tiến Dũng, Huyện Yên Dũng, Tỉnh Bắc Giang","Created":"2018-06-05T17:34:18Z","Updated":"2018-06-05T17:34:18Z","IsDelete":false,"RequestChanged":false,"ExitsInGDT":false,"SourceID":0,"TinhThanhID":0,"TinhThanhTitle":"Bắc Giang","TinhThanhTitleAscii":"/bac-giang","QuanHuyenID":0,"NganhNgheTitle":"Bán mô tô, xe máy","NganhNgheTitleAscii":"/nganh-nghe/ban-mo-to-xe-may","DSTags":["2400840617","Bắc Giang",null]},{"Type":11,"SolrID":"/2400823717-cong-ty-tnhh-xuat-nhap-khau-va-thuong-mai-trang-le","ID":0,"MaSoThue":"2400823717","NgayCap":"2017-10-16T00:00:00Z","Title":"Công Ty TNHH Xuất Nhập Khẩu Và Thương Mại Trang Lê","DiaChiCongTy":"Thôn Thuận Lý, Xã Tiến Dũng, Huyện Yên Dũng, Tỉnh Bắc Giang","Created":"2017-10-16T14:06:02Z","Updated":"2017-10-16T14:06:02Z","IsDelete":false,"RequestChanged":false,"ExitsInGDT":false,"SourceID":0,"TinhThanhID":0,"TinhThanhTitle":"Bắc Giang","TinhThanhTitleAscii":"/bac-giang","QuanHuyenID":0,"NganhNgheTitle":"Bán buôn đồ dùng khác cho gia đình","NganhNgheTitleAscii":"/nganh-nghe/ban-buon-do-dung-khac-cho-gia-dinh","DSTags":["2400823717","Bắc Giang",null]},{"Type":11,"SolrID":"/2400815829-cong-ty-tnhh-san-xuat-va-thuong-mai-my-pham-hoa-mai","ID":0,"MaSoThue":"2400815829","NgayCap":"2017-06-05T00:00:00Z","Title":"Công Ty TNHH Sản Xuất Và Thương Mại Mỹ Phẩm Hoa Mai","DiaChiCongTy":"Ngã tư Biển Tin, Xã Tiến Dũng, Huyện Yên Dũng, Tỉnh Bắc Giang","Created":"2017-06-05T15:23:01Z","Updated":"2017-06-05T15:23:01Z","IsDelete":false,"RequestChanged":false,"ExitsInGDT":false,"SourceID":0,"TinhThanhID":0,"TinhThanhTitle":"Bắc Giang","TinhThanhTitleAscii":"/bac-giang","QuanHuyenID":0,"NganhNgheTitle":"Bán lẻ thuốc, dụng cụ y tế, mỹ phẩm và vật phẩm vệ sinh trong các cửa hàng chuyên doanh","NganhNgheTitleAscii":"/nganh-nghe/ban-le-thuoc-dung-cu-y-te-my-pham-va-vat-pham-ve-sinh-trong-cac-cua-hang-chuyen-doanh","DSTags":["2400815829","Bắc Giang",null]},{"Type":11,"SolrID":"/2400804344-cong-ty-tnhh-xuat-nhap-khau-va-thuong-mai-thanh-huynh","ID":0,"MaSoThue":"2400804344","NgayCap":"2016-12-09T00:00:00Z","Title":"Công Ty TNHH Xuất Nhập Khẩu Và Thương Mại Thành Huynh","DiaChiCongTy":"Thôn Thuận Lý, Xã Tiến Dũng, Huyện Yên Dũng, Tỉnh Bắc Giang","Created":"2016-12-09T16:13:52Z","Updated":"2016-12-09T16:13:52Z","IsDelete":false,"RequestChanged":false,"ExitsInGDT":false,"SourceID":0,"TinhThanhID":0,"TinhThanhTitle":"Bắc Giang","TinhThanhTitleAscii":"/bac-giang","QuanHuyenID":0,"NganhNgheTitle":"Bán buôn ô tô và xe có động cơ khác","NganhNgheTitleAscii":"/nganh-nghe/ban-buon-o-to-va-xe-co-dong-co-khac","DSTags":["2400804344","Bắc Giang",null]},{"Type":11,"SolrID":"/2400762302-doanh-nghiep-tu-nhan-nga-huy","ID":0,"MaSoThue":"2400762302","NgayCap":"2015-03-24T00:00:00Z","Title":"Doanh Nghiệp Tư Nhân Nga Huy","DiaChiCongTy":"Thôn Tân Tiến - Xã Tiến Dũng - Huyện Yên Dũng - Bắc Giang","Created":"2015-11-17T05:46:01Z","Updated":"2015-11-17T05:46:01Z","IsDelete":false,"RequestChanged":false,"ExitsInGDT":false,"SourceID":0,"TinhThanhID":0,"TinhThanhTitle":"Bắc Giang","TinhThanhTitleAscii":"/bac-giang","QuanHuyenID":0,"NganhNgheTitle":"Bán buôn xăng dầu và các sản phẩm liên quan","NganhNgheTitleAscii":"/nganh-nghe/ban-buon-xang-dau-va-cac-san-pham-lien-quan","DSTags":["2400762302","Bắc Giang",null]},{"Type":11,"SolrID":"/2400743148-cong-ty-tnhh-xay-dung-phuong-hoang-bac-giang","ID":0,"MaSoThue":"2400743148","NgayCap":"2014-11-04T00:00:00Z","Title":"Công Ty TNHH Xây Dựng Phượng Hoàng Bắc Giang","DiaChiCongTy":"Đông Thắng - Xã Tiến Dũng - Huyện Yên Dũng - Bắc Giang","Created":"2015-11-11T05:51:30Z","Updated":"2015-11-11T05:51:30Z","IsDelete":false,"RequestChanged":false,"ExitsInGDT":false,"SourceID":0,"TinhThanhID":0,"TinhThanhTitle":"Bắc Giang","TinhThanhTitleAscii":"/bac-giang","QuanHuyenID":0,"NganhNgheTitle":"Xây dựng nhà các loại","NganhNgheTitleAscii":"/nganh-nghe/xay-dung-nha-cac-loai","DSTags":["2400743148","Bắc Giang",null]},{"Type":11,"SolrID":"/2400647885-doanh-nghiep-tu-nhan-do-duc-hoan","ID":0,"MaSoThue":"2400647885","NgayCap":"2013-09-10T00:00:00Z","Title":"Doanh Nghiệp Tư Nhân Đỗ Đức Hoàn","DiaChiCongTy":"Thôn Tân Tiến - Xã Tiến Dũng - Huyện Yên Dũng - Bắc Giang","Created":"2015-11-16T14:14:47Z","Updated":"2015-11-16T14:14:47Z","IsDelete":false,"RequestChanged":false,"ExitsInGDT":false,"SourceID":0,"TinhThanhID":0,"TinhThanhTitle":"Bắc Giang","TinhThanhTitleAscii":"/bac-giang","QuanHuyenID":0,"NganhNgheTitle":"Bán lẻ đồ điện gia dụng, giường, tủ, bàn, ghế và đồ nội thất tương tự, đèn và bộ đèn điện, đồ dùng gia đình khác chưa được phân vào đâu trong các cửa hàng chuyên doanh","NganhNgheTitleAscii":"/nganh-nghe/ban-le-do-dien-gia-dung-giuong-tu-ban-ghe-va-do-noi-that-tuong-tu-den-va-bo-den-dien-do-dung-gia-dinh-khac-chua-duoc-phan-vao-dau-trong-cac-cua-hang-chuyen-doanh","DSTags":["2400647885","Bắc Giang",null]},{"Type":11,"SolrID":"/2400628025-cong-ty-tnhh-mot-thanh-vien-thuong-mai-va-xay-dung-hoang-anh-dong","ID":0,"MaSoThue":"2400628025","NgayCap":"2012-11-29T00:00:00Z","Title":"Công Ty TNHH Một Thành Viên Thương Mại Và Xây Dựng Hoàng Anh Đông","DiaChiCongTy":"Thôn Tân Tiến - Xã Tiến Dũng - Huyện Yên Dũng - Bắc Giang","Created":"2015-11-12T01:23:27Z","Updated":"2015-11-12T01:23:27Z","IsDelete":false,"RequestChanged":false,"ExitsInGDT":false,"SourceID":0,"TinhThanhID":0,"TinhThanhTitle":"Bắc Giang","TinhThanhTitleAscii":"/bac-giang","QuanHuyenID":0,"NganhNgheTitle":"Xây dựng nhà các loại","NganhNgheTitleAscii":"/nganh-nghe/xay-dung-nha-cac-loai","DSTags":["2400628025","Bắc Giang",null]},{"Type":11,"SolrID":"/2400571058-cong-ty-trach-nhiem-huu-han-mot-thanh-vien-dong-thang","ID":0,"MaSoThue":"2400571058","NgayCap":"2011-10-24T00:00:00Z","Title":"Công Ty Trách Nhiệm Hữu Hạn Một Thành Viên Đông Thắng","DiaChiCongTy":"Thôn Tân Tiến - Xã Tiến Dũng - Huyện Yên Dũng - Bắc Giang","Created":"2015-11-10T02:01:39Z","Updated":"2015-11-10T02:01:39Z","IsDelete":false,"RequestChanged":false,"ExitsInGDT":false,"SourceID":0,"TinhThanhID":0,"TinhThanhTitle":"Bắc Giang","TinhThanhTitleAscii":"/bac-giang","QuanHuyenID":0,"NganhNgheTitle":"Bán buôn xăng dầu và các sản phẩm liên quan","NganhNgheTitleAscii":"/nganh-nghe/ban-buon-xang-dau-va-cac-san-pham-lien-quan","DSTags":["2400571058","Bắc Giang",null]},{"Type":11,"SolrID":"/2400467787-017-truong-trung-hoc-co-so-tien-dung","ID":0,"MaSoThue":"2400467787-017","NgayCap":"2009-07-01T00:00:00Z","Title":"Trường Trung học cơ sở Tiến Dũng","DiaChiCongTy":"Thôn Huyện - xã Tiến Dũng - Huyện Yên Dũng - Bắc Giang","Created":"2015-11-17T22:24:23Z","Updated":"2015-11-17T22:24:23Z","IsDelete":false,"RequestChanged":false,"ExitsInGDT":false,"SourceID":0,"TinhThanhID":0,"TinhThanhTitle":"Bắc Giang","TinhThanhTitleAscii":"/bac-giang","QuanHuyenID":0,"NganhNgheTitle":"Giáo dục trung học cơ sở và trung học phổ thông","NganhNgheTitleAscii":"/nganh-nghe/giao-duc-trung-hoc-co-so-va-trung-hoc-pho-thong","DSTags":["2400467787-017","Bắc Giang",null]},{"Type":11,"SolrID":"/2400467787-028-truong-tieu-hoc-tien-dung","ID":0,"MaSoThue":"2400467787-028","NgayCap":"2009-07-01T00:00:00Z","Title":"Trường Tiểu học Tiến Dũng","DiaChiCongTy":"thôn Tân Tiến - xã Tiến Dũng - Huyện Yên Dũng - Bắc Giang","Created":"2015-11-17T22:24:32Z","Updated":"2015-11-17T22:24:32Z","IsDelete":false,"RequestChanged":false,"ExitsInGDT":false,"SourceID":0,"TinhThanhID":0,"TinhThanhTitle":"Bắc Giang","TinhThanhTitleAscii":"/bac-giang","QuanHuyenID":0,"NganhNgheTitle":"Giáo dục tiểu học","NganhNgheTitleAscii":"/nganh-nghe/giao-duc-tieu-hoc","DSTags":["2400467787-028","Bắc Giang",null]},{"Type":11,"SolrID":"/2400211270-ubnd-xa-tien-dung","ID":0,"MaSoThue":"2400211270","NgayCap":"1998-11-23T00:00:00Z","Title":"UBND Xã Tiến Dũng","DiaChiCongTy":"Xã Tiến Dũng - Huyện Yên Dũng - Bắc Giang","Created":"2015-11-16T06:34:21Z","Updated":"2015-11-16T06:34:21Z","IsDelete":false,"RequestChanged":false,"ExitsInGDT":false,"SourceID":0,"TinhThanhID":0,"TinhThanhTitle":"Bắc Giang","TinhThanhTitleAscii":"/bac-giang","QuanHuyenID":0,"NganhNgheTitle":"Hoạt động tài chính khác","NganhNgheTitleAscii":"/nganh-nghe/hoat-dong-tai-chinh-khac","DSTags":["2400211270","Bắc Giang",null]}]}