{"ID":5709,"SolrID":"/bac-giang/huyen-yen-dung/xa-tan-an","Title":"Xã Tân An","TinhThanhTitle":"Bắc Giang","QuanHuyenTitle":"Huyện Yên Dũng","QuanHuyenID":354,"TinhThanhID":54,"Url":"https://thongtindoanhnghiep.co/api/company?l=/bac-giang/huyen-yen-dung/xa-tan-an","Total":24,"List":[{"Type":11,"SolrID":"/2400908833-cong-ty-co-phan-dau-tu-phat-trien-tc-vina","ID":0,"MaSoThue":"2400908833","NgayCap":"2021-04-06T00:00:00Z","Title":"Công Ty Cổ Phần Đầu Tư Phát Triển Tc Vina","DiaChiCongTy":"Tổ dân phố Hương, Xã Tân An, Huyện Yên Dũng, Tỉnh Bắc Giang","Created":"2021-04-06T15:36:52Z","Updated":"2021-04-06T15:36:52Z","IsDelete":false,"RequestChanged":false,"ExitsInGDT":false,"SourceID":0,"TinhThanhID":0,"TinhThanhTitle":"Bắc Giang","TinhThanhTitleAscii":"/bac-giang","QuanHuyenID":0,"DSTags":["2400908833","Bắc Giang",null]},{"Type":11,"SolrID":"/2400836385-cong-ty-tnhh-phat-trien-thuong-mai-dich-vu-khue-cat","ID":0,"MaSoThue":"2400836385","NgayCap":"2018-04-17T00:00:00Z","Title":"Công Ty TNHH Phát Triển Thương Mại - Dịch Vụ Khuê Cát","DiaChiCongTy":"Thôn Trại Giữa, Xã Tân An, Huyện Yên Dũng, Tỉnh Bắc Giang","Created":"2018-05-14T16:07:17Z","Updated":"2018-05-14T16:07:17Z","IsDelete":false,"RequestChanged":false,"ExitsInGDT":false,"SourceID":0,"TinhThanhID":0,"TinhThanhTitle":"Bắc Giang","TinhThanhTitleAscii":"/bac-giang","QuanHuyenID":0,"NganhNgheTitle":"Bán buôn đồ dùng khác cho gia đình","NganhNgheTitleAscii":"/nganh-nghe/ban-buon-do-dung-khac-cho-gia-dinh","DSTags":["2400836385","Bắc Giang",null]},{"Type":11,"SolrID":"/2400822872-cong-ty-tnhh-duc-phuc-bg","ID":0,"MaSoThue":"2400822872","NgayCap":"2017-09-28T00:00:00Z","Title":"Công Ty TNHH Đức Phúc Bg","DiaChiCongTy":"Thôn Ngò, Xã Tân An, Huyện Yên Dũng, Tỉnh Bắc Giang","Created":"2017-09-28T14:35:28Z","Updated":"2017-09-28T14:35:28Z","IsDelete":false,"RequestChanged":false,"ExitsInGDT":false,"SourceID":0,"TinhThanhID":0,"TinhThanhTitle":"Bắc Giang","TinhThanhTitleAscii":"/bac-giang","QuanHuyenID":0,"NganhNgheTitle":"Bán buôn chuyên doanh khác chưa được phân vào đâu","NganhNgheTitleAscii":"/nganh-nghe/ban-buon-chuyen-doanh-khac-chua-duoc-phan-vao-dau","DSTags":["2400822872","Bắc Giang",null]},{"Type":11,"SolrID":"/2400810482-cong-ty-tnhh-thuong-mai-va-dich-vu-tham-duong","ID":0,"MaSoThue":"2400810482","NgayCap":"2017-03-06T00:00:00Z","Title":"Công Ty TNHH Thương Mại Và Dịch Vụ Thắm Dương","DiaChiCongTy":"Thôn Trại Giữa, Xã Tân An, Huyện Yên Dũng, Tỉnh Bắc Giang","Created":"2017-03-06T09:38:20Z","Updated":"2017-03-06T09:38:20Z","IsDelete":false,"RequestChanged":false,"ExitsInGDT":false,"SourceID":0,"TinhThanhID":0,"TinhThanhTitle":"Bắc Giang","TinhThanhTitleAscii":"/bac-giang","QuanHuyenID":0,"NganhNgheTitle":"May trang phục (trừ trang phục từ da lông thú)","NganhNgheTitleAscii":"/nganh-nghe/may-trang-phuc-tru-trang-phuc-tu-da-long-thu","DSTags":["2400810482","Bắc Giang",null]},{"Type":11,"SolrID":"/2400803830-cong-ty-tnhh-thuong-mai-vat-tu-thiet-bi-thach-son","ID":0,"MaSoThue":"2400803830","NgayCap":"2016-11-30T00:00:00Z","Title":"Công Ty TNHH Thương Mại Vật Tư & Thiết Bị Thạch Sơn","DiaChiCongTy":"Thôn Trại Giữa, Xã Tân An, Huyện Yên Dũng, Tỉnh Bắc Giang","Created":"2016-12-05T01:41:10Z","Updated":"2016-12-05T01:41:10Z","IsDelete":false,"RequestChanged":false,"ExitsInGDT":false,"SourceID":0,"TinhThanhID":0,"TinhThanhTitle":"Bắc Giang","TinhThanhTitleAscii":"/bac-giang","QuanHuyenID":0,"NganhNgheTitle":"Gia công cơ khí; xử lý và tráng phủ kim loại","NganhNgheTitleAscii":"/nganh-nghe/gia-cong-co-khi-xu-ly-va-trang-phu-kim-loai","DSTags":["2400803830","Bắc Giang",null]},{"Type":11,"SolrID":"/2400802932-cong-ty-co-phan-tap-doan-cong-nghe-sinh-hoc-viet-nhat","ID":0,"MaSoThue":"2400802932","NgayCap":"2016-11-08T00:00:00Z","Title":"Công Ty Cổ Phần Tập Đoàn Công Nghệ Sinh Học Việt Nhật","DiaChiCongTy":"Thôn Thắng - Xã Tân An - Huyện Yên Dũng - Bắc Giang","Created":"2016-11-09T21:28:31Z","Updated":"2016-11-09T21:28:31Z","IsDelete":false,"RequestChanged":false,"ExitsInGDT":false,"SourceID":0,"TinhThanhID":0,"TinhThanhTitle":"Bắc Giang","TinhThanhTitleAscii":"/bac-giang","QuanHuyenID":0,"NganhNgheTitle":"Sản xuất món ăn, thức ăn chế biến sẵn","NganhNgheTitleAscii":"/nganh-nghe/san-xuat-mon-an-thuc-an-che-bien-san","DSTags":["2400802932","Bắc Giang",null]},{"Type":11,"SolrID":"/2400412650-006-cong-ty-tnhh-mot-thanh-vien-khai-thac-cong-trinh-thuy-loi-cau-son-chi-nhanh-xi-nghiep-khai-thac-con","ID":0,"MaSoThue":"2400412650-006","NgayCap":"2016-07-22T00:00:00Z","Title":"Công Ty TNHH Một Thành Viên Khai Thác Công Trình Thủy Lợi Cầu Sơn- Chi Nhánh Xí Nghiệp Khai Thác Côn","DiaChiCongTy":"Thôn Nguyễn - Xã Tân An - Huyện Yên Dũng - Bắc Giang","Created":"2016-07-27T06:48:43Z","Updated":"2016-09-10T20:00:34Z","IsDelete":false,"RequestChanged":false,"ExitsInGDT":false,"SourceID":0,"TinhThanhID":0,"TinhThanhTitle":"Bắc Giang","TinhThanhTitleAscii":"/bac-giang","QuanHuyenID":0,"DSTags":["2400412650-006","Bắc Giang",null]},{"Type":11,"SolrID":"/2400793068-cong-ty-co-phan-duoc-an-toan-cau","ID":0,"MaSoThue":"2400793068","NgayCap":"2016-04-07T00:00:00Z","Title":"Công Ty Cổ Phần Dược An Toàn Cầu","DiaChiCongTy":"Thôn Phố Tân An - Xã Tân An - Huyện Yên Dũng - Bắc Giang","Created":"2016-04-08T07:59:49Z","Updated":"2016-04-08T07:59:49Z","IsDelete":false,"RequestChanged":false,"ExitsInGDT":false,"SourceID":0,"TinhThanhID":0,"TinhThanhTitle":"Bắc Giang","TinhThanhTitleAscii":"/bac-giang","QuanHuyenID":0,"NganhNgheTitle":"Bán buôn đồ dùng khác cho gia đình","NganhNgheTitleAscii":"/nganh-nghe/ban-buon-do-dung-khac-cho-gia-dinh","DSTags":["2400793068","Bắc Giang",null]},{"Type":11,"SolrID":"/2400771120-cong-ty-tnhh-ve-sinh-moi-truong-khanh-linh","ID":0,"MaSoThue":"2400771120","NgayCap":"2015-09-21T00:00:00Z","Title":"Công Ty TNHH Vệ Sinh Môi Trường Khánh Linh","DiaChiCongTy":"Xóm Đạo - Xã Tân An - Huyện Yên Dũng - Bắc Giang","Created":"2015-11-19T04:57:05Z","Updated":"2015-11-19T04:57:05Z","IsDelete":false,"RequestChanged":false,"ExitsInGDT":false,"SourceID":0,"TinhThanhID":0,"TinhThanhTitle":"Bắc Giang","TinhThanhTitleAscii":"/bac-giang","QuanHuyenID":0,"NganhNgheTitle":"Thoát nước và xử lý nước thải","NganhNgheTitleAscii":"/nganh-nghe/thoat-nuoc-va-xu-ly-nuoc-thai-3700","DSTags":["2400771120","Bắc Giang",null]},{"Type":11,"SolrID":"/2400767646-cong-ty-tnhh-mtv-sx-dv-loc-phat","ID":0,"MaSoThue":"2400767646","NgayCap":"2015-07-30T00:00:00Z","Title":"Công Ty TNHH Mtv Sx-Dv Lộc Phát","DiaChiCongTy":"Phố Tân An - Xã Tân An - Huyện Yên Dũng - Bắc Giang","Created":"2015-11-18T21:44:19Z","Updated":"2015-11-18T21:44:19Z","IsDelete":false,"RequestChanged":false,"ExitsInGDT":false,"SourceID":0,"TinhThanhID":0,"TinhThanhTitle":"Bắc Giang","TinhThanhTitleAscii":"/bac-giang","QuanHuyenID":0,"NganhNgheTitle":"May trang phục (trừ trang phục từ da lông thú)","NganhNgheTitleAscii":"/nganh-nghe/may-trang-phuc-tru-trang-phuc-tu-da-long-thu","DSTags":["2400767646","Bắc Giang",null]},{"Type":11,"SolrID":"/2400742151-doanh-nghiep-tu-nhan-vang-bac-hoat-lan","ID":0,"MaSoThue":"2400742151","NgayCap":"2014-10-07T00:00:00Z","Title":"Doanh Nghiệp Tư Nhân Vàng Bạc Hoạt Lan","DiaChiCongTy":"Thôn Phố - Xã Tân An - Huyện Yên Dũng - Bắc Giang","Created":"2015-11-11T03:32:53Z","Updated":"2015-11-11T03:32:53Z","IsDelete":false,"RequestChanged":false,"ExitsInGDT":false,"SourceID":0,"TinhThanhID":0,"TinhThanhTitle":"Bắc Giang","TinhThanhTitleAscii":"/bac-giang","QuanHuyenID":0,"NganhNgheTitle":"Bán lẻ vàng, bạc, đá quí và đá bán quí, đồ trang sức trong các cửa hàng chuyên doanh","NganhNgheTitleAscii":"/nganh-nghe/ban-le-vang-bac-da-qui-va-da-ban-qui-do-trang-suc-trong-cac-cua-hang-chuyen-doanh","DSTags":["2400742151","Bắc Giang",null]},{"Type":11,"SolrID":"/2400741366-cong-ty-tnhh-mot-thanh-vien-quyen-thuy","ID":0,"MaSoThue":"2400741366","NgayCap":"2014-09-18T00:00:00Z","Title":"Công Ty TNHH Một Thành Viên Quyền Thúy","DiaChiCongTy":"Thôn Trại Giữa - Xã Tân An - Huyện Yên Dũng - Bắc Giang","Created":"2015-11-09T11:01:48Z","Updated":"2015-11-09T11:01:48Z","IsDelete":false,"RequestChanged":false,"ExitsInGDT":false,"SourceID":0,"TinhThanhID":0,"TinhThanhTitle":"Bắc Giang","TinhThanhTitleAscii":"/bac-giang","QuanHuyenID":0,"NganhNgheTitle":"Bán buôn vật liệu, thiết bị lắp đặt khác trong xây dựng","NganhNgheTitleAscii":"/nganh-nghe/ban-buon-vat-lieu-thiet-bi-lap-dat-khac-trong-xay-dung","DSTags":["2400741366","Bắc Giang",null]},{"Type":11,"SolrID":"/2400467787-057-truong-mam-non-tan-an","ID":0,"MaSoThue":"2400467787-057","NgayCap":"2013-05-31T00:00:00Z","Title":"Trường Mầm Non Tân An","DiaChiCongTy":"Phố Tân An - Xã Tân An - Huyện Yên Dũng - Bắc Giang","Created":"2015-11-17T22:24:58Z","Updated":"2015-11-17T22:24:58Z","IsDelete":false,"RequestChanged":false,"ExitsInGDT":false,"SourceID":0,"TinhThanhID":0,"TinhThanhTitle":"Bắc Giang","TinhThanhTitleAscii":"/bac-giang","QuanHuyenID":0,"NganhNgheTitle":"Giáo dục mầm non","NganhNgheTitleAscii":"/nganh-nghe/giao-duc-mam-non","DSTags":["2400467787-057","Bắc Giang",null]},{"Type":11,"SolrID":"/2400633018-cong-ty-tnhh-mot-thanh-vien-hop-tac-lao-dong-quoc-te-phuc-lam","ID":0,"MaSoThue":"2400633018","NgayCap":"2013-01-07T00:00:00Z","Title":"Công Ty TNHH Một Thành Viên Hợp Tác Lao Động Quốc Tế Phúc Lâm","DiaChiCongTy":"Thôn Ngò - Xã Tân An - Huyện Yên Dũng - Bắc Giang","Created":"2015-11-12T01:16:51Z","Updated":"2015-11-12T01:16:51Z","IsDelete":false,"RequestChanged":false,"ExitsInGDT":false,"SourceID":0,"TinhThanhID":0,"TinhThanhTitle":"Bắc Giang","TinhThanhTitleAscii":"/bac-giang","QuanHuyenID":0,"NganhNgheTitle":"Dạy nghề","NganhNgheTitleAscii":"/nganh-nghe/day-nghe","DSTags":["2400633018","Bắc Giang",null]},{"Type":11,"SolrID":"/2400616252-truong-thpt-yen-dung-so-2","ID":0,"MaSoThue":"2400616252","NgayCap":"2012-07-27T00:00:00Z","Title":"Trường THPT Yên Dũng số 2","DiaChiCongTy":"Tân An - Xã Tân An - Huyện Yên Dũng - Bắc Giang","Created":"2015-11-17T11:02:18Z","Updated":"2015-11-17T11:02:18Z","IsDelete":false,"RequestChanged":false,"ExitsInGDT":false,"SourceID":0,"TinhThanhID":0,"TinhThanhTitle":"Bắc Giang","TinhThanhTitleAscii":"/bac-giang","QuanHuyenID":0,"NganhNgheTitle":"Giáo dục trung học phổ thông","NganhNgheTitleAscii":"/nganh-nghe/giao-duc-trung-hoc-pho-thong","DSTags":["2400616252","Bắc Giang",null]},{"Type":11,"SolrID":"/2400489519-cong-ty-co-phan-y-te-phong-kham-da-khoa-tan-dan","ID":0,"MaSoThue":"2400489519","NgayCap":"2009-10-26T00:00:00Z","Title":"Công Ty Cổ Phần Y Dược Tân Dân","DiaChiCongTy":"Thôn Phố Tân An, Xã Tân An, Huyện Yên Dũng, Tỉnh Bắc Giang","Created":"2015-11-09T11:41:54Z","Updated":"2019-10-31T14:51:57Z","IsDelete":false,"RequestChanged":false,"ExitsInGDT":false,"SourceID":0,"TinhThanhID":0,"TinhThanhTitle":"Bắc Giang","TinhThanhTitleAscii":"/bac-giang","QuanHuyenID":0,"NganhNgheTitle":"Hoạt động của các phòng khám đa khoa, chuyên khoa và nha khoa","NganhNgheTitleAscii":"/nganh-nghe/hoat-dong-cua-cac-phong-kham-da-khoa-chuyen-khoa-va-nha-khoa","DSTags":["2400489519","Bắc Giang",null]},{"Type":11,"SolrID":"/2400467787-022-truong-tieu-hoc-tan-an","ID":0,"MaSoThue":"2400467787-022","NgayCap":"2009-07-01T00:00:00Z","Title":"Trường Tiểu học Tân An","DiaChiCongTy":"xã Tân An - Huyện Yên Dũng - Bắc Giang","Created":"2015-11-17T22:24:27Z","Updated":"2015-11-17T22:24:27Z","IsDelete":false,"RequestChanged":false,"ExitsInGDT":false,"SourceID":0,"TinhThanhID":0,"TinhThanhTitle":"Bắc Giang","TinhThanhTitleAscii":"/bac-giang","QuanHuyenID":0,"NganhNgheTitle":"Giáo dục tiểu học","NganhNgheTitleAscii":"/nganh-nghe/giao-duc-tieu-hoc","DSTags":["2400467787-022","Bắc Giang",null]},{"Type":11,"SolrID":"/2400467787-006-truong-trung-hoc-co-so-tan-an","ID":0,"MaSoThue":"2400467787-006","NgayCap":"2009-06-30T00:00:00Z","Title":"Trường Trung học cơ sở Tân An","DiaChiCongTy":"xã Tân An - Huyện Yên Dũng - Bắc Giang","Created":"2015-11-17T22:24:13Z","Updated":"2015-11-17T22:24:13Z","IsDelete":false,"RequestChanged":false,"ExitsInGDT":false,"SourceID":0,"TinhThanhID":0,"TinhThanhTitle":"Bắc Giang","TinhThanhTitleAscii":"/bac-giang","QuanHuyenID":0,"NganhNgheTitle":"Giáo dục trung học cơ sở và trung học phổ thông","NganhNgheTitleAscii":"/nganh-nghe/giao-duc-trung-hoc-co-so-va-trung-hoc-pho-thong","DSTags":["2400467787-006","Bắc Giang",null]},{"Type":11,"SolrID":"/2400464842-cong-ty-tnhh-mot-thanh-vien-thuong-mai-va-xay-dung-song-tam","ID":0,"MaSoThue":"2400464842","NgayCap":"2009-06-18T00:00:00Z","Title":"Công ty TNHH một thành viên thương mại và xây dựng Song Tâm","DiaChiCongTy":"Xóm Đạo, xã Tân An - Huyện Yên Dũng - Bắc Giang","Created":"2015-11-12T12:40:41Z","Updated":"2015-11-12T12:40:41Z","IsDelete":false,"RequestChanged":false,"ExitsInGDT":false,"SourceID":0,"TinhThanhID":0,"TinhThanhTitle":"Bắc Giang","TinhThanhTitleAscii":"/bac-giang","QuanHuyenID":0,"NganhNgheTitle":"Bán buôn đồ dùng khác cho gia đình","NganhNgheTitleAscii":"/nganh-nghe/ban-buon-do-dung-khac-cho-gia-dinh","DSTags":["2400464842","Bắc Giang",null]},{"Type":11,"SolrID":"/2400399921-cong-ty-tnhh-xang-dau-hai-tuyen","ID":0,"MaSoThue":"2400399921","NgayCap":"2008-05-08T00:00:00Z","Title":"Công Ty TNHH Xăng Dầu Hải Tuyến","DiaChiCongTy":"Long Trì - Xã Tân An - Huyện Yên Dũng - Bắc Giang","Created":"2015-11-12T12:27:45Z","Updated":"2015-11-12T12:27:45Z","IsDelete":false,"RequestChanged":false,"ExitsInGDT":false,"SourceID":0,"TinhThanhID":0,"TinhThanhTitle":"Bắc Giang","TinhThanhTitleAscii":"/bac-giang","QuanHuyenID":0,"NganhNgheTitle":"Bán buôn nhiên liệu rắn, lỏng, khí và các sản phẩm liên quan","NganhNgheTitleAscii":"/nganh-nghe/ban-buon-nhien-lieu-ran-long-khi-va-cac-san-pham-lien-quan","DSTags":["2400399921","Bắc Giang",null]},{"Type":11,"SolrID":"/2400395733-cong-ty-tnhh-mot-thanh-vien-tu-van-lao-dong-hoang-lam","ID":0,"MaSoThue":"2400395733","NgayCap":"2008-01-31T00:00:00Z","Title":"Công ty TNHH một thành viên tư vấn lao động Hoàng Lâm","DiaChiCongTy":"thôn Ngò, xã Tân An - Huyện Yên Dũng - Bắc Giang","Created":"2015-11-12T12:29:32Z","Updated":"2015-11-12T12:29:32Z","IsDelete":false,"RequestChanged":false,"ExitsInGDT":false,"SourceID":0,"TinhThanhID":0,"TinhThanhTitle":"Bắc Giang","TinhThanhTitleAscii":"/bac-giang","QuanHuyenID":0,"NganhNgheTitle":"Giáo dục nghề nghiệp","NganhNgheTitleAscii":"/nganh-nghe/giao-duc-nghe-nghiep","DSTags":["2400395733","Bắc Giang",null]},{"Type":11,"SolrID":"/2400382163-cong-ty-tnhh-dung-khoi","ID":0,"MaSoThue":"2400382163","NgayCap":"2007-08-21T00:00:00Z","Title":"Công ty TNHH Dung Khôi","DiaChiCongTy":"Thôn Thượng, xã Tân An - Huyện Yên Dũng - Bắc Giang","Created":"2015-11-09T00:01:35Z","Updated":"2015-11-09T00:01:35Z","IsDelete":false,"RequestChanged":false,"ExitsInGDT":false,"SourceID":0,"TinhThanhID":0,"TinhThanhTitle":"Bắc Giang","TinhThanhTitleAscii":"/bac-giang","QuanHuyenID":0,"NganhNgheTitle":"Chuẩn bị mặt bằng","NganhNgheTitleAscii":"/nganh-nghe/chuan-bi-mat-bang","DSTags":["2400382163","Bắc Giang",null]},{"Type":11,"SolrID":"/2400366877-quy-tin-dung-nhan-dan-tan-an","ID":0,"MaSoThue":"2400366877","NgayCap":"2006-09-25T00:00:00Z","Title":"Quỹ tín dụng nhân dân Tân An","DiaChiCongTy":"phố Tân An - xã Tân An - Huyện Yên Dũng - Bắc Giang","Created":"2015-11-16T17:40:32Z","Updated":"2015-11-16T17:40:32Z","IsDelete":false,"RequestChanged":false,"ExitsInGDT":false,"SourceID":0,"TinhThanhID":0,"TinhThanhTitle":"Bắc Giang","TinhThanhTitleAscii":"/bac-giang","QuanHuyenID":0,"NganhNgheTitle":"Hoạt động cấp tín dụng khác","NganhNgheTitleAscii":"/nganh-nghe/hoat-dong-cap-tin-dung-khac","DSTags":["2400366877","Bắc Giang",null]},{"Type":11,"SolrID":"/2400327677-cong-ty-trach-nhiem-huu-han-hai-duong","ID":0,"MaSoThue":"2400327677","NgayCap":"2004-07-15T00:00:00Z","Title":"Công ty trách nhiệm hữu hạn Hải Dương","DiaChiCongTy":"Xã Tân An - Huyện Yên Dũng - Bắc Giang","Created":"2015-11-12T12:49:51Z","Updated":"2015-11-12T12:49:51Z","IsDelete":false,"RequestChanged":false,"ExitsInGDT":false,"SourceID":0,"TinhThanhID":0,"TinhThanhTitle":"Bắc Giang","TinhThanhTitleAscii":"/bac-giang","QuanHuyenID":0,"NganhNgheTitle":"Bán lẻ nhiên liệu động cơ trong các cửa hàng chuyên doanh","NganhNgheTitleAscii":"/nganh-nghe/ban-le-nhien-lieu-dong-co-trong-cac-cua-hang-chuyen-doanh","DSTags":["2400327677","Bắc Giang",null]}]}