{"ID":10210,"SolrID":"/bac-giang/huyen-yen-dung/xa-yen-lu","Title":"Xã Yên Lư","TinhThanhTitle":"Bắc Giang","QuanHuyenTitle":"Huyện Yên Dũng","QuanHuyenID":354,"TinhThanhID":54,"Url":"https://thongtindoanhnghiep.co/api/company?l=/bac-giang/huyen-yen-dung/xa-yen-lu","Total":42,"List":[{"Type":11,"SolrID":"/2400915485-cong-ty-tnhh-viforest","ID":0,"MaSoThue":"2400915485","NgayCap":"2021-07-23T00:00:00Z","Title":"Công Ty TNHH Viforest","DiaChiCongTy":"Lô CN 02 Cụm CN Yên Lư, Xã Yên Lư, Huyện Yên Dũng, Tỉnh Bắc Giang","Created":"2021-07-23T10:40:32Z","Updated":"2021-07-23T10:40:32Z","IsDelete":false,"RequestChanged":false,"ExitsInGDT":false,"SourceID":0,"TinhThanhID":0,"TinhThanhTitle":"Bắc Giang","TinhThanhTitleAscii":"/bac-giang","QuanHuyenID":0,"NganhNgheTitle":"Hoạt động của trụ sở văn phòng","NganhNgheTitleAscii":"/nganh-nghe/hoat-dong-cua-tru-so-van-phong","DSTags":["2400915485","Bắc Giang",null]},{"Type":11,"SolrID":"/2400911924-cong-ty-tnhh-xay-dung-va-dich-vu-kim-phuc-vinh","ID":0,"MaSoThue":"2400911924","NgayCap":"2021-05-19T00:00:00Z","Title":"Công Ty TNHH Xây Dựng Và Dịch Vụ Kim Phúc Vinh","DiaChiCongTy":"Thôn Long Trường Vân, Xã Yên Lư, Huyện Yên Dũng, Tỉnh Bắc Giang","Created":"2021-05-19T18:36:07Z","Updated":"2021-05-19T18:36:07Z","IsDelete":false,"RequestChanged":false,"ExitsInGDT":false,"SourceID":0,"TinhThanhID":0,"TinhThanhTitle":"Bắc Giang","TinhThanhTitleAscii":"/bac-giang","QuanHuyenID":0,"DSTags":["2400911924","Bắc Giang",null]},{"Type":11,"SolrID":"/2400907967-cong-ty-tnhh-may-khau-phuong-minh","ID":0,"MaSoThue":"2400907967","NgayCap":"2021-03-29T00:00:00Z","Title":"Công Ty TNHH Máy Khâu Phương Minh","DiaChiCongTy":"Thôn Thịnh Long, Xã Yên Lư, Huyện Yên Dũng, Tỉnh Bắc Giang","Created":"2021-03-29T10:43:20Z","Updated":"2021-03-29T10:43:20Z","IsDelete":false,"RequestChanged":false,"ExitsInGDT":false,"SourceID":0,"TinhThanhID":0,"TinhThanhTitle":"Bắc Giang","TinhThanhTitleAscii":"/bac-giang","QuanHuyenID":0,"NganhNgheTitle":"Bán buôn máy móc, thiết bị và phụ tùng máy khác","NganhNgheTitleAscii":"/nganh-nghe/ban-buon-may-moc-thiet-bi-va-phu-tung-may-khac","DSTags":["2400907967","Bắc Giang",null]},{"Type":11,"SolrID":"/2400906177-cong-ty-tnhh-san-xuat-va-dich-vu-huy-hieu","ID":0,"MaSoThue":"2400906177","NgayCap":"2021-03-09T00:00:00Z","Title":"Công Ty TNHH Sản Xuất Và Dịch Vụ Huy Hiếu","DiaChiCongTy":"Thôn Yên Hà, Xã Yên Lư, Huyện Yên Dũng, Tỉnh Bắc Giang","Created":"2021-03-09T16:37:03Z","Updated":"2021-03-09T16:37:03Z","IsDelete":false,"RequestChanged":false,"ExitsInGDT":false,"SourceID":0,"TinhThanhID":0,"TinhThanhTitle":"Bắc Giang","TinhThanhTitleAscii":"/bac-giang","QuanHuyenID":0,"NganhNgheTitle":"Bán buôn máy móc, thiết bị và phụ tùng máy khác","NganhNgheTitleAscii":"/nganh-nghe/ban-buon-may-moc-thiet-bi-va-phu-tung-may-khac","DSTags":["2400906177","Bắc Giang",null]},{"Type":11,"SolrID":"/2400905800-cong-ty-tnhh-thuong-mai-vlxd-bich-son","ID":0,"MaSoThue":"2400905800","NgayCap":"2021-03-03T00:00:00Z","Title":"Công Ty TNHH Thương Mại Vlxd Bích Sơn","DiaChiCongTy":"Thôn Long Trường Vân, Xã Yên Lư, Huyện Yên Dũng, Tỉnh Bắc Giang","Created":"2021-03-03T16:36:03Z","Updated":"2021-03-03T16:36:03Z","IsDelete":false,"RequestChanged":false,"ExitsInGDT":false,"SourceID":0,"TinhThanhID":0,"TinhThanhTitle":"Bắc Giang","TinhThanhTitleAscii":"/bac-giang","QuanHuyenID":0,"NganhNgheTitle":"Bán buôn vật liệu, thiết bị lắp đặt khác trong xây dựng","NganhNgheTitleAscii":"/nganh-nghe/ban-buon-vat-lieu-thiet-bi-lap-dat-khac-trong-xay-dung","DSTags":["2400905800","Bắc Giang",null]},{"Type":11,"SolrID":"/2400901789-cong-ty-tnhh-duc-minh-vina-tech","ID":0,"MaSoThue":"2400901789","NgayCap":"2020-12-29T00:00:00Z","Title":"Công Ty TNHH Đức Minh Vina Tech","DiaChiCongTy":"Lô CN-13-1 Cụm Công Nghiệp Nham Sơn - Yên Lư, Xã Yên Lư, Huyện Yên Dũng, Tỉnh Bắc Giang","Created":"2020-12-29T17:36:12Z","Updated":"2020-12-29T17:36:12Z","IsDelete":false,"RequestChanged":false,"ExitsInGDT":false,"SourceID":0,"TinhThanhID":0,"TinhThanhTitle":"Bắc Giang","TinhThanhTitleAscii":"/bac-giang","QuanHuyenID":0,"NganhNgheTitle":"Sản xuất sản phẩm khác bằng kim loại chưa được phân vào đâu","NganhNgheTitleAscii":"/nganh-nghe/san-xuat-san-pham-khac-bang-kim-loai-chua-duoc-phan-vao-dau","DSTags":["2400901789","Bắc Giang",null]},{"Type":11,"SolrID":"/2400852429-cong-ty-tnhh-thuong-mai-tong-hop-anh-tam","ID":0,"MaSoThue":"2400852429","NgayCap":"2018-12-18T00:00:00Z","Title":"Công Ty TNHH Thương Mại Tổng Hợp Anh Tâm","DiaChiCongTy":"Thôn Yên Hồng, Xã Yên Lư, Huyện Yên Dũng, Tỉnh Bắc Giang","Created":"2018-12-18T15:33:57Z","Updated":"2018-12-18T15:33:57Z","IsDelete":false,"RequestChanged":false,"ExitsInGDT":false,"SourceID":0,"TinhThanhID":0,"TinhThanhTitle":"Bắc Giang","TinhThanhTitleAscii":"/bac-giang","QuanHuyenID":0,"NganhNgheTitle":"Sản xuất sản phẩm khác từ gỗ; sản xuất sản phẩm từ tre, nứa, rơm, rạ và vật liệu tết bện","NganhNgheTitleAscii":"/nganh-nghe/san-xuat-san-pham-khac-tu-go-san-xuat-san-pham-tu-tre-nua-rom-ra-va-vat-lieu-tet-ben","DSTags":["2400852429","Bắc Giang",null]},{"Type":11,"SolrID":"/2400847210-cong-ty-tnhh-in-theu-ntp","ID":0,"MaSoThue":"2400847210","NgayCap":"2018-09-13T00:00:00Z","Title":"Công Ty TNHH In Thêu Ntp","DiaChiCongTy":"Thôn An Thái, Xã Yên Lư, Huyện Yên Dũng, Tỉnh Bắc Giang","Created":"2018-09-13T16:34:13Z","Updated":"2018-09-13T16:34:13Z","IsDelete":false,"RequestChanged":false,"ExitsInGDT":false,"SourceID":0,"TinhThanhID":0,"TinhThanhTitle":"Bắc Giang","TinhThanhTitleAscii":"/bac-giang","QuanHuyenID":0,"NganhNgheTitle":"In ấn","NganhNgheTitleAscii":"/nganh-nghe/in-an","DSTags":["2400847210","Bắc Giang",null]},{"Type":11,"SolrID":"/2400842607-cong-ty-tnhh-xay-dung-va-thuong-mai-mtk","ID":0,"MaSoThue":"2400842607","NgayCap":"2018-07-05T00:00:00Z","Title":"Công Ty TNHH Xây Dựng Và Thương Mại Mtk","DiaChiCongTy":"Thôn Long Xá, Xã Yên Lư, Huyện Yên Dũng, Tỉnh Bắc Giang","Created":"2018-07-05T11:36:42Z","Updated":"2018-07-05T11:36:42Z","IsDelete":false,"RequestChanged":false,"ExitsInGDT":false,"SourceID":0,"TinhThanhID":0,"TinhThanhTitle":"Bắc Giang","TinhThanhTitleAscii":"/bac-giang","QuanHuyenID":0,"NganhNgheTitle":"Xây dựng nhà các loại","NganhNgheTitleAscii":"/nganh-nghe/xay-dung-nha-cac-loai","DSTags":["2400842607","Bắc Giang",null]},{"Type":11,"SolrID":"/2400839160-cong-ty-tnhh-thuong-mai-san-xuat-wansu","ID":0,"MaSoThue":"2400839160","NgayCap":"2018-05-17T00:00:00Z","Title":"Công Ty TNHH Thương Mại Sản Xuất Wansu","DiaChiCongTy":"Thôn Hàm Long, Xã Yên Lư, Huyện Yên Dũng, Tỉnh Bắc Giang","Created":"2018-05-17T15:34:27Z","Updated":"2018-05-17T15:34:27Z","IsDelete":false,"RequestChanged":false,"ExitsInGDT":false,"SourceID":0,"TinhThanhID":0,"TinhThanhTitle":"Bắc Giang","TinhThanhTitleAscii":"/bac-giang","QuanHuyenID":0,"NganhNgheTitle":"Sản xuất sản phẩm khác từ cao su","NganhNgheTitleAscii":"/nganh-nghe/san-xuat-san-pham-khac-tu-cao-su","DSTags":["2400839160","Bắc Giang",null]},{"Type":11,"SolrID":"/2400828793-cong-ty-tnhh-thuong-mai-va-dich-vu-dang-quang-minh","ID":0,"MaSoThue":"2400828793","NgayCap":"2017-12-21T00:00:00Z","Title":"Công Ty TNHH Thương Mại Và Dịch Vụ Đặng Quang Minh","DiaChiCongTy":"Thôn An Thái, Xã Yên Lư, Huyện Yên Dũng, Tỉnh Bắc Giang","Created":"2017-12-21T09:06:42Z","Updated":"2017-12-21T09:06:42Z","IsDelete":false,"RequestChanged":false,"ExitsInGDT":false,"SourceID":0,"TinhThanhID":0,"TinhThanhTitle":"Bắc Giang","TinhThanhTitleAscii":"/bac-giang","QuanHuyenID":0,"NganhNgheTitle":"Xây dựng nhà các loại","NganhNgheTitleAscii":"/nganh-nghe/xay-dung-nha-cac-loai","DSTags":["2400828793","Bắc Giang",null]},{"Type":11,"SolrID":"/2400825707-cong-ty-tnhh-da-u-tu-quo-c-te-da-i-phuo-c-98","ID":0,"MaSoThue":"2400825707","NgayCap":"2017-11-16T00:00:00Z","Title":"Công Ty TNHH Đầu Tư Quốc Tế Đại Phước 98","DiaChiCongTy":"Thôn Tân Sơn 1, Xã Yên Lư, Huyện Yên Dũng, Tỉnh Bắc Giang","Created":"2017-11-16T16:41:35Z","Updated":"2017-11-16T16:41:35Z","IsDelete":false,"RequestChanged":false,"ExitsInGDT":false,"SourceID":0,"TinhThanhID":0,"TinhThanhTitle":"Bắc Giang","TinhThanhTitleAscii":"/bac-giang","QuanHuyenID":0,"NganhNgheTitle":"Sản xuất linh kiện điện tử","NganhNgheTitleAscii":"/nganh-nghe/san-xuat-linh-kien-dien-tu","DSTags":["2400825707","Bắc Giang",null]},{"Type":11,"SolrID":"/2400765575-002-chi-nhanh-cong-ty-co-phan-xay-dung-ha-tang-va-dich-vu-hoang-long","ID":0,"MaSoThue":"2400765575-002","NgayCap":"2017-10-05T00:00:00Z","Title":"Chi Nhánh Công Ty Cổ Phần Xây Dựng Hạ Tầng Và Dịch Vụ Hoàng Long","DiaChiCongTy":"Thôn Hàm Long, Xã Yên Lư, Huyện Yên Dũng, Tỉnh Bắc Giang","Created":"2017-10-06T16:02:03Z","Updated":"2017-10-06T16:02:03Z","IsDelete":false,"RequestChanged":false,"ExitsInGDT":false,"SourceID":0,"TinhThanhID":0,"TinhThanhTitle":"Bắc Giang","TinhThanhTitleAscii":"/bac-giang","QuanHuyenID":0,"NganhNgheTitle":"Nhà hàng và các dịch vụ ăn uống phục vụ lưu động","NganhNgheTitleAscii":"/nganh-nghe/nha-hang-va-cac-dich-vu-an-uong-phuc-vu-luu-dong","DSTags":["2400765575-002","Bắc Giang",null]},{"Type":11,"SolrID":"/2400821332-cong-ty-tnhh-vinh-hoa-yd","ID":0,"MaSoThue":"2400821332","NgayCap":"2017-08-28T00:00:00Z","Title":"Công Ty TNHH Vinh Hoa Yd","DiaChiCongTy":"Thôn Yên Hồng, Xã Yên Lư, Huyện Yên Dũng, Tỉnh Bắc Giang","Created":"2017-08-28T10:40:43Z","Updated":"2017-08-28T10:40:43Z","IsDelete":false,"RequestChanged":false,"ExitsInGDT":false,"SourceID":0,"TinhThanhID":0,"TinhThanhTitle":"Bắc Giang","TinhThanhTitleAscii":"/bac-giang","QuanHuyenID":0,"NganhNgheTitle":"Bán buôn nhiên liệu rắn, lỏng, khí và các sản phẩm liên quan","NganhNgheTitleAscii":"/nganh-nghe/ban-buon-nhien-lieu-ran-long-khi-va-cac-san-pham-lien-quan","DSTags":["2400821332","Bắc Giang",null]},{"Type":11,"SolrID":"/2400820794-cong-ty-tnhh-mtv-d-p-vina","ID":0,"MaSoThue":"2400820794","NgayCap":"2017-08-16T00:00:00Z","Title":"Công Ty TNHH Mtv D&p Vina","DiaChiCongTy":"Thôn Yên Thịnh, Xã Yên Lư, Huyện Yên Dũng, Tỉnh Bắc Giang","Created":"2017-08-16T14:18:18Z","Updated":"2017-08-16T14:18:18Z","IsDelete":false,"RequestChanged":false,"ExitsInGDT":false,"SourceID":0,"TinhThanhID":0,"TinhThanhTitle":"Bắc Giang","TinhThanhTitleAscii":"/bac-giang","QuanHuyenID":0,"NganhNgheTitle":"Bán buôn tổng hợp","NganhNgheTitleAscii":"/nganh-nghe/ban-buon-tong-hop","DSTags":["2400820794","Bắc Giang",null]},{"Type":11,"SolrID":"/2400820339-cong-ty-tnhh-san-xuat-va-thuong-mai-dm-chieu-phuc","ID":0,"MaSoThue":"2400820339","NgayCap":"2017-08-09T00:00:00Z","Title":"Công Ty TNHH Sản Xuất Và Thương Mại Dm-chiêu Phúc","DiaChiCongTy":"Thôn Thanh Xá, Xã Yên Lư, Huyện Yên Dũng, Tỉnh Bắc Giang","Created":"2017-08-09T10:42:31Z","Updated":"2017-08-09T10:42:31Z","IsDelete":false,"RequestChanged":false,"ExitsInGDT":false,"SourceID":0,"TinhThanhID":0,"TinhThanhTitle":"Bắc Giang","TinhThanhTitleAscii":"/bac-giang","QuanHuyenID":0,"NganhNgheTitle":"Sản xuất sản phẩm từ plastic","NganhNgheTitleAscii":"/nganh-nghe/san-xuat-san-pham-tu-plastic","DSTags":["2400820339","Bắc Giang",null]},{"Type":11,"SolrID":"/2400817015-cong-ty-tnhh-hailin-viet-nam","ID":0,"MaSoThue":"2400817015","NgayCap":"2017-06-21T00:00:00Z","Title":"Công Ty TNHH Hailin Việt Nam","DiaChiCongTy":"Thôn An Thái, Xã Yên Lư, Huyện Yên Dũng, Tỉnh Bắc Giang","Created":"2017-06-21T07:38:03Z","Updated":"2017-06-21T07:38:03Z","IsDelete":false,"RequestChanged":false,"ExitsInGDT":false,"SourceID":0,"TinhThanhID":0,"TinhThanhTitle":"Bắc Giang","TinhThanhTitleAscii":"/bac-giang","QuanHuyenID":0,"NganhNgheTitle":"Hoạt động bảo vệ cá nhân","NganhNgheTitleAscii":"/nganh-nghe/hoat-dong-bao-ve-ca-nhan","DSTags":["2400817015","Bắc Giang",null]},{"Type":11,"SolrID":"/2400816082-cong-ty-tnhh-thuong-mai-dich-vu-song-cau","ID":0,"MaSoThue":"2400816082","NgayCap":"2017-06-09T00:00:00Z","Title":"Công Ty TNHH Thương Mại Dịch Vụ Sông Cầu","DiaChiCongTy":"Thôn Yên Tập Bến, Xã Yên Lư, Huyện Yên Dũng, Tỉnh Bắc Giang","Created":"2017-06-09T11:49:55Z","Updated":"2017-06-09T11:49:55Z","IsDelete":false,"RequestChanged":false,"ExitsInGDT":false,"SourceID":0,"TinhThanhID":0,"TinhThanhTitle":"Bắc Giang","TinhThanhTitleAscii":"/bac-giang","QuanHuyenID":0,"NganhNgheTitle":"Sản xuất đồ uống không cồn, nước khoáng","NganhNgheTitleAscii":"/nganh-nghe/san-xuat-do-uong-khong-con-nuoc-khoang","DSTags":["2400816082","Bắc Giang",null]},{"Type":11,"SolrID":"/2400808892-cong-ty-tnhh-mot-thanh-vien-truong-son","ID":0,"MaSoThue":"2400808892","NgayCap":"2017-01-23T00:00:00Z","Title":"Công Ty TNHH Một Thành Viên Trường Sơn","DiaChiCongTy":"Thôn Yên Tập, Xã Yên Lư, Huyện Yên Dũng, Tỉnh Bắc Giang","Created":"2017-01-23T08:37:39Z","Updated":"2017-01-23T08:37:39Z","IsDelete":false,"RequestChanged":false,"ExitsInGDT":false,"SourceID":0,"TinhThanhID":0,"TinhThanhTitle":"Bắc Giang","TinhThanhTitleAscii":"/bac-giang","QuanHuyenID":0,"NganhNgheTitle":"Khai thác đá, cát, sỏi, đất sét","NganhNgheTitleAscii":"/nganh-nghe/khai-thac-da-cat-soi-dat-set","DSTags":["2400808892","Bắc Giang",null]},{"Type":11,"SolrID":"/2400804538-cong-ty-co-phan-xay-dung-dau-tu-bac-nam","ID":0,"MaSoThue":"2400804538","NgayCap":"2016-12-14T00:00:00Z","Title":"Công Ty Cổ Phần Xây Dựng Đầu Tư  Bắc Nam","DiaChiCongTy":"Thôn Tràng An, Xã Yên Lư, Huyện Yên Dũng, Tỉnh Bắc Giang","Created":"2016-12-14T13:43:39Z","Updated":"2016-12-14T13:43:39Z","IsDelete":false,"RequestChanged":false,"ExitsInGDT":false,"SourceID":0,"TinhThanhID":0,"TinhThanhTitle":"Bắc Giang","TinhThanhTitleAscii":"/bac-giang","QuanHuyenID":0,"NganhNgheTitle":"Xây dựng nhà các loại","NganhNgheTitleAscii":"/nganh-nghe/xay-dung-nha-cac-loai","DSTags":["2400804538","Bắc Giang",null]},{"Type":11,"SolrID":"/2400798877-cong-ty-tnhh-thuong-mai-han-hao","ID":0,"MaSoThue":"2400798877","NgayCap":"2016-08-04T00:00:00Z","Title":"CôNG TY TNHH THươNG MạI HâN HàO","DiaChiCongTy":"Thôn Yên Hà - Xã Yên Lư - Huyện Yên Dũng - Bắc Giang","Created":"2016-08-05T17:09:58Z","Updated":"2016-09-10T18:04:26Z","IsDelete":false,"RequestChanged":false,"ExitsInGDT":false,"SourceID":0,"TinhThanhID":0,"TinhThanhTitle":"Bắc Giang","TinhThanhTitleAscii":"/bac-giang","QuanHuyenID":0,"DSTags":["2400798877","Bắc Giang",null]},{"Type":11,"SolrID":"/2400798789-cong-ty-co-phan-gach-tuynel-da-thinh","ID":0,"MaSoThue":"2400798789","NgayCap":"2016-08-01T00:00:00Z","Title":"CôNG TY Cổ PHầN GạCH TUYNEL ĐA THịNH","DiaChiCongTy":"Thôn Đa Thịnh - Xã Yên Lư - Huyện Yên Dũng - Bắc Giang","Created":"2016-08-02T09:00:23Z","Updated":"2016-09-10T18:50:52Z","IsDelete":false,"RequestChanged":false,"ExitsInGDT":false,"SourceID":0,"TinhThanhID":0,"TinhThanhTitle":"Bắc Giang","TinhThanhTitleAscii":"/bac-giang","QuanHuyenID":0,"DSTags":["2400798789","Bắc Giang",null]},{"Type":11,"SolrID":"/2400797961-cong-ty-co-phan-pt-daehan-global-yen-dung","ID":0,"MaSoThue":"2400797961","NgayCap":"2016-07-15T00:00:00Z","Title":"Công Ty Cổ Phần Pt Daehan Global Yên Dũng","DiaChiCongTy":"Nham Sơn - Xã Yên Lư - Huyện Yên Dũng - Bắc Giang","Created":"2016-07-19T08:12:47Z","Updated":"2016-09-10T21:49:22Z","IsDelete":false,"RequestChanged":false,"ExitsInGDT":false,"SourceID":0,"TinhThanhID":0,"TinhThanhTitle":"Bắc Giang","TinhThanhTitleAscii":"/bac-giang","QuanHuyenID":0,"DSTags":["2400797961","Bắc Giang",null]},{"Type":11,"SolrID":"/2400794456-cong-ty-tnhh-mot-thanh-vien-nhi-danh","ID":0,"MaSoThue":"2400794456","NgayCap":"2016-04-29T00:00:00Z","Title":"Công Ty TNHH Một Thành Viên Nhi Danh","DiaChiCongTy":"Thôn An Thái - Xã Yên Lư - Huyện Yên Dũng - Bắc Giang","Created":"2016-05-03T11:14:56Z","Updated":"2016-05-03T11:14:56Z","IsDelete":false,"RequestChanged":false,"ExitsInGDT":false,"SourceID":0,"TinhThanhID":0,"TinhThanhTitle":"Bắc Giang","TinhThanhTitleAscii":"/bac-giang","QuanHuyenID":0,"NganhNgheTitle":"Xây dựng công trình kỹ thuật dân dụng khác","NganhNgheTitleAscii":"/nganh-nghe/xay-dung-cong-trinh-ky-thuat-dan-dung-khac","DSTags":["2400794456","Bắc Giang",null]},{"Type":11,"SolrID":"/2400792441-cong-ty-cp-san-xuat-gach-tuynel-yen-thinh","ID":0,"MaSoThue":"2400792441","NgayCap":"2016-03-24T00:00:00Z","Title":"Công Ty CP Sản Xuất Gạch Tuynel Yên Thịnh","DiaChiCongTy":"Thôn Đa Thịnh - Xã Yên Lư - Huyện Yên Dũng - Bắc Giang","Created":"2016-03-30T17:05:13Z","Updated":"2016-03-30T17:05:13Z","IsDelete":false,"RequestChanged":false,"ExitsInGDT":false,"SourceID":0,"TinhThanhID":0,"TinhThanhTitle":"Bắc Giang","TinhThanhTitleAscii":"/bac-giang","QuanHuyenID":0,"NganhNgheTitle":"Sản xuất vật liệu xây dựng từ đất sét","NganhNgheTitleAscii":"/nganh-nghe/san-xuat-vat-lieu-xay-dung-tu-dat-set","DSTags":["2400792441","Bắc Giang",null]},{"Type":11,"SolrID":"/2400791906-doanh-nghiep-tu-nhan-so-8","ID":0,"MaSoThue":"2400791906","NgayCap":"2016-03-10T00:00:00Z","Title":"Doanh Nghiệp Tư Nhân Số 8","DiaChiCongTy":"Thôn Yên Tập Bắc - Xã Yên Lư - Huyện Yên Dũng - Bắc Giang","Created":"2016-03-11T09:11:10Z","Updated":"2016-09-11T00:26:22Z","IsDelete":false,"RequestChanged":false,"ExitsInGDT":false,"SourceID":0,"TinhThanhID":0,"TinhThanhTitle":"Bắc Giang","TinhThanhTitleAscii":"/bac-giang","QuanHuyenID":0,"DSTags":["2400791906","Bắc Giang",null]},{"Type":11,"SolrID":"/2400790162-cong-ty-tnhh-mot-thanh-vien-livestrong-vina","ID":0,"MaSoThue":"2400790162","NgayCap":"2016-03-02T00:00:00Z","Title":"Công Ty TNHH Một Thành Viên Livestrong Vina","DiaChiCongTy":"thôn Yên Sơn - Xã Yên Lư - Huyện Yên Dũng - Bắc Giang","Created":"2016-03-05T10:10:35Z","Updated":"2016-03-05T10:10:35Z","IsDelete":false,"RequestChanged":false,"ExitsInGDT":false,"SourceID":0,"TinhThanhID":0,"TinhThanhTitle":"Bắc Giang","TinhThanhTitleAscii":"/bac-giang","QuanHuyenID":0,"NganhNgheTitle":"Dịch vụ hỗ trợ giáo dục","NganhNgheTitleAscii":"/nganh-nghe/dich-vu-ho-tro-giao-duc","DSTags":["2400790162","Bắc Giang",null]},{"Type":11,"SolrID":"/2400727812-cong-ty-tnhh-xay-dung-va-thuong-mai-198","ID":0,"MaSoThue":"2400727812","NgayCap":"2014-04-21T00:00:00Z","Title":"Công Ty TNHH Xây Dựng Và Thương Mại 198","DiaChiCongTy":"Thôn Bùi Bến - Xã Yên Lư - Huyện Yên Dũng - Bắc Giang","Created":"2015-11-09T13:14:55Z","Updated":"2015-11-09T13:14:55Z","IsDelete":false,"RequestChanged":false,"ExitsInGDT":false,"SourceID":0,"TinhThanhID":0,"TinhThanhTitle":"Bắc Giang","TinhThanhTitleAscii":"/bac-giang","QuanHuyenID":0,"NganhNgheTitle":"Xây dựng nhà các loại","NganhNgheTitleAscii":"/nganh-nghe/xay-dung-nha-cac-loai","DSTags":["2400727812","Bắc Giang",null]},{"Type":11,"SolrID":"/2400694074-cong-ty-tnhh-xay-dung-thuong-mai-dich-vu-hung-giang","ID":0,"MaSoThue":"2400694074","NgayCap":"2014-01-13T00:00:00Z","Title":"Công Ty TNHH Xây Dựng Thương Mại & Dịch Vụ Hưng Giang","DiaChiCongTy":"Thôn Bùi Bến - Xã Yên Lư - Huyện Yên Dũng - Bắc Giang","Created":"2015-11-09T21:05:58Z","Updated":"2015-11-09T21:05:58Z","IsDelete":false,"RequestChanged":false,"ExitsInGDT":false,"SourceID":0,"TinhThanhID":0,"TinhThanhTitle":"Bắc Giang","TinhThanhTitleAscii":"/bac-giang","QuanHuyenID":0,"NganhNgheTitle":"Xây dựng nhà các loại","NganhNgheTitleAscii":"/nganh-nghe/xay-dung-nha-cac-loai","DSTags":["2400694074","Bắc Giang",null]},{"Type":11,"SolrID":"/2400467787-054-truong-mam-non-yen-lu-so-2","ID":0,"MaSoThue":"2400467787-054","NgayCap":"2013-05-30T00:00:00Z","Title":"Trường mầm non Yên Lư sô 2","DiaChiCongTy":"Thôn Tân Sơn 2 - Xã Yên Lư - Huyện Yên Dũng - Bắc Giang","Created":"2015-11-17T22:24:55Z","Updated":"2015-11-17T22:24:55Z","IsDelete":false,"RequestChanged":false,"ExitsInGDT":false,"SourceID":0,"TinhThanhID":0,"TinhThanhTitle":"Bắc Giang","TinhThanhTitleAscii":"/bac-giang","QuanHuyenID":0,"NganhNgheTitle":"Giáo dục mầm non","NganhNgheTitleAscii":"/nganh-nghe/giao-duc-mam-non","DSTags":["2400467787-054","Bắc Giang",null]},{"Type":11,"SolrID":"/2400467787-053-truong-mam-non-yen-lu-so-1","ID":0,"MaSoThue":"2400467787-053","NgayCap":"2013-05-29T00:00:00Z","Title":"Trường Mầm Non Yên Lư Số 1","DiaChiCongTy":"Thôn An Thái - Xã Yên Lư - Huyện Yên Dũng - Bắc Giang","Created":"2015-11-17T22:24:54Z","Updated":"2015-11-17T22:24:54Z","IsDelete":false,"RequestChanged":false,"ExitsInGDT":false,"SourceID":0,"TinhThanhID":0,"TinhThanhTitle":"Bắc Giang","TinhThanhTitleAscii":"/bac-giang","QuanHuyenID":0,"NganhNgheTitle":"Giáo dục mầm non","NganhNgheTitleAscii":"/nganh-nghe/giao-duc-mam-non","DSTags":["2400467787-053","Bắc Giang",null]},{"Type":11,"SolrID":"/2400618919-cong-ty-co-phan-bg24","ID":0,"MaSoThue":"2400618919","NgayCap":"2012-08-29T00:00:00Z","Title":"Công Ty Cổ Phần Bg24","DiaChiCongTy":"Thôn Yên Hồng - Xã Yên Lư - Huyện Yên Dũng - Bắc Giang","Created":"2015-11-09T13:11:55Z","Updated":"2015-11-09T13:11:55Z","IsDelete":false,"RequestChanged":false,"ExitsInGDT":false,"SourceID":0,"TinhThanhID":0,"TinhThanhTitle":"Bắc Giang","TinhThanhTitleAscii":"/bac-giang","QuanHuyenID":0,"NganhNgheTitle":"Lập trình máy vi tính","NganhNgheTitleAscii":"/nganh-nghe/lap-trinh-may-vi-tinh","DSTags":["2400618919","Bắc Giang",null]},{"Type":11,"SolrID":"/2400494910-doanh-nghiep-tu-nhan-an-khanh","ID":0,"MaSoThue":"2400494910","NgayCap":"2010-01-14T00:00:00Z","Title":"Doanh Nghiệp Tư Nhân An Khánh","DiaChiCongTy":"Thôn Yên Tập - Xã Yên Lư - Huyện Yên Dũng - Bắc Giang","Created":"2015-11-08T22:18:44Z","Updated":"2015-11-08T22:18:44Z","IsDelete":false,"RequestChanged":false,"ExitsInGDT":false,"SourceID":0,"TinhThanhID":0,"TinhThanhTitle":"Bắc Giang","TinhThanhTitleAscii":"/bac-giang","QuanHuyenID":0,"NganhNgheTitle":"Bán lẻ nhiên liệu động cơ trong các cửa hàng chuyên doanh","NganhNgheTitleAscii":"/nganh-nghe/ban-le-nhien-lieu-dong-co-trong-cac-cua-hang-chuyen-doanh","DSTags":["2400494910","Bắc Giang",null]},{"Type":11,"SolrID":"/2400490465-cong-ty-tnhh-an-phat","ID":0,"MaSoThue":"2400490465","NgayCap":"2009-11-12T00:00:00Z","Title":"Công ty TNHH An Phát","DiaChiCongTy":"thôn Yên Hồng, xã Yên Lư - Xã Yên Lư - Huyện Yên Dũng - Bắc Giang","Created":"2015-11-11T08:56:04Z","Updated":"2015-11-11T08:56:04Z","IsDelete":false,"RequestChanged":false,"ExitsInGDT":false,"SourceID":0,"TinhThanhID":0,"TinhThanhTitle":"Bắc Giang","TinhThanhTitleAscii":"/bac-giang","QuanHuyenID":0,"NganhNgheTitle":"Xây dựng công trình kỹ thuật dân dụng","NganhNgheTitleAscii":"/nganh-nghe/xay-dung-cong-trinh-ky-thuat-dan-dung","DSTags":["2400490465","Bắc Giang",null]},{"Type":11,"SolrID":"/2400467787-038-truong-tieu-hoc-yen-lu-so-2","ID":0,"MaSoThue":"2400467787-038","NgayCap":"2009-07-24T00:00:00Z","Title":"Trường Tiểu học Yên Lư số 2","DiaChiCongTy":"Thôn Tân Sơn 2 - xã Yên Lư - Huyện Yên Dũng - Bắc Giang","Created":"2015-11-17T22:24:41Z","Updated":"2015-11-17T22:24:41Z","IsDelete":false,"RequestChanged":false,"ExitsInGDT":false,"SourceID":0,"TinhThanhID":0,"TinhThanhTitle":"Bắc Giang","TinhThanhTitleAscii":"/bac-giang","QuanHuyenID":0,"NganhNgheTitle":"Giáo dục tiểu học","NganhNgheTitleAscii":"/nganh-nghe/giao-duc-tieu-hoc","DSTags":["2400467787-038","Bắc Giang",null]},{"Type":11,"SolrID":"/2400467787-036-truong-tieu-hoc-yen-lu-so-1","ID":0,"MaSoThue":"2400467787-036","NgayCap":"2009-07-01T00:00:00Z","Title":"Trường Tiểu học Yên Lư số 1","DiaChiCongTy":"thôn Yên tập bắc - xã Yên Lư - Huyện Yên Dũng - Bắc Giang","Created":"2015-11-17T22:24:40Z","Updated":"2015-11-17T22:24:40Z","IsDelete":false,"RequestChanged":false,"ExitsInGDT":false,"SourceID":0,"TinhThanhID":0,"TinhThanhTitle":"Bắc Giang","TinhThanhTitleAscii":"/bac-giang","QuanHuyenID":0,"NganhNgheTitle":"Giáo dục tiểu học","NganhNgheTitleAscii":"/nganh-nghe/giao-duc-tieu-hoc","DSTags":["2400467787-036","Bắc Giang",null]},{"Type":11,"SolrID":"/2400467787-009-truong-trung-hoc-co-so-yen-lu","ID":0,"MaSoThue":"2400467787-009","NgayCap":"2009-06-30T00:00:00Z","Title":"Trường Trung học cơ sở Yên Lư","DiaChiCongTy":"thôn An Thái - xã Yên Lư - Huyện Yên Dũng - Bắc Giang","Created":"2015-11-17T22:24:15Z","Updated":"2015-11-17T22:24:15Z","IsDelete":false,"RequestChanged":false,"ExitsInGDT":false,"SourceID":0,"TinhThanhID":0,"TinhThanhTitle":"Bắc Giang","TinhThanhTitleAscii":"/bac-giang","QuanHuyenID":0,"NganhNgheTitle":"Giáo dục trung học cơ sở và trung học phổ thông","NganhNgheTitleAscii":"/nganh-nghe/giao-duc-trung-hoc-co-so-va-trung-hoc-pho-thong","DSTags":["2400467787-009","Bắc Giang",null]},{"Type":11,"SolrID":"/2400466141-cong-ty-cp-thuong-mai-va-xay-dung-nham-bien","ID":0,"MaSoThue":"2400466141","NgayCap":"2009-06-24T00:00:00Z","Title":"Công Ty CP Thương Mại Và Xây Dựng Nham Biền","DiaChiCongTy":"Thôn Yên Tập - Xã Yên Lư - Huyện Yên Dũng - Bắc Giang","Created":"2015-11-09T03:57:32Z","Updated":"2015-11-09T03:57:32Z","IsDelete":false,"RequestChanged":false,"ExitsInGDT":false,"SourceID":0,"TinhThanhID":0,"TinhThanhTitle":"Bắc Giang","TinhThanhTitleAscii":"/bac-giang","QuanHuyenID":0,"NganhNgheTitle":"Bán buôn vật liệu, thiết bị lắp đặt khác trong xây dựng","NganhNgheTitleAscii":"/nganh-nghe/ban-buon-vat-lieu-thiet-bi-lap-dat-khac-trong-xay-dung","DSTags":["2400466141","Bắc Giang",null]},{"Type":11,"SolrID":"/0101430979-002-trung-tam-day-nghe-idt-chi-nhanh-cong-ty-cp-dau-tu-phat-trien-cong-nghe-va-dao-tao","ID":0,"MaSoThue":"0101430979-002","NgayCap":"2009-01-16T00:00:00Z","Title":"Trung tâm dạy nghề IDT- Chi nhánh công ty CP đầu tư phát triển công nghệ và đào tạo","DiaChiCongTy":"Hàm Long, xã Yên Lư - Huyện Yên Dũng - Bắc Giang","Created":"2015-11-14T15:56:27Z","Updated":"2015-11-14T15:56:27Z","IsDelete":false,"RequestChanged":false,"ExitsInGDT":false,"SourceID":0,"TinhThanhID":0,"TinhThanhTitle":"Bắc Giang","TinhThanhTitleAscii":"/bac-giang","QuanHuyenID":0,"NganhNgheTitle":"Giáo dục nghề nghiệp","NganhNgheTitleAscii":"/nganh-nghe/giao-duc-nghe-nghiep","DSTags":["0101430979-002","Bắc Giang",null]},{"Type":11,"SolrID":"/2400425339-cong-ty-cp-dau-tu-truong-an","ID":0,"MaSoThue":"2400425339","NgayCap":"2009-01-02T00:00:00Z","Title":"Công Ty CP Đầu Tư Trường An","DiaChiCongTy":"Hàm Long - Xã Yên Lư - Huyện Yên Dũng - Bắc Giang","Created":"2015-11-12T12:51:19Z","Updated":"2015-11-12T12:51:19Z","IsDelete":false,"RequestChanged":false,"ExitsInGDT":false,"SourceID":0,"TinhThanhID":0,"TinhThanhTitle":"Bắc Giang","TinhThanhTitleAscii":"/bac-giang","QuanHuyenID":0,"NganhNgheTitle":"Xây dựng công trình kỹ thuật dân dụng","NganhNgheTitleAscii":"/nganh-nghe/xay-dung-cong-trinh-ky-thuat-dan-dung","DSTags":["2400425339","Bắc Giang",null]},{"Type":11,"SolrID":"/2400388359-cong-ty-tnhh-mot-thanh-vien-thuy-quynh","ID":0,"MaSoThue":"2400388359","NgayCap":"2007-10-24T00:00:00Z","Title":"Công ty TNHH một thành viên Thủy Quỳnh","DiaChiCongTy":"thôn Thạch Xá, xã Yên Lư - Huyện Yên Dũng - Bắc Giang","Created":"2015-11-12T12:33:16Z","Updated":"2015-11-12T12:33:16Z","IsDelete":false,"RequestChanged":false,"ExitsInGDT":false,"SourceID":0,"TinhThanhID":0,"TinhThanhTitle":"Bắc Giang","TinhThanhTitleAscii":"/bac-giang","QuanHuyenID":0,"NganhNgheTitle":"Tái chế phế liệu phi kim loại","NganhNgheTitleAscii":"/nganh-nghe/tai-che-phe-lieu-phi-kim-loai","DSTags":["2400388359","Bắc Giang",null]},{"Type":11,"SolrID":"/2400211217-ubnd-xa-yen-lu","ID":0,"MaSoThue":"2400211217","NgayCap":"1998-11-23T00:00:00Z","Title":"UBND Xã Yên Lư","DiaChiCongTy":"Xã Yên Lư - Huyện Yên Dũng - Bắc Giang","Created":"2015-11-16T06:34:27Z","Updated":"2015-11-16T06:34:27Z","IsDelete":false,"RequestChanged":false,"ExitsInGDT":false,"SourceID":0,"TinhThanhID":0,"TinhThanhTitle":"Bắc Giang","TinhThanhTitleAscii":"/bac-giang","QuanHuyenID":0,"NganhNgheTitle":"Hoạt động tài chính khác","NganhNgheTitleAscii":"/nganh-nghe/hoat-dong-tai-chinh-khac","DSTags":["2400211217","Bắc Giang",null]}]}