{"ID":4117,"SolrID":"/bac-can/huyen-ba-be/thi-tran-ba-be","Title":"Thị Trấn Ba Bể","TinhThanhTitle":"Bắc Cạn","QuanHuyenTitle":"Huyện Ba Bể","QuanHuyenID":536,"TinhThanhID":47,"Url":"https://thongtindoanhnghiep.co/api/company?l=/bac-can/huyen-ba-be/thi-tran-ba-be","Total":6,"List":[{"Type":11,"SolrID":"/4700200682-trung-tam-dan-so-khhgd-huyen-ba-be","ID":0,"MaSoThue":"4700200682","NgayCap":"2011-02-09T00:00:00Z","Title":"Trung tâm dân số - KHHGĐ huyện Ba Bể","DiaChiCongTy":"TK 7, thị trấn Ba Bể - Huyện Ba Bể - Bắc Cạn","Created":"2015-11-16T20:52:51Z","Updated":"2015-11-16T20:52:51Z","IsDelete":false,"RequestChanged":false,"ExitsInGDT":false,"SourceID":0,"TinhThanhID":0,"TinhThanhTitle":"Bắc Cạn","TinhThanhTitleAscii":"/bac-can","QuanHuyenID":0,"NganhNgheTitle":"Hoạt động quản lý nhà nước nói chung và kinh tế tổng hợp","NganhNgheTitleAscii":"/nganh-nghe/hoat-dong-quan-ly-nha-nuoc-noi-chung-va-kinh-te-tong-hop","DSTags":["4700200682","Bắc Cạn",null]},{"Type":11,"SolrID":"/4700187791-phong-lao-dong-thuong-binh-va-xa-hoi","ID":0,"MaSoThue":"4700187791","NgayCap":"2009-07-22T00:00:00Z","Title":"Phòng lao động thương binh và xã hội","DiaChiCongTy":"Tiểu khu 9, thị trấn Ba Bể - Huyện Ba Bể - Bắc Cạn","Created":"2015-11-16T10:44:53Z","Updated":"2015-11-16T10:44:53Z","IsDelete":false,"RequestChanged":false,"ExitsInGDT":false,"SourceID":0,"TinhThanhID":0,"TinhThanhTitle":"Bắc Cạn","TinhThanhTitleAscii":"/bac-can","QuanHuyenID":0,"NganhNgheTitle":"Hoạt động quản lý nhà nước nói chung và kinh tế tổng hợp","NganhNgheTitleAscii":"/nganh-nghe/hoat-dong-quan-ly-nha-nuoc-noi-chung-va-kinh-te-tong-hop","DSTags":["4700187791","Bắc Cạn",null]},{"Type":11,"SolrID":"/4700186766-toa-an-nhan-dan-huyen-ba-be","ID":0,"MaSoThue":"4700186766","NgayCap":"2009-07-05T00:00:00Z","Title":"Toà án nhân dân huyện Ba Bể","DiaChiCongTy":"Thị trấn Ba Bể - Huyện Ba Bể - Bắc Cạn","Created":"2015-11-16T12:18:08Z","Updated":"2015-11-16T12:18:08Z","IsDelete":false,"RequestChanged":false,"ExitsInGDT":false,"SourceID":0,"TinhThanhID":0,"TinhThanhTitle":"Bắc Cạn","TinhThanhTitleAscii":"/bac-can","QuanHuyenID":0,"NganhNgheTitle":"Hoạt động quản lý nhà nước nói chung và kinh tế tổng hợp","NganhNgheTitleAscii":"/nganh-nghe/hoat-dong-quan-ly-nha-nuoc-noi-chung-va-kinh-te-tong-hop","DSTags":["4700186766","Bắc Cạn",null]},{"Type":11,"SolrID":"/4700125523-cong-ty-trach-nhiem-huu-han-anh-van","ID":0,"MaSoThue":"4700125523","NgayCap":"2005-03-15T00:00:00Z","Title":"Công ty trách nhiệm hữu hạn Anh Vấn","DiaChiCongTy":"Tiểu khu 4- Thị trấn Ba bể - Huyện Ba Bể - Bắc Cạn","Created":"2015-11-09T03:33:31Z","Updated":"2015-11-09T03:33:31Z","IsDelete":false,"RequestChanged":false,"ExitsInGDT":false,"SourceID":0,"TinhThanhID":0,"TinhThanhTitle":"Bắc Cạn","TinhThanhTitleAscii":"/bac-can","QuanHuyenID":0,"NganhNgheTitle":"Xây dựng công trình kỹ thuật dân dụng","NganhNgheTitleAscii":"/nganh-nghe/xay-dung-cong-trinh-ky-thuat-dan-dung","DSTags":["4700125523","Bắc Cạn",null]},{"Type":11,"SolrID":"/4700121254-002-chi-cuc-thue-huyen-ba-be","ID":0,"MaSoThue":"4700121254-002","NgayCap":"2003-07-23T00:00:00Z","Title":"Chi cục thuế huyện Ba Bể","DiaChiCongTy":"Thị trấn Ba Bể - Huyện Ba Bể - Bắc Cạn","Created":"2015-11-19T05:38:54Z","Updated":"2015-11-19T05:38:54Z","IsDelete":false,"RequestChanged":false,"ExitsInGDT":false,"SourceID":0,"TinhThanhID":0,"TinhThanhTitle":"Bắc Cạn","TinhThanhTitleAscii":"/bac-can","QuanHuyenID":0,"NganhNgheTitle":"Hoạt động quản lý nhà nước nói chung và kinh tế tổng hợp","NganhNgheTitleAscii":"/nganh-nghe/hoat-dong-quan-ly-nha-nuoc-noi-chung-va-kinh-te-tong-hop","DSTags":["4700121254-002","Bắc Cạn",null]},{"Type":11,"SolrID":"/4700113398-008-cua-hang-thuong-nghiep-tong-hop-ba-be","ID":0,"MaSoThue":"4700113398-008","NgayCap":"2000-01-12T00:00:00Z","Title":"Cửa hàng thương nghiệp tổng hợp Ba Bể","DiaChiCongTy":"Thị trấn Ba Bể - Huyện Ba Bể - Bắc Cạn","Created":"2015-11-19T09:34:26Z","Updated":"2015-11-19T09:34:26Z","IsDelete":false,"RequestChanged":false,"ExitsInGDT":false,"SourceID":0,"TinhThanhID":0,"TinhThanhTitle":"Bắc Cạn","TinhThanhTitleAscii":"/bac-can","QuanHuyenID":0,"NganhNgheTitle":"Bán lẻ hình thức khác (trừ bán lẻ tại cửa hàng, lưu động hoặc tại chợ)","NganhNgheTitleAscii":"/nganh-nghe/ban-le-hinh-thuc-khac-tru-ban-le-tai-cua-hang-luu-dong-hoac-tai-cho","DSTags":["4700113398-008","Bắc Cạn",null]}]}