{"ID":13511,"SolrID":"/bac-can/huyen-ba-be/xa-cao-thuong","Title":"Xã Cao Thượng","TinhThanhTitle":"Bắc Cạn","QuanHuyenTitle":"Huyện Ba Bể","QuanHuyenID":536,"TinhThanhID":47,"Url":"https://thongtindoanhnghiep.co/api/company?l=/bac-can/huyen-ba-be/xa-cao-thuong","Total":2,"List":[{"Type":11,"SolrID":"/4700198391-truong-trung-hoc-co-so-cao-thuong","ID":0,"MaSoThue":"4700198391","NgayCap":"2010-11-05T00:00:00Z","Title":"Trường trung học cơ sở Cao Thượng","DiaChiCongTy":"Xã Cao Thượng - Huyện Ba Bể - Bắc Cạn","Created":"2015-11-16T05:23:18Z","Updated":"2015-11-16T05:23:18Z","IsDelete":false,"RequestChanged":false,"ExitsInGDT":false,"SourceID":0,"TinhThanhID":0,"TinhThanhTitle":"Bắc Cạn","TinhThanhTitleAscii":"/bac-can","QuanHuyenID":0,"NganhNgheTitle":"Giáo dục trung học cơ sở","NganhNgheTitleAscii":"/nganh-nghe/giao-duc-trung-hoc-co-so","DSTags":["4700198391","Bắc Cạn",null]},{"Type":11,"SolrID":"/4700126693-ubnd-xa-cao-thuong","ID":0,"MaSoThue":"4700126693","NgayCap":"2000-05-17T00:00:00Z","Title":"UBND xã Cao Thượng","DiaChiCongTy":"Xã Cao Thượng - Huyện Ba Bể - Bắc Cạn","Created":"2015-11-16T14:36:44Z","Updated":"2015-11-16T14:36:44Z","IsDelete":false,"RequestChanged":false,"ExitsInGDT":false,"SourceID":0,"TinhThanhID":0,"TinhThanhTitle":"Bắc Cạn","TinhThanhTitleAscii":"/bac-can","QuanHuyenID":0,"NganhNgheTitle":"Hoạt động dịch vụ tài chính khác chưa được phân vào đâu (trừ bảo hiểm và bảo hiểm xã hội)","NganhNgheTitleAscii":"/nganh-nghe/hoat-dong-dich-vu-tai-chinh-khac-chua-duoc-phan-vao-dau-tru-bao-hiem-va-bao-hiem-xa-hoi","DSTags":["4700126693","Bắc Cạn",null]}]}