{"ID":11280,"SolrID":"/bac-can/huyen-ba-be/xa-dong-phuc","Title":"Xã Đồng Phúc","TinhThanhTitle":"Bắc Cạn","QuanHuyenTitle":"Huyện Ba Bể","QuanHuyenID":536,"TinhThanhID":47,"Url":"https://thongtindoanhnghiep.co/api/company?l=/bac-can/huyen-ba-be/xa-dong-phuc","Total":5,"List":[{"Type":11,"SolrID":"/4700259887-truongtieu-hoc-dong-phuc","ID":0,"MaSoThue":"4700259887","NgayCap":"2015-12-07T00:00:00Z","Title":"TrườngTiểu Học Đồng Phúc","DiaChiCongTy":"Nà Mẩy - Xã Đồng Phúc - Huyện Ba Bể - Bắc Cạn","Created":"2015-12-08T16:35:17Z","Updated":"2015-12-08T16:35:17Z","IsDelete":false,"RequestChanged":false,"ExitsInGDT":false,"SourceID":0,"TinhThanhID":0,"TinhThanhTitle":"Bắc Cạn","TinhThanhTitleAscii":"/bac-can","QuanHuyenID":0,"NganhNgheTitle":"Giáo dục tiểu học","NganhNgheTitleAscii":"/nganh-nghe/giao-duc-tieu-hoc","DSTags":["4700259887","Bắc Cạn",null]},{"Type":11,"SolrID":"/4700256935-truong-trung-hoc-co-so-dong-phuc","ID":0,"MaSoThue":"4700256935","NgayCap":"2015-04-23T00:00:00Z","Title":"Trường Trung Học Cơ Sở Đồng Phúc","DiaChiCongTy":"Cốc Cọong - Xã Đồng Phúc - Huyện Ba Bể - Bắc Cạn","Created":"2015-11-17T09:20:24Z","Updated":"2015-11-17T09:20:24Z","IsDelete":false,"RequestChanged":false,"ExitsInGDT":false,"SourceID":0,"TinhThanhID":0,"TinhThanhTitle":"Bắc Cạn","TinhThanhTitleAscii":"/bac-can","QuanHuyenID":0,"NganhNgheTitle":"Giáo dục trung học cơ sở","NganhNgheTitleAscii":"/nganh-nghe/giao-duc-trung-hoc-co-so","DSTags":["4700256935","Bắc Cạn",null]},{"Type":11,"SolrID":"/4700256928-truong-mam-non-dong-phuc","ID":0,"MaSoThue":"4700256928","NgayCap":"2015-04-23T00:00:00Z","Title":"Trường Mầm Non Đồng Phúc","DiaChiCongTy":"Tẩn Lượt - Xã Đồng Phúc - Huyện Ba Bể - Bắc Cạn","Created":"2015-11-17T09:21:01Z","Updated":"2015-11-17T09:21:01Z","IsDelete":false,"RequestChanged":false,"ExitsInGDT":false,"SourceID":0,"TinhThanhID":0,"TinhThanhTitle":"Bắc Cạn","TinhThanhTitleAscii":"/bac-can","QuanHuyenID":0,"NganhNgheTitle":"Giáo dục mầm non","NganhNgheTitleAscii":"/nganh-nghe/giao-duc-mam-non","DSTags":["4700256928","Bắc Cạn",null]},{"Type":11,"SolrID":"/4700229811-doanh-nghiep-tn-ba-tuyen","ID":0,"MaSoThue":"4700229811","NgayCap":"2012-04-20T00:00:00Z","Title":"Doanh Nghiệp TN Ba Tuyên","DiaChiCongTy":"Thôn Tẩn Lượt - Xã Đồng Phúc - Huyện Ba Bể - Bắc Cạn","Created":"2015-11-16T11:24:31Z","Updated":"2015-11-16T11:24:31Z","IsDelete":false,"RequestChanged":false,"ExitsInGDT":false,"SourceID":0,"TinhThanhID":0,"TinhThanhTitle":"Bắc Cạn","TinhThanhTitleAscii":"/bac-can","QuanHuyenID":0,"NganhNgheTitle":"Bán buôn nhiên liệu rắn, lỏng, khí và các sản phẩm liên quan","NganhNgheTitleAscii":"/nganh-nghe/ban-buon-nhien-lieu-ran-long-khi-va-cac-san-pham-lien-quan","DSTags":["4700229811","Bắc Cạn",null]},{"Type":11,"SolrID":"/4700126615-ubnd-xa-dong-phuc","ID":0,"MaSoThue":"4700126615","NgayCap":"2000-05-17T00:00:00Z","Title":"UBND xã Đồng Phúc","DiaChiCongTy":"Xã Đồng Phúc - Huyện Ba Bể - Bắc Cạn","Created":"2015-11-16T14:36:30Z","Updated":"2015-11-16T14:36:30Z","IsDelete":false,"RequestChanged":false,"ExitsInGDT":false,"SourceID":0,"TinhThanhID":0,"TinhThanhTitle":"Bắc Cạn","TinhThanhTitleAscii":"/bac-can","QuanHuyenID":0,"NganhNgheTitle":"Hoạt động dịch vụ tài chính khác chưa được phân vào đâu (trừ bảo hiểm và bảo hiểm xã hội)","NganhNgheTitleAscii":"/nganh-nghe/hoat-dong-dich-vu-tai-chinh-khac-chua-duoc-phan-vao-dau-tru-bao-hiem-va-bao-hiem-xa-hoi","DSTags":["4700126615","Bắc Cạn",null]}]}