{"ID":13518,"SolrID":"/bac-can/huyen-ba-be/xa-ha-hieu","Title":"Xã Hà Hiệu","TinhThanhTitle":"Bắc Cạn","QuanHuyenTitle":"Huyện Ba Bể","QuanHuyenID":536,"TinhThanhID":47,"Url":"https://thongtindoanhnghiep.co/api/company?l=/bac-can/huyen-ba-be/xa-ha-hieu","Total":4,"List":[{"Type":11,"SolrID":"/4700263040-hop-tac-xa-chan-nuoi-va-lam-vuon-phuong-duc","ID":0,"MaSoThue":"4700263040","NgayCap":"2016-06-24T00:00:00Z","Title":"HợP TáC Xã CHăN NUôI Và LàM VườN PHươNG ĐứC","DiaChiCongTy":"Thôn Bản Mới - Xã Hà Hiệu - Huyện Ba Bể - Bắc Cạn","Created":"2016-06-25T13:45:50Z","Updated":"2016-06-25T13:45:50Z","IsDelete":false,"RequestChanged":false,"ExitsInGDT":false,"SourceID":0,"TinhThanhID":0,"TinhThanhTitle":"Bắc Cạn","TinhThanhTitleAscii":"/bac-can","QuanHuyenID":0,"NganhNgheTitle":"Trồng trọt, chăn nuôi hỗn hợp","NganhNgheTitleAscii":"/nganh-nghe/trong-trot-chan-nuoi-hon-hop","DSTags":["4700263040","Bắc Cạn",null]},{"Type":11,"SolrID":"/4700245309-cong-ty-tnhh-so-mot-cuoc-song","ID":0,"MaSoThue":"4700245309","NgayCap":"2013-10-31T00:00:00Z","Title":"Công Ty TNHH Số Một Cuộc Sống","DiaChiCongTy":"Thôn Nà Mèo - Xã Hà Hiệu - Huyện Ba Bể - Bắc Cạn","Created":"2015-11-11T18:13:05Z","Updated":"2015-11-11T18:13:05Z","IsDelete":false,"RequestChanged":false,"ExitsInGDT":false,"SourceID":0,"TinhThanhID":0,"TinhThanhTitle":"Bắc Cạn","TinhThanhTitleAscii":"/bac-can","QuanHuyenID":0,"NganhNgheTitle":"Giáo dục thể thao và giải trí","NganhNgheTitleAscii":"/nganh-nghe/giao-duc-the-thao-va-giai-tri","DSTags":["4700245309","Bắc Cạn",null]},{"Type":11,"SolrID":"/0103213930-003-chi-nhanh-cong-ty-tnhh-phat-trien-thanh-dong-ii-tai-bac-kan","ID":0,"MaSoThue":"0103213930-003","NgayCap":"2012-04-03T00:00:00Z","Title":"Chi Nhánh Công Ty TNHH  Phát Triển Thành Đồng Ii Tại Bắc Kạn","DiaChiCongTy":"Thôn Thôm Lạnh - Xã Hà Hiệu - Huyện Ba Bể - Bắc Cạn","Created":"2015-11-10T02:05:09Z","Updated":"2015-11-10T02:05:09Z","IsDelete":false,"RequestChanged":false,"ExitsInGDT":false,"SourceID":0,"TinhThanhID":0,"TinhThanhTitle":"Bắc Cạn","TinhThanhTitleAscii":"/bac-can","QuanHuyenID":0,"NganhNgheTitle":"Nhà hàng và các dịch vụ ăn uống phục vụ lưu động","NganhNgheTitleAscii":"/nganh-nghe/nha-hang-va-cac-dich-vu-an-uong-phuc-vu-luu-dong","DSTags":["0103213930-003","Bắc Cạn",null]},{"Type":11,"SolrID":"/4700126439-ubnd-xa-ha-hieu","ID":0,"MaSoThue":"4700126439","NgayCap":"2000-05-17T00:00:00Z","Title":"UBND xã Hà Hiệu","DiaChiCongTy":"Xã Hà Hiệu - Huyện Ba Bể - Bắc Cạn","Created":"2015-11-16T14:36:19Z","Updated":"2015-11-16T14:36:19Z","IsDelete":false,"RequestChanged":false,"ExitsInGDT":false,"SourceID":0,"TinhThanhID":0,"TinhThanhTitle":"Bắc Cạn","TinhThanhTitleAscii":"/bac-can","QuanHuyenID":0,"NganhNgheTitle":"Hoạt động dịch vụ tài chính khác chưa được phân vào đâu (trừ bảo hiểm và bảo hiểm xã hội)","NganhNgheTitleAscii":"/nganh-nghe/hoat-dong-dich-vu-tai-chinh-khac-chua-duoc-phan-vao-dau-tru-bao-hiem-va-bao-hiem-xa-hoi","DSTags":["4700126439","Bắc Cạn",null]}]}