{"ID":13523,"SolrID":"/bac-can/huyen-ba-be/xa-my-phuong","Title":"Xã Mỹ Phương","TinhThanhTitle":"Bắc Cạn","QuanHuyenTitle":"Huyện Ba Bể","QuanHuyenID":536,"TinhThanhID":47,"Url":"https://thongtindoanhnghiep.co/api/company?l=/bac-can/huyen-ba-be/xa-my-phuong","Total":5,"List":[{"Type":11,"SolrID":"/4700233695-hop-tac-xa-long-phu","ID":0,"MaSoThue":"4700233695","NgayCap":"2012-06-26T00:00:00Z","Title":"Hợp tác xã Long Phú","DiaChiCongTy":"Nà Vè - Xã Mỹ Phương - Huyện Ba Bể - Bắc Cạn","Created":"2015-11-16T10:48:33Z","Updated":"2015-11-16T10:48:33Z","IsDelete":false,"RequestChanged":false,"ExitsInGDT":false,"SourceID":0,"TinhThanhID":0,"TinhThanhTitle":"Bắc Cạn","TinhThanhTitleAscii":"/bac-can","QuanHuyenID":0,"NganhNgheTitle":"Sản xuất tinh bột và các sản phẩm từ tinh bột","NganhNgheTitleAscii":"/nganh-nghe/san-xuat-tinh-bot-va-cac-san-pham-tu-tinh-bot","DSTags":["4700233695","Bắc Cạn",null]},{"Type":11,"SolrID":"/4700211243-cong-ty-tnhh-mot-thanh-vien-nhat-thien","ID":0,"MaSoThue":"4700211243","NgayCap":"2011-09-28T00:00:00Z","Title":"Công Ty TNHH Một Thành Viên Nhất Thiện","DiaChiCongTy":"Thôn Nà Ngò - Xã Mỹ Phương - Huyện Ba Bể - Bắc Cạn","Created":"2015-11-10T02:05:28Z","Updated":"2015-11-10T02:05:28Z","IsDelete":false,"RequestChanged":false,"ExitsInGDT":false,"SourceID":0,"TinhThanhID":0,"TinhThanhTitle":"Bắc Cạn","TinhThanhTitleAscii":"/bac-can","QuanHuyenID":0,"NganhNgheTitle":"Sản xuất tinh bột và các sản phẩm từ tinh bột","NganhNgheTitleAscii":"/nganh-nghe/san-xuat-tinh-bot-va-cac-san-pham-tu-tinh-bot","DSTags":["4700211243","Bắc Cạn",null]},{"Type":11,"SolrID":"/4700198810-truong-mam-non-my-phuong","ID":0,"MaSoThue":"4700198810","NgayCap":"2010-11-25T00:00:00Z","Title":"Trường Mầm Non Mỹ Phương","DiaChiCongTy":"Xã Mỹ Phương - Huyện Ba Bể - Bắc Cạn","Created":"2015-11-16T05:17:50Z","Updated":"2015-11-16T05:17:50Z","IsDelete":false,"RequestChanged":false,"ExitsInGDT":false,"SourceID":0,"TinhThanhID":0,"TinhThanhTitle":"Bắc Cạn","TinhThanhTitleAscii":"/bac-can","QuanHuyenID":0,"NganhNgheTitle":"Giáo dục mầm non","NganhNgheTitleAscii":"/nganh-nghe/giao-duc-mam-non","DSTags":["4700198810","Bắc Cạn",null]},{"Type":11,"SolrID":"/4700198779-truong-trung-hoc-co-so-my-phuong","ID":0,"MaSoThue":"4700198779","NgayCap":"2010-11-22T00:00:00Z","Title":"Trường trung học cơ sở Mỹ Phương","DiaChiCongTy":"Xã Mỹ Phương - Huyện Ba Bể - Bắc Cạn","Created":"2015-11-16T05:18:54Z","Updated":"2015-11-16T05:18:54Z","IsDelete":false,"RequestChanged":false,"ExitsInGDT":false,"SourceID":0,"TinhThanhID":0,"TinhThanhTitle":"Bắc Cạn","TinhThanhTitleAscii":"/bac-can","QuanHuyenID":0,"NganhNgheTitle":"Giáo dục trung học cơ sở","NganhNgheTitleAscii":"/nganh-nghe/giao-duc-trung-hoc-co-so","DSTags":["4700198779","Bắc Cạn",null]},{"Type":11,"SolrID":"/4700126527-ubnd-xa-my-phuong","ID":0,"MaSoThue":"4700126527","NgayCap":"2000-05-17T00:00:00Z","Title":"UBND xã Mỹ Phương","DiaChiCongTy":"Xã Mỹ Phương - Huyện Ba Bể - Bắc Cạn","Created":"2015-11-16T14:36:09Z","Updated":"2015-11-16T14:36:09Z","IsDelete":false,"RequestChanged":false,"ExitsInGDT":false,"SourceID":0,"TinhThanhID":0,"TinhThanhTitle":"Bắc Cạn","TinhThanhTitleAscii":"/bac-can","QuanHuyenID":0,"NganhNgheTitle":"Hoạt động dịch vụ phục vụ cá nhân khác còn lại chưa được phân vào đâu","NganhNgheTitleAscii":"/nganh-nghe/hoat-dong-dich-vu-phuc-vu-ca-nhan-khac-con-lai-chua-duoc-phan-vao-dau","DSTags":["4700126527","Bắc Cạn",null]}]}