{"ID":3361,"SolrID":"/bac-can/huyen-ba-be/xa-nam-mau","Title":"Xã Nam Mẫu","TinhThanhTitle":"Bắc Cạn","QuanHuyenTitle":"Huyện Ba Bể","QuanHuyenID":536,"TinhThanhID":47,"Url":"https://thongtindoanhnghiep.co/api/company?l=/bac-can/huyen-ba-be/xa-nam-mau","Total":5,"List":[{"Type":11,"SolrID":"/4700258844-hop-tac-xa-du-lich-pac-ngoi","ID":0,"MaSoThue":"4700258844","NgayCap":"2015-10-20T00:00:00Z","Title":"HợP TáC Xã DU LịCH PáC NGòI","DiaChiCongTy":"Pác Ngòi - Xã Nam Mẫu - Huyện Ba Bể - Bắc Cạn","Created":"2015-11-19T11:02:59Z","Updated":"2015-11-19T11:02:59Z","IsDelete":false,"RequestChanged":false,"ExitsInGDT":false,"SourceID":0,"TinhThanhID":0,"TinhThanhTitle":"Bắc Cạn","TinhThanhTitleAscii":"/bac-can","QuanHuyenID":0,"NganhNgheTitle":"Vận tải hành khách đường thuỷ nội địa","NganhNgheTitleAscii":"/nganh-nghe/van-tai-hanh-khach-duong-thuy-noi-dia","DSTags":["4700258844","Bắc Cạn",null]},{"Type":11,"SolrID":"/4700198313-truong-mam-non-nam-mau","ID":0,"MaSoThue":"4700198313","NgayCap":"2010-11-01T00:00:00Z","Title":"Trường Mầm Non Nam Mẫu","DiaChiCongTy":"Thôn Bó Lũ, xã Nam Mẫu - Huyện Ba Bể - Bắc Cạn","Created":"2015-11-16T05:24:30Z","Updated":"2015-11-16T05:24:30Z","IsDelete":false,"RequestChanged":false,"ExitsInGDT":false,"SourceID":0,"TinhThanhID":0,"TinhThanhTitle":"Bắc Cạn","TinhThanhTitleAscii":"/bac-can","QuanHuyenID":0,"NganhNgheTitle":"Giáo dục mầm non","NganhNgheTitleAscii":"/nganh-nghe/giao-duc-mam-non","DSTags":["4700198313","Bắc Cạn",null]},{"Type":11,"SolrID":"/4700198320-truong-ptcs-nam-mau","ID":0,"MaSoThue":"4700198320","NgayCap":"2010-11-01T00:00:00Z","Title":"Trường PTCS Nam Mẫu","DiaChiCongTy":"Thôn Bó Lù, xã Nam Mẫu - Huyện Ba Bể - Bắc Cạn","Created":"2015-11-16T05:24:32Z","Updated":"2015-11-16T05:24:32Z","IsDelete":false,"RequestChanged":false,"ExitsInGDT":false,"SourceID":0,"TinhThanhID":0,"TinhThanhTitle":"Bắc Cạn","TinhThanhTitleAscii":"/bac-can","QuanHuyenID":0,"NganhNgheTitle":"Giáo dục trung học cơ sở","NganhNgheTitleAscii":"/nganh-nghe/giao-duc-trung-hoc-co-so","DSTags":["4700198320","Bắc Cạn",null]},{"Type":11,"SolrID":"/4700146019-nha-nghi-quynh-mai","ID":0,"MaSoThue":"4700146019","NgayCap":"2004-11-12T00:00:00Z","Title":"Nhà nghỉ Quỳnh Mai","DiaChiCongTy":"Bó Lù - Xã Nam Mẫu - Huyện Ba Bể - Bắc Cạn","Created":"2015-11-16T16:23:21Z","Updated":"2015-11-16T16:23:21Z","IsDelete":false,"RequestChanged":false,"ExitsInGDT":false,"SourceID":0,"TinhThanhID":0,"TinhThanhTitle":"Bắc Cạn","TinhThanhTitleAscii":"/bac-can","QuanHuyenID":0,"NganhNgheTitle":"Dịch vụ lưu trú ngắn ngày","NganhNgheTitleAscii":"/nganh-nghe/dich-vu-luu-tru-ngan-ngay","DSTags":["4700146019","Bắc Cạn",null]},{"Type":11,"SolrID":"/4700126541-ubnd-xa-nam-mau","ID":0,"MaSoThue":"4700126541","NgayCap":"2000-05-17T00:00:00Z","Title":"UBND xã Nam Mẫu","DiaChiCongTy":"Xã Nam Mẫu - Huyện Ba Bể - Bắc Cạn","Created":"2015-11-16T14:36:39Z","Updated":"2015-11-16T14:36:39Z","IsDelete":false,"RequestChanged":false,"ExitsInGDT":false,"SourceID":0,"TinhThanhID":0,"TinhThanhTitle":"Bắc Cạn","TinhThanhTitleAscii":"/bac-can","QuanHuyenID":0,"NganhNgheTitle":"Hoạt động dịch vụ tài chính khác chưa được phân vào đâu (trừ bảo hiểm và bảo hiểm xã hội)","NganhNgheTitleAscii":"/nganh-nghe/hoat-dong-dich-vu-tai-chinh-khac-chua-duoc-phan-vao-dau-tru-bao-hiem-va-bao-hiem-xa-hoi","DSTags":["4700126541","Bắc Cạn",null]}]}