{"ID":12363,"SolrID":"/bac-can/huyen-ba-be/xa-quang-khe","Title":"Xã Quảng Khê","TinhThanhTitle":"Bắc Cạn","QuanHuyenTitle":"Huyện Ba Bể","QuanHuyenID":536,"TinhThanhID":47,"Url":"https://thongtindoanhnghiep.co/api/company?l=/bac-can/huyen-ba-be/xa-quang-khe","Total":4,"List":[{"Type":11,"SolrID":"/4700197969-truong-tieu-hoc-quang-khe","ID":0,"MaSoThue":"4700197969","NgayCap":"2010-10-22T00:00:00Z","Title":"Trường tiểu học Quảng Khê","DiaChiCongTy":"Thôn Chợ Lèng, xã Quảng Khê - Huyện Ba Bể - Bắc Cạn","Created":"2015-11-16T05:25:57Z","Updated":"2015-11-16T05:25:57Z","IsDelete":false,"RequestChanged":false,"ExitsInGDT":false,"SourceID":0,"TinhThanhID":0,"TinhThanhTitle":"Bắc Cạn","TinhThanhTitleAscii":"/bac-can","QuanHuyenID":0,"NganhNgheTitle":"Giáo dục tiểu học","NganhNgheTitleAscii":"/nganh-nghe/giao-duc-tieu-hoc","DSTags":["4700197969","Bắc Cạn",null]},{"Type":11,"SolrID":"/4700181101-doanh-nghiep-tu-nhan-duong-tien-dung","ID":0,"MaSoThue":"4700181101","NgayCap":"2009-05-21T00:00:00Z","Title":"Doanh Nghiệp Tư Nhân Dương Tiến Dũng","DiaChiCongTy":"Thôn Chợ Lèng - Xã Quảng Khê - Huyện Ba Bể - Bắc Cạn","Created":"2015-11-16T23:13:25Z","Updated":"2015-11-16T23:13:25Z","IsDelete":false,"RequestChanged":false,"ExitsInGDT":false,"SourceID":0,"TinhThanhID":0,"TinhThanhTitle":"Bắc Cạn","TinhThanhTitleAscii":"/bac-can","QuanHuyenID":0,"NganhNgheTitle":"Khai thác đá, cát, sỏi, đất sét","NganhNgheTitleAscii":"/nganh-nghe/khai-thac-da-cat-soi-dat-set","DSTags":["4700181101","Bắc Cạn",null]},{"Type":11,"SolrID":"/4700166505-doanh-nghiep-tu-nhan-khanh-doi","ID":0,"MaSoThue":"4700166505","NgayCap":"2009-03-03T00:00:00Z","Title":"Doanh Nghiệp Tư Nhân Khánh Đôi","DiaChiCongTy":"Thôn Nà Chom - Xã Quảng Khê - Huyện Ba Bể - Bắc Cạn","Created":"2015-11-09T03:29:57Z","Updated":"2015-11-09T03:29:57Z","IsDelete":false,"RequestChanged":false,"ExitsInGDT":false,"SourceID":0,"TinhThanhID":0,"TinhThanhTitle":"Bắc Cạn","TinhThanhTitleAscii":"/bac-can","QuanHuyenID":0,"NganhNgheTitle":"Bán lẻ nhiên liệu động cơ trong các cửa hàng chuyên doanh","NganhNgheTitleAscii":"/nganh-nghe/ban-le-nhien-lieu-dong-co-trong-cac-cua-hang-chuyen-doanh","DSTags":["4700166505","Bắc Cạn",null]},{"Type":11,"SolrID":"/4700126446-ubnd-xa-quang-khe","ID":0,"MaSoThue":"4700126446","NgayCap":"2000-05-17T00:00:00Z","Title":"UBND xã Quảng Khê","DiaChiCongTy":"Xã Quảng Khê - Huyện Ba Bể - Bắc Cạn","Created":"2015-11-16T14:36:19Z","Updated":"2015-11-16T14:36:19Z","IsDelete":false,"RequestChanged":false,"ExitsInGDT":false,"SourceID":0,"TinhThanhID":0,"TinhThanhTitle":"Bắc Cạn","TinhThanhTitleAscii":"/bac-can","QuanHuyenID":0,"NganhNgheTitle":"Hoạt động dịch vụ tài chính khác chưa được phân vào đâu (trừ bảo hiểm và bảo hiểm xã hội)","NganhNgheTitleAscii":"/nganh-nghe/hoat-dong-dich-vu-tai-chinh-khac-chua-duoc-phan-vao-dau-tru-bao-hiem-va-bao-hiem-xa-hoi","DSTags":["4700126446","Bắc Cạn",null]}]}