{"ID":2273,"SolrID":"/bac-can/huyen-ba-be/xa-thuong-giao","Title":"Xã Thượng Giáo","TinhThanhTitle":"Bắc Cạn","QuanHuyenTitle":"Huyện Ba Bể","QuanHuyenID":536,"TinhThanhID":47,"Url":"https://thongtindoanhnghiep.co/api/company?l=/bac-can/huyen-ba-be/xa-thuong-giao","Total":12,"List":[{"Type":11,"SolrID":"/4700263812-tram-khuyen-nong-huyen-ba-be","ID":0,"MaSoThue":"4700263812","NgayCap":"2016-08-26T00:00:00Z","Title":"TRạM KHUYếN NôNG HUYệN BA Bể","DiaChiCongTy":"Thôn Tin Đồn - Xã Thượng Giáo - Huyện Ba Bể - Bắc Cạn","Created":"2016-08-29T13:21:54Z","Updated":"2016-08-29T13:21:54Z","IsDelete":false,"RequestChanged":false,"ExitsInGDT":false,"SourceID":0,"TinhThanhID":0,"TinhThanhTitle":"Bắc Cạn","TinhThanhTitleAscii":"/bac-can","QuanHuyenID":0,"DSTags":["4700263812","Bắc Cạn",null]},{"Type":11,"SolrID":"/4700259118-doanh-nghiep-tu-nhan-co-khi-hoang-thach","ID":0,"MaSoThue":"4700259118","NgayCap":"2015-11-05T00:00:00Z","Title":"Doanh Nghiệp Tư Nhân Cơ Khí Hoàng Thạch","DiaChiCongTy":"Thôn Phiêng Chì - Xã Thượng Giáo - Huyện Ba Bể - Bắc Cạn","Created":"2015-11-19T12:41:11Z","Updated":"2015-11-19T12:41:11Z","IsDelete":false,"RequestChanged":false,"ExitsInGDT":false,"SourceID":0,"TinhThanhID":0,"TinhThanhTitle":"Bắc Cạn","TinhThanhTitleAscii":"/bac-can","QuanHuyenID":0,"NganhNgheTitle":"Gia công cơ khí; xử lý và tráng phủ kim loại","NganhNgheTitleAscii":"/nganh-nghe/gia-cong-co-khi-xu-ly-va-trang-phu-kim-loai","DSTags":["4700259118","Bắc Cạn",null]},{"Type":11,"SolrID":"/4700258957-trung-tam-van-hoa-the-thao-huyen-ba-be","ID":0,"MaSoThue":"4700258957","NgayCap":"2015-10-27T00:00:00Z","Title":"Trung tâm Văn Hóa - Thể thao huyện Ba Bể","DiaChiCongTy":"Tin Đồn - Xã Thượng Giáo - Huyện Ba Bể - Bắc Cạn","Created":"2015-11-19T11:48:55Z","Updated":"2015-11-19T11:48:55Z","IsDelete":false,"RequestChanged":false,"ExitsInGDT":false,"SourceID":0,"TinhThanhID":0,"TinhThanhTitle":"Bắc Cạn","TinhThanhTitleAscii":"/bac-can","QuanHuyenID":0,"NganhNgheTitle":"Hoạt động thể thao khác","NganhNgheTitleAscii":"/nganh-nghe/hoat-dong-the-thao-khac","DSTags":["4700258957","Bắc Cạn",null]},{"Type":11,"SolrID":"/4700256565-trung-tam-giao-duc-thuong-xuyen-huyen-ba-be","ID":0,"MaSoThue":"4700256565","NgayCap":"2015-03-18T00:00:00Z","Title":"Trung tâm Giáo dục Thường Xuyên huyện Ba Bể","DiaChiCongTy":"Tin Đồn - Xã Thượng Giáo - Huyện Ba Bể - Bắc Cạn","Created":"2015-11-17T05:40:35Z","Updated":"2015-11-17T05:40:35Z","IsDelete":false,"RequestChanged":false,"ExitsInGDT":false,"SourceID":0,"TinhThanhID":0,"TinhThanhTitle":"Bắc Cạn","TinhThanhTitleAscii":"/bac-can","QuanHuyenID":0,"NganhNgheTitle":"Giáo dục nghề nghiệp","NganhNgheTitleAscii":"/nganh-nghe/giao-duc-nghe-nghiep","DSTags":["4700256565","Bắc Cạn",null]},{"Type":11,"SolrID":"/4700241671-van-phong-dang-ky-quyen-su-dung-dat","ID":0,"MaSoThue":"4700241671","NgayCap":"2013-04-18T00:00:00Z","Title":"Văn phòng đăng ký quyền sử dụng đất","DiaChiCongTy":"Tin Đồn - Xã Thượng Giáo - Huyện Ba Bể - Bắc Cạn","Created":"2015-11-17T07:54:09Z","Updated":"2015-11-17T07:54:09Z","IsDelete":false,"RequestChanged":false,"ExitsInGDT":false,"SourceID":0,"TinhThanhID":0,"TinhThanhTitle":"Bắc Cạn","TinhThanhTitleAscii":"/bac-can","QuanHuyenID":0,"NganhNgheTitle":"NÔNG NGHIỆP, LÂM NGHIỆP VÀ THUỶ SẢN","NganhNgheTitleAscii":"/nganh-nghe/nong-nghiep-lam-nghiep-va-thuy-san","DSTags":["4700241671","Bắc Cạn",null]},{"Type":11,"SolrID":"/4700199204-cong-ty-tnhh-mot-thanh-vien-truong-mai","ID":0,"MaSoThue":"4700199204","NgayCap":"2010-12-27T00:00:00Z","Title":"Công Ty TNHH Một Thành Viên Trường Mai","DiaChiCongTy":"Thôn Nà Tạ - Xã Thượng Giáo - Huyện Ba Bể - Bắc Cạn","Created":"2015-11-10T02:04:35Z","Updated":"2015-11-10T02:04:35Z","IsDelete":false,"RequestChanged":false,"ExitsInGDT":false,"SourceID":0,"TinhThanhID":0,"TinhThanhTitle":"Bắc Cạn","TinhThanhTitleAscii":"/bac-can","QuanHuyenID":0,"NganhNgheTitle":"Xây dựng công trình công ích","NganhNgheTitleAscii":"/nganh-nghe/xay-dung-cong-trinh-cong-ich","DSTags":["4700199204","Bắc Cạn",null]},{"Type":11,"SolrID":"/4700198088-truong-mam-non-thuong-giao","ID":0,"MaSoThue":"4700198088","NgayCap":"2010-10-25T00:00:00Z","Title":"Trường Mầm Non Thượng Giáo","DiaChiCongTy":"Xã Thượng Giáo - Huyện Ba Bể - Bắc Cạn","Created":"2015-11-16T05:25:34Z","Updated":"2015-11-16T05:25:34Z","IsDelete":false,"RequestChanged":false,"ExitsInGDT":false,"SourceID":0,"TinhThanhID":0,"TinhThanhTitle":"Bắc Cạn","TinhThanhTitleAscii":"/bac-can","QuanHuyenID":0,"NganhNgheTitle":"Giáo dục mầm non","NganhNgheTitleAscii":"/nganh-nghe/giao-duc-mam-non","DSTags":["4700198088","Bắc Cạn",null]},{"Type":11,"SolrID":"/4700198095-truong-tieu-hoc-thuong-giao-i","ID":0,"MaSoThue":"4700198095","NgayCap":"2010-10-25T00:00:00Z","Title":"Trường tiểu học Thượng Giáo I","DiaChiCongTy":"Xã Thượng Giáo - Huyện Ba Bể - Bắc Cạn","Created":"2015-11-16T05:25:35Z","Updated":"2015-11-16T05:25:35Z","IsDelete":false,"RequestChanged":false,"ExitsInGDT":false,"SourceID":0,"TinhThanhID":0,"TinhThanhTitle":"Bắc Cạn","TinhThanhTitleAscii":"/bac-can","QuanHuyenID":0,"NganhNgheTitle":"Giáo dục tiểu học","NganhNgheTitleAscii":"/nganh-nghe/giao-duc-tieu-hoc","DSTags":["4700198095","Bắc Cạn",null]},{"Type":11,"SolrID":"/4700198105-truong-tieu-hoc-thuong-giao-ii","ID":0,"MaSoThue":"4700198105","NgayCap":"2010-10-25T00:00:00Z","Title":"Trường tiểu học Thượng Giáo II","DiaChiCongTy":"Xã Thượng Giáo - Huyện Ba Bể - Bắc Cạn","Created":"2015-11-16T05:25:37Z","Updated":"2015-11-16T05:25:37Z","IsDelete":false,"RequestChanged":false,"ExitsInGDT":false,"SourceID":0,"TinhThanhID":0,"TinhThanhTitle":"Bắc Cạn","TinhThanhTitleAscii":"/bac-can","QuanHuyenID":0,"NganhNgheTitle":"Giáo dục tiểu học","NganhNgheTitleAscii":"/nganh-nghe/giao-duc-tieu-hoc","DSTags":["4700198105","Bắc Cạn",null]},{"Type":11,"SolrID":"/4700168090-cong-ty-tnhh-mot-thanh-vien-le-hung","ID":0,"MaSoThue":"4700168090","NgayCap":"2009-03-12T00:00:00Z","Title":"Công Ty TNHH Một Thành Viên Lê Hùng","DiaChiCongTy":"Thôn Phiêng Chỉ - Xã Thượng Giáo - Huyện Ba Bể - Bắc Cạn","Created":"2015-11-09T00:51:20Z","Updated":"2015-11-09T00:51:20Z","IsDelete":false,"RequestChanged":false,"ExitsInGDT":false,"SourceID":0,"TinhThanhID":0,"TinhThanhTitle":"Bắc Cạn","TinhThanhTitleAscii":"/bac-can","QuanHuyenID":0,"NganhNgheTitle":"Xây dựng nhà các loại","NganhNgheTitleAscii":"/nganh-nghe/xay-dung-nha-cac-loai","DSTags":["4700168090","Bắc Cạn",null]},{"Type":11,"SolrID":"/4600377012-001-chi-nhanh-cong-ty-co-phan-hang-nguyen","ID":0,"MaSoThue":"4600377012-001","NgayCap":"2006-04-27T00:00:00Z","Title":"Chi nhánh công ty cổ phần Hằng Nguyên","DiaChiCongTy":"Thôn Nà Ché- Xã Thượng Giáo - Huyện Ba Bể - Bắc Cạn","Created":"2015-11-19T03:21:42Z","Updated":"2015-11-19T03:21:42Z","IsDelete":false,"RequestChanged":false,"ExitsInGDT":false,"SourceID":0,"TinhThanhID":0,"TinhThanhTitle":"Bắc Cạn","TinhThanhTitleAscii":"/bac-can","QuanHuyenID":0,"NganhNgheTitle":"Khai thác đá, cát, sỏi, đất sét","NganhNgheTitleAscii":"/nganh-nghe/khai-thac-da-cat-soi-dat-set","DSTags":["4600377012-001","Bắc Cạn",null]},{"Type":11,"SolrID":"/4700126686-ubnd-xa-thuong-giao","ID":0,"MaSoThue":"4700126686","NgayCap":"2000-05-17T00:00:00Z","Title":"UBND xã Thượng Giáo","DiaChiCongTy":"Xã Thượng Giáo - Huyện Ba Bể - Bắc Cạn","Created":"2015-11-16T14:36:45Z","Updated":"2015-11-16T14:36:45Z","IsDelete":false,"RequestChanged":false,"ExitsInGDT":false,"SourceID":0,"TinhThanhID":0,"TinhThanhTitle":"Bắc Cạn","TinhThanhTitleAscii":"/bac-can","QuanHuyenID":0,"NganhNgheTitle":"Hoạt động dịch vụ tài chính khác chưa được phân vào đâu (trừ bảo hiểm và bảo hiểm xã hội)","NganhNgheTitleAscii":"/nganh-nghe/hoat-dong-dich-vu-tai-chinh-khac-chua-duoc-phan-vao-dau-tru-bao-hiem-va-bao-hiem-xa-hoi","DSTags":["4700126686","Bắc Cạn",null]}]}