{"ID":13516,"SolrID":"/bac-can/huyen-ba-be/xa-yen-duong","Title":"Xã Yến Dương","TinhThanhTitle":"Bắc Cạn","QuanHuyenTitle":"Huyện Ba Bể","QuanHuyenID":536,"TinhThanhID":47,"Url":"https://thongtindoanhnghiep.co/api/company?l=/bac-can/huyen-ba-be/xa-yen-duong","Total":4,"List":[{"Type":11,"SolrID":"/4700261533-cong-ty-tnhh-van-quyet","ID":0,"MaSoThue":"4700261533","NgayCap":"2016-03-15T00:00:00Z","Title":"Công Ty TNHH Văn Quyết","DiaChiCongTy":"Thôn Nà Viền - Xã Yến Dương - Huyện Ba Bể - Bắc Cạn","Created":"2016-03-16T16:10:09Z","Updated":"2016-03-16T16:10:09Z","IsDelete":false,"RequestChanged":false,"ExitsInGDT":false,"SourceID":0,"TinhThanhID":0,"TinhThanhTitle":"Bắc Cạn","TinhThanhTitleAscii":"/bac-can","QuanHuyenID":0,"NganhNgheTitle":"Sản xuất gỗ dán, gỗ lạng, ván ép và ván mỏng khác","NganhNgheTitleAscii":"/nganh-nghe/san-xuat-go-dan-go-lang-van-ep-va-van-mong-khac","DSTags":["4700261533","Bắc Cạn",null]},{"Type":11,"SolrID":"/4700198553-truong-tieu-hoc-yen-duong","ID":0,"MaSoThue":"4700198553","NgayCap":"2010-11-12T00:00:00Z","Title":"Trường tiểu học Yến Dương","DiaChiCongTy":"Xã Yến Dương - Huyện Ba Bể - Bắc Cạn","Created":"2015-11-16T05:21:44Z","Updated":"2015-11-16T05:21:44Z","IsDelete":false,"RequestChanged":false,"ExitsInGDT":false,"SourceID":0,"TinhThanhID":0,"TinhThanhTitle":"Bắc Cạn","TinhThanhTitleAscii":"/bac-can","QuanHuyenID":0,"NganhNgheTitle":"Giáo dục tiểu học","NganhNgheTitleAscii":"/nganh-nghe/giao-duc-tieu-hoc","DSTags":["4700198553","Bắc Cạn",null]},{"Type":11,"SolrID":"/8016981169-doanh-nghiep-tu-nhan-huong-tuong","ID":0,"MaSoThue":"8016981169","NgayCap":"2009-11-05T00:00:00Z","Title":"Doanh nghiệp tư nhân Hương Tường","DiaChiCongTy":"Thôn Nà Nghè - Yến Dương - Ba Bể - Bắc Kạn - Xã Yến Dương - Huyện Ba Bể - Bắc Cạn","Created":"2015-11-11T08:03:36Z","Updated":"2015-11-11T08:03:36Z","IsDelete":false,"RequestChanged":false,"ExitsInGDT":false,"SourceID":0,"TinhThanhID":0,"TinhThanhTitle":"Bắc Cạn","TinhThanhTitleAscii":"/bac-can","QuanHuyenID":0,"NganhNgheTitle":"Bán lẻ nhiên liệu động cơ trong các cửa hàng chuyên doanh","NganhNgheTitleAscii":"/nganh-nghe/ban-le-nhien-lieu-dong-co-trong-cac-cua-hang-chuyen-doanh","DSTags":["8016981169","Bắc Cạn",null]},{"Type":11,"SolrID":"/4700126661-ubnd-xa-yen-duong","ID":0,"MaSoThue":"4700126661","NgayCap":"2000-05-17T00:00:00Z","Title":"UBND xã Yến Dương","DiaChiCongTy":"Xã Yến Dương - Huyện Ba Bể - Bắc Cạn","Created":"2015-11-16T14:36:26Z","Updated":"2015-11-16T14:36:26Z","IsDelete":false,"RequestChanged":false,"ExitsInGDT":false,"SourceID":0,"TinhThanhID":0,"TinhThanhTitle":"Bắc Cạn","TinhThanhTitleAscii":"/bac-can","QuanHuyenID":0,"NganhNgheTitle":"Hoạt động dịch vụ tài chính khác chưa được phân vào đâu (trừ bảo hiểm và bảo hiểm xã hội)","NganhNgheTitleAscii":"/nganh-nghe/hoat-dong-dich-vu-tai-chinh-khac-chua-duoc-phan-vao-dau-tru-bao-hiem-va-bao-hiem-xa-hoi","DSTags":["4700126661","Bắc Cạn",null]}]}