{"ID":20175,"SolrID":"/bac-giang/so-350-duong-le-loi/chua-ro","Title":"Chưa rõ","TinhThanhTitle":"Bắc Giang","QuanHuyenTitle":"Số 350 Đường Lê Lợi","QuanHuyenID":844,"TinhThanhID":54,"Url":"https://thongtindoanhnghiep.co/api/company?l=/bac-giang/so-350-duong-le-loi/chua-ro","Total":1,"List":[{"Type":11,"SolrID":"/2400353395-cong-ty-tnhh-thuong-mai-dich-vu-va-dau-tu-tri-viet","ID":0,"MaSoThue":"2400353395","NgayCap":"2006-04-20T00:00:00Z","Title":"Công Ty TNHH Thương Mại, Dịch Vụ Và Đầu Tư Trí Việt","DiaChiCongTy":"Số 350 đường Lê Lợi, Tỉnh Bắc Giang","Created":"2018-05-07T10:36:18Z","Updated":"2018-05-07T10:36:18Z","IsDelete":false,"RequestChanged":false,"ExitsInGDT":false,"SourceID":0,"TinhThanhID":0,"TinhThanhTitle":"Bắc Giang","TinhThanhTitleAscii":"/bac-giang","QuanHuyenID":0,"DSTags":["2400353395","Bắc Giang",null]}]}