{"ID":13939,"SolrID":"/bac-can/huyen-pac-nam/chua-ro","Title":"Chưa rõ","TinhThanhTitle":"Bắc Cạn","QuanHuyenTitle":"Huyện Pác Nặm","QuanHuyenID":695,"TinhThanhID":47,"Url":"https://thongtindoanhnghiep.co/api/company?l=/bac-can/huyen-pac-nam/chua-ro","Total":27,"List":[{"Type":11,"SolrID":"/4700253684-truong-pho-thong-dan-toc-ban-tru-trung-hoc-co-so-xuan-la","ID":0,"MaSoThue":"4700253684","NgayCap":"2014-09-18T00:00:00Z","Title":"TRườNG PHổ THôNG DâN TộC BáN TRú TRUNG HọC Cơ Sở XUâN LA","DiaChiCongTy":"Cọn Luông - Huyện Pác Nặm - Bắc Cạn","Created":"2015-11-15T09:56:24Z","Updated":"2015-11-15T09:56:24Z","IsDelete":false,"RequestChanged":false,"ExitsInGDT":false,"SourceID":0,"TinhThanhID":0,"TinhThanhTitle":"Bắc Cạn","TinhThanhTitleAscii":"/bac-can","QuanHuyenID":0,"NganhNgheTitle":"Giáo dục trung học cơ sở","NganhNgheTitleAscii":"/nganh-nghe/giao-duc-trung-hoc-co-so","DSTags":["4700253684","Bắc Cạn",null]},{"Type":11,"SolrID":"/4700253652-hop-tac-xa-van-tai-pac-nam","ID":0,"MaSoThue":"4700253652","NgayCap":"2014-09-16T00:00:00Z","Title":"HợP TáC Xã VậN TảI PáC NặM","DiaChiCongTy":"Thôn Nà Lẹng - Huyện Pác Nặm - Bắc Cạn","Created":"2015-11-15T09:56:56Z","Updated":"2015-11-15T09:56:56Z","IsDelete":false,"RequestChanged":false,"ExitsInGDT":false,"SourceID":0,"TinhThanhID":0,"TinhThanhTitle":"Bắc Cạn","TinhThanhTitleAscii":"/bac-can","QuanHuyenID":0,"NganhNgheTitle":"Vận tải hàng hóa bằng đường bộ","NganhNgheTitleAscii":"/nganh-nghe/van-tai-hang-hoa-bang-duong-bo","DSTags":["4700253652","Bắc Cạn",null]},{"Type":11,"SolrID":"/4700253589-truong-tieu-hoc-xuan-la","ID":0,"MaSoThue":"4700253589","NgayCap":"2014-09-10T00:00:00Z","Title":"Trường Tiểu Học Xuân La","DiaChiCongTy":"Cọn Luông - Huyện Pác Nặm - Bắc Cạn","Created":"2015-11-15T09:58:42Z","Updated":"2015-11-15T09:58:42Z","IsDelete":false,"RequestChanged":false,"ExitsInGDT":false,"SourceID":0,"TinhThanhID":0,"TinhThanhTitle":"Bắc Cạn","TinhThanhTitleAscii":"/bac-can","QuanHuyenID":0,"NganhNgheTitle":"Giáo dục tiểu học","NganhNgheTitleAscii":"/nganh-nghe/giao-duc-tieu-hoc","DSTags":["4700253589","Bắc Cạn",null]},{"Type":11,"SolrID":"/4700253483-truong-tieu-hoc-nghien-loan-ii","ID":0,"MaSoThue":"4700253483","NgayCap":"2014-08-19T00:00:00Z","Title":"Trường Tiểu học Nghiên Loan II","DiaChiCongTy":"Khuổi ún - Huyện Pác Nặm - Bắc Cạn","Created":"2015-11-15T10:06:48Z","Updated":"2015-11-15T10:06:48Z","IsDelete":false,"RequestChanged":false,"ExitsInGDT":false,"SourceID":0,"TinhThanhID":0,"TinhThanhTitle":"Bắc Cạn","TinhThanhTitleAscii":"/bac-can","QuanHuyenID":0,"NganhNgheTitle":"Giáo dục tiểu học","NganhNgheTitleAscii":"/nganh-nghe/giao-duc-tieu-hoc","DSTags":["4700253483","Bắc Cạn",null]},{"Type":11,"SolrID":"/4700250771-truong-trung-hoc-co-so-nhan-mon","ID":0,"MaSoThue":"4700250771","NgayCap":"2014-06-09T00:00:00Z","Title":"Trường Trung Học Cơ Sở Nhạn Môn","DiaChiCongTy":"Phai Khỉn - Huyện Pác Nặm - Bắc Cạn","Created":"2015-11-15T10:18:45Z","Updated":"2015-11-15T10:18:45Z","IsDelete":false,"RequestChanged":false,"ExitsInGDT":false,"SourceID":0,"TinhThanhID":0,"TinhThanhTitle":"Bắc Cạn","TinhThanhTitleAscii":"/bac-can","QuanHuyenID":0,"NganhNgheTitle":"Giáo dục trung học cơ sở","NganhNgheTitleAscii":"/nganh-nghe/giao-duc-trung-hoc-co-so","DSTags":["4700250771","Bắc Cạn",null]},{"Type":11,"SolrID":"/4700249670-truong-mam-non-nhan-mon","ID":0,"MaSoThue":"4700249670","NgayCap":"2014-06-02T00:00:00Z","Title":"Trường Mầm Non Nhạn Môn","DiaChiCongTy":"Phai khỉn - Huyện Pác Nặm - Bắc Cạn","Created":"2015-11-15T10:19:10Z","Updated":"2015-11-15T10:19:10Z","IsDelete":false,"RequestChanged":false,"ExitsInGDT":false,"SourceID":0,"TinhThanhID":0,"TinhThanhTitle":"Bắc Cạn","TinhThanhTitleAscii":"/bac-can","QuanHuyenID":0,"NganhNgheTitle":"Giáo dục mầm non","NganhNgheTitleAscii":"/nganh-nghe/giao-duc-mam-non","DSTags":["4700249670","Bắc Cạn",null]},{"Type":11,"SolrID":"/4700249688-truong-tieu-hoc-nhan-mon","ID":0,"MaSoThue":"4700249688","NgayCap":"2014-06-02T00:00:00Z","Title":"Trường Tiểu Học Nhạn Môn","DiaChiCongTy":"Phai Khỉn - Huyện Pác Nặm - Bắc Cạn","Created":"2015-11-15T10:19:10Z","Updated":"2015-11-15T10:19:10Z","IsDelete":false,"RequestChanged":false,"ExitsInGDT":false,"SourceID":0,"TinhThanhID":0,"TinhThanhTitle":"Bắc Cạn","TinhThanhTitleAscii":"/bac-can","QuanHuyenID":0,"NganhNgheTitle":"Giáo dục tiểu học","NganhNgheTitleAscii":"/nganh-nghe/giao-duc-tieu-hoc","DSTags":["4700249688","Bắc Cạn",null]},{"Type":11,"SolrID":"/4700249102-truong-tieu-hoc-co-linh","ID":0,"MaSoThue":"4700249102","NgayCap":"2014-05-15T00:00:00Z","Title":"Trường Tiểu Học Cổ Linh","DiaChiCongTy":"Bản Sáng - Huyện Pác Nặm - Bắc Cạn","Created":"2015-11-15T10:20:31Z","Updated":"2015-11-15T10:20:31Z","IsDelete":false,"RequestChanged":false,"ExitsInGDT":false,"SourceID":0,"TinhThanhID":0,"TinhThanhTitle":"Bắc Cạn","TinhThanhTitleAscii":"/bac-can","QuanHuyenID":0,"NganhNgheTitle":"Giáo dục tiểu học","NganhNgheTitleAscii":"/nganh-nghe/giao-duc-tieu-hoc","DSTags":["4700249102","Bắc Cạn",null]},{"Type":11,"SolrID":"/4700249060-truong-trung-hoc-co-so-boc-bo","ID":0,"MaSoThue":"4700249060","NgayCap":"2014-05-14T00:00:00Z","Title":"Trường Trung học cơ sở Bộc Bố","DiaChiCongTy":"Đông Lẻo - Huyện Pác Nặm - Bắc Cạn","Created":"2015-11-15T10:20:41Z","Updated":"2015-11-15T10:20:41Z","IsDelete":false,"RequestChanged":false,"ExitsInGDT":false,"SourceID":0,"TinhThanhID":0,"TinhThanhTitle":"Bắc Cạn","TinhThanhTitleAscii":"/bac-can","QuanHuyenID":0,"NganhNgheTitle":"Giáo dục trung học","NganhNgheTitleAscii":"/nganh-nghe/giao-duc-trung-hoc","DSTags":["4700249060","Bắc Cạn",null]},{"Type":11,"SolrID":"/4700249078-truong-tieu-hoc-boc-bo","ID":0,"MaSoThue":"4700249078","NgayCap":"2014-05-14T00:00:00Z","Title":"Trường Tiểu học Bộc Bố","DiaChiCongTy":"Đông Lẻo - Huyện Pác Nặm - Bắc Cạn","Created":"2015-11-15T10:20:41Z","Updated":"2015-11-15T10:20:41Z","IsDelete":false,"RequestChanged":false,"ExitsInGDT":false,"SourceID":0,"TinhThanhID":0,"TinhThanhTitle":"Bắc Cạn","TinhThanhTitleAscii":"/bac-can","QuanHuyenID":0,"NganhNgheTitle":"Giáo dục tiểu học","NganhNgheTitleAscii":"/nganh-nghe/giao-duc-tieu-hoc","DSTags":["4700249078","Bắc Cạn",null]},{"Type":11,"SolrID":"/4700249085-truong-mam-non-boc-bo","ID":0,"MaSoThue":"4700249085","NgayCap":"2014-05-14T00:00:00Z","Title":"Trường Mầm non Bộc Bố","DiaChiCongTy":"Đông Lẻo - Huyện Pác Nặm - Bắc Cạn","Created":"2015-11-15T10:20:42Z","Updated":"2015-11-15T10:20:42Z","IsDelete":false,"RequestChanged":false,"ExitsInGDT":false,"SourceID":0,"TinhThanhID":0,"TinhThanhTitle":"Bắc Cạn","TinhThanhTitleAscii":"/bac-can","QuanHuyenID":0,"NganhNgheTitle":"Giáo dục mầm non","NganhNgheTitleAscii":"/nganh-nghe/giao-duc-mam-non","DSTags":["4700249085","Bắc Cạn",null]},{"Type":11,"SolrID":"/4700248998-truong-mam-non-co-linh","ID":0,"MaSoThue":"4700248998","NgayCap":"2014-05-08T00:00:00Z","Title":"Trường mầm non Cổ Linh","DiaChiCongTy":"Bản Sáng - Huyện Pác Nặm - Bắc Cạn","Created":"2015-11-15T10:21:04Z","Updated":"2015-11-15T10:21:04Z","IsDelete":false,"RequestChanged":false,"ExitsInGDT":false,"SourceID":0,"TinhThanhID":0,"TinhThanhTitle":"Bắc Cạn","TinhThanhTitleAscii":"/bac-can","QuanHuyenID":0,"NganhNgheTitle":"Giáo dục mầm non","NganhNgheTitleAscii":"/nganh-nghe/giao-duc-mam-non","DSTags":["4700248998","Bắc Cạn",null]},{"Type":11,"SolrID":"/4700248980-truong-pho-thong-dan-toc-ban-tru-trung-hoc-co-so-co-linh","ID":0,"MaSoThue":"4700248980","NgayCap":"2014-05-08T00:00:00Z","Title":"Trường phổ thông dân tộc bán trú Trung học cơ sở Cổ Linh","DiaChiCongTy":"Bản Sáng - Huyện Pác Nặm - Bắc Cạn","Created":"2015-11-15T10:21:07Z","Updated":"2015-11-15T10:21:07Z","IsDelete":false,"RequestChanged":false,"ExitsInGDT":false,"SourceID":0,"TinhThanhID":0,"TinhThanhTitle":"Bắc Cạn","TinhThanhTitleAscii":"/bac-can","QuanHuyenID":0,"NganhNgheTitle":"Giáo dục trung học cơ sở và trung học phổ thông","NganhNgheTitleAscii":"/nganh-nghe/giao-duc-trung-hoc-co-so-va-trung-hoc-pho-thong","DSTags":["4700248980","Bắc Cạn",null]},{"Type":11,"SolrID":"/4700248878-truong-mam-non-an-thang","ID":0,"MaSoThue":"4700248878","NgayCap":"2014-04-21T00:00:00Z","Title":"Trường Mầm non An Thắng","DiaChiCongTy":"Nà Mu - Huyện Pác Nặm - Bắc Cạn","Created":"2015-11-15T10:22:36Z","Updated":"2015-11-15T10:22:36Z","IsDelete":false,"RequestChanged":false,"ExitsInGDT":false,"SourceID":0,"TinhThanhID":0,"TinhThanhTitle":"Bắc Cạn","TinhThanhTitleAscii":"/bac-can","QuanHuyenID":0,"NganhNgheTitle":"Giáo dục mầm non","NganhNgheTitleAscii":"/nganh-nghe/giao-duc-mam-non","DSTags":["4700248878","Bắc Cạn",null]},{"Type":11,"SolrID":"/4700248885-truong-tieu-hoc-va-trung-hoc-co-so-an-thang","ID":0,"MaSoThue":"4700248885","NgayCap":"2014-04-21T00:00:00Z","Title":"Trường Tiểu Học và Trung học cơ sở An Thắng","DiaChiCongTy":"Nà Mòn - Huyện Pác Nặm - Bắc Cạn","Created":"2015-11-15T10:22:38Z","Updated":"2015-11-15T10:22:38Z","IsDelete":false,"RequestChanged":false,"ExitsInGDT":false,"SourceID":0,"TinhThanhID":0,"TinhThanhTitle":"Bắc Cạn","TinhThanhTitleAscii":"/bac-can","QuanHuyenID":0,"NganhNgheTitle":"Giáo dục trung học cơ sở và trung học phổ thông","NganhNgheTitleAscii":"/nganh-nghe/giao-duc-trung-hoc-co-so-va-trung-hoc-pho-thong","DSTags":["4700248885","Bắc Cạn",null]},{"Type":11,"SolrID":"/4700241657-phong-dan-toc-huyen-pac-nam","ID":0,"MaSoThue":"4700241657","NgayCap":"2013-04-17T00:00:00Z","Title":"Phòng dân tộc huyện Pác Nặm","DiaChiCongTy":"Thôn Nà Coóc - Huyện Pác Nặm - Bắc Cạn","Created":"2015-11-15T21:39:32Z","Updated":"2015-11-15T21:39:32Z","IsDelete":false,"RequestChanged":false,"ExitsInGDT":false,"SourceID":0,"TinhThanhID":0,"TinhThanhTitle":"Bắc Cạn","TinhThanhTitleAscii":"/bac-can","QuanHuyenID":0,"NganhNgheTitle":"Hoạt động quản lý nhà nước nói chung và kinh tế tổng hợp","NganhNgheTitleAscii":"/nganh-nghe/hoat-dong-quan-ly-nha-nuoc-noi-chung-va-kinh-te-tong-hop","DSTags":["4700241657","Bắc Cạn",null]},{"Type":11,"SolrID":"/4700240614-doanh-nghiep-tn-duc-linh-bac-kan","ID":0,"MaSoThue":"4700240614","NgayCap":"2013-01-16T00:00:00Z","Title":"Doanh Nghiệp TN Đức Linh Bắc Kạn","DiaChiCongTy":"Thôn Nà Coóc - Huyện Pác Nặm - Bắc Cạn","Created":"2015-11-16T08:56:13Z","Updated":"2016-09-11T03:14:45Z","IsDelete":false,"RequestChanged":false,"ExitsInGDT":false,"SourceID":0,"TinhThanhID":0,"TinhThanhTitle":"Bắc Cạn","TinhThanhTitleAscii":"/bac-can","QuanHuyenID":0,"DSTags":["4700240614","Bắc Cạn",null]},{"Type":11,"SolrID":"/4700198271-cong-ty-tnhh-mac-sam","ID":0,"MaSoThue":"4700198271","NgayCap":"2010-10-29T00:00:00Z","Title":"Công Ty TNHH Mạc Sâm","DiaChiCongTy":"Thôn Nà Giàng - Huyện Pác Nặm - Bắc Cạn","Created":"2015-11-14T02:48:49Z","Updated":"2015-11-14T02:48:49Z","IsDelete":false,"RequestChanged":false,"ExitsInGDT":false,"SourceID":0,"TinhThanhID":0,"TinhThanhTitle":"Bắc Cạn","TinhThanhTitleAscii":"/bac-can","QuanHuyenID":0,"NganhNgheTitle":"Bán buôn xăng dầu và các sản phẩm liên quan","NganhNgheTitleAscii":"/nganh-nghe/ban-buon-xang-dau-va-cac-san-pham-lien-quan","DSTags":["4700198271","Bắc Cạn",null]},{"Type":11,"SolrID":"/4700197623-cong-ty-tnhh-mot-thanh-vien-ngoc-toan","ID":0,"MaSoThue":"4700197623","NgayCap":"2010-10-12T00:00:00Z","Title":"Công Ty TNHH Một Thành Viên Ngọc Toàn","DiaChiCongTy":"Thôn Nà Cóoc - Huyện Pác Nặm - Bắc Cạn","Created":"2015-11-13T23:44:45Z","Updated":"2015-11-13T23:44:45Z","IsDelete":false,"RequestChanged":false,"ExitsInGDT":false,"SourceID":0,"TinhThanhID":0,"TinhThanhTitle":"Bắc Cạn","TinhThanhTitleAscii":"/bac-can","QuanHuyenID":0,"NganhNgheTitle":"Hoạt động đo đạc bản đồ","NganhNgheTitleAscii":"/nganh-nghe/hoat-dong-do-dac-ban-do","DSTags":["4700197623","Bắc Cạn",null]},{"Type":11,"SolrID":"/4700195030-cong-ty-tnhh-mot-thanh-vien-hong-phuong","ID":0,"MaSoThue":"4700195030","NgayCap":"2010-06-01T00:00:00Z","Title":"Công ty TNHH một thành viên Hồng Phượng","DiaChiCongTy":"Thôn Nà Coóc - Huyện Pác Nặm - Bắc Cạn","Created":"2015-11-14T02:48:42Z","Updated":"2015-11-14T02:48:42Z","IsDelete":false,"RequestChanged":false,"ExitsInGDT":false,"SourceID":0,"TinhThanhID":0,"TinhThanhTitle":"Bắc Cạn","TinhThanhTitleAscii":"/bac-can","QuanHuyenID":0,"NganhNgheTitle":"Xây dựng công trình kỹ thuật dân dụng","NganhNgheTitleAscii":"/nganh-nghe/xay-dung-cong-trinh-ky-thuat-dan-dung","DSTags":["4700195030","Bắc Cạn",null]},{"Type":11,"SolrID":"/4700193650-hat-kiem-lam-huyen-pac-nam","ID":0,"MaSoThue":"4700193650","NgayCap":"2010-04-08T00:00:00Z","Title":"Hạt kiểm lâm huyện Pác Nặm","DiaChiCongTy":"Thôn Nà Coóc - Huyện Pác Nặm - Bắc Cạn","Created":"2015-11-16T06:27:56Z","Updated":"2015-11-16T06:27:56Z","IsDelete":false,"RequestChanged":false,"ExitsInGDT":false,"SourceID":0,"TinhThanhID":0,"TinhThanhTitle":"Bắc Cạn","TinhThanhTitleAscii":"/bac-can","QuanHuyenID":0,"NganhNgheTitle":"Hoạt động quản lý nhà nước nói chung và kinh tế tổng hợp","NganhNgheTitleAscii":"/nganh-nghe/hoat-dong-quan-ly-nha-nuoc-noi-chung-va-kinh-te-tong-hop","DSTags":["4700193650","Bắc Cạn",null]},{"Type":11,"SolrID":"/4700193273-doanh-nhiep-tu-nhan-duong-minh","ID":0,"MaSoThue":"4700193273","NgayCap":"2010-03-24T00:00:00Z","Title":"Doanh nhiệp tư nhân Dương Minh","DiaChiCongTy":"Thôn Nà Giàng - Huyện Pác Nặm - Bắc Cạn","Created":"2015-11-16T06:34:55Z","Updated":"2015-11-16T06:34:55Z","IsDelete":false,"RequestChanged":false,"ExitsInGDT":false,"SourceID":0,"TinhThanhID":0,"TinhThanhTitle":"Bắc Cạn","TinhThanhTitleAscii":"/bac-can","QuanHuyenID":0,"NganhNgheTitle":"Xây dựng công trình kỹ thuật dân dụng","NganhNgheTitleAscii":"/nganh-nghe/xay-dung-cong-trinh-ky-thuat-dan-dung","DSTags":["4700193273","Bắc Cạn",null]},{"Type":11,"SolrID":"/4700192449-cong-ty-tnhh-mot-thanh-vien-anh-hieu","ID":0,"MaSoThue":"4700192449","NgayCap":"2010-02-03T00:00:00Z","Title":"Công ty TNHH một thành viên Anh Hiếu","DiaChiCongTy":"Nà nghè - Huyện Pác Nặm - Bắc Cạn","Created":"2015-11-14T02:49:08Z","Updated":"2015-11-14T02:49:08Z","IsDelete":false,"RequestChanged":false,"ExitsInGDT":false,"SourceID":0,"TinhThanhID":0,"TinhThanhTitle":"Bắc Cạn","TinhThanhTitleAscii":"/bac-can","QuanHuyenID":0,"NganhNgheTitle":"Bán lẻ nhiên liệu động cơ trong các cửa hàng chuyên doanh","NganhNgheTitleAscii":"/nganh-nghe/ban-le-nhien-lieu-dong-co-trong-cac-cua-hang-chuyen-doanh","DSTags":["4700192449","Bắc Cạn",null]},{"Type":11,"SolrID":"/4700188900-cong-ty-tnhh-thuong-mai-xay-dung-phat-trien-ha-tang-bac-kan","ID":0,"MaSoThue":"4700188900","NgayCap":"2009-08-12T00:00:00Z","Title":"Công Ty TNHH Thương Mại - Xây Dựng Phát Triển Hạ Tầng Bắc Kạn","DiaChiCongTy":"Thôn Nà Coóc - Huyện Pác Nặm - Bắc Cạn","Created":"2015-11-13T23:44:17Z","Updated":"2015-11-13T23:44:17Z","IsDelete":false,"RequestChanged":false,"ExitsInGDT":false,"SourceID":0,"TinhThanhID":0,"TinhThanhTitle":"Bắc Cạn","TinhThanhTitleAscii":"/bac-can","QuanHuyenID":0,"NganhNgheTitle":"Lắp đặt hệ thống điện, hệ thống cấp thoát nước và lắp đặt xây dựng khác","NganhNgheTitleAscii":"/nganh-nghe/lap-dat-he-thong-dien-he-thong-cap-thoat-nuoc-va-lap-dat-xay-dung-khac","DSTags":["4700188900","Bắc Cạn",null]},{"Type":11,"SolrID":"/4700187978-phong-van-hoa-va-thong-tin","ID":0,"MaSoThue":"4700187978","NgayCap":"2009-07-23T00:00:00Z","Title":"Phòng văn hoá và Thông tin","DiaChiCongTy":"Thôn Nà Coóc - Huyện Pác Nặm - Bắc Cạn","Created":"2015-11-16T10:35:34Z","Updated":"2015-11-16T10:35:34Z","IsDelete":false,"RequestChanged":false,"ExitsInGDT":false,"SourceID":0,"TinhThanhID":0,"TinhThanhTitle":"Bắc Cạn","TinhThanhTitleAscii":"/bac-can","QuanHuyenID":0,"NganhNgheTitle":"Hoạt động sáng tác, nghệ thuật và giải trí","NganhNgheTitleAscii":"/nganh-nghe/hoat-dong-sang-tac-nghe-thuat-va-giai-tri","DSTags":["4700187978","Bắc Cạn",null]},{"Type":11,"SolrID":"/4700182560-cong-ty-tnhh-huyen-son","ID":0,"MaSoThue":"4700182560","NgayCap":"2009-06-01T00:00:00Z","Title":"Công Ty TNHH Huyền Sơn","DiaChiCongTy":"Thôn Nà Coóc - Huyện Pác Nặm - Bắc Cạn","Created":"2015-11-13T23:44:02Z","Updated":"2015-11-13T23:44:02Z","IsDelete":false,"RequestChanged":false,"ExitsInGDT":false,"SourceID":0,"TinhThanhID":0,"TinhThanhTitle":"Bắc Cạn","TinhThanhTitleAscii":"/bac-can","QuanHuyenID":0,"NganhNgheTitle":"Chuẩn bị mặt bằng","NganhNgheTitleAscii":"/nganh-nghe/chuan-bi-mat-bang","DSTags":["4700182560","Bắc Cạn",null]},{"Type":11,"SolrID":"/4700151019-cong-ty-tnhh-mot-thanh-vien-hoang-hung","ID":0,"MaSoThue":"4700151019","NgayCap":"2007-03-21T00:00:00Z","Title":"Công Ty TNHH Một Thành Viên Hoàng Hưng","DiaChiCongTy":"Thôn Nà Cóoc - Huyện Pác Nặm - Bắc Cạn","Created":"2015-11-14T03:09:15Z","Updated":"2015-11-14T03:09:15Z","IsDelete":false,"RequestChanged":false,"ExitsInGDT":false,"SourceID":0,"TinhThanhID":0,"TinhThanhTitle":"Bắc Cạn","TinhThanhTitleAscii":"/bac-can","QuanHuyenID":0,"NganhNgheTitle":"Khai thác đá, cát, sỏi, đất sét","NganhNgheTitleAscii":"/nganh-nghe/khai-thac-da-cat-soi-dat-set","DSTags":["4700151019","Bắc Cạn",null]}]}