{"ID":11953,"SolrID":"/bac-can/huyen-pac-nam/xa-bang-thanh","Title":"Xã Bằng Thành","TinhThanhTitle":"Bắc Cạn","QuanHuyenTitle":"Huyện Pác Nặm","QuanHuyenID":695,"TinhThanhID":47,"Url":"https://thongtindoanhnghiep.co/api/company?l=/bac-can/huyen-pac-nam/xa-bang-thanh","Total":2,"List":[{"Type":11,"SolrID":"/4700159804-hop-tac-xa-van-xuan","ID":0,"MaSoThue":"4700159804","NgayCap":"2008-03-01T00:00:00Z","Title":"Hợp tác xã Vạn Xuân","DiaChiCongTy":"Thôn Bản Khúa, Xã Bằng Thành - Huyện Pác Nặm - Bắc Cạn","Created":"2015-11-17T03:34:51Z","Updated":"2015-11-17T03:34:51Z","IsDelete":false,"RequestChanged":false,"ExitsInGDT":false,"SourceID":0,"TinhThanhID":0,"TinhThanhTitle":"Bắc Cạn","TinhThanhTitleAscii":"/bac-can","QuanHuyenID":0,"NganhNgheTitle":"Hoạt động dịch vụ nông nghiệp","NganhNgheTitleAscii":"/nganh-nghe/hoat-dong-dich-vu-nong-nghiep","DSTags":["4700159804","Bắc Cạn",null]},{"Type":11,"SolrID":"/4700126580-ubnd-xa-bang-thanh","ID":0,"MaSoThue":"4700126580","NgayCap":"2000-05-17T00:00:00Z","Title":"UBND xã Bằng Thành","DiaChiCongTy":"Xã Bằng Thành - Huyện Pác Nặm - Bắc Cạn","Created":"2015-11-16T14:36:35Z","Updated":"2015-11-16T14:36:35Z","IsDelete":false,"RequestChanged":false,"ExitsInGDT":false,"SourceID":0,"TinhThanhID":0,"TinhThanhTitle":"Bắc Cạn","TinhThanhTitleAscii":"/bac-can","QuanHuyenID":0,"NganhNgheTitle":"Hoạt động dịch vụ tài chính khác chưa được phân vào đâu (trừ bảo hiểm và bảo hiểm xã hội)","NganhNgheTitleAscii":"/nganh-nghe/hoat-dong-dich-vu-tai-chinh-khac-chua-duoc-phan-vao-dau-tru-bao-hiem-va-bao-hiem-xa-hoi","DSTags":["4700126580","Bắc Cạn",null]}]}