{"ID":13519,"SolrID":"/bac-can/huyen-pac-nam/xa-cao-tan","Title":"Xã Cao Tân","TinhThanhTitle":"Bắc Cạn","QuanHuyenTitle":"Huyện Pác Nặm","QuanHuyenID":695,"TinhThanhID":47,"Url":"https://thongtindoanhnghiep.co/api/company?l=/bac-can/huyen-pac-nam/xa-cao-tan","Total":7,"List":[{"Type":11,"SolrID":"/4700261910-truong-tieu-hoc-cao-tan","ID":0,"MaSoThue":"4700261910","NgayCap":"2016-04-05T00:00:00Z","Title":"TRườNG TIểU HọC CAO TâN","DiaChiCongTy":"Nà QUạNG - Xã Cao Tân - Huyện Pác Nặm - Bắc Cạn","Created":"2016-04-06T12:14:46Z","Updated":"2016-04-06T12:14:46Z","IsDelete":false,"RequestChanged":false,"ExitsInGDT":false,"SourceID":0,"TinhThanhID":0,"TinhThanhTitle":"Bắc Cạn","TinhThanhTitleAscii":"/bac-can","QuanHuyenID":0,"NganhNgheTitle":"Giáo dục và đào tạo","NganhNgheTitleAscii":"/nganh-nghe/giao-duc-va-dao-tao-85","DSTags":["4700261910","Bắc Cạn",null]},{"Type":11,"SolrID":"/4700261903-truong-ptdt-bt-thcs-cao-tan","ID":0,"MaSoThue":"4700261903","NgayCap":"2016-04-05T00:00:00Z","Title":"TRườNG PTDT BT THCS CAO TâN","DiaChiCongTy":"Nà QUạNG - Xã Cao Tân - Huyện Pác Nặm - Bắc Cạn","Created":"2016-04-06T21:14:44Z","Updated":"2016-04-06T21:14:44Z","IsDelete":false,"RequestChanged":false,"ExitsInGDT":false,"SourceID":0,"TinhThanhID":0,"TinhThanhTitle":"Bắc Cạn","TinhThanhTitleAscii":"/bac-can","QuanHuyenID":0,"NganhNgheTitle":"Giáo dục và đào tạo","NganhNgheTitleAscii":"/nganh-nghe/giao-duc-va-dao-tao-85","DSTags":["4700261903","Bắc Cạn",null]},{"Type":11,"SolrID":"/4700261928-truong-mam-non-cao-tan","ID":0,"MaSoThue":"4700261928","NgayCap":"2016-04-05T00:00:00Z","Title":"TRườNG MầM NON CAO TâN","DiaChiCongTy":"Nà QUạNG - Xã Cao Tân - Huyện Pác Nặm - Bắc Cạn","Created":"2016-04-07T12:49:46Z","Updated":"2016-04-07T12:49:46Z","IsDelete":false,"RequestChanged":false,"ExitsInGDT":false,"SourceID":0,"TinhThanhID":0,"TinhThanhTitle":"Bắc Cạn","TinhThanhTitleAscii":"/bac-can","QuanHuyenID":0,"NganhNgheTitle":"Giáo dục và đào tạo","NganhNgheTitleAscii":"/nganh-nghe/giao-duc-va-dao-tao-85","DSTags":["4700261928","Bắc Cạn",null]},{"Type":11,"SolrID":"/4700207039-doanh-nghiep-tn-quang-nam-bac-kan","ID":0,"MaSoThue":"4700207039","NgayCap":"2011-08-11T00:00:00Z","Title":"Doanh Nghiệp TN Quang Nam Bắc Kạn","DiaChiCongTy":"Thôn Bản Bón - Xã Cao Tân - Huyện Pác Nặm - Bắc Cạn","Created":"2015-11-10T02:05:29Z","Updated":"2015-11-10T02:05:29Z","IsDelete":false,"RequestChanged":false,"ExitsInGDT":false,"SourceID":0,"TinhThanhID":0,"TinhThanhTitle":"Bắc Cạn","TinhThanhTitleAscii":"/bac-can","QuanHuyenID":0,"NganhNgheTitle":"Sản xuất đồ gỗ xây dựng","NganhNgheTitleAscii":"/nganh-nghe/san-xuat-do-go-xay-dung","DSTags":["4700207039","Bắc Cạn",null]},{"Type":11,"SolrID":"/4700190346-doanh-nghiep-tu-nhan-hoang-huynh","ID":0,"MaSoThue":"4700190346","NgayCap":"2009-10-09T00:00:00Z","Title":"Doanh nghiệp tư nhân Hoàng Huỳnh","DiaChiCongTy":"Thôn bản Bón - Xã Cao Tân - Huyện Pác Nặm - Bắc Cạn","Created":"2015-11-11T11:44:42Z","Updated":"2015-11-11T11:44:42Z","IsDelete":false,"RequestChanged":false,"ExitsInGDT":false,"SourceID":0,"TinhThanhID":0,"TinhThanhTitle":"Bắc Cạn","TinhThanhTitleAscii":"/bac-can","QuanHuyenID":0,"NganhNgheTitle":"NÔNG NGHIỆP, LÂM NGHIỆP VÀ THUỶ SẢN","NganhNgheTitleAscii":"/nganh-nghe/nong-nghiep-lam-nghiep-va-thuy-san","DSTags":["4700190346","Bắc Cạn",null]},{"Type":11,"SolrID":"/4700188957-doanh-nghiep-tu-nhan-nam-thanh","ID":0,"MaSoThue":"4700188957","NgayCap":"2009-08-13T00:00:00Z","Title":"Doanh nghiệp tư nhân Nam Thành","DiaChiCongTy":"Thôn Đuông Nưa, xã Cao Tân - Huyện Pác Nặm - Bắc Cạn","Created":"2015-11-09T10:29:12Z","Updated":"2015-11-09T10:29:12Z","IsDelete":false,"RequestChanged":false,"ExitsInGDT":false,"SourceID":0,"TinhThanhID":0,"TinhThanhTitle":"Bắc Cạn","TinhThanhTitleAscii":"/bac-can","QuanHuyenID":0,"NganhNgheTitle":"Bán lẻ nhiên liệu động cơ trong các cửa hàng chuyên doanh","NganhNgheTitleAscii":"/nganh-nghe/ban-le-nhien-lieu-dong-co-trong-cac-cua-hang-chuyen-doanh","DSTags":["4700188957","Bắc Cạn",null]},{"Type":11,"SolrID":"/4700126453-ubnd-xa-cao-tan","ID":0,"MaSoThue":"4700126453","NgayCap":"2000-05-17T00:00:00Z","Title":"UBND xã Cao Tân","DiaChiCongTy":"Xã Cao Tân - Huyện Pác Nặm - Bắc Cạn","Created":"2015-11-16T14:36:17Z","Updated":"2015-11-16T14:36:17Z","IsDelete":false,"RequestChanged":false,"ExitsInGDT":false,"SourceID":0,"TinhThanhID":0,"TinhThanhTitle":"Bắc Cạn","TinhThanhTitleAscii":"/bac-can","QuanHuyenID":0,"NganhNgheTitle":"Hoạt động dịch vụ tài chính khác chưa được phân vào đâu (trừ bảo hiểm và bảo hiểm xã hội)","NganhNgheTitleAscii":"/nganh-nghe/hoat-dong-dich-vu-tai-chinh-khac-chua-duoc-phan-vao-dau-tru-bao-hiem-va-bao-hiem-xa-hoi","DSTags":["4700126453","Bắc Cạn",null]}]}