{"ID":13512,"SolrID":"/bac-can/huyen-pac-nam/xa-cong-bang","Title":"Xã Công Bằng","TinhThanhTitle":"Bắc Cạn","QuanHuyenTitle":"Huyện Pác Nặm","QuanHuyenID":695,"TinhThanhID":47,"Url":"https://thongtindoanhnghiep.co/api/company?l=/bac-can/huyen-pac-nam/xa-cong-bang","Total":5,"List":[{"Type":11,"SolrID":"/4700261879-truong-mam-non-cong-bang","ID":0,"MaSoThue":"4700261879","NgayCap":"2016-04-04T00:00:00Z","Title":"TRườNG MầM NON CôNG BằNG","DiaChiCongTy":"THôN Nà CHảO - Xã Công Bằng - Huyện Pác Nặm - Bắc Cạn","Created":"2016-04-06T08:29:48Z","Updated":"2016-04-06T08:29:48Z","IsDelete":false,"RequestChanged":false,"ExitsInGDT":false,"SourceID":0,"TinhThanhID":0,"TinhThanhTitle":"Bắc Cạn","TinhThanhTitleAscii":"/bac-can","QuanHuyenID":0,"NganhNgheTitle":"Giáo dục mầm non","NganhNgheTitleAscii":"/nganh-nghe/giao-duc-mam-non","DSTags":["4700261879","Bắc Cạn",null]},{"Type":11,"SolrID":"/4700261893-truong-ptdt-bt-thcs-cong-bang","ID":0,"MaSoThue":"4700261893","NgayCap":"2016-04-04T00:00:00Z","Title":"TRườNG PTDT BT THCS CôNG BằNG","DiaChiCongTy":"Nà CHảO - Xã Công Bằng - Huyện Pác Nặm - Bắc Cạn","Created":"2016-04-07T21:39:47Z","Updated":"2016-04-07T21:39:47Z","IsDelete":false,"RequestChanged":false,"ExitsInGDT":false,"SourceID":0,"TinhThanhID":0,"TinhThanhTitle":"Bắc Cạn","TinhThanhTitleAscii":"/bac-can","QuanHuyenID":0,"NganhNgheTitle":"Giáo dục trung học cơ sở và trung học phổ thông","NganhNgheTitleAscii":"/nganh-nghe/giao-duc-trung-hoc-co-so-va-trung-hoc-pho-thong","DSTags":["4700261893","Bắc Cạn",null]},{"Type":11,"SolrID":"/4700261886-truong-ptdt-bt-th-cong-bang","ID":0,"MaSoThue":"4700261886","NgayCap":"2016-04-04T00:00:00Z","Title":"TRườNG PTDT BT TH CôNG BằNG","DiaChiCongTy":"Nà CHảO - Xã Công Bằng - Huyện Pác Nặm - Bắc Cạn","Created":"2016-04-07T21:44:42Z","Updated":"2016-04-07T21:44:42Z","IsDelete":false,"RequestChanged":false,"ExitsInGDT":false,"SourceID":0,"TinhThanhID":0,"TinhThanhTitle":"Bắc Cạn","TinhThanhTitleAscii":"/bac-can","QuanHuyenID":0,"NganhNgheTitle":"Giáo dục tiểu học","NganhNgheTitleAscii":"/nganh-nghe/giao-duc-tieu-hoc","DSTags":["4700261886","Bắc Cạn",null]},{"Type":11,"SolrID":"/4700193185-doanh-nghiep-tu-nhan-trong-tan","ID":0,"MaSoThue":"4700193185","NgayCap":"2010-03-19T00:00:00Z","Title":"Doanh nghiệp tư nhân Trọng Tấn","DiaChiCongTy":"Thôn Nà Giàng - Xã Công Bằng - Huyện Pác Nặm - Bắc Cạn","Created":"2015-11-11T09:57:18Z","Updated":"2015-11-11T09:57:18Z","IsDelete":false,"RequestChanged":false,"ExitsInGDT":false,"SourceID":0,"TinhThanhID":0,"TinhThanhTitle":"Bắc Cạn","TinhThanhTitleAscii":"/bac-can","QuanHuyenID":0,"NganhNgheTitle":"Bán lẻ nhiên liệu động cơ trong các cửa hàng chuyên doanh","NganhNgheTitleAscii":"/nganh-nghe/ban-le-nhien-lieu-dong-co-trong-cac-cua-hang-chuyen-doanh","DSTags":["4700193185","Bắc Cạn",null]},{"Type":11,"SolrID":"/4700126559-ubnd-xa-cong-bang","ID":0,"MaSoThue":"4700126559","NgayCap":"2000-05-17T00:00:00Z","Title":"UBND xã Công Bằng","DiaChiCongTy":"Xã Công Bằng - Huyện Pác Nặm - Bắc Cạn","Created":"2015-11-16T14:36:37Z","Updated":"2015-11-16T14:36:37Z","IsDelete":false,"RequestChanged":false,"ExitsInGDT":false,"SourceID":0,"TinhThanhID":0,"TinhThanhTitle":"Bắc Cạn","TinhThanhTitleAscii":"/bac-can","QuanHuyenID":0,"NganhNgheTitle":"Hoạt động dịch vụ tài chính khác chưa được phân vào đâu (trừ bảo hiểm và bảo hiểm xã hội)","NganhNgheTitleAscii":"/nganh-nghe/hoat-dong-dich-vu-tai-chinh-khac-chua-duoc-phan-vao-dau-tru-bao-hiem-va-bao-hiem-xa-hoi","DSTags":["4700126559","Bắc Cạn",null]}]}