{"ID":14400,"SolrID":"/bac-can/huyen-pac-nam/xa-co-linh","Title":"Xã Cổ Linh","TinhThanhTitle":"Bắc Cạn","QuanHuyenTitle":"Huyện Pác Nặm","QuanHuyenID":695,"TinhThanhID":47,"Url":"https://thongtindoanhnghiep.co/api/company?l=/bac-can/huyen-pac-nam/xa-co-linh","Total":1,"List":[{"Type":11,"SolrID":"/4700126654-ubnd-xa-co-linh","ID":0,"MaSoThue":"4700126654","NgayCap":"2000-05-17T00:00:00Z","Title":"UBND xã Cổ Linh","DiaChiCongTy":"Xã Cổ Linh - Huyện Pác Nặm - Bắc Cạn","Created":"2015-11-16T05:39:24Z","Updated":"2015-11-16T05:39:24Z","IsDelete":false,"RequestChanged":false,"ExitsInGDT":false,"SourceID":0,"TinhThanhID":0,"TinhThanhTitle":"Bắc Cạn","TinhThanhTitleAscii":"/bac-can","QuanHuyenID":0,"NganhNgheTitle":"Hoạt động dịch vụ tài chính khác chưa được phân vào đâu (trừ bảo hiểm và bảo hiểm xã hội)","NganhNgheTitleAscii":"/nganh-nghe/hoat-dong-dich-vu-tai-chinh-khac-chua-duoc-phan-vao-dau-tru-bao-hiem-va-bao-hiem-xa-hoi","DSTags":["4700126654","Bắc Cạn",null]}]}