{"ID":14399,"SolrID":"/bac-can/huyen-pac-nam/xa-nhan-mon","Title":"Xã Nhạn Môn","TinhThanhTitle":"Bắc Cạn","QuanHuyenTitle":"Huyện Pác Nặm","QuanHuyenID":695,"TinhThanhID":47,"Url":"https://thongtindoanhnghiep.co/api/company?l=/bac-can/huyen-pac-nam/xa-nhan-mon","Total":1,"List":[{"Type":11,"SolrID":"/4700126485-ubnd-xa-nhan-mon","ID":0,"MaSoThue":"4700126485","NgayCap":"2000-05-17T00:00:00Z","Title":"UBND xã Nhạn Môn","DiaChiCongTy":"Xã Nhạn Môn - Huyện Pác Nặm - Bắc Cạn","Created":"2015-11-16T05:39:26Z","Updated":"2015-11-16T05:39:26Z","IsDelete":false,"RequestChanged":false,"ExitsInGDT":false,"SourceID":0,"TinhThanhID":0,"TinhThanhTitle":"Bắc Cạn","TinhThanhTitleAscii":"/bac-can","QuanHuyenID":0,"NganhNgheTitle":"Hoạt động dịch vụ tài chính khác chưa được phân vào đâu (trừ bảo hiểm và bảo hiểm xã hội)","NganhNgheTitleAscii":"/nganh-nghe/hoat-dong-dich-vu-tai-chinh-khac-chua-duoc-phan-vao-dau-tru-bao-hiem-va-bao-hiem-xa-hoi","DSTags":["4700126485","Bắc Cạn",null]}]}