{"ID":13522,"SolrID":"/bac-can/huyen-pac-nam/xa-nghien-loan","Title":"Xã Nghiên Loan","TinhThanhTitle":"Bắc Cạn","QuanHuyenTitle":"Huyện Pác Nặm","QuanHuyenID":695,"TinhThanhID":47,"Url":"https://thongtindoanhnghiep.co/api/company?l=/bac-can/huyen-pac-nam/xa-nghien-loan","Total":2,"List":[{"Type":11,"SolrID":"/4700261685-doanh-nghiep-tn-xang-dau-quang-linh","ID":0,"MaSoThue":"4700261685","NgayCap":"2016-03-23T00:00:00Z","Title":"Doanh Nghiệp TN Xăng Dầu Quang Linh","DiaChiCongTy":"Pác Liển - Xã Nghiên Loan - Huyện Pác Nặm - Bắc Cạn","Created":"2016-03-23T23:10:12Z","Updated":"2016-03-23T23:10:12Z","IsDelete":false,"RequestChanged":false,"ExitsInGDT":false,"SourceID":0,"TinhThanhID":0,"TinhThanhTitle":"Bắc Cạn","TinhThanhTitleAscii":"/bac-can","QuanHuyenID":0,"NganhNgheTitle":"Bán buôn nhiên liệu rắn, lỏng, khí và các sản phẩm liên quan","NganhNgheTitleAscii":"/nganh-nghe/ban-buon-nhien-lieu-ran-long-khi-va-cac-san-pham-lien-quan","DSTags":["4700261685","Bắc Cạn",null]},{"Type":11,"SolrID":"/4700126502-ubnd-xa-nghien-loan","ID":0,"MaSoThue":"4700126502","NgayCap":"2000-05-17T00:00:00Z","Title":"UBND xã Nghiên Loan","DiaChiCongTy":"Xã Nghiên Loan - Huyện Pác Nặm - Bắc Cạn","Created":"2015-11-16T14:36:11Z","Updated":"2015-11-16T14:36:11Z","IsDelete":false,"RequestChanged":false,"ExitsInGDT":false,"SourceID":0,"TinhThanhID":0,"TinhThanhTitle":"Bắc Cạn","TinhThanhTitleAscii":"/bac-can","QuanHuyenID":0,"NganhNgheTitle":"Hoạt động dịch vụ tài chính khác chưa được phân vào đâu (trừ bảo hiểm và bảo hiểm xã hội)","NganhNgheTitleAscii":"/nganh-nghe/hoat-dong-dich-vu-tai-chinh-khac-chua-duoc-phan-vao-dau-tru-bao-hiem-va-bao-hiem-xa-hoi","DSTags":["4700126502","Bắc Cạn",null]}]}