{"ID":8484,"SolrID":"/an-giang/huyen-phu-tan/cum-cong-nghiep-tieu-thu-cong-nghiep-tan-trung","Title":"Cụm Công Nghiệp & Tiểu Thủ Công Nghiệp Tân Trung","TinhThanhTitle":"An Giang","QuanHuyenTitle":"Huyện Phú Tân","QuanHuyenID":502,"TinhThanhID":35,"Url":"https://thongtindoanhnghiep.co/api/company?l=/an-giang/huyen-phu-tan/cum-cong-nghiep-tieu-thu-cong-nghiep-tan-trung","Total":2,"List":[{"Type":11,"SolrID":"/1601976077-cong-ty-tnhh-mot-thanh-vien-jic-viet-nam","ID":0,"MaSoThue":"1601976077","NgayCap":"2015-06-23T00:00:00Z","Title":"Công ty TNHH Một Thành Viên JIC Việt Nam","DiaChiCongTy":"Cụm công nghiệp & tiểu thủ công nghiệp Tân Trung - Huyện Phú Tân - An Giang","Created":"2015-11-18T13:28:28Z","Updated":"2015-11-18T13:28:28Z","IsDelete":false,"RequestChanged":false,"ExitsInGDT":false,"SourceID":0,"TinhThanhID":0,"TinhThanhTitle":"An Giang","TinhThanhTitleAscii":"/an-giang","QuanHuyenID":0,"NganhNgheTitle":"Bán buôn kim loại khác","NganhNgheTitleAscii":"/nganh-nghe/ban-buon-kim-loai-khac","DSTags":["1601976077","An Giang",null]},{"Type":11,"SolrID":"/1601937536-cong-ty-tnhh-mot-thanh-vien-jic-viet-nam","ID":0,"MaSoThue":"1601937536","NgayCap":"2014-09-09T00:00:00Z","Title":"Công ty TNHH Một Thành Viên JIC Việt Nam","DiaChiCongTy":"Cụm Công nghiệp & Tiểu thủ công nghiệp Tân Trung - Huyện Phú Tân - An Giang","Created":"2015-11-15T09:58:55Z","Updated":"2015-11-15T09:58:55Z","IsDelete":false,"RequestChanged":false,"ExitsInGDT":false,"SourceID":0,"TinhThanhID":0,"TinhThanhTitle":"An Giang","TinhThanhTitleAscii":"/an-giang","QuanHuyenID":0,"NganhNgheTitle":"Bán buôn kim loại khác","NganhNgheTitleAscii":"/nganh-nghe/ban-buon-kim-loai-khac","DSTags":["1601937536","An Giang",null]}]}