{"ID":7051,"SolrID":"/an-giang/huyen-phu-tan/thi-tran-cho-vam","Title":"Thị Trấn Chợ Vàm","TinhThanhTitle":"An Giang","QuanHuyenTitle":"Huyện Phú Tân","QuanHuyenID":502,"TinhThanhID":35,"Url":"https://thongtindoanhnghiep.co/api/company?l=/an-giang/huyen-phu-tan/thi-tran-cho-vam","Total":32,"List":[{"Type":11,"SolrID":"/1602089279-cong-ty-tnhh-thuong-mai-dich-vu-van-tai-le-hai-vy","ID":0,"MaSoThue":"1602089279","NgayCap":"2018-12-19T00:00:00Z","Title":"Công Ty TNHH Thương Mại Dịch Vụ Vận Tải Lê Hải Vy","DiaChiCongTy":"Số 22, Tổ 2, Ấp Phú Vinh, Thị Trấn Chợ Vàm, Huyện Phú Tân, Tỉnh An Giang","Created":"2018-12-19T17:34:36Z","Updated":"2018-12-19T17:34:36Z","IsDelete":false,"RequestChanged":false,"ExitsInGDT":false,"SourceID":0,"TinhThanhID":0,"TinhThanhTitle":"An Giang","TinhThanhTitleAscii":"/an-giang","QuanHuyenID":0,"NganhNgheTitle":"Vận tải hàng hóa đường thuỷ nội địa","NganhNgheTitleAscii":"/nganh-nghe/van-tai-hang-hoa-duong-thuy-noi-dia","DSTags":["1602089279","An Giang",null]},{"Type":11,"SolrID":"/1602047134-cong-ty-tnhh-vat-lieu-xay-dung-va-van-tai-thuy-trang","ID":0,"MaSoThue":"1602047134","NgayCap":"2017-08-07T00:00:00Z","Title":"Công Ty TNHH Vật Liệu Xây Dựng Và Vận Tải Thùy Trang","DiaChiCongTy":"Số 144, Ấp Phú Hiệp, Thị Trấn Chợ Vàm, Huyện Phú Tân, Tỉnh An Giang","Created":"2017-08-07T17:41:36Z","Updated":"2017-08-07T17:41:36Z","IsDelete":false,"RequestChanged":false,"ExitsInGDT":false,"SourceID":0,"TinhThanhID":0,"TinhThanhTitle":"An Giang","TinhThanhTitleAscii":"/an-giang","QuanHuyenID":0,"NganhNgheTitle":"Vận tải hàng hóa đường thuỷ nội địa","NganhNgheTitleAscii":"/nganh-nghe/van-tai-hang-hoa-duong-thuy-noi-dia","DSTags":["1602047134","An Giang",null]},{"Type":11,"SolrID":"/1602037753-cong-ty-tnhh-tu-van-va-dau-tu-xay-dung-dat-chanh","ID":0,"MaSoThue":"1602037753","NgayCap":"2017-04-11T00:00:00Z","Title":"Công Ty TNHH Tư Vấn Và Đầu Tư Xây Dựng Đạt Chánh","DiaChiCongTy":"Số 833, Ấp Phú Hữu, Thị Trấn Chợ Vàm, Huyện Phú Tân, Tỉnh An Giang","Created":"2017-04-11T10:11:02Z","Updated":"2017-04-11T10:11:02Z","IsDelete":false,"RequestChanged":false,"ExitsInGDT":false,"SourceID":0,"TinhThanhID":0,"TinhThanhTitle":"An Giang","TinhThanhTitleAscii":"/an-giang","QuanHuyenID":0,"NganhNgheTitle":"Xây dựng nhà các loại","NganhNgheTitleAscii":"/nganh-nghe/xay-dung-nha-cac-loai","DSTags":["1602037753","An Giang",null]},{"Type":11,"SolrID":"/1602033156-doanh-nghiep-tn-ruou-phu-hao","ID":0,"MaSoThue":"1602033156","NgayCap":"2017-02-10T00:00:00Z","Title":"Doanh Nghiệp Tn Rượu Phú Hảo","DiaChiCongTy":"Ấp Phú Trường, Thị Trấn Chợ Vàm, Huyện Phú Tân, Tỉnh An Giang","Created":"2017-02-10T15:37:54Z","Updated":"2017-02-10T15:37:54Z","IsDelete":false,"RequestChanged":false,"ExitsInGDT":false,"SourceID":0,"TinhThanhID":0,"TinhThanhTitle":"An Giang","TinhThanhTitleAscii":"/an-giang","QuanHuyenID":0,"NganhNgheTitle":"Bán buôn đồ uống","NganhNgheTitleAscii":"/nganh-nghe/ban-buon-do-uong","DSTags":["1602033156","An Giang",null]},{"Type":11,"SolrID":"/1602030437-doanh-nghiep-tn-thuong-mai-dich-vu-van-chuyen-quoc-thai","ID":0,"MaSoThue":"1602030437","NgayCap":"2017-01-04T00:00:00Z","Title":"Doanh Nghiệp Tn Thương Mại Dịch Vụ Vận Chuyển Quốc Thái","DiaChiCongTy":"Số 86, Ấp Phú Hiệp, Thị Trấn Chợ Vàm, Huyện Phú Tân, Tỉnh An Giang","Created":"2017-01-04T10:37:34Z","Updated":"2017-01-04T10:37:34Z","IsDelete":false,"RequestChanged":false,"ExitsInGDT":false,"SourceID":0,"TinhThanhID":0,"TinhThanhTitle":"An Giang","TinhThanhTitleAscii":"/an-giang","QuanHuyenID":0,"NganhNgheTitle":"Bán buôn vật liệu, thiết bị lắp đặt khác trong xây dựng","NganhNgheTitleAscii":"/nganh-nghe/ban-buon-vat-lieu-thiet-bi-lap-dat-khac-trong-xay-dung","DSTags":["1602030437","An Giang",null]},{"Type":11,"SolrID":"/1602007212-doanh-nghiep-tn-an-binh-cho-vam","ID":0,"MaSoThue":"1602007212","NgayCap":"2016-04-14T00:00:00Z","Title":"Doanh Nghiệp TN An Bình Chợ Vàm","DiaChiCongTy":"Số 120, ấp Phú Hiệp - Thị trấn Chợ Vàm - Huyện Phú Tân - An Giang","Created":"2016-04-15T08:34:45Z","Updated":"2016-04-15T08:34:45Z","IsDelete":false,"RequestChanged":false,"ExitsInGDT":false,"SourceID":0,"TinhThanhID":0,"TinhThanhTitle":"An Giang","TinhThanhTitleAscii":"/an-giang","QuanHuyenID":0,"NganhNgheTitle":"Vận tải hàng hóa đường thuỷ nội địa","NganhNgheTitleAscii":"/nganh-nghe/van-tai-hang-hoa-duong-thuy-noi-dia","DSTags":["1602007212","An Giang",null]},{"Type":11,"SolrID":"/1602001122-cong-ty-tnhh-mot-thanh-vien-tran-nhut-hieu","ID":0,"MaSoThue":"1602001122","NgayCap":"2016-02-02T00:00:00Z","Title":"Công Ty TNHH Một Thành Viên Trần Nhựt Hiếu","DiaChiCongTy":"Số 97, Tổ 5, ấp Phú Trường - Thị trấn Chợ Vàm - Huyện Phú Tân - An Giang","Created":"2016-02-05T09:50:56Z","Updated":"2016-02-05T09:50:56Z","IsDelete":false,"RequestChanged":false,"ExitsInGDT":false,"SourceID":0,"TinhThanhID":0,"TinhThanhTitle":"An Giang","TinhThanhTitleAscii":"/an-giang","QuanHuyenID":0,"NganhNgheTitle":"Bán buôn vật liệu, thiết bị lắp đặt khác trong xây dựng","NganhNgheTitleAscii":"/nganh-nghe/ban-buon-vat-lieu-thiet-bi-lap-dat-khac-trong-xay-dung","DSTags":["1602001122","An Giang",null]},{"Type":11,"SolrID":"/1601991808-cong-ty-tnhh-mot-thanh-vien-dv-van-tai-an-bao-khang","ID":0,"MaSoThue":"1601991808","NgayCap":"2015-12-14T00:00:00Z","Title":"Công Ty TNHH Một Thành Viên Dv - Vận Tải An Bảo Khang","DiaChiCongTy":"Tổ 10, ấp Phú Xương - Thị trấn Chợ Vàm - Huyện Phú Tân - An Giang","Created":"2015-12-14T18:04:53Z","Updated":"2015-12-14T18:04:53Z","IsDelete":false,"RequestChanged":false,"ExitsInGDT":false,"SourceID":0,"TinhThanhID":0,"TinhThanhTitle":"An Giang","TinhThanhTitleAscii":"/an-giang","QuanHuyenID":0,"NganhNgheTitle":"Vận tải hàng hóa đường thuỷ nội địa","NganhNgheTitleAscii":"/nganh-nghe/van-tai-hang-hoa-duong-thuy-noi-dia","DSTags":["1601991808","An Giang",null]},{"Type":11,"SolrID":"/1601991117-cong-ty-tnhh-mot-thanh-vien-dau-nhot-bao-khang","ID":0,"MaSoThue":"1601991117","NgayCap":"2015-12-10T00:00:00Z","Title":"Công Ty TNHH Một Thành Viên Dầu Nhớt Bảo Khang","DiaChiCongTy":"Tổ 10, ấp Phú Xương - Thị trấn Chợ Vàm - Huyện Phú Tân - An Giang","Created":"2015-12-13T21:50:00Z","Updated":"2015-12-13T21:50:00Z","IsDelete":false,"RequestChanged":false,"ExitsInGDT":false,"SourceID":0,"TinhThanhID":0,"TinhThanhTitle":"An Giang","TinhThanhTitleAscii":"/an-giang","QuanHuyenID":0,"NganhNgheTitle":"Bán buôn nhiên liệu rắn, lỏng, khí và các sản phẩm liên quan","NganhNgheTitleAscii":"/nganh-nghe/ban-buon-nhien-lieu-ran-long-khi-va-cac-san-pham-lien-quan","DSTags":["1601991117","An Giang",null]},{"Type":11,"SolrID":"/1601981461-cong-ty-tnhh-mot-thanh-vien-thien-thien-nhien","ID":0,"MaSoThue":"1601981461","NgayCap":"2015-08-28T00:00:00Z","Title":"Công Ty TNHH Một Thành Viên Thiện Thiện Nhiên","DiaChiCongTy":"Số 323, Tổ 8, ấp Phú Trường - Thị trấn Chợ Vàm - Huyện Phú Tân - An Giang","Created":"2015-11-19T00:16:22Z","Updated":"2015-11-19T00:16:22Z","IsDelete":false,"RequestChanged":false,"ExitsInGDT":false,"SourceID":0,"TinhThanhID":0,"TinhThanhTitle":"An Giang","TinhThanhTitleAscii":"/an-giang","QuanHuyenID":0,"NganhNgheTitle":"Bán buôn vật liệu, thiết bị lắp đặt khác trong xây dựng","NganhNgheTitleAscii":"/nganh-nghe/ban-buon-vat-lieu-thiet-bi-lap-dat-khac-trong-xay-dung","DSTags":["1601981461","An Giang",null]},{"Type":11,"SolrID":"/1601966230-doanh-nghiep-tn-nguyen-van-nhan","ID":0,"MaSoThue":"1601966230","NgayCap":"2015-03-12T00:00:00Z","Title":"Doanh Nghiệp TN Nguyễn Văn Nhân","DiaChiCongTy":"ấp Phú Hữu - Thị trấn Chợ Vàm - Huyện Phú Tân - An Giang","Created":"2015-11-17T05:58:53Z","Updated":"2015-11-17T05:58:53Z","IsDelete":false,"RequestChanged":false,"ExitsInGDT":false,"SourceID":0,"TinhThanhID":0,"TinhThanhTitle":"An Giang","TinhThanhTitleAscii":"/an-giang","QuanHuyenID":0,"NganhNgheTitle":"Hoạt động viễn thông khác","NganhNgheTitleAscii":"/nganh-nghe/hoat-dong-vien-thong-khac","DSTags":["1601966230","An Giang",null]},{"Type":11,"SolrID":"/1601901561-doanh-nghiep-tn-nguyen-van-cuon","ID":0,"MaSoThue":"1601901561","NgayCap":"2013-12-28T00:00:00Z","Title":"Doanh Nghiệp TN Nguyễn Văn Cuốn","DiaChiCongTy":"ấp Phú Vinh - Thị trấn Chợ Vàm - Huyện Phú Tân - An Giang","Created":"2015-11-09T21:30:48Z","Updated":"2015-11-09T21:30:48Z","IsDelete":false,"RequestChanged":false,"ExitsInGDT":false,"SourceID":0,"TinhThanhID":0,"TinhThanhTitle":"An Giang","TinhThanhTitleAscii":"/an-giang","QuanHuyenID":0,"NganhNgheTitle":"Bán buôn vật liệu, thiết bị lắp đặt khác trong xây dựng","NganhNgheTitleAscii":"/nganh-nghe/ban-buon-vat-lieu-thiet-bi-lap-dat-khac-trong-xay-dung","DSTags":["1601901561","An Giang",null]},{"Type":11,"SolrID":"/1601901547-doanh-nghiep-tn-xe-gan-may-anh-hao","ID":0,"MaSoThue":"1601901547","NgayCap":"2013-12-28T00:00:00Z","Title":"Doanh Nghiệp TN Xe Gắn Máy Anh Hào","DiaChiCongTy":"ấp Phú Xương - Thị trấn Chợ Vàm - Huyện Phú Tân - An Giang","Created":"2015-11-09T21:41:27Z","Updated":"2015-11-09T21:41:27Z","IsDelete":false,"RequestChanged":false,"ExitsInGDT":false,"SourceID":0,"TinhThanhID":0,"TinhThanhTitle":"An Giang","TinhThanhTitleAscii":"/an-giang","QuanHuyenID":0,"NganhNgheTitle":"Bán mô tô, xe máy","NganhNgheTitleAscii":"/nganh-nghe/ban-mo-to-xe-may","DSTags":["1601901547","An Giang",null]},{"Type":11,"SolrID":"/1601896424-doanh-nghiep-tn-tiem-vang-tuan-ngoc","ID":0,"MaSoThue":"1601896424","NgayCap":"2013-12-05T00:00:00Z","Title":"Doanh Nghiệp TN Tiệm Vàng Tuấn Ngọc","DiaChiCongTy":"ấp Phú Xương - Thị trấn Chợ Vàm - Huyện Phú Tân - An Giang","Created":"2015-11-09T22:33:19Z","Updated":"2015-11-09T22:33:19Z","IsDelete":false,"RequestChanged":false,"ExitsInGDT":false,"SourceID":0,"TinhThanhID":0,"TinhThanhTitle":"An Giang","TinhThanhTitleAscii":"/an-giang","QuanHuyenID":0,"NganhNgheTitle":"Bán buôn kim loại và quặng kim loại","NganhNgheTitleAscii":"/nganh-nghe/ban-buon-kim-loai-va-quang-kim-loai","DSTags":["1601896424","An Giang",null]},{"Type":11,"SolrID":"/1601894018-doanh-nghiep-tn-tiem-vang-nhu-thuy","ID":0,"MaSoThue":"1601894018","NgayCap":"2013-11-13T00:00:00Z","Title":"Doanh Nghiệp TN Tiệm Vàng Như Thủy","DiaChiCongTy":"Số 33, Tổ 4, ấp Phú Xương - Thị trấn Chợ Vàm - Huyện Phú Tân - An Giang","Created":"2015-11-09T23:57:27Z","Updated":"2015-11-09T23:57:27Z","IsDelete":false,"RequestChanged":false,"ExitsInGDT":false,"SourceID":0,"TinhThanhID":0,"TinhThanhTitle":"An Giang","TinhThanhTitleAscii":"/an-giang","QuanHuyenID":0,"NganhNgheTitle":"Bán buôn kim loại và quặng kim loại","NganhNgheTitleAscii":"/nganh-nghe/ban-buon-kim-loai-va-quang-kim-loai","DSTags":["1601894018","An Giang",null]},{"Type":11,"SolrID":"/1601875294-doanh-nghiep-tn-tiem-vang-huu-y","ID":0,"MaSoThue":"1601875294","NgayCap":"2013-05-21T00:00:00Z","Title":"Doanh Nghiệp TN Tiệm Vàng Hữu ý","DiaChiCongTy":"Số 54, ấp Phú Xương - Thị trấn Chợ Vàm - Huyện Phú Tân - An Giang","Created":"2015-11-16T20:54:16Z","Updated":"2015-11-16T20:54:16Z","IsDelete":false,"RequestChanged":false,"ExitsInGDT":false,"SourceID":0,"TinhThanhID":0,"TinhThanhTitle":"An Giang","TinhThanhTitleAscii":"/an-giang","QuanHuyenID":0,"NganhNgheTitle":"Bán buôn kim loại và quặng kim loại","NganhNgheTitleAscii":"/nganh-nghe/ban-buon-kim-loai-va-quang-kim-loai","DSTags":["1601875294","An Giang",null]},{"Type":11,"SolrID":"/1601875015-doanh-nghiep-tn-kim-xoan-cho-vam","ID":0,"MaSoThue":"1601875015","NgayCap":"2013-05-18T00:00:00Z","Title":"Doanh Nghiệp TN Kim Xoàn Chợ Vàm","DiaChiCongTy":"Số 57, ấp Phú Xương - Thị trấn Chợ Vàm - Huyện Phú Tân - An Giang","Created":"2015-11-16T11:07:43Z","Updated":"2015-11-16T11:07:43Z","IsDelete":false,"RequestChanged":false,"ExitsInGDT":false,"SourceID":0,"TinhThanhID":0,"TinhThanhTitle":"An Giang","TinhThanhTitleAscii":"/an-giang","QuanHuyenID":0,"NganhNgheTitle":"Bán buôn kim loại và quặng kim loại","NganhNgheTitleAscii":"/nganh-nghe/ban-buon-kim-loai-va-quang-kim-loai","DSTags":["1601875015","An Giang",null]},{"Type":11,"SolrID":"/1601836009-cong-ty-tnhh-thuan-dai-hung","ID":0,"MaSoThue":"1601836009","NgayCap":"2012-09-26T00:00:00Z","Title":"Công Ty TNHH Thuận Đại Hưng","DiaChiCongTy":"Tỉnh lộ 954, ấp Phú Xương - Thị trấn Chợ Vàm - Huyện Phú Tân - An Giang","Created":"2015-11-12T04:29:33Z","Updated":"2015-11-12T04:29:33Z","IsDelete":false,"RequestChanged":false,"ExitsInGDT":false,"SourceID":0,"TinhThanhID":0,"TinhThanhTitle":"An Giang","TinhThanhTitleAscii":"/an-giang","QuanHuyenID":0,"NganhNgheTitle":"Sản xuất thực phẩm khác chưa được phân vào đâu","NganhNgheTitleAscii":"/nganh-nghe/san-xuat-thuc-pham-khac-chua-duoc-phan-vao-dau","DSTags":["1601836009","An Giang",null]},{"Type":11,"SolrID":"/1600151475-002-chi-nhanh-2-cong-ty-tnhh-mot-thanh-vien-phuc-loc","ID":0,"MaSoThue":"1600151475-002","NgayCap":"2012-05-17T00:00:00Z","Title":"Chi Nhánh 2 Công Ty TNHH Một Thành Viên Phúc Lộc","DiaChiCongTy":"Số 86-88, ấp Phú Xương - Thị trấn Chợ Vàm - Huyện Phú Tân - An Giang","Created":"2015-11-11T01:54:15Z","Updated":"2015-11-11T01:54:15Z","IsDelete":false,"RequestChanged":false,"ExitsInGDT":false,"SourceID":0,"TinhThanhID":0,"TinhThanhTitle":"An Giang","TinhThanhTitleAscii":"/an-giang","QuanHuyenID":0,"NganhNgheTitle":"Bán mô tô, xe máy","NganhNgheTitleAscii":"/nganh-nghe/ban-mo-to-xe-may","DSTags":["1600151475-002","An Giang",null]},{"Type":11,"SolrID":"/1601543242-cong-ty-cp-tu-van-cong-nghe-xay-dung-thien-nam-hoa","ID":0,"MaSoThue":"1601543242","NgayCap":"2011-09-09T00:00:00Z","Title":"Công Ty CP Tư Vấn Công Nghệ Xây Dựng Thiên Nam Hoa","DiaChiCongTy":"Số 288, ấp Phú Hiệp - Thị trấn Chợ Vàm - Huyện Phú Tân - An Giang","Created":"2015-11-10T01:41:54Z","Updated":"2015-11-10T01:41:54Z","IsDelete":false,"RequestChanged":false,"ExitsInGDT":false,"SourceID":0,"TinhThanhID":0,"TinhThanhTitle":"An Giang","TinhThanhTitleAscii":"/an-giang","QuanHuyenID":0,"NganhNgheTitle":"Hoạt động thiết kế chuyên dụng","NganhNgheTitleAscii":"/nganh-nghe/hoat-dong-thiet-ke-chuyen-dung","DSTags":["1601543242","An Giang",null]},{"Type":11,"SolrID":"/1600383490-002-doanh-nghiep-tn-hiep-hung-chi-nhanh-xang-dau-hiep-hung-1","ID":0,"MaSoThue":"1600383490-002","NgayCap":"2011-03-11T00:00:00Z","Title":"Doanh Nghiệp TN Hiệp Hưng - Chi Nhánh Xăng Dầu Hiệp Hưng 1","DiaChiCongTy":"Xà lan AG-12776H, ấp Phú Trường - Thị trấn Chợ Vàm - Huyện Phú Tân - An Giang","Created":"2015-11-17T19:51:49Z","Updated":"2015-11-17T19:51:49Z","IsDelete":false,"RequestChanged":false,"ExitsInGDT":false,"SourceID":0,"TinhThanhID":0,"TinhThanhTitle":"An Giang","TinhThanhTitleAscii":"/an-giang","QuanHuyenID":0,"NganhNgheTitle":"Bán buôn nhiên liệu rắn, lỏng, khí và các sản phẩm liên quan","NganhNgheTitleAscii":"/nganh-nghe/ban-buon-nhien-lieu-ran-long-khi-va-cac-san-pham-lien-quan","DSTags":["1600383490-002","An Giang",null]},{"Type":11,"SolrID":"/1601275635-cong-ty-tnhh-ton-anh","ID":0,"MaSoThue":"1601275635","NgayCap":"2009-12-28T00:00:00Z","Title":"Công ty TNHH Tôn Anh","DiaChiCongTy":"346 ấp Phú Xương - Thị trấn Chợ Vàm - Huyện Phú Tân - An Giang","Created":"2015-11-09T01:15:52Z","Updated":"2015-11-09T01:15:52Z","IsDelete":false,"RequestChanged":false,"ExitsInGDT":false,"SourceID":0,"TinhThanhID":0,"TinhThanhTitle":"An Giang","TinhThanhTitleAscii":"/an-giang","QuanHuyenID":0,"NganhNgheTitle":"Bán buôn (trừ ô tô, mô tô, xe máy và xe có động cơ khác)","NganhNgheTitleAscii":"/nganh-nghe/ban-buon-tru-o-to-mo-to-xe-may-va-xe-co-dong-co-khac","DSTags":["1601275635","An Giang",null]},{"Type":11,"SolrID":"/1601194520-truong-tieu-hoc-a-tt-cho-vam","ID":0,"MaSoThue":"1601194520","NgayCap":"2009-07-22T00:00:00Z","Title":"Trường Tiểu học A TT Chợ Vàm","DiaChiCongTy":"ấp Phú Xương, - Thị trấn Chợ Vàm - Huyện Phú Tân - An Giang","Created":"2015-11-16T10:48:47Z","Updated":"2015-11-16T10:48:47Z","IsDelete":false,"RequestChanged":false,"ExitsInGDT":false,"SourceID":0,"TinhThanhID":0,"TinhThanhTitle":"An Giang","TinhThanhTitleAscii":"/an-giang","QuanHuyenID":0,"NganhNgheTitle":"Giáo dục tiểu học","NganhNgheTitleAscii":"/nganh-nghe/giao-duc-tieu-hoc","DSTags":["1601194520","An Giang",null]},{"Type":11,"SolrID":"/1600962508-truong-mam-non-cho-vam","ID":0,"MaSoThue":"1600962508","NgayCap":"2008-05-26T00:00:00Z","Title":"Trường Mầm Non Chợ Vàm","DiaChiCongTy":"Thị Trấn Chợ Vàm - Thị trấn Chợ Vàm - Huyện Phú Tân - An Giang","Created":"2015-11-16T18:59:54Z","Updated":"2015-11-16T18:59:54Z","IsDelete":false,"RequestChanged":false,"ExitsInGDT":false,"SourceID":0,"TinhThanhID":0,"TinhThanhTitle":"An Giang","TinhThanhTitleAscii":"/an-giang","QuanHuyenID":0,"NganhNgheTitle":"Giáo dục mầm non","NganhNgheTitleAscii":"/nganh-nghe/giao-duc-mam-non","DSTags":["1600962508","An Giang",null]},{"Type":11,"SolrID":"/1600833100-truong-trung-hoc-co-so-thi-tran-cho-vam","ID":0,"MaSoThue":"1600833100","NgayCap":"2006-03-23T00:00:00Z","Title":"Trường Trung học Cơ sở thị trấn Chợ Vàm","DiaChiCongTy":"ấp Phú Hiệp, - Thị trấn Chợ Vàm - Huyện Phú Tân - An Giang","Created":"2015-11-16T17:27:20Z","Updated":"2015-11-16T17:27:20Z","IsDelete":false,"RequestChanged":false,"ExitsInGDT":false,"SourceID":0,"TinhThanhID":0,"TinhThanhTitle":"An Giang","TinhThanhTitleAscii":"/an-giang","QuanHuyenID":0,"NganhNgheTitle":"Giáo dục trung học cơ sở và trung học phổ thông","NganhNgheTitleAscii":"/nganh-nghe/giao-duc-trung-hoc-co-so-va-trung-hoc-pho-thong","DSTags":["1600833100","An Giang",null]},{"Type":11,"SolrID":"/1700440706-dntn-hai-dang","ID":0,"MaSoThue":"1700440706","NgayCap":"2005-12-23T00:00:00Z","Title":"DNTN Hải Đăng","DiaChiCongTy":"ấp Phú Hiệp, - Thị trấn Chợ Vàm - Huyện Phú Tân - An Giang","Created":"2015-11-11T13:04:32Z","Updated":"2015-11-11T13:04:32Z","IsDelete":false,"RequestChanged":false,"ExitsInGDT":false,"SourceID":0,"TinhThanhID":0,"TinhThanhTitle":"An Giang","TinhThanhTitleAscii":"/an-giang","QuanHuyenID":0,"NganhNgheTitle":"Vận tải hàng hóa đường thuỷ nội địa","NganhNgheTitleAscii":"/nganh-nghe/van-tai-hang-hoa-duong-thuy-noi-dia","DSTags":["1700440706","An Giang",null]},{"Type":11,"SolrID":"/1600685082-htx-nong-nghiep-cho-vam","ID":0,"MaSoThue":"1600685082","NgayCap":"2004-03-04T00:00:00Z","Title":"HTX Nông Nghiệp Chợ Vàm","DiaChiCongTy":"ấp Phú Xương, - Thị trấn Chợ Vàm - Huyện Phú Tân - An Giang","Created":"2015-11-16T15:54:24Z","Updated":"2015-11-16T15:54:24Z","IsDelete":false,"RequestChanged":false,"ExitsInGDT":false,"SourceID":0,"TinhThanhID":0,"TinhThanhTitle":"An Giang","TinhThanhTitleAscii":"/an-giang","QuanHuyenID":0,"NganhNgheTitle":"Hoạt động dịch vụ nông nghiệp","NganhNgheTitleAscii":"/nganh-nghe/hoat-dong-dich-vu-nong-nghiep","DSTags":["1600685082","An Giang",null]},{"Type":11,"SolrID":"/1600685149-truong-trung-hoc-nguyen-chi-thanh","ID":0,"MaSoThue":"1600685149","NgayCap":"2004-03-04T00:00:00Z","Title":"Trường Trung học Nguyễn Chí Thanh","DiaChiCongTy":"ấp Phú Hiệp - Thị trấn Chợ Vàm - Huyện Phú Tân - An Giang","Created":"2015-11-16T15:54:27Z","Updated":"2015-11-16T15:54:27Z","IsDelete":false,"RequestChanged":false,"ExitsInGDT":false,"SourceID":0,"TinhThanhID":0,"TinhThanhTitle":"An Giang","TinhThanhTitleAscii":"/an-giang","QuanHuyenID":0,"NganhNgheTitle":"Giáo dục trung học cơ sở và trung học phổ thông","NganhNgheTitleAscii":"/nganh-nghe/giao-duc-trung-hoc-co-so-va-trung-hoc-pho-thong","DSTags":["1600685149","An Giang",null]},{"Type":11,"SolrID":"/1600209622-doanh-nghiep-tn-cao-huu-huan","ID":0,"MaSoThue":"1600209622","NgayCap":"2004-01-28T00:00:00Z","Title":"Doanh Nghiệp TN Cao Hữu Huấn","DiaChiCongTy":"ấp Phú Hiệp - Thị trấn Chợ Vàm - Huyện Phú Tân - An Giang","Created":"2015-11-17T19:46:57Z","Updated":"2015-11-17T19:46:57Z","IsDelete":false,"RequestChanged":false,"ExitsInGDT":false,"SourceID":0,"TinhThanhID":0,"TinhThanhTitle":"An Giang","TinhThanhTitleAscii":"/an-giang","QuanHuyenID":0,"NganhNgheTitle":"Bán buôn nhiên liệu rắn, lỏng, khí và các sản phẩm liên quan","NganhNgheTitleAscii":"/nganh-nghe/ban-buon-nhien-lieu-ran-long-khi-va-cac-san-pham-lien-quan","DSTags":["1600209622","An Giang",null]},{"Type":11,"SolrID":"/1600209534-doanh-nghiep-tn-lam-van-tay","ID":0,"MaSoThue":"1600209534","NgayCap":"2004-01-16T00:00:00Z","Title":"Doanh Nghiệp TN Lâm Văn Tây","DiaChiCongTy":"Tổ 2, ấp Phú Hữu - Thị trấn Chợ Vàm - Huyện Phú Tân - An Giang","Created":"2015-11-17T04:51:28Z","Updated":"2015-11-17T04:51:28Z","IsDelete":false,"RequestChanged":false,"ExitsInGDT":false,"SourceID":0,"TinhThanhID":0,"TinhThanhTitle":"An Giang","TinhThanhTitleAscii":"/an-giang","QuanHuyenID":0,"NganhNgheTitle":"Bán buôn nhiên liệu rắn, lỏng, khí và các sản phẩm liên quan","NganhNgheTitleAscii":"/nganh-nghe/ban-buon-nhien-lieu-ran-long-khi-va-cac-san-pham-lien-quan","DSTags":["1600209534","An Giang",null]},{"Type":11,"SolrID":"/1600380080-doanh-nghiep-tn-nguyen-van-viet","ID":0,"MaSoThue":"1600380080","NgayCap":"1999-02-24T00:00:00Z","Title":"Doanh Nghiệp TN Nguyễn Văn Việt","DiaChiCongTy":"ấp Phú Vinh - Thị trấn Chợ Vàm - Huyện Phú Tân - An Giang","Created":"2015-11-10T01:39:18Z","Updated":"2015-11-10T01:39:18Z","IsDelete":false,"RequestChanged":false,"ExitsInGDT":false,"SourceID":0,"TinhThanhID":0,"TinhThanhTitle":"An Giang","TinhThanhTitleAscii":"/an-giang","QuanHuyenID":0,"NganhNgheTitle":"Bán buôn nhiên liệu rắn, lỏng, khí và các sản phẩm liên quan","NganhNgheTitleAscii":"/nganh-nghe/ban-buon-nhien-lieu-ran-long-khi-va-cac-san-pham-lien-quan","DSTags":["1600380080","An Giang",null]},{"Type":11,"SolrID":"/1600152239-doanh-nghiep-tu-nhan-le-quang","ID":0,"MaSoThue":"1600152239","NgayCap":"1993-08-05T00:00:00Z","Title":"Doanh Nghiệp Tư Nhân Lê Quang","DiaChiCongTy":"Đường 30/4, Thị Trấn Chợ Vàm, Huyện Phú Tân, Tỉnh An Giang","Created":"2017-11-05T16:35:04Z","Updated":"2017-11-05T16:35:04Z","IsDelete":false,"RequestChanged":false,"ExitsInGDT":false,"SourceID":0,"TinhThanhID":0,"TinhThanhTitle":"An Giang","TinhThanhTitleAscii":"/an-giang","QuanHuyenID":0,"DSTags":["1600152239","An Giang",null]}]}