{"ID":1837,"SolrID":"/an-giang/huyen-phu-tan/thi-tran-phu-my","Title":"Thị Trấn Phú Mỹ","TinhThanhTitle":"An Giang","QuanHuyenTitle":"Huyện Phú Tân","QuanHuyenID":502,"TinhThanhID":35,"Url":"https://thongtindoanhnghiep.co/api/company?l=/an-giang/huyen-phu-tan/thi-tran-phu-my","Total":110,"List":[{"Type":11,"SolrID":"/1602150163-cong-ty-tnhh-thuong-mai-dau-tu-xay-dung-khanh-dang","ID":0,"MaSoThue":"1602150163","NgayCap":"2021-08-24T00:00:00Z","Title":"Công Ty TNHH Thương Mại Đầu Tư Xây Dựng Khánh Đăng","DiaChiCongTy":"Ấp Trung 3, Thị Trấn Phú Mỹ, Huyện Phú Tân, Tỉnh An Giang","Created":"2021-08-25T10:35:45Z","Updated":"2021-08-25T10:35:45Z","IsDelete":false,"RequestChanged":false,"ExitsInGDT":false,"SourceID":0,"TinhThanhID":0,"TinhThanhTitle":"An Giang","TinhThanhTitleAscii":"/an-giang","QuanHuyenID":0,"DSTags":["1602150163","An Giang",null]},{"Type":11,"SolrID":"/1602147315-cong-ty-tnhh-thuong-mai-dich-vu-hoang-nga-an-giang","ID":0,"MaSoThue":"1602147315","NgayCap":"2021-05-17T00:00:00Z","Title":"Công Ty TNHH Thương Mại Dịch Vụ Hoàng Ngà An Giang","DiaChiCongTy":"Số 98A Tôn Đức Thắng, Ấp Thượng 3, Thị Trấn Phú Mỹ, Huyện Phú Tân, Tỉnh An Giang","Created":"2021-05-17T15:36:07Z","Updated":"2021-05-17T15:36:07Z","IsDelete":false,"RequestChanged":false,"ExitsInGDT":false,"SourceID":0,"TinhThanhID":0,"TinhThanhTitle":"An Giang","TinhThanhTitleAscii":"/an-giang","QuanHuyenID":0,"NganhNgheTitle":"Bán buôn vật liệu, thiết bị lắp đặt khác trong xây dựng","NganhNgheTitleAscii":"/nganh-nghe/ban-buon-vat-lieu-thiet-bi-lap-dat-khac-trong-xay-dung","DSTags":["1602147315","An Giang",null]},{"Type":11,"SolrID":"/1602146738-cong-ty-tnhh-bia-nuoc-giai-khat-bao-tin","ID":0,"MaSoThue":"1602146738","NgayCap":"2021-05-05T00:00:00Z","Title":"Công Ty TNHH Bia - Nước Giải Khát Bảo Tín","DiaChiCongTy":"Số 111, Thị Trấn Phú Mỹ, Huyện Phú Tân, Tỉnh An Giang","Created":"2021-05-05T10:46:18Z","Updated":"2021-05-05T10:46:18Z","IsDelete":false,"RequestChanged":false,"ExitsInGDT":false,"SourceID":0,"TinhThanhID":0,"TinhThanhTitle":"An Giang","TinhThanhTitleAscii":"/an-giang","QuanHuyenID":0,"NganhNgheTitle":"Bán buôn đồ uống","NganhNgheTitleAscii":"/nganh-nghe/ban-buon-do-uong","DSTags":["1602146738","An Giang",null]},{"Type":11,"SolrID":"/1602145572-cong-ty-tnhh-mekong-cnb","ID":0,"MaSoThue":"1602145572","NgayCap":"2021-04-09T00:00:00Z","Title":"Công Ty TNHH Mekong Cnb","DiaChiCongTy":"Số 575 Chu Văn An, Thị Trấn Phú Mỹ, Huyện Phú Tân, Tỉnh An Giang","Created":"2021-04-12T10:40:03Z","Updated":"2021-04-12T10:40:03Z","IsDelete":false,"RequestChanged":false,"ExitsInGDT":false,"SourceID":0,"TinhThanhID":0,"TinhThanhTitle":"An Giang","TinhThanhTitleAscii":"/an-giang","QuanHuyenID":0,"NganhNgheTitle":"Hoạt động dịch vụ hỗ trợ khác liên quan đến vận tải","NganhNgheTitleAscii":"/nganh-nghe/hoat-dong-dich-vu-ho-tro-khac-lien-quan-den-van-tai","DSTags":["1602145572","An Giang",null]},{"Type":11,"SolrID":"/1602074480-cong-ty-tnhh-phat-vinh-thanh","ID":0,"MaSoThue":"1602074480","NgayCap":"2018-06-15T00:00:00Z","Title":"Công Ty TNHH Phát Vĩnh Thạnh","DiaChiCongTy":"Số 462 Chu Văn An, Ấp Trung 1, Thị Trấn Phú Mỹ, Huyện Phú Tân, Tỉnh An Giang","Created":"2018-06-15T08:04:39Z","Updated":"2018-06-15T08:04:39Z","IsDelete":false,"RequestChanged":false,"ExitsInGDT":false,"SourceID":0,"TinhThanhID":0,"TinhThanhTitle":"An Giang","TinhThanhTitleAscii":"/an-giang","QuanHuyenID":0,"NganhNgheTitle":"Bán buôn vật liệu, thiết bị lắp đặt khác trong xây dựng","NganhNgheTitleAscii":"/nganh-nghe/ban-buon-vat-lieu-thiet-bi-lap-dat-khac-trong-xay-dung","DSTags":["1602074480","An Giang",null]},{"Type":11,"SolrID":"/1602068279-cong-ty-tnhh-thiet-ke-thoi-trang-dang-thinh","ID":0,"MaSoThue":"1602068279","NgayCap":"2018-04-03T00:00:00Z","Title":"Công Ty TNHH Thiết Kế Thời Trang Đăng Thịnh","DiaChiCongTy":"Số 280-282 Tôn Đức Thắng, Thị Trấn Phú Mỹ, Huyện Phú Tân, Tỉnh An Giang","Created":"2018-04-03T07:34:20Z","Updated":"2018-04-03T07:34:20Z","IsDelete":false,"RequestChanged":false,"ExitsInGDT":false,"SourceID":0,"TinhThanhID":0,"TinhThanhTitle":"An Giang","TinhThanhTitleAscii":"/an-giang","QuanHuyenID":0,"NganhNgheTitle":"Sản xuất hàng may sẵn (trừ trang phục)","NganhNgheTitleAscii":"/nganh-nghe/san-xuat-hang-may-san-tru-trang-phuc","DSTags":["1602068279","An Giang",null]},{"Type":11,"SolrID":"/1602060858-cong-ty-tnhh-san-xuat-thuc-pham-chao-nam-suong","ID":0,"MaSoThue":"1602060858","NgayCap":"2018-01-04T00:00:00Z","Title":"Công Ty TNHH Sản Xuất Thực Phẩm Chao Nam Sương","DiaChiCongTy":"677 Chu Văn An, Ấp Trung Thạnh, Thị Trấn Phú Mỹ, Huyện Phú Tân, Tỉnh An Giang","Created":"2018-01-04T09:01:25Z","Updated":"2018-01-04T09:01:25Z","IsDelete":false,"RequestChanged":false,"ExitsInGDT":false,"SourceID":0,"TinhThanhID":0,"TinhThanhTitle":"An Giang","TinhThanhTitleAscii":"/an-giang","QuanHuyenID":0,"NganhNgheTitle":"Sản xuất thực phẩm khác chưa được phân vào đâu","NganhNgheTitleAscii":"/nganh-nghe/san-xuat-thuc-pham-khac-chua-duoc-phan-vao-dau","DSTags":["1602060858","An Giang",null]},{"Type":11,"SolrID":"/1602054678-cong-ty-tnhh-mot-thanh-vien-duc-duy-phu-tan","ID":0,"MaSoThue":"1602054678","NgayCap":"2017-11-09T00:00:00Z","Title":"Công Ty TNHH Một Thành Viên Đức Duy Phú Tân","DiaChiCongTy":"26 Phạm Văn Đồng, Thị Trấn Phú Mỹ, Huyện Phú Tân, Tỉnh An Giang","Created":"2017-11-09T11:36:06Z","Updated":"2017-11-09T11:36:06Z","IsDelete":false,"RequestChanged":false,"ExitsInGDT":false,"SourceID":0,"TinhThanhID":0,"TinhThanhTitle":"An Giang","TinhThanhTitleAscii":"/an-giang","QuanHuyenID":0,"NganhNgheTitle":"Chuẩn bị mặt bằng","NganhNgheTitleAscii":"/nganh-nghe/chuan-bi-mat-bang","DSTags":["1602054678","An Giang",null]},{"Type":11,"SolrID":"/1602049928-doanh-nghiep-tn-tro-choi-dien-tu-cang-net","ID":0,"MaSoThue":"1602049928","NgayCap":"2017-09-12T00:00:00Z","Title":"Doanh Nghiệp Tn Trò Chơi Điện Tử Cang Net","DiaChiCongTy":"Số 394, Tổ 7, Ấp Cái Tắc, Thị Trấn Phú Mỹ, Huyện Phú Tân, Tỉnh An Giang","Created":"2017-09-12T12:53:41Z","Updated":"2017-09-12T12:53:41Z","IsDelete":false,"RequestChanged":false,"ExitsInGDT":false,"SourceID":0,"TinhThanhID":0,"TinhThanhTitle":"An Giang","TinhThanhTitleAscii":"/an-giang","QuanHuyenID":0,"NganhNgheTitle":"Hoạt động vui chơi giải trí khác chưa được phân vào đâu","NganhNgheTitleAscii":"/nganh-nghe/hoat-dong-vui-choi-giai-tri-khac-chua-duoc-phan-vao-dau","DSTags":["1602049928","An Giang",null]},{"Type":11,"SolrID":"/1602045673-doanh-nghiep-tn-khai-thac-cho-huynh-hanh","ID":0,"MaSoThue":"1602045673","NgayCap":"2017-07-18T00:00:00Z","Title":"Doanh Nghiệp Tn Khai Thác Chợ Huỳnh Hạnh","DiaChiCongTy":"Tổ 16, Ấp Trung 1, Thị Trấn Phú Mỹ, Huyện Phú Tân, Tỉnh An Giang","Created":"2017-07-18T08:40:27Z","Updated":"2017-07-18T08:40:27Z","IsDelete":false,"RequestChanged":false,"ExitsInGDT":false,"SourceID":0,"TinhThanhID":0,"TinhThanhTitle":"An Giang","TinhThanhTitleAscii":"/an-giang","QuanHuyenID":0,"NganhNgheTitle":"Hoạt động dịch vụ hỗ trợ kinh doanh khác còn lại chưa được phân vào đâu","NganhNgheTitleAscii":"/nganh-nghe/hoat-dong-dich-vu-ho-tro-kinh-doanh-khac-con-lai-chua-duoc-phan-vao-dau","DSTags":["1602045673","An Giang",null]},{"Type":11,"SolrID":"/1602037496-cong-ty-tnhh-nong-san-mnv-an-giang","ID":0,"MaSoThue":"1602037496","NgayCap":"2017-04-06T00:00:00Z","Title":"Công Ty TNHH Nông Sản Mnv An Giang","DiaChiCongTy":"Số 786, Ấp Trung 3, Thị Trấn Phú Mỹ, Huyện Phú Tân, Tỉnh An Giang","Created":"2017-04-06T08:40:35Z","Updated":"2017-04-06T08:40:35Z","IsDelete":false,"RequestChanged":false,"ExitsInGDT":false,"SourceID":0,"TinhThanhID":0,"TinhThanhTitle":"An Giang","TinhThanhTitleAscii":"/an-giang","QuanHuyenID":0,"NganhNgheTitle":"Bán buôn gạo","NganhNgheTitleAscii":"/nganh-nghe/ban-buon-gao","DSTags":["1602037496","An Giang",null]},{"Type":11,"SolrID":"/1602036767-cong-ty-tnhh-mot-thanh-vien-sat-thep-minh-huy-phu-tan","ID":0,"MaSoThue":"1602036767","NgayCap":"2017-03-29T00:00:00Z","Title":"Công Ty TNHH Một Thành Viên Sắt Thép Minh Huy Phú Tân","DiaChiCongTy":"Số 37 Phạm Văn Đồng, Ấp Trung I, Thị Trấn Phú Mỹ, Huyện Phú Tân, Tỉnh An Giang","Created":"2017-03-29T15:11:19Z","Updated":"2017-03-29T15:11:19Z","IsDelete":false,"RequestChanged":false,"ExitsInGDT":false,"SourceID":0,"TinhThanhID":0,"TinhThanhTitle":"An Giang","TinhThanhTitleAscii":"/an-giang","QuanHuyenID":0,"NganhNgheTitle":"Bán buôn kim loại và quặng kim loại","NganhNgheTitleAscii":"/nganh-nghe/ban-buon-kim-loai-va-quang-kim-loai","DSTags":["1602036767","An Giang",null]},{"Type":11,"SolrID":"/1602033614-cong-ty-tnhh-mot-thanh-vien-hung-thanh-phat-phu-tan","ID":0,"MaSoThue":"1602033614","NgayCap":"2017-02-15T00:00:00Z","Title":"Công Ty TNHH Một Thành Viên Hưng Thành Phát Phú Tân","DiaChiCongTy":"Số 111 Ấp Thượng 2, Thị Trấn Phú Mỹ, Huyện Phú Tân, Tỉnh An Giang","Created":"2017-02-15T17:07:37Z","Updated":"2017-02-15T17:07:37Z","IsDelete":false,"RequestChanged":false,"ExitsInGDT":false,"SourceID":0,"TinhThanhID":0,"TinhThanhTitle":"An Giang","TinhThanhTitleAscii":"/an-giang","QuanHuyenID":0,"NganhNgheTitle":"Xây dựng nhà các loại","NganhNgheTitleAscii":"/nganh-nghe/xay-dung-nha-cac-loai","DSTags":["1602033614","An Giang",null]},{"Type":11,"SolrID":"/1602031504-cong-ty-tnhh-mot-thanh-vien-luong-thuc-nguyen-ngoc","ID":0,"MaSoThue":"1602031504","NgayCap":"2017-01-13T00:00:00Z","Title":"Công Ty TNHH Một Thành Viên Lương Thực Nguyên Ngọc","DiaChiCongTy":"Số 108 Tôn Đức Thắng, Tổ 15, Ấp Thượng 3, Thị Trấn Phú Mỹ, Huyện Phú Tân, Tỉnh An Giang","Created":"2017-01-13T08:37:50Z","Updated":"2017-01-13T08:37:50Z","IsDelete":false,"RequestChanged":false,"ExitsInGDT":false,"SourceID":0,"TinhThanhID":0,"TinhThanhTitle":"An Giang","TinhThanhTitleAscii":"/an-giang","QuanHuyenID":0,"NganhNgheTitle":"Khai khoáng khác chưa được phân vào đâu","NganhNgheTitleAscii":"/nganh-nghe/khai-khoang-khac-chua-duoc-phan-vao-dau-10612","DSTags":["1602031504","An Giang",null]},{"Type":11,"SolrID":"/1602030885-cong-ty-tnhh-mot-thanh-vien-nguyen-duy-khang","ID":0,"MaSoThue":"1602030885","NgayCap":"2017-01-07T00:00:00Z","Title":"Công Ty TNHH Một Thành Viên Nguyễn Duy Khang","DiaChiCongTy":"141 Tôn Đức Thắng, Ấp Trung 1, Thị Trấn Phú Mỹ, Huyện Phú Tân, Tỉnh An Giang","Created":"2017-01-07T09:07:46Z","Updated":"2017-01-07T09:07:46Z","IsDelete":false,"RequestChanged":false,"ExitsInGDT":false,"SourceID":0,"TinhThanhID":0,"TinhThanhTitle":"An Giang","TinhThanhTitleAscii":"/an-giang","QuanHuyenID":0,"NganhNgheTitle":"Xây dựng công trình đường sắt và đường bộ","NganhNgheTitleAscii":"/nganh-nghe/xay-dung-cong-trinh-duong-sat-va-duong-bo","DSTags":["1602030885","An Giang",null]},{"Type":11,"SolrID":"/3700381324-252-chi-nhanh-cong-ty-co-phan-tap-doan-hoa-sen-tai-phu-my-an-giang","ID":0,"MaSoThue":"3700381324-252","NgayCap":"2016-11-22T00:00:00Z","Title":"Chi Nhánh Công Ty Cổ Phần Tập Đoàn Hoa Sen Tại Phú Mỹ - An Giang","DiaChiCongTy":"Số 123 Tôn Đức Thắng, ấp Thượng 3 - Thị trấn Phú Mỹ - Huyện Phú Tân - An Giang","Created":"2016-11-28T23:24:36Z","Updated":"2016-11-28T23:24:36Z","IsDelete":false,"RequestChanged":false,"ExitsInGDT":false,"SourceID":0,"TinhThanhID":0,"TinhThanhTitle":"An Giang","TinhThanhTitleAscii":"/an-giang","QuanHuyenID":0,"NganhNgheTitle":"Gia công cơ khí; xử lý và tráng phủ kim loại","NganhNgheTitleAscii":"/nganh-nghe/gia-cong-co-khi-xu-ly-va-trang-phu-kim-loai","DSTags":["3700381324-252","An Giang",null]},{"Type":11,"SolrID":"/1602012879-cong-ty-tnhh-mot-thanh-vien-xay-dung-bich-huyen","ID":0,"MaSoThue":"1602012879","NgayCap":"2016-06-22T00:00:00Z","Title":"Công Ty TNHH Một Thành Viên Xây Dựng Bích Huyền","DiaChiCongTy":"167, ấp Trung 3 - Thị trấn Phú Mỹ - Huyện Phú Tân - An Giang","Created":"2016-06-24T09:24:44Z","Updated":"2016-06-24T09:24:44Z","IsDelete":false,"RequestChanged":false,"ExitsInGDT":false,"SourceID":0,"TinhThanhID":0,"TinhThanhTitle":"An Giang","TinhThanhTitleAscii":"/an-giang","QuanHuyenID":0,"NganhNgheTitle":"Bán buôn vật liệu, thiết bị lắp đặt khác trong xây dựng","NganhNgheTitleAscii":"/nganh-nghe/ban-buon-vat-lieu-thiet-bi-lap-dat-khac-trong-xay-dung","DSTags":["1602012879","An Giang",null]},{"Type":11,"SolrID":"/1601840277-003-chi-nhanh-cong-ty-tnhh-mot-thanh-vien-thuong-mai-dich-vu-phan-nam-cua-hang-nong-san-an-toan-tai","ID":0,"MaSoThue":"1601840277-003","NgayCap":"2016-06-15T00:00:00Z","Title":"Chi Nhánh Công Ty TNHH Một Thành Viên Thương Mại - Dịch Vụ Phan Nam - Cửa Hàng Nông Sản An Toàn Tại","DiaChiCongTy":"Trung tâm Thương mại Phú Mỹ, đường Trần Phú - Thị trấn Phú Mỹ - Huyện Phú Tân - An Giang","Created":"2016-07-13T05:36:44Z","Updated":"2016-07-13T05:36:44Z","IsDelete":false,"RequestChanged":false,"ExitsInGDT":false,"SourceID":0,"TinhThanhID":0,"TinhThanhTitle":"An Giang","TinhThanhTitleAscii":"/an-giang","QuanHuyenID":0,"NganhNgheTitle":"Bán buôn đồ uống","NganhNgheTitleAscii":"/nganh-nghe/ban-buon-do-uong","DSTags":["1601840277-003","An Giang",null]},{"Type":11,"SolrID":"/1601997969-cong-ty-tnhh-mot-thanh-vien-bao-hiem-phu-tan","ID":0,"MaSoThue":"1601997969","NgayCap":"2016-01-11T00:00:00Z","Title":"Công Ty TNHH Một Thành Viên Bảo Hiểm Phú Tân","DiaChiCongTy":"Số 8, Tôn Đức Thắng - Thị trấn Phú Mỹ - Huyện Phú Tân - An Giang","Created":"2016-01-13T11:15:29Z","Updated":"2016-01-13T11:15:29Z","IsDelete":false,"RequestChanged":false,"ExitsInGDT":false,"SourceID":0,"TinhThanhID":0,"TinhThanhTitle":"An Giang","TinhThanhTitleAscii":"/an-giang","QuanHuyenID":0,"NganhNgheTitle":"Hoạt động của đại lý và môi giới bảo hiểm","NganhNgheTitleAscii":"/nganh-nghe/hoat-dong-cua-dai-ly-va-moi-gioi-bao-hiem","DSTags":["1601997969","An Giang",null]},{"Type":11,"SolrID":"/1601604590-008-chi-nhanh-cong-ty-tnhh-mot-thanh-vien-moi-truong-do-thi-an-giang-xi-nghiep-moi-truong-do-thi-phu-t","ID":0,"MaSoThue":"1601604590-008","NgayCap":"2015-12-28T00:00:00Z","Title":"Chi Nhánh Công Ty TNHH Một Thành Viên Môi Trường Đô Thị An Giang - Xí Nghiệp Môi Trường Đô Thị Phú T","DiaChiCongTy":"Số 109, ấp Thượng 2 - Thị trấn Phú Mỹ - Huyện Phú Tân - An Giang","Created":"2016-01-06T22:15:25Z","Updated":"2016-01-06T22:15:25Z","IsDelete":false,"RequestChanged":false,"ExitsInGDT":false,"SourceID":0,"TinhThanhID":0,"TinhThanhTitle":"An Giang","TinhThanhTitleAscii":"/an-giang","QuanHuyenID":0,"NganhNgheTitle":"Vệ sinh nhà cửa và các công trình khác","NganhNgheTitleAscii":"/nganh-nghe/ve-sinh-nha-cua-va-cac-cong-trinh-khac","DSTags":["1601604590-008","An Giang",null]},{"Type":11,"SolrID":"/1601992713-cong-ty-tnhh-mot-thanh-vien-hoa-phat-phu-tan","ID":0,"MaSoThue":"1601992713","NgayCap":"2015-12-17T00:00:00Z","Title":"Công Ty TNHH Một Thành Viên Hòa Phát Phú Tân","DiaChiCongTy":"ấp Thượng 2, - Thị trấn Phú Mỹ - Huyện Phú Tân - An Giang","Created":"2015-12-24T17:59:57Z","Updated":"2015-12-24T17:59:57Z","IsDelete":false,"RequestChanged":false,"ExitsInGDT":false,"SourceID":0,"TinhThanhID":0,"TinhThanhTitle":"An Giang","TinhThanhTitleAscii":"/an-giang","QuanHuyenID":0,"NganhNgheTitle":"Bán buôn đồ dùng khác cho gia đình","NganhNgheTitleAscii":"/nganh-nghe/ban-buon-do-dung-khac-cho-gia-dinh","DSTags":["1601992713","An Giang",null]},{"Type":11,"SolrID":"/1601991050-doanh-nghiep-tn-xang-dau-nghia-phuong","ID":0,"MaSoThue":"1601991050","NgayCap":"2015-12-10T00:00:00Z","Title":"Doanh Nghiệp TN Xăng Dầu Nghĩa Phượng","DiaChiCongTy":"Số 276, Tổ 6, ấp Cái Tắc - Thị trấn Phú Mỹ - Huyện Phú Tân - An Giang","Created":"2015-12-13T21:50:24Z","Updated":"2015-12-13T21:50:24Z","IsDelete":false,"RequestChanged":false,"ExitsInGDT":false,"SourceID":0,"TinhThanhID":0,"TinhThanhTitle":"An Giang","TinhThanhTitleAscii":"/an-giang","QuanHuyenID":0,"NganhNgheTitle":"Bán buôn nhiên liệu rắn, lỏng, khí và các sản phẩm liên quan","NganhNgheTitleAscii":"/nganh-nghe/ban-buon-nhien-lieu-ran-long-khi-va-cac-san-pham-lien-quan","DSTags":["1601991050","An Giang",null]},{"Type":11,"SolrID":"/1601986879-cong-ty-tnhh-mot-thanh-vien-xe-gan-may-phuong-ngan","ID":0,"MaSoThue":"1601986879","NgayCap":"2015-11-10T00:00:00Z","Title":"Công Ty TNHH Một Thành Viên Xe Gắn Máy Phương Ngân","DiaChiCongTy":"Số 561 - Thị trấn Phú Mỹ - Huyện Phú Tân - An Giang","Created":"2015-11-19T13:09:07Z","Updated":"2015-11-19T13:09:07Z","IsDelete":false,"RequestChanged":false,"ExitsInGDT":false,"SourceID":0,"TinhThanhID":0,"TinhThanhTitle":"An Giang","TinhThanhTitleAscii":"/an-giang","QuanHuyenID":0,"NganhNgheTitle":"Bán mô tô, xe máy","NganhNgheTitleAscii":"/nganh-nghe/ban-mo-to-xe-may","DSTags":["1601986879","An Giang",null]},{"Type":11,"SolrID":"/1601984293-cong-ty-tnhh-hoa-hoa-phat","ID":0,"MaSoThue":"1601984293","NgayCap":"2015-09-29T00:00:00Z","Title":"Công Ty TNHH Hòa Hòa Phát","DiaChiCongTy":"218, ấp Trung 3 - Thị trấn Phú Mỹ - Huyện Phú Tân - An Giang","Created":"2015-11-19T02:14:36Z","Updated":"2015-11-19T02:14:36Z","IsDelete":false,"RequestChanged":false,"ExitsInGDT":false,"SourceID":0,"TinhThanhID":0,"TinhThanhTitle":"An Giang","TinhThanhTitleAscii":"/an-giang","QuanHuyenID":0,"NganhNgheTitle":"Sản xuất máy nông nghiệp và lâm nghiệp","NganhNgheTitleAscii":"/nganh-nghe/san-xuat-may-nong-nghiep-va-lam-nghiep","DSTags":["1601984293","An Giang",null]},{"Type":11,"SolrID":"/1601981479-cong-ty-tnhh-mot-thanh-vien-thien-thien-nhi","ID":0,"MaSoThue":"1601981479","NgayCap":"2015-08-28T00:00:00Z","Title":"Công Ty TNHH Một Thành Viên Thiên Thiên Nhi","DiaChiCongTy":"Tổ 6, ấp Trung 3 - Thị trấn Phú Mỹ - Huyện Phú Tân - An Giang","Created":"2015-11-19T00:16:24Z","Updated":"2015-11-19T00:16:24Z","IsDelete":false,"RequestChanged":false,"ExitsInGDT":false,"SourceID":0,"TinhThanhID":0,"TinhThanhTitle":"An Giang","TinhThanhTitleAscii":"/an-giang","QuanHuyenID":0,"NganhNgheTitle":"Bán buôn đồ uống","NganhNgheTitleAscii":"/nganh-nghe/ban-buon-do-uong","DSTags":["1601981479","An Giang",null]},{"Type":11,"SolrID":"/1601940433-cong-ty-tnhh-mot-thanh-vien-tat-thanh-cong","ID":0,"MaSoThue":"1601940433","NgayCap":"2014-09-24T00:00:00Z","Title":"Công Ty TNHH Một Thành Viên Tất Thành Công","DiaChiCongTy":"Số 157 Hải Thượng Lãn ông, Tổ 4, ấp Thượng 2 - Thị trấn Phú Mỹ - Huyện Phú Tân - An Giang","Created":"2015-11-11T01:03:32Z","Updated":"2015-11-11T01:03:32Z","IsDelete":false,"RequestChanged":false,"ExitsInGDT":false,"SourceID":0,"TinhThanhID":0,"TinhThanhTitle":"An Giang","TinhThanhTitleAscii":"/an-giang","QuanHuyenID":0,"NganhNgheTitle":"Bán buôn chuyên doanh khác chưa được phân vào đâu","NganhNgheTitleAscii":"/nganh-nghe/ban-buon-chuyen-doanh-khac-chua-duoc-phan-vao-dau","DSTags":["1601940433","An Giang",null]},{"Type":11,"SolrID":"/3702106806-012-chi-nhanh-cong-ty-co-phan-dau-khi-dai-han-tai-an-giang","ID":0,"MaSoThue":"3702106806-012","NgayCap":"2014-09-24T00:00:00Z","Title":"Chi Nhánh Công Ty Cổ Phần Dầu Khí Đại Hàn Tại An Giang","DiaChiCongTy":"Tổ 13, ấp Trung I - Thị trấn Phú Mỹ - Huyện Phú Tân - An Giang","Created":"2015-11-18T14:57:28Z","Updated":"2015-11-18T14:57:28Z","IsDelete":false,"RequestChanged":false,"ExitsInGDT":false,"SourceID":0,"TinhThanhID":0,"TinhThanhTitle":"An Giang","TinhThanhTitleAscii":"/an-giang","QuanHuyenID":0,"NganhNgheTitle":"Bán buôn nhiên liệu rắn, lỏng, khí và các sản phẩm liên quan","NganhNgheTitleAscii":"/nganh-nghe/ban-buon-nhien-lieu-ran-long-khi-va-cac-san-pham-lien-quan","DSTags":["3702106806-012","An Giang",null]},{"Type":11,"SolrID":"/1601936571-cong-ty-tnhh-san-xuat-thuong-mai-dich-vu-toan-phu","ID":0,"MaSoThue":"1601936571","NgayCap":"2014-08-28T00:00:00Z","Title":"Công Ty TNHH Sản Xuất-Thương Mại Dịch Vụ Toàn Phú","DiaChiCongTy":"Số 81A, Tỉnh lộ 954, ấp Trung 3 - Thị trấn Phú Mỹ - Huyện Phú Tân - An Giang","Created":"2015-11-09T11:55:49Z","Updated":"2015-11-09T11:55:49Z","IsDelete":false,"RequestChanged":false,"ExitsInGDT":false,"SourceID":0,"TinhThanhID":0,"TinhThanhTitle":"An Giang","TinhThanhTitleAscii":"/an-giang","QuanHuyenID":0,"NganhNgheTitle":"Bán buôn gạo","NganhNgheTitleAscii":"/nganh-nghe/ban-buon-gao","DSTags":["1601936571","An Giang",null]},{"Type":11,"SolrID":"/1601936532-doanh-nghiep-tn-tien-phat-phu-tan","ID":0,"MaSoThue":"1601936532","NgayCap":"2014-08-28T00:00:00Z","Title":"Doanh Nghiệp TN Tiến Phát Phú Tân","DiaChiCongTy":"Số 21 Hà Huy Tập, ấp Trung 1 - Thị trấn Phú Mỹ - Huyện Phú Tân - An Giang","Created":"2015-11-09T12:00:19Z","Updated":"2015-11-09T12:00:19Z","IsDelete":false,"RequestChanged":false,"ExitsInGDT":false,"SourceID":0,"TinhThanhID":0,"TinhThanhTitle":"An Giang","TinhThanhTitleAscii":"/an-giang","QuanHuyenID":0,"NganhNgheTitle":"Hoạt động vui chơi giải trí khác chưa được phân vào đâu","NganhNgheTitleAscii":"/nganh-nghe/hoat-dong-vui-choi-giai-tri-khac-chua-duoc-phan-vao-dau","DSTags":["1601936532","An Giang",null]},{"Type":11,"SolrID":"/1601924294-cong-ty-tnhh-mot-thanh-vien-tu-van-thiet-ke-giam-sat-dien-pham-nguyen","ID":0,"MaSoThue":"1601924294","NgayCap":"2014-05-27T00:00:00Z","Title":"Công Ty TNHH Một Thành Viên Tư Vấn Thiết Kế-Giám Sát Điện Phạm Nguyễn","DiaChiCongTy":"Số 15, ấp Mỹ Lương - Thị trấn Phú Mỹ - Huyện Phú Tân - An Giang","Created":"2015-11-09T12:00:14Z","Updated":"2015-11-09T12:00:14Z","IsDelete":false,"RequestChanged":false,"ExitsInGDT":false,"SourceID":0,"TinhThanhID":0,"TinhThanhTitle":"An Giang","TinhThanhTitleAscii":"/an-giang","QuanHuyenID":0,"NganhNgheTitle":"Hoạt động kiến trúc và tư vấn kỹ thuật có liên quan","NganhNgheTitleAscii":"/nganh-nghe/hoat-dong-kien-truc-va-tu-van-ky-thuat-co-lien-quan","DSTags":["1601924294","An Giang",null]},{"Type":11,"SolrID":"/1601893991-001-chi-nhanh-doanh-nghiep-tn-tiem-vang-ngoc-loi-tai-phu-tan","ID":0,"MaSoThue":"1601893991-001","NgayCap":"2014-05-27T00:00:00Z","Title":"Chi Nhánh Doanh Nghiệp TN Tiệm Vàng Ngọc Lợi Tại Phú Tân","DiaChiCongTy":"ấp Mỹ Lương - Thị trấn Phú Mỹ - Huyện Phú Tân - An Giang","Created":"2015-11-09T23:57:28Z","Updated":"2015-11-09T23:57:28Z","IsDelete":false,"RequestChanged":false,"ExitsInGDT":false,"SourceID":0,"TinhThanhID":0,"TinhThanhTitle":"An Giang","TinhThanhTitleAscii":"/an-giang","QuanHuyenID":0,"NganhNgheTitle":"Bán buôn kim loại và quặng kim loại","NganhNgheTitleAscii":"/nganh-nghe/ban-buon-kim-loai-va-quang-kim-loai","DSTags":["1601893991-001","An Giang",null]},{"Type":11,"SolrID":"/1601920733-doanh-nghiep-tn-loc-phuc-tien","ID":0,"MaSoThue":"1601920733","NgayCap":"2014-04-29T00:00:00Z","Title":"Doanh Nghiệp TN Lộc Phúc Tiến","DiaChiCongTy":"Số 502 Chu Văn An - Thị trấn Phú Mỹ - Huyện Phú Tân - An Giang","Created":"2015-11-09T15:57:57Z","Updated":"2015-11-09T15:57:57Z","IsDelete":false,"RequestChanged":false,"ExitsInGDT":false,"SourceID":0,"TinhThanhID":0,"TinhThanhTitle":"An Giang","TinhThanhTitleAscii":"/an-giang","QuanHuyenID":0,"NganhNgheTitle":"Dịch vụ ăn uống khác","NganhNgheTitleAscii":"/nganh-nghe/dich-vu-an-uong-khac","DSTags":["1601920733","An Giang",null]},{"Type":11,"SolrID":"/1601918438-doanh-nghiep-tn-ngoc-nam-phu-tan","ID":0,"MaSoThue":"1601918438","NgayCap":"2014-04-16T00:00:00Z","Title":"Doanh Nghiệp TN Ngọc Nam Phú Tân","DiaChiCongTy":"Số 166 Hải Thượng Lãn ông, ấp Thượng 2 - Thị trấn Phú Mỹ - Huyện Phú Tân - An Giang","Created":"2015-11-09T16:08:34Z","Updated":"2015-11-09T16:08:34Z","IsDelete":false,"RequestChanged":false,"ExitsInGDT":false,"SourceID":0,"TinhThanhID":0,"TinhThanhTitle":"An Giang","TinhThanhTitleAscii":"/an-giang","QuanHuyenID":0,"NganhNgheTitle":"Bán buôn vật liệu, thiết bị lắp đặt khác trong xây dựng","NganhNgheTitleAscii":"/nganh-nghe/ban-buon-vat-lieu-thiet-bi-lap-dat-khac-trong-xay-dung","DSTags":["1601918438","An Giang",null]},{"Type":11,"SolrID":"/1601901579-001-chi-nhanh-doanh-nghiep-tn-nguyen-khoa-tinh","ID":0,"MaSoThue":"1601901579-001","NgayCap":"2014-02-25T00:00:00Z","Title":"Chi Nhánh Doanh Nghiệp TN Nguyễn Khoa Tính","DiaChiCongTy":"ấp Trung 1 - Thị trấn Phú Mỹ - Huyện Phú Tân - An Giang","Created":"2015-11-09T21:31:03Z","Updated":"2015-11-09T21:31:03Z","IsDelete":false,"RequestChanged":false,"ExitsInGDT":false,"SourceID":0,"TinhThanhID":0,"TinhThanhTitle":"An Giang","TinhThanhTitleAscii":"/an-giang","QuanHuyenID":0,"NganhNgheTitle":"Bán buôn vật liệu, thiết bị lắp đặt khác trong xây dựng","NganhNgheTitleAscii":"/nganh-nghe/ban-buon-vat-lieu-thiet-bi-lap-dat-khac-trong-xay-dung","DSTags":["1601901579-001","An Giang",null]},{"Type":11,"SolrID":"/1601908302-cong-ty-tnhh-le-hoang-thanh","ID":0,"MaSoThue":"1601908302","NgayCap":"2014-01-20T00:00:00Z","Title":"Công Ty TNHH Lê Hoàng Thanh","DiaChiCongTy":"ấp Thượng 2 - Thị trấn Phú Mỹ - Huyện Phú Tân - An Giang","Created":"2015-11-09T20:21:27Z","Updated":"2015-11-09T20:21:27Z","IsDelete":false,"RequestChanged":false,"ExitsInGDT":false,"SourceID":0,"TinhThanhID":0,"TinhThanhTitle":"An Giang","TinhThanhTitleAscii":"/an-giang","QuanHuyenID":0,"NganhNgheTitle":"Hoạt động xây dựng chuyên dụng khác","NganhNgheTitleAscii":"/nganh-nghe/hoat-dong-xay-dung-chuyen-dung-khac","DSTags":["1601908302","An Giang",null]},{"Type":11,"SolrID":"/1600383490-007-chi-nhanh-6-doanh-nghiep-tn-hiep-hung","ID":0,"MaSoThue":"1600383490-007","NgayCap":"2014-01-16T00:00:00Z","Title":"Chi Nhánh 6 - Doanh Nghiệp TN Hiệp Hưng","DiaChiCongTy":"Xà lan số AG-8947H - Thị trấn Phú Mỹ - Huyện Phú Tân - An Giang","Created":"2015-11-17T19:51:52Z","Updated":"2015-11-17T19:51:52Z","IsDelete":false,"RequestChanged":false,"ExitsInGDT":false,"SourceID":0,"TinhThanhID":0,"TinhThanhTitle":"An Giang","TinhThanhTitleAscii":"/an-giang","QuanHuyenID":0,"NganhNgheTitle":"Bán buôn nhiên liệu rắn, lỏng, khí và các sản phẩm liên quan","NganhNgheTitleAscii":"/nganh-nghe/ban-buon-nhien-lieu-ran-long-khi-va-cac-san-pham-lien-quan","DSTags":["1600383490-007","An Giang",null]},{"Type":11,"SolrID":"/1600383490-006-chi-nhanh-5-doanh-nghiep-tn-hiep-hung","ID":0,"MaSoThue":"1600383490-006","NgayCap":"2014-01-10T00:00:00Z","Title":"Chi Nhánh 5 - Doanh Nghiệp TN Hiệp Hưng","DiaChiCongTy":"Xà lan số AG-9304 H, Tổ 5, ấp Mỹ Lương - Thị trấn Phú Mỹ - Huyện Phú Tân - An Giang","Created":"2015-11-17T19:51:51Z","Updated":"2015-11-17T19:51:51Z","IsDelete":false,"RequestChanged":false,"ExitsInGDT":false,"SourceID":0,"TinhThanhID":0,"TinhThanhTitle":"An Giang","TinhThanhTitleAscii":"/an-giang","QuanHuyenID":0,"NganhNgheTitle":"Bán buôn nhiên liệu rắn, lỏng, khí và các sản phẩm liên quan","NganhNgheTitleAscii":"/nganh-nghe/ban-buon-nhien-lieu-ran-long-khi-va-cac-san-pham-lien-quan","DSTags":["1600383490-006","An Giang",null]},{"Type":11,"SolrID":"/1601897308-cong-ty-tnhh-mot-thanh-vien-le-bao-toan","ID":0,"MaSoThue":"1601897308","NgayCap":"2013-12-10T00:00:00Z","Title":"Công Ty TNHH Một Thành Viên Lê Bảo Toàn","DiaChiCongTy":"Số 276 Tôn Đức Thắng, ấp Trung 3 - Thị trấn Phú Mỹ - Huyện Phú Tân - An Giang","Created":"2015-11-09T16:00:57Z","Updated":"2015-11-09T16:00:57Z","IsDelete":false,"RequestChanged":false,"ExitsInGDT":false,"SourceID":0,"TinhThanhID":0,"TinhThanhTitle":"An Giang","TinhThanhTitleAscii":"/an-giang","QuanHuyenID":0,"NganhNgheTitle":"Bán buôn thiết bị và linh kiện điện tử, viễn thông","NganhNgheTitleAscii":"/nganh-nghe/ban-buon-thiet-bi-va-linh-kien-dien-tu-vien-thong","DSTags":["1601897308","An Giang",null]},{"Type":11,"SolrID":"/1601668185-003-doanh-nghiep-tn-1688-chi-nhanh-234","ID":0,"MaSoThue":"1601668185-003","NgayCap":"2013-12-03T00:00:00Z","Title":"Doanh Nghiệp TN 1688-Chi Nhánh 234","DiaChiCongTy":"Số 205/1 Tôn Đức Thắng - Thị trấn Phú Mỹ - Huyện Phú Tân - An Giang","Created":"2015-11-11T06:27:13Z","Updated":"2015-11-11T06:27:13Z","IsDelete":false,"RequestChanged":false,"ExitsInGDT":false,"SourceID":0,"TinhThanhID":0,"TinhThanhTitle":"An Giang","TinhThanhTitleAscii":"/an-giang","QuanHuyenID":0,"NganhNgheTitle":"Dịch vụ tắm hơi, massage và các dịch vụ tăng cường sức khoẻ tương tự (trừ hoạt động thể thao)","NganhNgheTitleAscii":"/nganh-nghe/dich-vu-tam-hoi-massage-va-cac-dich-vu-tang-cuong-suc-khoe-tuong-tu-tru-hoat-dong-the-thao","DSTags":["1601668185-003","An Giang",null]},{"Type":11,"SolrID":"/1601893991-doanh-nghiep-tn-tiem-vang-ngoc-loi","ID":0,"MaSoThue":"1601893991","NgayCap":"2013-11-13T00:00:00Z","Title":"Doanh Nghiệp TN Tiệm Vàng Ngọc Lợi","DiaChiCongTy":"Số 28 Chu Văn An, ấp Mỹ Lương - Thị trấn Phú Mỹ - Huyện Phú Tân - An Giang","Created":"2015-11-09T23:57:26Z","Updated":"2015-11-09T23:57:26Z","IsDelete":false,"RequestChanged":false,"ExitsInGDT":false,"SourceID":0,"TinhThanhID":0,"TinhThanhTitle":"An Giang","TinhThanhTitleAscii":"/an-giang","QuanHuyenID":0,"NganhNgheTitle":"Bán buôn kim loại và quặng kim loại","NganhNgheTitleAscii":"/nganh-nghe/ban-buon-kim-loai-va-quang-kim-loai","DSTags":["1601893991","An Giang",null]},{"Type":11,"SolrID":"/1601893984-doanh-nghiep-tn-tiem-vang-nguyen-thi-ngoc-giau","ID":0,"MaSoThue":"1601893984","NgayCap":"2013-11-13T00:00:00Z","Title":"Doanh Nghiệp TN Tiệm Vàng Nguyễn Thị Ngọc Giàu","DiaChiCongTy":"ấp Trung Thạnh - Thị trấn Phú Mỹ - Huyện Phú Tân - An Giang","Created":"2015-11-09T23:57:27Z","Updated":"2015-11-09T23:57:27Z","IsDelete":false,"RequestChanged":false,"ExitsInGDT":false,"SourceID":0,"TinhThanhID":0,"TinhThanhTitle":"An Giang","TinhThanhTitleAscii":"/an-giang","QuanHuyenID":0,"NganhNgheTitle":"Bán buôn kim loại và quặng kim loại","NganhNgheTitleAscii":"/nganh-nghe/ban-buon-kim-loai-va-quang-kim-loai","DSTags":["1601893984","An Giang",null]},{"Type":11,"SolrID":"/1601668185-002-chi-nhanh-doanh-nghiep-tn-1688","ID":0,"MaSoThue":"1601668185-002","NgayCap":"2013-10-29T00:00:00Z","Title":"Chi Nhánh Doanh Nghiệp TN 1688","DiaChiCongTy":"Số 205 Tôn Đức Thắng, ấp Trung 3 - Thị trấn Phú Mỹ - Huyện Phú Tân - An Giang","Created":"2015-11-11T06:27:13Z","Updated":"2015-11-11T06:27:13Z","IsDelete":false,"RequestChanged":false,"ExitsInGDT":false,"SourceID":0,"TinhThanhID":0,"TinhThanhTitle":"An Giang","TinhThanhTitleAscii":"/an-giang","QuanHuyenID":0,"NganhNgheTitle":"Dịch vụ tắm hơi, massage và các dịch vụ tăng cường sức khoẻ tương tự (trừ hoạt động thể thao)","NganhNgheTitleAscii":"/nganh-nghe/dich-vu-tam-hoi-massage-va-cac-dich-vu-tang-cuong-suc-khoe-tuong-tu-tru-hoat-dong-the-thao","DSTags":["1601668185-002","An Giang",null]},{"Type":11,"SolrID":"/1601888416-doanh-nghiep-tn-tiem-vang-kim-quang-2","ID":0,"MaSoThue":"1601888416","NgayCap":"2013-09-06T00:00:00Z","Title":"Doanh Nghiệp TN Tiệm Vàng Kim Quang 2","DiaChiCongTy":"Số 381 Chu Văn An - Thị trấn Phú Mỹ - Huyện Phú Tân - An Giang","Created":"2015-11-16T14:12:12Z","Updated":"2015-11-16T14:12:12Z","IsDelete":false,"RequestChanged":false,"ExitsInGDT":false,"SourceID":0,"TinhThanhID":0,"TinhThanhTitle":"An Giang","TinhThanhTitleAscii":"/an-giang","QuanHuyenID":0,"NganhNgheTitle":"Bán buôn kim loại và quặng kim loại","NganhNgheTitleAscii":"/nganh-nghe/ban-buon-kim-loai-va-quang-kim-loai","DSTags":["1601888416","An Giang",null]},{"Type":11,"SolrID":"/1601888374-doanh-nghiep-tn-tiem-vang-kim-quang-nga","ID":0,"MaSoThue":"1601888374","NgayCap":"2013-09-06T00:00:00Z","Title":"Doanh Nghiệp TN Tiệm Vàng Kim Quang Nga","DiaChiCongTy":"Số 31 Chu Văn An - Thị trấn Phú Mỹ - Huyện Phú Tân - An Giang","Created":"2015-11-16T14:12:15Z","Updated":"2015-11-16T14:12:15Z","IsDelete":false,"RequestChanged":false,"ExitsInGDT":false,"SourceID":0,"TinhThanhID":0,"TinhThanhTitle":"An Giang","TinhThanhTitleAscii":"/an-giang","QuanHuyenID":0,"NganhNgheTitle":"Bán buôn kim loại và quặng kim loại","NganhNgheTitleAscii":"/nganh-nghe/ban-buon-kim-loai-va-quang-kim-loai","DSTags":["1601888374","An Giang",null]},{"Type":11,"SolrID":"/1601876675-doanh-nghiep-tn-tiem-vang-liem-trang","ID":0,"MaSoThue":"1601876675","NgayCap":"2013-05-29T00:00:00Z","Title":"Doanh Nghiệp TN Tiệm Vàng Liêm Trang","DiaChiCongTy":"ấp Mỹ Lương - Thị trấn Phú Mỹ - Huyện Phú Tân - An Giang","Created":"2015-11-17T08:12:07Z","Updated":"2015-11-17T08:12:07Z","IsDelete":false,"RequestChanged":false,"ExitsInGDT":false,"SourceID":0,"TinhThanhID":0,"TinhThanhTitle":"An Giang","TinhThanhTitleAscii":"/an-giang","QuanHuyenID":0,"NganhNgheTitle":"Bán buôn kim loại và quặng kim loại","NganhNgheTitleAscii":"/nganh-nghe/ban-buon-kim-loai-va-quang-kim-loai","DSTags":["1601876675","An Giang",null]},{"Type":11,"SolrID":"/1601875569-doanh-nghiep-tn-tiem-vang-my-linh-phu-tan","ID":0,"MaSoThue":"1601875569","NgayCap":"2013-05-22T00:00:00Z","Title":"Doanh Nghiệp TN Tiệm Vàng Mỹ Linh Phú Tân","DiaChiCongTy":"Số 817 Chu Văn An, ấp Trung Thạnh - Thị trấn Phú Mỹ - Huyện Phú Tân - An Giang","Created":"2015-11-09T12:20:26Z","Updated":"2015-11-09T12:20:26Z","IsDelete":false,"RequestChanged":false,"ExitsInGDT":false,"SourceID":0,"TinhThanhID":0,"TinhThanhTitle":"An Giang","TinhThanhTitleAscii":"/an-giang","QuanHuyenID":0,"NganhNgheTitle":"Bán buôn kim loại và quặng kim loại","NganhNgheTitleAscii":"/nganh-nghe/ban-buon-kim-loai-va-quang-kim-loai","DSTags":["1601875569","An Giang",null]},{"Type":11,"SolrID":"/1601875311-doanh-nghiep-tn-tiem-vang-kim-dung-phu-tan","ID":0,"MaSoThue":"1601875311","NgayCap":"2013-05-21T00:00:00Z","Title":"Doanh Nghiệp TN Tiệm Vàng Kim Dung Phú Tân","DiaChiCongTy":"Chợ Đình, ấp Trung Thạnh - Thị trấn Phú Mỹ - Huyện Phú Tân - An Giang","Created":"2015-11-16T20:55:20Z","Updated":"2015-11-16T20:55:20Z","IsDelete":false,"RequestChanged":false,"ExitsInGDT":false,"SourceID":0,"TinhThanhID":0,"TinhThanhTitle":"An Giang","TinhThanhTitleAscii":"/an-giang","QuanHuyenID":0,"NganhNgheTitle":"Bán buôn kim loại và quặng kim loại","NganhNgheTitleAscii":"/nganh-nghe/ban-buon-kim-loai-va-quang-kim-loai","DSTags":["1601875311","An Giang",null]},{"Type":11,"SolrID":"/1601875008-doanh-nghiep-tn-thanh-quang-phu-my","ID":0,"MaSoThue":"1601875008","NgayCap":"2013-05-18T00:00:00Z","Title":"Doanh Nghiệp TN Thanh Quang Phú Mỹ","DiaChiCongTy":"Số 16 Hải Thượng Lãn ông - Thị trấn Phú Mỹ - Huyện Phú Tân - An Giang","Created":"2015-11-16T11:07:45Z","Updated":"2015-11-16T11:07:45Z","IsDelete":false,"RequestChanged":false,"ExitsInGDT":false,"SourceID":0,"TinhThanhID":0,"TinhThanhTitle":"An Giang","TinhThanhTitleAscii":"/an-giang","QuanHuyenID":0,"NganhNgheTitle":"Bán buôn kim loại và quặng kim loại","NganhNgheTitleAscii":"/nganh-nghe/ban-buon-kim-loai-va-quang-kim-loai","DSTags":["1601875008","An Giang",null]},{"Type":11,"SolrID":"/1601874967-trung-tam-giao-duc-nghe-nghiep-phu-tan","ID":0,"MaSoThue":"1601874967","NgayCap":"2013-05-17T00:00:00Z","Title":"Trung tâm Giáo dục Nghề nghiệp Phú Tân","DiaChiCongTy":"ấp Trung Thạnh - Thị trấn Phú Mỹ - Huyện Phú Tân - An Giang","Created":"2015-11-16T11:05:34Z","Updated":"2015-11-16T11:05:34Z","IsDelete":false,"RequestChanged":false,"ExitsInGDT":false,"SourceID":0,"TinhThanhID":0,"TinhThanhTitle":"An Giang","TinhThanhTitleAscii":"/an-giang","QuanHuyenID":0,"NganhNgheTitle":"Giáo dục khác","NganhNgheTitleAscii":"/nganh-nghe/giao-duc-khac","DSTags":["1601874967","An Giang",null]},{"Type":11,"SolrID":"/1601873988-cong-ty-tnhh-mot-thanh-vien-thien-nhi","ID":0,"MaSoThue":"1601873988","NgayCap":"2013-05-13T00:00:00Z","Title":"Công Ty TNHH Một Thành Viên Thiên Nhi","DiaChiCongTy":"ấp Trung I - Thị trấn Phú Mỹ - Huyện Phú Tân - An Giang","Created":"2015-11-11T22:09:47Z","Updated":"2015-11-11T22:09:47Z","IsDelete":false,"RequestChanged":false,"ExitsInGDT":false,"SourceID":0,"TinhThanhID":0,"TinhThanhTitle":"An Giang","TinhThanhTitleAscii":"/an-giang","QuanHuyenID":0,"NganhNgheTitle":"Bán buôn đồ uống","NganhNgheTitleAscii":"/nganh-nghe/ban-buon-do-uong","DSTags":["1601873988","An Giang",null]},{"Type":11,"SolrID":"/1601872906-cong-ty-tnhh-mot-thanh-vien-dang-kim-thanh","ID":0,"MaSoThue":"1601872906","NgayCap":"2013-05-06T00:00:00Z","Title":"Công Ty TNHH Một Thành Viên Đặng Kim Thành","DiaChiCongTy":"Số 13 Chu Văn An, ấp Mỹ Lương - Thị trấn Phú Mỹ - Huyện Phú Tân - An Giang","Created":"2015-11-11T22:35:45Z","Updated":"2015-11-11T22:35:45Z","IsDelete":false,"RequestChanged":false,"ExitsInGDT":false,"SourceID":0,"TinhThanhID":0,"TinhThanhTitle":"An Giang","TinhThanhTitleAscii":"/an-giang","QuanHuyenID":0,"NganhNgheTitle":"Bán buôn kim loại và quặng kim loại","NganhNgheTitleAscii":"/nganh-nghe/ban-buon-kim-loai-va-quang-kim-loai","DSTags":["1601872906","An Giang",null]},{"Type":11,"SolrID":"/1601864140-doanh-nghiep-tn-thuong-mai-dich-vu-xay-dung-nguyen-tin","ID":0,"MaSoThue":"1601864140","NgayCap":"2013-02-28T00:00:00Z","Title":"Doanh Nghiệp TN Thương Mại-Dịch Vụ-Xây Dựng Nguyễn Tín","DiaChiCongTy":"Số 59 Chu Văn An, ấp Mỹ Lương - Thị trấn Phú Mỹ - Huyện Phú Tân - An Giang","Created":"2015-11-09T18:35:24Z","Updated":"2015-11-09T18:35:24Z","IsDelete":false,"RequestChanged":false,"ExitsInGDT":false,"SourceID":0,"TinhThanhID":0,"TinhThanhTitle":"An Giang","TinhThanhTitleAscii":"/an-giang","QuanHuyenID":0,"NganhNgheTitle":"Xây dựng công trình kỹ thuật dân dụng khác","NganhNgheTitleAscii":"/nganh-nghe/xay-dung-cong-trinh-ky-thuat-dan-dung-khac","DSTags":["1601864140","An Giang",null]},{"Type":11,"SolrID":"/1600813400-004-van-phong-dai-dien-cong-ty-tnhh-du-lich-thai-han-tai-huyen-phu-tan","ID":0,"MaSoThue":"1600813400-004","NgayCap":"2013-01-08T00:00:00Z","Title":"Văn Phòng Đại Diện Công Ty TNHH Du Lịch Thái Hân Tại Huyện Phú Tân","DiaChiCongTy":"Tổ 3, ấp Trung 3 - Thị trấn Phú Mỹ - Huyện Phú Tân - An Giang","Created":"2015-11-18T12:20:50Z","Updated":"2015-11-18T12:20:50Z","IsDelete":false,"RequestChanged":false,"ExitsInGDT":false,"SourceID":0,"TinhThanhID":0,"TinhThanhTitle":"An Giang","TinhThanhTitleAscii":"/an-giang","QuanHuyenID":0,"NganhNgheTitle":"Dịch vụ lưu trú ngắn ngày","NganhNgheTitleAscii":"/nganh-nghe/dich-vu-luu-tru-ngan-ngay","DSTags":["1600813400-004","An Giang",null]},{"Type":11,"SolrID":"/1601833914-chi-cuc-thue-huyen-phu-tan","ID":0,"MaSoThue":"1601833914","NgayCap":"2012-09-10T00:00:00Z","Title":"Chi cục Thuế huyện Phú Tân","DiaChiCongTy":"ấp Trung Thạnh - Thị trấn Phú Mỹ - Huyện Phú Tân - An Giang","Created":"2015-11-18T05:44:16Z","Updated":"2015-11-18T05:44:16Z","IsDelete":false,"RequestChanged":false,"ExitsInGDT":false,"SourceID":0,"TinhThanhID":0,"TinhThanhTitle":"An Giang","TinhThanhTitleAscii":"/an-giang","QuanHuyenID":0,"NganhNgheTitle":"Hoạt động của các tổ chức khác chưa được phân vào đâu","NganhNgheTitleAscii":"/nganh-nghe/hoat-dong-cua-cac-to-chuc-khac-chua-duoc-phan-vao-dau","DSTags":["1601833914","An Giang",null]},{"Type":11,"SolrID":"/1601722298-cong-ty-tnhh-mot-thanh-vien-dang-doanh","ID":0,"MaSoThue":"1601722298","NgayCap":"2012-04-21T00:00:00Z","Title":"Công Ty TNHH Một Thành Viên Đăng Doanh","DiaChiCongTy":"Số 505 Chu Văn An - Thị trấn Phú Mỹ - Huyện Phú Tân - An Giang","Created":"2015-11-10T01:41:42Z","Updated":"2015-11-10T01:41:42Z","IsDelete":false,"RequestChanged":false,"ExitsInGDT":false,"SourceID":0,"TinhThanhID":0,"TinhThanhTitle":"An Giang","TinhThanhTitleAscii":"/an-giang","QuanHuyenID":0,"NganhNgheTitle":"Khai thác đá, cát, sỏi, đất sét","NganhNgheTitleAscii":"/nganh-nghe/khai-thac-da-cat-soi-dat-set","DSTags":["1601722298","An Giang",null]},{"Type":11,"SolrID":"/1600681232-002-chi-nhanh-doanh-nghiep-tn-tran-thanh-boi","ID":0,"MaSoThue":"1600681232-002","NgayCap":"2012-02-16T00:00:00Z","Title":"Chi Nhánh Doanh Nghiệp TN Trần Thanh Bởi","DiaChiCongTy":"ấp Trung 3 - Thị trấn Phú Mỹ - Huyện Phú Tân - An Giang","Created":"2015-11-10T01:45:07Z","Updated":"2015-11-10T01:45:07Z","IsDelete":false,"RequestChanged":false,"ExitsInGDT":false,"SourceID":0,"TinhThanhID":0,"TinhThanhTitle":"An Giang","TinhThanhTitleAscii":"/an-giang","QuanHuyenID":0,"NganhNgheTitle":"Bán buôn nhiên liệu rắn, lỏng, khí và các sản phẩm liên quan","NganhNgheTitleAscii":"/nganh-nghe/ban-buon-nhien-lieu-ran-long-khi-va-cac-san-pham-lien-quan","DSTags":["1600681232-002","An Giang",null]},{"Type":11,"SolrID":"/1600194461-046-chi-nhanh-cong-ty-cp-xuat-nhap-khau-nong-san-thuc-pham-an-giang-xuat-khau-luong-thuc-phu-tan","ID":0,"MaSoThue":"1600194461-046","NgayCap":"2011-04-21T00:00:00Z","Title":"Chi Nhánh Công Ty CP Xuất Nhập Khẩu Nông Sản Thực Phẩm An Giang - Xuất Khẩu Lương Thực Phú Tân","DiaChiCongTy":"ấp Trung Thạnh - Thị trấn Phú Mỹ - Huyện Phú Tân - An Giang","Created":"2015-11-11T01:35:29Z","Updated":"2015-11-11T01:35:29Z","IsDelete":false,"RequestChanged":false,"ExitsInGDT":false,"SourceID":0,"TinhThanhID":0,"TinhThanhTitle":"An Giang","TinhThanhTitleAscii":"/an-giang","QuanHuyenID":0,"NganhNgheTitle":"Bán buôn chuyên doanh khác chưa được phân vào đâu","NganhNgheTitleAscii":"/nganh-nghe/ban-buon-chuyen-doanh-khac-chua-duoc-phan-vao-dau","DSTags":["1600194461-046","An Giang",null]},{"Type":11,"SolrID":"/1601449070-trung-tam-phat-trien-quy-dat-huyen-phu-tan","ID":0,"MaSoThue":"1601449070","NgayCap":"2011-01-19T00:00:00Z","Title":"Trung Tâm Phát Triển Quỹ Đất Huyện Phú Tân","DiaChiCongTy":"ấp Thượng 2 - Thị trấn Phú Mỹ - Huyện Phú Tân - An Giang","Created":"2015-11-16T20:58:50Z","Updated":"2015-11-16T20:58:50Z","IsDelete":false,"RequestChanged":false,"ExitsInGDT":false,"SourceID":0,"TinhThanhID":0,"TinhThanhTitle":"An Giang","TinhThanhTitleAscii":"/an-giang","QuanHuyenID":0,"NganhNgheTitle":"Chuẩn bị mặt bằng","NganhNgheTitleAscii":"/nganh-nghe/chuan-bi-mat-bang","DSTags":["1601449070","An Giang",null]},{"Type":11,"SolrID":"/1601406415-cong-ty-tnhh-mot-thanh-vien-xay-dung-dien-tam-phat","ID":0,"MaSoThue":"1601406415","NgayCap":"2010-10-26T00:00:00Z","Title":"Công Ty TNHH Một Thành Viên Xây Dựng Điện Tâm Phát","DiaChiCongTy":"Số 15, tổ 3, ấp Mỹ Lương - Thị trấn Phú Mỹ - Huyện Phú Tân - An Giang","Created":"2015-11-09T18:07:13Z","Updated":"2015-11-09T18:07:13Z","IsDelete":false,"RequestChanged":false,"ExitsInGDT":false,"SourceID":0,"TinhThanhID":0,"TinhThanhTitle":"An Giang","TinhThanhTitleAscii":"/an-giang","QuanHuyenID":0,"NganhNgheTitle":"Bán buôn máy móc, thiết bị và phụ tùng máy khác","NganhNgheTitleAscii":"/nganh-nghe/ban-buon-may-moc-thiet-bi-va-phu-tung-may-khac","DSTags":["1601406415","An Giang",null]},{"Type":11,"SolrID":"/1601390469-cong-ty-tnhh-khi-hoa-long-minh-hanh","ID":0,"MaSoThue":"1601390469","NgayCap":"2010-08-10T00:00:00Z","Title":"Công Ty TNHH Khí Hóa Lỏng Minh Hạnh","DiaChiCongTy":"Tổ 13, ấp Trung 1 - Thị trấn Phú Mỹ - Huyện Phú Tân - An Giang","Created":"2015-11-09T04:43:26Z","Updated":"2015-11-09T04:43:26Z","IsDelete":false,"RequestChanged":false,"ExitsInGDT":false,"SourceID":0,"TinhThanhID":0,"TinhThanhTitle":"An Giang","TinhThanhTitleAscii":"/an-giang","QuanHuyenID":0,"NganhNgheTitle":"Bán lẻ hàng hóa khác mới trong các cửa hàng chuyên doanh","NganhNgheTitleAscii":"/nganh-nghe/ban-le-hang-hoa-khac-moi-trong-cac-cua-hang-chuyen-doanh","DSTags":["1601390469","An Giang",null]},{"Type":11,"SolrID":"/1601390405-cong-ty-tnhh-mot-thanh-vien-xay-dung-thuong-mai-thien-tri","ID":0,"MaSoThue":"1601390405","NgayCap":"2010-08-10T00:00:00Z","Title":"Công Ty TNHH Một Thành Viên Xây Dựng Thương Mại Thiện Trí","DiaChiCongTy":"ấp Trung 1 - Thị trấn Phú Mỹ - Huyện Phú Tân - An Giang","Created":"2015-11-09T00:38:10Z","Updated":"2015-11-09T00:38:10Z","IsDelete":false,"RequestChanged":false,"ExitsInGDT":false,"SourceID":0,"TinhThanhID":0,"TinhThanhTitle":"An Giang","TinhThanhTitleAscii":"/an-giang","QuanHuyenID":0,"NganhNgheTitle":"Chuẩn bị mặt bằng","NganhNgheTitleAscii":"/nganh-nghe/chuan-bi-mat-bang","DSTags":["1601390405","An Giang",null]},{"Type":11,"SolrID":"/1601333527-cong-ty-tnhh-duoc-pham-huu-thanh","ID":0,"MaSoThue":"1601333527","NgayCap":"2010-04-26T00:00:00Z","Title":"Công Ty TNHH Dược Phẩm Hữu Thành","DiaChiCongTy":"Trung tâm Thương mại thị trấn Phú Mỹ, đường Nguyễn Văn Cừ - Thị trấn Phú Mỹ - Huyện Phú Tân - An Giang","Created":"2015-11-11T08:34:07Z","Updated":"2015-11-11T08:34:07Z","IsDelete":false,"RequestChanged":false,"ExitsInGDT":false,"SourceID":0,"TinhThanhID":0,"TinhThanhTitle":"An Giang","TinhThanhTitleAscii":"/an-giang","QuanHuyenID":0,"NganhNgheTitle":"Bán buôn đồ dùng khác cho gia đình","NganhNgheTitleAscii":"/nganh-nghe/ban-buon-do-dung-khac-cho-gia-dinh","DSTags":["1601333527","An Giang",null]},{"Type":11,"SolrID":"/1601328929-van-phong-luat-su-quach-phong","ID":0,"MaSoThue":"1601328929","NgayCap":"2010-04-14T00:00:00Z","Title":"Văn Phòng Luật sư Quách Phong","DiaChiCongTy":"ấp Thượng 2 - Thị trấn Phú Mỹ - Huyện Phú Tân - An Giang","Created":"2015-11-17T02:11:53Z","Updated":"2015-11-17T02:11:53Z","IsDelete":false,"RequestChanged":false,"ExitsInGDT":false,"SourceID":0,"TinhThanhID":0,"TinhThanhTitle":"An Giang","TinhThanhTitleAscii":"/an-giang","QuanHuyenID":0,"NganhNgheTitle":"Hoạt động đại diện, tư vấn pháp luật","NganhNgheTitleAscii":"/nganh-nghe/hoat-dong-dai-dien-tu-van-phap-luat","DSTags":["1601328929","An Giang",null]},{"Type":11,"SolrID":"/1601294557-doanh-nghiep-tn-vinh-hung","ID":0,"MaSoThue":"1601294557","NgayCap":"2010-02-02T00:00:00Z","Title":"Doanh Nghiệp TN Vinh  Hưng","DiaChiCongTy":"ấp Mỹ Lương - Thị trấn Phú Mỹ - Huyện Phú Tân - An Giang","Created":"2015-11-16T22:03:01Z","Updated":"2015-11-16T22:03:01Z","IsDelete":false,"RequestChanged":false,"ExitsInGDT":false,"SourceID":0,"TinhThanhID":0,"TinhThanhTitle":"An Giang","TinhThanhTitleAscii":"/an-giang","QuanHuyenID":0,"NganhNgheTitle":"Bán mô tô, xe máy","NganhNgheTitleAscii":"/nganh-nghe/ban-mo-to-xe-may","DSTags":["1601294557","An Giang",null]},{"Type":11,"SolrID":"/1601287824-doanh-nghiep-tu-nhan-bao-ve-thuc-vat-thanh-hung","ID":0,"MaSoThue":"1601287824","NgayCap":"2010-01-14T00:00:00Z","Title":"Doanh Nghiệp Tư Nhân Bảo Vệ Thực Vật Thành Hưng","DiaChiCongTy":"ấp Thượng 1 - Thị trấn Phú Mỹ - Huyện Phú Tân - An Giang","Created":"2015-11-09T09:45:20Z","Updated":"2015-11-09T09:45:20Z","IsDelete":false,"RequestChanged":false,"ExitsInGDT":false,"SourceID":0,"TinhThanhID":0,"TinhThanhTitle":"An Giang","TinhThanhTitleAscii":"/an-giang","QuanHuyenID":0,"NganhNgheTitle":"Sản xuất thuốc trừ sâu và sản phẩm hoá chất khác dùng trong nông nghiệp","NganhNgheTitleAscii":"/nganh-nghe/san-xuat-thuoc-tru-sau-va-san-pham-hoa-chat-khac-dung-trong-nong-nghiep","DSTags":["1601287824","An Giang",null]},{"Type":11,"SolrID":"/1601245486-cong-ty-tnhh-dich-vu-thuong-mai-hung-phuc-thinh","ID":0,"MaSoThue":"1601245486","NgayCap":"2009-12-08T00:00:00Z","Title":"Công Ty TNHH Dịch Vụ Thương Mại Hưng Phúc Thịnh","DiaChiCongTy":"Tổ 6, ấp Mỹ Lương - Thị trấn Phú Mỹ - Huyện Phú Tân - An Giang","Created":"2015-11-10T01:44:58Z","Updated":"2015-11-10T01:44:58Z","IsDelete":false,"RequestChanged":false,"ExitsInGDT":false,"SourceID":0,"TinhThanhID":0,"TinhThanhTitle":"An Giang","TinhThanhTitleAscii":"/an-giang","QuanHuyenID":0,"NganhNgheTitle":"Bán buôn thiết bị và linh kiện điện tử, viễn thông","NganhNgheTitleAscii":"/nganh-nghe/ban-buon-thiet-bi-va-linh-kien-dien-tu-vien-thong","DSTags":["1601245486","An Giang",null]},{"Type":11,"SolrID":"/1601234075-cong-ty-tnhh-mot-thanh-vien-co-dien-lanh-trang-phat","ID":0,"MaSoThue":"1601234075","NgayCap":"2009-11-11T00:00:00Z","Title":"Công Ty TNHH Một Thành Viên Cơ Điện Lạnh Trạng Phát","DiaChiCongTy":"ấp Trung I - Thị trấn Phú Mỹ - Huyện Phú Tân - An Giang","Created":"2015-11-09T10:35:05Z","Updated":"2015-11-09T10:35:05Z","IsDelete":false,"RequestChanged":false,"ExitsInGDT":false,"SourceID":0,"TinhThanhID":0,"TinhThanhTitle":"An Giang","TinhThanhTitleAscii":"/an-giang","QuanHuyenID":0,"NganhNgheTitle":"Bán buôn đồ dùng khác cho gia đình","NganhNgheTitleAscii":"/nganh-nghe/ban-buon-do-dung-khac-cho-gia-dinh","DSTags":["1601234075","An Giang",null]},{"Type":11,"SolrID":"/1601218235-ban-quan-ly-cho-phu-tan","ID":0,"MaSoThue":"1601218235","NgayCap":"2009-09-17T00:00:00Z","Title":"Ban Quản Lý Chợ Phú Tân","DiaChiCongTy":"ấp Trung I, - Thị trấn Phú Mỹ - Huyện Phú Tân - An Giang","Created":"2015-11-16T21:56:40Z","Updated":"2015-11-16T21:56:40Z","IsDelete":false,"RequestChanged":false,"ExitsInGDT":false,"SourceID":0,"TinhThanhID":0,"TinhThanhTitle":"An Giang","TinhThanhTitleAscii":"/an-giang","QuanHuyenID":0,"NganhNgheTitle":"Hoạt động quản lý nhà nước nói chung và kinh tế tổng hợp","NganhNgheTitleAscii":"/nganh-nghe/hoat-dong-quan-ly-nha-nuoc-noi-chung-va-kinh-te-tong-hop","DSTags":["1601218235","An Giang",null]},{"Type":11,"SolrID":"/1601209992-trung-tam-boi-duong-chinh-tri","ID":0,"MaSoThue":"1601209992","NgayCap":"2009-08-26T00:00:00Z","Title":"Trung Tâm Bồi Dưỡng Chính Trị","DiaChiCongTy":"ấp Trung I, - Thị trấn Phú Mỹ - Huyện Phú Tân - An Giang","Created":"2015-11-16T22:09:58Z","Updated":"2015-11-16T22:09:58Z","IsDelete":false,"RequestChanged":false,"ExitsInGDT":false,"SourceID":0,"TinhThanhID":0,"TinhThanhTitle":"An Giang","TinhThanhTitleAscii":"/an-giang","QuanHuyenID":0,"NganhNgheTitle":"Giáo dục khác","NganhNgheTitleAscii":"/nganh-nghe/giao-duc-khac","DSTags":["1601209992","An Giang",null]},{"Type":11,"SolrID":"/1601207480-van-phong-huyen-uy-phu-tan","ID":0,"MaSoThue":"1601207480","NgayCap":"2009-08-17T00:00:00Z","Title":"Văn Phòng Huyện ủy Phú Tân","DiaChiCongTy":"ấp Trung I, - Thị trấn Phú Mỹ - Huyện Phú Tân - An Giang","Created":"2015-11-16T22:15:35Z","Updated":"2015-11-16T22:15:35Z","IsDelete":false,"RequestChanged":false,"ExitsInGDT":false,"SourceID":0,"TinhThanhID":0,"TinhThanhTitle":"An Giang","TinhThanhTitleAscii":"/an-giang","QuanHuyenID":0,"NganhNgheTitle":"Hoạt động của Đảng cộng sản, tổ chức chính trị - xã hội","NganhNgheTitleAscii":"/nganh-nghe/hoat-dong-cua-dang-cong-san-to-chuc-chinh-tri-xa-hoi","DSTags":["1601207480","An Giang",null]},{"Type":11,"SolrID":"/1601202394-trung-tam-dan-so-ke-hoach-hoa-gia-dinh","ID":0,"MaSoThue":"1601202394","NgayCap":"2009-07-30T00:00:00Z","Title":"Trung Tâm Dân số Kế hoạch hóa Gia đình","DiaChiCongTy":"ấp Thượng II, - Thị trấn Phú Mỹ - Huyện Phú Tân - An Giang","Created":"2015-11-16T23:00:08Z","Updated":"2015-11-16T23:00:08Z","IsDelete":false,"RequestChanged":false,"ExitsInGDT":false,"SourceID":0,"TinhThanhID":0,"TinhThanhTitle":"An Giang","TinhThanhTitleAscii":"/an-giang","QuanHuyenID":0,"NganhNgheTitle":"Hoạt động của Đảng cộng sản, tổ chức chính trị - xã hội, quản lý nhà nước, an ninh quốc phòng và bảo đảm xã hội bắt buộc","NganhNgheTitleAscii":"/nganh-nghe/hoat-dong-cua-dang-cong-san-to-chuc-chinh-tri-xa-hoi-quan-ly-nha-nuoc-an-ninh-quoc-phong-va-bao-dam-xa-hoi-bat-buoc","DSTags":["1601202394","An Giang",null]},{"Type":11,"SolrID":"/1601199021-truong-mam-non-phu-my","ID":0,"MaSoThue":"1601199021","NgayCap":"2009-07-26T00:00:00Z","Title":"Trường Mầm Non Phú Mỹ","DiaChiCongTy":"ấp Trung I, - Thị trấn Phú Mỹ - Huyện Phú Tân - An Giang","Created":"2015-11-16T10:28:04Z","Updated":"2015-11-16T10:28:04Z","IsDelete":false,"RequestChanged":false,"ExitsInGDT":false,"SourceID":0,"TinhThanhID":0,"TinhThanhTitle":"An Giang","TinhThanhTitleAscii":"/an-giang","QuanHuyenID":0,"NganhNgheTitle":"Giáo dục mầm non","NganhNgheTitleAscii":"/nganh-nghe/giao-duc-mam-non","DSTags":["1601199021","An Giang",null]},{"Type":11,"SolrID":"/1601198765-phong-tai-nguyen-va-moi-truong","ID":0,"MaSoThue":"1601198765","NgayCap":"2009-07-26T00:00:00Z","Title":"Phòng Tài Nguyên Và Môi Trường","DiaChiCongTy":"ấp Trung I, - Thị trấn Phú Mỹ - Huyện Phú Tân - An Giang","Created":"2015-11-16T10:28:05Z","Updated":"2015-11-16T10:28:05Z","IsDelete":false,"RequestChanged":false,"ExitsInGDT":false,"SourceID":0,"TinhThanhID":0,"TinhThanhTitle":"An Giang","TinhThanhTitleAscii":"/an-giang","QuanHuyenID":0,"NganhNgheTitle":"Hoạt động quản lý nhà nước nói chung và kinh tế tổng hợp","NganhNgheTitleAscii":"/nganh-nghe/hoat-dong-quan-ly-nha-nuoc-noi-chung-va-kinh-te-tong-hop","DSTags":["1601198765","An Giang",null]},{"Type":11,"SolrID":"/1601195210-phong-van-hoa-va-thong-tin","ID":0,"MaSoThue":"1601195210","NgayCap":"2009-07-23T00:00:00Z","Title":"Phòng Văn hóa và Thông tin","DiaChiCongTy":"ấp Trung III, - Thị trấn Phú Mỹ - Huyện Phú Tân - An Giang","Created":"2015-11-16T10:40:13Z","Updated":"2015-11-16T10:40:13Z","IsDelete":false,"RequestChanged":false,"ExitsInGDT":false,"SourceID":0,"TinhThanhID":0,"TinhThanhTitle":"An Giang","TinhThanhTitleAscii":"/an-giang","QuanHuyenID":0,"NganhNgheTitle":"Hoạt động của thư viện, lưu trữ, bảo tàng và các hoạt động văn hoá khác","NganhNgheTitleAscii":"/nganh-nghe/hoat-dong-cua-thu-vien-luu-tru-bao-tang-va-cac-hoat-dong-van-hoa-khac-910","DSTags":["1601195210","An Giang",null]},{"Type":11,"SolrID":"/1601194979-thanh-tra-huyen-phu-tan","ID":0,"MaSoThue":"1601194979","NgayCap":"2009-07-22T00:00:00Z","Title":"Thanh Tra Huyện Phú Tân","DiaChiCongTy":"ấp Trung III, - Thị trấn Phú Mỹ - Huyện Phú Tân - An Giang","Created":"2015-11-16T10:48:40Z","Updated":"2015-11-16T10:48:40Z","IsDelete":false,"RequestChanged":false,"ExitsInGDT":false,"SourceID":0,"TinhThanhID":0,"TinhThanhTitle":"An Giang","TinhThanhTitleAscii":"/an-giang","QuanHuyenID":0,"NganhNgheTitle":"Hoạt động của Đảng cộng sản, tổ chức chính trị - xã hội, hoạt động quản lý nhà nước nói chung và kinh tế tổng hợp","NganhNgheTitleAscii":"/nganh-nghe/hoat-dong-cua-dang-cong-san-to-chuc-chinh-tri-xa-hoi-hoat-dong-quan-ly-nha-nuoc-noi-chung-va-kinh-te-tong-hop","DSTags":["1601194979","An Giang",null]},{"Type":11,"SolrID":"/1601194538-huyen-doan-phu-tan","ID":0,"MaSoThue":"1601194538","NgayCap":"2009-07-22T00:00:00Z","Title":"Huyện Đoàn Phú Tân","DiaChiCongTy":"ấp Trung I, - Thị trấn Phú Mỹ - Huyện Phú Tân - An Giang","Created":"2015-11-16T10:48:48Z","Updated":"2015-11-16T10:48:48Z","IsDelete":false,"RequestChanged":false,"ExitsInGDT":false,"SourceID":0,"TinhThanhID":0,"TinhThanhTitle":"An Giang","TinhThanhTitleAscii":"/an-giang","QuanHuyenID":0,"NganhNgheTitle":"Hoạt động của công đoàn","NganhNgheTitleAscii":"/nganh-nghe/hoat-dong-cua-cong-doan","DSTags":["1601194538","An Giang",null]},{"Type":11,"SolrID":"/1601193894-van-phong-hdnd-va-ubnd-huyen-phu-tan","ID":0,"MaSoThue":"1601193894","NgayCap":"2009-07-20T00:00:00Z","Title":"Văn phòng HĐND và UBND huyện Phú Tân","DiaChiCongTy":"ấp Thượng II - Thị trấn Phú Mỹ - Huyện Phú Tân - An Giang","Created":"2015-11-16T22:36:28Z","Updated":"2015-11-16T22:36:28Z","IsDelete":false,"RequestChanged":false,"ExitsInGDT":false,"SourceID":0,"TinhThanhID":0,"TinhThanhTitle":"An Giang","TinhThanhTitleAscii":"/an-giang","QuanHuyenID":0,"NganhNgheTitle":"Hoạt động quản lý nhà nước nói chung và kinh tế tổng hợp","NganhNgheTitleAscii":"/nganh-nghe/hoat-dong-quan-ly-nha-nuoc-noi-chung-va-kinh-te-tong-hop","DSTags":["1601193894","An Giang",null]},{"Type":11,"SolrID":"/1601193573-phong-tu-phap","ID":0,"MaSoThue":"1601193573","NgayCap":"2009-07-20T00:00:00Z","Title":"Phòng Tư Pháp","DiaChiCongTy":"ấp Thượng II, - Thị trấn Phú Mỹ - Huyện Phú Tân - An Giang","Created":"2015-11-16T11:05:48Z","Updated":"2015-11-16T11:05:48Z","IsDelete":false,"RequestChanged":false,"ExitsInGDT":false,"SourceID":0,"TinhThanhID":0,"TinhThanhTitle":"An Giang","TinhThanhTitleAscii":"/an-giang","QuanHuyenID":0,"NganhNgheTitle":"Hoạt động đại diện, tư vấn pháp luật","NganhNgheTitleAscii":"/nganh-nghe/hoat-dong-dai-dien-tu-van-phap-luat","DSTags":["1601193573","An Giang",null]},{"Type":11,"SolrID":"/1601060245-cong-ty-tnhh-mot-thanh-vien-bao-ky","ID":0,"MaSoThue":"1601060245","NgayCap":"2009-03-19T00:00:00Z","Title":"Công Ty TNHH Một Thành Viên Bảo Kỳ","DiaChiCongTy":"ấp Thượng 2 - Thị trấn Phú Mỹ - Huyện Phú Tân - An Giang","Created":"2015-11-09T13:00:54Z","Updated":"2015-11-09T13:00:54Z","IsDelete":false,"RequestChanged":false,"ExitsInGDT":false,"SourceID":0,"TinhThanhID":0,"TinhThanhTitle":"An Giang","TinhThanhTitleAscii":"/an-giang","QuanHuyenID":0,"NganhNgheTitle":"Bán mô tô, xe máy","NganhNgheTitleAscii":"/nganh-nghe/ban-mo-to-xe-may","DSTags":["1601060245","An Giang",null]},{"Type":11,"SolrID":"/1601055622-bql-du-an-dau-tu-xay-dung-phu-tan","ID":0,"MaSoThue":"1601055622","NgayCap":"2009-03-12T00:00:00Z","Title":"BQL Dự án Đầu tư & xây dựng Phú Tân","DiaChiCongTy":"Thị Trấn Phú Mỹ - Thị trấn Phú Mỹ - Huyện Phú Tân - An Giang","Created":"2015-11-16T16:42:03Z","Updated":"2015-11-16T16:42:03Z","IsDelete":false,"RequestChanged":false,"ExitsInGDT":false,"SourceID":0,"TinhThanhID":0,"TinhThanhTitle":"An Giang","TinhThanhTitleAscii":"/an-giang","QuanHuyenID":0,"NganhNgheTitle":"Hoạt động quản lý nhà nước nói chung và kinh tế tổng hợp","NganhNgheTitleAscii":"/nganh-nghe/hoat-dong-quan-ly-nha-nuoc-noi-chung-va-kinh-te-tong-hop","DSTags":["1601055622","An Giang",null]},{"Type":11,"SolrID":"/1600968362-cong-ty-tnhh-mot-thanh-vien-gia-cuong","ID":0,"MaSoThue":"1600968362","NgayCap":"2008-07-11T00:00:00Z","Title":"Công Ty TNHH Một Thành Viên Gia Cường","DiaChiCongTy":"ấp Thượng 3 - Thị trấn Phú Mỹ - Huyện Phú Tân - An Giang","Created":"2015-11-11T08:43:02Z","Updated":"2015-11-11T08:43:02Z","IsDelete":false,"RequestChanged":false,"ExitsInGDT":false,"SourceID":0,"TinhThanhID":0,"TinhThanhTitle":"An Giang","TinhThanhTitleAscii":"/an-giang","QuanHuyenID":0,"NganhNgheTitle":"Bán buôn đồ uống","NganhNgheTitleAscii":"/nganh-nghe/ban-buon-do-uong","DSTags":["1600968362","An Giang",null]},{"Type":11,"SolrID":"/1600958981-phong-kinh-te-ha-tang-huyen-phu-tan","ID":0,"MaSoThue":"1600958981","NgayCap":"2008-05-02T00:00:00Z","Title":"Phòng Kinh tế - hạ tầng huyện Phú Tân","DiaChiCongTy":"ấp Trung 1 - Thị trấn Phú Mỹ - Huyện Phú Tân - An Giang","Created":"2015-11-16T18:56:55Z","Updated":"2015-11-16T18:56:55Z","IsDelete":false,"RequestChanged":false,"ExitsInGDT":false,"SourceID":0,"TinhThanhID":0,"TinhThanhTitle":"An Giang","TinhThanhTitleAscii":"/an-giang","QuanHuyenID":0,"NganhNgheTitle":"Hoạt động của Đảng cộng sản, tổ chức chính trị - xã hội, hoạt động quản lý nhà nước nói chung và kinh tế tổng hợp","NganhNgheTitleAscii":"/nganh-nghe/hoat-dong-cua-dang-cong-san-to-chuc-chinh-tri-xa-hoi-hoat-dong-quan-ly-nha-nuoc-noi-chung-va-kinh-te-tong-hop","DSTags":["1600958981","An Giang",null]},{"Type":11,"SolrID":"/1600887272-trung-tam-day-nghe-huyen-phu-tan","ID":0,"MaSoThue":"1600887272","NgayCap":"2007-04-03T00:00:00Z","Title":"Trung tâm Dạy nghề huyện Phú Tân","DiaChiCongTy":"ấp Trung Thạnh, - Thị trấn Phú Mỹ - Huyện Phú Tân - An Giang","Created":"2015-11-17T04:05:00Z","Updated":"2015-11-17T04:05:00Z","IsDelete":false,"RequestChanged":false,"ExitsInGDT":false,"SourceID":0,"TinhThanhID":0,"TinhThanhTitle":"An Giang","TinhThanhTitleAscii":"/an-giang","QuanHuyenID":0,"NganhNgheTitle":"Giáo dục nghề nghiệp","NganhNgheTitleAscii":"/nganh-nghe/giao-duc-nghe-nghiep","DSTags":["1600887272","An Giang",null]},{"Type":11,"SolrID":"/1600886254-cong-ty-tnhh-thuong-mai-dich-vu-phuoc-dai","ID":0,"MaSoThue":"1600886254","NgayCap":"2007-03-16T00:00:00Z","Title":"Công ty TNHH Thương mại - Dịch vụ Phước Đại","DiaChiCongTy":"Lô 6 đường 594, ấp Trung I, thị trấn Phú Mỹ - Huyện Phú Tân - An Giang","Created":"2015-11-13T22:42:43Z","Updated":"2015-11-13T22:42:43Z","IsDelete":false,"RequestChanged":false,"ExitsInGDT":false,"SourceID":0,"TinhThanhID":0,"TinhThanhTitle":"An Giang","TinhThanhTitleAscii":"/an-giang","QuanHuyenID":0,"NganhNgheTitle":"Xây dựng công trình kỹ thuật dân dụng","NganhNgheTitleAscii":"/nganh-nghe/xay-dung-cong-trinh-ky-thuat-dan-dung","DSTags":["1600886254","An Giang",null]},{"Type":11,"SolrID":"/1600854541-cong-ty-tnhh-mot-thanh-vien-anh-thu","ID":0,"MaSoThue":"1600854541","NgayCap":"2006-12-07T00:00:00Z","Title":"Công Ty TNHH Một Thành Viên Anh Thư","DiaChiCongTy":"Tổ 10, ấp Thượng 2 - Thị trấn Phú Mỹ - Huyện Phú Tân - An Giang","Created":"2015-11-08T23:53:05Z","Updated":"2015-11-08T23:53:05Z","IsDelete":false,"RequestChanged":false,"ExitsInGDT":false,"SourceID":0,"TinhThanhID":0,"TinhThanhTitle":"An Giang","TinhThanhTitleAscii":"/an-giang","QuanHuyenID":0,"NganhNgheTitle":"Bán mô tô, xe máy","NganhNgheTitleAscii":"/nganh-nghe/ban-mo-to-xe-may","DSTags":["1600854541","An Giang",null]},{"Type":11,"SolrID":"/1600849090-001-chi-nhanh-cong-ty-tnhh-thuong-mai-kim-minh-so-1","ID":0,"MaSoThue":"1600849090-001","NgayCap":"2006-10-03T00:00:00Z","Title":"Chi nhánh Công ty TNHH Thương mại Kim Minh số 1","DiaChiCongTy":"ấp Thượng 1, thị trấn Phú Mỹ - Huyện Phú Tân - An Giang","Created":"2015-11-19T07:28:23Z","Updated":"2015-11-19T07:28:23Z","IsDelete":false,"RequestChanged":false,"ExitsInGDT":false,"SourceID":0,"TinhThanhID":0,"TinhThanhTitle":"An Giang","TinhThanhTitleAscii":"/an-giang","QuanHuyenID":0,"NganhNgheTitle":"Bán buôn gạo, thực phẩm, đồ uống và sản phẩm thuốc lá, thuốc lào","NganhNgheTitleAscii":"/nganh-nghe/ban-buon-gao-thuc-pham-do-uong-va-san-pham-thuoc-la-thuoc-lao","DSTags":["1600849090-001","An Giang",null]},{"Type":11,"SolrID":"/1600842112-cong-ty-tnhh-trinh-phuoc-long","ID":0,"MaSoThue":"1600842112","NgayCap":"2006-06-26T00:00:00Z","Title":"Công ty TNHH Trịnh Phước Long","DiaChiCongTy":"ấp Trung I, - Thị trấn Phú Mỹ - Huyện Phú Tân - An Giang","Created":"2015-11-09T02:27:13Z","Updated":"2015-11-09T02:27:13Z","IsDelete":false,"RequestChanged":false,"ExitsInGDT":false,"SourceID":0,"TinhThanhID":0,"TinhThanhTitle":"An Giang","TinhThanhTitleAscii":"/an-giang","QuanHuyenID":0,"NganhNgheTitle":"Vận tải đường bộ khác","NganhNgheTitleAscii":"/nganh-nghe/van-tai-duong-bo-khac","DSTags":["1600842112","An Giang",null]},{"Type":11,"SolrID":"/1600839021-dntn-dong-phuoc","ID":0,"MaSoThue":"1600839021","NgayCap":"2006-05-11T00:00:00Z","Title":"DNTN Đồng Phước","DiaChiCongTy":"ấp Thượng 2, thị trấn Phú Mỹ - Huyện Phú Tân - An Giang","Created":"2015-11-09T00:26:27Z","Updated":"2015-11-09T00:26:27Z","IsDelete":false,"RequestChanged":false,"ExitsInGDT":false,"SourceID":0,"TinhThanhID":0,"TinhThanhTitle":"An Giang","TinhThanhTitleAscii":"/an-giang","QuanHuyenID":0,"NganhNgheTitle":"Xây dựng công trình kỹ thuật dân dụng","NganhNgheTitleAscii":"/nganh-nghe/xay-dung-cong-trinh-ky-thuat-dan-dung","DSTags":["1600839021","An Giang",null]},{"Type":11,"SolrID":"/1600810512-doi-giai-phong-mat-bang-phu-tan","ID":0,"MaSoThue":"1600810512","NgayCap":"2005-10-14T00:00:00Z","Title":"Đội giải phóng mặt bằng Phú Tân","DiaChiCongTy":"ấp Thượng II, - Thị trấn Phú Mỹ - Huyện Phú Tân - An Giang","Created":"2015-11-16T17:12:14Z","Updated":"2015-11-16T17:12:14Z","IsDelete":false,"RequestChanged":false,"ExitsInGDT":false,"SourceID":0,"TinhThanhID":0,"TinhThanhTitle":"An Giang","TinhThanhTitleAscii":"/an-giang","QuanHuyenID":0,"NganhNgheTitle":"Hoạt động dịch vụ phục vụ cá nhân khác còn lại chưa được phân vào đâu","NganhNgheTitleAscii":"/nganh-nghe/hoat-dong-dich-vu-phuc-vu-ca-nhan-khac-con-lai-chua-duoc-phan-vao-dau","DSTags":["1600810512","An Giang",null]},{"Type":11,"SolrID":"/1600784936-nguyen-van-thong","ID":0,"MaSoThue":"1600784936","NgayCap":"2005-06-23T00:00:00Z","Title":"Nguyễn Văn Thông","DiaChiCongTy":"ấp Thượng 2, Thị Trấn  Phú Mỹ - Huyện Phú Tân - An Giang","Created":"2015-11-16T16:54:33Z","Updated":"2015-11-16T16:54:33Z","IsDelete":false,"RequestChanged":false,"ExitsInGDT":false,"SourceID":0,"TinhThanhID":0,"TinhThanhTitle":"An Giang","TinhThanhTitleAscii":"/an-giang","QuanHuyenID":0,"NganhNgheTitle":"Quán rượu, bia, quầy bar","NganhNgheTitleAscii":"/nganh-nghe/quan-ruou-bia-quay-bar","DSTags":["1600784936","An Giang",null]},{"Type":11,"SolrID":"/1600784686-van-phong-dang-ky-quyen-su-dung-dat","ID":0,"MaSoThue":"1600784686","NgayCap":"2005-06-22T00:00:00Z","Title":"Văn phòng đăng ký quyền sử dụng đất","DiaChiCongTy":"ấp Trung I, - Thị trấn Phú Mỹ - Huyện Phú Tân - An Giang","Created":"2015-11-17T04:44:42Z","Updated":"2015-11-17T04:44:42Z","IsDelete":false,"RequestChanged":false,"ExitsInGDT":false,"SourceID":0,"TinhThanhID":0,"TinhThanhTitle":"An Giang","TinhThanhTitleAscii":"/an-giang","QuanHuyenID":0,"NganhNgheTitle":"Hoạt động dịch vụ phục vụ cá nhân khác còn lại chưa được phân vào đâu","NganhNgheTitleAscii":"/nganh-nghe/hoat-dong-dich-vu-phuc-vu-ca-nhan-khac-con-lai-chua-duoc-phan-vao-dau","DSTags":["1600784686","An Giang",null]},{"Type":11,"SolrID":"/1600192619-cong-ty-cp-tap-doan-loc-troi","ID":0,"MaSoThue":"1600192619","NgayCap":"2004-10-15T00:00:00Z","Title":"Chi Nhánh Công Ty Cổ Phần Bảo Vệ Thực Vật An Giang Tại Phú Tân","DiaChiCongTy":"Số 481, Ấp Thượng III, Thị Trấn Phú Mỹ, Huyện Phú Tân, Tỉnh An Giang","Created":"2015-11-11T14:55:59Z","Updated":"2020-03-04T11:30:47Z","IsDelete":false,"RequestChanged":false,"ExitsInGDT":false,"SourceID":0,"TinhThanhID":0,"TinhThanhTitle":"An Giang","TinhThanhTitleAscii":"/an-giang","QuanHuyenID":0,"NganhNgheTitle":"Sản xuất thuốc trừ sâu và sản phẩm hoá chất khác dùng trong nông nghiệp","NganhNgheTitleAscii":"/nganh-nghe/san-xuat-thuoc-tru-sau-va-san-pham-hoa-chat-khac-dung-trong-nong-nghiep","DSTags":["1600192619","An Giang",null]},{"Type":11,"SolrID":"/1600388883-004-chi-cuc-thue-huyen-phu-tan","ID":0,"MaSoThue":"1600388883-004","NgayCap":"2004-09-28T00:00:00Z","Title":"Chi cục Thuế huyện Phú Tân","DiaChiCongTy":"TT Phú Mỹ - Thị trấn Phú Mỹ - Huyện Phú Tân - An Giang","Created":"2015-11-17T19:51:55Z","Updated":"2015-11-17T19:51:55Z","IsDelete":false,"RequestChanged":false,"ExitsInGDT":false,"SourceID":0,"TinhThanhID":0,"TinhThanhTitle":"An Giang","TinhThanhTitleAscii":"/an-giang","QuanHuyenID":0,"NganhNgheTitle":"Hoạt động của Đảng cộng sản, tổ chức chính trị - xã hội, hoạt động quản lý nhà nước nói chung và kinh tế tổng hợp","NganhNgheTitleAscii":"/nganh-nghe/hoat-dong-cua-dang-cong-san-to-chuc-chinh-tri-xa-hoi-hoat-dong-quan-ly-nha-nuoc-noi-chung-va-kinh-te-tong-hop","DSTags":["1600388883-004","An Giang",null]},{"Type":11,"SolrID":"/1600153391-doanh-nghiep-tn-hiep-vinh","ID":0,"MaSoThue":"1600153391","NgayCap":"2004-05-18T00:00:00Z","Title":"Doanh Nghiệp TN Hiệp Vinh","DiaChiCongTy":"Số 286 Tôn Đức Thắng - Thị trấn Phú Mỹ - Huyện Phú Tân - An Giang","Created":"2015-11-09T20:23:22Z","Updated":"2015-11-09T20:23:22Z","IsDelete":false,"RequestChanged":false,"ExitsInGDT":false,"SourceID":0,"TinhThanhID":0,"TinhThanhTitle":"An Giang","TinhThanhTitleAscii":"/an-giang","QuanHuyenID":0,"NganhNgheTitle":"Bán buôn nhiên liệu rắn, lỏng, khí và các sản phẩm liên quan","NganhNgheTitleAscii":"/nganh-nghe/ban-buon-nhien-lieu-ran-long-khi-va-cac-san-pham-lien-quan","DSTags":["1600153391","An Giang",null]},{"Type":11,"SolrID":"/1600153521-doanh-nghiep-tn-thai-binh","ID":0,"MaSoThue":"1600153521","NgayCap":"2004-04-09T00:00:00Z","Title":"Doanh Nghiệp TN Thái Bình","DiaChiCongTy":"ấp Thượng 3 - Thị trấn Phú Mỹ - Huyện Phú Tân - An Giang","Created":"2015-11-08T23:46:09Z","Updated":"2015-11-08T23:46:09Z","IsDelete":false,"RequestChanged":false,"ExitsInGDT":false,"SourceID":0,"TinhThanhID":0,"TinhThanhTitle":"An Giang","TinhThanhTitleAscii":"/an-giang","QuanHuyenID":0,"NganhNgheTitle":"Sản xuất, phân phối hơi nước, nước nóng, điều hoà không khí và sản xuất nước đá","NganhNgheTitleAscii":"/nganh-nghe/san-xuat-phan-phoi-hoi-nuoc-nuoc-nong-dieu-hoa-khong-khi-va-san-xuat-nuoc-da","DSTags":["1600153521","An Giang",null]},{"Type":11,"SolrID":"/1600685188-bo-phan-tiep-nhan-va-tra-ket-qua","ID":0,"MaSoThue":"1600685188","NgayCap":"2004-03-04T00:00:00Z","Title":"Bộ Phận tiếp nhận và trả kết quả","DiaChiCongTy":"ấp Thượng I, - Thị trấn Phú Mỹ - Huyện Phú Tân - An Giang","Created":"2015-11-16T15:55:02Z","Updated":"2015-11-16T15:55:02Z","IsDelete":false,"RequestChanged":false,"ExitsInGDT":false,"SourceID":0,"TinhThanhID":0,"TinhThanhTitle":"An Giang","TinhThanhTitleAscii":"/an-giang","QuanHuyenID":0,"NganhNgheTitle":"Hoạt động của Đảng cộng sản, tổ chức chính trị - xã hội, hoạt động quản lý nhà nước nói chung và kinh tế tổng hợp","NganhNgheTitleAscii":"/nganh-nghe/hoat-dong-cua-dang-cong-san-to-chuc-chinh-tri-xa-hoi-hoat-dong-quan-ly-nha-nuoc-noi-chung-va-kinh-te-tong-hop","DSTags":["1600685188","An Giang",null]},{"Type":11,"SolrID":"/1600685170-truong-trung-hoc-pho-thong-ban-cong-tien-bo","ID":0,"MaSoThue":"1600685170","NgayCap":"2004-03-04T00:00:00Z","Title":"Trường Trung học Phổ thông Bán công Tiến Bộ","DiaChiCongTy":"ấp Thượng I, - Thị trấn Phú Mỹ - Huyện Phú Tân - An Giang","Created":"2015-11-16T15:55:03Z","Updated":"2015-11-16T15:55:03Z","IsDelete":false,"RequestChanged":false,"ExitsInGDT":false,"SourceID":0,"TinhThanhID":0,"TinhThanhTitle":"An Giang","TinhThanhTitleAscii":"/an-giang","QuanHuyenID":0,"NganhNgheTitle":"Giáo dục trung học cơ sở và trung học phổ thông","NganhNgheTitleAscii":"/nganh-nghe/giao-duc-trung-hoc-co-so-va-trung-hoc-pho-thong","DSTags":["1600685170","An Giang",null]},{"Type":11,"SolrID":"/1600678769-doanh-nghiep-tn-bui-huu-tuan","ID":0,"MaSoThue":"1600678769","NgayCap":"2004-01-16T00:00:00Z","Title":"Doanh Nghiệp TN Bùi Hữu Tuấn","DiaChiCongTy":"Xà Lan AG-09328-H, ấp Trung Thạnh - Thị trấn Phú Mỹ - Huyện Phú Tân - An Giang","Created":"2015-11-17T04:51:37Z","Updated":"2015-11-17T04:51:37Z","IsDelete":false,"RequestChanged":false,"ExitsInGDT":false,"SourceID":0,"TinhThanhID":0,"TinhThanhTitle":"An Giang","TinhThanhTitleAscii":"/an-giang","QuanHuyenID":0,"NganhNgheTitle":"Bán buôn nhiên liệu rắn, lỏng, khí và các sản phẩm liên quan","NganhNgheTitleAscii":"/nganh-nghe/ban-buon-nhien-lieu-ran-long-khi-va-cac-san-pham-lien-quan","DSTags":["1600678769","An Giang",null]},{"Type":11,"SolrID":"/1600671643-cong-ty-tnhh-mai-thao","ID":0,"MaSoThue":"1600671643","NgayCap":"2003-10-07T00:00:00Z","Title":"Công Ty TNHH Mai Thảo","DiaChiCongTy":"Số 997, ấp Trung I - Thị trấn Phú Mỹ - Huyện Phú Tân - An Giang","Created":"2015-11-10T01:41:11Z","Updated":"2015-11-10T01:41:11Z","IsDelete":false,"RequestChanged":false,"ExitsInGDT":false,"SourceID":0,"TinhThanhID":0,"TinhThanhTitle":"An Giang","TinhThanhTitleAscii":"/an-giang","QuanHuyenID":0,"NganhNgheTitle":"Vận tải hành khách đường bộ khác","NganhNgheTitleAscii":"/nganh-nghe/van-tai-hanh-khach-duong-bo-khac","DSTags":["1600671643","An Giang",null]},{"Type":11,"SolrID":"/1600556249-doanh-nghiep-tn-thanh-tong","ID":0,"MaSoThue":"1600556249","NgayCap":"2001-02-14T00:00:00Z","Title":"Doanh Nghiệp TN Thanh Tòng","DiaChiCongTy":"Số 580 Nguyễn Trung Trực, ấp Phú Hòa - Thị trấn Phú Mỹ - Huyện Phú Tân - An Giang","Created":"2015-11-09T21:43:00Z","Updated":"2015-11-09T21:43:00Z","IsDelete":false,"RequestChanged":false,"ExitsInGDT":false,"SourceID":0,"TinhThanhID":0,"TinhThanhTitle":"An Giang","TinhThanhTitleAscii":"/an-giang","QuanHuyenID":0,"NganhNgheTitle":"Vận tải hàng hóa bằng đường bộ","NganhNgheTitleAscii":"/nganh-nghe/van-tai-hang-hoa-bang-duong-bo","DSTags":["1600556249","An Giang",null]},{"Type":11,"SolrID":"/1600547163-doanh-nghiep-tn-tuong-thanh","ID":0,"MaSoThue":"1600547163","NgayCap":"2000-11-28T00:00:00Z","Title":"Doanh Nghiệp TN Tường Thành","DiaChiCongTy":"số 752 ấp Trung I - Thị trấn Phú Mỹ - Huyện Phú Tân - An Giang","Created":"2015-11-10T15:10:02Z","Updated":"2015-11-10T15:10:02Z","IsDelete":false,"RequestChanged":false,"ExitsInGDT":false,"SourceID":0,"TinhThanhID":0,"TinhThanhTitle":"An Giang","TinhThanhTitleAscii":"/an-giang","QuanHuyenID":0,"NganhNgheTitle":"Bán buôn vật liệu, thiết bị lắp đặt khác trong xây dựng","NganhNgheTitleAscii":"/nganh-nghe/ban-buon-vat-lieu-thiet-bi-lap-dat-khac-trong-xay-dung","DSTags":["1600547163","An Giang",null]},{"Type":11,"SolrID":"/1600524060-doanh-nghiep-tn-mai-dung","ID":0,"MaSoThue":"1600524060","NgayCap":"2000-09-20T00:00:00Z","Title":"Doanh Nghiệp TN Mai Dung","DiaChiCongTy":"Tổ 20, ấp Thượng 3 - Thị trấn Phú Mỹ - Huyện Phú Tân - An Giang","Created":"2015-11-11T07:30:50Z","Updated":"2015-11-11T07:30:50Z","IsDelete":false,"RequestChanged":false,"ExitsInGDT":false,"SourceID":0,"TinhThanhID":0,"TinhThanhTitle":"An Giang","TinhThanhTitleAscii":"/an-giang","QuanHuyenID":0,"NganhNgheTitle":"Khai khoáng khác chưa được phân vào đâu","NganhNgheTitleAscii":"/nganh-nghe/khai-khoang-khac-chua-duoc-phan-vao-dau-10612","DSTags":["1600524060","An Giang",null]},{"Type":11,"SolrID":"/1600449078-doanh-nghiep-tn-huynh-anh-dieu","ID":0,"MaSoThue":"1600449078","NgayCap":"1999-08-12T00:00:00Z","Title":"Doanh Nghiệp TN Huỳnh Anh Điểu","DiaChiCongTy":"Sà Lan số AG-8947-H - Thị trấn Phú Mỹ - Huyện Phú Tân - An Giang","Created":"2015-11-09T20:27:30Z","Updated":"2015-11-09T20:27:30Z","IsDelete":false,"RequestChanged":false,"ExitsInGDT":false,"SourceID":0,"TinhThanhID":0,"TinhThanhTitle":"An Giang","TinhThanhTitleAscii":"/an-giang","QuanHuyenID":0,"NganhNgheTitle":"Bán buôn nhiên liệu rắn, lỏng, khí và các sản phẩm liên quan","NganhNgheTitleAscii":"/nganh-nghe/ban-buon-nhien-lieu-ran-long-khi-va-cac-san-pham-lien-quan","DSTags":["1600449078","An Giang",null]},{"Type":11,"SolrID":"/1600389284-dntn-le-hieu-nghia","ID":0,"MaSoThue":"1600389284","NgayCap":"1999-02-23T00:00:00Z","Title":"DNTN Lê Hiếu Nghĩa","DiaChiCongTy":"733 ấp thượng I - TT Phú Mỹ - Thị trấn Phú Mỹ - Huyện Phú Tân - An Giang","Created":"2015-11-09T05:13:54Z","Updated":"2015-11-09T05:13:54Z","IsDelete":false,"RequestChanged":false,"ExitsInGDT":false,"SourceID":0,"TinhThanhID":0,"TinhThanhTitle":"An Giang","TinhThanhTitleAscii":"/an-giang","QuanHuyenID":0,"NganhNgheTitle":"Bán lẻ nhiên liệu động cơ trong các cửa hàng chuyên doanh","NganhNgheTitleAscii":"/nganh-nghe/ban-le-nhien-lieu-dong-co-trong-cac-cua-hang-chuyen-doanh","DSTags":["1600389284","An Giang",null]},{"Type":11,"SolrID":"/1600371826-trung-tam-van-hoa-huyen-phu-tan","ID":0,"MaSoThue":"1600371826","NgayCap":"1998-11-16T00:00:00Z","Title":"Trung Tâm Văn Hóa  Huyện Phú Tân","DiaChiCongTy":"ấp Thượng III, - Thị trấn Phú Mỹ - Huyện Phú Tân - An Giang","Created":"2015-11-17T02:34:14Z","Updated":"2015-11-17T02:34:14Z","IsDelete":false,"RequestChanged":false,"ExitsInGDT":false,"SourceID":0,"TinhThanhID":0,"TinhThanhTitle":"An Giang","TinhThanhTitleAscii":"/an-giang","QuanHuyenID":0,"NganhNgheTitle":"Hoạt động vui chơi giải trí khác chưa được phân vào đâu","NganhNgheTitleAscii":"/nganh-nghe/hoat-dong-vui-choi-giai-tri-khac-chua-duoc-phan-vao-dau","DSTags":["1600371826","An Giang",null]},{"Type":11,"SolrID":"/1600371833-trung-tam-giao-duc-thuong-xuyen-phu-tan","ID":0,"MaSoThue":"1600371833","NgayCap":"1998-11-16T00:00:00Z","Title":"Trung Tâm Giáo Dục Thường Xuyên Phú Tân","DiaChiCongTy":"ấp Trung III, - Thị trấn Phú Mỹ - Huyện Phú Tân - An Giang","Created":"2015-11-17T02:34:15Z","Updated":"2015-11-17T02:34:15Z","IsDelete":false,"RequestChanged":false,"ExitsInGDT":false,"SourceID":0,"TinhThanhID":0,"TinhThanhTitle":"An Giang","TinhThanhTitleAscii":"/an-giang","QuanHuyenID":0,"NganhNgheTitle":"Giáo dục nghề nghiệp","NganhNgheTitleAscii":"/nganh-nghe/giao-duc-nghe-nghiep","DSTags":["1600371833","An Giang",null]},{"Type":11,"SolrID":"/1600371897-benh-vien-da-khoa-huyen-phu-tan","ID":0,"MaSoThue":"1600371897","NgayCap":"1998-11-16T00:00:00Z","Title":"Bệnh viện Đa khoa huyện Phú Tân","DiaChiCongTy":"ấp Thượng II, - Thị trấn Phú Mỹ - Huyện Phú Tân - An Giang","Created":"2015-11-17T02:34:16Z","Updated":"2015-11-17T02:34:16Z","IsDelete":false,"RequestChanged":false,"ExitsInGDT":false,"SourceID":0,"TinhThanhID":0,"TinhThanhTitle":"An Giang","TinhThanhTitleAscii":"/an-giang","QuanHuyenID":0,"NganhNgheTitle":"Hoạt động của các bệnh viện, trạm xá","NganhNgheTitleAscii":"/nganh-nghe/hoat-dong-cua-cac-benh-vien-tram-xa","DSTags":["1600371897","An Giang",null]},{"Type":11,"SolrID":"/1600192619-007-cong-ty-co-phan-tap-doan-loc-troi-chi-nhanh-bao-ve-thuc-vat-an-giang-tai-phu-tan","ID":0,"MaSoThue":"1600192619-007","NgayCap":"1998-10-27T00:00:00Z","Title":"Công Ty Cổ Phần Tập Đoàn Lộc Trời-Chi Nhánh Bảo Vệ Thực Vật An Giang Tại Phú Tân","DiaChiCongTy":"Số 127 Chu Văn An, ấp Thượng III - Thị trấn Phú Mỹ - Huyện Phú Tân - An Giang","Created":"2015-11-17T19:46:21Z","Updated":"2015-11-17T19:46:21Z","IsDelete":false,"RequestChanged":false,"ExitsInGDT":false,"SourceID":0,"TinhThanhID":0,"TinhThanhTitle":"An Giang","TinhThanhTitleAscii":"/an-giang","QuanHuyenID":0,"NganhNgheTitle":"Bán buôn chuyên doanh khác chưa được phân vào đâu","NganhNgheTitleAscii":"/nganh-nghe/ban-buon-chuyen-doanh-khac-chua-duoc-phan-vao-dau","DSTags":["1600192619-007","An Giang",null]},{"Type":11,"SolrID":"/1600153578-doanh-nghiep-tn-thai-binh-5","ID":0,"MaSoThue":"1600153578","NgayCap":"1998-09-18T00:00:00Z","Title":"Doanh Nghiệp TN Thái Bình 5","DiaChiCongTy":"Số 274, ấp Cái Tắc - Thị trấn Phú Mỹ - Huyện Phú Tân - An Giang","Created":"2015-11-09T18:24:20Z","Updated":"2015-11-09T18:24:20Z","IsDelete":false,"RequestChanged":false,"ExitsInGDT":false,"SourceID":0,"TinhThanhID":0,"TinhThanhTitle":"An Giang","TinhThanhTitleAscii":"/an-giang","QuanHuyenID":0,"NganhNgheTitle":"Sản xuất, phân phối hơi nước, nước nóng, điều hoà không khí và sản xuất nước đá","NganhNgheTitleAscii":"/nganh-nghe/san-xuat-phan-phoi-hoi-nuoc-nuoc-nong-dieu-hoa-khong-khi-va-san-xuat-nuoc-da","DSTags":["1600153578","An Giang",null]},{"Type":11,"SolrID":"/1600153338-doanh-nghiep-tn-minh-hung","ID":0,"MaSoThue":"1600153338","NgayCap":"1998-09-18T00:00:00Z","Title":"Doanh Nghiệp TN Minh Hùng","DiaChiCongTy":"ấp Thượng II - Thị trấn Phú Mỹ - Huyện Phú Tân - An Giang","Created":"2015-11-17T00:15:26Z","Updated":"2015-11-17T00:15:26Z","IsDelete":false,"RequestChanged":false,"ExitsInGDT":false,"SourceID":0,"TinhThanhID":0,"TinhThanhTitle":"An Giang","TinhThanhTitleAscii":"/an-giang","QuanHuyenID":0,"NganhNgheTitle":"Xây dựng nhà các loại","NganhNgheTitleAscii":"/nganh-nghe/xay-dung-nha-cac-loai","DSTags":["1600153338","An Giang",null]}]}