{"ID":8195,"SolrID":"/an-giang/huyen-phu-tan/xa-hoa-lac","Title":"Xã Hoà Lạc","TinhThanhTitle":"An Giang","QuanHuyenTitle":"Huyện Phú Tân","QuanHuyenID":502,"TinhThanhID":35,"Url":"https://thongtindoanhnghiep.co/api/company?l=/an-giang/huyen-phu-tan/xa-hoa-lac","Total":22,"List":[{"Type":11,"SolrID":"/1602072412-cong-ty-tnhh-xang-dau-tien-tien-phat","ID":0,"MaSoThue":"1602072412","NgayCap":"2018-05-19T00:00:00Z","Title":"Công Ty TNHH Xăng Dầu Tiến Tiến Phát","DiaChiCongTy":"Ấp Hòa Bình 1, Xã Hoà Lạc, Huyện Phú Tân, Tỉnh An Giang","Created":"2018-05-19T11:05:38Z","Updated":"2018-05-19T11:05:38Z","IsDelete":false,"RequestChanged":false,"ExitsInGDT":false,"SourceID":0,"TinhThanhID":0,"TinhThanhTitle":"An Giang","TinhThanhTitleAscii":"/an-giang","QuanHuyenID":0,"NganhNgheTitle":"Bán buôn nhiên liệu rắn, lỏng, khí và các sản phẩm liên quan","NganhNgheTitleAscii":"/nganh-nghe/ban-buon-nhien-lieu-ran-long-khi-va-cac-san-pham-lien-quan","DSTags":["1602072412","An Giang",null]},{"Type":11,"SolrID":"/1602067229-cong-ty-tnhh-san-xuat-nuoc-da-cay-phuoc-thanh","ID":0,"MaSoThue":"1602067229","NgayCap":"2018-03-23T00:00:00Z","Title":"Công Ty TNHH Sản Xuất Nước Đá Cây Phước Thành","DiaChiCongTy":"Tổ 07, Ấp Hòa Lộc, Xã Hoà Lạc, Huyện Phú Tân, Tỉnh An Giang","Created":"2018-03-23T17:05:15Z","Updated":"2018-03-23T17:05:15Z","IsDelete":false,"RequestChanged":false,"ExitsInGDT":false,"SourceID":0,"TinhThanhID":0,"TinhThanhTitle":"An Giang","TinhThanhTitleAscii":"/an-giang","QuanHuyenID":0,"NganhNgheTitle":"Sản xuất, phân phối hơi nước, nước nóng, điều hoà không khí và sản xuất nước đá","NganhNgheTitleAscii":"/nganh-nghe/san-xuat-phan-phoi-hoi-nuoc-nuoc-nong-dieu-hoa-khong-khi-va-san-xuat-nuoc-da","DSTags":["1602067229","An Giang",null]},{"Type":11,"SolrID":"/1602065944-cong-ty-tnhh-tiem-vang-thanh-thao-hoa-binh","ID":0,"MaSoThue":"1602065944","NgayCap":"2018-03-20T00:00:00Z","Title":"Công Ty TNHH Tiệm Vàng Thanh Thảo Hòa Bình","DiaChiCongTy":"Ấp Hòa Hưng 1, Xã Hoà Lạc, Huyện Phú Tân, Tỉnh An Giang","Created":"2018-03-20T09:34:51Z","Updated":"2018-03-20T09:34:51Z","IsDelete":false,"RequestChanged":false,"ExitsInGDT":false,"SourceID":0,"TinhThanhID":0,"TinhThanhTitle":"An Giang","TinhThanhTitleAscii":"/an-giang","QuanHuyenID":0,"NganhNgheTitle":"Bán buôn kim loại và quặng kim loại","NganhNgheTitleAscii":"/nganh-nghe/ban-buon-kim-loai-va-quang-kim-loai","DSTags":["1602065944","An Giang",null]},{"Type":11,"SolrID":"/1602065334-cong-ty-tnhh-thuong-mai-tam-ngoc-hoa-lac","ID":0,"MaSoThue":"1602065334","NgayCap":"2018-03-13T00:00:00Z","Title":"Công Ty TNHH Thương Mại Tâm Ngọc Hòa Lạc","DiaChiCongTy":"Ấp Hòa Hưng 1, Xã Hoà Lạc, Huyện Phú Tân, Tỉnh An Giang","Created":"2018-03-13T10:07:44Z","Updated":"2018-03-13T10:07:44Z","IsDelete":false,"RequestChanged":false,"ExitsInGDT":false,"SourceID":0,"TinhThanhID":0,"TinhThanhTitle":"An Giang","TinhThanhTitleAscii":"/an-giang","QuanHuyenID":0,"NganhNgheTitle":"Bán buôn đồ dùng khác cho gia đình","NganhNgheTitleAscii":"/nganh-nghe/ban-buon-do-dung-khac-cho-gia-dinh","DSTags":["1602065334","An Giang",null]},{"Type":11,"SolrID":"/1602037986-cong-ty-tnhh-thanh-huy-phong","ID":0,"MaSoThue":"1602037986","NgayCap":"2017-04-13T00:00:00Z","Title":"Công Ty TNHH Thanh Huy Phong","DiaChiCongTy":"Tổ 01, Ấp Hòa Hưng 1, Xã Hoà Lạc, Huyện Phú Tân, Tỉnh An Giang","Created":"2017-04-13T11:47:33Z","Updated":"2017-04-13T11:47:33Z","IsDelete":false,"RequestChanged":false,"ExitsInGDT":false,"SourceID":0,"TinhThanhID":0,"TinhThanhTitle":"An Giang","TinhThanhTitleAscii":"/an-giang","QuanHuyenID":0,"NganhNgheTitle":"Bán buôn ô tô và xe có động cơ khác","NganhNgheTitleAscii":"/nganh-nghe/ban-buon-o-to-va-xe-co-dong-co-khac","DSTags":["1602037986","An Giang",null]},{"Type":11,"SolrID":"/1601970942-cong-ty-tnhh-vat-tu-nong-nghiep-vu-linh","ID":0,"MaSoThue":"1601970942","NgayCap":"2015-04-27T00:00:00Z","Title":"Công Ty TNHH Vật Tư Nông Nghiệp Vũ Linh","DiaChiCongTy":"ấp Hòa Hưng 1 - Xã Hoà Lạc - Huyện Phú Tân - An Giang","Created":"2015-11-17T09:45:39Z","Updated":"2015-11-17T09:45:39Z","IsDelete":false,"RequestChanged":false,"ExitsInGDT":false,"SourceID":0,"TinhThanhID":0,"TinhThanhTitle":"An Giang","TinhThanhTitleAscii":"/an-giang","QuanHuyenID":0,"NganhNgheTitle":"Bán buôn chuyên doanh khác chưa được phân vào đâu","NganhNgheTitleAscii":"/nganh-nghe/ban-buon-chuyen-doanh-khac-chua-duoc-phan-vao-dau","DSTags":["1601970942","An Giang",null]},{"Type":11,"SolrID":"/1601965702-htx-nong-nghiep-bac-hoa-binh","ID":0,"MaSoThue":"1601965702","NgayCap":"2015-03-05T00:00:00Z","Title":"HTX Nông Nghiệp Bắc Hòa Bình","DiaChiCongTy":"ấp Hòa Lộc - Xã Hoà Lạc - Huyện Phú Tân - An Giang","Created":"2015-11-17T01:47:56Z","Updated":"2015-11-17T01:47:56Z","IsDelete":false,"RequestChanged":false,"ExitsInGDT":false,"SourceID":0,"TinhThanhID":0,"TinhThanhTitle":"An Giang","TinhThanhTitleAscii":"/an-giang","QuanHuyenID":0,"NganhNgheTitle":"Hoạt động dịch vụ nông nghiệp","NganhNgheTitleAscii":"/nganh-nghe/hoat-dong-dich-vu-nong-nghiep","DSTags":["1601965702","An Giang",null]},{"Type":11,"SolrID":"/1600184590-063-chi-nhanh-cong-ty-tnhh-mot-thanh-vien-xang-dau-an-giang-cua-hang-xang-dau-hoa-lac","ID":0,"MaSoThue":"1600184590-063","NgayCap":"2013-12-10T00:00:00Z","Title":"Chi Nhánh Công Ty TNHH Một Thành Viên Xăng Dầu An Giang - Cửa Hàng Xăng Dầu Hòa Lạc","DiaChiCongTy":"ấp Hòa Hưng 1 - Xã Hoà Lạc - Huyện Phú Tân - An Giang","Created":"2015-11-17T19:46:04Z","Updated":"2015-11-17T19:46:04Z","IsDelete":false,"RequestChanged":false,"ExitsInGDT":false,"SourceID":0,"TinhThanhID":0,"TinhThanhTitle":"An Giang","TinhThanhTitleAscii":"/an-giang","QuanHuyenID":0,"NganhNgheTitle":"Bán buôn nhiên liệu rắn, lỏng, khí và các sản phẩm liên quan","NganhNgheTitleAscii":"/nganh-nghe/ban-buon-nhien-lieu-ran-long-khi-va-cac-san-pham-lien-quan","DSTags":["1600184590-063","An Giang",null]},{"Type":11,"SolrID":"/1601888511-doanh-nghiep-tn-tiem-vang-ngoc-diep","ID":0,"MaSoThue":"1601888511","NgayCap":"2013-09-10T00:00:00Z","Title":"Doanh Nghiệp TN Tiệm Vàng Ngọc Điệp","DiaChiCongTy":"Số 447, ấp Hòa Bình 3 - Xã Hoà Lạc - Huyện Phú Tân - An Giang","Created":"2015-11-16T14:14:31Z","Updated":"2015-11-16T14:14:31Z","IsDelete":false,"RequestChanged":false,"ExitsInGDT":false,"SourceID":0,"TinhThanhID":0,"TinhThanhTitle":"An Giang","TinhThanhTitleAscii":"/an-giang","QuanHuyenID":0,"NganhNgheTitle":"Bán buôn kim loại và quặng kim loại","NganhNgheTitleAscii":"/nganh-nghe/ban-buon-kim-loai-va-quang-kim-loai","DSTags":["1601888511","An Giang",null]},{"Type":11,"SolrID":"/1601888342-doanh-nghiep-tn-tiem-vang-hai-quan","ID":0,"MaSoThue":"1601888342","NgayCap":"2013-09-06T00:00:00Z","Title":"Doanh Nghiệp TN Tiệm Vàng Hải Quân","DiaChiCongTy":"Số 333, ấp Hòa Hưng I - Xã Hoà Lạc - Huyện Phú Tân - An Giang","Created":"2015-11-16T14:12:16Z","Updated":"2015-11-16T14:12:16Z","IsDelete":false,"RequestChanged":false,"ExitsInGDT":false,"SourceID":0,"TinhThanhID":0,"TinhThanhTitle":"An Giang","TinhThanhTitleAscii":"/an-giang","QuanHuyenID":0,"NganhNgheTitle":"Bán buôn kim loại và quặng kim loại","NganhNgheTitleAscii":"/nganh-nghe/ban-buon-kim-loai-va-quang-kim-loai","DSTags":["1601888342","An Giang",null]},{"Type":11,"SolrID":"/1601872279-cong-ty-tnhh-mot-thanh-vien-tu-van-moi-truong-tran-nguyen","ID":0,"MaSoThue":"1601872279","NgayCap":"2013-04-25T00:00:00Z","Title":"Công Ty TNHH Một Thành Viên Tư Vấn Môi Trường Trấn Nguyên","DiaChiCongTy":"Số 776, ấp Hoà Bình III - Xã Hoà Lạc - Huyện Phú Tân - An Giang","Created":"2015-11-11T22:38:54Z","Updated":"2015-11-11T22:38:54Z","IsDelete":false,"RequestChanged":false,"ExitsInGDT":false,"SourceID":0,"TinhThanhID":0,"TinhThanhTitle":"An Giang","TinhThanhTitleAscii":"/an-giang","QuanHuyenID":0,"NganhNgheTitle":"Hoạt động dịch vụ hỗ trợ kinh doanh khác còn lại chưa được phân vào đâu","NganhNgheTitleAscii":"/nganh-nghe/hoat-dong-dich-vu-ho-tro-kinh-doanh-khac-con-lai-chua-duoc-phan-vao-dau","DSTags":["1601872279","An Giang",null]},{"Type":11,"SolrID":"/1601837122-doanh-nghiep-tn-vang-khang-ngoc","ID":0,"MaSoThue":"1601837122","NgayCap":"2012-10-08T00:00:00Z","Title":"Doanh Nghiệp TN Vàng Khang Ngọc","DiaChiCongTy":"ấp Hòa Bình III - Xã Hoà Lạc - Huyện Phú Tân - An Giang","Created":"2015-11-17T07:42:05Z","Updated":"2015-11-17T07:42:05Z","IsDelete":false,"RequestChanged":false,"ExitsInGDT":false,"SourceID":0,"TinhThanhID":0,"TinhThanhTitle":"An Giang","TinhThanhTitleAscii":"/an-giang","QuanHuyenID":0,"NganhNgheTitle":"Bán buôn kim loại và quặng kim loại","NganhNgheTitleAscii":"/nganh-nghe/ban-buon-kim-loai-va-quang-kim-loai","DSTags":["1601837122","An Giang",null]},{"Type":11,"SolrID":"/1601835541-doanh-nghiep-tn-phu-tho-thuy","ID":0,"MaSoThue":"1601835541","NgayCap":"2012-09-24T00:00:00Z","Title":"Doanh Nghiệp TN Phú Thọ Thủy","DiaChiCongTy":"ấp Hòa Bình 3 - Xã Hoà Lạc - Huyện Phú Tân - An Giang","Created":"2015-11-16T23:44:10Z","Updated":"2015-11-16T23:44:10Z","IsDelete":false,"RequestChanged":false,"ExitsInGDT":false,"SourceID":0,"TinhThanhID":0,"TinhThanhTitle":"An Giang","TinhThanhTitleAscii":"/an-giang","QuanHuyenID":0,"NganhNgheTitle":"Bán buôn kim loại và quặng kim loại","NganhNgheTitleAscii":"/nganh-nghe/ban-buon-kim-loai-va-quang-kim-loai","DSTags":["1601835541","An Giang",null]},{"Type":11,"SolrID":"/1600179664-003-chi-nhanh-doanh-nghiep-tu-nhan-bich-thuy-bich-thuy-2","ID":0,"MaSoThue":"1600179664-003","NgayCap":"2011-07-05T00:00:00Z","Title":"Chi Nhánh Doanh Nghiệp Tư Nhân Bích Thủy - Bích Thủy 2","DiaChiCongTy":"Xà lan AG-10810-H, ấp Hòa Bình 2 - Xã Hoà Lạc - Huyện Phú Tân - An Giang","Created":"2015-11-17T19:45:53Z","Updated":"2015-11-17T19:45:53Z","IsDelete":false,"RequestChanged":false,"ExitsInGDT":false,"SourceID":0,"TinhThanhID":0,"TinhThanhTitle":"An Giang","TinhThanhTitleAscii":"/an-giang","QuanHuyenID":0,"NganhNgheTitle":"Bán buôn nhiên liệu rắn, lỏng, khí và các sản phẩm liên quan","NganhNgheTitleAscii":"/nganh-nghe/ban-buon-nhien-lieu-ran-long-khi-va-cac-san-pham-lien-quan","DSTags":["1600179664-003","An Giang",null]},{"Type":11,"SolrID":"/1601199751-truong-tieu-hoc-d-hoa-lac","ID":0,"MaSoThue":"1601199751","NgayCap":"2009-07-27T00:00:00Z","Title":"Trường Tiêu Học D Hòa Lạc","DiaChiCongTy":"ấp Hòa Bình I, - Xã Hoà Lạc - Huyện Phú Tân - An Giang","Created":"2015-11-16T10:25:54Z","Updated":"2015-11-16T10:25:54Z","IsDelete":false,"RequestChanged":false,"ExitsInGDT":false,"SourceID":0,"TinhThanhID":0,"TinhThanhTitle":"An Giang","TinhThanhTitleAscii":"/an-giang","QuanHuyenID":0,"NganhNgheTitle":"Giáo dục tiểu học","NganhNgheTitleAscii":"/nganh-nghe/giao-duc-tieu-hoc","DSTags":["1601199751","An Giang",null]},{"Type":11,"SolrID":"/1601193238-truong-tieu-hoc-c-hoa-lac","ID":0,"MaSoThue":"1601193238","NgayCap":"2009-07-20T00:00:00Z","Title":"Trường Tiểu học C Hòa Lạc","DiaChiCongTy":"ấp Hòa An, - Xã Hoà Lạc - Huyện Phú Tân - An Giang","Created":"2015-11-16T11:05:50Z","Updated":"2015-11-16T11:05:50Z","IsDelete":false,"RequestChanged":false,"ExitsInGDT":false,"SourceID":0,"TinhThanhID":0,"TinhThanhTitle":"An Giang","TinhThanhTitleAscii":"/an-giang","QuanHuyenID":0,"NganhNgheTitle":"Giáo dục tiểu học","NganhNgheTitleAscii":"/nganh-nghe/giao-duc-tieu-hoc","DSTags":["1601193238","An Giang",null]},{"Type":11,"SolrID":"/1601184096-truong-mau-giao-hoa-lac","ID":0,"MaSoThue":"1601184096","NgayCap":"2009-06-30T00:00:00Z","Title":"Trường Mẫu Giáo Hòa Lạc","DiaChiCongTy":"ấp Hòa Bình II, - Xã Hoà Lạc - Huyện Phú Tân - An Giang","Created":"2015-11-16T12:34:02Z","Updated":"2015-11-16T12:34:02Z","IsDelete":false,"RequestChanged":false,"ExitsInGDT":false,"SourceID":0,"TinhThanhID":0,"TinhThanhTitle":"An Giang","TinhThanhTitleAscii":"/an-giang","QuanHuyenID":0,"NganhNgheTitle":"Giáo dục mầm non","NganhNgheTitleAscii":"/nganh-nghe/giao-duc-mam-non","DSTags":["1601184096","An Giang",null]},{"Type":11,"SolrID":"/1600844952-doanh-nghiep-tn-xang-dau-chi-hieu","ID":0,"MaSoThue":"1600844952","NgayCap":"2006-07-14T00:00:00Z","Title":"Doanh Nghiệp TN Xăng Dầu Chí Hiếu","DiaChiCongTy":"Tổ 15, ấp Hòa Bình 3 - Xã Hoà Lạc - Huyện Phú Tân - An Giang","Created":"2015-11-11T08:21:43Z","Updated":"2015-11-11T08:21:43Z","IsDelete":false,"RequestChanged":false,"ExitsInGDT":false,"SourceID":0,"TinhThanhID":0,"TinhThanhTitle":"An Giang","TinhThanhTitleAscii":"/an-giang","QuanHuyenID":0,"NganhNgheTitle":"Bán buôn nhiên liệu rắn, lỏng, khí và các sản phẩm liên quan","NganhNgheTitleAscii":"/nganh-nghe/ban-buon-nhien-lieu-ran-long-khi-va-cac-san-pham-lien-quan","DSTags":["1600844952","An Giang",null]},{"Type":11,"SolrID":"/1600831985-cong-ty-tnhh-thuong-mai-xay-dung-thuan-cuong","ID":0,"MaSoThue":"1600831985","NgayCap":"2006-03-17T00:00:00Z","Title":"Công ty TNHH Thương mại - Xây dựng Thuận Cường","DiaChiCongTy":"ấp Hoà An, xã Hoà Lạc - Huyện Phú Tân - An Giang","Created":"2015-11-14T05:04:18Z","Updated":"2015-11-14T05:04:18Z","IsDelete":false,"RequestChanged":false,"ExitsInGDT":false,"SourceID":0,"TinhThanhID":0,"TinhThanhTitle":"An Giang","TinhThanhTitleAscii":"/an-giang","QuanHuyenID":0,"NganhNgheTitle":"Xây dựng công trình kỹ thuật dân dụng","NganhNgheTitleAscii":"/nganh-nghe/xay-dung-cong-trinh-ky-thuat-dan-dung","DSTags":["1600831985","An Giang",null]},{"Type":11,"SolrID":"/1600681088-truong-pho-thong-trung-hoc-hoa-lac","ID":0,"MaSoThue":"1600681088","NgayCap":"2004-02-11T00:00:00Z","Title":"Trường Phổ Thông Trung Học Hoà Lạc","DiaChiCongTy":"ấp Hoà Bình, - Xã Hoà Lạc - Huyện Phú Tân - An Giang","Created":"2015-11-16T15:42:45Z","Updated":"2015-11-16T15:42:45Z","IsDelete":false,"RequestChanged":false,"ExitsInGDT":false,"SourceID":0,"TinhThanhID":0,"TinhThanhTitle":"An Giang","TinhThanhTitleAscii":"/an-giang","QuanHuyenID":0,"NganhNgheTitle":"Giáo dục trung học cơ sở và trung học phổ thông","NganhNgheTitleAscii":"/nganh-nghe/giao-duc-trung-hoc-co-so-va-trung-hoc-pho-thong","DSTags":["1600681088","An Giang",null]},{"Type":11,"SolrID":"/1600230737-014-xi-nghiep-che-bien-luong-thuc-iii","ID":0,"MaSoThue":"1600230737-014","NgayCap":"1999-02-24T00:00:00Z","Title":"Xí Nghiệp Chế Biến                           Lương Thực III","DiaChiCongTy":"ấp Hoà Bình xã Hoà Lạc - Huyện Phú Tân - An Giang","Created":"2015-11-18T15:08:05Z","Updated":"2015-11-18T15:08:05Z","IsDelete":false,"RequestChanged":false,"ExitsInGDT":false,"SourceID":0,"TinhThanhID":0,"TinhThanhTitle":"An Giang","TinhThanhTitleAscii":"/an-giang","QuanHuyenID":0,"NganhNgheTitle":"Bán buôn gạo, thực phẩm, đồ uống và sản phẩm thuốc lá, thuốc lào","NganhNgheTitleAscii":"/nganh-nghe/ban-buon-gao-thuc-pham-do-uong-va-san-pham-thuoc-la-thuoc-lao","DSTags":["1600230737-014","An Giang",null]},{"Type":11,"SolrID":"/1600344117-doanh-nghiep-tn-nguyen-van-tung","ID":0,"MaSoThue":"1600344117","NgayCap":"1998-10-24T00:00:00Z","Title":"Doanh Nghiệp TN Nguyễn Văn Tùng","DiaChiCongTy":"Tổ 23, ấp Hòa Bình 3 - Xã Hoà Lạc - Huyện Phú Tân - An Giang","Created":"2015-11-09T01:07:14Z","Updated":"2015-11-09T01:07:14Z","IsDelete":false,"RequestChanged":false,"ExitsInGDT":false,"SourceID":0,"TinhThanhID":0,"TinhThanhTitle":"An Giang","TinhThanhTitleAscii":"/an-giang","QuanHuyenID":0,"NganhNgheTitle":"Bán buôn nhiên liệu rắn, lỏng, khí và các sản phẩm liên quan","NganhNgheTitleAscii":"/nganh-nghe/ban-buon-nhien-lieu-ran-long-khi-va-cac-san-pham-lien-quan","DSTags":["1600344117","An Giang",null]}]}