{"ID":15279,"SolrID":"/an-giang/huyen-phu-tan/xa-hung-phu","Title":"Xã Hưng Phú","TinhThanhTitle":"An Giang","QuanHuyenTitle":"Huyện Phú Tân","QuanHuyenID":502,"TinhThanhID":35,"Url":"https://thongtindoanhnghiep.co/api/company?l=/an-giang/huyen-phu-tan/xa-hung-phu","Total":1,"List":[{"Type":11,"SolrID":"/1600903083-cong-ty-tnhh-dang-ngoc","ID":0,"MaSoThue":"1600903083","NgayCap":"2007-08-31T00:00:00Z","Title":"Công ty TNHH Đặng Ngọc","DiaChiCongTy":"Số 186, Tổ 7, ấp Hưng Thới 2, xã Hưng Phú - Huyện Phú Tân - An Giang","Created":"2015-11-14T05:07:05Z","Updated":"2015-11-14T05:07:05Z","IsDelete":false,"RequestChanged":false,"ExitsInGDT":false,"SourceID":0,"TinhThanhID":0,"TinhThanhTitle":"An Giang","TinhThanhTitleAscii":"/an-giang","QuanHuyenID":0,"NganhNgheTitle":"Bán buôn gạo, thực phẩm, đồ uống và sản phẩm thuốc lá, thuốc lào","NganhNgheTitleAscii":"/nganh-nghe/ban-buon-gao-thuc-pham-do-uong-va-san-pham-thuoc-la-thuoc-lao","DSTags":["1600903083","An Giang",null]}]}