{"ID":13038,"SolrID":"/an-giang/huyen-phu-tan/xa-hiep-xuong","Title":"Xã Hiệp Xương","TinhThanhTitle":"An Giang","QuanHuyenTitle":"Huyện Phú Tân","QuanHuyenID":502,"TinhThanhID":35,"Url":"https://thongtindoanhnghiep.co/api/company?l=/an-giang/huyen-phu-tan/xa-hiep-xuong","Total":8,"List":[{"Type":11,"SolrID":"/1602149464-cong-ty-tnhh-mtv-thuong-mai-nong-san-mai-ngoc-linh","ID":0,"MaSoThue":"1602149464","NgayCap":"2021-07-03T00:00:00Z","Title":"Công Ty TNHH Mtv Thương Mại Nông Sản Mai Ngọc Linh","DiaChiCongTy":"Số 207, Tổ 5, Ấp Hiệp Thuận, Xã Hiệp Xương, Huyện Phú Tân, Tỉnh An Giang","Created":"2021-07-03T17:35:42Z","Updated":"2021-07-03T17:35:42Z","IsDelete":false,"RequestChanged":false,"ExitsInGDT":false,"SourceID":0,"TinhThanhID":0,"TinhThanhTitle":"An Giang","TinhThanhTitleAscii":"/an-giang","QuanHuyenID":0,"NganhNgheTitle":"Bán buôn nông, lâm sản nguyên liệu (trừ gỗ, tre, nứa) và động vật sống","NganhNgheTitleAscii":"/nganh-nghe/ban-buon-nong-lam-san-nguyen-lieu-tru-go-tre-nua-va-dong-vat-song","DSTags":["1602149464","An Giang",null]},{"Type":11,"SolrID":"/1602145759-cong-ty-tnhh-tu-van-xay-dung-nhk","ID":0,"MaSoThue":"1602145759","NgayCap":"2021-04-13T00:00:00Z","Title":"Công Ty TNHH Tư Vấn Xây Dựng Nhk","DiaChiCongTy":"Tổ 7, Ấp Hiệp Thuận, Xã Hiệp Xương, Huyện Phú Tân, Tỉnh An Giang","Created":"2021-04-13T15:39:13Z","Updated":"2021-04-13T15:39:13Z","IsDelete":false,"RequestChanged":false,"ExitsInGDT":false,"SourceID":0,"TinhThanhID":0,"TinhThanhTitle":"An Giang","TinhThanhTitleAscii":"/an-giang","QuanHuyenID":0,"NganhNgheTitle":"Hoạt động kiến trúc và tư vấn kỹ thuật có liên quan","NganhNgheTitleAscii":"/nganh-nghe/hoat-dong-kien-truc-va-tu-van-ky-thuat-co-lien-quan","DSTags":["1602145759","An Giang",null]},{"Type":11,"SolrID":"/1601889120-cong-ty-tnhh-mot-thanh-vien-hau-phat","ID":0,"MaSoThue":"1601889120","NgayCap":"2013-09-18T00:00:00Z","Title":"Công Ty TNHH Một Thành Viên Hậu Phát","DiaChiCongTy":"Số 495, Tổ 10, ấp Hiệp Hòa - Xã Hiệp Xương - Huyện Phú Tân - An Giang","Created":"2015-11-09T12:20:24Z","Updated":"2015-11-09T12:20:24Z","IsDelete":false,"RequestChanged":false,"ExitsInGDT":false,"SourceID":0,"TinhThanhID":0,"TinhThanhTitle":"An Giang","TinhThanhTitleAscii":"/an-giang","QuanHuyenID":0,"NganhNgheTitle":"Bán buôn nhiên liệu rắn, lỏng, khí và các sản phẩm liên quan","NganhNgheTitleAscii":"/nganh-nghe/ban-buon-nhien-lieu-ran-long-khi-va-cac-san-pham-lien-quan","DSTags":["1601889120","An Giang",null]},{"Type":11,"SolrID":"/1601205726-truong-tieu-hoc-c-hiep-xuong","ID":0,"MaSoThue":"1601205726","NgayCap":"2009-08-07T00:00:00Z","Title":"Trường Tiểu Học C Hiệp Xương","DiaChiCongTy":"xã Hiệp Xương - Huyện Phú Tân - An Giang","Created":"2015-11-16T09:53:53Z","Updated":"2015-11-16T09:53:53Z","IsDelete":false,"RequestChanged":false,"ExitsInGDT":false,"SourceID":0,"TinhThanhID":0,"TinhThanhTitle":"An Giang","TinhThanhTitleAscii":"/an-giang","QuanHuyenID":0,"NganhNgheTitle":"Giáo dục tiểu học","NganhNgheTitleAscii":"/nganh-nghe/giao-duc-tieu-hoc","DSTags":["1601205726","An Giang",null]},{"Type":11,"SolrID":"/1600839173-htx-nong-nghiep-hoa-thanh","ID":0,"MaSoThue":"1600839173","NgayCap":"2006-05-12T00:00:00Z","Title":"HTX Nông nghiệp Hòa Thạnh","DiaChiCongTy":"Tổ 3, ấp Hiệp Hòa, - Xã Hiệp Xương - Huyện Phú Tân - An Giang","Created":"2015-11-16T17:32:24Z","Updated":"2015-11-16T17:32:24Z","IsDelete":false,"RequestChanged":false,"ExitsInGDT":false,"SourceID":0,"TinhThanhID":0,"TinhThanhTitle":"An Giang","TinhThanhTitleAscii":"/an-giang","QuanHuyenID":0,"NganhNgheTitle":"Hoạt động dịch vụ nông nghiệp","NganhNgheTitleAscii":"/nganh-nghe/hoat-dong-dich-vu-nong-nghiep","DSTags":["1600839173","An Giang",null]},{"Type":11,"SolrID":"/1600829640-cong-ty-tnhh-thanh-son","ID":0,"MaSoThue":"1600829640","NgayCap":"2006-03-01T00:00:00Z","Title":"Công Ty TNHH Thành Sơn","DiaChiCongTy":"Số 744, ấp Hiệp Hòa - Xã Hiệp Xương - Huyện Phú Tân - An Giang","Created":"2015-11-09T20:24:02Z","Updated":"2015-11-09T20:24:02Z","IsDelete":false,"RequestChanged":false,"ExitsInGDT":false,"SourceID":0,"TinhThanhID":0,"TinhThanhTitle":"An Giang","TinhThanhTitleAscii":"/an-giang","QuanHuyenID":0,"NganhNgheTitle":"Xây dựng nhà các loại","NganhNgheTitleAscii":"/nganh-nghe/xay-dung-nha-cac-loai","DSTags":["1600829640","An Giang",null]},{"Type":11,"SolrID":"/1600613426-doanh-nghiep-tn-vo-van-bang","ID":0,"MaSoThue":"1600613426","NgayCap":"2005-09-23T00:00:00Z","Title":"Doanh Nghiệp TN Võ Văn Bằng","DiaChiCongTy":"Tổ 6, ấp Hiệp Thạnh - Xã Hiệp Xương - Huyện Phú Tân - An Giang","Created":"2015-11-11T07:58:56Z","Updated":"2015-11-11T07:58:56Z","IsDelete":false,"RequestChanged":false,"ExitsInGDT":false,"SourceID":0,"TinhThanhID":0,"TinhThanhTitle":"An Giang","TinhThanhTitleAscii":"/an-giang","QuanHuyenID":0,"NganhNgheTitle":"Bán buôn nhiên liệu rắn, lỏng, khí và các sản phẩm liên quan","NganhNgheTitleAscii":"/nganh-nghe/ban-buon-nhien-lieu-ran-long-khi-va-cac-san-pham-lien-quan","DSTags":["1600613426","An Giang",null]},{"Type":11,"SolrID":"/1600340391-doanh-nghiep-tn-kim-hong-i","ID":0,"MaSoThue":"1600340391","NgayCap":"2004-09-23T00:00:00Z","Title":"Doanh Nghiệp TN Kim Hồng I","DiaChiCongTy":"ấp Hiệp Trung - Xã Hiệp Xương - Huyện Phú Tân - An Giang","Created":"2015-11-11T09:58:59Z","Updated":"2015-11-11T09:58:59Z","IsDelete":false,"RequestChanged":false,"ExitsInGDT":false,"SourceID":0,"TinhThanhID":0,"TinhThanhTitle":"An Giang","TinhThanhTitleAscii":"/an-giang","QuanHuyenID":0,"NganhNgheTitle":"Bán buôn nhiên liệu rắn, lỏng, khí và các sản phẩm liên quan","NganhNgheTitleAscii":"/nganh-nghe/ban-buon-nhien-lieu-ran-long-khi-va-cac-san-pham-lien-quan","DSTags":["1600340391","An Giang",null]}]}