{"ID":11985,"SolrID":"/an-giang/huyen-phu-tan/xa-phu-binh","Title":"Xã Phú Bình","TinhThanhTitle":"An Giang","QuanHuyenTitle":"Huyện Phú Tân","QuanHuyenID":502,"TinhThanhID":35,"Url":"https://thongtindoanhnghiep.co/api/company?l=/an-giang/huyen-phu-tan/xa-phu-binh","Total":23,"List":[{"Type":11,"SolrID":"/1602075773-cong-ty-tnhh-mot-thanh-vien-tu-dung","ID":0,"MaSoThue":"1602075773","NgayCap":"2018-07-03T00:00:00Z","Title":"Công Ty TNHH Một Thành Viên Tư Đúng","DiaChiCongTy":"Số nhà 27, Tổ 13, Ấp Bình Phú 1, Xã Phú Bình, Huyện Phú Tân, Tỉnh An Giang","Created":"2018-07-03T16:42:33Z","Updated":"2018-07-03T16:42:33Z","IsDelete":false,"RequestChanged":false,"ExitsInGDT":false,"SourceID":0,"TinhThanhID":0,"TinhThanhTitle":"An Giang","TinhThanhTitleAscii":"/an-giang","QuanHuyenID":0,"NganhNgheTitle":"Khai thác, xử lý và cung cấp nước","NganhNgheTitleAscii":"/nganh-nghe/khai-thac-xu-ly-va-cung-cap-nuoc","DSTags":["1602075773","An Giang",null]},{"Type":11,"SolrID":"/1602073582-cong-ty-tnhh-mot-thanh-vien-xang-dau-that-nhung","ID":0,"MaSoThue":"1602073582","NgayCap":"2018-06-05T00:00:00Z","Title":"Công Ty TNHH Một Thành Viên Xăng Dầu Thật Nhung","DiaChiCongTy":"Xà Lan HGi-5768-H, Ấp Bình Thành, Xã Phú Bình, Huyện Phú Tân, Tỉnh An Giang","Created":"2018-06-05T09:35:02Z","Updated":"2018-06-05T09:35:02Z","IsDelete":false,"RequestChanged":false,"ExitsInGDT":false,"SourceID":0,"TinhThanhID":0,"TinhThanhTitle":"An Giang","TinhThanhTitleAscii":"/an-giang","QuanHuyenID":0,"NganhNgheTitle":"Bán buôn nhiên liệu rắn, lỏng, khí và các sản phẩm liên quan","NganhNgheTitleAscii":"/nganh-nghe/ban-buon-nhien-lieu-ran-long-khi-va-cac-san-pham-lien-quan","DSTags":["1602073582","An Giang",null]},{"Type":11,"SolrID":"/1602055600-cong-ty-tnhh-mot-thanh-vien-minh-quang-phu-tan","ID":0,"MaSoThue":"1602055600","NgayCap":"2017-11-23T00:00:00Z","Title":"Công Ty TNHH Một Thành Viên Minh Quang Phú Tân","DiaChiCongTy":"CT-07514, Ấp Bình Phú II, Xã Phú Bình, Huyện Phú Tân, Tỉnh An Giang","Created":"2017-11-23T07:38:28Z","Updated":"2017-11-23T07:38:28Z","IsDelete":false,"RequestChanged":false,"ExitsInGDT":false,"SourceID":0,"TinhThanhID":0,"TinhThanhTitle":"An Giang","TinhThanhTitleAscii":"/an-giang","QuanHuyenID":0,"NganhNgheTitle":"Bán buôn nhiên liệu rắn, lỏng, khí và các sản phẩm liên quan","NganhNgheTitleAscii":"/nganh-nghe/ban-buon-nhien-lieu-ran-long-khi-va-cac-san-pham-lien-quan","DSTags":["1602055600","An Giang",null]},{"Type":11,"SolrID":"/1602055336-cong-ty-tnhh-mot-thanh-vien-tu-van-va-dau-tu-xay-dung-tam-phat","ID":0,"MaSoThue":"1602055336","NgayCap":"2017-11-21T00:00:00Z","Title":"Công Ty TNHH Một Thành Viên Tư Vấn Và Đầu Tư Xây Dựng Tam Phát","DiaChiCongTy":"Ấp Bình Phú 2, Xã Phú Bình, Huyện Phú Tân, Tỉnh An Giang","Created":"2017-11-21T07:35:33Z","Updated":"2017-11-21T07:35:33Z","IsDelete":false,"RequestChanged":false,"ExitsInGDT":false,"SourceID":0,"TinhThanhID":0,"TinhThanhTitle":"An Giang","TinhThanhTitleAscii":"/an-giang","QuanHuyenID":0,"NganhNgheTitle":"Xây dựng nhà các loại","NganhNgheTitleAscii":"/nganh-nghe/xay-dung-nha-cac-loai","DSTags":["1602055336","An Giang",null]},{"Type":11,"SolrID":"/1602045095-cong-ty-tnhh-mot-thanh-vien-choi-minh-phuong-phu-tan","ID":0,"MaSoThue":"1602045095","NgayCap":"2017-07-10T00:00:00Z","Title":"Công Ty TNHH Một Thành Viên Chổi Minh Phương Phú Tân","DiaChiCongTy":"Số 268, Tổ 8, Ấp Bình Thành, Xã Phú Bình, Huyện Phú Tân, Tỉnh An Giang","Created":"2017-08-01T14:32:40Z","Updated":"2017-08-01T14:32:40Z","IsDelete":false,"RequestChanged":false,"ExitsInGDT":false,"SourceID":0,"TinhThanhID":0,"TinhThanhTitle":"An Giang","TinhThanhTitleAscii":"/an-giang","QuanHuyenID":0,"NganhNgheTitle":"Bán buôn chuyên doanh khác chưa được phân vào đâu","NganhNgheTitleAscii":"/nganh-nghe/ban-buon-chuyen-doanh-khac-chua-duoc-phan-vao-dau","DSTags":["1602045095","An Giang",null]},{"Type":11,"SolrID":"/1602003708-003-chi-nhanh-1-doanh-nghiep-tn-le-hoa-khanh","ID":0,"MaSoThue":"1602003708-003","NgayCap":"2016-06-06T00:00:00Z","Title":"Chi Nhánh 1 - Doanh Nghiệp TN Lê Hòa Khánh","DiaChiCongTy":"Tổ 12, ấp Bình Phú 1 - Xã Phú Bình - Huyện Phú Tân - An Giang","Created":"2016-06-13T12:28:34Z","Updated":"2016-06-13T12:28:34Z","IsDelete":false,"RequestChanged":false,"ExitsInGDT":false,"SourceID":0,"TinhThanhID":0,"TinhThanhTitle":"An Giang","TinhThanhTitleAscii":"/an-giang","QuanHuyenID":0,"NganhNgheTitle":"Hoạt động vui chơi giải trí khác chưa được phân vào đâu","NganhNgheTitleAscii":"/nganh-nghe/hoat-dong-vui-choi-giai-tri-khac-chua-duoc-phan-vao-dau","DSTags":["1602003708-003","An Giang",null]},{"Type":11,"SolrID":"/1602003708-002-doanh-nghiep-tn-le-hoa-khanh-chi-nhanh-phu-tan","ID":0,"MaSoThue":"1602003708-002","NgayCap":"2016-05-30T00:00:00Z","Title":"Doanh Nghiệp TN Lê Hòa Khánh - Chi Nhánh Phú Tân","DiaChiCongTy":"Tổ 3, ấp Bình Phú 1 - Xã Phú Bình - Huyện Phú Tân - An Giang","Created":"2016-07-19T18:33:43Z","Updated":"2016-07-19T18:33:43Z","IsDelete":false,"RequestChanged":false,"ExitsInGDT":false,"SourceID":0,"TinhThanhID":0,"TinhThanhTitle":"An Giang","TinhThanhTitleAscii":"/an-giang","QuanHuyenID":0,"NganhNgheTitle":"Hoạt động vui chơi giải trí khác chưa được phân vào đâu","NganhNgheTitleAscii":"/nganh-nghe/hoat-dong-vui-choi-giai-tri-khac-chua-duoc-phan-vao-dau","DSTags":["1602003708-002","An Giang",null]},{"Type":11,"SolrID":"/1801328203-002-chi-nahnh-doanh-nghiep-tu-nhan-xang-dau-an-van-cua-hang-an-van-3","ID":0,"MaSoThue":"1801328203-002","NgayCap":"2016-04-12T00:00:00Z","Title":"Chi Náhnh Doanh Nghiệp Tư Nhân Xăng Dầu ân Vân - Cửa Hàng ân Vân 3","DiaChiCongTy":"Xà lan AG-9329-H, ấp Bình Thành - Xã Phú Bình - Huyện Phú Tân - An Giang","Created":"2016-04-14T12:39:47Z","Updated":"2016-04-14T12:39:47Z","IsDelete":false,"RequestChanged":false,"ExitsInGDT":false,"SourceID":0,"TinhThanhID":0,"TinhThanhTitle":"An Giang","TinhThanhTitleAscii":"/an-giang","QuanHuyenID":0,"NganhNgheTitle":"Bán buôn nhiên liệu rắn, lỏng, khí và các sản phẩm liên quan","NganhNgheTitleAscii":"/nganh-nghe/ban-buon-nhien-lieu-ran-long-khi-va-cac-san-pham-lien-quan","DSTags":["1801328203-002","An Giang",null]},{"Type":11,"SolrID":"/1601966590-htx-nong-nghiep-nam-phu-binh","ID":0,"MaSoThue":"1601966590","NgayCap":"2015-03-13T00:00:00Z","Title":"HTX Nông Nghiệp Nam Phú Bình","DiaChiCongTy":"ấp Bình Phú 2 - Xã Phú Bình - Huyện Phú Tân - An Giang","Created":"2015-11-17T03:16:16Z","Updated":"2015-11-17T03:16:16Z","IsDelete":false,"RequestChanged":false,"ExitsInGDT":false,"SourceID":0,"TinhThanhID":0,"TinhThanhTitle":"An Giang","TinhThanhTitleAscii":"/an-giang","QuanHuyenID":0,"NganhNgheTitle":"Hoạt động dịch vụ nông nghiệp","NganhNgheTitleAscii":"/nganh-nghe/hoat-dong-dich-vu-nong-nghiep","DSTags":["1601966590","An Giang",null]},{"Type":11,"SolrID":"/1601911802-cong-ty-tnhh-mot-thanh-vien-phu-ky-hung","ID":0,"MaSoThue":"1601911802","NgayCap":"2014-02-21T00:00:00Z","Title":"Công Ty TNHH Một Thành Viên Phú Kỳ Hưng","DiaChiCongTy":"Tổ 11, ấp Bình Phú 1 - Xã Phú Bình - Huyện Phú Tân - An Giang","Created":"2015-11-09T21:11:33Z","Updated":"2015-11-09T21:11:33Z","IsDelete":false,"RequestChanged":false,"ExitsInGDT":false,"SourceID":0,"TinhThanhID":0,"TinhThanhTitle":"An Giang","TinhThanhTitleAscii":"/an-giang","QuanHuyenID":0,"NganhNgheTitle":"Sản xuất, phân phối hơi nước, nước nóng, điều hoà không khí và sản xuất nước đá","NganhNgheTitleAscii":"/nganh-nghe/san-xuat-phan-phoi-hoi-nuoc-nuoc-nong-dieu-hoa-khong-khi-va-san-xuat-nuoc-da","DSTags":["1601911802","An Giang",null]},{"Type":11,"SolrID":"/1601910478-doanh-nghiep-tn-tiem-vang-xuan-dieu","ID":0,"MaSoThue":"1601910478","NgayCap":"2014-02-18T00:00:00Z","Title":"Doanh Nghiệp TN Tiệm Vàng Xuân Diệu","DiaChiCongTy":"ấp Bình Phú 2 - Xã Phú Bình - Huyện Phú Tân - An Giang","Created":"2015-11-09T18:07:31Z","Updated":"2015-11-09T18:07:31Z","IsDelete":false,"RequestChanged":false,"ExitsInGDT":false,"SourceID":0,"TinhThanhID":0,"TinhThanhTitle":"An Giang","TinhThanhTitleAscii":"/an-giang","QuanHuyenID":0,"NganhNgheTitle":"Bán buôn kim loại và quặng kim loại","NganhNgheTitleAscii":"/nganh-nghe/ban-buon-kim-loai-va-quang-kim-loai","DSTags":["1601910478","An Giang",null]},{"Type":11,"SolrID":"/1601734222-doanh-nghiep-tn-thao-thuan","ID":0,"MaSoThue":"1601734222","NgayCap":"2012-05-07T00:00:00Z","Title":"Doanh Nghiệp TN Thảo Thuận","DiaChiCongTy":"ấp Bình Phú 1 - Xã Phú Bình - Huyện Phú Tân - An Giang","Created":"2015-11-10T01:39:46Z","Updated":"2015-11-10T01:39:46Z","IsDelete":false,"RequestChanged":false,"ExitsInGDT":false,"SourceID":0,"TinhThanhID":0,"TinhThanhTitle":"An Giang","TinhThanhTitleAscii":"/an-giang","QuanHuyenID":0,"NganhNgheTitle":"Bán buôn nhiên liệu rắn, lỏng, khí và các sản phẩm liên quan","NganhNgheTitleAscii":"/nganh-nghe/ban-buon-nhien-lieu-ran-long-khi-va-cac-san-pham-lien-quan","DSTags":["1601734222","An Giang",null]},{"Type":11,"SolrID":"/1601645942-doanh-nghiep-tn-xang-dau-vo-minh-quang","ID":0,"MaSoThue":"1601645942","NgayCap":"2012-01-16T00:00:00Z","Title":"Doanh Nghiệp TN Xăng Dầu Võ Minh Quang","DiaChiCongTy":"ấp Bình Phú II - Xã Phú Bình - Huyện Phú Tân - An Giang","Created":"2015-11-10T01:39:38Z","Updated":"2015-11-10T01:39:38Z","IsDelete":false,"RequestChanged":false,"ExitsInGDT":false,"SourceID":0,"TinhThanhID":0,"TinhThanhTitle":"An Giang","TinhThanhTitleAscii":"/an-giang","QuanHuyenID":0,"NganhNgheTitle":"Bán buôn nhiên liệu rắn, lỏng, khí và các sản phẩm liên quan","NganhNgheTitleAscii":"/nganh-nghe/ban-buon-nhien-lieu-ran-long-khi-va-cac-san-pham-lien-quan","DSTags":["1601645942","An Giang",null]},{"Type":11,"SolrID":"/1601623032-cong-ty-tnhh-thuong-mai-dich-vu-va-xay-dung-nkt","ID":0,"MaSoThue":"1601623032","NgayCap":"2011-12-22T00:00:00Z","Title":"Công Ty TNHH Thương Mại Dịch Vụ Và Xây Dựng Nkt","DiaChiCongTy":"Số 1440, ấp Bình Phú I - Xã Phú Bình - Huyện Phú Tân - An Giang","Created":"2015-11-10T01:44:08Z","Updated":"2015-11-10T01:44:08Z","IsDelete":false,"RequestChanged":false,"ExitsInGDT":false,"SourceID":0,"TinhThanhID":0,"TinhThanhTitle":"An Giang","TinhThanhTitleAscii":"/an-giang","QuanHuyenID":0,"NganhNgheTitle":"Hoạt động kiến trúc và tư vấn kỹ thuật có liên quan","NganhNgheTitleAscii":"/nganh-nghe/hoat-dong-kien-truc-va-tu-van-ky-thuat-co-lien-quan","DSTags":["1601623032","An Giang",null]},{"Type":11,"SolrID":"/1601283717-dntn-truong-phat","ID":0,"MaSoThue":"1601283717","NgayCap":"2010-01-12T00:00:00Z","Title":"DNTN Trương Phát","DiaChiCongTy":"ấp Bình Phú I - Xã Phú Bình - Huyện Phú Tân - An Giang","Created":"2015-11-16T22:10:27Z","Updated":"2015-11-16T22:10:27Z","IsDelete":false,"RequestChanged":false,"ExitsInGDT":false,"SourceID":0,"TinhThanhID":0,"TinhThanhTitle":"An Giang","TinhThanhTitleAscii":"/an-giang","QuanHuyenID":0,"NganhNgheTitle":"Khai khoáng khác chưa được phân vào đâu","NganhNgheTitleAscii":"/nganh-nghe/khai-khoang-khac-chua-duoc-phan-vao-dau-10612","DSTags":["1601283717","An Giang",null]},{"Type":11,"SolrID":"/1601234759-dntn-tan-phuoc-hau","ID":0,"MaSoThue":"1601234759","NgayCap":"2009-12-16T00:00:00Z","Title":"DNTN  Tân Phước Hậu","DiaChiCongTy":"Tổ 17 ấp Bình Tây - Xã Phú Bình - Huyện Phú Tân - An Giang","Created":"2015-11-11T10:53:18Z","Updated":"2015-11-11T10:53:18Z","IsDelete":false,"RequestChanged":false,"ExitsInGDT":false,"SourceID":0,"TinhThanhID":0,"TinhThanhTitle":"An Giang","TinhThanhTitleAscii":"/an-giang","QuanHuyenID":0,"NganhNgheTitle":"Xây dựng công trình kỹ thuật dân dụng","NganhNgheTitleAscii":"/nganh-nghe/xay-dung-cong-trinh-ky-thuat-dan-dung","DSTags":["1601234759","An Giang",null]},{"Type":11,"SolrID":"/1601225289-doanh-nghiep-tn-phuong-hang","ID":0,"MaSoThue":"1601225289","NgayCap":"2009-10-14T00:00:00Z","Title":"Doanh Nghiệp TN Phương Hằng","DiaChiCongTy":"ấp Bình Tây 1 - Xã Phú Bình - Huyện Phú Tân - An Giang","Created":"2015-11-09T01:20:58Z","Updated":"2015-11-09T01:20:58Z","IsDelete":false,"RequestChanged":false,"ExitsInGDT":false,"SourceID":0,"TinhThanhID":0,"TinhThanhTitle":"An Giang","TinhThanhTitleAscii":"/an-giang","QuanHuyenID":0,"NganhNgheTitle":"Bán buôn nhiên liệu rắn, lỏng, khí và các sản phẩm liên quan","NganhNgheTitleAscii":"/nganh-nghe/ban-buon-nhien-lieu-ran-long-khi-va-cac-san-pham-lien-quan","DSTags":["1601225289","An Giang",null]},{"Type":11,"SolrID":"/8022918863-dntn-trung-quyet","ID":0,"MaSoThue":"8022918863","NgayCap":"2009-09-24T00:00:00Z","Title":"DNTN Trung Quyết","DiaChiCongTy":"380 ấp Bình Phú 2, xã Phú Bình - Huyện Phú Tân - An Giang","Created":"2015-11-09T02:35:15Z","Updated":"2015-11-09T02:35:15Z","IsDelete":false,"RequestChanged":false,"ExitsInGDT":false,"SourceID":0,"TinhThanhID":0,"TinhThanhTitle":"An Giang","TinhThanhTitleAscii":"/an-giang","QuanHuyenID":0,"NganhNgheTitle":"Bán buôn (trừ ô tô, mô tô, xe máy và xe có động cơ khác)","NganhNgheTitleAscii":"/nganh-nghe/ban-buon-tru-o-to-mo-to-xe-may-va-xe-co-dong-co-khac","DSTags":["8022918863","An Giang",null]},{"Type":11,"SolrID":"/1601194584-truong-tieu-hoc-c-phu-binh","ID":0,"MaSoThue":"1601194584","NgayCap":"2009-07-22T00:00:00Z","Title":"Trường Tiểu học C Phú Bình","DiaChiCongTy":"ấp Bình Thành, - Xã Phú Bình - Huyện Phú Tân - An Giang","Created":"2015-11-16T10:48:51Z","Updated":"2015-11-16T10:48:51Z","IsDelete":false,"RequestChanged":false,"ExitsInGDT":false,"SourceID":0,"TinhThanhID":0,"TinhThanhTitle":"An Giang","TinhThanhTitleAscii":"/an-giang","QuanHuyenID":0,"NganhNgheTitle":"Giáo dục tiểu học","NganhNgheTitleAscii":"/nganh-nghe/giao-duc-tieu-hoc","DSTags":["1601194584","An Giang",null]},{"Type":11,"SolrID":"/1601041556-cty-tnhh-tm-dv-bang-huu","ID":0,"MaSoThue":"1601041556","NgayCap":"2009-02-19T00:00:00Z","Title":"Cty TNHH TM & DV Bằng Hữu","DiaChiCongTy":"Tổ 10, ấp Bình Tây A, xã Phú Bình - Huyện Phú Tân - An Giang","Created":"2015-11-14T05:13:55Z","Updated":"2015-11-14T05:13:55Z","IsDelete":false,"RequestChanged":false,"ExitsInGDT":false,"SourceID":0,"TinhThanhID":0,"TinhThanhTitle":"An Giang","TinhThanhTitleAscii":"/an-giang","QuanHuyenID":0,"NganhNgheTitle":"Xây dựng công trình kỹ thuật dân dụng","NganhNgheTitleAscii":"/nganh-nghe/xay-dung-cong-trinh-ky-thuat-dan-dung","DSTags":["1601041556","An Giang",null]},{"Type":11,"SolrID":"/1600848019-001-chi-nhanh-dntn-xang-dau-phung-gia-2","ID":0,"MaSoThue":"1600848019-001","NgayCap":"2008-06-25T00:00:00Z","Title":"Chi nhánh DNTN Xăng dầu Phùng Gia 2","DiaChiCongTy":"ấp Bình Phú II, xã Phú Bình - Huyện Phú Tân - An Giang","Created":"2015-11-11T05:43:50Z","Updated":"2015-11-11T05:43:50Z","IsDelete":false,"RequestChanged":false,"ExitsInGDT":false,"SourceID":0,"TinhThanhID":0,"TinhThanhTitle":"An Giang","TinhThanhTitleAscii":"/an-giang","QuanHuyenID":0,"NganhNgheTitle":"Bán lẻ nhiên liệu động cơ trong các cửa hàng chuyên doanh","NganhNgheTitleAscii":"/nganh-nghe/ban-le-nhien-lieu-dong-co-trong-cac-cua-hang-chuyen-doanh","DSTags":["1600848019-001","An Giang",null]},{"Type":11,"SolrID":"/1600611563-dntn-tan-phu-loi","ID":0,"MaSoThue":"1600611563","NgayCap":"2004-04-27T00:00:00Z","Title":"DNTN Tân Phú Lợi","DiaChiCongTy":"ấp Bình Phú, - Xã Phú Bình - Huyện Phú Tân - An Giang","Created":"2015-11-17T00:27:01Z","Updated":"2015-11-17T00:27:01Z","IsDelete":false,"RequestChanged":false,"ExitsInGDT":false,"SourceID":0,"TinhThanhID":0,"TinhThanhTitle":"An Giang","TinhThanhTitleAscii":"/an-giang","QuanHuyenID":0,"NganhNgheTitle":"Khai khoáng khác chưa được phân vào đâu","NganhNgheTitleAscii":"/nganh-nghe/khai-khoang-khac-chua-duoc-phan-vao-dau-10612","DSTags":["1600611563","An Giang",null]},{"Type":11,"SolrID":"/1600150714-dntn-dai-thanh-phat","ID":0,"MaSoThue":"1600150714","NgayCap":"1998-09-15T00:00:00Z","Title":"DNTN Đại Thành Phát","DiaChiCongTy":"ấp Bình Phú 2, xã Phú Bình - Huyện Phú Tân - An Giang","Created":"2015-11-09T04:47:34Z","Updated":"2015-11-09T04:47:34Z","IsDelete":false,"RequestChanged":false,"ExitsInGDT":false,"SourceID":0,"TinhThanhID":0,"TinhThanhTitle":"An Giang","TinhThanhTitleAscii":"/an-giang","QuanHuyenID":0,"NganhNgheTitle":"Bán buôn gạo, thực phẩm, đồ uống và sản phẩm thuốc lá, thuốc lào","NganhNgheTitleAscii":"/nganh-nghe/ban-buon-gao-thuc-pham-do-uong-va-san-pham-thuoc-la-thuoc-lao","DSTags":["1600150714","An Giang",null]}]}