{"ID":3855,"SolrID":"/an-giang/huyen-phu-tan/xa-phu-hiep","Title":"Xã Phú Hiệp","TinhThanhTitle":"An Giang","QuanHuyenTitle":"Huyện Phú Tân","QuanHuyenID":502,"TinhThanhID":35,"Url":"https://thongtindoanhnghiep.co/api/company?l=/an-giang/huyen-phu-tan/xa-phu-hiep","Total":14,"List":[{"Type":11,"SolrID":"/1602061058-cong-ty-tnhh-vat-lieu-xay-dung-nguyen-hop-phat","ID":0,"MaSoThue":"1602061058","NgayCap":"2018-01-05T00:00:00Z","Title":"Công Ty TNHH Vật Liệu Xây Dựng Nguyễn Hợp Phát","DiaChiCongTy":"Số 16, Tổ 1, Ấp Hòa Phát, Xã Phú Hiệp, Huyện Phú Tân, Tỉnh An Giang","Created":"2018-01-05T15:27:13Z","Updated":"2018-01-05T15:27:13Z","IsDelete":false,"RequestChanged":false,"ExitsInGDT":false,"SourceID":0,"TinhThanhID":0,"TinhThanhTitle":"An Giang","TinhThanhTitleAscii":"/an-giang","QuanHuyenID":0,"NganhNgheTitle":"Bán buôn vật liệu, thiết bị lắp đặt khác trong xây dựng","NganhNgheTitleAscii":"/nganh-nghe/ban-buon-vat-lieu-thiet-bi-lap-dat-khac-trong-xay-dung","DSTags":["1602061058","An Giang",null]},{"Type":11,"SolrID":"/1600376951-006-chi-nhanh-doanh-nghiep-tn-truong-dung","ID":0,"MaSoThue":"1600376951-006","NgayCap":"2015-10-09T00:00:00Z","Title":"Chi Nhánh Doanh Nghiệp TN Trương Dung","DiaChiCongTy":"ấp Hòa Hiệp - Xã Phú Hiệp - Huyện Phú Tân - An Giang","Created":"2015-11-19T10:02:06Z","Updated":"2015-11-19T10:02:06Z","IsDelete":false,"RequestChanged":false,"ExitsInGDT":false,"SourceID":0,"TinhThanhID":0,"TinhThanhTitle":"An Giang","TinhThanhTitleAscii":"/an-giang","QuanHuyenID":0,"NganhNgheTitle":"Bán buôn nhiên liệu rắn, lỏng, khí và các sản phẩm liên quan","NganhNgheTitleAscii":"/nganh-nghe/ban-buon-nhien-lieu-ran-long-khi-va-cac-san-pham-lien-quan","DSTags":["1600376951-006","An Giang",null]},{"Type":11,"SolrID":"/1601940881-cong-ty-tnhh-mot-thanh-vien-moi-gioi-bat-dong-san-khang-kien","ID":0,"MaSoThue":"1601940881","NgayCap":"2014-09-29T00:00:00Z","Title":"Công Ty TNHH Một Thành Viên Môi Giới Bất Động Sản Khang Kiện","DiaChiCongTy":"Số 22, tổ 1, ấp Hòa Lợi - Xã Phú Hiệp - Huyện Phú Tân - An Giang","Created":"2015-11-11T03:30:05Z","Updated":"2015-11-11T03:30:05Z","IsDelete":false,"RequestChanged":false,"ExitsInGDT":false,"SourceID":0,"TinhThanhID":0,"TinhThanhTitle":"An Giang","TinhThanhTitleAscii":"/an-giang","QuanHuyenID":0,"NganhNgheTitle":"Tư vấn, môi giới, đấu giá bất động sản, đấu giá quyền sử dụng đất","NganhNgheTitleAscii":"/nganh-nghe/tu-van-moi-gioi-dau-gia-bat-dong-san-dau-gia-quyen-su-dung-dat","DSTags":["1601940881","An Giang",null]},{"Type":11,"SolrID":"/1601906697-cong-ty-tnhh-mot-thanh-vien-phat-loi-hoa-hiep","ID":0,"MaSoThue":"1601906697","NgayCap":"2014-01-14T00:00:00Z","Title":"Công Ty TNHH Một Thành Viên Phát Lợi Hòa Hiệp","DiaChiCongTy":"Tổ 4, ấp Hòa Hiệp - Xã Phú Hiệp - Huyện Phú Tân - An Giang","Created":"2015-11-09T20:24:56Z","Updated":"2015-11-09T20:24:56Z","IsDelete":false,"RequestChanged":false,"ExitsInGDT":false,"SourceID":0,"TinhThanhID":0,"TinhThanhTitle":"An Giang","TinhThanhTitleAscii":"/an-giang","QuanHuyenID":0,"NganhNgheTitle":"Hoạt động dịch vụ sau thu hoạch","NganhNgheTitleAscii":"/nganh-nghe/hoat-dong-dich-vu-sau-thu-hoach","DSTags":["1601906697","An Giang",null]},{"Type":11,"SolrID":"/1601496874-cong-ty-tnhh-mot-thanh-vien-san-xuat-thuong-mai-thach-phong","ID":0,"MaSoThue":"1601496874","NgayCap":"2011-06-16T00:00:00Z","Title":"Công Ty TNHH Một Thành Viên Sản Xuất Thương Mại Thạch Phong","DiaChiCongTy":"ấp Hòa Lợi - Xã Phú Hiệp - Huyện Phú Tân - An Giang","Created":"2015-11-09T23:22:24Z","Updated":"2015-11-09T23:22:24Z","IsDelete":false,"RequestChanged":false,"ExitsInGDT":false,"SourceID":0,"TinhThanhID":0,"TinhThanhTitle":"An Giang","TinhThanhTitleAscii":"/an-giang","QuanHuyenID":0,"NganhNgheTitle":"Sản xuất sản phẩm khác từ gỗ; sản xuất sản phẩm từ tre, nứa, rơm, rạ và vật liệu tết bện","NganhNgheTitleAscii":"/nganh-nghe/san-xuat-san-pham-khac-tu-go-san-xuat-san-pham-tu-tre-nua-rom-ra-va-vat-lieu-tet-ben","DSTags":["1601496874","An Giang",null]},{"Type":11,"SolrID":"/1600350230-dntn-xang-dau-nhan-dung","ID":0,"MaSoThue":"1600350230","NgayCap":"2010-01-11T00:00:00Z","Title":"DNTN Xăng Dầu Nhân Dung","DiaChiCongTy":"Tổ 3 ấp Hoà Lợi - Xã Phú Hiệp - Huyện Phú Tân - An Giang","Created":"2015-11-17T19:47:57Z","Updated":"2015-11-17T19:47:57Z","IsDelete":false,"RequestChanged":false,"ExitsInGDT":false,"SourceID":0,"TinhThanhID":0,"TinhThanhTitle":"An Giang","TinhThanhTitleAscii":"/an-giang","QuanHuyenID":0,"NganhNgheTitle":"Bán lẻ nhiên liệu động cơ trong các cửa hàng chuyên doanh","NganhNgheTitleAscii":"/nganh-nghe/ban-le-nhien-lieu-dong-co-trong-cac-cua-hang-chuyen-doanh","DSTags":["1600350230","An Giang",null]},{"Type":11,"SolrID":"/1601222457-doanh-nghiep-tn-thanh-vu","ID":0,"MaSoThue":"1601222457","NgayCap":"2009-09-30T00:00:00Z","Title":"Doanh Nghiệp TN Thanh Vũ.","DiaChiCongTy":"ấp Hòa Lợi - Xã Phú Hiệp - Huyện Phú Tân - An Giang","Created":"2015-11-11T09:42:08Z","Updated":"2015-11-11T09:42:08Z","IsDelete":false,"RequestChanged":false,"ExitsInGDT":false,"SourceID":0,"TinhThanhID":0,"TinhThanhTitle":"An Giang","TinhThanhTitleAscii":"/an-giang","QuanHuyenID":0,"NganhNgheTitle":"Bán buôn vật liệu, thiết bị lắp đặt khác trong xây dựng","NganhNgheTitleAscii":"/nganh-nghe/ban-buon-vat-lieu-thiet-bi-lap-dat-khac-trong-xay-dung","DSTags":["1601222457","An Giang",null]},{"Type":11,"SolrID":"/1601185011-cong-ty-tnhh-thai-vuong","ID":0,"MaSoThue":"1601185011","NgayCap":"2009-07-01T00:00:00Z","Title":"Công ty TNHH Thái Vương","DiaChiCongTy":"Tổ 3, ấp Châu Giang, xã Phú Hiệp - Huyện Phú Tân - An Giang","Created":"2015-11-13T22:29:03Z","Updated":"2015-11-13T22:29:03Z","IsDelete":false,"RequestChanged":false,"ExitsInGDT":false,"SourceID":0,"TinhThanhID":0,"TinhThanhTitle":"An Giang","TinhThanhTitleAscii":"/an-giang","QuanHuyenID":0,"NganhNgheTitle":"Bán buôn (trừ ô tô, mô tô, xe máy và xe có động cơ khác)","NganhNgheTitleAscii":"/nganh-nghe/ban-buon-tru-o-to-mo-to-xe-may-va-xe-co-dong-co-khac","DSTags":["1601185011","An Giang",null]},{"Type":11,"SolrID":"/1600986516-htx-nong-nghiep-hiep-phu","ID":0,"MaSoThue":"1600986516","NgayCap":"2008-11-18T00:00:00Z","Title":"HTX Nông Nghiệp Hiệp Phú","DiaChiCongTy":"xã Phú Hiệp - Huyện Phú Tân - An Giang","Created":"2015-11-16T00:26:17Z","Updated":"2015-11-16T00:26:17Z","IsDelete":false,"RequestChanged":false,"ExitsInGDT":false,"SourceID":0,"TinhThanhID":0,"TinhThanhTitle":"An Giang","TinhThanhTitleAscii":"/an-giang","QuanHuyenID":0,"NganhNgheTitle":"Nông nghiệp và hoạt động dịch vụ có liên quan","NganhNgheTitleAscii":"/nganh-nghe/nong-nghiep-va-hoat-dong-dich-vu-co-lien-quan","DSTags":["1600986516","An Giang",null]},{"Type":11,"SolrID":"/1600976532-truong-mam-non-phu-hiep","ID":0,"MaSoThue":"1600976532","NgayCap":"2008-09-12T00:00:00Z","Title":"Trường Mầm Non Phú Hiệp","DiaChiCongTy":"ấp Hoà Thạnh, - Xã Phú Hiệp - Huyện Phú Tân - An Giang","Created":"2015-11-16T19:07:38Z","Updated":"2015-11-16T19:07:38Z","IsDelete":false,"RequestChanged":false,"ExitsInGDT":false,"SourceID":0,"TinhThanhID":0,"TinhThanhTitle":"An Giang","TinhThanhTitleAscii":"/an-giang","QuanHuyenID":0,"NganhNgheTitle":"Giáo dục mầm non","NganhNgheTitleAscii":"/nganh-nghe/giao-duc-mam-non","DSTags":["1600976532","An Giang",null]},{"Type":11,"SolrID":"/1600894544-cong-ty-tnhh-cari-an-do-chau-giang","ID":0,"MaSoThue":"1600894544","NgayCap":"2007-06-15T00:00:00Z","Title":"Công ty TNHH CARI ấn Độ Châu Giang","DiaChiCongTy":"Số 108, ấp Châu Giang, xã Phú Hiệp - Huyện Phú Tân - An Giang","Created":"2015-11-13T22:42:25Z","Updated":"2015-11-13T22:42:25Z","IsDelete":false,"RequestChanged":false,"ExitsInGDT":false,"SourceID":0,"TinhThanhID":0,"TinhThanhTitle":"An Giang","TinhThanhTitleAscii":"/an-giang","QuanHuyenID":0,"NganhNgheTitle":"Sản xuất thực phẩm khác","NganhNgheTitleAscii":"/nganh-nghe/san-xuat-thuc-pham-khac","DSTags":["1600894544","An Giang",null]},{"Type":11,"SolrID":"/1600652714-dntn-trong-khang","ID":0,"MaSoThue":"1600652714","NgayCap":"2003-04-16T00:00:00Z","Title":"DNTN Trọng Khang","DiaChiCongTy":"Tổ 12 ấp Hoà Hiệp - Xã Phú Hiệp - Huyện Phú Tân - An Giang","Created":"2015-11-11T10:25:18Z","Updated":"2015-11-11T10:25:18Z","IsDelete":false,"RequestChanged":false,"ExitsInGDT":false,"SourceID":0,"TinhThanhID":0,"TinhThanhTitle":"An Giang","TinhThanhTitleAscii":"/an-giang","QuanHuyenID":0,"NganhNgheTitle":"Xây dựng công trình kỹ thuật dân dụng","NganhNgheTitleAscii":"/nganh-nghe/xay-dung-cong-trinh-ky-thuat-dan-dung","DSTags":["1600652714","An Giang",null]},{"Type":11,"SolrID":"/1600619121-doanh-nghiep-tu-nhan-xang-dau-hong-thanh-hai","ID":0,"MaSoThue":"1600619121","NgayCap":"2002-06-11T00:00:00Z","Title":"Doanh Nghiệp Tư Nhân Xăng Dầu Hồng Thanh Hải","DiaChiCongTy":"ấp Hoà Thạnh - Xã Phú Hiệp - Huyện Phú Tân - An Giang","Created":"2015-11-09T01:45:59Z","Updated":"2015-11-09T01:45:59Z","IsDelete":false,"RequestChanged":false,"ExitsInGDT":false,"SourceID":0,"TinhThanhID":0,"TinhThanhTitle":"An Giang","TinhThanhTitleAscii":"/an-giang","QuanHuyenID":0,"NganhNgheTitle":"Bán lẻ nhiên liệu động cơ trong các cửa hàng chuyên doanh","NganhNgheTitleAscii":"/nganh-nghe/ban-le-nhien-lieu-dong-co-trong-cac-cua-hang-chuyen-doanh","DSTags":["1600619121","An Giang",null]},{"Type":11,"SolrID":"/1600591564-001-cong-ty-tnhh-tm-xnk-hai-den-chi-nhanh-phu-hiep","ID":0,"MaSoThue":"1600591564-001","NgayCap":"2002-02-05T00:00:00Z","Title":"Công Ty TNHH-TM-XNK Hải Đến Chi Nhánh Phú Hiệp","DiaChiCongTy":"222 ấp Châu Giang Xã Phú Hiệp - Huyện Phú Tân - An Giang","Created":"2015-11-18T09:16:17Z","Updated":"2015-11-18T09:16:17Z","IsDelete":false,"RequestChanged":false,"ExitsInGDT":false,"SourceID":0,"TinhThanhID":0,"TinhThanhTitle":"An Giang","TinhThanhTitleAscii":"/an-giang","QuanHuyenID":0,"NganhNgheTitle":"Cưa, xẻ, bào gỗ và bảo quản gỗ","NganhNgheTitleAscii":"/nganh-nghe/cua-xe-bao-go-va-bao-quan-go","DSTags":["1600591564-001","An Giang",null]}]}