{"ID":7427,"SolrID":"/an-giang/huyen-phu-tan/xa-phu-xuan","Title":"Xã Phú Xuân","TinhThanhTitle":"An Giang","QuanHuyenTitle":"Huyện Phú Tân","QuanHuyenID":502,"TinhThanhID":35,"Url":"https://thongtindoanhnghiep.co/api/company?l=/an-giang/huyen-phu-tan/xa-phu-xuan","Total":8,"List":[{"Type":11,"SolrID":"/1601979617-doanh-nghiep-tn-vo-kha","ID":0,"MaSoThue":"1601979617","NgayCap":"2015-08-03T00:00:00Z","Title":"Doanh Nghiệp TN Võ Kha","DiaChiCongTy":"ấp Phú Hạ - Xã Phú Xuân - Huyện Phú Tân - An Giang","Created":"2015-11-18T22:04:27Z","Updated":"2015-11-18T22:04:27Z","IsDelete":false,"RequestChanged":false,"ExitsInGDT":false,"SourceID":0,"TinhThanhID":0,"TinhThanhTitle":"An Giang","TinhThanhTitleAscii":"/an-giang","QuanHuyenID":0,"NganhNgheTitle":"Bán buôn thực phẩm","NganhNgheTitleAscii":"/nganh-nghe/ban-buon-thuc-pham","DSTags":["1601979617","An Giang",null]},{"Type":11,"SolrID":"/1601906640-doanh-nghiep-tn-hung-nhu","ID":0,"MaSoThue":"1601906640","NgayCap":"2014-01-14T00:00:00Z","Title":"Doanh Nghiệp TN Hưng Như","DiaChiCongTy":"ấp Phú Thu - Xã Phú Xuân - Huyện Phú Tân - An Giang","Created":"2015-11-09T20:24:13Z","Updated":"2015-11-09T20:24:13Z","IsDelete":false,"RequestChanged":false,"ExitsInGDT":false,"SourceID":0,"TinhThanhID":0,"TinhThanhTitle":"An Giang","TinhThanhTitleAscii":"/an-giang","QuanHuyenID":0,"NganhNgheTitle":"Bán buôn thực phẩm","NganhNgheTitleAscii":"/nganh-nghe/ban-buon-thuc-pham","DSTags":["1601906640","An Giang",null]},{"Type":11,"SolrID":"/1601893663-doanh-nghiep-tn-tan-son","ID":0,"MaSoThue":"1601893663","NgayCap":"2013-11-11T00:00:00Z","Title":"Doanh Nghiệp TN Tần Son","DiaChiCongTy":"Số 127, ấp Phú Đông - Xã Phú Xuân - Huyện Phú Tân - An Giang","Created":"2015-11-09T23:59:28Z","Updated":"2015-11-09T23:59:28Z","IsDelete":false,"RequestChanged":false,"ExitsInGDT":false,"SourceID":0,"TinhThanhID":0,"TinhThanhTitle":"An Giang","TinhThanhTitleAscii":"/an-giang","QuanHuyenID":0,"NganhNgheTitle":"Hoạt động dịch vụ hỗ trợ kinh doanh khác còn lại chưa được phân vào đâu","NganhNgheTitleAscii":"/nganh-nghe/hoat-dong-dich-vu-ho-tro-kinh-doanh-khac-con-lai-chua-duoc-phan-vao-dau","DSTags":["1601893663","An Giang",null]},{"Type":11,"SolrID":"/1601877397-doanh-nghiep-tn-tiem-vang-ngoc-diem-phu-tan","ID":0,"MaSoThue":"1601877397","NgayCap":"2013-05-30T00:00:00Z","Title":"Doanh Nghiệp TN Tiệm Vàng Ngọc Diễm Phú Tân","DiaChiCongTy":"ấp Phú Đông - Xã Phú Xuân - Huyện Phú Tân - An Giang","Created":"2015-11-18T04:47:03Z","Updated":"2015-11-18T04:47:03Z","IsDelete":false,"RequestChanged":false,"ExitsInGDT":false,"SourceID":0,"TinhThanhID":0,"TinhThanhTitle":"An Giang","TinhThanhTitleAscii":"/an-giang","QuanHuyenID":0,"NganhNgheTitle":"Bán buôn kim loại và quặng kim loại","NganhNgheTitleAscii":"/nganh-nghe/ban-buon-kim-loai-va-quang-kim-loai","DSTags":["1601877397","An Giang",null]},{"Type":11,"SolrID":"/1601184106-truong-trung-hoc-co-so-phu-xuan","ID":0,"MaSoThue":"1601184106","NgayCap":"2009-06-30T00:00:00Z","Title":"Trường Trung học cơ sở Phú Xuân","DiaChiCongTy":"ấp Phú Đông, - Xã Phú Xuân - Huyện Phú Tân - An Giang","Created":"2015-11-16T12:34:03Z","Updated":"2015-11-16T12:34:03Z","IsDelete":false,"RequestChanged":false,"ExitsInGDT":false,"SourceID":0,"TinhThanhID":0,"TinhThanhTitle":"An Giang","TinhThanhTitleAscii":"/an-giang","QuanHuyenID":0,"NganhNgheTitle":"Giáo dục trung học cơ sở và trung học phổ thông","NganhNgheTitleAscii":"/nganh-nghe/giao-duc-trung-hoc-co-so-va-trung-hoc-pho-thong","DSTags":["1601184106","An Giang",null]},{"Type":11,"SolrID":"/1600349549-doanh-nghiep-tu-nhan-xang-dau-minh-kha","ID":0,"MaSoThue":"1600349549","NgayCap":"2009-02-19T00:00:00Z","Title":"Doanh Nghiệp Tư Nhân Xăng Dầu Minh Kha","DiaChiCongTy":"Tổ 3, ấp Phú Hạ - Xã Phú Xuân - Huyện Phú Tân - An Giang","Created":"2015-11-11T07:43:33Z","Updated":"2015-11-11T07:43:33Z","IsDelete":false,"RequestChanged":false,"ExitsInGDT":false,"SourceID":0,"TinhThanhID":0,"TinhThanhTitle":"An Giang","TinhThanhTitleAscii":"/an-giang","QuanHuyenID":0,"NganhNgheTitle":"Bán lẻ nhiên liệu động cơ trong các cửa hàng chuyên doanh","NganhNgheTitleAscii":"/nganh-nghe/ban-le-nhien-lieu-dong-co-trong-cac-cua-hang-chuyen-doanh","DSTags":["1600349549","An Giang",null]},{"Type":11,"SolrID":"/1600351234-doanh-nghiep-tn-thanh-cong-i","ID":0,"MaSoThue":"1600351234","NgayCap":"2004-01-16T00:00:00Z","Title":"Doanh Nghiệp TN Thành Công I","DiaChiCongTy":"Tổ 2, ấp Phú Đông - Xã Phú Xuân - Huyện Phú Tân - An Giang","Created":"2015-11-17T04:51:29Z","Updated":"2015-11-17T04:51:29Z","IsDelete":false,"RequestChanged":false,"ExitsInGDT":false,"SourceID":0,"TinhThanhID":0,"TinhThanhTitle":"An Giang","TinhThanhTitleAscii":"/an-giang","QuanHuyenID":0,"NganhNgheTitle":"Bán buôn xăng dầu và các sản phẩm liên quan","NganhNgheTitleAscii":"/nganh-nghe/ban-buon-xang-dau-va-cac-san-pham-lien-quan","DSTags":["1600351234","An Giang",null]},{"Type":11,"SolrID":"/1600625943-doanh-nghiep-tn-3-su","ID":0,"MaSoThue":"1600625943","NgayCap":"2002-08-01T00:00:00Z","Title":"Doanh Nghiệp TN 3 Sử","DiaChiCongTy":"ấp Phú Đông - Xã Phú Xuân - Huyện Phú Tân - An Giang","Created":"2015-11-11T08:13:56Z","Updated":"2015-11-11T08:13:56Z","IsDelete":false,"RequestChanged":false,"ExitsInGDT":false,"SourceID":0,"TinhThanhID":0,"TinhThanhTitle":"An Giang","TinhThanhTitleAscii":"/an-giang","QuanHuyenID":0,"NganhNgheTitle":"Xây dựng nhà các loại","NganhNgheTitleAscii":"/nganh-nghe/xay-dung-nha-cac-loai","DSTags":["1600625943","An Giang",null]}]}