{"ID":11992,"SolrID":"/an-giang/huyen-phu-tan/xa-phu-hung","Title":"Xã Phú Hưng","TinhThanhTitle":"An Giang","QuanHuyenTitle":"Huyện Phú Tân","QuanHuyenID":502,"TinhThanhID":35,"Url":"https://thongtindoanhnghiep.co/api/company?l=/an-giang/huyen-phu-tan/xa-phu-hung","Total":21,"List":[{"Type":11,"SolrID":"/1602147869-cong-ty-tnhh-ha-tang-canh-quan-an-giang","ID":0,"MaSoThue":"1602147869","NgayCap":"2021-05-27T00:00:00Z","Title":"Công Ty TNHH Hạ Tầng Cảnh Quan An Giang","DiaChiCongTy":"Số 26, Tổ 1, Ấp Hưng Thới 2, Xã Phú Hưng, Huyện Phú Tân, Tỉnh An Giang","Created":"2021-05-27T08:36:26Z","Updated":"2021-05-27T08:36:26Z","IsDelete":false,"RequestChanged":false,"ExitsInGDT":false,"SourceID":0,"TinhThanhID":0,"TinhThanhTitle":"An Giang","TinhThanhTitleAscii":"/an-giang","QuanHuyenID":0,"NganhNgheTitle":"Hoạt động kiến trúc và tư vấn kỹ thuật có liên quan","NganhNgheTitleAscii":"/nganh-nghe/hoat-dong-kien-truc-va-tu-van-ky-thuat-co-lien-quan","DSTags":["1602147869","An Giang",null]},{"Type":11,"SolrID":"/1602076103-cong-ty-tnhh-thuong-mai-dich-vu-phu-phu-dat","ID":0,"MaSoThue":"1602076103","NgayCap":"2018-07-06T00:00:00Z","Title":"Công Ty TNHH Thương Mại Dịch Vụ Phú Phú Đạt","DiaChiCongTy":"Số 146, Tổ 6, Ấp Hưng Thạnh, Xã Phú Hưng, Huyện Phú Tân, Tỉnh An Giang","Created":"2018-07-06T08:04:18Z","Updated":"2018-07-06T08:04:18Z","IsDelete":false,"RequestChanged":false,"ExitsInGDT":false,"SourceID":0,"TinhThanhID":0,"TinhThanhTitle":"An Giang","TinhThanhTitleAscii":"/an-giang","QuanHuyenID":0,"NganhNgheTitle":"Bán buôn nông, lâm sản nguyên liệu (trừ gỗ, tre, nứa) và động vật sống","NganhNgheTitleAscii":"/nganh-nghe/ban-buon-nong-lam-san-nguyen-lieu-tru-go-tre-nua-va-dong-vat-song","DSTags":["1602076103","An Giang",null]},{"Type":11,"SolrID":"/1602021104-cong-ty-tnhh-mot-thanh-vien-thuc-pham-minh-trung","ID":0,"MaSoThue":"1602021104","NgayCap":"2016-10-11T00:00:00Z","Title":"Công Ty TNHH Một Thành Viên Thực Phẩm Minh Trung","DiaChiCongTy":"Số 207, Ấp Hưng Tân, Xã Phú Hưng, Huyện Phú Tân, Tỉnh An Giang","Created":"2017-11-27T00:30:37Z","Updated":"2017-11-27T00:30:37Z","IsDelete":false,"RequestChanged":false,"ExitsInGDT":false,"SourceID":0,"TinhThanhID":0,"TinhThanhTitle":"An Giang","TinhThanhTitleAscii":"/an-giang","QuanHuyenID":0,"NganhNgheTitle":"Bán buôn thực phẩm","NganhNgheTitleAscii":"/nganh-nghe/ban-buon-thuc-pham","DSTags":["1602021104","An Giang",null]},{"Type":11,"SolrID":"/1600383490-012-chi-nhanh-12-doanh-nghiep-tn-hiep-hung","ID":0,"MaSoThue":"1600383490-012","NgayCap":"2016-05-23T00:00:00Z","Title":"Chi Nhánh 12 - Doanh Nghiệp TN Hiệp Hưng","DiaChiCongTy":"ấp Hưng Thới 2 - Xã Phú Hưng - Huyện Phú Tân - An Giang","Created":"2016-05-25T08:24:54Z","Updated":"2016-05-25T08:24:54Z","IsDelete":false,"RequestChanged":false,"ExitsInGDT":false,"SourceID":0,"TinhThanhID":0,"TinhThanhTitle":"An Giang","TinhThanhTitleAscii":"/an-giang","QuanHuyenID":0,"NganhNgheTitle":"Bán buôn nhiên liệu rắn, lỏng, khí và các sản phẩm liên quan","NganhNgheTitleAscii":"/nganh-nghe/ban-buon-nhien-lieu-ran-long-khi-va-cac-san-pham-lien-quan","DSTags":["1600383490-012","An Giang",null]},{"Type":11,"SolrID":"/1601966583-cong-ty-tnhh-mot-thanh-vien-truong-thang-phat","ID":0,"MaSoThue":"1601966583","NgayCap":"2015-03-13T00:00:00Z","Title":"Công Ty TNHH Một Thành Viên Trường Thắng Phát","DiaChiCongTy":"572, ấp Hưng Tân - Xã Phú Hưng - Huyện Phú Tân - An Giang","Created":"2015-11-17T03:10:59Z","Updated":"2015-11-17T03:10:59Z","IsDelete":false,"RequestChanged":false,"ExitsInGDT":false,"SourceID":0,"TinhThanhID":0,"TinhThanhTitle":"An Giang","TinhThanhTitleAscii":"/an-giang","QuanHuyenID":0,"NganhNgheTitle":"Vận tải hàng hóa đường thuỷ nội địa","NganhNgheTitleAscii":"/nganh-nghe/van-tai-hang-hoa-duong-thuy-noi-dia","DSTags":["1601966583","An Giang",null]},{"Type":11,"SolrID":"/1601903978-cong-ty-tnhh-mot-thanh-vien-le-thanh-quang","ID":0,"MaSoThue":"1601903978","NgayCap":"2014-01-04T00:00:00Z","Title":"Công Ty TNHH Một Thành Viên Lê Thanh Quang","DiaChiCongTy":"ấp Hưng Thới 2 - Xã Phú Hưng - Huyện Phú Tân - An Giang","Created":"2015-11-09T21:00:11Z","Updated":"2015-11-09T21:00:11Z","IsDelete":false,"RequestChanged":false,"ExitsInGDT":false,"SourceID":0,"TinhThanhID":0,"TinhThanhTitle":"An Giang","TinhThanhTitleAscii":"/an-giang","QuanHuyenID":0,"NganhNgheTitle":"Bán buôn nông, lâm sản nguyên liệu (trừ gỗ, tre, nứa) và động vật sống","NganhNgheTitleAscii":"/nganh-nghe/ban-buon-nong-lam-san-nguyen-lieu-tru-go-tre-nua-va-dong-vat-song","DSTags":["1601903978","An Giang",null]},{"Type":11,"SolrID":"/1601902621-cong-ty-tnhh-dang-tuan","ID":0,"MaSoThue":"1601902621","NgayCap":"2013-12-31T00:00:00Z","Title":"Công Ty TNHH Đặng Tuấn","DiaChiCongTy":"Số 395, ấp Hưng Thới 2 - Xã Phú Hưng - Huyện Phú Tân - An Giang","Created":"2015-11-09T21:30:46Z","Updated":"2015-11-09T21:30:46Z","IsDelete":false,"RequestChanged":false,"ExitsInGDT":false,"SourceID":0,"TinhThanhID":0,"TinhThanhTitle":"An Giang","TinhThanhTitleAscii":"/an-giang","QuanHuyenID":0,"NganhNgheTitle":"Khai khoáng khác chưa được phân vào đâu","NganhNgheTitleAscii":"/nganh-nghe/khai-khoang-khac-chua-duoc-phan-vao-dau-10612","DSTags":["1601902621","An Giang",null]},{"Type":11,"SolrID":"/1601888409-doanh-nghiep-tn-xay-xat-bao-huy","ID":0,"MaSoThue":"1601888409","NgayCap":"2013-09-06T00:00:00Z","Title":"Doanh Nghiệp TN Xay Xát Bảo Huy","DiaChiCongTy":"ấp Hưng Mỹ - Xã Phú Hưng - Huyện Phú Tân - An Giang","Created":"2015-11-16T14:12:13Z","Updated":"2015-11-16T14:12:13Z","IsDelete":false,"RequestChanged":false,"ExitsInGDT":false,"SourceID":0,"TinhThanhID":0,"TinhThanhTitle":"An Giang","TinhThanhTitleAscii":"/an-giang","QuanHuyenID":0,"NganhNgheTitle":"Khai khoáng khác chưa được phân vào đâu","NganhNgheTitleAscii":"/nganh-nghe/khai-khoang-khac-chua-duoc-phan-vao-dau-10612","DSTags":["1601888409","An Giang",null]},{"Type":11,"SolrID":"/1601872060-doanh-nghiep-tn-hong-phu-hao","ID":0,"MaSoThue":"1601872060","NgayCap":"2013-04-24T00:00:00Z","Title":"Doanh Nghiệp TN Hồng Phú Hào","DiaChiCongTy":"ấp Hưng Thới 2 - Xã Phú Hưng - Huyện Phú Tân - An Giang","Created":"2015-11-16T10:36:04Z","Updated":"2015-11-16T10:36:04Z","IsDelete":false,"RequestChanged":false,"ExitsInGDT":false,"SourceID":0,"TinhThanhID":0,"TinhThanhTitle":"An Giang","TinhThanhTitleAscii":"/an-giang","QuanHuyenID":0,"NganhNgheTitle":"Bán buôn máy móc, thiết bị và phụ tùng máy khác","NganhNgheTitleAscii":"/nganh-nghe/ban-buon-may-moc-thiet-bi-va-phu-tung-may-khac","DSTags":["1601872060","An Giang",null]},{"Type":11,"SolrID":"/1601867335-cong-ty-tnhh-bao-hao-phat","ID":0,"MaSoThue":"1601867335","NgayCap":"2013-03-22T00:00:00Z","Title":"Công Ty TNHH Bảo Hào Phát","DiaChiCongTy":"Số 334, tổ 11, ấp Hưng Tân - Xã Phú Hưng - Huyện Phú Tân - An Giang","Created":"2015-11-09T21:41:29Z","Updated":"2015-11-09T21:41:29Z","IsDelete":false,"RequestChanged":false,"ExitsInGDT":false,"SourceID":0,"TinhThanhID":0,"TinhThanhTitle":"An Giang","TinhThanhTitleAscii":"/an-giang","QuanHuyenID":0,"NganhNgheTitle":"Vận tải hàng hóa đường thuỷ nội địa","NganhNgheTitleAscii":"/nganh-nghe/van-tai-hang-hoa-duong-thuy-noi-dia","DSTags":["1601867335","An Giang",null]},{"Type":11,"SolrID":"/1600340391-001-chi-nhanh-doanh-nghiep-tu-nhan-kim-hong-i-cua-hang-xang-dau-phuc-thinh","ID":0,"MaSoThue":"1600340391-001","NgayCap":"2012-01-03T00:00:00Z","Title":"Chi Nhánh Doanh Nghiệp Tư Nhân Kim Hồng I-Cửa Hàng Xăng Dầu Phúc Thịnh","DiaChiCongTy":"ấp Hưng Thới I - Xã Phú Hưng - Huyện Phú Tân - An Giang","Created":"2015-11-10T01:40:20Z","Updated":"2015-11-10T01:40:20Z","IsDelete":false,"RequestChanged":false,"ExitsInGDT":false,"SourceID":0,"TinhThanhID":0,"TinhThanhTitle":"An Giang","TinhThanhTitleAscii":"/an-giang","QuanHuyenID":0,"NganhNgheTitle":"Bán buôn nhiên liệu rắn, lỏng, khí và các sản phẩm liên quan","NganhNgheTitleAscii":"/nganh-nghe/ban-buon-nhien-lieu-ran-long-khi-va-cac-san-pham-lien-quan","DSTags":["1600340391-001","An Giang",null]},{"Type":11,"SolrID":"/1601595667-cong-ty-tnhh-mot-thanh-vien-cong-thuy","ID":0,"MaSoThue":"1601595667","NgayCap":"2011-11-22T00:00:00Z","Title":"Công Ty TNHH Một Thành Viên Công Thúy","DiaChiCongTy":"Số 146, Tổ 6, ấp Hưng Thạnh - Xã Phú Hưng - Huyện Phú Tân - An Giang","Created":"2015-11-10T01:42:27Z","Updated":"2015-11-10T01:42:27Z","IsDelete":false,"RequestChanged":false,"ExitsInGDT":false,"SourceID":0,"TinhThanhID":0,"TinhThanhTitle":"An Giang","TinhThanhTitleAscii":"/an-giang","QuanHuyenID":0,"NganhNgheTitle":"Bán buôn chuyên doanh khác chưa được phân vào đâu","NganhNgheTitleAscii":"/nganh-nghe/ban-buon-chuyen-doanh-khac-chua-duoc-phan-vao-dau","DSTags":["1601595667","An Giang",null]},{"Type":11,"SolrID":"/1601415089-doanh-nghiep-tn-luong-thuc-quoc-huy","ID":0,"MaSoThue":"1601415089","NgayCap":"2010-11-24T00:00:00Z","Title":"Doanh Nghiệp TN Lương Thực Quốc Huy","DiaChiCongTy":"Tổ 7, ấp Hưng Thới 2 - Xã Phú Hưng - Huyện Phú Tân - An Giang","Created":"2015-11-17T02:59:21Z","Updated":"2015-11-17T02:59:21Z","IsDelete":false,"RequestChanged":false,"ExitsInGDT":false,"SourceID":0,"TinhThanhID":0,"TinhThanhTitle":"An Giang","TinhThanhTitleAscii":"/an-giang","QuanHuyenID":0,"NganhNgheTitle":"Bán buôn nông, lâm sản nguyên liệu (trừ gỗ, tre, nứa) và động vật sống","NganhNgheTitleAscii":"/nganh-nghe/ban-buon-nong-lam-san-nguyen-lieu-tru-go-tre-nua-va-dong-vat-song","DSTags":["1601415089","An Giang",null]},{"Type":11,"SolrID":"/1601205684-truong-tieu-hoc-b-phu-hung","ID":0,"MaSoThue":"1601205684","NgayCap":"2009-08-07T00:00:00Z","Title":"Trường Tiểu Học B Phú Hưng","DiaChiCongTy":"xã Phú Hưng - Huyện Phú Tân - An Giang","Created":"2015-11-16T09:53:52Z","Updated":"2015-11-16T09:53:52Z","IsDelete":false,"RequestChanged":false,"ExitsInGDT":false,"SourceID":0,"TinhThanhID":0,"TinhThanhTitle":"An Giang","TinhThanhTitleAscii":"/an-giang","QuanHuyenID":0,"NganhNgheTitle":"Giáo dục tiểu học","NganhNgheTitleAscii":"/nganh-nghe/giao-duc-tieu-hoc","DSTags":["1601205684","An Giang",null]},{"Type":11,"SolrID":"/1601196126-dntn-thanh-ngan","ID":0,"MaSoThue":"1601196126","NgayCap":"2009-07-23T00:00:00Z","Title":"DNTN Thanh Ngân","DiaChiCongTy":"ấp Hưng Thới II, xã Phú Hưng - Huyện Phú Tân - An Giang","Created":"2015-11-11T09:00:06Z","Updated":"2015-11-11T09:00:06Z","IsDelete":false,"RequestChanged":false,"ExitsInGDT":false,"SourceID":0,"TinhThanhID":0,"TinhThanhTitle":"An Giang","TinhThanhTitleAscii":"/an-giang","QuanHuyenID":0,"NganhNgheTitle":"Xây dựng công trình kỹ thuật dân dụng","NganhNgheTitleAscii":"/nganh-nghe/xay-dung-cong-trinh-ky-thuat-dan-dung","DSTags":["1601196126","An Giang",null]},{"Type":11,"SolrID":"/1601193830-truong-trung-hoc-co-so-phu-hung","ID":0,"MaSoThue":"1601193830","NgayCap":"2009-07-20T00:00:00Z","Title":"Trường Trung học Cơ sở Phú Hưng","DiaChiCongTy":"ấp Hưng Thới I, - Xã Phú Hưng - Huyện Phú Tân - An Giang","Created":"2015-11-16T11:05:45Z","Updated":"2015-11-16T11:05:45Z","IsDelete":false,"RequestChanged":false,"ExitsInGDT":false,"SourceID":0,"TinhThanhID":0,"TinhThanhTitle":"An Giang","TinhThanhTitleAscii":"/an-giang","QuanHuyenID":0,"NganhNgheTitle":"Giáo dục trung học cơ sở và trung học phổ thông","NganhNgheTitleAscii":"/nganh-nghe/giao-duc-trung-hoc-co-so-va-trung-hoc-pho-thong","DSTags":["1601193830","An Giang",null]},{"Type":11,"SolrID":"/1600942974-001-cn-dntn-nguyen-minh-trung-ch-xang-dau-hong-trung","ID":0,"MaSoThue":"1600942974-001","NgayCap":"2009-06-15T00:00:00Z","Title":"CN DNTN Nguyễn Minh Trung - CH Xăng dầu Hồng Trung","DiaChiCongTy":"ấp Hưng Thới I, xã Phú Hưng - Huyện Phú Tân - An Giang","Created":"2015-11-17T01:36:29Z","Updated":"2015-11-17T01:36:29Z","IsDelete":false,"RequestChanged":false,"ExitsInGDT":false,"SourceID":0,"TinhThanhID":0,"TinhThanhTitle":"An Giang","TinhThanhTitleAscii":"/an-giang","QuanHuyenID":0,"NganhNgheTitle":"Bán lẻ nhiên liệu động cơ trong các cửa hàng chuyên doanh","NganhNgheTitleAscii":"/nganh-nghe/ban-le-nhien-lieu-dong-co-trong-cac-cua-hang-chuyen-doanh","DSTags":["1600942974-001","An Giang",null]},{"Type":11,"SolrID":"/1601046032-doanh-nghiep-tn-tu-hue","ID":0,"MaSoThue":"1601046032","NgayCap":"2009-03-03T00:00:00Z","Title":"Doanh Nghiệp TN Tư Huệ","DiaChiCongTy":"ấp Hưng Tân - Xã Phú Hưng - Huyện Phú Tân - An Giang","Created":"2015-11-09T03:27:24Z","Updated":"2015-11-09T03:27:24Z","IsDelete":false,"RequestChanged":false,"ExitsInGDT":false,"SourceID":0,"TinhThanhID":0,"TinhThanhTitle":"An Giang","TinhThanhTitleAscii":"/an-giang","QuanHuyenID":0,"NganhNgheTitle":"Bán buôn nhiên liệu rắn, lỏng, khí và các sản phẩm liên quan","NganhNgheTitleAscii":"/nganh-nghe/ban-buon-nhien-lieu-ran-long-khi-va-cac-san-pham-lien-quan","DSTags":["1601046032","An Giang",null]},{"Type":11,"SolrID":"/1600927687-cong-ty-tnhh-hoa-an","ID":0,"MaSoThue":"1600927687","NgayCap":"2007-12-24T00:00:00Z","Title":"Công Ty TNHH Hòa An","DiaChiCongTy":"ấp Hưng Thới 2 - Xã Phú Hưng - Huyện Phú Tân - An Giang","Created":"2015-11-09T02:49:03Z","Updated":"2015-11-09T02:49:03Z","IsDelete":false,"RequestChanged":false,"ExitsInGDT":false,"SourceID":0,"TinhThanhID":0,"TinhThanhTitle":"An Giang","TinhThanhTitleAscii":"/an-giang","QuanHuyenID":0,"NganhNgheTitle":"Bán buôn gạo","NganhNgheTitleAscii":"/nganh-nghe/ban-buon-gao","DSTags":["1600927687","An Giang",null]},{"Type":11,"SolrID":"/1600900205-doanh-nghiep-tn-nam-nha","ID":0,"MaSoThue":"1600900205","NgayCap":"2007-07-31T00:00:00Z","Title":"Doanh Nghiệp TN Năm Nhã","DiaChiCongTy":"ấp Hưng Hòa - Xã Phú Hưng - Huyện Phú Tân - An Giang","Created":"2015-11-10T01:45:16Z","Updated":"2015-11-10T01:45:16Z","IsDelete":false,"RequestChanged":false,"ExitsInGDT":false,"SourceID":0,"TinhThanhID":0,"TinhThanhTitle":"An Giang","TinhThanhTitleAscii":"/an-giang","QuanHuyenID":0,"NganhNgheTitle":"Sản xuất lò nướng, lò luyện và lò nung","NganhNgheTitleAscii":"/nganh-nghe/san-xuat-lo-nuong-lo-luyen-va-lo-nung","DSTags":["1600900205","An Giang",null]},{"Type":11,"SolrID":"/1600745655-doanh-nghiep-tu-nhan-nhut-minh","ID":0,"MaSoThue":"1600745655","NgayCap":"2004-11-11T00:00:00Z","Title":"Doanh Nghiệp Tư Nhân Nhựt Minh","DiaChiCongTy":"Số 657, khóm 7, ấp Hưng Thới II - Xã Phú Hưng - Huyện Phú Tân - An Giang","Created":"2015-11-17T00:15:08Z","Updated":"2015-11-17T00:15:08Z","IsDelete":false,"RequestChanged":false,"ExitsInGDT":false,"SourceID":0,"TinhThanhID":0,"TinhThanhTitle":"An Giang","TinhThanhTitleAscii":"/an-giang","QuanHuyenID":0,"NganhNgheTitle":"Xây dựng công trình kỹ thuật dân dụng khác","NganhNgheTitleAscii":"/nganh-nghe/xay-dung-cong-trinh-ky-thuat-dan-dung-khac","DSTags":["1600745655","An Giang",null]}]}