{"ID":8335,"SolrID":"/an-giang/huyen-phu-tan/xa-tan-hoa","Title":"Xã Tân Hòa","TinhThanhTitle":"An Giang","QuanHuyenTitle":"Huyện Phú Tân","QuanHuyenID":502,"TinhThanhID":35,"Url":"https://thongtindoanhnghiep.co/api/company?l=/an-giang/huyen-phu-tan/xa-tan-hoa","Total":24,"List":[{"Type":11,"SolrID":"/1602042520-cong-ty-tnhh-mot-thanh-vien-xay-dung-moi-truong-xinh","ID":0,"MaSoThue":"1602042520","NgayCap":"2017-06-14T00:00:00Z","Title":"Công Ty TNHH Một Thành Viên Xây Dựng Môi Trường Xinh","DiaChiCongTy":"Số 203, ấp Mỹ Hóa 2, Xã Tân Hòa, Huyện Phú Tân, Tỉnh An Giang","Created":"2017-06-14T10:02:55Z","Updated":"2017-06-14T10:02:55Z","IsDelete":false,"RequestChanged":false,"ExitsInGDT":false,"SourceID":0,"TinhThanhID":0,"TinhThanhTitle":"An Giang","TinhThanhTitleAscii":"/an-giang","QuanHuyenID":0,"DSTags":["1602042520","An Giang",null]},{"Type":11,"SolrID":"/1602016168-cong-ty-tnhh-mot-thanh-vien-568-hoang-long-phu-tan","ID":0,"MaSoThue":"1602016168","NgayCap":"2016-08-09T00:00:00Z","Title":"CôNG TY TNHH MộT THàNH VIêN 568 HOàNG LONG PHú TâN","DiaChiCongTy":"ấp Mỹ Hóa II - Xã Tân Hòa - Huyện Phú Tân - An Giang","Created":"2016-08-11T09:07:07Z","Updated":"2016-09-10T17:26:39Z","IsDelete":false,"RequestChanged":false,"ExitsInGDT":false,"SourceID":0,"TinhThanhID":0,"TinhThanhTitle":"An Giang","TinhThanhTitleAscii":"/an-giang","QuanHuyenID":0,"DSTags":["1602016168","An Giang",null]},{"Type":11,"SolrID":"/1602011346-cong-ty-tnhh-mot-thanh-vien-luong-thuc-duc-huy","ID":0,"MaSoThue":"1602011346","NgayCap":"2016-05-30T00:00:00Z","Title":"Công Ty TNHH Một Thành Viên Lương Thực Đức Huy","DiaChiCongTy":"Tổ 10, ấp Hậu Giang 2 - Xã Tân Hòa - Huyện Phú Tân - An Giang","Created":"2016-06-10T10:15:45Z","Updated":"2016-06-10T10:15:45Z","IsDelete":false,"RequestChanged":false,"ExitsInGDT":false,"SourceID":0,"TinhThanhID":0,"TinhThanhTitle":"An Giang","TinhThanhTitleAscii":"/an-giang","QuanHuyenID":0,"NganhNgheTitle":"Khai khoáng khác chưa được phân vào đâu","NganhNgheTitleAscii":"/nganh-nghe/khai-khoang-khac-chua-duoc-phan-vao-dau-10612","DSTags":["1602011346","An Giang",null]},{"Type":11,"SolrID":"/1602009019-cong-ty-tnhh-mot-thanh-vien-san-xuat-kinh-doanh-thep-tuan-thanh","ID":0,"MaSoThue":"1602009019","NgayCap":"2016-05-10T00:00:00Z","Title":"Công Ty TNHH Một Thành Viên Sản Xuất Kinh Doanh Thép Tuấn Thanh","DiaChiCongTy":"ấp Mỹ Hoá 2 - Xã Tân Hòa - Huyện Phú Tân - An Giang","Created":"2016-05-12T11:35:27Z","Updated":"2016-05-12T11:35:27Z","IsDelete":false,"RequestChanged":false,"ExitsInGDT":false,"SourceID":0,"TinhThanhID":0,"TinhThanhTitle":"An Giang","TinhThanhTitleAscii":"/an-giang","QuanHuyenID":0,"NganhNgheTitle":"Gia công cơ khí; xử lý và tráng phủ kim loại","NganhNgheTitleAscii":"/nganh-nghe/gia-cong-co-khi-xu-ly-va-trang-phu-kim-loai","DSTags":["1602009019","An Giang",null]},{"Type":11,"SolrID":"/1602000182-doanh-nghiep-tn-26-3-phu-tan","ID":0,"MaSoThue":"1602000182","NgayCap":"2016-01-26T00:00:00Z","Title":"Doanh Nghiệp TN 26/3 Phú Tân","DiaChiCongTy":"Số 600, ấp Hậu Giang 1 - Xã Tân Hòa - Huyện Phú Tân - An Giang","Created":"2016-01-27T10:10:05Z","Updated":"2016-01-27T10:10:05Z","IsDelete":false,"RequestChanged":false,"ExitsInGDT":false,"SourceID":0,"TinhThanhID":0,"TinhThanhTitle":"An Giang","TinhThanhTitleAscii":"/an-giang","QuanHuyenID":0,"NganhNgheTitle":"Hoạt động xây dựng chuyên dụng khác","NganhNgheTitleAscii":"/nganh-nghe/hoat-dong-xay-dung-chuyen-dung-khac","DSTags":["1602000182","An Giang",null]},{"Type":11,"SolrID":"/1601973781-doanh-nghiep-tn-568-karaoke-phu-tan","ID":0,"MaSoThue":"1601973781","NgayCap":"2015-05-29T00:00:00Z","Title":"Doanh Nghiệp TN 568 Karaoke Phú Tân","DiaChiCongTy":"ấp Mỹ Hóa II - Xã Tân Hòa - Huyện Phú Tân - An Giang","Created":"2015-11-18T04:51:20Z","Updated":"2015-11-18T04:51:20Z","IsDelete":false,"RequestChanged":false,"ExitsInGDT":false,"SourceID":0,"TinhThanhID":0,"TinhThanhTitle":"An Giang","TinhThanhTitleAscii":"/an-giang","QuanHuyenID":0,"NganhNgheTitle":"Hoạt động vui chơi giải trí khác chưa được phân vào đâu","NganhNgheTitleAscii":"/nganh-nghe/hoat-dong-vui-choi-giai-tri-khac-chua-duoc-phan-vao-dau","DSTags":["1601973781","An Giang",null]},{"Type":11,"SolrID":"/1601970501-cong-ty-tnhh-thanh-dat-phu-tan","ID":0,"MaSoThue":"1601970501","NgayCap":"2015-04-22T00:00:00Z","Title":"Công Ty TNHH Thành Đạt Phú Tân","DiaChiCongTy":"ấp Hậu Giang I - Xã Tân Hòa - Huyện Phú Tân - An Giang","Created":"2015-11-17T09:26:37Z","Updated":"2015-11-17T09:26:37Z","IsDelete":false,"RequestChanged":false,"ExitsInGDT":false,"SourceID":0,"TinhThanhID":0,"TinhThanhTitle":"An Giang","TinhThanhTitleAscii":"/an-giang","QuanHuyenID":0,"NganhNgheTitle":"Hoạt động vui chơi giải trí khác chưa được phân vào đâu","NganhNgheTitleAscii":"/nganh-nghe/hoat-dong-vui-choi-giai-tri-khac-chua-duoc-phan-vao-dau","DSTags":["1601970501","An Giang",null]},{"Type":11,"SolrID":"/1600383490-009-chi-nhanh-8-doanh-nghiep-tn-hiep-hung","ID":0,"MaSoThue":"1600383490-009","NgayCap":"2015-03-09T00:00:00Z","Title":"Chi Nhánh 8- Doanh Nghiệp TN Hiệp Hưng","DiaChiCongTy":"ấp Hậu Giang 1 - Xã Tân Hòa - Huyện Phú Tân - An Giang","Created":"2015-11-18T14:19:12Z","Updated":"2015-11-18T14:19:12Z","IsDelete":false,"RequestChanged":false,"ExitsInGDT":false,"SourceID":0,"TinhThanhID":0,"TinhThanhTitle":"An Giang","TinhThanhTitleAscii":"/an-giang","QuanHuyenID":0,"NganhNgheTitle":"Bán buôn nhiên liệu rắn, lỏng, khí và các sản phẩm liên quan","NganhNgheTitleAscii":"/nganh-nghe/ban-buon-nhien-lieu-ran-long-khi-va-cac-san-pham-lien-quan","DSTags":["1600383490-009","An Giang",null]},{"Type":11,"SolrID":"/1601922956-doanh-nghiep-tn-doan-tuong-co-thai-binh","ID":0,"MaSoThue":"1601922956","NgayCap":"2014-05-15T00:00:00Z","Title":"Doanh Nghiệp TN Đoàn Tuồng Cổ Thái Bình","DiaChiCongTy":"ấp Mỹ Hóa 2 - Xã Tân Hòa - Huyện Phú Tân - An Giang","Created":"2015-11-09T14:54:24Z","Updated":"2015-11-09T14:54:24Z","IsDelete":false,"RequestChanged":false,"ExitsInGDT":false,"SourceID":0,"TinhThanhID":0,"TinhThanhTitle":"An Giang","TinhThanhTitleAscii":"/an-giang","QuanHuyenID":0,"NganhNgheTitle":"Hoạt động sáng tác, nghệ thuật và giải trí","NganhNgheTitleAscii":"/nganh-nghe/hoat-dong-sang-tac-nghe-thuat-va-giai-tri","DSTags":["1601922956","An Giang",null]},{"Type":11,"SolrID":"/1601894480-doanh-nghiep-tn-khai-thac-cho-nhat-minh","ID":0,"MaSoThue":"1601894480","NgayCap":"2013-11-18T00:00:00Z","Title":"Doanh Nghiệp TN Khai Thác Chợ Nhật Minh","DiaChiCongTy":"ấp Hậu Giang 2 - Xã Tân Hòa - Huyện Phú Tân - An Giang","Created":"2015-11-09T23:51:16Z","Updated":"2015-11-09T23:51:16Z","IsDelete":false,"RequestChanged":false,"ExitsInGDT":false,"SourceID":0,"TinhThanhID":0,"TinhThanhTitle":"An Giang","TinhThanhTitleAscii":"/an-giang","QuanHuyenID":0,"NganhNgheTitle":"Hoạt động dịch vụ hỗ trợ kinh doanh khác còn lại chưa được phân vào đâu","NganhNgheTitleAscii":"/nganh-nghe/hoat-dong-dich-vu-ho-tro-kinh-doanh-khac-con-lai-chua-duoc-phan-vao-dau","DSTags":["1601894480","An Giang",null]},{"Type":11,"SolrID":"/1601894057-doanh-nghiep-tn-khai-thac-do-cho-nhu-y","ID":0,"MaSoThue":"1601894057","NgayCap":"2013-11-13T00:00:00Z","Title":"Doanh Nghiệp TN Khai Thác Đò Chợ Như ý","DiaChiCongTy":"Số 555, ấp Hậu Giang 1 - Xã Tân Hòa - Huyện Phú Tân - An Giang","Created":"2015-11-09T23:56:22Z","Updated":"2015-11-09T23:56:22Z","IsDelete":false,"RequestChanged":false,"ExitsInGDT":false,"SourceID":0,"TinhThanhID":0,"TinhThanhTitle":"An Giang","TinhThanhTitleAscii":"/an-giang","QuanHuyenID":0,"NganhNgheTitle":"Hoạt động dịch vụ hỗ trợ kinh doanh khác còn lại chưa được phân vào đâu","NganhNgheTitleAscii":"/nganh-nghe/hoat-dong-dich-vu-ho-tro-kinh-doanh-khac-con-lai-chua-duoc-phan-vao-dau","DSTags":["1601894057","An Giang",null]},{"Type":11,"SolrID":"/1601894064-doanh-nghiep-tn-khai-thac-do-cho-phung-hoang","ID":0,"MaSoThue":"1601894064","NgayCap":"2013-11-13T00:00:00Z","Title":"Doanh Nghiệp TN Khai Thác Đò Chợ Phụng Hoàng","DiaChiCongTy":"Số 584, ấp Hậu Giang 2 - Xã Tân Hòa - Huyện Phú Tân - An Giang","Created":"2015-11-09T23:56:23Z","Updated":"2015-11-09T23:56:23Z","IsDelete":false,"RequestChanged":false,"ExitsInGDT":false,"SourceID":0,"TinhThanhID":0,"TinhThanhTitle":"An Giang","TinhThanhTitleAscii":"/an-giang","QuanHuyenID":0,"NganhNgheTitle":"Hoạt động dịch vụ hỗ trợ kinh doanh khác còn lại chưa được phân vào đâu","NganhNgheTitleAscii":"/nganh-nghe/hoat-dong-dich-vu-ho-tro-kinh-doanh-khac-con-lai-chua-duoc-phan-vao-dau","DSTags":["1601894064","An Giang",null]},{"Type":11,"SolrID":"/1601893695-doanh-nghiep-tn-tiem-vang-kim-hue-phu-tan","ID":0,"MaSoThue":"1601893695","NgayCap":"2013-11-11T00:00:00Z","Title":"Doanh Nghiệp TN Tiệm Vàng Kim Huê Phú Tân","DiaChiCongTy":"Số 600, ấp Hậu Giang I - Xã Tân Hòa - Huyện Phú Tân - An Giang","Created":"2015-11-09T23:51:15Z","Updated":"2015-11-09T23:51:15Z","IsDelete":false,"RequestChanged":false,"ExitsInGDT":false,"SourceID":0,"TinhThanhID":0,"TinhThanhTitle":"An Giang","TinhThanhTitleAscii":"/an-giang","QuanHuyenID":0,"NganhNgheTitle":"Hoạt động cấp tín dụng khác","NganhNgheTitleAscii":"/nganh-nghe/hoat-dong-cap-tin-dung-khac","DSTags":["1601893695","An Giang",null]},{"Type":11,"SolrID":"/1601875304-doanh-nghiep-tn-tiem-vang-vi-linh","ID":0,"MaSoThue":"1601875304","NgayCap":"2013-05-21T00:00:00Z","Title":"Doanh Nghiệp TN Tiệm Vàng Vi Linh","DiaChiCongTy":"ấp Hậu Giang 2 - Xã Tân Hòa - Huyện Phú Tân - An Giang","Created":"2015-11-09T11:55:45Z","Updated":"2015-11-09T11:55:45Z","IsDelete":false,"RequestChanged":false,"ExitsInGDT":false,"SourceID":0,"TinhThanhID":0,"TinhThanhTitle":"An Giang","TinhThanhTitleAscii":"/an-giang","QuanHuyenID":0,"NganhNgheTitle":"Bán buôn kim loại và quặng kim loại","NganhNgheTitleAscii":"/nganh-nghe/ban-buon-kim-loai-va-quang-kim-loai","DSTags":["1601875304","An Giang",null]},{"Type":11,"SolrID":"/1601865031-cong-ty-tnhh-mot-thanh-vien-san-xuat-thuong-mai-dich-vu-may-lam-phat","ID":0,"MaSoThue":"1601865031","NgayCap":"2013-03-05T00:00:00Z","Title":"Công Ty TNHH Một Thành Viên Sản Xuất - Thương Mại - Dịch Vụ May Lâm Phát","DiaChiCongTy":"ấp Hậu Giang I - Xã Tân Hòa - Huyện Phú Tân - An Giang","Created":"2015-11-12T00:02:27Z","Updated":"2015-11-12T00:02:27Z","IsDelete":false,"RequestChanged":false,"ExitsInGDT":false,"SourceID":0,"TinhThanhID":0,"TinhThanhTitle":"An Giang","TinhThanhTitleAscii":"/an-giang","QuanHuyenID":0,"NganhNgheTitle":"Sản xuất vali, túi xách và các loại tương tự, sản xuất yên đệm","NganhNgheTitleAscii":"/nganh-nghe/san-xuat-vali-tui-xach-va-cac-loai-tuong-tu-san-xuat-yen-dem","DSTags":["1601865031","An Giang",null]},{"Type":11,"SolrID":"/1601852963-cong-ty-tnhh-great-canyon","ID":0,"MaSoThue":"1601852963","NgayCap":"2012-12-27T00:00:00Z","Title":"Công ty TNHH GREAT CANYON","DiaChiCongTy":"Cụm tiểu thủ công Tân Hòa(Cụm dân cư Lộ Sứ - xã Tân Hòa) - Xã Tân Hòa - Huyện Phú Tân - An Giang","Created":"2015-11-12T01:00:23Z","Updated":"2015-11-12T01:00:23Z","IsDelete":false,"RequestChanged":false,"ExitsInGDT":false,"SourceID":0,"TinhThanhID":0,"TinhThanhTitle":"An Giang","TinhThanhTitleAscii":"/an-giang","QuanHuyenID":0,"NganhNgheTitle":"Sản xuất da và các sản phẩm có liên quan","NganhNgheTitleAscii":"/nganh-nghe/san-xuat-da-va-cac-san-pham-co-lien-quan","DSTags":["1601852963","An Giang",null]},{"Type":11,"SolrID":"/1601841658-cong-ty-cp-phuong-tan-trung","ID":0,"MaSoThue":"1601841658","NgayCap":"2012-11-14T00:00:00Z","Title":"Công Ty CP Phương Tân Trung","DiaChiCongTy":"ấp Hậu Giang 1 - Xã Tân Hòa - Huyện Phú Tân - An Giang","Created":"2015-11-12T02:05:36Z","Updated":"2015-11-12T02:05:36Z","IsDelete":false,"RequestChanged":false,"ExitsInGDT":false,"SourceID":0,"TinhThanhID":0,"TinhThanhTitle":"An Giang","TinhThanhTitleAscii":"/an-giang","QuanHuyenID":0,"NganhNgheTitle":"Bán buôn vật liệu, thiết bị lắp đặt khác trong xây dựng","NganhNgheTitleAscii":"/nganh-nghe/ban-buon-vat-lieu-thiet-bi-lap-dat-khac-trong-xay-dung","DSTags":["1601841658","An Giang",null]},{"Type":11,"SolrID":"/1601668185-doanh-nghiep-tn-1688","ID":0,"MaSoThue":"1601668185","NgayCap":"2012-03-06T00:00:00Z","Title":"Doanh Nghiệp TN 1688","DiaChiCongTy":"Tỉnh lộ 954, ấp Hậu Giang 1 - Xã Tân Hòa - Huyện Phú Tân - An Giang","Created":"2015-11-11T06:25:38Z","Updated":"2015-11-11T06:25:38Z","IsDelete":false,"RequestChanged":false,"ExitsInGDT":false,"SourceID":0,"TinhThanhID":0,"TinhThanhTitle":"An Giang","TinhThanhTitleAscii":"/an-giang","QuanHuyenID":0,"NganhNgheTitle":"Dịch vụ tắm hơi, massage và các dịch vụ tăng cường sức khoẻ tương tự (trừ hoạt động thể thao)","NganhNgheTitleAscii":"/nganh-nghe/dich-vu-tam-hoi-massage-va-cac-dich-vu-tang-cuong-suc-khoe-tuong-tu-tru-hoat-dong-the-thao","DSTags":["1601668185","An Giang",null]},{"Type":11,"SolrID":"/1600380080-001-chi-nhanh-doanh-nghiep-tu-nhan-nguyen-van-viet-cua-hang-xang-dau-nguyen-van-viet","ID":0,"MaSoThue":"1600380080-001","NgayCap":"2010-12-06T00:00:00Z","Title":"Chi Nhánh Doanh Nghiệp Tư Nhân Nguyễn Văn Việt - Cửa Hàng Xăng Dầu Nguyễn Văn Việt","DiaChiCongTy":"Xà lan AG-09462, Tổ 4, ấp Hậu Giang 1 - Xã Tân Hòa - Huyện Phú Tân - An Giang","Created":"2015-11-10T01:39:15Z","Updated":"2015-11-10T01:39:15Z","IsDelete":false,"RequestChanged":false,"ExitsInGDT":false,"SourceID":0,"TinhThanhID":0,"TinhThanhTitle":"An Giang","TinhThanhTitleAscii":"/an-giang","QuanHuyenID":0,"NganhNgheTitle":"Bán buôn nhiên liệu rắn, lỏng, khí và các sản phẩm liên quan","NganhNgheTitleAscii":"/nganh-nghe/ban-buon-nhien-lieu-ran-long-khi-va-cac-san-pham-lien-quan","DSTags":["1600380080-001","An Giang",null]},{"Type":11,"SolrID":"/1601316056-cty-tnhh-luong-thuc-phuoc-thinh","ID":0,"MaSoThue":"1601316056","NgayCap":"2010-03-24T00:00:00Z","Title":"Cty TNHH Lương Thực Phước Thịnh","DiaChiCongTy":"ấp Hậu Giang 1 - Xã Tân Hòa - Huyện Phú Tân - An Giang","Created":"2015-11-09T03:51:38Z","Updated":"2015-11-09T03:51:38Z","IsDelete":false,"RequestChanged":false,"ExitsInGDT":false,"SourceID":0,"TinhThanhID":0,"TinhThanhTitle":"An Giang","TinhThanhTitleAscii":"/an-giang","QuanHuyenID":0,"NganhNgheTitle":"Bán buôn (trừ ô tô, mô tô, xe máy và xe có động cơ khác)","NganhNgheTitleAscii":"/nganh-nghe/ban-buon-tru-o-to-mo-to-xe-may-va-xe-co-dong-co-khac","DSTags":["1601316056","An Giang",null]},{"Type":11,"SolrID":"/1601194672-truong-mau-giao-tan-hoa","ID":0,"MaSoThue":"1601194672","NgayCap":"2009-07-22T00:00:00Z","Title":"Trường Mẫu Giáo Tân Hòa","DiaChiCongTy":"ấp Mỹ Hóa II, - Xã Tân Hòa - Huyện Phú Tân - An Giang","Created":"2015-11-16T10:48:43Z","Updated":"2015-11-16T10:48:43Z","IsDelete":false,"RequestChanged":false,"ExitsInGDT":false,"SourceID":0,"TinhThanhID":0,"TinhThanhTitle":"An Giang","TinhThanhTitleAscii":"/an-giang","QuanHuyenID":0,"NganhNgheTitle":"Giáo dục mầm non","NganhNgheTitleAscii":"/nganh-nghe/giao-duc-mam-non","DSTags":["1601194672","An Giang",null]},{"Type":11,"SolrID":"/1601193767-truong-trung-hoc-co-so-tan-hoa","ID":0,"MaSoThue":"1601193767","NgayCap":"2009-07-20T00:00:00Z","Title":"Trường Trung học Cơ sở Tân Hòa","DiaChiCongTy":"ấp Hậu Giang I - Xã Tân Hòa - Huyện Phú Tân - An Giang","Created":"2015-11-16T11:05:44Z","Updated":"2015-11-16T11:05:44Z","IsDelete":false,"RequestChanged":false,"ExitsInGDT":false,"SourceID":0,"TinhThanhID":0,"TinhThanhTitle":"An Giang","TinhThanhTitleAscii":"/an-giang","QuanHuyenID":0,"NganhNgheTitle":"Giáo dục trung học cơ sở và trung học phổ thông","NganhNgheTitleAscii":"/nganh-nghe/giao-duc-trung-hoc-co-so-va-trung-hoc-pho-thong","DSTags":["1601193767","An Giang",null]},{"Type":11,"SolrID":"/1600676465-doanh-nghiep-tn-tran-huynh","ID":0,"MaSoThue":"1600676465","NgayCap":"2004-01-14T00:00:00Z","Title":"Doanh Nghiệp Tn Trần Huỳnh","DiaChiCongTy":"ấp Hậu Giang 1 - Xã Tân Hòa - Huyện Phú Tân - An Giang","Created":"2016-11-04T08:20:24Z","Updated":"2016-11-04T08:20:24Z","IsDelete":false,"RequestChanged":false,"ExitsInGDT":false,"SourceID":0,"TinhThanhID":0,"TinhThanhTitle":"An Giang","TinhThanhTitleAscii":"/an-giang","QuanHuyenID":0,"NganhNgheTitle":"Bán buôn nhiên liệu rắn, lỏng, khí và các sản phẩm liên quan","NganhNgheTitleAscii":"/nganh-nghe/ban-buon-nhien-lieu-ran-long-khi-va-cac-san-pham-lien-quan","DSTags":["1600676465","An Giang",null]},{"Type":11,"SolrID":"/1600389284-001-chi-nhanh-le-hieu-nghia","ID":0,"MaSoThue":"1600389284-001","NgayCap":"2003-07-03T00:00:00Z","Title":"Chi Nhánh Lê Hiếu Nghĩa","DiaChiCongTy":"Số 126 ấp Trung 2, - Xã Tân Hòa - Huyện Phú Tân - An Giang","Created":"2015-11-09T05:13:55Z","Updated":"2015-11-09T05:13:55Z","IsDelete":false,"RequestChanged":false,"ExitsInGDT":false,"SourceID":0,"TinhThanhID":0,"TinhThanhTitle":"An Giang","TinhThanhTitleAscii":"/an-giang","QuanHuyenID":0,"NganhNgheTitle":"Bán lẻ nhiên liệu động cơ trong các cửa hàng chuyên doanh","NganhNgheTitleAscii":"/nganh-nghe/ban-le-nhien-lieu-dong-co-trong-cac-cua-hang-chuyen-doanh","DSTags":["1600389284-001","An Giang",null]}]}