{"ID":14004,"SolrID":"/bac-can/huyen-cho-moi/thi-tran-chi-moi","Title":"Thị Trấn Chị Mớí","TinhThanhTitle":"Bắc Cạn","QuanHuyenTitle":"Huyện Chợ Mới","QuanHuyenID":344,"TinhThanhID":47,"Url":"https://thongtindoanhnghiep.co/api/company?l=/bac-can/huyen-cho-moi/thi-tran-chi-moi","Total":1,"List":[{"Type":11,"SolrID":"/4700115564-trinh-thi-phuong","ID":0,"MaSoThue":"4700115564","NgayCap":"2009-08-05T00:00:00Z","Title":"Trịnh Thị Phượng","DiaChiCongTy":"Tổ 1 Thị trấn Chị Mớí - Huyện Chợ mới - Bắc Cạn","Created":"2015-11-16T09:56:23Z","Updated":"2015-11-16T09:56:23Z","IsDelete":false,"RequestChanged":false,"ExitsInGDT":false,"SourceID":0,"TinhThanhID":0,"TinhThanhTitle":"Bắc Cạn","TinhThanhTitleAscii":"/bac-can","QuanHuyenID":0,"NganhNgheTitle":"NÔNG NGHIỆP, LÂM NGHIỆP VÀ THUỶ SẢN","NganhNgheTitleAscii":"/nganh-nghe/nong-nghiep-lam-nghiep-va-thuy-san","DSTags":["4700115564","Bắc Cạn",null]}]}