{"ID":13306,"SolrID":"/bac-can/huyen-cho-moi/xa-binh-van","Title":"Xã Bình Văn","TinhThanhTitle":"Bắc Cạn","QuanHuyenTitle":"Huyện Chợ Mới","QuanHuyenID":344,"TinhThanhID":47,"Url":"https://thongtindoanhnghiep.co/api/company?l=/bac-can/huyen-cho-moi/xa-binh-van","Total":3,"List":[{"Type":11,"SolrID":"/4700221530-doanh-nghiep-tn-binh-van","ID":0,"MaSoThue":"4700221530","NgayCap":"2011-12-22T00:00:00Z","Title":"Doanh Nghiệp TN Bình Văn","DiaChiCongTy":"Thôn Bản Mới - Xã Bình Văn - Huyện Chợ mới - Bắc Cạn","Created":"2015-11-10T02:04:56Z","Updated":"2015-11-10T02:04:56Z","IsDelete":false,"RequestChanged":false,"ExitsInGDT":false,"SourceID":0,"TinhThanhID":0,"TinhThanhTitle":"Bắc Cạn","TinhThanhTitleAscii":"/bac-can","QuanHuyenID":0,"NganhNgheTitle":"Sản xuất giường, tủ, bàn, ghế bằng gỗ","NganhNgheTitleAscii":"/nganh-nghe/san-xuat-giuong-tu-ban-ghe-bang-go","DSTags":["4700221530","Bắc Cạn",null]},{"Type":11,"SolrID":"/4700144318-htx-thang-loi","ID":0,"MaSoThue":"4700144318","NgayCap":"2003-12-31T00:00:00Z","Title":"HTX Thắng Lợi","DiaChiCongTy":"Bản Mới Xã Bình Văn - Huyện Chợ mới - Bắc Cạn","Created":"2015-11-16T15:34:59Z","Updated":"2015-11-16T15:34:59Z","IsDelete":false,"RequestChanged":false,"ExitsInGDT":false,"SourceID":0,"TinhThanhID":0,"TinhThanhTitle":"Bắc Cạn","TinhThanhTitleAscii":"/bac-can","QuanHuyenID":0,"NganhNgheTitle":"Khai thác đá, cát, sỏi, đất sét","NganhNgheTitleAscii":"/nganh-nghe/khai-thac-da-cat-soi-dat-set","DSTags":["4700144318","Bắc Cạn",null]},{"Type":11,"SolrID":"/4700125192-ubnd-xa-binh-van","ID":0,"MaSoThue":"4700125192","NgayCap":"2000-04-18T00:00:00Z","Title":"UBND xã Bình Văn","DiaChiCongTy":"Xã Bình Văn - Huyện Chợ mới - Bắc Cạn","Created":"2015-11-16T14:34:31Z","Updated":"2015-11-16T14:34:31Z","IsDelete":false,"RequestChanged":false,"ExitsInGDT":false,"SourceID":0,"TinhThanhID":0,"TinhThanhTitle":"Bắc Cạn","TinhThanhTitleAscii":"/bac-can","QuanHuyenID":0,"NganhNgheTitle":"Hoạt động dịch vụ tài chính khác chưa được phân vào đâu (trừ bảo hiểm và bảo hiểm xã hội)","NganhNgheTitleAscii":"/nganh-nghe/hoat-dong-dich-vu-tai-chinh-khac-chua-duoc-phan-vao-dau-tru-bao-hiem-va-bao-hiem-xa-hoi","DSTags":["4700125192","Bắc Cạn",null]}]}