{"ID":5927,"SolrID":"/bac-can/huyen-cho-moi/xa-cao-ky","Title":"Xã Cao Kỳ","TinhThanhTitle":"Bắc Cạn","QuanHuyenTitle":"Huyện Chợ Mới","QuanHuyenID":344,"TinhThanhID":47,"Url":"https://thongtindoanhnghiep.co/api/company?l=/bac-can/huyen-cho-moi/xa-cao-ky","Total":5,"List":[{"Type":11,"SolrID":"/4700264037-cong-ty-co-phan-hoang-long-bac-kan-cho-moi","ID":0,"MaSoThue":"4700264037","NgayCap":"2016-09-14T00:00:00Z","Title":"Công Ty Cổ Phần Hoàng Long Bắc Kạn - Chợ Mới","DiaChiCongTy":"Thôn Nà Cà - Xã Cao Kỳ - Huyện Chợ mới - Bắc Cạn","Created":"2016-09-16T15:07:27Z","Updated":"2016-09-16T15:07:27Z","IsDelete":false,"RequestChanged":false,"ExitsInGDT":false,"SourceID":0,"TinhThanhID":0,"TinhThanhTitle":"Bắc Cạn","TinhThanhTitleAscii":"/bac-can","QuanHuyenID":0,"DSTags":["4700264037","Bắc Cạn",null]},{"Type":11,"SolrID":"/4700262914-cong-ty-tnhh-rung-xanh-bac-kan","ID":0,"MaSoThue":"4700262914","NgayCap":"2016-06-10T00:00:00Z","Title":"Công Ty TNHH Rừng Xanh Bắc Kạn","DiaChiCongTy":"Bản Phố - Xã Cao Kỳ - Huyện Chợ mới - Bắc Cạn","Created":"2016-06-21T10:01:15Z","Updated":"2016-06-21T10:01:15Z","IsDelete":false,"RequestChanged":false,"ExitsInGDT":false,"SourceID":0,"TinhThanhID":0,"TinhThanhTitle":"Bắc Cạn","TinhThanhTitleAscii":"/bac-can","QuanHuyenID":0,"NganhNgheTitle":"Trồng rừng và chăm sóc rừng","NganhNgheTitleAscii":"/nganh-nghe/trong-rung-va-cham-soc-rung","DSTags":["4700262914","Bắc Cạn",null]},{"Type":11,"SolrID":"/4700258562-cong-ty-cp-hoang-long-bac-kan","ID":0,"MaSoThue":"4700258562","NgayCap":"2015-10-06T00:00:00Z","Title":"Công Ty CP Hoằng Long Bắc Kạn","DiaChiCongTy":"Bản Phố - Xã Cao Kỳ - Huyện Chợ mới - Bắc Cạn","Created":"2015-11-19T03:37:11Z","Updated":"2015-11-19T03:37:11Z","IsDelete":false,"RequestChanged":false,"ExitsInGDT":false,"SourceID":0,"TinhThanhID":0,"TinhThanhTitle":"Bắc Cạn","TinhThanhTitleAscii":"/bac-can","QuanHuyenID":0,"NganhNgheTitle":"Trồng rừng và chăm sóc rừng","NganhNgheTitleAscii":"/nganh-nghe/trong-rung-va-cham-soc-rung","DSTags":["4700258562","Bắc Cạn",null]},{"Type":11,"SolrID":"/4700187600-ban-pt-xa-cao-ky-thuc-hien-ctdp-lam-chu-dau-tu-nham-tang-cuong-nl-qh-cong-dong","ID":0,"MaSoThue":"4700187600","NgayCap":"2009-07-13T00:00:00Z","Title":"Ban PT xã cao kỳ thực hiện CTĐP làm chủ đầu tư nhằm tăng cường NL&QH cộng đồng","DiaChiCongTy":"Thôn Hua Phai, xã Cao kỳ - Huyện Chợ mới - Bắc Cạn","Created":"2015-11-16T11:37:49Z","Updated":"2015-11-16T11:37:49Z","IsDelete":false,"RequestChanged":false,"ExitsInGDT":false,"SourceID":0,"TinhThanhID":0,"TinhThanhTitle":"Bắc Cạn","TinhThanhTitleAscii":"/bac-can","QuanHuyenID":0,"NganhNgheTitle":"NÔNG NGHIỆP, LÂM NGHIỆP VÀ THUỶ SẢN","NganhNgheTitleAscii":"/nganh-nghe/nong-nghiep-lam-nghiep-va-thuy-san","DSTags":["4700187600","Bắc Cạn",null]},{"Type":11,"SolrID":"/4700125273-ubnd-xa-cao-ky","ID":0,"MaSoThue":"4700125273","NgayCap":"2000-04-18T00:00:00Z","Title":"UBND xã Cao Kỳ","DiaChiCongTy":"Xã Cao Kỳ - Huyện Chợ mới - Bắc Cạn","Created":"2015-11-16T14:34:37Z","Updated":"2015-11-16T14:34:37Z","IsDelete":false,"RequestChanged":false,"ExitsInGDT":false,"SourceID":0,"TinhThanhID":0,"TinhThanhTitle":"Bắc Cạn","TinhThanhTitleAscii":"/bac-can","QuanHuyenID":0,"NganhNgheTitle":"Hoạt động dịch vụ tài chính khác chưa được phân vào đâu (trừ bảo hiểm và bảo hiểm xã hội)","NganhNgheTitleAscii":"/nganh-nghe/hoat-dong-dich-vu-tai-chinh-khac-chua-duoc-phan-vao-dau-tru-bao-hiem-va-bao-hiem-xa-hoi","DSTags":["4700125273","Bắc Cạn",null]}]}