{"ID":6061,"SolrID":"/bac-can/huyen-cho-moi/xa-mai-lap","Title":"Xã Mai Lạp","TinhThanhTitle":"Bắc Cạn","QuanHuyenTitle":"Huyện Chợ Mới","QuanHuyenID":344,"TinhThanhID":47,"Url":"https://thongtindoanhnghiep.co/api/company?l=/bac-can/huyen-cho-moi/xa-mai-lap","Total":4,"List":[{"Type":11,"SolrID":"/4700253726-cong-ty-tnhh-mot-thanh-vien-thanh-khiet","ID":0,"MaSoThue":"4700253726","NgayCap":"2014-09-26T00:00:00Z","Title":"Công Ty TNHH Một Thành Viên Thanh Khiết","DiaChiCongTy":"Thôn Khau Ràng - Xã Mai Lạp - Huyện Chợ mới - Bắc Cạn","Created":"2015-11-10T05:47:48Z","Updated":"2015-11-10T05:47:48Z","IsDelete":false,"RequestChanged":false,"ExitsInGDT":false,"SourceID":0,"TinhThanhID":0,"TinhThanhTitle":"Bắc Cạn","TinhThanhTitleAscii":"/bac-can","QuanHuyenID":0,"NganhNgheTitle":"Bán buôn nhiên liệu rắn, lỏng, khí và các sản phẩm liên quan","NganhNgheTitleAscii":"/nganh-nghe/ban-buon-nhien-lieu-ran-long-khi-va-cac-san-pham-lien-quan","DSTags":["4700253726","Bắc Cạn",null]},{"Type":11,"SolrID":"/4700248003-hop-tac-xa-phu-thang","ID":0,"MaSoThue":"4700248003","NgayCap":"2014-01-25T00:00:00Z","Title":"Hợp tác xã Phú Thắng","DiaChiCongTy":"Xã Mai Lạp - Xã Mai Lạp - Huyện Chợ mới - Bắc Cạn","Created":"2015-11-17T12:30:06Z","Updated":"2015-11-17T12:30:06Z","IsDelete":false,"RequestChanged":false,"ExitsInGDT":false,"SourceID":0,"TinhThanhID":0,"TinhThanhTitle":"Bắc Cạn","TinhThanhTitleAscii":"/bac-can","QuanHuyenID":0,"NganhNgheTitle":"Cưa, xẻ, bào gỗ và bảo quản gỗ","NganhNgheTitleAscii":"/nganh-nghe/cua-xe-bao-go-va-bao-quan-go","DSTags":["4700248003","Bắc Cạn",null]},{"Type":11,"SolrID":"/4700159402-002-chi-nhanh-cong-ty-co-phan-binh-vuong-ii","ID":0,"MaSoThue":"4700159402-002","NgayCap":"2008-04-28T00:00:00Z","Title":"Chi nhánh công ty cổ phần Bình Vương II","DiaChiCongTy":"Thôn 3, Xã Mai Lạp - Huyện Chợ mới - Bắc Cạn","Created":"2015-11-19T03:22:20Z","Updated":"2015-11-19T03:22:20Z","IsDelete":false,"RequestChanged":false,"ExitsInGDT":false,"SourceID":0,"TinhThanhID":0,"TinhThanhTitle":"Bắc Cạn","TinhThanhTitleAscii":"/bac-can","QuanHuyenID":0,"NganhNgheTitle":"Sản xuất sản phẩm khác từ gỗ; sản xuất sản phẩm từ tre, nứa, rơm, rạ và vật liệu tết bện","NganhNgheTitleAscii":"/nganh-nghe/san-xuat-san-pham-khac-tu-go-san-xuat-san-pham-tu-tre-nua-rom-ra-va-vat-lieu-tet-ben","DSTags":["4700159402-002","Bắc Cạn",null]},{"Type":11,"SolrID":"/4700125298-ubnd-xa-mai-lap","ID":0,"MaSoThue":"4700125298","NgayCap":"2000-04-18T00:00:00Z","Title":"UBND xã Mai Lạp","DiaChiCongTy":"Xã Mai Lạp - Huyện Chợ mới - Bắc Cạn","Created":"2015-11-16T14:34:34Z","Updated":"2015-11-16T14:34:34Z","IsDelete":false,"RequestChanged":false,"ExitsInGDT":false,"SourceID":0,"TinhThanhID":0,"TinhThanhTitle":"Bắc Cạn","TinhThanhTitleAscii":"/bac-can","QuanHuyenID":0,"NganhNgheTitle":"Hoạt động dịch vụ tài chính khác chưa được phân vào đâu (trừ bảo hiểm và bảo hiểm xã hội)","NganhNgheTitleAscii":"/nganh-nghe/hoat-dong-dich-vu-tai-chinh-khac-chua-duoc-phan-vao-dau-tru-bao-hiem-va-bao-hiem-xa-hoi","DSTags":["4700125298","Bắc Cạn",null]}]}