{"ID":9042,"SolrID":"/bac-can/huyen-cho-moi/xa-nong-thinh","Title":"Xã Nông Thịnh","TinhThanhTitle":"Bắc Cạn","QuanHuyenTitle":"Huyện Chợ Mới","QuanHuyenID":344,"TinhThanhID":47,"Url":"https://thongtindoanhnghiep.co/api/company?l=/bac-can/huyen-cho-moi/xa-nong-thinh","Total":4,"List":[{"Type":11,"SolrID":"/4700198627-truong-tieu-hoc-nong-thinh","ID":0,"MaSoThue":"4700198627","NgayCap":"2010-11-12T00:00:00Z","Title":"Trường tiểu học Nông Thịnh","DiaChiCongTy":"Xã Nông Thịnh - Huyện Chợ mới - Bắc Cạn","Created":"2015-11-16T05:21:51Z","Updated":"2015-11-16T05:21:51Z","IsDelete":false,"RequestChanged":false,"ExitsInGDT":false,"SourceID":0,"TinhThanhID":0,"TinhThanhTitle":"Bắc Cạn","TinhThanhTitleAscii":"/bac-can","QuanHuyenID":0,"NganhNgheTitle":"Giáo dục tiểu học","NganhNgheTitleAscii":"/nganh-nghe/giao-duc-tieu-hoc","DSTags":["4700198627","Bắc Cạn",null]},{"Type":11,"SolrID":"/4700143730-002-xi-nghiep-giong-tu-van-lam-nghiep-nong-thinh","ID":0,"MaSoThue":"4700143730-002","NgayCap":"2003-11-07T00:00:00Z","Title":"Xí nghiệp Giống & tư vấn lâm nghiệp Nông Thịnh","DiaChiCongTy":"Thôn Cạm Lẹng - Xã Nông Thịnh - Huyện Chợ mới - Bắc Cạn","Created":"2015-11-10T02:05:12Z","Updated":"2015-11-10T02:05:12Z","IsDelete":false,"RequestChanged":false,"ExitsInGDT":false,"SourceID":0,"TinhThanhID":0,"TinhThanhTitle":"Bắc Cạn","TinhThanhTitleAscii":"/bac-can","QuanHuyenID":0,"NganhNgheTitle":"Lâm nghiệp và hoạt động dịch vụ có liên quan","NganhNgheTitleAscii":"/nganh-nghe/lam-nghiep-va-hoat-dong-dich-vu-co-lien-quan","DSTags":["4700143730-002","Bắc Cạn",null]},{"Type":11,"SolrID":"/4700143730-001-xi-nghiep-giong-vat-tu-thiet-ke-lam-nghiep-nong-thinh","ID":0,"MaSoThue":"4700143730-001","NgayCap":"2003-11-07T00:00:00Z","Title":"Xí nghiệp giống - Vật tư- Thiết kế lâm nghiệp Nông Thịnh","DiaChiCongTy":"Thôn Cam Leng- Xã Nông Thịnh - Huyện Chợ mới - Bắc Cạn","Created":"2015-11-18T09:27:24Z","Updated":"2015-11-18T09:27:24Z","IsDelete":false,"RequestChanged":false,"ExitsInGDT":false,"SourceID":0,"TinhThanhID":0,"TinhThanhTitle":"Bắc Cạn","TinhThanhTitleAscii":"/bac-can","QuanHuyenID":0,"NganhNgheTitle":"Lâm nghiệp và hoạt động dịch vụ có liên quan","NganhNgheTitleAscii":"/nganh-nghe/lam-nghiep-va-hoat-dong-dich-vu-co-lien-quan","DSTags":["4700143730-001","Bắc Cạn",null]},{"Type":11,"SolrID":"/4700125202-ubnd-xa-nong-thinh","ID":0,"MaSoThue":"4700125202","NgayCap":"2000-04-18T00:00:00Z","Title":"UBND xã Nông Thịnh","DiaChiCongTy":"Xã Nông Thịnh - Huyện Chợ mới - Bắc Cạn","Created":"2015-11-16T14:34:30Z","Updated":"2015-11-16T14:34:30Z","IsDelete":false,"RequestChanged":false,"ExitsInGDT":false,"SourceID":0,"TinhThanhID":0,"TinhThanhTitle":"Bắc Cạn","TinhThanhTitleAscii":"/bac-can","QuanHuyenID":0,"NganhNgheTitle":"Hoạt động dịch vụ tài chính khác chưa được phân vào đâu (trừ bảo hiểm và bảo hiểm xã hội)","NganhNgheTitleAscii":"/nganh-nghe/hoat-dong-dich-vu-tai-chinh-khac-chua-duoc-phan-vao-dau-tru-bao-hiem-va-bao-hiem-xa-hoi","DSTags":["4700125202","Bắc Cạn",null]}]}