{"ID":9004,"SolrID":"/bac-can/huyen-cho-moi/xa-quang-chu","Title":"Xã Quảng Chu","TinhThanhTitle":"Bắc Cạn","QuanHuyenTitle":"Huyện Chợ Mới","QuanHuyenID":344,"TinhThanhID":47,"Url":"https://thongtindoanhnghiep.co/api/company?l=/bac-can/huyen-cho-moi/xa-quang-chu","Total":8,"List":[{"Type":11,"SolrID":"/4700257551-cong-ty-tnhh-van-tai-cong-truong","ID":0,"MaSoThue":"4700257551","NgayCap":"2015-06-11T00:00:00Z","Title":"Công Ty TNHH Vận Tải Công Trường","DiaChiCongTy":"Thôn Đồng Luông - Xã Quảng Chu - Huyện Chợ mới - Bắc Cạn","Created":"2015-11-18T09:39:28Z","Updated":"2015-11-18T09:39:28Z","IsDelete":false,"RequestChanged":false,"ExitsInGDT":false,"SourceID":0,"TinhThanhID":0,"TinhThanhTitle":"Bắc Cạn","TinhThanhTitleAscii":"/bac-can","QuanHuyenID":0,"NganhNgheTitle":"Vận tải hàng hóa bằng đường bộ","NganhNgheTitleAscii":"/nganh-nghe/van-tai-hang-hoa-bang-duong-bo","DSTags":["4700257551","Bắc Cạn",null]},{"Type":11,"SolrID":"/4700243742-truong-mam-non-quang-chu","ID":0,"MaSoThue":"4700243742","NgayCap":"2013-07-23T00:00:00Z","Title":"Trường Mầm non Quảng Chu","DiaChiCongTy":"Đèo Vai 2 - Xã Quảng Chu - Huyện Chợ mới - Bắc Cạn","Created":"2015-11-17T08:01:10Z","Updated":"2015-11-17T08:01:10Z","IsDelete":false,"RequestChanged":false,"ExitsInGDT":false,"SourceID":0,"TinhThanhID":0,"TinhThanhTitle":"Bắc Cạn","TinhThanhTitleAscii":"/bac-can","QuanHuyenID":0,"NganhNgheTitle":"Giáo dục mầm non","NganhNgheTitleAscii":"/nganh-nghe/giao-duc-mam-non","DSTags":["4700243742","Bắc Cạn",null]},{"Type":11,"SolrID":"/4700243767-truong-tieu-hoc-quang-chu-ii","ID":0,"MaSoThue":"4700243767","NgayCap":"2013-07-23T00:00:00Z","Title":"Trường Tiểu học Quảng Chu II","DiaChiCongTy":"Làng Chẽ - Xã Quảng Chu - Huyện Chợ mới - Bắc Cạn","Created":"2015-11-17T08:01:11Z","Updated":"2015-11-17T08:01:11Z","IsDelete":false,"RequestChanged":false,"ExitsInGDT":false,"SourceID":0,"TinhThanhID":0,"TinhThanhTitle":"Bắc Cạn","TinhThanhTitleAscii":"/bac-can","QuanHuyenID":0,"NganhNgheTitle":"Giáo dục tiểu học","NganhNgheTitleAscii":"/nganh-nghe/giao-duc-tieu-hoc","DSTags":["4700243767","Bắc Cạn",null]},{"Type":11,"SolrID":"/4700243774-truong-thcs-quang-chu","ID":0,"MaSoThue":"4700243774","NgayCap":"2013-07-23T00:00:00Z","Title":"Trường THCS Quảng Chu","DiaChiCongTy":"Con Kiến - Xã Quảng Chu - Huyện Chợ mới - Bắc Cạn","Created":"2015-11-17T08:01:11Z","Updated":"2015-11-17T08:01:11Z","IsDelete":false,"RequestChanged":false,"ExitsInGDT":false,"SourceID":0,"TinhThanhID":0,"TinhThanhTitle":"Bắc Cạn","TinhThanhTitleAscii":"/bac-can","QuanHuyenID":0,"NganhNgheTitle":"Giáo dục trung học cơ sở","NganhNgheTitleAscii":"/nganh-nghe/giao-duc-trung-hoc-co-so","DSTags":["4700243774","Bắc Cạn",null]},{"Type":11,"SolrID":"/4700189894-truong-tieu-hoc-quang-chu-i","ID":0,"MaSoThue":"4700189894","NgayCap":"2009-09-15T00:00:00Z","Title":"Trường tiểu học Quảng Chu I","DiaChiCongTy":"Thôn Bản Thuần xã Quảng Chu - Huyện Chợ mới - Bắc Cạn","Created":"2015-11-16T07:59:40Z","Updated":"2015-11-16T07:59:40Z","IsDelete":false,"RequestChanged":false,"ExitsInGDT":false,"SourceID":0,"TinhThanhID":0,"TinhThanhTitle":"Bắc Cạn","TinhThanhTitleAscii":"/bac-can","QuanHuyenID":0,"NganhNgheTitle":"Giáo dục tiểu học","NganhNgheTitleAscii":"/nganh-nghe/giao-duc-tieu-hoc","DSTags":["4700189894","Bắc Cạn",null]},{"Type":11,"SolrID":"/4600451315-001-chi-nhanh-cong-ty-co-phan-khoang-san-phu-do","ID":0,"MaSoThue":"4600451315-001","NgayCap":"2009-07-30T00:00:00Z","Title":"Chi nhánh công ty cổ phần khoáng sản Phú Đô","DiaChiCongTy":"Thôn Bản Nhuần, xã Quảng Chu - Huyện Chợ mới - Bắc Cạn","Created":"2015-11-11T12:23:43Z","Updated":"2015-11-11T12:23:43Z","IsDelete":false,"RequestChanged":false,"ExitsInGDT":false,"SourceID":0,"TinhThanhID":0,"TinhThanhTitle":"Bắc Cạn","TinhThanhTitleAscii":"/bac-can","QuanHuyenID":0,"NganhNgheTitle":"Khai thác đá, cát, sỏi, đất sét","NganhNgheTitleAscii":"/nganh-nghe/khai-thac-da-cat-soi-dat-set","DSTags":["4600451315-001","Bắc Cạn",null]},{"Type":11,"SolrID":"/4700156377-luong-thi-van","ID":0,"MaSoThue":"4700156377","NgayCap":"2007-11-19T00:00:00Z","Title":"Lường Thị Văn","DiaChiCongTy":"Xã Quảng Chu - Xã Quảng Chu - Huyện Chợ mới - Bắc Cạn","Created":"2015-11-16T18:43:40Z","Updated":"2015-11-16T18:43:40Z","IsDelete":false,"RequestChanged":false,"ExitsInGDT":false,"SourceID":0,"TinhThanhID":0,"TinhThanhTitle":"Bắc Cạn","TinhThanhTitleAscii":"/bac-can","QuanHuyenID":0,"NganhNgheTitle":"Bán lẻ lương thực, thực phẩm, đồ uống, thuốc lá, thuốc lào chiếm tỷ trọng lớn trong các cửa hàng kinh doanh tổng hợp","NganhNgheTitleAscii":"/nganh-nghe/ban-le-luong-thuc-thuc-pham-do-uong-thuoc-la-thuoc-lao-chiem-ty-trong-lon-trong-cac-cua-hang-kinh-doanh-tong-hop","DSTags":["4700156377","Bắc Cạn",null]},{"Type":11,"SolrID":"/4700125234-ubnd-xa-quang-chu","ID":0,"MaSoThue":"4700125234","NgayCap":"2000-04-18T00:00:00Z","Title":"UBND xã Quảng Chu","DiaChiCongTy":"Xã Quảng Chu - Huyện Chợ mới - Bắc Cạn","Created":"2015-11-16T14:34:41Z","Updated":"2015-11-16T14:34:41Z","IsDelete":false,"RequestChanged":false,"ExitsInGDT":false,"SourceID":0,"TinhThanhID":0,"TinhThanhTitle":"Bắc Cạn","TinhThanhTitleAscii":"/bac-can","QuanHuyenID":0,"NganhNgheTitle":"Hoạt động dịch vụ tài chính khác chưa được phân vào đâu (trừ bảo hiểm và bảo hiểm xã hội)","NganhNgheTitleAscii":"/nganh-nghe/hoat-dong-dich-vu-tai-chinh-khac-chua-duoc-phan-vao-dau-tru-bao-hiem-va-bao-hiem-xa-hoi","DSTags":["4700125234","Bắc Cạn",null]}]}