{"ID":4530,"SolrID":"/bac-can/huyen-cho-moi/xa-thanh-binh","Title":"Xã Thanh Bình","TinhThanhTitle":"Bắc Cạn","QuanHuyenTitle":"Huyện Chợ Mới","QuanHuyenID":344,"TinhThanhID":47,"Url":"https://thongtindoanhnghiep.co/api/company?l=/bac-can/huyen-cho-moi/xa-thanh-binh","Total":8,"List":[{"Type":11,"SolrID":"/4700258026-cong-ty-cp-be-tong-va-xay-dung-bac-kan","ID":0,"MaSoThue":"4700258026","NgayCap":"2015-07-24T00:00:00Z","Title":"Công Ty CP Bê Tông Và Xây Dựng Bắc Kạn","DiaChiCongTy":"Khu công nghiệp Thanh Bình - Xã Thanh Bình - Huyện Chợ mới - Bắc Cạn","Created":"2015-11-18T21:18:28Z","Updated":"2015-11-18T21:18:28Z","IsDelete":false,"RequestChanged":false,"ExitsInGDT":false,"SourceID":0,"TinhThanhID":0,"TinhThanhTitle":"Bắc Cạn","TinhThanhTitleAscii":"/bac-can","QuanHuyenID":0,"NganhNgheTitle":"Sản xuất bê tông và các sản phẩm từ xi măng và thạch cao","NganhNgheTitleAscii":"/nganh-nghe/san-xuat-be-tong-va-cac-san-pham-tu-xi-mang-va-thach-cao","DSTags":["4700258026","Bắc Cạn",null]},{"Type":11,"SolrID":"/4700256861-cong-ty-cp-phat-trien-cong-nghiep-bac-kan","ID":0,"MaSoThue":"4700256861","NgayCap":"2015-04-20T00:00:00Z","Title":"Công Ty CP Phát Triển Công Nghiệp Bắc Kạn","DiaChiCongTy":"Thôn Cốc Po - Xã Thanh Bình - Huyện Chợ mới - Bắc Cạn","Created":"2015-11-17T09:05:05Z","Updated":"2015-11-17T09:05:05Z","IsDelete":false,"RequestChanged":false,"ExitsInGDT":false,"SourceID":0,"TinhThanhID":0,"TinhThanhTitle":"Bắc Cạn","TinhThanhTitleAscii":"/bac-can","QuanHuyenID":0,"NganhNgheTitle":"Khai thác quặng kim loại khác không chứa sắt","NganhNgheTitleAscii":"/nganh-nghe/khai-thac-quang-kim-loai-khac-khong-chua-sat","DSTags":["4700256861","Bắc Cạn",null]},{"Type":11,"SolrID":"/4700247070-cong-ty-tnhh-an-phu-bac-kan","ID":0,"MaSoThue":"4700247070","NgayCap":"2013-12-20T00:00:00Z","Title":"Công Ty TNHH An Phú Bắc Kạn","DiaChiCongTy":"Khu công nghiệp Thanh Bình - Xã Thanh Bình - Huyện Chợ mới - Bắc Cạn","Created":"2015-11-09T21:47:40Z","Updated":"2015-11-09T21:47:40Z","IsDelete":false,"RequestChanged":false,"ExitsInGDT":false,"SourceID":0,"TinhThanhID":0,"TinhThanhTitle":"Bắc Cạn","TinhThanhTitleAscii":"/bac-can","QuanHuyenID":0,"NganhNgheTitle":"Khai thác quặng sắt","NganhNgheTitleAscii":"/nganh-nghe/khai-thac-quang-sat","DSTags":["4700247070","Bắc Cạn",null]},{"Type":11,"SolrID":"/4600368402-001-chi-nhanh-cong-ty-co-phan-be-tong-anh-duc-tai-bac-kan","ID":0,"MaSoThue":"4600368402-001","NgayCap":"2013-09-18T00:00:00Z","Title":"Chi Nhánh Công Ty Cổ Phần Bê Tông Anh Đức Tại Bắc Kạn","DiaChiCongTy":"Khu công nghiệp Thanh Bình - Xã Thanh Bình - Huyện Chợ mới - Bắc Cạn","Created":"2015-11-19T08:47:04Z","Updated":"2015-11-19T08:47:04Z","IsDelete":false,"RequestChanged":false,"ExitsInGDT":false,"SourceID":0,"TinhThanhID":0,"TinhThanhTitle":"Bắc Cạn","TinhThanhTitleAscii":"/bac-can","QuanHuyenID":0,"NganhNgheTitle":"Sản xuất bê tông và các sản phẩm từ xi măng và thạch cao","NganhNgheTitleAscii":"/nganh-nghe/san-xuat-be-tong-va-cac-san-pham-tu-xi-mang-va-thach-cao","DSTags":["4600368402-001","Bắc Cạn",null]},{"Type":11,"SolrID":"/0100100336-014-chi-nhanh-cong-ty-co-phan-vat-tu-va-thiet-bi-toan-bo-nha-may-sat-xop-bac-kan","ID":0,"MaSoThue":"0100100336-014","NgayCap":"2011-09-23T00:00:00Z","Title":"Chi Nhánh Công Ty Cổ Phần Vật Tư Và Thiết Bị Toàn Bộ - Nhà Máy Sắt Xốp Bắc Kạn","DiaChiCongTy":"Khu Công Nghiệp Thanh Bình - Xã Thanh Bình - Huyện Chợ mới - Bắc Cạn","Created":"2015-11-10T02:04:46Z","Updated":"2015-11-10T02:04:46Z","IsDelete":false,"RequestChanged":false,"ExitsInGDT":false,"SourceID":0,"TinhThanhID":0,"TinhThanhTitle":"Bắc Cạn","TinhThanhTitleAscii":"/bac-can","QuanHuyenID":0,"NganhNgheTitle":"Sản xuất sắt, thép, gang","NganhNgheTitleAscii":"/nganh-nghe/san-xuat-sat-thep-gang","DSTags":["0100100336-014","Bắc Cạn",null]},{"Type":11,"SolrID":"/4700151611-cong-ty-tnhh-trong-rung-va-che-bien-go-bac-kan","ID":0,"MaSoThue":"4700151611","NgayCap":"2007-07-13T00:00:00Z","Title":"Công ty TNHH trồng rừng và chế biến gỗ Bắc Kạn","DiaChiCongTy":"Khu công nghiệp Thanh Bình, xã Thanh Bình - Huyện Chợ mới - Bắc Cạn","Created":"2015-11-14T03:08:56Z","Updated":"2015-11-14T03:08:56Z","IsDelete":false,"RequestChanged":false,"ExitsInGDT":false,"SourceID":0,"TinhThanhID":0,"TinhThanhTitle":"Bắc Cạn","TinhThanhTitleAscii":"/bac-can","QuanHuyenID":0,"NganhNgheTitle":"Lâm nghiệp và hoạt động dịch vụ có liên quan","NganhNgheTitleAscii":"/nganh-nghe/lam-nghiep-va-hoat-dong-dich-vu-co-lien-quan","DSTags":["4700151611","Bắc Cạn",null]},{"Type":11,"SolrID":"/4700151178-cong-ty-cp-khoang-san-va-gang-thep-kim-son","ID":0,"MaSoThue":"4700151178","NgayCap":"2007-04-23T00:00:00Z","Title":"Công Ty CP Khoáng Sản Và Gang Thép Kim Sơn","DiaChiCongTy":"Khu Công Nghiệp Thanh Bình - Xã Thanh Bình - Huyện Chợ mới - Bắc Cạn","Created":"2015-11-09T12:18:49Z","Updated":"2015-11-09T12:18:49Z","IsDelete":false,"RequestChanged":false,"ExitsInGDT":false,"SourceID":0,"TinhThanhID":0,"TinhThanhTitle":"Bắc Cạn","TinhThanhTitleAscii":"/bac-can","QuanHuyenID":0,"NganhNgheTitle":"Khai thác quặng sắt","NganhNgheTitleAscii":"/nganh-nghe/khai-thac-quang-sat","DSTags":["4700151178","Bắc Cạn",null]},{"Type":11,"SolrID":"/4700126414-ubnd-xa-thanh-binh","ID":0,"MaSoThue":"4700126414","NgayCap":"2000-05-17T00:00:00Z","Title":"UBND xã Thanh Bình","DiaChiCongTy":"Xã Thanh Bình - Huyện Chợ mới - Bắc Cạn","Created":"2015-11-16T14:36:22Z","Updated":"2015-11-16T14:36:22Z","IsDelete":false,"RequestChanged":false,"ExitsInGDT":false,"SourceID":0,"TinhThanhID":0,"TinhThanhTitle":"Bắc Cạn","TinhThanhTitleAscii":"/bac-can","QuanHuyenID":0,"NganhNgheTitle":"Hoạt động dịch vụ tài chính khác chưa được phân vào đâu (trừ bảo hiểm và bảo hiểm xã hội)","NganhNgheTitleAscii":"/nganh-nghe/hoat-dong-dich-vu-tai-chinh-khac-chua-duoc-phan-vao-dau-tru-bao-hiem-va-bao-hiem-xa-hoi","DSTags":["4700126414","Bắc Cạn",null]}]}