{"ID":13940,"SolrID":"/bac-can/huyen-cho-moi/xa-tan-son","Title":"Xã Tân Sơn","TinhThanhTitle":"Bắc Cạn","QuanHuyenTitle":"Huyện Chợ Mới","QuanHuyenID":344,"TinhThanhID":47,"Url":"https://thongtindoanhnghiep.co/api/company?l=/bac-can/huyen-cho-moi/xa-tan-son","Total":2,"List":[{"Type":11,"SolrID":"/4700189615-truong-ptcs-tan-son","ID":0,"MaSoThue":"4700189615","NgayCap":"2009-09-07T00:00:00Z","Title":"Trường PTCS Tân Sơn","DiaChiCongTy":"Thôn Khuổi Đeng II, xã Tân Sơn - Huyện Chợ mới - Bắc Cạn","Created":"2015-11-16T08:24:09Z","Updated":"2015-11-16T08:24:09Z","IsDelete":false,"RequestChanged":false,"ExitsInGDT":false,"SourceID":0,"TinhThanhID":0,"TinhThanhTitle":"Bắc Cạn","TinhThanhTitleAscii":"/bac-can","QuanHuyenID":0,"NganhNgheTitle":"Giáo dục trung học cơ sở và trung học phổ thông","NganhNgheTitleAscii":"/nganh-nghe/giao-duc-trung-hoc-co-so-va-trung-hoc-pho-thong","DSTags":["4700189615","Bắc Cạn",null]},{"Type":11,"SolrID":"/4700187865-uy-ban-nhan-dan-xa-tan-son","ID":0,"MaSoThue":"4700187865","NgayCap":"2009-07-23T00:00:00Z","Title":"ủy ban nhân dân xã Tân Sơn","DiaChiCongTy":"Thôn Khuổi Đeng 2, xã Tân Sơn - Huyện Chợ mới - Bắc Cạn","Created":"2015-11-16T10:35:23Z","Updated":"2015-11-16T10:35:23Z","IsDelete":false,"RequestChanged":false,"ExitsInGDT":false,"SourceID":0,"TinhThanhID":0,"TinhThanhTitle":"Bắc Cạn","TinhThanhTitleAscii":"/bac-can","QuanHuyenID":0,"NganhNgheTitle":"Hoạt động dịch vụ tài chính khác chưa được phân vào đâu (trừ bảo hiểm và bảo hiểm xã hội)","NganhNgheTitleAscii":"/nganh-nghe/hoat-dong-dich-vu-tai-chinh-khac-chua-duoc-phan-vao-dau-tru-bao-hiem-va-bao-hiem-xa-hoi","DSTags":["4700187865","Bắc Cạn",null]}]}