{"ID":12001,"SolrID":"/bac-can/huyen-cho-moi/xa-thanh-mai","Title":"Xã Thanh Mai","TinhThanhTitle":"Bắc Cạn","QuanHuyenTitle":"Huyện Chợ Mới","QuanHuyenID":344,"TinhThanhID":47,"Url":"https://thongtindoanhnghiep.co/api/company?l=/bac-can/huyen-cho-moi/xa-thanh-mai","Total":4,"List":[{"Type":11,"SolrID":"/4700198514-doanh-nghiep-tn-quang-truong","ID":0,"MaSoThue":"4700198514","NgayCap":"2010-11-09T00:00:00Z","Title":"Doanh Nghiệp TN Quang Trường","DiaChiCongTy":"Thôn Trung Tâm - Xã Thanh Mai - Huyện Chợ mới - Bắc Cạn","Created":"2015-11-17T03:01:01Z","Updated":"2015-11-17T03:01:01Z","IsDelete":false,"RequestChanged":false,"ExitsInGDT":false,"SourceID":0,"TinhThanhID":0,"TinhThanhTitle":"Bắc Cạn","TinhThanhTitleAscii":"/bac-can","QuanHuyenID":0,"NganhNgheTitle":"Bán buôn xăng dầu và các sản phẩm liên quan","NganhNgheTitleAscii":"/nganh-nghe/ban-buon-xang-dau-va-cac-san-pham-lien-quan","DSTags":["4700198514","Bắc Cạn",null]},{"Type":11,"SolrID":"/4700189911-truong-mam-non-thanh-mai","ID":0,"MaSoThue":"4700189911","NgayCap":"2009-09-15T00:00:00Z","Title":"Trường Mầm non Thanh Mai","DiaChiCongTy":"Thôn trung tâm, xã Thanh Mai - Huyện Chợ mới - Bắc Cạn","Created":"2015-11-16T07:59:41Z","Updated":"2015-11-16T07:59:41Z","IsDelete":false,"RequestChanged":false,"ExitsInGDT":false,"SourceID":0,"TinhThanhID":0,"TinhThanhTitle":"Bắc Cạn","TinhThanhTitleAscii":"/bac-can","QuanHuyenID":0,"NganhNgheTitle":"Giáo dục mầm non","NganhNgheTitleAscii":"/nganh-nghe/giao-duc-mam-non","DSTags":["4700189911","Bắc Cạn",null]},{"Type":11,"SolrID":"/4700164829-doanh-nghiep-tu-nhan-minh-dung","ID":0,"MaSoThue":"4700164829","NgayCap":"2009-02-12T00:00:00Z","Title":"Doanh nghiệp tư nhân Minh Dũng","DiaChiCongTy":"Phiêng Luông, Xã Thanh Mai - Huyện Chợ mới - Bắc Cạn","Created":"2015-11-11T10:08:49Z","Updated":"2015-11-11T10:08:49Z","IsDelete":false,"RequestChanged":false,"ExitsInGDT":false,"SourceID":0,"TinhThanhID":0,"TinhThanhTitle":"Bắc Cạn","TinhThanhTitleAscii":"/bac-can","QuanHuyenID":0,"NganhNgheTitle":"Vận tải đường bộ khác","NganhNgheTitleAscii":"/nganh-nghe/van-tai-duong-bo-khac","DSTags":["4700164829","Bắc Cạn",null]},{"Type":11,"SolrID":"/4700125280-ubnd-xa-thanh-mai","ID":0,"MaSoThue":"4700125280","NgayCap":"2000-04-18T00:00:00Z","Title":"UBND xã Thanh Mai","DiaChiCongTy":"Xã Thanh Mai - Huyện Chợ mới - Bắc Cạn","Created":"2015-11-16T14:34:36Z","Updated":"2015-11-16T14:34:36Z","IsDelete":false,"RequestChanged":false,"ExitsInGDT":false,"SourceID":0,"TinhThanhID":0,"TinhThanhTitle":"Bắc Cạn","TinhThanhTitleAscii":"/bac-can","QuanHuyenID":0,"NganhNgheTitle":"Hoạt động dịch vụ tài chính khác chưa được phân vào đâu (trừ bảo hiểm và bảo hiểm xã hội)","NganhNgheTitleAscii":"/nganh-nghe/hoat-dong-dich-vu-tai-chinh-khac-chua-duoc-phan-vao-dau-tru-bao-hiem-va-bao-hiem-xa-hoi","DSTags":["4700125280","Bắc Cạn",null]}]}