{"ID":13517,"SolrID":"/bac-can/huyen-cho-moi/xa-yen-han","Title":"Xã Yên Hân","TinhThanhTitle":"Bắc Cạn","QuanHuyenTitle":"Huyện Chợ Mới","QuanHuyenID":344,"TinhThanhID":47,"Url":"https://thongtindoanhnghiep.co/api/company?l=/bac-can/huyen-cho-moi/xa-yen-han","Total":6,"List":[{"Type":11,"SolrID":"/4700189414-truong-tieu-hoc-yen-han","ID":0,"MaSoThue":"4700189414","NgayCap":"2009-08-27T00:00:00Z","Title":"Trường tiểu học Yên Hân","DiaChiCongTy":"Thôn Thôm Chầu, xã Yên Hân - Huyện Chợ mới - Bắc Cạn","Created":"2015-11-16T08:44:40Z","Updated":"2015-11-16T08:44:40Z","IsDelete":false,"RequestChanged":false,"ExitsInGDT":false,"SourceID":0,"TinhThanhID":0,"TinhThanhTitle":"Bắc Cạn","TinhThanhTitleAscii":"/bac-can","QuanHuyenID":0,"NganhNgheTitle":"Giáo dục tiểu học","NganhNgheTitleAscii":"/nganh-nghe/giao-duc-tieu-hoc","DSTags":["4700189414","Bắc Cạn",null]},{"Type":11,"SolrID":"/4700189083-ban-pt-xa-yen-han-t-hien-chuong-trinh-d-phuong-lam-chu-dtnham-t-cuong-nang-luc-quyen-han-cong-dong","ID":0,"MaSoThue":"4700189083","NgayCap":"2009-08-18T00:00:00Z","Title":"Ban PT xã Yên Hân T.hiện chương trình Đ.phương làm chủ ĐTnhằm T.cường năng lực & quyền hạn cộng đồng","DiaChiCongTy":"Thôn Nà Giáo, xã Yên Hân - Huyện Chợ mới - Bắc Cạn","Created":"2015-11-16T09:16:54Z","Updated":"2015-11-16T09:16:54Z","IsDelete":false,"RequestChanged":false,"ExitsInGDT":false,"SourceID":0,"TinhThanhID":0,"TinhThanhTitle":"Bắc Cạn","TinhThanhTitleAscii":"/bac-can","QuanHuyenID":0,"NganhNgheTitle":"NÔNG NGHIỆP, LÂM NGHIỆP VÀ THUỶ SẢN","NganhNgheTitleAscii":"/nganh-nghe/nong-nghiep-lam-nghiep-va-thuy-san","DSTags":["4700189083","Bắc Cạn",null]},{"Type":11,"SolrID":"/4700188964-truong-trung-hoc-pho-thong-yen-han","ID":0,"MaSoThue":"4700188964","NgayCap":"2009-08-13T00:00:00Z","Title":"Trường trung học phổ thông Yên Hân","DiaChiCongTy":"Thôn Trầu, xã Yên Hân - Huyện Chợ mới - Bắc Cạn","Created":"2015-11-16T09:29:06Z","Updated":"2015-11-16T09:29:06Z","IsDelete":false,"RequestChanged":false,"ExitsInGDT":false,"SourceID":0,"TinhThanhID":0,"TinhThanhTitle":"Bắc Cạn","TinhThanhTitleAscii":"/bac-can","QuanHuyenID":0,"NganhNgheTitle":"Giáo dục trung học cơ sở và trung học phổ thông","NganhNgheTitleAscii":"/nganh-nghe/giao-duc-trung-hoc-co-so-va-trung-hoc-pho-thong","DSTags":["4700188964","Bắc Cạn",null]},{"Type":11,"SolrID":"/4700136405-doanh-nghiep-tu-nhan-hao-la","ID":0,"MaSoThue":"4700136405","NgayCap":"2009-05-04T00:00:00Z","Title":"Doanh nghiệp tư nhân Hảo Lá","DiaChiCongTy":"Chợ Tinh, xã Yên Hân - Huyện Chợ mới - Bắc Cạn","Created":"2015-11-09T04:30:06Z","Updated":"2015-11-09T04:30:06Z","IsDelete":false,"RequestChanged":false,"ExitsInGDT":false,"SourceID":0,"TinhThanhID":0,"TinhThanhTitle":"Bắc Cạn","TinhThanhTitleAscii":"/bac-can","QuanHuyenID":0,"NganhNgheTitle":"Bán lẻ nhiên liệu động cơ trong các cửa hàng chuyên doanh","NganhNgheTitleAscii":"/nganh-nghe/ban-le-nhien-lieu-dong-co-trong-cac-cua-hang-chuyen-doanh","DSTags":["4700136405","Bắc Cạn",null]},{"Type":11,"SolrID":"/4700126372-ubnd-xa-yen-han","ID":0,"MaSoThue":"4700126372","NgayCap":"2000-05-17T00:00:00Z","Title":"UBND xã Yên Hân","DiaChiCongTy":"Xã Yên Hân - Huyện Chợ mới - Bắc Cạn","Created":"2015-11-16T14:36:25Z","Updated":"2015-11-16T14:36:25Z","IsDelete":false,"RequestChanged":false,"ExitsInGDT":false,"SourceID":0,"TinhThanhID":0,"TinhThanhTitle":"Bắc Cạn","TinhThanhTitleAscii":"/bac-can","QuanHuyenID":0,"NganhNgheTitle":"Hoạt động dịch vụ tài chính khác chưa được phân vào đâu (trừ bảo hiểm và bảo hiểm xã hội)","NganhNgheTitleAscii":"/nganh-nghe/hoat-dong-dich-vu-tai-chinh-khac-chua-duoc-phan-vao-dau-tru-bao-hiem-va-bao-hiem-xa-hoi","DSTags":["4700126372","Bắc Cạn",null]},{"Type":11,"SolrID":"/4700116102-doanh-nghiep-tu-nhan-thai-son","ID":0,"MaSoThue":"4700116102","NgayCap":"1998-10-09T00:00:00Z","Title":"Doanh Nghiệp Tư Nhân Thái Sơn","DiaChiCongTy":"Chợ Tinh 1 - Xã Yên Hân - Huyện Chợ mới - Bắc Cạn","Created":"2015-11-09T04:58:16Z","Updated":"2015-11-09T04:58:16Z","IsDelete":false,"RequestChanged":false,"ExitsInGDT":false,"SourceID":0,"TinhThanhID":0,"TinhThanhTitle":"Bắc Cạn","TinhThanhTitleAscii":"/bac-can","QuanHuyenID":0,"NganhNgheTitle":"Bán buôn nhiên liệu rắn, lỏng, khí và các sản phẩm liên quan","NganhNgheTitleAscii":"/nganh-nghe/ban-buon-nhien-lieu-ran-long-khi-va-cac-san-pham-lien-quan","DSTags":["4700116102","Bắc Cạn",null]}]}