{"ID":15278,"SolrID":"/an-giang/thanh-pho-long-xuyen/khu-cong-nghiep-binh-hoa","Title":"Khu Công Nghiệp Bình Hoà","TinhThanhTitle":"An Giang","QuanHuyenTitle":"Thành Phố Long Xuyên","QuanHuyenID":100,"TinhThanhID":35,"Url":"https://thongtindoanhnghiep.co/api/company?l=/an-giang/thanh-pho-long-xuyen/khu-cong-nghiep-binh-hoa","Total":1,"List":[{"Type":11,"SolrID":"/1600909631-cong-ty-co-phan-ky-thuat-thuc-an-thuy-san-hoan-cau","ID":0,"MaSoThue":"1600909631","NgayCap":"2007-11-01T00:00:00Z","Title":"Công ty Cổ Phần Kỹ Thuật Thức Ăn Thuỷ Sản Hoàn Cầu","DiaChiCongTy":"Khu Công Nghiệp Bình Hoà - Thành phố Long Xuyên  - An Giang","Created":"2015-11-14T05:07:29Z","Updated":"2015-11-14T05:07:29Z","IsDelete":false,"RequestChanged":false,"ExitsInGDT":false,"SourceID":0,"TinhThanhID":0,"TinhThanhTitle":"An Giang","TinhThanhTitleAscii":"/an-giang","QuanHuyenID":0,"NganhNgheTitle":"Sản xuất thức ăn gia súc, gia cầm và thuỷ sản","NganhNgheTitleAscii":"/nganh-nghe/san-xuat-thuc-an-gia-suc-gia-cam-va-thuy-san","DSTags":["1600909631","An Giang",null]}]}