{"ID":8581,"SolrID":"/an-giang/thanh-pho-long-xuyen/khu-cong-nghiep-vam-cong-ql91-my-thoi","Title":"Khu Công Nghiệp Vàm Cống QL91 Mỹ Thới","TinhThanhTitle":"An Giang","QuanHuyenTitle":"Thành Phố Long Xuyên","QuanHuyenID":100,"TinhThanhID":35,"Url":"https://thongtindoanhnghiep.co/api/company?l=/an-giang/thanh-pho-long-xuyen/khu-cong-nghiep-vam-cong-ql91-my-thoi","Total":1,"List":[{"Type":11,"SolrID":"/0300422669-005-xi-nghiep-betong-ly-tam-an-giang","ID":0,"MaSoThue":"0300422669-005","NgayCap":"1998-10-17T00:00:00Z","Title":"Xí Nghiệp BêTông Ly Tâm                             An Giang","DiaChiCongTy":"Khu Công Nghiệp Vàm Cống QL91 Mỹ Thới - Thành phố Long Xuyên  - An Giang","Created":"2015-11-18T12:54:13Z","Updated":"2015-11-18T12:54:13Z","IsDelete":false,"RequestChanged":false,"ExitsInGDT":false,"SourceID":0,"TinhThanhID":0,"TinhThanhTitle":"An Giang","TinhThanhTitleAscii":"/an-giang","QuanHuyenID":0,"NganhNgheTitle":"Sản xuất bê tông và các sản phẩm từ xi măng và thạch cao","NganhNgheTitleAscii":"/nganh-nghe/san-xuat-be-tong-va-cac-san-pham-tu-xi-mang-va-thach-cao","DSTags":["0300422669-005","An Giang",null]}]}