{"ID":5842,"SolrID":"/an-giang/thanh-pho-long-xuyen/phuong-dong-xuyen","Title":"Phường Đông Xuyên","TinhThanhTitle":"An Giang","QuanHuyenTitle":"Thành Phố Long Xuyên","QuanHuyenID":100,"TinhThanhID":35,"Url":"https://thongtindoanhnghiep.co/api/company?l=/an-giang/thanh-pho-long-xuyen/phuong-dong-xuyen","Total":123,"List":[{"Type":11,"SolrID":"/1602148421-cong-ty-tnhh-tu-van-thiet-ke-xay-dung-long-xuyen","ID":0,"MaSoThue":"1602148421","NgayCap":"2021-06-07T00:00:00Z","Title":"Công Ty TNHH Tư Vấn Thiết Kế Xây Dựng Long Xuyên","DiaChiCongTy":"Số 595/15B, Khóm Đông Hưng, Phường Đông Xuyên, Thành phố Long Xuyên , Tỉnh An Giang","Created":"2021-06-07T16:37:40Z","Updated":"2021-06-07T16:37:40Z","IsDelete":false,"RequestChanged":false,"ExitsInGDT":false,"SourceID":0,"TinhThanhID":0,"TinhThanhTitle":"An Giang","TinhThanhTitleAscii":"/an-giang","QuanHuyenID":0,"NganhNgheTitle":"Hoạt động kiến trúc và tư vấn kỹ thuật có liên quan","NganhNgheTitleAscii":"/nganh-nghe/hoat-dong-kien-truc-va-tu-van-ky-thuat-co-lien-quan","DSTags":["1602148421","An Giang",null]},{"Type":11,"SolrID":"/1602147146-cong-ty-tnhh-nong-san-ta","ID":0,"MaSoThue":"1602147146","NgayCap":"2021-05-14T00:00:00Z","Title":"Công Ty TNHH Nông Sản Ta","DiaChiCongTy":"Số 514B Ung Văn Khiêm, Phường Đông Xuyên, Thành phố Long Xuyên , Tỉnh An Giang","Created":"2021-05-14T08:38:09Z","Updated":"2021-05-14T08:38:09Z","IsDelete":false,"RequestChanged":false,"ExitsInGDT":false,"SourceID":0,"TinhThanhID":0,"TinhThanhTitle":"An Giang","TinhThanhTitleAscii":"/an-giang","QuanHuyenID":0,"NganhNgheTitle":"Bán buôn thực phẩm","NganhNgheTitleAscii":"/nganh-nghe/ban-buon-thuc-pham","DSTags":["1602147146","An Giang",null]},{"Type":11,"SolrID":"/1602145935-cong-ty-tnhh-tho-vang","ID":0,"MaSoThue":"1602145935","NgayCap":"2021-04-16T00:00:00Z","Title":"Công Ty TNHH Thổ Vàng","DiaChiCongTy":"808/9A Khóm Đông Phú, Phường Đông Xuyên, Thành phố Long Xuyên , Tỉnh An Giang","Created":"2021-04-16T08:35:39Z","Updated":"2021-04-16T08:35:39Z","IsDelete":false,"RequestChanged":false,"ExitsInGDT":false,"SourceID":0,"TinhThanhID":0,"TinhThanhTitle":"An Giang","TinhThanhTitleAscii":"/an-giang","QuanHuyenID":0,"NganhNgheTitle":"Tư vấn, môi giới, đấu giá bất động sản, đấu giá quyền sử dụng đất","NganhNgheTitleAscii":"/nganh-nghe/tu-van-moi-gioi-dau-gia-bat-dong-san-dau-gia-quyen-su-dung-dat","DSTags":["1602145935","An Giang",null]},{"Type":11,"SolrID":"/1602139723-cong-ty-tnhh-van-ngoc-thanh-nguyen","ID":0,"MaSoThue":"1602139723","NgayCap":"2021-01-22T00:00:00Z","Title":"Công Ty TNHH Vạn Ngọc Thanh Nguyên","DiaChiCongTy":"Đường Hoàng Văn Thái, Khóm Đông Hưng, Phường Đông Xuyên, Thành phố Long Xuyên , Tỉnh An Giang","Created":"2021-01-22T16:36:24Z","Updated":"2021-01-22T16:36:24Z","IsDelete":false,"RequestChanged":false,"ExitsInGDT":false,"SourceID":0,"TinhThanhID":0,"TinhThanhTitle":"An Giang","TinhThanhTitleAscii":"/an-giang","QuanHuyenID":0,"DSTags":["1602139723","An Giang",null]},{"Type":11,"SolrID":"/1602138977-cong-ty-tnhh-mot-thanh-vien-xay-dung-loc-phuong","ID":0,"MaSoThue":"1602138977","NgayCap":"2021-01-11T00:00:00Z","Title":"Công Ty TNHH Một Thành Viên Xây Dựng Lộc Phương","DiaChiCongTy":"Số 27 Đinh Trường Sanh, Phường Đông Xuyên, Thành phố Long Xuyên , Tỉnh An Giang","Created":"2021-01-11T16:36:02Z","Updated":"2021-01-11T16:36:02Z","IsDelete":false,"RequestChanged":false,"ExitsInGDT":false,"SourceID":0,"TinhThanhID":0,"TinhThanhTitle":"An Giang","TinhThanhTitleAscii":"/an-giang","QuanHuyenID":0,"DSTags":["1602138977","An Giang",null]},{"Type":11,"SolrID":"/1602086052-cong-ty-tnhh-mot-thanh-vien-giai-tri-mai-minh-loi","ID":0,"MaSoThue":"1602086052","NgayCap":"2018-11-22T00:00:00Z","Title":"Công Ty TNHH Một Thành Viên Giải Trí Mai Minh Lợi","DiaChiCongTy":"Số 574 Hà Hoàng Hổ, Phường Đông Xuyên, Thành phố Long Xuyên , Tỉnh An Giang","Created":"2018-11-22T14:35:20Z","Updated":"2018-11-22T14:35:20Z","IsDelete":false,"RequestChanged":false,"ExitsInGDT":false,"SourceID":0,"TinhThanhID":0,"TinhThanhTitle":"An Giang","TinhThanhTitleAscii":"/an-giang","QuanHuyenID":0,"NganhNgheTitle":"Hoạt động vui chơi giải trí khác chưa được phân vào đâu","NganhNgheTitleAscii":"/nganh-nghe/hoat-dong-vui-choi-giai-tri-khac-chua-duoc-phan-vao-dau","DSTags":["1602086052","An Giang",null]},{"Type":11,"SolrID":"/1602078319-cong-ty-tnhh-mot-thanh-vien-bao-ve-thuc-vat-chau-au","ID":0,"MaSoThue":"1602078319","NgayCap":"2018-08-09T00:00:00Z","Title":"Công Ty TNHH Một Thành Viên Bảo Vệ Thực Vật Châu Âu","DiaChiCongTy":"Số 18 Trần Quí Khoán, Phường Đông Xuyên, Thành phố Long Xuyên , Tỉnh An Giang","Created":"2018-08-09T10:41:41Z","Updated":"2018-08-09T10:41:41Z","IsDelete":false,"RequestChanged":false,"ExitsInGDT":false,"SourceID":0,"TinhThanhID":0,"TinhThanhTitle":"An Giang","TinhThanhTitleAscii":"/an-giang","QuanHuyenID":0,"NganhNgheTitle":"Bán buôn chuyên doanh khác chưa được phân vào đâu","NganhNgheTitleAscii":"/nganh-nghe/ban-buon-chuyen-doanh-khac-chua-duoc-phan-vao-dau","DSTags":["1602078319","An Giang",null]},{"Type":11,"SolrID":"/1602076463-cong-ty-tnhh-xuat-nhap-khau-dung-seng","ID":0,"MaSoThue":"1602076463","NgayCap":"2018-07-12T00:00:00Z","Title":"Công Ty TNHH Xuất Nhập Khẩu Dung Seng","DiaChiCongTy":"Lô 5 G3 đường Phan Tôn, Phường Đông Xuyên, Thành phố Long Xuyên , Tỉnh An Giang","Created":"2018-07-12T14:05:10Z","Updated":"2018-07-12T14:05:10Z","IsDelete":false,"RequestChanged":false,"ExitsInGDT":false,"SourceID":0,"TinhThanhID":0,"TinhThanhTitle":"An Giang","TinhThanhTitleAscii":"/an-giang","QuanHuyenID":0,"NganhNgheTitle":"Bán buôn thực phẩm","NganhNgheTitleAscii":"/nganh-nghe/ban-buon-thuc-pham","DSTags":["1602076463","An Giang",null]},{"Type":11,"SolrID":"/1602076424-cong-ty-tnhh-tu-van-dao-tao-isee","ID":0,"MaSoThue":"1602076424","NgayCap":"2018-07-11T00:00:00Z","Title":"Công Ty TNHH Tư Vấn & Đào Tạo Isee","DiaChiCongTy":"Số 26-27 D2, Đinh Trường Sanh, Phường Đông Xuyên, Thành phố Long Xuyên , Tỉnh An Giang","Created":"2018-07-11T08:34:55Z","Updated":"2018-07-11T08:34:55Z","IsDelete":false,"RequestChanged":false,"ExitsInGDT":false,"SourceID":0,"TinhThanhID":0,"TinhThanhTitle":"An Giang","TinhThanhTitleAscii":"/an-giang","QuanHuyenID":0,"NganhNgheTitle":"Giáo dục khác chưa được phân vào đâu","NganhNgheTitleAscii":"/nganh-nghe/giao-duc-khac-chua-duoc-phan-vao-dau","DSTags":["1602076424","An Giang",null]},{"Type":11,"SolrID":"/1602072356-cong-ty-tnhh-mot-thanh-vien-bia-nuoc-giai-khat-hung-hung-phat","ID":0,"MaSoThue":"1602072356","NgayCap":"2018-05-18T00:00:00Z","Title":"Công Ty TNHH Một Thành Viên Bia Nước Giải Khát Hưng Hưng Phát","DiaChiCongTy":"3-4-5H Ung Văn Khiêm, Phường Đông Xuyên, Thành phố Long Xuyên , Tỉnh An Giang","Created":"2018-05-18T08:04:36Z","Updated":"2018-05-18T08:04:36Z","IsDelete":false,"RequestChanged":false,"ExitsInGDT":false,"SourceID":0,"TinhThanhID":0,"TinhThanhTitle":"An Giang","TinhThanhTitleAscii":"/an-giang","QuanHuyenID":0,"NganhNgheTitle":"Bán buôn đồ uống","NganhNgheTitleAscii":"/nganh-nghe/ban-buon-do-uong","DSTags":["1602072356","An Giang",null]},{"Type":11,"SolrID":"/1602067469-cong-ty-tnhh-thuong-mai-dich-vu-xay-dung-thuan-duong","ID":0,"MaSoThue":"1602067469","NgayCap":"2018-03-29T00:00:00Z","Title":"Công Ty TNHH Thương Mại Dịch Vụ Xây Dựng Thuận Dương","DiaChiCongTy":"Số 20, Đường Trần Khắc Chân, Phường Đông Xuyên, Thành phố Long Xuyên , Tỉnh An Giang","Created":"2018-03-29T08:04:35Z","Updated":"2018-03-29T08:04:35Z","IsDelete":false,"RequestChanged":false,"ExitsInGDT":false,"SourceID":0,"TinhThanhID":0,"TinhThanhTitle":"An Giang","TinhThanhTitleAscii":"/an-giang","QuanHuyenID":0,"NganhNgheTitle":"Bán buôn vật liệu, thiết bị lắp đặt khác trong xây dựng","NganhNgheTitleAscii":"/nganh-nghe/ban-buon-vat-lieu-thiet-bi-lap-dat-khac-trong-xay-dung","DSTags":["1602067469","An Giang",null]},{"Type":11,"SolrID":"/1602067490-cong-ty-tnhh-thuong-mai-dich-vu-xay-dung-dat-vang","ID":0,"MaSoThue":"1602067490","NgayCap":"2018-03-29T00:00:00Z","Title":"Công Ty TNHH Thương Mại Dịch Vụ Xây Dựng Đất Vàng","DiaChiCongTy":"Số 01 Lô 03 Đường Võ Thị Sáu, Khóm Đông Thành, Phường Đông Xuyên, Thành phố Long Xuyên , Tỉnh An Giang","Created":"2018-03-29T13:34:37Z","Updated":"2018-03-29T13:34:37Z","IsDelete":false,"RequestChanged":false,"ExitsInGDT":false,"SourceID":0,"TinhThanhID":0,"TinhThanhTitle":"An Giang","TinhThanhTitleAscii":"/an-giang","QuanHuyenID":0,"NganhNgheTitle":"Hoạt động kiến trúc và tư vấn kỹ thuật có liên quan","NganhNgheTitleAscii":"/nganh-nghe/hoat-dong-kien-truc-va-tu-van-ky-thuat-co-lien-quan","DSTags":["1602067490","An Giang",null]},{"Type":11,"SolrID":"/1602065380-cong-ty-tnhh-thuong-mai-xuat-nhap-khau-moc-ha","ID":0,"MaSoThue":"1602065380","NgayCap":"2018-03-14T00:00:00Z","Title":"Công Ty TNHH Thương Mại Xuất Nhập Khẩu Mộc Hà","DiaChiCongTy":"Số 8D3 Lê Thiện Tứ, Khóm Đông Thành, Phường Đông Xuyên, Thành phố Long Xuyên , Tỉnh An Giang","Created":"2018-03-14T08:35:10Z","Updated":"2018-03-14T08:35:10Z","IsDelete":false,"RequestChanged":false,"ExitsInGDT":false,"SourceID":0,"TinhThanhID":0,"TinhThanhTitle":"An Giang","TinhThanhTitleAscii":"/an-giang","QuanHuyenID":0,"NganhNgheTitle":"Bán buôn thực phẩm","NganhNgheTitleAscii":"/nganh-nghe/ban-buon-thuc-pham","DSTags":["1602065380","An Giang",null]},{"Type":11,"SolrID":"/1602064034-cong-ty-tnhh-brahma-a-chau","ID":0,"MaSoThue":"1602064034","NgayCap":"2018-02-10T00:00:00Z","Title":"Công Ty TNHH Brahma Á Châu","DiaChiCongTy":"Số 3A2 Trần Bình Trọng, Phường Đông Xuyên, Thành phố Long Xuyên , Tỉnh An Giang","Created":"2018-02-10T10:05:34Z","Updated":"2018-02-10T10:05:34Z","IsDelete":false,"RequestChanged":false,"ExitsInGDT":false,"SourceID":0,"TinhThanhID":0,"TinhThanhTitle":"An Giang","TinhThanhTitleAscii":"/an-giang","QuanHuyenID":0,"NganhNgheTitle":"Bán buôn chuyên doanh khác chưa được phân vào đâu","NganhNgheTitleAscii":"/nganh-nghe/ban-buon-chuyen-doanh-khac-chua-duoc-phan-vao-dau","DSTags":["1602064034","An Giang",null]},{"Type":11,"SolrID":"/1602062083-cong-ty-co-phan-associate-international-nutritionist-hoa-ky","ID":0,"MaSoThue":"1602062083","NgayCap":"2018-01-15T00:00:00Z","Title":"Công Ty Cổ Phần Associate International Nutritionist Hoa Kỳ","DiaChiCongTy":"Số 755A, Đường Hà Hoàng Hổ, Phường Đông Xuyên, Thành phố Long Xuyên , Tỉnh An Giang","Created":"2018-01-15T10:59:35Z","Updated":"2018-01-15T10:59:35Z","IsDelete":false,"RequestChanged":false,"ExitsInGDT":false,"SourceID":0,"TinhThanhID":0,"TinhThanhTitle":"An Giang","TinhThanhTitleAscii":"/an-giang","QuanHuyenID":0,"NganhNgheTitle":"Bán buôn thực phẩm","NganhNgheTitleAscii":"/nganh-nghe/ban-buon-thuc-pham","DSTags":["1602062083","An Giang",null]},{"Type":11,"SolrID":"/1602044292-cong-ty-tnhh-dao-tao-lai-xe-long-xuyen","ID":0,"MaSoThue":"1602044292","NgayCap":"2017-06-30T00:00:00Z","Title":"Công Ty TNHH Đào Tạo Lái Xe Long Xuyên","DiaChiCongTy":"753 Hà Hoàng Hổ, Phường Đông Xuyên, Thành phố Long Xuyên , Tỉnh An Giang","Created":"2017-06-30T15:11:24Z","Updated":"2017-06-30T15:11:24Z","IsDelete":false,"RequestChanged":false,"ExitsInGDT":false,"SourceID":0,"TinhThanhID":0,"TinhThanhTitle":"An Giang","TinhThanhTitleAscii":"/an-giang","QuanHuyenID":0,"NganhNgheTitle":"Giáo dục nghề nghiệp","NganhNgheTitleAscii":"/nganh-nghe/giao-duc-nghe-nghiep","DSTags":["1602044292","An Giang",null]},{"Type":11,"SolrID":"/1602041164-cong-ty-tnhh-san-xuat-thuong-mai-dich-vu-dnp-long-xuyen","ID":0,"MaSoThue":"1602041164","NgayCap":"2017-05-25T00:00:00Z","Title":"Công Ty TNHH Sản Xuất Thương Mại Dịch Vụ Dnp Long Xuyên","DiaChiCongTy":"Số 18 Ngô Văn Sở, Phường Đông Xuyên, Thành phố Long Xuyên , Tỉnh An Giang","Created":"2017-05-25T17:37:53Z","Updated":"2017-05-25T17:37:53Z","IsDelete":false,"RequestChanged":false,"ExitsInGDT":false,"SourceID":0,"TinhThanhID":0,"TinhThanhTitle":"An Giang","TinhThanhTitleAscii":"/an-giang","QuanHuyenID":0,"NganhNgheTitle":"Sản xuất mỹ phẩm, xà phòng, chất tẩy rửa, làm bóng và chế phẩm vệ sinh","NganhNgheTitleAscii":"/nganh-nghe/san-xuat-my-pham-xa-phong-chat-tay-rua-lam-bong-va-che-pham-ve-sinh","DSTags":["1602041164","An Giang",null]},{"Type":11,"SolrID":"/1602035192-cong-ty-tnhh-thiet-ke-xay-dung-nam-sai-gon","ID":0,"MaSoThue":"1602035192","NgayCap":"2017-03-09T00:00:00Z","Title":"Công Ty TNHH Thiết Kế Xây Dựng Nam Sài Gòn","DiaChiCongTy":"Số 3917, Khóm Đông An 3, Đường Cặp Rạch Bà Bầu, Phường Đông Xuyên, Thành phố Long Xuyên , Tỉnh An Giang","Created":"2017-03-09T08:38:16Z","Updated":"2017-03-09T08:38:16Z","IsDelete":false,"RequestChanged":false,"ExitsInGDT":false,"SourceID":0,"TinhThanhID":0,"TinhThanhTitle":"An Giang","TinhThanhTitleAscii":"/an-giang","QuanHuyenID":0,"NganhNgheTitle":"Quảng cáo","NganhNgheTitleAscii":"/nganh-nghe/quang-cao","DSTags":["1602035192","An Giang",null]},{"Type":11,"SolrID":"/1602033692-cong-ty-tnhh-quang-cao-va-thuong-mai-hai-le-diep","ID":0,"MaSoThue":"1602033692","NgayCap":"2017-02-16T00:00:00Z","Title":"Công Ty TNHH Quảng Cáo Và Thương Mại Hải Lê Điệp","DiaChiCongTy":"Số 162/3 Bùi Văn Danh, Phường Đông Xuyên, Thành phố Long Xuyên , Tỉnh An Giang","Created":"2017-02-16T17:08:39Z","Updated":"2017-02-16T17:08:39Z","IsDelete":false,"RequestChanged":false,"ExitsInGDT":false,"SourceID":0,"TinhThanhID":0,"TinhThanhTitle":"An Giang","TinhThanhTitleAscii":"/an-giang","QuanHuyenID":0,"NganhNgheTitle":"Quảng cáo","NganhNgheTitleAscii":"/nganh-nghe/quang-cao","DSTags":["1602033692","An Giang",null]},{"Type":11,"SolrID":"/1602033406-cong-ty-tnhh-mot-thanh-vien-cong-nghe-thinh-phat-dat","ID":0,"MaSoThue":"1602033406","NgayCap":"2017-02-14T00:00:00Z","Title":"Công Ty TNHH Một Thành Viên Công Nghệ Thịnh Phát Đạt","DiaChiCongTy":"554/15B Hà Hoàng Hổ, Phường Đông Xuyên, Thành phố Long Xuyên , Tỉnh An Giang","Created":"2017-02-14T08:37:35Z","Updated":"2017-02-14T08:37:35Z","IsDelete":false,"RequestChanged":false,"ExitsInGDT":false,"SourceID":0,"TinhThanhID":0,"TinhThanhTitle":"An Giang","TinhThanhTitleAscii":"/an-giang","QuanHuyenID":0,"NganhNgheTitle":"Bán buôn thiết bị và linh kiện điện tử, viễn thông","NganhNgheTitleAscii":"/nganh-nghe/ban-buon-thiet-bi-va-linh-kien-dien-tu-vien-thong","DSTags":["1602033406","An Giang",null]},{"Type":11,"SolrID":"/1602033237-cong-ty-cp-thuong-mai-dich-vu-tu-van-tay-viet-nam","ID":0,"MaSoThue":"1602033237","NgayCap":"2017-02-10T00:00:00Z","Title":"Công Ty CP Thương Mại Dịch Vụ Tư Vấn Tây Việt Nam","DiaChiCongTy":"Số 126/5A Hà Hoàng Hổ, Khóm Đông An, Phường Đông Xuyên, Thành phố Long Xuyên , Tỉnh An Giang","Created":"2017-02-10T17:37:34Z","Updated":"2017-02-10T17:37:34Z","IsDelete":false,"RequestChanged":false,"ExitsInGDT":false,"SourceID":0,"TinhThanhID":0,"TinhThanhTitle":"An Giang","TinhThanhTitleAscii":"/an-giang","QuanHuyenID":0,"NganhNgheTitle":"Hoạt động tư vấn quản lý","NganhNgheTitleAscii":"/nganh-nghe/hoat-dong-tu-van-quan-ly","DSTags":["1602033237","An Giang",null]},{"Type":11,"SolrID":"/1602031769-cong-ty-tnhh-mot-thanh-vien-xay-dung-hung-huu-khanh","ID":0,"MaSoThue":"1602031769","NgayCap":"2017-01-14T00:00:00Z","Title":"Công Ty TNHH Một Thành Viên Xây Dựng Hưng Hữu Khánh","DiaChiCongTy":"Số 287/3 Tổ 3, Khóm Đông Hưng, Phường Đông Xuyên, Thành phố Long Xuyên , Tỉnh An Giang","Created":"2017-01-14T11:07:40Z","Updated":"2017-01-14T11:07:40Z","IsDelete":false,"RequestChanged":false,"ExitsInGDT":false,"SourceID":0,"TinhThanhID":0,"TinhThanhTitle":"An Giang","TinhThanhTitleAscii":"/an-giang","QuanHuyenID":0,"NganhNgheTitle":"Xây dựng nhà các loại","NganhNgheTitleAscii":"/nganh-nghe/xay-dung-nha-cac-loai","DSTags":["1602031769","An Giang",null]},{"Type":11,"SolrID":"/1602029537-cong-ty-tnhh-garage-o-to-an-giang","ID":0,"MaSoThue":"1602029537","NgayCap":"2016-12-27T00:00:00Z","Title":"Công Ty TNHH Garage Ô Tô An Giang","DiaChiCongTy":"Số 15 Lý Thái Tổ nối dài, Phường Đông Xuyên, Thành phố Long Xuyên , Tỉnh An Giang","Created":"2016-12-27T12:10:32Z","Updated":"2016-12-27T12:10:32Z","IsDelete":false,"RequestChanged":false,"ExitsInGDT":false,"SourceID":0,"TinhThanhID":0,"TinhThanhTitle":"An Giang","TinhThanhTitleAscii":"/an-giang","QuanHuyenID":0,"NganhNgheTitle":"Bảo dưỡng, sửa chữa ô tô và xe có động cơ khác","NganhNgheTitleAscii":"/nganh-nghe/bao-duong-sua-chua-o-to-va-xe-co-dong-co-khac","DSTags":["1602029537","An Giang",null]},{"Type":11,"SolrID":"/1602027177-cong-ty-tnhh-van-nong-thinh","ID":0,"MaSoThue":"1602027177","NgayCap":"2016-12-15T00:00:00Z","Title":"Công Ty TNHH Vạn Nông Thịnh","DiaChiCongTy":"Số 655/16 Hà Hoàng Hổ, Khóm Đông Phú, Phường Đông Xuyên, Thành phố Long Xuyên , Tỉnh An Giang","Created":"2016-12-15T09:13:47Z","Updated":"2016-12-15T09:13:47Z","IsDelete":false,"RequestChanged":false,"ExitsInGDT":false,"SourceID":0,"TinhThanhID":0,"TinhThanhTitle":"An Giang","TinhThanhTitleAscii":"/an-giang","QuanHuyenID":0,"NganhNgheTitle":"Bán lẻ đồ điện gia dụng, giường, tủ, bàn, ghế và đồ nội thất tương tự, đèn và bộ đèn điện, đồ dùng gia đình khác chưa được phân vào đâu trong các cửa hàng chuyên doanh","NganhNgheTitleAscii":"/nganh-nghe/ban-le-do-dien-gia-dung-giuong-tu-ban-ghe-va-do-noi-that-tuong-tu-den-va-bo-den-dien-do-dung-gia-dinh-khac-chua-duoc-phan-vao-dau-trong-cac-cua-hang-chuyen-doanh","DSTags":["1602027177","An Giang",null]},{"Type":11,"SolrID":"/1602025395-cong-ty-tnhh-na-fram","ID":0,"MaSoThue":"1602025395","NgayCap":"2016-12-02T00:00:00Z","Title":"Công Ty TNHH Na Fram","DiaChiCongTy":"16 Trần Khắc Chung, Phường Đông Xuyên, Thành phố Long Xuyên , Tỉnh An Giang","Created":"2016-12-05T01:55:27Z","Updated":"2016-12-05T01:55:27Z","IsDelete":false,"RequestChanged":false,"ExitsInGDT":false,"SourceID":0,"TinhThanhID":0,"TinhThanhTitle":"An Giang","TinhThanhTitleAscii":"/an-giang","QuanHuyenID":0,"NganhNgheTitle":"Bán lẻ thực phẩm trong các cửa hàng chuyên doanh","NganhNgheTitleAscii":"/nganh-nghe/ban-le-thuc-pham-trong-cac-cua-hang-chuyen-doanh","DSTags":["1602025395","An Giang",null]},{"Type":11,"SolrID":"/1602024151-cong-ty-tnhh-y-te-tam-duc-an-giang","ID":0,"MaSoThue":"1602024151","NgayCap":"2016-11-18T00:00:00Z","Title":"Công Ty TNHH Y Tế Tâm Đức An Giang","DiaChiCongTy":"513B Ung Văn Khiêm, Phường Đông Xuyên, Thành phố Long Xuyên , Tỉnh An Giang","Created":"2016-12-05T02:13:47Z","Updated":"2016-12-05T02:13:47Z","IsDelete":false,"RequestChanged":false,"ExitsInGDT":false,"SourceID":0,"TinhThanhID":0,"TinhThanhTitle":"An Giang","TinhThanhTitleAscii":"/an-giang","QuanHuyenID":0,"NganhNgheTitle":"Hoạt động của các phòng khám đa khoa, chuyên khoa và nha khoa","NganhNgheTitleAscii":"/nganh-nghe/hoat-dong-cua-cac-phong-kham-da-khoa-chuyen-khoa-va-nha-khoa","DSTags":["1602024151","An Giang",null]},{"Type":11,"SolrID":"/1602021993-cong-ty-tnhh-u-success","ID":0,"MaSoThue":"1602021993","NgayCap":"2016-10-28T00:00:00Z","Title":"Công Ty TNHH U Success","DiaChiCongTy":"Số 9 Đường Trần Văn Lãm - Phường Đông Xuyên - Thành phố Long Xuyên  - An Giang","Created":"2016-11-04T08:14:50Z","Updated":"2016-11-04T08:14:50Z","IsDelete":false,"RequestChanged":false,"ExitsInGDT":false,"SourceID":0,"TinhThanhID":0,"TinhThanhTitle":"An Giang","TinhThanhTitleAscii":"/an-giang","QuanHuyenID":0,"NganhNgheTitle":"Dịch vụ hỗ trợ giáo dục","NganhNgheTitleAscii":"/nganh-nghe/dich-vu-ho-tro-giao-duc","DSTags":["1602021993","An Giang",null]},{"Type":11,"SolrID":"/1602021827-cong-ty-tnhh-vina-green-farm","ID":0,"MaSoThue":"1602021827","NgayCap":"2016-10-25T00:00:00Z","Title":"Công Ty TNHH Vina Green Farm","DiaChiCongTy":"Số 6, Tổ 7, Đường Võ Thị Sáu, Khóm Đông Thạnh - Phường Đông Xuyên - Thành phố Long Xuyên  - An Giang","Created":"2016-11-01T09:19:06Z","Updated":"2016-11-01T09:19:06Z","IsDelete":false,"RequestChanged":false,"ExitsInGDT":false,"SourceID":0,"TinhThanhID":0,"TinhThanhTitle":"An Giang","TinhThanhTitleAscii":"/an-giang","QuanHuyenID":0,"NganhNgheTitle":"Bán buôn thực phẩm","NganhNgheTitleAscii":"/nganh-nghe/ban-buon-thuc-pham","DSTags":["1602021827","An Giang",null]},{"Type":11,"SolrID":"/1602021312-cong-ty-tnhh-nong-phat-thinh","ID":0,"MaSoThue":"1602021312","NgayCap":"2016-10-14T00:00:00Z","Title":"Công Ty TNHH Nông Phát Thịnh","DiaChiCongTy":"Số 126/6 Hà Hoàng Hổ, Khóm Đông An - Phường Đông Xuyên - Thành phố Long Xuyên  - An Giang","Created":"2016-10-19T14:18:42Z","Updated":"2016-10-19T14:18:42Z","IsDelete":false,"RequestChanged":false,"ExitsInGDT":false,"SourceID":0,"TinhThanhID":0,"TinhThanhTitle":"An Giang","TinhThanhTitleAscii":"/an-giang","QuanHuyenID":0,"NganhNgheTitle":"Bán buôn chuyên doanh khác chưa được phân vào đâu","NganhNgheTitleAscii":"/nganh-nghe/ban-buon-chuyen-doanh-khac-chua-duoc-phan-vao-dau","DSTags":["1602021312","An Giang",null]},{"Type":11,"SolrID":"/1602018937-cong-ty-tnhh-mot-thanh-vien-dich-vu-du-lich-dong-xuyen","ID":0,"MaSoThue":"1602018937","NgayCap":"2016-09-14T00:00:00Z","Title":"Công Ty TNHH Một Thành Viên Dịch Vụ Du Lịch Đông Xuyên","DiaChiCongTy":"Số 815A Hà Hoàng Hổ - Phường Đông Xuyên - Thành phố Long Xuyên  - An Giang","Created":"2016-09-16T15:07:10Z","Updated":"2016-09-16T15:07:10Z","IsDelete":false,"RequestChanged":false,"ExitsInGDT":false,"SourceID":0,"TinhThanhID":0,"TinhThanhTitle":"An Giang","TinhThanhTitleAscii":"/an-giang","QuanHuyenID":0,"DSTags":["1602018937","An Giang",null]},{"Type":11,"SolrID":"/1602017066-cong-ty-tnhh-thuy-san-long-chau-giang","ID":0,"MaSoThue":"1602017066","NgayCap":"2016-08-17T00:00:00Z","Title":"Công Ty TNHH Thủy Sản Long Châu Giang","DiaChiCongTy":"3-5 Trần Khắc Chung, Phường Đông Xuyên, Thành phố Long Xuyên , Tỉnh An Giang","Created":"2016-08-25T02:15:44Z","Updated":"2020-05-29T22:00:26Z","IsDelete":false,"RequestChanged":false,"ExitsInGDT":false,"SourceID":0,"TinhThanhID":0,"TinhThanhTitle":"An Giang","TinhThanhTitleAscii":"/an-giang","QuanHuyenID":0,"NganhNgheTitle":"Sản xuất thức ăn gia súc, gia cầm và thuỷ sản","NganhNgheTitleAscii":"/nganh-nghe/san-xuat-thuc-an-gia-suc-gia-cam-va-thuy-san","DSTags":["1602017066","An Giang",null]},{"Type":11,"SolrID":"/1602016584-cong-ty-tnhh-tu-van-va-dau-tu-phat-trien-mekong-idc-an-giang","ID":0,"MaSoThue":"1602016584","NgayCap":"2016-08-11T00:00:00Z","Title":"CôNG TY TNHH Tư VấN Và ĐầU Tư PHáT TRIểN MEKONG IDC AN GIANG","DiaChiCongTy":"Số 43 Ung Văn Khiêm - Phường Đông Xuyên - Thành phố Long Xuyên  - An Giang","Created":"2016-08-13T10:33:56Z","Updated":"2016-09-10T17:02:12Z","IsDelete":false,"RequestChanged":false,"ExitsInGDT":false,"SourceID":0,"TinhThanhID":0,"TinhThanhTitle":"An Giang","TinhThanhTitleAscii":"/an-giang","QuanHuyenID":0,"DSTags":["1602016584","An Giang",null]},{"Type":11,"SolrID":"/1602016312-cong-ty-tnhh-mot-thanh-vien-thiet-ke-kien-truc-xay-dung-tri-viet-an-giang","ID":0,"MaSoThue":"1602016312","NgayCap":"2016-08-10T00:00:00Z","Title":"CôNG TY TNHH MộT THàNH VIêN THIếT Kế - KIếN TRúC - XâY DựNG TRí VIệT AN GIANG","DiaChiCongTy":"Số 195/4A Hà Hoàng Hổ - Phường Đông Xuyên - Thành phố Long Xuyên  - An Giang","Created":"2016-08-14T00:39:44Z","Updated":"2016-09-10T16:58:58Z","IsDelete":false,"RequestChanged":false,"ExitsInGDT":false,"SourceID":0,"TinhThanhID":0,"TinhThanhTitle":"An Giang","TinhThanhTitleAscii":"/an-giang","QuanHuyenID":0,"DSTags":["1602016312","An Giang",null]},{"Type":11,"SolrID":"/1602015340-cong-ty-tnhh-tu-van-xay-dung-dbt-an-giang","ID":0,"MaSoThue":"1602015340","NgayCap":"2016-07-30T00:00:00Z","Title":"CôNG TY TNHH Tư VấN XâY DựNG DBT AN GIANG","DiaChiCongTy":"Số 672/11 Bùi Văn Danh, Khóm Đông Phú - Phường Đông Xuyên - Thành phố Long Xuyên  - An Giang","Created":"2016-08-05T08:56:03Z","Updated":"2016-09-10T18:10:48Z","IsDelete":false,"RequestChanged":false,"ExitsInGDT":false,"SourceID":0,"TinhThanhID":0,"TinhThanhTitle":"An Giang","TinhThanhTitleAscii":"/an-giang","QuanHuyenID":0,"DSTags":["1602015340","An Giang",null]},{"Type":11,"SolrID":"/1602007043-cong-ty-tnhh-mot-thanh-vien-hoang-quan-long-xuyen","ID":0,"MaSoThue":"1602007043","NgayCap":"2016-04-12T00:00:00Z","Title":"Công Ty TNHH Một Thành Viên Hoàng Quân Long Xuyên","DiaChiCongTy":"Số 17I1 Lý Thái Tổ - Phường Đông Xuyên - Thành phố Long Xuyên  - An Giang","Created":"2016-04-18T08:14:47Z","Updated":"2016-04-18T08:14:47Z","IsDelete":false,"RequestChanged":false,"ExitsInGDT":false,"SourceID":0,"TinhThanhID":0,"TinhThanhTitle":"An Giang","TinhThanhTitleAscii":"/an-giang","QuanHuyenID":0,"NganhNgheTitle":"Kinh doanh bất động sản, quyền sử dụng đất thuộc chủ sở hữu, chủ sử dụng hoặc đi thuê","NganhNgheTitleAscii":"/nganh-nghe/kinh-doanh-bat-dong-san-quyen-su-dung-dat-thuoc-chu-so-huu-chu-su-dung-hoac-di-thue","DSTags":["1602007043","An Giang",null]},{"Type":11,"SolrID":"/1602003271-cong-ty-tnhh-mot-thanh-vien-thien-doai","ID":0,"MaSoThue":"1602003271","NgayCap":"2016-03-03T00:00:00Z","Title":"Công Ty TNHH Một Thành Viên Thiên Đoài","DiaChiCongTy":"Số 794, Khóm Đông Thành - Phường Đông Xuyên - Thành phố Long Xuyên  - An Giang","Created":"2016-03-05T10:10:17Z","Updated":"2016-03-05T10:10:17Z","IsDelete":false,"RequestChanged":false,"ExitsInGDT":false,"SourceID":0,"TinhThanhID":0,"TinhThanhTitle":"An Giang","TinhThanhTitleAscii":"/an-giang","QuanHuyenID":0,"NganhNgheTitle":"Bán buôn kim loại và quặng kim loại","NganhNgheTitleAscii":"/nganh-nghe/ban-buon-kim-loai-va-quang-kim-loai","DSTags":["1602003271","An Giang",null]},{"Type":11,"SolrID":"/1601982049-cong-ty-tnhh-thuong-mai-xuat-nhap-khau-ag-hong-hung","ID":0,"MaSoThue":"1601982049","NgayCap":"2015-09-04T00:00:00Z","Title":"Công Ty TNHH Thương Mại Xuất Nhập Khẩu Ag Hồng Hưng","DiaChiCongTy":"Số 9A5 Trần Nguyên Đán - Phường Đông Xuyên - Thành phố Long Xuyên  - An Giang","Created":"2015-11-19T00:52:38Z","Updated":"2015-11-19T00:52:38Z","IsDelete":false,"RequestChanged":false,"ExitsInGDT":false,"SourceID":0,"TinhThanhID":0,"TinhThanhTitle":"An Giang","TinhThanhTitleAscii":"/an-giang","QuanHuyenID":0,"NganhNgheTitle":"Bán buôn gạo","NganhNgheTitleAscii":"/nganh-nghe/ban-buon-gao","DSTags":["1601982049","An Giang",null]},{"Type":11,"SolrID":"/1601980820-cong-ty-tnhh-mot-thanh-vien-thien-thien-tam","ID":0,"MaSoThue":"1601980820","NgayCap":"2015-08-18T00:00:00Z","Title":"Công Ty TNHH Một Thành Viên Thiên Thiện Tâm","DiaChiCongTy":"4F1 Lê Thiện Tứ - Phường Đông Xuyên - Thành phố Long Xuyên  - An Giang","Created":"2015-11-18T23:44:28Z","Updated":"2015-11-18T23:44:28Z","IsDelete":false,"RequestChanged":false,"ExitsInGDT":false,"SourceID":0,"TinhThanhID":0,"TinhThanhTitle":"An Giang","TinhThanhTitleAscii":"/an-giang","QuanHuyenID":0,"NganhNgheTitle":"Giáo dục khác chưa được phân vào đâu","NganhNgheTitleAscii":"/nganh-nghe/giao-duc-khac-chua-duoc-phan-vao-dau","DSTags":["1601980820","An Giang",null]},{"Type":11,"SolrID":"/1601979832-cong-ty-tnhh-hh-the-voice","ID":0,"MaSoThue":"1601979832","NgayCap":"2015-08-06T00:00:00Z","Title":"Công Ty TNHH Hh The Voice","DiaChiCongTy":"Số 193 Bùi Văn Danh - Phường Đông Xuyên - Thành phố Long Xuyên  - An Giang","Created":"2015-11-18T22:37:18Z","Updated":"2015-11-18T22:37:18Z","IsDelete":false,"RequestChanged":false,"ExitsInGDT":false,"SourceID":0,"TinhThanhID":0,"TinhThanhTitle":"An Giang","TinhThanhTitleAscii":"/an-giang","QuanHuyenID":0,"NganhNgheTitle":"Hoạt động vui chơi giải trí khác chưa được phân vào đâu","NganhNgheTitleAscii":"/nganh-nghe/hoat-dong-vui-choi-giai-tri-khac-chua-duoc-phan-vao-dau","DSTags":["1601979832","An Giang",null]},{"Type":11,"SolrID":"/1601224119-003-chi-cuc-phong-chong-te-nan-xa-hoi-tinh-an-giang","ID":0,"MaSoThue":"1601224119-003","NgayCap":"2015-08-05T00:00:00Z","Title":"Chi cục Phòng chống Tệ nạn Xã hội tỉnh An Giang","DiaChiCongTy":"Số 01 Trần Khắc Chung - Phường Đông Xuyên - Thành phố Long Xuyên  - An Giang","Created":"2015-11-19T04:15:01Z","Updated":"2015-11-19T04:15:01Z","IsDelete":false,"RequestChanged":false,"ExitsInGDT":false,"SourceID":0,"TinhThanhID":0,"TinhThanhTitle":"An Giang","TinhThanhTitleAscii":"/an-giang","QuanHuyenID":0,"NganhNgheTitle":"Hoạt động của Đảng cộng sản, tổ chức chính trị - xã hội, hoạt động quản lý nhà nước nói chung và kinh tế tổng hợp","NganhNgheTitleAscii":"/nganh-nghe/hoat-dong-cua-dang-cong-san-to-chuc-chinh-tri-xa-hoi-hoat-dong-quan-ly-nha-nuoc-noi-chung-va-kinh-te-tong-hop","DSTags":["1601224119-003","An Giang",null]},{"Type":11,"SolrID":"/1601979046-cong-ty-tnhh-mot-thanh-vien-ruou-bia-ngk-dang-khoa","ID":0,"MaSoThue":"1601979046","NgayCap":"2015-07-28T00:00:00Z","Title":"Công Ty TNHH Một Thành Viên Rượu Bia Ngk Đăng Khoa","DiaChiCongTy":"Số 932C Ung Văn Khiêm - Phường Đông Xuyên - Thành phố Long Xuyên  - An Giang","Created":"2015-11-18T21:36:06Z","Updated":"2015-11-18T21:36:06Z","IsDelete":false,"RequestChanged":false,"ExitsInGDT":false,"SourceID":0,"TinhThanhID":0,"TinhThanhTitle":"An Giang","TinhThanhTitleAscii":"/an-giang","QuanHuyenID":0,"NganhNgheTitle":"Bán buôn đồ uống","NganhNgheTitleAscii":"/nganh-nghe/ban-buon-do-uong","DSTags":["1601979046","An Giang",null]},{"Type":11,"SolrID":"/1601974263-cong-ty-tnhh-thuong-mai-dich-vu-hati","ID":0,"MaSoThue":"1601974263","NgayCap":"2015-06-03T00:00:00Z","Title":"Công Ty TNHH Thương Mại - Dịch Vụ Hati","DiaChiCongTy":"Số 641/16 Trần Quý Khoáng - Phường Đông Xuyên - Thành phố Long Xuyên  - An Giang","Created":"2015-11-18T05:51:51Z","Updated":"2015-11-18T05:51:51Z","IsDelete":false,"RequestChanged":false,"ExitsInGDT":false,"SourceID":0,"TinhThanhID":0,"TinhThanhTitle":"An Giang","TinhThanhTitleAscii":"/an-giang","QuanHuyenID":0,"NganhNgheTitle":"Đại lý, môi giới, đấu giá","NganhNgheTitleAscii":"/nganh-nghe/dai-ly-moi-gioi-dau-gia","DSTags":["1601974263","An Giang",null]},{"Type":11,"SolrID":"/1601970935-cong-ty-tnhh-my-pham-xuan-tien","ID":0,"MaSoThue":"1601970935","NgayCap":"2015-04-27T00:00:00Z","Title":"Công Ty TNHH Mỹ Phẩm Xuân Tiên","DiaChiCongTy":"Số 542/15 Hà Hoàng Hổ - Phường Đông Xuyên - Thành phố Long Xuyên  - An Giang","Created":"2015-11-17T09:45:19Z","Updated":"2015-11-17T09:45:19Z","IsDelete":false,"RequestChanged":false,"ExitsInGDT":false,"SourceID":0,"TinhThanhID":0,"TinhThanhTitle":"An Giang","TinhThanhTitleAscii":"/an-giang","QuanHuyenID":0,"NganhNgheTitle":"Bán buôn đồ dùng khác cho gia đình","NganhNgheTitleAscii":"/nganh-nghe/ban-buon-do-dung-khac-cho-gia-dinh","DSTags":["1601970935","An Giang",null]},{"Type":11,"SolrID":"/1500429007-004-chi-nhanh-doanh-nghiep-tu-nhan-do-gia-computer-trung-tam-thuong-mai-tin-hoc","ID":0,"MaSoThue":"1500429007-004","NgayCap":"2015-04-22T00:00:00Z","Title":"Chi Nhánh Doanh Nghiệp Tư Nhân Đỗ Gia Computer (Trung Tâm Thương Mại Tin Học)","DiaChiCongTy":"Số 813B Hà Hoàng Hổ - Phường Đông Xuyên - Thành phố Long Xuyên  - An Giang","Created":"2015-11-18T12:07:26Z","Updated":"2015-11-18T12:07:26Z","IsDelete":false,"RequestChanged":false,"ExitsInGDT":false,"SourceID":0,"TinhThanhID":0,"TinhThanhTitle":"An Giang","TinhThanhTitleAscii":"/an-giang","QuanHuyenID":0,"NganhNgheTitle":"Bán lẻ máy vi tính, thiết bị ngoại vi, phần mềm và thiết bị viễn thông trong các cửa hàng chuyên doanh","NganhNgheTitleAscii":"/nganh-nghe/ban-le-may-vi-tinh-thiet-bi-ngoai-vi-phan-mem-va-thiet-bi-vien-thong-trong-cac-cua-hang-chuyen-doanh","DSTags":["1500429007-004","An Giang",null]},{"Type":11,"SolrID":"/1601969915-doanh-nghiep-tn-tin-hoc-gia-khang-long-xuyen","ID":0,"MaSoThue":"1601969915","NgayCap":"2015-04-15T00:00:00Z","Title":"Doanh Nghiệp TN Tin Học Gia Khang Long Xuyên","DiaChiCongTy":"Số 933E Võ Thị Sáu - Phường Đông Xuyên - Thành phố Long Xuyên  - An Giang","Created":"2015-11-17T08:42:05Z","Updated":"2015-11-17T08:42:05Z","IsDelete":false,"RequestChanged":false,"ExitsInGDT":false,"SourceID":0,"TinhThanhID":0,"TinhThanhTitle":"An Giang","TinhThanhTitleAscii":"/an-giang","QuanHuyenID":0,"NganhNgheTitle":"Hoạt động viễn thông có dây","NganhNgheTitleAscii":"/nganh-nghe/hoat-dong-vien-thong-co-day","DSTags":["1601969915","An Giang",null]},{"Type":11,"SolrID":"/1601968252-doanh-nghiep-tn-khach-san-hoang-duc","ID":0,"MaSoThue":"1601968252","NgayCap":"2015-03-30T00:00:00Z","Title":"Doanh Nghiệp TN Khách Sạn Hoàng Đức","DiaChiCongTy":"Lô 15 + 16 Lê Thiện Tứ - Phường Đông Xuyên - Thành phố Long Xuyên  - An Giang","Created":"2015-11-17T06:15:53Z","Updated":"2015-11-17T06:15:53Z","IsDelete":false,"RequestChanged":false,"ExitsInGDT":false,"SourceID":0,"TinhThanhID":0,"TinhThanhTitle":"An Giang","TinhThanhTitleAscii":"/an-giang","QuanHuyenID":0,"NganhNgheTitle":"Dịch vụ lưu trú ngắn ngày","NganhNgheTitleAscii":"/nganh-nghe/dich-vu-luu-tru-ngan-ngay","DSTags":["1601968252","An Giang",null]},{"Type":11,"SolrID":"/1601968051-doanh-nghiep-tn-tro-choi-dien-tu-pham-tan-loc","ID":0,"MaSoThue":"1601968051","NgayCap":"2015-03-27T00:00:00Z","Title":"Doanh Nghiệp TN Trò Chơi Điện Tử Phạm Tấn Lộc","DiaChiCongTy":"590/15, Tổ 1, Khóm Đông Hưng - Phường Đông Xuyên - Thành phố Long Xuyên  - An Giang","Created":"2015-11-17T06:04:30Z","Updated":"2015-11-17T06:04:30Z","IsDelete":false,"RequestChanged":false,"ExitsInGDT":false,"SourceID":0,"TinhThanhID":0,"TinhThanhTitle":"An Giang","TinhThanhTitleAscii":"/an-giang","QuanHuyenID":0,"NganhNgheTitle":"Hoạt động vui chơi giải trí khác chưa được phân vào đâu","NganhNgheTitleAscii":"/nganh-nghe/hoat-dong-vui-choi-giai-tri-khac-chua-duoc-phan-vao-dau","DSTags":["1601968051","An Giang",null]},{"Type":11,"SolrID":"/1400460395-028-cong-ty-cp-xuat-nhap-khau-y-te-domesco-chi-nhanh-an-giang","ID":0,"MaSoThue":"1400460395-028","NgayCap":"2015-03-27T00:00:00Z","Title":"Công Ty CP Xuất Nhập Khẩu Y Tế Domesco - Chi Nhánh An Giang","DiaChiCongTy":"Số 791A Hà Hoàng Hổ - Phường Đông Xuyên - Thành phố Long Xuyên  - An Giang","Created":"2015-11-18T16:09:53Z","Updated":"2015-11-18T16:09:53Z","IsDelete":false,"RequestChanged":false,"ExitsInGDT":false,"SourceID":0,"TinhThanhID":0,"TinhThanhTitle":"An Giang","TinhThanhTitleAscii":"/an-giang","QuanHuyenID":0,"NganhNgheTitle":"Bán buôn chuyên doanh khác chưa được phân vào đâu","NganhNgheTitleAscii":"/nganh-nghe/ban-buon-chuyen-doanh-khac-chua-duoc-phan-vao-dau","DSTags":["1400460395-028","An Giang",null]},{"Type":11,"SolrID":"/1601966329-cong-ty-tnhh-mot-thanh-vien-xay-dung-phu-ngoc-han","ID":0,"MaSoThue":"1601966329","NgayCap":"2015-03-12T00:00:00Z","Title":"Công Ty TNHH Một Thành Viên Xây Dựng Phú Ngọc Hân","DiaChiCongTy":"Lô 2A6 Đường Trần Nguyên Đán - Phường Đông Xuyên - Thành phố Long Xuyên  - An Giang","Created":"2015-11-17T03:14:32Z","Updated":"2015-11-17T03:14:32Z","IsDelete":false,"RequestChanged":false,"ExitsInGDT":false,"SourceID":0,"TinhThanhID":0,"TinhThanhTitle":"An Giang","TinhThanhTitleAscii":"/an-giang","QuanHuyenID":0,"NganhNgheTitle":"Xây dựng nhà các loại","NganhNgheTitleAscii":"/nganh-nghe/xay-dung-nha-cac-loai","DSTags":["1601966329","An Giang",null]},{"Type":11,"SolrID":"/1601943748-001-chi-nhanh-doanh-nghiep-tn-tro-choi-dien-tu-nguyen-van-ut-tai-dong-xuyen","ID":0,"MaSoThue":"1601943748-001","NgayCap":"2014-12-02T00:00:00Z","Title":"Chi Nhánh Doanh Nghiệp TN Trò Chơi Điện Tử Nguyễn Văn út Tại Đông Xuyên","DiaChiCongTy":"797, Khóm Đông Thành - Phường Đông Xuyên - Thành phố Long Xuyên  - An Giang","Created":"2015-11-18T04:46:41Z","Updated":"2015-11-18T04:46:41Z","IsDelete":false,"RequestChanged":false,"ExitsInGDT":false,"SourceID":0,"TinhThanhID":0,"TinhThanhTitle":"An Giang","TinhThanhTitleAscii":"/an-giang","QuanHuyenID":0,"NganhNgheTitle":"Hoạt động vui chơi giải trí khác chưa được phân vào đâu","NganhNgheTitleAscii":"/nganh-nghe/hoat-dong-vui-choi-giai-tri-khac-chua-duoc-phan-vao-dau","DSTags":["1601943748-001","An Giang",null]},{"Type":11,"SolrID":"/1601941324-cong-ty-tnhh-mot-thanh-vien-tmdv-van-giang","ID":0,"MaSoThue":"1601941324","NgayCap":"2014-10-01T00:00:00Z","Title":"Công Ty TNHH Một Thành Viên Tmdv Vân Giang","DiaChiCongTy":"Số 12 Trần Khắc Chung - Phường Đông Xuyên - Thành phố Long Xuyên  - An Giang","Created":"2015-11-11T03:50:28Z","Updated":"2015-11-11T03:50:28Z","IsDelete":false,"RequestChanged":false,"ExitsInGDT":false,"SourceID":0,"TinhThanhID":0,"TinhThanhTitle":"An Giang","TinhThanhTitleAscii":"/an-giang","QuanHuyenID":0,"NganhNgheTitle":"Vận tải hàng hóa đường thuỷ nội địa","NganhNgheTitleAscii":"/nganh-nghe/van-tai-hang-hoa-duong-thuy-noi-dia","DSTags":["1601941324","An Giang",null]},{"Type":11,"SolrID":"/1601858394-001-van-phong-dai-dien-cong-ty-tnhh-xay-dung-dinh-trach","ID":0,"MaSoThue":"1601858394-001","NgayCap":"2014-08-08T00:00:00Z","Title":"Văn Phòng Đại Diện Công Ty TNHH Xây Dựng Dinh Trạch","DiaChiCongTy":"Số 743B Trần Bình Trọng - Phường Đông Xuyên - Thành phố Long Xuyên  - An Giang","Created":"2015-11-12T00:59:24Z","Updated":"2015-11-12T00:59:24Z","IsDelete":false,"RequestChanged":false,"ExitsInGDT":false,"SourceID":0,"TinhThanhID":0,"TinhThanhTitle":"An Giang","TinhThanhTitleAscii":"/an-giang","QuanHuyenID":0,"NganhNgheTitle":"Xây dựng nhà các loại","NganhNgheTitleAscii":"/nganh-nghe/xay-dung-nha-cac-loai","DSTags":["1601858394-001","An Giang",null]},{"Type":11,"SolrID":"/1601910654-001-van-phong-dai-dien-cong-ty-tnhh-thuong-mai-dich-vu-computer-t-t","ID":0,"MaSoThue":"1601910654-001","NgayCap":"2014-04-10T00:00:00Z","Title":"Văn Phòng Đại Diện Công Ty TNHH Thương Mại Dịch Vụ Computer T&T","DiaChiCongTy":"Số 13I1 Lý Thái Tổ nối dài, Khóm Đông Thành - Phường Đông Xuyên - Thành phố Long Xuyên  - An Giang","Created":"2015-11-11T01:33:01Z","Updated":"2015-11-11T01:33:01Z","IsDelete":false,"RequestChanged":false,"ExitsInGDT":false,"SourceID":0,"TinhThanhID":0,"TinhThanhTitle":"An Giang","TinhThanhTitleAscii":"/an-giang","QuanHuyenID":0,"NganhNgheTitle":"Bán buôn máy vi tính, thiết bị ngoại vi và phần mềm","NganhNgheTitleAscii":"/nganh-nghe/ban-buon-may-vi-tinh-thiet-bi-ngoai-vi-va-phan-mem","DSTags":["1601910654-001","An Giang",null]},{"Type":11,"SolrID":"/1601916864-cong-ty-tnhh-mot-thanh-vien-tin-hoc-tl","ID":0,"MaSoThue":"1601916864","NgayCap":"2014-03-27T00:00:00Z","Title":"Công Ty TNHH Một Thành Viên Tin Học Tl","DiaChiCongTy":"Số 759 Ung Văn Khiêm, Khóm Đông Thành - Phường Đông Xuyên - Thành phố Long Xuyên  - An Giang","Created":"2015-11-09T18:12:11Z","Updated":"2015-11-09T18:12:11Z","IsDelete":false,"RequestChanged":false,"ExitsInGDT":false,"SourceID":0,"TinhThanhID":0,"TinhThanhTitle":"An Giang","TinhThanhTitleAscii":"/an-giang","QuanHuyenID":0,"NganhNgheTitle":"Bán buôn máy vi tính, thiết bị ngoại vi và phần mềm","NganhNgheTitleAscii":"/nganh-nghe/ban-buon-may-vi-tinh-thiet-bi-ngoai-vi-va-phan-mem","DSTags":["1601916864","An Giang",null]},{"Type":11,"SolrID":"/4201482960-005-van-phong-dai-dien-cong-ty-co-phan-phat-trien-ben-vung-binh-minh-tai-an-giang","ID":0,"MaSoThue":"4201482960-005","NgayCap":"2014-02-25T00:00:00Z","Title":"Văn Phòng Đại Diện Công Ty Cổ Phần Phát Triển Bền Vững Bình Minh Tại An Giang","DiaChiCongTy":"Số 619B/16 Hà Hoàng Hổ, Khóm Đồng Phú - Phường Đông Xuyên - Thành phố Long Xuyên  - An Giang","Created":"2015-11-09T12:04:49Z","Updated":"2015-11-09T12:04:49Z","IsDelete":false,"RequestChanged":false,"ExitsInGDT":false,"SourceID":0,"TinhThanhID":0,"TinhThanhTitle":"An Giang","TinhThanhTitleAscii":"/an-giang","QuanHuyenID":0,"NganhNgheTitle":"Trồng rừng và chăm sóc rừng","NganhNgheTitleAscii":"/nganh-nghe/trong-rung-va-cham-soc-rung","DSTags":["4201482960-005","An Giang",null]},{"Type":11,"SolrID":"/1601899231-cong-ty-tnhh-mot-thanh-vien-thiet-bi-vat-tu-kho-quy-sa-phat","ID":0,"MaSoThue":"1601899231","NgayCap":"2013-12-20T00:00:00Z","Title":"Công Ty TNHH Một Thành Viên Thiết Bị Vật Tư Kho Quỹ Sa Phát","DiaChiCongTy":"Số 593/15 Hà Hoàng Hổ, Khóm Đông Hưng - Phường Đông Xuyên - Thành phố Long Xuyên  - An Giang","Created":"2015-11-09T22:56:16Z","Updated":"2015-11-09T22:56:16Z","IsDelete":false,"RequestChanged":false,"ExitsInGDT":false,"SourceID":0,"TinhThanhID":0,"TinhThanhTitle":"An Giang","TinhThanhTitleAscii":"/an-giang","QuanHuyenID":0,"NganhNgheTitle":"Bán buôn máy móc, thiết bị và phụ tùng máy khác","NganhNgheTitleAscii":"/nganh-nghe/ban-buon-may-moc-thiet-bi-va-phu-tung-may-khac","DSTags":["1601899231","An Giang",null]},{"Type":11,"SolrID":"/1601891345-cong-ty-tnhh-dau-tu-giao-duc-long-xuyen","ID":0,"MaSoThue":"1601891345","NgayCap":"2013-10-11T00:00:00Z","Title":"Công Ty TNHH Đầu Tư Giáo Dục Long Xuyên","DiaChiCongTy":"Số 815-816 Hà Hoàng Hổ - Phường Đông Xuyên - Thành phố Long Xuyên  - An Giang","Created":"2015-11-11T18:27:08Z","Updated":"2015-11-11T18:27:08Z","IsDelete":false,"RequestChanged":false,"ExitsInGDT":false,"SourceID":0,"TinhThanhID":0,"TinhThanhTitle":"An Giang","TinhThanhTitleAscii":"/an-giang","QuanHuyenID":0,"NganhNgheTitle":"Giáo dục khác chưa được phân vào đâu","NganhNgheTitleAscii":"/nganh-nghe/giao-duc-khac-chua-duoc-phan-vao-dau","DSTags":["1601891345","An Giang",null]},{"Type":11,"SolrID":"/1601887525-cong-ty-tnhh-dau-tu-giao-duc-phuong-nguyen","ID":0,"MaSoThue":"1601887525","NgayCap":"2013-08-27T00:00:00Z","Title":"Công Ty TNHH Đầu Tư Giáo Dục Phương Nguyên","DiaChiCongTy":"Số 815 - 816 Hà Hoàng Hổ - Phường Đông Xuyên - Thành phố Long Xuyên  - An Giang","Created":"2015-11-11T19:09:18Z","Updated":"2015-11-11T19:09:18Z","IsDelete":false,"RequestChanged":false,"ExitsInGDT":false,"SourceID":0,"TinhThanhID":0,"TinhThanhTitle":"An Giang","TinhThanhTitleAscii":"/an-giang","QuanHuyenID":0,"NganhNgheTitle":"Giáo dục nghề nghiệp","NganhNgheTitleAscii":"/nganh-nghe/giao-duc-nghe-nghiep","DSTags":["1601887525","An Giang",null]},{"Type":11,"SolrID":"/1601887571-cong-ty-tnhh-mot-thanh-vien-thuong-mai-vien-thong-trinh-nguyen-mobile","ID":0,"MaSoThue":"1601887571","NgayCap":"2013-08-27T00:00:00Z","Title":"Công Ty TNHH Một Thành Viên Thương Mại Viễn Thông Trịnh Nguyễn Mobile","DiaChiCongTy":"Số 44 Trần Nguyên Đán, Tổ 3, Khóm Đông Hưng - Phường Đông Xuyên - Thành phố Long Xuyên  - An Giang","Created":"2015-11-11T19:09:19Z","Updated":"2015-11-11T19:09:19Z","IsDelete":false,"RequestChanged":false,"ExitsInGDT":false,"SourceID":0,"TinhThanhID":0,"TinhThanhTitle":"An Giang","TinhThanhTitleAscii":"/an-giang","QuanHuyenID":0,"NganhNgheTitle":"Bán buôn thiết bị và linh kiện điện tử, viễn thông","NganhNgheTitleAscii":"/nganh-nghe/ban-buon-thiet-bi-va-linh-kien-dien-tu-vien-thong","DSTags":["1601887571","An Giang",null]},{"Type":11,"SolrID":"/1601733652-001-chi-nhanh-cong-ty-tnhh-mot-thanh-vien-tran-hoai-bao-cua-hang-gas-gia-phuc","ID":0,"MaSoThue":"1601733652-001","NgayCap":"2013-08-16T00:00:00Z","Title":"Chi Nhánh Công Ty TNHH Một Thành Viên Trần Hoài Bảo - Cửa Hàng Gas Gia Phúc","DiaChiCongTy":"Đường Hà Hoàng Hổ - Phường Đông Xuyên - Thành phố Long Xuyên  - An Giang","Created":"2015-11-11T05:43:51Z","Updated":"2015-11-11T05:43:51Z","IsDelete":false,"RequestChanged":false,"ExitsInGDT":false,"SourceID":0,"TinhThanhID":0,"TinhThanhTitle":"An Giang","TinhThanhTitleAscii":"/an-giang","QuanHuyenID":0,"NganhNgheTitle":"Bán buôn nhiên liệu rắn, lỏng, khí và các sản phẩm liên quan","NganhNgheTitleAscii":"/nganh-nghe/ban-buon-nhien-lieu-ran-long-khi-va-cac-san-pham-lien-quan","DSTags":["1601733652-001","An Giang",null]},{"Type":11,"SolrID":"/1601872141-cong-ty-tnhh-mot-thanh-vien-giup-viec-nha-dang-thanh","ID":0,"MaSoThue":"1601872141","NgayCap":"2013-04-24T00:00:00Z","Title":"Công Ty TNHH Một Thành Viên Giúp Việc Nhà Đặng Thành","DiaChiCongTy":"Lô 8H Lê Thiện Tứ, Khóm Đông Thành - Phường Đông Xuyên - Thành phố Long Xuyên  - An Giang","Created":"2015-11-09T23:51:12Z","Updated":"2015-11-09T23:51:12Z","IsDelete":false,"RequestChanged":false,"ExitsInGDT":false,"SourceID":0,"TinhThanhID":0,"TinhThanhTitle":"An Giang","TinhThanhTitleAscii":"/an-giang","QuanHuyenID":0,"NganhNgheTitle":"Hoạt động làm thuê công việc gia đình trong các hộ gia đình","NganhNgheTitleAscii":"/nganh-nghe/hoat-dong-lam-thue-cong-viec-gia-dinh-trong-cac-ho-gia-dinh","DSTags":["1601872141","An Giang",null]},{"Type":11,"SolrID":"/1601870521-cong-ty-tnhh-mot-thanh-vien-the-gioi-camera","ID":0,"MaSoThue":"1601870521","NgayCap":"2013-04-12T00:00:00Z","Title":"Công Ty TNHH Một Thành Viên Thế Giới Camera","DiaChiCongTy":"Số 1E2, Đường Lê Thiện Tứ - Phường Đông Xuyên - Thành phố Long Xuyên  - An Giang","Created":"2015-11-11T23:17:41Z","Updated":"2015-11-11T23:17:41Z","IsDelete":false,"RequestChanged":false,"ExitsInGDT":false,"SourceID":0,"TinhThanhID":0,"TinhThanhTitle":"An Giang","TinhThanhTitleAscii":"/an-giang","QuanHuyenID":0,"NganhNgheTitle":"Bán buôn thiết bị và linh kiện điện tử, viễn thông","NganhNgheTitleAscii":"/nganh-nghe/ban-buon-thiet-bi-va-linh-kien-dien-tu-vien-thong","DSTags":["1601870521","An Giang",null]},{"Type":11,"SolrID":"/1601865962-cong-ty-tnhh-mot-thanh-vien-giao-duc-truyen-thong-mat-troi-hong","ID":0,"MaSoThue":"1601865962","NgayCap":"2013-03-13T00:00:00Z","Title":"Công Ty TNHH Một Thành Viên Giáo Dục - Truyền Thông Mặt Trời Hồng","DiaChiCongTy":"Lô 6 D4 Trịnh Văn ấn, Khóm Đông Thành - Phường Đông Xuyên - Thành phố Long Xuyên  - An Giang","Created":"2015-11-12T00:01:32Z","Updated":"2015-11-12T00:01:32Z","IsDelete":false,"RequestChanged":false,"ExitsInGDT":false,"SourceID":0,"TinhThanhID":0,"TinhThanhTitle":"An Giang","TinhThanhTitleAscii":"/an-giang","QuanHuyenID":0,"NganhNgheTitle":"Dịch vụ hỗ trợ giáo dục","NganhNgheTitleAscii":"/nganh-nghe/dich-vu-ho-tro-giao-duc","DSTags":["1601865962","An Giang",null]},{"Type":11,"SolrID":"/1601852642-cong-ty-tnhh-mot-thanh-vien-van-thang-long-xuyen","ID":0,"MaSoThue":"1601852642","NgayCap":"2012-12-27T00:00:00Z","Title":"Công Ty TNHH Một Thành Viên Vạn Thắng-Long Xuyên","DiaChiCongTy":"Số 759 Ung Văn Khiêm - Phường Đông Xuyên - Thành phố Long Xuyên  - An Giang","Created":"2015-11-12T01:00:21Z","Updated":"2015-11-12T01:00:21Z","IsDelete":false,"RequestChanged":false,"ExitsInGDT":false,"SourceID":0,"TinhThanhID":0,"TinhThanhTitle":"An Giang","TinhThanhTitleAscii":"/an-giang","QuanHuyenID":0,"NganhNgheTitle":"Bán buôn đồ dùng khác cho gia đình","NganhNgheTitleAscii":"/nganh-nghe/ban-buon-do-dung-khac-cho-gia-dinh","DSTags":["1601852642","An Giang",null]},{"Type":11,"SolrID":"/1601836979-cong-ty-tnhh-thuong-mai-va-tu-van-xay-dung-kien-tan-phat","ID":0,"MaSoThue":"1601836979","NgayCap":"2012-10-05T00:00:00Z","Title":"Công Ty TNHH Thương Mại Và Tư Vấn Xây Dựng Kiên Tân Phát","DiaChiCongTy":"Lô 2D4 Trịnh Văn ấn - Phường Đông Xuyên - Thành phố Long Xuyên  - An Giang","Created":"2015-11-12T04:26:55Z","Updated":"2015-11-12T04:26:55Z","IsDelete":false,"RequestChanged":false,"ExitsInGDT":false,"SourceID":0,"TinhThanhID":0,"TinhThanhTitle":"An Giang","TinhThanhTitleAscii":"/an-giang","QuanHuyenID":0,"NganhNgheTitle":"Hoạt động kiến trúc và tư vấn kỹ thuật có liên quan","NganhNgheTitleAscii":"/nganh-nghe/hoat-dong-kien-truc-va-tu-van-ky-thuat-co-lien-quan","DSTags":["1601836979","An Giang",null]},{"Type":11,"SolrID":"/1601836538-cong-ty-tnhh-mot-thanh-vien-thien-kim-yen","ID":0,"MaSoThue":"1601836538","NgayCap":"2012-09-28T00:00:00Z","Title":"Công Ty TNHH Một Thành Viên Thiên Kim Yến","DiaChiCongTy":"Lô 23 Lý Thái Tổ - Phường Đông Xuyên - Thành phố Long Xuyên  - An Giang","Created":"2015-11-12T04:28:20Z","Updated":"2015-11-12T04:28:20Z","IsDelete":false,"RequestChanged":false,"ExitsInGDT":false,"SourceID":0,"TinhThanhID":0,"TinhThanhTitle":"An Giang","TinhThanhTitleAscii":"/an-giang","QuanHuyenID":0,"NganhNgheTitle":"Vận tải hàng hóa bằng đường bộ","NganhNgheTitleAscii":"/nganh-nghe/van-tai-hang-hoa-bang-duong-bo","DSTags":["1601836538","An Giang",null]},{"Type":11,"SolrID":"/1601787496-cong-ty-tnhh-mot-thanh-vien-van-an-long","ID":0,"MaSoThue":"1601787496","NgayCap":"2012-07-06T00:00:00Z","Title":"Công Ty TNHH Một Thành Viên Vạn An Long","DiaChiCongTy":"Số 3A5 Trần Nguyên Đán, Khóm Đông Hưng - Phường Đông Xuyên - Thành phố Long Xuyên  - An Giang","Created":"2015-11-12T06:29:45Z","Updated":"2015-11-12T06:29:45Z","IsDelete":false,"RequestChanged":false,"ExitsInGDT":false,"SourceID":0,"TinhThanhID":0,"TinhThanhTitle":"An Giang","TinhThanhTitleAscii":"/an-giang","QuanHuyenID":0,"NganhNgheTitle":"Hoạt động cấp tín dụng khác","NganhNgheTitleAscii":"/nganh-nghe/hoat-dong-cap-tin-dung-khac","DSTags":["1601787496","An Giang",null]},{"Type":11,"SolrID":"/1601762477-cong-ty-tnhh-mot-thanh-vien-dau-gia-dung-trung-nam","ID":0,"MaSoThue":"1601762477","NgayCap":"2012-06-11T00:00:00Z","Title":"Công Ty TNHH Một Thành Viên Đấu Giá Dũng Trung Nam","DiaChiCongTy":"Số 554 Trần Nguyên Đán - Phường Đông Xuyên - Thành phố Long Xuyên  - An Giang","Created":"2015-11-09T20:25:03Z","Updated":"2015-11-09T20:25:03Z","IsDelete":false,"RequestChanged":false,"ExitsInGDT":false,"SourceID":0,"TinhThanhID":0,"TinhThanhTitle":"An Giang","TinhThanhTitleAscii":"/an-giang","QuanHuyenID":0,"NganhNgheTitle":"Đại lý, môi giới, đấu giá","NganhNgheTitleAscii":"/nganh-nghe/dai-ly-moi-gioi-dau-gia","DSTags":["1601762477","An Giang",null]},{"Type":11,"SolrID":"/1700497893-001-chi-nhanh-cong-ty-trach-nhiem-huu-han-thuong-mai-va-dich-vu-mb","ID":0,"MaSoThue":"1700497893-001","NgayCap":"2012-04-05T00:00:00Z","Title":"Chi Nhánh Công Ty Trách Nhiệm Hữu Hạn Thương Mại Và Dịch Vụ Mb","DiaChiCongTy":"Số 13F2 Ung Văn Khiêm - Phường Đông Xuyên - Thành phố Long Xuyên  - An Giang","Created":"2015-11-17T20:04:35Z","Updated":"2015-11-17T20:04:35Z","IsDelete":false,"RequestChanged":false,"ExitsInGDT":false,"SourceID":0,"TinhThanhID":0,"TinhThanhTitle":"An Giang","TinhThanhTitleAscii":"/an-giang","QuanHuyenID":0,"NganhNgheTitle":"Bán buôn máy vi tính, thiết bị ngoại vi và phần mềm","NganhNgheTitleAscii":"/nganh-nghe/ban-buon-may-vi-tinh-thiet-bi-ngoai-vi-va-phan-mem","DSTags":["1700497893-001","An Giang",null]},{"Type":11,"SolrID":"/1601689604-cong-ty-tnhh-dang-phat-hung","ID":0,"MaSoThue":"1601689604","NgayCap":"2012-03-23T00:00:00Z","Title":"Công Ty TNHH Đặng Phát Hưng","DiaChiCongTy":"Số 4A2 đường Trần Nguyên Đán, Khóm Đông Hưng - Phường Đông Xuyên - Thành phố Long Xuyên  - An Giang","Created":"2015-11-13T08:43:46Z","Updated":"2015-11-13T08:43:46Z","IsDelete":false,"RequestChanged":false,"ExitsInGDT":false,"SourceID":0,"TinhThanhID":0,"TinhThanhTitle":"An Giang","TinhThanhTitleAscii":"/an-giang","QuanHuyenID":0,"NganhNgheTitle":"Tổ chức giới thiệu và xúc tiến thương mại","NganhNgheTitleAscii":"/nganh-nghe/to-chuc-gioi-thieu-va-xuc-tien-thuong-mai","DSTags":["1601689604","An Giang",null]},{"Type":11,"SolrID":"/1601662507-cong-ty-tnhh-mot-thanh-vien-danh-nhung","ID":0,"MaSoThue":"1601662507","NgayCap":"2012-02-24T00:00:00Z","Title":"Công Ty TNHH Một Thành Viên Danh Nhung","DiaChiCongTy":"Số 23F2 Ung Văn Khiêm, Khóm Đông Thành - Phường Đông Xuyên - Thành phố Long Xuyên  - An Giang","Created":"2015-11-10T01:42:19Z","Updated":"2015-11-10T01:42:19Z","IsDelete":false,"RequestChanged":false,"ExitsInGDT":false,"SourceID":0,"TinhThanhID":0,"TinhThanhTitle":"An Giang","TinhThanhTitleAscii":"/an-giang","QuanHuyenID":0,"NganhNgheTitle":"Lắp đặt hệ thống cấp, thoát nước, lò sưởi và điều hoà không khí","NganhNgheTitleAscii":"/nganh-nghe/lap-dat-he-thong-cap-thoat-nuoc-lo-suoi-va-dieu-hoa-khong-khi","DSTags":["1601662507","An Giang",null]},{"Type":11,"SolrID":"/1601661768-cong-ty-tnhh-mot-thanh-vien-dsm","ID":0,"MaSoThue":"1601661768","NgayCap":"2012-02-23T00:00:00Z","Title":"Công Ty TNHH Một Thành Viên Dsm","DiaChiCongTy":"Số 790A Hà Hoàng Hổ, Khóm Đông Thành - Phường Đông Xuyên - Thành phố Long Xuyên  - An Giang","Created":"2015-11-10T01:40:38Z","Updated":"2015-11-10T01:40:38Z","IsDelete":false,"RequestChanged":false,"ExitsInGDT":false,"SourceID":0,"TinhThanhID":0,"TinhThanhTitle":"An Giang","TinhThanhTitleAscii":"/an-giang","QuanHuyenID":0,"NganhNgheTitle":"Bán buôn gạo","NganhNgheTitleAscii":"/nganh-nghe/ban-buon-gao","DSTags":["1601661768","An Giang",null]},{"Type":11,"SolrID":"/1601654802-van-phong-luat-su-thien-dung","ID":0,"MaSoThue":"1601654802","NgayCap":"2012-02-14T00:00:00Z","Title":"Văn Phòng Luật Sư Thiên Dũng","DiaChiCongTy":"999 Hà Hoàng Hổ - Phường Đông Xuyên - Thành phố Long Xuyên  - An Giang","Created":"2015-11-16T12:08:25Z","Updated":"2015-11-16T12:08:25Z","IsDelete":false,"RequestChanged":false,"ExitsInGDT":false,"SourceID":0,"TinhThanhID":0,"TinhThanhTitle":"An Giang","TinhThanhTitleAscii":"/an-giang","QuanHuyenID":0,"NganhNgheTitle":"Hoạt động pháp luật khác","NganhNgheTitleAscii":"/nganh-nghe/hoat-dong-phap-luat-khac","DSTags":["1601654802","An Giang",null]},{"Type":11,"SolrID":"/1601645999-cong-ty-tnhh-khoi-nguyen-phuc","ID":0,"MaSoThue":"1601645999","NgayCap":"2012-01-17T00:00:00Z","Title":"Công Ty TNHH Khởi Nguyên Phúc","DiaChiCongTy":"Số 743B Trần Bình Trọng, Phường Đông Xuyên, Thành phố Long Xuyên , Tỉnh An Giang","Created":"2015-11-09T22:54:39Z","Updated":"2020-11-20T15:35:26Z","IsDelete":false,"RequestChanged":false,"ExitsInGDT":false,"SourceID":0,"TinhThanhID":0,"TinhThanhTitle":"An Giang","TinhThanhTitleAscii":"/an-giang","QuanHuyenID":0,"NganhNgheTitle":"Xây dựng nhà các loại","NganhNgheTitleAscii":"/nganh-nghe/xay-dung-nha-cac-loai","DSTags":["1601645999","An Giang",null]},{"Type":11,"SolrID":"/1601614207-cong-ty-cp-dong-thinh-phat","ID":0,"MaSoThue":"1601614207","NgayCap":"2011-12-07T00:00:00Z","Title":"Công Ty CP Đông Thịnh Phát","DiaChiCongTy":"Số 719 Hà Hoàng Hổ - Phường Đông Xuyên - Thành phố Long Xuyên  - An Giang","Created":"2015-11-09T16:08:38Z","Updated":"2015-11-09T16:08:38Z","IsDelete":false,"RequestChanged":false,"ExitsInGDT":false,"SourceID":0,"TinhThanhID":0,"TinhThanhTitle":"An Giang","TinhThanhTitleAscii":"/an-giang","QuanHuyenID":0,"NganhNgheTitle":"Hoạt động xây dựng chuyên dụng khác","NganhNgheTitleAscii":"/nganh-nghe/hoat-dong-xay-dung-chuyen-dung-khac","DSTags":["1601614207","An Giang",null]},{"Type":11,"SolrID":"/1601613394-cong-ty-tnhh-mot-thanh-vien-thien-nguyet-duc","ID":0,"MaSoThue":"1601613394","NgayCap":"2011-12-07T00:00:00Z","Title":"Công Ty TNHH Một Thành Viên Thiên Nguyệt Đức","DiaChiCongTy":"Số 934D, Tổ 12, Khóm Đông Thành - Phường Đông Xuyên - Thành phố Long Xuyên  - An Giang","Created":"2015-11-10T01:38:29Z","Updated":"2015-11-10T01:38:29Z","IsDelete":false,"RequestChanged":false,"ExitsInGDT":false,"SourceID":0,"TinhThanhID":0,"TinhThanhTitle":"An Giang","TinhThanhTitleAscii":"/an-giang","QuanHuyenID":0,"NganhNgheTitle":"Bán buôn đồ dùng khác cho gia đình","NganhNgheTitleAscii":"/nganh-nghe/ban-buon-do-dung-khac-cho-gia-dinh","DSTags":["1601613394","An Giang",null]},{"Type":11,"SolrID":"/1601595635-doanh-nghiep-tn-binh-minh-viet","ID":0,"MaSoThue":"1601595635","NgayCap":"2011-11-15T00:00:00Z","Title":"Doanh Nghiệp TN Bình Minh Việt","DiaChiCongTy":"Số 809B, Đường Rạch Bà Bầu - Phường Đông Xuyên - Thành phố Long Xuyên  - An Giang","Created":"2015-11-10T01:41:19Z","Updated":"2015-11-10T01:41:19Z","IsDelete":false,"RequestChanged":false,"ExitsInGDT":false,"SourceID":0,"TinhThanhID":0,"TinhThanhTitle":"An Giang","TinhThanhTitleAscii":"/an-giang","QuanHuyenID":0,"NganhNgheTitle":"Bán buôn đồ dùng khác cho gia đình","NganhNgheTitleAscii":"/nganh-nghe/ban-buon-do-dung-khac-cho-gia-dinh","DSTags":["1601595635","An Giang",null]},{"Type":11,"SolrID":"/1601576569-cong-ty-tnhh-mot-thanh-vien-tuong-phuong","ID":0,"MaSoThue":"1601576569","NgayCap":"2011-10-17T00:00:00Z","Title":"Công Ty TNHH Một Thành Viên Tường Phương","DiaChiCongTy":"Số 156 Hà Hoàng Hổ, Khóm Đông Hưng - Phường Đông Xuyên - Thành phố Long Xuyên  - An Giang","Created":"2015-11-09T23:43:59Z","Updated":"2015-11-09T23:43:59Z","IsDelete":false,"RequestChanged":false,"ExitsInGDT":false,"SourceID":0,"TinhThanhID":0,"TinhThanhTitle":"An Giang","TinhThanhTitleAscii":"/an-giang","QuanHuyenID":0,"NganhNgheTitle":"Khai thác đá, cát, sỏi, đất sét","NganhNgheTitleAscii":"/nganh-nghe/khai-thac-da-cat-soi-dat-set","DSTags":["1601576569","An Giang",null]},{"Type":11,"SolrID":"/1601565084-cong-ty-tnhh-mot-thanh-vien-xuat-nhap-khau-hoan-kim-son","ID":0,"MaSoThue":"1601565084","NgayCap":"2011-10-04T00:00:00Z","Title":"Công Ty TNHH Một Thành Viên Xuất Nhập Khẩu Hoàn Kim Sơn","DiaChiCongTy":"Số 812 Hà Hoàng Hổ - Phường Đông Xuyên - Thành phố Long Xuyên  - An Giang","Created":"2015-11-10T01:41:53Z","Updated":"2015-11-10T01:41:53Z","IsDelete":false,"RequestChanged":false,"ExitsInGDT":false,"SourceID":0,"TinhThanhID":0,"TinhThanhTitle":"An Giang","TinhThanhTitleAscii":"/an-giang","QuanHuyenID":0,"NganhNgheTitle":"Bán buôn vật liệu, thiết bị lắp đặt khác trong xây dựng","NganhNgheTitleAscii":"/nganh-nghe/ban-buon-vat-lieu-thiet-bi-lap-dat-khac-trong-xay-dung","DSTags":["1601565084","An Giang",null]},{"Type":11,"SolrID":"/1601539623-cong-ty-tnhh-mot-thanh-vien-kinh-quoc","ID":0,"MaSoThue":"1601539623","NgayCap":"2011-09-01T00:00:00Z","Title":"Công Ty TNHH Một Thành Viên Kinh Quốc","DiaChiCongTy":"Số 653/17B, Khóm Đông Phú - Phường Đông Xuyên - Thành phố Long Xuyên  - An Giang","Created":"2015-11-10T01:40:07Z","Updated":"2015-11-10T01:40:07Z","IsDelete":false,"RequestChanged":false,"ExitsInGDT":false,"SourceID":0,"TinhThanhID":0,"TinhThanhTitle":"An Giang","TinhThanhTitleAscii":"/an-giang","QuanHuyenID":0,"NganhNgheTitle":"Bán buôn vật liệu, thiết bị lắp đặt khác trong xây dựng","NganhNgheTitleAscii":"/nganh-nghe/ban-buon-vat-lieu-thiet-bi-lap-dat-khac-trong-xay-dung","DSTags":["1601539623","An Giang",null]},{"Type":11,"SolrID":"/1601529713-cong-ty-tnhh-quang-cao-thuong-mai-b-a-c","ID":0,"MaSoThue":"1601529713","NgayCap":"2011-08-19T00:00:00Z","Title":"Công Ty TNHH Quảng Cáo Thương Mại B A C","DiaChiCongTy":"Lô 5D4 đường Trịnh Văn ấn, Khóm Đông Thành - Phường Đông Xuyên - Thành phố Long Xuyên  - An Giang","Created":"2015-11-10T01:37:38Z","Updated":"2015-11-10T01:37:38Z","IsDelete":false,"RequestChanged":false,"ExitsInGDT":false,"SourceID":0,"TinhThanhID":0,"TinhThanhTitle":"An Giang","TinhThanhTitleAscii":"/an-giang","QuanHuyenID":0,"NganhNgheTitle":"Quảng cáo","NganhNgheTitleAscii":"/nganh-nghe/quang-cao","DSTags":["1601529713","An Giang",null]},{"Type":11,"SolrID":"/1801193891-001-van-phong-dai-dien-cong-ty-tnhh-tu-van-chien-luoc-xay-dung-dao-tao-viet-my-bao-tin-tai-an-giang","ID":0,"MaSoThue":"1801193891-001","NgayCap":"2011-07-27T00:00:00Z","Title":"Văn Phòng Đại Diện Công Ty TNHH Tư Vấn Chiến Lược- Xây Dựng � Đào Tạo Việt Mỹ Bảo Tín Tại An Giang","DiaChiCongTy":"Số 2E Võ Thị Sáu - Phường Đông Xuyên - Thành phố Long Xuyên  - An Giang","Created":"2015-11-10T03:08:35Z","Updated":"2015-11-10T03:08:35Z","IsDelete":false,"RequestChanged":false,"ExitsInGDT":false,"SourceID":0,"TinhThanhID":0,"TinhThanhTitle":"An Giang","TinhThanhTitleAscii":"/an-giang","QuanHuyenID":0,"NganhNgheTitle":"Hoạt động tư vấn quản lý","NganhNgheTitleAscii":"/nganh-nghe/hoat-dong-tu-van-quan-ly","DSTags":["1801193891-001","An Giang",null]},{"Type":11,"SolrID":"/0306027182-004-chi-nhanh-cong-ty-tnhh-thuong-mai-va-dich-vu-nam-thuan-phong","ID":0,"MaSoThue":"0306027182-004","NgayCap":"2011-05-24T00:00:00Z","Title":"Chi Nhánh Công Ty TNHH Thương Mại Và Dịch Vụ Nam Thuận Phong","DiaChiCongTy":"Số 815-816 Hà Hoàng Hổ - Phường Đông Xuyên - Thành phố Long Xuyên  - An Giang","Created":"2015-11-18T12:19:27Z","Updated":"2015-11-18T12:19:27Z","IsDelete":false,"RequestChanged":false,"ExitsInGDT":false,"SourceID":0,"TinhThanhID":0,"TinhThanhTitle":"An Giang","TinhThanhTitleAscii":"/an-giang","QuanHuyenID":0,"NganhNgheTitle":"Giáo dục nghề nghiệp","NganhNgheTitleAscii":"/nganh-nghe/giao-duc-nghe-nghiep","DSTags":["0306027182-004","An Giang",null]},{"Type":11,"SolrID":"/1801072216-001-cong-ty-tnhh-nhat-anh-chi-nhanh-an-giang","ID":0,"MaSoThue":"1801072216-001","NgayCap":"2011-05-04T00:00:00Z","Title":"Công Ty TNHH   Nhật Anh - Chi Nhánh An Giang","DiaChiCongTy":"Lô 8G1, Khóm Đông Thành - Phường Đông Xuyên - Thành phố Long Xuyên  - An Giang","Created":"2015-11-11T03:36:29Z","Updated":"2015-11-11T03:36:29Z","IsDelete":false,"RequestChanged":false,"ExitsInGDT":false,"SourceID":0,"TinhThanhID":0,"TinhThanhTitle":"An Giang","TinhThanhTitleAscii":"/an-giang","QuanHuyenID":0,"NganhNgheTitle":"Bán lẻ đồ uống trong các cửa hàng chuyên doanh","NganhNgheTitleAscii":"/nganh-nghe/ban-le-do-uong-trong-cac-cua-hang-chuyen-doanh","DSTags":["1801072216-001","An Giang",null]},{"Type":11,"SolrID":"/0101305417-015-van-phong-dai-dien-cong-ty-tnhh-lua-chon-hoan-hao-tai-an-giang","ID":0,"MaSoThue":"0101305417-015","NgayCap":"2011-03-30T00:00:00Z","Title":"Văn Phòng Đại Diện Công Ty TNHH Lựa Chọn Hoàn Hảo Tại An Giang","DiaChiCongTy":"Lô 5D4 Trịnh Văn ấn, Khóm Đông Thành - Phường Đông Xuyên - Thành phố Long Xuyên  - An Giang","Created":"2015-11-18T00:42:24Z","Updated":"2015-11-18T00:42:24Z","IsDelete":false,"RequestChanged":false,"ExitsInGDT":false,"SourceID":0,"TinhThanhID":0,"TinhThanhTitle":"An Giang","TinhThanhTitleAscii":"/an-giang","QuanHuyenID":0,"NganhNgheTitle":"Bán lẻ theo yêu cầu đặt hàng qua bưu điện hoặc internet","NganhNgheTitleAscii":"/nganh-nghe/ban-le-theo-yeu-cau-dat-hang-qua-buu-dien-hoac-internet","DSTags":["0101305417-015","An Giang",null]},{"Type":11,"SolrID":"/1600395785-003-chi-nhanh-doanh-nghiep-tn-duc-ky-duc-ky-2","ID":0,"MaSoThue":"1600395785-003","NgayCap":"2011-01-26T00:00:00Z","Title":"Chi Nhánh Doanh Nghiệp TN  Đức Ký - Đức Ký 2","DiaChiCongTy":"Số D1, D2, D3 Nguyễn Ngọc Ba - Phường Đông Xuyên - Thành phố Long Xuyên  - An Giang","Created":"2015-11-17T19:52:02Z","Updated":"2015-11-17T19:52:02Z","IsDelete":false,"RequestChanged":false,"ExitsInGDT":false,"SourceID":0,"TinhThanhID":0,"TinhThanhTitle":"An Giang","TinhThanhTitleAscii":"/an-giang","QuanHuyenID":0,"NganhNgheTitle":"Bán buôn nhiên liệu rắn, lỏng, khí và các sản phẩm liên quan","NganhNgheTitleAscii":"/nganh-nghe/ban-buon-nhien-lieu-ran-long-khi-va-cac-san-pham-lien-quan","DSTags":["1600395785-003","An Giang",null]},{"Type":11,"SolrID":"/1600832065-003-chi-nhanh-doanh-nghiep-tu-nhan-nhat-phuong","ID":0,"MaSoThue":"1600832065-003","NgayCap":"2011-01-07T00:00:00Z","Title":"Chi Nhánh Doanh Nghiệp Tư Nhân Nhất Phương","DiaChiCongTy":"Số 552/14B, tổ 43B, khóm Đông Hưng - Phường Đông Xuyên - Thành phố Long Xuyên  - An Giang","Created":"2015-11-17T06:13:14Z","Updated":"2015-11-17T06:13:14Z","IsDelete":false,"RequestChanged":false,"ExitsInGDT":false,"SourceID":0,"TinhThanhID":0,"TinhThanhTitle":"An Giang","TinhThanhTitleAscii":"/an-giang","QuanHuyenID":0,"NganhNgheTitle":"Dịch vụ lưu trú ngắn ngày","NganhNgheTitleAscii":"/nganh-nghe/dich-vu-luu-tru-ngan-ngay","DSTags":["1600832065-003","An Giang",null]},{"Type":11,"SolrID":"/1601433377-doanh-nghiep-tn-phi-vu","ID":0,"MaSoThue":"1601433377","NgayCap":"2010-12-15T00:00:00Z","Title":"Doanh Nghiệp TN Phi Vũ","DiaChiCongTy":"Số 537/14H Hà Hoàng Hổ - Phường Đông Xuyên - Thành phố Long Xuyên  - An Giang","Created":"2015-11-10T01:42:13Z","Updated":"2015-11-10T01:42:13Z","IsDelete":false,"RequestChanged":false,"ExitsInGDT":false,"SourceID":0,"TinhThanhID":0,"TinhThanhTitle":"An Giang","TinhThanhTitleAscii":"/an-giang","QuanHuyenID":0,"NganhNgheTitle":"Bán mô tô, xe máy","NganhNgheTitleAscii":"/nganh-nghe/ban-mo-to-xe-may","DSTags":["1601433377","An Giang",null]},{"Type":11,"SolrID":"/1600939876-001-cn-cty-tnhh-mot-tvien-thien-long-ch-th-kthuat-cnghe-thien-long","ID":0,"MaSoThue":"1600939876-001","NgayCap":"2010-08-03T00:00:00Z","Title":"CN Cty TNHH Một tViên Thiên Long-CH TH KThuật CNghệ Thiên Long","DiaChiCongTy":"822 Hà Hoàng Hổ - Phường Đông Xuyên - Thành phố Long Xuyên  - An Giang","Created":"2015-11-11T08:32:16Z","Updated":"2015-11-11T08:32:16Z","IsDelete":false,"RequestChanged":false,"ExitsInGDT":false,"SourceID":0,"TinhThanhID":0,"TinhThanhTitle":"An Giang","TinhThanhTitleAscii":"/an-giang","QuanHuyenID":0,"NganhNgheTitle":"Bán buôn máy vi tính, thiết bị ngoại vi và phần mềm","NganhNgheTitleAscii":"/nganh-nghe/ban-buon-may-vi-tinh-thiet-bi-ngoai-vi-va-phan-mem","DSTags":["1600939876-001","An Giang",null]},{"Type":11,"SolrID":"/1601371956-cong-ty-tnhh-mot-thanh-vien-truong-vinh-hung","ID":0,"MaSoThue":"1601371956","NgayCap":"2010-07-13T00:00:00Z","Title":"Công Ty TNHH Một Thành Viên Trường Vĩnh Hưng","DiaChiCongTy":"Số 18B Ung Văn Khiêm - Phường Đông Xuyên - Thành phố Long Xuyên  - An Giang","Created":"2015-11-09T14:09:45Z","Updated":"2015-11-09T14:09:45Z","IsDelete":false,"RequestChanged":false,"ExitsInGDT":false,"SourceID":0,"TinhThanhID":0,"TinhThanhTitle":"An Giang","TinhThanhTitleAscii":"/an-giang","QuanHuyenID":0,"NganhNgheTitle":"Chuẩn bị mặt bằng","NganhNgheTitleAscii":"/nganh-nghe/chuan-bi-mat-bang","DSTags":["1601371956","An Giang",null]},{"Type":11,"SolrID":"/1601363909-cty-tnhh-mot-tvien-co-khi-xay-dung-dai-nam","ID":0,"MaSoThue":"1601363909","NgayCap":"2010-06-22T00:00:00Z","Title":"Cty TNHH Một TViên Cơ Khí- Xây Dựng Đại Nam","DiaChiCongTy":"809/9 Tổ 15 Khóm Đông Phú - Phường Đông Xuyên - Thành phố Long Xuyên  - An Giang","Created":"2015-11-11T11:40:47Z","Updated":"2015-11-11T11:40:47Z","IsDelete":false,"RequestChanged":false,"ExitsInGDT":false,"SourceID":0,"TinhThanhID":0,"TinhThanhTitle":"An Giang","TinhThanhTitleAscii":"/an-giang","QuanHuyenID":0,"NganhNgheTitle":"Xây dựng công trình kỹ thuật dân dụng","NganhNgheTitleAscii":"/nganh-nghe/xay-dung-cong-trinh-ky-thuat-dan-dung","DSTags":["1601363909","An Giang",null]},{"Type":11,"SolrID":"/1601359003-dntn-van-tai-gia-bao","ID":0,"MaSoThue":"1601359003","NgayCap":"2010-06-09T00:00:00Z","Title":"DNTN Vận tải Gia Bảo","DiaChiCongTy":"11A4 Đường số 1 - Phường Đông Xuyên - Thành phố Long Xuyên  - An Giang","Created":"2015-11-16T20:37:55Z","Updated":"2015-11-16T20:37:55Z","IsDelete":false,"RequestChanged":false,"ExitsInGDT":false,"SourceID":0,"TinhThanhID":0,"TinhThanhTitle":"An Giang","TinhThanhTitleAscii":"/an-giang","QuanHuyenID":0,"NganhNgheTitle":"Vận tải đường sắt, đường bộ và vận tải đường ống","NganhNgheTitleAscii":"/nganh-nghe/van-tai-duong-sat-duong-bo-va-van-tai-duong-ong","DSTags":["1601359003","An Giang",null]},{"Type":11,"SolrID":"/1601354005-cty-tnhh-mot-tvien-hai-vuong","ID":0,"MaSoThue":"1601354005","NgayCap":"2010-05-28T00:00:00Z","Title":"Cty TNHH Một TViên Hải Vương","DiaChiCongTy":"802/9 Khóm Đông Phú - Phường Đông Xuyên - Thành phố Long Xuyên  - An Giang","Created":"2015-11-08T23:55:34Z","Updated":"2015-11-08T23:55:34Z","IsDelete":false,"RequestChanged":false,"ExitsInGDT":false,"SourceID":0,"TinhThanhID":0,"TinhThanhTitle":"An Giang","TinhThanhTitleAscii":"/an-giang","QuanHuyenID":0,"NganhNgheTitle":"Chế biến, bảo quản thuỷ sản và các sản phẩm từ thuỷ sản khác","NganhNgheTitleAscii":"/nganh-nghe/che-bien-bao-quan-thuy-san-va-cac-san-pham-tu-thuy-san-khac","DSTags":["1601354005","An Giang",null]},{"Type":11,"SolrID":"/1601296314-cong-ty-tnhh-mot-thanh-vien-mat-troi-viet","ID":0,"MaSoThue":"1601296314","NgayCap":"2010-02-04T00:00:00Z","Title":"Công Ty TNHH Một Thành Viên Mặt Trời Việt","DiaChiCongTy":"Tổ 21, Khóm Đông Thành - Phường Đông Xuyên - Thành phố Long Xuyên  - An Giang","Created":"2015-11-09T18:40:04Z","Updated":"2015-11-09T18:40:04Z","IsDelete":false,"RequestChanged":false,"ExitsInGDT":false,"SourceID":0,"TinhThanhID":0,"TinhThanhTitle":"An Giang","TinhThanhTitleAscii":"/an-giang","QuanHuyenID":0,"NganhNgheTitle":"Điều hành tua du lịch","NganhNgheTitleAscii":"/nganh-nghe/dieu-hanh-tua-du-lich","DSTags":["1601296314","An Giang",null]},{"Type":11,"SolrID":"/1601242848-cong-ty-co-phan-dau-tu-tai-chinh-hoang-vien","ID":0,"MaSoThue":"1601242848","NgayCap":"2009-12-04T00:00:00Z","Title":"Công ty Cổ phần Đầu tư Tài Chính Hoàng Viễn","DiaChiCongTy":"6A2 Đường Số 1 - Phường Đông Xuyên - Thành phố Long Xuyên  - An Giang","Created":"2015-11-09T00:05:25Z","Updated":"2015-11-09T00:05:25Z","IsDelete":false,"RequestChanged":false,"ExitsInGDT":false,"SourceID":0,"TinhThanhID":0,"TinhThanhTitle":"An Giang","TinhThanhTitleAscii":"/an-giang","QuanHuyenID":0,"NganhNgheTitle":"Bán buôn chuyên doanh khác","NganhNgheTitleAscii":"/nganh-nghe/ban-buon-chuyen-doanh-khac","DSTags":["1601242848","An Giang",null]},{"Type":11,"SolrID":"/1601222802-doanh-nghiep-tn-ngoc-dep","ID":0,"MaSoThue":"1601222802","NgayCap":"2009-10-01T00:00:00Z","Title":"Doanh Nghiệp TN Ngọc Đẹp","DiaChiCongTy":"Số 590/15 tỉnh lộ 943, khóm Đông Hưng - Phường Đông Xuyên - Thành phố Long Xuyên  - An Giang","Created":"2015-11-11T13:07:15Z","Updated":"2015-11-11T13:07:15Z","IsDelete":false,"RequestChanged":false,"ExitsInGDT":false,"SourceID":0,"TinhThanhID":0,"TinhThanhTitle":"An Giang","TinhThanhTitleAscii":"/an-giang","QuanHuyenID":0,"NganhNgheTitle":"Bán buôn nhiên liệu rắn, lỏng, khí và các sản phẩm liên quan","NganhNgheTitleAscii":"/nganh-nghe/ban-buon-nhien-lieu-ran-long-khi-va-cac-san-pham-lien-quan","DSTags":["1601222802","An Giang",null]},{"Type":11,"SolrID":"/1601214819-trung-tam-bao-tro-xa-hoi-tinh-an-giang","ID":0,"MaSoThue":"1601214819","NgayCap":"2009-09-07T00:00:00Z","Title":"Trung Tâm Bảo trợ xã hội tỉnh An Giang","DiaChiCongTy":"Hà Hoàng Hổ, Phường  Đông Xuyên - Thành phố Long Xuyên  - An Giang","Created":"2015-11-16T22:03:12Z","Updated":"2015-11-16T22:03:12Z","IsDelete":false,"RequestChanged":false,"ExitsInGDT":false,"SourceID":0,"TinhThanhID":0,"TinhThanhTitle":"An Giang","TinhThanhTitleAscii":"/an-giang","QuanHuyenID":0,"NganhNgheTitle":"Hoạt động an ninh, trật tự an toàn xã hội","NganhNgheTitleAscii":"/nganh-nghe/hoat-dong-an-ninh-trat-tu-an-toan-xa-hoi","DSTags":["1601214819","An Giang",null]},{"Type":11,"SolrID":"/1601186216-cong-ty-tnhh-mot-thanh-vien-nam-vuong","ID":0,"MaSoThue":"1601186216","NgayCap":"2009-07-06T00:00:00Z","Title":"Công ty TNHH Một Thành Viên Nam Vương","DiaChiCongTy":"19A6 Đường số 1, Phường  Đông Xuyên - Thành phố Long Xuyên  - An Giang","Created":"2015-11-11T13:08:13Z","Updated":"2015-11-11T13:08:13Z","IsDelete":false,"RequestChanged":false,"ExitsInGDT":false,"SourceID":0,"TinhThanhID":0,"TinhThanhTitle":"An Giang","TinhThanhTitleAscii":"/an-giang","QuanHuyenID":0,"NganhNgheTitle":"Xây dựng công trình kỹ thuật dân dụng","NganhNgheTitleAscii":"/nganh-nghe/xay-dung-cong-trinh-ky-thuat-dan-dung","DSTags":["1601186216","An Giang",null]},{"Type":11,"SolrID":"/1601153813-cong-ty-tnhh-tam-duc","ID":0,"MaSoThue":"1601153813","NgayCap":"2009-06-08T00:00:00Z","Title":"Công ty TNHH Tâm Đức","DiaChiCongTy":"619B/16 Hà Hoàng Hổ, Phường  Đông Xuyên - Thành phố Long Xuyên  - An Giang","Created":"2015-11-14T05:16:54Z","Updated":"2015-11-14T05:16:54Z","IsDelete":false,"RequestChanged":false,"ExitsInGDT":false,"SourceID":0,"TinhThanhID":0,"TinhThanhTitle":"An Giang","TinhThanhTitleAscii":"/an-giang","QuanHuyenID":0,"NganhNgheTitle":"Bán buôn chuyên doanh khác","NganhNgheTitleAscii":"/nganh-nghe/ban-buon-chuyen-doanh-khac","DSTags":["1601153813","An Giang",null]},{"Type":11,"SolrID":"/1601099147-van-phong-luat-su-tien-vinh","ID":0,"MaSoThue":"1601099147","NgayCap":"2009-04-18T00:00:00Z","Title":"Văn Phòng Luật Sư Tiến Vinh","DiaChiCongTy":"595/15 Hà Hoàng Hổ, Phường  Đông Xuyên - Thành phố Long Xuyên  - An Giang","Created":"2015-11-16T23:25:54Z","Updated":"2015-11-16T23:25:54Z","IsDelete":false,"RequestChanged":false,"ExitsInGDT":false,"SourceID":0,"TinhThanhID":0,"TinhThanhTitle":"An Giang","TinhThanhTitleAscii":"/an-giang","QuanHuyenID":0,"NganhNgheTitle":"Hoạt động đại diện, tư vấn pháp luật","NganhNgheTitleAscii":"/nganh-nghe/hoat-dong-dai-dien-tu-van-phap-luat","DSTags":["1601099147","An Giang",null]},{"Type":11,"SolrID":"/1601099122-cong-ty-co-phan-the-thao-cnc","ID":0,"MaSoThue":"1601099122","NgayCap":"2009-04-18T00:00:00Z","Title":"Công ty Cổ Phần Thể Thao CNC","DiaChiCongTy":"Lô 17, Lý Thái Tổ, Phường  Đông Xuyên - Thành phố Long Xuyên  - An Giang","Created":"2015-11-14T05:16:11Z","Updated":"2015-11-14T05:16:11Z","IsDelete":false,"RequestChanged":false,"ExitsInGDT":false,"SourceID":0,"TinhThanhID":0,"TinhThanhTitle":"An Giang","TinhThanhTitleAscii":"/an-giang","QuanHuyenID":0,"NganhNgheTitle":"Xây dựng công trình kỹ thuật dân dụng","NganhNgheTitleAscii":"/nganh-nghe/xay-dung-cong-trinh-ky-thuat-dan-dung","DSTags":["1601099122","An Giang",null]},{"Type":11,"SolrID":"/1601056231-cong-ty-tnhh-dich-vu-va-dao-tao-cntt-viet-an","ID":0,"MaSoThue":"1601056231","NgayCap":"2009-03-12T00:00:00Z","Title":"Công Ty TNHH Dịch Vụ Và Đào Tạo Cntt Việt ấn","DiaChiCongTy":"Số 24 Lý Thái Tổ nối dài - Phường Đông Xuyên - Thành phố Long Xuyên  - An Giang","Created":"2015-11-09T09:51:55Z","Updated":"2015-11-09T09:51:55Z","IsDelete":false,"RequestChanged":false,"ExitsInGDT":false,"SourceID":0,"TinhThanhID":0,"TinhThanhTitle":"An Giang","TinhThanhTitleAscii":"/an-giang","QuanHuyenID":0,"NganhNgheTitle":"Giáo dục khác chưa được phân vào đâu","NganhNgheTitleAscii":"/nganh-nghe/giao-duc-khac-chua-duoc-phan-vao-dau","DSTags":["1601056231","An Giang",null]},{"Type":11,"SolrID":"/1601044412-cong-ty-tnhh-mot-thanh-vien-dich-vu-thuong-mai-hung-loc","ID":0,"MaSoThue":"1601044412","NgayCap":"2009-02-26T00:00:00Z","Title":"Công Ty TNHH Một Thành Viên Dịch Vụ - Thương Mại Hưng Lộc","DiaChiCongTy":"Số 4E3, Khóm Đông Thành - Phường Đông Xuyên - Thành phố Long Xuyên  - An Giang","Created":"2015-11-09T03:46:06Z","Updated":"2015-11-09T03:46:06Z","IsDelete":false,"RequestChanged":false,"ExitsInGDT":false,"SourceID":0,"TinhThanhID":0,"TinhThanhTitle":"An Giang","TinhThanhTitleAscii":"/an-giang","QuanHuyenID":0,"NganhNgheTitle":"Bán buôn thực phẩm","NganhNgheTitleAscii":"/nganh-nghe/ban-buon-thuc-pham","DSTags":["1601044412","An Giang",null]},{"Type":11,"SolrID":"/1601005413-cty-tnhh-xay-dung-ngoc-thach","ID":0,"MaSoThue":"1601005413","NgayCap":"2008-12-16T00:00:00Z","Title":"Cty TNHH Xây Dựng Ngọc Thạch","DiaChiCongTy":"2C4, K. Đông Thành, Phường  Đông Xuyên - Thành phố Long Xuyên  - An Giang","Created":"2015-11-14T05:11:35Z","Updated":"2015-11-14T05:11:35Z","IsDelete":false,"RequestChanged":false,"ExitsInGDT":false,"SourceID":0,"TinhThanhID":0,"TinhThanhTitle":"An Giang","TinhThanhTitleAscii":"/an-giang","QuanHuyenID":0,"NganhNgheTitle":"Xây dựng công trình kỹ thuật dân dụng","NganhNgheTitleAscii":"/nganh-nghe/xay-dung-cong-trinh-ky-thuat-dan-dung","DSTags":["1601005413","An Giang",null]},{"Type":11,"SolrID":"/1600979981-dntn-vo-thanh-minh","ID":0,"MaSoThue":"1600979981","NgayCap":"2008-10-08T00:00:00Z","Title":"DNTN Võ Thành Minh","DiaChiCongTy":"8A Lô 2 Võ Thị sáu, Phường  Đông Xuyên - Thành phố Long Xuyên  - An Giang","Created":"2015-11-17T02:14:44Z","Updated":"2015-11-17T02:14:44Z","IsDelete":false,"RequestChanged":false,"ExitsInGDT":false,"SourceID":0,"TinhThanhID":0,"TinhThanhTitle":"An Giang","TinhThanhTitleAscii":"/an-giang","QuanHuyenID":0,"NganhNgheTitle":"Xây dựng công trình kỹ thuật dân dụng","NganhNgheTitleAscii":"/nganh-nghe/xay-dung-cong-trinh-ky-thuat-dan-dung","DSTags":["1600979981","An Giang",null]},{"Type":11,"SolrID":"/1600963318-cty-tnhh-mot-thanh-vien-thoai-chau","ID":0,"MaSoThue":"1600963318","NgayCap":"2008-05-30T00:00:00Z","Title":"Cty TNHH Một Thành Viên Thoại Châu","DiaChiCongTy":"9E2 Lê Thiện Tứ, Phường  Đông Xuyên - Thành phố Long Xuyên  - An Giang","Created":"2015-11-13T22:38:36Z","Updated":"2015-11-13T22:38:36Z","IsDelete":false,"RequestChanged":false,"ExitsInGDT":false,"SourceID":0,"TinhThanhID":0,"TinhThanhTitle":"An Giang","TinhThanhTitleAscii":"/an-giang","QuanHuyenID":0,"NganhNgheTitle":"Xây dựng công trình kỹ thuật dân dụng","NganhNgheTitleAscii":"/nganh-nghe/xay-dung-cong-trinh-ky-thuat-dan-dung","DSTags":["1600963318","An Giang",null]},{"Type":11,"SolrID":"/1600962762-cty-tnhh-mot-thanh-vien-truong-hoa","ID":0,"MaSoThue":"1600962762","NgayCap":"2008-05-27T00:00:00Z","Title":"Cty TNHH Một Thành Viên Trương Hoa","DiaChiCongTy":"46 Ngô văn Sở, Phường  Đông Xuyên - Thành phố Long Xuyên  - An Giang","Created":"2015-11-13T22:38:53Z","Updated":"2015-11-13T22:38:53Z","IsDelete":false,"RequestChanged":false,"ExitsInGDT":false,"SourceID":0,"TinhThanhID":0,"TinhThanhTitle":"An Giang","TinhThanhTitleAscii":"/an-giang","QuanHuyenID":0,"NganhNgheTitle":"Kinh doanh bất động sản, quyền sử dụng đất thuộc chủ sở hữu, chủ sử dụng hoặc đi thuê","NganhNgheTitleAscii":"/nganh-nghe/kinh-doanh-bat-dong-san-quyen-su-dung-dat-thuoc-chu-so-huu-chu-su-dung-hoac-di-thue","DSTags":["1600962762","An Giang",null]},{"Type":11,"SolrID":"/1600939876-cong-ty-tnhh-mot-thanh-vien-tin-hoc-thien-long","ID":0,"MaSoThue":"1600939876","NgayCap":"2008-01-31T00:00:00Z","Title":"Công Ty TNHH Một Thành Viên Tin Học Thiên Long","DiaChiCongTy":"Số 806 Hà Hoàng Hổ - Phường Đông Xuyên - Thành phố Long Xuyên  - An Giang","Created":"2015-11-11T08:32:15Z","Updated":"2015-11-11T08:32:15Z","IsDelete":false,"RequestChanged":false,"ExitsInGDT":false,"SourceID":0,"TinhThanhID":0,"TinhThanhTitle":"An Giang","TinhThanhTitleAscii":"/an-giang","QuanHuyenID":0,"NganhNgheTitle":"Bán lẻ đồ điện gia dụng, giường, tủ, bàn, ghế và đồ nội thất tương tự, đèn và bộ đèn điện, đồ dùng gia đình khác chưa được phân vào đâu trong các cửa hàng chuyên doanh","NganhNgheTitleAscii":"/nganh-nghe/ban-le-do-dien-gia-dung-giuong-tu-ban-ghe-va-do-noi-that-tuong-tu-den-va-bo-den-dien-do-dung-gia-dinh-khac-chua-duoc-phan-vao-dau-trong-cac-cua-hang-chuyen-doanh","DSTags":["1600939876","An Giang",null]},{"Type":11,"SolrID":"/1600934123-dntn-tien-phu-hao","ID":0,"MaSoThue":"1600934123","NgayCap":"2008-01-09T00:00:00Z","Title":"DNTN Tiên Phú Hào","DiaChiCongTy":"554/15B Hà Hoàng Hổ, Phường Đông Xuyên - Thành phố Long Xuyên  - An Giang","Created":"2015-11-09T01:52:56Z","Updated":"2015-11-09T01:52:56Z","IsDelete":false,"RequestChanged":false,"ExitsInGDT":false,"SourceID":0,"TinhThanhID":0,"TinhThanhTitle":"An Giang","TinhThanhTitleAscii":"/an-giang","QuanHuyenID":0,"NganhNgheTitle":"Bán lẻ nhiên liệu động cơ trong các cửa hàng chuyên doanh","NganhNgheTitleAscii":"/nganh-nghe/ban-le-nhien-lieu-dong-co-trong-cac-cua-hang-chuyen-doanh","DSTags":["1600934123","An Giang",null]},{"Type":11,"SolrID":"/1600908476-cong-ty-tnhh-tu-van-xay-dung-tri-viet","ID":0,"MaSoThue":"1600908476","NgayCap":"2007-10-22T00:00:00Z","Title":"Công ty TNHH Tư Vấn Xây Dựng Trí Việt","DiaChiCongTy":"Số 23F4 Trịnh Đình Phước, Phường Đông Xuyên - Thành phố Long Xuyên  - An Giang","Created":"2015-11-14T05:07:31Z","Updated":"2015-11-14T05:07:31Z","IsDelete":false,"RequestChanged":false,"ExitsInGDT":false,"SourceID":0,"TinhThanhID":0,"TinhThanhTitle":"An Giang","TinhThanhTitleAscii":"/an-giang","QuanHuyenID":0,"NganhNgheTitle":"Lắp đặt hệ thống điện, hệ thống cấp thoát nước và lắp đặt xây dựng khác","NganhNgheTitleAscii":"/nganh-nghe/lap-dat-he-thong-dien-he-thong-cap-thoat-nuoc-va-lap-dat-xay-dung-khac","DSTags":["1600908476","An Giang",null]},{"Type":11,"SolrID":"/1600903090-cong-ty-tnhh-mot-thanh-vien-tin-hoc-anh-duc","ID":0,"MaSoThue":"1600903090","NgayCap":"2007-08-31T00:00:00Z","Title":"Công ty TNHH Một Thành Viên Tin Học Anh Đức","DiaChiCongTy":"Số 755 Hà Hoàng Hổ, Phường Đông Xuyên - Thành phố Long Xuyên  - An Giang","Created":"2015-11-14T05:07:08Z","Updated":"2015-11-14T05:07:08Z","IsDelete":false,"RequestChanged":false,"ExitsInGDT":false,"SourceID":0,"TinhThanhID":0,"TinhThanhTitle":"An Giang","TinhThanhTitleAscii":"/an-giang","QuanHuyenID":0,"NganhNgheTitle":"Sản xuất máy vi tính và thiết bị ngoại vi của máy vi tính","NganhNgheTitleAscii":"/nganh-nghe/san-xuat-may-vi-tinh-va-thiet-bi-ngoai-vi-cua-may-vi-tinh","DSTags":["1600903090","An Giang",null]},{"Type":11,"SolrID":"/1600886286-cong-ty-tnhh-xd-va-cong-nghe-moi-truong-thien-loc","ID":0,"MaSoThue":"1600886286","NgayCap":"2007-03-16T00:00:00Z","Title":"Công ty TNHH XD và Công Nghệ Môi trường Thiên Lộc","DiaChiCongTy":"Số A2 đường số 3 - KDC Thiên Lộc, Phường Đông Xuyên - Thành phố Long Xuyên  - An Giang","Created":"2015-11-14T05:06:13Z","Updated":"2015-11-14T05:06:13Z","IsDelete":false,"RequestChanged":false,"ExitsInGDT":false,"SourceID":0,"TinhThanhID":0,"TinhThanhTitle":"An Giang","TinhThanhTitleAscii":"/an-giang","QuanHuyenID":0,"NganhNgheTitle":"Xây dựng công trình kỹ thuật dân dụng","NganhNgheTitleAscii":"/nganh-nghe/xay-dung-cong-trinh-ky-thuat-dan-dung","DSTags":["1600886286","An Giang",null]},{"Type":11,"SolrID":"/1600884264-cong-ty-tnhh-ruou-bia-nuoc-giai-khat-hung-phat","ID":0,"MaSoThue":"1600884264","NgayCap":"2007-02-26T00:00:00Z","Title":"Công Ty TNHH Rượu Bia Nước Giải Khát Hưng Phát","DiaChiCongTy":"Lô 1 E4 Ung Văn Khiêm - Phường Đông Xuyên - Thành phố Long Xuyên  - An Giang","Created":"2015-11-11T13:09:53Z","Updated":"2015-11-11T13:09:53Z","IsDelete":false,"RequestChanged":false,"ExitsInGDT":false,"SourceID":0,"TinhThanhID":0,"TinhThanhTitle":"An Giang","TinhThanhTitleAscii":"/an-giang","QuanHuyenID":0,"NganhNgheTitle":"Bán buôn đồ uống","NganhNgheTitleAscii":"/nganh-nghe/ban-buon-do-uong","DSTags":["1600884264","An Giang",null]},{"Type":11,"SolrID":"/1600872438-cong-ty-tnhh-thuong-mai-dich-vu-hong-hung","ID":0,"MaSoThue":"1600872438","NgayCap":"2007-01-26T00:00:00Z","Title":"Công Ty TNHH Thương Mại Dịch Vụ Hồng Hưng","DiaChiCongTy":"Số 9A5 Trần Nguyên Đán - Phường Đông Xuyên - Thành phố Long Xuyên  - An Giang","Created":"2015-11-11T04:48:21Z","Updated":"2015-11-11T04:48:21Z","IsDelete":false,"RequestChanged":false,"ExitsInGDT":false,"SourceID":0,"TinhThanhID":0,"TinhThanhTitle":"An Giang","TinhThanhTitleAscii":"/an-giang","QuanHuyenID":0,"NganhNgheTitle":"Bán buôn gạo","NganhNgheTitleAscii":"/nganh-nghe/ban-buon-gao","DSTags":["1600872438","An Giang",null]},{"Type":11,"SolrID":"/1600856789-cong-ty-co-phan-tu-van-thue-ke-toan-spa","ID":0,"MaSoThue":"1600856789","NgayCap":"2006-12-28T00:00:00Z","Title":"Công ty Cổ phần Tư vấn Thuế - Kế toán SPA","DiaChiCongTy":"Số 6A2 Đường số 1, Khóm Đông Hưng, Phường Đông Xuyên - Thành phố Long Xuyên  - An Giang","Created":"2015-11-13T22:43:24Z","Updated":"2015-11-13T22:43:24Z","IsDelete":false,"RequestChanged":false,"ExitsInGDT":false,"SourceID":0,"TinhThanhID":0,"TinhThanhTitle":"An Giang","TinhThanhTitleAscii":"/an-giang","QuanHuyenID":0,"NganhNgheTitle":"Hoạt động pháp luật, kế toán và kiểm toán","NganhNgheTitleAscii":"/nganh-nghe/hoat-dong-phap-luat-ke-toan-va-kiem-toan","DSTags":["1600856789","An Giang",null]},{"Type":11,"SolrID":"/1600853192-cong-ty-tnhh-sxtmdv-quang-hung","ID":0,"MaSoThue":"1600853192","NgayCap":"2006-11-09T00:00:00Z","Title":"Công ty TNHH SXTMDV Quang Hưng","DiaChiCongTy":"Số 27D3 Lê Thiện Tứ, khóm Đông An 7, Phường Đông Xuyên - Thành phố Long Xuyên  - An Giang","Created":"2015-11-13T22:44:05Z","Updated":"2015-11-13T22:44:05Z","IsDelete":false,"RequestChanged":false,"ExitsInGDT":false,"SourceID":0,"TinhThanhID":0,"TinhThanhTitle":"An Giang","TinhThanhTitleAscii":"/an-giang","QuanHuyenID":0,"NganhNgheTitle":"Bán lẻ hàng hóa khác trong các cửa hàng chuyên doanh","NganhNgheTitleAscii":"/nganh-nghe/ban-le-hang-hoa-khac-trong-cac-cua-hang-chuyen-doanh","DSTags":["1600853192","An Giang",null]},{"Type":11,"SolrID":"/1600818511-cty-tnhh-thuong-mai-huong-duong","ID":0,"MaSoThue":"1600818511","NgayCap":"2005-12-28T00:00:00Z","Title":"Cty TNHH Thương mại Hướng Dương","DiaChiCongTy":"Số 810A Hà Hoàng Hổ, Phường Đông Xuyên - Thành phố Long Xuyên  - An Giang","Created":"2015-11-14T05:04:21Z","Updated":"2015-11-14T05:04:21Z","IsDelete":false,"RequestChanged":false,"ExitsInGDT":false,"SourceID":0,"TinhThanhID":0,"TinhThanhTitle":"An Giang","TinhThanhTitleAscii":"/an-giang","QuanHuyenID":0,"NganhNgheTitle":"Đại lý, môi giới, đấu giá","NganhNgheTitleAscii":"/nganh-nghe/dai-ly-moi-gioi-dau-gia","DSTags":["1600818511","An Giang",null]},{"Type":11,"SolrID":"/1600812894-cong-ty-tnhh-xay-dung-thuong-mai-thuan-thien","ID":0,"MaSoThue":"1600812894","NgayCap":"2005-11-04T00:00:00Z","Title":"Công ty TNHH Xây dựng Thương mại Thuận Thiên","DiaChiCongTy":"Số 757, khóm Đông An 7, phường Đông Xuyên - Thành phố Long Xuyên  - An Giang","Created":"2015-11-13T22:45:06Z","Updated":"2015-11-13T22:45:06Z","IsDelete":false,"RequestChanged":false,"ExitsInGDT":false,"SourceID":0,"TinhThanhID":0,"TinhThanhTitle":"An Giang","TinhThanhTitleAscii":"/an-giang","QuanHuyenID":0,"NganhNgheTitle":"Xây dựng công trình kỹ thuật dân dụng","NganhNgheTitleAscii":"/nganh-nghe/xay-dung-cong-trinh-ky-thuat-dan-dung","DSTags":["1600812894","An Giang",null]},{"Type":11,"SolrID":"/1600802423-ubnd-phuong-dong-xuyen","ID":0,"MaSoThue":"1600802423","NgayCap":"2005-09-07T00:00:00Z","Title":"UBND Phường Đông Xuyên","DiaChiCongTy":"Khu Địa Chính, Bà Bầu, Khóm Đông An 7, Phường Đông Xuyên - Thành phố Long Xuyên  - An Giang","Created":"2015-11-16T17:07:24Z","Updated":"2015-11-16T17:07:24Z","IsDelete":false,"RequestChanged":false,"ExitsInGDT":false,"SourceID":0,"TinhThanhID":0,"TinhThanhTitle":"An Giang","TinhThanhTitleAscii":"/an-giang","QuanHuyenID":0,"NganhNgheTitle":"Hoạt động của Đảng cộng sản, tổ chức chính trị - xã hội, hoạt động quản lý nhà nước nói chung và kinh tế tổng hợp","NganhNgheTitleAscii":"/nganh-nghe/hoat-dong-cua-dang-cong-san-to-chuc-chinh-tri-xa-hoi-hoat-dong-quan-ly-nha-nuoc-noi-chung-va-kinh-te-tong-hop","DSTags":["1600802423","An Giang",null]},{"Type":11,"SolrID":"/1600614719-doanh-nghiep-tn-hoang-long","ID":0,"MaSoThue":"1600614719","NgayCap":"2005-09-07T00:00:00Z","Title":"Doanh Nghiệp Tn Hoàng Long","DiaChiCongTy":"SỐ 32D2 Đinh Trường Sanh, Phường Đông Xuyên, Thành phố Long Xuyên , Tỉnh An Giang","Created":"2017-03-06T17:48:29Z","Updated":"2017-03-06T17:48:29Z","IsDelete":false,"RequestChanged":false,"ExitsInGDT":false,"SourceID":0,"TinhThanhID":0,"TinhThanhTitle":"An Giang","TinhThanhTitleAscii":"/an-giang","QuanHuyenID":0,"NganhNgheTitle":"Bán buôn thực phẩm","NganhNgheTitleAscii":"/nganh-nghe/ban-buon-thuc-pham","DSTags":["1600614719","An Giang",null]},{"Type":11,"SolrID":"/1600649817-doanh-nghiep-tn-dang-quang","ID":0,"MaSoThue":"1600649817","NgayCap":"2003-03-24T00:00:00Z","Title":"Doanh Nghiệp TN Đăng Quang","DiaChiCongTy":"Số 3A3 Trần Nguyên Đán, Khóm Đông Hưng - Phường Đông Xuyên - Thành phố Long Xuyên  - An Giang","Created":"2015-11-09T01:33:37Z","Updated":"2015-11-09T01:33:37Z","IsDelete":false,"RequestChanged":false,"ExitsInGDT":false,"SourceID":0,"TinhThanhID":0,"TinhThanhTitle":"An Giang","TinhThanhTitleAscii":"/an-giang","QuanHuyenID":0,"NganhNgheTitle":"Chuẩn bị mặt bằng","NganhNgheTitleAscii":"/nganh-nghe/chuan-bi-mat-bang","DSTags":["1600649817","An Giang",null]},{"Type":11,"SolrID":"/1600579895-cong-ty-tnhh-xay-lap-dien-nuoc-thai-hung","ID":0,"MaSoThue":"1600579895","NgayCap":"2001-07-06T00:00:00Z","Title":"Công Ty TNHH Xây Lắp Điện Nước Thái Hưng","DiaChiCongTy":"Số 550/14A Hà Hoàng Hổ - Phường Đông Xuyên - Thành phố Long Xuyên  - An Giang","Created":"2015-11-09T01:21:48Z","Updated":"2015-11-09T01:21:48Z","IsDelete":false,"RequestChanged":false,"ExitsInGDT":false,"SourceID":0,"TinhThanhID":0,"TinhThanhTitle":"An Giang","TinhThanhTitleAscii":"/an-giang","QuanHuyenID":0,"NganhNgheTitle":"Xây dựng công trình kỹ thuật dân dụng","NganhNgheTitleAscii":"/nganh-nghe/xay-dung-cong-trinh-ky-thuat-dan-dung","DSTags":["1600579895","An Giang",null]},{"Type":11,"SolrID":"/1600563687-dntn-xay-dung-cong-dat","ID":0,"MaSoThue":"1600563687","NgayCap":"2001-03-22T00:00:00Z","Title":"DNTN Xây Dựng Công Đạt","DiaChiCongTy":"Số 810/9A Bùi Văn danh, Phường  Đông Xuyên - Thành phố Long Xuyên  - An Giang","Created":"2015-11-15T19:46:39Z","Updated":"2015-11-15T19:46:39Z","IsDelete":false,"RequestChanged":false,"ExitsInGDT":false,"SourceID":0,"TinhThanhID":0,"TinhThanhTitle":"An Giang","TinhThanhTitleAscii":"/an-giang","QuanHuyenID":0,"NganhNgheTitle":"Xây dựng công trình kỹ thuật dân dụng","NganhNgheTitleAscii":"/nganh-nghe/xay-dung-cong-trinh-ky-thuat-dan-dung","DSTags":["1600563687","An Giang",null]}]}