{"ID":16125,"SolrID":"/an-giang/thanh-pho-long-xuyen/phuong-binh-duc-thi","Title":"Phường Bình Đức Thị","TinhThanhTitle":"An Giang","QuanHuyenTitle":"Thành Phố Long Xuyên","QuanHuyenID":100,"TinhThanhID":35,"Url":"https://thongtindoanhnghiep.co/api/company?l=/an-giang/thanh-pho-long-xuyen/phuong-binh-duc-thi","Total":1,"List":[{"Type":11,"SolrID":"/1600359995-cong-ty-trach-nhiem-huu-han-va-dich-vu-le-quan","ID":0,"MaSoThue":"1600359995","NgayCap":"1998-10-27T00:00:00Z","Title":"Công Ty Trách Nhiệm         Hữu Hạn Và Dịch Vụ Lê Quân","DiaChiCongTy":"Số 175/ A9  Huỳnh Thúc Kháng Phường Bình Đức Thị - Thành phố Long Xuyên  - An Giang","Created":"2015-11-12T06:14:20Z","Updated":"2015-11-12T06:14:20Z","IsDelete":false,"RequestChanged":false,"ExitsInGDT":false,"SourceID":0,"TinhThanhID":0,"TinhThanhTitle":"An Giang","TinhThanhTitleAscii":"/an-giang","QuanHuyenID":0,"NganhNgheTitle":"Vận tải đường bộ khác","NganhNgheTitleAscii":"/nganh-nghe/van-tai-duong-bo-khac","DSTags":["1600359995","An Giang",null]}]}