{"ID":15280,"SolrID":"/an-giang/thanh-pho-long-xuyen/phuong-binh-khanh-7","Title":"Phường Bình Khánh 7","TinhThanhTitle":"An Giang","QuanHuyenTitle":"Thành Phố Long Xuyên","QuanHuyenID":100,"TinhThanhID":35,"Url":"https://thongtindoanhnghiep.co/api/company?l=/an-giang/thanh-pho-long-xuyen/phuong-binh-khanh-7","Total":1,"List":[{"Type":11,"SolrID":"/1600886906-cong-ty-tnhh-xay-dung-gia-hung","ID":0,"MaSoThue":"1600886906","NgayCap":"2007-03-27T00:00:00Z","Title":"Công ty TNHH Xây dựng Gia Hưng","DiaChiCongTy":"69G1, Đường số 15, Phường  Bình Khánh 7 - Thành phố Long Xuyên  - An Giang","Created":"2015-11-14T05:06:11Z","Updated":"2015-11-14T05:06:11Z","IsDelete":false,"RequestChanged":false,"ExitsInGDT":false,"SourceID":0,"TinhThanhID":0,"TinhThanhTitle":"An Giang","TinhThanhTitleAscii":"/an-giang","QuanHuyenID":0,"NganhNgheTitle":"Xây dựng công trình kỹ thuật dân dụng","NganhNgheTitleAscii":"/nganh-nghe/xay-dung-cong-trinh-ky-thuat-dan-dung","DSTags":["1600886906","An Giang",null]}]}