{"ID":16127,"SolrID":"/an-giang/thanh-pho-long-xuyen/phuong-my-binh-tp-long-xuyen","Title":"Phường Mỹ Bình TP. Long Xuyên","TinhThanhTitle":"An Giang","QuanHuyenTitle":"Thành Phố Long Xuyên","QuanHuyenID":100,"TinhThanhID":35,"Url":"https://thongtindoanhnghiep.co/api/company?l=/an-giang/thanh-pho-long-xuyen/phuong-my-binh-tp-long-xuyen","Total":1,"List":[{"Type":11,"SolrID":"/1600475945-cong-ty-tnhh-thuong-mai-dich-vu-lam-son","ID":0,"MaSoThue":"1600475945","NgayCap":"2000-01-14T00:00:00Z","Title":"Công Ty TNHH Thương Mại &  Dịch vụ Lam Sơn","DiaChiCongTy":"11/3 Lê Triệu Kiết, Phường Mỹ Bình TP. Long Xuyên - Thành phố Long Xuyên  - An Giang","Created":"2015-11-12T06:10:22Z","Updated":"2015-11-12T06:10:22Z","IsDelete":false,"RequestChanged":false,"ExitsInGDT":false,"SourceID":0,"TinhThanhID":0,"TinhThanhTitle":"An Giang","TinhThanhTitleAscii":"/an-giang","QuanHuyenID":0,"NganhNgheTitle":"Bán buôn gạo, thực phẩm, đồ uống và sản phẩm thuốc lá, thuốc lào","NganhNgheTitleAscii":"/nganh-nghe/ban-buon-gao-thuc-pham-do-uong-va-san-pham-thuoc-la-thuoc-lao","DSTags":["1600475945","An Giang",null]}]}