{"ID":14704,"SolrID":"/an-giang/thanh-pho-long-xuyen/phuong-a","Title":"Phường A","TinhThanhTitle":"An Giang","QuanHuyenTitle":"Thành Phố Long Xuyên","QuanHuyenID":100,"TinhThanhID":35,"Url":"https://thongtindoanhnghiep.co/api/company?l=/an-giang/thanh-pho-long-xuyen/phuong-a","Total":1,"List":[{"Type":11,"SolrID":"/1600463650-002-cong-ty-tnhh-khanh-ha-chi-nhanh-chau-doc","ID":0,"MaSoThue":"1600463650-002","NgayCap":"2004-01-27T00:00:00Z","Title":"Công Ty TNHH Khánh Hà- Chi Nhánh Châu Đốc","DiaChiCongTy":"96 Đường Núi, Phường A - Thành phố Long Xuyên  - An Giang","Created":"2015-11-15T19:42:57Z","Updated":"2015-11-15T19:42:57Z","IsDelete":false,"RequestChanged":false,"ExitsInGDT":false,"SourceID":0,"TinhThanhID":0,"TinhThanhTitle":"An Giang","TinhThanhTitleAscii":"/an-giang","QuanHuyenID":0,"NganhNgheTitle":"Vận tải đường bộ khác","NganhNgheTitleAscii":"/nganh-nghe/van-tai-duong-bo-khac","DSTags":["1600463650-002","An Giang",null]}]}