{"ID":15439,"SolrID":"/an-giang/thanh-pho-long-xuyen/phuong-my-qui","Title":"Phường Mỹ Quí","TinhThanhTitle":"An Giang","QuanHuyenTitle":"Thành Phố Long Xuyên","QuanHuyenID":100,"TinhThanhID":35,"Url":"https://thongtindoanhnghiep.co/api/company?l=/an-giang/thanh-pho-long-xuyen/phuong-my-qui","Total":6,"List":[{"Type":11,"SolrID":"/1601051360-cong-ty-tnhh-van-tai-thien-phat-loc","ID":0,"MaSoThue":"1601051360","NgayCap":"2009-03-09T00:00:00Z","Title":"Công ty TNHH Vận tải Thiên Phát Lộc","DiaChiCongTy":"17/4B Trần Hưng Đạo, Phường  Mỹ Quí - Thành phố Long Xuyên  - An Giang","Created":"2015-11-13T22:32:17Z","Updated":"2015-11-13T22:32:17Z","IsDelete":false,"RequestChanged":false,"ExitsInGDT":false,"SourceID":0,"TinhThanhID":0,"TinhThanhTitle":"An Giang","TinhThanhTitleAscii":"/an-giang","QuanHuyenID":0,"NganhNgheTitle":"Vận tải đường thủy","NganhNgheTitleAscii":"/nganh-nghe/van-tai-duong-thuy","DSTags":["1601051360","An Giang",null]},{"Type":11,"SolrID":"/1600779767-003-cn-cty-tnhh-sx-tm-thien-phuc","ID":0,"MaSoThue":"1600779767-003","NgayCap":"2009-03-04T00:00:00Z","Title":"CN Cty TNHH SX TM Thiên Phúc","DiaChiCongTy":"K. Mỹ Phú, Phường  Mỹ Quí - Thành phố Long Xuyên  - An Giang","Created":"2015-11-09T11:44:51Z","Updated":"2015-11-09T11:44:51Z","IsDelete":false,"RequestChanged":false,"ExitsInGDT":false,"SourceID":0,"TinhThanhID":0,"TinhThanhTitle":"An Giang","TinhThanhTitleAscii":"/an-giang","QuanHuyenID":0,"NganhNgheTitle":"Bán buôn vật liệu, thiết bị lắp đặt khác trong xây dựng","NganhNgheTitleAscii":"/nganh-nghe/ban-buon-vat-lieu-thiet-bi-lap-dat-khac-trong-xay-dung","DSTags":["1600779767-003","An Giang",null]},{"Type":11,"SolrID":"/1601040383-cty-tnhh-mot-thanh-vien-hoa-cuong","ID":0,"MaSoThue":"1601040383","NgayCap":"2009-02-19T00:00:00Z","Title":"Cty TNHH Một Thành Viên Hoà Cường","DiaChiCongTy":"17/2 Dương Diên Nghệ, Phường  Mỹ Quí - Thành phố Long Xuyên  - An Giang","Created":"2015-11-13T22:32:44Z","Updated":"2015-11-13T22:32:44Z","IsDelete":false,"RequestChanged":false,"ExitsInGDT":false,"SourceID":0,"TinhThanhID":0,"TinhThanhTitle":"An Giang","TinhThanhTitleAscii":"/an-giang","QuanHuyenID":0,"NganhNgheTitle":"Vận tải đường bộ khác","NganhNgheTitleAscii":"/nganh-nghe/van-tai-duong-bo-khac","DSTags":["1601040383","An Giang",null]},{"Type":11,"SolrID":"/1200481990-001-chi-nhanh-cty-co-phan-may-song-tien-xi-nghiep-may-ag","ID":0,"MaSoThue":"1200481990-001","NgayCap":"2008-03-28T00:00:00Z","Title":"Chi nhánh Cty Cổ Phần May Sông Tiền Xí Nghiệp May AG","DiaChiCongTy":"Đường Trần Hưng Đạo, Phường Mỹ Quí - Thành phố Long Xuyên  - An Giang","Created":"2015-11-11T04:52:16Z","Updated":"2015-11-11T04:52:16Z","IsDelete":false,"RequestChanged":false,"ExitsInGDT":false,"SourceID":0,"TinhThanhID":0,"TinhThanhTitle":"An Giang","TinhThanhTitleAscii":"/an-giang","QuanHuyenID":0,"NganhNgheTitle":"Sản xuất hàng may sẵn (trừ trang phục)","NganhNgheTitleAscii":"/nganh-nghe/san-xuat-hang-may-san-tru-trang-phuc","DSTags":["1200481990-001","An Giang",null]},{"Type":11,"SolrID":"/1600818053-cong-ty-tnhh-xuan-hoa","ID":0,"MaSoThue":"1600818053","NgayCap":"2005-12-23T00:00:00Z","Title":"Công ty TNHH Xuân Hoa","DiaChiCongTy":"Số 19/8C Trần Hưng Đạo, Phường Mỹ Quí - Thành phố Long Xuyên  - An Giang","Created":"2015-11-13T22:45:09Z","Updated":"2015-11-13T22:45:09Z","IsDelete":false,"RequestChanged":false,"ExitsInGDT":false,"SourceID":0,"TinhThanhID":0,"TinhThanhTitle":"An Giang","TinhThanhTitleAscii":"/an-giang","QuanHuyenID":0,"NganhNgheTitle":"Bán buôn vật liệu, thiết bị lắp đặt khác trong xây dựng","NganhNgheTitleAscii":"/nganh-nghe/ban-buon-vat-lieu-thiet-bi-lap-dat-khac-trong-xay-dung","DSTags":["1600818053","An Giang",null]},{"Type":11,"SolrID":"/1600564708-cong-ty-tnhh-xdtm-le-ha-an-giang","ID":0,"MaSoThue":"1600564708","NgayCap":"2001-04-04T00:00:00Z","Title":"Công Ty TNHH XDTM Lê Hà - An Giang","DiaChiCongTy":"170 Trần Hưng Đạo- Phường Mỹ Quí - Thành phố Long Xuyên  - An Giang","Created":"2015-11-12T06:13:24Z","Updated":"2015-11-12T06:13:24Z","IsDelete":false,"RequestChanged":false,"ExitsInGDT":false,"SourceID":0,"TinhThanhID":0,"TinhThanhTitle":"An Giang","TinhThanhTitleAscii":"/an-giang","QuanHuyenID":0,"NganhNgheTitle":"Xây dựng công trình kỹ thuật dân dụng","NganhNgheTitleAscii":"/nganh-nghe/xay-dung-cong-trinh-ky-thuat-dan-dung","DSTags":["1600564708","An Giang",null]}]}