{"ID":16498,"SolrID":"/an-giang/thanh-pho-long-xuyen/xa-da-phuoc","Title":"Xã Đa Phước","TinhThanhTitle":"An Giang","QuanHuyenTitle":"Thành Phố Long Xuyên","QuanHuyenID":100,"TinhThanhID":35,"Url":"https://thongtindoanhnghiep.co/api/company?l=/an-giang/thanh-pho-long-xuyen/xa-da-phuoc","Total":1,"List":[{"Type":11,"SolrID":"/1601204916-cty-tnhh-tm-dv-xnk-phat-trien-mien-nam","ID":0,"MaSoThue":"1601204916","NgayCap":"2009-08-05T00:00:00Z","Title":"Cty TNHH TM DV XNK Phát triển Miền Nam","DiaChiCongTy":"528A, TL 956, ấp Phước Thọ, xã Đa Phước - Thành phố Long Xuyên  - An Giang","Created":"2015-11-09T04:19:44Z","Updated":"2015-11-09T04:19:44Z","IsDelete":false,"RequestChanged":false,"ExitsInGDT":false,"SourceID":0,"TinhThanhID":0,"TinhThanhTitle":"An Giang","TinhThanhTitleAscii":"/an-giang","QuanHuyenID":0,"NganhNgheTitle":"Bán buôn (trừ ô tô, mô tô, xe máy và xe có động cơ khác)","NganhNgheTitleAscii":"/nganh-nghe/ban-buon-tru-o-to-mo-to-xe-may-va-xe-co-dong-co-khac","DSTags":["1601204916","An Giang",null]}]}