{"ID":16439,"SolrID":"/an-giang/thanh-pho-long-xuyen/xa-hoa-binh","Title":"Xã Hoà Bình","TinhThanhTitle":"An Giang","QuanHuyenTitle":"Thành Phố Long Xuyên","QuanHuyenID":100,"TinhThanhID":35,"Url":"https://thongtindoanhnghiep.co/api/company?l=/an-giang/thanh-pho-long-xuyen/xa-hoa-binh","Total":1,"List":[{"Type":11,"SolrID":"/1600942886-001-cn-cty-cp-phat-trien-ha-tang-ag-xi-nghiep-co-khi-giao-thong-ag","ID":0,"MaSoThue":"1600942886-001","NgayCap":"2009-05-08T00:00:00Z","Title":"CN Cty CP Phát triển hạ tầng AG Xí Nghiệp Cơ Khí Giao Thông AG","DiaChiCongTy":"ấp An Thuận, xã Hoà Bình - Thành phố Long Xuyên  - An Giang","Created":"2015-11-09T12:47:33Z","Updated":"2015-11-09T12:47:33Z","IsDelete":false,"RequestChanged":false,"ExitsInGDT":false,"SourceID":0,"TinhThanhID":0,"TinhThanhTitle":"An Giang","TinhThanhTitleAscii":"/an-giang","QuanHuyenID":0,"NganhNgheTitle":"Vận tải đường bộ khác","NganhNgheTitleAscii":"/nganh-nghe/van-tai-duong-bo-khac","DSTags":["1600942886-001","An Giang",null]}]}