{"ID":8219,"SolrID":"/an-giang/thanh-pho-long-xuyen/xa-my-hoa-hung","Title":"Xã Mỹ Hoà Hưng","TinhThanhTitle":"An Giang","QuanHuyenTitle":"Thành Phố Long Xuyên","QuanHuyenID":100,"TinhThanhID":35,"Url":"https://thongtindoanhnghiep.co/api/company?l=/an-giang/thanh-pho-long-xuyen/xa-my-hoa-hung","Total":32,"List":[{"Type":11,"SolrID":"/1602149337-cong-ty-tnhh-thuong-mai-nuoi-trong-che-bien-thuy-san-va-thuc-an-gia-suc-minh-hung","ID":0,"MaSoThue":"1602149337","NgayCap":"2021-06-29T00:00:00Z","Title":"Công Ty TNHH Thương Mại Nuôi Trồng Chế Biến Thủy Sản Và Thức Ăn Gia Súc Minh Hùng","DiaChiCongTy":"Tổ 1, Ấp Mỹ An, Xã Mỹ Hoà Hưng, Thành phố Long Xuyên , Tỉnh An Giang","Created":"2021-06-29T13:36:02Z","Updated":"2021-06-29T13:36:02Z","IsDelete":false,"RequestChanged":false,"ExitsInGDT":false,"SourceID":0,"TinhThanhID":0,"TinhThanhTitle":"An Giang","TinhThanhTitleAscii":"/an-giang","QuanHuyenID":0,"NganhNgheTitle":"Nuôi trồng thuỷ sản nội địa","NganhNgheTitleAscii":"/nganh-nghe/nuoi-trong-thuy-san-noi-dia","DSTags":["1602149337","An Giang",null]},{"Type":11,"SolrID":"/1602083252-doanh-nghiep-tn-tiem-vang-phu-thanh","ID":0,"MaSoThue":"1602083252","NgayCap":"2018-10-15T00:00:00Z","Title":"Doanh Nghiệp Tn Tiệm Vàng Phú Thành","DiaChiCongTy":"Ấp Mỹ Khánh II, Xã Mỹ Hoà Hưng, Thành phố Long Xuyên , Tỉnh An Giang","Created":"2018-10-15T08:45:59Z","Updated":"2018-10-15T08:45:59Z","IsDelete":false,"RequestChanged":false,"ExitsInGDT":false,"SourceID":0,"TinhThanhID":0,"TinhThanhTitle":"An Giang","TinhThanhTitleAscii":"/an-giang","QuanHuyenID":0,"NganhNgheTitle":"Bán buôn kim loại và quặng kim loại","NganhNgheTitleAscii":"/nganh-nghe/ban-buon-kim-loai-va-quang-kim-loai","DSTags":["1602083252","An Giang",null]},{"Type":11,"SolrID":"/1602054808-cong-ty-tnhh-dau-tu-mkfood","ID":0,"MaSoThue":"1602054808","NgayCap":"2017-11-13T00:00:00Z","Title":"Công Ty TNHH Đầu Tư Mkfood","DiaChiCongTy":"Số 409/10, Tổ 14, ấp Mỹ Hiệp, Xã Mỹ Hoà Hưng, Thành phố Long Xuyên , Tỉnh An Giang","Created":"2017-11-13T16:05:34Z","Updated":"2017-11-13T16:05:34Z","IsDelete":false,"RequestChanged":false,"ExitsInGDT":false,"SourceID":0,"TinhThanhID":0,"TinhThanhTitle":"An Giang","TinhThanhTitleAscii":"/an-giang","QuanHuyenID":0,"NganhNgheTitle":"Nuôi trồng thuỷ sản nội địa","NganhNgheTitleAscii":"/nganh-nghe/nuoi-trong-thuy-san-noi-dia","DSTags":["1602054808","An Giang",null]},{"Type":11,"SolrID":"/1602045916-cong-ty-tnhh-mot-thanh-vien-vien-thong-ly-tinh","ID":0,"MaSoThue":"1602045916","NgayCap":"2017-07-19T00:00:00Z","Title":"Công Ty TNHH Một Thành Viên Viễn Thông Lý Tình","DiaChiCongTy":"Tổ 10, Ấp Mỹ An 1, Xã Mỹ Hoà Hưng, Thành phố Long Xuyên , Tỉnh An Giang","Created":"2017-07-19T15:08:24Z","Updated":"2017-07-19T15:08:24Z","IsDelete":false,"RequestChanged":false,"ExitsInGDT":false,"SourceID":0,"TinhThanhID":0,"TinhThanhTitle":"An Giang","TinhThanhTitleAscii":"/an-giang","QuanHuyenID":0,"NganhNgheTitle":"Bán buôn thiết bị và linh kiện điện tử, viễn thông","NganhNgheTitleAscii":"/nganh-nghe/ban-buon-thiet-bi-va-linh-kien-dien-tu-vien-thong","DSTags":["1602045916","An Giang",null]},{"Type":11,"SolrID":"/1602023013-doanh-nghiep-tn-hang-tieu-dung-thien-my","ID":0,"MaSoThue":"1602023013","NgayCap":"2016-11-04T00:00:00Z","Title":"Doanh Nghiệp Tn Hàng Tiêu Dùng Thiện Mỹ","DiaChiCongTy":"Lô 30A, ấp Mỹ An 2 - Xã Mỹ Hoà Hưng - Thành phố Long Xuyên  - An Giang","Created":"2016-11-10T22:36:51Z","Updated":"2016-11-10T22:36:51Z","IsDelete":false,"RequestChanged":false,"ExitsInGDT":false,"SourceID":0,"TinhThanhID":0,"TinhThanhTitle":"An Giang","TinhThanhTitleAscii":"/an-giang","QuanHuyenID":0,"NganhNgheTitle":"Bán buôn tổng hợp","NganhNgheTitleAscii":"/nganh-nghe/ban-buon-tong-hop","DSTags":["1602023013","An Giang",null]},{"Type":11,"SolrID":"/1602015090-cong-ty-tnhh-mot-thanh-vien-xay-xat-tien-dat","ID":0,"MaSoThue":"1602015090","NgayCap":"2016-07-26T00:00:00Z","Title":"CôNG TY TNHH MộT THàNH VIêN XAY XáT TIếN ĐạT","DiaChiCongTy":"Tổ 5, ấp Mỹ Thuận - Xã Mỹ Hoà Hưng - Thành phố Long Xuyên  - An Giang","Created":"2016-07-30T17:24:45Z","Updated":"2016-09-10T19:05:59Z","IsDelete":false,"RequestChanged":false,"ExitsInGDT":false,"SourceID":0,"TinhThanhID":0,"TinhThanhTitle":"An Giang","TinhThanhTitleAscii":"/an-giang","QuanHuyenID":0,"DSTags":["1602015090","An Giang",null]},{"Type":11,"SolrID":"/1602011875-doanh-nghiep-tn-dang-truc","ID":0,"MaSoThue":"1602011875","NgayCap":"2016-06-07T00:00:00Z","Title":"Doanh Nghiệp TN Đặng Trúc","DiaChiCongTy":"Số 15, Tổ 3, ấp Mỹ Long 1 - Xã Mỹ Hoà Hưng - Thành phố Long Xuyên  - An Giang","Created":"2016-06-15T09:09:43Z","Updated":"2016-06-15T09:09:43Z","IsDelete":false,"RequestChanged":false,"ExitsInGDT":false,"SourceID":0,"TinhThanhID":0,"TinhThanhTitle":"An Giang","TinhThanhTitleAscii":"/an-giang","QuanHuyenID":0,"NganhNgheTitle":"Bán lẻ hình thức khác chưa được phân vào đâu","NganhNgheTitleAscii":"/nganh-nghe/ban-le-hinh-thuc-khac-chua-duoc-phan-vao-dau","DSTags":["1602011875","An Giang",null]},{"Type":11,"SolrID":"/1601994125-cong-ty-tnhh-thuy-trang-my-hoa-hung","ID":0,"MaSoThue":"1601994125","NgayCap":"2015-12-22T00:00:00Z","Title":"Công Ty TNHH Thùy Trang Mỹ Hòa Hưng","DiaChiCongTy":"ấp Mỹ An - Xã Mỹ Hoà Hưng - Thành phố Long Xuyên  - An Giang","Created":"2015-12-28T11:10:34Z","Updated":"2015-12-28T11:10:34Z","IsDelete":false,"RequestChanged":false,"ExitsInGDT":false,"SourceID":0,"TinhThanhID":0,"TinhThanhTitle":"An Giang","TinhThanhTitleAscii":"/an-giang","QuanHuyenID":0,"NganhNgheTitle":"Hoạt động dịch vụ hỗ trợ kinh doanh khác còn lại chưa được phân vào đâu","NganhNgheTitleAscii":"/nganh-nghe/hoat-dong-dich-vu-ho-tro-kinh-doanh-khac-con-lai-chua-duoc-phan-vao-dau","DSTags":["1601994125","An Giang",null]},{"Type":11,"SolrID":"/1601965149-cong-ty-tnhh-mot-thanh-vien-khai-thac-cho-hong-phuoc","ID":0,"MaSoThue":"1601965149","NgayCap":"2015-03-02T00:00:00Z","Title":"Công Ty TNHH Một Thành Viên Khai Thác Chợ Hồng Phước","DiaChiCongTy":"Tổ 2, ấp Mỹ Long I - Xã Mỹ Hoà Hưng - Thành phố Long Xuyên  - An Giang","Created":"2015-11-17T00:40:35Z","Updated":"2015-11-17T00:40:35Z","IsDelete":false,"RequestChanged":false,"ExitsInGDT":false,"SourceID":0,"TinhThanhID":0,"TinhThanhTitle":"An Giang","TinhThanhTitleAscii":"/an-giang","QuanHuyenID":0,"NganhNgheTitle":"Hoạt động dịch vụ hỗ trợ kinh doanh khác còn lại chưa được phân vào đâu","NganhNgheTitleAscii":"/nganh-nghe/hoat-dong-dich-vu-ho-tro-kinh-doanh-khac-con-lai-chua-duoc-phan-vao-dau","DSTags":["1601965149","An Giang",null]},{"Type":11,"SolrID":"/1600638237-013-chi-nhanh-cong-ty-tnhh-thuong-mai-dich-vu-my-hoa-14","ID":0,"MaSoThue":"1600638237-013","NgayCap":"2014-12-31T00:00:00Z","Title":"Chi Nhánh Công Ty TNHH Thương Mại - Dịch Vụ Mỹ Hòa 14","DiaChiCongTy":"Tổ 10, ấp Mỹ Hiệp - Xã Mỹ Hoà Hưng - Thành phố Long Xuyên  - An Giang","Created":"2015-11-18T14:58:32Z","Updated":"2015-11-18T14:58:32Z","IsDelete":false,"RequestChanged":false,"ExitsInGDT":false,"SourceID":0,"TinhThanhID":0,"TinhThanhTitle":"An Giang","TinhThanhTitleAscii":"/an-giang","QuanHuyenID":0,"NganhNgheTitle":"Bán buôn nhiên liệu rắn, lỏng, khí và các sản phẩm liên quan","NganhNgheTitleAscii":"/nganh-nghe/ban-buon-nhien-lieu-ran-long-khi-va-cac-san-pham-lien-quan","DSTags":["1600638237-013","An Giang",null]},{"Type":11,"SolrID":"/1600638237-012-chi-nhanh-cong-ty-tnhh-thuong-mai-dich-vu-my-hoa-12","ID":0,"MaSoThue":"1600638237-012","NgayCap":"2014-12-16T00:00:00Z","Title":"Chi Nhánh Công Ty TNHH Thương Mại - Dịch Vụ Mỹ Hòa 12","DiaChiCongTy":"ấp Mỹ An - Xã Mỹ Hoà Hưng - Thành phố Long Xuyên  - An Giang","Created":"2015-11-18T14:51:00Z","Updated":"2015-11-18T14:51:00Z","IsDelete":false,"RequestChanged":false,"ExitsInGDT":false,"SourceID":0,"TinhThanhID":0,"TinhThanhTitle":"An Giang","TinhThanhTitleAscii":"/an-giang","QuanHuyenID":0,"NganhNgheTitle":"Bán buôn nhiên liệu rắn, lỏng, khí và các sản phẩm liên quan","NganhNgheTitleAscii":"/nganh-nghe/ban-buon-nhien-lieu-ran-long-khi-va-cac-san-pham-lien-quan","DSTags":["1600638237-012","An Giang",null]},{"Type":11,"SolrID":"/1601946964-doanh-nghiep-tn-nguyen-mai-thao","ID":0,"MaSoThue":"1601946964","NgayCap":"2014-11-20T00:00:00Z","Title":"Doanh Nghiệp TN Nguyễn Mai Thảo","DiaChiCongTy":"Tổ 19, ấp Mỹ Khánh 2 - Xã Mỹ Hoà Hưng - Thành phố Long Xuyên  - An Giang","Created":"2015-11-11T08:49:47Z","Updated":"2015-11-11T08:49:47Z","IsDelete":false,"RequestChanged":false,"ExitsInGDT":false,"SourceID":0,"TinhThanhID":0,"TinhThanhTitle":"An Giang","TinhThanhTitleAscii":"/an-giang","QuanHuyenID":0,"NganhNgheTitle":"Hoạt động dịch vụ hỗ trợ kinh doanh khác còn lại chưa được phân vào đâu","NganhNgheTitleAscii":"/nganh-nghe/hoat-dong-dich-vu-ho-tro-kinh-doanh-khac-con-lai-chua-duoc-phan-vao-dau","DSTags":["1601946964","An Giang",null]},{"Type":11,"SolrID":"/1800627923-001-chi-nhanh-cong-ty-tnhh-phu-hung-tai-an-giang-trai-ca-phu-hung-tai-ap-my-hiep","ID":0,"MaSoThue":"1800627923-001","NgayCap":"2012-06-15T00:00:00Z","Title":"Chi Nhánh Công Ty TNHH Phú Hưng Tại An Giang-Trại Cá Phú Hưng Tại ấp Mỹ Hiệp","DiaChiCongTy":"ấp Mỹ Hiệp - Xã Mỹ Hoà Hưng - Thành phố Long Xuyên  - An Giang","Created":"2015-11-11T03:45:16Z","Updated":"2015-11-11T03:45:16Z","IsDelete":false,"RequestChanged":false,"ExitsInGDT":false,"SourceID":0,"TinhThanhID":0,"TinhThanhTitle":"An Giang","TinhThanhTitleAscii":"/an-giang","QuanHuyenID":0,"NganhNgheTitle":"Nuôi trồng thuỷ sản nội địa","NganhNgheTitleAscii":"/nganh-nghe/nuoi-trong-thuy-san-noi-dia","DSTags":["1800627923-001","An Giang",null]},{"Type":11,"SolrID":"/1601625086-cong-ty-tnhh-mot-thanh-vien-tran-hai-dang","ID":0,"MaSoThue":"1601625086","NgayCap":"2011-12-28T00:00:00Z","Title":"Công Ty TNHH Một Thành Viên Trân Hải Đăng","DiaChiCongTy":"ấp Mỹ Long 1 - Xã Mỹ Hoà Hưng - Thành phố Long Xuyên  - An Giang","Created":"2015-11-10T01:38:43Z","Updated":"2015-11-10T01:38:43Z","IsDelete":false,"RequestChanged":false,"ExitsInGDT":false,"SourceID":0,"TinhThanhID":0,"TinhThanhTitle":"An Giang","TinhThanhTitleAscii":"/an-giang","QuanHuyenID":0,"NganhNgheTitle":"Bán buôn kim loại và quặng kim loại","NganhNgheTitleAscii":"/nganh-nghe/ban-buon-kim-loai-va-quang-kim-loai","DSTags":["1601625086","An Giang",null]},{"Type":11,"SolrID":"/0303283290-003-chi-nhanh-cong-ty-tnhh-dau-tu-san-xuat-thuong-mai-dich-vu-phan-minh","ID":0,"MaSoThue":"0303283290-003","NgayCap":"2011-06-17T00:00:00Z","Title":"Chi Nhánh Công Ty TNHH Đầu Tư Sản Xuất Thương Mại Dịch Vụ Phan Minh","DiaChiCongTy":"ấp Mỹ An 1 - Xã Mỹ Hoà Hưng - Thành phố Long Xuyên  - An Giang","Created":"2015-11-08T12:43:17Z","Updated":"2015-11-08T12:43:17Z","IsDelete":false,"RequestChanged":false,"ExitsInGDT":false,"SourceID":0,"TinhThanhID":0,"TinhThanhTitle":"An Giang","TinhThanhTitleAscii":"/an-giang","QuanHuyenID":0,"NganhNgheTitle":"Bán lẻ lương thực, thực phẩm, đồ uống, thuốc lá, thuốc lào chiếm tỷ trọng lớn trong các cửa hàng kinh doanh tổng hợp","NganhNgheTitleAscii":"/nganh-nghe/ban-le-luong-thuc-thuc-pham-do-uong-thuoc-la-thuoc-lao-chiem-ty-trong-lon-trong-cac-cua-hang-kinh-doanh-tong-hop","DSTags":["0303283290-003","An Giang",null]},{"Type":11,"SolrID":"/0303560032-002-chi-nhanh-cong-ty-tnhh-san-xuat-thuong-mai-thao-minh-chau","ID":0,"MaSoThue":"0303560032-002","NgayCap":"2011-06-17T00:00:00Z","Title":"Chi Nhánh Công Ty TNHH Sản Xuất - Thương Mại Thảo Minh Châu","DiaChiCongTy":"ấp Mỹ An 1 - Xã Mỹ Hoà Hưng - Thành phố Long Xuyên  - An Giang","Created":"2015-11-08T12:48:25Z","Updated":"2015-11-08T12:48:25Z","IsDelete":false,"RequestChanged":false,"ExitsInGDT":false,"SourceID":0,"TinhThanhID":0,"TinhThanhTitle":"An Giang","TinhThanhTitleAscii":"/an-giang","QuanHuyenID":0,"NganhNgheTitle":"Bán lẻ lương thực, thực phẩm, đồ uống, thuốc lá, thuốc lào chiếm tỷ trọng lớn trong các cửa hàng kinh doanh tổng hợp","NganhNgheTitleAscii":"/nganh-nghe/ban-le-luong-thuc-thuc-pham-do-uong-thuoc-la-thuoc-lao-chiem-ty-trong-lon-trong-cac-cua-hang-kinh-doanh-tong-hop","DSTags":["0303560032-002","An Giang",null]},{"Type":11,"SolrID":"/1601430520-doanh-nghiep-tn-y-tuong","ID":0,"MaSoThue":"1601430520","NgayCap":"2010-12-11T00:00:00Z","Title":"Doanh Nghiệp TN ý Tường","DiaChiCongTy":"Ponton số AG 10778-H, tổ 19, ấp Mỹ Khánh 2 - Xã Mỹ Hoà Hưng - Thành phố Long Xuyên  - An Giang","Created":"2015-11-10T01:37:48Z","Updated":"2015-11-10T01:37:48Z","IsDelete":false,"RequestChanged":false,"ExitsInGDT":false,"SourceID":0,"TinhThanhID":0,"TinhThanhTitle":"An Giang","TinhThanhTitleAscii":"/an-giang","QuanHuyenID":0,"NganhNgheTitle":"Bán buôn nhiên liệu rắn, lỏng, khí và các sản phẩm liên quan","NganhNgheTitleAscii":"/nganh-nghe/ban-buon-nhien-lieu-ran-long-khi-va-cac-san-pham-lien-quan","DSTags":["1601430520","An Giang",null]},{"Type":11,"SolrID":"/1600366456-001-chi-nhanh-doanh-nghiep-tu-nhan-quoc-anh","ID":0,"MaSoThue":"1600366456-001","NgayCap":"2010-09-11T00:00:00Z","Title":"Chi Nhánh Doanh Nghiệp Tư Nhân Quốc Anh","DiaChiCongTy":"Tổ 10, ấp Mỹ Hiệp - Xã Mỹ Hoà Hưng - Thành phố Long Xuyên  - An Giang","Created":"2015-11-09T09:52:04Z","Updated":"2015-11-09T09:52:04Z","IsDelete":false,"RequestChanged":false,"ExitsInGDT":false,"SourceID":0,"TinhThanhID":0,"TinhThanhTitle":"An Giang","TinhThanhTitleAscii":"/an-giang","QuanHuyenID":0,"NganhNgheTitle":"Bán buôn xăng dầu và các sản phẩm liên quan","NganhNgheTitleAscii":"/nganh-nghe/ban-buon-xang-dau-va-cac-san-pham-lien-quan","DSTags":["1600366456-001","An Giang",null]},{"Type":11,"SolrID":"/1601388163-cong-ty-tnhh-nhien-lieu-hoa-phat","ID":0,"MaSoThue":"1601388163","NgayCap":"2010-08-04T00:00:00Z","Title":"Công Ty TNHH Nhiên Liệu Hòa Phát","DiaChiCongTy":"Ponton AG 20245, Tổ 5, ấp Mỹ Khánh 2, Xã Mỹ Hoà Hưng, Thành phố Long Xuyên , Tỉnh An Giang","Created":"2017-10-10T11:59:57Z","Updated":"2017-10-10T11:59:57Z","IsDelete":false,"RequestChanged":false,"ExitsInGDT":false,"SourceID":0,"TinhThanhID":0,"TinhThanhTitle":"An Giang","TinhThanhTitleAscii":"/an-giang","QuanHuyenID":0,"NganhNgheTitle":"Bán buôn nhiên liệu rắn, lỏng, khí và các sản phẩm liên quan","NganhNgheTitleAscii":"/nganh-nghe/ban-buon-nhien-lieu-ran-long-khi-va-cac-san-pham-lien-quan","DSTags":["1601388163","An Giang",null]},{"Type":11,"SolrID":"/1601325188-dntn-my-phuong","ID":0,"MaSoThue":"1601325188","NgayCap":"2010-04-06T00:00:00Z","Title":"DNTN My Phương","DiaChiCongTy":"ấp Mỹ Hiệp - Xã Mỹ Hoà Hưng - Thành phố Long Xuyên  - An Giang","Created":"2015-11-09T01:08:46Z","Updated":"2015-11-09T01:08:46Z","IsDelete":false,"RequestChanged":false,"ExitsInGDT":false,"SourceID":0,"TinhThanhID":0,"TinhThanhTitle":"An Giang","TinhThanhTitleAscii":"/an-giang","QuanHuyenID":0,"NganhNgheTitle":"Bán buôn chuyên doanh khác","NganhNgheTitleAscii":"/nganh-nghe/ban-buon-chuyen-doanh-khac","DSTags":["1601325188","An Giang",null]},{"Type":11,"SolrID":"/1600407007-doanh-nghiep-tn-thanh-an","ID":0,"MaSoThue":"1600407007","NgayCap":"2005-06-28T00:00:00Z","Title":"Doanh Nghiệp TN Thanh An","DiaChiCongTy":"Tổ 10, ấp Mỹ An - Xã Mỹ Hoà Hưng - Thành phố Long Xuyên  - An Giang","Created":"2015-11-17T04:44:20Z","Updated":"2015-11-17T04:44:20Z","IsDelete":false,"RequestChanged":false,"ExitsInGDT":false,"SourceID":0,"TinhThanhID":0,"TinhThanhTitle":"An Giang","TinhThanhTitleAscii":"/an-giang","QuanHuyenID":0,"NganhNgheTitle":"Bán buôn nhiên liệu rắn, lỏng, khí và các sản phẩm liên quan","NganhNgheTitleAscii":"/nganh-nghe/ban-buon-nhien-lieu-ran-long-khi-va-cac-san-pham-lien-quan","DSTags":["1600407007","An Giang",null]},{"Type":11,"SolrID":"/1600363511-doanh-nghiep-tn-ba-liep","ID":0,"MaSoThue":"1600363511","NgayCap":"2005-02-04T00:00:00Z","Title":"Doanh Nghiệp TN Ba Liệp","DiaChiCongTy":"Tổ 3, ấp Mỹ An I - Xã Mỹ Hoà Hưng - Thành phố Long Xuyên  - An Giang","Created":"2015-11-09T20:23:15Z","Updated":"2015-11-09T20:23:15Z","IsDelete":false,"RequestChanged":false,"ExitsInGDT":false,"SourceID":0,"TinhThanhID":0,"TinhThanhTitle":"An Giang","TinhThanhTitleAscii":"/an-giang","QuanHuyenID":0,"NganhNgheTitle":"Bán buôn nông, lâm sản nguyên liệu (trừ gỗ, tre, nứa) và động vật sống","NganhNgheTitleAscii":"/nganh-nghe/ban-buon-nong-lam-san-nguyen-lieu-tru-go-tre-nua-va-dong-vat-song","DSTags":["1600363511","An Giang",null]},{"Type":11,"SolrID":"/1600363293-dntn-le-van-dat","ID":0,"MaSoThue":"1600363293","NgayCap":"2004-09-23T00:00:00Z","Title":"DNTN Lê Văn Đắt","DiaChiCongTy":"Tổ 9 ấp Mỹ An 1 - Xã Mỹ Hoà Hưng - Thành phố Long Xuyên  - An Giang","Created":"2015-11-11T10:02:28Z","Updated":"2015-11-11T10:02:28Z","IsDelete":false,"RequestChanged":false,"ExitsInGDT":false,"SourceID":0,"TinhThanhID":0,"TinhThanhTitle":"An Giang","TinhThanhTitleAscii":"/an-giang","QuanHuyenID":0,"NganhNgheTitle":"Bán lẻ nhiên liệu động cơ trong các cửa hàng chuyên doanh","NganhNgheTitleAscii":"/nganh-nghe/ban-le-nhien-lieu-dong-co-trong-cac-cua-hang-chuyen-doanh","DSTags":["1600363293","An Giang",null]},{"Type":11,"SolrID":"/1600686992-truong-thcs-ngo-gia-tu","ID":0,"MaSoThue":"1600686992","NgayCap":"2004-03-19T00:00:00Z","Title":"Trường THCS Ngô Gia Tự","DiaChiCongTy":"Xã Mỹ Hoà Hưng - Thành phố Long Xuyên  - An Giang","Created":"2015-11-16T15:58:55Z","Updated":"2015-11-16T15:58:55Z","IsDelete":false,"RequestChanged":false,"ExitsInGDT":false,"SourceID":0,"TinhThanhID":0,"TinhThanhTitle":"An Giang","TinhThanhTitleAscii":"/an-giang","QuanHuyenID":0,"NganhNgheTitle":"Giáo dục trung học cơ sở và trung học phổ thông","NganhNgheTitleAscii":"/nganh-nghe/giao-duc-trung-hoc-co-so-va-trung-hoc-pho-thong","DSTags":["1600686992","An Giang",null]},{"Type":11,"SolrID":"/1600685371-truong-tieu-hoc-doan-thi-diem","ID":0,"MaSoThue":"1600685371","NgayCap":"2004-03-04T00:00:00Z","Title":"Trường Tiểu học Đoàn Thị Điểm","DiaChiCongTy":"ấp Mỹ Khánh, xã Mỹ Hoà Hưng - Thành phố Long Xuyên  - An Giang","Created":"2015-11-16T15:54:39Z","Updated":"2015-11-16T15:54:39Z","IsDelete":false,"RequestChanged":false,"ExitsInGDT":false,"SourceID":0,"TinhThanhID":0,"TinhThanhTitle":"An Giang","TinhThanhTitleAscii":"/an-giang","QuanHuyenID":0,"NganhNgheTitle":"Giáo dục tiểu học","NganhNgheTitleAscii":"/nganh-nghe/giao-duc-tieu-hoc","DSTags":["1600685371","An Giang",null]},{"Type":11,"SolrID":"/1600685357-truong-tieu-hoc-nguyen-trung-truc","ID":0,"MaSoThue":"1600685357","NgayCap":"2004-03-04T00:00:00Z","Title":"Trường Tiểu học Nguyễn Trung Trực","DiaChiCongTy":"ấp Mỹ An, xã Mỹ Hoà Hưng - Thành phố Long Xuyên  - An Giang","Created":"2015-11-16T15:54:40Z","Updated":"2015-11-16T15:54:40Z","IsDelete":false,"RequestChanged":false,"ExitsInGDT":false,"SourceID":0,"TinhThanhID":0,"TinhThanhTitle":"An Giang","TinhThanhTitleAscii":"/an-giang","QuanHuyenID":0,"NganhNgheTitle":"Giáo dục tiểu học","NganhNgheTitleAscii":"/nganh-nghe/giao-duc-tieu-hoc","DSTags":["1600685357","An Giang",null]},{"Type":11,"SolrID":"/1600684120-truong-tieu-hoc-nguyen-huu-canh","ID":0,"MaSoThue":"1600684120","NgayCap":"2004-03-01T00:00:00Z","Title":"Trường Tiểu học Nguyễn Hữu Cảnh","DiaChiCongTy":"ấp Mỹ Long 2, xã Mỹ Hoà Hưng - Thành phố Long Xuyên  - An Giang","Created":"2015-11-16T15:50:35Z","Updated":"2015-11-16T15:50:35Z","IsDelete":false,"RequestChanged":false,"ExitsInGDT":false,"SourceID":0,"TinhThanhID":0,"TinhThanhTitle":"An Giang","TinhThanhTitleAscii":"/an-giang","QuanHuyenID":0,"NganhNgheTitle":"Giáo dục tiểu học","NganhNgheTitleAscii":"/nganh-nghe/giao-duc-tieu-hoc","DSTags":["1600684120","An Giang",null]},{"Type":11,"SolrID":"/1600683896-truong-mau-giao-hoang-yen","ID":0,"MaSoThue":"1600683896","NgayCap":"2004-02-27T00:00:00Z","Title":"Trường Mẫu giáo Hoàng Yến","DiaChiCongTy":"ấp Mỹ Long 2, xã Mỹ Hoà Hưng - Thành phố Long Xuyên  - An Giang","Created":"2015-11-16T15:49:03Z","Updated":"2015-11-16T15:49:03Z","IsDelete":false,"RequestChanged":false,"ExitsInGDT":false,"SourceID":0,"TinhThanhID":0,"TinhThanhTitle":"An Giang","TinhThanhTitleAscii":"/an-giang","QuanHuyenID":0,"NganhNgheTitle":"Giáo dục mầm non","NganhNgheTitleAscii":"/nganh-nghe/giao-duc-mam-non","DSTags":["1600683896","An Giang",null]},{"Type":11,"SolrID":"/1600366456-doanh-nghiep-tn-quoc-anh","ID":0,"MaSoThue":"1600366456","NgayCap":"2004-01-16T00:00:00Z","Title":"Doanh Nghiệp TN Quốc Anh","DiaChiCongTy":"Tổ 10, ấp Mỹ Hiệp - Xã Mỹ Hoà Hưng - Thành phố Long Xuyên  - An Giang","Created":"2015-11-17T04:51:30Z","Updated":"2015-11-17T04:51:30Z","IsDelete":false,"RequestChanged":false,"ExitsInGDT":false,"SourceID":0,"TinhThanhID":0,"TinhThanhTitle":"An Giang","TinhThanhTitleAscii":"/an-giang","QuanHuyenID":0,"NganhNgheTitle":"Bán buôn nhiên liệu rắn, lỏng, khí và các sản phẩm liên quan","NganhNgheTitleAscii":"/nganh-nghe/ban-buon-nhien-lieu-ran-long-khi-va-cac-san-pham-lien-quan","DSTags":["1600366456","An Giang",null]},{"Type":11,"SolrID":"/1600640758-doanh-nghiep-tn-ba-khe","ID":0,"MaSoThue":"1600640758","NgayCap":"2003-01-03T00:00:00Z","Title":"Doanh Nghiệp Tn Ba Khê","DiaChiCongTy":"Tổ 12, ấp Mỹ Thuận, Xã Mỹ Hoà Hưng, Thành phố Long Xuyên , Tỉnh An Giang","Created":"2018-08-25T22:17:59Z","Updated":"2018-08-25T22:17:59Z","IsDelete":false,"RequestChanged":false,"ExitsInGDT":false,"SourceID":0,"TinhThanhID":0,"TinhThanhTitle":"An Giang","TinhThanhTitleAscii":"/an-giang","QuanHuyenID":0,"NganhNgheTitle":"Bán buôn vật liệu, thiết bị lắp đặt khác trong xây dựng","NganhNgheTitleAscii":"/nganh-nghe/ban-buon-vat-lieu-thiet-bi-lap-dat-khac-trong-xay-dung","DSTags":["1600640758","An Giang",null]},{"Type":11,"SolrID":"/1600598217-cong-ty-tnhh-phat-thanh-loi","ID":0,"MaSoThue":"1600598217","NgayCap":"2002-01-09T00:00:00Z","Title":"Công Ty TNHH Phát Thạnh Lợi","DiaChiCongTy":"Tổ 5 ấp Mỹ Thuận - Xã Mỹ Hoà Hưng - Thành phố Long Xuyên  - An Giang","Created":"2015-11-12T06:04:01Z","Updated":"2015-11-12T06:04:01Z","IsDelete":false,"RequestChanged":false,"ExitsInGDT":false,"SourceID":0,"TinhThanhID":0,"TinhThanhTitle":"An Giang","TinhThanhTitleAscii":"/an-giang","QuanHuyenID":0,"NganhNgheTitle":"Bán buôn gạo, thực phẩm, đồ uống và sản phẩm thuốc lá, thuốc lào","NganhNgheTitleAscii":"/nganh-nghe/ban-buon-gao-thuc-pham-do-uong-va-san-pham-thuoc-la-thuoc-lao","DSTags":["1600598217","An Giang",null]},{"Type":11,"SolrID":"/1600371664-uy-ban-nhan-dan-xa-my-hoa-hung","ID":0,"MaSoThue":"1600371664","NgayCap":"1998-10-31T00:00:00Z","Title":"ủy Ban Nhân Dân Xã                           Mỹ Hoà Hưng","DiaChiCongTy":"ấp Mỹ Long , Xã Mỹ Hoà Hưng - Thành phố Long Xuyên  - An Giang","Created":"2015-11-14T17:22:14Z","Updated":"2015-11-14T17:22:14Z","IsDelete":false,"RequestChanged":false,"ExitsInGDT":false,"SourceID":0,"TinhThanhID":0,"TinhThanhTitle":"An Giang","TinhThanhTitleAscii":"/an-giang","QuanHuyenID":0,"NganhNgheTitle":"Hoạt động quản lý nhà nước nói chung và kinh tế tổng hợp","NganhNgheTitleAscii":"/nganh-nghe/hoat-dong-quan-ly-nha-nuoc-noi-chung-va-kinh-te-tong-hop","DSTags":["1600371664","An Giang",null]}]}