{"ID":4155,"SolrID":"/an-giang/thanh-pho-long-xuyen/xa-my-thanh","Title":"Xã Mỹ Thạnh","TinhThanhTitle":"An Giang","QuanHuyenTitle":"Thành Phố Long Xuyên","QuanHuyenID":100,"TinhThanhID":35,"Url":"https://thongtindoanhnghiep.co/api/company?l=/an-giang/thanh-pho-long-xuyen/xa-my-thanh","Total":4,"List":[{"Type":11,"SolrID":"/1600229273-008-xi-nghiep-van-tai-cong-ty-luong-thuc-an-giang","ID":0,"MaSoThue":"1600229273-008","NgayCap":"1999-02-23T00:00:00Z","Title":"Xí Nghiệp Vận Tải Công Ty Lương Thực An Giang","DiaChiCongTy":"Khu Vực n/m AG4 Xã Mỹ Thạnh - Thành phố Long Xuyên  - An Giang","Created":"2015-11-19T09:31:35Z","Updated":"2015-11-19T09:31:35Z","IsDelete":false,"RequestChanged":false,"ExitsInGDT":false,"SourceID":0,"TinhThanhID":0,"TinhThanhTitle":"An Giang","TinhThanhTitleAscii":"/an-giang","QuanHuyenID":0,"NganhNgheTitle":"Vận tải hàng hóa đường thuỷ nội địa","NganhNgheTitleAscii":"/nganh-nghe/van-tai-hang-hoa-duong-thuy-noi-dia","DSTags":["1600229273-008","An Giang",null]},{"Type":11,"SolrID":"/1600229273-001-xn-che-bien-kd-luong-thuc-nong-san-xuat-khau-dong-thanh","ID":0,"MaSoThue":"1600229273-001","NgayCap":"1999-02-23T00:00:00Z","Title":"XN Chế Biến KD Lương Thực & Nông Sản Xuất Khẩu đông Thạnh","DiaChiCongTy":"ấp Đông Thạnh Xã Mỹ Thạnh - Thành phố Long Xuyên  - An Giang","Created":"2015-11-19T07:28:16Z","Updated":"2015-11-19T07:28:16Z","IsDelete":false,"RequestChanged":false,"ExitsInGDT":false,"SourceID":0,"TinhThanhID":0,"TinhThanhTitle":"An Giang","TinhThanhTitleAscii":"/an-giang","QuanHuyenID":0,"NganhNgheTitle":"Bán buôn gạo, thực phẩm, đồ uống và sản phẩm thuốc lá, thuốc lào","NganhNgheTitleAscii":"/nganh-nghe/ban-buon-gao-thuc-pham-do-uong-va-san-pham-thuoc-la-thuoc-lao","DSTags":["1600229273-001","An Giang",null]},{"Type":11,"SolrID":"/0100109120-014-chi-cuc-dang-kiem-an-giang","ID":0,"MaSoThue":"0100109120-014","NgayCap":"1998-10-17T00:00:00Z","Title":"Chi Cục Đăng Kiểm  An Giang","DiaChiCongTy":"Số 91 QL 91 ấp Đông Thạnh Xã Mỹ Thạnh - Thành phố Long Xuyên  - An Giang","Created":"2015-11-18T04:22:27Z","Updated":"2015-11-18T04:22:27Z","IsDelete":false,"RequestChanged":false,"ExitsInGDT":false,"SourceID":0,"TinhThanhID":0,"TinhThanhTitle":"An Giang","TinhThanhTitleAscii":"/an-giang","QuanHuyenID":0,"NganhNgheTitle":"Hoạt động dịch vụ hỗ trợ khác liên quan đến vận tải","NganhNgheTitleAscii":"/nganh-nghe/hoat-dong-dich-vu-ho-tro-khac-lien-quan-den-van-tai","DSTags":["0100109120-014","An Giang",null]},{"Type":11,"SolrID":"/1600169320-qtd-my-thanh","ID":0,"MaSoThue":"1600169320","NgayCap":"1998-09-18T00:00:00Z","Title":"QTD Mỹ Thạnh","DiaChiCongTy":"13/41 Thới Hoà , Xã Mỹ Thạnh - Thành phố Long Xuyên  - An Giang","Created":"2015-11-14T18:01:49Z","Updated":"2015-11-14T18:01:49Z","IsDelete":false,"RequestChanged":false,"ExitsInGDT":false,"SourceID":0,"TinhThanhID":0,"TinhThanhTitle":"An Giang","TinhThanhTitleAscii":"/an-giang","QuanHuyenID":0,"NganhNgheTitle":"Hoạt động trung gian tiền tệ khác","NganhNgheTitleAscii":"/nganh-nghe/hoat-dong-trung-gian-tien-te-khac","DSTags":["1600169320","An Giang",null]}]}