{"ID":10413,"SolrID":"/an-giang/thanh-pho-long-xuyen/xa-my-thoi-txlx","Title":"Xã Mỹ Thới TXLX","TinhThanhTitle":"An Giang","QuanHuyenTitle":"Thành Phố Long Xuyên","QuanHuyenID":100,"TinhThanhID":35,"Url":"https://thongtindoanhnghiep.co/api/company?l=/an-giang/thanh-pho-long-xuyen/xa-my-thoi-txlx","Total":1,"List":[{"Type":11,"SolrID":"/1600194461-037-xi-nghiep-xay-dung-che-bien-lam-san","ID":0,"MaSoThue":"1600194461-037","NgayCap":"1999-04-27T00:00:00Z","Title":"Xí Nghiệp Xây Dựng & Chế Biến Lâm Sản","DiaChiCongTy":"Xã Mỹ Thới TXLX - Thành phố Long Xuyên  - An Giang","Created":"2015-11-17T19:46:47Z","Updated":"2015-11-17T19:46:47Z","IsDelete":false,"RequestChanged":false,"ExitsInGDT":false,"SourceID":0,"TinhThanhID":0,"TinhThanhTitle":"An Giang","TinhThanhTitleAscii":"/an-giang","QuanHuyenID":0,"NganhNgheTitle":"Bán buôn gạo, thực phẩm, đồ uống và sản phẩm thuốc lá, thuốc lào","NganhNgheTitleAscii":"/nganh-nghe/ban-buon-gao-thuc-pham-do-uong-va-san-pham-thuoc-la-thuoc-lao","DSTags":["1600194461-037","An Giang",null]}]}