{"ID":4990,"SolrID":"/an-giang/thanh-pho-long-xuyen/xa-my-hoa","Title":"Xã Mỹ Hoà","TinhThanhTitle":"An Giang","QuanHuyenTitle":"Thành Phố Long Xuyên","QuanHuyenID":100,"TinhThanhID":35,"Url":"https://thongtindoanhnghiep.co/api/company?l=/an-giang/thanh-pho-long-xuyen/xa-my-hoa","Total":9,"List":[{"Type":11,"SolrID":"/1601200358-cty-tnhh-nuoi-trong-thuy-san-ngoc-xuan","ID":0,"MaSoThue":"1601200358","NgayCap":"2009-07-28T00:00:00Z","Title":"Cty TNHH Nuôi Trồng Thuỷ sản Ngọc Xuân","DiaChiCongTy":"491/12 ấp Mỹ Hiệp, xã Mỹ Hoà - Thành phố Long Xuyên  - An Giang","Created":"2015-11-14T05:16:58Z","Updated":"2015-11-14T05:16:58Z","IsDelete":false,"RequestChanged":false,"ExitsInGDT":false,"SourceID":0,"TinhThanhID":0,"TinhThanhTitle":"An Giang","TinhThanhTitleAscii":"/an-giang","QuanHuyenID":0,"NganhNgheTitle":"Bán buôn (trừ ô tô, mô tô, xe máy và xe có động cơ khác)","NganhNgheTitleAscii":"/nganh-nghe/ban-buon-tru-o-to-mo-to-xe-may-va-xe-co-dong-co-khac","DSTags":["1601200358","An Giang",null]},{"Type":11,"SolrID":"/1600729861-dntn-quoc-thanh","ID":0,"MaSoThue":"1600729861","NgayCap":"2004-09-27T00:00:00Z","Title":"DNTN Quốc Thanh","DiaChiCongTy":"534/4 Tổ 13, Tây Khánh 3, xã Mỹ Hoà - Thành phố Long Xuyên  - An Giang","Created":"2015-11-11T10:08:16Z","Updated":"2015-11-11T10:08:16Z","IsDelete":false,"RequestChanged":false,"ExitsInGDT":false,"SourceID":0,"TinhThanhID":0,"TinhThanhTitle":"An Giang","TinhThanhTitleAscii":"/an-giang","QuanHuyenID":0,"NganhNgheTitle":"Xây dựng công trình kỹ thuật dân dụng","NganhNgheTitleAscii":"/nganh-nghe/xay-dung-cong-trinh-ky-thuat-dan-dung","DSTags":["1600729861","An Giang",null]},{"Type":11,"SolrID":"/1600728882-cong-ty-tnhh-san-xuat-thuc-pham-huynh-vi","ID":0,"MaSoThue":"1600728882","NgayCap":"2004-09-23T00:00:00Z","Title":"Công ty TNHH sản xuất thực phẩm Huỳnh Vĩ","DiaChiCongTy":"ấp Tây Khánh 6, xã Mỹ Hoà - Thành phố Long Xuyên  - An Giang","Created":"2015-11-14T05:02:07Z","Updated":"2015-11-14T05:02:07Z","IsDelete":false,"RequestChanged":false,"ExitsInGDT":false,"SourceID":0,"TinhThanhID":0,"TinhThanhTitle":"An Giang","TinhThanhTitleAscii":"/an-giang","QuanHuyenID":0,"NganhNgheTitle":"Sản xuất các loại bánh từ bột","NganhNgheTitleAscii":"/nganh-nghe/san-xuat-cac-loai-banh-tu-bot","DSTags":["1600728882","An Giang",null]},{"Type":11,"SolrID":"/1600684201-truong-tieu-hoc-tran-quoc-toan","ID":0,"MaSoThue":"1600684201","NgayCap":"2004-03-01T00:00:00Z","Title":"Trường Tiểu học Trần Quốc Toản","DiaChiCongTy":"ấp Tây Huề 1, xã Mỹ Hoà - Thành phố Long Xuyên  - An Giang","Created":"2015-11-16T15:50:29Z","Updated":"2015-11-16T15:50:29Z","IsDelete":false,"RequestChanged":false,"ExitsInGDT":false,"SourceID":0,"TinhThanhID":0,"TinhThanhTitle":"An Giang","TinhThanhTitleAscii":"/an-giang","QuanHuyenID":0,"NganhNgheTitle":"Giáo dục tiểu học","NganhNgheTitleAscii":"/nganh-nghe/giao-duc-tieu-hoc","DSTags":["1600684201","An Giang",null]},{"Type":11,"SolrID":"/1600684184-truong-trung-hoc-co-so-mac-dinh-chi","ID":0,"MaSoThue":"1600684184","NgayCap":"2004-03-01T00:00:00Z","Title":"Trường Trung học cơ sở Mạc Đĩnh Chi","DiaChiCongTy":"xã Mỹ Hoà - Thành phố Long Xuyên  - An Giang","Created":"2015-11-16T15:50:31Z","Updated":"2015-11-16T15:50:31Z","IsDelete":false,"RequestChanged":false,"ExitsInGDT":false,"SourceID":0,"TinhThanhID":0,"TinhThanhTitle":"An Giang","TinhThanhTitleAscii":"/an-giang","QuanHuyenID":0,"NganhNgheTitle":"Giáo dục trung học cơ sở và trung học phổ thông","NganhNgheTitleAscii":"/nganh-nghe/giao-duc-trung-hoc-co-so-va-trung-hoc-pho-thong","DSTags":["1600684184","An Giang",null]},{"Type":11,"SolrID":"/1600512139-001-cua-hang-vat-lieu-xay-dung-trang-tri-noi-that-nguyen-trung","ID":0,"MaSoThue":"1600512139-001","NgayCap":"2003-08-19T00:00:00Z","Title":"Cửa hàng vật liệu xây dựng & trang trí nội thất Nguyễn Trung","DiaChiCongTy":"Tổ 41 ấp Tây Khánh 4, xã Mỹ Hoà - Thành phố Long Xuyên  - An Giang","Created":"2015-11-19T07:28:19Z","Updated":"2015-11-19T07:28:19Z","IsDelete":false,"RequestChanged":false,"ExitsInGDT":false,"SourceID":0,"TinhThanhID":0,"TinhThanhTitle":"An Giang","TinhThanhTitleAscii":"/an-giang","QuanHuyenID":0,"NganhNgheTitle":"Bán buôn vật liệu, thiết bị lắp đặt khác trong xây dựng","NganhNgheTitleAscii":"/nganh-nghe/ban-buon-vat-lieu-thiet-bi-lap-dat-khac-trong-xay-dung","DSTags":["1600512139-001","An Giang",null]},{"Type":11,"SolrID":"/1600571582-001-chi-nhanh-xay-xat-lau-bong-gao-xuat-khau-quang-ky","ID":0,"MaSoThue":"1600571582-001","NgayCap":"2001-04-23T00:00:00Z","Title":"Chi Nhánh Xay Xát Lau Bóng Gạo Xuất Khẩu Quang Kỳ","DiaChiCongTy":"ấp Tây Khánh 6 Xã Mỹ Hoà - Thành phố Long Xuyên  - An Giang","Created":"2015-11-18T09:09:09Z","Updated":"2015-11-18T09:09:09Z","IsDelete":false,"RequestChanged":false,"ExitsInGDT":false,"SourceID":0,"TinhThanhID":0,"TinhThanhTitle":"An Giang","TinhThanhTitleAscii":"/an-giang","QuanHuyenID":0,"NganhNgheTitle":"Bán buôn gạo, thực phẩm, đồ uống và sản phẩm thuốc lá, thuốc lào","NganhNgheTitleAscii":"/nganh-nghe/ban-buon-gao-thuc-pham-do-uong-va-san-pham-thuoc-la-thuoc-lao","DSTags":["1600571582-001","An Giang",null]},{"Type":11,"SolrID":"/1600389326-001-chi-nhanh-dntn-quang-ky","ID":0,"MaSoThue":"1600389326-001","NgayCap":"2000-05-10T00:00:00Z","Title":"Chi Nhánh DNTN Quang Kỳ","DiaChiCongTy":"ấp Tây Khánh Xã Mỹ Hoà - Thành phố Long Xuyên  - An Giang","Created":"2015-11-19T03:05:31Z","Updated":"2015-11-19T03:05:31Z","IsDelete":false,"RequestChanged":false,"ExitsInGDT":false,"SourceID":0,"TinhThanhID":0,"TinhThanhTitle":"An Giang","TinhThanhTitleAscii":"/an-giang","QuanHuyenID":0,"NganhNgheTitle":"Sản xuất đồ uống không cồn","NganhNgheTitleAscii":"/nganh-nghe/san-xuat-do-uong-khong-con","DSTags":["1600389326-001","An Giang",null]},{"Type":11,"SolrID":"/1600169200-qtd-my-hoa","ID":0,"MaSoThue":"1600169200","NgayCap":"1998-09-18T00:00:00Z","Title":"QTD Mỹ Hoà","DiaChiCongTy":"363/7B Tây Khánh  B , Xã Mỹ Hoà - Thành phố Long Xuyên  - An Giang","Created":"2015-11-14T18:01:49Z","Updated":"2015-11-14T18:01:49Z","IsDelete":false,"RequestChanged":false,"ExitsInGDT":false,"SourceID":0,"TinhThanhID":0,"TinhThanhTitle":"An Giang","TinhThanhTitleAscii":"/an-giang","QuanHuyenID":0,"NganhNgheTitle":"Hoạt động trung gian tiền tệ khác","NganhNgheTitleAscii":"/nganh-nghe/hoat-dong-trung-gian-tien-te-khac","DSTags":["1600169200","An Giang",null]}]}