{"ID":15272,"SolrID":"/an-giang/huyen-tinh-bien/khu-cong-nghiep-xuan-to","Title":"Khu Công Nghiệp Xuân Tô","TinhThanhTitle":"An Giang","QuanHuyenTitle":"Huyện Tịnh Biên","QuanHuyenID":387,"TinhThanhID":35,"Url":"https://thongtindoanhnghiep.co/api/company?l=/an-giang/huyen-tinh-bien/khu-cong-nghiep-xuan-to","Total":5,"List":[{"Type":11,"SolrID":"/1601918607-cong-ty-tnhh-det-may-lien-hiep","ID":0,"MaSoThue":"1601918607","NgayCap":"2014-04-17T00:00:00Z","Title":"Công ty TNHH Dệt May Liên Hiệp","DiaChiCongTy":"Khu công nghiệp Xuân Tô - Huyện Tịnh Biên - An Giang","Created":"2015-11-11T15:58:21Z","Updated":"2015-11-11T15:58:21Z","IsDelete":false,"RequestChanged":false,"ExitsInGDT":false,"SourceID":0,"TinhThanhID":0,"TinhThanhTitle":"An Giang","TinhThanhTitleAscii":"/an-giang","QuanHuyenID":0,"NganhNgheTitle":"Sản xuất hàng may sẵn (trừ trang phục)","NganhNgheTitleAscii":"/nganh-nghe/san-xuat-hang-may-san-tru-trang-phuc","DSTags":["1601918607","An Giang",null]},{"Type":11,"SolrID":"/1601917829-cong-ty-tnhh-moi-truong-sach","ID":0,"MaSoThue":"1601917829","NgayCap":"2014-04-11T00:00:00Z","Title":"Công ty TNHH Môi Trường Sạch","DiaChiCongTy":"Khu công nghiệp Xuân Tô - Huyện Tịnh Biên - An Giang","Created":"2015-11-11T16:09:41Z","Updated":"2015-11-11T16:09:41Z","IsDelete":false,"RequestChanged":false,"ExitsInGDT":false,"SourceID":0,"TinhThanhID":0,"TinhThanhTitle":"An Giang","TinhThanhTitleAscii":"/an-giang","QuanHuyenID":0,"NganhNgheTitle":"Xử lý nước thải","NganhNgheTitleAscii":"/nganh-nghe/xu-ly-nuoc-thai","DSTags":["1601917829","An Giang",null]},{"Type":11,"SolrID":"/1601363666-cong-ty-co-phan-tm-dau-tu-dong-duong","ID":0,"MaSoThue":"1601363666","NgayCap":"2010-06-22T00:00:00Z","Title":"Công ty Cổ phần TM - Đầu tư Đông Dương","DiaChiCongTy":"Lô B1, B2 KCN Xuân Tô - Huyện Tịnh Biên - An Giang","Created":"2015-11-14T05:18:01Z","Updated":"2015-11-14T05:18:01Z","IsDelete":false,"RequestChanged":false,"ExitsInGDT":false,"SourceID":0,"TinhThanhID":0,"TinhThanhTitle":"An Giang","TinhThanhTitleAscii":"/an-giang","QuanHuyenID":0,"NganhNgheTitle":"Sản xuất thiết bị điện chiếu sáng","NganhNgheTitleAscii":"/nganh-nghe/san-xuat-thiet-bi-dien-chieu-sang","DSTags":["1601363666","An Giang",null]},{"Type":11,"SolrID":"/1601338363-cty-cp-cong-nghe-sinh-hoc-hong-yuan-viet-nam","ID":0,"MaSoThue":"1601338363","NgayCap":"2010-05-11T00:00:00Z","Title":"Cty CP Công Nghệ Sinh Học HONG YUAN Việt Nam","DiaChiCongTy":"Lô A6+A7 KCN Xuân Tô - Huyện Tịnh Biên - An Giang","Created":"2015-11-13T22:27:43Z","Updated":"2015-11-13T22:27:43Z","IsDelete":false,"RequestChanged":false,"ExitsInGDT":false,"SourceID":0,"TinhThanhID":0,"TinhThanhTitle":"An Giang","TinhThanhTitleAscii":"/an-giang","QuanHuyenID":0,"NganhNgheTitle":"Sản xuất xà phòng, chất tẩy rửa, làm bóng và chế phẩm vệ sinh","NganhNgheTitleAscii":"/nganh-nghe/san-xuat-xa-phong-chat-tay-rua-lam-bong-va-che-pham-ve-sinh","DSTags":["1601338363","An Giang",null]},{"Type":11,"SolrID":"/1600839712-cong-ty-tnhh-san-xuat-va-thuong-mai-ngoc-hung-duoc-chuyen-doi-tu-cong-ty-tnhh-mot-thanh-vien-san-xu","ID":0,"MaSoThue":"1600839712","NgayCap":"2006-05-23T00:00:00Z","Title":"Công Ty TNHH Sản Xuất Và Thương Mại Ngọc Hùng.(Được Chuyển Đổi Từ Công Ty TNHH Một Thành Viên Sản Xu","DiaChiCongTy":"Lô A3, A4 Khu Công nghiệp Xuân Tô (Khu kinh tế cửa khẩu Tịnh - Huyện Tịnh Biên - An Giang","Created":"2015-11-13T22:44:11Z","Updated":"2015-11-13T22:44:11Z","IsDelete":false,"RequestChanged":false,"ExitsInGDT":false,"SourceID":0,"TinhThanhID":0,"TinhThanhTitle":"An Giang","TinhThanhTitleAscii":"/an-giang","QuanHuyenID":0,"NganhNgheTitle":"Sản xuất đồ uống không cồn","NganhNgheTitleAscii":"/nganh-nghe/san-xuat-do-uong-khong-con","DSTags":["1600839712","An Giang",null]}]}