{"ID":16295,"SolrID":"/an-giang/huyen-tinh-bien/phuong-my-xuyen","Title":"Phường Mỹ Xuyên","TinhThanhTitle":"An Giang","QuanHuyenTitle":"Huyện Tịnh Biên","QuanHuyenID":387,"TinhThanhID":35,"Url":"https://thongtindoanhnghiep.co/api/company?l=/an-giang/huyen-tinh-bien/phuong-my-xuyen","Total":1,"List":[{"Type":11,"SolrID":"/1600574086-001-chi-nhanh-thanh-nam","ID":0,"MaSoThue":"1600574086-001","NgayCap":"2009-09-29T00:00:00Z","Title":"Chi Nhánh Thành Nam","DiaChiCongTy":"281 Trần Hưng Đạo, Phường  Mỹ Xuyên - Huyện Tịnh Biên - An Giang","Created":"2015-11-11T09:06:41Z","Updated":"2015-11-11T09:06:41Z","IsDelete":false,"RequestChanged":false,"ExitsInGDT":false,"SourceID":0,"TinhThanhID":0,"TinhThanhTitle":"An Giang","TinhThanhTitleAscii":"/an-giang","QuanHuyenID":0,"NganhNgheTitle":"Sản xuất xe có động cơ","NganhNgheTitleAscii":"/nganh-nghe/san-xuat-xe-co-dong-co-29100","DSTags":["1600574086-001","An Giang",null]}]}