{"ID":14930,"SolrID":"/an-giang/huyen-tinh-bien/thi-tran-nha-ban","Title":"Thị Trấn Nhà Bàn","TinhThanhTitle":"An Giang","QuanHuyenTitle":"Huyện Tịnh Biên","QuanHuyenID":387,"TinhThanhID":35,"Url":"https://thongtindoanhnghiep.co/api/company?l=/an-giang/huyen-tinh-bien/thi-tran-nha-ban","Total":1,"List":[{"Type":11,"SolrID":"/1600371752-phong-giao-duc-tinh-bien","ID":0,"MaSoThue":"1600371752","NgayCap":"1998-11-25T00:00:00Z","Title":"Phòng Giáo dục Tịnh Biên","DiaChiCongTy":"Thị Trấn Nhà Bàn - Huyện Tịnh Biên - An Giang","Created":"2015-11-14T17:13:36Z","Updated":"2015-11-14T17:13:36Z","IsDelete":false,"RequestChanged":false,"ExitsInGDT":false,"SourceID":0,"TinhThanhID":0,"TinhThanhTitle":"An Giang","TinhThanhTitleAscii":"/an-giang","QuanHuyenID":0,"NganhNgheTitle":"Hoạt động quản lý nhà nước nói chung và kinh tế tổng hợp","NganhNgheTitleAscii":"/nganh-nghe/hoat-dong-quan-ly-nha-nuoc-noi-chung-va-kinh-te-tong-hop","DSTags":["1600371752","An Giang",null]}]}