{"ID":1176,"SolrID":"/an-giang/huyen-tinh-bien/thi-tran-chi-lang","Title":"Thị Trấn Chi Lăng","TinhThanhTitle":"An Giang","QuanHuyenTitle":"Huyện Tịnh Biên","QuanHuyenID":387,"TinhThanhID":35,"Url":"https://thongtindoanhnghiep.co/api/company?l=/an-giang/huyen-tinh-bien/thi-tran-chi-lang","Total":34,"List":[{"Type":11,"SolrID":"/1602145861-cong-ty-tnhh-vat-lieu-xay-dung-thanh-nguyen","ID":0,"MaSoThue":"1602145861","NgayCap":"2021-04-15T00:00:00Z","Title":"Công Ty TNHH Vật Liệu Xây Dựng Thanh Nguyên","DiaChiCongTy":"Tổ 08, khóm 1, Thị Trấn Chi Lăng, Huyện Tịnh Biên, Tỉnh An Giang","Created":"2021-04-15T09:35:28Z","Updated":"2021-04-15T09:35:28Z","IsDelete":false,"RequestChanged":false,"ExitsInGDT":false,"SourceID":0,"TinhThanhID":0,"TinhThanhTitle":"An Giang","TinhThanhTitleAscii":"/an-giang","QuanHuyenID":0,"NganhNgheTitle":"Chuẩn bị mặt bằng","NganhNgheTitleAscii":"/nganh-nghe/chuan-bi-mat-bang","DSTags":["1602145861","An Giang",null]},{"Type":11,"SolrID":"/1602145318-cong-ty-tnhh-nong-nghiep-xanh-hoa-loc","ID":0,"MaSoThue":"1602145318","NgayCap":"2021-04-07T00:00:00Z","Title":"Công Ty TNHH Nông Nghiệp Xanh Hòa Lộc","DiaChiCongTy":"Số 02, Tổ 6, Khóm 1, Thị Trấn Chi Lăng, Huyện Tịnh Biên, Tỉnh An Giang","Created":"2021-04-07T08:36:17Z","Updated":"2021-04-07T08:36:17Z","IsDelete":false,"RequestChanged":false,"ExitsInGDT":false,"SourceID":0,"TinhThanhID":0,"TinhThanhTitle":"An Giang","TinhThanhTitleAscii":"/an-giang","QuanHuyenID":0,"NganhNgheTitle":"Bán buôn thực phẩm","NganhNgheTitleAscii":"/nganh-nghe/ban-buon-thuc-pham","DSTags":["1602145318","An Giang",null]},{"Type":11,"SolrID":"/1602055329-cong-ty-tnhh-xay-dung-thuong-mai-dich-vu-phuoc-long","ID":0,"MaSoThue":"1602055329","NgayCap":"2017-11-20T00:00:00Z","Title":"Công Ty TNHH Xây Dựng Thương Mại Dịch Vụ Phước Long","DiaChiCongTy":"Số 15, Khóm 2, Thị Trấn Chi Lăng, Huyện Tịnh Biên, Tỉnh An Giang","Created":"2017-11-20T16:06:12Z","Updated":"2017-11-20T16:06:12Z","IsDelete":false,"RequestChanged":false,"ExitsInGDT":false,"SourceID":0,"TinhThanhID":0,"TinhThanhTitle":"An Giang","TinhThanhTitleAscii":"/an-giang","QuanHuyenID":0,"NganhNgheTitle":"Vận tải hàng hóa đường thuỷ nội địa","NganhNgheTitleAscii":"/nganh-nghe/van-tai-hang-hoa-duong-thuy-noi-dia","DSTags":["1602055329","An Giang",null]},{"Type":11,"SolrID":"/1602045049-cong-ty-trach-nhiem-huu-han-mot-thanh-vien-vien-thong-phat-phat-huy","ID":0,"MaSoThue":"1602045049","NgayCap":"2017-07-08T00:00:00Z","Title":"Công Ty Trách Nhiệm Hữu Hạn Một Thành Viên Viễn Thông Phát Phát Huy","DiaChiCongTy":"Số 14 Tổ 14 Khóm 1, Thị Trấn Chi Lăng, Huyện Tịnh Biên, Tỉnh An Giang","Created":"2017-07-08T18:43:49Z","Updated":"2017-07-08T18:43:49Z","IsDelete":false,"RequestChanged":false,"ExitsInGDT":false,"SourceID":0,"TinhThanhID":0,"TinhThanhTitle":"An Giang","TinhThanhTitleAscii":"/an-giang","QuanHuyenID":0,"NganhNgheTitle":"Bán buôn thiết bị và linh kiện điện tử, viễn thông","NganhNgheTitleAscii":"/nganh-nghe/ban-buon-thiet-bi-va-linh-kien-dien-tu-vien-thong","DSTags":["1602045049","An Giang",null]},{"Type":11,"SolrID":"/1602045056-cong-ty-tnhh-mot-thanh-vien-thuong-mai-vien-thong-son-nam","ID":0,"MaSoThue":"1602045056","NgayCap":"2017-07-08T00:00:00Z","Title":"Công Ty TNHH Một Thành Viên Thương Mại Viễn Thông Sơn Nam","DiaChiCongTy":"Khóm 1, Thị Trấn Chi Lăng, Huyện Tịnh Biên, Tỉnh An Giang","Created":"2017-07-08T18:44:34Z","Updated":"2017-07-08T18:44:34Z","IsDelete":false,"RequestChanged":false,"ExitsInGDT":false,"SourceID":0,"TinhThanhID":0,"TinhThanhTitle":"An Giang","TinhThanhTitleAscii":"/an-giang","QuanHuyenID":0,"NganhNgheTitle":"Bán buôn thiết bị và linh kiện điện tử, viễn thông","NganhNgheTitleAscii":"/nganh-nghe/ban-buon-thiet-bi-va-linh-kien-dien-tu-vien-thong","DSTags":["1602045056","An Giang",null]},{"Type":11,"SolrID":"/1602034311-cong-ty-tnhh-thuong-mai-xay-dung-dong-nghi","ID":0,"MaSoThue":"1602034311","NgayCap":"2017-02-24T00:00:00Z","Title":"Công Ty TNHH Thương Mại Xây Dựng Đông Nghi","DiaChiCongTy":"25, Khu phố 1, Tổ 7, Khóm 1, Thị Trấn Chi Lăng, Huyện Tịnh Biên, Tỉnh An Giang","Created":"2017-02-24T14:38:00Z","Updated":"2017-02-24T14:38:00Z","IsDelete":false,"RequestChanged":false,"ExitsInGDT":false,"SourceID":0,"TinhThanhID":0,"TinhThanhTitle":"An Giang","TinhThanhTitleAscii":"/an-giang","QuanHuyenID":0,"NganhNgheTitle":"Bán buôn vật liệu, thiết bị lắp đặt khác trong xây dựng","NganhNgheTitleAscii":"/nganh-nghe/ban-buon-vat-lieu-thiet-bi-lap-dat-khac-trong-xay-dung","DSTags":["1602034311","An Giang",null]},{"Type":11,"SolrID":"/1602030740-cong-ty-tnhh-xay-dung-truong-tin","ID":0,"MaSoThue":"1602030740","NgayCap":"2017-01-06T00:00:00Z","Title":"Công Ty TNHH Xây Dựng Trương Tín","DiaChiCongTy":"Số 02, đường Tú Tề, Thị Trấn Chi Lăng, Huyện Tịnh Biên, Tỉnh An Giang","Created":"2017-01-06T15:04:42Z","Updated":"2017-01-06T15:04:42Z","IsDelete":false,"RequestChanged":false,"ExitsInGDT":false,"SourceID":0,"TinhThanhID":0,"TinhThanhTitle":"An Giang","TinhThanhTitleAscii":"/an-giang","QuanHuyenID":0,"NganhNgheTitle":"Xây dựng nhà các loại","NganhNgheTitleAscii":"/nganh-nghe/xay-dung-nha-cac-loai","DSTags":["1602030740","An Giang",null]},{"Type":11,"SolrID":"/1602024070-cong-ty-tnhh-tu-van-xay-dung-song-tien","ID":0,"MaSoThue":"1602024070","NgayCap":"2016-11-16T00:00:00Z","Title":"Công Ty TNHH Tư Vấn Xây Dựng Song Tiến","DiaChiCongTy":"Số 8/4, Khóm 1 - Thị trấn Chi Lăng - Huyện Tịnh Biên - An Giang","Created":"2016-11-17T22:53:26Z","Updated":"2016-11-17T22:53:26Z","IsDelete":false,"RequestChanged":false,"ExitsInGDT":false,"SourceID":0,"TinhThanhID":0,"TinhThanhTitle":"An Giang","TinhThanhTitleAscii":"/an-giang","QuanHuyenID":0,"NganhNgheTitle":"Hoạt động kiến trúc và tư vấn kỹ thuật có liên quan","NganhNgheTitleAscii":"/nganh-nghe/hoat-dong-kien-truc-va-tu-van-ky-thuat-co-lien-quan","DSTags":["1602024070","An Giang",null]},{"Type":11,"SolrID":"/1602021873-cong-ty-tnhh-trang-trai-huu-co-7-nui","ID":0,"MaSoThue":"1602021873","NgayCap":"2016-10-25T00:00:00Z","Title":"Công Ty TNHH Trang Trại Hữu Cơ 7 Núi","DiaChiCongTy":"Số 28, Tổ 2, Khóm 1 - Thị trấn Chi Lăng - Huyện Tịnh Biên - An Giang","Created":"2016-11-01T09:19:26Z","Updated":"2016-11-01T09:19:26Z","IsDelete":false,"RequestChanged":false,"ExitsInGDT":false,"SourceID":0,"TinhThanhID":0,"TinhThanhTitle":"An Giang","TinhThanhTitleAscii":"/an-giang","QuanHuyenID":0,"NganhNgheTitle":"Trồng cây hàng năm khác","NganhNgheTitleAscii":"/nganh-nghe/trong-cay-hang-nam-khac","DSTags":["1602021873","An Giang",null]},{"Type":11,"SolrID":"/1601878249-001-chi-nhanh-doanh-nghiep-tn-tiem-vang-le-son","ID":0,"MaSoThue":"1601878249-001","NgayCap":"2016-08-17T00:00:00Z","Title":"CHI NHáNH DOANH NGHIệP TN TIệM VàNG Lê SơN","DiaChiCongTy":"Số 03, Tổ 08, Khóm 01 - Thị trấn Chi Lăng - Huyện Tịnh Biên - An Giang","Created":"2016-08-25T02:12:43Z","Updated":"2016-09-10T15:43:12Z","IsDelete":false,"RequestChanged":false,"ExitsInGDT":false,"SourceID":0,"TinhThanhID":0,"TinhThanhTitle":"An Giang","TinhThanhTitleAscii":"/an-giang","QuanHuyenID":0,"DSTags":["1601878249-001","An Giang",null]},{"Type":11,"SolrID":"/1601988989-cong-ty-tnhh-xay-dung-hau-chi-lang","ID":0,"MaSoThue":"1601988989","NgayCap":"2015-11-26T00:00:00Z","Title":"Công Ty TNHH Xây Dựng Hậu Chi Lăng","DiaChiCongTy":"Số 10, Tổ 7, Khóm 3 - Thị trấn Chi Lăng - Huyện Tịnh Biên - An Giang","Created":"2015-11-28T08:54:51Z","Updated":"2015-11-28T08:54:51Z","IsDelete":false,"RequestChanged":false,"ExitsInGDT":false,"SourceID":0,"TinhThanhID":0,"TinhThanhTitle":"An Giang","TinhThanhTitleAscii":"/an-giang","QuanHuyenID":0,"NganhNgheTitle":"Xây dựng nhà các loại","NganhNgheTitleAscii":"/nganh-nghe/xay-dung-nha-cac-loai","DSTags":["1601988989","An Giang",null]},{"Type":11,"SolrID":"/1601987110-lu-doan-416-quan-khu-9","ID":0,"MaSoThue":"1601987110","NgayCap":"2015-11-13T00:00:00Z","Title":"Lữ đoàn 416 - Quân khu 9","DiaChiCongTy":"Thị trấn Chi Lăng - Thị trấn Chi Lăng - Huyện Tịnh Biên - An Giang","Created":"2015-11-19T13:36:04Z","Updated":"2015-11-19T13:36:04Z","IsDelete":false,"RequestChanged":false,"ExitsInGDT":false,"SourceID":0,"TinhThanhID":0,"TinhThanhTitle":"An Giang","TinhThanhTitleAscii":"/an-giang","QuanHuyenID":0,"NganhNgheTitle":"Hoạt động của Đảng cộng sản, tổ chức chính trị - xã hội, hoạt động quản lý nhà nước nói chung và kinh tế tổng hợp","NganhNgheTitleAscii":"/nganh-nghe/hoat-dong-cua-dang-cong-san-to-chuc-chinh-tri-xa-hoi-hoat-dong-quan-ly-nha-nuoc-noi-chung-va-kinh-te-tong-hop","DSTags":["1601987110","An Giang",null]},{"Type":11,"SolrID":"/0309485293-003-cong-ty-co-phan-dau-tu-truong-an-chi-nhanh-an-giang","ID":0,"MaSoThue":"0309485293-003","NgayCap":"2015-10-15T00:00:00Z","Title":"Công Ty Cổ Phần Đầu Tư Trường An-Chi Nhánh An Giang","DiaChiCongTy":"Số 232, Tổ 5, Khóm 1 - Thị trấn Chi Lăng - Huyện Tịnh Biên - An Giang","Created":"2015-11-19T11:32:30Z","Updated":"2015-11-19T11:32:30Z","IsDelete":false,"RequestChanged":false,"ExitsInGDT":false,"SourceID":0,"TinhThanhID":0,"TinhThanhTitle":"An Giang","TinhThanhTitleAscii":"/an-giang","QuanHuyenID":0,"NganhNgheTitle":"Chuẩn bị mặt bằng","NganhNgheTitleAscii":"/nganh-nghe/chuan-bi-mat-bang","DSTags":["0309485293-003","An Giang",null]},{"Type":11,"SolrID":"/1601980838-cong-ty-tnhh-tm-va-dv-xnk-ve-tinh-xanh","ID":0,"MaSoThue":"1601980838","NgayCap":"2015-08-18T00:00:00Z","Title":"Công Ty TNHH Tm Và Dv Xnk Vệ Tinh Xanh","DiaChiCongTy":"Số 104, Tổ 2, Khóm 1 - Thị trấn Chi Lăng - Huyện Tịnh Biên - An Giang","Created":"2015-11-18T23:44:29Z","Updated":"2015-11-18T23:44:29Z","IsDelete":false,"RequestChanged":false,"ExitsInGDT":false,"SourceID":0,"TinhThanhID":0,"TinhThanhTitle":"An Giang","TinhThanhTitleAscii":"/an-giang","QuanHuyenID":0,"NganhNgheTitle":"Trồng ngô và cây lương thực có hạt khác","NganhNgheTitleAscii":"/nganh-nghe/trong-ngo-va-cay-luong-thuc-co-hat-khac","DSTags":["1601980838","An Giang",null]},{"Type":11,"SolrID":"/1601979053-cong-ty-tnhh-mot-thanh-vien-thuong-mai-dich-vu-san-xuat-hai-ai","ID":0,"MaSoThue":"1601979053","NgayCap":"2015-07-28T00:00:00Z","Title":"Công Ty TNHH Một Thành Viên Thương Mại Dịch Vụ Sản Xuất Hải ái","DiaChiCongTy":"Khóm 1 - Thị trấn Chi Lăng - Huyện Tịnh Biên - An Giang","Created":"2015-11-18T21:57:17Z","Updated":"2015-11-18T21:57:17Z","IsDelete":false,"RequestChanged":false,"ExitsInGDT":false,"SourceID":0,"TinhThanhID":0,"TinhThanhTitle":"An Giang","TinhThanhTitleAscii":"/an-giang","QuanHuyenID":0,"NganhNgheTitle":"Bán buôn thực phẩm","NganhNgheTitleAscii":"/nganh-nghe/ban-buon-thuc-pham","DSTags":["1601979053","An Giang",null]},{"Type":11,"SolrID":"/1601878351-001-chi-nhanh-1-doanh-nghiep-tn-kim-hung-tinh-bien","ID":0,"MaSoThue":"1601878351-001","NgayCap":"2014-09-19T00:00:00Z","Title":"Chi Nhánh 1 Doanh Nghiệp TN Kim Hưng Tịnh Biên","DiaChiCongTy":"Khóm 1 - Thị trấn Chi Lăng - Huyện Tịnh Biên - An Giang","Created":"2015-11-17T00:11:51Z","Updated":"2015-11-17T00:11:51Z","IsDelete":false,"RequestChanged":false,"ExitsInGDT":false,"SourceID":0,"TinhThanhID":0,"TinhThanhTitle":"An Giang","TinhThanhTitleAscii":"/an-giang","QuanHuyenID":0,"NganhNgheTitle":"Bán buôn kim loại và quặng kim loại","NganhNgheTitleAscii":"/nganh-nghe/ban-buon-kim-loai-va-quang-kim-loai","DSTags":["1601878351-001","An Giang",null]},{"Type":11,"SolrID":"/1601888705-cong-ty-tnhh-mot-thanh-vien-thuan-thanh-an","ID":0,"MaSoThue":"1601888705","NgayCap":"2013-09-13T00:00:00Z","Title":"Công Ty TNHH Một Thành Viên Thuận Thành An","DiaChiCongTy":"Số 03 - Thị trấn Chi Lăng - Huyện Tịnh Biên - An Giang","Created":"2015-11-11T18:48:41Z","Updated":"2015-11-11T18:48:41Z","IsDelete":false,"RequestChanged":false,"ExitsInGDT":false,"SourceID":0,"TinhThanhID":0,"TinhThanhTitle":"An Giang","TinhThanhTitleAscii":"/an-giang","QuanHuyenID":0,"NganhNgheTitle":"Bán buôn đồ dùng khác cho gia đình","NganhNgheTitleAscii":"/nganh-nghe/ban-buon-do-dung-khac-cho-gia-dinh","DSTags":["1601888705","An Giang",null]},{"Type":11,"SolrID":"/1601881964-doanh-nghiep-tn-tiem-vang-kim-tu-chi-lang","ID":0,"MaSoThue":"1601881964","NgayCap":"2013-06-28T00:00:00Z","Title":"Doanh Nghiệp TN Tiệm Vàng Kim Tú Chi Lăng","DiaChiCongTy":"Số 5, tổ 9, khóm I - Thị trấn Chi Lăng - Huyện Tịnh Biên - An Giang","Created":"2015-11-16T21:19:51Z","Updated":"2015-11-16T21:19:51Z","IsDelete":false,"RequestChanged":false,"ExitsInGDT":false,"SourceID":0,"TinhThanhID":0,"TinhThanhTitle":"An Giang","TinhThanhTitleAscii":"/an-giang","QuanHuyenID":0,"NganhNgheTitle":"Bán buôn kim loại và quặng kim loại","NganhNgheTitleAscii":"/nganh-nghe/ban-buon-kim-loai-va-quang-kim-loai","DSTags":["1601881964","An Giang",null]},{"Type":11,"SolrID":"/1601879122-doanh-nghiep-tn-tiem-vang-kim-son-chi-lang","ID":0,"MaSoThue":"1601879122","NgayCap":"2013-06-07T00:00:00Z","Title":"Doanh Nghiệp TN Tiệm Vàng Kim Sơn Chi Lăng","DiaChiCongTy":"Số 31, tổ 8, khóm 1 - Thị trấn Chi Lăng - Huyện Tịnh Biên - An Giang","Created":"2015-11-16T21:45:53Z","Updated":"2015-11-16T21:45:53Z","IsDelete":false,"RequestChanged":false,"ExitsInGDT":false,"SourceID":0,"TinhThanhID":0,"TinhThanhTitle":"An Giang","TinhThanhTitleAscii":"/an-giang","QuanHuyenID":0,"NganhNgheTitle":"Bán buôn kim loại và quặng kim loại","NganhNgheTitleAscii":"/nganh-nghe/ban-buon-kim-loai-va-quang-kim-loai","DSTags":["1601879122","An Giang",null]},{"Type":11,"SolrID":"/1601878249-doanh-nghiep-tn-tiem-vang-le-son","ID":0,"MaSoThue":"1601878249","NgayCap":"2013-06-04T00:00:00Z","Title":"Doanh Nghiệp TN Tiệm Vàng Lê Sơn","DiaChiCongTy":"Số 01, Tổ 08, Khóm 01 - Thị trấn Chi Lăng - Huyện Tịnh Biên - An Giang","Created":"2015-11-17T07:50:03Z","Updated":"2015-11-17T07:50:03Z","IsDelete":false,"RequestChanged":false,"ExitsInGDT":false,"SourceID":0,"TinhThanhID":0,"TinhThanhTitle":"An Giang","TinhThanhTitleAscii":"/an-giang","QuanHuyenID":0,"NganhNgheTitle":"Bán buôn kim loại và quặng kim loại","NganhNgheTitleAscii":"/nganh-nghe/ban-buon-kim-loai-va-quang-kim-loai","DSTags":["1601878249","An Giang",null]},{"Type":11,"SolrID":"/1601878369-doanh-nghiep-tn-kim-hai-chi-lang","ID":0,"MaSoThue":"1601878369","NgayCap":"2013-06-04T00:00:00Z","Title":"Doanh Nghiệp TN Kim Hải Chi Lăng","DiaChiCongTy":"Số 435, Tổ 08, Khóm 01 - Thị trấn Chi Lăng - Huyện Tịnh Biên - An Giang","Created":"2015-11-16T21:47:50Z","Updated":"2015-11-16T21:47:50Z","IsDelete":false,"RequestChanged":false,"ExitsInGDT":false,"SourceID":0,"TinhThanhID":0,"TinhThanhTitle":"An Giang","TinhThanhTitleAscii":"/an-giang","QuanHuyenID":0,"NganhNgheTitle":"Bán buôn kim loại và quặng kim loại","NganhNgheTitleAscii":"/nganh-nghe/ban-buon-kim-loai-va-quang-kim-loai","DSTags":["1601878369","An Giang",null]},{"Type":11,"SolrID":"/1601524320-cong-ty-tnhh-mot-thanh-vien-san-xuat-thuong-mai-dich-vu-xuat-nhap-khau-bon-kien-phat","ID":0,"MaSoThue":"1601524320","NgayCap":"2011-08-10T00:00:00Z","Title":"Công Ty TNHH Một Thành Viên Sản Xuất Thương Mại Dịch Vụ Xuất Nhập Khẩu Bổn Kiến Phát","DiaChiCongTy":"Số 25, Tổ 3, Khóm 1 - Thị trấn Chi Lăng - Huyện Tịnh Biên - An Giang","Created":"2015-11-10T01:40:14Z","Updated":"2015-11-10T01:40:14Z","IsDelete":false,"RequestChanged":false,"ExitsInGDT":false,"SourceID":0,"TinhThanhID":0,"TinhThanhTitle":"An Giang","TinhThanhTitleAscii":"/an-giang","QuanHuyenID":0,"NganhNgheTitle":"Xây dựng công trình kỹ thuật dân dụng khác","NganhNgheTitleAscii":"/nganh-nghe/xay-dung-cong-trinh-ky-thuat-dan-dung-khac","DSTags":["1601524320","An Giang",null]},{"Type":11,"SolrID":"/1701386441-001-chi-nhanh-cty-tnhh-thanh-ngoc","ID":0,"MaSoThue":"1701386441-001","NgayCap":"2010-09-30T00:00:00Z","Title":"Chi nhánh Cty TNHH Thành Ngọc","DiaChiCongTy":"Tổ 1 - Thị trấn Chi Lăng - Huyện Tịnh Biên - An Giang","Created":"2015-11-18T09:12:01Z","Updated":"2015-11-18T09:12:01Z","IsDelete":false,"RequestChanged":false,"ExitsInGDT":false,"SourceID":0,"TinhThanhID":0,"TinhThanhTitle":"An Giang","TinhThanhTitleAscii":"/an-giang","QuanHuyenID":0,"NganhNgheTitle":"Xây dựng công trình kỹ thuật dân dụng","NganhNgheTitleAscii":"/nganh-nghe/xay-dung-cong-trinh-ky-thuat-dan-dung","DSTags":["1701386441-001","An Giang",null]},{"Type":11,"SolrID":"/1601390451-dntn-hai-vien","ID":0,"MaSoThue":"1601390451","NgayCap":"2010-08-10T00:00:00Z","Title":"DNTN Hải Viễn","DiaChiCongTy":"Tổ 11 Khóm I - Thị trấn Chi Lăng - Huyện Tịnh Biên - An Giang","Created":"2015-11-11T07:50:01Z","Updated":"2015-11-11T07:50:01Z","IsDelete":false,"RequestChanged":false,"ExitsInGDT":false,"SourceID":0,"TinhThanhID":0,"TinhThanhTitle":"An Giang","TinhThanhTitleAscii":"/an-giang","QuanHuyenID":0,"NganhNgheTitle":"Bán buôn (trừ ô tô, mô tô, xe máy và xe có động cơ khác)","NganhNgheTitleAscii":"/nganh-nghe/ban-buon-tru-o-to-mo-to-xe-may-va-xe-co-dong-co-khac","DSTags":["1601390451","An Giang",null]},{"Type":11,"SolrID":"/1601370737-cty-tnhh-mot-tvien-tm-xd-thanh-phat","ID":0,"MaSoThue":"1601370737","NgayCap":"2010-07-09T00:00:00Z","Title":"Cty TNHH Một TViên TM & XD Thành Phát","DiaChiCongTy":"26 Tổ 10. Khóm 1 - Thị trấn Chi Lăng - Huyện Tịnh Biên - An Giang","Created":"2015-11-11T13:08:44Z","Updated":"2015-11-11T13:08:44Z","IsDelete":false,"RequestChanged":false,"ExitsInGDT":false,"SourceID":0,"TinhThanhID":0,"TinhThanhTitle":"An Giang","TinhThanhTitleAscii":"/an-giang","QuanHuyenID":0,"NganhNgheTitle":"Bán buôn vật liệu, thiết bị lắp đặt khác trong xây dựng","NganhNgheTitleAscii":"/nganh-nghe/ban-buon-vat-lieu-thiet-bi-lap-dat-khac-trong-xay-dung","DSTags":["1601370737","An Giang",null]},{"Type":11,"SolrID":"/0304367514-001-chi-nhanh-cong-ty-tnhh-sx-tm-dv-bay-nui","ID":0,"MaSoThue":"0304367514-001","NgayCap":"2010-03-02T00:00:00Z","Title":"Chi nhánh Công ty TNHH SX TM DV Bảy Núi","DiaChiCongTy":"34 tổ 12 - Thị trấn Chi Lăng - Huyện Tịnh Biên - An Giang","Created":"2015-11-17T20:40:53Z","Updated":"2015-11-17T20:40:53Z","IsDelete":false,"RequestChanged":false,"ExitsInGDT":false,"SourceID":0,"TinhThanhID":0,"TinhThanhTitle":"An Giang","TinhThanhTitleAscii":"/an-giang","QuanHuyenID":0,"NganhNgheTitle":"Bán buôn chuyên doanh khác","NganhNgheTitleAscii":"/nganh-nghe/ban-buon-chuyen-doanh-khac","DSTags":["0304367514-001","An Giang",null]},{"Type":11,"SolrID":"/1601208653-dntn-vinh-duc","ID":0,"MaSoThue":"1601208653","NgayCap":"2009-08-19T00:00:00Z","Title":"DNTN Vinh Đức","DiaChiCongTy":"Khóm 1, Thị Trấn Chi Lăng - Huyện Tịnh Biên - An Giang","Created":"2015-11-11T08:55:24Z","Updated":"2015-11-11T08:55:24Z","IsDelete":false,"RequestChanged":false,"ExitsInGDT":false,"SourceID":0,"TinhThanhID":0,"TinhThanhTitle":"An Giang","TinhThanhTitleAscii":"/an-giang","QuanHuyenID":0,"NganhNgheTitle":"Bán buôn (trừ ô tô, mô tô, xe máy và xe có động cơ khác)","NganhNgheTitleAscii":"/nganh-nghe/ban-buon-tru-o-to-mo-to-xe-may-va-xe-co-dong-co-khac","DSTags":["1601208653","An Giang",null]},{"Type":11,"SolrID":"/1601205652-cong-ty-tnhh-mot-thanh-vien-xuan-bien","ID":0,"MaSoThue":"1601205652","NgayCap":"2009-08-07T00:00:00Z","Title":"Công Ty TNHH Một Thành Viên Xuân Biên","DiaChiCongTy":"Khóm I - Thị trấn Chi Lăng - Huyện Tịnh Biên - An Giang","Created":"2015-11-09T04:19:41Z","Updated":"2015-11-09T04:19:41Z","IsDelete":false,"RequestChanged":false,"ExitsInGDT":false,"SourceID":0,"TinhThanhID":0,"TinhThanhTitle":"An Giang","TinhThanhTitleAscii":"/an-giang","QuanHuyenID":0,"NganhNgheTitle":"Bán buôn thực phẩm","NganhNgheTitleAscii":"/nganh-nghe/ban-buon-thuc-pham","DSTags":["1601205652","An Giang",null]},{"Type":11,"SolrID":"/1601041122-dntn-loi-tu-hai","ID":0,"MaSoThue":"1601041122","NgayCap":"2009-02-19T00:00:00Z","Title":"DNTN Lôi Tứ Hải","DiaChiCongTy":"Thị Trấn Chi Lăng - Huyện Tịnh Biên - An Giang","Created":"2015-11-17T00:04:15Z","Updated":"2015-11-17T00:04:15Z","IsDelete":false,"RequestChanged":false,"ExitsInGDT":false,"SourceID":0,"TinhThanhID":0,"TinhThanhTitle":"An Giang","TinhThanhTitleAscii":"/an-giang","QuanHuyenID":0,"NganhNgheTitle":"Bán buôn (trừ ô tô, mô tô, xe máy và xe có động cơ khác)","NganhNgheTitleAscii":"/nganh-nghe/ban-buon-tru-o-to-mo-to-xe-may-va-xe-co-dong-co-khac","DSTags":["1601041122","An Giang",null]},{"Type":11,"SolrID":"/1601040390-cong-ty-tnhh-xay-dung-gia-khang","ID":0,"MaSoThue":"1601040390","NgayCap":"2009-02-19T00:00:00Z","Title":"Công Ty TNHH Xây Dựng Gia Khang","DiaChiCongTy":"khóm 2 - Thị trấn Chi Lăng - Huyện Tịnh Biên - An Giang","Created":"2015-11-11T09:48:51Z","Updated":"2015-11-11T09:48:51Z","IsDelete":false,"RequestChanged":false,"ExitsInGDT":false,"SourceID":0,"TinhThanhID":0,"TinhThanhTitle":"An Giang","TinhThanhTitleAscii":"/an-giang","QuanHuyenID":0,"NganhNgheTitle":"Xây dựng công trình kỹ thuật dân dụng","NganhNgheTitleAscii":"/nganh-nghe/xay-dung-cong-trinh-ky-thuat-dan-dung","DSTags":["1601040390","An Giang",null]},{"Type":11,"SolrID":"/1600981204-cty-tnhh-thuong-mai-tan-thuan","ID":0,"MaSoThue":"1600981204","NgayCap":"2008-10-21T00:00:00Z","Title":"Cty TNHH Thương mại Tân Thuận","DiaChiCongTy":"K. I, Thị Trấn Chi Lăng - Huyện Tịnh Biên - An Giang","Created":"2015-11-14T05:10:25Z","Updated":"2015-11-14T05:10:25Z","IsDelete":false,"RequestChanged":false,"ExitsInGDT":false,"SourceID":0,"TinhThanhID":0,"TinhThanhTitle":"An Giang","TinhThanhTitleAscii":"/an-giang","QuanHuyenID":0,"NganhNgheTitle":"Bán buôn (trừ ô tô, mô tô, xe máy và xe có động cơ khác)","NganhNgheTitleAscii":"/nganh-nghe/ban-buon-tru-o-to-mo-to-xe-may-va-xe-co-dong-co-khac","DSTags":["1600981204","An Giang",null]},{"Type":11,"SolrID":"/1600979780-truong-mam-non-hoa-hong","ID":0,"MaSoThue":"1600979780","NgayCap":"2008-10-07T00:00:00Z","Title":"Trường Mầm Non Hoa Hồng","DiaChiCongTy":"Khóm I, Thị Trấn Chi Lăng - Huyện Tịnh Biên - An Giang","Created":"2015-11-16T19:10:55Z","Updated":"2015-11-16T19:10:55Z","IsDelete":false,"RequestChanged":false,"ExitsInGDT":false,"SourceID":0,"TinhThanhID":0,"TinhThanhTitle":"An Giang","TinhThanhTitleAscii":"/an-giang","QuanHuyenID":0,"NganhNgheTitle":"Giáo dục mầm non","NganhNgheTitleAscii":"/nganh-nghe/giao-duc-mam-non","DSTags":["1600979780","An Giang",null]},{"Type":11,"SolrID":"/1600979491-tram-cap-phat-xang-dau-bay-nui-i-thuoc-su-doan-bb330-quan-khu-9","ID":0,"MaSoThue":"1600979491","NgayCap":"2008-10-02T00:00:00Z","Title":"Trạm Cấp Phát Xăng Dầu Bảy Núi I thuộc Sư Đoàn BB330-Quân Khu 9","DiaChiCongTy":"Khóm I, thị trấn Chi lăng - Huyện Tịnh Biên - An Giang","Created":"2015-11-16T19:09:36Z","Updated":"2015-11-16T19:09:36Z","IsDelete":false,"RequestChanged":false,"ExitsInGDT":false,"SourceID":0,"TinhThanhID":0,"TinhThanhTitle":"An Giang","TinhThanhTitleAscii":"/an-giang","QuanHuyenID":0,"NganhNgheTitle":"Bán lẻ nhiên liệu động cơ trong các cửa hàng chuyên doanh","NganhNgheTitleAscii":"/nganh-nghe/ban-le-nhien-lieu-dong-co-trong-cac-cua-hang-chuyen-doanh","DSTags":["1600979491","An Giang",null]},{"Type":11,"SolrID":"/1600371093-ubnd-thi-tran-chi-lang","ID":0,"MaSoThue":"1600371093","NgayCap":"1998-11-25T00:00:00Z","Title":"UBND Thị Trấn Chi Lăng","DiaChiCongTy":"Khóm 1, Thị Trấn Chi Lăng - Huyện Tịnh Biên - An Giang","Created":"2015-11-14T17:14:56Z","Updated":"2015-11-14T17:14:56Z","IsDelete":false,"RequestChanged":false,"ExitsInGDT":false,"SourceID":0,"TinhThanhID":0,"TinhThanhTitle":"An Giang","TinhThanhTitleAscii":"/an-giang","QuanHuyenID":0,"NganhNgheTitle":"Hoạt động quản lý nhà nước nói chung và kinh tế tổng hợp","NganhNgheTitleAscii":"/nganh-nghe/hoat-dong-quan-ly-nha-nuoc-noi-chung-va-kinh-te-tong-hop","DSTags":["1600371093","An Giang",null]}]}