{"ID":1170,"SolrID":"/an-giang/huyen-tinh-bien/xa-an-hao","Title":"Xã An Hảo","TinhThanhTitle":"An Giang","QuanHuyenTitle":"Huyện Tịnh Biên","QuanHuyenID":387,"TinhThanhID":35,"Url":"https://thongtindoanhnghiep.co/api/company?l=/an-giang/huyen-tinh-bien/xa-an-hao","Total":42,"List":[{"Type":11,"SolrID":"/1602149841-cong-ty-tnhh-mtv-van-hue","ID":0,"MaSoThue":"1602149841","NgayCap":"2021-07-22T00:00:00Z","Title":"Công Ty TNHH Mtv Văn Huệ","DiaChiCongTy":"Tổ 4, Ấp Vồ Đầu, Xã An Hảo, Huyện Tịnh Biên, Tỉnh An Giang","Created":"2021-07-22T08:35:52Z","Updated":"2021-07-22T08:35:52Z","IsDelete":false,"RequestChanged":false,"ExitsInGDT":false,"SourceID":0,"TinhThanhID":0,"TinhThanhTitle":"An Giang","TinhThanhTitleAscii":"/an-giang","QuanHuyenID":0,"NganhNgheTitle":"Đại lý du lịch","NganhNgheTitleAscii":"/nganh-nghe/dai-ly-du-lich","DSTags":["1602149841","An Giang",null]},{"Type":11,"SolrID":"/1602147001-cong-ty-tnhh-tiem-vang-hoang-mai","ID":0,"MaSoThue":"1602147001","NgayCap":"2021-05-11T00:00:00Z","Title":"Công Ty TNHH Tiệm Vàng Hoàng Mai","DiaChiCongTy":"Tổ 6, Ấp An Hòa, Xã An Hảo, Huyện Tịnh Biên, Tỉnh An Giang","Created":"2021-05-11T12:36:01Z","Updated":"2021-05-11T12:36:01Z","IsDelete":false,"RequestChanged":false,"ExitsInGDT":false,"SourceID":0,"TinhThanhID":0,"TinhThanhTitle":"An Giang","TinhThanhTitleAscii":"/an-giang","QuanHuyenID":0,"NganhNgheTitle":"Bán buôn kim loại và quặng kim loại","NganhNgheTitleAscii":"/nganh-nghe/ban-buon-kim-loai-va-quang-kim-loai","DSTags":["1602147001","An Giang",null]},{"Type":11,"SolrID":"/1602065599-cong-ty-tnhh-mot-thanh-vien-nui-cam-resort","ID":0,"MaSoThue":"1602065599","NgayCap":"2018-03-16T00:00:00Z","Title":"Công Ty TNHH Một Thành Viên Núi Cấm Resort","DiaChiCongTy":"Ấp An Hòa, Xã An Hảo, Huyện Tịnh Biên, Tỉnh An Giang","Created":"2018-03-16T08:04:18Z","Updated":"2018-03-16T08:04:18Z","IsDelete":false,"RequestChanged":false,"ExitsInGDT":false,"SourceID":0,"TinhThanhID":0,"TinhThanhTitle":"An Giang","TinhThanhTitleAscii":"/an-giang","QuanHuyenID":0,"NganhNgheTitle":"Hoạt động của các cơ sở thể thao","NganhNgheTitleAscii":"/nganh-nghe/hoat-dong-cua-cac-co-so-the-thao","DSTags":["1602065599","An Giang",null]},{"Type":11,"SolrID":"/1602055625-cong-ty-tnhh-van-tai-hao-tam","ID":0,"MaSoThue":"1602055625","NgayCap":"2017-11-23T00:00:00Z","Title":"Công Ty TNHH Vận Tải Hảo Tâm","DiaChiCongTy":"Số 478, Tổ 5, Ấp An Hòa, Xã An Hảo, Huyện Tịnh Biên, Tỉnh An Giang","Created":"2017-11-23T09:08:40Z","Updated":"2017-11-23T09:08:40Z","IsDelete":false,"RequestChanged":false,"ExitsInGDT":false,"SourceID":0,"TinhThanhID":0,"TinhThanhTitle":"An Giang","TinhThanhTitleAscii":"/an-giang","QuanHuyenID":0,"NganhNgheTitle":"Vận tải hàng hóa bằng đường bộ","NganhNgheTitleAscii":"/nganh-nghe/van-tai-hang-hoa-bang-duong-bo","DSTags":["1602055625","An Giang",null]},{"Type":11,"SolrID":"/1602035837-cong-ty-tnhh-phan-bon-song-tram","ID":0,"MaSoThue":"1602035837","NgayCap":"2017-03-16T00:00:00Z","Title":"Công Ty TNHH Phân Bón Sông Tràm","DiaChiCongTy":"Ấp An Thạnh, Xã An Hảo, Huyện Tịnh Biên, Tỉnh An Giang","Created":"2017-03-16T14:09:16Z","Updated":"2017-03-16T14:09:16Z","IsDelete":false,"RequestChanged":false,"ExitsInGDT":false,"SourceID":0,"TinhThanhID":0,"TinhThanhTitle":"An Giang","TinhThanhTitleAscii":"/an-giang","QuanHuyenID":0,"NganhNgheTitle":"Bán buôn chuyên doanh khác chưa được phân vào đâu","NganhNgheTitleAscii":"/nganh-nghe/ban-buon-chuyen-doanh-khac-chua-duoc-phan-vao-dau","DSTags":["1602035837","An Giang",null]},{"Type":11,"SolrID":"/1602013583-cong-ty-tnhh-mot-thanh-vien-san-xuat-thuong-mai-dich-vu-ngoc-lanh","ID":0,"MaSoThue":"1602013583","NgayCap":"2016-07-04T00:00:00Z","Title":"Công Ty TNHH Một Thành Viên Sản Xuất Thương Mại Dịch Vụ Ngọc Lanh","DiaChiCongTy":"Tổ 6, ấp An Hòa - Xã An Hảo - Huyện Tịnh Biên - An Giang","Created":"2016-07-06T22:03:48Z","Updated":"2016-07-06T22:03:48Z","IsDelete":false,"RequestChanged":false,"ExitsInGDT":false,"SourceID":0,"TinhThanhID":0,"TinhThanhTitle":"An Giang","TinhThanhTitleAscii":"/an-giang","QuanHuyenID":0,"NganhNgheTitle":"Bán buôn vật liệu, thiết bị lắp đặt khác trong xây dựng","NganhNgheTitleAscii":"/nganh-nghe/ban-buon-vat-lieu-thiet-bi-lap-dat-khac-trong-xay-dung","DSTags":["1602013583","An Giang",null]},{"Type":11,"SolrID":"/1602006561-cong-ty-tnhh-mot-thanh-vien-xuat-nhap-khau-hiep-van-mango","ID":0,"MaSoThue":"1602006561","NgayCap":"2016-04-08T00:00:00Z","Title":"Công Ty TNHH Một Thành Viên Xuất Nhập Khẩu Hiệp Vân Mango","DiaChiCongTy":"Tổ 3, ấp An Hòa - Xã An Hảo - Huyện Tịnh Biên - An Giang","Created":"2016-04-13T09:10:10Z","Updated":"2016-04-13T09:10:10Z","IsDelete":false,"RequestChanged":false,"ExitsInGDT":false,"SourceID":0,"TinhThanhID":0,"TinhThanhTitle":"An Giang","TinhThanhTitleAscii":"/an-giang","QuanHuyenID":0,"NganhNgheTitle":"Bán buôn nông, lâm sản nguyên liệu (trừ gỗ, tre, nứa) và động vật sống","NganhNgheTitleAscii":"/nganh-nghe/ban-buon-nong-lam-san-nguyen-lieu-tru-go-tre-nua-va-dong-vat-song","DSTags":["1602006561","An Giang",null]},{"Type":11,"SolrID":"/1602006113-cong-ty-tnhh-mot-thanh-vien-vat-lieu-xay-dung-nguyen-duong","ID":0,"MaSoThue":"1602006113","NgayCap":"2016-03-31T00:00:00Z","Title":"Công Ty TNHH Một Thành Viên Vật Liệu Xây Dựng Nguyễn Dương","DiaChiCongTy":"Tổ 7, ấp An Hòa - Xã An Hảo - Huyện Tịnh Biên - An Giang","Created":"2016-04-06T08:39:47Z","Updated":"2016-04-06T08:39:47Z","IsDelete":false,"RequestChanged":false,"ExitsInGDT":false,"SourceID":0,"TinhThanhID":0,"TinhThanhTitle":"An Giang","TinhThanhTitleAscii":"/an-giang","QuanHuyenID":0,"NganhNgheTitle":"Bán buôn vật liệu, thiết bị lắp đặt khác trong xây dựng","NganhNgheTitleAscii":"/nganh-nghe/ban-buon-vat-lieu-thiet-bi-lap-dat-khac-trong-xay-dung","DSTags":["1602006113","An Giang",null]},{"Type":11,"SolrID":"/1601999557-cong-ty-tnhh-mot-thanh-vien-xang-dau-phuong-nghi","ID":0,"MaSoThue":"1601999557","NgayCap":"2016-01-21T00:00:00Z","Title":"Công Ty TNHH Một Thành Viên Xăng Dầu Phượng Nghi","DiaChiCongTy":"ấp An Thạnh - Xã An Hảo - Huyện Tịnh Biên - An Giang","Created":"2016-01-28T11:05:57Z","Updated":"2016-01-28T11:05:57Z","IsDelete":false,"RequestChanged":false,"ExitsInGDT":false,"SourceID":0,"TinhThanhID":0,"TinhThanhTitle":"An Giang","TinhThanhTitleAscii":"/an-giang","QuanHuyenID":0,"NganhNgheTitle":"Bán buôn nhiên liệu rắn, lỏng, khí và các sản phẩm liên quan","NganhNgheTitleAscii":"/nganh-nghe/ban-buon-nhien-lieu-ran-long-khi-va-cac-san-pham-lien-quan","DSTags":["1601999557","An Giang",null]},{"Type":11,"SolrID":"/1601987093-cong-ty-tnhh-mot-thanh-vien-sang-nhu-ngoc","ID":0,"MaSoThue":"1601987093","NgayCap":"2015-11-13T00:00:00Z","Title":"Công Ty TNHH Một Thành Viên Sang Như Ngọc","DiaChiCongTy":"Tổ 3, ấp An Hòa - Xã An Hảo - Huyện Tịnh Biên - An Giang","Created":"2015-11-19T13:36:09Z","Updated":"2015-11-19T13:36:09Z","IsDelete":false,"RequestChanged":false,"ExitsInGDT":false,"SourceID":0,"TinhThanhID":0,"TinhThanhTitle":"An Giang","TinhThanhTitleAscii":"/an-giang","QuanHuyenID":0,"NganhNgheTitle":"Dịch vụ lưu trú ngắn ngày","NganhNgheTitleAscii":"/nganh-nghe/dich-vu-luu-tru-ngan-ngay","DSTags":["1601987093","An Giang",null]},{"Type":11,"SolrID":"/1601983010-doanh-nghiep-tn-ngoc-chau-binh","ID":0,"MaSoThue":"1601983010","NgayCap":"2015-09-15T00:00:00Z","Title":"Doanh Nghiệp TN Ngọc Châu Bình","DiaChiCongTy":"Số 191, Tổ 1, ấp An Hảo - Xã An Hảo - Huyện Tịnh Biên - An Giang","Created":"2015-11-19T09:50:50Z","Updated":"2015-11-19T09:50:50Z","IsDelete":false,"RequestChanged":false,"ExitsInGDT":false,"SourceID":0,"TinhThanhID":0,"TinhThanhTitle":"An Giang","TinhThanhTitleAscii":"/an-giang","QuanHuyenID":0,"NganhNgheTitle":"Xây dựng nhà các loại","NganhNgheTitleAscii":"/nganh-nghe/xay-dung-nha-cac-loai","DSTags":["1601983010","An Giang",null]},{"Type":11,"SolrID":"/1601977320-doanh-nghiep-tn-hong-sang-an-hao","ID":0,"MaSoThue":"1601977320","NgayCap":"2015-07-08T00:00:00Z","Title":"Doanh Nghiệp TN Hồng Sang An Hảo","DiaChiCongTy":"ấp An Hòa - Xã An Hảo - Huyện Tịnh Biên - An Giang","Created":"2015-11-18T19:27:29Z","Updated":"2015-11-18T19:27:29Z","IsDelete":false,"RequestChanged":false,"ExitsInGDT":false,"SourceID":0,"TinhThanhID":0,"TinhThanhTitle":"An Giang","TinhThanhTitleAscii":"/an-giang","QuanHuyenID":0,"NganhNgheTitle":"Khai thác đá, cát, sỏi, đất sét","NganhNgheTitleAscii":"/nganh-nghe/khai-thac-da-cat-soi-dat-set","DSTags":["1601977320","An Giang",null]},{"Type":11,"SolrID":"/1601946435-cong-ty-co-phan-dau-tu-phat-tien","ID":0,"MaSoThue":"1601946435","NgayCap":"2014-11-17T00:00:00Z","Title":"Công Ty Cổ Phần Đầu Tư Phát Tiến","DiaChiCongTy":"Tổ 5, ấp An Thạnh - Xã An Hảo - Huyện Tịnh Biên - An Giang","Created":"2015-11-11T06:40:44Z","Updated":"2015-11-11T06:40:44Z","IsDelete":false,"RequestChanged":false,"ExitsInGDT":false,"SourceID":0,"TinhThanhID":0,"TinhThanhTitle":"An Giang","TinhThanhTitleAscii":"/an-giang","QuanHuyenID":0,"NganhNgheTitle":"Sản xuất đồ uống không cồn, nước khoáng","NganhNgheTitleAscii":"/nganh-nghe/san-xuat-do-uong-khong-con-nuoc-khoang","DSTags":["1601946435","An Giang",null]},{"Type":11,"SolrID":"/1601883489-cong-ty-tnhh-mot-thanh-vien-phan-vi-sinh-thien-an","ID":0,"MaSoThue":"1601883489","NgayCap":"2013-07-11T00:00:00Z","Title":"Công Ty TNHH Một Thành Viên Phân Vi Sinh Thiên ân","DiaChiCongTy":"ấp An Hòa - Xã An Hảo - Huyện Tịnh Biên - An Giang","Created":"2015-11-11T20:17:22Z","Updated":"2015-11-11T20:17:22Z","IsDelete":false,"RequestChanged":false,"ExitsInGDT":false,"SourceID":0,"TinhThanhID":0,"TinhThanhTitle":"An Giang","TinhThanhTitleAscii":"/an-giang","QuanHuyenID":0,"NganhNgheTitle":"Bán buôn chuyên doanh khác chưa được phân vào đâu","NganhNgheTitleAscii":"/nganh-nghe/ban-buon-chuyen-doanh-khac-chua-duoc-phan-vao-dau","DSTags":["1601883489","An Giang",null]},{"Type":11,"SolrID":"/1601875110-cong-ty-tnhh-mot-thanh-vien-thuy-duong-tinh-bien","ID":0,"MaSoThue":"1601875110","NgayCap":"2013-05-18T00:00:00Z","Title":"Công Ty TNHH Một Thành Viên Thùy Dương Tịnh Biên","DiaChiCongTy":"Số 198, Tổ 01, ấp An Hòa - Xã An Hảo - Huyện Tịnh Biên - An Giang","Created":"2015-11-11T22:02:40Z","Updated":"2015-11-11T22:02:40Z","IsDelete":false,"RequestChanged":false,"ExitsInGDT":false,"SourceID":0,"TinhThanhID":0,"TinhThanhTitle":"An Giang","TinhThanhTitleAscii":"/an-giang","QuanHuyenID":0,"NganhNgheTitle":"Nhà hàng và các dịch vụ ăn uống phục vụ lưu động","NganhNgheTitleAscii":"/nganh-nghe/nha-hang-va-cac-dich-vu-an-uong-phuc-vu-luu-dong","DSTags":["1601875110","An Giang",null]},{"Type":11,"SolrID":"/1601838038-cong-ty-tnhh-mot-thanh-vien-ton-thep-sai-gon","ID":0,"MaSoThue":"1601838038","NgayCap":"2012-10-17T00:00:00Z","Title":"Công Ty TNHH Một Thành Viên Tôn Thép Sài Gòn","DiaChiCongTy":"ấp An Hòa - Xã An Hảo - Huyện Tịnh Biên - An Giang","Created":"2015-11-12T03:24:58Z","Updated":"2015-11-12T03:24:58Z","IsDelete":false,"RequestChanged":false,"ExitsInGDT":false,"SourceID":0,"TinhThanhID":0,"TinhThanhTitle":"An Giang","TinhThanhTitleAscii":"/an-giang","QuanHuyenID":0,"NganhNgheTitle":"Bán buôn vật liệu, thiết bị lắp đặt khác trong xây dựng","NganhNgheTitleAscii":"/nganh-nghe/ban-buon-vat-lieu-thiet-bi-lap-dat-khac-trong-xay-dung","DSTags":["1601838038","An Giang",null]},{"Type":11,"SolrID":"/1601833745-cong-ty-tnhh-mot-thanh-vien-xay-dung-va-dvtm-nguyen-thanh-nam","ID":0,"MaSoThue":"1601833745","NgayCap":"2012-09-08T00:00:00Z","Title":"Công Ty TNHH Một Thành Viên Xây Dựng Và Dvtm Nguyễn Thành Nam","DiaChiCongTy":"Số 330, Tổ 5, ấp An Hòa - Xã An Hảo - Huyện Tịnh Biên - An Giang","Created":"2015-11-12T05:26:43Z","Updated":"2015-11-12T05:26:43Z","IsDelete":false,"RequestChanged":false,"ExitsInGDT":false,"SourceID":0,"TinhThanhID":0,"TinhThanhTitle":"An Giang","TinhThanhTitleAscii":"/an-giang","QuanHuyenID":0,"NganhNgheTitle":"Xây dựng nhà các loại","NganhNgheTitleAscii":"/nganh-nghe/xay-dung-nha-cac-loai","DSTags":["1601833745","An Giang",null]},{"Type":11,"SolrID":"/1601067547-002-chi-nhanh-cong-ty-cp-phat-trien-du-lich-an-giang-khu-du-lich-cap-treo-nui-cam","ID":0,"MaSoThue":"1601067547-002","NgayCap":"2012-07-16T00:00:00Z","Title":"Chi Nhánh Công Ty CP Phát Triển Du Lịch An Giang - Khu Du Lịch Cáp Treo Núi Cấm","DiaChiCongTy":"ấp An Hòa - Xã An Hảo - Huyện Tịnh Biên - An Giang","Created":"2015-11-11T05:44:52Z","Updated":"2015-11-11T05:44:52Z","IsDelete":false,"RequestChanged":false,"ExitsInGDT":false,"SourceID":0,"TinhThanhID":0,"TinhThanhTitle":"An Giang","TinhThanhTitleAscii":"/an-giang","QuanHuyenID":0,"NganhNgheTitle":"Nhà hàng và các dịch vụ ăn uống phục vụ lưu động","NganhNgheTitleAscii":"/nganh-nghe/nha-hang-va-cac-dich-vu-an-uong-phuc-vu-luu-dong","DSTags":["1601067547-002","An Giang",null]},{"Type":11,"SolrID":"/1601757389-doanh-nghiep-tn-vuong-thanh-trung","ID":0,"MaSoThue":"1601757389","NgayCap":"2012-06-04T00:00:00Z","Title":"Doanh Nghiệp TN Vương Thành Trung","DiaChiCongTy":"Tổ 01, ấp An Hòa - Xã An Hảo - Huyện Tịnh Biên - An Giang","Created":"2015-11-09T23:22:25Z","Updated":"2015-11-09T23:22:25Z","IsDelete":false,"RequestChanged":false,"ExitsInGDT":false,"SourceID":0,"TinhThanhID":0,"TinhThanhTitle":"An Giang","TinhThanhTitleAscii":"/an-giang","QuanHuyenID":0,"NganhNgheTitle":"Vận tải hàng hóa đường thuỷ nội địa","NganhNgheTitleAscii":"/nganh-nghe/van-tai-hang-hoa-duong-thuy-noi-dia","DSTags":["1601757389","An Giang",null]},{"Type":11,"SolrID":"/0308894582-001-cong-ty-tnhh-mot-thanh-vien-thanh-nham-chi-nhanh-an-giang","ID":0,"MaSoThue":"0308894582-001","NgayCap":"2011-11-24T00:00:00Z","Title":"Công Ty TNHH Một Thành Viên Thanh Nham-Chi Nhánh An Giang","DiaChiCongTy":"Khu vực Đông Nam Núi Cấm - Xã An Hảo - Huyện Tịnh Biên - An Giang","Created":"2015-11-10T01:37:34Z","Updated":"2015-11-10T01:37:34Z","IsDelete":false,"RequestChanged":false,"ExitsInGDT":false,"SourceID":0,"TinhThanhID":0,"TinhThanhTitle":"An Giang","TinhThanhTitleAscii":"/an-giang","QuanHuyenID":0,"NganhNgheTitle":"Khai thác đá, cát, sỏi, đất sét","NganhNgheTitleAscii":"/nganh-nghe/khai-thac-da-cat-soi-dat-set","DSTags":["0308894582-001","An Giang",null]},{"Type":11,"SolrID":"/1601540499-cong-ty-tnhh-mot-thanh-vien-tam-tam-chau","ID":0,"MaSoThue":"1601540499","NgayCap":"2011-09-06T00:00:00Z","Title":"Công Ty TNHH Một Thành Viên Tâm Tâm Châu","DiaChiCongTy":"ấp An Hòa - Xã An Hảo - Huyện Tịnh Biên - An Giang","Created":"2015-11-10T01:43:27Z","Updated":"2015-11-10T01:43:27Z","IsDelete":false,"RequestChanged":false,"ExitsInGDT":false,"SourceID":0,"TinhThanhID":0,"TinhThanhTitle":"An Giang","TinhThanhTitleAscii":"/an-giang","QuanHuyenID":0,"NganhNgheTitle":"Bán buôn vật liệu, thiết bị lắp đặt khác trong xây dựng","NganhNgheTitleAscii":"/nganh-nghe/ban-buon-vat-lieu-thiet-bi-lap-dat-khac-trong-xay-dung","DSTags":["1601540499","An Giang",null]},{"Type":11,"SolrID":"/1601478191-cong-ty-tnhh-san-xuat-thuong-mai-dich-vu-kim-nhan","ID":0,"MaSoThue":"1601478191","NgayCap":"2011-03-29T00:00:00Z","Title":"Công Ty TNHH Sản Xuất-Thương Mại-Dịch Vụ Kim Nhàn","DiaChiCongTy":"Tổ 7, ấp An Đông - Xã An Hảo - Huyện Tịnh Biên - An Giang","Created":"2015-11-09T23:22:29Z","Updated":"2015-11-09T23:22:29Z","IsDelete":false,"RequestChanged":false,"ExitsInGDT":false,"SourceID":0,"TinhThanhID":0,"TinhThanhTitle":"An Giang","TinhThanhTitleAscii":"/an-giang","QuanHuyenID":0,"NganhNgheTitle":"Bán buôn chuyên doanh khác chưa được phân vào đâu","NganhNgheTitleAscii":"/nganh-nghe/ban-buon-chuyen-doanh-khac-chua-duoc-phan-vao-dau","DSTags":["1601478191","An Giang",null]},{"Type":11,"SolrID":"/1601432969-cong-ty-cp-san-xuat-thuong-mai-dich-vu-huynh-long","ID":0,"MaSoThue":"1601432969","NgayCap":"2010-12-15T00:00:00Z","Title":"Công Ty CP Sản Xuất - Thương Mại - Dịch Vụ Huỳnh Long","DiaChiCongTy":"Số 619, tổ 6, ấp An Hòa - Xã An Hảo - Huyện Tịnh Biên - An Giang","Created":"2015-11-10T01:43:47Z","Updated":"2015-11-10T01:43:47Z","IsDelete":false,"RequestChanged":false,"ExitsInGDT":false,"SourceID":0,"TinhThanhID":0,"TinhThanhTitle":"An Giang","TinhThanhTitleAscii":"/an-giang","QuanHuyenID":0,"NganhNgheTitle":"Dịch vụ lưu trú ngắn ngày","NganhNgheTitleAscii":"/nganh-nghe/dich-vu-luu-tru-ngan-ngay","DSTags":["1601432969","An Giang",null]},{"Type":11,"SolrID":"/1601403125-doanh-nghiep-tn-khuong-giang","ID":0,"MaSoThue":"1601403125","NgayCap":"2010-10-13T00:00:00Z","Title":"Doanh Nghiệp TN Khương Giang","DiaChiCongTy":"Số 535, tổ 6, ấp An Hòa - Xã An Hảo - Huyện Tịnh Biên - An Giang","Created":"2015-11-17T01:34:26Z","Updated":"2015-11-17T01:34:26Z","IsDelete":false,"RequestChanged":false,"ExitsInGDT":false,"SourceID":0,"TinhThanhID":0,"TinhThanhTitle":"An Giang","TinhThanhTitleAscii":"/an-giang","QuanHuyenID":0,"NganhNgheTitle":"Chuẩn bị mặt bằng","NganhNgheTitleAscii":"/nganh-nghe/chuan-bi-mat-bang","DSTags":["1601403125","An Giang",null]},{"Type":11,"SolrID":"/1601301652-dntn-van-bao","ID":0,"MaSoThue":"1601301652","NgayCap":"2010-02-27T00:00:00Z","Title":"DNTN Vân Bảo","DiaChiCongTy":"59 ấp An Hào - Xã An Hảo - Huyện Tịnh Biên - An Giang","Created":"2015-11-11T09:26:41Z","Updated":"2015-11-11T09:26:41Z","IsDelete":false,"RequestChanged":false,"ExitsInGDT":false,"SourceID":0,"TinhThanhID":0,"TinhThanhTitle":"An Giang","TinhThanhTitleAscii":"/an-giang","QuanHuyenID":0,"NganhNgheTitle":"Bán buôn (trừ ô tô, mô tô, xe máy và xe có động cơ khác)","NganhNgheTitleAscii":"/nganh-nghe/ban-buon-tru-o-to-mo-to-xe-may-va-xe-co-dong-co-khac","DSTags":["1601301652","An Giang",null]},{"Type":11,"SolrID":"/1601207466-truong-tieu-hoc-b-an-hao","ID":0,"MaSoThue":"1601207466","NgayCap":"2009-08-17T00:00:00Z","Title":"Trường Tiểu Học \"B\" An Hảo","DiaChiCongTy":"Xã An Hảo - Huyện Tịnh Biên - An Giang","Created":"2015-11-16T09:24:02Z","Updated":"2015-11-16T09:24:02Z","IsDelete":false,"RequestChanged":false,"ExitsInGDT":false,"SourceID":0,"TinhThanhID":0,"TinhThanhTitle":"An Giang","TinhThanhTitleAscii":"/an-giang","QuanHuyenID":0,"NganhNgheTitle":"Giáo dục tiểu học","NganhNgheTitleAscii":"/nganh-nghe/giao-duc-tieu-hoc","DSTags":["1601207466","An Giang",null]},{"Type":11,"SolrID":"/1601045078-cong-ty-tnhh-dich-vu-thuong-mai-hong-phuc","ID":0,"MaSoThue":"1601045078","NgayCap":"2009-03-03T00:00:00Z","Title":"Công Ty TNHH Dịch Vụ-Thương Mại Hồng Phúc","DiaChiCongTy":"Tổ 6, ấp An Hòa - Xã An Hảo - Huyện Tịnh Biên - An Giang","Created":"2015-11-09T10:22:39Z","Updated":"2015-11-09T10:22:39Z","IsDelete":false,"RequestChanged":false,"ExitsInGDT":false,"SourceID":0,"TinhThanhID":0,"TinhThanhTitle":"An Giang","TinhThanhTitleAscii":"/an-giang","QuanHuyenID":0,"NganhNgheTitle":"Sản xuất đường","NganhNgheTitleAscii":"/nganh-nghe/san-xuat-duong","DSTags":["1601045078","An Giang",null]},{"Type":11,"SolrID":"/0302734543-001-chi-nhanh-cty-cp-dau-tu-xd-dan-an-tai-ag","ID":0,"MaSoThue":"0302734543-001","NgayCap":"2009-01-10T00:00:00Z","Title":"Chi nhánh Cty CP Đầu tư XD Dân An Tại AG","DiaChiCongTy":"Khu Lâm Viên Núi cấm, xã An Hảo - Huyện Tịnh Biên - An Giang","Created":"2015-11-17T20:17:27Z","Updated":"2015-11-17T20:17:27Z","IsDelete":false,"RequestChanged":false,"ExitsInGDT":false,"SourceID":0,"TinhThanhID":0,"TinhThanhTitle":"An Giang","TinhThanhTitleAscii":"/an-giang","QuanHuyenID":0,"NganhNgheTitle":"Xây dựng công trình kỹ thuật dân dụng","NganhNgheTitleAscii":"/nganh-nghe/xay-dung-cong-trinh-ky-thuat-dan-dung","DSTags":["0302734543-001","An Giang",null]},{"Type":11,"SolrID":"/1601006791-cty-tnhh-mot-thanh-vien-hong-tam","ID":0,"MaSoThue":"1601006791","NgayCap":"2008-12-18T00:00:00Z","Title":"Cty TNHH Một Thành Viên Hồng Tâm","DiaChiCongTy":"ấp An Hoà, Xã An Hảo - Huyện Tịnh Biên - An Giang","Created":"2015-11-14T05:11:33Z","Updated":"2015-11-14T05:11:33Z","IsDelete":false,"RequestChanged":false,"ExitsInGDT":false,"SourceID":0,"TinhThanhID":0,"TinhThanhTitle":"An Giang","TinhThanhTitleAscii":"/an-giang","QuanHuyenID":0,"NganhNgheTitle":"Xây dựng công trình kỹ thuật dân dụng","NganhNgheTitleAscii":"/nganh-nghe/xay-dung-cong-trinh-ky-thuat-dan-dung","DSTags":["1601006791","An Giang",null]},{"Type":11,"SolrID":"/1600982624-cty-tnhh-tm-dv-hoang-viet-phuc","ID":0,"MaSoThue":"1600982624","NgayCap":"2008-10-30T00:00:00Z","Title":"Cty TNHH TM-DV Hoàng Việt Phúc","DiaChiCongTy":"Tổ 2, ấp Thiên Tuế, xã An Hảo - Huyện Tịnh Biên - An Giang","Created":"2015-11-11T07:45:31Z","Updated":"2015-11-11T07:45:31Z","IsDelete":false,"RequestChanged":false,"ExitsInGDT":false,"SourceID":0,"TinhThanhID":0,"TinhThanhTitle":"An Giang","TinhThanhTitleAscii":"/an-giang","QuanHuyenID":0,"NganhNgheTitle":"Dịch vụ lưu trú","NganhNgheTitleAscii":"/nganh-nghe/dich-vu-luu-tru","DSTags":["1600982624","An Giang",null]},{"Type":11,"SolrID":"/1600980105-truong-tieu-hoc-d-an-hao","ID":0,"MaSoThue":"1600980105","NgayCap":"2008-10-09T00:00:00Z","Title":"Trường Tiểu Học \"D\" An Hảo","DiaChiCongTy":"Xã An Hảo - Huyện Tịnh Biên - An Giang","Created":"2015-11-16T19:11:42Z","Updated":"2015-11-16T19:11:42Z","IsDelete":false,"RequestChanged":false,"ExitsInGDT":false,"SourceID":0,"TinhThanhID":0,"TinhThanhTitle":"An Giang","TinhThanhTitleAscii":"/an-giang","QuanHuyenID":0,"NganhNgheTitle":"Giáo dục tiểu học","NganhNgheTitleAscii":"/nganh-nghe/giao-duc-tieu-hoc","DSTags":["1600980105","An Giang",null]},{"Type":11,"SolrID":"/1600980200-truong-tien-hoc-c-an-hao","ID":0,"MaSoThue":"1600980200","NgayCap":"2008-10-09T00:00:00Z","Title":"Trường Tiển Học :C\" An Hảo","DiaChiCongTy":"Xã An Hảo - Huyện Tịnh Biên - An Giang","Created":"2015-11-16T19:11:45Z","Updated":"2015-11-16T19:11:45Z","IsDelete":false,"RequestChanged":false,"ExitsInGDT":false,"SourceID":0,"TinhThanhID":0,"TinhThanhTitle":"An Giang","TinhThanhTitleAscii":"/an-giang","QuanHuyenID":0,"NganhNgheTitle":"Giáo dục tiểu học","NganhNgheTitleAscii":"/nganh-nghe/giao-duc-tieu-hoc","DSTags":["1600980200","An Giang",null]},{"Type":11,"SolrID":"/1600980218-truong-tieu-hoc-a-an-hao","ID":0,"MaSoThue":"1600980218","NgayCap":"2008-10-09T00:00:00Z","Title":"Trường Tiểu Học \"A \" An Hảo","DiaChiCongTy":"ấp An Hoà, xã An Hảo - Huyện Tịnh Biên - An Giang","Created":"2015-11-16T00:29:21Z","Updated":"2015-11-16T00:29:21Z","IsDelete":false,"RequestChanged":false,"ExitsInGDT":false,"SourceID":0,"TinhThanhID":0,"TinhThanhTitle":"An Giang","TinhThanhTitleAscii":"/an-giang","QuanHuyenID":0,"NganhNgheTitle":"Giáo dục tiểu học","NganhNgheTitleAscii":"/nganh-nghe/giao-duc-tieu-hoc","DSTags":["1600980218","An Giang",null]},{"Type":11,"SolrID":"/1600956825-cong-ty-co-phan-du-lich-huynh-hoang","ID":0,"MaSoThue":"1600956825","NgayCap":"2008-04-16T00:00:00Z","Title":"Công ty Cổ phần Du Lịch Huỳnh Hoàng","DiaChiCongTy":"ấp An Hoà, xã An Hảo - Huyện Tịnh Biên - An Giang","Created":"2015-11-13T22:38:59Z","Updated":"2015-11-13T22:38:59Z","IsDelete":false,"RequestChanged":false,"ExitsInGDT":false,"SourceID":0,"TinhThanhID":0,"TinhThanhTitle":"An Giang","TinhThanhTitleAscii":"/an-giang","QuanHuyenID":0,"NganhNgheTitle":"Bán buôn chuyên doanh khác","NganhNgheTitleAscii":"/nganh-nghe/ban-buon-chuyen-doanh-khac","DSTags":["1600956825","An Giang",null]},{"Type":11,"SolrID":"/1600954095-truong-trung-hoc-co-so-nui-cam","ID":0,"MaSoThue":"1600954095","NgayCap":"2008-04-02T00:00:00Z","Title":"Trường Trung Học Cở Sở Núi Cấm","DiaChiCongTy":"ấp Thiên Tuế, xã An Hảo - Huyện Tịnh Biên - An Giang","Created":"2015-11-16T18:54:09Z","Updated":"2015-11-16T18:54:09Z","IsDelete":false,"RequestChanged":false,"ExitsInGDT":false,"SourceID":0,"TinhThanhID":0,"TinhThanhTitle":"An Giang","TinhThanhTitleAscii":"/an-giang","QuanHuyenID":0,"NganhNgheTitle":"Giáo dục trung học cơ sở và trung học phổ thông","NganhNgheTitleAscii":"/nganh-nghe/giao-duc-trung-hoc-co-so-va-trung-hoc-pho-thong","DSTags":["1600954095","An Giang",null]},{"Type":11,"SolrID":"/1600230920-doanh-nghiep-tn-ngo-kim-quyen","ID":0,"MaSoThue":"1600230920","NgayCap":"2008-01-16T00:00:00Z","Title":"Doanh Nghiệp TN Ngô Kim Quyên","DiaChiCongTy":"ấp An Thạnh - Xã An Hảo - Huyện Tịnh Biên - An Giang","Created":"2015-11-17T19:47:26Z","Updated":"2015-11-17T19:47:26Z","IsDelete":false,"RequestChanged":false,"ExitsInGDT":false,"SourceID":0,"TinhThanhID":0,"TinhThanhTitle":"An Giang","TinhThanhTitleAscii":"/an-giang","QuanHuyenID":0,"NganhNgheTitle":"Bán buôn nhiên liệu rắn, lỏng, khí và các sản phẩm liên quan","NganhNgheTitleAscii":"/nganh-nghe/ban-buon-nhien-lieu-ran-long-khi-va-cac-san-pham-lien-quan","DSTags":["1600230920","An Giang",null]},{"Type":11,"SolrID":"/1600850963-truong-mam-non-anh-duong","ID":0,"MaSoThue":"1600850963","NgayCap":"2006-10-03T00:00:00Z","Title":"Trường Mầm non ánh Dương","DiaChiCongTy":"Xã An Hảo - Huyện Tịnh Biên - An Giang","Created":"2015-11-16T17:41:01Z","Updated":"2015-11-16T17:41:01Z","IsDelete":false,"RequestChanged":false,"ExitsInGDT":false,"SourceID":0,"TinhThanhID":0,"TinhThanhTitle":"An Giang","TinhThanhTitleAscii":"/an-giang","QuanHuyenID":0,"NganhNgheTitle":"Giáo dục mầm non","NganhNgheTitleAscii":"/nganh-nghe/giao-duc-mam-non","DSTags":["1600850963","An Giang",null]},{"Type":11,"SolrID":"/1600785986-truong-mau-giao-an-hao","ID":0,"MaSoThue":"1600785986","NgayCap":"2005-06-28T00:00:00Z","Title":"Trường Mẫu giáo An Hảo","DiaChiCongTy":"xã An Hảo - Huyện Tịnh Biên - An Giang","Created":"2015-11-16T16:55:05Z","Updated":"2015-11-16T16:55:05Z","IsDelete":false,"RequestChanged":false,"ExitsInGDT":false,"SourceID":0,"TinhThanhID":0,"TinhThanhTitle":"An Giang","TinhThanhTitleAscii":"/an-giang","QuanHuyenID":0,"NganhNgheTitle":"Giáo dục mầm non","NganhNgheTitleAscii":"/nganh-nghe/giao-duc-mam-non","DSTags":["1600785986","An Giang",null]},{"Type":11,"SolrID":"/1600767377-dntn-cua-hang-xang-dau-trung-quyen","ID":0,"MaSoThue":"1600767377","NgayCap":"2005-02-24T00:00:00Z","Title":"DNTN Cửa hàng xăng dầu Trung Quyên","DiaChiCongTy":"ấp An Thạnh, xã An Hảo - Huyện Tịnh Biên - An Giang","Created":"2015-11-17T04:55:42Z","Updated":"2015-11-17T04:55:42Z","IsDelete":false,"RequestChanged":false,"ExitsInGDT":false,"SourceID":0,"TinhThanhID":0,"TinhThanhTitle":"An Giang","TinhThanhTitleAscii":"/an-giang","QuanHuyenID":0,"NganhNgheTitle":"Bán lẻ nhiên liệu động cơ trong các cửa hàng chuyên doanh","NganhNgheTitleAscii":"/nganh-nghe/ban-le-nhien-lieu-dong-co-trong-cac-cua-hang-chuyen-doanh","DSTags":["1600767377","An Giang",null]},{"Type":11,"SolrID":"/1600371167-ubnd-xa-an-hao","ID":0,"MaSoThue":"1600371167","NgayCap":"1998-11-25T00:00:00Z","Title":"UBND xã An Hảo","DiaChiCongTy":"ấp An Hòa, xã An Hảo - Huyện Tịnh Biên - An Giang","Created":"2015-11-14T17:14:53Z","Updated":"2015-11-14T17:14:53Z","IsDelete":false,"RequestChanged":false,"ExitsInGDT":false,"SourceID":0,"TinhThanhID":0,"TinhThanhTitle":"An Giang","TinhThanhTitleAscii":"/an-giang","QuanHuyenID":0,"NganhNgheTitle":"Hoạt động quản lý nhà nước nói chung và kinh tế tổng hợp","NganhNgheTitleAscii":"/nganh-nghe/hoat-dong-quan-ly-nha-nuoc-noi-chung-va-kinh-te-tong-hop","DSTags":["1600371167","An Giang",null]},{"Type":11,"SolrID":"/1600184590-006-chi-nhanh-cong-ty-tnhh-mot-thanh-vien-xang-dau-an-giang-cua-hang-xang-dau-an-hao","ID":0,"MaSoThue":"1600184590-006","NgayCap":"1998-10-27T00:00:00Z","Title":"Chi Nhánh Công Ty TNHH Một Thành Viên Xăng Dầu An Giang - Cửa Hàng Xăng Dầu An Hảo","DiaChiCongTy":"ấp An Hòa - Xã An Hảo - Huyện Tịnh Biên - An Giang","Created":"2015-11-10T01:41:52Z","Updated":"2015-11-10T01:41:52Z","IsDelete":false,"RequestChanged":false,"ExitsInGDT":false,"SourceID":0,"TinhThanhID":0,"TinhThanhTitle":"An Giang","TinhThanhTitleAscii":"/an-giang","QuanHuyenID":0,"NganhNgheTitle":"Bán buôn nhiên liệu rắn, lỏng, khí và các sản phẩm liên quan","NganhNgheTitleAscii":"/nganh-nghe/ban-buon-nhien-lieu-ran-long-khi-va-cac-san-pham-lien-quan","DSTags":["1600184590-006","An Giang",null]},{"Type":11,"SolrID":"/1600141999-001-nha-may-che-bien-da-granite","ID":0,"MaSoThue":"1600141999-001","NgayCap":"1998-10-24T00:00:00Z","Title":"Nhà Máy Chế Biến đá GRANITE","DiaChiCongTy":"Xã An Hảo - Huyện Tịnh Biên - An Giang","Created":"2015-11-19T07:28:07Z","Updated":"2015-11-19T07:28:07Z","IsDelete":false,"RequestChanged":false,"ExitsInGDT":false,"SourceID":0,"TinhThanhID":0,"TinhThanhTitle":"An Giang","TinhThanhTitleAscii":"/an-giang","QuanHuyenID":0,"NganhNgheTitle":"Khai thác đá, cát, sỏi, đất sét","NganhNgheTitleAscii":"/nganh-nghe/khai-thac-da-cat-soi-dat-set","DSTags":["1600141999-001","An Giang",null]}]}