{"ID":8163,"SolrID":"/an-giang/huyen-tinh-bien/xa-an-cu","Title":"Xã An Cư","TinhThanhTitle":"An Giang","QuanHuyenTitle":"Huyện Tịnh Biên","QuanHuyenID":387,"TinhThanhID":35,"Url":"https://thongtindoanhnghiep.co/api/company?l=/an-giang/huyen-tinh-bien/xa-an-cu","Total":22,"List":[{"Type":11,"SolrID":"/1602048018-cong-ty-tnhh-mai-duc-tinh-bien","ID":0,"MaSoThue":"1602048018","NgayCap":"2017-08-22T00:00:00Z","Title":"Công Ty TNHH Mai Đức Tịnh Biên","DiaChiCongTy":"Ấp Bà Đen, Xã An Cư, Huyện Tịnh Biên, Tỉnh An Giang","Created":"2017-08-22T07:47:09Z","Updated":"2017-08-22T07:47:09Z","IsDelete":false,"RequestChanged":false,"ExitsInGDT":false,"SourceID":0,"TinhThanhID":0,"TinhThanhTitle":"An Giang","TinhThanhTitleAscii":"/an-giang","QuanHuyenID":0,"NganhNgheTitle":"Hoạt động chuyên môn, khoa học và công nghệ khác chưa được phân vào đâu","NganhNgheTitleAscii":"/nganh-nghe/hoat-dong-chuyen-mon-khoa-hoc-va-cong-nghe-khac-chua-duoc-phan-vao-dau","DSTags":["1602048018","An Giang",null]},{"Type":11,"SolrID":"/1602045017-cong-ty-tnhh-mot-thanh-vien-vien-thong-loan-phung","ID":0,"MaSoThue":"1602045017","NgayCap":"2017-07-08T00:00:00Z","Title":"Công Ty TNHH Một Thành Viên Viễn Thông Loan Phụng","DiaChiCongTy":"Số 28 Tổ 1 ấp Ba Xoài, Xã An Cư, Huyện Tịnh Biên, Tỉnh An Giang","Created":"2017-07-08T18:44:37Z","Updated":"2017-07-08T18:44:37Z","IsDelete":false,"RequestChanged":false,"ExitsInGDT":false,"SourceID":0,"TinhThanhID":0,"TinhThanhTitle":"An Giang","TinhThanhTitleAscii":"/an-giang","QuanHuyenID":0,"NganhNgheTitle":"Bán buôn thiết bị và linh kiện điện tử, viễn thông","NganhNgheTitleAscii":"/nganh-nghe/ban-buon-thiet-bi-va-linh-kien-dien-tu-vien-thong","DSTags":["1602045017","An Giang",null]},{"Type":11,"SolrID":"/1602043034-cong-ty-tnhh-mot-thanh-vien-sy-bao-ngoc","ID":0,"MaSoThue":"1602043034","NgayCap":"2017-06-20T00:00:00Z","Title":"Công Ty TNHH Một Thành Viên Sỹ Bảo Ngọc","DiaChiCongTy":"số 0170/2, ấp Pô Thị, Xã An Cư, Huyện Tịnh Biên, Tỉnh An Giang","Created":"2017-06-20T12:31:49Z","Updated":"2017-06-20T12:31:49Z","IsDelete":false,"RequestChanged":false,"ExitsInGDT":false,"SourceID":0,"TinhThanhID":0,"TinhThanhTitle":"An Giang","TinhThanhTitleAscii":"/an-giang","QuanHuyenID":0,"NganhNgheTitle":"Bán buôn vật liệu, thiết bị lắp đặt khác trong xây dựng","NganhNgheTitleAscii":"/nganh-nghe/ban-buon-vat-lieu-thiet-bi-lap-dat-khac-trong-xay-dung","DSTags":["1602043034","An Giang",null]},{"Type":11,"SolrID":"/1602010857-cong-ty-tnhh-mot-thanh-vien-nguyen-viet-nghia","ID":0,"MaSoThue":"1602010857","NgayCap":"2016-05-25T00:00:00Z","Title":"Công Ty TNHH Một Thành Viên Nguyễn Việt Nghĩa","DiaChiCongTy":"Tổ 3, ấp Bà Đen - Xã An Cư - Huyện Tịnh Biên - An Giang","Created":"2016-05-26T09:37:23Z","Updated":"2016-05-26T09:37:23Z","IsDelete":false,"RequestChanged":false,"ExitsInGDT":false,"SourceID":0,"TinhThanhID":0,"TinhThanhTitle":"An Giang","TinhThanhTitleAscii":"/an-giang","QuanHuyenID":0,"NganhNgheTitle":"Bán buôn gạo","NganhNgheTitleAscii":"/nganh-nghe/ban-buon-gao","DSTags":["1602010857","An Giang",null]},{"Type":11,"SolrID":"/1601975549-cong-ty-tnhh-mot-thanh-vien-chau-chum","ID":0,"MaSoThue":"1601975549","NgayCap":"2015-06-17T00:00:00Z","Title":"Công Ty TNHH Một Thành Viên Chau Chưm","DiaChiCongTy":"Tổ 4, ấp Vĩnh Thượng - Xã An Cư - Huyện Tịnh Biên - An Giang","Created":"2015-11-18T12:46:20Z","Updated":"2015-11-18T12:46:20Z","IsDelete":false,"RequestChanged":false,"ExitsInGDT":false,"SourceID":0,"TinhThanhID":0,"TinhThanhTitle":"An Giang","TinhThanhTitleAscii":"/an-giang","QuanHuyenID":0,"NganhNgheTitle":"Bán buôn thực phẩm","NganhNgheTitleAscii":"/nganh-nghe/ban-buon-thuc-pham","DSTags":["1601975549","An Giang",null]},{"Type":11,"SolrID":"/1601888832-cong-ty-cp-dau-tu-va-phat-trien-nong-thon-phuoc-sinh","ID":0,"MaSoThue":"1601888832","NgayCap":"2013-09-16T00:00:00Z","Title":"Công Ty CP Đầu Tư Và Phát Triển Nông Thôn Phước Sinh","DiaChiCongTy":"ấp Bà Đen - Xã An Cư - Huyện Tịnh Biên - An Giang","Created":"2015-11-09T23:53:14Z","Updated":"2015-11-09T23:53:14Z","IsDelete":false,"RequestChanged":false,"ExitsInGDT":false,"SourceID":0,"TinhThanhID":0,"TinhThanhTitle":"An Giang","TinhThanhTitleAscii":"/an-giang","QuanHuyenID":0,"NganhNgheTitle":"Chăn nuôi trâu, bò","NganhNgheTitleAscii":"/nganh-nghe/chan-nuoi-trau-bo","DSTags":["1601888832","An Giang",null]},{"Type":11,"SolrID":"/1600376581-009-chi-nhanh-doanh-nghiep-tn-tuyet-phuong","ID":0,"MaSoThue":"1600376581-009","NgayCap":"2012-03-29T00:00:00Z","Title":"Chi Nhánh Doanh Nghiệp TN Tuyết Phương","DiaChiCongTy":"ấp Ba Xoài - Xã An Cư - Huyện Tịnh Biên - An Giang","Created":"2015-11-17T19:51:11Z","Updated":"2015-11-17T19:51:11Z","IsDelete":false,"RequestChanged":false,"ExitsInGDT":false,"SourceID":0,"TinhThanhID":0,"TinhThanhTitle":"An Giang","TinhThanhTitleAscii":"/an-giang","QuanHuyenID":0,"NganhNgheTitle":"Bán buôn nhiên liệu rắn, lỏng, khí và các sản phẩm liên quan","NganhNgheTitleAscii":"/nganh-nghe/ban-buon-nhien-lieu-ran-long-khi-va-cac-san-pham-lien-quan","DSTags":["1600376581-009","An Giang",null]},{"Type":11,"SolrID":"/1801125958-001-chi-nhanh-cong-ty-co-phan-thep-dong-duong","ID":0,"MaSoThue":"1801125958-001","NgayCap":"2010-05-21T00:00:00Z","Title":"Chi Nhánh Công Ty Cổ Phần Thép Đông Dương","DiaChiCongTy":"Ấp Vĩnh Thượng, Xã An Cư, Huyện Tịnh Biên, Tỉnh An Giang","Created":"2015-11-09T00:38:37Z","Updated":"2020-10-27T08:00:25Z","IsDelete":false,"RequestChanged":false,"ExitsInGDT":false,"SourceID":0,"TinhThanhID":0,"TinhThanhTitle":"An Giang","TinhThanhTitleAscii":"/an-giang","QuanHuyenID":0,"NganhNgheTitle":"Sản xuất sản phẩm từ khoáng phi kim loại khác","NganhNgheTitleAscii":"/nganh-nghe/san-xuat-san-pham-tu-khoang-phi-kim-loai-khac","DSTags":["1801125958-001","An Giang",null]},{"Type":11,"SolrID":"/1601335524-ban-quan-ly-tram-bom-dien","ID":0,"MaSoThue":"1601335524","NgayCap":"2010-05-04T00:00:00Z","Title":"Ban Quản Lý Trạm Bơm Điện","DiaChiCongTy":"xã An Cư - Huyện Tịnh Biên - An Giang","Created":"2015-11-17T02:13:28Z","Updated":"2015-11-17T02:13:28Z","IsDelete":false,"RequestChanged":false,"ExitsInGDT":false,"SourceID":0,"TinhThanhID":0,"TinhThanhTitle":"An Giang","TinhThanhTitleAscii":"/an-giang","QuanHuyenID":0,"NganhNgheTitle":"Hoạt động dịch vụ trồng trọt","NganhNgheTitleAscii":"/nganh-nghe/hoat-dong-dich-vu-trong-trot","DSTags":["1601335524","An Giang",null]},{"Type":11,"SolrID":"/1601283315-dntn-tm-xnk-nguyen-thanh-dat","ID":0,"MaSoThue":"1601283315","NgayCap":"2010-01-18T00:00:00Z","Title":"DNTN TM XNK Nguyễn Thành Đạt","DiaChiCongTy":"903 Tỉnh lộ 17A ấp Bà Đen - Xã An Cư - Huyện Tịnh Biên - An Giang","Created":"2015-11-11T06:42:33Z","Updated":"2015-11-11T06:42:33Z","IsDelete":false,"RequestChanged":false,"ExitsInGDT":false,"SourceID":0,"TinhThanhID":0,"TinhThanhTitle":"An Giang","TinhThanhTitleAscii":"/an-giang","QuanHuyenID":0,"NganhNgheTitle":"Bán buôn (trừ ô tô, mô tô, xe máy và xe có động cơ khác)","NganhNgheTitleAscii":"/nganh-nghe/ban-buon-tru-o-to-mo-to-xe-may-va-xe-co-dong-co-khac","DSTags":["1601283315","An Giang",null]},{"Type":11,"SolrID":"/3600262193-024-chi-nhanh-cong-ty-co-phan-hoa-viet-tai-an-giang","ID":0,"MaSoThue":"3600262193-024","NgayCap":"2009-09-17T00:00:00Z","Title":"Chi Nhánh Công Ty Cổ Phần Hòa Việt Tại An Giang","DiaChiCongTy":"ấp Pôthy - Xã An Cư - Huyện Tịnh Biên - An Giang","Created":"2015-11-18T00:51:21Z","Updated":"2015-11-18T00:51:21Z","IsDelete":false,"RequestChanged":false,"ExitsInGDT":false,"SourceID":0,"TinhThanhID":0,"TinhThanhTitle":"An Giang","TinhThanhTitleAscii":"/an-giang","QuanHuyenID":0,"NganhNgheTitle":"Trồng cây thuốc lá, thuốc lào","NganhNgheTitleAscii":"/nganh-nghe/trong-cay-thuoc-la-thuoc-lao","DSTags":["3600262193-024","An Giang",null]},{"Type":11,"SolrID":"/1601210042-mam-non-tuoi-tho","ID":0,"MaSoThue":"1601210042","NgayCap":"2009-08-26T00:00:00Z","Title":"Mầm Non Tuổi Thơ","DiaChiCongTy":"Pô Thi, xã An Cư - Huyện Tịnh Biên - An Giang","Created":"2015-11-16T08:51:59Z","Updated":"2015-11-16T08:51:59Z","IsDelete":false,"RequestChanged":false,"ExitsInGDT":false,"SourceID":0,"TinhThanhID":0,"TinhThanhTitle":"An Giang","TinhThanhTitleAscii":"/an-giang","QuanHuyenID":0,"NganhNgheTitle":"Giáo dục mầm non","NganhNgheTitleAscii":"/nganh-nghe/giao-duc-mam-non","DSTags":["1601210042","An Giang",null]},{"Type":11,"SolrID":"/1601206617-truong-mau-giao-an-cu","ID":0,"MaSoThue":"1601206617","NgayCap":"2009-08-12T00:00:00Z","Title":"Trường Mẫu Giáo An Cư","DiaChiCongTy":"Ba Xoài, xã An Cư - Huyện Tịnh Biên - An Giang","Created":"2015-11-16T09:40:05Z","Updated":"2015-11-16T09:40:05Z","IsDelete":false,"RequestChanged":false,"ExitsInGDT":false,"SourceID":0,"TinhThanhID":0,"TinhThanhTitle":"An Giang","TinhThanhTitleAscii":"/an-giang","QuanHuyenID":0,"NganhNgheTitle":"Giáo dục mầm non","NganhNgheTitleAscii":"/nganh-nghe/giao-duc-mam-non","DSTags":["1601206617","An Giang",null]},{"Type":11,"SolrID":"/1601162984-truong-tieu-hoc-c-an-cu","ID":0,"MaSoThue":"1601162984","NgayCap":"2009-06-12T00:00:00Z","Title":"Trường tiểu học \" C \" An Cư","DiaChiCongTy":"xã An Cư - Huyện Tịnh Biên - An Giang","Created":"2015-11-16T13:03:54Z","Updated":"2015-11-16T13:03:54Z","IsDelete":false,"RequestChanged":false,"ExitsInGDT":false,"SourceID":0,"TinhThanhID":0,"TinhThanhTitle":"An Giang","TinhThanhTitleAscii":"/an-giang","QuanHuyenID":0,"NganhNgheTitle":"Giáo dục tiểu học","NganhNgheTitleAscii":"/nganh-nghe/giao-duc-tieu-hoc","DSTags":["1601162984","An Giang",null]},{"Type":11,"SolrID":"/1601162889-truong-tieu-hoc-d-an-cu","ID":0,"MaSoThue":"1601162889","NgayCap":"2009-06-12T00:00:00Z","Title":"Trường tiểu học \" D \" An Cư","DiaChiCongTy":"xã An Cư - Huyện Tịnh Biên - An Giang","Created":"2015-11-16T13:03:56Z","Updated":"2015-11-16T13:03:56Z","IsDelete":false,"RequestChanged":false,"ExitsInGDT":false,"SourceID":0,"TinhThanhID":0,"TinhThanhTitle":"An Giang","TinhThanhTitleAscii":"/an-giang","QuanHuyenID":0,"NganhNgheTitle":"Giáo dục tiểu học","NganhNgheTitleAscii":"/nganh-nghe/giao-duc-tieu-hoc","DSTags":["1601162889","An Giang",null]},{"Type":11,"SolrID":"/1600952563-truong-tieu-hoc-b-an-cu","ID":0,"MaSoThue":"1600952563","NgayCap":"2008-04-01T00:00:00Z","Title":"Trường Tiểu Học B An Cư","DiaChiCongTy":"ấp Ba Xoài, xã An Cư - Huyện Tịnh Biên - An Giang","Created":"2015-11-16T18:54:05Z","Updated":"2015-11-16T18:54:05Z","IsDelete":false,"RequestChanged":false,"ExitsInGDT":false,"SourceID":0,"TinhThanhID":0,"TinhThanhTitle":"An Giang","TinhThanhTitleAscii":"/an-giang","QuanHuyenID":0,"NganhNgheTitle":"Giáo dục tiểu học","NganhNgheTitleAscii":"/nganh-nghe/giao-duc-tieu-hoc","DSTags":["1600952563","An Giang",null]},{"Type":11,"SolrID":"/1600641303-doanh-nghiep-tn-bich-phuong","ID":0,"MaSoThue":"1600641303","NgayCap":"2008-03-11T00:00:00Z","Title":"Doanh Nghiệp TN Bích Phương","DiaChiCongTy":"ấp Bà Đen - Xã An Cư - Huyện Tịnh Biên - An Giang","Created":"2015-11-09T03:26:08Z","Updated":"2015-11-09T03:26:08Z","IsDelete":false,"RequestChanged":false,"ExitsInGDT":false,"SourceID":0,"TinhThanhID":0,"TinhThanhTitle":"An Giang","TinhThanhTitleAscii":"/an-giang","QuanHuyenID":0,"NganhNgheTitle":"Bán buôn nhiên liệu rắn, lỏng, khí và các sản phẩm liên quan","NganhNgheTitleAscii":"/nganh-nghe/ban-buon-nhien-lieu-ran-long-khi-va-cac-san-pham-lien-quan","DSTags":["1600641303","An Giang",null]},{"Type":11,"SolrID":"/1800453635-002-chi-nhanh-cong-ty-tnhh-minh-tu-tai-an-giang","ID":0,"MaSoThue":"1800453635-002","NgayCap":"2007-07-12T00:00:00Z","Title":"Chi Nhánh Công Ty TNHH Minh Tú Tại An Giang","DiaChiCongTy":"ấp Vĩnh Thượng - Xã An Cư - Huyện Tịnh Biên - An Giang","Created":"2015-11-17T20:59:54Z","Updated":"2015-11-17T20:59:54Z","IsDelete":false,"RequestChanged":false,"ExitsInGDT":false,"SourceID":0,"TinhThanhID":0,"TinhThanhTitle":"An Giang","TinhThanhTitleAscii":"/an-giang","QuanHuyenID":0,"NganhNgheTitle":"Sản xuất máy chuyên dụng khác","NganhNgheTitleAscii":"/nganh-nghe/san-xuat-may-chuyen-dung-khac","DSTags":["1800453635-002","An Giang",null]},{"Type":11,"SolrID":"/1600832354-doanh-nghiep-tn-xang-dau-cam-mi","ID":0,"MaSoThue":"1600832354","NgayCap":"2006-03-21T00:00:00Z","Title":"Doanh Nghiệp TN Xăng Dầu Cẩm Mi","DiaChiCongTy":"ấp Ba Xoài - Xã An Cư - Huyện Tịnh Biên - An Giang","Created":"2015-11-11T11:04:17Z","Updated":"2015-11-11T11:04:17Z","IsDelete":false,"RequestChanged":false,"ExitsInGDT":false,"SourceID":0,"TinhThanhID":0,"TinhThanhTitle":"An Giang","TinhThanhTitleAscii":"/an-giang","QuanHuyenID":0,"NganhNgheTitle":"Bán buôn nhiên liệu rắn, lỏng, khí và các sản phẩm liên quan","NganhNgheTitleAscii":"/nganh-nghe/ban-buon-nhien-lieu-ran-long-khi-va-cac-san-pham-lien-quan","DSTags":["1600832354","An Giang",null]},{"Type":11,"SolrID":"/1600819434-cong-ty-tnhh-phu-thanh","ID":0,"MaSoThue":"1600819434","NgayCap":"2006-01-06T00:00:00Z","Title":"Công ty TNHH Phú Thạnh","DiaChiCongTy":"ấp Chơn Cô, xã An Cư - Huyện Tịnh Biên - An Giang","Created":"2015-11-11T06:49:19Z","Updated":"2015-11-11T06:49:19Z","IsDelete":false,"RequestChanged":false,"ExitsInGDT":false,"SourceID":0,"TinhThanhID":0,"TinhThanhTitle":"An Giang","TinhThanhTitleAscii":"/an-giang","QuanHuyenID":0,"NganhNgheTitle":"Xây dựng công trình kỹ thuật dân dụng","NganhNgheTitleAscii":"/nganh-nghe/xay-dung-cong-trinh-ky-thuat-dan-dung","DSTags":["1600819434","An Giang",null]},{"Type":11,"SolrID":"/3600262193-016-chi-nhanh-cong-ty-co-phan-hoa-viet-tram-nguyen-lieu-thuoc-la-mien-tay","ID":0,"MaSoThue":"3600262193-016","NgayCap":"2000-03-29T00:00:00Z","Title":"Chi nhánh Công ty cổ phần Hoà Việt Trạm nguyên liệu thuốc lá Miền Tây","DiaChiCongTy":"ấp PôThi, xã An Cư - Huyện Tịnh Biên - An Giang","Created":"2015-11-18T15:19:44Z","Updated":"2015-11-18T15:19:44Z","IsDelete":false,"RequestChanged":false,"ExitsInGDT":false,"SourceID":0,"TinhThanhID":0,"TinhThanhTitle":"An Giang","TinhThanhTitleAscii":"/an-giang","QuanHuyenID":0,"NganhNgheTitle":"Sản xuất sản phẩm thuốc lá","NganhNgheTitleAscii":"/nganh-nghe/san-xuat-san-pham-thuoc-la","DSTags":["3600262193-016","An Giang",null]},{"Type":11,"SolrID":"/1600371199-ubnd-xa-an-cu","ID":0,"MaSoThue":"1600371199","NgayCap":"1998-11-25T00:00:00Z","Title":"UBND xã An Cư","DiaChiCongTy":"ấp Pô Thi, xã An Cư - Huyện Tịnh Biên - An Giang","Created":"2015-11-14T17:14:50Z","Updated":"2015-11-14T17:14:50Z","IsDelete":false,"RequestChanged":false,"ExitsInGDT":false,"SourceID":0,"TinhThanhID":0,"TinhThanhTitle":"An Giang","TinhThanhTitleAscii":"/an-giang","QuanHuyenID":0,"NganhNgheTitle":"Hoạt động quản lý nhà nước nói chung và kinh tế tổng hợp","NganhNgheTitleAscii":"/nganh-nghe/hoat-dong-quan-ly-nha-nuoc-noi-chung-va-kinh-te-tong-hop","DSTags":["1600371199","An Giang",null]}]}