{"ID":6890,"SolrID":"/an-giang/huyen-tinh-bien/xa-an-phu","Title":"Xã An Phú","TinhThanhTitle":"An Giang","QuanHuyenTitle":"Huyện Tịnh Biên","QuanHuyenID":387,"TinhThanhID":35,"Url":"https://thongtindoanhnghiep.co/api/company?l=/an-giang/huyen-tinh-bien/xa-an-phu","Total":36,"List":[{"Type":11,"SolrID":"/1602146946-cong-ty-tnhh-thuan-thanh-tb","ID":0,"MaSoThue":"1602146946","NgayCap":"2021-05-10T00:00:00Z","Title":"Công Ty TNHH Thuận Thanh Tb","DiaChiCongTy":"Tổ 6, Ấp Phú Hiệp, Xã An Phú, Huyện Tịnh Biên, Tỉnh An Giang","Created":"2021-05-10T15:07:41Z","Updated":"2021-05-10T15:07:41Z","IsDelete":false,"RequestChanged":false,"ExitsInGDT":false,"SourceID":0,"TinhThanhID":0,"TinhThanhTitle":"An Giang","TinhThanhTitleAscii":"/an-giang","QuanHuyenID":0,"NganhNgheTitle":"Gia công cơ khí; xử lý và tráng phủ kim loại","NganhNgheTitleAscii":"/nganh-nghe/gia-cong-co-khi-xu-ly-va-trang-phu-kim-loai","DSTags":["1602146946","An Giang",null]},{"Type":11,"SolrID":"/1602083566-cong-ty-tnhh-mot-thanh-vien-kim-dung-tinh-bien","ID":0,"MaSoThue":"1602083566","NgayCap":"2018-10-20T00:00:00Z","Title":"Công Ty TNHH Một Thành Viên Kim Dung Tịnh Biên","DiaChiCongTy":"Tổ 3, Ấp Phú Tâm, Xã An Phú, Huyện Tịnh Biên, Tỉnh An Giang","Created":"2018-10-20T10:36:53Z","Updated":"2018-10-20T10:36:53Z","IsDelete":false,"RequestChanged":false,"ExitsInGDT":false,"SourceID":0,"TinhThanhID":0,"TinhThanhTitle":"An Giang","TinhThanhTitleAscii":"/an-giang","QuanHuyenID":0,"NganhNgheTitle":"Bán buôn chuyên doanh khác chưa được phân vào đâu","NganhNgheTitleAscii":"/nganh-nghe/ban-buon-chuyen-doanh-khac-chua-duoc-phan-vao-dau","DSTags":["1602083566","An Giang",null]},{"Type":11,"SolrID":"/1602077731-cong-ty-tnhh-dau-tu-hoang-tan","ID":0,"MaSoThue":"1602077731","NgayCap":"2018-07-31T00:00:00Z","Title":"Công Ty TNHH Đầu Tư Hoàng Tân","DiaChiCongTy":"Ấp Phú Hòa, Xã An Phú, Huyện Tịnh Biên, Tỉnh An Giang","Created":"2018-07-31T17:04:57Z","Updated":"2018-07-31T17:04:57Z","IsDelete":false,"RequestChanged":false,"ExitsInGDT":false,"SourceID":0,"TinhThanhID":0,"TinhThanhTitle":"An Giang","TinhThanhTitleAscii":"/an-giang","QuanHuyenID":0,"NganhNgheTitle":"Xây dựng nhà các loại","NganhNgheTitleAscii":"/nganh-nghe/xay-dung-nha-cac-loai","DSTags":["1602077731","An Giang",null]},{"Type":11,"SolrID":"/1602077315-cong-ty-tnhh-mot-thanh-vien-vu-hung-tinh-bien","ID":0,"MaSoThue":"1602077315","NgayCap":"2018-07-26T00:00:00Z","Title":"Công Ty TNHH Một Thành Viên Vũ Hùng Tịnh Biên","DiaChiCongTy":"Tổ 09, Ấp Phú Hòa, Xã An Phú, Huyện Tịnh Biên, Tỉnh An Giang","Created":"2018-07-26T11:35:44Z","Updated":"2018-07-26T11:35:44Z","IsDelete":false,"RequestChanged":false,"ExitsInGDT":false,"SourceID":0,"TinhThanhID":0,"TinhThanhTitle":"An Giang","TinhThanhTitleAscii":"/an-giang","QuanHuyenID":0,"NganhNgheTitle":"Xây dựng nhà các loại","NganhNgheTitleAscii":"/nganh-nghe/xay-dung-nha-cac-loai","DSTags":["1602077315","An Giang",null]},{"Type":11,"SolrID":"/1602068310-cong-ty-tnhh-mot-thanh-vien-nguyen-ly-nguyen","ID":0,"MaSoThue":"1602068310","NgayCap":"2018-04-03T00:00:00Z","Title":"Công Ty TNHH Một Thành Viên Nguyễn Lý Nguyên","DiaChiCongTy":"Tổ 20, Ấp Phú Hiệp, Xã An Phú, Huyện Tịnh Biên, Tỉnh An Giang","Created":"2018-04-03T13:04:12Z","Updated":"2018-04-03T13:04:12Z","IsDelete":false,"RequestChanged":false,"ExitsInGDT":false,"SourceID":0,"TinhThanhID":0,"TinhThanhTitle":"An Giang","TinhThanhTitleAscii":"/an-giang","QuanHuyenID":0,"NganhNgheTitle":"Dịch vụ lưu trú ngắn ngày","NganhNgheTitleAscii":"/nganh-nghe/dich-vu-luu-tru-ngan-ngay","DSTags":["1602068310","An Giang",null]},{"Type":11,"SolrID":"/1602064940-cong-ty-tnhh-minh-tan-tinh-bien","ID":0,"MaSoThue":"1602064940","NgayCap":"2018-03-08T00:00:00Z","Title":"Công Ty TNHH Minh Tân Tịnh Biên","DiaChiCongTy":"Tổ 09, Ấp Phú Tâm, Xã An Phú, Huyện Tịnh Biên, Tỉnh An Giang","Created":"2018-03-08T11:14:10Z","Updated":"2018-03-08T11:14:10Z","IsDelete":false,"RequestChanged":false,"ExitsInGDT":false,"SourceID":0,"TinhThanhID":0,"TinhThanhTitle":"An Giang","TinhThanhTitleAscii":"/an-giang","QuanHuyenID":0,"NganhNgheTitle":"Bán buôn vật liệu, thiết bị lắp đặt khác trong xây dựng","NganhNgheTitleAscii":"/nganh-nghe/ban-buon-vat-lieu-thiet-bi-lap-dat-khac-trong-xay-dung","DSTags":["1602064940","An Giang",null]},{"Type":11,"SolrID":"/1602045930-cong-ty-tnhh-nguyen-le-thien-nga","ID":0,"MaSoThue":"1602045930","NgayCap":"2017-07-20T00:00:00Z","Title":"Công Ty TNHH Nguyễn Lê Thiên Nga","DiaChiCongTy":"Số 004/1, Ấp Phú Tâm, Xã An Phú, Huyện Tịnh Biên, Tỉnh An Giang","Created":"2017-07-20T11:38:15Z","Updated":"2017-07-20T11:38:15Z","IsDelete":false,"RequestChanged":false,"ExitsInGDT":false,"SourceID":0,"TinhThanhID":0,"TinhThanhTitle":"An Giang","TinhThanhTitleAscii":"/an-giang","QuanHuyenID":0,"NganhNgheTitle":"Bán buôn chuyên doanh khác chưa được phân vào đâu","NganhNgheTitleAscii":"/nganh-nghe/ban-buon-chuyen-doanh-khac-chua-duoc-phan-vao-dau","DSTags":["1602045930","An Giang",null]},{"Type":11,"SolrID":"/1602038122-cong-ty-tnhh-mot-thanh-vien-xay-dung-tai-minh","ID":0,"MaSoThue":"1602038122","NgayCap":"2017-04-15T00:00:00Z","Title":"Công Ty TNHH Một Thành Viên Xây Dựng Tài Minh","DiaChiCongTy":"Quốc lộ 91, Ấp Phú Hiệp, Xã An Phú, Huyện Tịnh Biên, Tỉnh An Giang","Created":"2017-04-17T08:23:48Z","Updated":"2020-03-23T16:35:26Z","IsDelete":false,"RequestChanged":false,"ExitsInGDT":false,"SourceID":0,"TinhThanhID":0,"TinhThanhTitle":"An Giang","TinhThanhTitleAscii":"/an-giang","QuanHuyenID":0,"NganhNgheTitle":"Xây dựng công trình kỹ thuật dân dụng khác","NganhNgheTitleAscii":"/nganh-nghe/xay-dung-cong-trinh-ky-thuat-dan-dung-khac","DSTags":["1602038122","An Giang",null]},{"Type":11,"SolrID":"/1602035964-cong-ty-tnhh-mot-thanh-vien-xay-dung-nam-phuc-minh","ID":0,"MaSoThue":"1602035964","NgayCap":"2017-03-17T00:00:00Z","Title":"Công Ty TNHH Một Thành Viên Xây Dựng Nam Phúc Minh","DiaChiCongTy":"Ấp phú Hòa, Xã An Phú, Huyện Tịnh Biên, Tỉnh An Giang","Created":"2017-03-17T16:37:46Z","Updated":"2017-03-17T16:37:46Z","IsDelete":false,"RequestChanged":false,"ExitsInGDT":false,"SourceID":0,"TinhThanhID":0,"TinhThanhTitle":"An Giang","TinhThanhTitleAscii":"/an-giang","QuanHuyenID":0,"NganhNgheTitle":"Xây dựng nhà các loại","NganhNgheTitleAscii":"/nganh-nghe/xay-dung-nha-cac-loai","DSTags":["1602035964","An Giang",null]},{"Type":11,"SolrID":"/1602031342-cong-ty-tnhh-xay-dung-thinh-tai-phat","ID":0,"MaSoThue":"1602031342","NgayCap":"2017-01-12T00:00:00Z","Title":"Công Ty TNHH Xây Dựng Thịnh Tài Phát","DiaChiCongTy":"Số 428, Tổ 16, Ấp Phú Nhất, Xã An Phú, Huyện Tịnh Biên, Tỉnh An Giang","Created":"2017-01-12T08:10:50Z","Updated":"2017-01-12T08:10:50Z","IsDelete":false,"RequestChanged":false,"ExitsInGDT":false,"SourceID":0,"TinhThanhID":0,"TinhThanhTitle":"An Giang","TinhThanhTitleAscii":"/an-giang","QuanHuyenID":0,"NganhNgheTitle":"Xây dựng nhà các loại","NganhNgheTitleAscii":"/nganh-nghe/xay-dung-nha-cac-loai","DSTags":["1602031342","An Giang",null]},{"Type":11,"SolrID":"/1601995545-cong-ty-tnhh-mot-thanh-vien-xuat-nhap-khau-nguyen-khoai","ID":0,"MaSoThue":"1601995545","NgayCap":"2015-12-25T00:00:00Z","Title":"Công Ty TNHH Một Thành Viên Xuất Nhập Khẩu Nguyễn Khoái","DiaChiCongTy":"ấp Phú Tâm - Xã An Phú - Huyện Tịnh Biên - An Giang","Created":"2015-12-26T16:29:55Z","Updated":"2015-12-26T16:29:55Z","IsDelete":false,"RequestChanged":false,"ExitsInGDT":false,"SourceID":0,"TinhThanhID":0,"TinhThanhTitle":"An Giang","TinhThanhTitleAscii":"/an-giang","QuanHuyenID":0,"NganhNgheTitle":"Bán buôn vật liệu, thiết bị lắp đặt khác trong xây dựng","NganhNgheTitleAscii":"/nganh-nghe/ban-buon-vat-lieu-thiet-bi-lap-dat-khac-trong-xay-dung","DSTags":["1601995545","An Giang",null]},{"Type":11,"SolrID":"/1601982232-cong-ty-tnhh-mot-thanh-vien-van-tai-duong-song-hai-vy","ID":0,"MaSoThue":"1601982232","NgayCap":"2015-09-07T00:00:00Z","Title":"Công Ty TNHH Một Thành Viên Vận Tải Đường Sông Hải Vy","DiaChiCongTy":"Quốc lộ 91, Tổ 16, ấp Phú Hòa - Xã An Phú - Huyện Tịnh Biên - An Giang","Created":"2015-11-19T01:00:45Z","Updated":"2015-11-19T01:00:45Z","IsDelete":false,"RequestChanged":false,"ExitsInGDT":false,"SourceID":0,"TinhThanhID":0,"TinhThanhTitle":"An Giang","TinhThanhTitleAscii":"/an-giang","QuanHuyenID":0,"NganhNgheTitle":"Vận tải hàng hóa đường thuỷ nội địa","NganhNgheTitleAscii":"/nganh-nghe/van-tai-hang-hoa-duong-thuy-noi-dia","DSTags":["1601982232","An Giang",null]},{"Type":11,"SolrID":"/3700381324-186-chi-nhanh-cong-ty-co-phan-tap-doan-hoa-sen-tai-tinh-bien-an-giang","ID":0,"MaSoThue":"3700381324-186","NgayCap":"2015-06-18T00:00:00Z","Title":"Chi Nhánh Công Ty Cổ Phần Tập Đoàn Hoa Sen Tại Tịnh Biên - An Giang","DiaChiCongTy":"Quốc lộ 91, ấp Phú Hiệp - Xã An Phú - Huyện Tịnh Biên - An Giang","Created":"2015-11-18T17:35:58Z","Updated":"2015-11-18T17:35:58Z","IsDelete":false,"RequestChanged":false,"ExitsInGDT":false,"SourceID":0,"TinhThanhID":0,"TinhThanhTitle":"An Giang","TinhThanhTitleAscii":"/an-giang","QuanHuyenID":0,"NganhNgheTitle":"Gia công cơ khí; xử lý và tráng phủ kim loại","NganhNgheTitleAscii":"/nganh-nghe/gia-cong-co-khi-xu-ly-va-trang-phu-kim-loai","DSTags":["3700381324-186","An Giang",null]},{"Type":11,"SolrID":"/1601974471-doanh-nghiep-tn-dinh-quoc-thai","ID":0,"MaSoThue":"1601974471","NgayCap":"2015-06-05T00:00:00Z","Title":"Doanh Nghiệp TN Đinh Quốc Thái","DiaChiCongTy":"ấp Phú Tâm - Xã An Phú - Huyện Tịnh Biên - An Giang","Created":"2015-11-18T05:55:11Z","Updated":"2015-11-18T05:55:11Z","IsDelete":false,"RequestChanged":false,"ExitsInGDT":false,"SourceID":0,"TinhThanhID":0,"TinhThanhTitle":"An Giang","TinhThanhTitleAscii":"/an-giang","QuanHuyenID":0,"NganhNgheTitle":"Bán buôn nhiên liệu rắn, lỏng, khí và các sản phẩm liên quan","NganhNgheTitleAscii":"/nganh-nghe/ban-buon-nhien-lieu-ran-long-khi-va-cac-san-pham-lien-quan","DSTags":["1601974471","An Giang",null]},{"Type":11,"SolrID":"/1601970773-doanh-nghiep-tn-thuan-thuan-thanh","ID":0,"MaSoThue":"1601970773","NgayCap":"2015-04-24T00:00:00Z","Title":"Doanh Nghiệp TN Thuận Thuận Thanh","DiaChiCongTy":"ấp Phú Hiệp - Xã An Phú - Huyện Tịnh Biên - An Giang","Created":"2015-11-17T09:51:41Z","Updated":"2015-11-17T09:51:41Z","IsDelete":false,"RequestChanged":false,"ExitsInGDT":false,"SourceID":0,"TinhThanhID":0,"TinhThanhTitle":"An Giang","TinhThanhTitleAscii":"/an-giang","QuanHuyenID":0,"NganhNgheTitle":"Sản xuất sản phẩm khác bằng kim loại chưa được phân vào đâu","NganhNgheTitleAscii":"/nganh-nghe/san-xuat-san-pham-khac-bang-kim-loai-chua-duoc-phan-vao-dau","DSTags":["1601970773","An Giang",null]},{"Type":11,"SolrID":"/1601866807-cong-ty-tnhh-nong-nghiep-tu-long","ID":0,"MaSoThue":"1601866807","NgayCap":"2013-03-19T00:00:00Z","Title":"Công Ty TNHH Nông Nghiệp Tứ Long","DiaChiCongTy":"Tổ 2, ấp Phú Tâm - Xã An Phú - Huyện Tịnh Biên - An Giang","Created":"2015-11-11T23:56:26Z","Updated":"2015-11-11T23:56:26Z","IsDelete":false,"RequestChanged":false,"ExitsInGDT":false,"SourceID":0,"TinhThanhID":0,"TinhThanhTitle":"An Giang","TinhThanhTitleAscii":"/an-giang","QuanHuyenID":0,"NganhNgheTitle":"Trồng lúa","NganhNgheTitleAscii":"/nganh-nghe/trong-lua","DSTags":["1601866807","An Giang",null]},{"Type":11,"SolrID":"/1601668851-doanh-nghiep-tn-sau-na","ID":0,"MaSoThue":"1601668851","NgayCap":"2012-03-09T00:00:00Z","Title":"Doanh Nghiệp TN Sáu Na","DiaChiCongTy":"Tổ 5, ấp Phú Tâm - Xã An Phú - Huyện Tịnh Biên - An Giang","Created":"2015-11-16T11:52:41Z","Updated":"2015-11-16T11:52:41Z","IsDelete":false,"RequestChanged":false,"ExitsInGDT":false,"SourceID":0,"TinhThanhID":0,"TinhThanhTitle":"An Giang","TinhThanhTitleAscii":"/an-giang","QuanHuyenID":0,"NganhNgheTitle":"Bán buôn chuyên doanh khác chưa được phân vào đâu","NganhNgheTitleAscii":"/nganh-nghe/ban-buon-chuyen-doanh-khac-chua-duoc-phan-vao-dau","DSTags":["1601668851","An Giang",null]},{"Type":11,"SolrID":"/1600376581-007-chi-nhanh-doanh-nghiep-tn-tuyet-phuong","ID":0,"MaSoThue":"1600376581-007","NgayCap":"2012-03-03T00:00:00Z","Title":"Chi Nhánh Doanh Nghiệp TN Tuyết Phương","DiaChiCongTy":"ấp Phú Tâm - Xã An Phú - Huyện Tịnh Biên - An Giang","Created":"2015-11-10T01:41:36Z","Updated":"2015-11-10T01:41:36Z","IsDelete":false,"RequestChanged":false,"ExitsInGDT":false,"SourceID":0,"TinhThanhID":0,"TinhThanhTitle":"An Giang","TinhThanhTitleAscii":"/an-giang","QuanHuyenID":0,"NganhNgheTitle":"Bán buôn nhiên liệu rắn, lỏng, khí và các sản phẩm liên quan","NganhNgheTitleAscii":"/nganh-nghe/ban-buon-nhien-lieu-ran-long-khi-va-cac-san-pham-lien-quan","DSTags":["1600376581-007","An Giang",null]},{"Type":11,"SolrID":"/1601532113-cong-ty-tnhh-mot-thanh-vien-xuat-nhap-khau-hoan-dai-hai","ID":0,"MaSoThue":"1601532113","NgayCap":"2011-08-23T00:00:00Z","Title":"Công Ty TNHH Một Thành Viên Xuất Nhập Khẩu Hoàn Đại Hải","DiaChiCongTy":"ấp Phú Hòa - Xã An Phú - Huyện Tịnh Biên - An Giang","Created":"2015-11-10T01:46:03Z","Updated":"2015-11-10T01:46:03Z","IsDelete":false,"RequestChanged":false,"ExitsInGDT":false,"SourceID":0,"TinhThanhID":0,"TinhThanhTitle":"An Giang","TinhThanhTitleAscii":"/an-giang","QuanHuyenID":0,"NganhNgheTitle":"Bán buôn vật liệu, thiết bị lắp đặt khác trong xây dựng","NganhNgheTitleAscii":"/nganh-nghe/ban-buon-vat-lieu-thiet-bi-lap-dat-khac-trong-xay-dung","DSTags":["1601532113","An Giang",null]},{"Type":11,"SolrID":"/1601436628-doanh-nghiep-tn-cao-ngoc-tien","ID":0,"MaSoThue":"1601436628","NgayCap":"2010-12-21T00:00:00Z","Title":"Doanh Nghiệp TN Cao Ngọc Tiền","DiaChiCongTy":"ấp Phú Tâm - Xã An Phú - Huyện Tịnh Biên - An Giang","Created":"2015-11-10T01:38:11Z","Updated":"2015-11-10T01:38:11Z","IsDelete":false,"RequestChanged":false,"ExitsInGDT":false,"SourceID":0,"TinhThanhID":0,"TinhThanhTitle":"An Giang","TinhThanhTitleAscii":"/an-giang","QuanHuyenID":0,"NganhNgheTitle":"Bán buôn nhiên liệu rắn, lỏng, khí và các sản phẩm liên quan","NganhNgheTitleAscii":"/nganh-nghe/ban-buon-nhien-lieu-ran-long-khi-va-cac-san-pham-lien-quan","DSTags":["1601436628","An Giang",null]},{"Type":11,"SolrID":"/1600184590-044-chi-nhanh-cong-ty-tnhh-mot-thanh-vien-xang-dau-an-giang-cua-hang-xang-dau-phu-hiep","ID":0,"MaSoThue":"1600184590-044","NgayCap":"2010-12-13T00:00:00Z","Title":"Chi Nhánh Công Ty TNHH Một Thành Viên Xăng Dầu An Giang-Cửa Hàng Xăng Dầu Phú Hiệp","DiaChiCongTy":"Quốc lộ 91, ấp Phú Hiệp - Xã An Phú - Huyện Tịnh Biên - An Giang","Created":"2015-11-10T01:40:55Z","Updated":"2015-11-10T01:40:55Z","IsDelete":false,"RequestChanged":false,"ExitsInGDT":false,"SourceID":0,"TinhThanhID":0,"TinhThanhTitle":"An Giang","TinhThanhTitleAscii":"/an-giang","QuanHuyenID":0,"NganhNgheTitle":"Bán buôn nhiên liệu rắn, lỏng, khí và các sản phẩm liên quan","NganhNgheTitleAscii":"/nganh-nghe/ban-buon-nhien-lieu-ran-long-khi-va-cac-san-pham-lien-quan","DSTags":["1600184590-044","An Giang",null]},{"Type":11,"SolrID":"/1601163145-truong-thcs-nguyen-van-troi","ID":0,"MaSoThue":"1601163145","NgayCap":"2009-06-12T00:00:00Z","Title":"Trường THCS Nguyễn Văn Trổi","DiaChiCongTy":"íâp Phú Nhất, xã An Phú - Huyện Tịnh Biên - An Giang","Created":"2015-11-16T13:03:54Z","Updated":"2015-11-16T13:03:54Z","IsDelete":false,"RequestChanged":false,"ExitsInGDT":false,"SourceID":0,"TinhThanhID":0,"TinhThanhTitle":"An Giang","TinhThanhTitleAscii":"/an-giang","QuanHuyenID":0,"NganhNgheTitle":"Giáo dục trung học cơ sở và trung học phổ thông","NganhNgheTitleAscii":"/nganh-nghe/giao-duc-trung-hoc-co-so-va-trung-hoc-pho-thong","DSTags":["1601163145","An Giang",null]},{"Type":11,"SolrID":"/1601062316-002-chi-nhanh-2-cong-ty-tnhh-mot-thanh-vien-thanh-phuong","ID":0,"MaSoThue":"1601062316-002","NgayCap":"2009-05-07T00:00:00Z","Title":"Chi Nhánh 2 Công Ty TNHH Một Thành Viên Thanh Phương.","DiaChiCongTy":"Tổ 9, ấp Phú Tâm - Xã An Phú - Huyện Tịnh Biên - An Giang","Created":"2015-11-11T10:09:02Z","Updated":"2015-11-11T10:09:02Z","IsDelete":false,"RequestChanged":false,"ExitsInGDT":false,"SourceID":0,"TinhThanhID":0,"TinhThanhTitle":"An Giang","TinhThanhTitleAscii":"/an-giang","QuanHuyenID":0,"NganhNgheTitle":"Sản xuất khác chưa được phân vào đâu","NganhNgheTitleAscii":"/nganh-nghe/san-xuat-khac-chua-duoc-phan-vao-dau","DSTags":["1601062316-002","An Giang",null]},{"Type":11,"SolrID":"/1601062316-003-chi-nhanh-3-cty-tnhh-mot-tvien-thanh-phuong","ID":0,"MaSoThue":"1601062316-003","NgayCap":"2009-05-07T00:00:00Z","Title":"Chi nhánh 3 Cty TNHH Một TViên Thanh Phương","DiaChiCongTy":"ấp Phú Tâm, xã An Phú - Huyện Tịnh Biên - An Giang","Created":"2015-11-18T11:00:41Z","Updated":"2015-11-18T11:00:41Z","IsDelete":false,"RequestChanged":false,"ExitsInGDT":false,"SourceID":0,"TinhThanhID":0,"TinhThanhTitle":"An Giang","TinhThanhTitleAscii":"/an-giang","QuanHuyenID":0,"NganhNgheTitle":"Tái chế phế liệu","NganhNgheTitleAscii":"/nganh-nghe/tai-che-phe-lieu","DSTags":["1601062316-003","An Giang",null]},{"Type":11,"SolrID":"/1601062316-001-chi-nhanh-1-cty-tnhh-mot-tvien-thanh-phuong","ID":0,"MaSoThue":"1601062316-001","NgayCap":"2009-05-07T00:00:00Z","Title":"Chi nhánh 1 Cty TNHH Một TViên Thanh Phương","DiaChiCongTy":"ấp Phú Hoà, xã An Phú - Huyện Tịnh Biên - An Giang","Created":"2015-11-18T09:20:37Z","Updated":"2015-11-18T09:20:37Z","IsDelete":false,"RequestChanged":false,"ExitsInGDT":false,"SourceID":0,"TinhThanhID":0,"TinhThanhTitle":"An Giang","TinhThanhTitleAscii":"/an-giang","QuanHuyenID":0,"NganhNgheTitle":"Bán lẻ lương thực trong các cửa hàng chuyên doanh","NganhNgheTitleAscii":"/nganh-nghe/ban-le-luong-thuc-trong-cac-cua-hang-chuyen-doanh","DSTags":["1601062316-001","An Giang",null]},{"Type":11,"SolrID":"/1601062316-004-chi-nhanh-4-cty-tnhh-mot-tvien-thanh-phuong","ID":0,"MaSoThue":"1601062316-004","NgayCap":"2009-05-07T00:00:00Z","Title":"Chi nhánh 4 Cty TNHH Một TViên Thanh Phương","DiaChiCongTy":"ấp Phú Tâm, xã An Phú - Huyện Tịnh Biên - An Giang","Created":"2015-11-18T12:13:27Z","Updated":"2015-11-18T12:13:27Z","IsDelete":false,"RequestChanged":false,"ExitsInGDT":false,"SourceID":0,"TinhThanhID":0,"TinhThanhTitle":"An Giang","TinhThanhTitleAscii":"/an-giang","QuanHuyenID":0,"NganhNgheTitle":"Tái chế phế liệu","NganhNgheTitleAscii":"/nganh-nghe/tai-che-phe-lieu","DSTags":["1601062316-004","An Giang",null]},{"Type":11,"SolrID":"/1601042207-cty-tnhh-mot-thanh-vien-trong-nghia","ID":0,"MaSoThue":"1601042207","NgayCap":"2009-02-23T00:00:00Z","Title":"Cty TNHH Một Thành Viên Trọng Nghĩa","DiaChiCongTy":"ấp Phú tâm, xã An Phú - Huyện Tịnh Biên - An Giang","Created":"2015-11-09T10:24:42Z","Updated":"2015-11-09T10:24:42Z","IsDelete":false,"RequestChanged":false,"ExitsInGDT":false,"SourceID":0,"TinhThanhID":0,"TinhThanhTitle":"An Giang","TinhThanhTitleAscii":"/an-giang","QuanHuyenID":0,"NganhNgheTitle":"Bán buôn (trừ ô tô, mô tô, xe máy và xe có động cơ khác)","NganhNgheTitleAscii":"/nganh-nghe/ban-buon-tru-o-to-mo-to-xe-may-va-xe-co-dong-co-khac","DSTags":["1601042207","An Giang",null]},{"Type":11,"SolrID":"/1600960444-truong-tieu-hoc-b-an-phu","ID":0,"MaSoThue":"1600960444","NgayCap":"2008-05-07T00:00:00Z","Title":"Trường Tiểu Học B An Phú","DiaChiCongTy":"ấp Phú Nhứt, xã An Phú - Huyện Tịnh Biên - An Giang","Created":"2015-11-16T18:57:45Z","Updated":"2015-11-16T18:57:45Z","IsDelete":false,"RequestChanged":false,"ExitsInGDT":false,"SourceID":0,"TinhThanhID":0,"TinhThanhTitle":"An Giang","TinhThanhTitleAscii":"/an-giang","QuanHuyenID":0,"NganhNgheTitle":"Giáo dục tiểu học","NganhNgheTitleAscii":"/nganh-nghe/giao-duc-tieu-hoc","DSTags":["1600960444","An Giang",null]},{"Type":11,"SolrID":"/1600954105-truong-mam-non-tuoi-ngoc","ID":0,"MaSoThue":"1600954105","NgayCap":"2008-04-02T00:00:00Z","Title":"Trường Mầm Non Tuổi Ngọc","DiaChiCongTy":"ấp Phú Nhất, xã An Phú - Huyện Tịnh Biên - An Giang","Created":"2015-11-16T18:54:08Z","Updated":"2015-11-16T18:54:08Z","IsDelete":false,"RequestChanged":false,"ExitsInGDT":false,"SourceID":0,"TinhThanhID":0,"TinhThanhTitle":"An Giang","TinhThanhTitleAscii":"/an-giang","QuanHuyenID":0,"NganhNgheTitle":"Giáo dục mầm non","NganhNgheTitleAscii":"/nganh-nghe/giao-duc-mam-non","DSTags":["1600954105","An Giang",null]},{"Type":11,"SolrID":"/1600954144-truong-tieu-hoc-a-an-phu","ID":0,"MaSoThue":"1600954144","NgayCap":"2008-04-02T00:00:00Z","Title":"Trường Tiểu Học A An Phú","DiaChiCongTy":"Tổ 4, ấp Phú Hoà, xã An Phú - Huyện Tịnh Biên - An Giang","Created":"2015-11-16T00:39:44Z","Updated":"2015-11-16T00:39:44Z","IsDelete":false,"RequestChanged":false,"ExitsInGDT":false,"SourceID":0,"TinhThanhID":0,"TinhThanhTitle":"An Giang","TinhThanhTitleAscii":"/an-giang","QuanHuyenID":0,"NganhNgheTitle":"Giáo dục trung học cơ sở và trung học phổ thông","NganhNgheTitleAscii":"/nganh-nghe/giao-duc-trung-hoc-co-so-va-trung-hoc-pho-thong","DSTags":["1600954144","An Giang",null]},{"Type":11,"SolrID":"/1600927831-dntn-kim-sang","ID":0,"MaSoThue":"1600927831","NgayCap":"2007-12-24T00:00:00Z","Title":"DNTN Kim Sang","DiaChiCongTy":"ấp Phú Hiệp, xã An Phú - Huyện Tịnh Biên - An Giang","Created":"2015-11-17T00:59:20Z","Updated":"2015-11-17T00:59:20Z","IsDelete":false,"RequestChanged":false,"ExitsInGDT":false,"SourceID":0,"TinhThanhID":0,"TinhThanhTitle":"An Giang","TinhThanhTitleAscii":"/an-giang","QuanHuyenID":0,"NganhNgheTitle":"Bán lẻ nhiên liệu động cơ trong các cửa hàng chuyên doanh","NganhNgheTitleAscii":"/nganh-nghe/ban-le-nhien-lieu-dong-co-trong-cac-cua-hang-chuyen-doanh","DSTags":["1600927831","An Giang",null]},{"Type":11,"SolrID":"/1600828132-dntn-san-xuat-thuong-mai-mai-tran","ID":0,"MaSoThue":"1600828132","NgayCap":"2006-02-23T00:00:00Z","Title":"DNTN Sản xuất - Thương mại Mai Trân","DiaChiCongTy":"Tổ 5, ấp Phú Nhứt, xã An Phú - Huyện Tịnh Biên - An Giang","Created":"2015-11-09T04:56:44Z","Updated":"2015-11-09T04:56:44Z","IsDelete":false,"RequestChanged":false,"ExitsInGDT":false,"SourceID":0,"TinhThanhID":0,"TinhThanhTitle":"An Giang","TinhThanhTitleAscii":"/an-giang","QuanHuyenID":0,"NganhNgheTitle":"Bán buôn chuyên doanh khác","NganhNgheTitleAscii":"/nganh-nghe/ban-buon-chuyen-doanh-khac","DSTags":["1600828132","An Giang",null]},{"Type":11,"SolrID":"/1800155156-004-chi-nhanh-cong-ty-tnhh-mot-thanh-vien-622-xi-nghiep-chan-nuoi-va-kinh-doanh-gia-suc","ID":0,"MaSoThue":"1800155156-004","NgayCap":"2005-12-12T00:00:00Z","Title":"Chi Nhánh Công Ty TNHH Một Thành Viên 622 - Xí Nghiệp Chăn Nuôi Và Kinh Doanh Gia Súc","DiaChiCongTy":"ấp Phú Tâm - Xã An Phú - Huyện Tịnh Biên - An Giang","Created":"2015-11-17T20:28:47Z","Updated":"2015-11-17T20:28:47Z","IsDelete":false,"RequestChanged":false,"ExitsInGDT":false,"SourceID":0,"TinhThanhID":0,"TinhThanhTitle":"An Giang","TinhThanhTitleAscii":"/an-giang","QuanHuyenID":0,"NganhNgheTitle":"Chăn nuôi khác","NganhNgheTitleAscii":"/nganh-nghe/chan-nuoi-khac","DSTags":["1800155156-004","An Giang",null]},{"Type":11,"SolrID":"/1600681673-dntn-nguyen-van-tra","ID":0,"MaSoThue":"1600681673","NgayCap":"2004-02-17T00:00:00Z","Title":"DNTN Nguyễn Văn Trà","DiaChiCongTy":"ấp Phú Tâm, xã An Phú - Huyện Tịnh Biên - An Giang","Created":"2015-11-11T11:54:45Z","Updated":"2015-11-11T11:54:45Z","IsDelete":false,"RequestChanged":false,"ExitsInGDT":false,"SourceID":0,"TinhThanhID":0,"TinhThanhTitle":"An Giang","TinhThanhTitleAscii":"/an-giang","QuanHuyenID":0,"NganhNgheTitle":"Bán lẻ nhiên liệu động cơ trong các cửa hàng chuyên doanh","NganhNgheTitleAscii":"/nganh-nghe/ban-le-nhien-lieu-dong-co-trong-cac-cua-hang-chuyen-doanh","DSTags":["1600681673","An Giang",null]},{"Type":11,"SolrID":"/1600672929-cong-ty-tnhh-manh-tuan","ID":0,"MaSoThue":"1600672929","NgayCap":"2003-10-31T00:00:00Z","Title":"Công Ty TNHH Mạnh Tuấn","DiaChiCongTy":"Hương Lộ 5, Tổ 5, ấp Phú Hiệp, xã An Phú - Huyện Tịnh Biên - An Giang","Created":"2015-11-14T04:56:19Z","Updated":"2015-11-14T04:56:19Z","IsDelete":false,"RequestChanged":false,"ExitsInGDT":false,"SourceID":0,"TinhThanhID":0,"TinhThanhTitle":"An Giang","TinhThanhTitleAscii":"/an-giang","QuanHuyenID":0,"NganhNgheTitle":"Bán lẻ hàng hóa khác trong các cửa hàng chuyên doanh","NganhNgheTitleAscii":"/nganh-nghe/ban-le-hang-hoa-khac-trong-cac-cua-hang-chuyen-doanh","DSTags":["1600672929","An Giang",null]},{"Type":11,"SolrID":"/1600371103-ubnd-xa-an-phu","ID":0,"MaSoThue":"1600371103","NgayCap":"1998-11-25T00:00:00Z","Title":"UBND xã An Phú","DiaChiCongTy":"ấp Phú Hoà, xã An Phú - Huyện Tịnh Biên - An Giang","Created":"2015-11-14T17:14:55Z","Updated":"2015-11-14T17:14:55Z","IsDelete":false,"RequestChanged":false,"ExitsInGDT":false,"SourceID":0,"TinhThanhID":0,"TinhThanhTitle":"An Giang","TinhThanhTitleAscii":"/an-giang","QuanHuyenID":0,"NganhNgheTitle":"Hoạt động quản lý nhà nước nói chung và kinh tế tổng hợp","NganhNgheTitleAscii":"/nganh-nghe/hoat-dong-quan-ly-nha-nuoc-noi-chung-va-kinh-te-tong-hop","DSTags":["1600371103","An Giang",null]}]}