{"ID":7280,"SolrID":"/an-giang/huyen-tinh-bien/xa-tan-lap","Title":"Xã Tân Lập","TinhThanhTitle":"An Giang","QuanHuyenTitle":"Huyện Tịnh Biên","QuanHuyenID":387,"TinhThanhID":35,"Url":"https://thongtindoanhnghiep.co/api/company?l=/an-giang/huyen-tinh-bien/xa-tan-lap","Total":13,"List":[{"Type":11,"SolrID":"/1602149880-cong-ty-tnhh-dien-mat-troi-so-01-sunflower","ID":0,"MaSoThue":"1602149880","NgayCap":"2021-07-27T00:00:00Z","Title":"Công Ty TNHH Điện Mặt Trời Số 01 Sunflower","DiaChiCongTy":"Ấp Tân Thành, Xã Tân Lập, Huyện Tịnh Biên, Tỉnh An Giang","Created":"2021-07-27T09:36:10Z","Updated":"2021-07-27T09:36:10Z","IsDelete":false,"RequestChanged":false,"ExitsInGDT":false,"SourceID":0,"TinhThanhID":0,"TinhThanhTitle":"An Giang","TinhThanhTitleAscii":"/an-giang","QuanHuyenID":0,"DSTags":["1602149880","An Giang",null]},{"Type":11,"SolrID":"/1602149898-cong-ty-tnhh-dien-mat-troi-so-02-sunflower","ID":0,"MaSoThue":"1602149898","NgayCap":"2021-07-27T00:00:00Z","Title":"Công Ty TNHH Điện Mặt Trời Số 02 Sunflower","DiaChiCongTy":"Ấp Tân Thành, Xã Tân Lập, Huyện Tịnh Biên, Tỉnh An Giang","Created":"2021-07-27T09:36:15Z","Updated":"2021-07-27T09:36:15Z","IsDelete":false,"RequestChanged":false,"ExitsInGDT":false,"SourceID":0,"TinhThanhID":0,"TinhThanhTitle":"An Giang","TinhThanhTitleAscii":"/an-giang","QuanHuyenID":0,"DSTags":["1602149898","An Giang",null]},{"Type":11,"SolrID":"/1602071190-doanh-nghiep-tn-xang-dau-tien-toi","ID":0,"MaSoThue":"1602071190","NgayCap":"2018-05-07T00:00:00Z","Title":"Doanh Nghiệp Tn Xăng Dầu Tiến Tới","DiaChiCongTy":"Ấp Tân An, Xã Tân Lập, Huyện Tịnh Biên, Tỉnh An Giang","Created":"2018-05-07T11:39:06Z","Updated":"2018-05-07T11:39:06Z","IsDelete":false,"RequestChanged":false,"ExitsInGDT":false,"SourceID":0,"TinhThanhID":0,"TinhThanhTitle":"An Giang","TinhThanhTitleAscii":"/an-giang","QuanHuyenID":0,"NganhNgheTitle":"Bán buôn nhiên liệu rắn, lỏng, khí và các sản phẩm liên quan","NganhNgheTitleAscii":"/nganh-nghe/ban-buon-nhien-lieu-ran-long-khi-va-cac-san-pham-lien-quan","DSTags":["1602071190","An Giang",null]},{"Type":11,"SolrID":"/1602067003-cong-ty-tnhh-xang-dau-diem-huong","ID":0,"MaSoThue":"1602067003","NgayCap":"2018-03-22T00:00:00Z","Title":"Công Ty TNHH Xăng Dầu Diễm Hương","DiaChiCongTy":"Ấp Tân Thành, Xã Tân Lập, Huyện Tịnh Biên, Tỉnh An Giang","Created":"2018-03-22T13:34:51Z","Updated":"2018-03-22T13:34:51Z","IsDelete":false,"RequestChanged":false,"ExitsInGDT":false,"SourceID":0,"TinhThanhID":0,"TinhThanhTitle":"An Giang","TinhThanhTitleAscii":"/an-giang","QuanHuyenID":0,"NganhNgheTitle":"Bán buôn nhiên liệu rắn, lỏng, khí và các sản phẩm liên quan","NganhNgheTitleAscii":"/nganh-nghe/ban-buon-nhien-lieu-ran-long-khi-va-cac-san-pham-lien-quan","DSTags":["1602067003","An Giang",null]},{"Type":11,"SolrID":"/1602034470-cong-ty-tnhh-xay-dung-pham-phu-quoc","ID":0,"MaSoThue":"1602034470","NgayCap":"2017-02-27T00:00:00Z","Title":"Công Ty TNHH Xây Dựng Phạm Phú Quốc","DiaChiCongTy":"Kios số 4, Chợ Tân Lập, ấp Tân Thành, Xã Tân Lập, Huyện Tịnh Biên, Tỉnh An Giang","Created":"2017-02-27T17:37:33Z","Updated":"2017-02-27T17:37:33Z","IsDelete":false,"RequestChanged":false,"ExitsInGDT":false,"SourceID":0,"TinhThanhID":0,"TinhThanhTitle":"An Giang","TinhThanhTitleAscii":"/an-giang","QuanHuyenID":0,"NganhNgheTitle":"Chuẩn bị mặt bằng","NganhNgheTitleAscii":"/nganh-nghe/chuan-bi-mat-bang","DSTags":["1602034470","An Giang",null]},{"Type":11,"SolrID":"/1602003666-doanh-nghiep-tn-tiem-vang-huu-tinh","ID":0,"MaSoThue":"1602003666","NgayCap":"2016-03-08T00:00:00Z","Title":"Doanh Nghiệp TN Tiệm Vàng Hữu Tình","DiaChiCongTy":"ấp Tân Thành - Xã Tân Lập - Huyện Tịnh Biên - An Giang","Created":"2016-03-10T11:11:08Z","Updated":"2016-09-11T00:38:47Z","IsDelete":false,"RequestChanged":false,"ExitsInGDT":false,"SourceID":0,"TinhThanhID":0,"TinhThanhTitle":"An Giang","TinhThanhTitleAscii":"/an-giang","QuanHuyenID":0,"DSTags":["1602003666","An Giang",null]},{"Type":11,"SolrID":"/1601980362-doanh-nghiep-tn-tiem-vang-bay-vui","ID":0,"MaSoThue":"1601980362","NgayCap":"2015-08-11T00:00:00Z","Title":"Doanh Nghiệp TN Tiệm Vàng Bẩy Vui","DiaChiCongTy":"ấp Tân Thành - Xã Tân Lập - Huyện Tịnh Biên - An Giang","Created":"2015-11-18T23:13:57Z","Updated":"2015-11-18T23:13:57Z","IsDelete":false,"RequestChanged":false,"ExitsInGDT":false,"SourceID":0,"TinhThanhID":0,"TinhThanhTitle":"An Giang","TinhThanhTitleAscii":"/an-giang","QuanHuyenID":0,"NganhNgheTitle":"Bán buôn kim loại và quặng kim loại","NganhNgheTitleAscii":"/nganh-nghe/ban-buon-kim-loai-va-quang-kim-loai","DSTags":["1601980362","An Giang",null]},{"Type":11,"SolrID":"/1600194461-041-chi-nhanh-cong-ty-cp-xuat-nhap-khau-nong-san-thuc-pham-an-giang-xuat-khau-luong-thuc-tinh-bien","ID":0,"MaSoThue":"1600194461-041","NgayCap":"2011-04-21T00:00:00Z","Title":"Chi Nhánh Công Ty CP Xuất Nhập Khẩu Nông Sản Thực Phẩm An Giang - Xuất Khẩu Lương Thực Tịnh Biên","DiaChiCongTy":"ấp Tân An - Xã Tân Lập - Huyện Tịnh Biên - An Giang","Created":"2015-11-11T01:35:30Z","Updated":"2015-11-11T01:35:30Z","IsDelete":false,"RequestChanged":false,"ExitsInGDT":false,"SourceID":0,"TinhThanhID":0,"TinhThanhTitle":"An Giang","TinhThanhTitleAscii":"/an-giang","QuanHuyenID":0,"NganhNgheTitle":"Bán buôn chuyên doanh khác chưa được phân vào đâu","NganhNgheTitleAscii":"/nganh-nghe/ban-buon-chuyen-doanh-khac-chua-duoc-phan-vao-dau","DSTags":["1600194461-041","An Giang",null]},{"Type":11,"SolrID":"/1600960356-truong-tieu-hoc-tan-lap","ID":0,"MaSoThue":"1600960356","NgayCap":"2008-05-07T00:00:00Z","Title":"Trường Tiểu Học Tân Lập","DiaChiCongTy":"ấp Tân Thành, xã Tân Lập - Huyện Tịnh Biên - An Giang","Created":"2015-11-16T18:57:48Z","Updated":"2015-11-16T18:57:48Z","IsDelete":false,"RequestChanged":false,"ExitsInGDT":false,"SourceID":0,"TinhThanhID":0,"TinhThanhTitle":"An Giang","TinhThanhTitleAscii":"/an-giang","QuanHuyenID":0,"NganhNgheTitle":"Giáo dục tiểu học","NganhNgheTitleAscii":"/nganh-nghe/giao-duc-tieu-hoc","DSTags":["1600960356","An Giang",null]},{"Type":11,"SolrID":"/1600786002-truong-mau-giao-tan-lap","ID":0,"MaSoThue":"1600786002","NgayCap":"2005-06-28T00:00:00Z","Title":"Trường Mẫu giáo Tân Lập","DiaChiCongTy":"xã Tân Lập - Huyện Tịnh Biên - An Giang","Created":"2015-11-16T16:55:04Z","Updated":"2015-11-16T16:55:04Z","IsDelete":false,"RequestChanged":false,"ExitsInGDT":false,"SourceID":0,"TinhThanhID":0,"TinhThanhTitle":"An Giang","TinhThanhTitleAscii":"/an-giang","QuanHuyenID":0,"NganhNgheTitle":"Giáo dục mầm non","NganhNgheTitleAscii":"/nganh-nghe/giao-duc-mam-non","DSTags":["1600786002","An Giang",null]},{"Type":11,"SolrID":"/1600610104-doanh-nghiep-tn-nguyen-van-thao","ID":0,"MaSoThue":"1600610104","NgayCap":"2005-06-06T00:00:00Z","Title":"Doanh Nghiệp TN Nguyễn Văn Thảo","DiaChiCongTy":"Xà Lan số AG-10832-H, ấp Tân Thành - Xã Tân Lập - Huyện Tịnh Biên - An Giang","Created":"2015-11-10T01:44:28Z","Updated":"2015-11-10T01:44:28Z","IsDelete":false,"RequestChanged":false,"ExitsInGDT":false,"SourceID":0,"TinhThanhID":0,"TinhThanhTitle":"An Giang","TinhThanhTitleAscii":"/an-giang","QuanHuyenID":0,"NganhNgheTitle":"Bán buôn nhiên liệu rắn, lỏng, khí và các sản phẩm liên quan","NganhNgheTitleAscii":"/nganh-nghe/ban-buon-nhien-lieu-ran-long-khi-va-cac-san-pham-lien-quan","DSTags":["1600610104","An Giang",null]},{"Type":11,"SolrID":"/1600605640-dntn-hong-tam-i","ID":0,"MaSoThue":"1600605640","NgayCap":"2005-06-06T00:00:00Z","Title":"DNTN Hồng Tâm I","DiaChiCongTy":"ấp Tân Thành - Xã Tân Lập - Huyện Tịnh Biên - An Giang","Created":"2015-11-17T00:39:57Z","Updated":"2015-11-17T00:39:57Z","IsDelete":false,"RequestChanged":false,"ExitsInGDT":false,"SourceID":0,"TinhThanhID":0,"TinhThanhTitle":"An Giang","TinhThanhTitleAscii":"/an-giang","QuanHuyenID":0,"NganhNgheTitle":"Bán lẻ nhiên liệu động cơ trong các cửa hàng chuyên doanh","NganhNgheTitleAscii":"/nganh-nghe/ban-le-nhien-lieu-dong-co-trong-cac-cua-hang-chuyen-doanh","DSTags":["1600605640","An Giang",null]},{"Type":11,"SolrID":"/1600370981-ubnd-xa-tan-lap","ID":0,"MaSoThue":"1600370981","NgayCap":"1998-11-25T00:00:00Z","Title":"UBND xã Tân Lập","DiaChiCongTy":"ấp Tân Thành Xã Tân Lập - Huyện Tịnh Biên - An Giang","Created":"2015-11-14T17:13:35Z","Updated":"2015-11-14T17:13:35Z","IsDelete":false,"RequestChanged":false,"ExitsInGDT":false,"SourceID":0,"TinhThanhID":0,"TinhThanhTitle":"An Giang","TinhThanhTitleAscii":"/an-giang","QuanHuyenID":0,"NganhNgheTitle":"Hoạt động quản lý nhà nước nói chung và kinh tế tổng hợp","NganhNgheTitleAscii":"/nganh-nghe/hoat-dong-quan-ly-nha-nuoc-noi-chung-va-kinh-te-tong-hop","DSTags":["1600370981","An Giang",null]}]}