{"ID":6236,"SolrID":"/an-giang/huyen-tinh-bien/xa-thoi-son","Title":"Xã Thới Sơn","TinhThanhTitle":"An Giang","QuanHuyenTitle":"Huyện Tịnh Biên","QuanHuyenID":387,"TinhThanhID":35,"Url":"https://thongtindoanhnghiep.co/api/company?l=/an-giang/huyen-tinh-bien/xa-thoi-son","Total":11,"List":[{"Type":11,"SolrID":"/1602139177-cong-ty-tnhh-thuong-mai-dau-tu-xay-dung-trong-tin","ID":0,"MaSoThue":"1602139177","NgayCap":"2021-01-14T00:00:00Z","Title":"Công Ty TNHH Thương Mại Đầu Tư Xây Dựng Trọng Tín","DiaChiCongTy":"Ấp Sơn Tây, Xã Thới Sơn, Huyện Tịnh Biên, Tỉnh An Giang","Created":"2021-01-14T09:35:41Z","Updated":"2021-01-14T09:35:41Z","IsDelete":false,"RequestChanged":false,"ExitsInGDT":false,"SourceID":0,"TinhThanhID":0,"TinhThanhTitle":"An Giang","TinhThanhTitleAscii":"/an-giang","QuanHuyenID":0,"DSTags":["1602139177","An Giang",null]},{"Type":11,"SolrID":"/1602028195-cong-ty-tnhh-tu-van-thiet-ke-xay-dung-phuoc-hai","ID":0,"MaSoThue":"1602028195","NgayCap":"2016-12-21T00:00:00Z","Title":"Công Ty TNHH Tư Vấn Thiết Kế Xây Dựng Phước Hải","DiaChiCongTy":"Ấp Sơn Tây, Xã Thới Sơn, Huyện Tịnh Biên, Tỉnh An Giang","Created":"2016-12-21T08:43:44Z","Updated":"2016-12-21T08:43:44Z","IsDelete":false,"RequestChanged":false,"ExitsInGDT":false,"SourceID":0,"TinhThanhID":0,"TinhThanhTitle":"An Giang","TinhThanhTitleAscii":"/an-giang","QuanHuyenID":0,"NganhNgheTitle":"Xây dựng nhà các loại","NganhNgheTitleAscii":"/nganh-nghe/xay-dung-nha-cac-loai","DSTags":["1602028195","An Giang",null]},{"Type":11,"SolrID":"/1602012371-cong-ty-tnhh-mot-thanh-vien-hoa-giang-auto","ID":0,"MaSoThue":"1602012371","NgayCap":"2016-06-14T00:00:00Z","Title":"Công Ty TNHH Một Thành Viên Hòa Giang Auto","DiaChiCongTy":"Tỉnh lộ 948, Tổ 14, ấp Thới Thuận - Xã Thới Sơn - Huyện Tịnh Biên - An Giang","Created":"2016-06-23T10:03:47Z","Updated":"2016-06-23T10:03:47Z","IsDelete":false,"RequestChanged":false,"ExitsInGDT":false,"SourceID":0,"TinhThanhID":0,"TinhThanhTitle":"An Giang","TinhThanhTitleAscii":"/an-giang","QuanHuyenID":0,"NganhNgheTitle":"Bảo dưỡng, sửa chữa ô tô và xe có động cơ khác","NganhNgheTitleAscii":"/nganh-nghe/bao-duong-sua-chua-o-to-va-xe-co-dong-co-khac","DSTags":["1602012371","An Giang",null]},{"Type":11,"SolrID":"/1602005053-cong-ty-tnhh-mot-thanh-vien-phuong-anh-thi","ID":0,"MaSoThue":"1602005053","NgayCap":"2016-03-21T00:00:00Z","Title":"Công Ty TNHH Một Thành Viên Phương Anh Thi","DiaChiCongTy":"ấp Thới Thuận - Xã Thới Sơn - Huyện Tịnh Biên - An Giang","Created":"2016-03-23T08:10:09Z","Updated":"2016-03-23T08:10:09Z","IsDelete":false,"RequestChanged":false,"ExitsInGDT":false,"SourceID":0,"TinhThanhID":0,"TinhThanhTitle":"An Giang","TinhThanhTitleAscii":"/an-giang","QuanHuyenID":0,"NganhNgheTitle":"Đại lý, môi giới, đấu giá","NganhNgheTitleAscii":"/nganh-nghe/dai-ly-moi-gioi-dau-gia","DSTags":["1602005053","An Giang",null]},{"Type":11,"SolrID":"/1601575808-cong-ty-tnhh-xay-dung-kim-dau","ID":0,"MaSoThue":"1601575808","NgayCap":"2011-10-17T00:00:00Z","Title":"Công Ty TNHH Xây Dựng Kim Dậu","DiaChiCongTy":"ấp Sơn Tây - Xã Thới Sơn - Huyện Tịnh Biên - An Giang","Created":"2015-11-10T01:37:39Z","Updated":"2015-11-10T01:37:39Z","IsDelete":false,"RequestChanged":false,"ExitsInGDT":false,"SourceID":0,"TinhThanhID":0,"TinhThanhTitle":"An Giang","TinhThanhTitleAscii":"/an-giang","QuanHuyenID":0,"NganhNgheTitle":"Xây dựng nhà các loại","NganhNgheTitleAscii":"/nganh-nghe/xay-dung-nha-cac-loai","DSTags":["1601575808","An Giang",null]},{"Type":11,"SolrID":"/1601195154-truong-tieu-hoc-a-thoi-son","ID":0,"MaSoThue":"1601195154","NgayCap":"2009-07-22T00:00:00Z","Title":"Trường Tiểu Học \"A\" Thới Sơn","DiaChiCongTy":"ấp Sơn Tây, xã Thới Sơn - Huyện Tịnh Biên - An Giang","Created":"2015-11-16T10:48:41Z","Updated":"2015-11-16T10:48:41Z","IsDelete":false,"RequestChanged":false,"ExitsInGDT":false,"SourceID":0,"TinhThanhID":0,"TinhThanhTitle":"An Giang","TinhThanhTitleAscii":"/an-giang","QuanHuyenID":0,"NganhNgheTitle":"Giáo dục tiểu học","NganhNgheTitleAscii":"/nganh-nghe/giao-duc-tieu-hoc","DSTags":["1601195154","An Giang",null]},{"Type":11,"SolrID":"/1600979773-truong-mau-giao-thoi-son","ID":0,"MaSoThue":"1600979773","NgayCap":"2008-10-07T00:00:00Z","Title":"Trường Mẫu Giáo Thới Sơn","DiaChiCongTy":"xã Thới Sơn - Huyện Tịnh Biên - An Giang","Created":"2015-11-16T19:10:55Z","Updated":"2015-11-16T19:10:55Z","IsDelete":false,"RequestChanged":false,"ExitsInGDT":false,"SourceID":0,"TinhThanhID":0,"TinhThanhTitle":"An Giang","TinhThanhTitleAscii":"/an-giang","QuanHuyenID":0,"NganhNgheTitle":"Giáo dục mầm non","NganhNgheTitleAscii":"/nganh-nghe/giao-duc-mam-non","DSTags":["1600979773","An Giang",null]},{"Type":11,"SolrID":"/1600979808-truong-tieu-hoc-b-thoi-son","ID":0,"MaSoThue":"1600979808","NgayCap":"2008-10-07T00:00:00Z","Title":"Trường Tiểu Học \"B\" Thới Sơn","DiaChiCongTy":"ấp Đông Thuận, xã Thới Sơn - Huyện Tịnh Biên - An Giang","Created":"2015-11-16T19:11:03Z","Updated":"2015-11-16T19:11:03Z","IsDelete":false,"RequestChanged":false,"ExitsInGDT":false,"SourceID":0,"TinhThanhID":0,"TinhThanhTitle":"An Giang","TinhThanhTitleAscii":"/an-giang","QuanHuyenID":0,"NganhNgheTitle":"Giáo dục tiểu học","NganhNgheTitleAscii":"/nganh-nghe/giao-duc-tieu-hoc","DSTags":["1600979808","An Giang",null]},{"Type":11,"SolrID":"/1600803794-truong-trung-hoc-co-so-doan-minh-huyen","ID":0,"MaSoThue":"1600803794","NgayCap":"2005-09-13T00:00:00Z","Title":"Trường Trung học cơ sở Đoàn Minh Huyện","DiaChiCongTy":"Xã Thới Sơn - Huyện Tịnh Biên - An Giang","Created":"2015-11-16T17:08:23Z","Updated":"2015-11-16T17:08:23Z","IsDelete":false,"RequestChanged":false,"ExitsInGDT":false,"SourceID":0,"TinhThanhID":0,"TinhThanhTitle":"An Giang","TinhThanhTitleAscii":"/an-giang","QuanHuyenID":0,"NganhNgheTitle":"Giáo dục trung học cơ sở và trung học phổ thông","NganhNgheTitleAscii":"/nganh-nghe/giao-duc-trung-hoc-co-so-va-trung-hoc-pho-thong","DSTags":["1600803794","An Giang",null]},{"Type":11,"SolrID":"/1600371135-ubnd-xa-thoi-son","ID":0,"MaSoThue":"1600371135","NgayCap":"1998-11-25T00:00:00Z","Title":"UBND xã Thới Sơn","DiaChiCongTy":"ấp Sơn Tây, xã Thới Sơn - Huyện Tịnh Biên - An Giang","Created":"2015-11-14T17:14:54Z","Updated":"2015-11-14T17:14:54Z","IsDelete":false,"RequestChanged":false,"ExitsInGDT":false,"SourceID":0,"TinhThanhID":0,"TinhThanhTitle":"An Giang","TinhThanhTitleAscii":"/an-giang","QuanHuyenID":0,"NganhNgheTitle":"Hoạt động quản lý nhà nước nói chung và kinh tế tổng hợp","NganhNgheTitleAscii":"/nganh-nghe/hoat-dong-quan-ly-nha-nuoc-noi-chung-va-kinh-te-tong-hop","DSTags":["1600371135","An Giang",null]},{"Type":11,"SolrID":"/1600141999-003-doi-khai-thac-da-aplite","ID":0,"MaSoThue":"1600141999-003","NgayCap":"1998-10-24T00:00:00Z","Title":"Đội Khai Thác Đá APLITE","DiaChiCongTy":"Xã Thới Sơn - Huyện Tịnh Biên - An Giang","Created":"2015-11-19T03:04:50Z","Updated":"2015-11-19T03:04:50Z","IsDelete":false,"RequestChanged":false,"ExitsInGDT":false,"SourceID":0,"TinhThanhID":0,"TinhThanhTitle":"An Giang","TinhThanhTitleAscii":"/an-giang","QuanHuyenID":0,"NganhNgheTitle":"Khai thác đá, cát, sỏi, đất sét","NganhNgheTitleAscii":"/nganh-nghe/khai-thac-da-cat-soi-dat-set","DSTags":["1600141999-003","An Giang",null]}]}