{"ID":3076,"SolrID":"/an-giang/huyen-tinh-bien/xa-van-giao","Title":"Xã Văn Giáo","TinhThanhTitle":"An Giang","QuanHuyenTitle":"Huyện Tịnh Biên","QuanHuyenID":387,"TinhThanhID":35,"Url":"https://thongtindoanhnghiep.co/api/company?l=/an-giang/huyen-tinh-bien/xa-van-giao","Total":12,"List":[{"Type":11,"SolrID":"/1600184590-070-chi-nhanh-cong-ty-tnhh-mot-thanh-vien-xang-dau-an-giang-cua-hang-xang-dau-van-giao","ID":0,"MaSoThue":"1600184590-070","NgayCap":"2016-06-01T00:00:00Z","Title":"Chi Nhánh Công Ty TNHH Một Thành Viên Xăng Dầu An Giang - Cửa Hàng Xăng Dầu Văn Giáo","DiaChiCongTy":"ấp Đây Cà Hom - Xã Văn Giáo - Huyện Tịnh Biên - An Giang","Created":"2016-06-13T11:12:59Z","Updated":"2016-06-13T11:12:59Z","IsDelete":false,"RequestChanged":false,"ExitsInGDT":false,"SourceID":0,"TinhThanhID":0,"TinhThanhTitle":"An Giang","TinhThanhTitleAscii":"/an-giang","QuanHuyenID":0,"NganhNgheTitle":"Bán buôn nhiên liệu rắn, lỏng, khí và các sản phẩm liên quan","NganhNgheTitleAscii":"/nganh-nghe/ban-buon-nhien-lieu-ran-long-khi-va-cac-san-pham-lien-quan","DSTags":["1600184590-070","An Giang",null]},{"Type":11,"SolrID":"/1602001073-cong-ty-tnhh-thuong-mai-dich-vu-xay-dung-truong-phat-chau-doc","ID":0,"MaSoThue":"1602001073","NgayCap":"2016-02-02T00:00:00Z","Title":"Công Ty TNHH Thương Mại Dịch Vụ Xây Dựng Trường Phát Châu Đốc","DiaChiCongTy":"Số 093/03, ấp Mằng Rò - Xã Văn Giáo - Huyện Tịnh Biên - An Giang","Created":"2016-02-05T10:50:44Z","Updated":"2016-02-05T10:50:44Z","IsDelete":false,"RequestChanged":false,"ExitsInGDT":false,"SourceID":0,"TinhThanhID":0,"TinhThanhTitle":"An Giang","TinhThanhTitleAscii":"/an-giang","QuanHuyenID":0,"NganhNgheTitle":"Chuẩn bị mặt bằng","NganhNgheTitleAscii":"/nganh-nghe/chuan-bi-mat-bang","DSTags":["1602001073","An Giang",null]},{"Type":11,"SolrID":"/1601970685-001-chi-nhanh-doanh-nghiep-tn-tiem-vang-thu-tam","ID":0,"MaSoThue":"1601970685-001","NgayCap":"2015-10-12T00:00:00Z","Title":"Chi Nhánh Doanh Nghiệp TN Tiệm Vàng Thu Tâm","DiaChiCongTy":"Đây Cà Hôm - Xã Văn Giáo - Huyện Tịnh Biên - An Giang","Created":"2015-11-19T11:30:55Z","Updated":"2015-11-19T11:30:55Z","IsDelete":false,"RequestChanged":false,"ExitsInGDT":false,"SourceID":0,"TinhThanhID":0,"TinhThanhTitle":"An Giang","TinhThanhTitleAscii":"/an-giang","QuanHuyenID":0,"NganhNgheTitle":"Hoạt động cấp tín dụng khác","NganhNgheTitleAscii":"/nganh-nghe/hoat-dong-cap-tin-dung-khac","DSTags":["1601970685-001","An Giang",null]},{"Type":11,"SolrID":"/1601970685-doanh-nghiep-tn-tiem-vang-thu-tam","ID":0,"MaSoThue":"1601970685","NgayCap":"2015-04-24T00:00:00Z","Title":"Doanh Nghiệp TN Tiệm Vàng Thu Tâm","DiaChiCongTy":"Số 14/01, ấp Mằng Rò - Xã Văn Giáo - Huyện Tịnh Biên - An Giang","Created":"2015-11-17T09:48:42Z","Updated":"2015-11-17T09:48:42Z","IsDelete":false,"RequestChanged":false,"ExitsInGDT":false,"SourceID":0,"TinhThanhID":0,"TinhThanhTitle":"An Giang","TinhThanhTitleAscii":"/an-giang","QuanHuyenID":0,"NganhNgheTitle":"Bán buôn kim loại và quặng kim loại","NganhNgheTitleAscii":"/nganh-nghe/ban-buon-kim-loai-va-quang-kim-loai","DSTags":["1601970685","An Giang",null]},{"Type":11,"SolrID":"/1601968735-hop-tac-xa-du-lich-nong-nghiep-an-giang","ID":0,"MaSoThue":"1601968735","NgayCap":"2015-04-03T00:00:00Z","Title":"Hợp tác xã Du lịch Nông Nghiệp An Giang","DiaChiCongTy":"ấp Vân Trà - Xã Văn Giáo - Huyện Tịnh Biên - An Giang","Created":"2015-11-17T06:44:28Z","Updated":"2015-11-17T06:44:28Z","IsDelete":false,"RequestChanged":false,"ExitsInGDT":false,"SourceID":0,"TinhThanhID":0,"TinhThanhTitle":"An Giang","TinhThanhTitleAscii":"/an-giang","QuanHuyenID":0,"NganhNgheTitle":"Dịch vụ ăn uống phục vụ lưu động khác","NganhNgheTitleAscii":"/nganh-nghe/dich-vu-an-uong-phuc-vu-luu-dong-khac","DSTags":["1601968735","An Giang",null]},{"Type":11,"SolrID":"/1601589222-doanh-nghiep-tn-thien-hoa-son","ID":0,"MaSoThue":"1601589222","NgayCap":"2011-11-04T00:00:00Z","Title":"Doanh Nghiệp TN Thiên Hoa Sơn","DiaChiCongTy":"Số 128/6, ấp Đây Cà Hom - Xã Văn Giáo - Huyện Tịnh Biên - An Giang","Created":"2015-11-10T01:41:25Z","Updated":"2015-11-10T01:41:25Z","IsDelete":false,"RequestChanged":false,"ExitsInGDT":false,"SourceID":0,"TinhThanhID":0,"TinhThanhTitle":"An Giang","TinhThanhTitleAscii":"/an-giang","QuanHuyenID":0,"NganhNgheTitle":"Bán buôn nông, lâm sản nguyên liệu (trừ gỗ, tre, nứa) và động vật sống","NganhNgheTitleAscii":"/nganh-nghe/ban-buon-nong-lam-san-nguyen-lieu-tru-go-tre-nua-va-dong-vat-song","DSTags":["1601589222","An Giang",null]},{"Type":11,"SolrID":"/1600979854-truong-tieu-hoc-b-van-giao","ID":0,"MaSoThue":"1600979854","NgayCap":"2008-10-07T00:00:00Z","Title":"Trường Tiểu Học B Văn Giáo","DiaChiCongTy":"ấp Srây skốth, xã Văn Giáo - Huyện Tịnh Biên - An Giang","Created":"2015-11-16T19:11:01Z","Updated":"2015-11-16T19:11:01Z","IsDelete":false,"RequestChanged":false,"ExitsInGDT":false,"SourceID":0,"TinhThanhID":0,"TinhThanhTitle":"An Giang","TinhThanhTitleAscii":"/an-giang","QuanHuyenID":0,"NganhNgheTitle":"Giáo dục tiểu học","NganhNgheTitleAscii":"/nganh-nghe/giao-duc-tieu-hoc","DSTags":["1600979854","An Giang",null]},{"Type":11,"SolrID":"/1600960469-truong-tieu-hoc-a-van-giao","ID":0,"MaSoThue":"1600960469","NgayCap":"2008-05-07T00:00:00Z","Title":"Trường Tiểu học A Văn Giáo","DiaChiCongTy":"ấp Măng Rò, xã Văn Giáo - Huyện Tịnh Biên - An Giang","Created":"2015-11-16T00:37:22Z","Updated":"2015-11-16T00:37:22Z","IsDelete":false,"RequestChanged":false,"ExitsInGDT":false,"SourceID":0,"TinhThanhID":0,"TinhThanhTitle":"An Giang","TinhThanhTitleAscii":"/an-giang","QuanHuyenID":0,"NganhNgheTitle":"Giáo dục tiểu học","NganhNgheTitleAscii":"/nganh-nghe/giao-duc-tieu-hoc","DSTags":["1600960469","An Giang",null]},{"Type":11,"SolrID":"/1600928578-001-cn-cong-ty-tnhh-mot-thanh-vien-minh-nguyet-2","ID":0,"MaSoThue":"1600928578-001","NgayCap":"2008-01-09T00:00:00Z","Title":"CN Công ty TNHH Một Thành Viên Minh Nguyệt 2","DiaChiCongTy":"ấp Đây Cà Hom, xã Văn Giáo - Huyện Tịnh Biên - An Giang","Created":"2015-11-18T09:11:23Z","Updated":"2015-11-18T09:11:23Z","IsDelete":false,"RequestChanged":false,"ExitsInGDT":false,"SourceID":0,"TinhThanhID":0,"TinhThanhTitle":"An Giang","TinhThanhTitleAscii":"/an-giang","QuanHuyenID":0,"NganhNgheTitle":"Bán lẻ nhiên liệu động cơ trong các cửa hàng chuyên doanh","NganhNgheTitleAscii":"/nganh-nghe/ban-le-nhien-lieu-dong-co-trong-cac-cua-hang-chuyen-doanh","DSTags":["1600928578-001","An Giang",null]},{"Type":11,"SolrID":"/1600476508-001-chi-nhanh-dntn-pham-minh-nguyet-2","ID":0,"MaSoThue":"1600476508-001","NgayCap":"2007-01-26T00:00:00Z","Title":"Chi nhánh DNTN Phạm Minh Nguyệt 2","DiaChiCongTy":"ấp Cây Đà Hom, xã Văn Giáo - Huyện Tịnh Biên - An Giang","Created":"2015-11-15T19:33:05Z","Updated":"2015-11-15T19:33:05Z","IsDelete":false,"RequestChanged":false,"ExitsInGDT":false,"SourceID":0,"TinhThanhID":0,"TinhThanhTitle":"An Giang","TinhThanhTitleAscii":"/an-giang","QuanHuyenID":0,"NganhNgheTitle":"Bán lẻ nhiên liệu động cơ trong các cửa hàng chuyên doanh","NganhNgheTitleAscii":"/nganh-nghe/ban-le-nhien-lieu-dong-co-trong-cac-cua-hang-chuyen-doanh","DSTags":["1600476508-001","An Giang",null]},{"Type":11,"SolrID":"/1600802335-truong-trung-hoc-co-so-van-giao","ID":0,"MaSoThue":"1600802335","NgayCap":"2005-08-30T00:00:00Z","Title":"Trường Trung học cơ sở Văn Giáo","DiaChiCongTy":"ấp Mằng Rò, xã Văn Giáo - Huyện Tịnh Biên - An Giang","Created":"2015-11-16T17:07:01Z","Updated":"2015-11-16T17:07:01Z","IsDelete":false,"RequestChanged":false,"ExitsInGDT":false,"SourceID":0,"TinhThanhID":0,"TinhThanhTitle":"An Giang","TinhThanhTitleAscii":"/an-giang","QuanHuyenID":0,"NganhNgheTitle":"Giáo dục trung học cơ sở và trung học phổ thông","NganhNgheTitleAscii":"/nganh-nghe/giao-duc-trung-hoc-co-so-va-trung-hoc-pho-thong","DSTags":["1600802335","An Giang",null]},{"Type":11,"SolrID":"/1600371079-ubnd-xa-van-giao","ID":0,"MaSoThue":"1600371079","NgayCap":"1998-11-25T00:00:00Z","Title":"UBND xã Văn Giáo","DiaChiCongTy":"ấp Đây Cà Hom, Xã Văn Giáo - Huyện Tịnh Biên - An Giang","Created":"2015-11-14T17:14:59Z","Updated":"2015-11-14T17:14:59Z","IsDelete":false,"RequestChanged":false,"ExitsInGDT":false,"SourceID":0,"TinhThanhID":0,"TinhThanhTitle":"An Giang","TinhThanhTitleAscii":"/an-giang","QuanHuyenID":0,"NganhNgheTitle":"Hoạt động quản lý nhà nước nói chung và kinh tế tổng hợp","NganhNgheTitleAscii":"/nganh-nghe/hoat-dong-quan-ly-nha-nuoc-noi-chung-va-kinh-te-tong-hop","DSTags":["1600371079","An Giang",null]}]}