{"ID":4641,"SolrID":"/an-giang/huyen-tinh-bien/xa-xuan-to","Title":"Xã Xuân Tô","TinhThanhTitle":"An Giang","QuanHuyenTitle":"Huyện Tịnh Biên","QuanHuyenID":387,"TinhThanhID":35,"Url":"https://thongtindoanhnghiep.co/api/company?l=/an-giang/huyen-tinh-bien/xa-xuan-to","Total":4,"List":[{"Type":11,"SolrID":"/1600376581-001-chi-nhanh-tuyet-phuong-4","ID":0,"MaSoThue":"1600376581-001","NgayCap":"2005-10-07T00:00:00Z","Title":"Chi nhánh Tuyết Phương 4","DiaChiCongTy":"ấp Xuân Hòa, xã  Xuân Tô - Huyện Tịnh Biên - An Giang","Created":"2015-11-10T01:44:09Z","Updated":"2015-11-10T01:44:09Z","IsDelete":false,"RequestChanged":false,"ExitsInGDT":false,"SourceID":0,"TinhThanhID":0,"TinhThanhTitle":"An Giang","TinhThanhTitleAscii":"/an-giang","QuanHuyenID":0,"NganhNgheTitle":"Bán buôn ô tô và xe có động cơ khác","NganhNgheTitleAscii":"/nganh-nghe/ban-buon-o-to-va-xe-co-dong-co-khac","DSTags":["1600376581-001","An Giang",null]},{"Type":11,"SolrID":"/0302017352-002-cn-cty-tnhh-dv-tm-thai-nguyen","ID":0,"MaSoThue":"0302017352-002","NgayCap":"2001-01-09T00:00:00Z","Title":"CN CTY TNHH DV - TM Thái Nguyên","DiaChiCongTy":"723/16 ấp Xuân Hoà - Xã Xuân Tô - Huyện Tịnh Biên - An Giang","Created":"2015-11-19T08:17:07Z","Updated":"2015-11-19T08:17:07Z","IsDelete":false,"RequestChanged":false,"ExitsInGDT":false,"SourceID":0,"TinhThanhID":0,"TinhThanhTitle":"An Giang","TinhThanhTitleAscii":"/an-giang","QuanHuyenID":0,"NganhNgheTitle":"Bán lẻ hàng hóa khác trong các cửa hàng chuyên doanh","NganhNgheTitleAscii":"/nganh-nghe/ban-le-hang-hoa-khac-trong-cac-cua-hang-chuyen-doanh","DSTags":["0302017352-002","An Giang",null]},{"Type":11,"SolrID":"/1600371174-ubnd-tt-tinh-bien","ID":0,"MaSoThue":"1600371174","NgayCap":"1998-11-25T00:00:00Z","Title":"UBND TT Tịnh Biên","DiaChiCongTy":"ấp Xuân Hòa, xã Xuân Tô - Huyện Tịnh Biên - An Giang","Created":"2015-11-14T17:14:52Z","Updated":"2015-11-14T17:14:52Z","IsDelete":false,"RequestChanged":false,"ExitsInGDT":false,"SourceID":0,"TinhThanhID":0,"TinhThanhTitle":"An Giang","TinhThanhTitleAscii":"/an-giang","QuanHuyenID":0,"NganhNgheTitle":"Hoạt động quản lý nhà nước nói chung và kinh tế tổng hợp","NganhNgheTitleAscii":"/nganh-nghe/hoat-dong-quan-ly-nha-nuoc-noi-chung-va-kinh-te-tong-hop","DSTags":["1600371174","An Giang",null]},{"Type":11,"SolrID":"/1600230737-008-cua-hang-thuong-mai-huyen-tinh-bien","ID":0,"MaSoThue":"1600230737-008","NgayCap":"1998-10-24T00:00:00Z","Title":"Cửa Hàng Thương Mại Huyện                          Tịnh Biên","DiaChiCongTy":"Xã Xuân Tô - Huyện Tịnh Biên - An Giang","Created":"2015-11-18T14:02:21Z","Updated":"2015-11-18T14:02:21Z","IsDelete":false,"RequestChanged":false,"ExitsInGDT":false,"SourceID":0,"TinhThanhID":0,"TinhThanhTitle":"An Giang","TinhThanhTitleAscii":"/an-giang","QuanHuyenID":0,"NganhNgheTitle":"Bán buôn gạo, thực phẩm, đồ uống và sản phẩm thuốc lá, thuốc lào","NganhNgheTitleAscii":"/nganh-nghe/ban-buon-gao-thuc-pham-do-uong-va-san-pham-thuoc-la-thuoc-lao","DSTags":["1600230737-008","An Giang",null]}]}