{"ID":3702,"SolrID":"/an-giang/huyen-cho-moi/thi-tran-cho-moi","Title":"Thị Trấn Chợ Mới","TinhThanhTitle":"An Giang","QuanHuyenTitle":"Huyện Chợ Mới","QuanHuyenID":489,"TinhThanhID":35,"Url":"https://thongtindoanhnghiep.co/api/company?l=/an-giang/huyen-cho-moi/thi-tran-cho-moi","Total":110,"List":[{"Type":11,"SolrID":"/1602149993-cong-ty-tnhh-dich-vu-xay-dung-dia-oc-mnc","ID":0,"MaSoThue":"1602149993","NgayCap":"2021-08-09T00:00:00Z","Title":"Công Ty TNHH Dịch Vụ Xây Dựng Địa Ốc Mnc","DiaChiCongTy":"Số 211 Trần Hưng Đạo, Ấp Thị 1, Thị Trấn Chợ Mới, Huyện Chợ Mới, Tỉnh An Giang","Created":"2021-08-09T12:35:36Z","Updated":"2021-08-09T12:35:36Z","IsDelete":false,"RequestChanged":false,"ExitsInGDT":false,"SourceID":0,"TinhThanhID":0,"TinhThanhTitle":"An Giang","TinhThanhTitleAscii":"/an-giang","QuanHuyenID":0,"DSTags":["1602149993","An Giang",null]},{"Type":11,"SolrID":"/1602144547-cong-ty-tnhh-xay-dung-phu-hoa-loi","ID":0,"MaSoThue":"1602144547","NgayCap":"2021-03-28T00:00:00Z","Title":"Công Ty TNHH Xây Dựng Phú Hòa Lợi","DiaChiCongTy":"Tổ 01, Đường Nguyễn Hữu Cảnh, Ấp Long Hòa, Thị Trấn Chợ Mới, Huyện Chợ Mới, Tỉnh An Giang","Created":"2021-03-28T10:35:57Z","Updated":"2021-03-28T10:35:57Z","IsDelete":false,"RequestChanged":false,"ExitsInGDT":false,"SourceID":0,"TinhThanhID":0,"TinhThanhTitle":"An Giang","TinhThanhTitleAscii":"/an-giang","QuanHuyenID":0,"DSTags":["1602144547","An Giang",null]},{"Type":11,"SolrID":"/1602144554-cong-ty-tnhh-thuong-mai-dich-vu-xay-dung-an-tin","ID":0,"MaSoThue":"1602144554","NgayCap":"2021-03-28T00:00:00Z","Title":"Công Ty TNHH Thương Mại - Dịch Vụ - Xây Dựng An Tín","DiaChiCongTy":"Số 29, Tổ 20, Ấp Long Hòa, Thị Trấn Chợ Mới, Huyện Chợ Mới, Tỉnh An Giang","Created":"2021-03-28T10:36:06Z","Updated":"2021-03-28T10:36:06Z","IsDelete":false,"RequestChanged":false,"ExitsInGDT":false,"SourceID":0,"TinhThanhID":0,"TinhThanhTitle":"An Giang","TinhThanhTitleAscii":"/an-giang","QuanHuyenID":0,"NganhNgheTitle":"Bán lẻ đồ ngũ kim, sơn, kính và thiết bị lắp đặt khác trong xây dựng trong các cửa hàng chuyên doanh","NganhNgheTitleAscii":"/nganh-nghe/ban-le-do-ngu-kim-son-kinh-va-thiet-bi-lap-dat-khac-trong-xay-dung-trong-cac-cua-hang-chuyen-doanh","DSTags":["1602144554","An Giang",null]},{"Type":11,"SolrID":"/1602144071-cong-ty-tnhh-dich-vu-kham-chua-benh-minh-duc","ID":0,"MaSoThue":"1602144071","NgayCap":"2021-03-24T00:00:00Z","Title":"Công Ty TNHH Dịch Vụ Khám Chữa Bệnh Minh Đức","DiaChiCongTy":"số 101A, tỉnh lộ 942, ấp Long Hòa, Thị Trấn Chợ Mới, Huyện Chợ Mới, Tỉnh An Giang","Created":"2021-03-24T10:37:36Z","Updated":"2021-03-24T10:37:36Z","IsDelete":false,"RequestChanged":false,"ExitsInGDT":false,"SourceID":0,"TinhThanhID":0,"TinhThanhTitle":"An Giang","TinhThanhTitleAscii":"/an-giang","QuanHuyenID":0,"NganhNgheTitle":"Hoạt động của các phòng khám đa khoa, chuyên khoa và nha khoa","NganhNgheTitleAscii":"/nganh-nghe/hoat-dong-cua-cac-phong-kham-da-khoa-chuyen-khoa-va-nha-khoa","DSTags":["1602144071","An Giang",null]},{"Type":11,"SolrID":"/1602141722-cong-ty-tnhh-thuong-mai-ho-bao-quyen","ID":0,"MaSoThue":"1602141722","NgayCap":"2021-02-25T00:00:00Z","Title":"Công Ty TNHH Thương Mại Hồ Bảo Quyên","DiaChiCongTy":"Số 526 đường Trần Hưng Đạo, Tổ 25, Ấp Thị 1, Thị Trấn Chợ Mới, Huyện Chợ Mới, Tỉnh An Giang","Created":"2021-02-25T09:35:57Z","Updated":"2021-02-25T09:35:57Z","IsDelete":false,"RequestChanged":false,"ExitsInGDT":false,"SourceID":0,"TinhThanhID":0,"TinhThanhTitle":"An Giang","TinhThanhTitleAscii":"/an-giang","QuanHuyenID":0,"NganhNgheTitle":"Bán buôn nhiên liệu rắn, lỏng, khí và các sản phẩm liên quan","NganhNgheTitleAscii":"/nganh-nghe/ban-buon-nhien-lieu-ran-long-khi-va-cac-san-pham-lien-quan","DSTags":["1602141722","An Giang",null]},{"Type":11,"SolrID":"/1602140158-cong-ty-tnhh-phat-trien-giao-duc-cho-moi","ID":0,"MaSoThue":"1602140158","NgayCap":"2021-02-02T00:00:00Z","Title":"Công Ty TNHH Phát Triển Giáo Dục Chợ Mới","DiaChiCongTy":"Số 11 Trần Hưng Đạo, Ấp Thị, Thị Trấn Chợ Mới, Huyện Chợ Mới, Tỉnh An Giang","Created":"2021-02-02T09:37:51Z","Updated":"2021-02-02T09:37:51Z","IsDelete":false,"RequestChanged":false,"ExitsInGDT":false,"SourceID":0,"TinhThanhID":0,"TinhThanhTitle":"An Giang","TinhThanhTitleAscii":"/an-giang","QuanHuyenID":0,"NganhNgheTitle":"Giáo dục khác chưa được phân vào đâu","NganhNgheTitleAscii":"/nganh-nghe/giao-duc-khac-chua-duoc-phan-vao-dau","DSTags":["1602140158","An Giang",null]},{"Type":11,"SolrID":"/1602139554-cong-ty-tnhh-dong-tau-thanh-hao","ID":0,"MaSoThue":"1602139554","NgayCap":"2021-01-20T00:00:00Z","Title":"Công Ty TNHH Đóng Tàu Thanh Hảo","DiaChiCongTy":"Số 168, Ấp Long Hòa, Thị Trấn Chợ Mới, Huyện Chợ Mới, Tỉnh An Giang","Created":"2021-01-20T14:41:30Z","Updated":"2021-01-20T14:41:30Z","IsDelete":false,"RequestChanged":false,"ExitsInGDT":false,"SourceID":0,"TinhThanhID":0,"TinhThanhTitle":"An Giang","TinhThanhTitleAscii":"/an-giang","QuanHuyenID":0,"NganhNgheTitle":"Đóng tàu và cấu kiện nổi","NganhNgheTitleAscii":"/nganh-nghe/dong-tau-va-cau-kien-noi","DSTags":["1602139554","An Giang",null]},{"Type":11,"SolrID":"/1602077065-cong-ty-tnhh-moi-gioi-bat-dong-san-dpt","ID":0,"MaSoThue":"1602077065","NgayCap":"2018-07-25T00:00:00Z","Title":"Công Ty TNHH Môi Giới Bất Động Sản Dpt","DiaChiCongTy":"Kiot Số 08, Trung tâm thương mại Chợ Mới, đường Phạm Hồng Thái, Thị Trấn Chợ Mới, Huyện Chợ Mới, Tỉnh An Giang","Created":"2018-07-25T08:38:50Z","Updated":"2018-07-25T08:38:50Z","IsDelete":false,"RequestChanged":false,"ExitsInGDT":false,"SourceID":0,"TinhThanhID":0,"TinhThanhTitle":"An Giang","TinhThanhTitleAscii":"/an-giang","QuanHuyenID":0,"NganhNgheTitle":"Tư vấn, môi giới, đấu giá bất động sản, đấu giá quyền sử dụng đất","NganhNgheTitleAscii":"/nganh-nghe/tu-van-moi-gioi-dau-gia-bat-dong-san-dau-gia-quyen-su-dung-dat","DSTags":["1602077065","An Giang",null]},{"Type":11,"SolrID":"/1602077097-cong-ty-tnhh-le-thi-ba-ch-tuye-t","ID":0,"MaSoThue":"1602077097","NgayCap":"2018-07-25T00:00:00Z","Title":"Công Ty TNHH Lê Thị Bạch Tuyết","DiaChiCongTy":"Tỉnh lộ 942 (đường dẫn cầu Ông Chưởng), Ấp Thị 2, Thị Trấn Chợ Mới, Huyện Chợ Mới, Tỉnh An Giang","Created":"2018-07-25T11:36:11Z","Updated":"2018-07-25T11:36:11Z","IsDelete":false,"RequestChanged":false,"ExitsInGDT":false,"SourceID":0,"TinhThanhID":0,"TinhThanhTitle":"An Giang","TinhThanhTitleAscii":"/an-giang","QuanHuyenID":0,"NganhNgheTitle":"Bán buôn nhiên liệu rắn, lỏng, khí và các sản phẩm liên quan","NganhNgheTitleAscii":"/nganh-nghe/ban-buon-nhien-lieu-ran-long-khi-va-cac-san-pham-lien-quan","DSTags":["1602077097","An Giang",null]},{"Type":11,"SolrID":"/1602076696-cong-ty-tnhh-mo-t-tha-nh-vien-the-p-quo-c-vie-t-ag","ID":0,"MaSoThue":"1602076696","NgayCap":"2018-07-16T00:00:00Z","Title":"Công Ty TNHH Một Thành Viên Thép Quốc Việt Ag","DiaChiCongTy":"Tỉnh lộ 942, Ấp Long Hòa, Thị Trấn Chợ Mới, Huyện Chợ Mới, Tỉnh An Giang","Created":"2018-07-16T17:15:05Z","Updated":"2018-07-16T17:15:05Z","IsDelete":false,"RequestChanged":false,"ExitsInGDT":false,"SourceID":0,"TinhThanhID":0,"TinhThanhTitle":"An Giang","TinhThanhTitleAscii":"/an-giang","QuanHuyenID":0,"NganhNgheTitle":"Rèn, dập, ép và cán kim loại; luyện bột kim loại","NganhNgheTitleAscii":"/nganh-nghe/ren-dap-ep-va-can-kim-loai-luyen-bot-kim-loai","DSTags":["1602076696","An Giang",null]},{"Type":11,"SolrID":"/1602074201-cong-ty-tnhh-xay-dung-hoang-phuc-khang-cho-moi","ID":0,"MaSoThue":"1602074201","NgayCap":"2018-06-13T00:00:00Z","Title":"Công Ty TNHH Xây Dựng Hoàng Phúc Khang Chợ Mới","DiaChiCongTy":"Số 240A, Tổ 3, Ấp Long Hòa, Thị Trấn Chợ Mới, Huyện Chợ Mới, Tỉnh An Giang","Created":"2018-06-13T20:26:06Z","Updated":"2018-06-13T20:26:06Z","IsDelete":false,"RequestChanged":false,"ExitsInGDT":false,"SourceID":0,"TinhThanhID":0,"TinhThanhTitle":"An Giang","TinhThanhTitleAscii":"/an-giang","QuanHuyenID":0,"NganhNgheTitle":"Xây dựng nhà các loại","NganhNgheTitleAscii":"/nganh-nghe/xay-dung-nha-cac-loai","DSTags":["1602074201","An Giang",null]},{"Type":11,"SolrID":"/1602070990-cong-ty-tnhh-mot-thanh-vien-xay-dung-quang-khai-build","ID":0,"MaSoThue":"1602070990","NgayCap":"2018-05-04T00:00:00Z","Title":"Công Ty TNHH Một Thành Viên Xây Dựng Quang Khải Build","DiaChiCongTy":"Số 07 Trần Hưng Đạo, Ấp Thị, Thị Trấn Chợ Mới, Huyện Chợ Mới, Tỉnh An Giang","Created":"2018-05-04T07:34:36Z","Updated":"2018-05-04T07:34:36Z","IsDelete":false,"RequestChanged":false,"ExitsInGDT":false,"SourceID":0,"TinhThanhID":0,"TinhThanhTitle":"An Giang","TinhThanhTitleAscii":"/an-giang","QuanHuyenID":0,"NganhNgheTitle":"Xây dựng công trình đường sắt và đường bộ","NganhNgheTitleAscii":"/nganh-nghe/xay-dung-cong-trinh-duong-sat-va-duong-bo","DSTags":["1602070990","An Giang",null]},{"Type":11,"SolrID":"/1602069201-cong-ty-tnhh-dau-tu-phat-trien-thuong-mai-dich-vu-thien-phuc-cm","ID":0,"MaSoThue":"1602069201","NgayCap":"2018-04-11T00:00:00Z","Title":"Công Ty TNHH Đầu Tư Phát Triển Thương Mại Dịch Vụ Thiên Phúc Cm","DiaChiCongTy":"Số 11, Tỉnh Lộ 942, Ấp Long Hòa, Thị Trấn Chợ Mới, Huyện Chợ Mới, Tỉnh An Giang","Created":"2018-04-11T17:34:57Z","Updated":"2018-04-11T17:34:57Z","IsDelete":false,"RequestChanged":false,"ExitsInGDT":false,"SourceID":0,"TinhThanhID":0,"TinhThanhTitle":"An Giang","TinhThanhTitleAscii":"/an-giang","QuanHuyenID":0,"NganhNgheTitle":"Bán buôn ô tô và xe có động cơ khác","NganhNgheTitleAscii":"/nganh-nghe/ban-buon-o-to-va-xe-co-dong-co-khac","DSTags":["1602069201","An Giang",null]},{"Type":11,"SolrID":"/1602065366-cong-ty-tnhh-mot-thanh-vien-tiem-vang-nguyen-thi-han","ID":0,"MaSoThue":"1602065366","NgayCap":"2018-03-13T00:00:00Z","Title":"Công Ty TNHH Một Thành Viên Tiệm Vàng Nguyễn Thị Hận","DiaChiCongTy":"Số 28A Trần Hưng Đạo, Ấp Thị, Thị Trấn Chợ Mới, Huyện Chợ Mới, Tỉnh An Giang","Created":"2018-03-13T10:08:00Z","Updated":"2018-03-13T10:08:00Z","IsDelete":false,"RequestChanged":false,"ExitsInGDT":false,"SourceID":0,"TinhThanhID":0,"TinhThanhTitle":"An Giang","TinhThanhTitleAscii":"/an-giang","QuanHuyenID":0,"NganhNgheTitle":"Bán buôn kim loại và quặng kim loại","NganhNgheTitleAscii":"/nganh-nghe/ban-buon-kim-loai-va-quang-kim-loai","DSTags":["1602065366","An Giang",null]},{"Type":11,"SolrID":"/1602065045-cong-ty-tnhh-xay-dung-ngoc-chanh","ID":0,"MaSoThue":"1602065045","NgayCap":"2018-03-08T00:00:00Z","Title":"Công Ty TNHH Xây Dựng Ngọc Chánh","DiaChiCongTy":"Tổ 1, Đường Nguyễn Hữu Cảnh, Ấp Long Hòa, Thị Trấn Chợ Mới, Huyện Chợ Mới, Tỉnh An Giang","Created":"2018-03-08T14:26:07Z","Updated":"2018-03-08T14:26:07Z","IsDelete":false,"RequestChanged":false,"ExitsInGDT":false,"SourceID":0,"TinhThanhID":0,"TinhThanhTitle":"An Giang","TinhThanhTitleAscii":"/an-giang","QuanHuyenID":0,"NganhNgheTitle":"Xây dựng nhà các loại","NganhNgheTitleAscii":"/nganh-nghe/xay-dung-nha-cac-loai","DSTags":["1602065045","An Giang",null]},{"Type":11,"SolrID":"/1602044454-cong-ty-tnhh-mot-thanh-vien-vien-thong-tran-tuan-kiet","ID":0,"MaSoThue":"1602044454","NgayCap":"2017-07-03T00:00:00Z","Title":"Công Ty TNHH Một Thành Viên Viễn Thông Trần Tuấn Kiệt","DiaChiCongTy":"Ấp Thị 2, Thị Trấn Chợ Mới, Huyện Chợ Mới, Tỉnh An Giang","Created":"2017-07-03T14:59:08Z","Updated":"2017-07-03T14:59:08Z","IsDelete":false,"RequestChanged":false,"ExitsInGDT":false,"SourceID":0,"TinhThanhID":0,"TinhThanhTitle":"An Giang","TinhThanhTitleAscii":"/an-giang","QuanHuyenID":0,"NganhNgheTitle":"Bán buôn thiết bị và linh kiện điện tử, viễn thông","NganhNgheTitleAscii":"/nganh-nghe/ban-buon-thiet-bi-va-linh-kien-dien-tu-vien-thong","DSTags":["1602044454","An Giang",null]},{"Type":11,"SolrID":"/1602043066-cong-ty-tnhh-mot-thanh-vien-dich-vu-thuong-mai-ket-noi-moi","ID":0,"MaSoThue":"1602043066","NgayCap":"2017-06-20T00:00:00Z","Title":"Công Ty TNHH Một Thành Viên Dịch Vụ Thương Mại Kết Nối Mới","DiaChiCongTy":"Tổ 1, Ấp Thị 2, Thị Trấn Chợ Mới, Huyện Chợ Mới, Tỉnh An Giang","Created":"2017-06-20T14:08:17Z","Updated":"2017-06-20T14:08:17Z","IsDelete":false,"RequestChanged":false,"ExitsInGDT":false,"SourceID":0,"TinhThanhID":0,"TinhThanhTitle":"An Giang","TinhThanhTitleAscii":"/an-giang","QuanHuyenID":0,"NganhNgheTitle":"Bán buôn máy vi tính, thiết bị ngoại vi và phần mềm","NganhNgheTitleAscii":"/nganh-nghe/ban-buon-may-vi-tinh-thiet-bi-ngoai-vi-va-phan-mem","DSTags":["1602043066","An Giang",null]},{"Type":11,"SolrID":"/1602039542-cong-ty-tnhh-thuong-mai-quyen-phat","ID":0,"MaSoThue":"1602039542","NgayCap":"2017-05-04T00:00:00Z","Title":"Công Ty TNHH Thương Mại Quyên Phát","DiaChiCongTy":"Số 183 Nguyễn Huệ,ấp Thị 1, Thị Trấn Chợ Mới, Huyện Chợ Mới, Tỉnh An Giang","Created":"2017-05-04T13:41:23Z","Updated":"2017-05-04T13:41:23Z","IsDelete":false,"RequestChanged":false,"ExitsInGDT":false,"SourceID":0,"TinhThanhID":0,"TinhThanhTitle":"An Giang","TinhThanhTitleAscii":"/an-giang","QuanHuyenID":0,"NganhNgheTitle":"Bán buôn nhiên liệu rắn, lỏng, khí và các sản phẩm liên quan","NganhNgheTitleAscii":"/nganh-nghe/ban-buon-nhien-lieu-ran-long-khi-va-cac-san-pham-lien-quan","DSTags":["1602039542","An Giang",null]},{"Type":11,"SolrID":"/1602033639-cong-ty-tnhh-mot-thanh-vien-dich-vu-giai-tri-kim-ngan","ID":0,"MaSoThue":"1602033639","NgayCap":"2017-02-16T00:00:00Z","Title":"Công Ty TNHH Một Thành Viên Dịch Vụ Giải Trí Kim Ngân","DiaChiCongTy":"Số 169/1 Nguyễn Huệ, Ấp Thị 1, Thị Trấn Chợ Mới, Huyện Chợ Mới, Tỉnh An Giang","Created":"2017-02-16T14:37:39Z","Updated":"2017-02-16T14:37:39Z","IsDelete":false,"RequestChanged":false,"ExitsInGDT":false,"SourceID":0,"TinhThanhID":0,"TinhThanhTitle":"An Giang","TinhThanhTitleAscii":"/an-giang","QuanHuyenID":0,"NganhNgheTitle":"Bán buôn đồ dùng khác cho gia đình","NganhNgheTitleAscii":"/nganh-nghe/ban-buon-do-dung-khac-cho-gia-dinh","DSTags":["1602033639","An Giang",null]},{"Type":11,"SolrID":"/1602033438-cong-ty-tnhh-mot-thanh-vien-minh-nghia-telecom","ID":0,"MaSoThue":"1602033438","NgayCap":"2017-02-14T00:00:00Z","Title":"Công Ty TNHH Một Thành Viên Minh Nghĩa Telecom","DiaChiCongTy":"34A Nguyễn Hữu Cảnh, Thị Trấn Chợ Mới, Huyện Chợ Mới, Tỉnh An Giang","Created":"2017-02-14T13:37:55Z","Updated":"2017-02-14T13:37:55Z","IsDelete":false,"RequestChanged":false,"ExitsInGDT":false,"SourceID":0,"TinhThanhID":0,"TinhThanhTitle":"An Giang","TinhThanhTitleAscii":"/an-giang","QuanHuyenID":0,"NganhNgheTitle":"Bán buôn thiết bị và linh kiện điện tử, viễn thông","NganhNgheTitleAscii":"/nganh-nghe/ban-buon-thiet-bi-va-linh-kien-dien-tu-vien-thong","DSTags":["1602033438","An Giang",null]},{"Type":11,"SolrID":"/1602028420-cong-ty-tnhh-quang-hay","ID":0,"MaSoThue":"1602028420","NgayCap":"2016-12-22T00:00:00Z","Title":"Công Ty TNHH Quang Hay","DiaChiCongTy":"Số 16 Phan Thanh Giản, Thị Trấn Chợ Mới, Huyện Chợ Mới, Tỉnh An Giang","Created":"2016-12-22T07:43:32Z","Updated":"2016-12-22T07:43:32Z","IsDelete":false,"RequestChanged":false,"ExitsInGDT":false,"SourceID":0,"TinhThanhID":0,"TinhThanhTitle":"An Giang","TinhThanhTitleAscii":"/an-giang","QuanHuyenID":0,"NganhNgheTitle":"Bán buôn nhiên liệu rắn, lỏng, khí và các sản phẩm liên quan","NganhNgheTitleAscii":"/nganh-nghe/ban-buon-nhien-lieu-ran-long-khi-va-cac-san-pham-lien-quan","DSTags":["1602028420","An Giang",null]},{"Type":11,"SolrID":"/1602027145-cong-ty-tnhh-mot-thanh-vien-xay-dung-thuong-mai-dich-vu-san-xuat-auto-boll","ID":0,"MaSoThue":"1602027145","NgayCap":"2016-12-14T00:00:00Z","Title":"Công Ty TNHH Một Thành Viên Xây Dựng Thương Mại Dịch Vụ Sản Xuất Auto-boll","DiaChiCongTy":"Số 11 Đường Trần Hưng Đạo, Thị Trấn Chợ Mới, Huyện Chợ Mới, Tỉnh An Giang","Created":"2016-12-14T16:43:41Z","Updated":"2016-12-14T16:43:41Z","IsDelete":false,"RequestChanged":false,"ExitsInGDT":false,"SourceID":0,"TinhThanhID":0,"TinhThanhTitle":"An Giang","TinhThanhTitleAscii":"/an-giang","QuanHuyenID":0,"NganhNgheTitle":"Kinh doanh bất động sản, quyền sử dụng đất thuộc chủ sở hữu, chủ sử dụng hoặc đi thuê","NganhNgheTitleAscii":"/nganh-nghe/kinh-doanh-bat-dong-san-quyen-su-dung-dat-thuoc-chu-so-huu-chu-su-dung-hoac-di-thue","DSTags":["1602027145","An Giang",null]},{"Type":11,"SolrID":"/1602022316-cong-ty-tnhh-mot-thanh-vien-thuong-mai-dich-vu-xay-dung-vien-thong-le-thanh-tien","ID":0,"MaSoThue":"1602022316","NgayCap":"2016-10-31T00:00:00Z","Title":"Công Ty TNHH Một Thành Viên Thương Mại Dịch Vụ Xây Dựng Viễn Thông Lê Thanh Tiến","DiaChiCongTy":"Số 243 tỉnh lộ 942, ấp Long Hòa - Thị trấn Chợ Mới - Huyện Chợ Mới - An Giang","Created":"2016-11-04T08:14:45Z","Updated":"2016-11-04T08:14:45Z","IsDelete":false,"RequestChanged":false,"ExitsInGDT":false,"SourceID":0,"TinhThanhID":0,"TinhThanhTitle":"An Giang","TinhThanhTitleAscii":"/an-giang","QuanHuyenID":0,"NganhNgheTitle":"Hoạt động xây dựng chuyên dụng khác","NganhNgheTitleAscii":"/nganh-nghe/hoat-dong-xay-dung-chuyen-dung-khac","DSTags":["1602022316","An Giang",null]},{"Type":11,"SolrID":"/1602015125-cong-ty-tnhh-xay-dung-an-gia-huy","ID":0,"MaSoThue":"1602015125","NgayCap":"2016-07-26T00:00:00Z","Title":"CôNG TY TNHH XâY DựNG AN GIA HUY","DiaChiCongTy":"Đường Nguyễn Hữu Cảnh, ấp Thị 2 - Thị trấn Chợ Mới - Huyện Chợ Mới - An Giang","Created":"2016-07-30T17:15:43Z","Updated":"2016-09-10T19:07:07Z","IsDelete":false,"RequestChanged":false,"ExitsInGDT":false,"SourceID":0,"TinhThanhID":0,"TinhThanhTitle":"An Giang","TinhThanhTitleAscii":"/an-giang","QuanHuyenID":0,"DSTags":["1602015125","An Giang",null]},{"Type":11,"SolrID":"/1602012533-cong-ty-tnhh-tu-van-xay-dung-cho-moi","ID":0,"MaSoThue":"1602012533","NgayCap":"2016-06-16T00:00:00Z","Title":"Công Ty TNHH Tư Vấn Xây Dựng Chợ Mới","DiaChiCongTy":"Số 299A Trần Hưng Đạo - Thị trấn Chợ Mới - Huyện Chợ Mới - An Giang","Created":"2016-06-22T14:18:48Z","Updated":"2016-06-22T14:18:48Z","IsDelete":false,"RequestChanged":false,"ExitsInGDT":false,"SourceID":0,"TinhThanhID":0,"TinhThanhTitle":"An Giang","TinhThanhTitleAscii":"/an-giang","QuanHuyenID":0,"NganhNgheTitle":"Xây dựng nhà các loại","NganhNgheTitleAscii":"/nganh-nghe/xay-dung-nha-cac-loai","DSTags":["1602012533","An Giang",null]},{"Type":11,"SolrID":"/1602007981-doanh-nghiep-tn-nha-hang-khach-san-thien-phu","ID":0,"MaSoThue":"1602007981","NgayCap":"2016-04-28T00:00:00Z","Title":"Doanh Nghiệp TN Nhà Hàng Khách Sạn Thiên Phú","DiaChiCongTy":"ấp Long Hòa - Thị trấn Chợ Mới - Huyện Chợ Mới - An Giang","Created":"2016-04-29T06:34:44Z","Updated":"2016-04-29T06:34:44Z","IsDelete":false,"RequestChanged":false,"ExitsInGDT":false,"SourceID":0,"TinhThanhID":0,"TinhThanhTitle":"An Giang","TinhThanhTitleAscii":"/an-giang","QuanHuyenID":0,"NganhNgheTitle":"Dịch vụ lưu trú ngắn ngày","NganhNgheTitleAscii":"/nganh-nghe/dich-vu-luu-tru-ngan-ngay","DSTags":["1602007981","An Giang",null]},{"Type":11,"SolrID":"/1601999331-ban-quan-ly-du-an-dau-tu-va-xay-dung-huyen-cho-moi","ID":0,"MaSoThue":"1601999331","NgayCap":"2016-01-20T00:00:00Z","Title":"Ban Quản Lý Dự án Đầu Tư Và Xây Dựng Huyện Chợ Mới","DiaChiCongTy":"ấp Thị - Thị trấn Chợ Mới - Huyện Chợ Mới - An Giang","Created":"2016-01-21T11:10:44Z","Updated":"2016-01-21T11:10:44Z","IsDelete":false,"RequestChanged":false,"ExitsInGDT":false,"SourceID":0,"TinhThanhID":0,"TinhThanhTitle":"An Giang","TinhThanhTitleAscii":"/an-giang","QuanHuyenID":0,"NganhNgheTitle":"Hoạt động của Đảng cộng sản, tổ chức chính trị - xã hội, hoạt động quản lý nhà nước nói chung và kinh tế tổng hợp","NganhNgheTitleAscii":"/nganh-nghe/hoat-dong-cua-dang-cong-san-to-chuc-chinh-tri-xa-hoi-hoat-dong-quan-ly-nha-nuoc-noi-chung-va-kinh-te-tong-hop","DSTags":["1601999331","An Giang",null]},{"Type":11,"SolrID":"/1601999148-doanh-nghiep-tn-hong-phu-buu-son","ID":0,"MaSoThue":"1601999148","NgayCap":"2016-01-19T00:00:00Z","Title":"Doanh Nghiệp TN Hồng Phú Bửu Sơn","DiaChiCongTy":"278, ấp Thị 2 - Thị trấn Chợ Mới - Huyện Chợ Mới - An Giang","Created":"2016-01-28T11:06:04Z","Updated":"2016-01-28T11:06:04Z","IsDelete":false,"RequestChanged":false,"ExitsInGDT":false,"SourceID":0,"TinhThanhID":0,"TinhThanhTitle":"An Giang","TinhThanhTitleAscii":"/an-giang","QuanHuyenID":0,"NganhNgheTitle":"Bán buôn vật liệu, thiết bị lắp đặt khác trong xây dựng","NganhNgheTitleAscii":"/nganh-nghe/ban-buon-vat-lieu-thiet-bi-lap-dat-khac-trong-xay-dung","DSTags":["1601999148","An Giang",null]},{"Type":11,"SolrID":"/1601994703-cong-ty-tnhh-mot-thanh-vien-xay-dung-nhut-quang","ID":0,"MaSoThue":"1601994703","NgayCap":"2015-12-23T00:00:00Z","Title":"Công Ty TNHH Một Thành Viên Xây Dựng Nhựt Quang","DiaChiCongTy":"ấp Thị 1 - Thị trấn Chợ Mới - Huyện Chợ Mới - An Giang","Created":"2015-12-25T05:24:55Z","Updated":"2015-12-25T05:24:55Z","IsDelete":false,"RequestChanged":false,"ExitsInGDT":false,"SourceID":0,"TinhThanhID":0,"TinhThanhTitle":"An Giang","TinhThanhTitleAscii":"/an-giang","QuanHuyenID":0,"NganhNgheTitle":"Xây dựng công trình đường sắt và đường bộ","NganhNgheTitleAscii":"/nganh-nghe/xay-dung-cong-trinh-duong-sat-va-duong-bo","DSTags":["1601994703","An Giang",null]},{"Type":11,"SolrID":"/1601988964-cong-ty-tnhh-mot-thanh-vien-tole-tan-dung","ID":0,"MaSoThue":"1601988964","NgayCap":"2015-11-26T00:00:00Z","Title":"Công Ty TNHH Một Thành Viên Tole Tấn Dũng","DiaChiCongTy":"ấp Long Hòa 1 - Thị trấn Chợ Mới - Huyện Chợ Mới - An Giang","Created":"2015-11-28T08:54:48Z","Updated":"2015-11-28T08:54:48Z","IsDelete":false,"RequestChanged":false,"ExitsInGDT":false,"SourceID":0,"TinhThanhID":0,"TinhThanhTitle":"An Giang","TinhThanhTitleAscii":"/an-giang","QuanHuyenID":0,"NganhNgheTitle":"Rèn, dập, ép và cán kim loại; luyện bột kim loại","NganhNgheTitleAscii":"/nganh-nghe/ren-dap-ep-va-can-kim-loai-luyen-bot-kim-loai","DSTags":["1601988964","An Giang",null]},{"Type":11,"SolrID":"/1601985353-cong-ty-tnhh-mot-thanh-vien-xay-dung-dien-kim-hung","ID":0,"MaSoThue":"1601985353","NgayCap":"2015-10-15T00:00:00Z","Title":"Công Ty TNHH Một Thành Viên Xây Dựng Điện Kim Hưng","DiaChiCongTy":"ấp Long Hòa - Thị trấn Chợ Mới - Huyện Chợ Mới - An Giang","Created":"2015-11-19T10:32:06Z","Updated":"2015-11-19T10:32:06Z","IsDelete":false,"RequestChanged":false,"ExitsInGDT":false,"SourceID":0,"TinhThanhID":0,"TinhThanhTitle":"An Giang","TinhThanhTitleAscii":"/an-giang","QuanHuyenID":0,"NganhNgheTitle":"Lắp đặt hệ thống điện","NganhNgheTitleAscii":"/nganh-nghe/lap-dat-he-thong-dien","DSTags":["1601985353","An Giang",null]},{"Type":11,"SolrID":"/1601985145-cong-ty-tnhh-mot-thanh-vien-tu-van-xay-dung-minh-gia-bao","ID":0,"MaSoThue":"1601985145","NgayCap":"2015-10-12T00:00:00Z","Title":"Công Ty TNHH Một Thành Viên Tư Vấn Xây Dựng Minh Gia Bảo","DiaChiCongTy":"175/1 TL 942, ấp Long Hòa - Thị trấn Chợ Mới - Huyện Chợ Mới - An Giang","Created":"2015-11-19T10:03:24Z","Updated":"2015-11-19T10:03:24Z","IsDelete":false,"RequestChanged":false,"ExitsInGDT":false,"SourceID":0,"TinhThanhID":0,"TinhThanhTitle":"An Giang","TinhThanhTitleAscii":"/an-giang","QuanHuyenID":0,"NganhNgheTitle":"Xây dựng nhà các loại","NganhNgheTitleAscii":"/nganh-nghe/xay-dung-nha-cac-loai","DSTags":["1601985145","An Giang",null]},{"Type":11,"SolrID":"/1601983099-doanh-nghiep-tn-san-xuat-va-kinh-doanh-thuoc-y-hoc-co-truyen-vinh-quang","ID":0,"MaSoThue":"1601983099","NgayCap":"2015-09-15T00:00:00Z","Title":"Doanh Nghiệp TN Sản Xuất Và Kinh Doanh Thuốc Y Học Cổ Truyền Vĩnh Quang","DiaChiCongTy":"Số 209 Trần Hưng Đạo, ấp Thị - Thị trấn Chợ Mới - Huyện Chợ Mới - An Giang","Created":"2015-11-19T01:44:42Z","Updated":"2015-11-19T01:44:42Z","IsDelete":false,"RequestChanged":false,"ExitsInGDT":false,"SourceID":0,"TinhThanhID":0,"TinhThanhTitle":"An Giang","TinhThanhTitleAscii":"/an-giang","QuanHuyenID":0,"NganhNgheTitle":"Sản xuất thuốc, hoá dược và dược liệu","NganhNgheTitleAscii":"/nganh-nghe/san-xuat-thuoc-hoa-duoc-va-duoc-lieu-2100","DSTags":["1601983099","An Giang",null]},{"Type":11,"SolrID":"/1601982426-cong-ty-tnhh-san-xuat-thuong-mai-tien-anh","ID":0,"MaSoThue":"1601982426","NgayCap":"2015-09-09T00:00:00Z","Title":"Công Ty TNHH Sản Xuất - Thương Mại Tiến Anh","DiaChiCongTy":"Số 48, khu dân cư, ấp Thị II - Thị trấn Chợ Mới - Huyện Chợ Mới - An Giang","Created":"2015-11-19T01:12:16Z","Updated":"2015-11-19T01:12:16Z","IsDelete":false,"RequestChanged":false,"ExitsInGDT":false,"SourceID":0,"TinhThanhID":0,"TinhThanhTitle":"An Giang","TinhThanhTitleAscii":"/an-giang","QuanHuyenID":0,"NganhNgheTitle":"Sản xuất các loại bánh từ bột","NganhNgheTitleAscii":"/nganh-nghe/san-xuat-cac-loai-banh-tu-bot","DSTags":["1601982426","An Giang",null]},{"Type":11,"SolrID":"/1601982306-doanh-nghiep-tn-bia-nuoc-giai-khat-thong-nhat","ID":0,"MaSoThue":"1601982306","NgayCap":"2015-09-08T00:00:00Z","Title":"Doanh Nghiệp TN Bia-Nước Giải Khát Thống Nhất","DiaChiCongTy":"Số 60 ấp Long Hòa - Thị trấn Chợ Mới - Huyện Chợ Mới - An Giang","Created":"2015-11-19T01:01:12Z","Updated":"2015-11-19T01:01:12Z","IsDelete":false,"RequestChanged":false,"ExitsInGDT":false,"SourceID":0,"TinhThanhID":0,"TinhThanhTitle":"An Giang","TinhThanhTitleAscii":"/an-giang","QuanHuyenID":0,"NganhNgheTitle":"Bán buôn đồ uống","NganhNgheTitleAscii":"/nganh-nghe/ban-buon-do-uong","DSTags":["1601982306","An Giang",null]},{"Type":11,"SolrID":"/1601981486-doanh-nghiep-tn-thong-nhat-cho-moi","ID":0,"MaSoThue":"1601981486","NgayCap":"2015-08-28T00:00:00Z","Title":"Doanh Nghiệp TN Thống Nhất Chợ Mới","DiaChiCongTy":"Số 45 Lê Lợi - Thị trấn Chợ Mới - Huyện Chợ Mới - An Giang","Created":"2015-11-19T00:32:47Z","Updated":"2015-11-19T00:32:47Z","IsDelete":false,"RequestChanged":false,"ExitsInGDT":false,"SourceID":0,"TinhThanhID":0,"TinhThanhTitle":"An Giang","TinhThanhTitleAscii":"/an-giang","QuanHuyenID":0,"NganhNgheTitle":"Bán buôn đồ uống","NganhNgheTitleAscii":"/nganh-nghe/ban-buon-do-uong","DSTags":["1601981486","An Giang",null]},{"Type":11,"SolrID":"/1601978130-cong-ty-tnhh-mot-thanh-vien-xe-gan-may-hoa-binh-2","ID":0,"MaSoThue":"1601978130","NgayCap":"2015-07-15T00:00:00Z","Title":"Công Ty TNHH Một Thành Viên Xe Gắn Máy Hòa Bình 2","DiaChiCongTy":"Đường Nguyễn Hữu Cảnh - Thị trấn Chợ Mới - Huyện Chợ Mới - An Giang","Created":"2015-11-18T20:03:48Z","Updated":"2015-11-18T20:03:48Z","IsDelete":false,"RequestChanged":false,"ExitsInGDT":false,"SourceID":0,"TinhThanhID":0,"TinhThanhTitle":"An Giang","TinhThanhTitleAscii":"/an-giang","QuanHuyenID":0,"NganhNgheTitle":"Bán mô tô, xe máy","NganhNgheTitleAscii":"/nganh-nghe/ban-mo-to-xe-may","DSTags":["1601978130","An Giang",null]},{"Type":11,"SolrID":"/1601976020-cong-ty-tnhh-mot-thanh-vien-huong-thao-trang","ID":0,"MaSoThue":"1601976020","NgayCap":"2015-06-23T00:00:00Z","Title":"Công Ty TNHH Một Thành Viên Hương Thảo Trang","DiaChiCongTy":"117 đường Nguyễn Huệ - Thị trấn Chợ Mới - Huyện Chợ Mới - An Giang","Created":"2015-11-18T13:28:30Z","Updated":"2015-11-18T13:28:30Z","IsDelete":false,"RequestChanged":false,"ExitsInGDT":false,"SourceID":0,"TinhThanhID":0,"TinhThanhTitle":"An Giang","TinhThanhTitleAscii":"/an-giang","QuanHuyenID":0,"NganhNgheTitle":"Bán buôn chuyên doanh khác chưa được phân vào đâu","NganhNgheTitleAscii":"/nganh-nghe/ban-buon-chuyen-doanh-khac-chua-duoc-phan-vao-dau","DSTags":["1601976020","An Giang",null]},{"Type":11,"SolrID":"/1601965815-cong-ty-tnhh-mot-thanh-vien-thien-loi-cho-moi","ID":0,"MaSoThue":"1601965815","NgayCap":"2015-03-09T00:00:00Z","Title":"Công Ty TNHH Một Thành Viên Thiên Lợi Chợ Mới","DiaChiCongTy":"Số 92A, Ấp Thị 2, Thị Trấn Chợ Mới, Huyện Chợ Mới, Tỉnh An Giang","Created":"2015-11-17T01:42:39Z","Updated":"2020-08-20T13:50:25Z","IsDelete":false,"RequestChanged":false,"ExitsInGDT":false,"SourceID":0,"TinhThanhID":0,"TinhThanhTitle":"An Giang","TinhThanhTitleAscii":"/an-giang","QuanHuyenID":0,"NganhNgheTitle":"Sản xuất giường, tủ, bàn, ghế","NganhNgheTitleAscii":"/nganh-nghe/san-xuat-giuong-tu-ban-ghe","DSTags":["1601965815","An Giang",null]},{"Type":11,"SolrID":"/1601965438-doanh-nghiep-tn-ho-bao-quyen","ID":0,"MaSoThue":"1601965438","NgayCap":"2015-03-03T00:00:00Z","Title":"Doanh Nghiệp TN Hồ Bảo Quyên","DiaChiCongTy":"Số 183 Nguyễn Huệ - Thị trấn Chợ Mới - Huyện Chợ Mới - An Giang","Created":"2015-11-17T01:01:33Z","Updated":"2015-11-17T01:01:33Z","IsDelete":false,"RequestChanged":false,"ExitsInGDT":false,"SourceID":0,"TinhThanhID":0,"TinhThanhTitle":"An Giang","TinhThanhTitleAscii":"/an-giang","QuanHuyenID":0,"NganhNgheTitle":"Bán buôn nông, lâm sản nguyên liệu (trừ gỗ, tre, nứa) và động vật sống","NganhNgheTitleAscii":"/nganh-nghe/ban-buon-nong-lam-san-nguyen-lieu-tru-go-tre-nua-va-dong-vat-song","DSTags":["1601965438","An Giang",null]},{"Type":11,"SolrID":"/1601942624-002-chi-nhanh-2-doanh-nghiep-tn-tro-choi-dien-tu-vinh-phuc","ID":0,"MaSoThue":"1601942624-002","NgayCap":"2014-11-10T00:00:00Z","Title":"Chi Nhánh 2 Doanh Nghiệp TN Trò Chơi Điện Tử Vĩnh Phúc","DiaChiCongTy":"Đường dẫn cầu ông Chưởng, ấp Long Hòa - Thị trấn Chợ Mới - Huyện Chợ Mới - An Giang","Created":"2015-11-18T04:46:27Z","Updated":"2015-11-18T04:46:27Z","IsDelete":false,"RequestChanged":false,"ExitsInGDT":false,"SourceID":0,"TinhThanhID":0,"TinhThanhTitle":"An Giang","TinhThanhTitleAscii":"/an-giang","QuanHuyenID":0,"NganhNgheTitle":"Hoạt động vui chơi giải trí khác chưa được phân vào đâu","NganhNgheTitleAscii":"/nganh-nghe/hoat-dong-vui-choi-giai-tri-khac-chua-duoc-phan-vao-dau","DSTags":["1601942624-002","An Giang",null]},{"Type":11,"SolrID":"/1601942624-001-chi-nhanh-1-doanh-nghiep-tn-tro-choi-dien-tu-vinh-phuc","ID":0,"MaSoThue":"1601942624-001","NgayCap":"2014-11-10T00:00:00Z","Title":"Chi Nhánh 1 Doanh Nghiệp TN Trò Chơi Điện Tử Vĩnh Phúc","DiaChiCongTy":"Số 512, ấp Thị I, Đường dẫn cầu ông Chưởng - Thị trấn Chợ Mới - Huyện Chợ Mới - An Giang","Created":"2015-11-18T04:46:28Z","Updated":"2015-11-18T04:46:28Z","IsDelete":false,"RequestChanged":false,"ExitsInGDT":false,"SourceID":0,"TinhThanhID":0,"TinhThanhTitle":"An Giang","TinhThanhTitleAscii":"/an-giang","QuanHuyenID":0,"NganhNgheTitle":"Hoạt động vui chơi giải trí khác chưa được phân vào đâu","NganhNgheTitleAscii":"/nganh-nghe/hoat-dong-vui-choi-giai-tri-khac-chua-duoc-phan-vao-dau","DSTags":["1601942624-001","An Giang",null]},{"Type":11,"SolrID":"/1601944325-cong-ty-tnhh-tu-van-xay-dung-thuan-tri","ID":0,"MaSoThue":"1601944325","NgayCap":"2014-10-29T00:00:00Z","Title":"Công Ty TNHH Tư Vấn - Xây Dựng Thuận Trị","DiaChiCongTy":"Số 149B/1 Trần Hưng Đạo, ấp Thị I - Thị trấn Chợ Mới - Huyện Chợ Mới - An Giang","Created":"2015-11-11T05:19:40Z","Updated":"2015-11-11T05:19:40Z","IsDelete":false,"RequestChanged":false,"ExitsInGDT":false,"SourceID":0,"TinhThanhID":0,"TinhThanhTitle":"An Giang","TinhThanhTitleAscii":"/an-giang","QuanHuyenID":0,"NganhNgheTitle":"Hoạt động kiến trúc và tư vấn kỹ thuật có liên quan","NganhNgheTitleAscii":"/nganh-nghe/hoat-dong-kien-truc-va-tu-van-ky-thuat-co-lien-quan","DSTags":["1601944325","An Giang",null]},{"Type":11,"SolrID":"/1601942624-doanh-nghiep-tn-tro-choi-dien-tu-vinh-phuc","ID":0,"MaSoThue":"1601942624","NgayCap":"2014-10-14T00:00:00Z","Title":"Doanh Nghiệp TN Trò Chơi Điện Tử Vĩnh Phúc","DiaChiCongTy":"Số 31D Nguyễn Hữu Cảnh, ấp Long Hòa - Thị trấn Chợ Mới - Huyện Chợ Mới - An Giang","Created":"2015-11-11T04:28:17Z","Updated":"2015-11-11T04:28:17Z","IsDelete":false,"RequestChanged":false,"ExitsInGDT":false,"SourceID":0,"TinhThanhID":0,"TinhThanhTitle":"An Giang","TinhThanhTitleAscii":"/an-giang","QuanHuyenID":0,"NganhNgheTitle":"Hoạt động vui chơi giải trí khác chưa được phân vào đâu","NganhNgheTitleAscii":"/nganh-nghe/hoat-dong-vui-choi-giai-tri-khac-chua-duoc-phan-vao-dau","DSTags":["1601942624","An Giang",null]},{"Type":11,"SolrID":"/1601933612-doanh-nghiep-tn-day-nghe-trang-diem-chuyen-nghiep-kim-chau","ID":0,"MaSoThue":"1601933612","NgayCap":"2014-07-30T00:00:00Z","Title":"Doanh Nghiệp TN Dạy Nghề Trang Điểm Chuyên Nghiệp Kim Châu","DiaChiCongTy":"Số 50A Nguyễn Hữu Cảnh, ấp Thị 2 - Thị trấn Chợ Mới - Huyện Chợ Mới - An Giang","Created":"2015-11-09T11:55:44Z","Updated":"2015-11-09T11:55:44Z","IsDelete":false,"RequestChanged":false,"ExitsInGDT":false,"SourceID":0,"TinhThanhID":0,"TinhThanhTitle":"An Giang","TinhThanhTitleAscii":"/an-giang","QuanHuyenID":0,"NganhNgheTitle":"Giáo dục nghề nghiệp","NganhNgheTitleAscii":"/nganh-nghe/giao-duc-nghe-nghiep","DSTags":["1601933612","An Giang",null]},{"Type":11,"SolrID":"/1601006833-002-chi-nhanh-2-cong-ty-tnhh-mot-thanh-vien-kim-chau-gia-tri","ID":0,"MaSoThue":"1601006833-002","NgayCap":"2014-06-23T00:00:00Z","Title":"Chi Nhánh 2 Công Ty TNHH Một Thành Viên Kim Châu Giá Trị","DiaChiCongTy":"Đường Nguyễn Hữu Cảnh, Tổ 1, ấp Long Hòa - Thị trấn Chợ Mới - Huyện Chợ Mới - An Giang","Created":"2015-11-18T10:00:36Z","Updated":"2015-11-18T10:00:36Z","IsDelete":false,"RequestChanged":false,"ExitsInGDT":false,"SourceID":0,"TinhThanhID":0,"TinhThanhTitle":"An Giang","TinhThanhTitleAscii":"/an-giang","QuanHuyenID":0,"NganhNgheTitle":"Bán mô tô, xe máy","NganhNgheTitleAscii":"/nganh-nghe/ban-mo-to-xe-may","DSTags":["1601006833-002","An Giang",null]},{"Type":11,"SolrID":"/1601060245-001-chi-nhanh-2-cong-ty-tnhh-mot-thanh-vien-bao-ky","ID":0,"MaSoThue":"1601060245-001","NgayCap":"2014-06-17T00:00:00Z","Title":"Chi Nhánh 2 Công Ty TNHH Một Thành Viên Bảo Kỳ","DiaChiCongTy":"Số 06 Nguyễn Hữu Cảnh - Thị trấn Chợ Mới - Huyện Chợ Mới - An Giang","Created":"2015-11-11T01:44:36Z","Updated":"2015-11-11T01:44:36Z","IsDelete":false,"RequestChanged":false,"ExitsInGDT":false,"SourceID":0,"TinhThanhID":0,"TinhThanhTitle":"An Giang","TinhThanhTitleAscii":"/an-giang","QuanHuyenID":0,"NganhNgheTitle":"Bán mô tô, xe máy","NganhNgheTitleAscii":"/nganh-nghe/ban-mo-to-xe-may","DSTags":["1601060245-001","An Giang",null]},{"Type":11,"SolrID":"/1601926460-cong-ty-tnhh-mot-thanh-vien-dai-tan-cho-moi","ID":0,"MaSoThue":"1601926460","NgayCap":"2014-06-12T00:00:00Z","Title":"Công Ty TNHH Một Thành Viên Đại Tân Chợ Mới","DiaChiCongTy":"Số 59 Nguyễn Huệ - Thị trấn Chợ Mới - Huyện Chợ Mới - An Giang","Created":"2015-11-09T14:09:43Z","Updated":"2015-11-09T14:09:43Z","IsDelete":false,"RequestChanged":false,"ExitsInGDT":false,"SourceID":0,"TinhThanhID":0,"TinhThanhTitle":"An Giang","TinhThanhTitleAscii":"/an-giang","QuanHuyenID":0,"NganhNgheTitle":"Bán mô tô, xe máy","NganhNgheTitleAscii":"/nganh-nghe/ban-mo-to-xe-may","DSTags":["1601926460","An Giang",null]},{"Type":11,"SolrID":"/1601916536-cong-ty-tnhh-mot-thanh-vien-xay-dung-phuong-dai-phat","ID":0,"MaSoThue":"1601916536","NgayCap":"2014-03-25T00:00:00Z","Title":"Công Ty TNHH Một Thành Viên Xây Dựng Phương Đại Phát","DiaChiCongTy":"Số 84 Trần Hưng Đạo - Thị trấn Chợ Mới - Huyện Chợ Mới - An Giang","Created":"2015-11-09T18:24:55Z","Updated":"2015-11-09T18:24:55Z","IsDelete":false,"RequestChanged":false,"ExitsInGDT":false,"SourceID":0,"TinhThanhID":0,"TinhThanhTitle":"An Giang","TinhThanhTitleAscii":"/an-giang","QuanHuyenID":0,"NganhNgheTitle":"Xây dựng nhà các loại","NganhNgheTitleAscii":"/nganh-nghe/xay-dung-nha-cac-loai","DSTags":["1601916536","An Giang",null]},{"Type":11,"SolrID":"/1601916423-doanh-nghiep-tn-kim-ngoc-cho-moi","ID":0,"MaSoThue":"1601916423","NgayCap":"2014-03-25T00:00:00Z","Title":"Doanh Nghiệp TN Kim Ngọc Chợ Mới","DiaChiCongTy":"Số 48 Lê Lợi - Thị trấn Chợ Mới - Huyện Chợ Mới - An Giang","Created":"2015-11-09T18:30:15Z","Updated":"2015-11-09T18:30:15Z","IsDelete":false,"RequestChanged":false,"ExitsInGDT":false,"SourceID":0,"TinhThanhID":0,"TinhThanhTitle":"An Giang","TinhThanhTitleAscii":"/an-giang","QuanHuyenID":0,"NganhNgheTitle":"Bán buôn kim loại và quặng kim loại","NganhNgheTitleAscii":"/nganh-nghe/ban-buon-kim-loai-va-quang-kim-loai","DSTags":["1601916423","An Giang",null]},{"Type":11,"SolrID":"/1601916487-doanh-nghiep-tn-tiem-vang-dan-giao","ID":0,"MaSoThue":"1601916487","NgayCap":"2014-03-25T00:00:00Z","Title":"Doanh Nghiệp TN Tiệm Vàng Dân Giao","DiaChiCongTy":"Số 95A Nguyễn Huệ - Thị trấn Chợ Mới - Huyện Chợ Mới - An Giang","Created":"2015-11-09T18:36:39Z","Updated":"2015-11-09T18:36:39Z","IsDelete":false,"RequestChanged":false,"ExitsInGDT":false,"SourceID":0,"TinhThanhID":0,"TinhThanhTitle":"An Giang","TinhThanhTitleAscii":"/an-giang","QuanHuyenID":0,"NganhNgheTitle":"Bán buôn kim loại và quặng kim loại","NganhNgheTitleAscii":"/nganh-nghe/ban-buon-kim-loai-va-quang-kim-loai","DSTags":["1601916487","An Giang",null]},{"Type":11,"SolrID":"/1601912771-cong-ty-tnhh-mot-thanh-vien-nong-san-thien-hung","ID":0,"MaSoThue":"1601912771","NgayCap":"2014-02-28T00:00:00Z","Title":"Công Ty TNHH Một Thành Viên Nông Sản Thiên Hưng","DiaChiCongTy":"ấp Long Hòa - Thị trấn Chợ Mới - Huyện Chợ Mới - An Giang","Created":"2015-11-09T21:11:37Z","Updated":"2015-11-09T21:11:37Z","IsDelete":false,"RequestChanged":false,"ExitsInGDT":false,"SourceID":0,"TinhThanhID":0,"TinhThanhTitle":"An Giang","TinhThanhTitleAscii":"/an-giang","QuanHuyenID":0,"NganhNgheTitle":"Bán buôn nông, lâm sản nguyên liệu (trừ gỗ, tre, nứa) và động vật sống","NganhNgheTitleAscii":"/nganh-nghe/ban-buon-nong-lam-san-nguyen-lieu-tru-go-tre-nua-va-dong-vat-song","DSTags":["1601912771","An Giang",null]},{"Type":11,"SolrID":"/1601908327-doanh-nghiep-tn-phat-minh-cho-moi","ID":0,"MaSoThue":"1601908327","NgayCap":"2014-01-20T00:00:00Z","Title":"Doanh Nghiệp TN Phát Minh Chợ Mới","DiaChiCongTy":"Số 277A, ấp Thị 2 - Thị trấn Chợ Mới - Huyện Chợ Mới - An Giang","Created":"2015-11-09T20:14:16Z","Updated":"2015-11-09T20:14:16Z","IsDelete":false,"RequestChanged":false,"ExitsInGDT":false,"SourceID":0,"TinhThanhID":0,"TinhThanhTitle":"An Giang","TinhThanhTitleAscii":"/an-giang","QuanHuyenID":0,"NganhNgheTitle":"Bán buôn vật liệu, thiết bị lắp đặt khác trong xây dựng","NganhNgheTitleAscii":"/nganh-nghe/ban-buon-vat-lieu-thiet-bi-lap-dat-khac-trong-xay-dung","DSTags":["1601908327","An Giang",null]},{"Type":11,"SolrID":"/1601906584-doanh-nghiep-tn-ha-van-minh","ID":0,"MaSoThue":"1601906584","NgayCap":"2014-01-14T00:00:00Z","Title":"Doanh Nghiệp TN Hà Văn Minh","DiaChiCongTy":"Số 277, ấp Thị 2 - Thị trấn Chợ Mới - Huyện Chợ Mới - An Giang","Created":"2015-11-09T20:23:07Z","Updated":"2015-11-09T20:23:07Z","IsDelete":false,"RequestChanged":false,"ExitsInGDT":false,"SourceID":0,"TinhThanhID":0,"TinhThanhTitle":"An Giang","TinhThanhTitleAscii":"/an-giang","QuanHuyenID":0,"NganhNgheTitle":"Bán buôn vật liệu, thiết bị lắp đặt khác trong xây dựng","NganhNgheTitleAscii":"/nganh-nghe/ban-buon-vat-lieu-thiet-bi-lap-dat-khac-trong-xay-dung","DSTags":["1601906584","An Giang",null]},{"Type":11,"SolrID":"/1601886708-doanh-nghiep-tn-khach-san-dong-dong","ID":0,"MaSoThue":"1601886708","NgayCap":"2013-08-16T00:00:00Z","Title":"Doanh Nghiệp TN Khách Sạn Đông Đông","DiaChiCongTy":"Đường Nguyễn Văn Hưởng, ấp Thị 2 - Thị trấn Chợ Mới - Huyện Chợ Mới - An Giang","Created":"2015-11-16T14:06:01Z","Updated":"2015-11-16T14:06:01Z","IsDelete":false,"RequestChanged":false,"ExitsInGDT":false,"SourceID":0,"TinhThanhID":0,"TinhThanhTitle":"An Giang","TinhThanhTitleAscii":"/an-giang","QuanHuyenID":0,"NganhNgheTitle":"Dịch vụ lưu trú ngắn ngày","NganhNgheTitleAscii":"/nganh-nghe/dich-vu-luu-tru-ngan-ngay","DSTags":["1601886708","An Giang",null]},{"Type":11,"SolrID":"/1601877245-doanh-nghiep-tn-tiem-vang-kim-que-cho-moi","ID":0,"MaSoThue":"1601877245","NgayCap":"2013-05-29T00:00:00Z","Title":"Doanh Nghiệp TN Tiệm Vàng Kim Quế Chợ Mới","DiaChiCongTy":"Số 100 Lê Lợi - Thị trấn Chợ Mới - Huyện Chợ Mới - An Giang","Created":"2015-11-17T08:11:43Z","Updated":"2015-11-17T08:11:43Z","IsDelete":false,"RequestChanged":false,"ExitsInGDT":false,"SourceID":0,"TinhThanhID":0,"TinhThanhTitle":"An Giang","TinhThanhTitleAscii":"/an-giang","QuanHuyenID":0,"NganhNgheTitle":"Bán buôn kim loại và quặng kim loại","NganhNgheTitleAscii":"/nganh-nghe/ban-buon-kim-loai-va-quang-kim-loai","DSTags":["1601877245","An Giang",null]},{"Type":11,"SolrID":"/1601875992-doanh-nghiep-tn-tiem-vang-phuoc-thanh","ID":0,"MaSoThue":"1601875992","NgayCap":"2013-05-24T00:00:00Z","Title":"Doanh Nghiệp TN Tiệm Vàng Phước Thanh","DiaChiCongTy":"Số 57 Nguyễn Huệ, ấp Thị - Thị trấn Chợ Mới - Huyện Chợ Mới - An Giang","Created":"2015-11-16T21:09:51Z","Updated":"2015-11-16T21:09:51Z","IsDelete":false,"RequestChanged":false,"ExitsInGDT":false,"SourceID":0,"TinhThanhID":0,"TinhThanhTitle":"An Giang","TinhThanhTitleAscii":"/an-giang","QuanHuyenID":0,"NganhNgheTitle":"Bán buôn kim loại và quặng kim loại","NganhNgheTitleAscii":"/nganh-nghe/ban-buon-kim-loai-va-quang-kim-loai","DSTags":["1601875992","An Giang",null]},{"Type":11,"SolrID":"/1601874854-doanh-nghiep-tn-tiem-vang-kim-dao-cho-moi","ID":0,"MaSoThue":"1601874854","NgayCap":"2013-05-17T00:00:00Z","Title":"Doanh Nghiệp TN Tiệm Vàng Kim Đào Chợ Mới","DiaChiCongTy":"Số 75 Nguyễn Huệ - Thị trấn Chợ Mới - Huyện Chợ Mới - An Giang","Created":"2015-11-16T11:05:32Z","Updated":"2015-11-16T11:05:32Z","IsDelete":false,"RequestChanged":false,"ExitsInGDT":false,"SourceID":0,"TinhThanhID":0,"TinhThanhTitle":"An Giang","TinhThanhTitleAscii":"/an-giang","QuanHuyenID":0,"NganhNgheTitle":"Bán buôn kim loại và quặng kim loại","NganhNgheTitleAscii":"/nganh-nghe/ban-buon-kim-loai-va-quang-kim-loai","DSTags":["1601874854","An Giang",null]},{"Type":11,"SolrID":"/1601874607-doanh-nghiep-tn-tiem-vang-tin-thanh-cho-moi","ID":0,"MaSoThue":"1601874607","NgayCap":"2013-05-16T00:00:00Z","Title":"Doanh Nghiệp TN Tiệm Vàng Tín Thành Chợ Mới","DiaChiCongTy":"Số 61 Nguyễn Huệ, ấp Thị - Thị trấn Chợ Mới - Huyện Chợ Mới - An Giang","Created":"2015-11-18T04:46:52Z","Updated":"2015-11-18T04:46:52Z","IsDelete":false,"RequestChanged":false,"ExitsInGDT":false,"SourceID":0,"TinhThanhID":0,"TinhThanhTitle":"An Giang","TinhThanhTitleAscii":"/an-giang","QuanHuyenID":0,"NganhNgheTitle":"Bán buôn kim loại và quặng kim loại","NganhNgheTitleAscii":"/nganh-nghe/ban-buon-kim-loai-va-quang-kim-loai","DSTags":["1601874607","An Giang",null]},{"Type":11,"SolrID":"/1601862104-cong-ty-tnhh-tu-van-thiet-ke-va-xay-dung-dta","ID":0,"MaSoThue":"1601862104","NgayCap":"2013-02-06T00:00:00Z","Title":"Công Ty TNHH Tư Vấn Thiết Kế Và Xây Dựng Dta","DiaChiCongTy":"Số 143 Trần Hưng Đạo - Thị trấn Chợ Mới - Huyện Chợ Mới - An Giang","Created":"2015-11-12T00:25:40Z","Updated":"2015-11-12T00:25:40Z","IsDelete":false,"RequestChanged":false,"ExitsInGDT":false,"SourceID":0,"TinhThanhID":0,"TinhThanhTitle":"An Giang","TinhThanhTitleAscii":"/an-giang","QuanHuyenID":0,"NganhNgheTitle":"Hoạt động kiến trúc và tư vấn kỹ thuật có liên quan","NganhNgheTitleAscii":"/nganh-nghe/hoat-dong-kien-truc-va-tu-van-ky-thuat-co-lien-quan","DSTags":["1601862104","An Giang",null]},{"Type":11,"SolrID":"/1601788362-trung-tam-dan-so-ke-hoach-hoa-gia-dinh-h-cho-moi","ID":0,"MaSoThue":"1601788362","NgayCap":"2012-07-09T00:00:00Z","Title":"Trung tâm Dân số-Kế hoạch hóa gia đình H. Chợ Mới","DiaChiCongTy":"Nguyễn Huệ -TT Chợ Mới - Thị trấn Chợ Mới - Huyện Chợ Mới - An Giang","Created":"2015-11-17T02:21:25Z","Updated":"2015-11-17T02:21:25Z","IsDelete":false,"RequestChanged":false,"ExitsInGDT":false,"SourceID":0,"TinhThanhID":0,"TinhThanhTitle":"An Giang","TinhThanhTitleAscii":"/an-giang","QuanHuyenID":0,"NganhNgheTitle":"Hoạt động của Đảng cộng sản, tổ chức chính trị - xã hội, hoạt động quản lý nhà nước nói chung và kinh tế tổng hợp","NganhNgheTitleAscii":"/nganh-nghe/hoat-dong-cua-dang-cong-san-to-chuc-chinh-tri-xa-hoi-hoat-dong-quan-ly-nha-nuoc-noi-chung-va-kinh-te-tong-hop","DSTags":["1601788362","An Giang",null]},{"Type":11,"SolrID":"/1601604583-doanh-nghiep-tn-dinh-thanh-phuong","ID":0,"MaSoThue":"1601604583","NgayCap":"2011-11-24T00:00:00Z","Title":"Doanh Nghiệp TN Đinh Thanh Phương","DiaChiCongTy":"Đường Nguyễn Hữu Cảnh, ấp Thị 2 - Thị trấn Chợ Mới - Huyện Chợ Mới - An Giang","Created":"2015-11-10T01:44:47Z","Updated":"2015-11-10T01:44:47Z","IsDelete":false,"RequestChanged":false,"ExitsInGDT":false,"SourceID":0,"TinhThanhID":0,"TinhThanhTitle":"An Giang","TinhThanhTitleAscii":"/an-giang","QuanHuyenID":0,"NganhNgheTitle":"Bán buôn chuyên doanh khác chưa được phân vào đâu","NganhNgheTitleAscii":"/nganh-nghe/ban-buon-chuyen-doanh-khac-chua-duoc-phan-vao-dau","DSTags":["1601604583","An Giang",null]},{"Type":11,"SolrID":"/1601556883-doanh-nghiep-tn-chanh-nguyen","ID":0,"MaSoThue":"1601556883","NgayCap":"2011-09-26T00:00:00Z","Title":"Doanh Nghiệp TN Chánh Nguyễn","DiaChiCongTy":"Số 67 Hai Bà Trưng - Thị trấn Chợ Mới - Huyện Chợ Mới - An Giang","Created":"2015-11-10T01:45:16Z","Updated":"2015-11-10T01:45:16Z","IsDelete":false,"RequestChanged":false,"ExitsInGDT":false,"SourceID":0,"TinhThanhID":0,"TinhThanhTitle":"An Giang","TinhThanhTitleAscii":"/an-giang","QuanHuyenID":0,"NganhNgheTitle":"Chuẩn bị mặt bằng","NganhNgheTitleAscii":"/nganh-nghe/chuan-bi-mat-bang","DSTags":["1601556883","An Giang",null]},{"Type":11,"SolrID":"/1601555953-van-phong-cong-chung-an-giang","ID":0,"MaSoThue":"1601555953","NgayCap":"2011-09-22T00:00:00Z","Title":"Văn Phòng Công Chứng An Giang","DiaChiCongTy":"Số 40, tỉnh lộ 942, ấp Long Hòa - Thị trấn Chợ Mới - Huyện Chợ Mới - An Giang","Created":"2015-11-16T13:31:45Z","Updated":"2015-11-16T13:31:45Z","IsDelete":false,"RequestChanged":false,"ExitsInGDT":false,"SourceID":0,"TinhThanhID":0,"TinhThanhTitle":"An Giang","TinhThanhTitleAscii":"/an-giang","QuanHuyenID":0,"NganhNgheTitle":"Hoạt động công chứng và chứng thực","NganhNgheTitleAscii":"/nganh-nghe/hoat-dong-cong-chung-va-chung-thuc","DSTags":["1601555953","An Giang",null]},{"Type":11,"SolrID":"/1601507011-cong-ty-tnhh-sx-tm-dv-phat-du","ID":0,"MaSoThue":"1601507011","NgayCap":"2011-07-13T00:00:00Z","Title":"Công Ty TNHH Sx-Tm-Dv Phát Dư","DiaChiCongTy":"Số 39 Hai Bà Trưng - Thị trấn Chợ Mới - Huyện Chợ Mới - An Giang","Created":"2015-11-09T02:19:56Z","Updated":"2015-11-09T02:19:56Z","IsDelete":false,"RequestChanged":false,"ExitsInGDT":false,"SourceID":0,"TinhThanhID":0,"TinhThanhTitle":"An Giang","TinhThanhTitleAscii":"/an-giang","QuanHuyenID":0,"NganhNgheTitle":"Bán buôn nông, lâm sản nguyên liệu (trừ gỗ, tre, nứa) và động vật sống","NganhNgheTitleAscii":"/nganh-nghe/ban-buon-nong-lam-san-nguyen-lieu-tru-go-tre-nua-va-dong-vat-song","DSTags":["1601507011","An Giang",null]},{"Type":11,"SolrID":"/1601490022-trung-tam-phat-trien-quy-dat-huyen-cho-moi","ID":0,"MaSoThue":"1601490022","NgayCap":"2011-05-10T00:00:00Z","Title":"Trung Tâm Phát Triển Quỹ Đất Huyện Chợ Mới","DiaChiCongTy":"Khu hành chính UBND Huyện Chợ Mới; Đường Nguyễn Huệ - Thị trấn Chợ Mới - Huyện Chợ Mới - An Giang","Created":"2015-11-17T07:15:45Z","Updated":"2015-11-17T07:15:45Z","IsDelete":false,"RequestChanged":false,"ExitsInGDT":false,"SourceID":0,"TinhThanhID":0,"TinhThanhTitle":"An Giang","TinhThanhTitleAscii":"/an-giang","QuanHuyenID":0,"NganhNgheTitle":"Hoạt động của Đảng cộng sản, tổ chức chính trị - xã hội, hoạt động quản lý nhà nước nói chung và kinh tế tổng hợp","NganhNgheTitleAscii":"/nganh-nghe/hoat-dong-cua-dang-cong-san-to-chuc-chinh-tri-xa-hoi-hoat-dong-quan-ly-nha-nuoc-noi-chung-va-kinh-te-tong-hop","DSTags":["1601490022","An Giang",null]},{"Type":11,"SolrID":"/1601487559-cong-ty-tnhh-viet-hong-phu","ID":0,"MaSoThue":"1601487559","NgayCap":"2011-04-25T00:00:00Z","Title":"Công Ty TNHH Việt Hồng Phú","DiaChiCongTy":"Số 27 Lê Lợi, ấp Thị - Thị trấn Chợ Mới - Huyện Chợ Mới - An Giang","Created":"2015-11-11T12:47:20Z","Updated":"2015-11-11T12:47:20Z","IsDelete":false,"RequestChanged":false,"ExitsInGDT":false,"SourceID":0,"TinhThanhID":0,"TinhThanhTitle":"An Giang","TinhThanhTitleAscii":"/an-giang","QuanHuyenID":0,"NganhNgheTitle":"Xây dựng công trình đường sắt và đường bộ","NganhNgheTitleAscii":"/nganh-nghe/xay-dung-cong-trinh-duong-sat-va-duong-bo","DSTags":["1601487559","An Giang",null]},{"Type":11,"SolrID":"/1600671065-001-chi-nhanh-doanh-nghiep-tu-nhan-an-kien-cua-hang-xang-dau-an-kien-so-1","ID":0,"MaSoThue":"1600671065-001","NgayCap":"2010-12-30T00:00:00Z","Title":"Chi Nhánh Doanh Nghiệp Tư Nhân An Kiên - Cửa Hàng Xăng Dầu An Kiên Số 1","DiaChiCongTy":"Kho A, tỉnh lộ 942, ấp Long Hòa - Thị trấn Chợ Mới - Huyện Chợ Mới - An Giang","Created":"2015-11-10T01:43:48Z","Updated":"2015-11-10T01:43:48Z","IsDelete":false,"RequestChanged":false,"ExitsInGDT":false,"SourceID":0,"TinhThanhID":0,"TinhThanhTitle":"An Giang","TinhThanhTitleAscii":"/an-giang","QuanHuyenID":0,"NganhNgheTitle":"Bán buôn nhiên liệu rắn, lỏng, khí và các sản phẩm liên quan","NganhNgheTitleAscii":"/nganh-nghe/ban-buon-nhien-lieu-ran-long-khi-va-cac-san-pham-lien-quan","DSTags":["1600671065-001","An Giang",null]},{"Type":11,"SolrID":"/1600671065-002-chi-nhanh-doanh-nghiep-tu-nhan-an-kien-cua-hang-xang-dau-an-kien-so-2","ID":0,"MaSoThue":"1600671065-002","NgayCap":"2010-12-30T00:00:00Z","Title":"Chi Nhánh Doanh Nghiệp Tư Nhân An Kiên - Cửa Hàng Xăng Dầu An Kiên Số 2","DiaChiCongTy":"Kho B, ấp Long Hòa - Thị trấn Chợ Mới - Huyện Chợ Mới - An Giang","Created":"2015-11-10T01:44:45Z","Updated":"2015-11-10T01:44:45Z","IsDelete":false,"RequestChanged":false,"ExitsInGDT":false,"SourceID":0,"TinhThanhID":0,"TinhThanhTitle":"An Giang","TinhThanhTitleAscii":"/an-giang","QuanHuyenID":0,"NganhNgheTitle":"Bán buôn nhiên liệu rắn, lỏng, khí và các sản phẩm liên quan","NganhNgheTitleAscii":"/nganh-nghe/ban-buon-nhien-lieu-ran-long-khi-va-cac-san-pham-lien-quan","DSTags":["1600671065-002","An Giang",null]},{"Type":11,"SolrID":"/1600671065-003-chi-nhanh-doanh-nghiep-tn-an-kien-cua-hang-xang-dau-an-kien-so-3","ID":0,"MaSoThue":"1600671065-003","NgayCap":"2010-12-30T00:00:00Z","Title":"Chi Nhánh Doanh Nghiệp TN An Kiên - Cửa Hàng Xăng Dầu An Kiên Số 3","DiaChiCongTy":"Xà lan AG-10157-H, ấp Long Hòa - Thị trấn Chợ Mới - Huyện Chợ Mới - An Giang","Created":"2015-11-11T05:43:56Z","Updated":"2015-11-11T05:43:56Z","IsDelete":false,"RequestChanged":false,"ExitsInGDT":false,"SourceID":0,"TinhThanhID":0,"TinhThanhTitle":"An Giang","TinhThanhTitleAscii":"/an-giang","QuanHuyenID":0,"NganhNgheTitle":"Bán buôn nhiên liệu rắn, lỏng, khí và các sản phẩm liên quan","NganhNgheTitleAscii":"/nganh-nghe/ban-buon-nhien-lieu-ran-long-khi-va-cac-san-pham-lien-quan","DSTags":["1600671065-003","An Giang",null]},{"Type":11,"SolrID":"/1600184590-038-chi-nhanh-cong-ty-tnhh-mot-thanh-vien-xang-dau-an-giang-cua-hang-xang-dau-cho-moi","ID":0,"MaSoThue":"1600184590-038","NgayCap":"2010-12-13T00:00:00Z","Title":"Chi Nhánh Công Ty TNHH Một Thành Viên Xăng Dầu An Giang-Cửa Hàng Xăng Dầu Chợ Mới","DiaChiCongTy":"ấp Long Hòa - Thị trấn Chợ Mới - Huyện Chợ Mới - An Giang","Created":"2015-11-10T01:40:48Z","Updated":"2015-11-10T01:40:48Z","IsDelete":false,"RequestChanged":false,"ExitsInGDT":false,"SourceID":0,"TinhThanhID":0,"TinhThanhTitle":"An Giang","TinhThanhTitleAscii":"/an-giang","QuanHuyenID":0,"NganhNgheTitle":"Bán buôn nhiên liệu rắn, lỏng, khí và các sản phẩm liên quan","NganhNgheTitleAscii":"/nganh-nghe/ban-buon-nhien-lieu-ran-long-khi-va-cac-san-pham-lien-quan","DSTags":["1600184590-038","An Giang",null]},{"Type":11,"SolrID":"/1601229702-001-cong-ty-tnhh-mot-thanh-vien-hoa-binh-chi-nhanh-hoa-binh-2","ID":0,"MaSoThue":"1601229702-001","NgayCap":"2010-12-07T00:00:00Z","Title":"Công Ty TNHH Một Thành Viên Hòa Bình-Chi Nhánh Hòa Bình 2","DiaChiCongTy":"Đường Nguyễn Hữu Cảnh, ấp Long Hòa - Thị trấn Chợ Mới - Huyện Chợ Mới - An Giang","Created":"2015-11-10T01:45:02Z","Updated":"2015-11-10T01:45:02Z","IsDelete":false,"RequestChanged":false,"ExitsInGDT":false,"SourceID":0,"TinhThanhID":0,"TinhThanhTitle":"An Giang","TinhThanhTitleAscii":"/an-giang","QuanHuyenID":0,"NganhNgheTitle":"Bán mô tô, xe máy","NganhNgheTitleAscii":"/nganh-nghe/ban-mo-to-xe-may","DSTags":["1601229702-001","An Giang",null]},{"Type":11,"SolrID":"/1601390998-doanh-nghiep-tn-san-xuat-xoi-phong-kim-huong","ID":0,"MaSoThue":"1601390998","NgayCap":"2010-08-12T00:00:00Z","Title":"Doanh Nghiệp TN Sản Xuất Xôi Phồng Kim Hương","DiaChiCongTy":"ấp Long Hòa - Thị trấn Chợ Mới - Huyện Chợ Mới - An Giang","Created":"2015-11-16T21:29:41Z","Updated":"2015-11-16T21:29:41Z","IsDelete":false,"RequestChanged":false,"ExitsInGDT":false,"SourceID":0,"TinhThanhID":0,"TinhThanhTitle":"An Giang","TinhThanhTitleAscii":"/an-giang","QuanHuyenID":0,"NganhNgheTitle":"Sản xuất thực phẩm khác chưa được phân vào đâu","NganhNgheTitleAscii":"/nganh-nghe/san-xuat-thuc-pham-khac-chua-duoc-phan-vao-dau","DSTags":["1601390998","An Giang",null]},{"Type":11,"SolrID":"/1601316070-cong-ty-tnhh-hong-long","ID":0,"MaSoThue":"1601316070","NgayCap":"2010-03-24T00:00:00Z","Title":"Công Ty TNHH  Hồng Long","DiaChiCongTy":"Số 150 tỉnh lộ 942 - Thị trấn Chợ Mới - Huyện Chợ Mới - An Giang","Created":"2015-11-09T11:37:39Z","Updated":"2015-11-09T11:37:39Z","IsDelete":false,"RequestChanged":false,"ExitsInGDT":false,"SourceID":0,"TinhThanhID":0,"TinhThanhTitle":"An Giang","TinhThanhTitleAscii":"/an-giang","QuanHuyenID":0,"NganhNgheTitle":"Bán buôn kim loại và quặng kim loại","NganhNgheTitleAscii":"/nganh-nghe/ban-buon-kim-loai-va-quang-kim-loai","DSTags":["1601316070","An Giang",null]},{"Type":11,"SolrID":"/1601294564-cong-ty-tnhh-mot-thanh-vien-xay-dung-van-vu-cho-moi","ID":0,"MaSoThue":"1601294564","NgayCap":"2010-02-02T00:00:00Z","Title":"Công Ty TNHH Một Thành Viên Xây Dựng Văn Vũ Chợ Mới","DiaChiCongTy":"Số 70 Nguyễn Thái Học, Thị Trấn Chợ Mới, Huyện Chợ Mới, Tỉnh An Giang","Created":"2018-04-13T16:51:12Z","Updated":"2018-04-13T16:51:12Z","IsDelete":false,"RequestChanged":false,"ExitsInGDT":false,"SourceID":0,"TinhThanhID":0,"TinhThanhTitle":"An Giang","TinhThanhTitleAscii":"/an-giang","QuanHuyenID":0,"NganhNgheTitle":"Xây dựng nhà các loại","NganhNgheTitleAscii":"/nganh-nghe/xay-dung-nha-cac-loai","DSTags":["1601294564","An Giang",null]},{"Type":11,"SolrID":"/1601010371-002-chi-nhanh-cong-ty-tnhh-mot-thanh-vien-kim-chau-2","ID":0,"MaSoThue":"1601010371-002","NgayCap":"2009-12-04T00:00:00Z","Title":"Chi Nhánh Công Ty TNHH Một Thành Viên Kim Châu 2","DiaChiCongTy":"Đường Nguyễn Hữu Cảnh,ấp Long Hòa - Thị trấn Chợ Mới - Huyện Chợ Mới - An Giang","Created":"2015-11-18T10:01:22Z","Updated":"2015-11-18T10:01:22Z","IsDelete":false,"RequestChanged":false,"ExitsInGDT":false,"SourceID":0,"TinhThanhID":0,"TinhThanhTitle":"An Giang","TinhThanhTitleAscii":"/an-giang","QuanHuyenID":0,"NganhNgheTitle":"Bán mô tô, xe máy","NganhNgheTitleAscii":"/nganh-nghe/ban-mo-to-xe-may","DSTags":["1601010371-002","An Giang",null]},{"Type":11,"SolrID":"/1601217739-trung-tam-van-hoa-thong-tin","ID":0,"MaSoThue":"1601217739","NgayCap":"2009-09-15T00:00:00Z","Title":"Trung Tâm Văn Hoá Thông Tin","DiaChiCongTy":"ấp Long Hoà ,Thị Trấn Chợ Mới - Huyện Chợ Mới - An Giang","Created":"2015-11-16T21:58:05Z","Updated":"2015-11-16T21:58:05Z","IsDelete":false,"RequestChanged":false,"ExitsInGDT":false,"SourceID":0,"TinhThanhID":0,"TinhThanhTitle":"An Giang","TinhThanhTitleAscii":"/an-giang","QuanHuyenID":0,"NganhNgheTitle":"Hoạt động quản lý nhà nước nói chung và kinh tế tổng hợp","NganhNgheTitleAscii":"/nganh-nghe/hoat-dong-quan-ly-nha-nuoc-noi-chung-va-kinh-te-tong-hop","DSTags":["1601217739","An Giang",null]},{"Type":11,"SolrID":"/1601209826-bao-hiem-xa-hoi-huyen-cho-moi","ID":0,"MaSoThue":"1601209826","NgayCap":"2009-08-26T00:00:00Z","Title":"Bảo Hiểm Xã Hội Huyện Chợ Mới","DiaChiCongTy":"Lê Lợi ,Thị Trấn Chợ Mới - Huyện Chợ Mới - An Giang","Created":"2015-11-16T08:51:53Z","Updated":"2015-11-16T08:51:53Z","IsDelete":false,"RequestChanged":false,"ExitsInGDT":false,"SourceID":0,"TinhThanhID":0,"TinhThanhTitle":"An Giang","TinhThanhTitleAscii":"/an-giang","QuanHuyenID":0,"NganhNgheTitle":"Hoạt động quản lý nhà nước nói chung và kinh tế tổng hợp","NganhNgheTitleAscii":"/nganh-nghe/hoat-dong-quan-ly-nha-nuoc-noi-chung-va-kinh-te-tong-hop","DSTags":["1601209826","An Giang",null]},{"Type":11,"SolrID":"/1601208131-lien-doan-lao-dong-huyen-cho-moi","ID":0,"MaSoThue":"1601208131","NgayCap":"2009-08-19T00:00:00Z","Title":"Liên Đoàn Lao Động Huyện Chợ Mới","DiaChiCongTy":"Nguyễn Huệ, Thị Trấn Chợ Mới - Huyện Chợ Mới - An Giang","Created":"2015-11-15T20:49:56Z","Updated":"2015-11-15T20:49:56Z","IsDelete":false,"RequestChanged":false,"ExitsInGDT":false,"SourceID":0,"TinhThanhID":0,"TinhThanhTitle":"An Giang","TinhThanhTitleAscii":"/an-giang","QuanHuyenID":0,"NganhNgheTitle":"Hoạt động quản lý nhà nước nói chung và kinh tế tổng hợp","NganhNgheTitleAscii":"/nganh-nghe/hoat-dong-quan-ly-nha-nuoc-noi-chung-va-kinh-te-tong-hop","DSTags":["1601208131","An Giang",null]},{"Type":11,"SolrID":"/1601204641-van-phong-uy-ban-nhan-dan-huyen-cho-moi","ID":0,"MaSoThue":"1601204641","NgayCap":"2009-08-05T00:00:00Z","Title":"Văn Phòng Uỷ Ban Nhân Dân Huyện Chợ Mới","DiaChiCongTy":"Nguyễn Huệ, Thị Trấn Chợ Mới - Huyện Chợ Mới - An Giang","Created":"2015-11-16T22:22:20Z","Updated":"2015-11-16T22:22:20Z","IsDelete":false,"RequestChanged":false,"ExitsInGDT":false,"SourceID":0,"TinhThanhID":0,"TinhThanhTitle":"An Giang","TinhThanhTitleAscii":"/an-giang","QuanHuyenID":0,"NganhNgheTitle":"Hoạt động quản lý nhà nước nói chung và kinh tế tổng hợp","NganhNgheTitleAscii":"/nganh-nghe/hoat-dong-quan-ly-nha-nuoc-noi-chung-va-kinh-te-tong-hop","DSTags":["1601204641","An Giang",null]},{"Type":11,"SolrID":"/1601204659-hoi-cuu-chien-binh-huyen-cho-moi","ID":0,"MaSoThue":"1601204659","NgayCap":"2009-08-05T00:00:00Z","Title":"Hội Cựu Chiến Binh Huyện Chợ Mới","DiaChiCongTy":"Nguyễn Huệ, Thị Trấn Chợ Mới - Huyện Chợ Mới - An Giang","Created":"2015-11-16T09:57:41Z","Updated":"2015-11-16T09:57:41Z","IsDelete":false,"RequestChanged":false,"ExitsInGDT":false,"SourceID":0,"TinhThanhID":0,"TinhThanhTitle":"An Giang","TinhThanhTitleAscii":"/an-giang","QuanHuyenID":0,"NganhNgheTitle":"Hoạt động của Đảng cộng sản, tổ chức chính trị - xã hội, quản lý nhà nước, an ninh quốc phòng và bảo đảm xã hội bắt buộc","NganhNgheTitleAscii":"/nganh-nghe/hoat-dong-cua-dang-cong-san-to-chuc-chinh-tri-xa-hoi-quan-ly-nha-nuoc-an-ninh-quoc-phong-va-bao-dam-xa-hoi-bat-buoc","DSTags":["1601204659","An Giang",null]},{"Type":11,"SolrID":"/1601204320-phong-noi-vu","ID":0,"MaSoThue":"1601204320","NgayCap":"2009-08-04T00:00:00Z","Title":"Phòng Nội Vụ","DiaChiCongTy":"Nguyễn Huệ, Thị Trấn Chợ Mới - Huyện Chợ Mới - An Giang","Created":"2015-11-16T09:59:50Z","Updated":"2015-11-16T09:59:50Z","IsDelete":false,"RequestChanged":false,"ExitsInGDT":false,"SourceID":0,"TinhThanhID":0,"TinhThanhTitle":"An Giang","TinhThanhTitleAscii":"/an-giang","QuanHuyenID":0,"NganhNgheTitle":"Hoạt động quản lý nhà nước nói chung và kinh tế tổng hợp","NganhNgheTitleAscii":"/nganh-nghe/hoat-dong-quan-ly-nha-nuoc-noi-chung-va-kinh-te-tong-hop","DSTags":["1601204320","An Giang",null]},{"Type":11,"SolrID":"/1601203327-phong-lao-dong-thuong-binh-va-xa-hoi","ID":0,"MaSoThue":"1601203327","NgayCap":"2009-07-31T00:00:00Z","Title":"Phòng Lao Động-Thương Binh Và Xã Hội","DiaChiCongTy":"Nguyễn Huệ -Thị Trấn Chợ Mới - Huyện Chợ Mới - An Giang","Created":"2015-11-16T10:04:39Z","Updated":"2015-11-16T10:04:39Z","IsDelete":false,"RequestChanged":false,"ExitsInGDT":false,"SourceID":0,"TinhThanhID":0,"TinhThanhTitle":"An Giang","TinhThanhTitleAscii":"/an-giang","QuanHuyenID":0,"NganhNgheTitle":"Hoạt động quản lý nhà nước nói chung và kinh tế tổng hợp","NganhNgheTitleAscii":"/nganh-nghe/hoat-dong-quan-ly-nha-nuoc-noi-chung-va-kinh-te-tong-hop","DSTags":["1601203327","An Giang",null]},{"Type":11,"SolrID":"/1601203341-ban-chap-hanh-huyen-doan-huyen-cho-moi","ID":0,"MaSoThue":"1601203341","NgayCap":"2009-07-31T00:00:00Z","Title":"Ban Chấp Hành Huyện Đoàn Huyện Chợ Mới","DiaChiCongTy":"Nguyễn Huệ,Thị Trấn Chợ Mới - Huyện Chợ Mới - An Giang","Created":"2015-11-16T10:04:40Z","Updated":"2015-11-16T10:04:40Z","IsDelete":false,"RequestChanged":false,"ExitsInGDT":false,"SourceID":0,"TinhThanhID":0,"TinhThanhTitle":"An Giang","TinhThanhTitleAscii":"/an-giang","QuanHuyenID":0,"NganhNgheTitle":"Hoạt động quản lý nhà nước nói chung và kinh tế tổng hợp","NganhNgheTitleAscii":"/nganh-nghe/hoat-dong-quan-ly-nha-nuoc-noi-chung-va-kinh-te-tong-hop","DSTags":["1601203341","An Giang",null]},{"Type":11,"SolrID":"/1601201591-phong-kinh-te-ha-tang-huyen-cho-moi","ID":0,"MaSoThue":"1601201591","NgayCap":"2009-07-29T00:00:00Z","Title":"Phòng Kinh Tế -Hạ Tầng  Huyện Chợ Mới","DiaChiCongTy":"số 06 Lê Lợi ,Thị Trấn Chợ Mới - Huyện Chợ Mới - An Giang","Created":"2015-11-16T10:12:56Z","Updated":"2015-11-16T10:12:56Z","IsDelete":false,"RequestChanged":false,"ExitsInGDT":false,"SourceID":0,"TinhThanhID":0,"TinhThanhTitle":"An Giang","TinhThanhTitleAscii":"/an-giang","QuanHuyenID":0,"NganhNgheTitle":"Hoạt động quản lý nhà nước nói chung và kinh tế tổng hợp","NganhNgheTitleAscii":"/nganh-nghe/hoat-dong-quan-ly-nha-nuoc-noi-chung-va-kinh-te-tong-hop","DSTags":["1601201591","An Giang",null]},{"Type":11,"SolrID":"/1601196415-uy-ban-mat-tran-to-quoc-viet-nam-huyen-cho-moi","ID":0,"MaSoThue":"1601196415","NgayCap":"2009-07-23T00:00:00Z","Title":"Uỷ Ban Mặt Trận Tổ Quốc Việt Nam Huyện Chợ Mới","DiaChiCongTy":"Nguyễn Huệ,ấp Thị,Thị Trấn Chợ Mới - Huyện Chợ Mới - An Giang","Created":"2015-11-16T10:40:06Z","Updated":"2015-11-16T10:40:06Z","IsDelete":false,"RequestChanged":false,"ExitsInGDT":false,"SourceID":0,"TinhThanhID":0,"TinhThanhTitle":"An Giang","TinhThanhTitleAscii":"/an-giang","QuanHuyenID":0,"NganhNgheTitle":"Hoạt động quản lý nhà nước nói chung và kinh tế tổng hợp","NganhNgheTitleAscii":"/nganh-nghe/hoat-dong-quan-ly-nha-nuoc-noi-chung-va-kinh-te-tong-hop","DSTags":["1601196415","An Giang",null]},{"Type":11,"SolrID":"/1601195267-hoi-lien-hiep-phu-nu-huyen-cho-moi","ID":0,"MaSoThue":"1601195267","NgayCap":"2009-07-23T00:00:00Z","Title":"Hội Liên Hiệp Phụ Nữ Huyện Chợ Mới","DiaChiCongTy":"Nguyễn Huệ ,Thị Trấn Chợ Mới - Huyện Chợ Mới - An Giang","Created":"2015-11-16T10:40:15Z","Updated":"2015-11-16T10:40:15Z","IsDelete":false,"RequestChanged":false,"ExitsInGDT":false,"SourceID":0,"TinhThanhID":0,"TinhThanhTitle":"An Giang","TinhThanhTitleAscii":"/an-giang","QuanHuyenID":0,"NganhNgheTitle":"Hoạt động quản lý nhà nước nói chung và kinh tế tổng hợp","NganhNgheTitleAscii":"/nganh-nghe/hoat-dong-quan-ly-nha-nuoc-noi-chung-va-kinh-te-tong-hop","DSTags":["1601195267","An Giang",null]},{"Type":11,"SolrID":"/1601195274-hoi-nong-dan-huyen-cho-moi","ID":0,"MaSoThue":"1601195274","NgayCap":"2009-07-23T00:00:00Z","Title":"Hội Nông Dân Huyện Chợ Mới","DiaChiCongTy":"Nguyễn Huệ ,Thị Trấn Chợ Mới - Huyện Chợ Mới - An Giang","Created":"2015-11-16T10:40:16Z","Updated":"2015-11-16T10:40:16Z","IsDelete":false,"RequestChanged":false,"ExitsInGDT":false,"SourceID":0,"TinhThanhID":0,"TinhThanhTitle":"An Giang","TinhThanhTitleAscii":"/an-giang","QuanHuyenID":0,"NganhNgheTitle":"Hoạt động quản lý nhà nước nói chung và kinh tế tổng hợp","NganhNgheTitleAscii":"/nganh-nghe/hoat-dong-quan-ly-nha-nuoc-noi-chung-va-kinh-te-tong-hop","DSTags":["1601195274","An Giang",null]},{"Type":11,"SolrID":"/1601193446-trung-tam-boi-duong-chinh-tri-huyen-cho-moi","ID":0,"MaSoThue":"1601193446","NgayCap":"2009-07-20T00:00:00Z","Title":"Trung Tâm Bồi Dưỡng Chính Trị Huyện Chợ Mới","DiaChiCongTy":"Nguyễn Huệ ,Thị Trấn Chợ Mới - Huyện Chợ Mới - An Giang","Created":"2015-11-16T22:36:26Z","Updated":"2015-11-16T22:36:26Z","IsDelete":false,"RequestChanged":false,"ExitsInGDT":false,"SourceID":0,"TinhThanhID":0,"TinhThanhTitle":"An Giang","TinhThanhTitleAscii":"/an-giang","QuanHuyenID":0,"NganhNgheTitle":"Hoạt động quản lý nhà nước nói chung và kinh tế tổng hợp","NganhNgheTitleAscii":"/nganh-nghe/hoat-dong-quan-ly-nha-nuoc-noi-chung-va-kinh-te-tong-hop","DSTags":["1601193446","An Giang",null]},{"Type":11,"SolrID":"/1601193414-toa-an-nhan-dan-huyen-cho-moi","ID":0,"MaSoThue":"1601193414","NgayCap":"2009-07-20T00:00:00Z","Title":"Toà án Nhân Dân Huyện Chợ Mới","DiaChiCongTy":"ấp Long Hoà ,Thị Trấn Chợ Mới - Huyện Chợ Mới - An Giang","Created":"2015-11-16T11:05:46Z","Updated":"2015-11-16T11:05:46Z","IsDelete":false,"RequestChanged":false,"ExitsInGDT":false,"SourceID":0,"TinhThanhID":0,"TinhThanhTitle":"An Giang","TinhThanhTitleAscii":"/an-giang","QuanHuyenID":0,"NganhNgheTitle":"Hoạt động quản lý nhà nước nói chung và kinh tế tổng hợp","NganhNgheTitleAscii":"/nganh-nghe/hoat-dong-quan-ly-nha-nuoc-noi-chung-va-kinh-te-tong-hop","DSTags":["1601193414","An Giang",null]},{"Type":11,"SolrID":"/1601192040-vien-kiem-sat-nhan-dan-huyen-cho-moi","ID":0,"MaSoThue":"1601192040","NgayCap":"2009-07-16T00:00:00Z","Title":"Viên Kiểm Sát Nhân Dân Huyện Chợ Mới","DiaChiCongTy":"Đường Lê Lợi ,Thị Trấn Chợ Mới - Huyện Chợ Mới - An Giang","Created":"2015-11-16T11:18:24Z","Updated":"2015-11-16T11:18:24Z","IsDelete":false,"RequestChanged":false,"ExitsInGDT":false,"SourceID":0,"TinhThanhID":0,"TinhThanhTitle":"An Giang","TinhThanhTitleAscii":"/an-giang","QuanHuyenID":0,"NganhNgheTitle":"Hoạt động quản lý nhà nước nói chung và kinh tế tổng hợp","NganhNgheTitleAscii":"/nganh-nghe/hoat-dong-quan-ly-nha-nuoc-noi-chung-va-kinh-te-tong-hop","DSTags":["1601192040","An Giang",null]},{"Type":11,"SolrID":"/1601192097-thanh-tra-huyen-cho-moi","ID":0,"MaSoThue":"1601192097","NgayCap":"2009-07-16T00:00:00Z","Title":"Thanh Tra Huyện Chợ Mới","DiaChiCongTy":"Nguyễn Huệ ,Thị Trấn Chợ Mới - Huyện Chợ Mới - An Giang","Created":"2015-11-16T11:18:26Z","Updated":"2015-11-16T11:18:26Z","IsDelete":false,"RequestChanged":false,"ExitsInGDT":false,"SourceID":0,"TinhThanhID":0,"TinhThanhTitle":"An Giang","TinhThanhTitleAscii":"/an-giang","QuanHuyenID":0,"NganhNgheTitle":"Hoạt động quản lý nhà nước nói chung và kinh tế tổng hợp","NganhNgheTitleAscii":"/nganh-nghe/hoat-dong-quan-ly-nha-nuoc-noi-chung-va-kinh-te-tong-hop","DSTags":["1601192097","An Giang",null]},{"Type":11,"SolrID":"/1600152542-doanh-nghiep-tn-tang-phat","ID":0,"MaSoThue":"1600152542","NgayCap":"2008-04-25T00:00:00Z","Title":"Doanh Nghiệp TN Tăng Phát","DiaChiCongTy":"ấp Long Hòa - Thị trấn Chợ Mới - Huyện Chợ Mới - An Giang","Created":"2015-11-11T01:03:27Z","Updated":"2015-11-11T01:03:27Z","IsDelete":false,"RequestChanged":false,"ExitsInGDT":false,"SourceID":0,"TinhThanhID":0,"TinhThanhTitle":"An Giang","TinhThanhTitleAscii":"/an-giang","QuanHuyenID":0,"NganhNgheTitle":"Bán buôn nhiên liệu rắn, lỏng, khí và các sản phẩm liên quan","NganhNgheTitleAscii":"/nganh-nghe/ban-buon-nhien-lieu-ran-long-khi-va-cac-san-pham-lien-quan","DSTags":["1600152542","An Giang",null]},{"Type":11,"SolrID":"/0100774342-009-cua-hang-va-tram-bao-hanh-xe-gan-may-yamaha","ID":0,"MaSoThue":"0100774342-009","NgayCap":"2008-03-20T00:00:00Z","Title":"Cửa Hàng và Trạm Bảo Hành Xe Gắn Máy YAMAHA","DiaChiCongTy":"ấp Long Hoà, Thị Trấn Chợ Mới - Huyện Chợ Mới - An Giang","Created":"2015-11-18T14:13:50Z","Updated":"2015-11-18T14:13:50Z","IsDelete":false,"RequestChanged":false,"ExitsInGDT":false,"SourceID":0,"TinhThanhID":0,"TinhThanhTitle":"An Giang","TinhThanhTitleAscii":"/an-giang","QuanHuyenID":0,"NganhNgheTitle":"Bán buôn ô tô và xe có động cơ khác","NganhNgheTitleAscii":"/nganh-nghe/ban-buon-o-to-va-xe-co-dong-co-khac","DSTags":["0100774342-009","An Giang",null]},{"Type":11,"SolrID":"/1600151764-002-chi-nhanh-dntn-kim-chau-2","ID":0,"MaSoThue":"1600151764-002","NgayCap":"2007-01-15T00:00:00Z","Title":"Chi nhánh DNTN Kim Châu 2","DiaChiCongTy":"Tổ 2, Nguyễn Hữu Cảnh, ấp Long Hòa, thị trấn Chợ Mới - Huyện Chợ Mới - An Giang","Created":"2015-11-10T01:46:15Z","Updated":"2015-11-10T01:46:15Z","IsDelete":false,"RequestChanged":false,"ExitsInGDT":false,"SourceID":0,"TinhThanhID":0,"TinhThanhTitle":"An Giang","TinhThanhTitleAscii":"/an-giang","QuanHuyenID":0,"NganhNgheTitle":"Bán buôn ô tô và xe có động cơ khác","NganhNgheTitleAscii":"/nganh-nghe/ban-buon-o-to-va-xe-co-dong-co-khac","DSTags":["1600151764-002","An Giang",null]},{"Type":11,"SolrID":"/1600849090-002-chi-nhanh-cong-ty-tnhh-thuong-mai-kim-minh-so-2","ID":0,"MaSoThue":"1600849090-002","NgayCap":"2006-10-03T00:00:00Z","Title":"Chi nhánh Công ty TNHH Thương mại Kim Minh số 2","DiaChiCongTy":"Lô 5, ấp Thị 2, thị trấn Chợ Mới - Huyện Chợ Mới - An Giang","Created":"2015-11-19T05:51:43Z","Updated":"2015-11-19T05:51:43Z","IsDelete":false,"RequestChanged":false,"ExitsInGDT":false,"SourceID":0,"TinhThanhID":0,"TinhThanhTitle":"An Giang","TinhThanhTitleAscii":"/an-giang","QuanHuyenID":0,"NganhNgheTitle":"Bán buôn gạo, thực phẩm, đồ uống và sản phẩm thuốc lá, thuốc lào","NganhNgheTitleAscii":"/nganh-nghe/ban-buon-gao-thuc-pham-do-uong-va-san-pham-thuoc-la-thuoc-lao","DSTags":["1600849090-002","An Giang",null]},{"Type":11,"SolrID":"/1600849911-cong-ty-tnhh-dang-tran","ID":0,"MaSoThue":"1600849911","NgayCap":"2006-09-18T00:00:00Z","Title":"Công ty TNHH Đặng Trần","DiaChiCongTy":"Tỉnh lộ 942, ấp Long Hòa, thị trấn Chợ Mới - Huyện Chợ Mới - An Giang","Created":"2015-11-13T22:43:50Z","Updated":"2015-11-13T22:43:50Z","IsDelete":false,"RequestChanged":false,"ExitsInGDT":false,"SourceID":0,"TinhThanhID":0,"TinhThanhTitle":"An Giang","TinhThanhTitleAscii":"/an-giang","QuanHuyenID":0,"NganhNgheTitle":"Xây dựng công trình kỹ thuật dân dụng","NganhNgheTitleAscii":"/nganh-nghe/xay-dung-cong-trinh-ky-thuat-dan-dung","DSTags":["1600849911","An Giang",null]},{"Type":11,"SolrID":"/1600848883-cong-ty-tnhh-xay-dung-thanh-tung","ID":0,"MaSoThue":"1600848883","NgayCap":"2006-08-31T00:00:00Z","Title":"Công ty TNHH Xây dựng Thanh Tùng","DiaChiCongTy":"Số 12 A Trần Hưng Đạo, thị trấn Chợ Mới - Huyện Chợ Mới - An Giang","Created":"2015-11-14T05:05:04Z","Updated":"2015-11-14T05:05:04Z","IsDelete":false,"RequestChanged":false,"ExitsInGDT":false,"SourceID":0,"TinhThanhID":0,"TinhThanhTitle":"An Giang","TinhThanhTitleAscii":"/an-giang","QuanHuyenID":0,"NganhNgheTitle":"Xây dựng công trình kỹ thuật dân dụng","NganhNgheTitleAscii":"/nganh-nghe/xay-dung-cong-trinh-ky-thuat-dan-dung","DSTags":["1600848883","An Giang",null]},{"Type":11,"SolrID":"/1600845674-hop-tac-xa-khai-thac-cat-cho-moi","ID":0,"MaSoThue":"1600845674","NgayCap":"2006-07-24T00:00:00Z","Title":"Hợp tác xã Khai thác Cát Chợ Mới","DiaChiCongTy":"ấp Thị, thị trấn Chợ Mới - Thị trấn Chợ Mới - Huyện Chợ Mới - An Giang","Created":"2015-11-17T04:16:01Z","Updated":"2015-11-17T04:16:01Z","IsDelete":false,"RequestChanged":false,"ExitsInGDT":false,"SourceID":0,"TinhThanhID":0,"TinhThanhTitle":"An Giang","TinhThanhTitleAscii":"/an-giang","QuanHuyenID":0,"NganhNgheTitle":"Khai thác đá, cát, sỏi, đất sét","NganhNgheTitleAscii":"/nganh-nghe/khai-thac-da-cat-soi-dat-set","DSTags":["1600845674","An Giang",null]},{"Type":11,"SolrID":"/1600844102-phong-tu-phap-huyen-cho-moi","ID":0,"MaSoThue":"1600844102","NgayCap":"2006-07-05T00:00:00Z","Title":"Phòng Tư pháp huyện Chợ Mới","DiaChiCongTy":"Nguyễn Huệ, thị trấn Chợ Mới - Huyện Chợ Mới - An Giang","Created":"2015-11-17T08:54:13Z","Updated":"2015-11-17T08:54:13Z","IsDelete":false,"RequestChanged":false,"ExitsInGDT":false,"SourceID":0,"TinhThanhID":0,"TinhThanhTitle":"An Giang","TinhThanhTitleAscii":"/an-giang","QuanHuyenID":0,"NganhNgheTitle":"Hoạt động của Đảng cộng sản, tổ chức chính trị - xã hội, hoạt động quản lý nhà nước nói chung và kinh tế tổng hợp","NganhNgheTitleAscii":"/nganh-nghe/hoat-dong-cua-dang-cong-san-to-chuc-chinh-tri-xa-hoi-hoat-dong-quan-ly-nha-nuoc-noi-chung-va-kinh-te-tong-hop","DSTags":["1600844102","An Giang",null]},{"Type":11,"SolrID":"/1600830734-cty-tnhh-thuy-san-muoi-su","ID":0,"MaSoThue":"1600830734","NgayCap":"2006-03-08T00:00:00Z","Title":"Cty TNHH Thủy sản Mười Sự","DiaChiCongTy":"24 Nguyễn Thái Học, thị trấn Chợ Mới - Huyện Chợ Mới - An Giang","Created":"2015-11-14T05:04:24Z","Updated":"2015-11-14T05:04:24Z","IsDelete":false,"RequestChanged":false,"ExitsInGDT":false,"SourceID":0,"TinhThanhID":0,"TinhThanhTitle":"An Giang","TinhThanhTitleAscii":"/an-giang","QuanHuyenID":0,"NganhNgheTitle":"Bán lẻ thuốc, dụng cụ y tế, mỹ phẩm và vật phẩm vệ sinh trong các cửa hàng chuyên doanh","NganhNgheTitleAscii":"/nganh-nghe/ban-le-thuoc-dung-cu-y-te-my-pham-va-vat-pham-ve-sinh-trong-cac-cua-hang-chuyen-doanh","DSTags":["1600830734","An Giang",null]},{"Type":11,"SolrID":"/1600829721-truong-tieu-hoc-b-thi-tran-cho-moi","ID":0,"MaSoThue":"1600829721","NgayCap":"2006-03-01T00:00:00Z","Title":"Trường Tiểu học B thị trấn Chợ Mới","DiaChiCongTy":"ấp Long Hòa, thị trấn Chợ Mới - Huyện Chợ Mới - An Giang","Created":"2015-11-16T17:24:55Z","Updated":"2015-11-16T17:24:55Z","IsDelete":false,"RequestChanged":false,"ExitsInGDT":false,"SourceID":0,"TinhThanhID":0,"TinhThanhTitle":"An Giang","TinhThanhTitleAscii":"/an-giang","QuanHuyenID":0,"NganhNgheTitle":"Giáo dục tiểu học","NganhNgheTitleAscii":"/nganh-nghe/giao-duc-tieu-hoc","DSTags":["1600829721","An Giang",null]},{"Type":11,"SolrID":"/1600826424-trung-tam-y-te-du-phong-huyen-cho-moi","ID":0,"MaSoThue":"1600826424","NgayCap":"2006-02-13T00:00:00Z","Title":"Trung tâm Y tế Dự phòng huyện Chợ Mới","DiaChiCongTy":"ấp thị II, thị trấn chợ Mới - Huyện Chợ Mới - An Giang","Created":"2015-11-17T04:28:59Z","Updated":"2015-11-17T04:28:59Z","IsDelete":false,"RequestChanged":false,"ExitsInGDT":false,"SourceID":0,"TinhThanhID":0,"TinhThanhTitle":"An Giang","TinhThanhTitleAscii":"/an-giang","QuanHuyenID":0,"NganhNgheTitle":"Hoạt động của các bệnh viện, trạm xá","NganhNgheTitleAscii":"/nganh-nghe/hoat-dong-cua-cac-benh-vien-tram-xa","DSTags":["1600826424","An Giang",null]},{"Type":11,"SolrID":"/1600816433-truong-tieu-hoc-a-thi-tran-cho-moi","ID":0,"MaSoThue":"1600816433","NgayCap":"2005-12-07T00:00:00Z","Title":"Trường Tiểu học A thị trấn Chợ Mới","DiaChiCongTy":"Châu Văn Liêm, thị trấn Chợ Mới - Huyện Chợ Mới - An Giang","Created":"2015-11-16T17:18:10Z","Updated":"2015-11-16T17:18:10Z","IsDelete":false,"RequestChanged":false,"ExitsInGDT":false,"SourceID":0,"TinhThanhID":0,"TinhThanhTitle":"An Giang","TinhThanhTitleAscii":"/an-giang","QuanHuyenID":0,"NganhNgheTitle":"Giáo dục tiểu học","NganhNgheTitleAscii":"/nganh-nghe/giao-duc-tieu-hoc","DSTags":["1600816433","An Giang",null]},{"Type":11,"SolrID":"/1600671065-doanh-nghiep-tn-an-kien","ID":0,"MaSoThue":"1600671065","NgayCap":"2003-10-02T00:00:00Z","Title":"Doanh Nghiệp TN An Kiên","DiaChiCongTy":"Số 14/3 tỉnh lộ 942, ấp Long Hoà - Thị trấn Chợ Mới - Huyện Chợ Mới - An Giang","Created":"2015-11-10T01:39:40Z","Updated":"2015-11-10T01:39:40Z","IsDelete":false,"RequestChanged":false,"ExitsInGDT":false,"SourceID":0,"TinhThanhID":0,"TinhThanhTitle":"An Giang","TinhThanhTitleAscii":"/an-giang","QuanHuyenID":0,"NganhNgheTitle":"Bán buôn nhiên liệu rắn, lỏng, khí và các sản phẩm liên quan","NganhNgheTitleAscii":"/nganh-nghe/ban-buon-nhien-lieu-ran-long-khi-va-cac-san-pham-lien-quan","DSTags":["1600671065","An Giang",null]},{"Type":11,"SolrID":"/1600365886-truong-trung-hoc-nguyen-huu-canh","ID":0,"MaSoThue":"1600365886","NgayCap":"1998-10-27T00:00:00Z","Title":"Trường Trung học Nguyễn Hữu Cảnh","DiaChiCongTy":"1 Lê Lợi - Thị Trấn Chợ Mới - Huyện Chợ Mới - An Giang","Created":"2015-11-14T14:45:37Z","Updated":"2015-11-14T14:45:37Z","IsDelete":false,"RequestChanged":false,"ExitsInGDT":false,"SourceID":0,"TinhThanhID":0,"TinhThanhTitle":"An Giang","TinhThanhTitleAscii":"/an-giang","QuanHuyenID":0,"NganhNgheTitle":"Giáo dục trung học cơ sở và trung học phổ thông","NganhNgheTitleAscii":"/nganh-nghe/giao-duc-trung-hoc-co-so-va-trung-hoc-pho-thong","DSTags":["1600365886","An Giang",null]},{"Type":11,"SolrID":"/1600366110-ubnd-thi-tran-cho-moi","ID":0,"MaSoThue":"1600366110","NgayCap":"1998-10-27T00:00:00Z","Title":"UBND Thị Trấn Chợ Mới","DiaChiCongTy":"38 Nguyễn Huệ Thị Trấn Chợ Mới - Huyện Chợ Mới - An Giang","Created":"2015-11-14T14:45:38Z","Updated":"2015-11-14T14:45:38Z","IsDelete":false,"RequestChanged":false,"ExitsInGDT":false,"SourceID":0,"TinhThanhID":0,"TinhThanhTitle":"An Giang","TinhThanhTitleAscii":"/an-giang","QuanHuyenID":0,"NganhNgheTitle":"Hoạt động quản lý nhà nước nói chung và kinh tế tổng hợp","NganhNgheTitleAscii":"/nganh-nghe/hoat-dong-quan-ly-nha-nuoc-noi-chung-va-kinh-te-tong-hop","DSTags":["1600366110","An Giang",null]},{"Type":11,"SolrID":"/1600151002-doanh-nghiep-tn-thanh-loi","ID":0,"MaSoThue":"1600151002","NgayCap":"1998-09-18T00:00:00Z","Title":"Doanh Nghiệp TN Thạnh Lợi","DiaChiCongTy":"Số 245 tỉnh lộ 942, ấp Long Hòa - Thị trấn Chợ Mới - Huyện Chợ Mới - An Giang","Created":"2015-11-09T21:00:17Z","Updated":"2015-11-09T21:00:17Z","IsDelete":false,"RequestChanged":false,"ExitsInGDT":false,"SourceID":0,"TinhThanhID":0,"TinhThanhTitle":"An Giang","TinhThanhTitleAscii":"/an-giang","QuanHuyenID":0,"NganhNgheTitle":"Vận tải hành khách đường bộ khác","NganhNgheTitleAscii":"/nganh-nghe/van-tai-hanh-khach-duong-bo-khac","DSTags":["1600151002","An Giang",null]},{"Type":11,"SolrID":"/1600153105-hop-tac-xa-nong-nghiep-long-hoa","ID":0,"MaSoThue":"1600153105","NgayCap":"1998-09-18T00:00:00Z","Title":"Hợp Tác Xã Nông Nghiệp Long Hoà","DiaChiCongTy":"Thị Trấn Chợ Mới - Huyện Chợ Mới - An Giang","Created":"2015-11-14T18:02:34Z","Updated":"2015-11-14T18:02:34Z","IsDelete":false,"RequestChanged":false,"ExitsInGDT":false,"SourceID":0,"TinhThanhID":0,"TinhThanhTitle":"An Giang","TinhThanhTitleAscii":"/an-giang","QuanHuyenID":0,"NganhNgheTitle":"Bán lẻ hàng hóa khác trong các cửa hàng chuyên doanh","NganhNgheTitleAscii":"/nganh-nghe/ban-le-hang-hoa-khac-trong-cac-cua-hang-chuyen-doanh","DSTags":["1600153105","An Giang",null]},{"Type":11,"SolrID":"/1600150947-htx-giao-thong-van-tai-cho-moi","ID":0,"MaSoThue":"1600150947","NgayCap":"1998-09-18T00:00:00Z","Title":"HTX Giao Thông Vận Tải Chợ Mới","DiaChiCongTy":"ấp Long Hoà Thị Trấn Chợ Mới - Huyện Chợ Mới - An Giang","Created":"2015-11-14T18:02:57Z","Updated":"2015-11-14T18:02:57Z","IsDelete":false,"RequestChanged":false,"ExitsInGDT":false,"SourceID":0,"TinhThanhID":0,"TinhThanhTitle":"An Giang","TinhThanhTitleAscii":"/an-giang","QuanHuyenID":0,"NganhNgheTitle":"Vận tải đường bộ khác","NganhNgheTitleAscii":"/nganh-nghe/van-tai-duong-bo-khac","DSTags":["1600150947","An Giang",null]}]}