{"ID":4839,"SolrID":"/an-giang/huyen-cho-moi/thi-tran-my-luong","Title":"Thị Trấn Mỹ Luông","TinhThanhTitle":"An Giang","QuanHuyenTitle":"Huyện Chợ Mới","QuanHuyenID":489,"TinhThanhID":35,"Url":"https://thongtindoanhnghiep.co/api/company?l=/an-giang/huyen-cho-moi/thi-tran-my-luong","Total":56,"List":[{"Type":11,"SolrID":"/1602147241-cong-ty-tnhh-loc-khoa-huynh","ID":0,"MaSoThue":"1602147241","NgayCap":"2021-05-17T00:00:00Z","Title":"Công Ty TNHH Lộc Khoa Huỳnh","DiaChiCongTy":"Số 346, Ấp Mỹ Hòa, Thị Trấn Mỹ Luông, Huyện Chợ Mới, Tỉnh An Giang","Created":"2021-05-17T08:35:33Z","Updated":"2021-05-17T08:35:33Z","IsDelete":false,"RequestChanged":false,"ExitsInGDT":false,"SourceID":0,"TinhThanhID":0,"TinhThanhTitle":"An Giang","TinhThanhTitleAscii":"/an-giang","QuanHuyenID":0,"NganhNgheTitle":"Sản xuất dụng cụ thể dục, thể thao","NganhNgheTitleAscii":"/nganh-nghe/san-xuat-dung-cu-the-duc-the-thao","DSTags":["1602147241","An Giang",null]},{"Type":11,"SolrID":"/1602146495-doanh-nghiep-tu-nhan-kim-ngoc-ml","ID":0,"MaSoThue":"1602146495","NgayCap":"2021-04-27T00:00:00Z","Title":"Doanh Nghiệp Tư Nhân Kim Ngọc Ml","DiaChiCongTy":"Số 22 Trần Hưng Đạo, Ấp Thị 1, Thị Trấn Mỹ Luông, Huyện Chợ Mới, Tỉnh An Giang","Created":"2021-04-27T14:36:54Z","Updated":"2021-04-27T14:36:54Z","IsDelete":false,"RequestChanged":false,"ExitsInGDT":false,"SourceID":0,"TinhThanhID":0,"TinhThanhTitle":"An Giang","TinhThanhTitleAscii":"/an-giang","QuanHuyenID":0,"NganhNgheTitle":"Bán buôn kim loại và quặng kim loại","NganhNgheTitleAscii":"/nganh-nghe/ban-buon-kim-loai-va-quang-kim-loai","DSTags":["1602146495","An Giang",null]},{"Type":11,"SolrID":"/1602139836-cong-ty-tnhh-tu-van-dich-vu-xay-dung-gia-hung","ID":0,"MaSoThue":"1602139836","NgayCap":"2021-01-26T00:00:00Z","Title":"Công Ty TNHH Tư Vấn Dịch Vụ Xây Dựng Gia Hưng","DiaChiCongTy":"Số 93, Tổ 19, Ấp Mỹ Hòa, Thị Trấn Mỹ Luông, Huyện Chợ Mới, Tỉnh An Giang","Created":"2021-01-26T10:37:19Z","Updated":"2021-01-26T10:37:19Z","IsDelete":false,"RequestChanged":false,"ExitsInGDT":false,"SourceID":0,"TinhThanhID":0,"TinhThanhTitle":"An Giang","TinhThanhTitleAscii":"/an-giang","QuanHuyenID":0,"DSTags":["1602139836","An Giang",null]},{"Type":11,"SolrID":"/1602084016-cong-ty-tnhh-mot-thanh-vien-xang-dau-chin-be","ID":0,"MaSoThue":"1602084016","NgayCap":"2018-10-24T00:00:00Z","Title":"Công Ty TNHH Một Thành Viên Xăng Dầu Chín Be","DiaChiCongTy":"Ấp Mỹ Tân, Thị Trấn Mỹ Luông, Huyện Chợ Mới, Tỉnh An Giang","Created":"2018-10-24T11:56:57Z","Updated":"2018-10-24T11:56:57Z","IsDelete":false,"RequestChanged":false,"ExitsInGDT":false,"SourceID":0,"TinhThanhID":0,"TinhThanhTitle":"An Giang","TinhThanhTitleAscii":"/an-giang","QuanHuyenID":0,"NganhNgheTitle":"Bán buôn nhiên liệu rắn, lỏng, khí và các sản phẩm liên quan","NganhNgheTitleAscii":"/nganh-nghe/ban-buon-nhien-lieu-ran-long-khi-va-cac-san-pham-lien-quan","DSTags":["1602084016","An Giang",null]},{"Type":11,"SolrID":"/1602067324-cong-ty-tnhh-mot-thanh-vien-hoang-than-phat","ID":0,"MaSoThue":"1602067324","NgayCap":"2018-03-26T00:00:00Z","Title":"Công Ty TNHH Một Thành Viên Hoàng Thân Phát","DiaChiCongTy":"Ấp Mỹ Tân, Thị Trấn Mỹ Luông, Huyện Chợ Mới, Tỉnh An Giang","Created":"2018-03-26T17:35:35Z","Updated":"2018-03-26T17:35:35Z","IsDelete":false,"RequestChanged":false,"ExitsInGDT":false,"SourceID":0,"TinhThanhID":0,"TinhThanhTitle":"An Giang","TinhThanhTitleAscii":"/an-giang","QuanHuyenID":0,"NganhNgheTitle":"Bán buôn thực phẩm","NganhNgheTitleAscii":"/nganh-nghe/ban-buon-thuc-pham","DSTags":["1602067324","An Giang",null]},{"Type":11,"SolrID":"/1602045232-cong-ty-tnhh-mot-thanh-vien-nguyen-tan-luc","ID":0,"MaSoThue":"1602045232","NgayCap":"2017-07-11T00:00:00Z","Title":"Công Ty TNHH Một Thành Viên Nguyễn Tấn Lực","DiaChiCongTy":"Đường số 7, Ấp Thị 1, Thị Trấn Mỹ Luông, Huyện Chợ Mới, Tỉnh An Giang","Created":"2017-07-11T10:38:56Z","Updated":"2017-07-11T10:38:56Z","IsDelete":false,"RequestChanged":false,"ExitsInGDT":false,"SourceID":0,"TinhThanhID":0,"TinhThanhTitle":"An Giang","TinhThanhTitleAscii":"/an-giang","QuanHuyenID":0,"NganhNgheTitle":"Bán buôn đồ dùng khác cho gia đình","NganhNgheTitleAscii":"/nganh-nghe/ban-buon-do-dung-khac-cho-gia-dinh","DSTags":["1602045232","An Giang",null]},{"Type":11,"SolrID":"/1602043683-cong-ty-tnhh-cuong-tan-nam","ID":0,"MaSoThue":"1602043683","NgayCap":"2017-06-22T00:00:00Z","Title":"Công Ty TNHH Cường Tân Nam","DiaChiCongTy":"Số 367 Tỉnh lộ 942, Ấp Mỹ Hòa, Thị Trấn Mỹ Luông, Huyện Chợ Mới, Tỉnh An Giang","Created":"2017-06-22T17:07:58Z","Updated":"2017-06-22T17:07:58Z","IsDelete":false,"RequestChanged":false,"ExitsInGDT":false,"SourceID":0,"TinhThanhID":0,"TinhThanhTitle":"An Giang","TinhThanhTitleAscii":"/an-giang","QuanHuyenID":0,"NganhNgheTitle":"Bán buôn vật liệu, thiết bị lắp đặt khác trong xây dựng","NganhNgheTitleAscii":"/nganh-nghe/ban-buon-vat-lieu-thiet-bi-lap-dat-khac-trong-xay-dung","DSTags":["1602043683","An Giang",null]},{"Type":11,"SolrID":"/1602041118-cong-ty-tnhh-nong-duoc-thanh-thai","ID":0,"MaSoThue":"1602041118","NgayCap":"2017-05-25T00:00:00Z","Title":"Công Ty TNHH Nông Dược Thanh Thái","DiaChiCongTy":"Số 188, Ấp Mỹ Quý, Thị Trấn Mỹ Luông, Huyện Chợ Mới, Tỉnh An Giang","Created":"2017-05-25T08:20:03Z","Updated":"2017-05-25T08:20:03Z","IsDelete":false,"RequestChanged":false,"ExitsInGDT":false,"SourceID":0,"TinhThanhID":0,"TinhThanhTitle":"An Giang","TinhThanhTitleAscii":"/an-giang","QuanHuyenID":0,"NganhNgheTitle":"Bán buôn chuyên doanh khác chưa được phân vào đâu","NganhNgheTitleAscii":"/nganh-nghe/ban-buon-chuyen-doanh-khac-chua-duoc-phan-vao-dau","DSTags":["1602041118","An Giang",null]},{"Type":11,"SolrID":"/1602033212-cong-ty-tnhh-mot-thanh-vien-an-binh-cho-moi","ID":0,"MaSoThue":"1602033212","NgayCap":"2017-02-10T00:00:00Z","Title":"Công Ty TNHH Một Thành Viên An Bình Chợ Mới","DiaChiCongTy":"Ấp Mỹ Quý, Thị Trấn Mỹ Luông, Huyện Chợ Mới, Tỉnh An Giang","Created":"2017-02-10T17:07:47Z","Updated":"2017-02-10T17:07:47Z","IsDelete":false,"RequestChanged":false,"ExitsInGDT":false,"SourceID":0,"TinhThanhID":0,"TinhThanhTitle":"An Giang","TinhThanhTitleAscii":"/an-giang","QuanHuyenID":0,"NganhNgheTitle":"Sản xuất sản phẩm khác bằng kim loại chưa được phân vào đâu","NganhNgheTitleAscii":"/nganh-nghe/san-xuat-san-pham-khac-bang-kim-loai-chua-duoc-phan-vao-dau","DSTags":["1602033212","An Giang",null]},{"Type":11,"SolrID":"/1602024881-cong-ty-tnhh-thuong-mai-dich-vu-bia-xuan-mai","ID":0,"MaSoThue":"1602024881","NgayCap":"2016-11-26T00:00:00Z","Title":"Công Ty TNHH Thương Mại Dịch Vụ Bia Xuân Mai","DiaChiCongTy":"ấp Mỹ Tân - Thị trấn Mỹ Luông - Huyện Chợ Mới - An Giang","Created":"2016-11-29T09:19:45Z","Updated":"2016-11-29T09:19:45Z","IsDelete":false,"RequestChanged":false,"ExitsInGDT":false,"SourceID":0,"TinhThanhID":0,"TinhThanhTitle":"An Giang","TinhThanhTitleAscii":"/an-giang","QuanHuyenID":0,"NganhNgheTitle":"Bán buôn đồ uống","NganhNgheTitleAscii":"/nganh-nghe/ban-buon-do-uong","DSTags":["1602024881","An Giang",null]},{"Type":11,"SolrID":"/1602024641-cong-ty-tnhh-mot-thanh-vien-xay-dung-vo-trung-truc","ID":0,"MaSoThue":"1602024641","NgayCap":"2016-11-23T00:00:00Z","Title":"Công Ty TNHH Một Thành Viên Xây Dựng Võ Trung Trực","DiaChiCongTy":"Số 321/10, ấp Mỹ Hòa - Thị trấn Mỹ Luông - Huyện Chợ Mới - An Giang","Created":"2016-11-29T18:52:44Z","Updated":"2016-11-29T18:52:44Z","IsDelete":false,"RequestChanged":false,"ExitsInGDT":false,"SourceID":0,"TinhThanhID":0,"TinhThanhTitle":"An Giang","TinhThanhTitleAscii":"/an-giang","QuanHuyenID":0,"NganhNgheTitle":"Xây dựng nhà các loại","NganhNgheTitleAscii":"/nganh-nghe/xay-dung-nha-cac-loai","DSTags":["1602024641","An Giang",null]},{"Type":11,"SolrID":"/1602017475-cong-ty-tnhh-mot-thanh-vien-thuong-mai-dich-vu-xay-dung-phuc-thanh","ID":0,"MaSoThue":"1602017475","NgayCap":"2016-08-24T00:00:00Z","Title":"CôNG TY TNHH MộT THàNH VIêN THươNG MạI DịCH Vụ XâY DựNG PHúC THàNH","DiaChiCongTy":"ấp Mỹ Hòa - Thị trấn Mỹ Luông - Huyện Chợ Mới - An Giang","Created":"2016-09-01T08:45:44Z","Updated":"2016-09-10T14:32:01Z","IsDelete":false,"RequestChanged":false,"ExitsInGDT":false,"SourceID":0,"TinhThanhID":0,"TinhThanhTitle":"An Giang","TinhThanhTitleAscii":"/an-giang","QuanHuyenID":0,"NganhNgheTitle":"Xây dựng nhà các loại","NganhNgheTitleAscii":"/nganh-nghe/xay-dung-nha-cac-loai","DSTags":["1602017475","An Giang",null]},{"Type":11,"SolrID":"/1602013784-cong-ty-tnhh-mot-thanh-vien-men-hanh","ID":0,"MaSoThue":"1602013784","NgayCap":"2016-07-06T00:00:00Z","Title":"Công Ty TNHH Một Thành Viên Mến Hạnh","DiaChiCongTy":"ấp Mỹ Tân - Thị trấn Mỹ Luông - Huyện Chợ Mới - An Giang","Created":"2016-07-06T20:19:22Z","Updated":"2016-07-06T20:19:22Z","IsDelete":false,"RequestChanged":false,"ExitsInGDT":false,"SourceID":0,"TinhThanhID":0,"TinhThanhTitle":"An Giang","TinhThanhTitleAscii":"/an-giang","QuanHuyenID":0,"NganhNgheTitle":"Xây dựng nhà các loại","NganhNgheTitleAscii":"/nganh-nghe/xay-dung-nha-cac-loai","DSTags":["1602013784","An Giang",null]},{"Type":11,"SolrID":"/1602003458-cong-ty-tnhh-mot-thanh-vien-dang-nguyen-chau-thanh","ID":0,"MaSoThue":"1602003458","NgayCap":"2016-03-07T00:00:00Z","Title":"Công Ty TNHH Một Thành Viên Đặng Nguyễn Châu Thành","DiaChiCongTy":"Số 391, ấp Mỹ Hòa - Thị trấn Mỹ Luông - Huyện Chợ Mới - An Giang","Created":"2016-03-10T08:40:02Z","Updated":"2016-09-11T00:45:50Z","IsDelete":false,"RequestChanged":false,"ExitsInGDT":false,"SourceID":0,"TinhThanhID":0,"TinhThanhTitle":"An Giang","TinhThanhTitleAscii":"/an-giang","QuanHuyenID":0,"DSTags":["1602003458","An Giang",null]},{"Type":11,"SolrID":"/1601997091-cong-ty-tnhh-mot-thanh-vien-hung-thinh-cho-moi","ID":0,"MaSoThue":"1601997091","NgayCap":"2016-01-05T00:00:00Z","Title":"Công Ty TNHH Một Thành Viên Hưng Thịnh Chợ Mới","DiaChiCongTy":"Số 103, ấp Thị 2 - Thị trấn Mỹ Luông - Huyện Chợ Mới - An Giang","Created":"2016-01-06T09:04:59Z","Updated":"2016-01-06T09:04:59Z","IsDelete":false,"RequestChanged":false,"ExitsInGDT":false,"SourceID":0,"TinhThanhID":0,"TinhThanhTitle":"An Giang","TinhThanhTitleAscii":"/an-giang","QuanHuyenID":0,"NganhNgheTitle":"Sản xuất giường, tủ, bàn, ghế","NganhNgheTitleAscii":"/nganh-nghe/san-xuat-giuong-tu-ban-ghe","DSTags":["1601997091","An Giang",null]},{"Type":11,"SolrID":"/1601990339-cong-ty-tnhh-mot-thanh-vien-xay-dung-vu-my-tan","ID":0,"MaSoThue":"1601990339","NgayCap":"2015-12-07T00:00:00Z","Title":"Công Ty TNHH  Một Thành Viên Xây Dựng Vũ Mỹ Tân","DiaChiCongTy":"Tổ 3, ấp Mỹ Tân - Thị trấn Mỹ Luông - Huyện Chợ Mới - An Giang","Created":"2015-12-07T22:19:58Z","Updated":"2015-12-07T22:19:58Z","IsDelete":false,"RequestChanged":false,"ExitsInGDT":false,"SourceID":0,"TinhThanhID":0,"TinhThanhTitle":"An Giang","TinhThanhTitleAscii":"/an-giang","QuanHuyenID":0,"NganhNgheTitle":"Xây dựng nhà các loại","NganhNgheTitleAscii":"/nganh-nghe/xay-dung-nha-cac-loai","DSTags":["1601990339","An Giang",null]},{"Type":11,"SolrID":"/1601980524-cong-ty-cp-dau-tu-va-phat-trien-cnc-gas","ID":0,"MaSoThue":"1601980524","NgayCap":"2015-08-13T00:00:00Z","Title":"Công Ty CP Đầu Tư Và Phát Triển Cnc Gas","DiaChiCongTy":"ấp Mỹ Quý - Thị trấn Mỹ Luông - Huyện Chợ Mới - An Giang","Created":"2015-11-18T23:27:21Z","Updated":"2015-11-18T23:27:21Z","IsDelete":false,"RequestChanged":false,"ExitsInGDT":false,"SourceID":0,"TinhThanhID":0,"TinhThanhTitle":"An Giang","TinhThanhTitleAscii":"/an-giang","QuanHuyenID":0,"NganhNgheTitle":"Bán buôn nhiên liệu rắn, lỏng, khí và các sản phẩm liên quan","NganhNgheTitleAscii":"/nganh-nghe/ban-buon-nhien-lieu-ran-long-khi-va-cac-san-pham-lien-quan","DSTags":["1601980524","An Giang",null]},{"Type":11,"SolrID":"/1601974707-cong-ty-tnhh-mot-thanh-vien-my-luong-689","ID":0,"MaSoThue":"1601974707","NgayCap":"2015-06-09T00:00:00Z","Title":"Công Ty TNHH Một Thành Viên Mỹ Luông 689","DiaChiCongTy":"ấp Thị 1 - Thị trấn Mỹ Luông - Huyện Chợ Mới - An Giang","Created":"2015-11-18T06:05:31Z","Updated":"2015-11-18T06:05:31Z","IsDelete":false,"RequestChanged":false,"ExitsInGDT":false,"SourceID":0,"TinhThanhID":0,"TinhThanhTitle":"An Giang","TinhThanhTitleAscii":"/an-giang","QuanHuyenID":0,"NganhNgheTitle":"Chuẩn bị mặt bằng","NganhNgheTitleAscii":"/nganh-nghe/chuan-bi-mat-bang","DSTags":["1601974707","An Giang",null]},{"Type":11,"SolrID":"/1601970886-cong-ty-tnhh-cau-long-de-nhat","ID":0,"MaSoThue":"1601970886","NgayCap":"2015-04-27T00:00:00Z","Title":"Công ty TNHH Cầu Lông Đệ Nhất","DiaChiCongTy":"Số 346, ấp Mỹ Hòa - Thị trấn Mỹ Luông - Huyện Chợ Mới - An Giang","Created":"2015-11-17T09:32:07Z","Updated":"2015-11-17T09:32:07Z","IsDelete":false,"RequestChanged":false,"ExitsInGDT":false,"SourceID":0,"TinhThanhID":0,"TinhThanhTitle":"An Giang","TinhThanhTitleAscii":"/an-giang","QuanHuyenID":0,"NganhNgheTitle":"Sản xuất dụng cụ thể dục, thể thao","NganhNgheTitleAscii":"/nganh-nghe/san-xuat-dung-cu-the-duc-the-thao","DSTags":["1601970886","An Giang",null]},{"Type":11,"SolrID":"/1601948087-cong-ty-tnhh-mot-thanh-vien-san-xuat-thuong-mai-dich-vu-ngo-phong","ID":0,"MaSoThue":"1601948087","NgayCap":"2014-12-02T00:00:00Z","Title":"Công Ty TNHH Một Thành Viên Sản Xuất-Thương Mại-Dịch Vụ Ngô Phong","DiaChiCongTy":"ấp Thị 2 - Thị trấn Mỹ Luông - Huyện Chợ Mới - An Giang","Created":"2015-11-11T19:03:03Z","Updated":"2015-11-11T19:03:03Z","IsDelete":false,"RequestChanged":false,"ExitsInGDT":false,"SourceID":0,"TinhThanhID":0,"TinhThanhTitle":"An Giang","TinhThanhTitleAscii":"/an-giang","QuanHuyenID":0,"NganhNgheTitle":"Sản xuất giường, tủ, bàn, ghế","NganhNgheTitleAscii":"/nganh-nghe/san-xuat-giuong-tu-ban-ghe","DSTags":["1601948087","An Giang",null]},{"Type":11,"SolrID":"/1601942800-cong-ty-tnhh-mot-thanh-vien-xay-dung-duy-an","ID":0,"MaSoThue":"1601942800","NgayCap":"2014-10-14T00:00:00Z","Title":"Công Ty TNHH Một Thành Viên Xây Dựng Duy ân","DiaChiCongTy":"Tỉnh lộ 942, ấp Mỹ Hòa - Thị trấn Mỹ Luông - Huyện Chợ Mới - An Giang","Created":"2015-11-11T04:29:58Z","Updated":"2015-11-11T04:29:58Z","IsDelete":false,"RequestChanged":false,"ExitsInGDT":false,"SourceID":0,"TinhThanhID":0,"TinhThanhTitle":"An Giang","TinhThanhTitleAscii":"/an-giang","QuanHuyenID":0,"NganhNgheTitle":"Xây dựng công trình đường sắt và đường bộ","NganhNgheTitleAscii":"/nganh-nghe/xay-dung-cong-trinh-duong-sat-va-duong-bo","DSTags":["1601942800","An Giang",null]},{"Type":11,"SolrID":"/1601934775-cong-ty-tnhh-mot-thanh-vien-xay-dung-phuong-han","ID":0,"MaSoThue":"1601934775","NgayCap":"2014-08-12T00:00:00Z","Title":"Công Ty TNHH Một Thành Vịên Xây Dựng Phương Hân","DiaChiCongTy":"Số 69A, ấp Thị 2 - Thị trấn Mỹ Luông - Huyện Chợ Mới - An Giang","Created":"2015-11-11T13:53:25Z","Updated":"2015-11-11T13:53:25Z","IsDelete":false,"RequestChanged":false,"ExitsInGDT":false,"SourceID":0,"TinhThanhID":0,"TinhThanhTitle":"An Giang","TinhThanhTitleAscii":"/an-giang","QuanHuyenID":0,"NganhNgheTitle":"Xây dựng nhà các loại","NganhNgheTitleAscii":"/nganh-nghe/xay-dung-nha-cac-loai","DSTags":["1601934775","An Giang",null]},{"Type":11,"SolrID":"/1601933309-doanh-nghiep-tn-tiem-vang-kim-hien-my-luong","ID":0,"MaSoThue":"1601933309","NgayCap":"2014-07-24T00:00:00Z","Title":"Doanh Nghiệp TN Tiệm Vàng Kim Hiền Mỹ Luông","DiaChiCongTy":"ấp Thị 2 - Thị trấn Mỹ Luông - Huyện Chợ Mới - An Giang","Created":"2015-11-09T12:43:01Z","Updated":"2015-11-09T12:43:01Z","IsDelete":false,"RequestChanged":false,"ExitsInGDT":false,"SourceID":0,"TinhThanhID":0,"TinhThanhTitle":"An Giang","TinhThanhTitleAscii":"/an-giang","QuanHuyenID":0,"NganhNgheTitle":"Bán buôn kim loại và quặng kim loại","NganhNgheTitleAscii":"/nganh-nghe/ban-buon-kim-loai-va-quang-kim-loai","DSTags":["1601933309","An Giang",null]},{"Type":11,"SolrID":"/1601901522-doanh-nghiep-tn-huu-phuoc-my-luong","ID":0,"MaSoThue":"1601901522","NgayCap":"2013-12-27T00:00:00Z","Title":"Doanh Nghiệp TN Hữu Phước Mỹ Luông","DiaChiCongTy":"ấp Mỹ Quí - Thị trấn Mỹ Luông - Huyện Chợ Mới - An Giang","Created":"2015-11-09T13:20:15Z","Updated":"2015-11-09T13:20:15Z","IsDelete":false,"RequestChanged":false,"ExitsInGDT":false,"SourceID":0,"TinhThanhID":0,"TinhThanhTitle":"An Giang","TinhThanhTitleAscii":"/an-giang","QuanHuyenID":0,"NganhNgheTitle":"Bán buôn kim loại và quặng kim loại","NganhNgheTitleAscii":"/nganh-nghe/ban-buon-kim-loai-va-quang-kim-loai","DSTags":["1601901522","An Giang",null]},{"Type":11,"SolrID":"/1601899351-doanh-nghiep-tn-kim-hanh-my-luong","ID":0,"MaSoThue":"1601899351","NgayCap":"2013-12-20T00:00:00Z","Title":"Doanh Nghiệp TN Kim Hạnh Mỹ Luông","DiaChiCongTy":"ấp Thị 1 - Thị trấn Mỹ Luông - Huyện Chợ Mới - An Giang","Created":"2015-11-09T22:56:14Z","Updated":"2015-11-09T22:56:14Z","IsDelete":false,"RequestChanged":false,"ExitsInGDT":false,"SourceID":0,"TinhThanhID":0,"TinhThanhTitle":"An Giang","TinhThanhTitleAscii":"/an-giang","QuanHuyenID":0,"NganhNgheTitle":"Hoạt động cấp tín dụng khác","NganhNgheTitleAscii":"/nganh-nghe/hoat-dong-cap-tin-dung-khac","DSTags":["1601899351","An Giang",null]},{"Type":11,"SolrID":"/1601886458-cong-ty-cp-phan-bon-vi-sinh-dai-phu-nong","ID":0,"MaSoThue":"1601886458","NgayCap":"2013-08-14T00:00:00Z","Title":"Công Ty CP Phân Bón Vi Sinh Đại Phú Nông","DiaChiCongTy":"ấp Mỹ Quý - Thị trấn Mỹ Luông - Huyện Chợ Mới - An Giang","Created":"2015-11-16T14:05:20Z","Updated":"2015-11-16T14:05:20Z","IsDelete":false,"RequestChanged":false,"ExitsInGDT":false,"SourceID":0,"TinhThanhID":0,"TinhThanhTitle":"An Giang","TinhThanhTitleAscii":"/an-giang","QuanHuyenID":0,"NganhNgheTitle":"Sản xuất phân bón và hợp chất ni tơ","NganhNgheTitleAscii":"/nganh-nghe/san-xuat-phan-bon-va-hop-chat-ni-to","DSTags":["1601886458","An Giang",null]},{"Type":11,"SolrID":"/1601884683-doanh-nghiep-tn-san-lap-mat-bang-dai-loi","ID":0,"MaSoThue":"1601884683","NgayCap":"2013-07-25T00:00:00Z","Title":"Doanh Nghiệp TN San Lấp Mặt Bằng Đại Lợi","DiaChiCongTy":"Số 387, ấp Mỹ Hòa - Thị trấn Mỹ Luông - Huyện Chợ Mới - An Giang","Created":"2015-11-16T20:59:50Z","Updated":"2015-11-16T20:59:50Z","IsDelete":false,"RequestChanged":false,"ExitsInGDT":false,"SourceID":0,"TinhThanhID":0,"TinhThanhTitle":"An Giang","TinhThanhTitleAscii":"/an-giang","QuanHuyenID":0,"NganhNgheTitle":"Chuẩn bị mặt bằng","NganhNgheTitleAscii":"/nganh-nghe/chuan-bi-mat-bang","DSTags":["1601884683","An Giang",null]},{"Type":11,"SolrID":"/1601882291-cong-ty-tnhh-mot-thanh-vien-thuong-mai-dich-vu-toan-gia-my","ID":0,"MaSoThue":"1601882291","NgayCap":"2013-06-28T00:00:00Z","Title":"Công Ty TNHH Một Thành Viên Thương Mại Dịch Vụ Toàn Gia Mỹ","DiaChiCongTy":"Đường vòng cung ấp Thị I - Thị trấn Mỹ Luông - Huyện Chợ Mới - An Giang","Created":"2015-11-11T20:41:55Z","Updated":"2015-11-11T20:41:55Z","IsDelete":false,"RequestChanged":false,"ExitsInGDT":false,"SourceID":0,"TinhThanhID":0,"TinhThanhTitle":"An Giang","TinhThanhTitleAscii":"/an-giang","QuanHuyenID":0,"NganhNgheTitle":"Bán buôn thực phẩm","NganhNgheTitleAscii":"/nganh-nghe/ban-buon-thuc-pham","DSTags":["1601882291","An Giang",null]},{"Type":11,"SolrID":"/1601877407-doanh-nghiep-tn-tiem-vang-kim-ngoc","ID":0,"MaSoThue":"1601877407","NgayCap":"2013-05-30T00:00:00Z","Title":"Doanh Nghiệp TN Tiệm Vàng Kim Ngọc","DiaChiCongTy":"Số 22 Trần Hưng Đạo, ấp Thị 1 - Thị trấn Mỹ Luông - Huyện Chợ Mới - An Giang","Created":"2015-11-18T04:46:56Z","Updated":"2015-11-18T04:46:56Z","IsDelete":false,"RequestChanged":false,"ExitsInGDT":false,"SourceID":0,"TinhThanhID":0,"TinhThanhTitle":"An Giang","TinhThanhTitleAscii":"/an-giang","QuanHuyenID":0,"NganhNgheTitle":"Bán buôn kim loại và quặng kim loại","NganhNgheTitleAscii":"/nganh-nghe/ban-buon-kim-loai-va-quang-kim-loai","DSTags":["1601877407","An Giang",null]},{"Type":11,"SolrID":"/1601876523-doanh-nghiep-tn-tiem-vang-nhut-quang","ID":0,"MaSoThue":"1601876523","NgayCap":"2013-05-28T00:00:00Z","Title":"Doanh Nghiệp TN Tiệm Vàng Nhựt Quang","DiaChiCongTy":"ấp Mỹ Tân - Thị trấn Mỹ Luông - Huyện Chợ Mới - An Giang","Created":"2015-11-16T11:27:00Z","Updated":"2015-11-16T11:27:00Z","IsDelete":false,"RequestChanged":false,"ExitsInGDT":false,"SourceID":0,"TinhThanhID":0,"TinhThanhTitle":"An Giang","TinhThanhTitleAscii":"/an-giang","QuanHuyenID":0,"NganhNgheTitle":"Bán buôn kim loại và quặng kim loại","NganhNgheTitleAscii":"/nganh-nghe/ban-buon-kim-loai-va-quang-kim-loai","DSTags":["1601876523","An Giang",null]},{"Type":11,"SolrID":"/1601876354-doanh-nghiep-tn-tiem-vang-thien-tan-nguyen","ID":0,"MaSoThue":"1601876354","NgayCap":"2013-05-28T00:00:00Z","Title":"Doanh Nghiệp TN Tiệm Vàng Thiên Tân Nguyên","DiaChiCongTy":"Số 232, ấp Thị I - Thị trấn Mỹ Luông - Huyện Chợ Mới - An Giang","Created":"2015-11-16T11:28:16Z","Updated":"2015-11-16T11:28:16Z","IsDelete":false,"RequestChanged":false,"ExitsInGDT":false,"SourceID":0,"TinhThanhID":0,"TinhThanhTitle":"An Giang","TinhThanhTitleAscii":"/an-giang","QuanHuyenID":0,"NganhNgheTitle":"Bán buôn kim loại và quặng kim loại","NganhNgheTitleAscii":"/nganh-nghe/ban-buon-kim-loai-va-quang-kim-loai","DSTags":["1601876354","An Giang",null]},{"Type":11,"SolrID":"/1601833720-cong-ty-tnhh-mot-thanh-vien-xuan-an-bot","ID":0,"MaSoThue":"1601833720","NgayCap":"2012-09-08T00:00:00Z","Title":"Công Ty TNHH Một Thành Viên Xuân An Bot","DiaChiCongTy":"ấp Thị 1 - Thị trấn Mỹ Luông - Huyện Chợ Mới - An Giang","Created":"2015-11-12T05:26:42Z","Updated":"2015-11-12T05:26:42Z","IsDelete":false,"RequestChanged":false,"ExitsInGDT":false,"SourceID":0,"TinhThanhID":0,"TinhThanhTitle":"An Giang","TinhThanhTitleAscii":"/an-giang","QuanHuyenID":0,"NganhNgheTitle":"Xây dựng công trình đường sắt và đường bộ","NganhNgheTitleAscii":"/nganh-nghe/xay-dung-cong-trinh-duong-sat-va-duong-bo","DSTags":["1601833720","An Giang",null]},{"Type":11,"SolrID":"/1601833696-cong-ty-tnhh-mot-thanh-vien-duong-khang-bot","ID":0,"MaSoThue":"1601833696","NgayCap":"2012-09-08T00:00:00Z","Title":"Công Ty TNHH Một Thành Viên Dương Khang Bot","DiaChiCongTy":"ấp Thị 1 - Thị trấn Mỹ Luông - Huyện Chợ Mới - An Giang","Created":"2015-11-18T04:41:15Z","Updated":"2015-11-18T04:41:15Z","IsDelete":false,"RequestChanged":false,"ExitsInGDT":false,"SourceID":0,"TinhThanhID":0,"TinhThanhTitle":"An Giang","TinhThanhTitleAscii":"/an-giang","QuanHuyenID":0,"NganhNgheTitle":"Xây dựng công trình đường sắt và đường bộ","NganhNgheTitleAscii":"/nganh-nghe/xay-dung-cong-trinh-duong-sat-va-duong-bo","DSTags":["1601833696","An Giang",null]},{"Type":11,"SolrID":"/1601819130-cong-ty-tnhh-duoc-pham-tin-kien-loi","ID":0,"MaSoThue":"1601819130","NgayCap":"2012-08-30T00:00:00Z","Title":"Công Ty TNHH Dược Phẩm Tín Kiến Lợi","DiaChiCongTy":"Số 397 đường tỉnh lộ 942, ấp Mỹ Hòa - Thị trấn Mỹ Luông - Huyện Chợ Mới - An Giang","Created":"2015-11-12T06:16:51Z","Updated":"2015-11-12T06:16:51Z","IsDelete":false,"RequestChanged":false,"ExitsInGDT":false,"SourceID":0,"TinhThanhID":0,"TinhThanhTitle":"An Giang","TinhThanhTitleAscii":"/an-giang","QuanHuyenID":0,"NganhNgheTitle":"Sản xuất mỹ phẩm, xà phòng, chất tẩy rửa, làm bóng và chế phẩm vệ sinh","NganhNgheTitleAscii":"/nganh-nghe/san-xuat-my-pham-xa-phong-chat-tay-rua-lam-bong-va-che-pham-ve-sinh","DSTags":["1601819130","An Giang",null]},{"Type":11,"SolrID":"/1601664310-cong-ty-tnhh-mot-thanh-vien-phuc-noi-that","ID":0,"MaSoThue":"1601664310","NgayCap":"2012-02-28T00:00:00Z","Title":"Công Ty TNHH Một Thành Viên Phúc Nội Thất","DiaChiCongTy":"ấp Thị I - Thị trấn Mỹ Luông - Huyện Chợ Mới - An Giang","Created":"2015-11-09T23:59:31Z","Updated":"2015-11-09T23:59:31Z","IsDelete":false,"RequestChanged":false,"ExitsInGDT":false,"SourceID":0,"TinhThanhID":0,"TinhThanhTitle":"An Giang","TinhThanhTitleAscii":"/an-giang","QuanHuyenID":0,"NganhNgheTitle":"Bán buôn vật liệu, thiết bị lắp đặt khác trong xây dựng","NganhNgheTitleAscii":"/nganh-nghe/ban-buon-vat-lieu-thiet-bi-lap-dat-khac-trong-xay-dung","DSTags":["1601664310","An Giang",null]},{"Type":11,"SolrID":"/1601637797-cong-ty-tnhh-mot-thanh-vien-phat-khue","ID":0,"MaSoThue":"1601637797","NgayCap":"2012-01-05T00:00:00Z","Title":"Công Ty TNHH Một Thành Viên Phát Khuê","DiaChiCongTy":"Số 27/1, ấp Thị 2 - Thị trấn Mỹ Luông - Huyện Chợ Mới - An Giang","Created":"2015-11-10T01:38:02Z","Updated":"2015-11-10T01:38:02Z","IsDelete":false,"RequestChanged":false,"ExitsInGDT":false,"SourceID":0,"TinhThanhID":0,"TinhThanhTitle":"An Giang","TinhThanhTitleAscii":"/an-giang","QuanHuyenID":0,"NganhNgheTitle":"Bán buôn nông, lâm sản nguyên liệu (trừ gỗ, tre, nứa) và động vật sống","NganhNgheTitleAscii":"/nganh-nghe/ban-buon-nong-lam-san-nguyen-lieu-tru-go-tre-nua-va-dong-vat-song","DSTags":["1601637797","An Giang",null]},{"Type":11,"SolrID":"/1601010371-004-chi-nhanh-cong-ty-tnhh-mot-thanh-vien-kim-chau-4","ID":0,"MaSoThue":"1601010371-004","NgayCap":"2011-12-23T00:00:00Z","Title":"Chi Nhánh Công Ty TNHH Một Thành Viên Kim Châu 4","DiaChiCongTy":"Tỉnh lộ 942, ấp Thị 2 - Thị trấn Mỹ Luông - Huyện Chợ Mới - An Giang","Created":"2015-11-10T01:41:07Z","Updated":"2015-11-10T01:41:07Z","IsDelete":false,"RequestChanged":false,"ExitsInGDT":false,"SourceID":0,"TinhThanhID":0,"TinhThanhTitle":"An Giang","TinhThanhTitleAscii":"/an-giang","QuanHuyenID":0,"NganhNgheTitle":"Bán mô tô, xe máy","NganhNgheTitleAscii":"/nganh-nghe/ban-mo-to-xe-may","DSTags":["1601010371-004","An Giang",null]},{"Type":11,"SolrID":"/1601529706-cong-ty-tnhh-mot-thanh-vien-phuoc-thanh-tai","ID":0,"MaSoThue":"1601529706","NgayCap":"2011-08-19T00:00:00Z","Title":"Công Ty TNHH Một Thành Viên Phước Thành Tài","DiaChiCongTy":"Số 108, ấp Mỹ Hòa - Thị trấn Mỹ Luông - Huyện Chợ Mới - An Giang","Created":"2015-11-10T01:39:31Z","Updated":"2015-11-10T01:39:31Z","IsDelete":false,"RequestChanged":false,"ExitsInGDT":false,"SourceID":0,"TinhThanhID":0,"TinhThanhTitle":"An Giang","TinhThanhTitleAscii":"/an-giang","QuanHuyenID":0,"NganhNgheTitle":"May trang phục (trừ trang phục từ da lông thú)","NganhNgheTitleAscii":"/nganh-nghe/may-trang-phuc-tru-trang-phuc-tu-da-long-thu","DSTags":["1601529706","An Giang",null]},{"Type":11,"SolrID":"/1601516834-doanh-nghiep-tn-trang-hoang-mai","ID":0,"MaSoThue":"1601516834","NgayCap":"2011-07-27T00:00:00Z","Title":"Doanh Nghiệp TN Trang Hoàng Mai","DiaChiCongTy":"ấp Mỹ Tân - Thị trấn Mỹ Luông - Huyện Chợ Mới - An Giang","Created":"2015-11-16T19:54:02Z","Updated":"2015-11-16T19:54:02Z","IsDelete":false,"RequestChanged":false,"ExitsInGDT":false,"SourceID":0,"TinhThanhID":0,"TinhThanhTitle":"An Giang","TinhThanhTitleAscii":"/an-giang","QuanHuyenID":0,"NganhNgheTitle":"Bán buôn nông, lâm sản nguyên liệu (trừ gỗ, tre, nứa) và động vật sống","NganhNgheTitleAscii":"/nganh-nghe/ban-buon-nong-lam-san-nguyen-lieu-tru-go-tre-nua-va-dong-vat-song","DSTags":["1601516834","An Giang",null]},{"Type":11,"SolrID":"/1600184590-030-chi-nhanh-cong-ty-tnhh-mot-thanh-vien-xang-dau-an-giang-cua-hang-xang-dau-my-luong","ID":0,"MaSoThue":"1600184590-030","NgayCap":"2010-12-17T00:00:00Z","Title":"Chi Nhánh Công Ty TNHH Một Thành Viên Xăng Dầu An Giang - Cửa Hàng Xăng Dầu Mỹ Luông","DiaChiCongTy":"Đường số 1, ấp Mỹ Quí - Thị trấn Mỹ Luông - Huyện Chợ Mới - An Giang","Created":"2015-11-10T01:40:32Z","Updated":"2015-11-10T01:40:32Z","IsDelete":false,"RequestChanged":false,"ExitsInGDT":false,"SourceID":0,"TinhThanhID":0,"TinhThanhTitle":"An Giang","TinhThanhTitleAscii":"/an-giang","QuanHuyenID":0,"NganhNgheTitle":"Bán buôn nhiên liệu rắn, lỏng, khí và các sản phẩm liên quan","NganhNgheTitleAscii":"/nganh-nghe/ban-buon-nhien-lieu-ran-long-khi-va-cac-san-pham-lien-quan","DSTags":["1600184590-030","An Giang",null]},{"Type":11,"SolrID":"/1601301691-doanh-nghiep-tn-phu-dong-phat","ID":0,"MaSoThue":"1601301691","NgayCap":"2010-02-27T00:00:00Z","Title":"Doanh Nghiệp TN Phú Đồng Phát","DiaChiCongTy":"Số 348, ấp Mỹ Hòa - Thị trấn Mỹ Luông - Huyện Chợ Mới - An Giang","Created":"2015-11-16T21:56:42Z","Updated":"2015-11-16T21:56:42Z","IsDelete":false,"RequestChanged":false,"ExitsInGDT":false,"SourceID":0,"TinhThanhID":0,"TinhThanhTitle":"An Giang","TinhThanhTitleAscii":"/an-giang","QuanHuyenID":0,"NganhNgheTitle":"Vận tải hàng hóa bằng đường bộ","NganhNgheTitleAscii":"/nganh-nghe/van-tai-hang-hoa-bang-duong-bo","DSTags":["1601301691","An Giang",null]},{"Type":11,"SolrID":"/1601224983-cong-ty-tnhh-hoang-kim-cnc","ID":0,"MaSoThue":"1601224983","NgayCap":"2009-10-13T00:00:00Z","Title":"Công Ty TNHH Hoàng Kim-Cnc","DiaChiCongTy":"ấp Thị 1 - Thị trấn Mỹ Luông - Huyện Chợ Mới - An Giang","Created":"2015-11-09T00:59:23Z","Updated":"2015-11-09T00:59:23Z","IsDelete":false,"RequestChanged":false,"ExitsInGDT":false,"SourceID":0,"TinhThanhID":0,"TinhThanhTitle":"An Giang","TinhThanhTitleAscii":"/an-giang","QuanHuyenID":0,"NganhNgheTitle":"Bán buôn chuyên doanh khác","NganhNgheTitleAscii":"/nganh-nghe/ban-buon-chuyen-doanh-khac","DSTags":["1601224983","An Giang",null]},{"Type":11,"SolrID":"/1601206261-truong-tieu-hoc-c-thi-tran-my-luong","ID":0,"MaSoThue":"1601206261","NgayCap":"2009-08-11T00:00:00Z","Title":"Trường Tiểu Học C Thị Trấn Mỹ Luông","DiaChiCongTy":"ấp Mỹ Hoà ,Thị Trấn Mỹ Luông - Huyện Chợ Mới - An Giang","Created":"2015-11-16T09:47:19Z","Updated":"2015-11-16T09:47:19Z","IsDelete":false,"RequestChanged":false,"ExitsInGDT":false,"SourceID":0,"TinhThanhID":0,"TinhThanhTitle":"An Giang","TinhThanhTitleAscii":"/an-giang","QuanHuyenID":0,"NganhNgheTitle":"Hoạt động quản lý nhà nước nói chung và kinh tế tổng hợp","NganhNgheTitleAscii":"/nganh-nghe/hoat-dong-quan-ly-nha-nuoc-noi-chung-va-kinh-te-tong-hop","DSTags":["1601206261","An Giang",null]},{"Type":11,"SolrID":"/0305455040-001-chi-nhanh-cong-ty-tnhh-dau-tu-san-xuat-thuong-mai-dich-vu-phi-hung","ID":0,"MaSoThue":"0305455040-001","NgayCap":"2009-07-23T00:00:00Z","Title":"Chi Nhánh Công Ty TNHH Đầu Tư Sản Xuất Thương Mại Dịch Vụ Phi Hùng","DiaChiCongTy":"Số 50A, ấp Mỹ Quý - Thị trấn Mỹ Luông - Huyện Chợ Mới - An Giang","Created":"2015-11-09T00:33:50Z","Updated":"2015-11-09T00:33:50Z","IsDelete":false,"RequestChanged":false,"ExitsInGDT":false,"SourceID":0,"TinhThanhID":0,"TinhThanhTitle":"An Giang","TinhThanhTitleAscii":"/an-giang","QuanHuyenID":0,"NganhNgheTitle":"Dịch vụ đóng gói","NganhNgheTitleAscii":"/nganh-nghe/dich-vu-dong-goi","DSTags":["0305455040-001","An Giang",null]},{"Type":11,"SolrID":"/1601186248-dntn-lam-thi-thuan","ID":0,"MaSoThue":"1601186248","NgayCap":"2009-07-06T00:00:00Z","Title":"DNTN Lâm Thị Thuận","DiaChiCongTy":"ấp Thị 2, Thị trấn Mỹ Luông - Huyện Chợ Mới - An Giang","Created":"2015-11-11T07:32:42Z","Updated":"2015-11-11T07:32:42Z","IsDelete":false,"RequestChanged":false,"ExitsInGDT":false,"SourceID":0,"TinhThanhID":0,"TinhThanhTitle":"An Giang","TinhThanhTitleAscii":"/an-giang","QuanHuyenID":0,"NganhNgheTitle":"Bán lẻ nhiên liệu động cơ trong các cửa hàng chuyên doanh","NganhNgheTitleAscii":"/nganh-nghe/ban-le-nhien-lieu-dong-co-trong-cac-cua-hang-chuyen-doanh","DSTags":["1601186248","An Giang",null]},{"Type":11,"SolrID":"/1600981211-cong-ty-tnhh-mot-thanh-vien-xay-dung-huu-thinh","ID":0,"MaSoThue":"1600981211","NgayCap":"2008-10-21T00:00:00Z","Title":"Công Ty TNHH Một Thành Viên Xây Dựng Hữu Thịnh","DiaChiCongTy":"ấp Mỹ Tân - Thị trấn Mỹ Luông - Huyện Chợ Mới - An Giang","Created":"2015-11-09T18:37:44Z","Updated":"2015-11-09T18:37:44Z","IsDelete":false,"RequestChanged":false,"ExitsInGDT":false,"SourceID":0,"TinhThanhID":0,"TinhThanhTitle":"An Giang","TinhThanhTitleAscii":"/an-giang","QuanHuyenID":0,"NganhNgheTitle":"Xây dựng công trình kỹ thuật dân dụng khác","NganhNgheTitleAscii":"/nganh-nghe/xay-dung-cong-trinh-ky-thuat-dan-dung-khac","DSTags":["1600981211","An Giang",null]},{"Type":11,"SolrID":"/1600947933-cong-ty-tnhh-nguyen-danh","ID":0,"MaSoThue":"1600947933","NgayCap":"2008-03-13T00:00:00Z","Title":"Công Ty TNHH Nguyên Danh","DiaChiCongTy":"Số 2225, ấp Thị - Thị trấn Mỹ Luông - Huyện Chợ Mới - An Giang","Created":"2015-11-09T13:53:45Z","Updated":"2015-11-09T13:53:45Z","IsDelete":false,"RequestChanged":false,"ExitsInGDT":false,"SourceID":0,"TinhThanhID":0,"TinhThanhTitle":"An Giang","TinhThanhTitleAscii":"/an-giang","QuanHuyenID":0,"NganhNgheTitle":"Xây dựng công trình kỹ thuật dân dụng khác","NganhNgheTitleAscii":"/nganh-nghe/xay-dung-cong-trinh-ky-thuat-dan-dung-khac","DSTags":["1600947933","An Giang",null]},{"Type":11,"SolrID":"/1600923065-cong-ty-tnhh-thuong-mai-va-san-xuat-hung-tien","ID":0,"MaSoThue":"1600923065","NgayCap":"2007-12-17T00:00:00Z","Title":"Công Ty TNHH Thương Mại Và Sản Xuất Hưng Tiến","DiaChiCongTy":"Số 124, Tỉnh lộ 942, ấp Mỹ Hòa - Thị trấn Mỹ Luông - Huyện Chợ Mới - An Giang","Created":"2015-11-11T10:03:12Z","Updated":"2015-11-11T10:03:12Z","IsDelete":false,"RequestChanged":false,"ExitsInGDT":false,"SourceID":0,"TinhThanhID":0,"TinhThanhTitle":"An Giang","TinhThanhTitleAscii":"/an-giang","QuanHuyenID":0,"NganhNgheTitle":"Sản xuất giường, tủ, bàn, ghế","NganhNgheTitleAscii":"/nganh-nghe/san-xuat-giuong-tu-ban-ghe","DSTags":["1600923065","An Giang",null]},{"Type":11,"SolrID":"/0304581042-001-chi-nhanh-cong-ty-tnhh-thuong-mai-van-lam-phan-xuong-hoa-tien","ID":0,"MaSoThue":"0304581042-001","NgayCap":"2007-04-11T00:00:00Z","Title":"Chi Nhánh Công ty TNHH Thương Mại Vân Lâm Phân Xưởng Hoà Tiến","DiaChiCongTy":"Tổ 6, ấp Mỹ Hoà, Thị Trấn Mỹ Luông - Huyện Chợ Mới - An Giang","Created":"2015-11-19T07:40:29Z","Updated":"2015-11-19T07:40:29Z","IsDelete":false,"RequestChanged":false,"ExitsInGDT":false,"SourceID":0,"TinhThanhID":0,"TinhThanhTitle":"An Giang","TinhThanhTitleAscii":"/an-giang","QuanHuyenID":0,"NganhNgheTitle":"Chế biến gỗ và sản xuất sản phẩm từ gỗ, tre, nứa (trừ giường, tủ, bàn, ghế); sản xuất sản phẩm từ rơm, rạ và vật liệu tết bện","NganhNgheTitleAscii":"/nganh-nghe/che-bien-go-va-san-xuat-san-pham-tu-go-tre-nua-tru-giuong-tu-ban-ghe-san-xuat-san-pham-tu-rom-ra-va-vat-lieu-tet-ben","DSTags":["0304581042-001","An Giang",null]},{"Type":11,"SolrID":"/3700381324-063-chi-nhanh-cong-ty-co-phan-tap-doan-hoa-sen-tai-cho-moi-an-giang","ID":0,"MaSoThue":"3700381324-063","NgayCap":"2006-11-06T00:00:00Z","Title":"Chi Nhánh Công Ty Cổ Phần Tập Đoàn Hoa Sen Tại Chợ Mới - An Giang","DiaChiCongTy":"Ấp Mỹ Hòa, Thị Trấn Mỹ Luông, Huyện Chợ Mới, Tỉnh An Giang","Created":"2015-11-18T01:54:19Z","Updated":"2020-08-21T15:45:38Z","IsDelete":false,"RequestChanged":false,"ExitsInGDT":false,"SourceID":0,"TinhThanhID":0,"TinhThanhTitle":"An Giang","TinhThanhTitleAscii":"/an-giang","QuanHuyenID":0,"NganhNgheTitle":"Gia công cơ khí; xử lý và tráng phủ kim loại","NganhNgheTitleAscii":"/nganh-nghe/gia-cong-co-khi-xu-ly-va-trang-phu-kim-loai","DSTags":["3700381324-063","An Giang",null]},{"Type":11,"SolrID":"/1600837867-doanh-nghiep-tn-thang-long","ID":0,"MaSoThue":"1600837867","NgayCap":"2006-05-03T00:00:00Z","Title":"Doanh Nghiệp TN Thăng Long","DiaChiCongTy":"Số 447, tổ 19, ấp Thị 2 - Thị trấn Mỹ Luông - Huyện Chợ Mới - An Giang","Created":"2015-11-17T04:15:56Z","Updated":"2015-11-17T04:15:56Z","IsDelete":false,"RequestChanged":false,"ExitsInGDT":false,"SourceID":0,"TinhThanhID":0,"TinhThanhTitle":"An Giang","TinhThanhTitleAscii":"/an-giang","QuanHuyenID":0,"NganhNgheTitle":"Bán buôn nhiên liệu rắn, lỏng, khí và các sản phẩm liên quan","NganhNgheTitleAscii":"/nganh-nghe/ban-buon-nhien-lieu-ran-long-khi-va-cac-san-pham-lien-quan","DSTags":["1600837867","An Giang",null]},{"Type":11,"SolrID":"/1600823529-truong-trung-hoc-co-so-thi-tran-my-luong","ID":0,"MaSoThue":"1600823529","NgayCap":"2006-01-19T00:00:00Z","Title":"Trường trung học cơ sở thị trấn Mỹ Luông","DiaChiCongTy":"ấp Thị I, Thị trấn Mỹ Luông - Huyện Chợ Mới - An Giang","Created":"2015-11-16T04:56:49Z","Updated":"2015-11-16T04:56:49Z","IsDelete":false,"RequestChanged":false,"ExitsInGDT":false,"SourceID":0,"TinhThanhID":0,"TinhThanhTitle":"An Giang","TinhThanhTitleAscii":"/an-giang","QuanHuyenID":0,"NganhNgheTitle":"Giáo dục trung học cơ sở và trung học phổ thông","NganhNgheTitleAscii":"/nganh-nghe/giao-duc-trung-hoc-co-so-va-trung-hoc-pho-thong","DSTags":["1600823529","An Giang",null]},{"Type":11,"SolrID":"/1600637868-doanh-nghiep-tn-doan-hiep-hung","ID":0,"MaSoThue":"1600637868","NgayCap":"2005-09-08T00:00:00Z","Title":"Doanh Nghiệp TN Đoàn Hiệp Hưng","DiaChiCongTy":"Số 198 Lê Lợi - Thị trấn Mỹ Luông - Huyện Chợ Mới - An Giang","Created":"2015-11-17T01:12:46Z","Updated":"2015-11-17T01:12:46Z","IsDelete":false,"RequestChanged":false,"ExitsInGDT":false,"SourceID":0,"TinhThanhID":0,"TinhThanhTitle":"An Giang","TinhThanhTitleAscii":"/an-giang","QuanHuyenID":0,"NganhNgheTitle":"Bán buôn kim loại và quặng kim loại","NganhNgheTitleAscii":"/nganh-nghe/ban-buon-kim-loai-va-quang-kim-loai","DSTags":["1600637868","An Giang",null]},{"Type":11,"SolrID":"/1600363712-ubnd-thi-tran-my-luong","ID":0,"MaSoThue":"1600363712","NgayCap":"1999-04-27T00:00:00Z","Title":"UBND thị trấn Mỹ Luông","DiaChiCongTy":"ấp thị I thị trấn Mỹ Luông - Huyện Chợ Mới - An Giang","Created":"2015-11-14T14:33:05Z","Updated":"2015-11-14T14:33:05Z","IsDelete":false,"RequestChanged":false,"ExitsInGDT":false,"SourceID":0,"TinhThanhID":0,"TinhThanhTitle":"An Giang","TinhThanhTitleAscii":"/an-giang","QuanHuyenID":0,"NganhNgheTitle":"Hoạt động quản lý nhà nước nói chung và kinh tế tổng hợp","NganhNgheTitleAscii":"/nganh-nghe/hoat-dong-quan-ly-nha-nuoc-noi-chung-va-kinh-te-tong-hop","DSTags":["1600363712","An Giang",null]},{"Type":11,"SolrID":"/1600366103-028-truong-tieu-hoc-b-thi-tran-my-luong","ID":0,"MaSoThue":"1600366103-028","NgayCap":"1998-11-24T00:00:00Z","Title":"Trường Tiểu học B thị trấn Mỹ Luông","DiaChiCongTy":"ấp Mỹ Thuận, thị trấn Mỹ Luông - Huyện Chợ Mới - An Giang","Created":"2015-11-17T19:48:42Z","Updated":"2015-11-17T19:48:42Z","IsDelete":false,"RequestChanged":false,"ExitsInGDT":false,"SourceID":0,"TinhThanhID":0,"TinhThanhTitle":"An Giang","TinhThanhTitleAscii":"/an-giang","QuanHuyenID":0,"NganhNgheTitle":"Giáo dục tiểu học","NganhNgheTitleAscii":"/nganh-nghe/giao-duc-tieu-hoc","DSTags":["1600366103-028","An Giang",null]},{"Type":11,"SolrID":"/1600151299-doanh-nghiep-tn-vinh-nguyen","ID":0,"MaSoThue":"1600151299","NgayCap":"1998-09-18T00:00:00Z","Title":"Doanh Nghiệp TN Vĩnh Nguyên","DiaChiCongTy":"Số 12/1, ấp Thị I - Thị trấn Mỹ Luông - Huyện Chợ Mới - An Giang","Created":"2015-11-11T11:45:12Z","Updated":"2015-11-11T11:45:12Z","IsDelete":false,"RequestChanged":false,"ExitsInGDT":false,"SourceID":0,"TinhThanhID":0,"TinhThanhTitle":"An Giang","TinhThanhTitleAscii":"/an-giang","QuanHuyenID":0,"NganhNgheTitle":"Vận tải hàng hóa bằng đường bộ","NganhNgheTitleAscii":"/nganh-nghe/van-tai-hang-hoa-bang-duong-bo","DSTags":["1600151299","An Giang",null]}]}