{"ID":7394,"SolrID":"/an-giang/huyen-cho-moi/xa-an-thanh-trung","Title":"Xã An Thạnh Trung","TinhThanhTitle":"An Giang","QuanHuyenTitle":"Huyện Chợ Mới","QuanHuyenID":489,"TinhThanhID":35,"Url":"https://thongtindoanhnghiep.co/api/company?l=/an-giang/huyen-cho-moi/xa-an-thanh-trung","Total":33,"List":[{"Type":11,"SolrID":"/1602146329-doanh-nghiep-tn-xang-dau-ba-khanh","ID":0,"MaSoThue":"1602146329","NgayCap":"2021-04-23T00:00:00Z","Title":"Doanh Nghiệp Tn Xăng Dầu Ba Khánh","DiaChiCongTy":"Ấp An Long, Xã An Thạnh Trung, Huyện Chợ Mới, Tỉnh An Giang","Created":"2021-04-23T08:37:38Z","Updated":"2021-04-23T08:37:38Z","IsDelete":false,"RequestChanged":false,"ExitsInGDT":false,"SourceID":0,"TinhThanhID":0,"TinhThanhTitle":"An Giang","TinhThanhTitleAscii":"/an-giang","QuanHuyenID":0,"NganhNgheTitle":"Bán buôn nhiên liệu rắn, lỏng, khí và các sản phẩm liên quan","NganhNgheTitleAscii":"/nganh-nghe/ban-buon-nhien-lieu-ran-long-khi-va-cac-san-pham-lien-quan","DSTags":["1602146329","An Giang",null]},{"Type":11,"SolrID":"/1602144748-cong-ty-tnhh-dau-tu-xay-dung-thien-phuc-cho-moi","ID":0,"MaSoThue":"1602144748","NgayCap":"2021-03-30T00:00:00Z","Title":"Công Ty TNHH Đầu Tư Xây Dựng Thiên Phúc Chợ Mới","DiaChiCongTy":"Số 135, Tổ 7, Ấp An Tịnh, Xã An Thạnh Trung, Huyện Chợ Mới, Tỉnh An Giang","Created":"2021-03-30T08:37:11Z","Updated":"2021-03-30T08:37:11Z","IsDelete":false,"RequestChanged":false,"ExitsInGDT":false,"SourceID":0,"TinhThanhID":0,"TinhThanhTitle":"An Giang","TinhThanhTitleAscii":"/an-giang","QuanHuyenID":0,"NganhNgheTitle":"Kinh doanh bất động sản, quyền sử dụng đất thuộc chủ sở hữu, chủ sử dụng hoặc đi thuê","NganhNgheTitleAscii":"/nganh-nghe/kinh-doanh-bat-dong-san-quyen-su-dung-dat-thuoc-chu-so-huu-chu-su-dung-hoac-di-thue","DSTags":["1602144748","An Giang",null]},{"Type":11,"SolrID":"/1602066345-cong-ty-tnhh-xang-dau-le-truong-thang","ID":0,"MaSoThue":"1602066345","NgayCap":"2018-03-20T00:00:00Z","Title":"Công Ty TNHH Xăng Dầu Lê Trường Thắng","DiaChiCongTy":"Tổ 14, Ấp An Khương, Xã An Thạnh Trung, Huyện Chợ Mới, Tỉnh An Giang","Created":"2018-03-20T16:04:24Z","Updated":"2018-03-20T16:04:24Z","IsDelete":false,"RequestChanged":false,"ExitsInGDT":false,"SourceID":0,"TinhThanhID":0,"TinhThanhTitle":"An Giang","TinhThanhTitleAscii":"/an-giang","QuanHuyenID":0,"NganhNgheTitle":"Bán buôn nhiên liệu rắn, lỏng, khí và các sản phẩm liên quan","NganhNgheTitleAscii":"/nganh-nghe/ban-buon-nhien-lieu-ran-long-khi-va-cac-san-pham-lien-quan","DSTags":["1602066345","An Giang",null]},{"Type":11,"SolrID":"/1602054780-cong-ty-tnhh-an-vi-pallet-go-mien-tay","ID":0,"MaSoThue":"1602054780","NgayCap":"2017-11-13T00:00:00Z","Title":"Công Ty TNHH An Vĩ Pallet Gỗ Miền Tây","DiaChiCongTy":"Tỉnh lộ 944, Ấp An Khánh, Xã An Thạnh Trung, Huyện Chợ Mới, Tỉnh An Giang","Created":"2017-11-13T10:36:14Z","Updated":"2017-11-13T10:36:14Z","IsDelete":false,"RequestChanged":false,"ExitsInGDT":false,"SourceID":0,"TinhThanhID":0,"TinhThanhTitle":"An Giang","TinhThanhTitleAscii":"/an-giang","QuanHuyenID":0,"NganhNgheTitle":"Bán buôn vật liệu, thiết bị lắp đặt khác trong xây dựng","NganhNgheTitleAscii":"/nganh-nghe/ban-buon-vat-lieu-thiet-bi-lap-dat-khac-trong-xay-dung","DSTags":["1602054780","An Giang",null]},{"Type":11,"SolrID":"/1602042834-cong-ty-tnhh-xuat-nhap-khau-tuong-lai-xanh","ID":0,"MaSoThue":"1602042834","NgayCap":"2017-06-19T00:00:00Z","Title":"Công Ty TNHH Xuất Nhập Khẩu Tương Lai Xanh","DiaChiCongTy":"Ấp An Lạc, Xã An Thạnh Trung, Huyện Chợ Mới, Tỉnh An Giang","Created":"2017-06-19T11:08:17Z","Updated":"2017-06-19T11:08:17Z","IsDelete":false,"RequestChanged":false,"ExitsInGDT":false,"SourceID":0,"TinhThanhID":0,"TinhThanhTitle":"An Giang","TinhThanhTitleAscii":"/an-giang","QuanHuyenID":0,"NganhNgheTitle":"Bán buôn nông, lâm sản nguyên liệu (trừ gỗ, tre, nứa) và động vật sống","NganhNgheTitleAscii":"/nganh-nghe/ban-buon-nong-lam-san-nguyen-lieu-tru-go-tre-nua-va-dong-vat-song","DSTags":["1602042834","An Giang",null]},{"Type":11,"SolrID":"/1602038683-cong-ty-tnhh-mot-thanh-vien-hiep-phu-bot","ID":0,"MaSoThue":"1602038683","NgayCap":"2017-04-24T00:00:00Z","Title":"Công Ty TNHH Một Thành Viên Hiệp Phú Bot","DiaChiCongTy":"Số 61, Ấp An Lạc, Xã An Thạnh Trung, Huyện Chợ Mới, Tỉnh An Giang","Created":"2017-04-24T12:40:38Z","Updated":"2017-04-24T12:40:38Z","IsDelete":false,"RequestChanged":false,"ExitsInGDT":false,"SourceID":0,"TinhThanhID":0,"TinhThanhTitle":"An Giang","TinhThanhTitleAscii":"/an-giang","QuanHuyenID":0,"NganhNgheTitle":"Xây dựng công trình đường sắt và đường bộ","NganhNgheTitleAscii":"/nganh-nghe/xay-dung-cong-trinh-duong-sat-va-duong-bo","DSTags":["1602038683","An Giang",null]},{"Type":11,"SolrID":"/1602031014-cong-ty-cp-dau-tu-san-xuat-thuong-mai-dich-vu-loc-tinh-do","ID":0,"MaSoThue":"1602031014","NgayCap":"2017-01-09T00:00:00Z","Title":"Công Ty CP Đầu Tư Sản Xuất Thương Mại Dịch Vụ Lộc Tịnh Độ","DiaChiCongTy":"Ấp An Tịnh, Xã An Thạnh Trung, Huyện Chợ Mới, Tỉnh An Giang","Created":"2017-01-09T08:38:28Z","Updated":"2017-01-09T08:38:28Z","IsDelete":false,"RequestChanged":false,"ExitsInGDT":false,"SourceID":0,"TinhThanhID":0,"TinhThanhTitle":"An Giang","TinhThanhTitleAscii":"/an-giang","QuanHuyenID":0,"NganhNgheTitle":"Bán lẻ thực phẩm trong các cửa hàng chuyên doanh","NganhNgheTitleAscii":"/nganh-nghe/ban-le-thuc-pham-trong-cac-cua-hang-chuyen-doanh","DSTags":["1602031014","An Giang",null]},{"Type":11,"SolrID":"/1602028861-cong-ty-tnhh-nong-nghiep-an-viet","ID":0,"MaSoThue":"1602028861","NgayCap":"2016-12-23T00:00:00Z","Title":"Công Ty TNHH Nông Nghiệp An Việt","DiaChiCongTy":"Ấp An Long, Xã An Thạnh Trung, Huyện Chợ Mới, Tỉnh An Giang","Created":"2016-12-23T14:10:34Z","Updated":"2016-12-23T14:10:34Z","IsDelete":false,"RequestChanged":false,"ExitsInGDT":false,"SourceID":0,"TinhThanhID":0,"TinhThanhTitle":"An Giang","TinhThanhTitleAscii":"/an-giang","QuanHuyenID":0,"NganhNgheTitle":"Hoạt động dịch vụ trồng trọt","NganhNgheTitleAscii":"/nganh-nghe/hoat-dong-dich-vu-trong-trot","DSTags":["1602028861","An Giang",null]},{"Type":11,"SolrID":"/6300216603-014-van-phong-dai-dien-cong-ty-co-phan-quoc-te-uoc-mo-viet-tai-tinh-an-giang","ID":0,"MaSoThue":"6300216603-014","NgayCap":"2016-03-25T00:00:00Z","Title":"Văn Phòng Đại Diện Công Ty Cổ Phần Quốc Tế ước Mơ Việt Tại Tỉnh An Giang","DiaChiCongTy":"Số 143, ấp An Khánh - Xã An Thạnh Trung - Huyện Chợ Mới - An Giang","Created":"2016-04-22T12:29:55Z","Updated":"2016-04-22T12:29:55Z","IsDelete":false,"RequestChanged":false,"ExitsInGDT":false,"SourceID":0,"TinhThanhID":0,"TinhThanhTitle":"An Giang","TinhThanhTitleAscii":"/an-giang","QuanHuyenID":0,"NganhNgheTitle":"Xây dựng nhà các loại","NganhNgheTitleAscii":"/nganh-nghe/xay-dung-nha-cac-loai","DSTags":["6300216603-014","An Giang",null]},{"Type":11,"SolrID":"/1602001901-doanh-nghiep-tn-tran-binh-cho-moi","ID":0,"MaSoThue":"1602001901","NgayCap":"2016-02-17T00:00:00Z","Title":"Doanh Nghiệp TN Trần Bình Chợ Mới","DiaChiCongTy":"ấp An Bình - Xã An Thạnh Trung - Huyện Chợ Mới - An Giang","Created":"2016-02-19T14:15:09Z","Updated":"2016-02-19T14:15:09Z","IsDelete":false,"RequestChanged":false,"ExitsInGDT":false,"SourceID":0,"TinhThanhID":0,"TinhThanhTitle":"An Giang","TinhThanhTitleAscii":"/an-giang","QuanHuyenID":0,"NganhNgheTitle":"Hoạt động xây dựng chuyên dụng khác","NganhNgheTitleAscii":"/nganh-nghe/hoat-dong-xay-dung-chuyen-dung-khac","DSTags":["1602001901","An Giang",null]},{"Type":11,"SolrID":"/1601994478-cong-ty-tnhh-mot-thanh-vien-pallet-nam-kha","ID":0,"MaSoThue":"1601994478","NgayCap":"2015-12-23T00:00:00Z","Title":"Công Ty TNHH Một Thành Viên Pallet Năm Kha","DiaChiCongTy":"Số 214, ấp An Bình - Xã An Thạnh Trung - Huyện Chợ Mới - An Giang","Created":"2015-12-23T11:34:54Z","Updated":"2015-12-23T11:34:54Z","IsDelete":false,"RequestChanged":false,"ExitsInGDT":false,"SourceID":0,"TinhThanhID":0,"TinhThanhTitle":"An Giang","TinhThanhTitleAscii":"/an-giang","QuanHuyenID":0,"NganhNgheTitle":"Bán buôn vật liệu, thiết bị lắp đặt khác trong xây dựng","NganhNgheTitleAscii":"/nganh-nghe/ban-buon-vat-lieu-thiet-bi-lap-dat-khac-trong-xay-dung","DSTags":["1601994478","An Giang",null]},{"Type":11,"SolrID":"/1601979776-cong-ty-tnhh-ngoc-ngoc-ha","ID":0,"MaSoThue":"1601979776","NgayCap":"2015-08-05T00:00:00Z","Title":"Công Ty TNHH Ngọc Ngọc Hà","DiaChiCongTy":"Số 15, Tổ 1, ấp An Long - Xã An Thạnh Trung - Huyện Chợ Mới - An Giang","Created":"2015-11-18T22:14:44Z","Updated":"2015-11-18T22:14:44Z","IsDelete":false,"RequestChanged":false,"ExitsInGDT":false,"SourceID":0,"TinhThanhID":0,"TinhThanhTitle":"An Giang","TinhThanhTitleAscii":"/an-giang","QuanHuyenID":0,"NganhNgheTitle":"Khai khoáng khác chưa được phân vào đâu","NganhNgheTitleAscii":"/nganh-nghe/khai-khoang-khac-chua-duoc-phan-vao-dau-10612","DSTags":["1601979776","An Giang",null]},{"Type":11,"SolrID":"/1601974168-hop-tac-xa-san-xuat-kinh-doanh-dich-vu-nong-nghiep-cho-moi","ID":0,"MaSoThue":"1601974168","NgayCap":"2015-06-03T00:00:00Z","Title":"Hợp Tác Xã Sản Xuất Kinh Doanh Dịch Vụ Nông Nghiệp Chợ Mới","DiaChiCongTy":"TL 944, Tổ 07, ấp An Lạc - Xã An Thạnh Trung - Huyện Chợ Mới - An Giang","Created":"2015-11-18T05:51:45Z","Updated":"2015-11-18T05:51:45Z","IsDelete":false,"RequestChanged":false,"ExitsInGDT":false,"SourceID":0,"TinhThanhID":0,"TinhThanhTitle":"An Giang","TinhThanhTitleAscii":"/an-giang","QuanHuyenID":0,"NganhNgheTitle":"Hoạt động dịch vụ nông nghiệp","NganhNgheTitleAscii":"/nganh-nghe/hoat-dong-dich-vu-nong-nghiep","DSTags":["1601974168","An Giang",null]},{"Type":11,"SolrID":"/1601912683-doanh-nghiep-tn-xay-xat-nguyen-phuoc-tam","ID":0,"MaSoThue":"1601912683","NgayCap":"2014-02-27T00:00:00Z","Title":"Doanh Nghiệp TN Xay Xát Nguyễn Phước Tâm","DiaChiCongTy":"ấp An Long - Xã An Thạnh Trung - Huyện Chợ Mới - An Giang","Created":"2015-11-09T20:53:24Z","Updated":"2015-11-09T20:53:24Z","IsDelete":false,"RequestChanged":false,"ExitsInGDT":false,"SourceID":0,"TinhThanhID":0,"TinhThanhTitle":"An Giang","TinhThanhTitleAscii":"/an-giang","QuanHuyenID":0,"NganhNgheTitle":"Khai khoáng khác chưa được phân vào đâu","NganhNgheTitleAscii":"/nganh-nghe/khai-khoang-khac-chua-duoc-phan-vao-dau-10612","DSTags":["1601912683","An Giang",null]},{"Type":11,"SolrID":"/1601912690-doanh-nghiep-tn-lam-thanh-sang","ID":0,"MaSoThue":"1601912690","NgayCap":"2014-02-27T00:00:00Z","Title":"Doanh Nghiệp TN Lâm Thanh Sang","DiaChiCongTy":"Tổ 5, ấp An Long - Xã An Thạnh Trung - Huyện Chợ Mới - An Giang","Created":"2015-11-09T20:53:25Z","Updated":"2015-11-09T20:53:25Z","IsDelete":false,"RequestChanged":false,"ExitsInGDT":false,"SourceID":0,"TinhThanhID":0,"TinhThanhTitle":"An Giang","TinhThanhTitleAscii":"/an-giang","QuanHuyenID":0,"NganhNgheTitle":"Khai khoáng khác chưa được phân vào đâu","NganhNgheTitleAscii":"/nganh-nghe/khai-khoang-khac-chua-duoc-phan-vao-dau-10612","DSTags":["1601912690","An Giang",null]},{"Type":11,"SolrID":"/1601881724-doanh-nghiep-tn-tiem-vang-my-le","ID":0,"MaSoThue":"1601881724","NgayCap":"2013-06-25T00:00:00Z","Title":"Doanh Nghiệp TN Tiệm Vàng Mỹ Lệ","DiaChiCongTy":"Số 95, ấp An Lạc - Xã An Thạnh Trung - Huyện Chợ Mới - An Giang","Created":"2015-11-16T21:25:28Z","Updated":"2016-09-11T02:49:27Z","IsDelete":false,"RequestChanged":false,"ExitsInGDT":false,"SourceID":0,"TinhThanhID":0,"TinhThanhTitle":"An Giang","TinhThanhTitleAscii":"/an-giang","QuanHuyenID":0,"DSTags":["1601881724","An Giang",null]},{"Type":11,"SolrID":"/1601879080-doanh-nghiep-tn-tiem-vang-thanh-liem-cho-moi","ID":0,"MaSoThue":"1601879080","NgayCap":"2013-06-07T00:00:00Z","Title":"Doanh Nghiệp TN Tiệm Vàng Thanh Liêm Chợ Mới","DiaChiCongTy":"Số 86 và số 94, ấp An Lạc - Xã An Thạnh Trung - Huyện Chợ Mới - An Giang","Created":"2015-11-16T21:45:45Z","Updated":"2015-11-16T21:45:45Z","IsDelete":false,"RequestChanged":false,"ExitsInGDT":false,"SourceID":0,"TinhThanhID":0,"TinhThanhTitle":"An Giang","TinhThanhTitleAscii":"/an-giang","QuanHuyenID":0,"NganhNgheTitle":"Bán buôn kim loại và quặng kim loại","NganhNgheTitleAscii":"/nganh-nghe/ban-buon-kim-loai-va-quang-kim-loai","DSTags":["1601879080","An Giang",null]},{"Type":11,"SolrID":"/1601878993-cong-ty-tnhh-mot-thanh-vien-phat-hung-phong","ID":0,"MaSoThue":"1601878993","NgayCap":"2013-06-07T00:00:00Z","Title":"Công Ty TNHH Một Thành Viên Phát Hùng Phong","DiaChiCongTy":"Số 54, ấp An Khánh - Xã An Thạnh Trung - Huyện Chợ Mới - An Giang","Created":"2015-11-11T21:14:05Z","Updated":"2015-11-11T21:14:05Z","IsDelete":false,"RequestChanged":false,"ExitsInGDT":false,"SourceID":0,"TinhThanhID":0,"TinhThanhTitle":"An Giang","TinhThanhTitleAscii":"/an-giang","QuanHuyenID":0,"NganhNgheTitle":"Bán buôn gạo","NganhNgheTitleAscii":"/nganh-nghe/ban-buon-gao","DSTags":["1601878993","An Giang",null]},{"Type":11,"SolrID":"/1601877100-doanh-nghiep-tn-tiem-vang-kim-tuyen-cho-moi","ID":0,"MaSoThue":"1601877100","NgayCap":"2013-05-29T00:00:00Z","Title":"Doanh Nghiệp TN Tiệm Vàng Kim Tuyến Chợ Mới","DiaChiCongTy":"ấp An Quới - Xã An Thạnh Trung - Huyện Chợ Mới - An Giang","Created":"2015-11-17T08:11:56Z","Updated":"2015-11-17T08:11:56Z","IsDelete":false,"RequestChanged":false,"ExitsInGDT":false,"SourceID":0,"TinhThanhID":0,"TinhThanhTitle":"An Giang","TinhThanhTitleAscii":"/an-giang","QuanHuyenID":0,"NganhNgheTitle":"Bán buôn kim loại và quặng kim loại","NganhNgheTitleAscii":"/nganh-nghe/ban-buon-kim-loai-va-quang-kim-loai","DSTags":["1601877100","An Giang",null]},{"Type":11,"SolrID":"/1601874332-doanh-nghiep-tn-tiem-vang-my-phuong","ID":0,"MaSoThue":"1601874332","NgayCap":"2013-05-14T00:00:00Z","Title":"Doanh Nghiệp TN Tiệm Vàng Mỹ Phương","DiaChiCongTy":"ấp An Quới - Xã An Thạnh Trung - Huyện Chợ Mới - An Giang","Created":"2015-11-16T10:56:55Z","Updated":"2015-11-16T10:56:55Z","IsDelete":false,"RequestChanged":false,"ExitsInGDT":false,"SourceID":0,"TinhThanhID":0,"TinhThanhTitle":"An Giang","TinhThanhTitleAscii":"/an-giang","QuanHuyenID":0,"NganhNgheTitle":"Bán buôn kim loại và quặng kim loại","NganhNgheTitleAscii":"/nganh-nghe/ban-buon-kim-loai-va-quang-kim-loai","DSTags":["1601874332","An Giang",null]},{"Type":11,"SolrID":"/1601841376-cong-ty-tnhh-mot-thanh-vien-thuong-mai-dich-vu-xuat-nhap-khau-hai-ha-phat","ID":0,"MaSoThue":"1601841376","NgayCap":"2012-11-13T00:00:00Z","Title":"Công Ty TNHH Một Thành Viên Thương Mại Dịch Vụ Xuất Nhập Khẩu Hải Hà Phát","DiaChiCongTy":"Số 215, ấp An Bình - Xã An Thạnh Trung - Huyện Chợ Mới - An Giang","Created":"2015-11-12T02:05:35Z","Updated":"2015-11-12T02:05:35Z","IsDelete":false,"RequestChanged":false,"ExitsInGDT":false,"SourceID":0,"TinhThanhID":0,"TinhThanhTitle":"An Giang","TinhThanhTitleAscii":"/an-giang","QuanHuyenID":0,"NganhNgheTitle":"Bán buôn chuyên doanh khác chưa được phân vào đâu","NganhNgheTitleAscii":"/nganh-nghe/ban-buon-chuyen-doanh-khac-chua-duoc-phan-vao-dau","DSTags":["1601841376","An Giang",null]},{"Type":11,"SolrID":"/1601753338-cong-ty-tnhh-mot-thanh-vien-sau-can","ID":0,"MaSoThue":"1601753338","NgayCap":"2012-05-28T00:00:00Z","Title":"Công Ty TNHH Một Thành Viên Sáu Cận","DiaChiCongTy":"Số 143, ấp An Khánh - Xã An Thạnh Trung - Huyện Chợ Mới - An Giang","Created":"2015-11-18T04:48:02Z","Updated":"2015-11-18T04:48:02Z","IsDelete":false,"RequestChanged":false,"ExitsInGDT":false,"SourceID":0,"TinhThanhID":0,"TinhThanhTitle":"An Giang","TinhThanhTitleAscii":"/an-giang","QuanHuyenID":0,"NganhNgheTitle":"Sản xuất sản phẩm khác từ gỗ; sản xuất sản phẩm từ tre, nứa, rơm, rạ và vật liệu tết bện","NganhNgheTitleAscii":"/nganh-nghe/san-xuat-san-pham-khac-tu-go-san-xuat-san-pham-tu-tre-nua-rom-ra-va-vat-lieu-tet-ben","DSTags":["1601753338","An Giang",null]},{"Type":11,"SolrID":"/1601321923-cty-tnhh-mot-tvien-minh-trung","ID":0,"MaSoThue":"1601321923","NgayCap":"2010-04-01T00:00:00Z","Title":"Cty TNHH Một TViên Minh Trung","DiaChiCongTy":"ấp An Thị - Xã An Thạnh Trung - Huyện Chợ Mới - An Giang","Created":"2015-11-09T01:41:01Z","Updated":"2015-11-09T01:41:01Z","IsDelete":false,"RequestChanged":false,"ExitsInGDT":false,"SourceID":0,"TinhThanhID":0,"TinhThanhTitle":"An Giang","TinhThanhTitleAscii":"/an-giang","QuanHuyenID":0,"NganhNgheTitle":"Bán buôn (trừ ô tô, mô tô, xe máy và xe có động cơ khác)","NganhNgheTitleAscii":"/nganh-nghe/ban-buon-tru-o-to-mo-to-xe-may-va-xe-co-dong-co-khac","DSTags":["1601321923","An Giang",null]},{"Type":11,"SolrID":"/1601118706-cong-ty-tnhh-mot-thanh-vien-toan-anh","ID":0,"MaSoThue":"1601118706","NgayCap":"2009-05-07T00:00:00Z","Title":"Công Ty TNHH Một Thành Viên Toàn Anh","DiaChiCongTy":"ấp An Quới - Xã An Thạnh Trung - Huyện Chợ Mới - An Giang","Created":"2015-11-09T02:06:13Z","Updated":"2015-11-09T02:06:13Z","IsDelete":false,"RequestChanged":false,"ExitsInGDT":false,"SourceID":0,"TinhThanhID":0,"TinhThanhTitle":"An Giang","TinhThanhTitleAscii":"/an-giang","QuanHuyenID":0,"NganhNgheTitle":"Khai khoáng khác chưa được phân vào đâu","NganhNgheTitleAscii":"/nganh-nghe/khai-khoang-khac-chua-duoc-phan-vao-dau-10612","DSTags":["1601118706","An Giang",null]},{"Type":11,"SolrID":"/1600169521-002-qtd-nhan-dan-my-binh-phong-giao-dich-an-thanh-trung","ID":0,"MaSoThue":"1600169521-002","NgayCap":"2009-02-21T00:00:00Z","Title":"QTD Nhân dân Mỹ Bình Phòng Giao Dịch An Thạnh Trung","DiaChiCongTy":"Tổ 9, ấp An Lạc, xã an Thạnh Trung - Huyện Chợ Mới - An Giang","Created":"2015-11-17T19:45:48Z","Updated":"2015-11-17T19:45:48Z","IsDelete":false,"RequestChanged":false,"ExitsInGDT":false,"SourceID":0,"TinhThanhID":0,"TinhThanhTitle":"An Giang","TinhThanhTitleAscii":"/an-giang","QuanHuyenID":0,"NganhNgheTitle":"Hoạt động trung gian tiền tệ khác","NganhNgheTitleAscii":"/nganh-nghe/hoat-dong-trung-gian-tien-te-khac","DSTags":["1600169521-002","An Giang",null]},{"Type":11,"SolrID":"/1601020556-doanh-nghiep-tn-lam-xuan","ID":0,"MaSoThue":"1601020556","NgayCap":"2009-01-16T00:00:00Z","Title":"Doanh Nghiệp Tn Lâm Xuân","DiaChiCongTy":"Ấp An Quới, Xã An Thạnh Trung, Huyện Chợ Mới, Tỉnh An Giang","Created":"2017-08-19T09:51:07Z","Updated":"2017-08-19T09:51:07Z","IsDelete":false,"RequestChanged":false,"ExitsInGDT":false,"SourceID":0,"TinhThanhID":0,"TinhThanhTitle":"An Giang","TinhThanhTitleAscii":"/an-giang","QuanHuyenID":0,"NganhNgheTitle":"Xây dựng nhà các loại","NganhNgheTitleAscii":"/nganh-nghe/xay-dung-nha-cac-loai","DSTags":["1601020556","An Giang",null]},{"Type":11,"SolrID":"/1600824402-truong-mau-giao-an-thanh-trung","ID":0,"MaSoThue":"1600824402","NgayCap":"2006-01-24T00:00:00Z","Title":"Trường Mẫu giáo An Thạnh Trung","DiaChiCongTy":"ấp An Thị, xã An Thạnh Trung - Huyện Chợ Mới - An Giang","Created":"2015-11-16T17:21:36Z","Updated":"2015-11-16T17:21:36Z","IsDelete":false,"RequestChanged":false,"ExitsInGDT":false,"SourceID":0,"TinhThanhID":0,"TinhThanhTitle":"An Giang","TinhThanhTitleAscii":"/an-giang","QuanHuyenID":0,"NganhNgheTitle":"Giáo dục mầm non","NganhNgheTitleAscii":"/nganh-nghe/giao-duc-mam-non","DSTags":["1600824402","An Giang",null]},{"Type":11,"SolrID":"/1600808231-htx-nong-nghiep-an-hong","ID":0,"MaSoThue":"1600808231","NgayCap":"2005-10-03T00:00:00Z","Title":"HTX Nông nghiệp An Hồng","DiaChiCongTy":"ấp An Hồng, xã An Thạnh Trung - Huyện Chợ Mới - An Giang","Created":"2015-11-16T17:10:39Z","Updated":"2015-11-16T17:10:39Z","IsDelete":false,"RequestChanged":false,"ExitsInGDT":false,"SourceID":0,"TinhThanhID":0,"TinhThanhTitle":"An Giang","TinhThanhTitleAscii":"/an-giang","QuanHuyenID":0,"NganhNgheTitle":"Hoạt động dịch vụ nông nghiệp","NganhNgheTitleAscii":"/nganh-nghe/hoat-dong-dich-vu-nong-nghiep","DSTags":["1600808231","An Giang",null]},{"Type":11,"SolrID":"/1600377049-dntn-an-thanh-trung","ID":0,"MaSoThue":"1600377049","NgayCap":"1999-02-23T00:00:00Z","Title":"DNTN An Thạnh Trung","DiaChiCongTy":"ấp An Lạc,xã An Thạnh Trung - Huyện Chợ Mới - An Giang","Created":"2015-11-14T16:38:30Z","Updated":"2015-11-14T16:38:30Z","IsDelete":false,"RequestChanged":false,"ExitsInGDT":false,"SourceID":0,"TinhThanhID":0,"TinhThanhTitle":"An Giang","TinhThanhTitleAscii":"/an-giang","QuanHuyenID":0,"NganhNgheTitle":"Bán lẻ nhiên liệu động cơ trong các cửa hàng chuyên doanh","NganhNgheTitleAscii":"/nganh-nghe/ban-le-nhien-lieu-dong-co-trong-cac-cua-hang-chuyen-doanh","DSTags":["1600377049","An Giang",null]},{"Type":11,"SolrID":"/1600365773-008-truong-trung-hoc-co-so-an-thanh-trung","ID":0,"MaSoThue":"1600365773-008","NgayCap":"1998-11-24T00:00:00Z","Title":"Trường Trung Học Cơ sở  An Thạnh Trung","DiaChiCongTy":"ấp An Lạc, xã An Thạnh Trung - Huyện Chợ Mới - An Giang","Created":"2015-11-17T19:48:05Z","Updated":"2015-11-17T19:48:05Z","IsDelete":false,"RequestChanged":false,"ExitsInGDT":false,"SourceID":0,"TinhThanhID":0,"TinhThanhTitle":"An Giang","TinhThanhTitleAscii":"/an-giang","QuanHuyenID":0,"NganhNgheTitle":"Giáo dục tiểu học","NganhNgheTitleAscii":"/nganh-nghe/giao-duc-tieu-hoc","DSTags":["1600365773-008","An Giang",null]},{"Type":11,"SolrID":"/1600366103-064-truong-tieu-hoc-a-an-thanh-trung","ID":0,"MaSoThue":"1600366103-064","NgayCap":"1998-11-24T00:00:00Z","Title":"Trường Tiểu học \"A\"  An Thạnh Trung","DiaChiCongTy":"ấp Thị, xã An Thạnh Trung - Huyện Chợ Mới - An Giang","Created":"2015-11-17T19:49:14Z","Updated":"2015-11-17T19:49:14Z","IsDelete":false,"RequestChanged":false,"ExitsInGDT":false,"SourceID":0,"TinhThanhID":0,"TinhThanhTitle":"An Giang","TinhThanhTitleAscii":"/an-giang","QuanHuyenID":0,"NganhNgheTitle":"Giáo dục tiểu học","NganhNgheTitleAscii":"/nganh-nghe/giao-duc-tieu-hoc","DSTags":["1600366103-064","An Giang",null]},{"Type":11,"SolrID":"/1600366103-065-truong-tieu-hoc-b-an-thanh-trung","ID":0,"MaSoThue":"1600366103-065","NgayCap":"1998-11-24T00:00:00Z","Title":"Trường Tiểu Học B An Thạnh Trung","DiaChiCongTy":"Xã An Thạnh Trung - Huyện Chợ Mới - An Giang","Created":"2015-11-17T19:49:14Z","Updated":"2015-11-17T19:49:14Z","IsDelete":false,"RequestChanged":false,"ExitsInGDT":false,"SourceID":0,"TinhThanhID":0,"TinhThanhTitle":"An Giang","TinhThanhTitleAscii":"/an-giang","QuanHuyenID":0,"NganhNgheTitle":"Giáo dục tiểu học","NganhNgheTitleAscii":"/nganh-nghe/giao-duc-tieu-hoc","DSTags":["1600366103-065","An Giang",null]},{"Type":11,"SolrID":"/1600366103-066-truong-tieu-hoc-c-an-thanh-trung","ID":0,"MaSoThue":"1600366103-066","NgayCap":"1998-11-24T00:00:00Z","Title":"Trường Tiểu học \"C\" An Thạnh Trung","DiaChiCongTy":"ấp An Bình, xã An Thạnh Trung - Huyện Chợ Mới - An Giang","Created":"2015-11-17T19:49:15Z","Updated":"2015-11-17T19:49:15Z","IsDelete":false,"RequestChanged":false,"ExitsInGDT":false,"SourceID":0,"TinhThanhID":0,"TinhThanhTitle":"An Giang","TinhThanhTitleAscii":"/an-giang","QuanHuyenID":0,"NganhNgheTitle":"Giáo dục tiểu học","NganhNgheTitleAscii":"/nganh-nghe/giao-duc-tieu-hoc","DSTags":["1600366103-066","An Giang",null]}]}