{"ID":15274,"SolrID":"/an-giang/huyen-cho-moi/xa-binh-phuoc","Title":"Xã Bình Phước","TinhThanhTitle":"An Giang","QuanHuyenTitle":"Huyện Chợ Mới","QuanHuyenID":489,"TinhThanhID":35,"Url":"https://thongtindoanhnghiep.co/api/company?l=/an-giang/huyen-cho-moi/xa-binh-phuoc","Total":1,"List":[{"Type":11,"SolrID":"/1601048992-cty-tnhh-mot-thanh-vien-thuy-chi","ID":0,"MaSoThue":"1601048992","NgayCap":"2009-03-06T00:00:00Z","Title":"cty TNHH Một Thành Viên Thủy Chi","DiaChiCongTy":"ấp Bình Quới, xã Bình Phước - Huyện Chợ Mới - An Giang","Created":"2015-11-14T05:14:21Z","Updated":"2015-11-14T05:14:21Z","IsDelete":false,"RequestChanged":false,"ExitsInGDT":false,"SourceID":0,"TinhThanhID":0,"TinhThanhTitle":"An Giang","TinhThanhTitleAscii":"/an-giang","QuanHuyenID":0,"NganhNgheTitle":"Bán buôn chuyên doanh khác","NganhNgheTitleAscii":"/nganh-nghe/ban-buon-chuyen-doanh-khac","DSTags":["1601048992","An Giang",null]}]}