{"ID":4389,"SolrID":"/an-giang/huyen-cho-moi/xa-hoa-an","Title":"Xã Hòa An","TinhThanhTitle":"An Giang","QuanHuyenTitle":"Huyện Chợ Mới","QuanHuyenID":489,"TinhThanhID":35,"Url":"https://thongtindoanhnghiep.co/api/company?l=/an-giang/huyen-cho-moi/xa-hoa-an","Total":98,"List":[{"Type":11,"SolrID":"/1602148661-cong-ty-cp-be-tong-hoa-an","ID":0,"MaSoThue":"1602148661","NgayCap":"2021-06-11T00:00:00Z","Title":"Công Ty CP Bê Tông Hòa An","DiaChiCongTy":"Ấp An Thạnh, Xã Hòa An, Huyện Chợ Mới, Tỉnh An Giang","Created":"2021-06-11T11:36:58Z","Updated":"2021-06-11T11:36:58Z","IsDelete":false,"RequestChanged":false,"ExitsInGDT":false,"SourceID":0,"TinhThanhID":0,"TinhThanhTitle":"An Giang","TinhThanhTitleAscii":"/an-giang","QuanHuyenID":0,"NganhNgheTitle":"Sản xuất bê tông và các sản phẩm từ xi măng và thạch cao","NganhNgheTitleAscii":"/nganh-nghe/san-xuat-be-tong-va-cac-san-pham-tu-xi-mang-va-thach-cao","DSTags":["1602148661","An Giang",null]},{"Type":11,"SolrID":"/1602147273-cong-ty-co-phan-khu-cong-nghiep-an-hoa","ID":0,"MaSoThue":"1602147273","NgayCap":"2021-05-15T00:00:00Z","Title":"Công Ty Cổ Phần Khu Công Nghiệp An Hòa","DiaChiCongTy":"Ấp An Thạnh, Xã Hòa An, Huyện Chợ Mới, Tỉnh An Giang","Created":"2021-05-15T16:35:37Z","Updated":"2021-05-15T16:35:37Z","IsDelete":false,"RequestChanged":false,"ExitsInGDT":false,"SourceID":0,"TinhThanhID":0,"TinhThanhTitle":"An Giang","TinhThanhTitleAscii":"/an-giang","QuanHuyenID":0,"NganhNgheTitle":"Bán buôn nhiên liệu rắn, lỏng, khí và các sản phẩm liên quan","NganhNgheTitleAscii":"/nganh-nghe/ban-buon-nhien-lieu-ran-long-khi-va-cac-san-pham-lien-quan","DSTags":["1602147273","An Giang",null]},{"Type":11,"SolrID":"/1602146992-cong-ty-tnhh-ngoc-tran-long-xuyen","ID":0,"MaSoThue":"1602146992","NgayCap":"2021-05-11T00:00:00Z","Title":"Công Ty TNHH Ngọc Trân Long Xuyên","DiaChiCongTy":"Số 410, Tổ 19, Ấp Bình Quới, Xã Hòa An, Huyện Chợ Mới, Tỉnh An Giang","Created":"2021-05-11T12:36:03Z","Updated":"2021-05-11T12:36:03Z","IsDelete":false,"RequestChanged":false,"ExitsInGDT":false,"SourceID":0,"TinhThanhID":0,"TinhThanhTitle":"An Giang","TinhThanhTitleAscii":"/an-giang","QuanHuyenID":0,"NganhNgheTitle":"Bán buôn nông, lâm sản nguyên liệu (trừ gỗ, tre, nứa) và động vật sống","NganhNgheTitleAscii":"/nganh-nghe/ban-buon-nong-lam-san-nguyen-lieu-tru-go-tre-nua-va-dong-vat-song","DSTags":["1602146992","An Giang",null]},{"Type":11,"SolrID":"/1602139191-cong-ty-tnhh-mot-thanh-vien-khang-duy-cho-moi","ID":0,"MaSoThue":"1602139191","NgayCap":"2021-01-14T00:00:00Z","Title":"Công Ty TNHH Một Thành Viên Khang Duy Chợ Mới","DiaChiCongTy":"Ấp An Thạnh, Xã Hòa An, Huyện Chợ Mới, Tỉnh An Giang","Created":"2021-01-14T09:36:16Z","Updated":"2021-01-14T09:36:16Z","IsDelete":false,"RequestChanged":false,"ExitsInGDT":false,"SourceID":0,"TinhThanhID":0,"TinhThanhTitle":"An Giang","TinhThanhTitleAscii":"/an-giang","QuanHuyenID":0,"NganhNgheTitle":"Vận tải hàng hóa đường thuỷ nội địa","NganhNgheTitleAscii":"/nganh-nghe/van-tai-hang-hoa-duong-thuy-noi-dia","DSTags":["1602139191","An Giang",null]},{"Type":11,"SolrID":"/1602138649-cong-ty-co-phan-dau-tu-lmag","ID":0,"MaSoThue":"1602138649","NgayCap":"2021-01-08T00:00:00Z","Title":"Công Ty Cổ Phần Đầu Tư Lmag","DiaChiCongTy":"Ấp An Thạnh, Xã Hòa An, Huyện Chợ Mới, Tỉnh An Giang","Created":"2021-01-08T08:16:07Z","Updated":"2021-01-08T08:16:07Z","IsDelete":false,"RequestChanged":false,"ExitsInGDT":false,"SourceID":0,"TinhThanhID":0,"TinhThanhTitle":"An Giang","TinhThanhTitleAscii":"/an-giang","QuanHuyenID":0,"NganhNgheTitle":"Bán buôn vải, hàng may sẵn, giày dép","NganhNgheTitleAscii":"/nganh-nghe/ban-buon-vai-hang-may-san-giay-dep","DSTags":["1602138649","An Giang",null]},{"Type":11,"SolrID":"/1602067074-cong-ty-cp-thuc-pham-gap","ID":0,"MaSoThue":"1602067074","NgayCap":"2018-03-23T00:00:00Z","Title":"Công Ty CP Thực Phẩm Gap","DiaChiCongTy":"Ấp An Thạnh, Xã Hòa An, Huyện Chợ Mới, Tỉnh An Giang","Created":"2018-03-23T08:04:32Z","Updated":"2018-03-23T08:04:32Z","IsDelete":false,"RequestChanged":false,"ExitsInGDT":false,"SourceID":0,"TinhThanhID":0,"TinhThanhTitle":"An Giang","TinhThanhTitleAscii":"/an-giang","QuanHuyenID":0,"NganhNgheTitle":"Bán buôn gạo","NganhNgheTitleAscii":"/nganh-nghe/ban-buon-gao","DSTags":["1602067074","An Giang",null]},{"Type":11,"SolrID":"/1602058961-cong-ty-tnhh-vat-lieu-xay-dung-minh-canh","ID":0,"MaSoThue":"1602058961","NgayCap":"2017-12-19T00:00:00Z","Title":"Công Ty TNHH Vật Liệu Xây Dựng Minh Cảnh","DiaChiCongTy":"Tổ 09, Ấp An Mỹ, Xã Hòa An, Huyện Chợ Mới, Tỉnh An Giang","Created":"2017-12-19T19:40:23Z","Updated":"2017-12-19T19:40:23Z","IsDelete":false,"RequestChanged":false,"ExitsInGDT":false,"SourceID":0,"TinhThanhID":0,"TinhThanhTitle":"An Giang","TinhThanhTitleAscii":"/an-giang","QuanHuyenID":0,"NganhNgheTitle":"Bán buôn vật liệu, thiết bị lắp đặt khác trong xây dựng","NganhNgheTitleAscii":"/nganh-nghe/ban-buon-vat-lieu-thiet-bi-lap-dat-khac-trong-xay-dung","DSTags":["1602058961","An Giang",null]},{"Type":11,"SolrID":"/1602048272-cong-ty-tnhh-mot-thanh-vien-gao-thanh-duoc","ID":0,"MaSoThue":"1602048272","NgayCap":"2017-08-25T00:00:00Z","Title":"Công Ty TNHH Một Thành Viên Gạo Thạnh Được","DiaChiCongTy":"Ấp Bình Thạnh 1, Xã Hòa An, Huyện Chợ Mới, Tỉnh An Giang","Created":"2017-08-25T15:08:24Z","Updated":"2017-08-25T15:08:24Z","IsDelete":false,"RequestChanged":false,"ExitsInGDT":false,"SourceID":0,"TinhThanhID":0,"TinhThanhTitle":"An Giang","TinhThanhTitleAscii":"/an-giang","QuanHuyenID":0,"NganhNgheTitle":"Bán buôn gạo","NganhNgheTitleAscii":"/nganh-nghe/ban-buon-gao","DSTags":["1602048272","An Giang",null]},{"Type":11,"SolrID":"/1602033526-cong-ty-tnhh-luong-thuc-duc-phuoc-loi","ID":0,"MaSoThue":"1602033526","NgayCap":"2017-02-15T00:00:00Z","Title":"Công Ty TNHH Lương Thực Đức Phước Lợi","DiaChiCongTy":"Ấp Bình Thạnh 1, Xã Hòa An, Huyện Chợ Mới, Tỉnh An Giang","Created":"2017-02-15T07:37:37Z","Updated":"2017-02-15T07:37:37Z","IsDelete":false,"RequestChanged":false,"ExitsInGDT":false,"SourceID":0,"TinhThanhID":0,"TinhThanhTitle":"An Giang","TinhThanhTitleAscii":"/an-giang","QuanHuyenID":0,"NganhNgheTitle":"Khai khoáng khác chưa được phân vào đâu","NganhNgheTitleAscii":"/nganh-nghe/khai-khoang-khac-chua-duoc-phan-vao-dau-10612","DSTags":["1602033526","An Giang",null]},{"Type":11,"SolrID":"/1602027931-cong-ty-tnhh-ngoc-trang-anh","ID":0,"MaSoThue":"1602027931","NgayCap":"2016-12-19T00:00:00Z","Title":"Công Ty TNHH Ngọc Trang Anh","DiaChiCongTy":"Ấp Bình Thạnh I, Xã Hòa An, Huyện Chợ Mới, Tỉnh An Giang","Created":"2016-12-19T16:43:44Z","Updated":"2016-12-19T16:43:44Z","IsDelete":false,"RequestChanged":false,"ExitsInGDT":false,"SourceID":0,"TinhThanhID":0,"TinhThanhTitle":"An Giang","TinhThanhTitleAscii":"/an-giang","QuanHuyenID":0,"NganhNgheTitle":"Bán buôn nông, lâm sản nguyên liệu (trừ gỗ, tre, nứa) và động vật sống","NganhNgheTitleAscii":"/nganh-nghe/ban-buon-nong-lam-san-nguyen-lieu-tru-go-tre-nua-va-dong-vat-song","DSTags":["1602027931","An Giang",null]},{"Type":11,"SolrID":"/1602024137-cong-ty-tnhh-nong-san-phu-thuan","ID":0,"MaSoThue":"1602024137","NgayCap":"2016-11-18T00:00:00Z","Title":"Công Ty TNHH Nông Sản Phú Thuận","DiaChiCongTy":"ấp An Mỹ - Xã Hòa An - Huyện Chợ Mới - An Giang","Created":"2016-11-22T23:05:18Z","Updated":"2016-11-22T23:05:18Z","IsDelete":false,"RequestChanged":false,"ExitsInGDT":false,"SourceID":0,"TinhThanhID":0,"TinhThanhTitle":"An Giang","TinhThanhTitleAscii":"/an-giang","QuanHuyenID":0,"NganhNgheTitle":"Bán buôn nông, lâm sản nguyên liệu (trừ gỗ, tre, nứa) và động vật sống","NganhNgheTitleAscii":"/nganh-nghe/ban-buon-nong-lam-san-nguyen-lieu-tru-go-tre-nua-va-dong-vat-song","DSTags":["1602024137","An Giang",null]},{"Type":11,"SolrID":"/1602016305-doanh-nghiep-tn-thuong-mai-luong-thuc-vinh-phat","ID":0,"MaSoThue":"1602016305","NgayCap":"2016-08-10T00:00:00Z","Title":"DOANH NGHIệP TN THươNG MạI LươNG THựC VINH PHáT","DiaChiCongTy":"Tổ 7, ấp Bình Thạnh 1 - Xã Hòa An - Huyện Chợ Mới - An Giang","Created":"2016-08-11T08:36:46Z","Updated":"2016-09-10T17:30:21Z","IsDelete":false,"RequestChanged":false,"ExitsInGDT":false,"SourceID":0,"TinhThanhID":0,"TinhThanhTitle":"An Giang","TinhThanhTitleAscii":"/an-giang","QuanHuyenID":0,"DSTags":["1602016305","An Giang",null]},{"Type":11,"SolrID":"/1602015365-cong-ty-tnhh-xnk-luong-thuc-hoang-nhat","ID":0,"MaSoThue":"1602015365","NgayCap":"2016-07-30T00:00:00Z","Title":"CôNG TY TNHH XNK LươNG THựC HOàNG NHậT","DiaChiCongTy":"ấp An Thạnh - Xã Hòa An - Huyện Chợ Mới - An Giang","Created":"2016-08-05T08:55:48Z","Updated":"2016-09-10T18:10:49Z","IsDelete":false,"RequestChanged":false,"ExitsInGDT":false,"SourceID":0,"TinhThanhID":0,"TinhThanhTitle":"An Giang","TinhThanhTitleAscii":"/an-giang","QuanHuyenID":0,"DSTags":["1602015365","An Giang",null]},{"Type":11,"SolrID":"/1602006610-cong-ty-tnhh-tu-van-thiet-ke-xay-dung-dien-hop-tac-an-giang","ID":0,"MaSoThue":"1602006610","NgayCap":"2016-04-08T00:00:00Z","Title":"Công Ty TNHH Tư Vấn, Thiết Kế, Xây Dựng - Điện Hợp Tác An Giang","DiaChiCongTy":"Ấp An Thạnh, Xã Hòa An, Huyện Chợ Mới, Tỉnh An Giang","Created":"2016-04-13T09:09:54Z","Updated":"2021-02-05T15:20:25Z","IsDelete":false,"RequestChanged":false,"ExitsInGDT":false,"SourceID":0,"TinhThanhID":0,"TinhThanhTitle":"An Giang","TinhThanhTitleAscii":"/an-giang","QuanHuyenID":0,"NganhNgheTitle":"Hoạt động kiến trúc và tư vấn kỹ thuật có liên quan","NganhNgheTitleAscii":"/nganh-nghe/hoat-dong-kien-truc-va-tu-van-ky-thuat-co-lien-quan","DSTags":["1602006610","An Giang",null]},{"Type":11,"SolrID":"/1602002782-cong-ty-tnhh-van-tai-noi-dia-thinh-minh-phat","ID":0,"MaSoThue":"1602002782","NgayCap":"2016-02-27T00:00:00Z","Title":"Công Ty TNHH Vận Tải Nội Địa Thịnh Minh Phát","DiaChiCongTy":"295, ấp Bình Thạnh 1 - Xã Hòa An - Huyện Chợ Mới - An Giang","Created":"2016-03-01T17:20:19Z","Updated":"2016-03-01T17:20:19Z","IsDelete":false,"RequestChanged":false,"ExitsInGDT":false,"SourceID":0,"TinhThanhID":0,"TinhThanhTitle":"An Giang","TinhThanhTitleAscii":"/an-giang","QuanHuyenID":0,"NganhNgheTitle":"Vận tải hàng hóa đường thuỷ nội địa","NganhNgheTitleAscii":"/nganh-nghe/van-tai-hang-hoa-duong-thuy-noi-dia","DSTags":["1602002782","An Giang",null]},{"Type":11,"SolrID":"/1601991068-cong-ty-tnhh-mot-thanh-vien-mo-to-quang-minh","ID":0,"MaSoThue":"1601991068","NgayCap":"2015-12-10T00:00:00Z","Title":"Công Ty TNHH Một Thành Viên Mô Tô Quang Minh","DiaChiCongTy":"Số 577, ấp Bình Phú - Xã Hòa An - Huyện Chợ Mới - An Giang","Created":"2015-12-13T21:50:17Z","Updated":"2015-12-13T21:50:17Z","IsDelete":false,"RequestChanged":false,"ExitsInGDT":false,"SourceID":0,"TinhThanhID":0,"TinhThanhTitle":"An Giang","TinhThanhTitleAscii":"/an-giang","QuanHuyenID":0,"NganhNgheTitle":"Bán buôn nhiên liệu rắn, lỏng, khí và các sản phẩm liên quan","NganhNgheTitleAscii":"/nganh-nghe/ban-buon-nhien-lieu-ran-long-khi-va-cac-san-pham-lien-quan","DSTags":["1601991068","An Giang",null]},{"Type":11,"SolrID":"/1600149243-002-chi-nhanh-doanh-nghiep-tn-xang-nhot-dau-gas-hieu-nhung","ID":0,"MaSoThue":"1600149243-002","NgayCap":"2015-11-30T00:00:00Z","Title":"Chi Nhánh Doanh Nghiệp TN Xăng - Nhớt - Dầu - Gas Hiếu Nhung","DiaChiCongTy":"ấp Bình Thạnh 1 - Xã Hòa An - Huyện Chợ Mới - An Giang","Created":"2015-12-02T05:50:00Z","Updated":"2015-12-02T05:50:00Z","IsDelete":false,"RequestChanged":false,"ExitsInGDT":false,"SourceID":0,"TinhThanhID":0,"TinhThanhTitle":"An Giang","TinhThanhTitleAscii":"/an-giang","QuanHuyenID":0,"NganhNgheTitle":"Bán buôn nhiên liệu rắn, lỏng, khí và các sản phẩm liên quan","NganhNgheTitleAscii":"/nganh-nghe/ban-buon-nhien-lieu-ran-long-khi-va-cac-san-pham-lien-quan","DSTags":["1600149243-002","An Giang",null]},{"Type":11,"SolrID":"/1601977271-doanh-nghiep-tn-do-thanh-do","ID":0,"MaSoThue":"1601977271","NgayCap":"2015-07-07T00:00:00Z","Title":"Doanh Nghiệp TN Đô Thành Đô","DiaChiCongTy":"Số 717, ấp Bình Thạnh 1 - Xã Hòa An - Huyện Chợ Mới - An Giang","Created":"2015-11-18T19:12:08Z","Updated":"2015-11-18T19:12:08Z","IsDelete":false,"RequestChanged":false,"ExitsInGDT":false,"SourceID":0,"TinhThanhID":0,"TinhThanhTitle":"An Giang","TinhThanhTitleAscii":"/an-giang","QuanHuyenID":0,"NganhNgheTitle":"Khai khoáng khác chưa được phân vào đâu","NganhNgheTitleAscii":"/nganh-nghe/khai-khoang-khac-chua-duoc-phan-vao-dau-10612","DSTags":["1601977271","An Giang",null]},{"Type":11,"SolrID":"/1601973799-cong-ty-tnhh-mot-thanh-vien-ngoc-phu-hoa-an","ID":0,"MaSoThue":"1601973799","NgayCap":"2015-05-29T00:00:00Z","Title":"Công Ty TNHH Một Thành Viên Ngọc Phú Hòa An","DiaChiCongTy":"Số 232, Tổ 9, ấp Bình Thạnh 2 - Xã Hòa An - Huyện Chợ Mới - An Giang","Created":"2015-11-18T04:51:20Z","Updated":"2015-11-18T04:51:20Z","IsDelete":false,"RequestChanged":false,"ExitsInGDT":false,"SourceID":0,"TinhThanhID":0,"TinhThanhTitle":"An Giang","TinhThanhTitleAscii":"/an-giang","QuanHuyenID":0,"NganhNgheTitle":"Bán buôn gạo","NganhNgheTitleAscii":"/nganh-nghe/ban-buon-gao","DSTags":["1601973799","An Giang",null]},{"Type":11,"SolrID":"/1601970491-cong-ty-tnhh-mot-thanh-vien-xay-dung-thinh-kien-quoc","ID":0,"MaSoThue":"1601970491","NgayCap":"2015-04-22T00:00:00Z","Title":"Công Ty TNHH Một Thành Viên Xây Dựng Thịnh Kiến Quốc","DiaChiCongTy":"Tổ 10, ấp An Thạnh - Xã Hòa An - Huyện Chợ Mới - An Giang","Created":"2015-11-17T09:26:39Z","Updated":"2015-11-17T09:26:39Z","IsDelete":false,"RequestChanged":false,"ExitsInGDT":false,"SourceID":0,"TinhThanhID":0,"TinhThanhTitle":"An Giang","TinhThanhTitleAscii":"/an-giang","QuanHuyenID":0,"NganhNgheTitle":"Xây dựng nhà các loại","NganhNgheTitleAscii":"/nganh-nghe/xay-dung-nha-cac-loai","DSTags":["1601970491","An Giang",null]},{"Type":11,"SolrID":"/1601946932-doanh-nghiep-tn-le-thanh-khoi","ID":0,"MaSoThue":"1601946932","NgayCap":"2014-11-20T00:00:00Z","Title":"Doanh Nghiệp TN Lê Thành Khôi","DiaChiCongTy":"Số 582, ấp Bình Quới - Xã Hòa An - Huyện Chợ Mới - An Giang","Created":"2015-11-11T08:50:47Z","Updated":"2015-11-11T08:50:47Z","IsDelete":false,"RequestChanged":false,"ExitsInGDT":false,"SourceID":0,"TinhThanhID":0,"TinhThanhTitle":"An Giang","TinhThanhTitleAscii":"/an-giang","QuanHuyenID":0,"NganhNgheTitle":"Sản xuất sản phẩm khác từ gỗ; sản xuất sản phẩm từ tre, nứa, rơm, rạ và vật liệu tết bện","NganhNgheTitleAscii":"/nganh-nghe/san-xuat-san-pham-khac-tu-go-san-xuat-san-pham-tu-tre-nua-rom-ra-va-vat-lieu-tet-ben","DSTags":["1601946932","An Giang",null]},{"Type":11,"SolrID":"/0100102608-020-chi-nhanh-dau-tu-va-phat-trien-vung-nguyen-lieu-dong-bang-song-cuu-long-tong-cong-ty-luong-thuc-mien","ID":0,"MaSoThue":"0100102608-020","NgayCap":"2014-09-19T00:00:00Z","Title":"Chi Nhánh Đầu Tư Và Phát Triển Vùng Nguyên Liệu Đồng Bằng Sông Cửu Long-Tổng Công Ty Lương Thực Miền","DiaChiCongTy":"Tổ 9, ấp An Thạnh - Xã Hòa An - Huyện Chợ Mới - An Giang","Created":"2015-11-18T15:37:02Z","Updated":"2015-11-18T15:37:02Z","IsDelete":false,"RequestChanged":false,"ExitsInGDT":false,"SourceID":0,"TinhThanhID":0,"TinhThanhTitle":"An Giang","TinhThanhTitleAscii":"/an-giang","QuanHuyenID":0,"NganhNgheTitle":"Bán buôn gạo","NganhNgheTitleAscii":"/nganh-nghe/ban-buon-gao","DSTags":["0100102608-020","An Giang",null]},{"Type":11,"SolrID":"/1600939876-002-chi-nhanh-cong-ty-tnhh-mot-thanh-vien-tin-hoc-thien-long-tai-cho-moi","ID":0,"MaSoThue":"1600939876-002","NgayCap":"2014-08-12T00:00:00Z","Title":"Chi Nhánh Công Ty TNHH Một Thành Viên Tin Học Thiên Long Tại Chợ Mới","DiaChiCongTy":"Tổ 3, ấp An Mỹ - Xã Hòa An - Huyện Chợ Mới - An Giang","Created":"2015-11-18T10:13:40Z","Updated":"2015-11-18T10:13:40Z","IsDelete":false,"RequestChanged":false,"ExitsInGDT":false,"SourceID":0,"TinhThanhID":0,"TinhThanhTitle":"An Giang","TinhThanhTitleAscii":"/an-giang","QuanHuyenID":0,"NganhNgheTitle":"Bán lẻ đồ điện gia dụng, giường, tủ, bàn, ghế và đồ nội thất tương tự, đèn và bộ đèn điện, đồ dùng gia đình khác chưa được phân vào đâu trong các cửa hàng chuyên doanh","NganhNgheTitleAscii":"/nganh-nghe/ban-le-do-dien-gia-dung-giuong-tu-ban-ghe-va-do-noi-that-tuong-tu-den-va-bo-den-dien-do-dung-gia-dinh-khac-chua-duoc-phan-vao-dau-trong-cac-cua-hang-chuyen-doanh","DSTags":["1600939876-002","An Giang",null]},{"Type":11,"SolrID":"/1601922586-doanh-nghiep-tn-vat-lieu-xay-dung-hong-tuoi","ID":0,"MaSoThue":"1601922586","NgayCap":"2014-05-13T00:00:00Z","Title":"Doanh Nghiệp TN Vật Liệu Xây Dựng Hồng Tươi","DiaChiCongTy":"ấp An Mỹ - Xã Hòa An - Huyện Chợ Mới - An Giang","Created":"2015-11-09T15:00:40Z","Updated":"2015-11-09T15:00:40Z","IsDelete":false,"RequestChanged":false,"ExitsInGDT":false,"SourceID":0,"TinhThanhID":0,"TinhThanhTitle":"An Giang","TinhThanhTitleAscii":"/an-giang","QuanHuyenID":0,"NganhNgheTitle":"Bán buôn vật liệu, thiết bị lắp đặt khác trong xây dựng","NganhNgheTitleAscii":"/nganh-nghe/ban-buon-vat-lieu-thiet-bi-lap-dat-khac-trong-xay-dung","DSTags":["1601922586","An Giang",null]},{"Type":11,"SolrID":"/1601906591-doanh-nghiep-tn-dong-nghia","ID":0,"MaSoThue":"1601906591","NgayCap":"2014-01-14T00:00:00Z","Title":"Doanh Nghiệp TN Đồng Nghĩa","DiaChiCongTy":"ấp An Mỹ - Xã Hòa An - Huyện Chợ Mới - An Giang","Created":"2015-11-09T20:24:57Z","Updated":"2015-11-09T20:24:57Z","IsDelete":false,"RequestChanged":false,"ExitsInGDT":false,"SourceID":0,"TinhThanhID":0,"TinhThanhTitle":"An Giang","TinhThanhTitleAscii":"/an-giang","QuanHuyenID":0,"NganhNgheTitle":"Khai khoáng khác chưa được phân vào đâu","NganhNgheTitleAscii":"/nganh-nghe/khai-khoang-khac-chua-duoc-phan-vao-dau-10612","DSTags":["1601906591","An Giang",null]},{"Type":11,"SolrID":"/1601892469-cong-ty-tnhh-phu-phu-nong","ID":0,"MaSoThue":"1601892469","NgayCap":"2013-10-25T00:00:00Z","Title":"Công Ty TNHH Phú Phú Nông","DiaChiCongTy":"ấp Bình Thạnh 2 - Xã Hòa An - Huyện Chợ Mới - An Giang","Created":"2015-11-10T00:03:28Z","Updated":"2015-11-10T00:03:28Z","IsDelete":false,"RequestChanged":false,"ExitsInGDT":false,"SourceID":0,"TinhThanhID":0,"TinhThanhTitle":"An Giang","TinhThanhTitleAscii":"/an-giang","QuanHuyenID":0,"NganhNgheTitle":"Bán buôn chuyên doanh khác chưa được phân vào đâu","NganhNgheTitleAscii":"/nganh-nghe/ban-buon-chuyen-doanh-khac-chua-duoc-phan-vao-dau","DSTags":["1601892469","An Giang",null]},{"Type":11,"SolrID":"/1601886987-cong-ty-tnhh-mot-thanh-vien-ngoc-bao-chau","ID":0,"MaSoThue":"1601886987","NgayCap":"2013-08-21T00:00:00Z","Title":"Công Ty TNHH Một Thành Viên Ngọc Bảo Châu","DiaChiCongTy":"Số 61, ấp Bình Quới - Xã Hòa An - Huyện Chợ Mới - An Giang","Created":"2015-11-11T19:24:07Z","Updated":"2015-11-11T19:24:07Z","IsDelete":false,"RequestChanged":false,"ExitsInGDT":false,"SourceID":0,"TinhThanhID":0,"TinhThanhTitle":"An Giang","TinhThanhTitleAscii":"/an-giang","QuanHuyenID":0,"NganhNgheTitle":"Bán buôn gạo","NganhNgheTitleAscii":"/nganh-nghe/ban-buon-gao","DSTags":["1601886987","An Giang",null]},{"Type":11,"SolrID":"/0306695214-001-chi-nhanh-cong-ty-co-phan-san-xuat-dich-vu-xuat-nhap-khau-ha-noi","ID":0,"MaSoThue":"0306695214-001","NgayCap":"2013-06-04T00:00:00Z","Title":"Chi Nhánh Công Ty Cổ Phần Sản Xuất Dịch Vụ Xuất Nhập Khẩu Hà Nội","DiaChiCongTy":"ấp Bình Quới - Xã Hòa An - Huyện Chợ Mới - An Giang","Created":"2015-11-11T01:17:24Z","Updated":"2015-11-11T01:17:24Z","IsDelete":false,"RequestChanged":false,"ExitsInGDT":false,"SourceID":0,"TinhThanhID":0,"TinhThanhTitle":"An Giang","TinhThanhTitleAscii":"/an-giang","QuanHuyenID":0,"NganhNgheTitle":"Bán buôn nông, lâm sản nguyên liệu (trừ gỗ, tre, nứa) và động vật sống","NganhNgheTitleAscii":"/nganh-nghe/ban-buon-nong-lam-san-nguyen-lieu-tru-go-tre-nua-va-dong-vat-song","DSTags":["0306695214-001","An Giang",null]},{"Type":11,"SolrID":"/1601878425-doanh-nghiep-tn-tiem-vang-minh-giang","ID":0,"MaSoThue":"1601878425","NgayCap":"2013-06-04T00:00:00Z","Title":"Doanh Nghiệp TN Tiệm Vàng Minh Giang","DiaChiCongTy":"Số 675, ấp An Mỹ - Xã Hòa An - Huyện Chợ Mới - An Giang","Created":"2015-11-17T07:50:01Z","Updated":"2015-11-17T07:50:01Z","IsDelete":false,"RequestChanged":false,"ExitsInGDT":false,"SourceID":0,"TinhThanhID":0,"TinhThanhTitle":"An Giang","TinhThanhTitleAscii":"/an-giang","QuanHuyenID":0,"NganhNgheTitle":"Bán buôn kim loại và quặng kim loại","NganhNgheTitleAscii":"/nganh-nghe/ban-buon-kim-loai-va-quang-kim-loai","DSTags":["1601878425","An Giang",null]},{"Type":11,"SolrID":"/1601877862-doanh-nghiep-tn-tiem-vang-van-qui","ID":0,"MaSoThue":"1601877862","NgayCap":"2013-05-31T00:00:00Z","Title":"Doanh Nghiệp TN Tiệm Vàng Văn Quí","DiaChiCongTy":"ấp Bình Thạnh I - Xã Hòa An - Huyện Chợ Mới - An Giang","Created":"2015-11-16T11:36:51Z","Updated":"2015-11-16T11:36:51Z","IsDelete":false,"RequestChanged":false,"ExitsInGDT":false,"SourceID":0,"TinhThanhID":0,"TinhThanhTitle":"An Giang","TinhThanhTitleAscii":"/an-giang","QuanHuyenID":0,"NganhNgheTitle":"Bán buôn kim loại và quặng kim loại","NganhNgheTitleAscii":"/nganh-nghe/ban-buon-kim-loai-va-quang-kim-loai","DSTags":["1601877862","An Giang",null]},{"Type":11,"SolrID":"/1601877157-doanh-nghiep-tn-tiem-vang-kim-long-hoa-an","ID":0,"MaSoThue":"1601877157","NgayCap":"2013-05-29T00:00:00Z","Title":"Doanh Nghiệp TN Tiệm Vàng Kim Long Hòa An","DiaChiCongTy":"ấp An Mỹ - Xã Hòa An - Huyện Chợ Mới - An Giang","Created":"2015-11-17T08:12:01Z","Updated":"2015-11-17T08:12:01Z","IsDelete":false,"RequestChanged":false,"ExitsInGDT":false,"SourceID":0,"TinhThanhID":0,"TinhThanhTitle":"An Giang","TinhThanhTitleAscii":"/an-giang","QuanHuyenID":0,"NganhNgheTitle":"Bán buôn kim loại và quặng kim loại","NganhNgheTitleAscii":"/nganh-nghe/ban-buon-kim-loai-va-quang-kim-loai","DSTags":["1601877157","An Giang",null]},{"Type":11,"SolrID":"/1601877196-doanh-nghiep-tn-tiem-vang-kim-lan-hoa-an","ID":0,"MaSoThue":"1601877196","NgayCap":"2013-05-29T00:00:00Z","Title":"Doanh Nghiệp TN Tiệm Vàng Kim Lân Hòa An","DiaChiCongTy":"ấp Bình Thạnh I - Xã Hòa An - Huyện Chợ Mới - An Giang","Created":"2015-11-17T08:12:06Z","Updated":"2015-11-17T08:12:06Z","IsDelete":false,"RequestChanged":false,"ExitsInGDT":false,"SourceID":0,"TinhThanhID":0,"TinhThanhTitle":"An Giang","TinhThanhTitleAscii":"/an-giang","QuanHuyenID":0,"NganhNgheTitle":"Bán buôn kim loại và quặng kim loại","NganhNgheTitleAscii":"/nganh-nghe/ban-buon-kim-loai-va-quang-kim-loai","DSTags":["1601877196","An Giang",null]},{"Type":11,"SolrID":"/1601848011-cong-ty-tnhh-mot-thanh-vien-my-my","ID":0,"MaSoThue":"1601848011","NgayCap":"2012-12-12T00:00:00Z","Title":"Công Ty TNHH Một Thành Viên Mỹ Mỹ","DiaChiCongTy":"Số 643, Tổ 2, ấp Bình Phú - Xã Hòa An - Huyện Chợ Mới - An Giang","Created":"2015-11-12T01:00:12Z","Updated":"2015-11-12T01:00:12Z","IsDelete":false,"RequestChanged":false,"ExitsInGDT":false,"SourceID":0,"TinhThanhID":0,"TinhThanhTitle":"An Giang","TinhThanhTitleAscii":"/an-giang","QuanHuyenID":0,"NganhNgheTitle":"Bán buôn nhiên liệu rắn, lỏng, khí và các sản phẩm liên quan","NganhNgheTitleAscii":"/nganh-nghe/ban-buon-nhien-lieu-ran-long-khi-va-cac-san-pham-lien-quan","DSTags":["1601848011","An Giang",null]},{"Type":11,"SolrID":"/1601839218-cong-ty-tnhh-mot-thanh-vien-quoc-tuong","ID":0,"MaSoThue":"1601839218","NgayCap":"2012-10-25T00:00:00Z","Title":"Công Ty TNHH Một Thành Viên Quốc Tường","DiaChiCongTy":"ấp An Thạnh - Xã Hòa An - Huyện Chợ Mới - An Giang","Created":"2015-11-12T03:23:51Z","Updated":"2015-11-12T03:23:51Z","IsDelete":false,"RequestChanged":false,"ExitsInGDT":false,"SourceID":0,"TinhThanhID":0,"TinhThanhTitle":"An Giang","TinhThanhTitleAscii":"/an-giang","QuanHuyenID":0,"NganhNgheTitle":"Khai khoáng khác chưa được phân vào đâu","NganhNgheTitleAscii":"/nganh-nghe/khai-khoang-khac-chua-duoc-phan-vao-dau-10612","DSTags":["1601839218","An Giang",null]},{"Type":11,"SolrID":"/1601839264-cong-ty-tnhh-xuat-nhap-khau-nguyen-phu-tien","ID":0,"MaSoThue":"1601839264","NgayCap":"2012-10-25T00:00:00Z","Title":"Công Ty TNHH Xuất Nhập Khẩu Nguyên Phú Tiến","DiaChiCongTy":"ấp Bình Thạnh 1 - Xã Hòa An - Huyện Chợ Mới - An Giang","Created":"2015-11-12T03:23:52Z","Updated":"2015-11-12T03:23:52Z","IsDelete":false,"RequestChanged":false,"ExitsInGDT":false,"SourceID":0,"TinhThanhID":0,"TinhThanhTitle":"An Giang","TinhThanhTitleAscii":"/an-giang","QuanHuyenID":0,"NganhNgheTitle":"Khai khoáng khác chưa được phân vào đâu","NganhNgheTitleAscii":"/nganh-nghe/khai-khoang-khac-chua-duoc-phan-vao-dau-10612","DSTags":["1601839264","An Giang",null]},{"Type":11,"SolrID":"/1400362729-002-chi-nhanh-doanh-nghiep-tu-nhan-hiep-thanh-nha-may-xay-xat-hoa-an","ID":0,"MaSoThue":"1400362729-002","NgayCap":"2012-10-08T00:00:00Z","Title":"Chi Nhánh Doanh Nghiệp Tư Nhân Hiệp Thành - Nhà Máy Xay Xát Hòa An","DiaChiCongTy":"ấp An Thạnh - Xã Hòa An - Huyện Chợ Mới - An Giang","Created":"2015-11-11T01:27:18Z","Updated":"2015-11-11T01:27:18Z","IsDelete":false,"RequestChanged":false,"ExitsInGDT":false,"SourceID":0,"TinhThanhID":0,"TinhThanhTitle":"An Giang","TinhThanhTitleAscii":"/an-giang","QuanHuyenID":0,"NganhNgheTitle":"Khai khoáng khác chưa được phân vào đâu","NganhNgheTitleAscii":"/nganh-nghe/khai-khoang-khac-chua-duoc-phan-vao-dau-10612","DSTags":["1400362729-002","An Giang",null]},{"Type":11,"SolrID":"/1601834019-doanh-nghiep-tn-ngoc-kim-tuyet","ID":0,"MaSoThue":"1601834019","NgayCap":"2012-09-11T00:00:00Z","Title":"Doanh Nghiệp TN Ngọc Kim Tuyết","DiaChiCongTy":"Số 415 - Xã Hòa An - Huyện Chợ Mới - An Giang","Created":"2015-11-17T07:44:37Z","Updated":"2015-11-17T07:44:37Z","IsDelete":false,"RequestChanged":false,"ExitsInGDT":false,"SourceID":0,"TinhThanhID":0,"TinhThanhTitle":"An Giang","TinhThanhTitleAscii":"/an-giang","QuanHuyenID":0,"NganhNgheTitle":"Bán buôn gạo","NganhNgheTitleAscii":"/nganh-nghe/ban-buon-gao","DSTags":["1601834019","An Giang",null]},{"Type":11,"SolrID":"/1601027103-001-chi-nhanh-doanh-nghiep-tn-xang-dau-bao-ngoc","ID":0,"MaSoThue":"1601027103-001","NgayCap":"2012-04-12T00:00:00Z","Title":"Chi Nhánh Doanh Nghiệp TN Xăng Dầu Bảo Ngọc","DiaChiCongTy":"Ponton-AG 21128, ấp An Thạnh - Xã Hòa An - Huyện Chợ Mới - An Giang","Created":"2015-11-11T06:07:45Z","Updated":"2015-11-11T06:07:45Z","IsDelete":false,"RequestChanged":false,"ExitsInGDT":false,"SourceID":0,"TinhThanhID":0,"TinhThanhTitle":"An Giang","TinhThanhTitleAscii":"/an-giang","QuanHuyenID":0,"NganhNgheTitle":"Bán buôn nhiên liệu rắn, lỏng, khí và các sản phẩm liên quan","NganhNgheTitleAscii":"/nganh-nghe/ban-buon-nhien-lieu-ran-long-khi-va-cac-san-pham-lien-quan","DSTags":["1601027103-001","An Giang",null]},{"Type":11,"SolrID":"/1601650653-doanh-nghiep-tn-lan-khanh","ID":0,"MaSoThue":"1601650653","NgayCap":"2012-02-03T00:00:00Z","Title":"Doanh Nghiệp TN Lan Khanh","DiaChiCongTy":"Số 289, ấp An Mỹ - Xã Hòa An - Huyện Chợ Mới - An Giang","Created":"2015-11-10T01:44:33Z","Updated":"2015-11-10T01:44:33Z","IsDelete":false,"RequestChanged":false,"ExitsInGDT":false,"SourceID":0,"TinhThanhID":0,"TinhThanhTitle":"An Giang","TinhThanhTitleAscii":"/an-giang","QuanHuyenID":0,"NganhNgheTitle":"Khai khoáng khác chưa được phân vào đâu","NganhNgheTitleAscii":"/nganh-nghe/khai-khoang-khac-chua-duoc-phan-vao-dau-10612","DSTags":["1601650653","An Giang",null]},{"Type":11,"SolrID":"/1601604696-cong-ty-tnhh-mot-thanh-vien-le-phat-dat","ID":0,"MaSoThue":"1601604696","NgayCap":"2011-11-24T00:00:00Z","Title":"Công Ty TNHH Một Thành Viên Lê Phát Đạt","DiaChiCongTy":"ấp An Thạnh - Xã Hòa An - Huyện Chợ Mới - An Giang","Created":"2015-11-10T01:42:30Z","Updated":"2015-11-10T01:42:30Z","IsDelete":false,"RequestChanged":false,"ExitsInGDT":false,"SourceID":0,"TinhThanhID":0,"TinhThanhTitle":"An Giang","TinhThanhTitleAscii":"/an-giang","QuanHuyenID":0,"NganhNgheTitle":"Khai khoáng khác chưa được phân vào đâu","NganhNgheTitleAscii":"/nganh-nghe/khai-khoang-khac-chua-duoc-phan-vao-dau-10612","DSTags":["1601604696","An Giang",null]},{"Type":11,"SolrID":"/1601581625-doanh-nghiep-tn-bay-gom","ID":0,"MaSoThue":"1601581625","NgayCap":"2011-10-26T00:00:00Z","Title":"Doanh Nghiệp TN Bảy Gom","DiaChiCongTy":"ấp Bình Phú - Xã Hòa An - Huyện Chợ Mới - An Giang","Created":"2015-11-10T01:39:48Z","Updated":"2015-11-10T01:39:48Z","IsDelete":false,"RequestChanged":false,"ExitsInGDT":false,"SourceID":0,"TinhThanhID":0,"TinhThanhTitle":"An Giang","TinhThanhTitleAscii":"/an-giang","QuanHuyenID":0,"NganhNgheTitle":"Hoạt động dịch vụ sau thu hoạch","NganhNgheTitleAscii":"/nganh-nghe/hoat-dong-dich-vu-sau-thu-hoach","DSTags":["1601581625","An Giang",null]},{"Type":11,"SolrID":"/1601534537-doanh-nghiep-tn-dac-phat-loi","ID":0,"MaSoThue":"1601534537","NgayCap":"2011-08-29T00:00:00Z","Title":"Doanh Nghiệp TN Đắc Phát Lợi","DiaChiCongTy":"ấp An Mỹ - Xã Hòa An - Huyện Chợ Mới - An Giang","Created":"2015-11-10T01:41:28Z","Updated":"2015-11-10T01:41:28Z","IsDelete":false,"RequestChanged":false,"ExitsInGDT":false,"SourceID":0,"TinhThanhID":0,"TinhThanhTitle":"An Giang","TinhThanhTitleAscii":"/an-giang","QuanHuyenID":0,"NganhNgheTitle":"Bán lẻ lương thực, thực phẩm, đồ uống, thuốc lá, thuốc lào chiếm tỷ trọng lớn trong các cửa hàng kinh doanh tổng hợp","NganhNgheTitleAscii":"/nganh-nghe/ban-le-luong-thuc-thuc-pham-do-uong-thuoc-la-thuoc-lao-chiem-ty-trong-lon-trong-cac-cua-hang-kinh-doanh-tong-hop","DSTags":["1601534537","An Giang",null]},{"Type":11,"SolrID":"/1601497571-doanh-nghiep-tn-le-thanh-nguyen","ID":0,"MaSoThue":"1601497571","NgayCap":"2011-06-21T00:00:00Z","Title":"Doanh Nghiệp TN Lê Thanh Nguyên","DiaChiCongTy":"ấp Bình Thạnh 1 - Xã Hòa An - Huyện Chợ Mới - An Giang","Created":"2015-11-16T20:01:44Z","Updated":"2015-11-16T20:01:44Z","IsDelete":false,"RequestChanged":false,"ExitsInGDT":false,"SourceID":0,"TinhThanhID":0,"TinhThanhTitle":"An Giang","TinhThanhTitleAscii":"/an-giang","QuanHuyenID":0,"NganhNgheTitle":"Sản xuất sản phẩm khác từ gỗ; sản xuất sản phẩm từ tre, nứa, rơm, rạ và vật liệu tết bện","NganhNgheTitleAscii":"/nganh-nghe/san-xuat-san-pham-khac-tu-go-san-xuat-san-pham-tu-tre-nua-rom-ra-va-vat-lieu-tet-ben","DSTags":["1601497571","An Giang",null]},{"Type":11,"SolrID":"/1601488312-doanh-nghiep-tn-ben-linh","ID":0,"MaSoThue":"1601488312","NgayCap":"2011-04-28T00:00:00Z","Title":"Doanh Nghiệp TN Bền Linh","DiaChiCongTy":"Số 52, Tổ 3, ấp An Thạnh - Xã Hòa An - Huyện Chợ Mới - An Giang","Created":"2015-11-17T05:07:23Z","Updated":"2015-11-17T05:07:23Z","IsDelete":false,"RequestChanged":false,"ExitsInGDT":false,"SourceID":0,"TinhThanhID":0,"TinhThanhTitle":"An Giang","TinhThanhTitleAscii":"/an-giang","QuanHuyenID":0,"NganhNgheTitle":"Khai khoáng khác chưa được phân vào đâu","NganhNgheTitleAscii":"/nganh-nghe/khai-khoang-khac-chua-duoc-phan-vao-dau-10612","DSTags":["1601488312","An Giang",null]},{"Type":11,"SolrID":"/1601486629-cong-ty-tnhh-le-thanh-loi","ID":0,"MaSoThue":"1601486629","NgayCap":"2011-04-20T00:00:00Z","Title":"Công Ty TNHH Lê Thành Lợi","DiaChiCongTy":"Số 581, ấp Bình Quới - Xã Hòa An - Huyện Chợ Mới - An Giang","Created":"2015-11-09T14:09:48Z","Updated":"2015-11-09T14:09:48Z","IsDelete":false,"RequestChanged":false,"ExitsInGDT":false,"SourceID":0,"TinhThanhID":0,"TinhThanhTitle":"An Giang","TinhThanhTitleAscii":"/an-giang","QuanHuyenID":0,"NganhNgheTitle":"Khai khoáng khác chưa được phân vào đâu","NganhNgheTitleAscii":"/nganh-nghe/khai-khoang-khac-chua-duoc-phan-vao-dau-10612","DSTags":["1601486629","An Giang",null]},{"Type":11,"SolrID":"/0104848443-116-van-phong-dai-dien-cong-ty-co-phan-dau-tu-phat-trien-kinh-te-rung-ben-vung-toan-cau-tai-tinh-an-gi","ID":0,"MaSoThue":"0104848443-116","NgayCap":"2011-04-18T00:00:00Z","Title":"Văn Phòng Đại Diện Công Ty Cổ Phần Đầu Tư Phát Triển Kinh Tế - Rừng Bền Vững Toàn Cầu Tại Tỉnh An Gi","DiaChiCongTy":"Số 27, ấp Bình Thành - Xã Hòa An - Huyện Chợ Mới - An Giang","Created":"2015-11-18T05:13:31Z","Updated":"2015-11-18T05:13:31Z","IsDelete":false,"RequestChanged":false,"ExitsInGDT":false,"SourceID":0,"TinhThanhID":0,"TinhThanhTitle":"An Giang","TinhThanhTitleAscii":"/an-giang","QuanHuyenID":0,"NganhNgheTitle":"Trồng rừng và chăm sóc rừng","NganhNgheTitleAscii":"/nganh-nghe/trong-rung-va-cham-soc-rung","DSTags":["0104848443-116","An Giang",null]},{"Type":11,"SolrID":"/1601442036-cong-ty-tnhh-mot-thanh-vien-tan-hiep-loi","ID":0,"MaSoThue":"1601442036","NgayCap":"2010-12-31T00:00:00Z","Title":"Công Ty TNHH Một Thành Viên Tấn Hiệp Lợi","DiaChiCongTy":"Số 171, tổ 31, ấp Bình Quới - Xã Hòa An - Huyện Chợ Mới - An Giang","Created":"2015-11-09T16:08:55Z","Updated":"2015-11-09T16:08:55Z","IsDelete":false,"RequestChanged":false,"ExitsInGDT":false,"SourceID":0,"TinhThanhID":0,"TinhThanhTitle":"An Giang","TinhThanhTitleAscii":"/an-giang","QuanHuyenID":0,"NganhNgheTitle":"Bán buôn gạo","NganhNgheTitleAscii":"/nganh-nghe/ban-buon-gao","DSTags":["1601442036","An Giang",null]},{"Type":11,"SolrID":"/1600230737-053-chi-nhanh-cong-ty-cp-xuat-nhap-khau-an-giang-phan-xuong-hoa-an","ID":0,"MaSoThue":"1600230737-053","NgayCap":"2010-12-29T00:00:00Z","Title":"Chi Nhánh Công Ty CP Xuất Nhập Khẩu An Giang - Phân Xưởng Hòa An","DiaChiCongTy":"ấp Bình Thạnh 1 - Xã Hòa An - Huyện Chợ Mới - An Giang","Created":"2015-11-10T01:38:32Z","Updated":"2015-11-10T01:38:32Z","IsDelete":false,"RequestChanged":false,"ExitsInGDT":false,"SourceID":0,"TinhThanhID":0,"TinhThanhTitle":"An Giang","TinhThanhTitleAscii":"/an-giang","QuanHuyenID":0,"NganhNgheTitle":"Khai khoáng khác chưa được phân vào đâu","NganhNgheTitleAscii":"/nganh-nghe/khai-khoang-khac-chua-duoc-phan-vao-dau-10612","DSTags":["1600230737-053","An Giang",null]},{"Type":11,"SolrID":"/1601429518-doanh-nghiep-tn-diep-chau","ID":0,"MaSoThue":"1601429518","NgayCap":"2010-12-10T00:00:00Z","Title":"Doanh Nghiệp TN Diệp Châu","DiaChiCongTy":"Số 592, ấp Bình Quới - Xã Hòa An - Huyện Chợ Mới - An Giang","Created":"2015-11-10T01:40:06Z","Updated":"2015-11-10T01:40:06Z","IsDelete":false,"RequestChanged":false,"ExitsInGDT":false,"SourceID":0,"TinhThanhID":0,"TinhThanhTitle":"An Giang","TinhThanhTitleAscii":"/an-giang","QuanHuyenID":0,"NganhNgheTitle":"Xây dựng công trình kỹ thuật dân dụng khác","NganhNgheTitleAscii":"/nganh-nghe/xay-dung-cong-trinh-ky-thuat-dan-dung-khac","DSTags":["1601429518","An Giang",null]},{"Type":11,"SolrID":"/1601419774-doanh-nghiep-tn-duc-vinh","ID":0,"MaSoThue":"1601419774","NgayCap":"2010-11-30T00:00:00Z","Title":"Doanh Nghiệp TN Đức Vinh","DiaChiCongTy":"ấp An Thạnh - Xã Hòa An - Huyện Chợ Mới - An Giang","Created":"2015-11-10T01:45:42Z","Updated":"2015-11-10T01:45:42Z","IsDelete":false,"RequestChanged":false,"ExitsInGDT":false,"SourceID":0,"TinhThanhID":0,"TinhThanhTitle":"An Giang","TinhThanhTitleAscii":"/an-giang","QuanHuyenID":0,"NganhNgheTitle":"Khai khoáng khác chưa được phân vào đâu","NganhNgheTitleAscii":"/nganh-nghe/khai-khoang-khac-chua-duoc-phan-vao-dau-10612","DSTags":["1601419774","An Giang",null]},{"Type":11,"SolrID":"/1601402435-cong-ty-tnhh-mot-thanh-vien-xnk-truong-thanh","ID":0,"MaSoThue":"1601402435","NgayCap":"2010-10-06T00:00:00Z","Title":"Công Ty TNHH Một Thành Viên Xnk Trường Thành","DiaChiCongTy":"Tổ 14, ấp An Thạnh - Xã Hòa An - Huyện Chợ Mới - An Giang","Created":"2015-11-11T08:37:15Z","Updated":"2015-11-11T08:37:15Z","IsDelete":false,"RequestChanged":false,"ExitsInGDT":false,"SourceID":0,"TinhThanhID":0,"TinhThanhTitle":"An Giang","TinhThanhTitleAscii":"/an-giang","QuanHuyenID":0,"NganhNgheTitle":"Khai khoáng khác chưa được phân vào đâu","NganhNgheTitleAscii":"/nganh-nghe/khai-khoang-khac-chua-duoc-phan-vao-dau-10612","DSTags":["1601402435","An Giang",null]},{"Type":11,"SolrID":"/1601387547-cong-ty-tnhh-tm-dv-thien-phu-thinh","ID":0,"MaSoThue":"1601387547","NgayCap":"2010-08-02T00:00:00Z","Title":"Công Ty TNHH Tm Dv Thiên Phú Thịnh","DiaChiCongTy":"Số 107, ấp An Mỹ - Xã Hòa An - Huyện Chợ Mới - An Giang","Created":"2015-11-09T00:38:51Z","Updated":"2015-11-09T00:38:51Z","IsDelete":false,"RequestChanged":false,"ExitsInGDT":false,"SourceID":0,"TinhThanhID":0,"TinhThanhTitle":"An Giang","TinhThanhTitleAscii":"/an-giang","QuanHuyenID":0,"NganhNgheTitle":"Khai khoáng khác chưa được phân vào đâu","NganhNgheTitleAscii":"/nganh-nghe/khai-khoang-khac-chua-duoc-phan-vao-dau-10612","DSTags":["1601387547","An Giang",null]},{"Type":11,"SolrID":"/1600848019-002-chi-nhanh-doanh-nghiep-tu-nhan-xang-dau-phung-gia-3","ID":0,"MaSoThue":"1600848019-002","NgayCap":"2010-03-26T00:00:00Z","Title":"Chi Nhánh Doanh Nghiệp Tư Nhân Xăng Dầu Phùng Gia 3","DiaChiCongTy":"ấp An Thạnh - Xã Hòa An - Huyện Chợ Mới - An Giang","Created":"2015-11-11T05:43:50Z","Updated":"2015-11-11T05:43:50Z","IsDelete":false,"RequestChanged":false,"ExitsInGDT":false,"SourceID":0,"TinhThanhID":0,"TinhThanhTitle":"An Giang","TinhThanhTitleAscii":"/an-giang","QuanHuyenID":0,"NganhNgheTitle":"Bán buôn nhiên liệu rắn, lỏng, khí và các sản phẩm liên quan","NganhNgheTitleAscii":"/nganh-nghe/ban-buon-nhien-lieu-ran-long-khi-va-cac-san-pham-lien-quan","DSTags":["1600848019-002","An Giang",null]},{"Type":11,"SolrID":"/1601303466-cong-ty-tnhh-mot-thanh-vien-duc-vinh","ID":0,"MaSoThue":"1601303466","NgayCap":"2010-03-11T00:00:00Z","Title":"Công Ty TNHH Một Thành Viên Đức Vinh","DiaChiCongTy":"ấp Bình Quới - Xã Hòa An - Huyện Chợ Mới - An Giang","Created":"2015-11-09T10:46:05Z","Updated":"2015-11-09T10:46:05Z","IsDelete":false,"RequestChanged":false,"ExitsInGDT":false,"SourceID":0,"TinhThanhID":0,"TinhThanhTitle":"An Giang","TinhThanhTitleAscii":"/an-giang","QuanHuyenID":0,"NganhNgheTitle":"Khai khoáng khác chưa được phân vào đâu","NganhNgheTitleAscii":"/nganh-nghe/khai-khoang-khac-chua-duoc-phan-vao-dau-10612","DSTags":["1601303466","An Giang",null]},{"Type":11,"SolrID":"/1600191767-027-chi-nhanh-cong-ty-co-phan-du-lich-an-giang-nha-may-che-bien-gao-xuat-khau-hoa-an","ID":0,"MaSoThue":"1600191767-027","NgayCap":"2010-01-04T00:00:00Z","Title":"Chi Nhánh Công Ty Cổ Phần Du Lịch An Giang-Nhà Máy Chế Biến Gạo Xuất Khẩu Hòa An","DiaChiCongTy":"ấp An Thạnh - Xã Hòa An - Huyện Chợ Mới - An Giang","Created":"2015-11-11T05:43:58Z","Updated":"2015-11-11T05:43:58Z","IsDelete":false,"RequestChanged":false,"ExitsInGDT":false,"SourceID":0,"TinhThanhID":0,"TinhThanhTitle":"An Giang","TinhThanhTitleAscii":"/an-giang","QuanHuyenID":0,"NganhNgheTitle":"Khai khoáng khác chưa được phân vào đâu","NganhNgheTitleAscii":"/nganh-nghe/khai-khoang-khac-chua-duoc-phan-vao-dau-10612","DSTags":["1600191767-027","An Giang",null]},{"Type":11,"SolrID":"/1601243418-cong-ty-tnhh-dau-tu-va-che-bien-luong-thuc-thien-ngoc","ID":0,"MaSoThue":"1601243418","NgayCap":"2009-12-04T00:00:00Z","Title":"Công Ty TNHH Đầu Tư Và Chế Biến Lương Thực Thiên Ngọc.","DiaChiCongTy":"Tổ 9 ấp An Thạnh - Xã Hòa An - Huyện Chợ Mới - An Giang","Created":"2015-11-08T23:31:16Z","Updated":"2015-11-08T23:31:16Z","IsDelete":false,"RequestChanged":false,"ExitsInGDT":false,"SourceID":0,"TinhThanhID":0,"TinhThanhTitle":"An Giang","TinhThanhTitleAscii":"/an-giang","QuanHuyenID":0,"NganhNgheTitle":"Khai khoáng khác chưa được phân vào đâu","NganhNgheTitleAscii":"/nganh-nghe/khai-khoang-khac-chua-duoc-phan-vao-dau-10612","DSTags":["1601243418","An Giang",null]},{"Type":11,"SolrID":"/1601218676-cong-ty-cp-xuat-nhap-khau-phat-thanh","ID":0,"MaSoThue":"1601218676","NgayCap":"2009-09-22T00:00:00Z","Title":"Công Ty CP Xuất Nhập Khẩu Phát Thạnh","DiaChiCongTy":"ấp An Thạnh - Xã Hòa An - Huyện Chợ Mới - An Giang","Created":"2015-11-11T05:38:08Z","Updated":"2015-11-11T05:38:08Z","IsDelete":false,"RequestChanged":false,"ExitsInGDT":false,"SourceID":0,"TinhThanhID":0,"TinhThanhTitle":"An Giang","TinhThanhTitleAscii":"/an-giang","QuanHuyenID":0,"NganhNgheTitle":"Khai khoáng khác chưa được phân vào đâu","NganhNgheTitleAscii":"/nganh-nghe/khai-khoang-khac-chua-duoc-phan-vao-dau-10612","DSTags":["1601218676","An Giang",null]},{"Type":11,"SolrID":"/1601181458-cong-ty-tnhh-thuong-mai-xuat-nhap-khau-tuyen-phat","ID":0,"MaSoThue":"1601181458","NgayCap":"2009-06-24T00:00:00Z","Title":"Công Ty TNHH Thương Mại Xuất Nhập Khẩu Tuyền Phát","DiaChiCongTy":"ấp An Thạnh - Xã Hòa An - Huyện Chợ Mới - An Giang","Created":"2015-11-09T00:59:53Z","Updated":"2015-11-09T00:59:53Z","IsDelete":false,"RequestChanged":false,"ExitsInGDT":false,"SourceID":0,"TinhThanhID":0,"TinhThanhTitle":"An Giang","TinhThanhTitleAscii":"/an-giang","QuanHuyenID":0,"NganhNgheTitle":"Bán buôn chuyên doanh khác chưa được phân vào đâu","NganhNgheTitleAscii":"/nganh-nghe/ban-buon-chuyen-doanh-khac-chua-duoc-phan-vao-dau","DSTags":["1601181458","An Giang",null]},{"Type":11,"SolrID":"/1601119964-cong-ty-co-phan-phu-gia","ID":0,"MaSoThue":"1601119964","NgayCap":"2009-05-11T00:00:00Z","Title":"Công ty Cổ Phần Phú Gia","DiaChiCongTy":"ấp An Thạnh, xã Hoà An - Huyện Chợ Mới - An Giang","Created":"2015-11-10T01:44:50Z","Updated":"2015-11-10T01:44:50Z","IsDelete":false,"RequestChanged":false,"ExitsInGDT":false,"SourceID":0,"TinhThanhID":0,"TinhThanhTitle":"An Giang","TinhThanhTitleAscii":"/an-giang","QuanHuyenID":0,"NganhNgheTitle":"Bán buôn (trừ ô tô, mô tô, xe máy và xe có động cơ khác)","NganhNgheTitleAscii":"/nganh-nghe/ban-buon-tru-o-to-mo-to-xe-may-va-xe-co-dong-co-khac","DSTags":["1601119964","An Giang",null]},{"Type":11,"SolrID":"/1601109388-cong-ty-tnhh-mot-thanh-vien-xuat-nhap-khau-phuoc-chung","ID":0,"MaSoThue":"1601109388","NgayCap":"2009-04-27T00:00:00Z","Title":"Công Ty TNHH Một Thành Viên Xuất Nhập Khẩu Phước Chung","DiaChiCongTy":"ấp An Thạnh - Xã Hòa An - Huyện Chợ Mới - An Giang","Created":"2015-11-09T04:06:29Z","Updated":"2015-11-09T04:06:29Z","IsDelete":false,"RequestChanged":false,"ExitsInGDT":false,"SourceID":0,"TinhThanhID":0,"TinhThanhTitle":"An Giang","TinhThanhTitleAscii":"/an-giang","QuanHuyenID":0,"NganhNgheTitle":"Khai khoáng khác chưa được phân vào đâu","NganhNgheTitleAscii":"/nganh-nghe/khai-khoang-khac-chua-duoc-phan-vao-dau-10612","DSTags":["1601109388","An Giang",null]},{"Type":11,"SolrID":"/1601094036-cty-tnhh-mot-thanh-vien-lan-tuyen","ID":0,"MaSoThue":"1601094036","NgayCap":"2009-04-14T00:00:00Z","Title":"Cty TNHH Một Thành Viên Lan Tuyền","DiaChiCongTy":"ấp An Thạnh, xã Hoà An - Huyện Chợ Mới - An Giang","Created":"2015-11-09T10:04:24Z","Updated":"2015-11-09T10:04:24Z","IsDelete":false,"RequestChanged":false,"ExitsInGDT":false,"SourceID":0,"TinhThanhID":0,"TinhThanhTitle":"An Giang","TinhThanhTitleAscii":"/an-giang","QuanHuyenID":0,"NganhNgheTitle":"Bán buôn (trừ ô tô, mô tô, xe máy và xe có động cơ khác)","NganhNgheTitleAscii":"/nganh-nghe/ban-buon-tru-o-to-mo-to-xe-may-va-xe-co-dong-co-khac","DSTags":["1601094036","An Giang",null]},{"Type":11,"SolrID":"/1601027103-doanh-nghiep-tn-xang-dau-bao-ngoc","ID":0,"MaSoThue":"1601027103","NgayCap":"2009-02-04T00:00:00Z","Title":"Doanh Nghiệp TN Xăng Dầu Bảo Ngọc","DiaChiCongTy":"ấp Bình Thạnh I - Xã Hòa An - Huyện Chợ Mới - An Giang","Created":"2015-11-09T10:41:16Z","Updated":"2015-11-09T10:41:16Z","IsDelete":false,"RequestChanged":false,"ExitsInGDT":false,"SourceID":0,"TinhThanhID":0,"TinhThanhTitle":"An Giang","TinhThanhTitleAscii":"/an-giang","QuanHuyenID":0,"NganhNgheTitle":"Bán buôn nhiên liệu rắn, lỏng, khí và các sản phẩm liên quan","NganhNgheTitleAscii":"/nganh-nghe/ban-buon-nhien-lieu-ran-long-khi-va-cac-san-pham-lien-quan","DSTags":["1601027103","An Giang",null]},{"Type":11,"SolrID":"/1600149243-dntn-xang-nhot-dau-gas-hieu-nhung","ID":0,"MaSoThue":"1600149243","NgayCap":"2008-12-27T00:00:00Z","Title":"DNTN Xăng -Nhớt -Dầu-Gas-Hiếu Nhung","DiaChiCongTy":"ấp An Mỹ, xã Hoà An - Huyện Chợ Mới - An Giang","Created":"2015-11-17T19:45:13Z","Updated":"2015-11-17T19:45:13Z","IsDelete":false,"RequestChanged":false,"ExitsInGDT":false,"SourceID":0,"TinhThanhID":0,"TinhThanhTitle":"An Giang","TinhThanhTitleAscii":"/an-giang","QuanHuyenID":0,"NganhNgheTitle":"Bán lẻ nhiên liệu động cơ trong các cửa hàng chuyên doanh","NganhNgheTitleAscii":"/nganh-nghe/ban-le-nhien-lieu-dong-co-trong-cac-cua-hang-chuyen-doanh","DSTags":["1600149243","An Giang",null]},{"Type":11,"SolrID":"/1600984928-cong-ty-tnhh-mot-thanh-vien-phuoc-vinh","ID":0,"MaSoThue":"1600984928","NgayCap":"2008-11-12T00:00:00Z","Title":"Công Ty TNHH Một Thành Viên Phước Vinh","DiaChiCongTy":"Số 470, ấp An Thạnh - Xã Hòa An - Huyện Chợ Mới - An Giang","Created":"2015-11-11T06:05:36Z","Updated":"2015-11-11T06:05:36Z","IsDelete":false,"RequestChanged":false,"ExitsInGDT":false,"SourceID":0,"TinhThanhID":0,"TinhThanhTitle":"An Giang","TinhThanhTitleAscii":"/an-giang","QuanHuyenID":0,"NganhNgheTitle":"Khai khoáng khác chưa được phân vào đâu","NganhNgheTitleAscii":"/nganh-nghe/khai-khoang-khac-chua-duoc-phan-vao-dau-10612","DSTags":["1600984928","An Giang",null]},{"Type":11,"SolrID":"/1600968570-cong-ty-tnhh-mot-thanh-vien-phat-loi","ID":0,"MaSoThue":"1600968570","NgayCap":"2008-07-14T00:00:00Z","Title":"Công Ty TNHH Một Thành Viên Phát Lợi","DiaChiCongTy":"ấP An Mỹ - Xã Hòa An - Huyện Chợ Mới - An Giang","Created":"2015-11-11T07:08:14Z","Updated":"2015-11-11T07:08:14Z","IsDelete":false,"RequestChanged":false,"ExitsInGDT":false,"SourceID":0,"TinhThanhID":0,"TinhThanhTitle":"An Giang","TinhThanhTitleAscii":"/an-giang","QuanHuyenID":0,"NganhNgheTitle":"Khai khoáng khác chưa được phân vào đâu","NganhNgheTitleAscii":"/nganh-nghe/khai-khoang-khac-chua-duoc-phan-vao-dau-10612","DSTags":["1600968570","An Giang",null]},{"Type":11,"SolrID":"/1600962071-cty-tnhh-mot-thanh-vien-minh-xuan","ID":0,"MaSoThue":"1600962071","NgayCap":"2008-05-19T00:00:00Z","Title":"Cty TNHH Một Thành Viên Minh Xuân","DiaChiCongTy":"ấp Bình Phú, xã Hoà An - Huyện Chợ Mới - An Giang","Created":"2015-11-14T05:09:16Z","Updated":"2015-11-14T05:09:16Z","IsDelete":false,"RequestChanged":false,"ExitsInGDT":false,"SourceID":0,"TinhThanhID":0,"TinhThanhTitle":"An Giang","TinhThanhTitleAscii":"/an-giang","QuanHuyenID":0,"NganhNgheTitle":"Trồng cây hàng năm khác","NganhNgheTitleAscii":"/nganh-nghe/trong-cay-hang-nam-khac","DSTags":["1600962071","An Giang",null]},{"Type":11,"SolrID":"/1600946009-cong-ty-tnhh-xuat-nhap-khau-van-hoa","ID":0,"MaSoThue":"1600946009","NgayCap":"2008-03-05T00:00:00Z","Title":"Công Ty TNHH Xuất Nhập Khẩu Vạn Hòa","DiaChiCongTy":"ấp Bình Thạnh 1 - Xã Hòa An - Huyện Chợ Mới - An Giang","Created":"2015-11-09T03:33:18Z","Updated":"2015-11-09T03:33:18Z","IsDelete":false,"RequestChanged":false,"ExitsInGDT":false,"SourceID":0,"TinhThanhID":0,"TinhThanhTitle":"An Giang","TinhThanhTitleAscii":"/an-giang","QuanHuyenID":0,"NganhNgheTitle":"Khai khoáng khác chưa được phân vào đâu","NganhNgheTitleAscii":"/nganh-nghe/khai-khoang-khac-chua-duoc-phan-vao-dau-10612","DSTags":["1600946009","An Giang",null]},{"Type":11,"SolrID":"/1600940078-cong-ty-tnhh-xuat-nhap-khau-luong-thuc-vinh-phat","ID":0,"MaSoThue":"1600940078","NgayCap":"2008-01-31T00:00:00Z","Title":"Công Ty TNHH Xuất Nhập Khẩu Lương Thực Vinh Phát","DiaChiCongTy":"Tổ 13, ấp Bình Thạnh 1 - Xã Hòa An - Huyện Chợ Mới - An Giang","Created":"2015-11-10T01:00:10Z","Updated":"2015-11-10T01:00:10Z","IsDelete":false,"RequestChanged":false,"ExitsInGDT":false,"SourceID":0,"TinhThanhID":0,"TinhThanhTitle":"An Giang","TinhThanhTitleAscii":"/an-giang","QuanHuyenID":0,"NganhNgheTitle":"Khai khoáng khác chưa được phân vào đâu","NganhNgheTitleAscii":"/nganh-nghe/khai-khoang-khac-chua-duoc-phan-vao-dau-10612","DSTags":["1600940078","An Giang",null]},{"Type":11,"SolrID":"/1600906278-doanh-nghiep-tn-phat-tien","ID":0,"MaSoThue":"1600906278","NgayCap":"2007-10-03T00:00:00Z","Title":"Doanh Nghiệp TN Phát Tiến","DiaChiCongTy":"ấp An Thạnh - Xã Hòa An - Huyện Chợ Mới - An Giang","Created":"2015-11-17T03:49:49Z","Updated":"2015-11-17T03:49:49Z","IsDelete":false,"RequestChanged":false,"ExitsInGDT":false,"SourceID":0,"TinhThanhID":0,"TinhThanhTitle":"An Giang","TinhThanhTitleAscii":"/an-giang","QuanHuyenID":0,"NganhNgheTitle":"Khai khoáng khác chưa được phân vào đâu","NganhNgheTitleAscii":"/nganh-nghe/khai-khoang-khac-chua-duoc-phan-vao-dau-10612","DSTags":["1600906278","An Giang",null]},{"Type":11,"SolrID":"/1600230737-024-chi-nhanh-cong-ty-co-phan-xuat-nhap-khau-an-giang-chi-nhanh-luong-thuc-angimex-2","ID":0,"MaSoThue":"1600230737-024","NgayCap":"2007-01-16T00:00:00Z","Title":"Chi Nhánh Công Ty Cổ Phần Xuất Nhập Khẩu An Giang - Chi Nhánh Lương Thực Angimex 2","DiaChiCongTy":"ấp Bình Thạnh 1 - Xã Hòa An - Huyện Chợ Mới - An Giang","Created":"2015-11-17T19:47:16Z","Updated":"2015-11-17T19:47:16Z","IsDelete":false,"RequestChanged":false,"ExitsInGDT":false,"SourceID":0,"TinhThanhID":0,"TinhThanhTitle":"An Giang","TinhThanhTitleAscii":"/an-giang","QuanHuyenID":0,"NganhNgheTitle":"Khai khoáng khác chưa được phân vào đâu","NganhNgheTitleAscii":"/nganh-nghe/khai-khoang-khac-chua-duoc-phan-vao-dau-10612","DSTags":["1600230737-024","An Giang",null]},{"Type":11,"SolrID":"/1600125482-doanh-nghiep-tn-ngoc-diep","ID":0,"MaSoThue":"1600125482","NgayCap":"2005-09-08T00:00:00Z","Title":"Doanh Nghiệp TN Ngọc Điệp","DiaChiCongTy":"ấp An Mỹ - Xã Hòa An - Huyện Chợ Mới - An Giang","Created":"2015-11-11T12:32:39Z","Updated":"2015-11-11T12:32:39Z","IsDelete":false,"RequestChanged":false,"ExitsInGDT":false,"SourceID":0,"TinhThanhID":0,"TinhThanhTitle":"An Giang","TinhThanhTitleAscii":"/an-giang","QuanHuyenID":0,"NganhNgheTitle":"Khai khoáng khác chưa được phân vào đâu","NganhNgheTitleAscii":"/nganh-nghe/khai-khoang-khac-chua-duoc-phan-vao-dau-10612","DSTags":["1600125482","An Giang",null]},{"Type":11,"SolrID":"/1600782777-cong-ty-tnhh-xnk-luong-thuc-hiep-thanh","ID":0,"MaSoThue":"1600782777","NgayCap":"2005-06-07T00:00:00Z","Title":"Công ty TNHH XNK Lương Thực Hiệp Thành","DiaChiCongTy":"ấp Bình Qưới, xã Hoà An - Huyện Chợ Mới - An Giang","Created":"2015-11-11T05:38:11Z","Updated":"2015-11-11T05:38:11Z","IsDelete":false,"RequestChanged":false,"ExitsInGDT":false,"SourceID":0,"TinhThanhID":0,"TinhThanhTitle":"An Giang","TinhThanhTitleAscii":"/an-giang","QuanHuyenID":0,"NganhNgheTitle":"Bán buôn gạo, thực phẩm, đồ uống và sản phẩm thuốc lá, thuốc lào","NganhNgheTitleAscii":"/nganh-nghe/ban-buon-gao-thuc-pham-do-uong-va-san-pham-thuoc-la-thuoc-lao","DSTags":["1600782777","An Giang",null]},{"Type":11,"SolrID":"/1600779774-cong-ty-tnhh-thuong-mai-xay-dung-xuat-nhap-khau-huu-phong-suong","ID":0,"MaSoThue":"1600779774","NgayCap":"2005-05-16T00:00:00Z","Title":"Công ty TNHH thương mại - xây dựng xuất nhập khẩu Hữu Phong Sương","DiaChiCongTy":"327 Tổ 7 ấp An Mỹ, xã Hoà An - Huyện Chợ Mới - An Giang","Created":"2015-11-14T05:03:19Z","Updated":"2015-11-14T05:03:19Z","IsDelete":false,"RequestChanged":false,"ExitsInGDT":false,"SourceID":0,"TinhThanhID":0,"TinhThanhTitle":"An Giang","TinhThanhTitleAscii":"/an-giang","QuanHuyenID":0,"NganhNgheTitle":"Xây dựng công trình kỹ thuật dân dụng","NganhNgheTitleAscii":"/nganh-nghe/xay-dung-cong-trinh-ky-thuat-dan-dung","DSTags":["1600779774","An Giang",null]},{"Type":11,"SolrID":"/1600745214-cong-ty-tnhh-xuat-nhap-khau-ngoc-thao","ID":0,"MaSoThue":"1600745214","NgayCap":"2004-11-11T00:00:00Z","Title":"Công Ty TNHH Xuất Nhập Khẩu Ngọc Thảo .","DiaChiCongTy":"ấp Bình Thạnh 1 - Xã Hòa An - Huyện Chợ Mới - An Giang","Created":"2015-11-11T11:00:39Z","Updated":"2015-11-11T11:00:39Z","IsDelete":false,"RequestChanged":false,"ExitsInGDT":false,"SourceID":0,"TinhThanhID":0,"TinhThanhTitle":"An Giang","TinhThanhTitleAscii":"/an-giang","QuanHuyenID":0,"NganhNgheTitle":"Khai khoáng khác chưa được phân vào đâu","NganhNgheTitleAscii":"/nganh-nghe/khai-khoang-khac-chua-duoc-phan-vao-dau-10612","DSTags":["1600745214","An Giang",null]},{"Type":11,"SolrID":"/1600701150-doanh-nghiep-tn-thanh-hieu","ID":0,"MaSoThue":"1600701150","NgayCap":"2004-06-29T00:00:00Z","Title":"Doanh Nghiệp TN Thanh Hiếu","DiaChiCongTy":"ấp Bình Quới - Xã Hòa An - Huyện Chợ Mới - An Giang","Created":"2015-11-19T09:04:05Z","Updated":"2015-11-19T09:04:05Z","IsDelete":false,"RequestChanged":false,"ExitsInGDT":false,"SourceID":0,"TinhThanhID":0,"TinhThanhTitle":"An Giang","TinhThanhTitleAscii":"/an-giang","QuanHuyenID":0,"NganhNgheTitle":"Bán buôn nhiên liệu rắn, lỏng, khí và các sản phẩm liên quan","NganhNgheTitleAscii":"/nganh-nghe/ban-buon-nhien-lieu-ran-long-khi-va-cac-san-pham-lien-quan","DSTags":["1600701150","An Giang",null]},{"Type":11,"SolrID":"/1600149243-001-chi-nhanh-thanh-hieu","ID":0,"MaSoThue":"1600149243-001","NgayCap":"2004-02-03T00:00:00Z","Title":"Chi Nhánh Thanh Hiếu","DiaChiCongTy":"ấp An Mỹ, xã  Hoà An - Huyện Chợ Mới - An Giang","Created":"2015-11-19T07:28:08Z","Updated":"2015-11-19T07:28:08Z","IsDelete":false,"RequestChanged":false,"ExitsInGDT":false,"SourceID":0,"TinhThanhID":0,"TinhThanhTitle":"An Giang","TinhThanhTitleAscii":"/an-giang","QuanHuyenID":0,"NganhNgheTitle":"Bán lẻ nhiên liệu động cơ trong các cửa hàng chuyên doanh","NganhNgheTitleAscii":"/nganh-nghe/ban-le-nhien-lieu-dong-co-trong-cac-cua-hang-chuyen-doanh","DSTags":["1600149243-001","An Giang",null]},{"Type":11,"SolrID":"/1600664445-doanh-nghiep-tn-tan-phuoc","ID":0,"MaSoThue":"1600664445","NgayCap":"2003-07-07T00:00:00Z","Title":"Doanh Nghiệp TN Tân Phước","DiaChiCongTy":"Tổ 9, ấp An Thạnh - Xã Hòa An - Huyện Chợ Mới - An Giang","Created":"2015-11-17T01:31:28Z","Updated":"2015-11-17T01:31:28Z","IsDelete":false,"RequestChanged":false,"ExitsInGDT":false,"SourceID":0,"TinhThanhID":0,"TinhThanhTitle":"An Giang","TinhThanhTitleAscii":"/an-giang","QuanHuyenID":0,"NganhNgheTitle":"Khai khoáng khác chưa được phân vào đâu","NganhNgheTitleAscii":"/nganh-nghe/khai-khoang-khac-chua-duoc-phan-vao-dau-10612","DSTags":["1600664445","An Giang",null]},{"Type":11,"SolrID":"/1600640853-dntn-tam-hiep-phat","ID":0,"MaSoThue":"1600640853","NgayCap":"2003-01-30T00:00:00Z","Title":"DNTN Tâm Hiệp Phát","DiaChiCongTy":"ấp Bình Qưới Xã  Hoà An - Huyện Chợ Mới - An Giang","Created":"2015-11-09T03:55:17Z","Updated":"2015-11-09T03:55:17Z","IsDelete":false,"RequestChanged":false,"ExitsInGDT":false,"SourceID":0,"TinhThanhID":0,"TinhThanhTitle":"An Giang","TinhThanhTitleAscii":"/an-giang","QuanHuyenID":0,"NganhNgheTitle":"Bán buôn gạo, thực phẩm, đồ uống và sản phẩm thuốc lá, thuốc lào","NganhNgheTitleAscii":"/nganh-nghe/ban-buon-gao-thuc-pham-do-uong-va-san-pham-thuoc-la-thuoc-lao","DSTags":["1600640853","An Giang",null]},{"Type":11,"SolrID":"/1600607045-doanh-nghiep-tu-nhan-ngoc-tho","ID":0,"MaSoThue":"1600607045","NgayCap":"2002-03-26T00:00:00Z","Title":"Doanh Nghiệp Tư Nhân Ngọc Thọ","DiaChiCongTy":"ấp An Thạnh, Xã Hòa An, Huyện Chợ Mới, Tỉnh An Giang","Created":"2018-04-19T14:28:28Z","Updated":"2018-04-19T14:28:28Z","IsDelete":false,"RequestChanged":false,"ExitsInGDT":false,"SourceID":0,"TinhThanhID":0,"TinhThanhTitle":"An Giang","TinhThanhTitleAscii":"/an-giang","QuanHuyenID":0,"DSTags":["1600607045","An Giang",null]},{"Type":11,"SolrID":"/1600576157-doanh-nghiep-tn-duc-hien","ID":0,"MaSoThue":"1600576157","NgayCap":"2001-06-13T00:00:00Z","Title":"Doanh Nghiệp TN Đức Hiển","DiaChiCongTy":"ấp An Thạnh - Xã Hòa An - Huyện Chợ Mới - An Giang","Created":"2015-11-11T08:29:57Z","Updated":"2015-11-11T08:29:57Z","IsDelete":false,"RequestChanged":false,"ExitsInGDT":false,"SourceID":0,"TinhThanhID":0,"TinhThanhTitle":"An Giang","TinhThanhTitleAscii":"/an-giang","QuanHuyenID":0,"NganhNgheTitle":"Khai khoáng khác chưa được phân vào đâu","NganhNgheTitleAscii":"/nganh-nghe/khai-khoang-khac-chua-duoc-phan-vao-dau-10612","DSTags":["1600576157","An Giang",null]},{"Type":11,"SolrID":"/1600556094-cong-ty-tnhh-thanh-tai","ID":0,"MaSoThue":"1600556094","NgayCap":"2001-02-14T00:00:00Z","Title":"Công Ty TNHH Thành Tài","DiaChiCongTy":"Tổ 18, ấp Bình Thạnh 1 - Xã Hòa An - Huyện Chợ Mới - An Giang","Created":"2015-11-09T11:37:07Z","Updated":"2015-11-09T11:37:07Z","IsDelete":false,"RequestChanged":false,"ExitsInGDT":false,"SourceID":0,"TinhThanhID":0,"TinhThanhTitle":"An Giang","TinhThanhTitleAscii":"/an-giang","QuanHuyenID":0,"NganhNgheTitle":"Khai khoáng khác chưa được phân vào đâu","NganhNgheTitleAscii":"/nganh-nghe/khai-khoang-khac-chua-duoc-phan-vao-dau-10612","DSTags":["1600556094","An Giang",null]},{"Type":11,"SolrID":"/1600556104-cty-tnhh-muoi-khoa","ID":0,"MaSoThue":"1600556104","NgayCap":"2001-02-14T00:00:00Z","Title":"CTy TNHH Mười Khoa","DiaChiCongTy":"Tổ 12  Xã Hoà An - Huyện Chợ Mới - An Giang","Created":"2015-11-12T06:14:38Z","Updated":"2015-11-12T06:14:38Z","IsDelete":false,"RequestChanged":false,"ExitsInGDT":false,"SourceID":0,"TinhThanhID":0,"TinhThanhTitle":"An Giang","TinhThanhTitleAscii":"/an-giang","QuanHuyenID":0,"NganhNgheTitle":"Bán lẻ khác trong các cửa hàng kinh doanh tổng hợp","NganhNgheTitleAscii":"/nganh-nghe/ban-le-khac-trong-cac-cua-hang-kinh-doanh-tong-hop","DSTags":["1600556104","An Giang",null]},{"Type":11,"SolrID":"/1600488623-doanh-nghiep-tn-ba-nong","ID":0,"MaSoThue":"1600488623","NgayCap":"2000-04-04T00:00:00Z","Title":"Doanh Nghiệp TN Ba Nông","DiaChiCongTy":"ấp Bình Phú - Xã Hòa An - Huyện Chợ Mới - An Giang","Created":"2015-11-09T10:25:55Z","Updated":"2015-11-09T10:25:55Z","IsDelete":false,"RequestChanged":false,"ExitsInGDT":false,"SourceID":0,"TinhThanhID":0,"TinhThanhTitle":"An Giang","TinhThanhTitleAscii":"/an-giang","QuanHuyenID":0,"NganhNgheTitle":"Khai khoáng khác chưa được phân vào đâu","NganhNgheTitleAscii":"/nganh-nghe/khai-khoang-khac-chua-duoc-phan-vao-dau-10612","DSTags":["1600488623","An Giang",null]},{"Type":11,"SolrID":"/1600488528-doanh-nghiep-tn-dac-loi","ID":0,"MaSoThue":"1600488528","NgayCap":"2000-04-04T00:00:00Z","Title":"Doanh Nghiệp TN Đắc Lợi","DiaChiCongTy":"ấp An Mỹ - Xã Hòa An - Huyện Chợ Mới - An Giang","Created":"2015-11-11T08:56:39Z","Updated":"2015-11-11T08:56:39Z","IsDelete":false,"RequestChanged":false,"ExitsInGDT":false,"SourceID":0,"TinhThanhID":0,"TinhThanhTitle":"An Giang","TinhThanhTitleAscii":"/an-giang","QuanHuyenID":0,"NganhNgheTitle":"Khai khoáng khác chưa được phân vào đâu","NganhNgheTitleAscii":"/nganh-nghe/khai-khoang-khac-chua-duoc-phan-vao-dau-10612","DSTags":["1600488528","An Giang",null]},{"Type":11,"SolrID":"/1600479636-cong-ty-tnhh-xay-xat-phuoc-loi-ii","ID":0,"MaSoThue":"1600479636","NgayCap":"2000-01-28T00:00:00Z","Title":"Công Ty TNHH Xay Xát Phước Lợi Ii","DiaChiCongTy":"707, ấp Bình Thạnh I - Xã Hòa An - Huyện Chợ Mới - An Giang","Created":"2015-11-10T01:44:15Z","Updated":"2015-11-10T01:44:15Z","IsDelete":false,"RequestChanged":false,"ExitsInGDT":false,"SourceID":0,"TinhThanhID":0,"TinhThanhTitle":"An Giang","TinhThanhTitleAscii":"/an-giang","QuanHuyenID":0,"NganhNgheTitle":"Khai khoáng khác chưa được phân vào đâu","NganhNgheTitleAscii":"/nganh-nghe/khai-khoang-khac-chua-duoc-phan-vao-dau-10612","DSTags":["1600479636","An Giang",null]},{"Type":11,"SolrID":"/1600390508-doanh-nghiep-tn-hiep-loi","ID":0,"MaSoThue":"1600390508","NgayCap":"1999-03-03T00:00:00Z","Title":"Doanh Nghiệp TN Hiệp Lợi","DiaChiCongTy":"ấp Bình Quới - Xã Hòa An - Huyện Chợ Mới - An Giang","Created":"2015-11-09T16:17:05Z","Updated":"2015-11-09T16:17:05Z","IsDelete":false,"RequestChanged":false,"ExitsInGDT":false,"SourceID":0,"TinhThanhID":0,"TinhThanhTitle":"An Giang","TinhThanhTitleAscii":"/an-giang","QuanHuyenID":0,"NganhNgheTitle":"Bán buôn gạo","NganhNgheTitleAscii":"/nganh-nghe/ban-buon-gao","DSTags":["1600390508","An Giang",null]},{"Type":11,"SolrID":"/1600365773-007-truong-trung-hoc-co-so-hoa-an","ID":0,"MaSoThue":"1600365773-007","NgayCap":"1998-11-24T00:00:00Z","Title":"Trường Trung học cơ sở  Hoà An","DiaChiCongTy":"Bình Thạnh I, xã Hoà An - Huyện Chợ Mới - An Giang","Created":"2015-11-17T19:48:04Z","Updated":"2015-11-17T19:48:04Z","IsDelete":false,"RequestChanged":false,"ExitsInGDT":false,"SourceID":0,"TinhThanhID":0,"TinhThanhTitle":"An Giang","TinhThanhTitleAscii":"/an-giang","QuanHuyenID":0,"NganhNgheTitle":"Giáo dục tiểu học","NganhNgheTitleAscii":"/nganh-nghe/giao-duc-tieu-hoc","DSTags":["1600365773-007","An Giang",null]},{"Type":11,"SolrID":"/1600366103-017-truong-mau-giao-hoa-an","ID":0,"MaSoThue":"1600366103-017","NgayCap":"1998-11-24T00:00:00Z","Title":"Trường Mẫu giáo Hoà An","DiaChiCongTy":"Xã Hoà An - Huyện Chợ Mới - An Giang","Created":"2015-11-17T19:48:30Z","Updated":"2015-11-17T19:48:30Z","IsDelete":false,"RequestChanged":false,"ExitsInGDT":false,"SourceID":0,"TinhThanhID":0,"TinhThanhTitle":"An Giang","TinhThanhTitleAscii":"/an-giang","QuanHuyenID":0,"NganhNgheTitle":"Giáo dục mầm non","NganhNgheTitleAscii":"/nganh-nghe/giao-duc-mam-non","DSTags":["1600366103-017","An Giang",null]},{"Type":11,"SolrID":"/1600366103-069-truong-tieu-hoc-a-hoa-an","ID":0,"MaSoThue":"1600366103-069","NgayCap":"1998-11-24T00:00:00Z","Title":"Trường Tiểu Học A Hòa An","DiaChiCongTy":"ấp Bình Thạnh I Xã Hoà An - Huyện Chợ Mới - An Giang","Created":"2015-11-17T19:49:18Z","Updated":"2015-11-17T19:49:18Z","IsDelete":false,"RequestChanged":false,"ExitsInGDT":false,"SourceID":0,"TinhThanhID":0,"TinhThanhTitle":"An Giang","TinhThanhTitleAscii":"/an-giang","QuanHuyenID":0,"NganhNgheTitle":"Giáo dục tiểu học","NganhNgheTitleAscii":"/nganh-nghe/giao-duc-tieu-hoc","DSTags":["1600366103-069","An Giang",null]},{"Type":11,"SolrID":"/1600366103-070-truong-tieu-hoc-b-hoa-an","ID":0,"MaSoThue":"1600366103-070","NgayCap":"1998-11-24T00:00:00Z","Title":"Trường Tiểu học\"B\" Hoà An","DiaChiCongTy":"ấp Bình Phú  Xã Hoà An - Huyện Chợ Mới - An Giang","Created":"2015-11-17T19:49:19Z","Updated":"2015-11-17T19:49:19Z","IsDelete":false,"RequestChanged":false,"ExitsInGDT":false,"SourceID":0,"TinhThanhID":0,"TinhThanhTitle":"An Giang","TinhThanhTitleAscii":"/an-giang","QuanHuyenID":0,"NganhNgheTitle":"Giáo dục tiểu học","NganhNgheTitleAscii":"/nganh-nghe/giao-duc-tieu-hoc","DSTags":["1600366103-070","An Giang",null]},{"Type":11,"SolrID":"/1600366103-071-truong-tieu-hoc-c-hoa-an","ID":0,"MaSoThue":"1600366103-071","NgayCap":"1998-11-24T00:00:00Z","Title":"Trường Tiểu học \"C\" Hoà An","DiaChiCongTy":"Xã Hoà An - Huyện Chợ Mới - An Giang","Created":"2015-11-17T19:49:20Z","Updated":"2015-11-17T19:49:20Z","IsDelete":false,"RequestChanged":false,"ExitsInGDT":false,"SourceID":0,"TinhThanhID":0,"TinhThanhTitle":"An Giang","TinhThanhTitleAscii":"/an-giang","QuanHuyenID":0,"NganhNgheTitle":"Giáo dục tiểu học","NganhNgheTitleAscii":"/nganh-nghe/giao-duc-tieu-hoc","DSTags":["1600366103-071","An Giang",null]},{"Type":11,"SolrID":"/1600366375-ubnd-xa-hoa-an","ID":0,"MaSoThue":"1600366375","NgayCap":"1998-10-31T00:00:00Z","Title":"UBND xã Hoà An","DiaChiCongTy":"ấp Bình Thạnh 1, Xã Hoà An - Huyện Chợ Mới - An Giang","Created":"2015-11-14T17:24:15Z","Updated":"2015-11-14T17:24:15Z","IsDelete":false,"RequestChanged":false,"ExitsInGDT":false,"SourceID":0,"TinhThanhID":0,"TinhThanhTitle":"An Giang","TinhThanhTitleAscii":"/an-giang","QuanHuyenID":0,"NganhNgheTitle":"Hoạt động quản lý nhà nước nói chung và kinh tế tổng hợp","NganhNgheTitleAscii":"/nganh-nghe/hoat-dong-quan-ly-nha-nuoc-noi-chung-va-kinh-te-tong-hop","DSTags":["1600366375","An Giang",null]},{"Type":11,"SolrID":"/1600152253-cong-ty-tnhh-mot-thanh-vien-thuong-mai-xuat-nhap-khau-tan-phat-cho-moi","ID":0,"MaSoThue":"1600152253","NgayCap":"1998-09-18T00:00:00Z","Title":"Công Ty TNHH Một Thành Viên Thương Mại Xuất Nhập Khẩu Tân Phát Chợ Mới","DiaChiCongTy":"ấp Bình Thạnh 1 - Xã Hòa An - Huyện Chợ Mới - An Giang","Created":"2015-11-09T18:24:18Z","Updated":"2015-11-09T18:24:18Z","IsDelete":false,"RequestChanged":false,"ExitsInGDT":false,"SourceID":0,"TinhThanhID":0,"TinhThanhTitle":"An Giang","TinhThanhTitleAscii":"/an-giang","QuanHuyenID":0,"NganhNgheTitle":"Khai khoáng khác chưa được phân vào đâu","NganhNgheTitleAscii":"/nganh-nghe/khai-khoang-khac-chua-duoc-phan-vao-dau-10612","DSTags":["1600152253","An Giang",null]},{"Type":11,"SolrID":"/1600152750-doanh-nghiep-tn-phuoc-thanh","ID":0,"MaSoThue":"1600152750","NgayCap":"1998-09-18T00:00:00Z","Title":"Doanh Nghiệp TN Phước Thành","DiaChiCongTy":"Số 107, ấp An Mỹ - Xã Hòa An - Huyện Chợ Mới - An Giang","Created":"2015-11-10T01:44:14Z","Updated":"2015-11-10T01:44:14Z","IsDelete":false,"RequestChanged":false,"ExitsInGDT":false,"SourceID":0,"TinhThanhID":0,"TinhThanhTitle":"An Giang","TinhThanhTitleAscii":"/an-giang","QuanHuyenID":0,"NganhNgheTitle":"Khai khoáng khác chưa được phân vào đâu","NganhNgheTitleAscii":"/nganh-nghe/khai-khoang-khac-chua-duoc-phan-vao-dau-10612","DSTags":["1600152750","An Giang",null]},{"Type":11,"SolrID":"/1600152373-doanh-nghiep-tn-chi-thanh","ID":0,"MaSoThue":"1600152373","NgayCap":"1998-09-18T00:00:00Z","Title":"Doanh Nghiệp TN Chí Thành","DiaChiCongTy":"ấp Bình Quới - Xã Hòa An - Huyện Chợ Mới - An Giang","Created":"2015-11-11T05:38:13Z","Updated":"2015-11-11T05:38:13Z","IsDelete":false,"RequestChanged":false,"ExitsInGDT":false,"SourceID":0,"TinhThanhID":0,"TinhThanhTitle":"An Giang","TinhThanhTitleAscii":"/an-giang","QuanHuyenID":0,"NganhNgheTitle":"Bán lẻ lương thực trong các cửa hàng chuyên doanh","NganhNgheTitleAscii":"/nganh-nghe/ban-le-luong-thuc-trong-cac-cua-hang-chuyen-doanh","DSTags":["1600152373","An Giang",null]},{"Type":11,"SolrID":"/1600149211-doanh-nghiep-tn-van-loi","ID":0,"MaSoThue":"1600149211","NgayCap":"1998-09-18T00:00:00Z","Title":"Doanh Nghiệp TN Vạn Lợi","DiaChiCongTy":"ấp An Mỹ - Xã Hòa An - Huyện Chợ Mới - An Giang","Created":"2015-11-11T11:06:34Z","Updated":"2015-11-11T11:06:34Z","IsDelete":false,"RequestChanged":false,"ExitsInGDT":false,"SourceID":0,"TinhThanhID":0,"TinhThanhTitle":"An Giang","TinhThanhTitleAscii":"/an-giang","QuanHuyenID":0,"NganhNgheTitle":"Khai khoáng khác chưa được phân vào đâu","NganhNgheTitleAscii":"/nganh-nghe/khai-khoang-khac-chua-duoc-phan-vao-dau-10612","DSTags":["1600149211","An Giang",null]},{"Type":11,"SolrID":"/1600152334-dntn-tan-hiep-loi","ID":0,"MaSoThue":"1600152334","NgayCap":"1998-09-18T00:00:00Z","Title":"DNTN Tấn Hiệp Lợi","DiaChiCongTy":"ấp Bình Quới,xã Hoà An - Huyện Chợ Mới - An Giang","Created":"2015-11-19T03:05:25Z","Updated":"2015-11-19T03:05:25Z","IsDelete":false,"RequestChanged":false,"ExitsInGDT":false,"SourceID":0,"TinhThanhID":0,"TinhThanhTitle":"An Giang","TinhThanhTitleAscii":"/an-giang","QuanHuyenID":0,"NganhNgheTitle":"Bán lẻ thuốc, dụng cụ y tế, mỹ phẩm và vật phẩm vệ sinh trong các cửa hàng chuyên doanh","NganhNgheTitleAscii":"/nganh-nghe/ban-le-thuoc-dung-cu-y-te-my-pham-va-vat-pham-ve-sinh-trong-cac-cua-hang-chuyen-doanh","DSTags":["1600152334","An Giang",null]},{"Type":11,"SolrID":"/1600149525-doanh-nghiep-tn-tu-lau","ID":0,"MaSoThue":"1600149525","NgayCap":"1998-09-15T00:00:00Z","Title":"Doanh Nghiệp TN Tư Lầu","DiaChiCongTy":"ấp Bình Quới - Xã Hòa An - Huyện Chợ Mới - An Giang","Created":"2015-11-10T01:40:04Z","Updated":"2015-11-10T01:40:04Z","IsDelete":false,"RequestChanged":false,"ExitsInGDT":false,"SourceID":0,"TinhThanhID":0,"TinhThanhTitle":"An Giang","TinhThanhTitleAscii":"/an-giang","QuanHuyenID":0,"NganhNgheTitle":"Khai khoáng khác chưa được phân vào đâu","NganhNgheTitleAscii":"/nganh-nghe/khai-khoang-khac-chua-duoc-phan-vao-dau-10612","DSTags":["1600149525","An Giang",null]}]}