{"ID":2545,"SolrID":"/an-giang/huyen-cho-moi/xa-hoa-binh","Title":"Xã Hòa Bình","TinhThanhTitle":"An Giang","QuanHuyenTitle":"Huyện Chợ Mới","QuanHuyenID":489,"TinhThanhID":35,"Url":"https://thongtindoanhnghiep.co/api/company?l=/an-giang/huyen-cho-moi/xa-hoa-binh","Total":75,"List":[{"Type":11,"SolrID":"/1602143695-cong-ty-tnhh-xay-dung-thuong-mai-dich-vu-bao-tram","ID":0,"MaSoThue":"1602143695","NgayCap":"2021-03-18T00:00:00Z","Title":"Công Ty TNHH Xây Dựng Thương Mại Dịch Vụ Bảo Trâm","DiaChiCongTy":"Ấp An Quới, Xã Hòa Bình, Huyện Chợ Mới, Tỉnh An Giang","Created":"2021-03-18T08:36:07Z","Updated":"2021-03-18T08:36:07Z","IsDelete":false,"RequestChanged":false,"ExitsInGDT":false,"SourceID":0,"TinhThanhID":0,"TinhThanhTitle":"An Giang","TinhThanhTitleAscii":"/an-giang","QuanHuyenID":0,"DSTags":["1602143695","An Giang",null]},{"Type":11,"SolrID":"/1602080526-cong-ty-tnhh-tm-dv-xnk-thanh-ngoc","ID":0,"MaSoThue":"1602080526","NgayCap":"2018-09-11T00:00:00Z","Title":"Công Ty TNHH Tm Dv Xnk Thành Ngọc","DiaChiCongTy":"Số 749, Tổ 19, Ấp An Lương, Xã Hòa Bình, Huyện Chợ Mới, Tỉnh An Giang","Created":"2018-09-11T09:34:54Z","Updated":"2018-09-11T09:34:54Z","IsDelete":false,"RequestChanged":false,"ExitsInGDT":false,"SourceID":0,"TinhThanhID":0,"TinhThanhTitle":"An Giang","TinhThanhTitleAscii":"/an-giang","QuanHuyenID":0,"NganhNgheTitle":"Cho thuê xe có động cơ","NganhNgheTitleAscii":"/nganh-nghe/cho-thue-xe-co-dong-co","DSTags":["1602080526","An Giang",null]},{"Type":11,"SolrID":"/1602079658-cong-ty-tnhh-mot-thanh-vien-thuy-duong-song-ngan","ID":0,"MaSoThue":"1602079658","NgayCap":"2018-08-28T00:00:00Z","Title":"Công Ty TNHH Một Thành Viên Thùy Dương Song Ngân","DiaChiCongTy":"Ấp An Thuận, Xã Hòa Bình, Huyện Chợ Mới, Tỉnh An Giang","Created":"2018-08-28T14:35:26Z","Updated":"2018-08-28T14:35:26Z","IsDelete":false,"RequestChanged":false,"ExitsInGDT":false,"SourceID":0,"TinhThanhID":0,"TinhThanhTitle":"An Giang","TinhThanhTitleAscii":"/an-giang","QuanHuyenID":0,"NganhNgheTitle":"Bán buôn nhiên liệu rắn, lỏng, khí và các sản phẩm liên quan","NganhNgheTitleAscii":"/nganh-nghe/ban-buon-nhien-lieu-ran-long-khi-va-cac-san-pham-lien-quan","DSTags":["1602079658","An Giang",null]},{"Type":11,"SolrID":"/1602078781-cong-ty-tnhh-mot-thanh-vien-phuc-minh-huong","ID":0,"MaSoThue":"1602078781","NgayCap":"2018-08-15T00:00:00Z","Title":"Công Ty TNHH Một Thành Viên Phúc Minh Hương","DiaChiCongTy":"Ấp An Bình, Xã Hòa Bình, Huyện Chợ Mới, Tỉnh An Giang","Created":"2018-08-15T17:34:55Z","Updated":"2018-08-15T17:34:55Z","IsDelete":false,"RequestChanged":false,"ExitsInGDT":false,"SourceID":0,"TinhThanhID":0,"TinhThanhTitle":"An Giang","TinhThanhTitleAscii":"/an-giang","QuanHuyenID":0,"NganhNgheTitle":"Vận tải hàng hóa bằng đường bộ","NganhNgheTitleAscii":"/nganh-nghe/van-tai-hang-hoa-bang-duong-bo","DSTags":["1602078781","An Giang",null]},{"Type":11,"SolrID":"/1602069307-cong-ty-tnhh-mot-thanh-vien-xang-dau-nhot-thanh-loi","ID":0,"MaSoThue":"1602069307","NgayCap":"2018-04-13T00:00:00Z","Title":"Công Ty TNHH Một Thành Viên Xăng Dầu Nhớt Thạnh Lợi","DiaChiCongTy":"Ấp An Bình, Xã Hòa Bình, Huyện Chợ Mới, Tỉnh An Giang","Created":"2018-04-13T13:34:31Z","Updated":"2018-04-13T13:34:31Z","IsDelete":false,"RequestChanged":false,"ExitsInGDT":false,"SourceID":0,"TinhThanhID":0,"TinhThanhTitle":"An Giang","TinhThanhTitleAscii":"/an-giang","QuanHuyenID":0,"NganhNgheTitle":"Bán buôn nhiên liệu rắn, lỏng, khí và các sản phẩm liên quan","NganhNgheTitleAscii":"/nganh-nghe/ban-buon-nhien-lieu-ran-long-khi-va-cac-san-pham-lien-quan","DSTags":["1602069307","An Giang",null]},{"Type":11,"SolrID":"/1602064242-cong-ty-tnhh-mot-thanh-vien-thuong-mai-dich-vu-xang-dau-kieu-giang","ID":0,"MaSoThue":"1602064242","NgayCap":"2018-02-23T00:00:00Z","Title":"Công Ty TNHH Một Thành Viên Thương Mại Dịch Vụ Xăng Dầu Kiều Giang","DiaChiCongTy":"Tỉnh lộ 944, Ấp An Thuận, Xã Hòa Bình, Huyện Chợ Mới, Tỉnh An Giang","Created":"2018-02-23T16:33:19Z","Updated":"2018-02-23T16:33:19Z","IsDelete":false,"RequestChanged":false,"ExitsInGDT":false,"SourceID":0,"TinhThanhID":0,"TinhThanhTitle":"An Giang","TinhThanhTitleAscii":"/an-giang","QuanHuyenID":0,"NganhNgheTitle":"Bán buôn nhiên liệu rắn, lỏng, khí và các sản phẩm liên quan","NganhNgheTitleAscii":"/nganh-nghe/ban-buon-nhien-lieu-ran-long-khi-va-cac-san-pham-lien-quan","DSTags":["1602064242","An Giang",null]},{"Type":11,"SolrID":"/1602063898-cong-ty-tnhh-thuong-mai-dich-vu-xay-dung-bao-tran","ID":0,"MaSoThue":"1602063898","NgayCap":"2018-02-07T00:00:00Z","Title":"Công Ty TNHH Thương Mại Dịch Vụ Xây Dựng Bảo Trân","DiaChiCongTy":"Tổ 29, Ấp An Thuận, Xã Hòa Bình, Huyện Chợ Mới, Tỉnh An Giang","Created":"2018-02-07T16:10:22Z","Updated":"2018-02-07T16:10:22Z","IsDelete":false,"RequestChanged":false,"ExitsInGDT":false,"SourceID":0,"TinhThanhID":0,"TinhThanhTitle":"An Giang","TinhThanhTitleAscii":"/an-giang","QuanHuyenID":0,"NganhNgheTitle":"Xây dựng nhà các loại","NganhNgheTitleAscii":"/nganh-nghe/xay-dung-nha-cac-loai","DSTags":["1602063898","An Giang",null]},{"Type":11,"SolrID":"/1602047286-cong-ty-tnhh-mot-thanh-vien-may-mac-nhut-duy","ID":0,"MaSoThue":"1602047286","NgayCap":"2017-08-09T00:00:00Z","Title":"Công Ty TNHH Một Thành Viên May Mặc Nhựt Duy","DiaChiCongTy":"Số 980, Tổ 20, Ấp An Lương, Xã Hòa Bình, Huyện Chợ Mới, Tỉnh An Giang","Created":"2017-08-09T13:41:04Z","Updated":"2017-08-09T13:41:04Z","IsDelete":false,"RequestChanged":false,"ExitsInGDT":false,"SourceID":0,"TinhThanhID":0,"TinhThanhTitle":"An Giang","TinhThanhTitleAscii":"/an-giang","QuanHuyenID":0,"NganhNgheTitle":"May trang phục (trừ trang phục từ da lông thú)","NganhNgheTitleAscii":"/nganh-nghe/may-trang-phuc-tru-trang-phuc-tu-da-long-thu","DSTags":["1602047286","An Giang",null]},{"Type":11,"SolrID":"/1602046620-cong-ty-tnhh-ho-tro-giao-duc-nguon-sang-xanh","ID":0,"MaSoThue":"1602046620","NgayCap":"2017-07-31T00:00:00Z","Title":"Công Ty TNHH Hỗ Trợ Giáo Dục Nguồn Sáng Xanh","DiaChiCongTy":"Ấp An Thuận, Xã Hòa Bình, Huyện Chợ Mới, Tỉnh An Giang","Created":"2017-07-31T17:09:38Z","Updated":"2017-07-31T17:09:38Z","IsDelete":false,"RequestChanged":false,"ExitsInGDT":false,"SourceID":0,"TinhThanhID":0,"TinhThanhTitle":"An Giang","TinhThanhTitleAscii":"/an-giang","QuanHuyenID":0,"NganhNgheTitle":"Hoạt động tư vấn quản lý","NganhNgheTitleAscii":"/nganh-nghe/hoat-dong-tu-van-quan-ly","DSTags":["1602046620","An Giang",null]},{"Type":11,"SolrID":"/1602043059-cong-ty-tnhh-xuat-nhap-khau-thien-phat-thinh","ID":0,"MaSoThue":"1602043059","NgayCap":"2017-06-20T00:00:00Z","Title":"Công Ty TNHH Xuất Nhập Khẩu Thiện Phát Thịnh","DiaChiCongTy":"484 Tổ 17, ấp An Thạnh, Xã Hòa Bình, Huyện Chợ Mới, Tỉnh An Giang","Created":"2017-06-20T14:08:25Z","Updated":"2017-06-20T14:08:25Z","IsDelete":false,"RequestChanged":false,"ExitsInGDT":false,"SourceID":0,"TinhThanhID":0,"TinhThanhTitle":"An Giang","TinhThanhTitleAscii":"/an-giang","QuanHuyenID":0,"NganhNgheTitle":"Trồng lúa","NganhNgheTitleAscii":"/nganh-nghe/trong-lua","DSTags":["1602043059","An Giang",null]},{"Type":11,"SolrID":"/1602034248-cong-ty-tnhh-finame-an-giang","ID":0,"MaSoThue":"1602034248","NgayCap":"2017-02-23T00:00:00Z","Title":"Công Ty TNHH Finame An Giang","DiaChiCongTy":"Ấp An Bình, Xã Hòa Bình, Huyện Chợ Mới, Tỉnh An Giang","Created":"2017-02-23T17:37:59Z","Updated":"2017-02-23T17:37:59Z","IsDelete":false,"RequestChanged":false,"ExitsInGDT":false,"SourceID":0,"TinhThanhID":0,"TinhThanhTitle":"An Giang","TinhThanhTitleAscii":"/an-giang","QuanHuyenID":0,"NganhNgheTitle":"Hoạt động cấp tín dụng khác","NganhNgheTitleAscii":"/nganh-nghe/hoat-dong-cap-tin-dung-khac","DSTags":["1602034248","An Giang",null]},{"Type":11,"SolrID":"/1602032748-cong-ty-tnhh-hoang-thien-cho-moi","ID":0,"MaSoThue":"1602032748","NgayCap":"2017-01-24T00:00:00Z","Title":"Công Ty TNHH Hoàng Thiện Chợ Mới","DiaChiCongTy":"Ấp An Quới, Xã Hòa Bình, Huyện Chợ Mới, Tỉnh An Giang","Created":"2017-01-24T08:38:04Z","Updated":"2017-01-24T08:38:04Z","IsDelete":false,"RequestChanged":false,"ExitsInGDT":false,"SourceID":0,"TinhThanhID":0,"TinhThanhTitle":"An Giang","TinhThanhTitleAscii":"/an-giang","QuanHuyenID":0,"NganhNgheTitle":"Xây dựng công trình kỹ thuật dân dụng khác","NganhNgheTitleAscii":"/nganh-nghe/xay-dung-cong-trinh-ky-thuat-dan-dung-khac","DSTags":["1602032748","An Giang",null]},{"Type":11,"SolrID":"/1602029103-cong-ty-tnhh-thuy-san-cho-moi","ID":0,"MaSoThue":"1602029103","NgayCap":"2016-12-24T00:00:00Z","Title":"Công Ty TNHH Thủy Sản Chợ Mới","DiaChiCongTy":"Số 716, Ấp An Lương, Xã Hòa Bình, Huyện Chợ Mới, Tỉnh An Giang","Created":"2016-12-24T09:40:33Z","Updated":"2016-12-24T09:40:33Z","IsDelete":false,"RequestChanged":false,"ExitsInGDT":false,"SourceID":0,"TinhThanhID":0,"TinhThanhTitle":"An Giang","TinhThanhTitleAscii":"/an-giang","QuanHuyenID":0,"NganhNgheTitle":"Bán buôn thực phẩm","NganhNgheTitleAscii":"/nganh-nghe/ban-buon-thuc-pham","DSTags":["1602029103","An Giang",null]},{"Type":11,"SolrID":"/1602024391-cong-ty-tnhh-mot-thanh-vien-vat-lieu-xay-dung-an-thuan-van","ID":0,"MaSoThue":"1602024391","NgayCap":"2016-11-21T00:00:00Z","Title":"Công Ty TNHH Một Thành Viên Vật Liệu Xây Dựng An Thuận Vân","DiaChiCongTy":"Số 729, ấp An Thuận - Xã Hòa Bình - Huyện Chợ Mới - An Giang","Created":"2016-11-22T23:05:48Z","Updated":"2016-11-22T23:05:48Z","IsDelete":false,"RequestChanged":false,"ExitsInGDT":false,"SourceID":0,"TinhThanhID":0,"TinhThanhTitle":"An Giang","TinhThanhTitleAscii":"/an-giang","QuanHuyenID":0,"NganhNgheTitle":"Bán buôn vật liệu, thiết bị lắp đặt khác trong xây dựng","NganhNgheTitleAscii":"/nganh-nghe/ban-buon-vat-lieu-thiet-bi-lap-dat-khac-trong-xay-dung","DSTags":["1602024391","An Giang",null]},{"Type":11,"SolrID":"/1602014347-cong-ty-tnhh-mot-thanh-vien-xay-dung-vi-lam","ID":0,"MaSoThue":"1602014347","NgayCap":"2016-07-14T00:00:00Z","Title":"Công Ty TNHH Một Thành Viên Xây Dựng Vi Lâm","DiaChiCongTy":"283, Tổ 7, ấp An Thuận - Xã Hòa Bình - Huyện Chợ Mới - An Giang","Created":"2016-07-14T14:49:48Z","Updated":"2016-09-10T22:31:37Z","IsDelete":false,"RequestChanged":false,"ExitsInGDT":false,"SourceID":0,"TinhThanhID":0,"TinhThanhTitle":"An Giang","TinhThanhTitleAscii":"/an-giang","QuanHuyenID":0,"DSTags":["1602014347","An Giang",null]},{"Type":11,"SolrID":"/1600110119-012-chi-nhanh-cong-ty-tnhh-mot-thanh-vien-pha-an-giang-cua-hang-xang-dau-pha-an-giang","ID":0,"MaSoThue":"1600110119-012","NgayCap":"2015-11-04T00:00:00Z","Title":"Chi Nhánh Công Ty TNHH Một Thành Viên Phà An Giang - Cửa Hàng Xăng Dầu Phà  An Giang","DiaChiCongTy":"Số 667/A, Tổ 22, ấp An Thuận - Xã Hòa Bình - Huyện Chợ Mới - An Giang","Created":"2015-11-19T12:21:55Z","Updated":"2015-11-19T12:21:55Z","IsDelete":false,"RequestChanged":false,"ExitsInGDT":false,"SourceID":0,"TinhThanhID":0,"TinhThanhTitle":"An Giang","TinhThanhTitleAscii":"/an-giang","QuanHuyenID":0,"NganhNgheTitle":"Bán buôn nhiên liệu rắn, lỏng, khí và các sản phẩm liên quan","NganhNgheTitleAscii":"/nganh-nghe/ban-buon-nhien-lieu-ran-long-khi-va-cac-san-pham-lien-quan","DSTags":["1600110119-012","An Giang",null]},{"Type":11,"SolrID":"/1601984536-cong-ty-tnhh-xay-dung-le-thien-phuc","ID":0,"MaSoThue":"1601984536","NgayCap":"2015-10-01T00:00:00Z","Title":"Công Ty TNHH Xây Dựng Lê Thiên Phúc","DiaChiCongTy":"Số 79, Tổ 3, ấp An Thạnh - Xã Hòa Bình - Huyện Chợ Mới - An Giang","Created":"2015-11-19T02:26:00Z","Updated":"2015-11-19T02:26:00Z","IsDelete":false,"RequestChanged":false,"ExitsInGDT":false,"SourceID":0,"TinhThanhID":0,"TinhThanhTitle":"An Giang","TinhThanhTitleAscii":"/an-giang","QuanHuyenID":0,"NganhNgheTitle":"Xây dựng nhà các loại","NganhNgheTitleAscii":"/nganh-nghe/xay-dung-nha-cac-loai","DSTags":["1601984536","An Giang",null]},{"Type":11,"SolrID":"/1601980570-cong-ty-tnhh-mot-thanh-vien-huu-tin-mobile","ID":0,"MaSoThue":"1601980570","NgayCap":"2015-08-14T00:00:00Z","Title":"Công Ty TNHH Một Thành Viên Hữu Tín Mobile","DiaChiCongTy":"Số 144, ấp An Bình - Xã Hòa Bình - Huyện Chợ Mới - An Giang","Created":"2015-11-18T23:33:19Z","Updated":"2015-11-18T23:33:19Z","IsDelete":false,"RequestChanged":false,"ExitsInGDT":false,"SourceID":0,"TinhThanhID":0,"TinhThanhTitle":"An Giang","TinhThanhTitleAscii":"/an-giang","QuanHuyenID":0,"NganhNgheTitle":"Bán buôn thiết bị và linh kiện điện tử, viễn thông","NganhNgheTitleAscii":"/nganh-nghe/ban-buon-thiet-bi-va-linh-kien-dien-tu-vien-thong","DSTags":["1601980570","An Giang",null]},{"Type":11,"SolrID":"/1601971840-cong-ty-tnhh-mot-thanh-vien-thuong-mai-dich-vu-sdp","ID":0,"MaSoThue":"1601971840","NgayCap":"2015-05-12T00:00:00Z","Title":"Công Ty TNHH Một Thành Viên Thương Mại Dịch Vụ Sdp","DiaChiCongTy":"Số 680, ấp An Thái - Xã Hòa Bình - Huyện Chợ Mới - An Giang","Created":"2015-11-17T13:14:32Z","Updated":"2015-11-17T13:14:32Z","IsDelete":false,"RequestChanged":false,"ExitsInGDT":false,"SourceID":0,"TinhThanhID":0,"TinhThanhTitle":"An Giang","TinhThanhTitleAscii":"/an-giang","QuanHuyenID":0,"NganhNgheTitle":"Dịch vụ hành chính văn phòng tổng hợp","NganhNgheTitleAscii":"/nganh-nghe/dich-vu-hanh-chinh-van-phong-tong-hop","DSTags":["1601971840","An Giang",null]},{"Type":11,"SolrID":"/1601937913-cong-ty-tnhh-mot-thanh-vien-sx-nuoc-da-man-dat","ID":0,"MaSoThue":"1601937913","NgayCap":"2014-09-11T00:00:00Z","Title":"Công Ty TNHH Một Thành Viên Sx Nước Đá Mẫn Đạt","DiaChiCongTy":"Số 36 ấp An Quới - Xã Hòa Bình - Huyện Chợ Mới - An Giang","Created":"2015-11-09T11:02:56Z","Updated":"2015-11-09T11:02:56Z","IsDelete":false,"RequestChanged":false,"ExitsInGDT":false,"SourceID":0,"TinhThanhID":0,"TinhThanhTitle":"An Giang","TinhThanhTitleAscii":"/an-giang","QuanHuyenID":0,"NganhNgheTitle":"Sản xuất, phân phối hơi nước, nước nóng, điều hoà không khí và sản xuất nước đá","NganhNgheTitleAscii":"/nganh-nghe/san-xuat-phan-phoi-hoi-nuoc-nuoc-nong-dieu-hoa-khong-khi-va-san-xuat-nuoc-da","DSTags":["1601937913","An Giang",null]},{"Type":11,"SolrID":"/1601906707-doanh-nghiep-tn-hai-bi","ID":0,"MaSoThue":"1601906707","NgayCap":"2014-01-14T00:00:00Z","Title":"Doanh Nghiệp TN Hai Bi","DiaChiCongTy":"ấp An Thái - Xã Hòa Bình - Huyện Chợ Mới - An Giang","Created":"2015-11-09T20:24:59Z","Updated":"2015-11-09T20:24:59Z","IsDelete":false,"RequestChanged":false,"ExitsInGDT":false,"SourceID":0,"TinhThanhID":0,"TinhThanhTitle":"An Giang","TinhThanhTitleAscii":"/an-giang","QuanHuyenID":0,"NganhNgheTitle":"Khai khoáng khác chưa được phân vào đâu","NganhNgheTitleAscii":"/nganh-nghe/khai-khoang-khac-chua-duoc-phan-vao-dau-10612","DSTags":["1601906707","An Giang",null]},{"Type":11,"SolrID":"/1601906619-doanh-nghiep-tn-thai-cong","ID":0,"MaSoThue":"1601906619","NgayCap":"2014-01-14T00:00:00Z","Title":"Doanh Nghiệp TN Thái Công","DiaChiCongTy":"ấp An Thuận - Xã Hòa Bình - Huyện Chợ Mới - An Giang","Created":"2015-11-09T20:24:59Z","Updated":"2015-11-09T20:24:59Z","IsDelete":false,"RequestChanged":false,"ExitsInGDT":false,"SourceID":0,"TinhThanhID":0,"TinhThanhTitle":"An Giang","TinhThanhTitleAscii":"/an-giang","QuanHuyenID":0,"NganhNgheTitle":"Khai khoáng khác chưa được phân vào đâu","NganhNgheTitleAscii":"/nganh-nghe/khai-khoang-khac-chua-duoc-phan-vao-dau-10612","DSTags":["1601906619","An Giang",null]},{"Type":11,"SolrID":"/1601906626-doanh-nghiep-tn-thai-trang","ID":0,"MaSoThue":"1601906626","NgayCap":"2014-01-14T00:00:00Z","Title":"Doanh Nghiệp TN Thái Trang","DiaChiCongTy":"ấp An Thuận - Xã Hòa Bình - Huyện Chợ Mới - An Giang","Created":"2015-11-09T20:25:00Z","Updated":"2015-11-09T20:25:00Z","IsDelete":false,"RequestChanged":false,"ExitsInGDT":false,"SourceID":0,"TinhThanhID":0,"TinhThanhTitle":"An Giang","TinhThanhTitleAscii":"/an-giang","QuanHuyenID":0,"NganhNgheTitle":"Khai khoáng khác chưa được phân vào đâu","NganhNgheTitleAscii":"/nganh-nghe/khai-khoang-khac-chua-duoc-phan-vao-dau-10612","DSTags":["1601906626","An Giang",null]},{"Type":11,"SolrID":"/1601906672-doanh-nghiep-tn-tu-se","ID":0,"MaSoThue":"1601906672","NgayCap":"2014-01-14T00:00:00Z","Title":"Doanh Nghiệp TN Tư Sẻ","DiaChiCongTy":"ấp An Thái - Xã Hòa Bình - Huyện Chợ Mới - An Giang","Created":"2015-11-09T20:25:01Z","Updated":"2015-11-09T20:25:01Z","IsDelete":false,"RequestChanged":false,"ExitsInGDT":false,"SourceID":0,"TinhThanhID":0,"TinhThanhTitle":"An Giang","TinhThanhTitleAscii":"/an-giang","QuanHuyenID":0,"NganhNgheTitle":"Khai khoáng khác chưa được phân vào đâu","NganhNgheTitleAscii":"/nganh-nghe/khai-khoang-khac-chua-duoc-phan-vao-dau-10612","DSTags":["1601906672","An Giang",null]},{"Type":11,"SolrID":"/1601906714-doanh-nghiep-tn-ut-dien","ID":0,"MaSoThue":"1601906714","NgayCap":"2014-01-14T00:00:00Z","Title":"Doanh Nghiệp TN út Điền","DiaChiCongTy":"ấp An Thái - Xã Hòa Bình - Huyện Chợ Mới - An Giang","Created":"2015-11-09T20:25:02Z","Updated":"2015-11-09T20:25:02Z","IsDelete":false,"RequestChanged":false,"ExitsInGDT":false,"SourceID":0,"TinhThanhID":0,"TinhThanhTitle":"An Giang","TinhThanhTitleAscii":"/an-giang","QuanHuyenID":0,"NganhNgheTitle":"Khai khoáng khác chưa được phân vào đâu","NganhNgheTitleAscii":"/nganh-nghe/khai-khoang-khac-chua-duoc-phan-vao-dau-10612","DSTags":["1601906714","An Giang",null]},{"Type":11,"SolrID":"/1600942886-003-chi-nhanh-cong-ty-cp-dau-tu-phat-trien-ha-tang-an-giang-phan-xuong-1","ID":0,"MaSoThue":"1600942886-003","NgayCap":"2013-12-27T00:00:00Z","Title":"Chi Nhánh Công Ty CP Đầu Tư Phát Triển Hạ Tầng An Giang - Phân Xưởng 1","DiaChiCongTy":"ấp An Thuận - Xã Hòa Bình - Huyện Chợ Mới - An Giang","Created":"2015-11-09T12:47:34Z","Updated":"2015-11-09T12:47:34Z","IsDelete":false,"RequestChanged":false,"ExitsInGDT":false,"SourceID":0,"TinhThanhID":0,"TinhThanhTitle":"An Giang","TinhThanhTitleAscii":"/an-giang","QuanHuyenID":0,"NganhNgheTitle":"Đóng tàu và cấu kiện nổi","NganhNgheTitleAscii":"/nganh-nghe/dong-tau-va-cau-kien-noi","DSTags":["1600942886-003","An Giang",null]},{"Type":11,"SolrID":"/1601895251-cong-ty-tnhh-mot-thanh-vien-huynh-phat","ID":0,"MaSoThue":"1601895251","NgayCap":"2013-11-27T00:00:00Z","Title":"Công Ty TNHH Một Thành Viên Huỳnh Phát","DiaChiCongTy":"Số 744, ấp An Lương - Xã Hòa Bình - Huyện Chợ Mới - An Giang","Created":"2015-11-09T20:23:10Z","Updated":"2015-11-09T20:23:10Z","IsDelete":false,"RequestChanged":false,"ExitsInGDT":false,"SourceID":0,"TinhThanhID":0,"TinhThanhTitle":"An Giang","TinhThanhTitleAscii":"/an-giang","QuanHuyenID":0,"NganhNgheTitle":"Xây dựng nhà các loại","NganhNgheTitleAscii":"/nganh-nghe/xay-dung-nha-cac-loai","DSTags":["1601895251","An Giang",null]},{"Type":11,"SolrID":"/1601895036-cong-ty-tnhh-mot-thanh-vien-duoc-phuc-duc","ID":0,"MaSoThue":"1601895036","NgayCap":"2013-11-21T00:00:00Z","Title":"Công Ty TNHH Một Thành Viên Được Phúc Đức","DiaChiCongTy":"Số 428, ấp An Thuận - Xã Hòa Bình - Huyện Chợ Mới - An Giang","Created":"2015-11-09T11:32:06Z","Updated":"2015-11-09T11:32:06Z","IsDelete":false,"RequestChanged":false,"ExitsInGDT":false,"SourceID":0,"TinhThanhID":0,"TinhThanhTitle":"An Giang","TinhThanhTitleAscii":"/an-giang","QuanHuyenID":0,"NganhNgheTitle":"Bán mô tô, xe máy","NganhNgheTitleAscii":"/nganh-nghe/ban-mo-to-xe-may","DSTags":["1601895036","An Giang",null]},{"Type":11,"SolrID":"/1601886024-cong-ty-tnhh-xay-dung-thuong-mai-nst","ID":0,"MaSoThue":"1601886024","NgayCap":"2013-08-12T00:00:00Z","Title":"Công Ty TNHH Xây Dựng & Thương Mại Nst","DiaChiCongTy":"Số 700, Tổ 23, ấp An Thuận - Xã Hòa Bình - Huyện Chợ Mới - An Giang","Created":"2015-11-09T20:24:00Z","Updated":"2015-11-09T20:24:00Z","IsDelete":false,"RequestChanged":false,"ExitsInGDT":false,"SourceID":0,"TinhThanhID":0,"TinhThanhTitle":"An Giang","TinhThanhTitleAscii":"/an-giang","QuanHuyenID":0,"NganhNgheTitle":"Xây dựng nhà các loại","NganhNgheTitleAscii":"/nganh-nghe/xay-dung-nha-cac-loai","DSTags":["1601886024","An Giang",null]},{"Type":11,"SolrID":"/1601884845-cong-ty-tnhh-mot-thanh-vien-phat-quynh","ID":0,"MaSoThue":"1601884845","NgayCap":"2013-07-26T00:00:00Z","Title":"Công Ty TNHH Một Thành Viên Phát Quỳnh","DiaChiCongTy":"Số 15, Tổ 1, ấp An Bình - Xã Hòa Bình - Huyện Chợ Mới - An Giang","Created":"2015-11-09T23:22:31Z","Updated":"2015-11-09T23:22:31Z","IsDelete":false,"RequestChanged":false,"ExitsInGDT":false,"SourceID":0,"TinhThanhID":0,"TinhThanhTitle":"An Giang","TinhThanhTitleAscii":"/an-giang","QuanHuyenID":0,"NganhNgheTitle":"Bán buôn gạo","NganhNgheTitleAscii":"/nganh-nghe/ban-buon-gao","DSTags":["1601884845","An Giang",null]},{"Type":11,"SolrID":"/1601879958-doanh-nghiep-tn-tiem-vang-phuoc-hung-cho-moi","ID":0,"MaSoThue":"1601879958","NgayCap":"2013-06-13T00:00:00Z","Title":"Doanh Nghiệp TN Tiệm Vàng Phước Hùng Chợ Mới","DiaChiCongTy":"Số 147, tổ 3, ấp An Bình - Xã Hòa Bình - Huyện Chợ Mới - An Giang","Created":"2015-11-09T12:36:27Z","Updated":"2015-11-09T12:36:27Z","IsDelete":false,"RequestChanged":false,"ExitsInGDT":false,"SourceID":0,"TinhThanhID":0,"TinhThanhTitle":"An Giang","TinhThanhTitleAscii":"/an-giang","QuanHuyenID":0,"NganhNgheTitle":"Bán buôn kim loại và quặng kim loại","NganhNgheTitleAscii":"/nganh-nghe/ban-buon-kim-loai-va-quang-kim-loai","DSTags":["1601879958","An Giang",null]},{"Type":11,"SolrID":"/1601878979-cong-ty-tnhh-mot-thanh-vien-ngu-phat-long","ID":0,"MaSoThue":"1601878979","NgayCap":"2013-06-07T00:00:00Z","Title":"Công Ty TNHH Một Thành Viên Ngũ Phát Long","DiaChiCongTy":"Số 447, ấp An Thuận - Xã Hòa Bình - Huyện Chợ Mới - An Giang","Created":"2015-11-11T21:14:05Z","Updated":"2015-11-11T21:14:05Z","IsDelete":false,"RequestChanged":false,"ExitsInGDT":false,"SourceID":0,"TinhThanhID":0,"TinhThanhTitle":"An Giang","TinhThanhTitleAscii":"/an-giang","QuanHuyenID":0,"NganhNgheTitle":"Bán buôn gạo","NganhNgheTitleAscii":"/nganh-nghe/ban-buon-gao","DSTags":["1601878979","An Giang",null]},{"Type":11,"SolrID":"/1601878390-doanh-nghiep-tn-tiem-vang-long-giang","ID":0,"MaSoThue":"1601878390","NgayCap":"2013-06-04T00:00:00Z","Title":"Doanh Nghiệp TN Tiệm Vàng Long Giang","DiaChiCongTy":"Số 638, tổ 19, ấp An Lương - Xã Hòa Bình - Huyện Chợ Mới - An Giang","Created":"2015-11-17T07:50:00Z","Updated":"2015-11-17T07:50:00Z","IsDelete":false,"RequestChanged":false,"ExitsInGDT":false,"SourceID":0,"TinhThanhID":0,"TinhThanhTitle":"An Giang","TinhThanhTitleAscii":"/an-giang","QuanHuyenID":0,"NganhNgheTitle":"Bán buôn kim loại và quặng kim loại","NganhNgheTitleAscii":"/nganh-nghe/ban-buon-kim-loai-va-quang-kim-loai","DSTags":["1601878390","An Giang",null]},{"Type":11,"SolrID":"/1601876763-doanh-nghiep-tn-tiem-vang-huynh-lam","ID":0,"MaSoThue":"1601876763","NgayCap":"2013-05-29T00:00:00Z","Title":"Doanh Nghiệp TN Tiệm Vàng Huỳnh Lâm","DiaChiCongTy":"Số 28, ấp An Bình - Xã Hòa Bình - Huyện Chợ Mới - An Giang","Created":"2015-11-17T08:12:13Z","Updated":"2015-11-17T08:12:13Z","IsDelete":false,"RequestChanged":false,"ExitsInGDT":false,"SourceID":0,"TinhThanhID":0,"TinhThanhTitle":"An Giang","TinhThanhTitleAscii":"/an-giang","QuanHuyenID":0,"NganhNgheTitle":"Bán buôn kim loại và quặng kim loại","NganhNgheTitleAscii":"/nganh-nghe/ban-buon-kim-loai-va-quang-kim-loai","DSTags":["1601876763","An Giang",null]},{"Type":11,"SolrID":"/1601867310-doanh-nghiep-tn-tiem-vang-thanh-thao","ID":0,"MaSoThue":"1601867310","NgayCap":"2013-03-22T00:00:00Z","Title":"Doanh Nghiệp TN Tiệm Vàng Thanh Thảo","DiaChiCongTy":"Số 234, ấp An Thuận - Xã Hòa Bình - Huyện Chợ Mới - An Giang","Created":"2015-11-19T09:04:11Z","Updated":"2015-11-19T09:04:11Z","IsDelete":false,"RequestChanged":false,"ExitsInGDT":false,"SourceID":0,"TinhThanhID":0,"TinhThanhTitle":"An Giang","TinhThanhTitleAscii":"/an-giang","QuanHuyenID":0,"NganhNgheTitle":"Bán buôn kim loại và quặng kim loại","NganhNgheTitleAscii":"/nganh-nghe/ban-buon-kim-loai-va-quang-kim-loai","DSTags":["1601867310","An Giang",null]},{"Type":11,"SolrID":"/1601866349-cong-ty-tnhh-mot-thanh-vien-phuong-nong","ID":0,"MaSoThue":"1601866349","NgayCap":"2013-03-15T00:00:00Z","Title":"Công Ty TNHH Một Thành Viên Phương Nông","DiaChiCongTy":"Số 683, ấp An Thuận - Xã Hòa Bình - Huyện Chợ Mới - An Giang","Created":"2015-11-09T20:38:18Z","Updated":"2015-11-09T20:38:18Z","IsDelete":false,"RequestChanged":false,"ExitsInGDT":false,"SourceID":0,"TinhThanhID":0,"TinhThanhTitle":"An Giang","TinhThanhTitleAscii":"/an-giang","QuanHuyenID":0,"NganhNgheTitle":"Bán buôn chuyên doanh khác chưa được phân vào đâu","NganhNgheTitleAscii":"/nganh-nghe/ban-buon-chuyen-doanh-khac-chua-duoc-phan-vao-dau","DSTags":["1601866349","An Giang",null]},{"Type":11,"SolrID":"/1600230014-008-chi-nhanh-cong-ty-cp-rau-qua-thuc-pham-an-giang-xuong-hoa-binh","ID":0,"MaSoThue":"1600230014-008","NgayCap":"2012-12-19T00:00:00Z","Title":"Chi Nhánh Công Ty CP Rau Quả Thực Phẩm An Giang - Xưởng Hòa Bình","DiaChiCongTy":"ấp An Thuận - Xã Hòa Bình - Huyện Chợ Mới - An Giang","Created":"2015-11-17T19:47:10Z","Updated":"2015-11-17T19:47:10Z","IsDelete":false,"RequestChanged":false,"ExitsInGDT":false,"SourceID":0,"TinhThanhID":0,"TinhThanhTitle":"An Giang","TinhThanhTitleAscii":"/an-giang","QuanHuyenID":0,"NganhNgheTitle":"Sản xuất thức ăn gia súc, gia cầm và thuỷ sản","NganhNgheTitleAscii":"/nganh-nghe/san-xuat-thuc-an-gia-suc-gia-cam-va-thuy-san","DSTags":["1600230014-008","An Giang",null]},{"Type":11,"SolrID":"/1601664279-cong-ty-tnhh-may-nam-hoa-binh","ID":0,"MaSoThue":"1601664279","NgayCap":"2012-02-28T00:00:00Z","Title":"Công Ty TNHH May Nam Hòa Bình","DiaChiCongTy":"ấp An Thái - Xã Hòa Bình - Huyện Chợ Mới - An Giang","Created":"2015-11-10T01:37:58Z","Updated":"2015-11-10T01:37:58Z","IsDelete":false,"RequestChanged":false,"ExitsInGDT":false,"SourceID":0,"TinhThanhID":0,"TinhThanhTitle":"An Giang","TinhThanhTitleAscii":"/an-giang","QuanHuyenID":0,"NganhNgheTitle":"May trang phục (trừ trang phục từ da lông thú)","NganhNgheTitleAscii":"/nganh-nghe/may-trang-phuc-tru-trang-phuc-tu-da-long-thu","DSTags":["1601664279","An Giang",null]},{"Type":11,"SolrID":"/1601619188-cong-ty-tnhh-mot-thanh-vien-ngoc-phuong-vy","ID":0,"MaSoThue":"1601619188","NgayCap":"2011-12-19T00:00:00Z","Title":"Công Ty TNHH Một Thành Viên Ngọc Phương Vy","DiaChiCongTy":"ấp An Thạnh - Xã Hòa Bình - Huyện Chợ Mới - An Giang","Created":"2015-11-10T01:46:09Z","Updated":"2015-11-10T01:46:09Z","IsDelete":false,"RequestChanged":false,"ExitsInGDT":false,"SourceID":0,"TinhThanhID":0,"TinhThanhTitle":"An Giang","TinhThanhTitleAscii":"/an-giang","QuanHuyenID":0,"NganhNgheTitle":"Khai khoáng khác chưa được phân vào đâu","NganhNgheTitleAscii":"/nganh-nghe/khai-khoang-khac-chua-duoc-phan-vao-dau-10612","DSTags":["1601619188","An Giang",null]},{"Type":11,"SolrID":"/1601604632-doanh-nghiep-tn-thanh-loi-2","ID":0,"MaSoThue":"1601604632","NgayCap":"2011-11-24T00:00:00Z","Title":"Doanh Nghiệp TN Thạnh Lợi 2","DiaChiCongTy":"ấp An Thạnh - Xã Hòa Bình - Huyện Chợ Mới - An Giang","Created":"2015-11-10T01:44:13Z","Updated":"2015-11-10T01:44:13Z","IsDelete":false,"RequestChanged":false,"ExitsInGDT":false,"SourceID":0,"TinhThanhID":0,"TinhThanhTitle":"An Giang","TinhThanhTitleAscii":"/an-giang","QuanHuyenID":0,"NganhNgheTitle":"Khai khoáng khác chưa được phân vào đâu","NganhNgheTitleAscii":"/nganh-nghe/khai-khoang-khac-chua-duoc-phan-vao-dau-10612","DSTags":["1601604632","An Giang",null]},{"Type":11,"SolrID":"/1601604720-cong-ty-tnhh-mot-thanh-vien-an-thuan-hoa","ID":0,"MaSoThue":"1601604720","NgayCap":"2011-11-24T00:00:00Z","Title":"Công Ty TNHH Một Thành Viên An Thuận Hòa","DiaChiCongTy":"ấp An Thuận - Xã Hòa Bình - Huyện Chợ Mới - An Giang","Created":"2015-11-10T01:37:34Z","Updated":"2015-11-10T01:37:34Z","IsDelete":false,"RequestChanged":false,"ExitsInGDT":false,"SourceID":0,"TinhThanhID":0,"TinhThanhTitle":"An Giang","TinhThanhTitleAscii":"/an-giang","QuanHuyenID":0,"NganhNgheTitle":"Khai khoáng khác chưa được phân vào đâu","NganhNgheTitleAscii":"/nganh-nghe/khai-khoang-khac-chua-duoc-phan-vao-dau-10612","DSTags":["1601604720","An Giang",null]},{"Type":11,"SolrID":"/1601582996-cong-ty-tnhh-mot-thanh-vien-xay-dung-tay-dai-duong","ID":0,"MaSoThue":"1601582996","NgayCap":"2011-10-28T00:00:00Z","Title":"Công Ty TNHH Một Thành Viên Xây Dựng Tây Đại Dương","DiaChiCongTy":"Số 547, ấp An Thuận - Xã Hòa Bình - Huyện Chợ Mới - An Giang","Created":"2015-11-10T01:44:03Z","Updated":"2015-11-10T01:44:03Z","IsDelete":false,"RequestChanged":false,"ExitsInGDT":false,"SourceID":0,"TinhThanhID":0,"TinhThanhTitle":"An Giang","TinhThanhTitleAscii":"/an-giang","QuanHuyenID":0,"NganhNgheTitle":"Xây dựng nhà các loại","NganhNgheTitleAscii":"/nganh-nghe/xay-dung-nha-cac-loai","DSTags":["1601582996","An Giang",null]},{"Type":11,"SolrID":"/1601486675-cong-ty-tnhh-mot-thanh-vien-hoang-thien-ha","ID":0,"MaSoThue":"1601486675","NgayCap":"2011-04-19T00:00:00Z","Title":"Công Ty TNHH Một Thành Viên Hoàng Thiên Hà","DiaChiCongTy":"ấp An Thạnh - Xã Hòa Bình - Huyện Chợ Mới - An Giang","Created":"2015-11-13T22:25:16Z","Updated":"2016-08-22T21:46:05Z","IsDelete":false,"RequestChanged":false,"ExitsInGDT":false,"SourceID":0,"TinhThanhID":0,"TinhThanhTitle":"An Giang","TinhThanhTitleAscii":"/an-giang","QuanHuyenID":0,"NganhNgheTitle":"Bán buôn vật liệu, thiết bị lắp đặt khác trong xây dựng","NganhNgheTitleAscii":"/nganh-nghe/ban-buon-vat-lieu-thiet-bi-lap-dat-khac-trong-xay-dung","DSTags":["1601486675","An Giang",null]},{"Type":11,"SolrID":"/1801171841-011-van-phong-dai-dien-cong-ty-tnhh-truyen-thong-online","ID":0,"MaSoThue":"1801171841-011","NgayCap":"2011-04-16T00:00:00Z","Title":"Văn Phòng Đại Diện Công Ty TNHH Truyền Thông Online","DiaChiCongTy":"Số 849, ấp An Thuận - Xã Hòa Bình - Huyện Chợ Mới - An Giang","Created":"2015-11-18T14:44:58Z","Updated":"2015-11-18T14:44:58Z","IsDelete":false,"RequestChanged":false,"ExitsInGDT":false,"SourceID":0,"TinhThanhID":0,"TinhThanhTitle":"An Giang","TinhThanhTitleAscii":"/an-giang","QuanHuyenID":0,"NganhNgheTitle":"Bán buôn máy vi tính, thiết bị ngoại vi và phần mềm","NganhNgheTitleAscii":"/nganh-nghe/ban-buon-may-vi-tinh-thiet-bi-ngoai-vi-va-phan-mem","DSTags":["1801171841-011","An Giang",null]},{"Type":11,"SolrID":"/1601461342-doanh-nghiep-tn-cao-van-vien","ID":0,"MaSoThue":"1601461342","NgayCap":"2011-03-07T00:00:00Z","Title":"Doanh Nghiệp TN Cao Văn Viển","DiaChiCongTy":"Số 296, tổ 10, ấp An Quới - Xã Hòa Bình - Huyện Chợ Mới - An Giang","Created":"2015-11-16T20:46:15Z","Updated":"2015-11-16T20:46:15Z","IsDelete":false,"RequestChanged":false,"ExitsInGDT":false,"SourceID":0,"TinhThanhID":0,"TinhThanhTitle":"An Giang","TinhThanhTitleAscii":"/an-giang","QuanHuyenID":0,"NganhNgheTitle":"Xây dựng công trình kỹ thuật dân dụng khác","NganhNgheTitleAscii":"/nganh-nghe/xay-dung-cong-trinh-ky-thuat-dan-dung-khac","DSTags":["1601461342","An Giang",null]},{"Type":11,"SolrID":"/1601437886-cong-ty-tnhh-mot-thanh-vien-phuc-thanh","ID":0,"MaSoThue":"1601437886","NgayCap":"2010-12-23T00:00:00Z","Title":"Công Ty TNHH Một Thành Viên Phúc Thành","DiaChiCongTy":"Số 636, tổ 21, ấp An Thuận - Xã Hòa Bình - Huyện Chợ Mới - An Giang","Created":"2015-11-10T01:41:22Z","Updated":"2015-11-10T01:41:22Z","IsDelete":false,"RequestChanged":false,"ExitsInGDT":false,"SourceID":0,"TinhThanhID":0,"TinhThanhTitle":"An Giang","TinhThanhTitleAscii":"/an-giang","QuanHuyenID":0,"NganhNgheTitle":"Vận tải hàng hóa đường thuỷ nội địa","NganhNgheTitleAscii":"/nganh-nghe/van-tai-hang-hoa-duong-thuy-noi-dia","DSTags":["1601437886","An Giang",null]},{"Type":11,"SolrID":"/1801041497-002-chi-nhanh-an-giang-cong-ty-co-phan-che-bien-va-kinh-doanh-luong-thuc-viet-thanh","ID":0,"MaSoThue":"1801041497-002","NgayCap":"2010-12-20T00:00:00Z","Title":"Chi Nhánh An Giang - Công Ty Cổ Phần Chế Biến Và Kinh Doanh Lương Thực  Việt Thành","DiaChiCongTy":"ấp An Thạnh - Xã Hòa Bình - Huyện Chợ Mới - An Giang","Created":"2015-11-10T01:42:11Z","Updated":"2015-11-10T01:42:11Z","IsDelete":false,"RequestChanged":false,"ExitsInGDT":false,"SourceID":0,"TinhThanhID":0,"TinhThanhTitle":"An Giang","TinhThanhTitleAscii":"/an-giang","QuanHuyenID":0,"NganhNgheTitle":"Bán buôn gạo","NganhNgheTitleAscii":"/nganh-nghe/ban-buon-gao","DSTags":["1801041497-002","An Giang",null]},{"Type":11,"SolrID":"/1800782407-001-chi-nhanh-an-giang-cong-ty-co-phan-hiep-loi","ID":0,"MaSoThue":"1800782407-001","NgayCap":"2010-12-20T00:00:00Z","Title":"Chi Nhánh An Giang - Công Ty Cổ Phần Hiệp Lợi","DiaChiCongTy":"ấp An Thạnh - Xã Hòa Bình - Huyện Chợ Mới - An Giang","Created":"2015-11-10T01:39:40Z","Updated":"2015-11-10T01:39:40Z","IsDelete":false,"RequestChanged":false,"ExitsInGDT":false,"SourceID":0,"TinhThanhID":0,"TinhThanhTitle":"An Giang","TinhThanhTitleAscii":"/an-giang","QuanHuyenID":0,"NganhNgheTitle":"Bán buôn gạo","NganhNgheTitleAscii":"/nganh-nghe/ban-buon-gao","DSTags":["1800782407-001","An Giang",null]},{"Type":11,"SolrID":"/1601431267-cong-ty-tnhh-mot-thanh-vien-xuat-nhap-khau-hung-anh","ID":0,"MaSoThue":"1601431267","NgayCap":"2010-12-13T00:00:00Z","Title":"Công Ty TNHH Một Thành Viên Xuất Nhập Khẩu Hùng Anh","DiaChiCongTy":"ấp An Thạnh - Xã Hòa Bình - Huyện Chợ Mới - An Giang","Created":"2015-11-10T01:40:53Z","Updated":"2015-11-10T01:40:53Z","IsDelete":false,"RequestChanged":false,"ExitsInGDT":false,"SourceID":0,"TinhThanhID":0,"TinhThanhTitle":"An Giang","TinhThanhTitleAscii":"/an-giang","QuanHuyenID":0,"NganhNgheTitle":"Bán buôn nông, lâm sản nguyên liệu (trừ gỗ, tre, nứa) và động vật sống","NganhNgheTitleAscii":"/nganh-nghe/ban-buon-nong-lam-san-nguyen-lieu-tru-go-tre-nua-va-dong-vat-song","DSTags":["1601431267","An Giang",null]},{"Type":11,"SolrID":"/1601310583-doanh-nghiep-tn-hai-vien","ID":0,"MaSoThue":"1601310583","NgayCap":"2010-03-17T00:00:00Z","Title":"Doanh Nghiệp TN Hải Viên","DiaChiCongTy":"ấp An Thạnh - Xã Hòa Bình - Huyện Chợ Mới - An Giang","Created":"2015-11-09T03:42:51Z","Updated":"2015-11-09T03:42:51Z","IsDelete":false,"RequestChanged":false,"ExitsInGDT":false,"SourceID":0,"TinhThanhID":0,"TinhThanhTitle":"An Giang","TinhThanhTitleAscii":"/an-giang","QuanHuyenID":0,"NganhNgheTitle":"Bán buôn nhiên liệu rắn, lỏng, khí và các sản phẩm liên quan","NganhNgheTitleAscii":"/nganh-nghe/ban-buon-nhien-lieu-ran-long-khi-va-cac-san-pham-lien-quan","DSTags":["1601310583","An Giang",null]},{"Type":11,"SolrID":"/1601254096-cong-ty-tnhh-sx-tm-dv-phuc-dai-loi","ID":0,"MaSoThue":"1601254096","NgayCap":"2009-12-11T00:00:00Z","Title":"Công Ty TNHH Sx-Tm-Dv Phúc Đại Lợi","DiaChiCongTy":"Số 604, ấp An lương - Xã Hòa Bình - Huyện Chợ Mới - An Giang","Created":"2015-11-10T01:45:40Z","Updated":"2015-11-10T01:45:40Z","IsDelete":false,"RequestChanged":false,"ExitsInGDT":false,"SourceID":0,"TinhThanhID":0,"TinhThanhTitle":"An Giang","TinhThanhTitleAscii":"/an-giang","QuanHuyenID":0,"NganhNgheTitle":"Khai khoáng khác chưa được phân vào đâu","NganhNgheTitleAscii":"/nganh-nghe/khai-khoang-khac-chua-duoc-phan-vao-dau-10612","DSTags":["1601254096","An Giang",null]},{"Type":11,"SolrID":"/1601244997-cong-ty-tnhh-xay-dung-168","ID":0,"MaSoThue":"1601244997","NgayCap":"2009-12-07T00:00:00Z","Title":"Công Ty TNHH Xây Dựng 168","DiaChiCongTy":"Số 817, ấp An Thuận - Xã Hòa Bình - Huyện Chợ Mới - An Giang","Created":"2015-11-09T10:40:36Z","Updated":"2015-11-09T10:40:36Z","IsDelete":false,"RequestChanged":false,"ExitsInGDT":false,"SourceID":0,"TinhThanhID":0,"TinhThanhTitle":"An Giang","TinhThanhTitleAscii":"/an-giang","QuanHuyenID":0,"NganhNgheTitle":"Xây dựng công trình kỹ thuật dân dụng","NganhNgheTitleAscii":"/nganh-nghe/xay-dung-cong-trinh-ky-thuat-dan-dung","DSTags":["1601244997","An Giang",null]},{"Type":11,"SolrID":"/1601199776-cong-ty-tnhh-mot-thanh-vien-xay-dung-thuong-mai-van-tai-xuat-nhap-khau-thanh-hoa","ID":0,"MaSoThue":"1601199776","NgayCap":"2009-07-27T00:00:00Z","Title":"Công Ty TNHH Một Thành Viên Xây Dựng Thương Mại Vận Tải Xuất Nhập Khẩu Thành Hoà","DiaChiCongTy":"Số 106, Tổ 4, ấp An Thái - Xã Hòa Bình - Huyện Chợ Mới - An Giang","Created":"2015-11-10T00:03:23Z","Updated":"2015-11-10T00:03:23Z","IsDelete":false,"RequestChanged":false,"ExitsInGDT":false,"SourceID":0,"TinhThanhID":0,"TinhThanhTitle":"An Giang","TinhThanhTitleAscii":"/an-giang","QuanHuyenID":0,"NganhNgheTitle":"Chuẩn bị mặt bằng","NganhNgheTitleAscii":"/nganh-nghe/chuan-bi-mat-bang","DSTags":["1601199776","An Giang",null]},{"Type":11,"SolrID":"/1601018525-cong-ty-tnhh-tm-dv-minh-an","ID":0,"MaSoThue":"1601018525","NgayCap":"2009-01-09T00:00:00Z","Title":"Công Ty TNHH Tm-Dv Minh An","DiaChiCongTy":"ấp An Thuận - Xã Hòa Bình - Huyện Chợ Mới - An Giang","Created":"2015-11-09T05:24:55Z","Updated":"2015-11-09T05:24:55Z","IsDelete":false,"RequestChanged":false,"ExitsInGDT":false,"SourceID":0,"TinhThanhID":0,"TinhThanhTitle":"An Giang","TinhThanhTitleAscii":"/an-giang","QuanHuyenID":0,"NganhNgheTitle":"Bán lẻ nhiên liệu động cơ trong các cửa hàng chuyên doanh","NganhNgheTitleAscii":"/nganh-nghe/ban-le-nhien-lieu-dong-co-trong-cac-cua-hang-chuyen-doanh","DSTags":["1601018525","An Giang",null]},{"Type":11,"SolrID":"/4100259042-016-chi-nhanh-cong-ty-co-phan-luong-thuc-binh-dinh-xi-nghiep-che-bien-luong-thuc-xuat-khau-hoa-binh","ID":0,"MaSoThue":"4100259042-016","NgayCap":"2009-01-03T00:00:00Z","Title":"Chi Nhánh Công Ty Cổ Phần Lương Thực  Bình Định - Xí Nghiệp Chế Biến Lương Thực Xuất Khầu Hòa Bình","DiaChiCongTy":"ấp An Thái - Xã Hòa Bình - Huyện Chợ Mới - An Giang","Created":"2015-11-09T00:25:15Z","Updated":"2015-11-09T00:25:15Z","IsDelete":false,"RequestChanged":false,"ExitsInGDT":false,"SourceID":0,"TinhThanhID":0,"TinhThanhTitle":"An Giang","TinhThanhTitleAscii":"/an-giang","QuanHuyenID":0,"NganhNgheTitle":"Bán buôn gạo","NganhNgheTitleAscii":"/nganh-nghe/ban-buon-gao","DSTags":["4100259042-016","An Giang",null]},{"Type":11,"SolrID":"/1600988062-cong-ty-tnhh-mot-thanh-vien-xuat-nhap-khau-luong-thuc-ha-an-phat","ID":0,"MaSoThue":"1600988062","NgayCap":"2008-11-24T00:00:00Z","Title":"Công Ty TNHH Một Thành Viên Xuất Nhập Khẩu Lương Thực Hà An Phát","DiaChiCongTy":"ấp An Thái - Xã Hòa Bình - Huyện Chợ Mới - An Giang","Created":"2015-11-09T18:14:41Z","Updated":"2015-11-09T18:14:41Z","IsDelete":false,"RequestChanged":false,"ExitsInGDT":false,"SourceID":0,"TinhThanhID":0,"TinhThanhTitle":"An Giang","TinhThanhTitleAscii":"/an-giang","QuanHuyenID":0,"NganhNgheTitle":"Bán buôn nông, lâm sản nguyên liệu (trừ gỗ, tre, nứa) và động vật sống","NganhNgheTitleAscii":"/nganh-nghe/ban-buon-nong-lam-san-nguyen-lieu-tru-go-tre-nua-va-dong-vat-song","DSTags":["1600988062","An Giang",null]},{"Type":11,"SolrID":"/1600896407-dntn-thien-phat","ID":0,"MaSoThue":"1600896407","NgayCap":"2007-07-10T00:00:00Z","Title":"DNTN Thiên Phát","DiaChiCongTy":"ấp An Thuận, xã Hòa Bình - Huyện Chợ Mới - An Giang","Created":"2015-11-11T12:03:20Z","Updated":"2015-11-11T12:03:20Z","IsDelete":false,"RequestChanged":false,"ExitsInGDT":false,"SourceID":0,"TinhThanhID":0,"TinhThanhTitle":"An Giang","TinhThanhTitleAscii":"/an-giang","QuanHuyenID":0,"NganhNgheTitle":"Khai thác, nuôi trồng thuỷ sản","NganhNgheTitleAscii":"/nganh-nghe/khai-thac-nuoi-trong-thuy-san","DSTags":["1600896407","An Giang",null]},{"Type":11,"SolrID":"/1600872759-cong-ty-tnhh-sx-dv-thuong-mai-xnk-hoa-loc","ID":0,"MaSoThue":"1600872759","NgayCap":"2007-01-26T00:00:00Z","Title":"Công ty TNHH SX - DV - Thương Mại - XNK Hòa Lộc","DiaChiCongTy":"ấp An Thái, xã Hòa Bình - Huyện Chợ Mới - An Giang","Created":"2015-11-14T05:05:45Z","Updated":"2015-11-14T05:05:45Z","IsDelete":false,"RequestChanged":false,"ExitsInGDT":false,"SourceID":0,"TinhThanhID":0,"TinhThanhTitle":"An Giang","TinhThanhTitleAscii":"/an-giang","QuanHuyenID":0,"NganhNgheTitle":"Bán buôn (trừ ô tô, mô tô, xe máy và xe có động cơ khác)","NganhNgheTitleAscii":"/nganh-nghe/ban-buon-tru-o-to-mo-to-xe-may-va-xe-co-dong-co-khac","DSTags":["1600872759","An Giang",null]},{"Type":11,"SolrID":"/1600776660-001-chi-nhanh-cong-ty-tnhh-phong-kham-da-khoa-duy-tan-co-so-ii","ID":0,"MaSoThue":"1600776660-001","NgayCap":"2007-01-11T00:00:00Z","Title":"Chi Nhánh Công Ty TNHH Phòng Khám Đa Khoa Duy Tân - Cơ Sở Ii","DiaChiCongTy":"Sô� 999, â�p An ThuâÊn - Xã Hòa Bình - Huyện Chợ Mới - An Giang","Created":"2015-11-11T01:36:54Z","Updated":"2015-11-11T01:36:54Z","IsDelete":false,"RequestChanged":false,"ExitsInGDT":false,"SourceID":0,"TinhThanhID":0,"TinhThanhTitle":"An Giang","TinhThanhTitleAscii":"/an-giang","QuanHuyenID":0,"NganhNgheTitle":"Hoạt động của các phòng khám đa khoa, chuyên khoa và nha khoa","NganhNgheTitleAscii":"/nganh-nghe/hoat-dong-cua-cac-phong-kham-da-khoa-chuyen-khoa-va-nha-khoa","DSTags":["1600776660-001","An Giang",null]},{"Type":11,"SolrID":"/1600149934-doanh-nghiep-tn-phuoc-thanh-2","ID":0,"MaSoThue":"1600149934","NgayCap":"2004-08-16T00:00:00Z","Title":"Doanh Nghiệp TN Phước Thành 2","DiaChiCongTy":"ấp an Quới - Xã Hòa Bình - Huyện Chợ Mới - An Giang","Created":"2015-11-10T01:44:14Z","Updated":"2015-11-10T01:44:14Z","IsDelete":false,"RequestChanged":false,"ExitsInGDT":false,"SourceID":0,"TinhThanhID":0,"TinhThanhTitle":"An Giang","TinhThanhTitleAscii":"/an-giang","QuanHuyenID":0,"NganhNgheTitle":"Khai khoáng khác chưa được phân vào đâu","NganhNgheTitleAscii":"/nganh-nghe/khai-khoang-khac-chua-duoc-phan-vao-dau-10612","DSTags":["1600149934","An Giang",null]},{"Type":11,"SolrID":"/1600690364-truong-thpt-vo-thanh-trinh","ID":0,"MaSoThue":"1600690364","NgayCap":"2004-04-05T00:00:00Z","Title":"Trường THPT Võ Thành Trinh","DiaChiCongTy":"ấp An Thuận - Xã Hòa Bình - Huyện Chợ Mới - An Giang","Created":"2015-11-16T16:01:46Z","Updated":"2015-11-16T16:01:46Z","IsDelete":false,"RequestChanged":false,"ExitsInGDT":false,"SourceID":0,"TinhThanhID":0,"TinhThanhTitle":"An Giang","TinhThanhTitleAscii":"/an-giang","QuanHuyenID":0,"NganhNgheTitle":"Giáo dục trung học cơ sở và trung học phổ thông","NganhNgheTitleAscii":"/nganh-nghe/giao-duc-trung-hoc-co-so-va-trung-hoc-pho-thong","DSTags":["1600690364","An Giang",null]},{"Type":11,"SolrID":"/1600681521-cong-ty-tnhh-vinh-loi","ID":0,"MaSoThue":"1600681521","NgayCap":"2004-02-17T00:00:00Z","Title":"Công Ty TNHH Vĩnh Lợi","DiaChiCongTy":"129 ấp An Thuận, xã Hoà Bình - Huyện Chợ Mới - An Giang","Created":"2015-11-13T22:54:14Z","Updated":"2015-11-13T22:54:14Z","IsDelete":false,"RequestChanged":false,"ExitsInGDT":false,"SourceID":0,"TinhThanhID":0,"TinhThanhTitle":"An Giang","TinhThanhTitleAscii":"/an-giang","QuanHuyenID":0,"NganhNgheTitle":"Sản xuất bê tông và các sản phẩm từ xi măng và thạch cao","NganhNgheTitleAscii":"/nganh-nghe/san-xuat-be-tong-va-cac-san-pham-tu-xi-mang-va-thach-cao","DSTags":["1600681521","An Giang",null]},{"Type":11,"SolrID":"/1600382955-001-chi-nhanh-doanh-nghiep-tn-thanh-loi-cua-hang-xang-dau-thanh-loi","ID":0,"MaSoThue":"1600382955-001","NgayCap":"2004-02-03T00:00:00Z","Title":"Chi Nhánh Doanh Nghiệp TN Thạnh Lợi - Cửa Hàng Xăng Dầu Thạnh Lợi","DiaChiCongTy":"Tổ 2, ấp An Bình - Xã Hòa Bình - Huyện Chợ Mới - An Giang","Created":"2015-11-17T19:51:48Z","Updated":"2015-11-17T19:51:48Z","IsDelete":false,"RequestChanged":false,"ExitsInGDT":false,"SourceID":0,"TinhThanhID":0,"TinhThanhTitle":"An Giang","TinhThanhTitleAscii":"/an-giang","QuanHuyenID":0,"NganhNgheTitle":"Bán buôn nhiên liệu rắn, lỏng, khí và các sản phẩm liên quan","NganhNgheTitleAscii":"/nganh-nghe/ban-buon-nhien-lieu-ran-long-khi-va-cac-san-pham-lien-quan","DSTags":["1600382955-001","An Giang",null]},{"Type":11,"SolrID":"/1600679307-cong-ty-tnhh-thuong-mai-xay-dung-hoang-gia","ID":0,"MaSoThue":"1600679307","NgayCap":"2004-01-28T00:00:00Z","Title":"Công Ty TNHH Thương Mai- Xây Dựng Hoàng Gia","DiaChiCongTy":"806 ấp An Thuận, xã Hoà Bình - Huyện Chợ Mới - An Giang","Created":"2015-11-14T04:56:42Z","Updated":"2015-11-14T04:56:42Z","IsDelete":false,"RequestChanged":false,"ExitsInGDT":false,"SourceID":0,"TinhThanhID":0,"TinhThanhTitle":"An Giang","TinhThanhTitleAscii":"/an-giang","QuanHuyenID":0,"NganhNgheTitle":"Xây dựng công trình kỹ thuật dân dụng","NganhNgheTitleAscii":"/nganh-nghe/xay-dung-cong-trinh-ky-thuat-dan-dung","DSTags":["1600679307","An Giang",null]},{"Type":11,"SolrID":"/1600131528-doanh-nghiep-tn-cuong-thinh","ID":0,"MaSoThue":"1600131528","NgayCap":"2004-01-16T00:00:00Z","Title":"Doanh Nghiệp TN Cường Thịnh","DiaChiCongTy":"ấp An Qưới - Xã Hòa Bình - Huyện Chợ Mới - An Giang","Created":"2015-11-17T04:51:27Z","Updated":"2015-11-17T04:51:27Z","IsDelete":false,"RequestChanged":false,"ExitsInGDT":false,"SourceID":0,"TinhThanhID":0,"TinhThanhTitle":"An Giang","TinhThanhTitleAscii":"/an-giang","QuanHuyenID":0,"NganhNgheTitle":"Bán buôn nhiên liệu rắn, lỏng, khí và các sản phẩm liên quan","NganhNgheTitleAscii":"/nganh-nghe/ban-buon-nhien-lieu-ran-long-khi-va-cac-san-pham-lien-quan","DSTags":["1600131528","An Giang",null]},{"Type":11,"SolrID":"/1600133532-doanh-nghiep-tn-chin-phuong","ID":0,"MaSoThue":"1600133532","NgayCap":"2004-01-16T00:00:00Z","Title":"Doanh Nghiệp TN Chín Phương","DiaChiCongTy":"ấp An Thuận - Xã Hòa Bình - Huyện Chợ Mới - An Giang","Created":"2015-11-17T04:51:59Z","Updated":"2015-11-17T04:51:59Z","IsDelete":false,"RequestChanged":false,"ExitsInGDT":false,"SourceID":0,"TinhThanhID":0,"TinhThanhTitle":"An Giang","TinhThanhTitleAscii":"/an-giang","QuanHuyenID":0,"NganhNgheTitle":"Bán buôn nhiên liệu rắn, lỏng, khí và các sản phẩm liên quan","NganhNgheTitleAscii":"/nganh-nghe/ban-buon-nhien-lieu-ran-long-khi-va-cac-san-pham-lien-quan","DSTags":["1600133532","An Giang",null]},{"Type":11,"SolrID":"/1600557281-cty-tnhh-xay-dung-duc-phat","ID":0,"MaSoThue":"1600557281","NgayCap":"2001-02-18T00:00:00Z","Title":"CTy TNHH Xây dựng Đức Phát","DiaChiCongTy":"ấp An Thuận, xã Hoà Bình - Huyện Chợ Mới - An Giang","Created":"2015-11-12T06:14:38Z","Updated":"2015-11-12T06:14:38Z","IsDelete":false,"RequestChanged":false,"ExitsInGDT":false,"SourceID":0,"TinhThanhID":0,"TinhThanhTitle":"An Giang","TinhThanhTitleAscii":"/an-giang","QuanHuyenID":0,"NganhNgheTitle":"Xây dựng công trình kỹ thuật dân dụng","NganhNgheTitleAscii":"/nganh-nghe/xay-dung-cong-trinh-ky-thuat-dan-dung","DSTags":["1600557281","An Giang",null]},{"Type":11,"SolrID":"/1600365773-006-truong-trung-hoc-co-so-hoa-binh","ID":0,"MaSoThue":"1600365773-006","NgayCap":"1998-11-24T00:00:00Z","Title":"Trường Trung học cơ sở Hoà Bình","DiaChiCongTy":"ấp An Lương, xã Hoà Bình - Huyện Chợ Mới - An Giang","Created":"2015-11-17T19:48:03Z","Updated":"2015-11-17T19:48:03Z","IsDelete":false,"RequestChanged":false,"ExitsInGDT":false,"SourceID":0,"TinhThanhID":0,"TinhThanhTitle":"An Giang","TinhThanhTitleAscii":"/an-giang","QuanHuyenID":0,"NganhNgheTitle":"Giáo dục tiểu học","NganhNgheTitleAscii":"/nganh-nghe/giao-duc-tieu-hoc","DSTags":["1600365773-006","An Giang",null]},{"Type":11,"SolrID":"/1600366103-016-truong-mau-giao-hoa-binh","ID":0,"MaSoThue":"1600366103-016","NgayCap":"1998-11-24T00:00:00Z","Title":"Trường Mẫu giáo Hoà Bình","DiaChiCongTy":"ấp An Thái, Xã Hoà Bình - Huyện Chợ Mới - An Giang","Created":"2015-11-17T19:48:29Z","Updated":"2015-11-17T19:48:29Z","IsDelete":false,"RequestChanged":false,"ExitsInGDT":false,"SourceID":0,"TinhThanhID":0,"TinhThanhTitle":"An Giang","TinhThanhTitleAscii":"/an-giang","QuanHuyenID":0,"NganhNgheTitle":"Giáo dục mầm non","NganhNgheTitleAscii":"/nganh-nghe/giao-duc-mam-non","DSTags":["1600366103-016","An Giang",null]},{"Type":11,"SolrID":"/1600366103-067-truong-tieu-hoc-a-hoa-binh","ID":0,"MaSoThue":"1600366103-067","NgayCap":"1998-11-24T00:00:00Z","Title":"Trường Tiểu học \"A\"  Hoà Bình","DiaChiCongTy":"ấp An Thái, Xã Hoà Bình - Huyện Chợ Mới - An Giang","Created":"2015-11-17T19:49:16Z","Updated":"2015-11-17T19:49:16Z","IsDelete":false,"RequestChanged":false,"ExitsInGDT":false,"SourceID":0,"TinhThanhID":0,"TinhThanhTitle":"An Giang","TinhThanhTitleAscii":"/an-giang","QuanHuyenID":0,"NganhNgheTitle":"Giáo dục tiểu học","NganhNgheTitleAscii":"/nganh-nghe/giao-duc-tieu-hoc","DSTags":["1600366103-067","An Giang",null]},{"Type":11,"SolrID":"/1600366103-068-truong-tieu-hoc-b-hoa-binh","ID":0,"MaSoThue":"1600366103-068","NgayCap":"1998-11-24T00:00:00Z","Title":"Trường Tiểu học \"B\" Hoà Bình","DiaChiCongTy":"ấp An Bình, Xã Hoà Bình - Huyện Chợ Mới - An Giang","Created":"2015-11-17T19:49:17Z","Updated":"2015-11-17T19:49:17Z","IsDelete":false,"RequestChanged":false,"ExitsInGDT":false,"SourceID":0,"TinhThanhID":0,"TinhThanhTitle":"An Giang","TinhThanhTitleAscii":"/an-giang","QuanHuyenID":0,"NganhNgheTitle":"Giáo dục tiểu học","NganhNgheTitleAscii":"/nganh-nghe/giao-duc-tieu-hoc","DSTags":["1600366103-068","An Giang",null]},{"Type":11,"SolrID":"/1600366417-ubnd-xa-hoa-binh","ID":0,"MaSoThue":"1600366417","NgayCap":"1998-10-31T00:00:00Z","Title":"UBND xã Hòa Bình","DiaChiCongTy":"ấp An Lương, xã Hoà Bình - Huyện Chợ Mới - An Giang","Created":"2015-11-14T17:24:15Z","Updated":"2015-11-14T17:24:15Z","IsDelete":false,"RequestChanged":false,"ExitsInGDT":false,"SourceID":0,"TinhThanhID":0,"TinhThanhTitle":"An Giang","TinhThanhTitleAscii":"/an-giang","QuanHuyenID":0,"NganhNgheTitle":"Hoạt động quản lý nhà nước nói chung và kinh tế tổng hợp","NganhNgheTitleAscii":"/nganh-nghe/hoat-dong-quan-ly-nha-nuoc-noi-chung-va-kinh-te-tong-hop","DSTags":["1600366417","An Giang",null]},{"Type":11,"SolrID":"/1600152415-doanh-nghiep-tn-phuoc-chung","ID":0,"MaSoThue":"1600152415","NgayCap":"1998-09-18T00:00:00Z","Title":"Doanh Nghiệp TN Phước Chung","DiaChiCongTy":"ấP An Thạnh - Xã Hòa Bình - Huyện Chợ Mới - An Giang","Created":"2015-11-09T18:06:35Z","Updated":"2015-11-09T18:06:35Z","IsDelete":false,"RequestChanged":false,"ExitsInGDT":false,"SourceID":0,"TinhThanhID":0,"TinhThanhTitle":"An Giang","TinhThanhTitleAscii":"/an-giang","QuanHuyenID":0,"NganhNgheTitle":"Bán buôn nông, lâm sản nguyên liệu (trừ gỗ, tre, nứa) và động vật sống","NganhNgheTitleAscii":"/nganh-nghe/ban-buon-nong-lam-san-nguyen-lieu-tru-go-tre-nua-va-dong-vat-song","DSTags":["1600152415","An Giang",null]},{"Type":11,"SolrID":"/1600152479-doanh-nghiep-tn-ut-tai","ID":0,"MaSoThue":"1600152479","NgayCap":"1998-09-18T00:00:00Z","Title":"Doanh Nghiệp TN út Tài","DiaChiCongTy":"ấp An Quới - Xã Hòa Bình - Huyện Chợ Mới - An Giang","Created":"2015-11-09T05:00:55Z","Updated":"2015-11-09T05:00:55Z","IsDelete":false,"RequestChanged":false,"ExitsInGDT":false,"SourceID":0,"TinhThanhID":0,"TinhThanhTitle":"An Giang","TinhThanhTitleAscii":"/an-giang","QuanHuyenID":0,"NganhNgheTitle":"Khai khoáng khác chưa được phân vào đâu","NganhNgheTitleAscii":"/nganh-nghe/khai-khoang-khac-chua-duoc-phan-vao-dau-10612","DSTags":["1600152479","An Giang",null]},{"Type":11,"SolrID":"/1600149155-dntn-an-hoa","ID":0,"MaSoThue":"1600149155","NgayCap":"1998-09-18T00:00:00Z","Title":"DNTN An Hoà","DiaChiCongTy":"ấp An Bình, xã Hòa Bình - Huyện Chợ Mới - An Giang","Created":"2015-11-14T18:02:48Z","Updated":"2015-11-14T18:02:48Z","IsDelete":false,"RequestChanged":false,"ExitsInGDT":false,"SourceID":0,"TinhThanhID":0,"TinhThanhTitle":"An Giang","TinhThanhTitleAscii":"/an-giang","QuanHuyenID":0,"NganhNgheTitle":"Khai khoáng khác chưa được phân vào đâu","NganhNgheTitleAscii":"/nganh-nghe/khai-khoang-khac-chua-duoc-phan-vao-dau-10612","DSTags":["1600149155","An Giang",null]}]}