{"ID":4385,"SolrID":"/an-giang/huyen-cho-moi/xa-kien-thanh","Title":"Xã Kiến Thành","TinhThanhTitle":"An Giang","QuanHuyenTitle":"Huyện Chợ Mới","QuanHuyenID":489,"TinhThanhID":35,"Url":"https://thongtindoanhnghiep.co/api/company?l=/an-giang/huyen-cho-moi/xa-kien-thanh","Total":31,"List":[{"Type":11,"SolrID":"/1602037873-cong-ty-tnhh-cong-nghe-phuc-thanh-nhan","ID":0,"MaSoThue":"1602037873","NgayCap":"2017-04-11T00:00:00Z","Title":"Công Ty TNHH Công Nghệ Phúc Thành Nhân","DiaChiCongTy":"Số 67, Ấp Phú Hạ 2, Xã Kiến Thành, Huyện Chợ Mới, Tỉnh An Giang","Created":"2017-04-11T18:10:44Z","Updated":"2017-04-11T18:10:44Z","IsDelete":false,"RequestChanged":false,"ExitsInGDT":false,"SourceID":0,"TinhThanhID":0,"TinhThanhTitle":"An Giang","TinhThanhTitleAscii":"/an-giang","QuanHuyenID":0,"NganhNgheTitle":"Bán buôn thiết bị và linh kiện điện tử, viễn thông","NganhNgheTitleAscii":"/nganh-nghe/ban-buon-thiet-bi-va-linh-kien-dien-tu-vien-thong","DSTags":["1602037873","An Giang",null]},{"Type":11,"SolrID":"/1602035354-doanh-nghiep-tn-huy-phong-kien-thanh","ID":0,"MaSoThue":"1602035354","NgayCap":"2017-03-11T00:00:00Z","Title":"Doanh Nghiệp Tn Huy Phong Kiến Thành","DiaChiCongTy":"Tổ 02, Ấp Kiến Hưng 1, Xã Kiến Thành, Huyện Chợ Mới, Tỉnh An Giang","Created":"2017-03-11T09:37:39Z","Updated":"2017-03-11T09:37:39Z","IsDelete":false,"RequestChanged":false,"ExitsInGDT":false,"SourceID":0,"TinhThanhID":0,"TinhThanhTitle":"An Giang","TinhThanhTitleAscii":"/an-giang","QuanHuyenID":0,"NganhNgheTitle":"Bán buôn kim loại và quặng kim loại","NganhNgheTitleAscii":"/nganh-nghe/ban-buon-kim-loai-va-quang-kim-loai","DSTags":["1602035354","An Giang",null]},{"Type":11,"SolrID":"/1602018729-cong-ty-tnhh-mot-thanh-vien-minh-nhut-computer","ID":0,"MaSoThue":"1602018729","NgayCap":"2016-09-13T00:00:00Z","Title":"Công Ty TNHH Một Thành Viên Minh Nhựt Computer","DiaChiCongTy":"Số 397, ấp Kiến Thuận 1 - Xã Kiến Thành - Huyện Chợ Mới - An Giang","Created":"2016-09-16T15:31:32Z","Updated":"2016-09-16T15:31:32Z","IsDelete":false,"RequestChanged":false,"ExitsInGDT":false,"SourceID":0,"TinhThanhID":0,"TinhThanhTitle":"An Giang","TinhThanhTitleAscii":"/an-giang","QuanHuyenID":0,"DSTags":["1602018729","An Giang",null]},{"Type":11,"SolrID":"/1602012773-cong-ty-tnhh-mot-thanh-vien-tu-van-xay-dung-dong-binh","ID":0,"MaSoThue":"1602012773","NgayCap":"2016-06-21T00:00:00Z","Title":"Công Ty TNHH Một Thành Viên Tư Vấn Xây Dựng Đông Bình","DiaChiCongTy":"Số 678, ấp Kiến Thuận 2 - Xã Kiến Thành - Huyện Chợ Mới - An Giang","Created":"2016-06-24T08:12:43Z","Updated":"2016-06-24T08:12:43Z","IsDelete":false,"RequestChanged":false,"ExitsInGDT":false,"SourceID":0,"TinhThanhID":0,"TinhThanhTitle":"An Giang","TinhThanhTitleAscii":"/an-giang","QuanHuyenID":0,"NganhNgheTitle":"Xây dựng nhà các loại","NganhNgheTitleAscii":"/nganh-nghe/xay-dung-nha-cac-loai","DSTags":["1602012773","An Giang",null]},{"Type":11,"SolrID":"/1602012660-cong-ty-tnhh-mot-thanh-vien-tu-van-xay-dung-huynh-tu","ID":0,"MaSoThue":"1602012660","NgayCap":"2016-06-20T00:00:00Z","Title":"Công Ty TNHH Một Thành Viên Tư Vấn - Xây Dựng Huỳnh Tú","DiaChiCongTy":"Ấp Kiến Hưng 2, Xã Kiến Thành, Huyện Chợ Mới, Tỉnh An Giang","Created":"2016-06-22T16:48:44Z","Updated":"2021-01-05T14:10:28Z","IsDelete":false,"RequestChanged":false,"ExitsInGDT":false,"SourceID":0,"TinhThanhID":0,"TinhThanhTitle":"An Giang","TinhThanhTitleAscii":"/an-giang","QuanHuyenID":0,"NganhNgheTitle":"Xây dựng công trình đường sắt và đường bộ","NganhNgheTitleAscii":"/nganh-nghe/xay-dung-cong-trinh-duong-sat-va-duong-bo","DSTags":["1602012660","An Giang",null]},{"Type":11,"SolrID":"/1601897308-003-van-phong-dai-dien-cong-ty-tnhh-mot-thanh-vien-le-bao-toan-tai-cho-moi","ID":0,"MaSoThue":"1601897308-003","NgayCap":"2016-01-13T00:00:00Z","Title":"Văn Phòng Đại Diện Công Ty TNHH Một Thành Viên Lê Bảo Toàn Tại Chợ Mới","DiaChiCongTy":"ấp Kiến Quới 1 - Xã Kiến Thành - Huyện Chợ Mới - An Giang","Created":"2016-01-21T20:09:56Z","Updated":"2016-01-21T20:09:56Z","IsDelete":false,"RequestChanged":false,"ExitsInGDT":false,"SourceID":0,"TinhThanhID":0,"TinhThanhTitle":"An Giang","TinhThanhTitleAscii":"/an-giang","QuanHuyenID":0,"NganhNgheTitle":"Bán buôn thiết bị và linh kiện điện tử, viễn thông","NganhNgheTitleAscii":"/nganh-nghe/ban-buon-thiet-bi-va-linh-kien-dien-tu-vien-thong","DSTags":["1601897308-003","An Giang",null]},{"Type":11,"SolrID":"/1601968573-cong-ty-tnhh-thuong-mai-hiep-chanh-thanh","ID":0,"MaSoThue":"1601968573","NgayCap":"2015-04-03T00:00:00Z","Title":"Công Ty TNHH Thương Mại Hiệp Chánh Thành","DiaChiCongTy":"Số 409, ấp Kiến Hưng 1 - Xã Kiến Thành - Huyện Chợ Mới - An Giang","Created":"2015-11-17T06:44:03Z","Updated":"2015-11-17T06:44:03Z","IsDelete":false,"RequestChanged":false,"ExitsInGDT":false,"SourceID":0,"TinhThanhID":0,"TinhThanhTitle":"An Giang","TinhThanhTitleAscii":"/an-giang","QuanHuyenID":0,"NganhNgheTitle":"Bán buôn đồ dùng khác cho gia đình","NganhNgheTitleAscii":"/nganh-nghe/ban-buon-do-dung-khac-cho-gia-dinh","DSTags":["1601968573","An Giang",null]},{"Type":11,"SolrID":"/1601924939-cong-ty-tnhh-mot-thanh-vien-go-chien-nguyen","ID":0,"MaSoThue":"1601924939","NgayCap":"2014-06-03T00:00:00Z","Title":"Công Ty TNHH Một Thành Viên Gỗ Chiến Nguyễn","DiaChiCongTy":"ấp Kiến Thuận I - Xã Kiến Thành - Huyện Chợ Mới - An Giang","Created":"2015-11-11T15:29:08Z","Updated":"2015-11-11T15:29:08Z","IsDelete":false,"RequestChanged":false,"ExitsInGDT":false,"SourceID":0,"TinhThanhID":0,"TinhThanhTitle":"An Giang","TinhThanhTitleAscii":"/an-giang","QuanHuyenID":0,"NganhNgheTitle":"Bán buôn vật liệu, thiết bị lắp đặt khác trong xây dựng","NganhNgheTitleAscii":"/nganh-nghe/ban-buon-vat-lieu-thiet-bi-lap-dat-khac-trong-xay-dung","DSTags":["1601924939","An Giang",null]},{"Type":11,"SolrID":"/1601891779-cong-ty-tnhh-mot-thanh-vien-khai-thac-da-cat-san-lap-van-tai-phat-tai","ID":0,"MaSoThue":"1601891779","NgayCap":"2013-10-16T00:00:00Z","Title":"Công Ty TNHH Một Thành Viên Khai Thác Đá Cát - San Lấp - Vận Tải Phát Tài","DiaChiCongTy":"Tổ 16, ấp Kiến Quới - Xã Kiến Thành - Huyện Chợ Mới - An Giang","Created":"2015-11-10T00:19:26Z","Updated":"2015-11-10T00:19:26Z","IsDelete":false,"RequestChanged":false,"ExitsInGDT":false,"SourceID":0,"TinhThanhID":0,"TinhThanhTitle":"An Giang","TinhThanhTitleAscii":"/an-giang","QuanHuyenID":0,"NganhNgheTitle":"Chuẩn bị mặt bằng","NganhNgheTitleAscii":"/nganh-nghe/chuan-bi-mat-bang","DSTags":["1601891779","An Giang",null]},{"Type":11,"SolrID":"/1601884073-doanh-nghiep-tn-tiem-vang-ngoc-phan","ID":0,"MaSoThue":"1601884073","NgayCap":"2013-07-17T00:00:00Z","Title":"Doanh Nghiệp TN Tiệm Vàng Ngọc Phấn","DiaChiCongTy":"Số 150, ấp Phú Hạ I - Xã Kiến Thành - Huyện Chợ Mới - An Giang","Created":"2015-11-17T08:04:32Z","Updated":"2015-11-17T08:04:32Z","IsDelete":false,"RequestChanged":false,"ExitsInGDT":false,"SourceID":0,"TinhThanhID":0,"TinhThanhTitle":"An Giang","TinhThanhTitleAscii":"/an-giang","QuanHuyenID":0,"NganhNgheTitle":"Bán buôn kim loại và quặng kim loại","NganhNgheTitleAscii":"/nganh-nghe/ban-buon-kim-loai-va-quang-kim-loai","DSTags":["1601884073","An Giang",null]},{"Type":11,"SolrID":"/1601877774-doanh-nghiep-tn-du-thuy","ID":0,"MaSoThue":"1601877774","NgayCap":"2013-05-31T00:00:00Z","Title":"Doanh Nghiệp TN Dư Thủy","DiaChiCongTy":"ấp Kiến Hưng I - Xã Kiến Thành - Huyện Chợ Mới - An Giang","Created":"2015-11-16T21:34:26Z","Updated":"2015-11-16T21:34:26Z","IsDelete":false,"RequestChanged":false,"ExitsInGDT":false,"SourceID":0,"TinhThanhID":0,"TinhThanhTitle":"An Giang","TinhThanhTitleAscii":"/an-giang","QuanHuyenID":0,"NganhNgheTitle":"Bán buôn kim loại và quặng kim loại","NganhNgheTitleAscii":"/nganh-nghe/ban-buon-kim-loai-va-quang-kim-loai","DSTags":["1601877774","An Giang",null]},{"Type":11,"SolrID":"/1601877502-doanh-nghiep-tn-phu-phuoc-tho","ID":0,"MaSoThue":"1601877502","NgayCap":"2013-05-30T00:00:00Z","Title":"Doanh Nghiệp TN Phú Phước Thọ","DiaChiCongTy":"Số 549, ấp Kiến Hưng I - Xã Kiến Thành - Huyện Chợ Mới - An Giang","Created":"2015-11-18T04:46:54Z","Updated":"2015-11-18T04:46:54Z","IsDelete":false,"RequestChanged":false,"ExitsInGDT":false,"SourceID":0,"TinhThanhID":0,"TinhThanhTitle":"An Giang","TinhThanhTitleAscii":"/an-giang","QuanHuyenID":0,"NganhNgheTitle":"Bán buôn kim loại và quặng kim loại","NganhNgheTitleAscii":"/nganh-nghe/ban-buon-kim-loai-va-quang-kim-loai","DSTags":["1601877502","An Giang",null]},{"Type":11,"SolrID":"/1601877492-doanh-nghiep-tn-tiem-vang-kim-huong","ID":0,"MaSoThue":"1601877492","NgayCap":"2013-05-30T00:00:00Z","Title":"Doanh Nghiệp TN Tiệm Vàng Kim Hường","DiaChiCongTy":"ấp Kiến Hưng I - Xã Kiến Thành - Huyện Chợ Mới - An Giang","Created":"2015-11-18T04:46:55Z","Updated":"2015-11-18T04:46:55Z","IsDelete":false,"RequestChanged":false,"ExitsInGDT":false,"SourceID":0,"TinhThanhID":0,"TinhThanhTitle":"An Giang","TinhThanhTitleAscii":"/an-giang","QuanHuyenID":0,"NganhNgheTitle":"Bán buôn kim loại và quặng kim loại","NganhNgheTitleAscii":"/nganh-nghe/ban-buon-kim-loai-va-quang-kim-loai","DSTags":["1601877492","An Giang",null]},{"Type":11,"SolrID":"/1601877358-doanh-nghiep-tn-tam-phuoc-tho","ID":0,"MaSoThue":"1601877358","NgayCap":"2013-05-29T00:00:00Z","Title":"Doanh Nghiệp TN Tâm Phước Thọ","DiaChiCongTy":"Số 583, ấp Kiến Hưng I - Xã Kiến Thành - Huyện Chợ Mới - An Giang","Created":"2015-11-17T08:11:52Z","Updated":"2015-11-17T08:11:52Z","IsDelete":false,"RequestChanged":false,"ExitsInGDT":false,"SourceID":0,"TinhThanhID":0,"TinhThanhTitle":"An Giang","TinhThanhTitleAscii":"/an-giang","QuanHuyenID":0,"NganhNgheTitle":"Bán buôn kim loại và quặng kim loại","NganhNgheTitleAscii":"/nganh-nghe/ban-buon-kim-loai-va-quang-kim-loai","DSTags":["1601877358","An Giang",null]},{"Type":11,"SolrID":"/1601874861-doanh-nghiep-tn-dieu-dang","ID":0,"MaSoThue":"1601874861","NgayCap":"2013-05-17T00:00:00Z","Title":"Doanh Nghiệp TN Điều Đặng","DiaChiCongTy":"Số 299, Chợ Mương Lớn, ấp Phú Hạ II - Xã Kiến Thành - Huyện Chợ Mới - An Giang","Created":"2015-11-16T11:05:38Z","Updated":"2015-11-16T11:05:38Z","IsDelete":false,"RequestChanged":false,"ExitsInGDT":false,"SourceID":0,"TinhThanhID":0,"TinhThanhTitle":"An Giang","TinhThanhTitleAscii":"/an-giang","QuanHuyenID":0,"NganhNgheTitle":"Bán buôn kim loại và quặng kim loại","NganhNgheTitleAscii":"/nganh-nghe/ban-buon-kim-loai-va-quang-kim-loai","DSTags":["1601874861","An Giang",null]},{"Type":11,"SolrID":"/1601847610-cong-ty-tnhh-mot-thanh-vien-phat-hung-phuong","ID":0,"MaSoThue":"1601847610","NgayCap":"2012-12-10T00:00:00Z","Title":"Công Ty TNHH Một Thành Viên Phát Hùng Phượng","DiaChiCongTy":"ấp Kiến Quới 2 - Xã Kiến Thành - Huyện Chợ Mới - An Giang","Created":"2015-11-12T01:00:06Z","Updated":"2015-11-12T01:00:06Z","IsDelete":false,"RequestChanged":false,"ExitsInGDT":false,"SourceID":0,"TinhThanhID":0,"TinhThanhTitle":"An Giang","TinhThanhTitleAscii":"/an-giang","QuanHuyenID":0,"NganhNgheTitle":"Vận tải hàng hóa đường thuỷ nội địa","NganhNgheTitleAscii":"/nganh-nghe/van-tai-hang-hoa-duong-thuy-noi-dia","DSTags":["1601847610","An Giang",null]},{"Type":11,"SolrID":"/1601795440-doanh-nghiep-tn-nguyen-bach-tuyet","ID":0,"MaSoThue":"1601795440","NgayCap":"2012-07-19T00:00:00Z","Title":"Doanh Nghiệp TN Nguyễn Bạch Tuyết","DiaChiCongTy":"ấp Kiến Hưng 1 - Xã Kiến Thành - Huyện Chợ Mới - An Giang","Created":"2015-11-19T09:04:10Z","Updated":"2015-11-19T09:04:10Z","IsDelete":false,"RequestChanged":false,"ExitsInGDT":false,"SourceID":0,"TinhThanhID":0,"TinhThanhTitle":"An Giang","TinhThanhTitleAscii":"/an-giang","QuanHuyenID":0,"NganhNgheTitle":"Hoạt động dịch vụ hỗ trợ kinh doanh khác còn lại chưa được phân vào đâu","NganhNgheTitleAscii":"/nganh-nghe/hoat-dong-dich-vu-ho-tro-kinh-doanh-khac-con-lai-chua-duoc-phan-vao-dau","DSTags":["1601795440","An Giang",null]},{"Type":11,"SolrID":"/1601759876-cong-ty-tnhh-mot-thanh-vien-tm-dv-xnk-phuong-truong-thinh","ID":0,"MaSoThue":"1601759876","NgayCap":"2012-06-05T00:00:00Z","Title":"Công Ty TNHH Một Thành Viên Tm Dv Xnk Phương Trường Thịnh","DiaChiCongTy":"Số 441, ấp Phú Hạ I - Xã Kiến Thành - Huyện Chợ Mới - An Giang","Created":"2015-11-17T03:23:05Z","Updated":"2015-11-17T03:23:05Z","IsDelete":false,"RequestChanged":false,"ExitsInGDT":false,"SourceID":0,"TinhThanhID":0,"TinhThanhTitle":"An Giang","TinhThanhTitleAscii":"/an-giang","QuanHuyenID":0,"NganhNgheTitle":"Bán buôn nông, lâm sản nguyên liệu (trừ gỗ, tre, nứa) và động vật sống","NganhNgheTitleAscii":"/nganh-nghe/ban-buon-nong-lam-san-nguyen-lieu-tru-go-tre-nua-va-dong-vat-song","DSTags":["1601759876","An Giang",null]},{"Type":11,"SolrID":"/1601536647-doanh-nghiep-tn-tam-hap","ID":0,"MaSoThue":"1601536647","NgayCap":"2011-08-30T00:00:00Z","Title":"Doanh Nghiệp TN Tám Hạp","DiaChiCongTy":"ấp Phú Hạ 2 - Xã Kiến Thành - Huyện Chợ Mới - An Giang","Created":"2015-11-10T01:44:34Z","Updated":"2015-11-10T01:44:34Z","IsDelete":false,"RequestChanged":false,"ExitsInGDT":false,"SourceID":0,"TinhThanhID":0,"TinhThanhTitle":"An Giang","TinhThanhTitleAscii":"/an-giang","QuanHuyenID":0,"NganhNgheTitle":"Bán buôn nhiên liệu rắn, lỏng, khí và các sản phẩm liên quan","NganhNgheTitleAscii":"/nganh-nghe/ban-buon-nhien-lieu-ran-long-khi-va-cac-san-pham-lien-quan","DSTags":["1601536647","An Giang",null]},{"Type":11,"SolrID":"/1601426852-cong-ty-tnhh-mot-thanh-vien-886","ID":0,"MaSoThue":"1601426852","NgayCap":"2010-12-08T00:00:00Z","Title":"Công Ty TNHH  Một Thành Viên 886","DiaChiCongTy":"ấp Phú Hạ 2 - Xã Kiến Thành - Huyện Chợ Mới - An Giang","Created":"2015-11-10T01:40:03Z","Updated":"2015-11-10T01:40:03Z","IsDelete":false,"RequestChanged":false,"ExitsInGDT":false,"SourceID":0,"TinhThanhID":0,"TinhThanhTitle":"An Giang","TinhThanhTitleAscii":"/an-giang","QuanHuyenID":0,"NganhNgheTitle":"Hoạt động kiến trúc và tư vấn kỹ thuật có liên quan","NganhNgheTitleAscii":"/nganh-nghe/hoat-dong-kien-truc-va-tu-van-ky-thuat-co-lien-quan","DSTags":["1601426852","An Giang",null]},{"Type":11,"SolrID":"/1600387008-le-thi-thu-thuy","ID":0,"MaSoThue":"1600387008","NgayCap":"2009-12-14T00:00:00Z","Title":"Lê Thị Thu Thuỷ","DiaChiCongTy":"ấp Kiến Thuận I - xã Kiến Thành - Huyện Chợ Mới - An Giang","Created":"2015-11-16T07:03:39Z","Updated":"2015-11-16T07:03:39Z","IsDelete":false,"RequestChanged":false,"ExitsInGDT":false,"SourceID":0,"TinhThanhID":0,"TinhThanhTitle":"An Giang","TinhThanhTitleAscii":"/an-giang","QuanHuyenID":0,"NganhNgheTitle":"Bán lẻ hàng hóa khác trong các cửa hàng chuyên doanh","NganhNgheTitleAscii":"/nganh-nghe/ban-le-hang-hoa-khac-trong-cac-cua-hang-chuyen-doanh","DSTags":["1600387008","An Giang",null]},{"Type":11,"SolrID":"/1600802021-htx-nong-nghiep-thuan-quoi","ID":0,"MaSoThue":"1600802021","NgayCap":"2005-08-24T00:00:00Z","Title":"HTX Nông nghiệp Thuận Quới","DiaChiCongTy":"ấp Kiến Thuận 2, xã Kiến Thành - Huyện Chợ Mới - An Giang","Created":"2015-11-16T17:06:25Z","Updated":"2015-11-16T17:06:25Z","IsDelete":false,"RequestChanged":false,"ExitsInGDT":false,"SourceID":0,"TinhThanhID":0,"TinhThanhTitle":"An Giang","TinhThanhTitleAscii":"/an-giang","QuanHuyenID":0,"NganhNgheTitle":"Hoạt động dịch vụ nông nghiệp","NganhNgheTitleAscii":"/nganh-nghe/hoat-dong-dich-vu-nong-nghiep","DSTags":["1600802021","An Giang",null]},{"Type":11,"SolrID":"/1600174546-dntn-le-van-duong","ID":0,"MaSoThue":"1600174546","NgayCap":"2004-01-27T00:00:00Z","Title":"DNTN Lê Văn Dưỡng","DiaChiCongTy":"ấp Kiến Thuận 2,Xã Kiến Thành - Huyện Chợ Mới - An Giang","Created":"2015-11-17T19:45:50Z","Updated":"2015-11-17T19:45:50Z","IsDelete":false,"RequestChanged":false,"ExitsInGDT":false,"SourceID":0,"TinhThanhID":0,"TinhThanhTitle":"An Giang","TinhThanhTitleAscii":"/an-giang","QuanHuyenID":0,"NganhNgheTitle":"Bán lẻ nhiên liệu động cơ trong các cửa hàng chuyên doanh","NganhNgheTitleAscii":"/nganh-nghe/ban-le-nhien-lieu-dong-co-trong-cac-cua-hang-chuyen-doanh","DSTags":["1600174546","An Giang",null]},{"Type":11,"SolrID":"/1600596918-doanh-nghiep-tn-ut-mau","ID":0,"MaSoThue":"1600596918","NgayCap":"2004-01-16T00:00:00Z","Title":"Doanh Nghiệp TN út Mậu","DiaChiCongTy":"Xà lan AG-10197, Số 317, Tổ 13, ấp Kiến Thuận 1 - Xã Kiến Thành - Huyện Chợ Mới - An Giang","Created":"2015-11-10T01:39:09Z","Updated":"2015-11-10T01:39:09Z","IsDelete":false,"RequestChanged":false,"ExitsInGDT":false,"SourceID":0,"TinhThanhID":0,"TinhThanhTitle":"An Giang","TinhThanhTitleAscii":"/an-giang","QuanHuyenID":0,"NganhNgheTitle":"Bán buôn nhiên liệu rắn, lỏng, khí và các sản phẩm liên quan","NganhNgheTitleAscii":"/nganh-nghe/ban-buon-nhien-lieu-ran-long-khi-va-cac-san-pham-lien-quan","DSTags":["1600596918","An Giang",null]},{"Type":11,"SolrID":"/1600365886-002-truong-trung-hoc-co-so-kien-thanh","ID":0,"MaSoThue":"1600365886-002","NgayCap":"1998-11-24T00:00:00Z","Title":"Trường Trung học cơ sở Kiến Thành","DiaChiCongTy":"ấp Phú Hạ, xã Kiến Thành - Huyện Chợ Mới - An Giang","Created":"2015-11-17T19:48:09Z","Updated":"2015-11-17T19:48:09Z","IsDelete":false,"RequestChanged":false,"ExitsInGDT":false,"SourceID":0,"TinhThanhID":0,"TinhThanhTitle":"An Giang","TinhThanhTitleAscii":"/an-giang","QuanHuyenID":0,"NganhNgheTitle":"Giáo dục trung học cơ sở và trung học phổ thông","NganhNgheTitleAscii":"/nganh-nghe/giao-duc-trung-hoc-co-so-va-trung-hoc-pho-thong","DSTags":["1600365886-002","An Giang",null]},{"Type":11,"SolrID":"/1600366103-012-truong-mau-giao-kien-thanh","ID":0,"MaSoThue":"1600366103-012","NgayCap":"1998-11-24T00:00:00Z","Title":"Trường mẫu giáo Kiến Thành","DiaChiCongTy":"ấp Kiến Hưng I, xã Kiến Thành - Huyện Chợ Mới - An Giang","Created":"2015-11-17T19:48:25Z","Updated":"2015-11-17T19:48:25Z","IsDelete":false,"RequestChanged":false,"ExitsInGDT":false,"SourceID":0,"TinhThanhID":0,"TinhThanhTitle":"An Giang","TinhThanhTitleAscii":"/an-giang","QuanHuyenID":0,"NganhNgheTitle":"Giáo dục tiểu học","NganhNgheTitleAscii":"/nganh-nghe/giao-duc-tieu-hoc","DSTags":["1600366103-012","An Giang",null]},{"Type":11,"SolrID":"/1600366103-048-truong-tieu-hoc-a-kien-thanh","ID":0,"MaSoThue":"1600366103-048","NgayCap":"1998-11-24T00:00:00Z","Title":"Trường Tiểu Học \"A\" Kiến Thành","DiaChiCongTy":"Xã Kiến Thành - Huyện Chợ Mới - An Giang","Created":"2015-11-17T19:49:00Z","Updated":"2015-11-17T19:49:00Z","IsDelete":false,"RequestChanged":false,"ExitsInGDT":false,"SourceID":0,"TinhThanhID":0,"TinhThanhTitle":"An Giang","TinhThanhTitleAscii":"/an-giang","QuanHuyenID":0,"NganhNgheTitle":"Giáo dục tiểu học","NganhNgheTitleAscii":"/nganh-nghe/giao-duc-tieu-hoc","DSTags":["1600366103-048","An Giang",null]},{"Type":11,"SolrID":"/1600366103-049-truong-tieu-hoc-b-kien-thanh","ID":0,"MaSoThue":"1600366103-049","NgayCap":"1998-11-24T00:00:00Z","Title":"Trường Tiểu học \"B\" Kiến Thành","DiaChiCongTy":"ấp Kiến Hưng, xã Kiến Thành - Huyện Chợ Mới - An Giang","Created":"2015-11-17T19:49:01Z","Updated":"2015-11-17T19:49:01Z","IsDelete":false,"RequestChanged":false,"ExitsInGDT":false,"SourceID":0,"TinhThanhID":0,"TinhThanhTitle":"An Giang","TinhThanhTitleAscii":"/an-giang","QuanHuyenID":0,"NganhNgheTitle":"Giáo dục tiểu học","NganhNgheTitleAscii":"/nganh-nghe/giao-duc-tieu-hoc","DSTags":["1600366103-049","An Giang",null]},{"Type":11,"SolrID":"/1600366103-050-truong-tieu-hoc-c-kien-thanh","ID":0,"MaSoThue":"1600366103-050","NgayCap":"1998-11-24T00:00:00Z","Title":"Trường Tiểu học \"C\" Kiến Thành","DiaChiCongTy":"ấp Kiến Qưới, xã Kiến Thành - Huyện Chợ Mới - An Giang","Created":"2015-11-17T19:49:02Z","Updated":"2015-11-17T19:49:02Z","IsDelete":false,"RequestChanged":false,"ExitsInGDT":false,"SourceID":0,"TinhThanhID":0,"TinhThanhTitle":"An Giang","TinhThanhTitleAscii":"/an-giang","QuanHuyenID":0,"NganhNgheTitle":"Giáo dục tiểu học","NganhNgheTitleAscii":"/nganh-nghe/giao-duc-tieu-hoc","DSTags":["1600366103-050","An Giang",null]},{"Type":11,"SolrID":"/1600366103-051-truong-tieu-hoc-d-kien-thanh","ID":0,"MaSoThue":"1600366103-051","NgayCap":"1998-11-24T00:00:00Z","Title":"Trường Tiểu học \"D\" Kiến Thành","DiaChiCongTy":"ấp Phú Hạ 2, xã Kiến Thành - Huyện Chợ Mới - An Giang","Created":"2015-11-17T19:49:03Z","Updated":"2015-11-17T19:49:03Z","IsDelete":false,"RequestChanged":false,"ExitsInGDT":false,"SourceID":0,"TinhThanhID":0,"TinhThanhTitle":"An Giang","TinhThanhTitleAscii":"/an-giang","QuanHuyenID":0,"NganhNgheTitle":"Giáo dục tiểu học","NganhNgheTitleAscii":"/nganh-nghe/giao-duc-tieu-hoc","DSTags":["1600366103-051","An Giang",null]},{"Type":11,"SolrID":"/1600363487-ubnd-xa-kien-thanh","ID":0,"MaSoThue":"1600363487","NgayCap":"1998-10-31T00:00:00Z","Title":"UBND xã  Kiến Thành","DiaChiCongTy":"ấp Kiến Thuận 2, xã Kiến Thành - Huyện Chợ Mới - An Giang","Created":"2015-11-14T17:23:56Z","Updated":"2015-11-14T17:23:56Z","IsDelete":false,"RequestChanged":false,"ExitsInGDT":false,"SourceID":0,"TinhThanhID":0,"TinhThanhTitle":"An Giang","TinhThanhTitleAscii":"/an-giang","QuanHuyenID":0,"NganhNgheTitle":"Hoạt động quản lý nhà nước nói chung và kinh tế tổng hợp","NganhNgheTitleAscii":"/nganh-nghe/hoat-dong-quan-ly-nha-nuoc-noi-chung-va-kinh-te-tong-hop","DSTags":["1600363487","An Giang",null]}]}