{"ID":9437,"SolrID":"/an-giang/huyen-cho-moi/xa-long-dien-a","Title":"Xã Long Điền A","TinhThanhTitle":"An Giang","QuanHuyenTitle":"Huyện Chợ Mới","QuanHuyenID":489,"TinhThanhID":35,"Url":"https://thongtindoanhnghiep.co/api/company?l=/an-giang/huyen-cho-moi/xa-long-dien-a","Total":43,"List":[{"Type":11,"SolrID":"/1602139138-cong-ty-tnhh-mot-thanh-vien-di-doi-nha-thuan-tien","ID":0,"MaSoThue":"1602139138","NgayCap":"2021-01-13T00:00:00Z","Title":"Công Ty TNHH Một Thành Viên Di Dời Nhà Thuận Tiến","DiaChiCongTy":"Số 355, Tổ 16, Ấp Long Hòa I, Xã Long Điền A, Huyện Chợ Mới, Tỉnh An Giang","Created":"2021-01-13T17:36:01Z","Updated":"2021-01-13T17:36:01Z","IsDelete":false,"RequestChanged":false,"ExitsInGDT":false,"SourceID":0,"TinhThanhID":0,"TinhThanhTitle":"An Giang","TinhThanhTitleAscii":"/an-giang","QuanHuyenID":0,"NganhNgheTitle":"Hoạt động xây dựng chuyên dụng khác","NganhNgheTitleAscii":"/nganh-nghe/hoat-dong-xay-dung-chuyen-dung-khac","DSTags":["1602139138","An Giang",null]},{"Type":11,"SolrID":"/1602072081-cong-ty-tnhh-xang-dau-nguyen-nguyen","ID":0,"MaSoThue":"1602072081","NgayCap":"2018-05-14T00:00:00Z","Title":"Công Ty TNHH Xăng Dầu Nguyễn Nguyễn","DiaChiCongTy":"Ấp Long Bình, Xã Long Điền A, Huyện Chợ Mới, Tỉnh An Giang","Created":"2018-05-14T17:05:52Z","Updated":"2018-05-14T17:05:52Z","IsDelete":false,"RequestChanged":false,"ExitsInGDT":false,"SourceID":0,"TinhThanhID":0,"TinhThanhTitle":"An Giang","TinhThanhTitleAscii":"/an-giang","QuanHuyenID":0,"NganhNgheTitle":"Bán buôn nhiên liệu rắn, lỏng, khí và các sản phẩm liên quan","NganhNgheTitleAscii":"/nganh-nghe/ban-buon-nhien-lieu-ran-long-khi-va-cac-san-pham-lien-quan","DSTags":["1602072081","An Giang",null]},{"Type":11,"SolrID":"/1602070849-cong-ty-tnhh-mot-thanh-vien-ba-hong-cho-moi","ID":0,"MaSoThue":"1602070849","NgayCap":"2018-05-03T00:00:00Z","Title":"Công Ty TNHH Một Thành Viên Ba Hồng Chợ Mới","DiaChiCongTy":"Số 305, TL 942, Ấp Long Hòa 2, Xã Long Điền A, Huyện Chợ Mới, Tỉnh An Giang","Created":"2018-05-03T13:34:22Z","Updated":"2018-05-03T13:34:22Z","IsDelete":false,"RequestChanged":false,"ExitsInGDT":false,"SourceID":0,"TinhThanhID":0,"TinhThanhTitle":"An Giang","TinhThanhTitleAscii":"/an-giang","QuanHuyenID":0,"NganhNgheTitle":"Hoạt động xây dựng chuyên dụng khác","NganhNgheTitleAscii":"/nganh-nghe/hoat-dong-xay-dung-chuyen-dung-khac","DSTags":["1602070849","An Giang",null]},{"Type":11,"SolrID":"/1602057710-cong-ty-tnhh-mot-thanh-vien-hong-thai-khang","ID":0,"MaSoThue":"1602057710","NgayCap":"2017-12-12T00:00:00Z","Title":"Công Ty TNHH Một Thành Viên Hồng Thái Khang","DiaChiCongTy":"Ấp Long Hòa 1, Xã Long Điền A, Huyện Chợ Mới, Tỉnh An Giang","Created":"2017-12-12T17:28:58Z","Updated":"2017-12-12T17:28:58Z","IsDelete":false,"RequestChanged":false,"ExitsInGDT":false,"SourceID":0,"TinhThanhID":0,"TinhThanhTitle":"An Giang","TinhThanhTitleAscii":"/an-giang","QuanHuyenID":0,"NganhNgheTitle":"Bán buôn đồ uống","NganhNgheTitleAscii":"/nganh-nghe/ban-buon-do-uong","DSTags":["1602057710","An Giang",null]},{"Type":11,"SolrID":"/1602046130-cong-ty-tnhh-mot-thanh-vien-di-doi-nha-ut-tam","ID":0,"MaSoThue":"1602046130","NgayCap":"2017-07-24T00:00:00Z","Title":"Công Ty TNHH Một Thành Viên Di Dời Nhà Út Tâm","DiaChiCongTy":"Số 364, Tổ 15, Ấp Long Hòa 2, Xã Long Điền A, Huyện Chợ Mới, Tỉnh An Giang","Created":"2017-07-27T08:59:22Z","Updated":"2017-07-27T08:59:22Z","IsDelete":false,"RequestChanged":false,"ExitsInGDT":false,"SourceID":0,"TinhThanhID":0,"TinhThanhTitle":"An Giang","TinhThanhTitleAscii":"/an-giang","QuanHuyenID":0,"NganhNgheTitle":"Hoạt động xây dựng chuyên dụng khác","NganhNgheTitleAscii":"/nganh-nghe/hoat-dong-xay-dung-chuyen-dung-khac","DSTags":["1602046130","An Giang",null]},{"Type":11,"SolrID":"/1602036090-cong-ty-tnhh-mot-thanh-vien-tan-phuoc-an-giang","ID":0,"MaSoThue":"1602036090","NgayCap":"2017-03-21T00:00:00Z","Title":"Công Ty TNHH Một Thành Viên Tấn Phước An Giang","DiaChiCongTy":"Ấp Long Bình, Xã Long Điền A, Huyện Chợ Mới, Tỉnh An Giang","Created":"2017-03-21T08:37:48Z","Updated":"2017-03-21T08:37:48Z","IsDelete":false,"RequestChanged":false,"ExitsInGDT":false,"SourceID":0,"TinhThanhID":0,"TinhThanhTitle":"An Giang","TinhThanhTitleAscii":"/an-giang","QuanHuyenID":0,"NganhNgheTitle":"Lắp đặt hệ thống xây dựng khác","NganhNgheTitleAscii":"/nganh-nghe/lap-dat-he-thong-xay-dung-khac","DSTags":["1602036090","An Giang",null]},{"Type":11,"SolrID":"/1601941109-002-chi-nhanh-cong-ty-tnhh-nuoc-giai-khat-buu-khang-tai-cho-moi","ID":0,"MaSoThue":"1601941109-002","NgayCap":"2016-07-22T00:00:00Z","Title":"CHI NHáNH CôNG TY TNHH NướC GIảI KHáT BửU KHANG TạI CHợ MớI","DiaChiCongTy":"Tỉnh lộ 942, Tổ 25, ấp Long Hòa 1 - Xã Long Điền A - Huyện Chợ Mới - An Giang","Created":"2016-07-27T07:03:55Z","Updated":"2016-09-10T19:59:25Z","IsDelete":false,"RequestChanged":false,"ExitsInGDT":false,"SourceID":0,"TinhThanhID":0,"TinhThanhTitle":"An Giang","TinhThanhTitleAscii":"/an-giang","QuanHuyenID":0,"DSTags":["1601941109-002","An Giang",null]},{"Type":11,"SolrID":"/1601972812-doanh-nghiep-tn-khanh-minh-cho-moi","ID":0,"MaSoThue":"1601972812","NgayCap":"2015-05-20T00:00:00Z","Title":"Doanh Nghiệp TN Khánh Minh Chợ Mới","DiaChiCongTy":"228, Tổ 9, ấp Long Bình - Xã Long Điền A - Huyện Chợ Mới - An Giang","Created":"2015-11-18T02:41:45Z","Updated":"2015-11-18T02:41:45Z","IsDelete":false,"RequestChanged":false,"ExitsInGDT":false,"SourceID":0,"TinhThanhID":0,"TinhThanhTitle":"An Giang","TinhThanhTitleAscii":"/an-giang","QuanHuyenID":0,"NganhNgheTitle":"Bán buôn chuyên doanh khác chưa được phân vào đâu","NganhNgheTitleAscii":"/nganh-nghe/ban-buon-chuyen-doanh-khac-chua-duoc-phan-vao-dau","DSTags":["1601972812","An Giang",null]},{"Type":11,"SolrID":"/1601948577-cong-ty-tnhh-mot-thanh-vien-xnk-dang-phu-anh","ID":0,"MaSoThue":"1601948577","NgayCap":"2014-12-04T00:00:00Z","Title":"Công Ty TNHH Một Thành Viên Xnk Đặng Phú Anh","DiaChiCongTy":"ấp Long Bình - Xã Long Điền A - Huyện Chợ Mới - An Giang","Created":"2015-11-11T23:41:48Z","Updated":"2015-11-11T23:41:48Z","IsDelete":false,"RequestChanged":false,"ExitsInGDT":false,"SourceID":0,"TinhThanhID":0,"TinhThanhTitle":"An Giang","TinhThanhTitleAscii":"/an-giang","QuanHuyenID":0,"NganhNgheTitle":"Chế biến và bảo quản rau quả","NganhNgheTitleAscii":"/nganh-nghe/che-bien-va-bao-quan-rau-qua","DSTags":["1601948577","An Giang",null]},{"Type":11,"SolrID":"/1601936557-cong-ty-tnhh-mot-thanh-vien-le-cong-duc","ID":0,"MaSoThue":"1601936557","NgayCap":"2014-08-28T00:00:00Z","Title":"Công Ty TNHH Một Thành Viên Lê Công Đức","DiaChiCongTy":"ấp Long Thuận - Xã Long Điền A - Huyện Chợ Mới - An Giang","Created":"2015-11-09T11:55:48Z","Updated":"2015-11-09T11:55:48Z","IsDelete":false,"RequestChanged":false,"ExitsInGDT":false,"SourceID":0,"TinhThanhID":0,"TinhThanhTitle":"An Giang","TinhThanhTitleAscii":"/an-giang","QuanHuyenID":0,"NganhNgheTitle":"Sản xuất giường, tủ, bàn, ghế","NganhNgheTitleAscii":"/nganh-nghe/san-xuat-giuong-tu-ban-ghe","DSTags":["1601936557","An Giang",null]},{"Type":11,"SolrID":"/1601910781-doanh-nghiep-tn-mai-nam-cho-moi","ID":0,"MaSoThue":"1601910781","NgayCap":"2014-02-19T00:00:00Z","Title":"Doanh Nghiệp TN Mai Nam Chợ Mới","DiaChiCongTy":"ấp Long Hòa 1 - Xã Long Điền A - Huyện Chợ Mới - An Giang","Created":"2015-11-09T18:07:35Z","Updated":"2015-11-09T18:07:35Z","IsDelete":false,"RequestChanged":false,"ExitsInGDT":false,"SourceID":0,"TinhThanhID":0,"TinhThanhTitle":"An Giang","TinhThanhTitleAscii":"/an-giang","QuanHuyenID":0,"NganhNgheTitle":"Bán buôn vật liệu, thiết bị lắp đặt khác trong xây dựng","NganhNgheTitleAscii":"/nganh-nghe/ban-buon-vat-lieu-thiet-bi-lap-dat-khac-trong-xay-dung","DSTags":["1601910781","An Giang",null]},{"Type":11,"SolrID":"/1601894579-cong-ty-tnhh-mot-thanh-vien-tu-van-xay-dung-my-chanh","ID":0,"MaSoThue":"1601894579","NgayCap":"2013-11-18T00:00:00Z","Title":"Công Ty TNHH Một Thành Viên Tư Vấn Xây Dựng Mỹ Chánh","DiaChiCongTy":"Đường TL 942, ấp Long Hòa 2 - Xã Long Điền A - Huyện Chợ Mới - An Giang","Created":"2015-11-09T11:32:09Z","Updated":"2015-11-09T11:32:09Z","IsDelete":false,"RequestChanged":false,"ExitsInGDT":false,"SourceID":0,"TinhThanhID":0,"TinhThanhTitle":"An Giang","TinhThanhTitleAscii":"/an-giang","QuanHuyenID":0,"NganhNgheTitle":"Xây dựng nhà các loại","NganhNgheTitleAscii":"/nganh-nghe/xay-dung-nha-cac-loai","DSTags":["1601894579","An Giang",null]},{"Type":11,"SolrID":"/1601883986-doanh-nghiep-tn-di-doi-nha-nguyen-huynh","ID":0,"MaSoThue":"1601883986","NgayCap":"2013-07-16T00:00:00Z","Title":"Doanh Nghiệp TN Di Dời Nhà Nguyễn Huỳnh","DiaChiCongTy":"ấp Long Hòa 2 - Xã Long Điền A - Huyện Chợ Mới - An Giang","Created":"2015-11-16T13:54:17Z","Updated":"2015-11-16T13:54:17Z","IsDelete":false,"RequestChanged":false,"ExitsInGDT":false,"SourceID":0,"TinhThanhID":0,"TinhThanhTitle":"An Giang","TinhThanhTitleAscii":"/an-giang","QuanHuyenID":0,"NganhNgheTitle":"Hoạt động xây dựng chuyên dụng khác","NganhNgheTitleAscii":"/nganh-nghe/hoat-dong-xay-dung-chuyen-dung-khac","DSTags":["1601883986","An Giang",null]},{"Type":11,"SolrID":"/1601876435-doanh-nghiep-tn-tiem-vang-van-dung","ID":0,"MaSoThue":"1601876435","NgayCap":"2013-05-28T00:00:00Z","Title":"Doanh Nghiệp TN Tiệm Vàng Văn Dũng","DiaChiCongTy":"ấp Long Định - Xã Long Điền A - Huyện Chợ Mới - An Giang","Created":"2015-11-16T11:27:07Z","Updated":"2015-11-16T11:27:07Z","IsDelete":false,"RequestChanged":false,"ExitsInGDT":false,"SourceID":0,"TinhThanhID":0,"TinhThanhTitle":"An Giang","TinhThanhTitleAscii":"/an-giang","QuanHuyenID":0,"NganhNgheTitle":"Bán buôn kim loại và quặng kim loại","NganhNgheTitleAscii":"/nganh-nghe/ban-buon-kim-loai-va-quang-kim-loai","DSTags":["1601876435","An Giang",null]},{"Type":11,"SolrID":"/1601876322-doanh-nghiep-tn-mong-giau","ID":0,"MaSoThue":"1601876322","NgayCap":"2013-05-28T00:00:00Z","Title":"Doanh Nghiệp TN Mộng Giàu","DiaChiCongTy":"ấp Long Định - Xã Long Điền A - Huyện Chợ Mới - An Giang","Created":"2015-11-16T11:28:18Z","Updated":"2015-11-16T11:28:18Z","IsDelete":false,"RequestChanged":false,"ExitsInGDT":false,"SourceID":0,"TinhThanhID":0,"TinhThanhTitle":"An Giang","TinhThanhTitleAscii":"/an-giang","QuanHuyenID":0,"NganhNgheTitle":"Bán buôn kim loại và quặng kim loại","NganhNgheTitleAscii":"/nganh-nghe/ban-buon-kim-loai-va-quang-kim-loai","DSTags":["1601876322","An Giang",null]},{"Type":11,"SolrID":"/1601868709-cong-ty-tnhh-tu-van-va-xay-dung-v-n-b-t","ID":0,"MaSoThue":"1601868709","NgayCap":"2013-03-30T00:00:00Z","Title":"Công Ty TNHH Tư Vấn Và Xây Dựng V.N.B.T","DiaChiCongTy":"Số 07, Lô 05, Cụm Dân Cư Chợ Thủ - Xã Long Điền A - Huyện Chợ Mới - An Giang","Created":"2015-11-11T23:47:19Z","Updated":"2015-11-11T23:47:19Z","IsDelete":false,"RequestChanged":false,"ExitsInGDT":false,"SourceID":0,"TinhThanhID":0,"TinhThanhTitle":"An Giang","TinhThanhTitleAscii":"/an-giang","QuanHuyenID":0,"NganhNgheTitle":"Hoạt động kiến trúc và tư vấn kỹ thuật có liên quan","NganhNgheTitleAscii":"/nganh-nghe/hoat-dong-kien-truc-va-tu-van-ky-thuat-co-lien-quan","DSTags":["1601868709","An Giang",null]},{"Type":11,"SolrID":"/1601847917-cong-ty-tnhh-thuong-mai-dich-vu-hbn","ID":0,"MaSoThue":"1601847917","NgayCap":"2012-12-12T00:00:00Z","Title":"Công Ty TNHH Thương Mại Dịch Vụ Hbn","DiaChiCongTy":"Số 225, Tổ 9, ấp Long Bình - Xã Long Điền A - Huyện Chợ Mới - An Giang","Created":"2015-11-12T01:00:03Z","Updated":"2015-11-12T01:00:03Z","IsDelete":false,"RequestChanged":false,"ExitsInGDT":false,"SourceID":0,"TinhThanhID":0,"TinhThanhTitle":"An Giang","TinhThanhTitleAscii":"/an-giang","QuanHuyenID":0,"NganhNgheTitle":"Quảng cáo","NganhNgheTitleAscii":"/nganh-nghe/quang-cao","DSTags":["1601847917","An Giang",null]},{"Type":11,"SolrID":"/1601807382-cong-ty-tnhh-mot-thanh-vien-xd-tm-dv-va-van-tai-thuan-giang","ID":0,"MaSoThue":"1601807382","NgayCap":"2012-08-08T00:00:00Z","Title":"Công Ty TNHH Một Thành Viên Xd - Tm - Dv Và Vận Tải Thuận Giang","DiaChiCongTy":"Số 69, Tổ 3, ấp Long Định - Xã Long Điền A - Huyện Chợ Mới - An Giang","Created":"2015-11-12T06:22:52Z","Updated":"2015-11-12T06:22:52Z","IsDelete":false,"RequestChanged":false,"ExitsInGDT":false,"SourceID":0,"TinhThanhID":0,"TinhThanhTitle":"An Giang","TinhThanhTitleAscii":"/an-giang","QuanHuyenID":0,"NganhNgheTitle":"Lắp đặt hệ thống xây dựng khác","NganhNgheTitleAscii":"/nganh-nghe/lap-dat-he-thong-xay-dung-khac","DSTags":["1601807382","An Giang",null]},{"Type":11,"SolrID":"/1601654062-cong-ty-tnhh-mot-thanh-vien-xay-dung-thanh-han","ID":0,"MaSoThue":"1601654062","NgayCap":"2012-02-10T00:00:00Z","Title":"Công Ty TNHH Một Thành Viên Xây Dựng Thanh Hân","DiaChiCongTy":"Số 91, ấp Long Bình - Xã Long Điền A - Huyện Chợ Mới - An Giang","Created":"2015-11-10T01:42:23Z","Updated":"2015-11-10T01:42:23Z","IsDelete":false,"RequestChanged":false,"ExitsInGDT":false,"SourceID":0,"TinhThanhID":0,"TinhThanhTitle":"An Giang","TinhThanhTitleAscii":"/an-giang","QuanHuyenID":0,"NganhNgheTitle":"Xây dựng công trình đường sắt và đường bộ","NganhNgheTitleAscii":"/nganh-nghe/xay-dung-cong-trinh-duong-sat-va-duong-bo","DSTags":["1601654062","An Giang",null]},{"Type":11,"SolrID":"/1800545050-010-chi-nhanh-cong-ty-tnhh-kinh-doanh-xang-dau-cam-thuy-cua-hang-xang-dau-cam-thuy-9","ID":0,"MaSoThue":"1800545050-010","NgayCap":"2010-11-09T00:00:00Z","Title":"Chi Nhánh Công Ty TNHH Kinh Doanh Xăng Dầu Cam Thủy - Cửa Hàng Xăng Dầu Cam Thủy 9","DiaChiCongTy":"ấp Long Bình - Xã Long Điền A - Huyện Chợ Mới - An Giang","Created":"2015-11-11T05:52:49Z","Updated":"2015-11-11T05:52:49Z","IsDelete":false,"RequestChanged":false,"ExitsInGDT":false,"SourceID":0,"TinhThanhID":0,"TinhThanhTitle":"An Giang","TinhThanhTitleAscii":"/an-giang","QuanHuyenID":0,"NganhNgheTitle":"Bán lẻ nhiên liệu động cơ trong các cửa hàng chuyên doanh","NganhNgheTitleAscii":"/nganh-nghe/ban-le-nhien-lieu-dong-co-trong-cac-cua-hang-chuyen-doanh","DSTags":["1800545050-010","An Giang",null]},{"Type":11,"SolrID":"/1601237421-doanh-nghiep-tn-hai-tam","ID":0,"MaSoThue":"1601237421","NgayCap":"2009-11-23T00:00:00Z","Title":"Doanh Nghiệp TN Hai Tâm","DiaChiCongTy":"ấp Long Hòa 2 - Xã Long Điền A - Huyện Chợ Mới - An Giang","Created":"2015-11-11T09:42:27Z","Updated":"2015-11-11T09:42:27Z","IsDelete":false,"RequestChanged":false,"ExitsInGDT":false,"SourceID":0,"TinhThanhID":0,"TinhThanhTitle":"An Giang","TinhThanhTitleAscii":"/an-giang","QuanHuyenID":0,"NganhNgheTitle":"Hoạt động xây dựng chuyên dụng khác","NganhNgheTitleAscii":"/nganh-nghe/hoat-dong-xay-dung-chuyen-dung-khac","DSTags":["1601237421","An Giang",null]},{"Type":11,"SolrID":"/1601219246-cty-tnhh-mot-thanh-vien-hoang-lien-son","ID":0,"MaSoThue":"1601219246","NgayCap":"2009-09-23T00:00:00Z","Title":"Cty TNHH Một Thành Viên Hoàng Liên Sơn","DiaChiCongTy":"555, tổ 24, ấp Long Bình, xã Long Điền A - Huyện Chợ Mới - An Giang","Created":"2015-11-14T05:17:17Z","Updated":"2015-11-14T05:17:17Z","IsDelete":false,"RequestChanged":false,"ExitsInGDT":false,"SourceID":0,"TinhThanhID":0,"TinhThanhTitle":"An Giang","TinhThanhTitleAscii":"/an-giang","QuanHuyenID":0,"NganhNgheTitle":"Bán buôn (trừ ô tô, mô tô, xe máy và xe có động cơ khác)","NganhNgheTitleAscii":"/nganh-nghe/ban-buon-tru-o-to-mo-to-xe-may-va-xe-co-dong-co-khac","DSTags":["1601219246","An Giang",null]},{"Type":11,"SolrID":"/1601218059-doanh-nghiep-tn-nguyen-van-ly","ID":0,"MaSoThue":"1601218059","NgayCap":"2009-09-17T00:00:00Z","Title":"Doanh Nghiệp TN Nguyễn Văn Lý","DiaChiCongTy":"ấp Long Hoà 1 - Xã Long Điền A - Huyện Chợ Mới - An Giang","Created":"2015-11-09T05:27:09Z","Updated":"2015-11-09T05:27:09Z","IsDelete":false,"RequestChanged":false,"ExitsInGDT":false,"SourceID":0,"TinhThanhID":0,"TinhThanhTitle":"An Giang","TinhThanhTitleAscii":"/an-giang","QuanHuyenID":0,"NganhNgheTitle":"Hoạt động xây dựng chuyên dụng khác","NganhNgheTitleAscii":"/nganh-nghe/hoat-dong-xay-dung-chuyen-dung-khac","DSTags":["1601218059","An Giang",null]},{"Type":11,"SolrID":"/1601209752-dntn-di-doi-nha-ba-tuan","ID":0,"MaSoThue":"1601209752","NgayCap":"2009-08-26T00:00:00Z","Title":"DNTN di dời nhà Ba Tuấn","DiaChiCongTy":"ấp Long Hoà 2, xã Long Điền A - Xã Long Điền A - Huyện Chợ Mới - An Giang","Created":"2015-11-09T18:02:44Z","Updated":"2015-11-09T18:02:44Z","IsDelete":false,"RequestChanged":false,"ExitsInGDT":false,"SourceID":0,"TinhThanhID":0,"TinhThanhTitle":"An Giang","TinhThanhTitleAscii":"/an-giang","QuanHuyenID":0,"NganhNgheTitle":"Xây dựng công trình kỹ thuật dân dụng","NganhNgheTitleAscii":"/nganh-nghe/xay-dung-cong-trinh-ky-thuat-dan-dung","DSTags":["1601209752","An Giang",null]},{"Type":11,"SolrID":"/1601130830-cong-ty-tnhh-mot-thanh-vien-vinaoxy","ID":0,"MaSoThue":"1601130830","NgayCap":"2009-05-20T00:00:00Z","Title":"Công Ty TNHH Một Thành Viên Vinaoxy","DiaChiCongTy":"Số 819 tỉnh lộ 942, ấp Long Hoà 1 - Xã Long Điền A - Huyện Chợ Mới - An Giang","Created":"2015-11-11T06:48:19Z","Updated":"2015-11-11T06:48:19Z","IsDelete":false,"RequestChanged":false,"ExitsInGDT":false,"SourceID":0,"TinhThanhID":0,"TinhThanhTitle":"An Giang","TinhThanhTitleAscii":"/an-giang","QuanHuyenID":0,"NganhNgheTitle":"Sản xuất khác chưa được phân vào đâu","NganhNgheTitleAscii":"/nganh-nghe/san-xuat-khac-chua-duoc-phan-vao-dau","DSTags":["1601130830","An Giang",null]},{"Type":11,"SolrID":"/1600628260-001-chi-nhanh-cong-ty-cp-co-khi-cho-moi","ID":0,"MaSoThue":"1600628260-001","NgayCap":"2009-04-10T00:00:00Z","Title":"Chi nhánh Công ty CP Cơ Khí Chợ Mới","DiaChiCongTy":"ấp Long Định, xã Long Điền A - Huyện Chợ Mới - An Giang","Created":"2015-11-11T11:50:13Z","Updated":"2015-11-11T11:50:13Z","IsDelete":false,"RequestChanged":false,"ExitsInGDT":false,"SourceID":0,"TinhThanhID":0,"TinhThanhTitle":"An Giang","TinhThanhTitleAscii":"/an-giang","QuanHuyenID":0,"NganhNgheTitle":"Sản xuất máy móc, thiết bị chưa được phân vào đâu","NganhNgheTitleAscii":"/nganh-nghe/san-xuat-may-moc-thiet-bi-chua-duoc-phan-vao-dau","DSTags":["1600628260-001","An Giang",null]},{"Type":11,"SolrID":"/1601051346-cong-ty-tnhh-tan-hung-ag","ID":0,"MaSoThue":"1601051346","NgayCap":"2009-03-09T00:00:00Z","Title":"Công Ty TNHH Tấn Hưng-Ag","DiaChiCongTy":"ấp Long Thuận 2 - Xã Long Điền A - Huyện Chợ Mới - An Giang","Created":"2015-11-11T06:05:38Z","Updated":"2015-11-11T06:05:38Z","IsDelete":false,"RequestChanged":false,"ExitsInGDT":false,"SourceID":0,"TinhThanhID":0,"TinhThanhTitle":"An Giang","TinhThanhTitleAscii":"/an-giang","QuanHuyenID":0,"NganhNgheTitle":"Chế biến, bảo quản thuỷ sản và các sản phẩm từ thuỷ sản","NganhNgheTitleAscii":"/nganh-nghe/che-bien-bao-quan-thuy-san-va-cac-san-pham-tu-thuy-san","DSTags":["1601051346","An Giang",null]},{"Type":11,"SolrID":"/1601032512-van-phong-luat-su-pham-hoang-vinh","ID":0,"MaSoThue":"1601032512","NgayCap":"2009-02-10T00:00:00Z","Title":"Văn Phòng Luật Sư Phạm Hoàng Vinh","DiaChiCongTy":"Tổ 01, TL 942, Xã Long Điền A - Huyện Chợ Mới - An Giang","Created":"2015-11-16T23:59:55Z","Updated":"2015-11-16T23:59:55Z","IsDelete":false,"RequestChanged":false,"ExitsInGDT":false,"SourceID":0,"TinhThanhID":0,"TinhThanhTitle":"An Giang","TinhThanhTitleAscii":"/an-giang","QuanHuyenID":0,"NganhNgheTitle":"Hoạt động đại diện, tư vấn pháp luật","NganhNgheTitleAscii":"/nganh-nghe/hoat-dong-dai-dien-tu-van-phap-luat","DSTags":["1601032512","An Giang",null]},{"Type":11,"SolrID":"/1600983089-cty-tnhh-giong-cay-trong-cho-moi","ID":0,"MaSoThue":"1600983089","NgayCap":"2008-11-04T00:00:00Z","Title":"Cty TNHH Giống Cây Trồng Chợ Mới","DiaChiCongTy":"ấp Long Định, xã Long Điền A - Huyện Chợ Mới - An Giang","Created":"2015-11-11T12:04:52Z","Updated":"2015-11-11T12:04:52Z","IsDelete":false,"RequestChanged":false,"ExitsInGDT":false,"SourceID":0,"TinhThanhID":0,"TinhThanhTitle":"An Giang","TinhThanhTitleAscii":"/an-giang","QuanHuyenID":0,"NganhNgheTitle":"Nhân và chăm sóc cây giống nông nghiệp","NganhNgheTitleAscii":"/nganh-nghe/nhan-va-cham-soc-cay-giong-nong-nghiep","DSTags":["1600983089","An Giang",null]},{"Type":11,"SolrID":"/1600977984-cong-ty-tnhh-mot-thanh-vien-duong-khang","ID":0,"MaSoThue":"1600977984","NgayCap":"2008-09-23T00:00:00Z","Title":"Công Ty TNHH Một Thành Viên Dương Khang","DiaChiCongTy":"ấp Long Hòa 1 - Xã Long Điền A - Huyện Chợ Mới - An Giang","Created":"2015-11-09T12:36:29Z","Updated":"2015-11-09T12:36:29Z","IsDelete":false,"RequestChanged":false,"ExitsInGDT":false,"SourceID":0,"TinhThanhID":0,"TinhThanhTitle":"An Giang","TinhThanhTitleAscii":"/an-giang","QuanHuyenID":0,"NganhNgheTitle":"Xây dựng công trình đường sắt và đường bộ","NganhNgheTitleAscii":"/nganh-nghe/xay-dung-cong-trinh-duong-sat-va-duong-bo","DSTags":["1600977984","An Giang",null]},{"Type":11,"SolrID":"/1600952228-trung-tam-hoc-tap-cong-dong-xa-long-dien-a","ID":0,"MaSoThue":"1600952228","NgayCap":"2008-03-28T00:00:00Z","Title":"Trung Tâm Học Tập Công Đồng xã Long Điền A","DiaChiCongTy":"ấp Long Định, xã Long Điền A - Huyện Chợ Mới - An Giang","Created":"2015-11-17T03:31:26Z","Updated":"2015-11-17T03:31:26Z","IsDelete":false,"RequestChanged":false,"ExitsInGDT":false,"SourceID":0,"TinhThanhID":0,"TinhThanhTitle":"An Giang","TinhThanhTitleAscii":"/an-giang","QuanHuyenID":0,"NganhNgheTitle":"Giáo dục nghề nghiệp","NganhNgheTitleAscii":"/nganh-nghe/giao-duc-nghe-nghiep","DSTags":["1600952228","An Giang",null]},{"Type":11,"SolrID":"/1600896164-cong-ty-tnhh-mot-thanh-vien-thanh-liem","ID":0,"MaSoThue":"1600896164","NgayCap":"2007-07-05T00:00:00Z","Title":"Công Ty TNHH Một Thành Viên Thanh Liễm","DiaChiCongTy":"Số 353, ấp Long Hòa 2 - Xã Long Điền A - Huyện Chợ Mới - An Giang","Created":"2015-11-17T03:57:11Z","Updated":"2015-11-17T03:57:11Z","IsDelete":false,"RequestChanged":false,"ExitsInGDT":false,"SourceID":0,"TinhThanhID":0,"TinhThanhTitle":"An Giang","TinhThanhTitleAscii":"/an-giang","QuanHuyenID":0,"NganhNgheTitle":"Hoạt động xây dựng chuyên dụng khác","NganhNgheTitleAscii":"/nganh-nghe/hoat-dong-xay-dung-chuyen-dung-khac","DSTags":["1600896164","An Giang",null]},{"Type":11,"SolrID":"/1600826368-trung-tam-day-nghe-huyen-cho-moi","ID":0,"MaSoThue":"1600826368","NgayCap":"2006-02-13T00:00:00Z","Title":"Trung tâm Dạy nghề huyện Chợ Mới","DiaChiCongTy":"ấp Long Định, xã Long Điền A - Huyện Chợ Mới - An Giang","Created":"2015-11-17T04:28:58Z","Updated":"2015-11-17T04:28:58Z","IsDelete":false,"RequestChanged":false,"ExitsInGDT":false,"SourceID":0,"TinhThanhID":0,"TinhThanhTitle":"An Giang","TinhThanhTitleAscii":"/an-giang","QuanHuyenID":0,"NganhNgheTitle":"Giáo dục nghề nghiệp","NganhNgheTitleAscii":"/nganh-nghe/giao-duc-nghe-nghiep","DSTags":["1600826368","An Giang",null]},{"Type":11,"SolrID":"/1600606468-doanh-nghiep-tn-xang-dau-thanh-liem-2","ID":0,"MaSoThue":"1600606468","NgayCap":"2004-01-29T00:00:00Z","Title":"Doanh Nghiệp TN Xăng Dầu Thanh Liêm 2","DiaChiCongTy":"ấp Long Hòa I - Xã Long Điền A - Huyện Chợ Mới - An Giang","Created":"2015-11-11T09:38:07Z","Updated":"2015-11-11T09:38:07Z","IsDelete":false,"RequestChanged":false,"ExitsInGDT":false,"SourceID":0,"TinhThanhID":0,"TinhThanhTitle":"An Giang","TinhThanhTitleAscii":"/an-giang","QuanHuyenID":0,"NganhNgheTitle":"Bán buôn nhiên liệu rắn, lỏng, khí và các sản phẩm liên quan","NganhNgheTitleAscii":"/nganh-nghe/ban-buon-nhien-lieu-ran-long-khi-va-cac-san-pham-lien-quan","DSTags":["1600606468","An Giang",null]},{"Type":11,"SolrID":"/1600378437-dntn-hong-phuc","ID":0,"MaSoThue":"1600378437","NgayCap":"1999-07-27T00:00:00Z","Title":"DNTN Hồng Phúc","DiaChiCongTy":"ấp Long Bình, xã Long Điền A - Huyện Chợ Mới - An Giang","Created":"2015-11-14T14:30:33Z","Updated":"2015-11-14T14:30:33Z","IsDelete":false,"RequestChanged":false,"ExitsInGDT":false,"SourceID":0,"TinhThanhID":0,"TinhThanhTitle":"An Giang","TinhThanhTitleAscii":"/an-giang","QuanHuyenID":0,"NganhNgheTitle":"Bán lẻ nhiên liệu động cơ trong các cửa hàng chuyên doanh","NganhNgheTitleAscii":"/nganh-nghe/ban-le-nhien-lieu-dong-co-trong-cac-cua-hang-chuyen-doanh","DSTags":["1600378437","An Giang",null]},{"Type":11,"SolrID":"/1600366103-004-truong-mau-giao-long-dien-a","ID":0,"MaSoThue":"1600366103-004","NgayCap":"1999-02-23T00:00:00Z","Title":"Trường Mẫu giáo Long Điền A","DiaChiCongTy":"ấp Long Định, xã Long Điền A - Huyện Chợ Mới - An Giang","Created":"2015-11-17T19:48:16Z","Updated":"2015-11-17T19:48:16Z","IsDelete":false,"RequestChanged":false,"ExitsInGDT":false,"SourceID":0,"TinhThanhID":0,"TinhThanhTitle":"An Giang","TinhThanhTitleAscii":"/an-giang","QuanHuyenID":0,"NganhNgheTitle":"Giáo dục mầm non","NganhNgheTitleAscii":"/nganh-nghe/giao-duc-mam-non","DSTags":["1600366103-004","An Giang",null]},{"Type":11,"SolrID":"/1600377627-dntn-phuc-tai","ID":0,"MaSoThue":"1600377627","NgayCap":"1999-01-08T00:00:00Z","Title":"DNTN Phúc Tài","DiaChiCongTy":"ấp Long Hoà II, xã Long Điền A - Huyện Chợ Mới - An Giang","Created":"2015-11-09T09:57:56Z","Updated":"2015-11-09T09:57:56Z","IsDelete":false,"RequestChanged":false,"ExitsInGDT":false,"SourceID":0,"TinhThanhID":0,"TinhThanhTitle":"An Giang","TinhThanhTitleAscii":"/an-giang","QuanHuyenID":0,"NganhNgheTitle":"Bán buôn chuyên doanh khác","NganhNgheTitleAscii":"/nganh-nghe/ban-buon-chuyen-doanh-khac","DSTags":["1600377627","An Giang",null]},{"Type":11,"SolrID":"/1600365886-003-truong-trung-hoc-co-so-long-dien-a","ID":0,"MaSoThue":"1600365886-003","NgayCap":"1998-11-24T00:00:00Z","Title":"Trường Trung học cơ sở Long Điền A","DiaChiCongTy":"ấp Long Bình, xã Long Điền A - Huyện Chợ Mới - An Giang","Created":"2015-11-17T19:48:10Z","Updated":"2015-11-17T19:48:10Z","IsDelete":false,"RequestChanged":false,"ExitsInGDT":false,"SourceID":0,"TinhThanhID":0,"TinhThanhTitle":"An Giang","TinhThanhTitleAscii":"/an-giang","QuanHuyenID":0,"NganhNgheTitle":"Giáo dục trung học cơ sở và trung học phổ thông","NganhNgheTitleAscii":"/nganh-nghe/giao-duc-trung-hoc-co-so-va-trung-hoc-pho-thong","DSTags":["1600365886-003","An Giang",null]},{"Type":11,"SolrID":"/1600366103-019-truong-tieu-hoc-phu-dong","ID":0,"MaSoThue":"1600366103-019","NgayCap":"1998-11-24T00:00:00Z","Title":"Trường Tiểu học Phù Đổng","DiaChiCongTy":"ấp Long Định, xã Long Điền A - Huyện Chợ Mới - An Giang","Created":"2015-11-17T19:48:32Z","Updated":"2015-11-17T19:48:32Z","IsDelete":false,"RequestChanged":false,"ExitsInGDT":false,"SourceID":0,"TinhThanhID":0,"TinhThanhTitle":"An Giang","TinhThanhTitleAscii":"/an-giang","QuanHuyenID":0,"NganhNgheTitle":"Giáo dục tiểu học","NganhNgheTitleAscii":"/nganh-nghe/giao-duc-tieu-hoc","DSTags":["1600366103-019","An Giang",null]},{"Type":11,"SolrID":"/1600366103-020-truong-tieu-hoc-trieu-thi-trinh","ID":0,"MaSoThue":"1600366103-020","NgayCap":"1998-11-24T00:00:00Z","Title":"Trường Tiểu học Triệu Thị Trinh","DiaChiCongTy":"Xã Long Điền A - Huyện Chợ Mới - An Giang","Created":"2015-11-17T19:48:33Z","Updated":"2015-11-17T19:48:33Z","IsDelete":false,"RequestChanged":false,"ExitsInGDT":false,"SourceID":0,"TinhThanhID":0,"TinhThanhTitle":"An Giang","TinhThanhTitleAscii":"/an-giang","QuanHuyenID":0,"NganhNgheTitle":"Giáo dục tiểu học","NganhNgheTitleAscii":"/nganh-nghe/giao-duc-tieu-hoc","DSTags":["1600366103-020","An Giang",null]},{"Type":11,"SolrID":"/1600366103-021-truong-tieu-hoc-tran-hung-dao","ID":0,"MaSoThue":"1600366103-021","NgayCap":"1998-11-24T00:00:00Z","Title":"Trường Tiểu học Trần Hưng Đạo","DiaChiCongTy":"ấp Long Bình, xã Long Điền A - Huyện Chợ Mới - An Giang","Created":"2015-11-17T19:48:35Z","Updated":"2015-11-17T19:48:35Z","IsDelete":false,"RequestChanged":false,"ExitsInGDT":false,"SourceID":0,"TinhThanhID":0,"TinhThanhTitle":"An Giang","TinhThanhTitleAscii":"/an-giang","QuanHuyenID":0,"NganhNgheTitle":"Giáo dục tiểu học","NganhNgheTitleAscii":"/nganh-nghe/giao-duc-tieu-hoc","DSTags":["1600366103-021","An Giang",null]},{"Type":11,"SolrID":"/1600363543-ubnd-xa-long-dien-a","ID":0,"MaSoThue":"1600363543","NgayCap":"1998-10-31T00:00:00Z","Title":"UBND Xã Long Điền A","DiaChiCongTy":"Xã Long Điền A - Huyện Chợ Mới - An Giang","Created":"2015-11-14T17:23:53Z","Updated":"2015-11-14T17:23:53Z","IsDelete":false,"RequestChanged":false,"ExitsInGDT":false,"SourceID":0,"TinhThanhID":0,"TinhThanhTitle":"An Giang","TinhThanhTitleAscii":"/an-giang","QuanHuyenID":0,"NganhNgheTitle":"Hoạt động quản lý nhà nước nói chung và kinh tế tổng hợp","NganhNgheTitleAscii":"/nganh-nghe/hoat-dong-quan-ly-nha-nuoc-noi-chung-va-kinh-te-tong-hop","DSTags":["1600363543","An Giang",null]},{"Type":11,"SolrID":"/1600149469-dntn-lap-thanh","ID":0,"MaSoThue":"1600149469","NgayCap":"1998-09-18T00:00:00Z","Title":"DNTN Lập Thành","DiaChiCongTy":"ấp Long Hoà 2, xã Long Điền A - Huyện Chợ Mới - An Giang","Created":"2015-11-17T01:44:56Z","Updated":"2015-11-17T01:44:56Z","IsDelete":false,"RequestChanged":false,"ExitsInGDT":false,"SourceID":0,"TinhThanhID":0,"TinhThanhTitle":"An Giang","TinhThanhTitleAscii":"/an-giang","QuanHuyenID":0,"NganhNgheTitle":"Sản xuất đồ uống không cồn","NganhNgheTitleAscii":"/nganh-nghe/san-xuat-do-uong-khong-con","DSTags":["1600149469","An Giang",null]}]}