{"ID":1742,"SolrID":"/an-giang/huyen-cho-moi/xa-long-giang","Title":"Xã Long Giang","TinhThanhTitle":"An Giang","QuanHuyenTitle":"Huyện Chợ Mới","QuanHuyenID":489,"TinhThanhID":35,"Url":"https://thongtindoanhnghiep.co/api/company?l=/an-giang/huyen-cho-moi/xa-long-giang","Total":30,"List":[{"Type":11,"SolrID":"/1602141955-cong-ty-tnhh-nguyen-phat-nam-toi","ID":0,"MaSoThue":"1602141955","NgayCap":"2021-03-02T00:00:00Z","Title":"Công Ty TNHH Nguyễn Phát Năm Tới","DiaChiCongTy":"Áp Long Hòa, Xã Long Giang, Huyện Chợ Mới, Tỉnh An Giang","Created":"2021-03-02T13:35:51Z","Updated":"2021-03-02T13:35:51Z","IsDelete":false,"RequestChanged":false,"ExitsInGDT":false,"SourceID":0,"TinhThanhID":0,"TinhThanhTitle":"An Giang","TinhThanhTitleAscii":"/an-giang","QuanHuyenID":0,"NganhNgheTitle":"Sản xuất vật liệu xây dựng từ đất sét","NganhNgheTitleAscii":"/nganh-nghe/san-xuat-vat-lieu-xay-dung-tu-dat-set","DSTags":["1602141955","An Giang",null]},{"Type":11,"SolrID":"/1602064732-cong-ty-tnhh-bao-ve-thuc-vat-phuc-nong","ID":0,"MaSoThue":"1602064732","NgayCap":"2018-03-06T00:00:00Z","Title":"Công Ty TNHH Bảo Vệ Thực Vật Phúc Nông","DiaChiCongTy":"Số 308, Ấp Long Mỹ 1, Xã Long Giang, Huyện Chợ Mới, Tỉnh An Giang","Created":"2018-03-06T08:36:18Z","Updated":"2018-03-06T08:36:18Z","IsDelete":false,"RequestChanged":false,"ExitsInGDT":false,"SourceID":0,"TinhThanhID":0,"TinhThanhTitle":"An Giang","TinhThanhTitleAscii":"/an-giang","QuanHuyenID":0,"NganhNgheTitle":"Bán buôn chuyên doanh khác chưa được phân vào đâu","NganhNgheTitleAscii":"/nganh-nghe/ban-buon-chuyen-doanh-khac-chua-duoc-phan-vao-dau","DSTags":["1602064732","An Giang",null]},{"Type":11,"SolrID":"/1602046885-doanh-nghiep-tn-nu-trang-da-quy-kim-hang","ID":0,"MaSoThue":"1602046885","NgayCap":"2017-08-03T00:00:00Z","Title":"Doanh Nghiệp Tn Nữ Trang Đá Quý Kim Hằng","DiaChiCongTy":"Số 65, Tổ 02, Ấp Long Thạnh 2, Xã Long Giang, Huyện Chợ Mới, Tỉnh An Giang","Created":"2017-08-03T11:38:03Z","Updated":"2017-08-03T11:38:03Z","IsDelete":false,"RequestChanged":false,"ExitsInGDT":false,"SourceID":0,"TinhThanhID":0,"TinhThanhTitle":"An Giang","TinhThanhTitleAscii":"/an-giang","QuanHuyenID":0,"NganhNgheTitle":"Bán buôn kim loại và quặng kim loại","NganhNgheTitleAscii":"/nganh-nghe/ban-buon-kim-loai-va-quang-kim-loai","DSTags":["1602046885","An Giang",null]},{"Type":11,"SolrID":"/1602044461-cong-ty-tnhh-mot-thanh-vien-vien-thong-kim-yen","ID":0,"MaSoThue":"1602044461","NgayCap":"2017-07-03T00:00:00Z","Title":"Công Ty TNHH Một Thành Viên Viễn Thông Kim Yến","DiaChiCongTy":"Số 288, Ấp Long Thạnh 1, Xã Long Giang, Huyện Chợ Mới, Tỉnh An Giang","Created":"2017-07-03T15:07:54Z","Updated":"2017-07-03T15:07:54Z","IsDelete":false,"RequestChanged":false,"ExitsInGDT":false,"SourceID":0,"TinhThanhID":0,"TinhThanhTitle":"An Giang","TinhThanhTitleAscii":"/an-giang","QuanHuyenID":0,"NganhNgheTitle":"Bán buôn thiết bị và linh kiện điện tử, viễn thông","NganhNgheTitleAscii":"/nganh-nghe/ban-buon-thiet-bi-va-linh-kien-dien-tu-vien-thong","DSTags":["1602044461","An Giang",null]},{"Type":11,"SolrID":"/1601979279-002-chi-nhanh-1-doanh-nghiep-tn-tro-choi-dien-tu-anh-mai","ID":0,"MaSoThue":"1601979279-002","NgayCap":"2016-01-23T00:00:00Z","Title":"Chi Nhánh 1 - Doanh Nghiệp TN Trò Chơi Điện Tử ánh Mai","DiaChiCongTy":"Số 83, ấp Long Thuận - Xã Long Giang - Huyện Chợ Mới - An Giang","Created":"2016-01-28T21:20:57Z","Updated":"2016-01-28T21:20:57Z","IsDelete":false,"RequestChanged":false,"ExitsInGDT":false,"SourceID":0,"TinhThanhID":0,"TinhThanhTitle":"An Giang","TinhThanhTitleAscii":"/an-giang","QuanHuyenID":0,"NganhNgheTitle":"Hoạt động vui chơi giải trí khác chưa được phân vào đâu","NganhNgheTitleAscii":"/nganh-nghe/hoat-dong-vui-choi-giai-tri-khac-chua-duoc-phan-vao-dau","DSTags":["1601979279-002","An Giang",null]},{"Type":11,"SolrID":"/1601979279-001-chi-nhanh-doanh-nghiep-tn-tro-choi-dien-tu-anh-mai","ID":0,"MaSoThue":"1601979279-001","NgayCap":"2015-11-10T00:00:00Z","Title":"Chi Nhánh Doanh Nghiệp TN Trò Chơi Điện Tử ánh Mai","DiaChiCongTy":"Số 70, ấp Long Mỹ 1 - Xã Long Giang - Huyện Chợ Mới - An Giang","Created":"2015-11-19T13:13:06Z","Updated":"2015-11-19T13:13:06Z","IsDelete":false,"RequestChanged":false,"ExitsInGDT":false,"SourceID":0,"TinhThanhID":0,"TinhThanhTitle":"An Giang","TinhThanhTitleAscii":"/an-giang","QuanHuyenID":0,"NganhNgheTitle":"Hoạt động vui chơi giải trí khác chưa được phân vào đâu","NganhNgheTitleAscii":"/nganh-nghe/hoat-dong-vui-choi-giai-tri-khac-chua-duoc-phan-vao-dau","DSTags":["1601979279-001","An Giang",null]},{"Type":11,"SolrID":"/1601972756-doanh-nghiep-tn-xay-dung-nguyen-chien","ID":0,"MaSoThue":"1601972756","NgayCap":"2015-05-20T00:00:00Z","Title":"Doanh Nghiệp TN Xây Dựng Nguyễn Chiến","DiaChiCongTy":"Số 504, ấp Long Thạnh I - Xã Long Giang - Huyện Chợ Mới - An Giang","Created":"2015-11-18T02:41:49Z","Updated":"2015-11-18T02:41:49Z","IsDelete":false,"RequestChanged":false,"ExitsInGDT":false,"SourceID":0,"TinhThanhID":0,"TinhThanhTitle":"An Giang","TinhThanhTitleAscii":"/an-giang","QuanHuyenID":0,"NganhNgheTitle":"Xây dựng nhà các loại","NganhNgheTitleAscii":"/nganh-nghe/xay-dung-nha-cac-loai","DSTags":["1601972756","An Giang",null]},{"Type":11,"SolrID":"/1600760325-001-chi-nhanh-doanh-nghiep-tu-nhan-an-phat","ID":0,"MaSoThue":"1600760325-001","NgayCap":"2014-08-21T00:00:00Z","Title":"Chi Nhánh Doanh Nghiệp Tư Nhân An Phát","DiaChiCongTy":"ấp Long Mỹ 1 - Xã Long Giang - Huyện Chợ Mới - An Giang","Created":"2015-11-11T06:42:17Z","Updated":"2015-11-11T06:42:17Z","IsDelete":false,"RequestChanged":false,"ExitsInGDT":false,"SourceID":0,"TinhThanhID":0,"TinhThanhTitle":"An Giang","TinhThanhTitleAscii":"/an-giang","QuanHuyenID":0,"NganhNgheTitle":"Bán buôn nhiên liệu rắn, lỏng, khí và các sản phẩm liên quan","NganhNgheTitleAscii":"/nganh-nghe/ban-buon-nhien-lieu-ran-long-khi-va-cac-san-pham-lien-quan","DSTags":["1600760325-001","An Giang",null]},{"Type":11,"SolrID":"/1601925227-cong-ty-tnhh-mot-thanh-vien-chi-thanh-cho-moi","ID":0,"MaSoThue":"1601925227","NgayCap":"2014-06-06T00:00:00Z","Title":"Công Ty TNHH Một Thành Viên Chí Thành Chợ Mới","DiaChiCongTy":"Số 290, ấp Long Mỹ I - Xã Long Giang - Huyện Chợ Mới - An Giang","Created":"2015-11-09T14:09:44Z","Updated":"2015-11-09T14:09:44Z","IsDelete":false,"RequestChanged":false,"ExitsInGDT":false,"SourceID":0,"TinhThanhID":0,"TinhThanhTitle":"An Giang","TinhThanhTitleAscii":"/an-giang","QuanHuyenID":0,"NganhNgheTitle":"Khai khoáng khác chưa được phân vào đâu","NganhNgheTitleAscii":"/nganh-nghe/khai-khoang-khac-chua-duoc-phan-vao-dau-10612","DSTags":["1601925227","An Giang",null]},{"Type":11,"SolrID":"/1601916896-cong-ty-tnhh-kinh-doanh-thuy-san-hai-minh","ID":0,"MaSoThue":"1601916896","NgayCap":"2014-03-27T00:00:00Z","Title":"Công Ty TNHH Kinh Doanh Thủy Sản Hải Minh","DiaChiCongTy":"ấp Long Quới - Xã Long Giang - Huyện Chợ Mới - An Giang","Created":"2015-11-11T16:19:19Z","Updated":"2015-11-11T16:19:19Z","IsDelete":false,"RequestChanged":false,"ExitsInGDT":false,"SourceID":0,"TinhThanhID":0,"TinhThanhTitle":"An Giang","TinhThanhTitleAscii":"/an-giang","QuanHuyenID":0,"NganhNgheTitle":"Bán buôn thực phẩm","NganhNgheTitleAscii":"/nganh-nghe/ban-buon-thuc-pham","DSTags":["1601916896","An Giang",null]},{"Type":11,"SolrID":"/1601879838-doanh-nghiep-tn-xay-dung-nguyen-trung-hieu","ID":0,"MaSoThue":"1601879838","NgayCap":"2013-06-13T00:00:00Z","Title":"Doanh Nghiệp TN Xây Dựng Nguyễn Trung Hiếu","DiaChiCongTy":"Số 49, Tổ 2, ấp Long Thạnh 2 - Xã Long Giang - Huyện Chợ Mới - An Giang","Created":"2015-11-16T21:37:38Z","Updated":"2015-11-16T21:37:38Z","IsDelete":false,"RequestChanged":false,"ExitsInGDT":false,"SourceID":0,"TinhThanhID":0,"TinhThanhTitle":"An Giang","TinhThanhTitleAscii":"/an-giang","QuanHuyenID":0,"NganhNgheTitle":"Xây dựng công trình đường sắt và đường bộ","NganhNgheTitleAscii":"/nganh-nghe/xay-dung-cong-trinh-duong-sat-va-duong-bo","DSTags":["1601879838","An Giang",null]},{"Type":11,"SolrID":"/1601877742-doanh-nghiep-tn-tiem-vang-nhu-ngoc-long-giang","ID":0,"MaSoThue":"1601877742","NgayCap":"2013-05-31T00:00:00Z","Title":"Doanh Nghiệp TN Tiệm Vàng Như Ngọc Long Giang","DiaChiCongTy":"ấp Long Thạnh II - Xã Long Giang - Huyện Chợ Mới - An Giang","Created":"2015-11-16T21:34:28Z","Updated":"2015-11-16T21:34:28Z","IsDelete":false,"RequestChanged":false,"ExitsInGDT":false,"SourceID":0,"TinhThanhID":0,"TinhThanhTitle":"An Giang","TinhThanhTitleAscii":"/an-giang","QuanHuyenID":0,"NganhNgheTitle":"Bán buôn kim loại và quặng kim loại","NganhNgheTitleAscii":"/nganh-nghe/ban-buon-kim-loai-va-quang-kim-loai","DSTags":["1601877742","An Giang",null]},{"Type":11,"SolrID":"/1601874325-doanh-nghiep-tn-tiem-vang-huong","ID":0,"MaSoThue":"1601874325","NgayCap":"2013-05-14T00:00:00Z","Title":"Doanh Nghiệp TN Tiệm Vàng Hương","DiaChiCongTy":"ấp Long Thạnh II - Xã Long Giang - Huyện Chợ Mới - An Giang","Created":"2015-11-16T10:56:56Z","Updated":"2015-11-16T10:56:56Z","IsDelete":false,"RequestChanged":false,"ExitsInGDT":false,"SourceID":0,"TinhThanhID":0,"TinhThanhTitle":"An Giang","TinhThanhTitleAscii":"/an-giang","QuanHuyenID":0,"NganhNgheTitle":"Bán buôn kim loại và quặng kim loại","NganhNgheTitleAscii":"/nganh-nghe/ban-buon-kim-loai-va-quang-kim-loai","DSTags":["1601874325","An Giang",null]},{"Type":11,"SolrID":"/1800648867-003-chi-nhanh-cong-ty-co-phan-thuy-san-ntsf","ID":0,"MaSoThue":"1800648867-003","NgayCap":"2010-11-30T00:00:00Z","Title":"Chi Nhánh Công Ty Cổ Phần Thủy Sản Ntsf","DiaChiCongTy":"ấp Long Hòa - Xã Long Giang - Huyện Chợ Mới - An Giang","Created":"2015-11-10T01:45:48Z","Updated":"2015-11-10T01:45:48Z","IsDelete":false,"RequestChanged":false,"ExitsInGDT":false,"SourceID":0,"TinhThanhID":0,"TinhThanhTitle":"An Giang","TinhThanhTitleAscii":"/an-giang","QuanHuyenID":0,"NganhNgheTitle":"Nuôi trồng thuỷ sản nội địa","NganhNgheTitleAscii":"/nganh-nghe/nuoi-trong-thuy-san-noi-dia","DSTags":["1800648867-003","An Giang",null]},{"Type":11,"SolrID":"/1601238802-cong-ty-tnhh-tu-van-xay-dung-kien-hoa","ID":0,"MaSoThue":"1601238802","NgayCap":"2009-11-27T00:00:00Z","Title":"Công Ty TNHH Tư Vấn Xây Dựng Kiến Hoa","DiaChiCongTy":"Số 411, tổ 11, ấp Long Hòa - Xã Long Giang - Huyện Chợ Mới - An Giang","Created":"2015-11-11T03:30:30Z","Updated":"2015-11-11T03:30:30Z","IsDelete":false,"RequestChanged":false,"ExitsInGDT":false,"SourceID":0,"TinhThanhID":0,"TinhThanhTitle":"An Giang","TinhThanhTitleAscii":"/an-giang","QuanHuyenID":0,"NganhNgheTitle":"Xây dựng nhà các loại","NganhNgheTitleAscii":"/nganh-nghe/xay-dung-nha-cac-loai","DSTags":["1601238802","An Giang",null]},{"Type":11,"SolrID":"/1601088917-doanh-nghiep-tn-cong-tien","ID":0,"MaSoThue":"1601088917","NgayCap":"2009-04-10T00:00:00Z","Title":"Doanh Nghiệp TN Công Tiến","DiaChiCongTy":"ấp Long Thạnh 2 - Xã Long Giang - Huyện Chợ Mới - An Giang","Created":"2015-11-17T07:24:49Z","Updated":"2015-11-17T07:24:49Z","IsDelete":false,"RequestChanged":false,"ExitsInGDT":false,"SourceID":0,"TinhThanhID":0,"TinhThanhTitle":"An Giang","TinhThanhTitleAscii":"/an-giang","QuanHuyenID":0,"NganhNgheTitle":"Xây dựng nhà các loại","NganhNgheTitleAscii":"/nganh-nghe/xay-dung-nha-cac-loai","DSTags":["1601088917","An Giang",null]},{"Type":11,"SolrID":"/1601087889-htx-long-thanh","ID":0,"MaSoThue":"1601087889","NgayCap":"2009-04-09T00:00:00Z","Title":"HTX Long Thạnh","DiaChiCongTy":"ấp Long Thạnh II, xã Long Giang - Huyện Chợ Mới - An Giang","Created":"2015-11-16T15:16:20Z","Updated":"2015-11-16T15:16:20Z","IsDelete":false,"RequestChanged":false,"ExitsInGDT":false,"SourceID":0,"TinhThanhID":0,"TinhThanhTitle":"An Giang","TinhThanhTitleAscii":"/an-giang","QuanHuyenID":0,"NganhNgheTitle":"Nhân và chăm sóc cây giống nông nghiệp","NganhNgheTitleAscii":"/nganh-nghe/nhan-va-cham-soc-cay-giong-nong-nghiep","DSTags":["1601087889","An Giang",null]},{"Type":11,"SolrID":"/1600960324-cty-tnhh-mot-thanh-vien-long-giang","ID":0,"MaSoThue":"1600960324","NgayCap":"2008-05-07T00:00:00Z","Title":"Cty TNHH Một Thành Viên Long Giang","DiaChiCongTy":"Số 2, ấp Long Mỹ 1, xã Long Giang - Huyện Chợ Mới - An Giang","Created":"2015-11-09T03:52:44Z","Updated":"2015-11-09T03:52:44Z","IsDelete":false,"RequestChanged":false,"ExitsInGDT":false,"SourceID":0,"TinhThanhID":0,"TinhThanhTitle":"An Giang","TinhThanhTitleAscii":"/an-giang","QuanHuyenID":0,"NganhNgheTitle":"Xây dựng công trình kỹ thuật dân dụng","NganhNgheTitleAscii":"/nganh-nghe/xay-dung-cong-trinh-ky-thuat-dan-dung","DSTags":["1600960324","An Giang",null]},{"Type":11,"SolrID":"/1600760325-doanh-nghiep-tn-an-phat","ID":0,"MaSoThue":"1600760325","NgayCap":"2005-01-21T00:00:00Z","Title":"Doanh Nghiệp TN An Phát","DiaChiCongTy":"Xà lan AG-10465-H, Tổ 4, ấp Long Mỹ 1 - Xã Long Giang - Huyện Chợ Mới - An Giang","Created":"2015-11-11T06:42:15Z","Updated":"2015-11-11T06:42:15Z","IsDelete":false,"RequestChanged":false,"ExitsInGDT":false,"SourceID":0,"TinhThanhID":0,"TinhThanhTitle":"An Giang","TinhThanhTitleAscii":"/an-giang","QuanHuyenID":0,"NganhNgheTitle":"Bán buôn nhiên liệu rắn, lỏng, khí và các sản phẩm liên quan","NganhNgheTitleAscii":"/nganh-nghe/ban-buon-nhien-lieu-ran-long-khi-va-cac-san-pham-lien-quan","DSTags":["1600760325","An Giang",null]},{"Type":11,"SolrID":"/1600178639-dntn-ngoc-dang","ID":0,"MaSoThue":"1600178639","NgayCap":"2004-02-19T00:00:00Z","Title":"DNTN Ngọc Đặng","DiaChiCongTy":"ấp Long Hoà, Xã Long Giang - Huyện Chợ Mới - An Giang","Created":"2015-11-17T04:55:29Z","Updated":"2015-11-17T04:55:29Z","IsDelete":false,"RequestChanged":false,"ExitsInGDT":false,"SourceID":0,"TinhThanhID":0,"TinhThanhTitle":"An Giang","TinhThanhTitleAscii":"/an-giang","QuanHuyenID":0,"NganhNgheTitle":"Bán lẻ nhiên liệu động cơ trong các cửa hàng chuyên doanh","NganhNgheTitleAscii":"/nganh-nghe/ban-le-nhien-lieu-dong-co-trong-cac-cua-hang-chuyen-doanh","DSTags":["1600178639","An Giang",null]},{"Type":11,"SolrID":"/1600681200-doanh-nghiep-tn-phu-vinh-i","ID":0,"MaSoThue":"1600681200","NgayCap":"2004-02-12T00:00:00Z","Title":"Doanh Nghiệp TN Phú Vinh I","DiaChiCongTy":"Xà lan AG-10706-H, ấp Long Phú - Xã Long Giang - Huyện Chợ Mới - An Giang","Created":"2015-11-10T01:37:31Z","Updated":"2015-11-10T01:37:31Z","IsDelete":false,"RequestChanged":false,"ExitsInGDT":false,"SourceID":0,"TinhThanhID":0,"TinhThanhTitle":"An Giang","TinhThanhTitleAscii":"/an-giang","QuanHuyenID":0,"NganhNgheTitle":"Bán buôn nhiên liệu rắn, lỏng, khí và các sản phẩm liên quan","NganhNgheTitleAscii":"/nganh-nghe/ban-buon-nhien-lieu-ran-long-khi-va-cac-san-pham-lien-quan","DSTags":["1600681200","An Giang",null]},{"Type":11,"SolrID":"/1600365773-001-truong-trung-hoc-co-so-long-giang","ID":0,"MaSoThue":"1600365773-001","NgayCap":"1998-11-24T00:00:00Z","Title":"Trường Trung học cơ sở Long Giang","DiaChiCongTy":"ấp Long Thạnh2, xã Long Giang - Huyện Chợ Mới - An Giang","Created":"2015-11-17T19:47:58Z","Updated":"2015-11-17T19:47:58Z","IsDelete":false,"RequestChanged":false,"ExitsInGDT":false,"SourceID":0,"TinhThanhID":0,"TinhThanhTitle":"An Giang","TinhThanhTitleAscii":"/an-giang","QuanHuyenID":0,"NganhNgheTitle":"Giáo dục trung học cơ sở và trung học phổ thông","NganhNgheTitleAscii":"/nganh-nghe/giao-duc-trung-hoc-co-so-va-trung-hoc-pho-thong","DSTags":["1600365773-001","An Giang",null]},{"Type":11,"SolrID":"/1600366103-015-truong-mau-giao-long-giang","ID":0,"MaSoThue":"1600366103-015","NgayCap":"1998-11-24T00:00:00Z","Title":"Trường Mẫu giáo Long Giang","DiaChiCongTy":"ấp Long Thạnh2, xã Long Giang - Huyện Chợ Mới - An Giang","Created":"2015-11-17T19:48:28Z","Updated":"2015-11-17T19:48:28Z","IsDelete":false,"RequestChanged":false,"ExitsInGDT":false,"SourceID":0,"TinhThanhID":0,"TinhThanhTitle":"An Giang","TinhThanhTitleAscii":"/an-giang","QuanHuyenID":0,"NganhNgheTitle":"Giáo dục mầm non","NganhNgheTitleAscii":"/nganh-nghe/giao-duc-mam-non","DSTags":["1600366103-015","An Giang",null]},{"Type":11,"SolrID":"/1600366103-058-truong-tieu-hoc-a-long-giang","ID":0,"MaSoThue":"1600366103-058","NgayCap":"1998-11-24T00:00:00Z","Title":"Trường Tiểu học \"A\" Long Giang","DiaChiCongTy":"ấp Long Thạnh2, xã Long Giang - Huyện Chợ Mới - An Giang","Created":"2015-11-17T19:49:09Z","Updated":"2015-11-17T19:49:09Z","IsDelete":false,"RequestChanged":false,"ExitsInGDT":false,"SourceID":0,"TinhThanhID":0,"TinhThanhTitle":"An Giang","TinhThanhTitleAscii":"/an-giang","QuanHuyenID":0,"NganhNgheTitle":"Giáo dục tiểu học","NganhNgheTitleAscii":"/nganh-nghe/giao-duc-tieu-hoc","DSTags":["1600366103-058","An Giang",null]},{"Type":11,"SolrID":"/1600366103-059-truong-tieu-hoc-b-long-giang","ID":0,"MaSoThue":"1600366103-059","NgayCap":"1998-11-24T00:00:00Z","Title":"Trường Tiểu học \"B\" Long Giang","DiaChiCongTy":"ấp Long Mỹ I, xã Long Giang - Huyện Chợ Mới - An Giang","Created":"2015-11-17T19:49:10Z","Updated":"2015-11-17T19:49:10Z","IsDelete":false,"RequestChanged":false,"ExitsInGDT":false,"SourceID":0,"TinhThanhID":0,"TinhThanhTitle":"An Giang","TinhThanhTitleAscii":"/an-giang","QuanHuyenID":0,"NganhNgheTitle":"Giáo dục tiểu học","NganhNgheTitleAscii":"/nganh-nghe/giao-duc-tieu-hoc","DSTags":["1600366103-059","An Giang",null]},{"Type":11,"SolrID":"/1600366103-060-truong-tieu-hoc-c-long-giang","ID":0,"MaSoThue":"1600366103-060","NgayCap":"1998-11-24T00:00:00Z","Title":"Trường Tiểu học \"C\" Long Giang","DiaChiCongTy":"ấp Long Hoà, xã Long Giang - Huyện Chợ Mới - An Giang","Created":"2015-11-17T19:49:11Z","Updated":"2015-11-17T19:49:11Z","IsDelete":false,"RequestChanged":false,"ExitsInGDT":false,"SourceID":0,"TinhThanhID":0,"TinhThanhTitle":"An Giang","TinhThanhTitleAscii":"/an-giang","QuanHuyenID":0,"NganhNgheTitle":"Giáo dục tiểu học","NganhNgheTitleAscii":"/nganh-nghe/giao-duc-tieu-hoc","DSTags":["1600366103-060","An Giang",null]},{"Type":11,"SolrID":"/1600366424-003-phong-kham-khu-vuc-long-giang","ID":0,"MaSoThue":"1600366424-003","NgayCap":"1998-11-24T00:00:00Z","Title":"Phòng Khám khu vực Long Giang","DiaChiCongTy":"Xã Long Giang - Huyện Chợ Mới - An Giang","Created":"2015-11-17T19:49:21Z","Updated":"2015-11-17T19:49:21Z","IsDelete":false,"RequestChanged":false,"ExitsInGDT":false,"SourceID":0,"TinhThanhID":0,"TinhThanhTitle":"An Giang","TinhThanhTitleAscii":"/an-giang","QuanHuyenID":0,"NganhNgheTitle":"Hoạt động của các trạm y tế cấp xã và trạm y tế bộ/ngành","NganhNgheTitleAscii":"/nganh-nghe/hoat-dong-cua-cac-tram-y-te-cap-xa-va-tram-y-te-bo-nganh","DSTags":["1600366424-003","An Giang",null]},{"Type":11,"SolrID":"/1600366329-ubnd-xa-long-giang","ID":0,"MaSoThue":"1600366329","NgayCap":"1998-10-31T00:00:00Z","Title":"UBND xã Long Giang","DiaChiCongTy":"Long Phú, xã Long Giang - Huyện Chợ Mới - An Giang","Created":"2015-11-14T17:24:19Z","Updated":"2015-11-14T17:24:19Z","IsDelete":false,"RequestChanged":false,"ExitsInGDT":false,"SourceID":0,"TinhThanhID":0,"TinhThanhTitle":"An Giang","TinhThanhTitleAscii":"/an-giang","QuanHuyenID":0,"NganhNgheTitle":"Hoạt động quản lý nhà nước nói chung và kinh tế tổng hợp","NganhNgheTitleAscii":"/nganh-nghe/hoat-dong-quan-ly-nha-nuoc-noi-chung-va-kinh-te-tong-hop","DSTags":["1600366329","An Giang",null]},{"Type":11,"SolrID":"/1600148747-doanh-nghiep-tn-lam-phuoc-thanh","ID":0,"MaSoThue":"1600148747","NgayCap":"1998-09-18T00:00:00Z","Title":"Doanh Nghiệp TN Lâm Phước Thành","DiaChiCongTy":"Số 167, ấp Long Mỹ I - Xã Long Giang - Huyện Chợ Mới - An Giang","Created":"2015-11-09T14:59:28Z","Updated":"2015-11-09T14:59:28Z","IsDelete":false,"RequestChanged":false,"ExitsInGDT":false,"SourceID":0,"TinhThanhID":0,"TinhThanhTitle":"An Giang","TinhThanhTitleAscii":"/an-giang","QuanHuyenID":0,"NganhNgheTitle":"Khai khoáng khác chưa được phân vào đâu","NganhNgheTitleAscii":"/nganh-nghe/khai-khoang-khac-chua-duoc-phan-vao-dau-10612","DSTags":["1600148747","An Giang",null]},{"Type":11,"SolrID":"/1600170654-tran-thi-minh-hoang","ID":0,"MaSoThue":"1600170654","NgayCap":"1998-09-18T00:00:00Z","Title":"Trần Thị Minh Hoang","DiaChiCongTy":"Xã Long Giang - Huyện Chợ Mới - An Giang","Created":"2015-11-14T18:01:52Z","Updated":"2015-11-14T18:01:52Z","IsDelete":false,"RequestChanged":false,"ExitsInGDT":false,"SourceID":0,"TinhThanhID":0,"TinhThanhTitle":"An Giang","TinhThanhTitleAscii":"/an-giang","QuanHuyenID":0,"NganhNgheTitle":"Sản xuất vật liệu xây dựng từ đất sét","NganhNgheTitleAscii":"/nganh-nghe/san-xuat-vat-lieu-xay-dung-tu-dat-set","DSTags":["1600170654","An Giang",null]}]}