{"ID":4436,"SolrID":"/an-giang/huyen-cho-moi/xa-long-kien","Title":"Xã Long Kiến","TinhThanhTitle":"An Giang","QuanHuyenTitle":"Huyện Chợ Mới","QuanHuyenID":489,"TinhThanhID":35,"Url":"https://thongtindoanhnghiep.co/api/company?l=/an-giang/huyen-cho-moi/xa-long-kien","Total":25,"List":[{"Type":11,"SolrID":"/1602053378-cong-ty-tnhh-thuong-mai-xay-dung-khang-thinh-phat","ID":0,"MaSoThue":"1602053378","NgayCap":"2017-10-27T00:00:00Z","Title":"Công Ty TNHH Thương Mại Xây Dựng Khang Thịnh Phát","DiaChiCongTy":"Thửa số 23, tờ Bản đồ số 9, Xã Long Kiến, Huyện Chợ Mới, Tỉnh An Giang","Created":"2017-10-27T23:19:18Z","Updated":"2017-10-27T23:19:18Z","IsDelete":false,"RequestChanged":false,"ExitsInGDT":false,"SourceID":0,"TinhThanhID":0,"TinhThanhTitle":"An Giang","TinhThanhTitleAscii":"/an-giang","QuanHuyenID":0,"NganhNgheTitle":"Bán buôn vật liệu, thiết bị lắp đặt khác trong xây dựng","NganhNgheTitleAscii":"/nganh-nghe/ban-buon-vat-lieu-thiet-bi-lap-dat-khac-trong-xay-dung","DSTags":["1602053378","An Giang",null]},{"Type":11,"SolrID":"/1602047871-cong-ty-tnhh-bao-ve-thuc-vat-van-khang","ID":0,"MaSoThue":"1602047871","NgayCap":"2017-08-21T00:00:00Z","Title":"Công Ty TNHH Bảo Vệ Thực Vật Vạn Khang","DiaChiCongTy":"Ấp Hòa Long 1, Xã Long Kiến, Huyện Chợ Mới, Tỉnh An Giang","Created":"2017-08-21T15:17:09Z","Updated":"2017-08-21T15:17:09Z","IsDelete":false,"RequestChanged":false,"ExitsInGDT":false,"SourceID":0,"TinhThanhID":0,"TinhThanhTitle":"An Giang","TinhThanhTitleAscii":"/an-giang","QuanHuyenID":0,"NganhNgheTitle":"Bán lẻ hình thức khác chưa được phân vào đâu","NganhNgheTitleAscii":"/nganh-nghe/ban-le-hinh-thuc-khac-chua-duoc-phan-vao-dau","DSTags":["1602047871","An Giang",null]},{"Type":11,"SolrID":"/1602007371-hoi-khuyen-hoc-xa-long-kien","ID":0,"MaSoThue":"1602007371","NgayCap":"2016-04-20T00:00:00Z","Title":"Hội Khuyến Học Xã Long Kiến","DiaChiCongTy":"ấp Long Định - Xã Long Kiến - Huyện Chợ Mới - An Giang","Created":"2016-04-22T08:24:43Z","Updated":"2016-04-22T08:24:43Z","IsDelete":false,"RequestChanged":false,"ExitsInGDT":false,"SourceID":0,"TinhThanhID":0,"TinhThanhTitle":"An Giang","TinhThanhTitleAscii":"/an-giang","QuanHuyenID":0,"NganhNgheTitle":"Hoạt động của các hiệp hội, tổ chức khác","NganhNgheTitleAscii":"/nganh-nghe/hoat-dong-cua-cac-hiep-hoi-to-chuc-khac","DSTags":["1602007371","An Giang",null]},{"Type":11,"SolrID":"/1601987706-003-chi-nhanh-3-cong-ty-tnhh-mot-thanh-vien-thuong-mai-dich-vu-vui-choi-giai-tri-thien-duong","ID":0,"MaSoThue":"1601987706-003","NgayCap":"2016-01-27T00:00:00Z","Title":"Chi Nhánh 3 Công Ty TNHH Một Thành Viên Thương Mại Dịch Vụ Vui Chơi Giải Trí Thiên Đường","DiaChiCongTy":"Số 582, ấp Long Hòa 1 - Xã Long Kiến - Huyện Chợ Mới - An Giang","Created":"2016-01-28T22:05:33Z","Updated":"2016-01-28T22:05:33Z","IsDelete":false,"RequestChanged":false,"ExitsInGDT":false,"SourceID":0,"TinhThanhID":0,"TinhThanhTitle":"An Giang","TinhThanhTitleAscii":"/an-giang","QuanHuyenID":0,"NganhNgheTitle":"Bán buôn đồ dùng khác cho gia đình","NganhNgheTitleAscii":"/nganh-nghe/ban-buon-do-dung-khac-cho-gia-dinh","DSTags":["1601987706-003","An Giang",null]},{"Type":11,"SolrID":"/1601057475-002-chi-nhanh-1-cong-ty-tnhh-thuong-mai-san-xuat-hoa-nong-an-giang","ID":0,"MaSoThue":"1601057475-002","NgayCap":"2015-11-24T00:00:00Z","Title":"Chi Nhánh 1 Công Ty TNHH Thương Mại Sản Xuất Hóa Nông An Giang","DiaChiCongTy":"ấp Long Định - Xã Long Kiến - Huyện Chợ Mới - An Giang","Created":"2015-11-26T13:16:09Z","Updated":"2015-11-26T13:16:09Z","IsDelete":false,"RequestChanged":false,"ExitsInGDT":false,"SourceID":0,"TinhThanhID":0,"TinhThanhTitle":"An Giang","TinhThanhTitleAscii":"/an-giang","QuanHuyenID":0,"NganhNgheTitle":"Bán buôn chuyên doanh khác chưa được phân vào đâu","NganhNgheTitleAscii":"/nganh-nghe/ban-buon-chuyen-doanh-khac-chua-duoc-phan-vao-dau","DSTags":["1601057475-002","An Giang",null]},{"Type":11,"SolrID":"/1601941116-cong-ty-tnhh-mot-thanh-vien-nam-vu","ID":0,"MaSoThue":"1601941116","NgayCap":"2014-09-30T00:00:00Z","Title":"Công Ty TNHH Một Thành Viên Năm Vũ","DiaChiCongTy":"Số 78, Tổ 3, ấp Long Định - Xã Long Kiến - Huyện Chợ Mới - An Giang","Created":"2015-11-11T03:30:07Z","Updated":"2015-11-11T03:30:07Z","IsDelete":false,"RequestChanged":false,"ExitsInGDT":false,"SourceID":0,"TinhThanhID":0,"TinhThanhTitle":"An Giang","TinhThanhTitleAscii":"/an-giang","QuanHuyenID":0,"NganhNgheTitle":"Khai khoáng khác chưa được phân vào đâu","NganhNgheTitleAscii":"/nganh-nghe/khai-khoang-khac-chua-duoc-phan-vao-dau-10612","DSTags":["1601941116","An Giang",null]},{"Type":11,"SolrID":"/1601879002-doanh-nghiep-tn-tiem-vang-nam-hoang","ID":0,"MaSoThue":"1601879002","NgayCap":"2013-06-07T00:00:00Z","Title":"Doanh Nghiệp TN Tiệm Vàng Năm Hoàng","DiaChiCongTy":"Số 342, ấp Long Hòa 1 - Xã Long Kiến - Huyện Chợ Mới - An Giang","Created":"2015-11-16T21:45:43Z","Updated":"2015-11-16T21:45:43Z","IsDelete":false,"RequestChanged":false,"ExitsInGDT":false,"SourceID":0,"TinhThanhID":0,"TinhThanhTitle":"An Giang","TinhThanhTitleAscii":"/an-giang","QuanHuyenID":0,"NganhNgheTitle":"Bán buôn kim loại và quặng kim loại","NganhNgheTitleAscii":"/nganh-nghe/ban-buon-kim-loai-va-quang-kim-loai","DSTags":["1601879002","An Giang",null]},{"Type":11,"SolrID":"/1601878023-doanh-nghiep-tn-tiem-vang-nguyen-duong","ID":0,"MaSoThue":"1601878023","NgayCap":"2013-06-03T00:00:00Z","Title":"Doanh Nghiệp TN Tiệm Vàng Nguyễn Dương","DiaChiCongTy":"Số 68, Tổ 3, ấp Long Hòa I - Xã Long Kiến - Huyện Chợ Mới - An Giang","Created":"2015-11-16T11:40:46Z","Updated":"2015-11-16T11:40:46Z","IsDelete":false,"RequestChanged":false,"ExitsInGDT":false,"SourceID":0,"TinhThanhID":0,"TinhThanhTitle":"An Giang","TinhThanhTitleAscii":"/an-giang","QuanHuyenID":0,"NganhNgheTitle":"Bán buôn kim loại và quặng kim loại","NganhNgheTitleAscii":"/nganh-nghe/ban-buon-kim-loai-va-quang-kim-loai","DSTags":["1601878023","An Giang",null]},{"Type":11,"SolrID":"/1600151725-001-chi-nhanh-doanh-nghiep-tn-thien-toan","ID":0,"MaSoThue":"1600151725-001","NgayCap":"2013-01-14T00:00:00Z","Title":"Chi Nhánh Doanh Nghiệp TN Thiện Toàn","DiaChiCongTy":"ấp Long Hòa 2 - Xã Long Kiến - Huyện Chợ Mới - An Giang","Created":"2015-11-17T19:45:21Z","Updated":"2015-11-17T19:45:21Z","IsDelete":false,"RequestChanged":false,"ExitsInGDT":false,"SourceID":0,"TinhThanhID":0,"TinhThanhTitle":"An Giang","TinhThanhTitleAscii":"/an-giang","QuanHuyenID":0,"NganhNgheTitle":"Bán buôn gạo","NganhNgheTitleAscii":"/nganh-nghe/ban-buon-gao","DSTags":["1600151725-001","An Giang",null]},{"Type":11,"SolrID":"/1601781374-cong-ty-tnhh-mot-thanh-vien-xnk-hai-trieu-duong","ID":0,"MaSoThue":"1601781374","NgayCap":"2012-06-29T00:00:00Z","Title":"Công Ty TNHH Một Thành Viên Xnk Hải Triều Dương","DiaChiCongTy":"Số 640, Tổ 25, ấp Long Hòa I - Xã Long Kiến - Huyện Chợ Mới - An Giang","Created":"2015-11-12T06:41:15Z","Updated":"2015-11-12T06:41:15Z","IsDelete":false,"RequestChanged":false,"ExitsInGDT":false,"SourceID":0,"TinhThanhID":0,"TinhThanhTitle":"An Giang","TinhThanhTitleAscii":"/an-giang","QuanHuyenID":0,"NganhNgheTitle":"Bán buôn đồ dùng khác cho gia đình","NganhNgheTitleAscii":"/nganh-nghe/ban-buon-do-dung-khac-cho-gia-dinh","DSTags":["1601781374","An Giang",null]},{"Type":11,"SolrID":"/1601134440-cong-ty-tnhh-chan-thanh","ID":0,"MaSoThue":"1601134440","NgayCap":"2009-05-26T00:00:00Z","Title":"Công Ty TNHH Chấn Thành.","DiaChiCongTy":"Tổ 1, ấp Long Định - Xã Long Kiến - Huyện Chợ Mới - An Giang","Created":"2015-11-09T01:44:56Z","Updated":"2015-11-09T01:44:56Z","IsDelete":false,"RequestChanged":false,"ExitsInGDT":false,"SourceID":0,"TinhThanhID":0,"TinhThanhTitle":"An Giang","TinhThanhTitleAscii":"/an-giang","QuanHuyenID":0,"NganhNgheTitle":"Bán buôn (trừ ô tô, mô tô, xe máy và xe có động cơ khác)","NganhNgheTitleAscii":"/nganh-nghe/ban-buon-tru-o-to-mo-to-xe-may-va-xe-co-dong-co-khac","DSTags":["1601134440","An Giang",null]},{"Type":11,"SolrID":"/1600968588-cty-tnhh-mot-thanh-vien-dau-tu-xd-tm-nguyen-sy","ID":0,"MaSoThue":"1600968588","NgayCap":"2008-07-14T00:00:00Z","Title":"Cty TNHH Một Thành viên Đầu tư XD-TM Nguyễn Sỹ","DiaChiCongTy":"Tổ 8 ấp Long Hạ - Xã Long Kiến - Huyện Chợ Mới - An Giang","Created":"2015-11-11T10:07:58Z","Updated":"2015-11-11T10:07:58Z","IsDelete":false,"RequestChanged":false,"ExitsInGDT":false,"SourceID":0,"TinhThanhID":0,"TinhThanhTitle":"An Giang","TinhThanhTitleAscii":"/an-giang","QuanHuyenID":0,"NganhNgheTitle":"Xây dựng công trình kỹ thuật dân dụng","NganhNgheTitleAscii":"/nganh-nghe/xay-dung-cong-trinh-ky-thuat-dan-dung","DSTags":["1600968588","An Giang",null]},{"Type":11,"SolrID":"/1600964294-cong-ty-tnhh-dau-tu-va-phat-trien-cong-nghe-tam-nhin-xanh","ID":0,"MaSoThue":"1600964294","NgayCap":"2008-06-04T00:00:00Z","Title":"Công Ty TNHH Đầu Tư Và Phát Triển Công Nghệ Tầm Nhìn Xanh","DiaChiCongTy":"Tổ 9, ấp Long Định - Xã Long Kiến - Huyện Chợ Mới - An Giang","Created":"2015-11-11T08:22:27Z","Updated":"2015-11-11T08:22:27Z","IsDelete":false,"RequestChanged":false,"ExitsInGDT":false,"SourceID":0,"TinhThanhID":0,"TinhThanhTitle":"An Giang","TinhThanhTitleAscii":"/an-giang","QuanHuyenID":0,"NganhNgheTitle":"NÔNG NGHIỆP, LÂM NGHIỆP VÀ THUỶ SẢN","NganhNgheTitleAscii":"/nganh-nghe/nong-nghiep-lam-nghiep-va-thuy-san","DSTags":["1600964294","An Giang",null]},{"Type":11,"SolrID":"/1600888558-cong-ty-tnhh-phuc-kha","ID":0,"MaSoThue":"1600888558","NgayCap":"2007-04-19T00:00:00Z","Title":"Công ty TNHH Phúc Kha","DiaChiCongTy":"ấp Hòa Long 2, xã Long Kiến - Huyện Chợ Mới - An Giang","Created":"2015-11-14T05:06:08Z","Updated":"2015-11-14T05:06:08Z","IsDelete":false,"RequestChanged":false,"ExitsInGDT":false,"SourceID":0,"TinhThanhID":0,"TinhThanhTitle":"An Giang","TinhThanhTitleAscii":"/an-giang","QuanHuyenID":0,"NganhNgheTitle":"Bán buôn máy móc, thiết bị và phụ tùng máy","NganhNgheTitleAscii":"/nganh-nghe/ban-buon-may-moc-thiet-bi-va-phu-tung-may","DSTags":["1600888558","An Giang",null]},{"Type":11,"SolrID":"/1600839060-truong-mau-giao-long-kien","ID":0,"MaSoThue":"1600839060","NgayCap":"2006-05-11T00:00:00Z","Title":"Trường Mẫu giáo Long Kiến","DiaChiCongTy":"ấp Long Định, xã Long Kiến - Huyện Chợ Mới - An Giang","Created":"2015-11-16T17:32:12Z","Updated":"2015-11-16T17:32:12Z","IsDelete":false,"RequestChanged":false,"ExitsInGDT":false,"SourceID":0,"TinhThanhID":0,"TinhThanhTitle":"An Giang","TinhThanhTitleAscii":"/an-giang","QuanHuyenID":0,"NganhNgheTitle":"Giáo dục mầm non","NganhNgheTitleAscii":"/nganh-nghe/giao-duc-mam-non","DSTags":["1600839060","An Giang",null]},{"Type":11,"SolrID":"/0304116077-001-chi-nhanh-cong-ty-co-phan-thap-son-tai-an-giang","ID":0,"MaSoThue":"0304116077-001","NgayCap":"2006-01-25T00:00:00Z","Title":"Chi nhánh Công ty Cổ phần Tháp Sơn tại An Giang","DiaChiCongTy":"ấp Long Hòa 2, xã Long Kiến - Huyện Chợ Mới - An Giang","Created":"2015-11-19T08:59:03Z","Updated":"2015-11-19T08:59:03Z","IsDelete":false,"RequestChanged":false,"ExitsInGDT":false,"SourceID":0,"TinhThanhID":0,"TinhThanhTitle":"An Giang","TinhThanhTitleAscii":"/an-giang","QuanHuyenID":0,"NganhNgheTitle":"Bán lẻ khác trong các cửa hàng kinh doanh tổng hợp","NganhNgheTitleAscii":"/nganh-nghe/ban-le-khac-trong-cac-cua-hang-kinh-doanh-tong-hop","DSTags":["0304116077-001","An Giang",null]},{"Type":11,"SolrID":"/1600803427-htx-nong-nghiep-hiep-hoa","ID":0,"MaSoThue":"1600803427","NgayCap":"2005-09-12T00:00:00Z","Title":"HTX Nông nghiệp Hiệp Hòa","DiaChiCongTy":"298, ấp Long Hoà I, xã Long Kiến - Huyện Chợ Mới - An Giang","Created":"2015-11-16T17:08:17Z","Updated":"2015-11-16T17:08:17Z","IsDelete":false,"RequestChanged":false,"ExitsInGDT":false,"SourceID":0,"TinhThanhID":0,"TinhThanhTitle":"An Giang","TinhThanhTitleAscii":"/an-giang","QuanHuyenID":0,"NganhNgheTitle":"Hoạt động dịch vụ nông nghiệp","NganhNgheTitleAscii":"/nganh-nghe/hoat-dong-dich-vu-nong-nghiep","DSTags":["1600803427","An Giang",null]},{"Type":11,"SolrID":"/1600777713-doanh-nghiep-tn-nguyen-thanh","ID":0,"MaSoThue":"1600777713","NgayCap":"2005-04-22T00:00:00Z","Title":"Doanh Nghiệp TN Nguyễn Thành","DiaChiCongTy":"Số 555, tổ 14, ấp Long Hòa I - Xã Long Kiến - Huyện Chợ Mới - An Giang","Created":"2015-11-11T11:50:25Z","Updated":"2015-11-11T11:50:25Z","IsDelete":false,"RequestChanged":false,"ExitsInGDT":false,"SourceID":0,"TinhThanhID":0,"TinhThanhTitle":"An Giang","TinhThanhTitleAscii":"/an-giang","QuanHuyenID":0,"NganhNgheTitle":"Khai khoáng khác chưa được phân vào đâu","NganhNgheTitleAscii":"/nganh-nghe/khai-khoang-khac-chua-duoc-phan-vao-dau-10612","DSTags":["1600777713","An Giang",null]},{"Type":11,"SolrID":"/1600176649-doanh-nghiep-tn-son-nga","ID":0,"MaSoThue":"1600176649","NgayCap":"2004-04-07T00:00:00Z","Title":"Doanh Nghiệp TN Sơn Nga","DiaChiCongTy":"ấp Long Hòa 2 - Xã Long Kiến - Huyện Chợ Mới - An Giang","Created":"2015-11-17T01:31:52Z","Updated":"2015-11-17T01:31:52Z","IsDelete":false,"RequestChanged":false,"ExitsInGDT":false,"SourceID":0,"TinhThanhID":0,"TinhThanhTitle":"An Giang","TinhThanhTitleAscii":"/an-giang","QuanHuyenID":0,"NganhNgheTitle":"Bán buôn nhiên liệu rắn, lỏng, khí và các sản phẩm liên quan","NganhNgheTitleAscii":"/nganh-nghe/ban-buon-nhien-lieu-ran-long-khi-va-cac-san-pham-lien-quan","DSTags":["1600176649","An Giang",null]},{"Type":11,"SolrID":"/1600691008-truong-trung-hoc-co-so-long-kien","ID":0,"MaSoThue":"1600691008","NgayCap":"2004-04-07T00:00:00Z","Title":"Trường Trung học cơ sở Long Kiến","DiaChiCongTy":"ấp Long Định, xã Long Kiến - Huyện Chợ Mới - An Giang","Created":"2015-11-16T05:15:28Z","Updated":"2015-11-16T05:15:28Z","IsDelete":false,"RequestChanged":false,"ExitsInGDT":false,"SourceID":0,"TinhThanhID":0,"TinhThanhTitle":"An Giang","TinhThanhTitleAscii":"/an-giang","QuanHuyenID":0,"NganhNgheTitle":"Giáo dục trung học cơ sở và trung học phổ thông","NganhNgheTitleAscii":"/nganh-nghe/giao-duc-trung-hoc-co-so-va-trung-hoc-pho-thong","DSTags":["1600691008","An Giang",null]},{"Type":11,"SolrID":"/1600177949-doanh-nghiep-tn-thanh-phat-1","ID":0,"MaSoThue":"1600177949","NgayCap":"2004-02-05T00:00:00Z","Title":"Doanh Nghiệp TN Thành Phát 1","DiaChiCongTy":"ấp Long Hòa I - Xã Long Kiến - Huyện Chợ Mới - An Giang","Created":"2015-11-11T10:58:17Z","Updated":"2015-11-11T10:58:17Z","IsDelete":false,"RequestChanged":false,"ExitsInGDT":false,"SourceID":0,"TinhThanhID":0,"TinhThanhTitle":"An Giang","TinhThanhTitleAscii":"/an-giang","QuanHuyenID":0,"NganhNgheTitle":"Bán buôn nhiên liệu rắn, lỏng, khí và các sản phẩm liên quan","NganhNgheTitleAscii":"/nganh-nghe/ban-buon-nhien-lieu-ran-long-khi-va-cac-san-pham-lien-quan","DSTags":["1600177949","An Giang",null]},{"Type":11,"SolrID":"/1600365773-002-truong-thpt-ung-van-khiem","ID":0,"MaSoThue":"1600365773-002","NgayCap":"1998-11-24T00:00:00Z","Title":"Trường THPT Ung Văn Khiêm","DiaChiCongTy":"ấp Long Định - Xã Long Kiến - Huyện Chợ Mới - An Giang","Created":"2015-11-17T19:47:59Z","Updated":"2015-11-17T19:47:59Z","IsDelete":false,"RequestChanged":false,"ExitsInGDT":false,"SourceID":0,"TinhThanhID":0,"TinhThanhTitle":"An Giang","TinhThanhTitleAscii":"/an-giang","QuanHuyenID":0,"NganhNgheTitle":"Giáo dục trung học cơ sở và trung học phổ thông","NganhNgheTitleAscii":"/nganh-nghe/giao-duc-trung-hoc-co-so-va-trung-hoc-pho-thong","DSTags":["1600365773-002","An Giang",null]},{"Type":11,"SolrID":"/1600366103-061-truong-tieu-hoc-a-long-kien","ID":0,"MaSoThue":"1600366103-061","NgayCap":"1998-11-24T00:00:00Z","Title":"Trường Tiểu Học \"A\" Long Kiến","DiaChiCongTy":"ấp Long Định, xã Long Kiến - Huyện Chợ Mới - An Giang","Created":"2015-11-17T19:49:12Z","Updated":"2015-11-17T19:49:12Z","IsDelete":false,"RequestChanged":false,"ExitsInGDT":false,"SourceID":0,"TinhThanhID":0,"TinhThanhTitle":"An Giang","TinhThanhTitleAscii":"/an-giang","QuanHuyenID":0,"NganhNgheTitle":"Giáo dục tiểu học","NganhNgheTitleAscii":"/nganh-nghe/giao-duc-tieu-hoc","DSTags":["1600366103-061","An Giang",null]},{"Type":11,"SolrID":"/1600366103-062-truong-tieu-hoc-b-long-kien","ID":0,"MaSoThue":"1600366103-062","NgayCap":"1998-11-24T00:00:00Z","Title":"Trường Tiểu học \"B\" Long Kiến","DiaChiCongTy":"ấp Long Bình, xã Long Kiến - Huyện Chợ Mới - An Giang","Created":"2015-11-17T19:49:13Z","Updated":"2015-11-17T19:49:13Z","IsDelete":false,"RequestChanged":false,"ExitsInGDT":false,"SourceID":0,"TinhThanhID":0,"TinhThanhTitle":"An Giang","TinhThanhTitleAscii":"/an-giang","QuanHuyenID":0,"NganhNgheTitle":"Giáo dục tiểu học","NganhNgheTitleAscii":"/nganh-nghe/giao-duc-tieu-hoc","DSTags":["1600366103-062","An Giang",null]},{"Type":11,"SolrID":"/1600366343-ubnd-xa-long-kien","ID":0,"MaSoThue":"1600366343","NgayCap":"1998-10-31T00:00:00Z","Title":"UBND xã Long Kiến","DiaChiCongTy":"Long Định - Xã Long Kiến - Huyện Chợ Mới - An Giang","Created":"2015-11-14T17:24:18Z","Updated":"2015-11-14T17:24:18Z","IsDelete":false,"RequestChanged":false,"ExitsInGDT":false,"SourceID":0,"TinhThanhID":0,"TinhThanhTitle":"An Giang","TinhThanhTitleAscii":"/an-giang","QuanHuyenID":0,"NganhNgheTitle":"Hoạt động quản lý nhà nước nói chung và kinh tế tổng hợp","NganhNgheTitleAscii":"/nganh-nghe/hoat-dong-quan-ly-nha-nuoc-noi-chung-va-kinh-te-tong-hop","DSTags":["1600366343","An Giang",null]}]}