{"ID":8260,"SolrID":"/an-giang/huyen-cho-moi/xa-long-dien-b","Title":"Xã Long Điền B","TinhThanhTitle":"An Giang","QuanHuyenTitle":"Huyện Chợ Mới","QuanHuyenID":489,"TinhThanhID":35,"Url":"https://thongtindoanhnghiep.co/api/company?l=/an-giang/huyen-cho-moi/xa-long-dien-b","Total":39,"List":[{"Type":11,"SolrID":"/1602142571-cong-ty-tnhh-da-dich-vu-van-kim","ID":0,"MaSoThue":"1602142571","NgayCap":"2021-03-08T00:00:00Z","Title":"Công Ty TNHH Đa Dịch Vụ Vạn Kim","DiaChiCongTy":"Ấp Long Thành, Xã Long Điền B, Huyện Chợ Mới, Tỉnh An Giang","Created":"2021-03-08T12:36:00Z","Updated":"2021-03-08T12:36:00Z","IsDelete":false,"RequestChanged":false,"ExitsInGDT":false,"SourceID":0,"TinhThanhID":0,"TinhThanhTitle":"An Giang","TinhThanhTitleAscii":"/an-giang","QuanHuyenID":0,"NganhNgheTitle":"Bán buôn thiết bị và linh kiện điện tử, viễn thông","NganhNgheTitleAscii":"/nganh-nghe/ban-buon-thiet-bi-va-linh-kien-dien-tu-vien-thong","DSTags":["1602142571","An Giang",null]},{"Type":11,"SolrID":"/1602051109-cong-ty-tnhh-bao-ve-thuc-vat-nong-hung-phat","ID":0,"MaSoThue":"1602051109","NgayCap":"2017-09-28T00:00:00Z","Title":"Công Ty TNHH Bảo Vệ Thực Vật Nông Hưng Phát","DiaChiCongTy":"Số nhà 33, Tổ 02, Ấp Long Quới I, Xã Long Điền B, Huyện Chợ Mới, Tỉnh An Giang","Created":"2017-09-28T09:41:46Z","Updated":"2017-09-28T09:41:46Z","IsDelete":false,"RequestChanged":false,"ExitsInGDT":false,"SourceID":0,"TinhThanhID":0,"TinhThanhTitle":"An Giang","TinhThanhTitleAscii":"/an-giang","QuanHuyenID":0,"NganhNgheTitle":"Bán buôn chuyên doanh khác chưa được phân vào đâu","NganhNgheTitleAscii":"/nganh-nghe/ban-buon-chuyen-doanh-khac-chua-duoc-phan-vao-dau","DSTags":["1602051109","An Giang",null]},{"Type":11,"SolrID":"/1602045539-cong-ty-tnhh-mot-thanh-vien-vien-thong-bao-khanh","ID":0,"MaSoThue":"1602045539","NgayCap":"2017-07-15T00:00:00Z","Title":"Công Ty TNHH Một Thành Viên Viễn Thông Bảo Khánh","DiaChiCongTy":"Số 293, Tổ 10, Ấp Long Thành, Xã Long Điền B, Huyện Chợ Mới, Tỉnh An Giang","Created":"2017-07-15T21:01:47Z","Updated":"2017-07-15T21:01:47Z","IsDelete":false,"RequestChanged":false,"ExitsInGDT":false,"SourceID":0,"TinhThanhID":0,"TinhThanhTitle":"An Giang","TinhThanhTitleAscii":"/an-giang","QuanHuyenID":0,"NganhNgheTitle":"Bán buôn thiết bị và linh kiện điện tử, viễn thông","NganhNgheTitleAscii":"/nganh-nghe/ban-buon-thiet-bi-va-linh-kien-dien-tu-vien-thong","DSTags":["1602045539","An Giang",null]},{"Type":11,"SolrID":"/1602029664-cong-ty-tnhh-tu-van-xay-dung-nam-thinh-tien","ID":0,"MaSoThue":"1602029664","NgayCap":"2016-12-28T00:00:00Z","Title":"Công Ty TNHH Tư Vấn Xây Dựng Nam Thịnh Tiến","DiaChiCongTy":"Số 64, Tổ 3, Ấp Long Quới 2, Xã Long Điền B, Huyện Chợ Mới, Tỉnh An Giang","Created":"2016-12-28T09:10:43Z","Updated":"2016-12-28T09:10:43Z","IsDelete":false,"RequestChanged":false,"ExitsInGDT":false,"SourceID":0,"TinhThanhID":0,"TinhThanhTitle":"An Giang","TinhThanhTitleAscii":"/an-giang","QuanHuyenID":0,"NganhNgheTitle":"Xây dựng nhà các loại","NganhNgheTitleAscii":"/nganh-nghe/xay-dung-nha-cac-loai","DSTags":["1602029664","An Giang",null]},{"Type":11,"SolrID":"/1602021425-cong-ty-tnhh-mot-thanh-vien-xang-dau-hoang-kim-an-giang","ID":0,"MaSoThue":"1602021425","NgayCap":"2016-10-18T00:00:00Z","Title":"Công Ty TNHH Một Thành Viên Xăng Dầu Hoàng Kim An Giang","DiaChiCongTy":"ấp Long Thuận - Xã Long Điền B - Huyện Chợ Mới - An Giang","Created":"2016-11-04T08:06:37Z","Updated":"2016-11-04T08:06:37Z","IsDelete":false,"RequestChanged":false,"ExitsInGDT":false,"SourceID":0,"TinhThanhID":0,"TinhThanhTitle":"An Giang","TinhThanhTitleAscii":"/an-giang","QuanHuyenID":0,"NganhNgheTitle":"Bán buôn nhiên liệu rắn, lỏng, khí và các sản phẩm liên quan","NganhNgheTitleAscii":"/nganh-nghe/ban-buon-nhien-lieu-ran-long-khi-va-cac-san-pham-lien-quan","DSTags":["1602021425","An Giang",null]},{"Type":11,"SolrID":"/1602013505-cong-ty-tnhh-mot-thanh-vien-khai-thac-thuy-loi-long-dien","ID":0,"MaSoThue":"1602013505","NgayCap":"2016-07-01T00:00:00Z","Title":"Công Ty TNHH Một Thành Viên Khai Thác Thủy Lợi Long Điền","DiaChiCongTy":"Tổ 19, ấp Long Phú II - Xã Long Điền B - Huyện Chợ Mới - An Giang","Created":"2016-07-06T22:01:03Z","Updated":"2016-07-06T22:01:03Z","IsDelete":false,"RequestChanged":false,"ExitsInGDT":false,"SourceID":0,"TinhThanhID":0,"TinhThanhTitle":"An Giang","TinhThanhTitleAscii":"/an-giang","QuanHuyenID":0,"NganhNgheTitle":"Chuẩn bị mặt bằng","NganhNgheTitleAscii":"/nganh-nghe/chuan-bi-mat-bang","DSTags":["1602013505","An Giang",null]},{"Type":11,"SolrID":"/1602011145-cong-ty-tnhh-van-tai-duong-thuy-minh-tien","ID":0,"MaSoThue":"1602011145","NgayCap":"2016-05-27T00:00:00Z","Title":"Công Ty TNHH Vận Tải Đường Thủy Minh Tiến","DiaChiCongTy":"Số 185/7, ấp Long Hòa - Xã Long Điền B - Huyện Chợ Mới - An Giang","Created":"2016-06-10T14:07:21Z","Updated":"2016-06-10T14:07:21Z","IsDelete":false,"RequestChanged":false,"ExitsInGDT":false,"SourceID":0,"TinhThanhID":0,"TinhThanhTitle":"An Giang","TinhThanhTitleAscii":"/an-giang","QuanHuyenID":0,"NganhNgheTitle":"Vận tải hàng hóa đường thuỷ nội địa","NganhNgheTitleAscii":"/nganh-nghe/van-tai-hang-hoa-duong-thuy-noi-dia","DSTags":["1602011145","An Giang",null]},{"Type":11,"SolrID":"/1601944893-cong-ty-tnhh-mot-thanh-vien-tmdv-va-van-tai-phuong-anh","ID":0,"MaSoThue":"1601944893","NgayCap":"2014-11-06T00:00:00Z","Title":"Công Ty TNHH Một Thành Viên Tmdv Và Vận Tải Phương Anh","DiaChiCongTy":"Số 340, Tổ 13, ấp Long Quới 2 - Xã Long Điền B - Huyện Chợ Mới - An Giang","Created":"2015-11-11T06:27:49Z","Updated":"2015-11-11T06:27:49Z","IsDelete":false,"RequestChanged":false,"ExitsInGDT":false,"SourceID":0,"TinhThanhID":0,"TinhThanhTitle":"An Giang","TinhThanhTitleAscii":"/an-giang","QuanHuyenID":0,"NganhNgheTitle":"Vận tải hành khách đường bộ trong nội thành, ngoại thành (trừ vận tải bằng xe buýt)","NganhNgheTitleAscii":"/nganh-nghe/van-tai-hanh-khach-duong-bo-trong-noi-thanh-ngoai-thanh-tru-van-tai-bang-xe-buyt","DSTags":["1601944893","An Giang",null]},{"Type":11,"SolrID":"/1601924488-cong-ty-tnhh-san-lap-hoa-phat","ID":0,"MaSoThue":"1601924488","NgayCap":"2014-05-27T00:00:00Z","Title":"Công Ty TNHH San Lấp Hòa Phát","DiaChiCongTy":"Số 371, Tổ 15, ấp Long Phú 1 - Xã Long Điền B - Huyện Chợ Mới - An Giang","Created":"2015-11-09T14:39:45Z","Updated":"2015-11-09T14:39:45Z","IsDelete":false,"RequestChanged":false,"ExitsInGDT":false,"SourceID":0,"TinhThanhID":0,"TinhThanhTitle":"An Giang","TinhThanhTitleAscii":"/an-giang","QuanHuyenID":0,"NganhNgheTitle":"Chuẩn bị mặt bằng","NganhNgheTitleAscii":"/nganh-nghe/chuan-bi-mat-bang","DSTags":["1601924488","An Giang",null]},{"Type":11,"SolrID":"/1601906601-doanh-nghiep-tn-phan-thanh-liem","ID":0,"MaSoThue":"1601906601","NgayCap":"2014-01-14T00:00:00Z","Title":"Doanh Nghiệp TN Phan Thanh Liêm","DiaChiCongTy":"Số 165, Tổ 6, ấp Long Tân - Xã Long Điền B - Huyện Chợ Mới - An Giang","Created":"2015-11-09T20:14:08Z","Updated":"2015-11-09T20:14:08Z","IsDelete":false,"RequestChanged":false,"ExitsInGDT":false,"SourceID":0,"TinhThanhID":0,"TinhThanhTitle":"An Giang","TinhThanhTitleAscii":"/an-giang","QuanHuyenID":0,"NganhNgheTitle":"Bán buôn thực phẩm","NganhNgheTitleAscii":"/nganh-nghe/ban-buon-thuc-pham","DSTags":["1601906601","An Giang",null]},{"Type":11,"SolrID":"/1601906665-doanh-nghiep-tn-quoc-huy-cho-moi","ID":0,"MaSoThue":"1601906665","NgayCap":"2014-01-14T00:00:00Z","Title":"Doanh Nghiệp TN Quốc Huy Chợ Mới","DiaChiCongTy":"Số 243, Tổ 8, ấp Long Thành - Xã Long Điền B - Huyện Chợ Mới - An Giang","Created":"2015-11-09T20:22:53Z","Updated":"2015-11-09T20:22:53Z","IsDelete":false,"RequestChanged":false,"ExitsInGDT":false,"SourceID":0,"TinhThanhID":0,"TinhThanhTitle":"An Giang","TinhThanhTitleAscii":"/an-giang","QuanHuyenID":0,"NganhNgheTitle":"Bán buôn thực phẩm","NganhNgheTitleAscii":"/nganh-nghe/ban-buon-thuc-pham","DSTags":["1601906665","An Giang",null]},{"Type":11,"SolrID":"/1601896223-doanh-nghiep-tn-tiem-vang-chi-hien","ID":0,"MaSoThue":"1601896223","NgayCap":"2013-12-04T00:00:00Z","Title":"Doanh Nghiệp TN Tiệm Vàng Chí Hiền","DiaChiCongTy":"ấp Long Tân - Xã Long Điền B - Huyện Chợ Mới - An Giang","Created":"2015-11-09T23:45:15Z","Updated":"2015-11-09T23:45:15Z","IsDelete":false,"RequestChanged":false,"ExitsInGDT":false,"SourceID":0,"TinhThanhID":0,"TinhThanhTitle":"An Giang","TinhThanhTitleAscii":"/an-giang","QuanHuyenID":0,"NganhNgheTitle":"Bán buôn kim loại và quặng kim loại","NganhNgheTitleAscii":"/nganh-nghe/ban-buon-kim-loai-va-quang-kim-loai","DSTags":["1601896223","An Giang",null]},{"Type":11,"SolrID":"/1601879098-doanh-nghiep-tn-tiem-vang-phat-dat","ID":0,"MaSoThue":"1601879098","NgayCap":"2013-06-07T00:00:00Z","Title":"Doanh Nghiệp TN Tiệm Vàng Phát Đạt","DiaChiCongTy":"Số 263, tổ 10, ấp Long Tân - Xã Long Điền B - Huyện Chợ Mới - An Giang","Created":"2015-11-16T21:45:47Z","Updated":"2015-11-16T21:45:47Z","IsDelete":false,"RequestChanged":false,"ExitsInGDT":false,"SourceID":0,"TinhThanhID":0,"TinhThanhTitle":"An Giang","TinhThanhTitleAscii":"/an-giang","QuanHuyenID":0,"NganhNgheTitle":"Bán buôn kim loại và quặng kim loại","NganhNgheTitleAscii":"/nganh-nghe/ban-buon-kim-loai-va-quang-kim-loai","DSTags":["1601879098","An Giang",null]},{"Type":11,"SolrID":"/1601875287-doanh-nghiep-tn-tiem-vang-nguyen-van-tung","ID":0,"MaSoThue":"1601875287","NgayCap":"2013-05-21T00:00:00Z","Title":"Doanh Nghiệp TN Tiệm Vàng Nguyễn Văn Tùng","DiaChiCongTy":"Số 517, ấp Long Quới I - Xã Long Điền B - Huyện Chợ Mới - An Giang","Created":"2015-11-16T20:54:17Z","Updated":"2015-11-16T20:54:17Z","IsDelete":false,"RequestChanged":false,"ExitsInGDT":false,"SourceID":0,"TinhThanhID":0,"TinhThanhTitle":"An Giang","TinhThanhTitleAscii":"/an-giang","QuanHuyenID":0,"NganhNgheTitle":"Bán buôn kim loại và quặng kim loại","NganhNgheTitleAscii":"/nganh-nghe/ban-buon-kim-loai-va-quang-kim-loai","DSTags":["1601875287","An Giang",null]},{"Type":11,"SolrID":"/1601875079-doanh-nghiep-tn-tiem-vang-thanh-nha","ID":0,"MaSoThue":"1601875079","NgayCap":"2013-05-18T00:00:00Z","Title":"Doanh Nghiệp TN Tiệm Vàng Thanh Nhã","DiaChiCongTy":"Số 229, tổ 8, ấp Long Hòa - Xã Long Điền B - Huyện Chợ Mới - An Giang","Created":"2015-11-16T11:07:40Z","Updated":"2015-11-16T11:07:40Z","IsDelete":false,"RequestChanged":false,"ExitsInGDT":false,"SourceID":0,"TinhThanhID":0,"TinhThanhTitle":"An Giang","TinhThanhTitleAscii":"/an-giang","QuanHuyenID":0,"NganhNgheTitle":"Bán buôn kim loại và quặng kim loại","NganhNgheTitleAscii":"/nganh-nghe/ban-buon-kim-loai-va-quang-kim-loai","DSTags":["1601875079","An Giang",null]},{"Type":11,"SolrID":"/1601875054-doanh-nghiep-tn-tiem-vang-ba-thang","ID":0,"MaSoThue":"1601875054","NgayCap":"2013-05-18T00:00:00Z","Title":"Doanh Nghiệp TN Tiệm Vàng Ba Thắng","DiaChiCongTy":"ấp Long Quới I - Xã Long Điền B - Huyện Chợ Mới - An Giang","Created":"2015-11-16T11:07:41Z","Updated":"2015-11-16T11:07:41Z","IsDelete":false,"RequestChanged":false,"ExitsInGDT":false,"SourceID":0,"TinhThanhID":0,"TinhThanhTitle":"An Giang","TinhThanhTitleAscii":"/an-giang","QuanHuyenID":0,"NganhNgheTitle":"Bán buôn kim loại và quặng kim loại","NganhNgheTitleAscii":"/nganh-nghe/ban-buon-kim-loai-va-quang-kim-loai","DSTags":["1601875054","An Giang",null]},{"Type":11,"SolrID":"/1601861037-doanh-nghiep-tn-tiem-vang-minh-phat-cho-moi","ID":0,"MaSoThue":"1601861037","NgayCap":"2013-01-30T00:00:00Z","Title":"Doanh Nghiệp TN Tiệm Vàng Minh Phát Chợ Mới","DiaChiCongTy":"ấp Long Tân - Xã Long Điền B - Huyện Chợ Mới - An Giang","Created":"2015-11-16T22:43:43Z","Updated":"2015-11-16T22:43:43Z","IsDelete":false,"RequestChanged":false,"ExitsInGDT":false,"SourceID":0,"TinhThanhID":0,"TinhThanhTitle":"An Giang","TinhThanhTitleAscii":"/an-giang","QuanHuyenID":0,"NganhNgheTitle":"Bán buôn kim loại và quặng kim loại","NganhNgheTitleAscii":"/nganh-nghe/ban-buon-kim-loai-va-quang-kim-loai","DSTags":["1601861037","An Giang",null]},{"Type":11,"SolrID":"/1601841369-doanh-nghiep-tn-xeo-mon","ID":0,"MaSoThue":"1601841369","NgayCap":"2012-11-12T00:00:00Z","Title":"Doanh Nghiệp TN Xẻo Môn","DiaChiCongTy":"ấp Long Phú 2 - Xã Long Điền B - Huyện Chợ Mới - An Giang","Created":"2015-11-18T04:41:16Z","Updated":"2015-11-18T04:41:16Z","IsDelete":false,"RequestChanged":false,"ExitsInGDT":false,"SourceID":0,"TinhThanhID":0,"TinhThanhTitle":"An Giang","TinhThanhTitleAscii":"/an-giang","QuanHuyenID":0,"NganhNgheTitle":"Hoạt động dịch vụ hỗ trợ kinh doanh khác còn lại chưa được phân vào đâu","NganhNgheTitleAscii":"/nganh-nghe/hoat-dong-dich-vu-ho-tro-kinh-doanh-khac-con-lai-chua-duoc-phan-vao-dau","DSTags":["1601841369","An Giang",null]},{"Type":11,"SolrID":"/1601741639-cong-ty-tnhh-van-tai-luc-huy","ID":0,"MaSoThue":"1601741639","NgayCap":"2012-05-18T00:00:00Z","Title":"Công Ty TNHH Vận Tải Lực Huy","DiaChiCongTy":"Số 657, Tổ 21, Ấp Long Thành, Xã Long Điền B, Huyện Chợ Mới, Tỉnh An Giang","Created":"2015-11-17T07:38:16Z","Updated":"2021-08-24T17:50:29Z","IsDelete":false,"RequestChanged":false,"ExitsInGDT":false,"SourceID":0,"TinhThanhID":0,"TinhThanhTitle":"An Giang","TinhThanhTitleAscii":"/an-giang","QuanHuyenID":0,"NganhNgheTitle":"Vận tải hàng hóa bằng đường bộ","NganhNgheTitleAscii":"/nganh-nghe/van-tai-hang-hoa-bang-duong-bo","DSTags":["1601741639","An Giang",null]},{"Type":11,"SolrID":"/1601711881-cong-ty-tnhh-mot-thanh-vien-nguyen-le-phuc-thinh","ID":0,"MaSoThue":"1601711881","NgayCap":"2012-04-12T00:00:00Z","Title":"Công Ty TNHH Một Thành Viên Nguyễn Lê Phúc Thịnh","DiaChiCongTy":"ấp Long Quới 2 - Xã Long Điền B - Huyện Chợ Mới - An Giang","Created":"2015-11-13T08:20:10Z","Updated":"2015-11-13T08:20:10Z","IsDelete":false,"RequestChanged":false,"ExitsInGDT":false,"SourceID":0,"TinhThanhID":0,"TinhThanhTitle":"An Giang","TinhThanhTitleAscii":"/an-giang","QuanHuyenID":0,"NganhNgheTitle":"Bán buôn nông, lâm sản nguyên liệu (trừ gỗ, tre, nứa) và động vật sống","NganhNgheTitleAscii":"/nganh-nghe/ban-buon-nong-lam-san-nguyen-lieu-tru-go-tre-nua-va-dong-vat-song","DSTags":["1601711881","An Giang",null]},{"Type":11,"SolrID":"/1601359645-dntn-binh","ID":0,"MaSoThue":"1601359645","NgayCap":"2010-06-11T00:00:00Z","Title":"DNTN Bình","DiaChiCongTy":"ấp Long Phú 2 - Xã Long Điền B - Huyện Chợ Mới - An Giang","Created":"2015-11-11T08:01:40Z","Updated":"2015-11-11T08:01:40Z","IsDelete":false,"RequestChanged":false,"ExitsInGDT":false,"SourceID":0,"TinhThanhID":0,"TinhThanhTitle":"An Giang","TinhThanhTitleAscii":"/an-giang","QuanHuyenID":0,"NganhNgheTitle":"Xây dựng công trình kỹ thuật dân dụng","NganhNgheTitleAscii":"/nganh-nghe/xay-dung-cong-trinh-ky-thuat-dan-dung","DSTags":["1601359645","An Giang",null]},{"Type":11,"SolrID":"/1601226571-cong-ty-tnhh-ha-van","ID":0,"MaSoThue":"1601226571","NgayCap":"2009-10-21T00:00:00Z","Title":"Công ty TNHH Hà Văn","DiaChiCongTy":"240 Tổ 15 Long Qưới 1 - Xã Long Điền B - Huyện Chợ Mới - An Giang","Created":"2015-11-11T07:57:20Z","Updated":"2015-11-11T07:57:20Z","IsDelete":false,"RequestChanged":false,"ExitsInGDT":false,"SourceID":0,"TinhThanhID":0,"TinhThanhTitle":"An Giang","TinhThanhTitleAscii":"/an-giang","QuanHuyenID":0,"NganhNgheTitle":"Xây dựng công trình kỹ thuật dân dụng","NganhNgheTitleAscii":"/nganh-nghe/xay-dung-cong-trinh-ky-thuat-dan-dung","DSTags":["1601226571","An Giang",null]},{"Type":11,"SolrID":"/1601007026-dntn-nguyen-van-be","ID":0,"MaSoThue":"1601007026","NgayCap":"2008-12-20T00:00:00Z","Title":"DNTN Nguyễn Văn Bé","DiaChiCongTy":"ấp Long Quới 2, xã Long Điền B - Huyện Chợ Mới - An Giang","Created":"2015-11-16T23:43:15Z","Updated":"2015-11-16T23:43:15Z","IsDelete":false,"RequestChanged":false,"ExitsInGDT":false,"SourceID":0,"TinhThanhID":0,"TinhThanhTitle":"An Giang","TinhThanhTitleAscii":"/an-giang","QuanHuyenID":0,"NganhNgheTitle":"NÔNG NGHIỆP, LÂM NGHIỆP VÀ THUỶ SẢN","NganhNgheTitleAscii":"/nganh-nghe/nong-nghiep-lam-nghiep-va-thuy-san","DSTags":["1601007026","An Giang",null]},{"Type":11,"SolrID":"/1600961060-cty-tnhh-mot-thanh-vien-khach-san-truc-linh","ID":0,"MaSoThue":"1600961060","NgayCap":"2008-05-13T00:00:00Z","Title":"Cty TNHH Một Thành Viên Khách Sạn Trúc Linh","DiaChiCongTy":"ấp Long Phú 2, xã Long Điền B - Huyện Chợ Mới - An Giang","Created":"2015-11-13T22:38:58Z","Updated":"2015-11-13T22:38:58Z","IsDelete":false,"RequestChanged":false,"ExitsInGDT":false,"SourceID":0,"TinhThanhID":0,"TinhThanhTitle":"An Giang","TinhThanhTitleAscii":"/an-giang","QuanHuyenID":0,"NganhNgheTitle":"Dịch vụ lưu trú ngắn ngày","NganhNgheTitleAscii":"/nganh-nghe/dich-vu-luu-tru-ngan-ngay","DSTags":["1600961060","An Giang",null]},{"Type":11,"SolrID":"/1600952355-cong-ty-tnhh-thuong-mai-dich-vu-xay-dung-phuong-vy","ID":0,"MaSoThue":"1600952355","NgayCap":"2008-03-28T00:00:00Z","Title":"Công Ty TNHH Thương Mại - Dịch Vụ Xây Dựng Phương Vy","DiaChiCongTy":"Số 423, ấp Long Thành - Xã Long Điền B - Huyện Chợ Mới - An Giang","Created":"2015-11-09T21:10:39Z","Updated":"2015-11-09T21:10:39Z","IsDelete":false,"RequestChanged":false,"ExitsInGDT":false,"SourceID":0,"TinhThanhID":0,"TinhThanhTitle":"An Giang","TinhThanhTitleAscii":"/an-giang","QuanHuyenID":0,"NganhNgheTitle":"Xây dựng nhà các loại","NganhNgheTitleAscii":"/nganh-nghe/xay-dung-nha-cac-loai","DSTags":["1600952355","An Giang",null]},{"Type":11,"SolrID":"/1600904954-cty-tnhh-thuong-mai-dich-vu-tai-phat","ID":0,"MaSoThue":"1600904954","NgayCap":"2007-09-14T00:00:00Z","Title":"Cty TNHH Thương Mại & Dịch Vụ Tài Phát","DiaChiCongTy":"Số 01, Lô B Chung Cư Long Điền B, xã Long Điền B - Huyện Chợ Mới - An Giang","Created":"2015-11-11T10:17:25Z","Updated":"2015-11-11T10:17:25Z","IsDelete":false,"RequestChanged":false,"ExitsInGDT":false,"SourceID":0,"TinhThanhID":0,"TinhThanhTitle":"An Giang","TinhThanhTitleAscii":"/an-giang","QuanHuyenID":0,"NganhNgheTitle":"Bán buôn vật liệu, thiết bị lắp đặt khác trong xây dựng","NganhNgheTitleAscii":"/nganh-nghe/ban-buon-vat-lieu-thiet-bi-lap-dat-khac-trong-xay-dung","DSTags":["1600904954","An Giang",null]},{"Type":11,"SolrID":"/1600581982-001-chi-nhanh-dntn-tran-thi-kim-phung-cua-hang-xang-dau-tran-thi-kim-phung","ID":0,"MaSoThue":"1600581982-001","NgayCap":"2007-06-15T00:00:00Z","Title":"Chi nhánh DNTN Trần Thị Kim Phụng Cửa hàng Xăng dầu Trần Thị Kim Phụng","DiaChiCongTy":"ấp Long Phú II, xã Long Điền B - Huyện Chợ Mới - An Giang","Created":"2015-11-11T05:43:57Z","Updated":"2015-11-11T05:43:57Z","IsDelete":false,"RequestChanged":false,"ExitsInGDT":false,"SourceID":0,"TinhThanhID":0,"TinhThanhTitle":"An Giang","TinhThanhTitleAscii":"/an-giang","QuanHuyenID":0,"NganhNgheTitle":"Bán lẻ nhiên liệu động cơ trong các cửa hàng chuyên doanh","NganhNgheTitleAscii":"/nganh-nghe/ban-le-nhien-lieu-dong-co-trong-cac-cua-hang-chuyen-doanh","DSTags":["1600581982-001","An Giang",null]},{"Type":11,"SolrID":"/1600887233-dntn-nguyen-truong","ID":0,"MaSoThue":"1600887233","NgayCap":"2007-03-29T00:00:00Z","Title":"DNTN Nguyễn Trương","DiaChiCongTy":"ấp Long Thành, xã Long Điền B - Huyện Chợ Mới - An Giang","Created":"2015-11-11T11:39:35Z","Updated":"2015-11-11T11:39:35Z","IsDelete":false,"RequestChanged":false,"ExitsInGDT":false,"SourceID":0,"TinhThanhID":0,"TinhThanhTitle":"An Giang","TinhThanhTitleAscii":"/an-giang","QuanHuyenID":0,"NganhNgheTitle":"Bán buôn vật liệu, thiết bị lắp đặt khác trong xây dựng","NganhNgheTitleAscii":"/nganh-nghe/ban-buon-vat-lieu-thiet-bi-lap-dat-khac-trong-xay-dung","DSTags":["1600887233","An Giang",null]},{"Type":11,"SolrID":"/1600831914-truong-trung-hoc-co-so-long-dien-b","ID":0,"MaSoThue":"1600831914","NgayCap":"2006-03-15T00:00:00Z","Title":"Trường Trung học cơ sở Long Điền B","DiaChiCongTy":"ấp Long Quới II, xã Long Điền B - Huyện Chợ Mới - An Giang","Created":"2015-11-16T17:26:21Z","Updated":"2015-11-16T17:26:21Z","IsDelete":false,"RequestChanged":false,"ExitsInGDT":false,"SourceID":0,"TinhThanhID":0,"TinhThanhTitle":"An Giang","TinhThanhTitleAscii":"/an-giang","QuanHuyenID":0,"NganhNgheTitle":"Giáo dục trung học cơ sở và trung học phổ thông","NganhNgheTitleAscii":"/nganh-nghe/giao-duc-trung-hoc-co-so-va-trung-hoc-pho-thong","DSTags":["1600831914","An Giang",null]},{"Type":11,"SolrID":"/1600679924-doanh-nghiep-tn-rang-dong","ID":0,"MaSoThue":"1600679924","NgayCap":"2004-02-05T00:00:00Z","Title":"Doanh Nghiệp TN Rạng Đông","DiaChiCongTy":"ấp Long Quới I - Xã Long Điền B - Huyện Chợ Mới - An Giang","Created":"2015-11-09T12:47:41Z","Updated":"2015-11-09T12:47:41Z","IsDelete":false,"RequestChanged":false,"ExitsInGDT":false,"SourceID":0,"TinhThanhID":0,"TinhThanhTitle":"An Giang","TinhThanhTitleAscii":"/an-giang","QuanHuyenID":0,"NganhNgheTitle":"Bán buôn nhiên liệu rắn, lỏng, khí và các sản phẩm liên quan","NganhNgheTitleAscii":"/nganh-nghe/ban-buon-nhien-lieu-ran-long-khi-va-cac-san-pham-lien-quan","DSTags":["1600679924","An Giang",null]},{"Type":11,"SolrID":"/1600581982-doanh-nghiep-tn-tran-thi-kim-phung","ID":0,"MaSoThue":"1600581982","NgayCap":"2001-08-27T00:00:00Z","Title":"Doanh Nghiệp TN Trần Thị Kim Phụng","DiaChiCongTy":"ấp Long Phú II - Xã Long Điền B - Huyện Chợ Mới - An Giang","Created":"2015-11-10T01:39:20Z","Updated":"2015-11-10T01:39:20Z","IsDelete":false,"RequestChanged":false,"ExitsInGDT":false,"SourceID":0,"TinhThanhID":0,"TinhThanhTitle":"An Giang","TinhThanhTitleAscii":"/an-giang","QuanHuyenID":0,"NganhNgheTitle":"Bán buôn nhiên liệu rắn, lỏng, khí và các sản phẩm liên quan","NganhNgheTitleAscii":"/nganh-nghe/ban-buon-nhien-lieu-ran-long-khi-va-cac-san-pham-lien-quan","DSTags":["1600581982","An Giang",null]},{"Type":11,"SolrID":"/1600230737-011-xi-nghiep-che-bien-luong-thuc-i-phan-xuong-cho-moi","ID":0,"MaSoThue":"1600230737-011","NgayCap":"1999-02-24T00:00:00Z","Title":"Xí Nghiệp Chế Biến Lương Thực I Phân Xưởng Chợ Mới","DiaChiCongTy":"ấp Long Phú Xã Long Điền B - Huyện Chợ Mới - An Giang","Created":"2015-11-18T14:47:08Z","Updated":"2015-11-18T14:47:08Z","IsDelete":false,"RequestChanged":false,"ExitsInGDT":false,"SourceID":0,"TinhThanhID":0,"TinhThanhTitle":"An Giang","TinhThanhTitleAscii":"/an-giang","QuanHuyenID":0,"NganhNgheTitle":"Bán buôn gạo, thực phẩm, đồ uống và sản phẩm thuốc lá, thuốc lào","NganhNgheTitleAscii":"/nganh-nghe/ban-buon-gao-thuc-pham-do-uong-va-san-pham-thuoc-la-thuoc-lao","DSTags":["1600230737-011","An Giang",null]},{"Type":11,"SolrID":"/1600366103-005-truong-mau-giao-long-dien-b","ID":0,"MaSoThue":"1600366103-005","NgayCap":"1998-11-24T00:00:00Z","Title":"Trường Mẫu giáo Long Điền B","DiaChiCongTy":"xã Long Điền B - Huyện Chợ Mới - An Giang","Created":"2015-11-17T19:48:17Z","Updated":"2015-11-17T19:48:17Z","IsDelete":false,"RequestChanged":false,"ExitsInGDT":false,"SourceID":0,"TinhThanhID":0,"TinhThanhTitle":"An Giang","TinhThanhTitleAscii":"/an-giang","QuanHuyenID":0,"NganhNgheTitle":"Giáo dục mầm non","NganhNgheTitleAscii":"/nganh-nghe/giao-duc-mam-non","DSTags":["1600366103-005","An Giang",null]},{"Type":11,"SolrID":"/1600366103-022-truong-tieu-hoc-nguyen-van-troi","ID":0,"MaSoThue":"1600366103-022","NgayCap":"1998-11-24T00:00:00Z","Title":"Trường Tiểu học Nguyễn văn Trỗi","DiaChiCongTy":"ấp Long Qưới, xã Long Điền B - Huyện Chợ Mới - An Giang","Created":"2015-11-17T19:48:36Z","Updated":"2015-11-17T19:48:36Z","IsDelete":false,"RequestChanged":false,"ExitsInGDT":false,"SourceID":0,"TinhThanhID":0,"TinhThanhTitle":"An Giang","TinhThanhTitleAscii":"/an-giang","QuanHuyenID":0,"NganhNgheTitle":"Giáo dục tiểu học","NganhNgheTitleAscii":"/nganh-nghe/giao-duc-tieu-hoc","DSTags":["1600366103-022","An Giang",null]},{"Type":11,"SolrID":"/1600366103-023-truong-tieu-hoc-le-hong-phong","ID":0,"MaSoThue":"1600366103-023","NgayCap":"1998-11-24T00:00:00Z","Title":"Trường Tiểu Học Lê Hồng Phong","DiaChiCongTy":"ấp Long Phú 2, Xã Long Điền B - Huyện Chợ Mới - An Giang","Created":"2015-11-17T19:48:37Z","Updated":"2015-11-17T19:48:37Z","IsDelete":false,"RequestChanged":false,"ExitsInGDT":false,"SourceID":0,"TinhThanhID":0,"TinhThanhTitle":"An Giang","TinhThanhTitleAscii":"/an-giang","QuanHuyenID":0,"NganhNgheTitle":"Giáo dục tiểu học","NganhNgheTitleAscii":"/nganh-nghe/giao-duc-tieu-hoc","DSTags":["1600366103-023","An Giang",null]},{"Type":11,"SolrID":"/1600366103-024-truong-tieu-hoc-quang-trung","ID":0,"MaSoThue":"1600366103-024","NgayCap":"1998-11-24T00:00:00Z","Title":"Trường Tiểu học Quang Trung","DiaChiCongTy":"ấp Long Tân, xã Long Điền B - Huyện Chợ Mới - An Giang","Created":"2015-11-17T19:48:38Z","Updated":"2015-11-17T19:48:38Z","IsDelete":false,"RequestChanged":false,"ExitsInGDT":false,"SourceID":0,"TinhThanhID":0,"TinhThanhTitle":"An Giang","TinhThanhTitleAscii":"/an-giang","QuanHuyenID":0,"NganhNgheTitle":"Giáo dục tiểu học","NganhNgheTitleAscii":"/nganh-nghe/giao-duc-tieu-hoc","DSTags":["1600366103-024","An Giang",null]},{"Type":11,"SolrID":"/1600363631-ubnd-xa-long-dien-b","ID":0,"MaSoThue":"1600363631","NgayCap":"1998-10-31T00:00:00Z","Title":"UBND Xã Long Điền B","DiaChiCongTy":"ấp Long Quới 2, Xã Long Điền B - Huyện Chợ Mới - An Giang","Created":"2015-11-14T17:23:51Z","Updated":"2015-11-14T17:23:51Z","IsDelete":false,"RequestChanged":false,"ExitsInGDT":false,"SourceID":0,"TinhThanhID":0,"TinhThanhTitle":"An Giang","TinhThanhTitleAscii":"/an-giang","QuanHuyenID":0,"NganhNgheTitle":"Hoạt động quản lý nhà nước nói chung và kinh tế tổng hợp","NganhNgheTitleAscii":"/nganh-nghe/hoat-dong-quan-ly-nha-nuoc-noi-chung-va-kinh-te-tong-hop","DSTags":["1600363631","An Giang",null]},{"Type":11,"SolrID":"/1600151725-dntn-thien-toan","ID":0,"MaSoThue":"1600151725","NgayCap":"1998-09-18T00:00:00Z","Title":"DNTN Thiện Toàn","DiaChiCongTy":"ấp Long Tân, xã Long Điền B - Huyện Chợ Mới - An Giang","Created":"2015-11-09T02:39:14Z","Updated":"2015-11-09T02:39:14Z","IsDelete":false,"RequestChanged":false,"ExitsInGDT":false,"SourceID":0,"TinhThanhID":0,"TinhThanhTitle":"An Giang","TinhThanhTitleAscii":"/an-giang","QuanHuyenID":0,"NganhNgheTitle":"Bán buôn gạo, thực phẩm, đồ uống và sản phẩm thuốc lá, thuốc lào","NganhNgheTitleAscii":"/nganh-nghe/ban-buon-gao-thuc-pham-do-uong-va-san-pham-thuoc-la-thuoc-lao","DSTags":["1600151725","An Giang",null]},{"Type":11,"SolrID":"/1600153200-htx-nong-nghiep-phu-quoi","ID":0,"MaSoThue":"1600153200","NgayCap":"1998-09-18T00:00:00Z","Title":"HTX Nông Nghiệp Phú Quới","DiaChiCongTy":"ấp Long Phú 1 xã Long Điền B - Huyện Chợ Mới - An Giang","Created":"2015-11-14T18:02:39Z","Updated":"2015-11-14T18:02:39Z","IsDelete":false,"RequestChanged":false,"ExitsInGDT":false,"SourceID":0,"TinhThanhID":0,"TinhThanhTitle":"An Giang","TinhThanhTitleAscii":"/an-giang","QuanHuyenID":0,"NganhNgheTitle":"Bán lẻ hàng hóa khác trong các cửa hàng chuyên doanh","NganhNgheTitleAscii":"/nganh-nghe/ban-le-hang-hoa-khac-trong-cac-cua-hang-chuyen-doanh","DSTags":["1600153200","An Giang",null]}]}