{"ID":8192,"SolrID":"/an-giang/huyen-cho-moi/xa-my-luong","Title":"Xã Mỹ Luông","TinhThanhTitle":"An Giang","QuanHuyenTitle":"Huyện Chợ Mới","QuanHuyenID":489,"TinhThanhID":35,"Url":"https://thongtindoanhnghiep.co/api/company?l=/an-giang/huyen-cho-moi/xa-my-luong","Total":5,"List":[{"Type":11,"SolrID":"/0302311259-002-chi-nhanh-cty-cp-tu-van-dau-tu-xay-dung-san-xuat-nhut-thanh","ID":0,"MaSoThue":"0302311259-002","NgayCap":"2004-03-25T00:00:00Z","Title":"Chi Nhánh CTy CP Tư vấn đầu tư xây dựng-sản xuất Nhựt Thành","DiaChiCongTy":"107 Tổ 8 ấp Mỹ An 2, xã Mỹ Luông - Huyện Chợ Mới - An Giang","Created":"2015-11-17T20:11:52Z","Updated":"2015-11-17T20:11:52Z","IsDelete":false,"RequestChanged":false,"ExitsInGDT":false,"SourceID":0,"TinhThanhID":0,"TinhThanhTitle":"An Giang","TinhThanhTitleAscii":"/an-giang","QuanHuyenID":0,"NganhNgheTitle":"Xây dựng công trình kỹ thuật dân dụng","NganhNgheTitleAscii":"/nganh-nghe/xay-dung-cong-trinh-ky-thuat-dan-dung","DSTags":["0302311259-002","An Giang",null]},{"Type":11,"SolrID":"/1600366103-002-nha-tre-30-4-my-luong","ID":0,"MaSoThue":"1600366103-002","NgayCap":"1998-11-24T00:00:00Z","Title":"Nhà Trẻ 30/4 Mỹ Luông","DiaChiCongTy":"Xã Mỹ Luông - Huyện Chợ Mới - An Giang","Created":"2015-11-18T10:34:51Z","Updated":"2015-11-18T10:34:51Z","IsDelete":false,"RequestChanged":false,"ExitsInGDT":false,"SourceID":0,"TinhThanhID":0,"TinhThanhTitle":"An Giang","TinhThanhTitleAscii":"/an-giang","QuanHuyenID":0,"NganhNgheTitle":"Giáo dục mầm non","NganhNgheTitleAscii":"/nganh-nghe/giao-duc-mam-non","DSTags":["1600366103-002","An Giang",null]},{"Type":11,"SolrID":"/1600365773-010-truong-trung-hoc-khai-tri","ID":0,"MaSoThue":"1600365773-010","NgayCap":"1998-11-24T00:00:00Z","Title":"Trường Trung học Khai Trí","DiaChiCongTy":"Xã Mỹ Luông - Huyện Chợ Mới - An Giang","Created":"2015-11-18T14:37:29Z","Updated":"2015-11-18T14:37:29Z","IsDelete":false,"RequestChanged":false,"ExitsInGDT":false,"SourceID":0,"TinhThanhID":0,"TinhThanhTitle":"An Giang","TinhThanhTitleAscii":"/an-giang","QuanHuyenID":0,"NganhNgheTitle":"Giáo dục trung học cơ sở và trung học phổ thông","NganhNgheTitleAscii":"/nganh-nghe/giao-duc-trung-hoc-co-so-va-trung-hoc-pho-thong","DSTags":["1600365773-010","An Giang",null]},{"Type":11,"SolrID":"/1600366103-025-truong-tieu-hoc-a-my-luong","ID":0,"MaSoThue":"1600366103-025","NgayCap":"1998-11-24T00:00:00Z","Title":"Trường Tiểu học \"A\" Mỹ Luông","DiaChiCongTy":"ấp Thị I, xã Mỹ Luông - Huyện Chợ Mới - An Giang","Created":"2015-11-17T19:48:39Z","Updated":"2015-11-17T19:48:39Z","IsDelete":false,"RequestChanged":false,"ExitsInGDT":false,"SourceID":0,"TinhThanhID":0,"TinhThanhTitle":"An Giang","TinhThanhTitleAscii":"/an-giang","QuanHuyenID":0,"NganhNgheTitle":"Giáo dục tiểu học","NganhNgheTitleAscii":"/nganh-nghe/giao-duc-tieu-hoc","DSTags":["1600366103-025","An Giang",null]},{"Type":11,"SolrID":"/3600262193-014-to-nguyen-lieu-thuoc-la-an-giang","ID":0,"MaSoThue":"3600262193-014","NgayCap":"1998-10-27T00:00:00Z","Title":"Tổ  Nguyên Liệu Thuốc Lá  An Giang","DiaChiCongTy":"Xã Mỹ Luông - Huyện Chợ Mới - An Giang","Created":"2015-11-18T15:09:08Z","Updated":"2015-11-18T15:09:08Z","IsDelete":false,"RequestChanged":false,"ExitsInGDT":false,"SourceID":0,"TinhThanhID":0,"TinhThanhTitle":"An Giang","TinhThanhTitleAscii":"/an-giang","QuanHuyenID":0,"NganhNgheTitle":"Sản xuất sản phẩm thuốc lá","NganhNgheTitleAscii":"/nganh-nghe/san-xuat-san-pham-thuoc-la","DSTags":["3600262193-014","An Giang",null]}]}