{"ID":1996,"SolrID":"/an-giang/huyen-cho-moi/xa-my-hoi-dong","Title":"Xã Mỹ Hội Đông","TinhThanhTitle":"An Giang","QuanHuyenTitle":"Huyện Chợ Mới","QuanHuyenID":489,"TinhThanhID":35,"Url":"https://thongtindoanhnghiep.co/api/company?l=/an-giang/huyen-cho-moi/xa-my-hoi-dong","Total":57,"List":[{"Type":11,"SolrID":"/1602148005-cong-ty-tnhh-mot-thanh-vien-xang-dau-lam-ngoc","ID":0,"MaSoThue":"1602148005","NgayCap":"2021-06-01T00:00:00Z","Title":"Công Ty TNHH Một Thành Viên Xăng Dầu Lam Ngọc","DiaChiCongTy":"tổ 18 ấp Mỹ Thuận, Xã Mỹ Hội Đông, Huyện Chợ Mới, Tỉnh An Giang","Created":"2021-06-01T11:36:20Z","Updated":"2021-06-01T11:36:20Z","IsDelete":false,"RequestChanged":false,"ExitsInGDT":false,"SourceID":0,"TinhThanhID":0,"TinhThanhTitle":"An Giang","TinhThanhTitleAscii":"/an-giang","QuanHuyenID":0,"NganhNgheTitle":"Bán buôn nhiên liệu rắn, lỏng, khí và các sản phẩm liên quan","NganhNgheTitleAscii":"/nganh-nghe/ban-buon-nhien-lieu-ran-long-khi-va-cac-san-pham-lien-quan","DSTags":["1602148005","An Giang",null]},{"Type":11,"SolrID":"/1602141835-cong-ty-tnhh-go-tinh-nghia","ID":0,"MaSoThue":"1602141835","NgayCap":"2021-02-26T00:00:00Z","Title":"Công Ty TNHH Gỗ Tính Nghĩa","DiaChiCongTy":"Số 72, Ấp Mỹ Hòa, Xã Mỹ Hội Đông, Huyện Chợ Mới, Tỉnh An Giang","Created":"2021-02-26T14:41:41Z","Updated":"2021-02-26T14:41:41Z","IsDelete":false,"RequestChanged":false,"ExitsInGDT":false,"SourceID":0,"TinhThanhID":0,"TinhThanhTitle":"An Giang","TinhThanhTitleAscii":"/an-giang","QuanHuyenID":0,"NganhNgheTitle":"Đóng thuyền, xuồng thể thao và giải trí","NganhNgheTitleAscii":"/nganh-nghe/dong-thuyen-xuong-the-thao-va-giai-tri","DSTags":["1602141835","An Giang",null]},{"Type":11,"SolrID":"/1602139748-cong-ty-tnhh-xang-dau-le-minh-hien","ID":0,"MaSoThue":"1602139748","NgayCap":"2021-01-25T00:00:00Z","Title":"Công Ty TNHH Xăng Dầu Lê Minh Hiển","DiaChiCongTy":"Số 579, Ấp Mỹ Thành, Xã Mỹ Hội Đông, Huyện Chợ Mới, Tỉnh An Giang","Created":"2021-01-25T08:54:27Z","Updated":"2021-01-25T08:54:27Z","IsDelete":false,"RequestChanged":false,"ExitsInGDT":false,"SourceID":0,"TinhThanhID":0,"TinhThanhTitle":"An Giang","TinhThanhTitleAscii":"/an-giang","QuanHuyenID":0,"NganhNgheTitle":"Bán buôn nhiên liệu rắn, lỏng, khí và các sản phẩm liên quan","NganhNgheTitleAscii":"/nganh-nghe/ban-buon-nhien-lieu-ran-long-khi-va-cac-san-pham-lien-quan","DSTags":["1602139748","An Giang",null]},{"Type":11,"SolrID":"/1602138688-cong-ty-tnhh-cung-cap-thiet-bi-dien-cntn","ID":0,"MaSoThue":"1602138688","NgayCap":"2021-01-07T00:00:00Z","Title":"Công Ty TNHH Cung Cấp Thiết Bị Điện Cntn","DiaChiCongTy":"Số 40, Tổ 13, Ấp Mỹ Thành, Xã Mỹ Hội Đông, Huyện Chợ Mới, Tỉnh An Giang","Created":"2021-01-07T14:36:53Z","Updated":"2021-01-07T14:36:53Z","IsDelete":false,"RequestChanged":false,"ExitsInGDT":false,"SourceID":0,"TinhThanhID":0,"TinhThanhTitle":"An Giang","TinhThanhTitleAscii":"/an-giang","QuanHuyenID":0,"DSTags":["1602138688","An Giang",null]},{"Type":11,"SolrID":"/1602090732-cong-ty-tnhh-mot-thanh-vien-san-xuat-gach-phuc-van","ID":0,"MaSoThue":"1602090732","NgayCap":"2019-01-03T00:00:00Z","Title":"Công Ty TNHH Một Thành Viên Sản Xuất Gạch Phúc Vân","DiaChiCongTy":"Ấp Mỹ Thuận, Xã Mỹ Hội Đông, Huyện Chợ Mới, Tỉnh An Giang","Created":"2019-01-03T10:33:46Z","Updated":"2019-01-03T10:33:46Z","IsDelete":false,"RequestChanged":false,"ExitsInGDT":false,"SourceID":0,"TinhThanhID":0,"TinhThanhTitle":"An Giang","TinhThanhTitleAscii":"/an-giang","QuanHuyenID":0,"NganhNgheTitle":"Sản xuất sản phẩm chịu lửa","NganhNgheTitleAscii":"/nganh-nghe/san-xuat-san-pham-chiu-lua","DSTags":["1602090732","An Giang",null]},{"Type":11,"SolrID":"/1602076939-cong-ty-tnhh-san-xuat-dich-vu-cong-nghe-ntk","ID":0,"MaSoThue":"1602076939","NgayCap":"2018-07-20T00:00:00Z","Title":"Công Ty TNHH Sản Xuất Dịch Vụ Công Nghệ Ntk","DiaChiCongTy":"Chợ Đồng Tân, Ấp Mỹ Tân, Xã Mỹ Hội Đông, Huyện Chợ Mới, Tỉnh An Giang","Created":"2018-07-20T11:34:17Z","Updated":"2018-07-20T11:34:17Z","IsDelete":false,"RequestChanged":false,"ExitsInGDT":false,"SourceID":0,"TinhThanhID":0,"TinhThanhTitle":"An Giang","TinhThanhTitleAscii":"/an-giang","QuanHuyenID":0,"NganhNgheTitle":"Bán buôn thiết bị và linh kiện điện tử, viễn thông","NganhNgheTitleAscii":"/nganh-nghe/ban-buon-thiet-bi-va-linh-kien-dien-tu-vien-thong","DSTags":["1602076939","An Giang",null]},{"Type":11,"SolrID":"/1602073085-cong-ty-tnhh-xang-dau-bach-phuong","ID":0,"MaSoThue":"1602073085","NgayCap":"2018-05-30T00:00:00Z","Title":"Công Ty TNHH Xăng Dầu Bạch Phượng","DiaChiCongTy":"Ấp Mỹ Hòa A, Xã Mỹ Hội Đông, Huyện Chợ Mới, Tỉnh An Giang","Created":"2018-05-30T09:04:30Z","Updated":"2018-05-30T09:04:30Z","IsDelete":false,"RequestChanged":false,"ExitsInGDT":false,"SourceID":0,"TinhThanhID":0,"TinhThanhTitle":"An Giang","TinhThanhTitleAscii":"/an-giang","QuanHuyenID":0,"NganhNgheTitle":"Bán buôn nhiên liệu rắn, lỏng, khí và các sản phẩm liên quan","NganhNgheTitleAscii":"/nganh-nghe/ban-buon-nhien-lieu-ran-long-khi-va-cac-san-pham-lien-quan","DSTags":["1602073085","An Giang",null]},{"Type":11,"SolrID":"/1602050810-cong-ty-tnhh-mot-thanh-vien-co-khi-chinh-xac-khanh-linh","ID":0,"MaSoThue":"1602050810","NgayCap":"2017-09-26T00:00:00Z","Title":"Công Ty TNHH Một Thành Viên Cơ Khí Chính Xác Khánh Linh","DiaChiCongTy":"Ấp Mỹ Thành, Xã Mỹ Hội Đông, Huyện Chợ Mới, Tỉnh An Giang","Created":"2017-09-26T09:05:47Z","Updated":"2017-09-26T09:05:47Z","IsDelete":false,"RequestChanged":false,"ExitsInGDT":false,"SourceID":0,"TinhThanhID":0,"TinhThanhTitle":"An Giang","TinhThanhTitleAscii":"/an-giang","QuanHuyenID":0,"NganhNgheTitle":"Rèn, dập, ép và cán kim loại; luyện bột kim loại","NganhNgheTitleAscii":"/nganh-nghe/ren-dap-ep-va-can-kim-loai-luyen-bot-kim-loai","DSTags":["1602050810","An Giang",null]},{"Type":11,"SolrID":"/1602044341-cong-ty-tnhh-thuong-mai-thien-ngan-loc","ID":0,"MaSoThue":"1602044341","NgayCap":"2017-07-01T00:00:00Z","Title":"Công Ty TNHH Thương Mại Thiên Ngân Lộc","DiaChiCongTy":"Tổ 6, Ấp Mỹ Hòa A, Xã Mỹ Hội Đông, Huyện Chợ Mới, Tỉnh An Giang","Created":"2017-07-01T11:38:01Z","Updated":"2017-07-01T11:38:01Z","IsDelete":false,"RequestChanged":false,"ExitsInGDT":false,"SourceID":0,"TinhThanhID":0,"TinhThanhTitle":"An Giang","TinhThanhTitleAscii":"/an-giang","QuanHuyenID":0,"NganhNgheTitle":"Bán buôn nông, lâm sản nguyên liệu (trừ gỗ, tre, nứa) và động vật sống","NganhNgheTitleAscii":"/nganh-nghe/ban-buon-nong-lam-san-nguyen-lieu-tru-go-tre-nua-va-dong-vat-song","DSTags":["1602044341","An Giang",null]},{"Type":11,"SolrID":"/1602042376-cong-ty-tnhh-vien-thong-phuc-nguyen","ID":0,"MaSoThue":"1602042376","NgayCap":"2017-06-12T00:00:00Z","Title":"Công Ty TNHH Viễn Thông Phúc Nguyễn","DiaChiCongTy":"141, Ấp Mỹ Hòa A, Xã Mỹ Hội Đông, Huyện Chợ Mới, Tỉnh An Giang","Created":"2017-06-12T13:50:01Z","Updated":"2017-06-12T13:50:01Z","IsDelete":false,"RequestChanged":false,"ExitsInGDT":false,"SourceID":0,"TinhThanhID":0,"TinhThanhTitle":"An Giang","TinhThanhTitleAscii":"/an-giang","QuanHuyenID":0,"NganhNgheTitle":"Bán buôn thiết bị và linh kiện điện tử, viễn thông","NganhNgheTitleAscii":"/nganh-nghe/ban-buon-thiet-bi-va-linh-kien-dien-tu-vien-thong","DSTags":["1602042376","An Giang",null]},{"Type":11,"SolrID":"/1602032138-cong-ty-tnhh-chau-a-cho-moi","ID":0,"MaSoThue":"1602032138","NgayCap":"2017-01-17T00:00:00Z","Title":"Công Ty TNHH Châu Á Chợ Mới","DiaChiCongTy":"Số 416, tổ 7, Ấp Mỹ Đức, Xã Mỹ Hội Đông, Huyện Chợ Mới, Tỉnh An Giang","Created":"2017-01-17T14:37:59Z","Updated":"2017-01-17T14:37:59Z","IsDelete":false,"RequestChanged":false,"ExitsInGDT":false,"SourceID":0,"TinhThanhID":0,"TinhThanhTitle":"An Giang","TinhThanhTitleAscii":"/an-giang","QuanHuyenID":0,"NganhNgheTitle":"Bán buôn chuyên doanh khác chưa được phân vào đâu","NganhNgheTitleAscii":"/nganh-nghe/ban-buon-chuyen-doanh-khac-chua-duoc-phan-vao-dau","DSTags":["1602032138","An Giang",null]},{"Type":11,"SolrID":"/1602030998-cong-ty-tnhh-mot-thanh-vien-san-xuat-day-chi-nhua-thanh-dat","ID":0,"MaSoThue":"1602030998","NgayCap":"2017-01-09T00:00:00Z","Title":"Công Ty TNHH Một Thành Viên Sản Xuất Dây Chỉ Nhựa Thành Đạt","DiaChiCongTy":"Tổ 1, Ấp Mỹ Hòa B, Xã Mỹ Hội Đông, Huyện Chợ Mới, Tỉnh An Giang","Created":"2017-01-09T08:40:35Z","Updated":"2017-01-09T08:40:35Z","IsDelete":false,"RequestChanged":false,"ExitsInGDT":false,"SourceID":0,"TinhThanhID":0,"TinhThanhTitle":"An Giang","TinhThanhTitleAscii":"/an-giang","QuanHuyenID":0,"NganhNgheTitle":"Sản xuất sản phẩm từ plastic","NganhNgheTitleAscii":"/nganh-nghe/san-xuat-san-pham-tu-plastic","DSTags":["1602030998","An Giang",null]},{"Type":11,"SolrID":"/1602026053-cong-ty-tnhh-mot-thanh-vien-swacf-viet-nam","ID":0,"MaSoThue":"1602026053","NgayCap":"2016-12-09T00:00:00Z","Title":"Công Ty TNHH Một Thành Viên Swacf Việt Nam","DiaChiCongTy":"Ấp Mỹ Hòa, Xã Mỹ Hội Đông, Huyện Chợ Mới, Tỉnh An Giang","Created":"2016-12-09T09:13:56Z","Updated":"2016-12-09T09:13:56Z","IsDelete":false,"RequestChanged":false,"ExitsInGDT":false,"SourceID":0,"TinhThanhID":0,"TinhThanhTitle":"An Giang","TinhThanhTitleAscii":"/an-giang","QuanHuyenID":0,"NganhNgheTitle":"Sản xuất sản phẩm gốm sứ khác","NganhNgheTitleAscii":"/nganh-nghe/san-xuat-san-pham-gom-su-khac","DSTags":["1602026053","An Giang",null]},{"Type":11,"SolrID":"/1602023239-cong-ty-tnhh-mot-thanh-vien-san-xuat-gach-tinh-quang","ID":0,"MaSoThue":"1602023239","NgayCap":"2016-11-08T00:00:00Z","Title":"Công Ty TNHH Một Thành Viên Sản Xuất Gạch Tinh Quang","DiaChiCongTy":"ấp Mỹ Hòa - Xã Mỹ Hội Đông - Huyện Chợ Mới - An Giang","Created":"2016-11-10T17:34:46Z","Updated":"2016-11-10T17:34:46Z","IsDelete":false,"RequestChanged":false,"ExitsInGDT":false,"SourceID":0,"TinhThanhID":0,"TinhThanhTitle":"An Giang","TinhThanhTitleAscii":"/an-giang","QuanHuyenID":0,"NganhNgheTitle":"Sản xuất sản phẩm chịu lửa","NganhNgheTitleAscii":"/nganh-nghe/san-xuat-san-pham-chiu-lua","DSTags":["1602023239","An Giang",null]},{"Type":11,"SolrID":"/1602014019-cong-ty-tnhh-mot-thanh-vien-san-xuat-gach-hiep-hung","ID":0,"MaSoThue":"1602014019","NgayCap":"2016-07-08T00:00:00Z","Title":"Công Ty TNHH Một Thành Viên Sản Xuất Gạch Hiệp Hưng","DiaChiCongTy":"Tổ 17, ấp Mỹ Thuận - Xã Mỹ Hội Đông - Huyện Chợ Mới - An Giang","Created":"2016-07-14T14:44:49Z","Updated":"2016-09-10T22:32:52Z","IsDelete":false,"RequestChanged":false,"ExitsInGDT":false,"SourceID":0,"TinhThanhID":0,"TinhThanhTitle":"An Giang","TinhThanhTitleAscii":"/an-giang","QuanHuyenID":0,"DSTags":["1602014019","An Giang",null]},{"Type":11,"SolrID":"/1602007050-cong-ty-tnhh-thuy-san-van-dinh","ID":0,"MaSoThue":"1602007050","NgayCap":"2016-04-13T00:00:00Z","Title":"Công Ty TNHH Thủy Sản Vân Đỉnh","DiaChiCongTy":"ấp Mỹ Tân - Xã Mỹ Hội Đông - Huyện Chợ Mới - An Giang","Created":"2016-04-18T08:04:46Z","Updated":"2016-04-18T08:04:46Z","IsDelete":false,"RequestChanged":false,"ExitsInGDT":false,"SourceID":0,"TinhThanhID":0,"TinhThanhTitle":"An Giang","TinhThanhTitleAscii":"/an-giang","QuanHuyenID":0,"NganhNgheTitle":"Nuôi trồng thuỷ sản nội địa","NganhNgheTitleAscii":"/nganh-nghe/nuoi-trong-thuy-san-noi-dia","DSTags":["1602007050","An Giang",null]},{"Type":11,"SolrID":"/1601994936-cong-ty-tnhh-san-xuat-va-thuong-mai-nguyen-quang-vinh","ID":0,"MaSoThue":"1601994936","NgayCap":"2015-12-24T00:00:00Z","Title":"Công Ty TNHH Sản Xuất Và Thương Mại Nguyễn Quang Vinh","DiaChiCongTy":"Tổ 2, ấp Mỹ Hòa A - Xã Mỹ Hội Đông - Huyện Chợ Mới - An Giang","Created":"2015-12-28T09:34:46Z","Updated":"2015-12-28T09:34:46Z","IsDelete":false,"RequestChanged":false,"ExitsInGDT":false,"SourceID":0,"TinhThanhID":0,"TinhThanhTitle":"An Giang","TinhThanhTitleAscii":"/an-giang","QuanHuyenID":0,"NganhNgheTitle":"Bán buôn nông, lâm sản nguyên liệu (trừ gỗ, tre, nứa) và động vật sống","NganhNgheTitleAscii":"/nganh-nghe/ban-buon-nong-lam-san-nguyen-lieu-tru-go-tre-nua-va-dong-vat-song","DSTags":["1601994936","An Giang",null]},{"Type":11,"SolrID":"/1601989742-doanh-nghiep-tn-kim-chau-my-hoi-dong","ID":0,"MaSoThue":"1601989742","NgayCap":"2015-12-01T00:00:00Z","Title":"Doanh Nghiệp TN Kim Châu Mỹ Hội Đông","DiaChiCongTy":"362, ấp Mỹ Hòa A - Xã Mỹ Hội Đông - Huyện Chợ Mới - An Giang","Created":"2015-12-02T07:20:03Z","Updated":"2015-12-02T07:20:03Z","IsDelete":false,"RequestChanged":false,"ExitsInGDT":false,"SourceID":0,"TinhThanhID":0,"TinhThanhTitle":"An Giang","TinhThanhTitleAscii":"/an-giang","QuanHuyenID":0,"NganhNgheTitle":"Bán buôn kim loại và quặng kim loại","NganhNgheTitleAscii":"/nganh-nghe/ban-buon-kim-loai-va-quang-kim-loai","DSTags":["1601989742","An Giang",null]},{"Type":11,"SolrID":"/1601986558-doanh-nghiep-tn-chien-thang-cho-moi","ID":0,"MaSoThue":"1601986558","NgayCap":"2015-11-06T00:00:00Z","Title":"Doanh Nghiệp TN Chiến Thắng Chợ Mới","DiaChiCongTy":"Tổ 18, ấp Mỹ Hội - Xã Mỹ Hội Đông - Huyện Chợ Mới - An Giang","Created":"2015-11-19T13:01:45Z","Updated":"2015-11-19T13:01:45Z","IsDelete":false,"RequestChanged":false,"ExitsInGDT":false,"SourceID":0,"TinhThanhID":0,"TinhThanhTitle":"An Giang","TinhThanhTitleAscii":"/an-giang","QuanHuyenID":0,"NganhNgheTitle":"Bán buôn nông, lâm sản nguyên liệu (trừ gỗ, tre, nứa) và động vật sống","NganhNgheTitleAscii":"/nganh-nghe/ban-buon-nong-lam-san-nguyen-lieu-tru-go-tre-nua-va-dong-vat-song","DSTags":["1601986558","An Giang",null]},{"Type":11,"SolrID":"/1600671065-005-chi-nhanh-doanh-nghiep-tn-an-kien-cua-hang-xang-dau-an-kien-4","ID":0,"MaSoThue":"1600671065-005","NgayCap":"2015-10-20T00:00:00Z","Title":"Chi Nhánh Doanh Nghiệp TN An Kiên-Cửa Hàng Xăng Dầu An Kiên 4","DiaChiCongTy":"ấp Mỹ Hội - Xã Mỹ Hội Đông - Huyện Chợ Mới - An Giang","Created":"2015-11-19T11:19:59Z","Updated":"2015-11-19T11:19:59Z","IsDelete":false,"RequestChanged":false,"ExitsInGDT":false,"SourceID":0,"TinhThanhID":0,"TinhThanhTitle":"An Giang","TinhThanhTitleAscii":"/an-giang","QuanHuyenID":0,"NganhNgheTitle":"Bán buôn nhiên liệu rắn, lỏng, khí và các sản phẩm liên quan","NganhNgheTitleAscii":"/nganh-nghe/ban-buon-nhien-lieu-ran-long-khi-va-cac-san-pham-lien-quan","DSTags":["1600671065-005","An Giang",null]},{"Type":11,"SolrID":"/1601971431-cong-ty-tnhh-mot-thanh-vien-hai-viet-phat","ID":0,"MaSoThue":"1601971431","NgayCap":"2015-05-07T00:00:00Z","Title":"Công Ty TNHH Một Thành Viên Hải Việt Phát","DiaChiCongTy":"ấp Mỹ Phước - Xã Mỹ Hội Đông - Huyện Chợ Mới - An Giang","Created":"2015-11-17T11:54:29Z","Updated":"2015-11-17T11:54:29Z","IsDelete":false,"RequestChanged":false,"ExitsInGDT":false,"SourceID":0,"TinhThanhID":0,"TinhThanhTitle":"An Giang","TinhThanhTitleAscii":"/an-giang","QuanHuyenID":0,"NganhNgheTitle":"Bán lẻ đồ ngũ kim, sơn, kính và thiết bị lắp đặt khác trong xây dựng trong các cửa hàng chuyên doanh","NganhNgheTitleAscii":"/nganh-nghe/ban-le-do-ngu-kim-son-kinh-va-thiet-bi-lap-dat-khac-trong-xay-dung-trong-cac-cua-hang-chuyen-doanh","DSTags":["1601971431","An Giang",null]},{"Type":11,"SolrID":"/1601970780-cong-ty-tnhh-mot-thanh-vien-song-kha","ID":0,"MaSoThue":"1601970780","NgayCap":"2015-04-24T00:00:00Z","Title":"Công Ty TNHH Một Thành Viên Song Khả","DiaChiCongTy":"Số 480, Tổ 7, ấp Mỹ Tân - Xã Mỹ Hội Đông - Huyện Chợ Mới - An Giang","Created":"2015-11-17T09:48:40Z","Updated":"2015-11-17T09:48:40Z","IsDelete":false,"RequestChanged":false,"ExitsInGDT":false,"SourceID":0,"TinhThanhID":0,"TinhThanhTitle":"An Giang","TinhThanhTitleAscii":"/an-giang","QuanHuyenID":0,"NganhNgheTitle":"Bán buôn nông, lâm sản nguyên liệu (trừ gỗ, tre, nứa) và động vật sống","NganhNgheTitleAscii":"/nganh-nghe/ban-buon-nong-lam-san-nguyen-lieu-tru-go-tre-nua-va-dong-vat-song","DSTags":["1601970780","An Giang",null]},{"Type":11,"SolrID":"/1601968968-doanh-nghiep-tn-san-xuat-gach-phuong-thao","ID":0,"MaSoThue":"1601968968","NgayCap":"2015-04-07T00:00:00Z","Title":"Doanh Nghiệp TN Sản Xuất Gạch Phương Thảo","DiaChiCongTy":"Số 537, Tổ 25, ấp Mỹ Hội - Xã Mỹ Hội Đông - Huyện Chợ Mới - An Giang","Created":"2015-11-17T07:10:50Z","Updated":"2015-11-17T07:10:50Z","IsDelete":false,"RequestChanged":false,"ExitsInGDT":false,"SourceID":0,"TinhThanhID":0,"TinhThanhTitle":"An Giang","TinhThanhTitleAscii":"/an-giang","QuanHuyenID":0,"NganhNgheTitle":"Sản xuất sản phẩm chịu lửa","NganhNgheTitleAscii":"/nganh-nghe/san-xuat-san-pham-chiu-lua","DSTags":["1601968968","An Giang",null]},{"Type":11,"SolrID":"/1601968975-doanh-nghiep-tn-san-xuat-gach-phuong-thanh","ID":0,"MaSoThue":"1601968975","NgayCap":"2015-04-07T00:00:00Z","Title":"Doanh Nghiệp TN Sản Xuất Gạch Phương Thanh","DiaChiCongTy":"Tổ 9, ấp Mỹ Thuận - Xã Mỹ Hội Đông - Huyện Chợ Mới - An Giang","Created":"2015-11-17T07:10:50Z","Updated":"2015-11-17T07:10:50Z","IsDelete":false,"RequestChanged":false,"ExitsInGDT":false,"SourceID":0,"TinhThanhID":0,"TinhThanhTitle":"An Giang","TinhThanhTitleAscii":"/an-giang","QuanHuyenID":0,"NganhNgheTitle":"Sản xuất sản phẩm chịu lửa","NganhNgheTitleAscii":"/nganh-nghe/san-xuat-san-pham-chiu-lua","DSTags":["1601968975","An Giang",null]},{"Type":11,"SolrID":"/1601955951-doanh-nghiep-tn-thanh-dat-cho-moi","ID":0,"MaSoThue":"1601955951","NgayCap":"2014-12-31T00:00:00Z","Title":"Doanh Nghiệp Tn Thành Đạt Chợ Mới","DiaChiCongTy":"Tổ 1, Ấp Mỹ Hòa B, Xã Mỹ Hội Đông, Huyện Chợ Mới, Tỉnh An Giang","Created":"2015-11-14T17:27:52Z","Updated":"2020-09-18T02:30:25Z","IsDelete":false,"RequestChanged":false,"ExitsInGDT":false,"SourceID":0,"TinhThanhID":0,"TinhThanhTitle":"An Giang","TinhThanhTitleAscii":"/an-giang","QuanHuyenID":0,"NganhNgheTitle":"Sản xuất sản phẩm từ plastic","NganhNgheTitleAscii":"/nganh-nghe/san-xuat-san-pham-tu-plastic","DSTags":["1601955951","An Giang",null]},{"Type":11,"SolrID":"/1601924086-doanh-nghiep-tn-dinh-phi-cho-moi","ID":0,"MaSoThue":"1601924086","NgayCap":"2014-05-27T00:00:00Z","Title":"Doanh Nghiệp TN Đình Phi Chợ Mới","DiaChiCongTy":"Tổ 1, ấp Mỹ Đức - Xã Mỹ Hội Đông - Huyện Chợ Mới - An Giang","Created":"2015-11-09T14:44:31Z","Updated":"2015-11-09T14:44:31Z","IsDelete":false,"RequestChanged":false,"ExitsInGDT":false,"SourceID":0,"TinhThanhID":0,"TinhThanhTitle":"An Giang","TinhThanhTitleAscii":"/an-giang","QuanHuyenID":0,"NganhNgheTitle":"Hoạt động vui chơi giải trí khác chưa được phân vào đâu","NganhNgheTitleAscii":"/nganh-nghe/hoat-dong-vui-choi-giai-tri-khac-chua-duoc-phan-vao-dau","DSTags":["1601924086","An Giang",null]},{"Type":11,"SolrID":"/1601924449-doanh-nghiep-tn-dich-vu-du-lich-phuong-tram","ID":0,"MaSoThue":"1601924449","NgayCap":"2014-05-27T00:00:00Z","Title":"Doanh Nghiệp TN Dịch Vụ Du Lịch Phương Trâm","DiaChiCongTy":"Số 200, ấp Mỹ Hòa B - Xã Mỹ Hội Đông - Huyện Chợ Mới - An Giang","Created":"2015-11-09T14:34:17Z","Updated":"2015-11-09T14:34:17Z","IsDelete":false,"RequestChanged":false,"ExitsInGDT":false,"SourceID":0,"TinhThanhID":0,"TinhThanhTitle":"An Giang","TinhThanhTitleAscii":"/an-giang","QuanHuyenID":0,"NganhNgheTitle":"Đại lý du lịch","NganhNgheTitleAscii":"/nganh-nghe/dai-ly-du-lich","DSTags":["1601924449","An Giang",null]},{"Type":11,"SolrID":"/1601924093-cong-ty-tnhh-mot-thanh-vien-dien-tu-vien-thong-ngo-tan","ID":0,"MaSoThue":"1601924093","NgayCap":"2014-05-27T00:00:00Z","Title":"Công Ty TNHH Một Thành Viên Điện Tử Viễn Thông Ngô Tân","DiaChiCongTy":"Số 331, ấp Mỹ Đức - Xã Mỹ Hội Đông - Huyện Chợ Mới - An Giang","Created":"2015-11-11T15:29:07Z","Updated":"2015-11-11T15:29:07Z","IsDelete":false,"RequestChanged":false,"ExitsInGDT":false,"SourceID":0,"TinhThanhID":0,"TinhThanhTitle":"An Giang","TinhThanhTitleAscii":"/an-giang","QuanHuyenID":0,"NganhNgheTitle":"Bán buôn thiết bị và linh kiện điện tử, viễn thông","NganhNgheTitleAscii":"/nganh-nghe/ban-buon-thiet-bi-va-linh-kien-dien-tu-vien-thong","DSTags":["1601924093","An Giang",null]},{"Type":11,"SolrID":"/1601532699-001-chi-nhanh-cong-ty-tnhh-mot-thanh-vien-sx-tm-dv-trong-chinh","ID":0,"MaSoThue":"1601532699-001","NgayCap":"2014-03-18T00:00:00Z","Title":"Chi Nhánh Công Ty TNHH Một Thành Viên Sx Tm Dv Trọng Chinh","DiaChiCongTy":"ấp Mỹ Hòa A - Xã Mỹ Hội Đông - Huyện Chợ Mới - An Giang","Created":"2015-11-10T22:29:01Z","Updated":"2015-11-10T22:29:01Z","IsDelete":false,"RequestChanged":false,"ExitsInGDT":false,"SourceID":0,"TinhThanhID":0,"TinhThanhTitle":"An Giang","TinhThanhTitleAscii":"/an-giang","QuanHuyenID":0,"NganhNgheTitle":"Khai khoáng khác chưa được phân vào đâu","NganhNgheTitleAscii":"/nganh-nghe/khai-khoang-khac-chua-duoc-phan-vao-dau-10612","DSTags":["1601532699-001","An Giang",null]},{"Type":11,"SolrID":"/1601899369-cong-ty-tnhh-van-thanh-phat-loi","ID":0,"MaSoThue":"1601899369","NgayCap":"2013-12-20T00:00:00Z","Title":"Công Ty TNHH Vạn Thành Phát Lợi","DiaChiCongTy":"ấp Mỹ Hòa A - Xã Mỹ Hội Đông - Huyện Chợ Mới - An Giang","Created":"2015-11-09T22:54:38Z","Updated":"2015-11-09T22:54:38Z","IsDelete":false,"RequestChanged":false,"ExitsInGDT":false,"SourceID":0,"TinhThanhID":0,"TinhThanhTitle":"An Giang","TinhThanhTitleAscii":"/an-giang","QuanHuyenID":0,"NganhNgheTitle":"Bán buôn nông, lâm sản nguyên liệu (trừ gỗ, tre, nứa) và động vật sống","NganhNgheTitleAscii":"/nganh-nghe/ban-buon-nong-lam-san-nguyen-lieu-tru-go-tre-nua-va-dong-vat-song","DSTags":["1601899369","An Giang",null]},{"Type":11,"SolrID":"/1601895967-doanh-nghiep-tn-tu-son","ID":0,"MaSoThue":"1601895967","NgayCap":"2013-12-03T00:00:00Z","Title":"Doanh Nghiệp TN Tư Son","DiaChiCongTy":"Số 757, ấp Mỹ Hội - Xã Mỹ Hội Đông - Huyện Chợ Mới - An Giang","Created":"2015-11-09T22:57:39Z","Updated":"2015-11-09T22:57:39Z","IsDelete":false,"RequestChanged":false,"ExitsInGDT":false,"SourceID":0,"TinhThanhID":0,"TinhThanhTitle":"An Giang","TinhThanhTitleAscii":"/an-giang","QuanHuyenID":0,"NganhNgheTitle":"Nuôi trồng thuỷ sản nội địa","NganhNgheTitleAscii":"/nganh-nghe/nuoi-trong-thuy-san-noi-dia","DSTags":["1601895967","An Giang",null]},{"Type":11,"SolrID":"/1601887934-doanh-nghiep-tn-tiem-vang-kim-ngan-my-hoi","ID":0,"MaSoThue":"1601887934","NgayCap":"2013-09-03T00:00:00Z","Title":"Doanh Nghiệp TN Tiệm Vàng Kim Ngân Mỹ Hội","DiaChiCongTy":"ấp Mỹ Hội - Xã Mỹ Hội Đông - Huyện Chợ Mới - An Giang","Created":"2015-11-16T20:27:33Z","Updated":"2015-11-16T20:27:33Z","IsDelete":false,"RequestChanged":false,"ExitsInGDT":false,"SourceID":0,"TinhThanhID":0,"TinhThanhTitle":"An Giang","TinhThanhTitleAscii":"/an-giang","QuanHuyenID":0,"NganhNgheTitle":"Bán buôn kim loại và quặng kim loại","NganhNgheTitleAscii":"/nganh-nghe/ban-buon-kim-loai-va-quang-kim-loai","DSTags":["1601887934","An Giang",null]},{"Type":11,"SolrID":"/1601881379-doanh-nghiep-tn-ba-lam","ID":0,"MaSoThue":"1601881379","NgayCap":"2013-06-21T00:00:00Z","Title":"Doanh Nghiệp TN Ba Lắm","DiaChiCongTy":"Tổ 11, ấp Mỹ Hội - Xã Mỹ Hội Đông - Huyện Chợ Mới - An Giang","Created":"2015-11-17T07:48:04Z","Updated":"2016-09-11T02:38:41Z","IsDelete":false,"RequestChanged":false,"ExitsInGDT":false,"SourceID":0,"TinhThanhID":0,"TinhThanhTitle":"An Giang","TinhThanhTitleAscii":"/an-giang","QuanHuyenID":0,"DSTags":["1601881379","An Giang",null]},{"Type":11,"SolrID":"/1601880985-doanh-nghiep-tn-kim-thanh-thanh-oanh","ID":0,"MaSoThue":"1601880985","NgayCap":"2013-06-20T00:00:00Z","Title":"Doanh Nghiệp TN Kim Thành-Thanh Oanh","DiaChiCongTy":"Số 398, ấp Mỹ Hội - Xã Mỹ Hội Đông - Huyện Chợ Mới - An Giang","Created":"2015-11-16T11:59:40Z","Updated":"2015-11-16T11:59:40Z","IsDelete":false,"RequestChanged":false,"ExitsInGDT":false,"SourceID":0,"TinhThanhID":0,"TinhThanhTitle":"An Giang","TinhThanhTitleAscii":"/an-giang","QuanHuyenID":0,"NganhNgheTitle":"Bán buôn kim loại và quặng kim loại","NganhNgheTitleAscii":"/nganh-nghe/ban-buon-kim-loai-va-quang-kim-loai","DSTags":["1601880985","An Giang",null]},{"Type":11,"SolrID":"/1601881040-doanh-nghiep-tn-hai-bon","ID":0,"MaSoThue":"1601881040","NgayCap":"2013-06-20T00:00:00Z","Title":"Doanh Nghiệp TN Hai Bon","DiaChiCongTy":"Số 402, ấp Mỹ Hội - Xã Mỹ Hội Đông - Huyện Chợ Mới - An Giang","Created":"2015-11-16T11:59:42Z","Updated":"2015-11-16T11:59:42Z","IsDelete":false,"RequestChanged":false,"ExitsInGDT":false,"SourceID":0,"TinhThanhID":0,"TinhThanhTitle":"An Giang","TinhThanhTitleAscii":"/an-giang","QuanHuyenID":0,"NganhNgheTitle":"Bán buôn kim loại và quặng kim loại","NganhNgheTitleAscii":"/nganh-nghe/ban-buon-kim-loai-va-quang-kim-loai","DSTags":["1601881040","An Giang",null]},{"Type":11,"SolrID":"/1601880600-doanh-nghiep-tn-vang-diem-trang","ID":0,"MaSoThue":"1601880600","NgayCap":"2013-06-18T00:00:00Z","Title":"Doanh Nghiệp TN Vàng Diễm Trang","DiaChiCongTy":"ấp Mỹ Tân - Xã Mỹ Hội Đông - Huyện Chợ Mới - An Giang","Created":"2015-11-16T11:56:40Z","Updated":"2015-11-16T11:56:40Z","IsDelete":false,"RequestChanged":false,"ExitsInGDT":false,"SourceID":0,"TinhThanhID":0,"TinhThanhTitle":"An Giang","TinhThanhTitleAscii":"/an-giang","QuanHuyenID":0,"NganhNgheTitle":"Bán buôn kim loại và quặng kim loại","NganhNgheTitleAscii":"/nganh-nghe/ban-buon-kim-loai-va-quang-kim-loai","DSTags":["1601880600","An Giang",null]},{"Type":11,"SolrID":"/1601880061-doanh-nghiep-tn-ba-hau","ID":0,"MaSoThue":"1601880061","NgayCap":"2013-06-15T00:00:00Z","Title":"Doanh Nghiệp TN Ba Hầu","DiaChiCongTy":"Số 409, ấp Mỹ Hội - Xã Mỹ Hội Đông - Huyện Chợ Mới - An Giang","Created":"2015-11-17T08:08:53Z","Updated":"2015-11-17T08:08:53Z","IsDelete":false,"RequestChanged":false,"ExitsInGDT":false,"SourceID":0,"TinhThanhID":0,"TinhThanhTitle":"An Giang","TinhThanhTitleAscii":"/an-giang","QuanHuyenID":0,"NganhNgheTitle":"Bán buôn kim loại và quặng kim loại","NganhNgheTitleAscii":"/nganh-nghe/ban-buon-kim-loai-va-quang-kim-loai","DSTags":["1601880061","An Giang",null]},{"Type":11,"SolrID":"/1601879852-doanh-nghiep-tn-tiem-vang-nao-t","ID":0,"MaSoThue":"1601879852","NgayCap":"2013-06-13T00:00:00Z","Title":"Doanh Nghiệp TN Tiệm Vàng Nao - T","DiaChiCongTy":"Số 20, ấp Mỹ Đức - Xã Mỹ Hội Đông - Huyện Chợ Mới - An Giang","Created":"2015-11-16T21:37:42Z","Updated":"2015-11-16T21:37:42Z","IsDelete":false,"RequestChanged":false,"ExitsInGDT":false,"SourceID":0,"TinhThanhID":0,"TinhThanhTitle":"An Giang","TinhThanhTitleAscii":"/an-giang","QuanHuyenID":0,"NganhNgheTitle":"Bán buôn kim loại và quặng kim loại","NganhNgheTitleAscii":"/nganh-nghe/ban-buon-kim-loai-va-quang-kim-loai","DSTags":["1601879852","An Giang",null]},{"Type":11,"SolrID":"/1601448172-doanh-nghiep-tn-thuong-mai-dong-an","ID":0,"MaSoThue":"1601448172","NgayCap":"2011-01-17T00:00:00Z","Title":"Doanh Nghiệp TN Thương Mại Đồng An","DiaChiCongTy":"ấp Mỹ Hội - Xã Mỹ Hội Đông - Huyện Chợ Mới - An Giang","Created":"2015-11-16T21:00:17Z","Updated":"2015-11-16T21:00:17Z","IsDelete":false,"RequestChanged":false,"ExitsInGDT":false,"SourceID":0,"TinhThanhID":0,"TinhThanhTitle":"An Giang","TinhThanhTitleAscii":"/an-giang","QuanHuyenID":0,"NganhNgheTitle":"Bán buôn gạo","NganhNgheTitleAscii":"/nganh-nghe/ban-buon-gao","DSTags":["1601448172","An Giang",null]},{"Type":11,"SolrID":"/1601395241-cong-ty-tnhh-mot-thanh-vien-diem-huy","ID":0,"MaSoThue":"1601395241","NgayCap":"2010-09-10T00:00:00Z","Title":"Công Ty TNHH Một Thành Viên Diễm Huy","DiaChiCongTy":"ấp Mỹ Hội - Xã Mỹ Hội Đông - Huyện Chợ Mới - An Giang","Created":"2015-11-09T16:17:04Z","Updated":"2015-11-09T16:17:04Z","IsDelete":false,"RequestChanged":false,"ExitsInGDT":false,"SourceID":0,"TinhThanhID":0,"TinhThanhTitle":"An Giang","TinhThanhTitleAscii":"/an-giang","QuanHuyenID":0,"NganhNgheTitle":"Bán buôn vật liệu, thiết bị lắp đặt khác trong xây dựng","NganhNgheTitleAscii":"/nganh-nghe/ban-buon-vat-lieu-thiet-bi-lap-dat-khac-trong-xay-dung","DSTags":["1601395241","An Giang",null]},{"Type":11,"SolrID":"/1601390476-doanh-nghiep-tn-truong-hong","ID":0,"MaSoThue":"1601390476","NgayCap":"2010-08-10T00:00:00Z","Title":"Doanh Nghiệp TN Trường Hồng","DiaChiCongTy":"ấp Mỹ Hòa A - Xã Mỹ Hội Đông - Huyện Chợ Mới - An Giang","Created":"2015-11-09T20:38:20Z","Updated":"2015-11-09T20:38:20Z","IsDelete":false,"RequestChanged":false,"ExitsInGDT":false,"SourceID":0,"TinhThanhID":0,"TinhThanhTitle":"An Giang","TinhThanhTitleAscii":"/an-giang","QuanHuyenID":0,"NganhNgheTitle":"Bán buôn gạo","NganhNgheTitleAscii":"/nganh-nghe/ban-buon-gao","DSTags":["1601390476","An Giang",null]},{"Type":11,"SolrID":"/1601345642-cty-tnhh-mot-tvien-lam-ngot-huynh-anh","ID":0,"MaSoThue":"1601345642","NgayCap":"2010-05-18T00:00:00Z","Title":"Cty TNHH Một TViên Lâm Ngọt - Huỳnh Anh","DiaChiCongTy":"ấp Mỹ Phước - Xã Mỹ Hội Đông - Huyện Chợ Mới - An Giang","Created":"2015-11-11T07:41:59Z","Updated":"2015-11-11T07:41:59Z","IsDelete":false,"RequestChanged":false,"ExitsInGDT":false,"SourceID":0,"TinhThanhID":0,"TinhThanhTitle":"An Giang","TinhThanhTitleAscii":"/an-giang","QuanHuyenID":0,"NganhNgheTitle":"Khai thác dầu thô và khí đốt tự nhiên","NganhNgheTitleAscii":"/nganh-nghe/khai-thac-dau-tho-va-khi-dot-tu-nhien","DSTags":["1601345642","An Giang",null]},{"Type":11,"SolrID":"/1601316088-cty-tnhh-nong-nghiep-hai-viet","ID":0,"MaSoThue":"1601316088","NgayCap":"2010-03-24T00:00:00Z","Title":"Cty TNHH Nông Nghiệp Hải Việt","DiaChiCongTy":"178 tổ 6 ấp Mỹ Tân - Xã Mỹ Hội Đông - Huyện Chợ Mới - An Giang","Created":"2015-11-09T10:20:00Z","Updated":"2015-11-09T10:20:00Z","IsDelete":false,"RequestChanged":false,"ExitsInGDT":false,"SourceID":0,"TinhThanhID":0,"TinhThanhTitle":"An Giang","TinhThanhTitleAscii":"/an-giang","QuanHuyenID":0,"NganhNgheTitle":"Bán buôn chuyên doanh khác","NganhNgheTitleAscii":"/nganh-nghe/ban-buon-chuyen-doanh-khac","DSTags":["1601316088","An Giang",null]},{"Type":11,"SolrID":"/1600684716-doanh-nghiep-tn-minh-nguyen","ID":0,"MaSoThue":"1600684716","NgayCap":"2010-01-18T00:00:00Z","Title":"Doanh Nghiệp TN Minh Nguyên","DiaChiCongTy":"ấp Mỹ Hội - Xã Mỹ Hội Đông - Huyện Chợ Mới - An Giang","Created":"2015-11-10T01:38:35Z","Updated":"2015-11-10T01:38:35Z","IsDelete":false,"RequestChanged":false,"ExitsInGDT":false,"SourceID":0,"TinhThanhID":0,"TinhThanhTitle":"An Giang","TinhThanhTitleAscii":"/an-giang","QuanHuyenID":0,"NganhNgheTitle":"Lắp đặt hệ thống xây dựng khác","NganhNgheTitleAscii":"/nganh-nghe/lap-dat-he-thong-xay-dung-khac","DSTags":["1600684716","An Giang",null]},{"Type":11,"SolrID":"/1601287856-cty-tnhh-mot-tvien-vi-huong","ID":0,"MaSoThue":"1601287856","NgayCap":"2010-01-14T00:00:00Z","Title":"Cty TNHH Một TViên Vị Hương","DiaChiCongTy":"485 ấp Mỹ Hội - Xã Mỹ Hội Đông - Huyện Chợ Mới - An Giang","Created":"2015-11-11T08:35:01Z","Updated":"2015-11-11T08:35:01Z","IsDelete":false,"RequestChanged":false,"ExitsInGDT":false,"SourceID":0,"TinhThanhID":0,"TinhThanhTitle":"An Giang","TinhThanhTitleAscii":"/an-giang","QuanHuyenID":0,"NganhNgheTitle":"Bán buôn chuyên doanh khác","NganhNgheTitleAscii":"/nganh-nghe/ban-buon-chuyen-doanh-khac","DSTags":["1601287856","An Giang",null]},{"Type":11,"SolrID":"/1600961102-trung-tam-hoc-tap-cong-dong-xa-my-hoi-dong","ID":0,"MaSoThue":"1600961102","NgayCap":"2008-05-14T00:00:00Z","Title":"Trung Tâm Học Tập Cộng Động Xã Mỹ Hội Đông","DiaChiCongTy":"ấp Mỹ Hội, xã Mỹ Hội Đông - Huyện Chợ Mới - An Giang","Created":"2015-11-17T03:26:47Z","Updated":"2015-11-17T03:26:47Z","IsDelete":false,"RequestChanged":false,"ExitsInGDT":false,"SourceID":0,"TinhThanhID":0,"TinhThanhTitle":"An Giang","TinhThanhTitleAscii":"/an-giang","QuanHuyenID":0,"NganhNgheTitle":"Giáo dục nghề nghiệp","NganhNgheTitleAscii":"/nganh-nghe/giao-duc-nghe-nghiep","DSTags":["1600961102","An Giang",null]},{"Type":11,"SolrID":"/1600684219-001-chi-nhanh-dntn-duc-hung-i","ID":0,"MaSoThue":"1600684219-001","NgayCap":"2007-08-20T00:00:00Z","Title":"Chi Nhánh DNTN Đức Hưng I","DiaChiCongTy":"ấp Mỹ Hội - Xã Mỹ Hội Đông - Huyện Chợ Mới - An Giang","Created":"2015-11-19T07:29:10Z","Updated":"2015-11-19T07:29:10Z","IsDelete":false,"RequestChanged":false,"ExitsInGDT":false,"SourceID":0,"TinhThanhID":0,"TinhThanhTitle":"An Giang","TinhThanhTitleAscii":"/an-giang","QuanHuyenID":0,"NganhNgheTitle":"Bán lẻ nhiên liệu động cơ trong các cửa hàng chuyên doanh","NganhNgheTitleAscii":"/nganh-nghe/ban-le-nhien-lieu-dong-co-trong-cac-cua-hang-chuyen-doanh","DSTags":["1600684219-001","An Giang",null]},{"Type":11,"SolrID":"/1600163992-dntn-thanh-bia","ID":0,"MaSoThue":"1600163992","NgayCap":"2005-06-24T00:00:00Z","Title":"DNTN Thanh Bìa","DiaChiCongTy":"ấp Mỹ Hòa A, xã Mỹ Hội Đông - Huyện Chợ Mới - An Giang","Created":"2015-11-11T08:28:46Z","Updated":"2015-11-11T08:28:46Z","IsDelete":false,"RequestChanged":false,"ExitsInGDT":false,"SourceID":0,"TinhThanhID":0,"TinhThanhTitle":"An Giang","TinhThanhTitleAscii":"/an-giang","QuanHuyenID":0,"NganhNgheTitle":"Bán buôn gạo, thực phẩm, đồ uống và sản phẩm thuốc lá, thuốc lào","NganhNgheTitleAscii":"/nganh-nghe/ban-buon-gao-thuc-pham-do-uong-va-san-pham-thuoc-la-thuoc-lao","DSTags":["1600163992","An Giang",null]},{"Type":11,"SolrID":"/1600690999-truong-tieu-hoc-d-my-hoi-dong","ID":0,"MaSoThue":"1600690999","NgayCap":"2004-04-07T00:00:00Z","Title":"Trường Tiểu học \"D\" Mỹ Hội Đông","DiaChiCongTy":"ấp Mỹ Thuận, xã Mỹ Hội Đông - Huyện Chợ Mới - An Giang","Created":"2015-11-16T16:02:05Z","Updated":"2015-11-16T16:02:05Z","IsDelete":false,"RequestChanged":false,"ExitsInGDT":false,"SourceID":0,"TinhThanhID":0,"TinhThanhTitle":"An Giang","TinhThanhTitleAscii":"/an-giang","QuanHuyenID":0,"NganhNgheTitle":"Giáo dục tiểu học","NganhNgheTitleAscii":"/nganh-nghe/giao-duc-tieu-hoc","DSTags":["1600690999","An Giang",null]},{"Type":11,"SolrID":"/1600684219-doanh-nghiep-tn-duc-hung-i","ID":0,"MaSoThue":"1600684219","NgayCap":"2004-03-01T00:00:00Z","Title":"Doanh Nghiệp TN  Đức Hưng I","DiaChiCongTy":"ấp Mỹ Hòa - Xã Mỹ Hội Đông - Huyện Chợ Mới - An Giang","Created":"2015-11-17T04:57:33Z","Updated":"2015-11-17T04:57:33Z","IsDelete":false,"RequestChanged":false,"ExitsInGDT":false,"SourceID":0,"TinhThanhID":0,"TinhThanhTitle":"An Giang","TinhThanhTitleAscii":"/an-giang","QuanHuyenID":0,"NganhNgheTitle":"Bán buôn nhiên liệu rắn, lỏng, khí và các sản phẩm liên quan","NganhNgheTitleAscii":"/nganh-nghe/ban-buon-nhien-lieu-ran-long-khi-va-cac-san-pham-lien-quan","DSTags":["1600684219","An Giang",null]},{"Type":11,"SolrID":"/1600679466-truong-trung-hoc-pho-thong-my-hoi-dong","ID":0,"MaSoThue":"1600679466","NgayCap":"2004-01-29T00:00:00Z","Title":"Trường Trung học Phổ thông Mỹ Hội Đông","DiaChiCongTy":"Xã Mỹ Hội Đông - Huyện Chợ Mới - An Giang","Created":"2015-11-16T15:38:31Z","Updated":"2015-11-16T15:38:31Z","IsDelete":false,"RequestChanged":false,"ExitsInGDT":false,"SourceID":0,"TinhThanhID":0,"TinhThanhTitle":"An Giang","TinhThanhTitleAscii":"/an-giang","QuanHuyenID":0,"NganhNgheTitle":"Giáo dục trung học cơ sở và trung học phổ thông","NganhNgheTitleAscii":"/nganh-nghe/giao-duc-trung-hoc-co-so-va-trung-hoc-pho-thong","DSTags":["1600679466","An Giang",null]},{"Type":11,"SolrID":"/1600679353-doanh-nghiep-tn-dang-thi-tieu","ID":0,"MaSoThue":"1600679353","NgayCap":"2004-01-15T00:00:00Z","Title":"Doanh Nghiệp Tn Đặng Thị Tiếu","DiaChiCongTy":"Xà Lan AG-19629, Ấp Mỹ Hội, Xã Mỹ Hội Đông, Huyện Chợ Mới, Tỉnh An Giang","Created":"2018-03-15T11:43:36Z","Updated":"2018-03-15T11:43:36Z","IsDelete":false,"RequestChanged":false,"ExitsInGDT":false,"SourceID":0,"TinhThanhID":0,"TinhThanhTitle":"An Giang","TinhThanhTitleAscii":"/an-giang","QuanHuyenID":0,"NganhNgheTitle":"Bán buôn nhiên liệu rắn, lỏng, khí và các sản phẩm liên quan","NganhNgheTitleAscii":"/nganh-nghe/ban-buon-nhien-lieu-ran-long-khi-va-cac-san-pham-lien-quan","DSTags":["1600679353","An Giang",null]},{"Type":11,"SolrID":"/1600365886-004-truong-trung-hoc-co-so-my-hoi-dong","ID":0,"MaSoThue":"1600365886-004","NgayCap":"1999-04-27T00:00:00Z","Title":"Trường Trung học cơ sở  Mỹ Hội Đông","DiaChiCongTy":"Xã Mỹ Tân, xã Mỹ Hội Đông - Huyện Chợ Mới - An Giang","Created":"2015-11-17T19:48:11Z","Updated":"2015-11-17T19:48:11Z","IsDelete":false,"RequestChanged":false,"ExitsInGDT":false,"SourceID":0,"TinhThanhID":0,"TinhThanhTitle":"An Giang","TinhThanhTitleAscii":"/an-giang","QuanHuyenID":0,"NganhNgheTitle":"Giáo dục trung học cơ sở và trung học phổ thông","NganhNgheTitleAscii":"/nganh-nghe/giao-duc-trung-hoc-co-so-va-trung-hoc-pho-thong","DSTags":["1600365886-004","An Giang",null]},{"Type":11,"SolrID":"/1600366103-053-truong-tieu-hoc-b-my-hoi-dong","ID":0,"MaSoThue":"1600366103-053","NgayCap":"1998-12-03T00:00:00Z","Title":"Trường Tiểu học \"B\" Mỹ Hội Đông","DiaChiCongTy":"ấp Mỹ Đức, xã Mỹ Hội Đông - Huyện Chợ Mới - An Giang","Created":"2015-11-17T19:49:05Z","Updated":"2015-11-17T19:49:05Z","IsDelete":false,"RequestChanged":false,"ExitsInGDT":false,"SourceID":0,"TinhThanhID":0,"TinhThanhTitle":"An Giang","TinhThanhTitleAscii":"/an-giang","QuanHuyenID":0,"NganhNgheTitle":"Giáo dục tiểu học","NganhNgheTitleAscii":"/nganh-nghe/giao-duc-tieu-hoc","DSTags":["1600366103-053","An Giang",null]},{"Type":11,"SolrID":"/1600366103-013-truong-mau-giao-my-hoi-dong","ID":0,"MaSoThue":"1600366103-013","NgayCap":"1998-11-24T00:00:00Z","Title":"Trường Mẫu giáo Mỹ Hội Đông","DiaChiCongTy":"ấp Mỹ Đức, xã Mỹ hội Đông - Huyện Chợ Mới - An Giang","Created":"2015-11-17T19:48:25Z","Updated":"2015-11-17T19:48:25Z","IsDelete":false,"RequestChanged":false,"ExitsInGDT":false,"SourceID":0,"TinhThanhID":0,"TinhThanhTitle":"An Giang","TinhThanhTitleAscii":"/an-giang","QuanHuyenID":0,"NganhNgheTitle":"Giáo dục mầm non","NganhNgheTitleAscii":"/nganh-nghe/giao-duc-mam-non","DSTags":["1600366103-013","An Giang",null]},{"Type":11,"SolrID":"/1600366103-052-truong-tieu-hoc-a-my-hoi-dong","ID":0,"MaSoThue":"1600366103-052","NgayCap":"1998-11-24T00:00:00Z","Title":"Trường Tiểu học\" A\" Mỹ Hội Đông","DiaChiCongTy":"ấp Mỹ Hội, xã Mỹ Hội Đông - Huyện Chợ Mới - An Giang","Created":"2015-11-17T19:49:04Z","Updated":"2015-11-17T19:49:04Z","IsDelete":false,"RequestChanged":false,"ExitsInGDT":false,"SourceID":0,"TinhThanhID":0,"TinhThanhTitle":"An Giang","TinhThanhTitleAscii":"/an-giang","QuanHuyenID":0,"NganhNgheTitle":"Giáo dục tiểu học","NganhNgheTitleAscii":"/nganh-nghe/giao-duc-tieu-hoc","DSTags":["1600366103-052","An Giang",null]},{"Type":11,"SolrID":"/1600366103-054-truong-tieu-hoc-c-my-hoi-dong","ID":0,"MaSoThue":"1600366103-054","NgayCap":"1998-11-24T00:00:00Z","Title":"Trường Tiểu học \"C\" Mỹ Hội Đông","DiaChiCongTy":"ấp Mỹ Tân, xã Mỹ Hội Đông - Huyện Chợ Mới - An Giang","Created":"2015-11-17T19:49:06Z","Updated":"2015-11-17T19:49:06Z","IsDelete":false,"RequestChanged":false,"ExitsInGDT":false,"SourceID":0,"TinhThanhID":0,"TinhThanhTitle":"An Giang","TinhThanhTitleAscii":"/an-giang","QuanHuyenID":0,"NganhNgheTitle":"Giáo dục tiểu học","NganhNgheTitleAscii":"/nganh-nghe/giao-duc-tieu-hoc","DSTags":["1600366103-054","An Giang",null]}]}