{"ID":3740,"SolrID":"/an-giang/huyen-cho-moi/xa-my-hiep","Title":"Xã Mỹ Hiệp","TinhThanhTitle":"An Giang","QuanHuyenTitle":"Huyện Chợ Mới","QuanHuyenID":489,"TinhThanhID":35,"Url":"https://thongtindoanhnghiep.co/api/company?l=/an-giang/huyen-cho-moi/xa-my-hiep","Total":29,"List":[{"Type":11,"SolrID":"/1602147185-cong-ty-tnhh-vang-bac-da-quy-loi-tan-phat-thanh","ID":0,"MaSoThue":"1602147185","NgayCap":"2021-05-14T00:00:00Z","Title":"Công Ty TNHH Vàng Bạc Đá Quý Lợi Tân Phát Thành","DiaChiCongTy":"Số 355, Tổ 12, Ấp Thị, Xã Mỹ Hiệp, Huyện Chợ Mới, Tỉnh An Giang","Created":"2021-05-14T16:45:53Z","Updated":"2021-05-14T16:45:53Z","IsDelete":false,"RequestChanged":false,"ExitsInGDT":false,"SourceID":0,"TinhThanhID":0,"TinhThanhTitle":"An Giang","TinhThanhTitleAscii":"/an-giang","QuanHuyenID":0,"NganhNgheTitle":"Bán buôn kim loại và quặng kim loại","NganhNgheTitleAscii":"/nganh-nghe/ban-buon-kim-loai-va-quang-kim-loai","DSTags":["1602147185","An Giang",null]},{"Type":11,"SolrID":"/1602147121-cong-ty-tnhh-tiem-vang-huynh-nhu","ID":0,"MaSoThue":"1602147121","NgayCap":"2021-05-13T00:00:00Z","Title":"Công Ty TNHH Tiệm Vàng Huỳnh Như","DiaChiCongTy":"Số 410, Ấp Thị, Xã Mỹ Hiệp, Huyện Chợ Mới, Tỉnh An Giang","Created":"2021-05-13T17:36:16Z","Updated":"2021-05-13T17:36:16Z","IsDelete":false,"RequestChanged":false,"ExitsInGDT":false,"SourceID":0,"TinhThanhID":0,"TinhThanhTitle":"An Giang","TinhThanhTitleAscii":"/an-giang","QuanHuyenID":0,"NganhNgheTitle":"Bán buôn kim loại và quặng kim loại","NganhNgheTitleAscii":"/nganh-nghe/ban-buon-kim-loai-va-quang-kim-loai","DSTags":["1602147121","An Giang",null]},{"Type":11,"SolrID":"/1602141472-cong-ty-tnhh-bia-va-nuoc-giai-khat-phuoc-vinh","ID":0,"MaSoThue":"1602141472","NgayCap":"2021-02-22T00:00:00Z","Title":"Công Ty TNHH Bia Và Nước Giải Khát Phước Vinh","DiaChiCongTy":"Ấp Tây Thượng, Xã Mỹ Hiệp, Huyện Chợ Mới, Tỉnh An Giang","Created":"2021-02-22T11:35:44Z","Updated":"2021-02-22T11:35:44Z","IsDelete":false,"RequestChanged":false,"ExitsInGDT":false,"SourceID":0,"TinhThanhID":0,"TinhThanhTitle":"An Giang","TinhThanhTitleAscii":"/an-giang","QuanHuyenID":0,"NganhNgheTitle":"Bán buôn đồ uống","NganhNgheTitleAscii":"/nganh-nghe/ban-buon-do-uong","DSTags":["1602141472","An Giang",null]},{"Type":11,"SolrID":"/1602082001-cong-ty-tnhh-xang-dau-ba-tung","ID":0,"MaSoThue":"1602082001","NgayCap":"2018-10-02T00:00:00Z","Title":"Công Ty TNHH Xăng Dầu Bá Tùng","DiaChiCongTy":"tổ 13, ấp Trung Châu, Xã Mỹ Hiệp, Huyện Chợ Mới, Tỉnh An Giang","Created":"2018-10-02T09:37:53Z","Updated":"2018-10-02T09:37:53Z","IsDelete":false,"RequestChanged":false,"ExitsInGDT":false,"SourceID":0,"TinhThanhID":0,"TinhThanhTitle":"An Giang","TinhThanhTitleAscii":"/an-giang","QuanHuyenID":0,"NganhNgheTitle":"Bán buôn nhiên liệu rắn, lỏng, khí và các sản phẩm liên quan","NganhNgheTitleAscii":"/nganh-nghe/ban-buon-nhien-lieu-ran-long-khi-va-cac-san-pham-lien-quan","DSTags":["1602082001","An Giang",null]},{"Type":11,"SolrID":"/1602069346-cong-ty-tnhh-mot-thanh-vien-xang-dau-tuan-an","ID":0,"MaSoThue":"1602069346","NgayCap":"2018-04-16T00:00:00Z","Title":"Công Ty TNHH Một Thành Viên Xăng Dầu Tuấn An","DiaChiCongTy":"Ấp Trung, Xã Mỹ Hiệp, Huyện Chợ Mới, Tỉnh An Giang","Created":"2018-04-16T09:08:17Z","Updated":"2018-04-16T09:08:17Z","IsDelete":false,"RequestChanged":false,"ExitsInGDT":false,"SourceID":0,"TinhThanhID":0,"TinhThanhTitle":"An Giang","TinhThanhTitleAscii":"/an-giang","QuanHuyenID":0,"NganhNgheTitle":"Bán buôn nhiên liệu rắn, lỏng, khí và các sản phẩm liên quan","NganhNgheTitleAscii":"/nganh-nghe/ban-buon-nhien-lieu-ran-long-khi-va-cac-san-pham-lien-quan","DSTags":["1602069346","An Giang",null]},{"Type":11,"SolrID":"/1602062950-cong-ty-tnhh-mot-thanh-vien-quang-cao-hung-thinh-vuong","ID":0,"MaSoThue":"1602062950","NgayCap":"2018-01-25T00:00:00Z","Title":"Công Ty TNHH Một Thành Viên Quảng Cáo Hưng Thịnh Vượng","DiaChiCongTy":"Lô D, Số 8 Khu Dân Cư Tây Hạ, Xã Mỹ Hiệp, Huyện Chợ Mới, Tỉnh An Giang","Created":"2018-01-25T17:20:44Z","Updated":"2018-01-25T17:20:44Z","IsDelete":false,"RequestChanged":false,"ExitsInGDT":false,"SourceID":0,"TinhThanhID":0,"TinhThanhTitle":"An Giang","TinhThanhTitleAscii":"/an-giang","QuanHuyenID":0,"NganhNgheTitle":"Quảng cáo","NganhNgheTitleAscii":"/nganh-nghe/quang-cao","DSTags":["1602062950","An Giang",null]},{"Type":11,"SolrID":"/1602042898-cong-ty-tnhh-mot-thanh-vien-si-tho","ID":0,"MaSoThue":"1602042898","NgayCap":"2017-06-20T00:00:00Z","Title":"Công Ty TNHH Một Thành Viên Sĩ Thọ","DiaChiCongTy":"ấp Trung Châu, Xã Mỹ Hiệp, Huyện Chợ Mới, Tỉnh An Giang","Created":"2017-06-20T08:31:54Z","Updated":"2017-06-20T08:31:54Z","IsDelete":false,"RequestChanged":false,"ExitsInGDT":false,"SourceID":0,"TinhThanhID":0,"TinhThanhTitle":"An Giang","TinhThanhTitleAscii":"/an-giang","QuanHuyenID":0,"NganhNgheTitle":"Bán buôn vật liệu, thiết bị lắp đặt khác trong xây dựng","NganhNgheTitleAscii":"/nganh-nghe/ban-buon-vat-lieu-thiet-bi-lap-dat-khac-trong-xay-dung","DSTags":["1602042898","An Giang",null]},{"Type":11,"SolrID":"/1602036238-cong-ty-tnhh-mot-thanh-vien-khanh-lap-tan","ID":0,"MaSoThue":"1602036238","NgayCap":"2017-03-22T00:00:00Z","Title":"Công Ty TNHH Một Thành Viên Khánh Lập Tân","DiaChiCongTy":"Số 336 ấp Thị, Xã Mỹ Hiệp, Huyện Chợ Mới, Tỉnh An Giang","Created":"2017-03-22T13:37:44Z","Updated":"2017-03-22T13:37:44Z","IsDelete":false,"RequestChanged":false,"ExitsInGDT":false,"SourceID":0,"TinhThanhID":0,"TinhThanhTitle":"An Giang","TinhThanhTitleAscii":"/an-giang","QuanHuyenID":0,"NganhNgheTitle":"Đại lý, môi giới, đấu giá","NganhNgheTitleAscii":"/nganh-nghe/dai-ly-moi-gioi-dau-gia","DSTags":["1602036238","An Giang",null]},{"Type":11,"SolrID":"/1601998641-cong-ty-tnhh-mot-thanh-vien-thuong-mai-dich-vu-duy-lan","ID":0,"MaSoThue":"1601998641","NgayCap":"2016-01-15T00:00:00Z","Title":"Công Ty TNHH Một Thành Viên Thương Mại Dịch Vụ Duy Lan","DiaChiCongTy":"ấp Tây Thượng - Xã Mỹ Hiệp - Huyện Chợ Mới - An Giang","Created":"2016-01-16T09:36:26Z","Updated":"2016-01-16T09:36:26Z","IsDelete":false,"RequestChanged":false,"ExitsInGDT":false,"SourceID":0,"TinhThanhID":0,"TinhThanhTitle":"An Giang","TinhThanhTitleAscii":"/an-giang","QuanHuyenID":0,"NganhNgheTitle":"Bán buôn gạo","NganhNgheTitleAscii":"/nganh-nghe/ban-buon-gao","DSTags":["1601998641","An Giang",null]},{"Type":11,"SolrID":"/1601985307-cong-ty-tnhh-mot-thanh-vien-chin-mai","ID":0,"MaSoThue":"1601985307","NgayCap":"2015-10-14T00:00:00Z","Title":"Công Ty TNHH Một Thành Viên Chín Mai","DiaChiCongTy":"Số 280, tổ 13, ấp Trung - Xã Mỹ Hiệp - Huyện Chợ Mới - An Giang","Created":"2015-11-19T10:27:08Z","Updated":"2015-11-19T10:27:08Z","IsDelete":false,"RequestChanged":false,"ExitsInGDT":false,"SourceID":0,"TinhThanhID":0,"TinhThanhTitle":"An Giang","TinhThanhTitleAscii":"/an-giang","QuanHuyenID":0,"NganhNgheTitle":"Bán buôn đồ dùng khác cho gia đình","NganhNgheTitleAscii":"/nganh-nghe/ban-buon-do-dung-khac-cho-gia-dinh","DSTags":["1601985307","An Giang",null]},{"Type":11,"SolrID":"/1601911665-cong-ty-tnhh-san-xuat-thuong-mai-dich-vu-trang-tri-noi-that-tong-hop-lam-thuy-phat","ID":0,"MaSoThue":"1601911665","NgayCap":"2014-02-21T00:00:00Z","Title":"Công Ty TNHH Sản Xuất-Thương Mại-Dịch Vụ-Trang Trí Nội Thất Tổng Hợp Lâm Thủy Phát","DiaChiCongTy":"ấp Đông Châu - Xã Mỹ Hiệp - Huyện Chợ Mới - An Giang","Created":"2015-11-09T14:56:49Z","Updated":"2015-11-09T14:56:49Z","IsDelete":false,"RequestChanged":false,"ExitsInGDT":false,"SourceID":0,"TinhThanhID":0,"TinhThanhTitle":"An Giang","TinhThanhTitleAscii":"/an-giang","QuanHuyenID":0,"NganhNgheTitle":"Bán buôn vật liệu, thiết bị lắp đặt khác trong xây dựng","NganhNgheTitleAscii":"/nganh-nghe/ban-buon-vat-lieu-thiet-bi-lap-dat-khac-trong-xay-dung","DSTags":["1601911665","An Giang",null]},{"Type":11,"SolrID":"/1601876467-001-chi-nhanh-doanh-nghiep-tn-tiem-vang-tan-phat-thanh","ID":0,"MaSoThue":"1601876467-001","NgayCap":"2013-08-07T00:00:00Z","Title":"Chi Nhánh Doanh Nghiệp TN Tiệm Vàng Tân Phát Thành","DiaChiCongTy":"Số 410, ấp Thị - Xã Mỹ Hiệp - Huyện Chợ Mới - An Giang","Created":"2015-11-16T11:27:06Z","Updated":"2015-11-16T11:27:06Z","IsDelete":false,"RequestChanged":false,"ExitsInGDT":false,"SourceID":0,"TinhThanhID":0,"TinhThanhTitle":"An Giang","TinhThanhTitleAscii":"/an-giang","QuanHuyenID":0,"NganhNgheTitle":"Bán buôn kim loại và quặng kim loại","NganhNgheTitleAscii":"/nganh-nghe/ban-buon-kim-loai-va-quang-kim-loai","DSTags":["1601876467-001","An Giang",null]},{"Type":11,"SolrID":"/1601884027-doanh-nghiep-tn-tiem-vang-hiep-thanh-my-hiep","ID":0,"MaSoThue":"1601884027","NgayCap":"2013-07-16T00:00:00Z","Title":"Doanh Nghiệp TN Tiệm Vàng Hiệp Thành Mỹ Hiệp","DiaChiCongTy":"ấp Thị - Xã Mỹ Hiệp - Huyện Chợ Mới - An Giang","Created":"2015-11-16T13:54:15Z","Updated":"2015-11-16T13:54:15Z","IsDelete":false,"RequestChanged":false,"ExitsInGDT":false,"SourceID":0,"TinhThanhID":0,"TinhThanhTitle":"An Giang","TinhThanhTitleAscii":"/an-giang","QuanHuyenID":0,"NganhNgheTitle":"Bán buôn kim loại và quặng kim loại","NganhNgheTitleAscii":"/nganh-nghe/ban-buon-kim-loai-va-quang-kim-loai","DSTags":["1601884027","An Giang",null]},{"Type":11,"SolrID":"/1601876932-doanh-nghiep-tn-tiem-vang-my-hai","ID":0,"MaSoThue":"1601876932","NgayCap":"2013-05-29T00:00:00Z","Title":"Doanh Nghiệp TN Tiệm Vàng Mỹ Hải","DiaChiCongTy":"ấp Thị - Xã Mỹ Hiệp - Huyện Chợ Mới - An Giang","Created":"2015-11-17T08:12:17Z","Updated":"2015-11-17T08:12:17Z","IsDelete":false,"RequestChanged":false,"ExitsInGDT":false,"SourceID":0,"TinhThanhID":0,"TinhThanhTitle":"An Giang","TinhThanhTitleAscii":"/an-giang","QuanHuyenID":0,"NganhNgheTitle":"Bán buôn kim loại và quặng kim loại","NganhNgheTitleAscii":"/nganh-nghe/ban-buon-kim-loai-va-quang-kim-loai","DSTags":["1601876932","An Giang",null]},{"Type":11,"SolrID":"/1601876467-doanh-nghiep-tn-tiem-vang-tan-phat-thanh","ID":0,"MaSoThue":"1601876467","NgayCap":"2013-05-28T00:00:00Z","Title":"Doanh Nghiệp TN Tiệm Vàng Tân Phát Thành","DiaChiCongTy":"Số 355, ấp Thị - Xã Mỹ Hiệp - Huyện Chợ Mới - An Giang","Created":"2015-11-16T11:27:04Z","Updated":"2015-11-16T11:27:04Z","IsDelete":false,"RequestChanged":false,"ExitsInGDT":false,"SourceID":0,"TinhThanhID":0,"TinhThanhTitle":"An Giang","TinhThanhTitleAscii":"/an-giang","QuanHuyenID":0,"NganhNgheTitle":"Bán buôn kim loại và quặng kim loại","NganhNgheTitleAscii":"/nganh-nghe/ban-buon-kim-loai-va-quang-kim-loai","DSTags":["1601876467","An Giang",null]},{"Type":11,"SolrID":"/6300003958-002-chi-nhanh-doanh-nghiep-tn-xang-dau-tu-thanh-cua-hang-ban-le-xang-dau-ngoc-mai","ID":0,"MaSoThue":"6300003958-002","NgayCap":"2013-05-28T00:00:00Z","Title":"Chi Nhánh Doanh Nghiệp TN Xăng Dầu Tư Thanh-Cửa Hàng Bán Lẻ Xăng Dầu Ngọc Mai","DiaChiCongTy":"Tổ 13, ấp Trung Châu - Xã Mỹ Hiệp - Huyện Chợ Mới - An Giang","Created":"2015-11-18T10:01:54Z","Updated":"2015-11-18T10:01:54Z","IsDelete":false,"RequestChanged":false,"ExitsInGDT":false,"SourceID":0,"TinhThanhID":0,"TinhThanhTitle":"An Giang","TinhThanhTitleAscii":"/an-giang","QuanHuyenID":0,"NganhNgheTitle":"Bán buôn nhiên liệu rắn, lỏng, khí và các sản phẩm liên quan","NganhNgheTitleAscii":"/nganh-nghe/ban-buon-nhien-lieu-ran-long-khi-va-cac-san-pham-lien-quan","DSTags":["6300003958-002","An Giang",null]},{"Type":11,"SolrID":"/1401366363-001-chi-nhanh-cong-ty-tnhh-mot-thanh-vien-thu-y-thuy-san-dong-an","ID":0,"MaSoThue":"1401366363-001","NgayCap":"2011-06-27T00:00:00Z","Title":"Chi Nhánh Công Ty TNHH Một Thành Viên Thú Y -Thủy Sản Đông An","DiaChiCongTy":"Số 613, ấp Tây Thượng - Xã Mỹ Hiệp - Huyện Chợ Mới - An Giang","Created":"2015-11-17T14:03:57Z","Updated":"2015-11-17T14:03:57Z","IsDelete":false,"RequestChanged":false,"ExitsInGDT":false,"SourceID":0,"TinhThanhID":0,"TinhThanhTitle":"An Giang","TinhThanhTitleAscii":"/an-giang","QuanHuyenID":0,"NganhNgheTitle":"Bán buôn nông, lâm sản nguyên liệu (trừ gỗ, tre, nứa) và động vật sống","NganhNgheTitleAscii":"/nganh-nghe/ban-buon-nong-lam-san-nguyen-lieu-tru-go-tre-nua-va-dong-vat-song","DSTags":["1401366363-001","An Giang",null]},{"Type":11,"SolrID":"/1600841782-cong-ty-tnhh-thanh-tan","ID":0,"MaSoThue":"1600841782","NgayCap":"2006-06-23T00:00:00Z","Title":"Công ty TNHH Thanh Tân","DiaChiCongTy":"Số 181, tổ 6, ấp Tây Thượng, xã Mỹ Hiệp - Huyện Chợ Mới - An Giang","Created":"2015-11-11T08:30:08Z","Updated":"2015-11-11T08:30:08Z","IsDelete":false,"RequestChanged":false,"ExitsInGDT":false,"SourceID":0,"TinhThanhID":0,"TinhThanhTitle":"An Giang","TinhThanhTitleAscii":"/an-giang","QuanHuyenID":0,"NganhNgheTitle":"Bán lẻ hàng hóa khác trong các cửa hàng chuyên doanh","NganhNgheTitleAscii":"/nganh-nghe/ban-le-hang-hoa-khac-trong-cac-cua-hang-chuyen-doanh","DSTags":["1600841782","An Giang",null]},{"Type":11,"SolrID":"/1600777791-truong-trung-hoc-co-so-my-hiep","ID":0,"MaSoThue":"1600777791","NgayCap":"2005-04-29T00:00:00Z","Title":"Trường Trung học Cơ sở Mỹ Hiệp","DiaChiCongTy":"xã Mỹ Hiệp - Huyện Chợ Mới - An Giang","Created":"2015-11-16T05:03:41Z","Updated":"2015-11-16T05:03:41Z","IsDelete":false,"RequestChanged":false,"ExitsInGDT":false,"SourceID":0,"TinhThanhID":0,"TinhThanhTitle":"An Giang","TinhThanhTitleAscii":"/an-giang","QuanHuyenID":0,"NganhNgheTitle":"Giáo dục trung học cơ sở và trung học phổ thông","NganhNgheTitleAscii":"/nganh-nghe/giao-duc-trung-hoc-co-so-va-trung-hoc-pho-thong","DSTags":["1600777791","An Giang",null]},{"Type":11,"SolrID":"/1600685935-dntn-anh-hong","ID":0,"MaSoThue":"1600685935","NgayCap":"2004-03-15T00:00:00Z","Title":"DNTN ánh Hồng","DiaChiCongTy":"406 Tổ 12 ấp thị, xã Mỹ Hiệp - Huyện Chợ Mới - An Giang","Created":"2015-11-17T01:37:05Z","Updated":"2015-11-17T01:37:05Z","IsDelete":false,"RequestChanged":false,"ExitsInGDT":false,"SourceID":0,"TinhThanhID":0,"TinhThanhTitle":"An Giang","TinhThanhTitleAscii":"/an-giang","QuanHuyenID":0,"NganhNgheTitle":"Bán lẻ nhiên liệu động cơ trong các cửa hàng chuyên doanh","NganhNgheTitleAscii":"/nganh-nghe/ban-le-nhien-lieu-dong-co-trong-cac-cua-hang-chuyen-doanh","DSTags":["1600685935","An Giang",null]},{"Type":11,"SolrID":"/1600683751-truong-tieu-hoc-d-my-hiep","ID":0,"MaSoThue":"1600683751","NgayCap":"2004-02-27T00:00:00Z","Title":"Trường Tiểu học \"D\" Mỹ Hiệp","DiaChiCongTy":"ấp Trung, xã Mỹ Hiệp - Huyện Chợ Mới - An Giang","Created":"2015-11-16T05:17:48Z","Updated":"2015-11-16T05:17:48Z","IsDelete":false,"RequestChanged":false,"ExitsInGDT":false,"SourceID":0,"TinhThanhID":0,"TinhThanhTitle":"An Giang","TinhThanhTitleAscii":"/an-giang","QuanHuyenID":0,"NganhNgheTitle":"Hoạt động của Đảng cộng sản, tổ chức chính trị - xã hội, hoạt động quản lý nhà nước nói chung và kinh tế tổng hợp","NganhNgheTitleAscii":"/nganh-nghe/hoat-dong-cua-dang-cong-san-to-chuc-chinh-tri-xa-hoi-hoat-dong-quan-ly-nha-nuoc-noi-chung-va-kinh-te-tong-hop","DSTags":["1600683751","An Giang",null]},{"Type":11,"SolrID":"/1600669080-doanh-nghiep-tn-thanh-khi","ID":0,"MaSoThue":"1600669080","NgayCap":"2003-09-05T00:00:00Z","Title":"Doanh Nghiệp TN Thành Khi","DiaChiCongTy":"Số 237, tổ 8, ấp Thị - Xã Mỹ Hiệp - Huyện Chợ Mới - An Giang","Created":"2015-11-17T04:41:48Z","Updated":"2015-11-17T04:41:48Z","IsDelete":false,"RequestChanged":false,"ExitsInGDT":false,"SourceID":0,"TinhThanhID":0,"TinhThanhTitle":"An Giang","TinhThanhTitleAscii":"/an-giang","QuanHuyenID":0,"NganhNgheTitle":"Xây dựng công trình đường sắt và đường bộ","NganhNgheTitleAscii":"/nganh-nghe/xay-dung-cong-trinh-duong-sat-va-duong-bo","DSTags":["1600669080","An Giang",null]},{"Type":11,"SolrID":"/1600497314-dntn-thanh-khieu","ID":0,"MaSoThue":"1600497314","NgayCap":"2000-05-10T00:00:00Z","Title":"DNTN Thành Khiêu","DiaChiCongTy":"ấp Tây Thượng, xã Mỹ Hiệp - Huyện Chợ Mới - An Giang","Created":"2015-11-08T23:42:50Z","Updated":"2015-11-08T23:42:50Z","IsDelete":false,"RequestChanged":false,"ExitsInGDT":false,"SourceID":0,"TinhThanhID":0,"TinhThanhTitle":"An Giang","TinhThanhTitleAscii":"/an-giang","QuanHuyenID":0,"NganhNgheTitle":"Bán buôn nông, lâm sản nguyên liệu (trừ gỗ, tre, nứa) và động vật sống","NganhNgheTitleAscii":"/nganh-nghe/ban-buon-nong-lam-san-nguyen-lieu-tru-go-tre-nua-va-dong-vat-song","DSTags":["1600497314","An Giang",null]},{"Type":11,"SolrID":"/1600363871-ubnd-xa-my-hiep","ID":0,"MaSoThue":"1600363871","NgayCap":"1999-04-27T00:00:00Z","Title":"UBND Xã Mỹ Hiệp","DiaChiCongTy":"ấp Thị, Xã Mỹ Hiệp - Huyện Chợ Mới - An Giang","Created":"2015-11-14T14:33:03Z","Updated":"2015-11-14T14:33:03Z","IsDelete":false,"RequestChanged":false,"ExitsInGDT":false,"SourceID":0,"TinhThanhID":0,"TinhThanhTitle":"An Giang","TinhThanhTitleAscii":"/an-giang","QuanHuyenID":0,"NganhNgheTitle":"Hoạt động quản lý nhà nước nói chung và kinh tế tổng hợp","NganhNgheTitleAscii":"/nganh-nghe/hoat-dong-quan-ly-nha-nuoc-noi-chung-va-kinh-te-tong-hop","DSTags":["1600363871","An Giang",null]},{"Type":11,"SolrID":"/1600365773-004-truong-ptth-my-hiep","ID":0,"MaSoThue":"1600365773-004","NgayCap":"1998-11-24T00:00:00Z","Title":"Trường PTTH Mỹ Hiệp","DiaChiCongTy":"ấp  Trung, Xã Mỹ Hiệp - Huyện Chợ Mới - An Giang","Created":"2015-11-17T19:48:01Z","Updated":"2015-11-17T19:48:01Z","IsDelete":false,"RequestChanged":false,"ExitsInGDT":false,"SourceID":0,"TinhThanhID":0,"TinhThanhTitle":"An Giang","TinhThanhTitleAscii":"/an-giang","QuanHuyenID":0,"NganhNgheTitle":"Giáo dục trung học cơ sở và trung học phổ thông","NganhNgheTitleAscii":"/nganh-nghe/giao-duc-trung-hoc-co-so-va-trung-hoc-pho-thong","DSTags":["1600365773-004","An Giang",null]},{"Type":11,"SolrID":"/1600366103-009-truong-mau-giao-my-hiep","ID":0,"MaSoThue":"1600366103-009","NgayCap":"1998-11-24T00:00:00Z","Title":"Trường Mẫu giáo Mỹ Hiệp","DiaChiCongTy":"ấp Trung,Xã Mỹ Hiệp - Huyện Chợ Mới - An Giang","Created":"2015-11-17T19:48:21Z","Updated":"2015-11-17T19:48:21Z","IsDelete":false,"RequestChanged":false,"ExitsInGDT":false,"SourceID":0,"TinhThanhID":0,"TinhThanhTitle":"An Giang","TinhThanhTitleAscii":"/an-giang","QuanHuyenID":0,"NganhNgheTitle":"Giáo dục mầm non","NganhNgheTitleAscii":"/nganh-nghe/giao-duc-mam-non","DSTags":["1600366103-009","An Giang",null]},{"Type":11,"SolrID":"/1600366103-035-truong-tieu-hoc-a-my-hiep","ID":0,"MaSoThue":"1600366103-035","NgayCap":"1998-11-24T00:00:00Z","Title":"Trường Tiểu học A Mỹ Hiệp","DiaChiCongTy":"ấp Trung, Xã Mỹ Hiệp - Huyện Chợ Mới - An Giang","Created":"2015-11-17T19:48:49Z","Updated":"2015-11-17T19:48:49Z","IsDelete":false,"RequestChanged":false,"ExitsInGDT":false,"SourceID":0,"TinhThanhID":0,"TinhThanhTitle":"An Giang","TinhThanhTitleAscii":"/an-giang","QuanHuyenID":0,"NganhNgheTitle":"Giáo dục tiểu học","NganhNgheTitleAscii":"/nganh-nghe/giao-duc-tieu-hoc","DSTags":["1600366103-035","An Giang",null]},{"Type":11,"SolrID":"/1600366103-036-truong-tieu-hoc-b-my-hiep","ID":0,"MaSoThue":"1600366103-036","NgayCap":"1998-11-24T00:00:00Z","Title":"Trường Tiểu Học B Mỹ Hiệp","DiaChiCongTy":"ấp Đông Châu, Xã Mỹ Hiệp - Huyện Chợ Mới - An Giang","Created":"2015-11-17T19:48:50Z","Updated":"2015-11-17T19:48:50Z","IsDelete":false,"RequestChanged":false,"ExitsInGDT":false,"SourceID":0,"TinhThanhID":0,"TinhThanhTitle":"An Giang","TinhThanhTitleAscii":"/an-giang","QuanHuyenID":0,"NganhNgheTitle":"Giáo dục tiểu học","NganhNgheTitleAscii":"/nganh-nghe/giao-duc-tieu-hoc","DSTags":["1600366103-036","An Giang",null]},{"Type":11,"SolrID":"/1600366103-037-truong-tieu-hoc-c-my-hiep","ID":0,"MaSoThue":"1600366103-037","NgayCap":"1998-11-24T00:00:00Z","Title":"Trường Tiểu Học C Mỹ Hiệp","DiaChiCongTy":"ấp Tây Thượng, Xã Mỹ Hiệp - Huyện Chợ Mới - An Giang","Created":"2015-11-17T19:48:51Z","Updated":"2015-11-17T19:48:51Z","IsDelete":false,"RequestChanged":false,"ExitsInGDT":false,"SourceID":0,"TinhThanhID":0,"TinhThanhTitle":"An Giang","TinhThanhTitleAscii":"/an-giang","QuanHuyenID":0,"NganhNgheTitle":"Giáo dục tiểu học","NganhNgheTitleAscii":"/nganh-nghe/giao-duc-tieu-hoc","DSTags":["1600366103-037","An Giang",null]}]}