{"ID":4987,"SolrID":"/an-giang/huyen-cho-moi/xa-tan-my","Title":"Xã Tấn Mỹ","TinhThanhTitle":"An Giang","QuanHuyenTitle":"Huyện Chợ Mới","QuanHuyenID":489,"TinhThanhID":35,"Url":"https://thongtindoanhnghiep.co/api/company?l=/an-giang/huyen-cho-moi/xa-tan-my","Total":34,"List":[{"Type":11,"SolrID":"/1602058418-cong-ty-tnhh-tu-van-thuong-mai-dich-vu-xay-dung-kim-khanh","ID":0,"MaSoThue":"1602058418","NgayCap":"2017-12-18T00:00:00Z","Title":"Công Ty TNHH Tư Vấn Thương Mại Dịch Vụ Xây Dựng Kim Khánh","DiaChiCongTy":"Số 492, Tổ 20, Ấp Tấn Hưng, Xã Tấn Mỹ, Huyện Chợ Mới, Tỉnh An Giang","Created":"2017-12-18T07:58:53Z","Updated":"2017-12-18T07:58:53Z","IsDelete":false,"RequestChanged":false,"ExitsInGDT":false,"SourceID":0,"TinhThanhID":0,"TinhThanhTitle":"An Giang","TinhThanhTitleAscii":"/an-giang","QuanHuyenID":0,"NganhNgheTitle":"Xây dựng nhà các loại","NganhNgheTitleAscii":"/nganh-nghe/xay-dung-nha-cac-loai","DSTags":["1602058418","An Giang",null]},{"Type":11,"SolrID":"/1602048843-cong-ty-tnhh-mot-thanh-vien-thuong-mai-san-xuat-nam-hai-cho-moi","ID":0,"MaSoThue":"1602048843","NgayCap":"2017-08-30T00:00:00Z","Title":"Công Ty TNHH Một Thành Viên Thương Mại Sản Xuất Nam Hải Chợ Mới","DiaChiCongTy":"133A Ấp Tấn Hòa, Xã Tấn Mỹ, Huyện Chợ Mới, Tỉnh An Giang","Created":"2017-08-30T12:41:13Z","Updated":"2017-08-30T12:41:13Z","IsDelete":false,"RequestChanged":false,"ExitsInGDT":false,"SourceID":0,"TinhThanhID":0,"TinhThanhTitle":"An Giang","TinhThanhTitleAscii":"/an-giang","QuanHuyenID":0,"NganhNgheTitle":"Bán buôn nông, lâm sản nguyên liệu (trừ gỗ, tre, nứa) và động vật sống","NganhNgheTitleAscii":"/nganh-nghe/ban-buon-nong-lam-san-nguyen-lieu-tru-go-tre-nua-va-dong-vat-song","DSTags":["1602048843","An Giang",null]},{"Type":11,"SolrID":"/1602042880-doanh-nghiep-tn-khach-san-le-ngoc","ID":0,"MaSoThue":"1602042880","NgayCap":"2017-06-20T00:00:00Z","Title":"Doanh Nghiệp Tn Khách Sạn Lê Ngọc","DiaChiCongTy":"Ấp Tấn Lợi, Xã Tấn Mỹ, Huyện Chợ Mới, Tỉnh An Giang","Created":"2017-06-20T08:31:51Z","Updated":"2017-06-20T08:31:51Z","IsDelete":false,"RequestChanged":false,"ExitsInGDT":false,"SourceID":0,"TinhThanhID":0,"TinhThanhTitle":"An Giang","TinhThanhTitleAscii":"/an-giang","QuanHuyenID":0,"NganhNgheTitle":"Dịch vụ lưu trú ngắn ngày","NganhNgheTitleAscii":"/nganh-nghe/dich-vu-luu-tru-ngan-ngay","DSTags":["1602042880","An Giang",null]},{"Type":11,"SolrID":"/1602014160-cong-ty-cp-trun-que-an-giang","ID":0,"MaSoThue":"1602014160","NgayCap":"2016-07-12T00:00:00Z","Title":"Công Ty CP Trùn Quế An Giang","DiaChiCongTy":"185, Tổ 7, ấp Tấn Long - Xã Tấn Mỹ - Huyện Chợ Mới - An Giang","Created":"2016-07-14T11:45:55Z","Updated":"2016-09-10T22:40:51Z","IsDelete":false,"RequestChanged":false,"ExitsInGDT":false,"SourceID":0,"TinhThanhID":0,"TinhThanhTitle":"An Giang","TinhThanhTitleAscii":"/an-giang","QuanHuyenID":0,"DSTags":["1602014160","An Giang",null]},{"Type":11,"SolrID":"/1602012195-doanh-nghiep-tn-the-gioi-nuoc-toan-phuc","ID":0,"MaSoThue":"1602012195","NgayCap":"2016-06-09T00:00:00Z","Title":"Doanh Nghiệp TN Thế Giới Nước Toàn Phúc","DiaChiCongTy":"ấp Tấn Phước - Xã Tấn Mỹ - Huyện Chợ Mới - An Giang","Created":"2016-06-14T15:51:44Z","Updated":"2016-06-14T15:51:44Z","IsDelete":false,"RequestChanged":false,"ExitsInGDT":false,"SourceID":0,"TinhThanhID":0,"TinhThanhTitle":"An Giang","TinhThanhTitleAscii":"/an-giang","QuanHuyenID":0,"NganhNgheTitle":"Bán buôn đồ uống","NganhNgheTitleAscii":"/nganh-nghe/ban-buon-do-uong","DSTags":["1602012195","An Giang",null]},{"Type":11,"SolrID":"/1602010550-doanh-nghiep-tn-trang-tri-noi-that-kim-thao","ID":0,"MaSoThue":"1602010550","NgayCap":"2016-05-23T00:00:00Z","Title":"Doanh Nghiệp TN Trang Trí Nội Thất Kim Thảo","DiaChiCongTy":"Số 575, Tổ 24, ấp Tấn Phước - Xã Tấn Mỹ - Huyện Chợ Mới - An Giang","Created":"2016-05-26T10:27:56Z","Updated":"2016-05-26T10:27:56Z","IsDelete":false,"RequestChanged":false,"ExitsInGDT":false,"SourceID":0,"TinhThanhID":0,"TinhThanhTitle":"An Giang","TinhThanhTitleAscii":"/an-giang","QuanHuyenID":0,"NganhNgheTitle":"Bán buôn đồ dùng khác cho gia đình","NganhNgheTitleAscii":"/nganh-nghe/ban-buon-do-dung-khac-cho-gia-dinh","DSTags":["1602010550","An Giang",null]},{"Type":11,"SolrID":"/1602009146-cong-ty-tnhh-mot-thanh-vien-khai-thac-cat-hoang-phat","ID":0,"MaSoThue":"1602009146","NgayCap":"2016-05-13T00:00:00Z","Title":"Công Ty TNHH Một Thành Viên Khai Thác Cát Hoàng Phát","DiaChiCongTy":"Tố 6, ấp Tấn Hòa - Xã Tấn Mỹ - Huyện Chợ Mới - An Giang","Created":"2016-05-25T08:42:43Z","Updated":"2016-05-25T08:42:43Z","IsDelete":false,"RequestChanged":false,"ExitsInGDT":false,"SourceID":0,"TinhThanhID":0,"TinhThanhTitle":"An Giang","TinhThanhTitleAscii":"/an-giang","QuanHuyenID":0,"NganhNgheTitle":"Bán buôn vật liệu, thiết bị lắp đặt khác trong xây dựng","NganhNgheTitleAscii":"/nganh-nghe/ban-buon-vat-lieu-thiet-bi-lap-dat-khac-trong-xay-dung","DSTags":["1602009146","An Giang",null]},{"Type":11,"SolrID":"/1601972805-cong-ty-tnhh-mot-thanh-vien-hai-an-cho-moi","ID":0,"MaSoThue":"1601972805","NgayCap":"2015-05-20T00:00:00Z","Title":"Công Ty TNHH Một Thành Viên Hai ân Chợ Mới","DiaChiCongTy":"Số 192, Tổ 9, ấp Tấn Thạnh - Xã Tấn Mỹ - Huyện Chợ Mới - An Giang","Created":"2015-11-18T02:41:46Z","Updated":"2015-11-18T02:41:46Z","IsDelete":false,"RequestChanged":false,"ExitsInGDT":false,"SourceID":0,"TinhThanhID":0,"TinhThanhTitle":"An Giang","TinhThanhTitleAscii":"/an-giang","QuanHuyenID":0,"NganhNgheTitle":"Sản xuất sản phẩm khác từ gỗ; sản xuất sản phẩm từ tre, nứa, rơm, rạ và vật liệu tết bện","NganhNgheTitleAscii":"/nganh-nghe/san-xuat-san-pham-khac-tu-go-san-xuat-san-pham-tu-tre-nua-rom-ra-va-vat-lieu-tet-ben","DSTags":["1601972805","An Giang",null]},{"Type":11,"SolrID":"/1601946121-cong-ty-tnhh-nong-san-thuc-pham-bon-mua","ID":0,"MaSoThue":"1601946121","NgayCap":"2014-11-14T00:00:00Z","Title":"Công Ty TNHH Nông Sản Thực Phẩm Bốn Mùa","DiaChiCongTy":"Số 184/8, ấp Tấn Thuận - Xã Tấn Mỹ - Huyện Chợ Mới - An Giang","Created":"2015-11-11T06:20:05Z","Updated":"2015-11-11T06:20:05Z","IsDelete":false,"RequestChanged":false,"ExitsInGDT":false,"SourceID":0,"TinhThanhID":0,"TinhThanhTitle":"An Giang","TinhThanhTitleAscii":"/an-giang","QuanHuyenID":0,"NganhNgheTitle":"Bán buôn thực phẩm","NganhNgheTitleAscii":"/nganh-nghe/ban-buon-thuc-pham","DSTags":["1601946121","An Giang",null]},{"Type":11,"SolrID":"/1601944607-cong-ty-tnhh-mot-thanh-vien-le-quan-cho-moi","ID":0,"MaSoThue":"1601944607","NgayCap":"2014-10-31T00:00:00Z","Title":"Công Ty TNHH Một Thành Viên Lê Quân Chợ Mới","DiaChiCongTy":"Số 70, ấp Tấn Thạnh - Xã Tấn Mỹ - Huyện Chợ Mới - An Giang","Created":"2015-11-11T05:40:04Z","Updated":"2015-11-11T05:40:04Z","IsDelete":false,"RequestChanged":false,"ExitsInGDT":false,"SourceID":0,"TinhThanhID":0,"TinhThanhTitle":"An Giang","TinhThanhTitleAscii":"/an-giang","QuanHuyenID":0,"NganhNgheTitle":"Xây dựng nhà các loại","NganhNgheTitleAscii":"/nganh-nghe/xay-dung-nha-cac-loai","DSTags":["1601944607","An Giang",null]},{"Type":11,"SolrID":"/1601940401-cong-ty-tnhh-mot-thanh-vien-nguyen-diem-huy","ID":0,"MaSoThue":"1601940401","NgayCap":"2014-09-24T00:00:00Z","Title":"Công Ty TNHH Một Thành Viên Nguyễn Diễm Huy","DiaChiCongTy":"Số 555, Tổ 23, ấp Tấn Phước - Xã Tấn Mỹ - Huyện Chợ Mới - An Giang","Created":"2015-11-11T03:30:06Z","Updated":"2015-11-11T03:30:06Z","IsDelete":false,"RequestChanged":false,"ExitsInGDT":false,"SourceID":0,"TinhThanhID":0,"TinhThanhTitle":"An Giang","TinhThanhTitleAscii":"/an-giang","QuanHuyenID":0,"NganhNgheTitle":"Bán buôn vật liệu, thiết bị lắp đặt khác trong xây dựng","NganhNgheTitleAscii":"/nganh-nghe/ban-buon-vat-lieu-thiet-bi-lap-dat-khac-trong-xay-dung","DSTags":["1601940401","An Giang",null]},{"Type":11,"SolrID":"/1401971508-001-chi-nhanh-cong-ty-tnhh-quy-vinh-nga-tai-an-giang","ID":0,"MaSoThue":"1401971508-001","NgayCap":"2014-07-29T00:00:00Z","Title":"Chi Nhánh Công Ty TNHH Quý Vĩnh Nga Tại An Giang","DiaChiCongTy":"Số 227, Tổ 9, ấp Tấn Phước - Xã Tấn Mỹ - Huyện Chợ Mới - An Giang","Created":"2015-11-11T01:32:02Z","Updated":"2015-11-11T01:32:02Z","IsDelete":false,"RequestChanged":false,"ExitsInGDT":false,"SourceID":0,"TinhThanhID":0,"TinhThanhTitle":"An Giang","TinhThanhTitleAscii":"/an-giang","QuanHuyenID":0,"NganhNgheTitle":"Bán buôn chuyên doanh khác chưa được phân vào đâu","NganhNgheTitleAscii":"/nganh-nghe/ban-buon-chuyen-doanh-khac-chua-duoc-phan-vao-dau","DSTags":["1401971508-001","An Giang",null]},{"Type":11,"SolrID":"/1601909384-cong-ty-tnhh-san-xuat-dua-chua-truong-giang","ID":0,"MaSoThue":"1601909384","NgayCap":"2014-02-11T00:00:00Z","Title":"Công Ty TNHH Sản Xuất Dưa Chua Trường Giang","DiaChiCongTy":"Số 385, Tổ 15, ấp Tấn Phước - Xã Tấn Mỹ - Huyện Chợ Mới - An Giang","Created":"2015-11-09T18:04:01Z","Updated":"2015-11-09T18:04:01Z","IsDelete":false,"RequestChanged":false,"ExitsInGDT":false,"SourceID":0,"TinhThanhID":0,"TinhThanhTitle":"An Giang","TinhThanhTitleAscii":"/an-giang","QuanHuyenID":0,"NganhNgheTitle":"Sản xuất thực phẩm khác chưa được phân vào đâu","NganhNgheTitleAscii":"/nganh-nghe/san-xuat-thuc-pham-khac-chua-duoc-phan-vao-dau","DSTags":["1601909384","An Giang",null]},{"Type":11,"SolrID":"/1601576569-001-chi-nhanh-cong-ty-tnhh-mot-thanh-vien-tuong-phuong","ID":0,"MaSoThue":"1601576569-001","NgayCap":"2014-01-24T00:00:00Z","Title":"Chi Nhánh Công Ty TNHH Một Thành Viên Tường Phương","DiaChiCongTy":"ấp Tấn Hưng - Xã Tấn Mỹ - Huyện Chợ Mới - An Giang","Created":"2015-11-11T05:45:40Z","Updated":"2015-11-11T05:45:40Z","IsDelete":false,"RequestChanged":false,"ExitsInGDT":false,"SourceID":0,"TinhThanhID":0,"TinhThanhTitle":"An Giang","TinhThanhTitleAscii":"/an-giang","QuanHuyenID":0,"NganhNgheTitle":"Khai thác đá, cát, sỏi, đất sét","NganhNgheTitleAscii":"/nganh-nghe/khai-thac-da-cat-soi-dat-set","DSTags":["1601576569-001","An Giang",null]},{"Type":11,"SolrID":"/1601902614-cong-ty-tnhh-mot-thanh-vien-san-xuat-dua-chua-truong-giang","ID":0,"MaSoThue":"1601902614","NgayCap":"2013-12-31T00:00:00Z","Title":"Công Ty TNHH Một Thành Viên Sản Xuất Dưa Chua Trường Giang","DiaChiCongTy":"ấp Tấn Phước - Xã Tấn Mỹ - Huyện Chợ Mới - An Giang","Created":"2015-11-09T21:00:08Z","Updated":"2015-11-09T21:00:08Z","IsDelete":false,"RequestChanged":false,"ExitsInGDT":false,"SourceID":0,"TinhThanhID":0,"TinhThanhTitle":"An Giang","TinhThanhTitleAscii":"/an-giang","QuanHuyenID":0,"NganhNgheTitle":"Chế biến và bảo quản rau quả","NganhNgheTitleAscii":"/nganh-nghe/che-bien-va-bao-quan-rau-qua","DSTags":["1601902614","An Giang",null]},{"Type":11,"SolrID":"/1601845081-cong-ty-tnhh-mot-thanh-vien-nuoi-trong-thuy-san-an-giang-binh-an","ID":0,"MaSoThue":"1601845081","NgayCap":"2012-11-29T00:00:00Z","Title":"Công Ty TNHH Một Thành Viên Nuôi Trồng Thuỷ Sản An Giang - Bình An","DiaChiCongTy":"ấp Tấn Long - Xã Tấn Mỹ - Huyện Chợ Mới - An Giang","Created":"2015-11-09T12:36:24Z","Updated":"2015-11-09T12:36:24Z","IsDelete":false,"RequestChanged":false,"ExitsInGDT":false,"SourceID":0,"TinhThanhID":0,"TinhThanhTitle":"An Giang","TinhThanhTitleAscii":"/an-giang","QuanHuyenID":0,"NganhNgheTitle":"Nuôi trồng thuỷ sản nội địa","NganhNgheTitleAscii":"/nganh-nghe/nuoi-trong-thuy-san-noi-dia","DSTags":["1601845081","An Giang",null]},{"Type":11,"SolrID":"/1601670353-cong-ty-tnhh-mot-thanh-vien-ruseto","ID":0,"MaSoThue":"1601670353","NgayCap":"2012-03-12T00:00:00Z","Title":"Công Ty TNHH Một Thành Viên Ruseto","DiaChiCongTy":"ấp Tấn Phước - Xã Tấn Mỹ - Huyện Chợ Mới - An Giang","Created":"2015-11-10T01:43:57Z","Updated":"2015-11-10T01:43:57Z","IsDelete":false,"RequestChanged":false,"ExitsInGDT":false,"SourceID":0,"TinhThanhID":0,"TinhThanhTitle":"An Giang","TinhThanhTitleAscii":"/an-giang","QuanHuyenID":0,"NganhNgheTitle":"Sản xuất sản phẩm khác từ gỗ; sản xuất sản phẩm từ tre, nứa, rơm, rạ và vật liệu tết bện","NganhNgheTitleAscii":"/nganh-nghe/san-xuat-san-pham-khac-tu-go-san-xuat-san-pham-tu-tre-nua-rom-ra-va-vat-lieu-tet-ben","DSTags":["1601670353","An Giang",null]},{"Type":11,"SolrID":"/1601181257-001-chi-nhanh-dntn-linh-trung","ID":0,"MaSoThue":"1601181257-001","NgayCap":"2009-11-05T00:00:00Z","Title":"Chi nhánh DNTN Linh Trung","DiaChiCongTy":"ấp Tấn Hoà - Xã Tấn Mỹ - Huyện Chợ Mới - An Giang","Created":"2015-11-10T22:28:40Z","Updated":"2015-11-10T22:28:40Z","IsDelete":false,"RequestChanged":false,"ExitsInGDT":false,"SourceID":0,"TinhThanhID":0,"TinhThanhTitle":"An Giang","TinhThanhTitleAscii":"/an-giang","QuanHuyenID":0,"NganhNgheTitle":"Xây dựng công trình kỹ thuật dân dụng","NganhNgheTitleAscii":"/nganh-nghe/xay-dung-cong-trinh-ky-thuat-dan-dung","DSTags":["1601181257-001","An Giang",null]},{"Type":11,"SolrID":"/1601171731-dntn-phu-hai","ID":0,"MaSoThue":"1601171731","NgayCap":"2009-06-16T00:00:00Z","Title":"DNTN Phú Hải","DiaChiCongTy":"ấp Tấn Lợi, xã Tấn Mỹ - Huyện Chợ Mới - An Giang","Created":"2015-11-09T10:31:35Z","Updated":"2015-11-09T10:31:35Z","IsDelete":false,"RequestChanged":false,"ExitsInGDT":false,"SourceID":0,"TinhThanhID":0,"TinhThanhTitle":"An Giang","TinhThanhTitleAscii":"/an-giang","QuanHuyenID":0,"NganhNgheTitle":"Xây dựng công trình kỹ thuật dân dụng","NganhNgheTitleAscii":"/nganh-nghe/xay-dung-cong-trinh-ky-thuat-dan-dung","DSTags":["1601171731","An Giang",null]},{"Type":11,"SolrID":"/1600977984-002-chi-nhanh-cty-tnhh-mot-thanh-vien-duong-khang","ID":0,"MaSoThue":"1600977984-002","NgayCap":"2009-06-15T00:00:00Z","Title":"Chi nhánh Cty TNHH Một Thành Viên Dương Khang","DiaChiCongTy":"ấp Tấn Hưng, xã Tấn Mỹ - Huyện Chợ Mới - An Giang","Created":"2015-11-11T01:46:20Z","Updated":"2015-11-11T01:46:20Z","IsDelete":false,"RequestChanged":false,"ExitsInGDT":false,"SourceID":0,"TinhThanhID":0,"TinhThanhTitle":"An Giang","TinhThanhTitleAscii":"/an-giang","QuanHuyenID":0,"NganhNgheTitle":"Xây dựng công trình kỹ thuật dân dụng","NganhNgheTitleAscii":"/nganh-nghe/xay-dung-cong-trinh-ky-thuat-dan-dung","DSTags":["1600977984-002","An Giang",null]},{"Type":11,"SolrID":"/1800604806-003-chi-nhanh-cty-cp-thuy-san-binh-an-ttam-nuoi-trong-thuy-san-ii","ID":0,"MaSoThue":"1800604806-003","NgayCap":"2009-02-05T00:00:00Z","Title":"Chi nhánh Cty CP Thủy Sản Bình An TTâm Nuôi Trồng Thuỷ sản II","DiaChiCongTy":"ấp Tấn Long, xã Tấn Mỹ - Huyện Chợ Mới - An Giang","Created":"2015-11-11T07:31:13Z","Updated":"2015-11-11T07:31:13Z","IsDelete":false,"RequestChanged":false,"ExitsInGDT":false,"SourceID":0,"TinhThanhID":0,"TinhThanhTitle":"An Giang","TinhThanhTitleAscii":"/an-giang","QuanHuyenID":0,"NganhNgheTitle":"Khai thác, nuôi trồng thuỷ sản","NganhNgheTitleAscii":"/nganh-nghe/khai-thac-nuoi-trong-thuy-san","DSTags":["1800604806-003","An Giang",null]},{"Type":11,"SolrID":"/1600978297-doanh-nghiep-tn-thanh-phong","ID":0,"MaSoThue":"1600978297","NgayCap":"2008-09-25T00:00:00Z","Title":"Doanh Nghiệp TN Thanh Phong","DiaChiCongTy":"Xà lan AG-10801-H, Số 28/15, ấp Tấn Phước - Xã Tấn Mỹ - Huyện Chợ Mới - An Giang","Created":"2015-11-17T00:28:26Z","Updated":"2015-11-17T00:28:26Z","IsDelete":false,"RequestChanged":false,"ExitsInGDT":false,"SourceID":0,"TinhThanhID":0,"TinhThanhTitle":"An Giang","TinhThanhTitleAscii":"/an-giang","QuanHuyenID":0,"NganhNgheTitle":"Bán buôn nhiên liệu rắn, lỏng, khí và các sản phẩm liên quan","NganhNgheTitleAscii":"/nganh-nghe/ban-buon-nhien-lieu-ran-long-khi-va-cac-san-pham-lien-quan","DSTags":["1600978297","An Giang",null]},{"Type":11,"SolrID":"/1600966823-trung-tam-hoc-tap-cong-dong-xa-tan-my","ID":0,"MaSoThue":"1600966823","NgayCap":"2008-07-02T00:00:00Z","Title":"Trung Tâm Học Tập Cộng Đồng Xã Tấn Mỹ","DiaChiCongTy":"ấp An Phước, xã Tấn Mỹ - Huyện Chợ Mới - An Giang","Created":"2015-11-17T03:20:39Z","Updated":"2015-11-17T03:20:39Z","IsDelete":false,"RequestChanged":false,"ExitsInGDT":false,"SourceID":0,"TinhThanhID":0,"TinhThanhTitle":"An Giang","TinhThanhTitleAscii":"/an-giang","QuanHuyenID":0,"NganhNgheTitle":"Giáo dục nghề nghiệp","NganhNgheTitleAscii":"/nganh-nghe/giao-duc-nghe-nghiep","DSTags":["1600966823","An Giang",null]},{"Type":11,"SolrID":"/1600222285-dntn-kim-duyen","ID":0,"MaSoThue":"1600222285","NgayCap":"2004-09-24T00:00:00Z","Title":"DNTN Kim Duyên","DiaChiCongTy":"Tổ 18 ấp Tấn Phước, xã Tấn Mỹ - Huyện Chợ Mới - An Giang","Created":"2015-11-17T05:10:25Z","Updated":"2015-11-17T05:10:25Z","IsDelete":false,"RequestChanged":false,"ExitsInGDT":false,"SourceID":0,"TinhThanhID":0,"TinhThanhTitle":"An Giang","TinhThanhTitleAscii":"/an-giang","QuanHuyenID":0,"NganhNgheTitle":"Bán lẻ nhiên liệu động cơ trong các cửa hàng chuyên doanh","NganhNgheTitleAscii":"/nganh-nghe/ban-le-nhien-lieu-dong-co-trong-cac-cua-hang-chuyen-doanh","DSTags":["1600222285","An Giang",null]},{"Type":11,"SolrID":"/1600528900-dntn-pham-cong-minh","ID":0,"MaSoThue":"1600528900","NgayCap":"2004-06-08T00:00:00Z","Title":"DNTN Phạm Công Minh","DiaChiCongTy":"28/15 ấp Tân Phước, xã Tấn Mỹ - Huyện Chợ Mới - An Giang","Created":"2015-11-19T07:28:54Z","Updated":"2015-11-19T07:28:54Z","IsDelete":false,"RequestChanged":false,"ExitsInGDT":false,"SourceID":0,"TinhThanhID":0,"TinhThanhTitle":"An Giang","TinhThanhTitleAscii":"/an-giang","QuanHuyenID":0,"NganhNgheTitle":"Bán lẻ nhiên liệu động cơ trong các cửa hàng chuyên doanh","NganhNgheTitleAscii":"/nganh-nghe/ban-le-nhien-lieu-dong-co-trong-cac-cua-hang-chuyen-doanh","DSTags":["1600528900","An Giang",null]},{"Type":11,"SolrID":"/1600680077-doanh-nghiep-tn-pham-van-lua","ID":0,"MaSoThue":"1600680077","NgayCap":"2004-02-06T00:00:00Z","Title":"Doanh Nghiệp TN Phạm Văn Lụa","DiaChiCongTy":"Số 36/1, ấp Tấn Quới - Xã Tấn Mỹ - Huyện Chợ Mới - An Giang","Created":"2015-11-17T04:54:02Z","Updated":"2015-11-17T04:54:02Z","IsDelete":false,"RequestChanged":false,"ExitsInGDT":false,"SourceID":0,"TinhThanhID":0,"TinhThanhTitle":"An Giang","TinhThanhTitleAscii":"/an-giang","QuanHuyenID":0,"NganhNgheTitle":"Bán buôn nhiên liệu rắn, lỏng, khí và các sản phẩm liên quan","NganhNgheTitleAscii":"/nganh-nghe/ban-buon-nhien-lieu-ran-long-khi-va-cac-san-pham-lien-quan","DSTags":["1600680077","An Giang",null]},{"Type":11,"SolrID":"/1600365773-003-truong-trung-hoc-co-so-tan-my","ID":0,"MaSoThue":"1600365773-003","NgayCap":"1998-11-24T00:00:00Z","Title":"Trường Trung học cơ sở Tấn Mỹ","DiaChiCongTy":"ấp Tấn Bình, Xã Tấn Mỹ - Huyện Chợ Mới - An Giang","Created":"2015-11-17T19:48:00Z","Updated":"2015-11-17T19:48:00Z","IsDelete":false,"RequestChanged":false,"ExitsInGDT":false,"SourceID":0,"TinhThanhID":0,"TinhThanhTitle":"An Giang","TinhThanhTitleAscii":"/an-giang","QuanHuyenID":0,"NganhNgheTitle":"Giáo dục trung học cơ sở và trung học phổ thông","NganhNgheTitleAscii":"/nganh-nghe/giao-duc-trung-hoc-co-so-va-trung-hoc-pho-thong","DSTags":["1600365773-003","An Giang",null]},{"Type":11,"SolrID":"/1600366103-010-truong-mau-giao-tan-my","ID":0,"MaSoThue":"1600366103-010","NgayCap":"1998-11-24T00:00:00Z","Title":"Trường Mẫu giáo Tấn Mỹ","DiaChiCongTy":"ấp Tấn Thạnh, Xã Tấn mỹ - Huyện Chợ Mới - An Giang","Created":"2015-11-17T19:48:22Z","Updated":"2015-11-17T19:48:22Z","IsDelete":false,"RequestChanged":false,"ExitsInGDT":false,"SourceID":0,"TinhThanhID":0,"TinhThanhTitle":"An Giang","TinhThanhTitleAscii":"/an-giang","QuanHuyenID":0,"NganhNgheTitle":"Giáo dục mầm non","NganhNgheTitleAscii":"/nganh-nghe/giao-duc-mam-non","DSTags":["1600366103-010","An Giang",null]},{"Type":11,"SolrID":"/1600366103-038-truong-tieu-hoc-a-tan-my","ID":0,"MaSoThue":"1600366103-038","NgayCap":"1998-11-24T00:00:00Z","Title":"Trường Tiểu học A Tấn Mỹ","DiaChiCongTy":"ấp Tấn Bình, Xã Tấn Mỹ - Huyện Chợ Mới - An Giang","Created":"2015-11-17T19:48:52Z","Updated":"2015-11-17T19:48:52Z","IsDelete":false,"RequestChanged":false,"ExitsInGDT":false,"SourceID":0,"TinhThanhID":0,"TinhThanhTitle":"An Giang","TinhThanhTitleAscii":"/an-giang","QuanHuyenID":0,"NganhNgheTitle":"Giáo dục tiểu học","NganhNgheTitleAscii":"/nganh-nghe/giao-duc-tieu-hoc","DSTags":["1600366103-038","An Giang",null]},{"Type":11,"SolrID":"/1600366103-039-truong-tieu-hoc-b-tan-my","ID":0,"MaSoThue":"1600366103-039","NgayCap":"1998-11-24T00:00:00Z","Title":"Trường Tiểu học B Tấn Mỹ","DiaChiCongTy":"ấp Tấn Thạnh, Xã Tấn Mỹ - Huyện Chợ Mới - An Giang","Created":"2015-11-17T19:48:53Z","Updated":"2015-11-17T19:48:53Z","IsDelete":false,"RequestChanged":false,"ExitsInGDT":false,"SourceID":0,"TinhThanhID":0,"TinhThanhTitle":"An Giang","TinhThanhTitleAscii":"/an-giang","QuanHuyenID":0,"NganhNgheTitle":"Giáo dục tiểu học","NganhNgheTitleAscii":"/nganh-nghe/giao-duc-tieu-hoc","DSTags":["1600366103-039","An Giang",null]},{"Type":11,"SolrID":"/1600366103-040-truong-tieu-hoc-c-tan-my","ID":0,"MaSoThue":"1600366103-040","NgayCap":"1998-11-24T00:00:00Z","Title":"Trường Tiểu Học C Tấn Mỹ","DiaChiCongTy":"ấp Tấn Long,Xã Tấn Mỹ - Huyện Chợ Mới - An Giang","Created":"2015-11-17T19:48:53Z","Updated":"2015-11-17T19:48:53Z","IsDelete":false,"RequestChanged":false,"ExitsInGDT":false,"SourceID":0,"TinhThanhID":0,"TinhThanhTitle":"An Giang","TinhThanhTitleAscii":"/an-giang","QuanHuyenID":0,"NganhNgheTitle":"Giáo dục tiểu học","NganhNgheTitleAscii":"/nganh-nghe/giao-duc-tieu-hoc","DSTags":["1600366103-040","An Giang",null]},{"Type":11,"SolrID":"/1600366103-041-truong-tieu-hoc-d-tan-my","ID":0,"MaSoThue":"1600366103-041","NgayCap":"1998-11-24T00:00:00Z","Title":"Trường Tiểu Học D Tấn Mỹ","DiaChiCongTy":"ấp Tấn Hoà, Xã Tấn Mỹ - Huyện Chợ Mới - An Giang","Created":"2015-11-17T19:48:54Z","Updated":"2015-11-17T19:48:54Z","IsDelete":false,"RequestChanged":false,"ExitsInGDT":false,"SourceID":0,"TinhThanhID":0,"TinhThanhTitle":"An Giang","TinhThanhTitleAscii":"/an-giang","QuanHuyenID":0,"NganhNgheTitle":"Giáo dục tiểu học","NganhNgheTitleAscii":"/nganh-nghe/giao-duc-tieu-hoc","DSTags":["1600366103-041","An Giang",null]},{"Type":11,"SolrID":"/1600366103-042-truong-tieu-hoc-e-tan-my","ID":0,"MaSoThue":"1600366103-042","NgayCap":"1998-11-24T00:00:00Z","Title":"Trường Tiểu Học E Tấn Mỹ","DiaChiCongTy":"ấp Tấn Phước, Xã Tấn Mỹ - Huyện Chợ Mới - An Giang","Created":"2015-11-17T19:48:55Z","Updated":"2015-11-17T19:48:55Z","IsDelete":false,"RequestChanged":false,"ExitsInGDT":false,"SourceID":0,"TinhThanhID":0,"TinhThanhTitle":"An Giang","TinhThanhTitleAscii":"/an-giang","QuanHuyenID":0,"NganhNgheTitle":"Giáo dục tiểu học","NganhNgheTitleAscii":"/nganh-nghe/giao-duc-tieu-hoc","DSTags":["1600366103-042","An Giang",null]},{"Type":11,"SolrID":"/1600366287-ubnd-xa-tan-my","ID":0,"MaSoThue":"1600366287","NgayCap":"1998-10-31T00:00:00Z","Title":"UBND xã Tấn Mỹ","DiaChiCongTy":"Xã Tấn Mỹ - Huyện Chợ Mới - An Giang","Created":"2015-11-14T17:24:05Z","Updated":"2015-11-14T17:24:05Z","IsDelete":false,"RequestChanged":false,"ExitsInGDT":false,"SourceID":0,"TinhThanhID":0,"TinhThanhTitle":"An Giang","TinhThanhTitleAscii":"/an-giang","QuanHuyenID":0,"NganhNgheTitle":"Hoạt động quản lý nhà nước nói chung và kinh tế tổng hợp","NganhNgheTitleAscii":"/nganh-nghe/hoat-dong-quan-ly-nha-nuoc-noi-chung-va-kinh-te-tong-hop","DSTags":["1600366287","An Giang",null]}]}